2026-09-08T16:08:29.984+01:00 INFO : Running with CPU support: 1 threads
2026-09-08T16:08:29.984+01:00 INFO : Reading Frames
2026-09-08T16:08:33.402+01:00 INFO : Highpass Filtering
2026-09-08T16:08:33.854+01:00 INFO : Resampling data
2026-09-08T16:08:33.866+01:00 INFO : Converting to float32
/home/xangma/pycbc-torch-precision-validation-20260908/corrected-baseline-campaign/proposed/pycbc/types/array.py:872: RuntimeWarning: divide by zero encountered in divide
  return self._data.__rtruediv__(other)
2026-09-08T16:08:37.408+01:00 INFO : Highpass Filtering
2026-09-08T16:08:37.854+01:00 INFO : Remove Padding
2026-09-08T16:08:37.877+01:00 INFO : Making frequency-domain data segments
2026-09-08T16:08:40.397+01:00 INFO : Overwhitening frequency-domain data segments
2026-09-08T16:08:40.417+01:00 INFO : Read in template bank
2026-09-08T16:08:40.427+01:00 INFO : Full template bank size: 384
2026-09-08T16:08:40.427+01:00 INFO : Template bank size after thinning: 384
2026-09-08T16:08:40.431+01:00 INFO : 0: generating IMRPhenomD from 30.0 Hz
2026-09-08T16:08:40.434+01:00 INFO : Decompressing waveform using inline_linear
2026-09-08T16:08:40.440+01:00 INFO : Filtering template 1/384 segment 1/5
2026-09-08T16:08:40.485+01:00 INFO : 1 points above threshold
2026-09-08T16:08:40.506+01:00 INFO : Filtering template 1/384 segment 2/5
2026-09-08T16:08:40.524+01:00 INFO : Filtering template 1/384 segment 3/5
2026-09-08T16:08:40.541+01:00 INFO : 1 points above threshold
2026-09-08T16:08:40.547+01:00 INFO : Filtering template 1/384 segment 4/5
2026-09-08T16:08:40.564+01:00 INFO : Filtering template 1/384 segment 5/5
2026-09-08T16:08:40.582+01:00 INFO : 1 points above threshold
2026-09-08T16:08:40.587+01:00 INFO : 1: generating IMRPhenomD from 30.0 Hz
2026-09-08T16:08:40.590+01:00 INFO : Decompressing waveform using inline_linear
2026-09-08T16:08:40.595+01:00 INFO : Filtering template 2/384 segment 1/5
2026-09-08T16:08:40.615+01:00 INFO : 1 points above threshold
2026-09-08T16:08:40.632+01:00 INFO : Filtering template 2/384 segment 2/5
2026-09-08T16:08:40.650+01:00 INFO : 1 points above threshold
2026-09-08T16:08:40.655+01:00 INFO : Filtering template 2/384 segment 3/5
2026-09-08T16:08:40.673+01:00 INFO : 2 points above threshold
2026-09-08T16:08:40.680+01:00 INFO : Filtering template 2/384 segment 4/5
2026-09-08T16:08:40.697+01:00 INFO : Filtering template 2/384 segment 5/5
2026-09-08T16:08:40.715+01:00 INFO : 1 points above threshold
2026-09-08T16:08:40.720+01:00 INFO : 2: generating IMRPhenomD from 30.0 Hz
2026-09-08T16:08:40.723+01:00 INFO : Decompressing waveform using inline_linear
2026-09-08T16:08:40.728+01:00 INFO : Filtering template 3/384 segment 1/5
2026-09-08T16:08:40.748+01:00 INFO : 3 points above threshold
2026-09-08T16:08:40.767+01:00 INFO : Filtering template 3/384 segment 2/5
2026-09-08T16:08:40.784+01:00 INFO : Filtering template 3/384 segment 3/5
2026-09-08T16:08:40.802+01:00 INFO : 1 points above threshold
2026-09-08T16:08:40.807+01:00 INFO : Filtering template 3/384 segment 4/5
2026-09-08T16:08:40.825+01:00 INFO : 1 points above threshold
2026-09-08T16:08:40.830+01:00 INFO : Filtering template 3/384 segment 5/5
2026-09-08T16:08:40.848+01:00 INFO : 3: generating IMRPhenomD from 30.0 Hz
2026-09-08T16:08:40.851+01:00 INFO : Decompressing waveform using inline_linear
2026-09-08T16:08:40.855+01:00 INFO : Filtering template 4/384 segment 1/5
2026-09-08T16:08:40.875+01:00 INFO : 1 points above threshold
2026-09-08T16:08:40.891+01:00 INFO : Filtering template 4/384 segment 2/5
2026-09-08T16:08:40.908+01:00 INFO : 1 points above threshold
2026-09-08T16:08:40.913+01:00 INFO : Filtering template 4/384 segment 3/5
2026-09-08T16:08:40.931+01:00 INFO : 2 points above threshold
2026-09-08T16:08:40.938+01:00 INFO : Filtering template 4/384 segment 4/5
2026-09-08T16:08:40.955+01:00 INFO : 2 points above threshold
2026-09-08T16:08:40.962+01:00 INFO : Filtering template 4/384 segment 5/5
2026-09-08T16:08:40.980+01:00 INFO : 2 points above threshold
2026-09-08T16:08:40.987+01:00 INFO : 4: generating IMRPhenomD from 30.0 Hz
2026-09-08T16:08:40.990+01:00 INFO : Decompressing waveform using inline_linear
2026-09-08T16:08:40.995+01:00 INFO : Filtering template 5/384 segment 1/5
2026-09-08T16:08:41.015+01:00 INFO : 1 points above threshold
2026-09-08T16:08:41.030+01:00 INFO : Filtering template 5/384 segment 2/5
2026-09-08T16:08:41.048+01:00 INFO : 2 points above threshold
2026-09-08T16:08:41.055+01:00 INFO : Filtering template 5/384 segment 3/5
2026-09-08T16:08:41.072+01:00 INFO : 2 points above threshold
2026-09-08T16:08:41.079+01:00 INFO : Filtering template 5/384 segment 4/5
2026-09-08T16:08:41.097+01:00 INFO : 2 points above threshold
2026-09-08T16:08:41.104+01:00 INFO : Filtering template 5/384 segment 5/5
2026-09-08T16:08:41.122+01:00 INFO : 5: generating IMRPhenomD from 30.0 Hz
2026-09-08T16:08:41.125+01:00 INFO : Decompressing waveform using inline_linear
2026-09-08T16:08:41.129+01:00 INFO : Filtering template 6/384 segment 1/5
2026-09-08T16:08:41.149+01:00 INFO : 1 points above threshold
2026-09-08T16:08:41.164+01:00 INFO : Filtering template 6/384 segment 2/5
2026-09-08T16:08:41.182+01:00 INFO : Filtering template 6/384 segment 3/5
2026-09-08T16:08:41.200+01:00 INFO : Filtering template 6/384 segment 4/5
2026-09-08T16:08:41.217+01:00 INFO : Filtering template 6/384 segment 5/5
2026-09-08T16:08:41.235+01:00 INFO : 1 points above threshold
2026-09-08T16:08:41.240+01:00 INFO : 6: generating IMRPhenomD from 30.0 Hz
2026-09-08T16:08:41.243+01:00 INFO : Decompressing waveform using inline_linear
2026-09-08T16:08:41.248+01:00 INFO : Filtering template 7/384 segment 1/5
2026-09-08T16:08:41.267+01:00 INFO : 2 points above threshold
2026-09-08T16:08:41.285+01:00 INFO : Filtering template 7/384 segment 2/5
2026-09-08T16:08:41.302+01:00 INFO : Filtering template 7/384 segment 3/5
2026-09-08T16:08:41.320+01:00 INFO : Filtering template 7/384 segment 4/5
2026-09-08T16:08:41.338+01:00 INFO : 1 points above threshold
2026-09-08T16:08:41.343+01:00 INFO : Filtering template 7/384 segment 5/5
2026-09-08T16:08:41.361+01:00 INFO : 7: generating IMRPhenomD from 30.0 Hz
2026-09-08T16:08:41.363+01:00 INFO : Decompressing waveform using inline_linear
2026-09-08T16:08:41.368+01:00 INFO : Filtering template 8/384 segment 1/5
2026-09-08T16:08:41.391+01:00 INFO : 2 points above threshold
2026-09-08T16:08:41.409+01:00 INFO : Filtering template 8/384 segment 2/5
2026-09-08T16:08:41.427+01:00 INFO : 1 points above threshold
2026-09-08T16:08:41.433+01:00 INFO : Filtering template 8/384 segment 3/5
2026-09-08T16:08:41.453+01:00 INFO : 4 points above threshold
2026-09-08T16:08:41.462+01:00 INFO : Filtering template 8/384 segment 4/5
2026-09-08T16:08:41.483+01:00 INFO : Filtering template 8/384 segment 5/5
2026-09-08T16:08:41.501+01:00 INFO : 8: generating IMRPhenomD from 30.0 Hz
2026-09-08T16:08:41.504+01:00 INFO : Decompressing waveform using inline_linear
2026-09-08T16:08:41.509+01:00 INFO : Filtering template 9/384 segment 1/5
2026-09-08T16:08:41.528+01:00 INFO : Filtering template 9/384 segment 2/5
2026-09-08T16:08:41.546+01:00 INFO : 1 points above threshold
2026-09-08T16:08:41.562+01:00 INFO : Filtering template 9/384 segment 3/5
2026-09-08T16:08:41.580+01:00 INFO : 2 points above threshold
2026-09-08T16:08:41.587+01:00 INFO : Filtering template 9/384 segment 4/5
2026-09-08T16:08:41.604+01:00 INFO : 1 points above threshold
2026-09-08T16:08:41.609+01:00 INFO : Filtering template 9/384 segment 5/5
2026-09-08T16:08:41.627+01:00 INFO : 3 points above threshold
2026-09-08T16:08:41.636+01:00 INFO : 9: generating IMRPhenomD from 30.0 Hz
2026-09-08T16:08:41.639+01:00 INFO : Decompressing waveform using inline_linear
2026-09-08T16:08:41.644+01:00 INFO : Filtering template 10/384 segment 1/5
2026-09-08T16:08:41.663+01:00 INFO : 1 points above threshold
2026-09-08T16:08:41.679+01:00 INFO : Filtering template 10/384 segment 2/5
2026-09-08T16:08:41.696+01:00 INFO : 1 points above threshold
2026-09-08T16:08:41.701+01:00 INFO : Filtering template 10/384 segment 3/5
2026-09-08T16:08:41.719+01:00 INFO : Filtering template 10/384 segment 4/5
2026-09-08T16:08:41.737+01:00 INFO : 2 points above threshold
2026-09-08T16:08:41.744+01:00 INFO : Filtering template 10/384 segment 5/5
2026-09-08T16:08:41.761+01:00 INFO : 1 points above threshold
2026-09-08T16:08:41.766+01:00 INFO : 10: generating IMRPhenomD from 30.0 Hz
2026-09-08T16:08:41.769+01:00 INFO : Decompressing waveform using inline_linear
2026-09-08T16:08:41.774+01:00 INFO : Filtering template 11/384 segment 1/5
2026-09-08T16:08:41.794+01:00 INFO : 2 points above threshold
2026-09-08T16:08:41.811+01:00 INFO : Filtering template 11/384 segment 2/5
2026-09-08T16:08:41.829+01:00 INFO : Filtering template 11/384 segment 3/5
2026-09-08T16:08:41.846+01:00 INFO : 1 points above threshold
2026-09-08T16:08:41.851+01:00 INFO : Filtering template 11/384 segment 4/5
2026-09-08T16:08:41.869+01:00 INFO : 1 points above threshold
2026-09-08T16:08:41.874+01:00 INFO : Filtering template 11/384 segment 5/5
2026-09-08T16:08:41.892+01:00 INFO : 1 points above threshold
2026-09-08T16:08:41.897+01:00 INFO : 11: generating IMRPhenomD from 30.0 Hz
2026-09-08T16:08:41.900+01:00 INFO : Decompressing waveform using inline_linear
2026-09-08T16:08:41.905+01:00 INFO : Filtering template 12/384 segment 1/5
2026-09-08T16:08:41.925+01:00 INFO : Filtering template 12/384 segment 2/5
2026-09-08T16:08:41.942+01:00 INFO : 1 points above threshold
2026-09-08T16:08:41.958+01:00 INFO : Filtering template 12/384 segment 3/5
2026-09-08T16:08:41.975+01:00 INFO : Filtering template 12/384 segment 4/5
2026-09-08T16:08:41.993+01:00 INFO : 1 points above threshold
2026-09-08T16:08:41.998+01:00 INFO : Filtering template 12/384 segment 5/5
2026-09-08T16:08:42.016+01:00 INFO : 1 points above threshold
2026-09-08T16:08:42.021+01:00 INFO : 12: generating IMRPhenomD from 30.0 Hz
2026-09-08T16:08:42.024+01:00 INFO : Decompressing waveform using inline_linear
2026-09-08T16:08:42.029+01:00 INFO : Filtering template 13/384 segment 1/5
2026-09-08T16:08:42.049+01:00 INFO : 1 points above threshold
2026-09-08T16:08:42.064+01:00 INFO : Filtering template 13/384 segment 2/5
2026-09-08T16:08:42.082+01:00 INFO : Filtering template 13/384 segment 3/5
2026-09-08T16:08:42.100+01:00 INFO : 2 points above threshold
2026-09-08T16:08:42.107+01:00 INFO : Filtering template 13/384 segment 4/5
2026-09-08T16:08:42.124+01:00 INFO : Filtering template 13/384 segment 5/5
2026-09-08T16:08:42.142+01:00 INFO : 2 points above threshold
2026-09-08T16:08:42.149+01:00 INFO : 13: generating IMRPhenomD from 30.0 Hz
2026-09-08T16:08:42.152+01:00 INFO : Decompressing waveform using inline_linear
2026-09-08T16:08:42.157+01:00 INFO : Filtering template 14/384 segment 1/5
2026-09-08T16:08:42.176+01:00 INFO : 2 points above threshold
2026-09-08T16:08:42.193+01:00 INFO : Filtering template 14/384 segment 2/5
2026-09-08T16:08:42.211+01:00 INFO : 1 points above threshold
2026-09-08T16:08:42.216+01:00 INFO : Filtering template 14/384 segment 3/5
2026-09-08T16:08:42.234+01:00 INFO : 2 points above threshold
2026-09-08T16:08:42.241+01:00 INFO : Filtering template 14/384 segment 4/5
2026-09-08T16:08:42.258+01:00 INFO : 2 points above threshold
2026-09-08T16:08:42.265+01:00 INFO : Filtering template 14/384 segment 5/5
2026-09-08T16:08:42.283+01:00 INFO : 3 points above threshold
2026-09-08T16:08:42.292+01:00 INFO : 14: generating IMRPhenomD from 30.0 Hz
2026-09-08T16:08:42.295+01:00 INFO : Decompressing waveform using inline_linear
2026-09-08T16:08:42.299+01:00 INFO : Filtering template 15/384 segment 1/5
2026-09-08T16:08:42.319+01:00 INFO : Filtering template 15/384 segment 2/5
2026-09-08T16:08:42.337+01:00 INFO : 3 points above threshold
2026-09-08T16:08:42.356+01:00 INFO : Filtering template 15/384 segment 3/5
2026-09-08T16:08:42.373+01:00 INFO : 1 points above threshold
2026-09-08T16:08:42.379+01:00 INFO : Filtering template 15/384 segment 4/5
2026-09-08T16:08:42.396+01:00 INFO : Filtering template 15/384 segment 5/5
2026-09-08T16:08:42.414+01:00 INFO : 1 points above threshold
2026-09-08T16:08:42.419+01:00 INFO : 15: generating IMRPhenomD from 30.0 Hz
2026-09-08T16:08:42.422+01:00 INFO : Decompressing waveform using inline_linear
2026-09-08T16:08:42.427+01:00 INFO : Filtering template 16/384 segment 1/5
2026-09-08T16:08:42.447+01:00 INFO : 3 points above threshold
2026-09-08T16:08:42.466+01:00 INFO : Filtering template 16/384 segment 2/5
2026-09-08T16:08:42.483+01:00 INFO : 1 points above threshold
2026-09-08T16:08:42.488+01:00 INFO : Filtering template 16/384 segment 3/5
2026-09-08T16:08:42.506+01:00 INFO : 3 points above threshold
2026-09-08T16:08:42.515+01:00 INFO : Filtering template 16/384 segment 4/5
2026-09-08T16:08:42.533+01:00 INFO : Filtering template 16/384 segment 5/5
2026-09-08T16:08:42.551+01:00 INFO : 16: generating IMRPhenomD from 30.0 Hz
2026-09-08T16:08:42.553+01:00 INFO : Decompressing waveform using inline_linear
2026-09-08T16:08:42.558+01:00 INFO : Filtering template 17/384 segment 1/5
2026-09-08T16:08:42.578+01:00 INFO : 1 points above threshold
2026-09-08T16:08:42.593+01:00 INFO : Filtering template 17/384 segment 2/5
2026-09-08T16:08:42.611+01:00 INFO : 1 points above threshold
2026-09-08T16:08:42.616+01:00 INFO : Filtering template 17/384 segment 3/5
2026-09-08T16:08:42.634+01:00 INFO : 2 points above threshold
2026-09-08T16:08:42.641+01:00 INFO : Filtering template 17/384 segment 4/5
2026-09-08T16:08:42.658+01:00 INFO : 1 points above threshold
2026-09-08T16:08:42.664+01:00 INFO : Filtering template 17/384 segment 5/5
2026-09-08T16:08:42.681+01:00 INFO : 1 points above threshold
2026-09-08T16:08:42.687+01:00 INFO : 17: generating IMRPhenomD from 30.0 Hz
2026-09-08T16:08:42.689+01:00 INFO : Decompressing waveform using inline_linear
2026-09-08T16:08:42.694+01:00 INFO : Filtering template 18/384 segment 1/5
2026-09-08T16:08:42.714+01:00 INFO : 1 points above threshold
2026-09-08T16:08:42.729+01:00 INFO : Filtering template 18/384 segment 2/5
2026-09-08T16:08:42.747+01:00 INFO : 1 points above threshold
2026-09-08T16:08:42.752+01:00 INFO : Filtering template 18/384 segment 3/5
2026-09-08T16:08:42.769+01:00 INFO : 1 points above threshold
2026-09-08T16:08:42.774+01:00 INFO : Filtering template 18/384 segment 4/5
2026-09-08T16:08:42.792+01:00 INFO : 1 points above threshold
2026-09-08T16:08:42.800+01:00 INFO : Filtering template 18/384 segment 5/5
2026-09-08T16:08:42.817+01:00 INFO : 1 points above threshold
2026-09-08T16:08:42.823+01:00 INFO : 18: generating IMRPhenomD from 30.0 Hz
2026-09-08T16:08:42.826+01:00 INFO : Decompressing waveform using inline_linear
2026-09-08T16:08:42.830+01:00 INFO : Filtering template 19/384 segment 1/5
2026-09-08T16:08:42.850+01:00 INFO : 2 points above threshold
2026-09-08T16:08:42.867+01:00 INFO : Filtering template 19/384 segment 2/5
2026-09-08T16:08:42.885+01:00 INFO : 2 points above threshold
2026-09-08T16:08:42.892+01:00 INFO : Filtering template 19/384 segment 3/5
2026-09-08T16:08:42.909+01:00 INFO : 4 points above threshold
2026-09-08T16:08:42.918+01:00 INFO : Filtering template 19/384 segment 4/5
2026-09-08T16:08:42.935+01:00 INFO : Filtering template 19/384 segment 5/5
2026-09-08T16:08:42.953+01:00 INFO : 1 points above threshold
2026-09-08T16:08:42.958+01:00 INFO : 19: generating IMRPhenomD from 30.0 Hz
2026-09-08T16:08:42.961+01:00 INFO : Decompressing waveform using inline_linear
2026-09-08T16:08:42.966+01:00 INFO : Filtering template 20/384 segment 1/5
2026-09-08T16:08:42.986+01:00 INFO : Filtering template 20/384 segment 2/5
2026-09-08T16:08:43.003+01:00 INFO : 1 points above threshold
2026-09-08T16:08:43.019+01:00 INFO : Filtering template 20/384 segment 3/5
2026-09-08T16:08:43.036+01:00 INFO : 1 points above threshold
2026-09-08T16:08:43.041+01:00 INFO : Filtering template 20/384 segment 4/5
2026-09-08T16:08:43.059+01:00 INFO : 1 points above threshold
2026-09-08T16:08:43.064+01:00 INFO : Filtering template 20/384 segment 5/5
2026-09-08T16:08:43.082+01:00 INFO : 20: generating IMRPhenomD from 30.0 Hz
2026-09-08T16:08:43.085+01:00 INFO : Decompressing waveform using inline_linear
2026-09-08T16:08:43.090+01:00 INFO : Filtering template 21/384 segment 1/5
2026-09-08T16:08:43.109+01:00 INFO : Filtering template 21/384 segment 2/5
2026-09-08T16:08:43.127+01:00 INFO : Filtering template 21/384 segment 3/5
2026-09-08T16:08:43.145+01:00 INFO : 3 points above threshold
2026-09-08T16:08:43.164+01:00 INFO : Filtering template 21/384 segment 4/5
2026-09-08T16:08:43.182+01:00 INFO : 1 points above threshold
2026-09-08T16:08:43.187+01:00 INFO : Filtering template 21/384 segment 5/5
2026-09-08T16:08:43.204+01:00 INFO : 1 points above threshold
2026-09-08T16:08:43.210+01:00 INFO : 21: generating IMRPhenomD from 30.0 Hz
2026-09-08T16:08:43.213+01:00 INFO : Decompressing waveform using inline_linear
2026-09-08T16:08:43.217+01:00 INFO : Filtering template 22/384 segment 1/5
2026-09-08T16:08:43.237+01:00 INFO : Filtering template 22/384 segment 2/5
2026-09-08T16:08:43.255+01:00 INFO : 2 points above threshold
2026-09-08T16:08:43.272+01:00 INFO : Filtering template 22/384 segment 3/5
2026-09-08T16:08:43.289+01:00 INFO : 2 points above threshold
2026-09-08T16:08:43.296+01:00 INFO : Filtering template 22/384 segment 4/5
2026-09-08T16:08:43.314+01:00 INFO : 1 points above threshold
2026-09-08T16:08:43.319+01:00 INFO : Filtering template 22/384 segment 5/5
2026-09-08T16:08:43.336+01:00 INFO : 1 points above threshold
2026-09-08T16:08:43.342+01:00 INFO : 22: generating IMRPhenomD from 30.0 Hz
2026-09-08T16:08:43.344+01:00 INFO : Decompressing waveform using inline_linear
2026-09-08T16:08:43.349+01:00 INFO : Filtering template 23/384 segment 1/5
2026-09-08T16:08:43.369+01:00 INFO : Filtering template 23/384 segment 2/5
2026-09-08T16:08:43.387+01:00 INFO : 3 points above threshold
2026-09-08T16:08:43.406+01:00 INFO : Filtering template 23/384 segment 3/5
2026-09-08T16:08:43.423+01:00 INFO : 1 points above threshold
2026-09-08T16:08:43.428+01:00 INFO : Filtering template 23/384 segment 4/5
2026-09-08T16:08:43.446+01:00 INFO : Filtering template 23/384 segment 5/5
2026-09-08T16:08:43.464+01:00 INFO : 23: generating IMRPhenomD from 30.0 Hz
2026-09-08T16:08:43.475+01:00 INFO : Decompressing waveform using inline_linear
2026-09-08T16:08:43.479+01:00 INFO : Filtering template 24/384 segment 1/5
2026-09-08T16:08:43.505+01:00 INFO : 4 points above threshold
2026-09-08T16:08:43.526+01:00 INFO : Filtering template 24/384 segment 2/5
2026-09-08T16:08:43.544+01:00 INFO : 1 points above threshold
2026-09-08T16:08:43.550+01:00 INFO : Filtering template 24/384 segment 3/5
2026-09-08T16:08:43.567+01:00 INFO : 3 points above threshold
2026-09-08T16:08:43.577+01:00 INFO : Filtering template 24/384 segment 4/5
2026-09-08T16:08:43.594+01:00 INFO : 2 points above threshold
2026-09-08T16:08:43.601+01:00 INFO : Filtering template 24/384 segment 5/5
2026-09-08T16:08:43.619+01:00 INFO : 24: generating IMRPhenomD from 30.0 Hz
2026-09-08T16:08:43.622+01:00 INFO : Decompressing waveform using inline_linear
2026-09-08T16:08:43.627+01:00 INFO : Filtering template 25/384 segment 1/5
2026-09-08T16:08:43.646+01:00 INFO : 3 points above threshold
2026-09-08T16:08:43.667+01:00 INFO : Filtering template 25/384 segment 2/5
2026-09-08T16:08:43.685+01:00 INFO : Filtering template 25/384 segment 3/5
2026-09-08T16:08:43.702+01:00 INFO : Filtering template 25/384 segment 4/5
2026-09-08T16:08:43.720+01:00 INFO : 2 points above threshold
2026-09-08T16:08:43.727+01:00 INFO : Filtering template 25/384 segment 5/5
2026-09-08T16:08:43.745+01:00 INFO : 25: generating IMRPhenomD from 30.0 Hz
2026-09-08T16:08:43.748+01:00 INFO : Decompressing waveform using inline_linear
2026-09-08T16:08:43.753+01:00 INFO : Filtering template 26/384 segment 1/5
2026-09-08T16:08:43.772+01:00 INFO : 2 points above threshold
2026-09-08T16:08:43.789+01:00 INFO : Filtering template 26/384 segment 2/5
2026-09-08T16:08:43.807+01:00 INFO : 1 points above threshold
2026-09-08T16:08:43.812+01:00 INFO : Filtering template 26/384 segment 3/5
2026-09-08T16:08:43.830+01:00 INFO : 2 points above threshold
2026-09-08T16:08:43.836+01:00 INFO : Filtering template 26/384 segment 4/5
2026-09-08T16:08:43.854+01:00 INFO : Filtering template 26/384 segment 5/5
2026-09-08T16:08:43.872+01:00 INFO : 1 points above threshold
2026-09-08T16:08:43.877+01:00 INFO : 26: generating IMRPhenomD from 30.0 Hz
2026-09-08T16:08:43.880+01:00 INFO : Decompressing waveform using inline_linear
2026-09-08T16:08:43.885+01:00 INFO : Filtering template 27/384 segment 1/5
2026-09-08T16:08:43.905+01:00 INFO : 1 points above threshold
2026-09-08T16:08:43.920+01:00 INFO : Filtering template 27/384 segment 2/5
2026-09-08T16:08:43.937+01:00 INFO : 4 points above threshold
2026-09-08T16:08:43.946+01:00 INFO : Filtering template 27/384 segment 3/5
2026-09-08T16:08:43.963+01:00 INFO : 1 points above threshold
2026-09-08T16:08:43.969+01:00 INFO : Filtering template 27/384 segment 4/5
2026-09-08T16:08:43.986+01:00 INFO : 1 points above threshold
2026-09-08T16:08:43.991+01:00 INFO : Filtering template 27/384 segment 5/5
2026-09-08T16:08:44.009+01:00 INFO : 27: generating IMRPhenomD from 30.0 Hz
2026-09-08T16:08:44.012+01:00 INFO : Decompressing waveform using inline_linear
2026-09-08T16:08:44.017+01:00 INFO : Filtering template 28/384 segment 1/5
2026-09-08T16:08:44.037+01:00 INFO : 2 points above threshold
2026-09-08T16:08:44.054+01:00 INFO : Filtering template 28/384 segment 2/5
2026-09-08T16:08:44.071+01:00 INFO : 1 points above threshold
2026-09-08T16:08:44.077+01:00 INFO : Filtering template 28/384 segment 3/5
2026-09-08T16:08:44.094+01:00 INFO : 1 points above threshold
2026-09-08T16:08:44.099+01:00 INFO : Filtering template 28/384 segment 4/5
2026-09-08T16:08:44.117+01:00 INFO : 1 points above threshold
2026-09-08T16:08:44.122+01:00 INFO : Filtering template 28/384 segment 5/5
2026-09-08T16:08:44.140+01:00 INFO : 28: generating IMRPhenomD from 30.0 Hz
2026-09-08T16:08:44.143+01:00 INFO : Decompressing waveform using inline_linear
2026-09-08T16:08:44.148+01:00 INFO : Filtering template 29/384 segment 1/5
2026-09-08T16:08:44.167+01:00 INFO : 2 points above threshold
2026-09-08T16:08:44.185+01:00 INFO : Filtering template 29/384 segment 2/5
2026-09-08T16:08:44.202+01:00 INFO : Filtering template 29/384 segment 3/5
2026-09-08T16:08:44.220+01:00 INFO : 2 points above threshold
2026-09-08T16:08:44.227+01:00 INFO : Filtering template 29/384 segment 4/5
2026-09-08T16:08:44.244+01:00 INFO : Filtering template 29/384 segment 5/5
2026-09-08T16:08:44.262+01:00 INFO : 1 points above threshold
2026-09-08T16:08:44.267+01:00 INFO : 29: generating IMRPhenomD from 30.0 Hz
2026-09-08T16:08:44.270+01:00 INFO : Decompressing waveform using inline_linear
2026-09-08T16:08:44.275+01:00 INFO : Filtering template 30/384 segment 1/5
2026-09-08T16:08:44.295+01:00 INFO : 1 points above threshold
2026-09-08T16:08:44.310+01:00 INFO : Filtering template 30/384 segment 2/5
2026-09-08T16:08:44.328+01:00 INFO : 2 points above threshold
2026-09-08T16:08:44.335+01:00 INFO : Filtering template 30/384 segment 3/5
2026-09-08T16:08:44.352+01:00 INFO : Filtering template 30/384 segment 4/5
2026-09-08T16:08:44.370+01:00 INFO : 3 points above threshold
2026-09-08T16:08:44.379+01:00 INFO : Filtering template 30/384 segment 5/5
2026-09-08T16:08:44.396+01:00 INFO : 2 points above threshold
2026-09-08T16:08:44.404+01:00 INFO : 30: generating IMRPhenomD from 30.0 Hz
2026-09-08T16:08:44.406+01:00 INFO : Decompressing waveform using inline_linear
2026-09-08T16:08:44.411+01:00 INFO : Filtering template 31/384 segment 1/5
2026-09-08T16:08:44.431+01:00 INFO : Filtering template 31/384 segment 2/5
2026-09-08T16:08:44.449+01:00 INFO : 1 points above threshold
2026-09-08T16:08:44.464+01:00 INFO : Filtering template 31/384 segment 3/5
2026-09-08T16:08:44.481+01:00 INFO : 2 points above threshold
2026-09-08T16:08:44.488+01:00 INFO : Filtering template 31/384 segment 4/5
2026-09-08T16:08:44.506+01:00 INFO : 1 points above threshold
2026-09-08T16:08:44.511+01:00 INFO : Filtering template 31/384 segment 5/5
2026-09-08T16:08:44.529+01:00 INFO : 2 points above threshold
2026-09-08T16:08:44.536+01:00 INFO : 31: generating IMRPhenomD from 30.0 Hz
2026-09-08T16:08:44.539+01:00 INFO : Decompressing waveform using inline_linear
2026-09-08T16:08:44.543+01:00 INFO : Filtering template 32/384 segment 1/5
2026-09-08T16:08:44.563+01:00 INFO : Filtering template 32/384 segment 2/5
2026-09-08T16:08:44.581+01:00 INFO : Filtering template 32/384 segment 3/5
2026-09-08T16:08:44.598+01:00 INFO : 2 points above threshold
2026-09-08T16:08:44.616+01:00 INFO : Filtering template 32/384 segment 4/5
2026-09-08T16:08:44.633+01:00 INFO : 1 points above threshold
2026-09-08T16:08:44.639+01:00 INFO : Filtering template 32/384 segment 5/5
2026-09-08T16:08:44.656+01:00 INFO : 2 points above threshold
2026-09-08T16:08:44.663+01:00 INFO : 32: generating IMRPhenomD from 30.0 Hz
2026-09-08T16:08:44.666+01:00 INFO : Decompressing waveform using inline_linear
2026-09-08T16:08:44.671+01:00 INFO : Filtering template 33/384 segment 1/5
2026-09-08T16:08:44.691+01:00 INFO : Filtering template 33/384 segment 2/5
2026-09-08T16:08:44.708+01:00 INFO : Filtering template 33/384 segment 3/5
2026-09-08T16:08:44.726+01:00 INFO : 1 points above threshold
2026-09-08T16:08:44.741+01:00 INFO : Filtering template 33/384 segment 4/5
2026-09-08T16:08:44.759+01:00 INFO : 2 points above threshold
2026-09-08T16:08:44.766+01:00 INFO : Filtering template 33/384 segment 5/5
2026-09-08T16:08:44.783+01:00 INFO : 2 points above threshold
2026-09-08T16:08:44.791+01:00 INFO : 33: generating IMRPhenomD from 30.0 Hz
2026-09-08T16:08:44.793+01:00 INFO : Decompressing waveform using inline_linear
2026-09-08T16:08:44.798+01:00 INFO : Filtering template 34/384 segment 1/5
2026-09-08T16:08:44.818+01:00 INFO : 1 points above threshold
2026-09-08T16:08:44.833+01:00 INFO : Filtering template 34/384 segment 2/5
2026-09-08T16:08:44.851+01:00 INFO : 1 points above threshold
2026-09-08T16:08:44.856+01:00 INFO : Filtering template 34/384 segment 3/5
2026-09-08T16:08:44.873+01:00 INFO : 2 points above threshold
2026-09-08T16:08:44.880+01:00 INFO : Filtering template 34/384 segment 4/5
2026-09-08T16:08:44.898+01:00 INFO : 1 points above threshold
2026-09-08T16:08:44.903+01:00 INFO : Filtering template 34/384 segment 5/5
2026-09-08T16:08:44.920+01:00 INFO : 2 points above threshold
2026-09-08T16:08:44.928+01:00 INFO : 34: generating IMRPhenomD from 30.0 Hz
2026-09-08T16:08:44.930+01:00 INFO : Decompressing waveform using inline_linear
2026-09-08T16:08:44.935+01:00 INFO : Filtering template 35/384 segment 1/5
2026-09-08T16:08:44.955+01:00 INFO : 5 points above threshold
2026-09-08T16:08:44.977+01:00 INFO : Filtering template 35/384 segment 2/5
2026-09-08T16:08:44.994+01:00 INFO : 1 points above threshold
2026-09-08T16:08:44.999+01:00 INFO : Filtering template 35/384 segment 3/5
2026-09-08T16:08:45.017+01:00 INFO : Filtering template 35/384 segment 4/5
2026-09-08T16:08:45.035+01:00 INFO : 1 points above threshold
2026-09-08T16:08:45.040+01:00 INFO : Filtering template 35/384 segment 5/5
2026-09-08T16:08:45.057+01:00 INFO : 2 points above threshold
2026-09-08T16:08:45.065+01:00 INFO : 35: generating IMRPhenomD from 30.0 Hz
2026-09-08T16:08:45.067+01:00 INFO : Decompressing waveform using inline_linear
2026-09-08T16:08:45.072+01:00 INFO : Filtering template 36/384 segment 1/5
2026-09-08T16:08:45.092+01:00 INFO : 1 points above threshold
2026-09-08T16:08:45.107+01:00 INFO : Filtering template 36/384 segment 2/5
2026-09-08T16:08:45.125+01:00 INFO : 1 points above threshold
2026-09-08T16:08:45.130+01:00 INFO : Filtering template 36/384 segment 3/5
2026-09-08T16:08:45.148+01:00 INFO : Filtering template 36/384 segment 4/5
2026-09-08T16:08:45.165+01:00 INFO : 1 points above threshold
2026-09-08T16:08:45.170+01:00 INFO : Filtering template 36/384 segment 5/5
2026-09-08T16:08:45.188+01:00 INFO : 1 points above threshold
2026-09-08T16:08:45.193+01:00 INFO : 36: generating IMRPhenomD from 30.0 Hz
2026-09-08T16:08:45.196+01:00 INFO : Decompressing waveform using inline_linear
2026-09-08T16:08:45.201+01:00 INFO : Filtering template 37/384 segment 1/5
2026-09-08T16:08:45.221+01:00 INFO : 1 points above threshold
2026-09-08T16:08:45.236+01:00 INFO : Filtering template 37/384 segment 2/5
2026-09-08T16:08:45.253+01:00 INFO : Filtering template 37/384 segment 3/5
2026-09-08T16:08:45.271+01:00 INFO : 1 points above threshold
2026-09-08T16:08:45.277+01:00 INFO : Filtering template 37/384 segment 4/5
2026-09-08T16:08:45.295+01:00 INFO : Filtering template 37/384 segment 5/5
2026-09-08T16:08:45.313+01:00 INFO : 37: generating IMRPhenomD from 30.0 Hz
2026-09-08T16:08:45.316+01:00 INFO : Decompressing waveform using inline_linear
2026-09-08T16:08:45.320+01:00 INFO : Filtering template 38/384 segment 1/5
2026-09-08T16:08:45.340+01:00 INFO : Filtering template 38/384 segment 2/5
2026-09-08T16:08:45.358+01:00 INFO : Filtering template 38/384 segment 3/5
2026-09-08T16:08:45.375+01:00 INFO : 1 points above threshold
2026-09-08T16:08:45.391+01:00 INFO : Filtering template 38/384 segment 4/5
2026-09-08T16:08:45.408+01:00 INFO : 1 points above threshold
2026-09-08T16:08:45.413+01:00 INFO : Filtering template 38/384 segment 5/5
2026-09-08T16:08:45.431+01:00 INFO : 38: generating IMRPhenomD from 30.0 Hz
2026-09-08T16:08:45.434+01:00 INFO : Decompressing waveform using inline_linear
2026-09-08T16:08:45.439+01:00 INFO : Filtering template 39/384 segment 1/5
2026-09-08T16:08:45.458+01:00 INFO : Filtering template 39/384 segment 2/5
2026-09-08T16:08:45.476+01:00 INFO : Filtering template 39/384 segment 3/5
2026-09-08T16:08:45.494+01:00 INFO : Filtering template 39/384 segment 4/5
2026-09-08T16:08:45.511+01:00 INFO : 3 points above threshold
2026-09-08T16:08:45.530+01:00 INFO : Filtering template 39/384 segment 5/5
2026-09-08T16:08:45.548+01:00 INFO : 2 points above threshold
2026-09-08T16:08:45.555+01:00 INFO : 39: generating IMRPhenomD from 30.0 Hz
2026-09-08T16:08:45.558+01:00 INFO : Decompressing waveform using inline_linear
2026-09-08T16:08:45.563+01:00 INFO : Filtering template 40/384 segment 1/5
2026-09-08T16:08:45.583+01:00 INFO : 3 points above threshold
2026-09-08T16:08:45.602+01:00 INFO : Filtering template 40/384 segment 2/5
2026-09-08T16:08:45.619+01:00 INFO : 1 points above threshold
2026-09-08T16:08:45.624+01:00 INFO : Filtering template 40/384 segment 3/5
2026-09-08T16:08:45.642+01:00 INFO : 1 points above threshold
2026-09-08T16:08:45.647+01:00 INFO : Filtering template 40/384 segment 4/5
2026-09-08T16:08:45.665+01:00 INFO : 2 points above threshold
2026-09-08T16:08:45.672+01:00 INFO : Filtering template 40/384 segment 5/5
2026-09-08T16:08:45.689+01:00 INFO : 1 points above threshold
2026-09-08T16:08:45.695+01:00 INFO : 40: generating IMRPhenomD from 30.0 Hz
2026-09-08T16:08:45.697+01:00 INFO : Decompressing waveform using inline_linear
2026-09-08T16:08:45.702+01:00 INFO : Filtering template 41/384 segment 1/5
2026-09-08T16:08:45.722+01:00 INFO : Filtering template 41/384 segment 2/5
2026-09-08T16:08:45.740+01:00 INFO : 1 points above threshold
2026-09-08T16:08:45.755+01:00 INFO : Filtering template 41/384 segment 3/5
2026-09-08T16:08:45.772+01:00 INFO : Filtering template 41/384 segment 4/5
2026-09-08T16:08:45.790+01:00 INFO : Filtering template 41/384 segment 5/5
2026-09-08T16:08:45.808+01:00 INFO : 41: generating IMRPhenomD from 30.0 Hz
2026-09-08T16:08:45.811+01:00 INFO : Decompressing waveform using inline_linear
2026-09-08T16:08:45.815+01:00 INFO : Filtering template 42/384 segment 1/5
2026-09-08T16:08:45.835+01:00 INFO : 2 points above threshold
2026-09-08T16:08:45.852+01:00 INFO : Filtering template 42/384 segment 2/5
2026-09-08T16:08:45.870+01:00 INFO : Filtering template 42/384 segment 3/5
2026-09-08T16:08:45.888+01:00 INFO : 2 points above threshold
2026-09-08T16:08:45.895+01:00 INFO : Filtering template 42/384 segment 4/5
2026-09-08T16:08:45.912+01:00 INFO : 3 points above threshold
2026-09-08T16:08:45.921+01:00 INFO : Filtering template 42/384 segment 5/5
2026-09-08T16:08:45.939+01:00 INFO : 2 points above threshold
2026-09-08T16:08:45.946+01:00 INFO : 42: generating IMRPhenomD from 30.0 Hz
2026-09-08T16:08:45.949+01:00 INFO : Decompressing waveform using inline_linear
2026-09-08T16:08:45.953+01:00 INFO : Filtering template 43/384 segment 1/5
2026-09-08T16:08:45.973+01:00 INFO : 3 points above threshold
2026-09-08T16:08:45.992+01:00 INFO : Filtering template 43/384 segment 2/5
2026-09-08T16:08:46.010+01:00 INFO : 2 points above threshold
2026-09-08T16:08:46.017+01:00 INFO : Filtering template 43/384 segment 3/5
2026-09-08T16:08:46.035+01:00 INFO : Filtering template 43/384 segment 4/5
2026-09-08T16:08:46.052+01:00 INFO : Filtering template 43/384 segment 5/5
2026-09-08T16:08:46.070+01:00 INFO : 1 points above threshold
2026-09-08T16:08:46.075+01:00 INFO : 43: generating IMRPhenomD from 30.0 Hz
2026-09-08T16:08:46.078+01:00 INFO : Decompressing waveform using inline_linear
2026-09-08T16:08:46.083+01:00 INFO : Filtering template 44/384 segment 1/5
2026-09-08T16:08:46.103+01:00 INFO : Filtering template 44/384 segment 2/5
2026-09-08T16:08:46.120+01:00 INFO : 2 points above threshold
2026-09-08T16:08:46.137+01:00 INFO : Filtering template 44/384 segment 3/5
2026-09-08T16:08:46.155+01:00 INFO : Filtering template 44/384 segment 4/5
2026-09-08T16:08:46.173+01:00 INFO : 1 points above threshold
2026-09-08T16:08:46.178+01:00 INFO : Filtering template 44/384 segment 5/5
2026-09-08T16:08:46.195+01:00 INFO : 2 points above threshold
2026-09-08T16:08:46.203+01:00 INFO : 44: generating IMRPhenomD from 30.0 Hz
2026-09-08T16:08:46.205+01:00 INFO : Decompressing waveform using inline_linear
2026-09-08T16:08:46.210+01:00 INFO : Filtering template 45/384 segment 1/5
2026-09-08T16:08:46.230+01:00 INFO : 1 points above threshold
2026-09-08T16:08:46.245+01:00 INFO : Filtering template 45/384 segment 2/5
2026-09-08T16:08:46.263+01:00 INFO : Filtering template 45/384 segment 3/5
2026-09-08T16:08:46.280+01:00 INFO : 1 points above threshold
2026-09-08T16:08:46.285+01:00 INFO : Filtering template 45/384 segment 4/5
2026-09-08T16:08:46.303+01:00 INFO : Filtering template 45/384 segment 5/5
2026-09-08T16:08:46.321+01:00 INFO : 2 points above threshold
2026-09-08T16:08:46.328+01:00 INFO : 45: generating IMRPhenomD from 30.0 Hz
2026-09-08T16:08:46.331+01:00 INFO : Decompressing waveform using inline_linear
2026-09-08T16:08:46.335+01:00 INFO : Filtering template 46/384 segment 1/5
2026-09-08T16:08:46.355+01:00 INFO : 3 points above threshold
2026-09-08T16:08:46.374+01:00 INFO : Filtering template 46/384 segment 2/5
2026-09-08T16:08:46.392+01:00 INFO : 1 points above threshold
2026-09-08T16:08:46.397+01:00 INFO : Filtering template 46/384 segment 3/5
2026-09-08T16:08:46.415+01:00 INFO : 1 points above threshold
2026-09-08T16:08:46.420+01:00 INFO : Filtering template 46/384 segment 4/5
2026-09-08T16:08:46.437+01:00 INFO : Filtering template 46/384 segment 5/5
2026-09-08T16:08:46.455+01:00 INFO : 1 points above threshold
2026-09-08T16:08:46.460+01:00 INFO : 46: generating IMRPhenomD from 30.0 Hz
2026-09-08T16:08:46.463+01:00 INFO : Decompressing waveform using inline_linear
2026-09-08T16:08:46.468+01:00 INFO : Filtering template 47/384 segment 1/5
2026-09-08T16:08:46.491+01:00 INFO : 1 points above threshold
2026-09-08T16:08:46.506+01:00 INFO : Filtering template 47/384 segment 2/5
2026-09-08T16:08:46.530+01:00 INFO : 1 points above threshold
2026-09-08T16:08:46.537+01:00 INFO : Filtering template 47/384 segment 3/5
2026-09-08T16:08:46.563+01:00 INFO : 1 points above threshold
2026-09-08T16:08:46.569+01:00 INFO : Filtering template 47/384 segment 4/5
2026-09-08T16:08:46.589+01:00 INFO : 1 points above threshold
2026-09-08T16:08:46.594+01:00 INFO : Filtering template 47/384 segment 5/5
2026-09-08T16:08:46.612+01:00 INFO : 1 points above threshold
2026-09-08T16:08:46.617+01:00 INFO : 47: generating IMRPhenomD from 30.0 Hz
2026-09-08T16:08:46.620+01:00 INFO : Decompressing waveform using inline_linear
2026-09-08T16:08:46.625+01:00 INFO : Filtering template 48/384 segment 1/5
2026-09-08T16:08:46.645+01:00 INFO : 3 points above threshold
2026-09-08T16:08:46.665+01:00 INFO : Filtering template 48/384 segment 2/5
2026-09-08T16:08:46.683+01:00 INFO : 3 points above threshold
2026-09-08T16:08:46.692+01:00 INFO : Filtering template 48/384 segment 3/5
2026-09-08T16:08:46.710+01:00 INFO : Filtering template 48/384 segment 4/5
2026-09-08T16:08:46.727+01:00 INFO : 1 points above threshold
2026-09-08T16:08:46.732+01:00 INFO : Filtering template 48/384 segment 5/5
2026-09-08T16:08:46.750+01:00 INFO : 48: generating IMRPhenomD from 30.0 Hz
2026-09-08T16:08:46.753+01:00 INFO : Decompressing waveform using inline_linear
2026-09-08T16:08:46.758+01:00 INFO : Filtering template 49/384 segment 1/5
2026-09-08T16:08:46.778+01:00 INFO : 3 points above threshold
2026-09-08T16:08:46.798+01:00 INFO : Filtering template 49/384 segment 2/5
2026-09-08T16:08:46.816+01:00 INFO : 1 points above threshold
2026-09-08T16:08:46.821+01:00 INFO : Filtering template 49/384 segment 3/5
2026-09-08T16:08:46.839+01:00 INFO : 1 points above threshold
2026-09-08T16:08:46.844+01:00 INFO : Filtering template 49/384 segment 4/5
2026-09-08T16:08:46.861+01:00 INFO : Filtering template 49/384 segment 5/5
2026-09-08T16:08:46.879+01:00 INFO : 49: generating IMRPhenomD from 30.0 Hz
2026-09-08T16:08:46.882+01:00 INFO : Decompressing waveform using inline_linear
2026-09-08T16:08:46.887+01:00 INFO : Filtering template 50/384 segment 1/5
2026-09-08T16:08:46.907+01:00 INFO : Filtering template 50/384 segment 2/5
2026-09-08T16:08:46.924+01:00 INFO : 2 points above threshold
2026-09-08T16:08:46.942+01:00 INFO : Filtering template 50/384 segment 3/5
2026-09-08T16:08:46.960+01:00 INFO : 5 points above threshold
2026-09-08T16:08:46.972+01:00 INFO : Filtering template 50/384 segment 4/5
2026-09-08T16:08:46.989+01:00 INFO : 3 points above threshold
2026-09-08T16:08:46.998+01:00 INFO : Filtering template 50/384 segment 5/5
2026-09-08T16:08:47.016+01:00 INFO : 2 points above threshold
2026-09-08T16:08:47.023+01:00 INFO : 50: generating IMRPhenomD from 30.0 Hz
2026-09-08T16:08:47.026+01:00 INFO : Decompressing waveform using inline_linear
2026-09-08T16:08:47.031+01:00 INFO : Filtering template 51/384 segment 1/5
2026-09-08T16:08:47.050+01:00 INFO : 1 points above threshold
2026-09-08T16:08:47.067+01:00 INFO : Filtering template 51/384 segment 2/5
2026-09-08T16:08:47.085+01:00 INFO : 1 points above threshold
2026-09-08T16:08:47.090+01:00 INFO : Filtering template 51/384 segment 3/5
2026-09-08T16:08:47.107+01:00 INFO : 3 points above threshold
2026-09-08T16:08:47.116+01:00 INFO : Filtering template 51/384 segment 4/5
2026-09-08T16:08:47.134+01:00 INFO : 1 points above threshold
2026-09-08T16:08:47.139+01:00 INFO : Filtering template 51/384 segment 5/5
2026-09-08T16:08:47.157+01:00 INFO : 3 points above threshold
2026-09-08T16:08:47.166+01:00 INFO : 51: generating IMRPhenomD from 30.0 Hz
2026-09-08T16:08:47.169+01:00 INFO : Decompressing waveform using inline_linear
2026-09-08T16:08:47.174+01:00 INFO : Filtering template 52/384 segment 1/5
2026-09-08T16:08:47.194+01:00 INFO : 2 points above threshold
2026-09-08T16:08:47.211+01:00 INFO : Filtering template 52/384 segment 2/5
2026-09-08T16:08:47.228+01:00 INFO : 1 points above threshold
2026-09-08T16:08:47.233+01:00 INFO : Filtering template 52/384 segment 3/5
2026-09-08T16:08:47.251+01:00 INFO : Filtering template 52/384 segment 4/5
2026-09-08T16:08:47.269+01:00 INFO : 1 points above threshold
2026-09-08T16:08:47.274+01:00 INFO : Filtering template 52/384 segment 5/5
2026-09-08T16:08:47.291+01:00 INFO : 2 points above threshold
2026-09-08T16:08:47.298+01:00 INFO : 52: generating IMRPhenomD from 30.0 Hz
2026-09-08T16:08:47.301+01:00 INFO : Decompressing waveform using inline_linear
2026-09-08T16:08:47.306+01:00 INFO : Filtering template 53/384 segment 1/5
2026-09-08T16:08:47.326+01:00 INFO : 1 points above threshold
2026-09-08T16:08:47.341+01:00 INFO : Filtering template 53/384 segment 2/5
2026-09-08T16:08:47.358+01:00 INFO : 3 points above threshold
2026-09-08T16:08:47.368+01:00 INFO : Filtering template 53/384 segment 3/5
2026-09-08T16:08:47.385+01:00 INFO : Filtering template 53/384 segment 4/5
2026-09-08T16:08:47.403+01:00 INFO : 1 points above threshold
2026-09-08T16:08:47.408+01:00 INFO : Filtering template 53/384 segment 5/5
2026-09-08T16:08:47.426+01:00 INFO : 53: generating IMRPhenomD from 30.0 Hz
2026-09-08T16:08:47.428+01:00 INFO : Decompressing waveform using inline_linear
2026-09-08T16:08:47.433+01:00 INFO : Filtering template 54/384 segment 1/5
2026-09-08T16:08:47.453+01:00 INFO : 3 points above threshold
2026-09-08T16:08:47.472+01:00 INFO : Filtering template 54/384 segment 2/5
2026-09-08T16:08:47.490+01:00 INFO : 4 points above threshold
2026-09-08T16:08:47.498+01:00 INFO : Filtering template 54/384 segment 3/5
2026-09-08T16:08:47.516+01:00 INFO : Filtering template 54/384 segment 4/5
2026-09-08T16:08:47.534+01:00 INFO : 2 points above threshold
2026-09-08T16:08:47.541+01:00 INFO : Filtering template 54/384 segment 5/5
2026-09-08T16:08:47.558+01:00 INFO : 2 points above threshold
2026-09-08T16:08:47.566+01:00 INFO : 54: generating IMRPhenomD from 30.0 Hz
2026-09-08T16:08:47.568+01:00 INFO : Decompressing waveform using inline_linear
2026-09-08T16:08:47.573+01:00 INFO : Filtering template 55/384 segment 1/5
2026-09-08T16:08:47.593+01:00 INFO : Filtering template 55/384 segment 2/5
2026-09-08T16:08:47.610+01:00 INFO : 2 points above threshold
2026-09-08T16:08:47.628+01:00 INFO : Filtering template 55/384 segment 3/5
2026-09-08T16:08:47.645+01:00 INFO : Filtering template 55/384 segment 4/5
2026-09-08T16:08:47.663+01:00 INFO : Filtering template 55/384 segment 5/5
2026-09-08T16:08:47.681+01:00 INFO : 1 points above threshold
2026-09-08T16:08:47.686+01:00 INFO : 55: generating IMRPhenomD from 30.0 Hz
2026-09-08T16:08:47.689+01:00 INFO : Decompressing waveform using inline_linear
2026-09-08T16:08:47.693+01:00 INFO : Filtering template 56/384 segment 1/5
2026-09-08T16:08:47.713+01:00 INFO : 1 points above threshold
2026-09-08T16:08:47.728+01:00 INFO : Filtering template 56/384 segment 2/5
2026-09-08T16:08:47.746+01:00 INFO : Filtering template 56/384 segment 3/5
2026-09-08T16:08:47.764+01:00 INFO : 2 points above threshold
2026-09-08T16:08:47.771+01:00 INFO : Filtering template 56/384 segment 4/5
2026-09-08T16:08:47.788+01:00 INFO : 1 points above threshold
2026-09-08T16:08:47.793+01:00 INFO : Filtering template 56/384 segment 5/5
2026-09-08T16:08:47.811+01:00 INFO : 56: generating IMRPhenomD from 30.0 Hz
2026-09-08T16:08:47.814+01:00 INFO : Decompressing waveform using inline_linear
2026-09-08T16:08:47.819+01:00 INFO : Filtering template 57/384 segment 1/5
2026-09-08T16:08:47.838+01:00 INFO : 2 points above threshold
2026-09-08T16:08:47.855+01:00 INFO : Filtering template 57/384 segment 2/5
2026-09-08T16:08:47.873+01:00 INFO : 1 points above threshold
2026-09-08T16:08:47.878+01:00 INFO : Filtering template 57/384 segment 3/5
2026-09-08T16:08:47.896+01:00 INFO : Filtering template 57/384 segment 4/5
2026-09-08T16:08:47.913+01:00 INFO : 1 points above threshold
2026-09-08T16:08:47.918+01:00 INFO : Filtering template 57/384 segment 5/5
2026-09-08T16:08:47.936+01:00 INFO : 57: generating IMRPhenomD from 30.0 Hz
2026-09-08T16:08:47.939+01:00 INFO : Decompressing waveform using inline_linear
2026-09-08T16:08:47.944+01:00 INFO : Filtering template 58/384 segment 1/5
2026-09-08T16:08:47.964+01:00 INFO : 2 points above threshold
2026-09-08T16:08:47.980+01:00 INFO : Filtering template 58/384 segment 2/5
2026-09-08T16:08:47.998+01:00 INFO : 2 points above threshold
2026-09-08T16:08:48.005+01:00 INFO : Filtering template 58/384 segment 3/5
2026-09-08T16:08:48.023+01:00 INFO : Filtering template 58/384 segment 4/5
2026-09-08T16:08:48.040+01:00 INFO : 1 points above threshold
2026-09-08T16:08:48.045+01:00 INFO : Filtering template 58/384 segment 5/5
2026-09-08T16:08:48.063+01:00 INFO : 1 points above threshold
2026-09-08T16:08:48.068+01:00 INFO : 58: generating IMRPhenomD from 30.0 Hz
2026-09-08T16:08:48.071+01:00 INFO : Decompressing waveform using inline_linear
2026-09-08T16:08:48.076+01:00 INFO : Filtering template 59/384 segment 1/5
2026-09-08T16:08:48.096+01:00 INFO : 1 points above threshold
2026-09-08T16:08:48.112+01:00 INFO : Filtering template 59/384 segment 2/5
2026-09-08T16:08:48.130+01:00 INFO : Filtering template 59/384 segment 3/5
2026-09-08T16:08:48.148+01:00 INFO : 1 points above threshold
2026-09-08T16:08:48.153+01:00 INFO : Filtering template 59/384 segment 4/5
2026-09-08T16:08:48.170+01:00 INFO : Filtering template 59/384 segment 5/5
2026-09-08T16:08:48.188+01:00 INFO : 59: generating IMRPhenomD from 30.0 Hz
2026-09-08T16:08:48.191+01:00 INFO : Decompressing waveform using inline_linear
2026-09-08T16:08:48.196+01:00 INFO : Filtering template 60/384 segment 1/5
2026-09-08T16:08:48.216+01:00 INFO : 2 points above threshold
2026-09-08T16:08:48.233+01:00 INFO : Filtering template 60/384 segment 2/5
2026-09-08T16:08:48.250+01:00 INFO : 1 points above threshold
2026-09-08T16:08:48.256+01:00 INFO : Filtering template 60/384 segment 3/5
2026-09-08T16:08:48.273+01:00 INFO : Filtering template 60/384 segment 4/5
2026-09-08T16:08:48.291+01:00 INFO : 1 points above threshold
2026-09-08T16:08:48.296+01:00 INFO : Filtering template 60/384 segment 5/5
2026-09-08T16:08:48.313+01:00 INFO : 1 points above threshold
2026-09-08T16:08:48.319+01:00 INFO : 60: generating IMRPhenomD from 30.0 Hz
2026-09-08T16:08:48.321+01:00 INFO : Decompressing waveform using inline_linear
2026-09-08T16:08:48.326+01:00 INFO : Filtering template 61/384 segment 1/5
2026-09-08T16:08:48.346+01:00 INFO : 2 points above threshold
2026-09-08T16:08:48.363+01:00 INFO : Filtering template 61/384 segment 2/5
2026-09-08T16:08:48.381+01:00 INFO : Filtering template 61/384 segment 3/5
2026-09-08T16:08:48.398+01:00 INFO : Filtering template 61/384 segment 4/5
2026-09-08T16:08:48.416+01:00 INFO : 4 points above threshold
2026-09-08T16:08:48.425+01:00 INFO : Filtering template 61/384 segment 5/5
2026-09-08T16:08:48.442+01:00 INFO : 2 points above threshold
2026-09-08T16:08:48.449+01:00 INFO : 61: generating IMRPhenomD from 30.0 Hz
2026-09-08T16:08:48.452+01:00 INFO : Decompressing waveform using inline_linear
2026-09-08T16:08:48.457+01:00 INFO : Filtering template 62/384 segment 1/5
2026-09-08T16:08:48.477+01:00 INFO : 1 points above threshold
2026-09-08T16:08:48.492+01:00 INFO : Filtering template 62/384 segment 2/5
2026-09-08T16:08:48.510+01:00 INFO : 3 points above threshold
2026-09-08T16:08:48.519+01:00 INFO : Filtering template 62/384 segment 3/5
2026-09-08T16:08:48.536+01:00 INFO : 2 points above threshold
2026-09-08T16:08:48.543+01:00 INFO : Filtering template 62/384 segment 4/5
2026-09-08T16:08:48.561+01:00 INFO : 1 points above threshold
2026-09-08T16:08:48.566+01:00 INFO : Filtering template 62/384 segment 5/5
2026-09-08T16:08:48.583+01:00 INFO : 3 points above threshold
2026-09-08T16:08:48.593+01:00 INFO : 62: generating IMRPhenomD from 30.0 Hz
2026-09-08T16:08:48.595+01:00 INFO : Decompressing waveform using inline_linear
2026-09-08T16:08:48.600+01:00 INFO : Filtering template 63/384 segment 1/5
2026-09-08T16:08:48.620+01:00 INFO : 1 points above threshold
2026-09-08T16:08:48.635+01:00 INFO : Filtering template 63/384 segment 2/5
2026-09-08T16:08:48.653+01:00 INFO : 1 points above threshold
2026-09-08T16:08:48.658+01:00 INFO : Filtering template 63/384 segment 3/5
2026-09-08T16:08:48.676+01:00 INFO : 2 points above threshold
2026-09-08T16:08:48.683+01:00 INFO : Filtering template 63/384 segment 4/5
2026-09-08T16:08:48.700+01:00 INFO : Filtering template 63/384 segment 5/5
2026-09-08T16:08:48.718+01:00 INFO : 1 points above threshold
2026-09-08T16:08:48.723+01:00 INFO : 63: generating IMRPhenomD from 30.0 Hz
2026-09-08T16:08:48.726+01:00 INFO : Decompressing waveform using inline_linear
2026-09-08T16:08:48.731+01:00 INFO : Filtering template 64/384 segment 1/5
2026-09-08T16:08:48.750+01:00 INFO : 2 points above threshold
2026-09-08T16:08:48.767+01:00 INFO : Filtering template 64/384 segment 2/5
2026-09-08T16:08:48.785+01:00 INFO : 2 points above threshold
2026-09-08T16:08:48.792+01:00 INFO : Filtering template 64/384 segment 3/5
2026-09-08T16:08:48.809+01:00 INFO : Filtering template 64/384 segment 4/5
2026-09-08T16:08:48.827+01:00 INFO : 4 points above threshold
2026-09-08T16:08:48.835+01:00 INFO : Filtering template 64/384 segment 5/5
2026-09-08T16:08:48.853+01:00 INFO : 1 points above threshold
2026-09-08T16:08:48.858+01:00 INFO : 64: generating IMRPhenomD from 30.0 Hz
2026-09-08T16:08:48.861+01:00 INFO : Decompressing waveform using inline_linear
2026-09-08T16:08:48.866+01:00 INFO : Filtering template 65/384 segment 1/5
2026-09-08T16:08:48.886+01:00 INFO : 2 points above threshold
2026-09-08T16:08:48.903+01:00 INFO : Filtering template 65/384 segment 2/5
2026-09-08T16:08:48.920+01:00 INFO : 1 points above threshold
2026-09-08T16:08:48.925+01:00 INFO : Filtering template 65/384 segment 3/5
2026-09-08T16:08:48.943+01:00 INFO : 1 points above threshold
2026-09-08T16:08:48.948+01:00 INFO : Filtering template 65/384 segment 4/5
2026-09-08T16:08:48.965+01:00 INFO : 1 points above threshold
2026-09-08T16:08:48.971+01:00 INFO : Filtering template 65/384 segment 5/5
2026-09-08T16:08:48.988+01:00 INFO : 1 points above threshold
2026-09-08T16:08:48.993+01:00 INFO : 65: generating IMRPhenomD from 30.0 Hz
2026-09-08T16:08:48.996+01:00 INFO : Decompressing waveform using inline_linear
2026-09-08T16:08:49.001+01:00 INFO : Filtering template 66/384 segment 1/5
2026-09-08T16:08:49.021+01:00 INFO : Filtering template 66/384 segment 2/5
2026-09-08T16:08:49.038+01:00 INFO : 2 points above threshold
2026-09-08T16:08:49.056+01:00 INFO : Filtering template 66/384 segment 3/5
2026-09-08T16:08:49.073+01:00 INFO : 1 points above threshold
2026-09-08T16:08:49.078+01:00 INFO : Filtering template 66/384 segment 4/5
2026-09-08T16:08:49.096+01:00 INFO : 1 points above threshold
2026-09-08T16:08:49.101+01:00 INFO : Filtering template 66/384 segment 5/5
2026-09-08T16:08:49.119+01:00 INFO : 1 points above threshold
2026-09-08T16:08:49.124+01:00 INFO : 66: generating IMRPhenomD from 30.0 Hz
2026-09-08T16:08:49.127+01:00 INFO : Decompressing waveform using inline_linear
2026-09-08T16:08:49.131+01:00 INFO : Filtering template 67/384 segment 1/5
2026-09-08T16:08:49.151+01:00 INFO : 1 points above threshold
2026-09-08T16:08:49.166+01:00 INFO : Filtering template 67/384 segment 2/5
2026-09-08T16:08:49.184+01:00 INFO : 1 points above threshold
2026-09-08T16:08:49.189+01:00 INFO : Filtering template 67/384 segment 3/5
2026-09-08T16:08:49.207+01:00 INFO : 2 points above threshold
2026-09-08T16:08:49.214+01:00 INFO : Filtering template 67/384 segment 4/5
2026-09-08T16:08:49.231+01:00 INFO : 1 points above threshold
2026-09-08T16:08:49.236+01:00 INFO : Filtering template 67/384 segment 5/5
2026-09-08T16:08:49.254+01:00 INFO : 1 points above threshold
2026-09-08T16:08:49.259+01:00 INFO : 67: generating IMRPhenomD from 30.0 Hz
2026-09-08T16:08:49.262+01:00 INFO : Decompressing waveform using inline_linear
2026-09-08T16:08:49.267+01:00 INFO : Filtering template 68/384 segment 1/5
2026-09-08T16:08:49.286+01:00 INFO : 2 points above threshold
2026-09-08T16:08:49.303+01:00 INFO : Filtering template 68/384 segment 2/5
2026-09-08T16:08:49.321+01:00 INFO : 1 points above threshold
2026-09-08T16:08:49.326+01:00 INFO : Filtering template 68/384 segment 3/5
2026-09-08T16:08:49.344+01:00 INFO : Filtering template 68/384 segment 4/5
2026-09-08T16:08:49.361+01:00 INFO : 2 points above threshold
2026-09-08T16:08:49.368+01:00 INFO : Filtering template 68/384 segment 5/5
2026-09-08T16:08:49.386+01:00 INFO : 1 points above threshold
2026-09-08T16:08:49.391+01:00 INFO : 68: generating IMRPhenomD from 30.0 Hz
2026-09-08T16:08:49.394+01:00 INFO : Decompressing waveform using inline_linear
2026-09-08T16:08:49.399+01:00 INFO : Filtering template 69/384 segment 1/5
2026-09-08T16:08:49.418+01:00 INFO : 1 points above threshold
2026-09-08T16:08:49.433+01:00 INFO : Filtering template 69/384 segment 2/5
2026-09-08T16:08:49.451+01:00 INFO : 1 points above threshold
2026-09-08T16:08:49.456+01:00 INFO : Filtering template 69/384 segment 3/5
2026-09-08T16:08:49.474+01:00 INFO : 1 points above threshold
2026-09-08T16:08:49.479+01:00 INFO : Filtering template 69/384 segment 4/5
2026-09-08T16:08:49.496+01:00 INFO : Filtering template 69/384 segment 5/5
2026-09-08T16:08:49.514+01:00 INFO : 1 points above threshold
2026-09-08T16:08:49.520+01:00 INFO : 69: generating IMRPhenomD from 30.0 Hz
2026-09-08T16:08:49.541+01:00 INFO : Decompressing waveform using inline_linear
2026-09-08T16:08:49.545+01:00 INFO : Filtering template 70/384 segment 1/5
2026-09-08T16:08:49.573+01:00 INFO : Filtering template 70/384 segment 2/5
2026-09-08T16:08:49.591+01:00 INFO : Filtering template 70/384 segment 3/5
2026-09-08T16:08:49.609+01:00 INFO : 1 points above threshold
2026-09-08T16:08:49.629+01:00 INFO : Filtering template 70/384 segment 4/5
2026-09-08T16:08:49.646+01:00 INFO : 1 points above threshold
2026-09-08T16:08:49.651+01:00 INFO : Filtering template 70/384 segment 5/5
2026-09-08T16:08:49.669+01:00 INFO : 1 points above threshold
2026-09-08T16:08:49.674+01:00 INFO : 70: generating IMRPhenomD from 30.0 Hz
2026-09-08T16:08:49.677+01:00 INFO : Decompressing waveform using inline_linear
2026-09-08T16:08:49.682+01:00 INFO : Filtering template 71/384 segment 1/5
2026-09-08T16:08:49.701+01:00 INFO : 1 points above threshold
2026-09-08T16:08:49.717+01:00 INFO : Filtering template 71/384 segment 2/5
2026-09-08T16:08:49.734+01:00 INFO : 1 points above threshold
2026-09-08T16:08:49.739+01:00 INFO : Filtering template 71/384 segment 3/5
2026-09-08T16:08:49.757+01:00 INFO : 1 points above threshold
2026-09-08T16:08:49.762+01:00 INFO : Filtering template 71/384 segment 4/5
2026-09-08T16:08:49.780+01:00 INFO : 3 points above threshold
2026-09-08T16:08:49.789+01:00 INFO : Filtering template 71/384 segment 5/5
2026-09-08T16:08:49.807+01:00 INFO : 71: generating IMRPhenomD from 30.0 Hz
2026-09-08T16:08:49.809+01:00 INFO : Decompressing waveform using inline_linear
2026-09-08T16:08:49.814+01:00 INFO : Filtering template 72/384 segment 1/5
2026-09-08T16:08:49.834+01:00 INFO : 1 points above threshold
2026-09-08T16:08:49.849+01:00 INFO : Filtering template 72/384 segment 2/5
2026-09-08T16:08:49.867+01:00 INFO : 2 points above threshold
2026-09-08T16:08:49.874+01:00 INFO : Filtering template 72/384 segment 3/5
2026-09-08T16:08:49.892+01:00 INFO : 1 points above threshold
2026-09-08T16:08:49.897+01:00 INFO : Filtering template 72/384 segment 4/5
2026-09-08T16:08:49.914+01:00 INFO : Filtering template 72/384 segment 5/5
2026-09-08T16:08:49.932+01:00 INFO : 1 points above threshold
2026-09-08T16:08:49.937+01:00 INFO : 72: generating IMRPhenomD from 30.0 Hz
2026-09-08T16:08:49.940+01:00 INFO : Decompressing waveform using inline_linear
2026-09-08T16:08:49.945+01:00 INFO : Filtering template 73/384 segment 1/5
2026-09-08T16:08:49.965+01:00 INFO : Filtering template 73/384 segment 2/5
2026-09-08T16:08:49.982+01:00 INFO : 1 points above threshold
2026-09-08T16:08:50.000+01:00 INFO : Filtering template 73/384 segment 3/5
2026-09-08T16:08:50.018+01:00 INFO : 2 points above threshold
2026-09-08T16:08:50.025+01:00 INFO : Filtering template 73/384 segment 4/5
2026-09-08T16:08:50.043+01:00 INFO : 1 points above threshold
2026-09-08T16:08:50.048+01:00 INFO : Filtering template 73/384 segment 5/5
2026-09-08T16:08:50.065+01:00 INFO : 2 points above threshold
2026-09-08T16:08:50.072+01:00 INFO : 73: generating IMRPhenomD from 30.0 Hz
2026-09-08T16:08:50.075+01:00 INFO : Decompressing waveform using inline_linear
2026-09-08T16:08:50.080+01:00 INFO : Filtering template 74/384 segment 1/5
2026-09-08T16:08:50.100+01:00 INFO : Filtering template 74/384 segment 2/5
2026-09-08T16:08:50.117+01:00 INFO : Filtering template 74/384 segment 3/5
2026-09-08T16:08:50.135+01:00 INFO : Filtering template 74/384 segment 4/5
2026-09-08T16:08:50.153+01:00 INFO : 1 points above threshold
2026-09-08T16:08:50.168+01:00 INFO : Filtering template 74/384 segment 5/5
2026-09-08T16:08:50.185+01:00 INFO : 1 points above threshold
2026-09-08T16:08:50.191+01:00 INFO : 74: generating IMRPhenomD from 30.0 Hz
2026-09-08T16:08:50.194+01:00 INFO : Decompressing waveform using inline_linear
2026-09-08T16:08:50.198+01:00 INFO : Filtering template 75/384 segment 1/5
2026-09-08T16:08:50.218+01:00 INFO : 3 points above threshold
2026-09-08T16:08:50.237+01:00 INFO : Filtering template 75/384 segment 2/5
2026-09-08T16:08:50.255+01:00 INFO : Filtering template 75/384 segment 3/5
2026-09-08T16:08:50.272+01:00 INFO : 1 points above threshold
2026-09-08T16:08:50.277+01:00 INFO : Filtering template 75/384 segment 4/5
2026-09-08T16:08:50.295+01:00 INFO : 2 points above threshold
2026-09-08T16:08:50.302+01:00 INFO : Filtering template 75/384 segment 5/5
2026-09-08T16:08:50.320+01:00 INFO : 75: generating IMRPhenomD from 30.0 Hz
2026-09-08T16:08:50.323+01:00 INFO : Decompressing waveform using inline_linear
2026-09-08T16:08:50.327+01:00 INFO : Filtering template 76/384 segment 1/5
2026-09-08T16:08:50.347+01:00 INFO : 2 points above threshold
2026-09-08T16:08:50.364+01:00 INFO : Filtering template 76/384 segment 2/5
2026-09-08T16:08:50.382+01:00 INFO : Filtering template 76/384 segment 3/5
2026-09-08T16:08:50.399+01:00 INFO : 1 points above threshold
2026-09-08T16:08:50.405+01:00 INFO : Filtering template 76/384 segment 4/5
2026-09-08T16:08:50.422+01:00 INFO : 2 points above threshold
2026-09-08T16:08:50.429+01:00 INFO : Filtering template 76/384 segment 5/5
2026-09-08T16:08:50.447+01:00 INFO : 2 points above threshold
2026-09-08T16:08:50.454+01:00 INFO : 76: generating IMRPhenomD from 30.0 Hz
2026-09-08T16:08:50.457+01:00 INFO : Decompressing waveform using inline_linear
2026-09-08T16:08:50.461+01:00 INFO : Filtering template 77/384 segment 1/5
2026-09-08T16:08:50.481+01:00 INFO : Filtering template 77/384 segment 2/5
2026-09-08T16:08:50.499+01:00 INFO : Filtering template 77/384 segment 3/5
2026-09-08T16:08:50.517+01:00 INFO : Filtering template 77/384 segment 4/5
2026-09-08T16:08:50.534+01:00 INFO : 2 points above threshold
2026-09-08T16:08:50.551+01:00 INFO : Filtering template 77/384 segment 5/5
2026-09-08T16:08:50.569+01:00 INFO : 77: generating IMRPhenomD from 30.0 Hz
2026-09-08T16:08:50.572+01:00 INFO : Decompressing waveform using inline_linear
2026-09-08T16:08:50.577+01:00 INFO : Filtering template 78/384 segment 1/5
2026-09-08T16:08:50.597+01:00 INFO : Filtering template 78/384 segment 2/5
2026-09-08T16:08:50.614+01:00 INFO : 1 points above threshold
2026-09-08T16:08:50.631+01:00 INFO : Filtering template 78/384 segment 3/5
2026-09-08T16:08:50.648+01:00 INFO : 2 points above threshold
2026-09-08T16:08:50.655+01:00 INFO : Filtering template 78/384 segment 4/5
2026-09-08T16:08:50.673+01:00 INFO : Filtering template 78/384 segment 5/5
2026-09-08T16:08:50.690+01:00 INFO : 2 points above threshold
2026-09-08T16:08:50.698+01:00 INFO : 78: generating IMRPhenomD from 30.0 Hz
2026-09-08T16:08:50.700+01:00 INFO : Decompressing waveform using inline_linear
2026-09-08T16:08:50.705+01:00 INFO : Filtering template 79/384 segment 1/5
2026-09-08T16:08:50.725+01:00 INFO : 4 points above threshold
2026-09-08T16:08:50.745+01:00 INFO : Filtering template 79/384 segment 2/5
2026-09-08T16:08:50.763+01:00 INFO : 1 points above threshold
2026-09-08T16:08:50.768+01:00 INFO : Filtering template 79/384 segment 3/5
2026-09-08T16:08:50.785+01:00 INFO : 1 points above threshold
2026-09-08T16:08:50.790+01:00 INFO : Filtering template 79/384 segment 4/5
2026-09-08T16:08:50.808+01:00 INFO : 1 points above threshold
2026-09-08T16:08:50.813+01:00 INFO : Filtering template 79/384 segment 5/5
2026-09-08T16:08:50.831+01:00 INFO : 79: generating IMRPhenomD from 30.0 Hz
2026-09-08T16:08:50.834+01:00 INFO : Decompressing waveform using inline_linear
2026-09-08T16:08:50.839+01:00 INFO : Filtering template 80/384 segment 1/5
2026-09-08T16:08:50.858+01:00 INFO : 1 points above threshold
2026-09-08T16:08:50.875+01:00 INFO : Filtering template 80/384 segment 2/5
2026-09-08T16:08:50.892+01:00 INFO : 1 points above threshold
2026-09-08T16:08:50.898+01:00 INFO : Filtering template 80/384 segment 3/5
2026-09-08T16:08:50.915+01:00 INFO : 1 points above threshold
2026-09-08T16:08:50.920+01:00 INFO : Filtering template 80/384 segment 4/5
2026-09-08T16:08:50.938+01:00 INFO : Filtering template 80/384 segment 5/5
2026-09-08T16:08:50.955+01:00 INFO : 1 points above threshold
2026-09-08T16:08:50.961+01:00 INFO : 80: generating IMRPhenomD from 30.0 Hz
2026-09-08T16:08:50.963+01:00 INFO : Decompressing waveform using inline_linear
2026-09-08T16:08:50.968+01:00 INFO : Filtering template 81/384 segment 1/5
2026-09-08T16:08:50.988+01:00 INFO : Filtering template 81/384 segment 2/5
2026-09-08T16:08:51.006+01:00 INFO : Filtering template 81/384 segment 3/5
2026-09-08T16:08:51.023+01:00 INFO : 1 points above threshold
2026-09-08T16:08:51.040+01:00 INFO : Filtering template 81/384 segment 4/5
2026-09-08T16:08:51.058+01:00 INFO : 1 points above threshold
2026-09-08T16:08:51.063+01:00 INFO : Filtering template 81/384 segment 5/5
2026-09-08T16:08:51.080+01:00 INFO : 81: generating IMRPhenomD from 30.0 Hz
2026-09-08T16:08:51.083+01:00 INFO : Decompressing waveform using inline_linear
2026-09-08T16:08:51.088+01:00 INFO : Filtering template 82/384 segment 1/5
2026-09-08T16:08:51.108+01:00 INFO : 1 points above threshold
2026-09-08T16:08:51.123+01:00 INFO : Filtering template 82/384 segment 2/5
2026-09-08T16:08:51.141+01:00 INFO : Filtering template 82/384 segment 3/5
2026-09-08T16:08:51.158+01:00 INFO : 1 points above threshold
2026-09-08T16:08:51.163+01:00 INFO : Filtering template 82/384 segment 4/5
2026-09-08T16:08:51.181+01:00 INFO : 2 points above threshold
2026-09-08T16:08:51.188+01:00 INFO : Filtering template 82/384 segment 5/5
2026-09-08T16:08:51.206+01:00 INFO : 82: generating IMRPhenomD from 30.0 Hz
2026-09-08T16:08:51.209+01:00 INFO : Decompressing waveform using inline_linear
2026-09-08T16:08:51.213+01:00 INFO : Filtering template 83/384 segment 1/5
2026-09-08T16:08:51.233+01:00 INFO : 2 points above threshold
2026-09-08T16:08:51.250+01:00 INFO : Filtering template 83/384 segment 2/5
2026-09-08T16:08:51.268+01:00 INFO : 1 points above threshold
2026-09-08T16:08:51.273+01:00 INFO : Filtering template 83/384 segment 3/5
2026-09-08T16:08:51.291+01:00 INFO : Filtering template 83/384 segment 4/5
2026-09-08T16:08:51.308+01:00 INFO : 3 points above threshold
2026-09-08T16:08:51.318+01:00 INFO : Filtering template 83/384 segment 5/5
2026-09-08T16:08:51.335+01:00 INFO : 3 points above threshold
2026-09-08T16:08:51.344+01:00 INFO : 83: generating IMRPhenomD from 30.0 Hz
2026-09-08T16:08:51.347+01:00 INFO : Decompressing waveform using inline_linear
2026-09-08T16:08:51.352+01:00 INFO : Filtering template 84/384 segment 1/5
2026-09-08T16:08:51.372+01:00 INFO : 1 points above threshold
2026-09-08T16:08:51.387+01:00 INFO : Filtering template 84/384 segment 2/5
2026-09-08T16:08:51.405+01:00 INFO : Filtering template 84/384 segment 3/5
2026-09-08T16:08:51.422+01:00 INFO : Filtering template 84/384 segment 4/5
2026-09-08T16:08:51.440+01:00 INFO : 2 points above threshold
2026-09-08T16:08:51.447+01:00 INFO : Filtering template 84/384 segment 5/5
2026-09-08T16:08:51.464+01:00 INFO : 1 points above threshold
2026-09-08T16:08:51.470+01:00 INFO : 84: generating IMRPhenomD from 30.0 Hz
2026-09-08T16:08:51.472+01:00 INFO : Decompressing waveform using inline_linear
2026-09-08T16:08:51.477+01:00 INFO : Filtering template 85/384 segment 1/5
2026-09-08T16:08:51.497+01:00 INFO : 1 points above threshold
2026-09-08T16:08:51.512+01:00 INFO : Filtering template 85/384 segment 2/5
2026-09-08T16:08:51.530+01:00 INFO : 2 points above threshold
2026-09-08T16:08:51.537+01:00 INFO : Filtering template 85/384 segment 3/5
2026-09-08T16:08:51.555+01:00 INFO : Filtering template 85/384 segment 4/5
2026-09-08T16:08:51.572+01:00 INFO : 1 points above threshold
2026-09-08T16:08:51.577+01:00 INFO : Filtering template 85/384 segment 5/5
2026-09-08T16:08:51.597+01:00 INFO : 2 points above threshold
2026-09-08T16:08:51.604+01:00 INFO : 85: generating IMRPhenomD from 30.0 Hz
2026-09-08T16:08:51.607+01:00 INFO : Decompressing waveform using inline_linear
2026-09-08T16:08:51.612+01:00 INFO : Filtering template 86/384 segment 1/5
2026-09-08T16:08:51.638+01:00 INFO : 3 points above threshold
2026-09-08T16:08:51.664+01:00 INFO : Filtering template 86/384 segment 2/5
2026-09-08T16:08:51.684+01:00 INFO : 2 points above threshold
2026-09-08T16:08:51.691+01:00 INFO : Filtering template 86/384 segment 3/5
2026-09-08T16:08:51.709+01:00 INFO : Filtering template 86/384 segment 4/5
2026-09-08T16:08:51.727+01:00 INFO : Filtering template 86/384 segment 5/5
2026-09-08T16:08:51.745+01:00 INFO : 86: generating IMRPhenomD from 30.0 Hz
2026-09-08T16:08:51.748+01:00 INFO : Decompressing waveform using inline_linear
2026-09-08T16:08:51.753+01:00 INFO : Filtering template 87/384 segment 1/5
2026-09-08T16:08:51.773+01:00 INFO : 3 points above threshold
2026-09-08T16:08:51.792+01:00 INFO : Filtering template 87/384 segment 2/5
2026-09-08T16:08:51.833+01:00 INFO : 2 points above threshold
2026-09-08T16:08:51.844+01:00 INFO : Filtering template 87/384 segment 3/5
2026-09-08T16:08:51.869+01:00 INFO : 2 points above threshold
2026-09-08T16:08:51.876+01:00 INFO : Filtering template 87/384 segment 4/5
2026-09-08T16:08:51.894+01:00 INFO : 4 points above threshold
2026-09-08T16:08:51.903+01:00 INFO : Filtering template 87/384 segment 5/5
2026-09-08T16:08:51.920+01:00 INFO : 1 points above threshold
2026-09-08T16:08:51.926+01:00 INFO : 87: generating IMRPhenomD from 30.0 Hz
2026-09-08T16:08:51.928+01:00 INFO : Decompressing waveform using inline_linear
2026-09-08T16:08:51.933+01:00 INFO : Filtering template 88/384 segment 1/5
2026-09-08T16:08:51.953+01:00 INFO : 1 points above threshold
2026-09-08T16:08:51.968+01:00 INFO : Filtering template 88/384 segment 2/5
2026-09-08T16:08:51.986+01:00 INFO : 2 points above threshold
2026-09-08T16:08:51.993+01:00 INFO : Filtering template 88/384 segment 3/5
2026-09-08T16:08:52.010+01:00 INFO : Filtering template 88/384 segment 4/5
2026-09-08T16:08:52.028+01:00 INFO : Filtering template 88/384 segment 5/5
2026-09-08T16:08:52.046+01:00 INFO : 88: generating IMRPhenomD from 30.0 Hz
2026-09-08T16:08:52.049+01:00 INFO : Decompressing waveform using inline_linear
2026-09-08T16:08:52.054+01:00 INFO : Filtering template 89/384 segment 1/5
2026-09-08T16:08:52.074+01:00 INFO : 5 points above threshold
2026-09-08T16:08:52.095+01:00 INFO : Filtering template 89/384 segment 2/5
2026-09-08T16:08:52.113+01:00 INFO : 1 points above threshold
2026-09-08T16:08:52.118+01:00 INFO : Filtering template 89/384 segment 3/5
2026-09-08T16:08:52.136+01:00 INFO : 1 points above threshold
2026-09-08T16:08:52.141+01:00 INFO : Filtering template 89/384 segment 4/5
2026-09-08T16:08:52.158+01:00 INFO : 2 points above threshold
2026-09-08T16:08:52.165+01:00 INFO : Filtering template 89/384 segment 5/5
2026-09-08T16:08:52.183+01:00 INFO : 89: generating IMRPhenomD from 30.0 Hz
2026-09-08T16:08:52.186+01:00 INFO : Decompressing waveform using inline_linear
2026-09-08T16:08:52.191+01:00 INFO : Filtering template 90/384 segment 1/5
2026-09-08T16:08:52.210+01:00 INFO : Filtering template 90/384 segment 2/5
2026-09-08T16:08:52.228+01:00 INFO : 1 points above threshold
2026-09-08T16:08:52.243+01:00 INFO : Filtering template 90/384 segment 3/5
2026-09-08T16:08:52.261+01:00 INFO : Filtering template 90/384 segment 4/5
2026-09-08T16:08:52.278+01:00 INFO : 1 points above threshold
2026-09-08T16:08:52.284+01:00 INFO : Filtering template 90/384 segment 5/5
2026-09-08T16:08:52.301+01:00 INFO : 90: generating IMRPhenomD from 30.0 Hz
2026-09-08T16:08:52.304+01:00 INFO : Decompressing waveform using inline_linear
2026-09-08T16:08:52.309+01:00 INFO : Filtering template 91/384 segment 1/5
2026-09-08T16:08:52.329+01:00 INFO : Filtering template 91/384 segment 2/5
2026-09-08T16:08:52.346+01:00 INFO : 1 points above threshold
2026-09-08T16:08:52.361+01:00 INFO : Filtering template 91/384 segment 3/5
2026-09-08T16:08:52.379+01:00 INFO : 2 points above threshold
2026-09-08T16:08:52.386+01:00 INFO : Filtering template 91/384 segment 4/5
2026-09-08T16:08:52.403+01:00 INFO : 2 points above threshold
2026-09-08T16:08:52.410+01:00 INFO : Filtering template 91/384 segment 5/5
2026-09-08T16:08:52.428+01:00 INFO : 91: generating IMRPhenomD from 30.0 Hz
2026-09-08T16:08:52.431+01:00 INFO : Decompressing waveform using inline_linear
2026-09-08T16:08:52.436+01:00 INFO : Filtering template 92/384 segment 1/5
2026-09-08T16:08:52.456+01:00 INFO : Filtering template 92/384 segment 2/5
2026-09-08T16:08:52.474+01:00 INFO : Filtering template 92/384 segment 3/5
2026-09-08T16:08:52.491+01:00 INFO : Filtering template 92/384 segment 4/5
2026-09-08T16:08:52.509+01:00 INFO : Filtering template 92/384 segment 5/5
2026-09-08T16:08:52.527+01:00 INFO : 92: generating IMRPhenomD from 30.0 Hz
2026-09-08T16:08:52.530+01:00 INFO : Decompressing waveform using inline_linear
2026-09-08T16:08:52.534+01:00 INFO : Filtering template 93/384 segment 1/5
2026-09-08T16:08:52.554+01:00 INFO : 2 points above threshold
2026-09-08T16:08:52.573+01:00 INFO : Filtering template 93/384 segment 2/5
2026-09-08T16:08:52.591+01:00 INFO : 2 points above threshold
2026-09-08T16:08:52.598+01:00 INFO : Filtering template 93/384 segment 3/5
2026-09-08T16:08:52.615+01:00 INFO : Filtering template 93/384 segment 4/5
2026-09-08T16:08:52.633+01:00 INFO : Filtering template 93/384 segment 5/5
2026-09-08T16:08:52.653+01:00 INFO : 1 points above threshold
2026-09-08T16:08:52.661+01:00 INFO : 93: generating IMRPhenomD from 30.0 Hz
2026-09-08T16:08:52.664+01:00 INFO : Decompressing waveform using inline_linear
2026-09-08T16:08:52.669+01:00 INFO : Filtering template 94/384 segment 1/5
2026-09-08T16:08:52.692+01:00 INFO : 2 points above threshold
2026-09-08T16:08:52.710+01:00 INFO : Filtering template 94/384 segment 2/5
2026-09-08T16:08:52.730+01:00 INFO : 3 points above threshold
2026-09-08T16:08:52.739+01:00 INFO : Filtering template 94/384 segment 3/5
2026-09-08T16:08:52.758+01:00 INFO : 1 points above threshold
2026-09-08T16:08:52.763+01:00 INFO : Filtering template 94/384 segment 4/5
2026-09-08T16:08:52.782+01:00 INFO : 1 points above threshold
2026-09-08T16:08:52.788+01:00 INFO : Filtering template 94/384 segment 5/5
2026-09-08T16:08:52.807+01:00 INFO : 1 points above threshold
2026-09-08T16:08:52.812+01:00 INFO : 94: generating IMRPhenomD from 30.0 Hz
2026-09-08T16:08:52.815+01:00 INFO : Decompressing waveform using inline_linear
2026-09-08T16:08:52.820+01:00 INFO : Filtering template 95/384 segment 1/5
2026-09-08T16:08:52.840+01:00 INFO : 4 points above threshold
2026-09-08T16:08:52.859+01:00 INFO : Filtering template 95/384 segment 2/5
2026-09-08T16:08:52.878+01:00 INFO : 1 points above threshold
2026-09-08T16:08:52.884+01:00 INFO : Filtering template 95/384 segment 3/5
2026-09-08T16:08:52.901+01:00 INFO : Filtering template 95/384 segment 4/5
2026-09-08T16:08:52.919+01:00 INFO : Filtering template 95/384 segment 5/5
2026-09-08T16:08:52.936+01:00 INFO : 1 points above threshold
2026-09-08T16:08:52.942+01:00 INFO : 95: generating IMRPhenomD from 30.0 Hz
2026-09-08T16:08:52.945+01:00 INFO : Decompressing waveform using inline_linear
2026-09-08T16:08:52.949+01:00 INFO : Filtering template 96/384 segment 1/5
2026-09-08T16:08:52.969+01:00 INFO : Filtering template 96/384 segment 2/5
2026-09-08T16:08:52.987+01:00 INFO : Filtering template 96/384 segment 3/5
2026-09-08T16:08:53.005+01:00 INFO : Filtering template 96/384 segment 4/5
2026-09-08T16:08:53.022+01:00 INFO : Filtering template 96/384 segment 5/5
2026-09-08T16:08:53.040+01:00 INFO : 96: generating IMRPhenomD from 30.0 Hz
2026-09-08T16:08:53.043+01:00 INFO : Decompressing waveform using inline_linear
2026-09-08T16:08:53.048+01:00 INFO : Filtering template 97/384 segment 1/5
2026-09-08T16:08:53.068+01:00 INFO : 2 points above threshold
2026-09-08T16:08:53.086+01:00 INFO : Filtering template 97/384 segment 2/5
2026-09-08T16:08:53.104+01:00 INFO : Filtering template 97/384 segment 3/5
2026-09-08T16:08:53.121+01:00 INFO : Filtering template 97/384 segment 4/5
2026-09-08T16:08:53.139+01:00 INFO : 1 points above threshold
2026-09-08T16:08:53.144+01:00 INFO : Filtering template 97/384 segment 5/5
2026-09-08T16:08:53.162+01:00 INFO : 97: generating IMRPhenomD from 30.0 Hz
2026-09-08T16:08:53.165+01:00 INFO : Decompressing waveform using inline_linear
2026-09-08T16:08:53.170+01:00 INFO : Filtering template 98/384 segment 1/5
2026-09-08T16:08:53.189+01:00 INFO : 1 points above threshold
2026-09-08T16:08:53.205+01:00 INFO : Filtering template 98/384 segment 2/5
2026-09-08T16:08:53.223+01:00 INFO : 1 points above threshold
2026-09-08T16:08:53.228+01:00 INFO : Filtering template 98/384 segment 3/5
2026-09-08T16:08:53.245+01:00 INFO : 4 points above threshold
2026-09-08T16:08:53.254+01:00 INFO : Filtering template 98/384 segment 4/5
2026-09-08T16:08:53.271+01:00 INFO : 1 points above threshold
2026-09-08T16:08:53.277+01:00 INFO : Filtering template 98/384 segment 5/5
2026-09-08T16:08:53.294+01:00 INFO : 98: generating IMRPhenomD from 30.0 Hz
2026-09-08T16:08:53.297+01:00 INFO : Decompressing waveform using inline_linear
2026-09-08T16:08:53.302+01:00 INFO : Filtering template 99/384 segment 1/5
2026-09-08T16:08:53.322+01:00 INFO : 2 points above threshold
2026-09-08T16:08:53.339+01:00 INFO : Filtering template 99/384 segment 2/5
2026-09-08T16:08:53.357+01:00 INFO : 2 points above threshold
2026-09-08T16:08:53.364+01:00 INFO : Filtering template 99/384 segment 3/5
2026-09-08T16:08:53.381+01:00 INFO : 2 points above threshold
2026-09-08T16:08:53.388+01:00 INFO : Filtering template 99/384 segment 4/5
2026-09-08T16:08:53.406+01:00 INFO : 2 points above threshold
2026-09-08T16:08:53.413+01:00 INFO : Filtering template 99/384 segment 5/5
2026-09-08T16:08:53.431+01:00 INFO : 1 points above threshold
2026-09-08T16:08:53.436+01:00 INFO : 99: generating IMRPhenomD from 30.0 Hz
2026-09-08T16:08:53.439+01:00 INFO : Decompressing waveform using inline_linear
2026-09-08T16:08:53.444+01:00 INFO : Filtering template 100/384 segment 1/5
2026-09-08T16:08:53.464+01:00 INFO : 1 points above threshold
2026-09-08T16:08:53.479+01:00 INFO : Filtering template 100/384 segment 2/5
2026-09-08T16:08:53.496+01:00 INFO : 2 points above threshold
2026-09-08T16:08:53.504+01:00 INFO : Filtering template 100/384 segment 3/5
2026-09-08T16:08:53.521+01:00 INFO : Filtering template 100/384 segment 4/5
2026-09-08T16:08:53.539+01:00 INFO : Filtering template 100/384 segment 5/5
2026-09-08T16:08:53.557+01:00 INFO : 100: generating IMRPhenomD from 30.0 Hz
2026-09-08T16:08:53.560+01:00 INFO : Decompressing waveform using inline_linear
2026-09-08T16:08:53.564+01:00 INFO : Filtering template 101/384 segment 1/5
2026-09-08T16:08:53.584+01:00 INFO : Filtering template 101/384 segment 2/5
2026-09-08T16:08:53.602+01:00 INFO : 1 points above threshold
2026-09-08T16:08:53.617+01:00 INFO : Filtering template 101/384 segment 3/5
2026-09-08T16:08:53.635+01:00 INFO : Filtering template 101/384 segment 4/5
2026-09-08T16:08:53.652+01:00 INFO : 1 points above threshold
2026-09-08T16:08:53.657+01:00 INFO : Filtering template 101/384 segment 5/5
2026-09-08T16:08:53.675+01:00 INFO : 101: generating IMRPhenomD from 30.0 Hz
2026-09-08T16:08:53.678+01:00 INFO : Decompressing waveform using inline_linear
2026-09-08T16:08:53.683+01:00 INFO : Filtering template 102/384 segment 1/5
2026-09-08T16:08:53.703+01:00 INFO : 2 points above threshold
2026-09-08T16:08:53.720+01:00 INFO : Filtering template 102/384 segment 2/5
2026-09-08T16:08:53.737+01:00 INFO : 1 points above threshold
2026-09-08T16:08:53.742+01:00 INFO : Filtering template 102/384 segment 3/5
2026-09-08T16:08:53.760+01:00 INFO : Filtering template 102/384 segment 4/5
2026-09-08T16:08:53.778+01:00 INFO : 2 points above threshold
2026-09-08T16:08:53.785+01:00 INFO : Filtering template 102/384 segment 5/5
2026-09-08T16:08:53.802+01:00 INFO : 1 points above threshold
2026-09-08T16:08:53.807+01:00 INFO : 102: generating IMRPhenomD from 30.0 Hz
2026-09-08T16:08:53.810+01:00 INFO : Decompressing waveform using inline_linear
2026-09-08T16:08:53.815+01:00 INFO : Filtering template 103/384 segment 1/5
2026-09-08T16:08:53.835+01:00 INFO : Filtering template 103/384 segment 2/5
2026-09-08T16:08:53.852+01:00 INFO : 1 points above threshold
2026-09-08T16:08:53.868+01:00 INFO : Filtering template 103/384 segment 3/5
2026-09-08T16:08:53.885+01:00 INFO : 2 points above threshold
2026-09-08T16:08:53.892+01:00 INFO : Filtering template 103/384 segment 4/5
2026-09-08T16:08:53.910+01:00 INFO : Filtering template 103/384 segment 5/5
2026-09-08T16:08:53.928+01:00 INFO : 103: generating IMRPhenomD from 30.0 Hz
2026-09-08T16:08:53.930+01:00 INFO : Decompressing waveform using inline_linear
2026-09-08T16:08:53.935+01:00 INFO : Filtering template 104/384 segment 1/5
2026-09-08T16:08:53.955+01:00 INFO : 1 points above threshold
2026-09-08T16:08:53.970+01:00 INFO : Filtering template 104/384 segment 2/5
2026-09-08T16:08:53.988+01:00 INFO : Filtering template 104/384 segment 3/5
2026-09-08T16:08:54.005+01:00 INFO : 2 points above threshold
2026-09-08T16:08:54.012+01:00 INFO : Filtering template 104/384 segment 4/5
2026-09-08T16:08:54.030+01:00 INFO : 1 points above threshold
2026-09-08T16:08:54.035+01:00 INFO : Filtering template 104/384 segment 5/5
2026-09-08T16:08:54.053+01:00 INFO : 104: generating IMRPhenomD from 30.0 Hz
2026-09-08T16:08:54.056+01:00 INFO : Decompressing waveform using inline_linear
2026-09-08T16:08:54.061+01:00 INFO : Filtering template 105/384 segment 1/5
2026-09-08T16:08:54.080+01:00 INFO : Filtering template 105/384 segment 2/5
2026-09-08T16:08:54.098+01:00 INFO : 2 points above threshold
2026-09-08T16:08:54.115+01:00 INFO : Filtering template 105/384 segment 3/5
2026-09-08T16:08:54.133+01:00 INFO : 1 points above threshold
2026-09-08T16:08:54.138+01:00 INFO : Filtering template 105/384 segment 4/5
2026-09-08T16:08:54.155+01:00 INFO : 7 points above threshold
2026-09-08T16:08:54.172+01:00 INFO : Filtering template 105/384 segment 5/5
2026-09-08T16:08:54.189+01:00 INFO : 105: generating IMRPhenomD from 30.0 Hz
2026-09-08T16:08:54.192+01:00 INFO : Decompressing waveform using inline_linear
2026-09-08T16:08:54.197+01:00 INFO : Filtering template 106/384 segment 1/5
2026-09-08T16:08:54.217+01:00 INFO : 2 points above threshold
2026-09-08T16:08:54.234+01:00 INFO : Filtering template 106/384 segment 2/5
2026-09-08T16:08:54.252+01:00 INFO : Filtering template 106/384 segment 3/5
2026-09-08T16:08:54.269+01:00 INFO : 1 points above threshold
2026-09-08T16:08:54.274+01:00 INFO : Filtering template 106/384 segment 4/5
2026-09-08T16:08:54.292+01:00 INFO : 1 points above threshold
2026-09-08T16:08:54.297+01:00 INFO : Filtering template 106/384 segment 5/5
2026-09-08T16:08:54.315+01:00 INFO : 1 points above threshold
2026-09-08T16:08:54.320+01:00 INFO : 106: generating IMRPhenomD from 30.0 Hz
2026-09-08T16:08:54.323+01:00 INFO : Decompressing waveform using inline_linear
2026-09-08T16:08:54.327+01:00 INFO : Filtering template 107/384 segment 1/5
2026-09-08T16:08:54.347+01:00 INFO : 2 points above threshold
2026-09-08T16:08:54.365+01:00 INFO : Filtering template 107/384 segment 2/5
2026-09-08T16:08:54.383+01:00 INFO : 1 points above threshold
2026-09-08T16:08:54.388+01:00 INFO : Filtering template 107/384 segment 3/5
2026-09-08T16:08:54.405+01:00 INFO : Filtering template 107/384 segment 4/5
2026-09-08T16:08:54.423+01:00 INFO : Filtering template 107/384 segment 5/5
2026-09-08T16:08:54.441+01:00 INFO : 107: generating IMRPhenomD from 30.0 Hz
2026-09-08T16:08:54.443+01:00 INFO : Decompressing waveform using inline_linear
2026-09-08T16:08:54.448+01:00 INFO : Filtering template 108/384 segment 1/5
2026-09-08T16:08:54.468+01:00 INFO : 1 points above threshold
2026-09-08T16:08:54.483+01:00 INFO : Filtering template 108/384 segment 2/5
2026-09-08T16:08:54.501+01:00 INFO : 1 points above threshold
2026-09-08T16:08:54.506+01:00 INFO : Filtering template 108/384 segment 3/5
2026-09-08T16:08:54.523+01:00 INFO : Filtering template 108/384 segment 4/5
2026-09-08T16:08:54.541+01:00 INFO : 4 points above threshold
2026-09-08T16:08:54.549+01:00 INFO : Filtering template 108/384 segment 5/5
2026-09-08T16:08:54.567+01:00 INFO : 108: generating IMRPhenomD from 30.0 Hz
2026-09-08T16:08:54.570+01:00 INFO : Decompressing waveform using inline_linear
2026-09-08T16:08:54.575+01:00 INFO : Filtering template 109/384 segment 1/5
2026-09-08T16:08:54.595+01:00 INFO : 2 points above threshold
2026-09-08T16:08:54.612+01:00 INFO : Filtering template 109/384 segment 2/5
2026-09-08T16:08:54.629+01:00 INFO : Filtering template 109/384 segment 3/5
2026-09-08T16:08:54.647+01:00 INFO : Filtering template 109/384 segment 4/5
2026-09-08T16:08:54.665+01:00 INFO : Filtering template 109/384 segment 5/5
2026-09-08T16:08:54.682+01:00 INFO : 3 points above threshold
2026-09-08T16:08:54.692+01:00 INFO : 109: generating IMRPhenomD from 30.0 Hz
2026-09-08T16:08:54.694+01:00 INFO : Decompressing waveform using inline_linear
2026-09-08T16:08:54.699+01:00 INFO : Filtering template 110/384 segment 1/5
2026-09-08T16:08:54.719+01:00 INFO : 1 points above threshold
2026-09-08T16:08:54.736+01:00 INFO : Filtering template 110/384 segment 2/5
2026-09-08T16:08:54.754+01:00 INFO : Filtering template 110/384 segment 3/5
2026-09-08T16:08:54.771+01:00 INFO : 1 points above threshold
2026-09-08T16:08:54.776+01:00 INFO : Filtering template 110/384 segment 4/5
2026-09-08T16:08:54.794+01:00 INFO : 2 points above threshold
2026-09-08T16:08:54.801+01:00 INFO : Filtering template 110/384 segment 5/5
2026-09-08T16:08:54.819+01:00 INFO : 110: generating IMRPhenomD from 30.0 Hz
2026-09-08T16:08:54.822+01:00 INFO : Decompressing waveform using inline_linear
2026-09-08T16:08:54.826+01:00 INFO : Filtering template 111/384 segment 1/5
2026-09-08T16:08:54.846+01:00 INFO : Filtering template 111/384 segment 2/5
2026-09-08T16:08:54.864+01:00 INFO : 1 points above threshold
2026-09-08T16:08:54.880+01:00 INFO : Filtering template 111/384 segment 3/5
2026-09-08T16:08:54.898+01:00 INFO : 1 points above threshold
2026-09-08T16:08:54.903+01:00 INFO : Filtering template 111/384 segment 4/5
2026-09-08T16:08:54.920+01:00 INFO : Filtering template 111/384 segment 5/5
2026-09-08T16:08:54.938+01:00 INFO : 111: generating IMRPhenomD from 30.0 Hz
2026-09-08T16:08:54.941+01:00 INFO : Decompressing waveform using inline_linear
2026-09-08T16:08:54.946+01:00 INFO : Filtering template 112/384 segment 1/5
2026-09-08T16:08:54.966+01:00 INFO : 4 points above threshold
2026-09-08T16:08:54.986+01:00 INFO : Filtering template 112/384 segment 2/5
2026-09-08T16:08:55.004+01:00 INFO : Filtering template 112/384 segment 3/5
2026-09-08T16:08:55.021+01:00 INFO : 1 points above threshold
2026-09-08T16:08:55.026+01:00 INFO : Filtering template 112/384 segment 4/5
2026-09-08T16:08:55.044+01:00 INFO : 2 points above threshold
2026-09-08T16:08:55.051+01:00 INFO : Filtering template 112/384 segment 5/5
2026-09-08T16:08:55.068+01:00 INFO : 2 points above threshold
2026-09-08T16:08:55.075+01:00 INFO : 112: generating IMRPhenomD from 30.0 Hz
2026-09-08T16:08:55.078+01:00 INFO : Decompressing waveform using inline_linear
2026-09-08T16:08:55.083+01:00 INFO : Filtering template 113/384 segment 1/5
2026-09-08T16:08:55.103+01:00 INFO : 2 points above threshold
2026-09-08T16:08:55.121+01:00 INFO : Filtering template 113/384 segment 2/5
2026-09-08T16:08:55.139+01:00 INFO : 3 points above threshold
2026-09-08T16:08:55.148+01:00 INFO : Filtering template 113/384 segment 3/5
2026-09-08T16:08:55.165+01:00 INFO : Filtering template 113/384 segment 4/5
2026-09-08T16:08:55.183+01:00 INFO : Filtering template 113/384 segment 5/5
2026-09-08T16:08:55.201+01:00 INFO : 113: generating IMRPhenomD from 30.0 Hz
2026-09-08T16:08:55.204+01:00 INFO : Decompressing waveform using inline_linear
2026-09-08T16:08:55.208+01:00 INFO : Filtering template 114/384 segment 1/5
2026-09-08T16:08:55.228+01:00 INFO : 1 points above threshold
2026-09-08T16:08:55.245+01:00 INFO : Filtering template 114/384 segment 2/5
2026-09-08T16:08:55.263+01:00 INFO : Filtering template 114/384 segment 3/5
2026-09-08T16:08:55.280+01:00 INFO : 1 points above threshold
2026-09-08T16:08:55.285+01:00 INFO : Filtering template 114/384 segment 4/5
2026-09-08T16:08:55.303+01:00 INFO : 1 points above threshold
2026-09-08T16:08:55.308+01:00 INFO : Filtering template 114/384 segment 5/5
2026-09-08T16:08:55.326+01:00 INFO : 1 points above threshold
2026-09-08T16:08:55.331+01:00 INFO : 114: generating IMRPhenomD from 30.0 Hz
2026-09-08T16:08:55.334+01:00 INFO : Decompressing waveform using inline_linear
2026-09-08T16:08:55.338+01:00 INFO : Filtering template 115/384 segment 1/5
2026-09-08T16:08:55.358+01:00 INFO : 4 points above threshold
2026-09-08T16:08:55.377+01:00 INFO : Filtering template 115/384 segment 2/5
2026-09-08T16:08:55.394+01:00 INFO : 1 points above threshold
2026-09-08T16:08:55.400+01:00 INFO : Filtering template 115/384 segment 3/5
2026-09-08T16:08:55.417+01:00 INFO : Filtering template 115/384 segment 4/5
2026-09-08T16:08:55.435+01:00 INFO : 2 points above threshold
2026-09-08T16:08:55.442+01:00 INFO : Filtering template 115/384 segment 5/5
2026-09-08T16:08:55.459+01:00 INFO : 115: generating IMRPhenomD from 30.0 Hz
2026-09-08T16:08:55.462+01:00 INFO : Decompressing waveform using inline_linear
2026-09-08T16:08:55.467+01:00 INFO : Filtering template 116/384 segment 1/5
2026-09-08T16:08:55.487+01:00 INFO : Filtering template 116/384 segment 2/5
2026-09-08T16:08:55.505+01:00 INFO : 2 points above threshold
2026-09-08T16:08:55.522+01:00 INFO : Filtering template 116/384 segment 3/5
2026-09-08T16:08:55.539+01:00 INFO : 1 points above threshold
2026-09-08T16:08:55.544+01:00 INFO : Filtering template 116/384 segment 4/5
2026-09-08T16:08:55.562+01:00 INFO : 2 points above threshold
2026-09-08T16:08:55.569+01:00 INFO : Filtering template 116/384 segment 5/5
2026-09-08T16:08:55.586+01:00 INFO : 1 points above threshold
2026-09-08T16:08:55.592+01:00 INFO : 116: generating IMRPhenomD from 30.0 Hz
2026-09-08T16:08:55.614+01:00 INFO : Decompressing waveform using inline_linear
2026-09-08T16:08:55.619+01:00 INFO : Filtering template 117/384 segment 1/5
2026-09-08T16:08:55.647+01:00 INFO : Filtering template 117/384 segment 2/5
2026-09-08T16:08:55.664+01:00 INFO : Filtering template 117/384 segment 3/5
2026-09-08T16:08:55.682+01:00 INFO : 3 points above threshold
2026-09-08T16:08:55.706+01:00 INFO : Filtering template 117/384 segment 4/5
2026-09-08T16:08:55.723+01:00 INFO : 2 points above threshold
2026-09-08T16:08:55.730+01:00 INFO : Filtering template 117/384 segment 5/5
2026-09-08T16:08:55.748+01:00 INFO : 1 points above threshold
2026-09-08T16:08:55.753+01:00 INFO : 117: generating IMRPhenomD from 30.0 Hz
2026-09-08T16:08:55.756+01:00 INFO : Decompressing waveform using inline_linear
2026-09-08T16:08:55.761+01:00 INFO : Filtering template 118/384 segment 1/5
2026-09-08T16:08:55.781+01:00 INFO : 1 points above threshold
2026-09-08T16:08:55.797+01:00 INFO : Filtering template 118/384 segment 2/5
2026-09-08T16:08:55.815+01:00 INFO : Filtering template 118/384 segment 3/5
2026-09-08T16:08:55.832+01:00 INFO : 3 points above threshold
2026-09-08T16:08:55.842+01:00 INFO : Filtering template 118/384 segment 4/5
2026-09-08T16:08:55.859+01:00 INFO : 2 points above threshold
2026-09-08T16:08:55.866+01:00 INFO : Filtering template 118/384 segment 5/5
2026-09-08T16:08:55.884+01:00 INFO : 3 points above threshold
2026-09-08T16:08:55.893+01:00 INFO : 118: generating IMRPhenomD from 30.0 Hz
2026-09-08T16:08:55.896+01:00 INFO : Decompressing waveform using inline_linear
2026-09-08T16:08:55.901+01:00 INFO : Filtering template 119/384 segment 1/5
2026-09-08T16:08:55.921+01:00 INFO : 1 points above threshold
2026-09-08T16:08:55.938+01:00 INFO : Filtering template 119/384 segment 2/5
2026-09-08T16:08:55.956+01:00 INFO : Filtering template 119/384 segment 3/5
2026-09-08T16:08:55.974+01:00 INFO : Filtering template 119/384 segment 4/5
2026-09-08T16:08:55.991+01:00 INFO : 3 points above threshold
2026-09-08T16:08:56.000+01:00 INFO : Filtering template 119/384 segment 5/5
2026-09-08T16:08:56.018+01:00 INFO : 1 points above threshold
2026-09-08T16:08:56.023+01:00 INFO : 119: generating IMRPhenomD from 30.0 Hz
2026-09-08T16:08:56.026+01:00 INFO : Decompressing waveform using inline_linear
2026-09-08T16:08:56.031+01:00 INFO : Filtering template 120/384 segment 1/5
2026-09-08T16:08:56.051+01:00 INFO : Filtering template 120/384 segment 2/5
2026-09-08T16:08:56.069+01:00 INFO : 1 points above threshold
2026-09-08T16:08:56.084+01:00 INFO : Filtering template 120/384 segment 3/5
2026-09-08T16:08:56.101+01:00 INFO : 1 points above threshold
2026-09-08T16:08:56.107+01:00 INFO : Filtering template 120/384 segment 4/5
2026-09-08T16:08:56.124+01:00 INFO : Filtering template 120/384 segment 5/5
2026-09-08T16:08:56.142+01:00 INFO : 120: generating IMRPhenomD from 30.0 Hz
2026-09-08T16:08:56.145+01:00 INFO : Decompressing waveform using inline_linear
2026-09-08T16:08:56.150+01:00 INFO : Filtering template 121/384 segment 1/5
2026-09-08T16:08:56.170+01:00 INFO : 4 points above threshold
2026-09-08T16:08:56.188+01:00 INFO : Filtering template 121/384 segment 2/5
2026-09-08T16:08:56.206+01:00 INFO : 2 points above threshold
2026-09-08T16:08:56.213+01:00 INFO : Filtering template 121/384 segment 3/5
2026-09-08T16:08:56.231+01:00 INFO : Filtering template 121/384 segment 4/5
2026-09-08T16:08:56.248+01:00 INFO : Filtering template 121/384 segment 5/5
2026-09-08T16:08:56.266+01:00 INFO : 121: generating IMRPhenomD from 30.0 Hz
2026-09-08T16:08:56.269+01:00 INFO : Decompressing waveform using inline_linear
2026-09-08T16:08:56.274+01:00 INFO : Filtering template 122/384 segment 1/5
2026-09-08T16:08:56.294+01:00 INFO : 1 points above threshold
2026-09-08T16:08:56.309+01:00 INFO : Filtering template 122/384 segment 2/5
2026-09-08T16:08:56.326+01:00 INFO : 1 points above threshold
2026-09-08T16:08:56.331+01:00 INFO : Filtering template 122/384 segment 3/5
2026-09-08T16:08:56.349+01:00 INFO : Filtering template 122/384 segment 4/5
2026-09-08T16:08:56.366+01:00 INFO : 1 points above threshold
2026-09-08T16:08:56.371+01:00 INFO : Filtering template 122/384 segment 5/5
2026-09-08T16:08:56.389+01:00 INFO : 1 points above threshold
2026-09-08T16:08:56.394+01:00 INFO : 122: generating IMRPhenomD from 30.0 Hz
2026-09-08T16:08:56.397+01:00 INFO : Decompressing waveform using inline_linear
2026-09-08T16:08:56.402+01:00 INFO : Filtering template 123/384 segment 1/5
2026-09-08T16:08:56.422+01:00 INFO : 5 points above threshold
2026-09-08T16:08:56.443+01:00 INFO : Filtering template 123/384 segment 2/5
2026-09-08T16:08:56.461+01:00 INFO : 4 points above threshold
2026-09-08T16:08:56.470+01:00 INFO : Filtering template 123/384 segment 3/5
2026-09-08T16:08:56.487+01:00 INFO : 2 points above threshold
2026-09-08T16:08:56.494+01:00 INFO : Filtering template 123/384 segment 4/5
2026-09-08T16:08:56.512+01:00 INFO : Filtering template 123/384 segment 5/5
2026-09-08T16:08:56.529+01:00 INFO : 1 points above threshold
2026-09-08T16:08:56.535+01:00 INFO : 123: generating IMRPhenomD from 30.0 Hz
2026-09-08T16:08:56.538+01:00 INFO : Decompressing waveform using inline_linear
2026-09-08T16:08:56.542+01:00 INFO : Filtering template 124/384 segment 1/5
2026-09-08T16:08:56.562+01:00 INFO : 4 points above threshold
2026-09-08T16:08:56.581+01:00 INFO : Filtering template 124/384 segment 2/5
2026-09-08T16:08:56.598+01:00 INFO : 2 points above threshold
2026-09-08T16:08:56.605+01:00 INFO : Filtering template 124/384 segment 3/5
2026-09-08T16:08:56.623+01:00 INFO : 1 points above threshold
2026-09-08T16:08:56.628+01:00 INFO : Filtering template 124/384 segment 4/5
2026-09-08T16:08:56.645+01:00 INFO : 1 points above threshold
2026-09-08T16:08:56.651+01:00 INFO : Filtering template 124/384 segment 5/5
2026-09-08T16:08:56.668+01:00 INFO : 2 points above threshold
2026-09-08T16:08:56.675+01:00 INFO : 124: generating IMRPhenomD from 30.0 Hz
2026-09-08T16:08:56.678+01:00 INFO : Decompressing waveform using inline_linear
2026-09-08T16:08:56.683+01:00 INFO : Filtering template 125/384 segment 1/5
2026-09-08T16:08:56.705+01:00 INFO : 3 points above threshold
2026-09-08T16:08:56.726+01:00 INFO : Filtering template 125/384 segment 2/5
2026-09-08T16:08:56.746+01:00 INFO : Filtering template 125/384 segment 3/5
2026-09-08T16:08:56.768+01:00 INFO : 1 points above threshold
2026-09-08T16:08:56.774+01:00 INFO : Filtering template 125/384 segment 4/5
2026-09-08T16:08:56.793+01:00 INFO : 2 points above threshold
2026-09-08T16:08:56.801+01:00 INFO : Filtering template 125/384 segment 5/5
2026-09-08T16:08:56.819+01:00 INFO : 125: generating IMRPhenomD from 30.0 Hz
2026-09-08T16:08:56.822+01:00 INFO : Decompressing waveform using inline_linear
2026-09-08T16:08:56.826+01:00 INFO : Filtering template 126/384 segment 1/5
2026-09-08T16:08:56.846+01:00 INFO : 1 points above threshold
2026-09-08T16:08:56.862+01:00 INFO : Filtering template 126/384 segment 2/5
2026-09-08T16:08:56.879+01:00 INFO : Filtering template 126/384 segment 3/5
2026-09-08T16:08:56.897+01:00 INFO : 2 points above threshold
2026-09-08T16:08:56.906+01:00 INFO : Filtering template 126/384 segment 4/5
2026-09-08T16:08:56.924+01:00 INFO : Filtering template 126/384 segment 5/5
2026-09-08T16:08:56.942+01:00 INFO : 126: generating IMRPhenomD from 30.0 Hz
2026-09-08T16:08:56.944+01:00 INFO : Decompressing waveform using inline_linear
2026-09-08T16:08:56.949+01:00 INFO : Filtering template 127/384 segment 1/5
2026-09-08T16:08:56.969+01:00 INFO : 1 points above threshold
2026-09-08T16:08:56.984+01:00 INFO : Filtering template 127/384 segment 2/5
2026-09-08T16:08:57.002+01:00 INFO : 2 points above threshold
2026-09-08T16:08:57.009+01:00 INFO : Filtering template 127/384 segment 3/5
2026-09-08T16:08:57.026+01:00 INFO : 2 points above threshold
2026-09-08T16:08:57.033+01:00 INFO : Filtering template 127/384 segment 4/5
2026-09-08T16:08:57.051+01:00 INFO : 1 points above threshold
2026-09-08T16:08:57.056+01:00 INFO : Filtering template 127/384 segment 5/5
2026-09-08T16:08:57.074+01:00 INFO : 127: generating IMRPhenomD from 30.0 Hz
2026-09-08T16:08:57.077+01:00 INFO : Decompressing waveform using inline_linear
2026-09-08T16:08:57.081+01:00 INFO : Filtering template 128/384 segment 1/5
2026-09-08T16:08:57.101+01:00 INFO : 1 points above threshold
2026-09-08T16:08:57.116+01:00 INFO : Filtering template 128/384 segment 2/5
2026-09-08T16:08:57.134+01:00 INFO : 3 points above threshold
2026-09-08T16:08:57.143+01:00 INFO : Filtering template 128/384 segment 3/5
2026-09-08T16:08:57.161+01:00 INFO : 2 points above threshold
2026-09-08T16:08:57.168+01:00 INFO : Filtering template 128/384 segment 4/5
2026-09-08T16:08:57.185+01:00 INFO : Filtering template 128/384 segment 5/5
2026-09-08T16:08:57.203+01:00 INFO : 2 points above threshold
2026-09-08T16:08:57.210+01:00 INFO : 128: generating IMRPhenomD from 30.0 Hz
2026-09-08T16:08:57.212+01:00 INFO : Decompressing waveform using inline_linear
2026-09-08T16:08:57.217+01:00 INFO : Filtering template 129/384 segment 1/5
2026-09-08T16:08:57.237+01:00 INFO : 1 points above threshold
2026-09-08T16:08:57.252+01:00 INFO : Filtering template 129/384 segment 2/5
2026-09-08T16:08:57.270+01:00 INFO : Filtering template 129/384 segment 3/5
2026-09-08T16:08:57.287+01:00 INFO : 2 points above threshold
2026-09-08T16:08:57.294+01:00 INFO : Filtering template 129/384 segment 4/5
2026-09-08T16:08:57.312+01:00 INFO : Filtering template 129/384 segment 5/5
2026-09-08T16:08:57.329+01:00 INFO : 1 points above threshold
2026-09-08T16:08:57.335+01:00 INFO : 129: generating IMRPhenomD from 30.0 Hz
2026-09-08T16:08:57.337+01:00 INFO : Decompressing waveform using inline_linear
2026-09-08T16:08:57.342+01:00 INFO : Filtering template 130/384 segment 1/5
2026-09-08T16:08:57.362+01:00 INFO : 1 points above threshold
2026-09-08T16:08:57.377+01:00 INFO : Filtering template 130/384 segment 2/5
2026-09-08T16:08:57.395+01:00 INFO : 2 points above threshold
2026-09-08T16:08:57.402+01:00 INFO : Filtering template 130/384 segment 3/5
2026-09-08T16:08:57.419+01:00 INFO : 1 points above threshold
2026-09-08T16:08:57.424+01:00 INFO : Filtering template 130/384 segment 4/5
2026-09-08T16:08:57.442+01:00 INFO : 1 points above threshold
2026-09-08T16:08:57.447+01:00 INFO : Filtering template 130/384 segment 5/5
2026-09-08T16:08:57.464+01:00 INFO : 1 points above threshold
2026-09-08T16:08:57.470+01:00 INFO : 130: generating IMRPhenomD from 30.0 Hz
2026-09-08T16:08:57.472+01:00 INFO : Decompressing waveform using inline_linear
2026-09-08T16:08:57.477+01:00 INFO : Filtering template 131/384 segment 1/5
2026-09-08T16:08:57.497+01:00 INFO : 1 points above threshold
2026-09-08T16:08:57.512+01:00 INFO : Filtering template 131/384 segment 2/5
2026-09-08T16:08:57.530+01:00 INFO : 2 points above threshold
2026-09-08T16:08:57.537+01:00 INFO : Filtering template 131/384 segment 3/5
2026-09-08T16:08:57.554+01:00 INFO : Filtering template 131/384 segment 4/5
2026-09-08T16:08:57.572+01:00 INFO : 2 points above threshold
2026-09-08T16:08:57.579+01:00 INFO : Filtering template 131/384 segment 5/5
2026-09-08T16:08:57.597+01:00 INFO : 131: generating IMRPhenomD from 30.0 Hz
2026-09-08T16:08:57.600+01:00 INFO : Decompressing waveform using inline_linear
2026-09-08T16:08:57.604+01:00 INFO : Filtering template 132/384 segment 1/5
2026-09-08T16:08:57.624+01:00 INFO : 1 points above threshold
2026-09-08T16:08:57.639+01:00 INFO : Filtering template 132/384 segment 2/5
2026-09-08T16:08:57.657+01:00 INFO : Filtering template 132/384 segment 3/5
2026-09-08T16:08:57.675+01:00 INFO : Filtering template 132/384 segment 4/5
2026-09-08T16:08:57.692+01:00 INFO : 1 points above threshold
2026-09-08T16:08:57.697+01:00 INFO : Filtering template 132/384 segment 5/5
2026-09-08T16:08:57.715+01:00 INFO : 1 points above threshold
2026-09-08T16:08:57.720+01:00 INFO : 132: generating IMRPhenomD from 30.0 Hz
2026-09-08T16:08:57.723+01:00 INFO : Decompressing waveform using inline_linear
2026-09-08T16:08:57.728+01:00 INFO : Filtering template 133/384 segment 1/5
2026-09-08T16:08:57.747+01:00 INFO : 2 points above threshold
2026-09-08T16:08:57.764+01:00 INFO : Filtering template 133/384 segment 2/5
2026-09-08T16:08:57.782+01:00 INFO : Filtering template 133/384 segment 3/5
2026-09-08T16:08:57.800+01:00 INFO : 4 points above threshold
2026-09-08T16:08:57.808+01:00 INFO : Filtering template 133/384 segment 4/5
2026-09-08T16:08:57.826+01:00 INFO : 1 points above threshold
2026-09-08T16:08:57.831+01:00 INFO : Filtering template 133/384 segment 5/5
2026-09-08T16:08:57.848+01:00 INFO : 1 points above threshold
2026-09-08T16:08:57.854+01:00 INFO : 133: generating IMRPhenomD from 30.0 Hz
2026-09-08T16:08:57.857+01:00 INFO : Decompressing waveform using inline_linear
2026-09-08T16:08:57.861+01:00 INFO : Filtering template 134/384 segment 1/5
2026-09-08T16:08:57.881+01:00 INFO : 1 points above threshold
2026-09-08T16:08:57.897+01:00 INFO : Filtering template 134/384 segment 2/5
2026-09-08T16:08:57.914+01:00 INFO : Filtering template 134/384 segment 3/5
2026-09-08T16:08:57.932+01:00 INFO : 1 points above threshold
2026-09-08T16:08:57.937+01:00 INFO : Filtering template 134/384 segment 4/5
2026-09-08T16:08:57.955+01:00 INFO : 1 points above threshold
2026-09-08T16:08:57.960+01:00 INFO : Filtering template 134/384 segment 5/5
2026-09-08T16:08:57.978+01:00 INFO : 134: generating IMRPhenomD from 30.0 Hz
2026-09-08T16:08:57.981+01:00 INFO : Decompressing waveform using inline_linear
2026-09-08T16:08:57.986+01:00 INFO : Filtering template 135/384 segment 1/5
2026-09-08T16:08:58.005+01:00 INFO : 2 points above threshold
2026-09-08T16:08:58.023+01:00 INFO : Filtering template 135/384 segment 2/5
2026-09-08T16:08:58.040+01:00 INFO : 1 points above threshold
2026-09-08T16:08:58.045+01:00 INFO : Filtering template 135/384 segment 3/5
2026-09-08T16:08:58.063+01:00 INFO : Filtering template 135/384 segment 4/5
2026-09-08T16:08:58.081+01:00 INFO : 2 points above threshold
2026-09-08T16:08:58.088+01:00 INFO : Filtering template 135/384 segment 5/5
2026-09-08T16:08:58.105+01:00 INFO : 4 points above threshold
2026-09-08T16:08:58.114+01:00 INFO : 135: generating IMRPhenomD from 30.0 Hz
2026-09-08T16:08:58.117+01:00 INFO : Decompressing waveform using inline_linear
2026-09-08T16:08:58.122+01:00 INFO : Filtering template 136/384 segment 1/5
2026-09-08T16:08:58.142+01:00 INFO : 1 points above threshold
2026-09-08T16:08:58.158+01:00 INFO : Filtering template 136/384 segment 2/5
2026-09-08T16:08:58.175+01:00 INFO : 1 points above threshold
2026-09-08T16:08:58.181+01:00 INFO : Filtering template 136/384 segment 3/5
2026-09-08T16:08:58.198+01:00 INFO : 3 points above threshold
2026-09-08T16:08:58.207+01:00 INFO : Filtering template 136/384 segment 4/5
2026-09-08T16:08:58.225+01:00 INFO : Filtering template 136/384 segment 5/5
2026-09-08T16:08:58.242+01:00 INFO : 1 points above threshold
2026-09-08T16:08:58.248+01:00 INFO : 136: generating IMRPhenomD from 30.0 Hz
2026-09-08T16:08:58.250+01:00 INFO : Decompressing waveform using inline_linear
2026-09-08T16:08:58.255+01:00 INFO : Filtering template 137/384 segment 1/5
2026-09-08T16:08:58.275+01:00 INFO : 1 points above threshold
2026-09-08T16:08:58.291+01:00 INFO : Filtering template 137/384 segment 2/5
2026-09-08T16:08:58.309+01:00 INFO : Filtering template 137/384 segment 3/5
2026-09-08T16:08:58.327+01:00 INFO : 3 points above threshold
2026-09-08T16:08:58.336+01:00 INFO : Filtering template 137/384 segment 4/5
2026-09-08T16:08:58.353+01:00 INFO : Filtering template 137/384 segment 5/5
2026-09-08T16:08:58.371+01:00 INFO : 1 points above threshold
2026-09-08T16:08:58.376+01:00 INFO : 137: generating IMRPhenomD from 30.0 Hz
2026-09-08T16:08:58.379+01:00 INFO : Decompressing waveform using inline_linear
2026-09-08T16:08:58.384+01:00 INFO : Filtering template 138/384 segment 1/5
2026-09-08T16:08:58.404+01:00 INFO : 2 points above threshold
2026-09-08T16:08:58.422+01:00 INFO : Filtering template 138/384 segment 2/5
2026-09-08T16:08:58.440+01:00 INFO : 1 points above threshold
2026-09-08T16:08:58.445+01:00 INFO : Filtering template 138/384 segment 3/5
2026-09-08T16:08:58.463+01:00 INFO : Filtering template 138/384 segment 4/5
2026-09-08T16:08:58.480+01:00 INFO : Filtering template 138/384 segment 5/5
2026-09-08T16:08:58.498+01:00 INFO : 2 points above threshold
2026-09-08T16:08:58.505+01:00 INFO : 138: generating IMRPhenomD from 30.0 Hz
2026-09-08T16:08:58.508+01:00 INFO : Decompressing waveform using inline_linear
2026-09-08T16:08:58.513+01:00 INFO : Filtering template 139/384 segment 1/5
2026-09-08T16:08:58.533+01:00 INFO : Filtering template 139/384 segment 2/5
2026-09-08T16:08:58.550+01:00 INFO : Filtering template 139/384 segment 3/5
2026-09-08T16:08:58.568+01:00 INFO : 2 points above threshold
2026-09-08T16:08:58.586+01:00 INFO : Filtering template 139/384 segment 4/5
2026-09-08T16:08:58.604+01:00 INFO : Filtering template 139/384 segment 5/5
2026-09-08T16:08:58.621+01:00 INFO : 1 points above threshold
2026-09-08T16:08:58.627+01:00 INFO : 139: generating IMRPhenomD from 30.0 Hz
2026-09-08T16:08:58.629+01:00 INFO : Decompressing waveform using inline_linear
2026-09-08T16:08:58.634+01:00 INFO : Filtering template 140/384 segment 1/5
2026-09-08T16:08:58.654+01:00 INFO : 2 points above threshold
2026-09-08T16:08:58.673+01:00 INFO : Filtering template 140/384 segment 2/5
2026-09-08T16:08:58.690+01:00 INFO : 3 points above threshold
2026-09-08T16:08:58.699+01:00 INFO : Filtering template 140/384 segment 3/5
2026-09-08T16:08:58.717+01:00 INFO : 2 points above threshold
2026-09-08T16:08:58.724+01:00 INFO : Filtering template 140/384 segment 4/5
2026-09-08T16:08:58.742+01:00 INFO : 1 points above threshold
2026-09-08T16:08:58.747+01:00 INFO : Filtering template 140/384 segment 5/5
2026-09-08T16:08:58.764+01:00 INFO : 2 points above threshold
2026-09-08T16:08:58.772+01:00 INFO : 140: generating IMRPhenomD from 30.0 Hz
2026-09-08T16:08:58.774+01:00 INFO : Decompressing waveform using inline_linear
2026-09-08T16:08:58.779+01:00 INFO : Filtering template 141/384 segment 1/5
2026-09-08T16:08:58.799+01:00 INFO : 1 points above threshold
2026-09-08T16:08:58.814+01:00 INFO : Filtering template 141/384 segment 2/5
2026-09-08T16:08:58.832+01:00 INFO : 3 points above threshold
2026-09-08T16:08:58.841+01:00 INFO : Filtering template 141/384 segment 3/5
2026-09-08T16:08:58.858+01:00 INFO : Filtering template 141/384 segment 4/5
2026-09-08T16:08:58.876+01:00 INFO : 2 points above threshold
2026-09-08T16:08:58.883+01:00 INFO : Filtering template 141/384 segment 5/5
2026-09-08T16:08:58.901+01:00 INFO : 141: generating IMRPhenomD from 30.0 Hz
2026-09-08T16:08:58.904+01:00 INFO : Decompressing waveform using inline_linear
2026-09-08T16:08:58.908+01:00 INFO : Filtering template 142/384 segment 1/5
2026-09-08T16:08:58.928+01:00 INFO : 1 points above threshold
2026-09-08T16:08:58.943+01:00 INFO : Filtering template 142/384 segment 2/5
2026-09-08T16:08:58.961+01:00 INFO : 1 points above threshold
2026-09-08T16:08:58.966+01:00 INFO : Filtering template 142/384 segment 3/5
2026-09-08T16:08:58.984+01:00 INFO : 2 points above threshold
2026-09-08T16:08:58.991+01:00 INFO : Filtering template 142/384 segment 4/5
2026-09-08T16:08:59.008+01:00 INFO : 3 points above threshold
2026-09-08T16:08:59.017+01:00 INFO : Filtering template 142/384 segment 5/5
2026-09-08T16:08:59.035+01:00 INFO : 1 points above threshold
2026-09-08T16:08:59.040+01:00 INFO : 142: generating IMRPhenomD from 30.0 Hz
2026-09-08T16:08:59.043+01:00 INFO : Decompressing waveform using inline_linear
2026-09-08T16:08:59.048+01:00 INFO : Filtering template 143/384 segment 1/5
2026-09-08T16:08:59.068+01:00 INFO : 2 points above threshold
2026-09-08T16:08:59.085+01:00 INFO : Filtering template 143/384 segment 2/5
2026-09-08T16:08:59.102+01:00 INFO : Filtering template 143/384 segment 3/5
2026-09-08T16:08:59.120+01:00 INFO : Filtering template 143/384 segment 4/5
2026-09-08T16:08:59.138+01:00 INFO : 2 points above threshold
2026-09-08T16:08:59.145+01:00 INFO : Filtering template 143/384 segment 5/5
2026-09-08T16:08:59.162+01:00 INFO : 143: generating IMRPhenomD from 30.0 Hz
2026-09-08T16:08:59.165+01:00 INFO : Decompressing waveform using inline_linear
2026-09-08T16:08:59.170+01:00 INFO : Filtering template 144/384 segment 1/5
2026-09-08T16:08:59.190+01:00 INFO : 2 points above threshold
2026-09-08T16:08:59.207+01:00 INFO : Filtering template 144/384 segment 2/5
2026-09-08T16:08:59.224+01:00 INFO : 1 points above threshold
2026-09-08T16:08:59.230+01:00 INFO : Filtering template 144/384 segment 3/5
2026-09-08T16:08:59.247+01:00 INFO : 1 points above threshold
2026-09-08T16:08:59.252+01:00 INFO : Filtering template 144/384 segment 4/5
2026-09-08T16:08:59.270+01:00 INFO : 1 points above threshold
2026-09-08T16:08:59.275+01:00 INFO : Filtering template 144/384 segment 5/5
2026-09-08T16:08:59.293+01:00 INFO : 1 points above threshold
2026-09-08T16:08:59.298+01:00 INFO : 144: generating IMRPhenomD from 30.0 Hz
2026-09-08T16:08:59.301+01:00 INFO : Decompressing waveform using inline_linear
2026-09-08T16:08:59.305+01:00 INFO : Filtering template 145/384 segment 1/5
2026-09-08T16:08:59.325+01:00 INFO : 2 points above threshold
2026-09-08T16:08:59.342+01:00 INFO : Filtering template 145/384 segment 2/5
2026-09-08T16:08:59.360+01:00 INFO : 3 points above threshold
2026-09-08T16:08:59.369+01:00 INFO : Filtering template 145/384 segment 3/5
2026-09-08T16:08:59.386+01:00 INFO : 1 points above threshold
2026-09-08T16:08:59.392+01:00 INFO : Filtering template 145/384 segment 4/5
2026-09-08T16:08:59.409+01:00 INFO : Filtering template 145/384 segment 5/5
2026-09-08T16:08:59.427+01:00 INFO : 145: generating IMRPhenomD from 30.0 Hz
2026-09-08T16:08:59.430+01:00 INFO : Decompressing waveform using inline_linear
2026-09-08T16:08:59.435+01:00 INFO : Filtering template 146/384 segment 1/5
2026-09-08T16:08:59.454+01:00 INFO : 4 points above threshold
2026-09-08T16:08:59.473+01:00 INFO : Filtering template 146/384 segment 2/5
2026-09-08T16:08:59.491+01:00 INFO : Filtering template 146/384 segment 3/5
2026-09-08T16:08:59.508+01:00 INFO : 1 points above threshold
2026-09-08T16:08:59.513+01:00 INFO : Filtering template 146/384 segment 4/5
2026-09-08T16:08:59.531+01:00 INFO : 3 points above threshold
2026-09-08T16:08:59.540+01:00 INFO : Filtering template 146/384 segment 5/5
2026-09-08T16:08:59.557+01:00 INFO : 2 points above threshold
2026-09-08T16:08:59.565+01:00 INFO : 146: generating IMRPhenomD from 30.0 Hz
2026-09-08T16:08:59.567+01:00 INFO : Decompressing waveform using inline_linear
2026-09-08T16:08:59.572+01:00 INFO : Filtering template 147/384 segment 1/5
2026-09-08T16:08:59.592+01:00 INFO : 1 points above threshold
2026-09-08T16:08:59.608+01:00 INFO : Filtering template 147/384 segment 2/5
2026-09-08T16:08:59.625+01:00 INFO : Filtering template 147/384 segment 3/5
2026-09-08T16:08:59.643+01:00 INFO : 1 points above threshold
2026-09-08T16:08:59.648+01:00 INFO : Filtering template 147/384 segment 4/5
2026-09-08T16:08:59.666+01:00 INFO : Filtering template 147/384 segment 5/5
2026-09-08T16:08:59.683+01:00 INFO : 3 points above threshold
2026-09-08T16:08:59.692+01:00 INFO : 147: generating IMRPhenomD from 30.0 Hz
2026-09-08T16:08:59.695+01:00 INFO : Decompressing waveform using inline_linear
2026-09-08T16:08:59.700+01:00 INFO : Filtering template 148/384 segment 1/5
2026-09-08T16:08:59.720+01:00 INFO : 2 points above threshold
2026-09-08T16:08:59.737+01:00 INFO : Filtering template 148/384 segment 2/5
2026-09-08T16:08:59.754+01:00 INFO : 2 points above threshold
2026-09-08T16:08:59.761+01:00 INFO : Filtering template 148/384 segment 3/5
2026-09-08T16:08:59.779+01:00 INFO : 1 points above threshold
2026-09-08T16:08:59.784+01:00 INFO : Filtering template 148/384 segment 4/5
2026-09-08T16:08:59.802+01:00 INFO : Filtering template 148/384 segment 5/5
2026-09-08T16:08:59.819+01:00 INFO : 148: generating IMRPhenomD from 30.0 Hz
2026-09-08T16:08:59.822+01:00 INFO : Decompressing waveform using inline_linear
2026-09-08T16:08:59.827+01:00 INFO : Filtering template 149/384 segment 1/5
2026-09-08T16:08:59.847+01:00 INFO : Filtering template 149/384 segment 2/5
2026-09-08T16:08:59.865+01:00 INFO : 3 points above threshold
2026-09-08T16:08:59.884+01:00 INFO : Filtering template 149/384 segment 3/5
2026-09-08T16:08:59.902+01:00 INFO : 1 points above threshold
2026-09-08T16:08:59.907+01:00 INFO : Filtering template 149/384 segment 4/5
2026-09-08T16:08:59.924+01:00 INFO : Filtering template 149/384 segment 5/5
2026-09-08T16:08:59.942+01:00 INFO : 1 points above threshold
2026-09-08T16:08:59.950+01:00 INFO : 149: generating IMRPhenomD from 30.0 Hz
2026-09-08T16:08:59.953+01:00 INFO : Decompressing waveform using inline_linear
2026-09-08T16:08:59.958+01:00 INFO : Filtering template 150/384 segment 1/5
2026-09-08T16:08:59.977+01:00 INFO : 1 points above threshold
2026-09-08T16:08:59.993+01:00 INFO : Filtering template 150/384 segment 2/5
2026-09-08T16:09:00.010+01:00 INFO : Filtering template 150/384 segment 3/5
2026-09-08T16:09:00.028+01:00 INFO : 1 points above threshold
2026-09-08T16:09:00.033+01:00 INFO : Filtering template 150/384 segment 4/5
2026-09-08T16:09:00.051+01:00 INFO : 3 points above threshold
2026-09-08T16:09:00.060+01:00 INFO : Filtering template 150/384 segment 5/5
2026-09-08T16:09:00.077+01:00 INFO : 2 points above threshold
2026-09-08T16:09:00.085+01:00 INFO : 150: generating IMRPhenomD from 30.0 Hz
2026-09-08T16:09:00.087+01:00 INFO : Decompressing waveform using inline_linear
2026-09-08T16:09:00.092+01:00 INFO : Filtering template 151/384 segment 1/5
2026-09-08T16:09:00.112+01:00 INFO : 1 points above threshold
2026-09-08T16:09:00.127+01:00 INFO : Filtering template 151/384 segment 2/5
2026-09-08T16:09:00.145+01:00 INFO : 2 points above threshold
2026-09-08T16:09:00.152+01:00 INFO : Filtering template 151/384 segment 3/5
2026-09-08T16:09:00.170+01:00 INFO : Filtering template 151/384 segment 4/5
2026-09-08T16:09:00.187+01:00 INFO : Filtering template 151/384 segment 5/5
2026-09-08T16:09:00.205+01:00 INFO : 151: generating IMRPhenomD from 30.0 Hz
2026-09-08T16:09:00.208+01:00 INFO : Decompressing waveform using inline_linear
2026-09-08T16:09:00.213+01:00 INFO : Filtering template 152/384 segment 1/5
2026-09-08T16:09:00.233+01:00 INFO : 1 points above threshold
2026-09-08T16:09:00.248+01:00 INFO : Filtering template 152/384 segment 2/5
2026-09-08T16:09:00.265+01:00 INFO : 2 points above threshold
2026-09-08T16:09:00.272+01:00 INFO : Filtering template 152/384 segment 3/5
2026-09-08T16:09:00.290+01:00 INFO : 1 points above threshold
2026-09-08T16:09:00.295+01:00 INFO : Filtering template 152/384 segment 4/5
2026-09-08T16:09:00.313+01:00 INFO : Filtering template 152/384 segment 5/5
2026-09-08T16:09:00.330+01:00 INFO : 1 points above threshold
2026-09-08T16:09:00.336+01:00 INFO : 152: generating IMRPhenomD from 30.0 Hz
2026-09-08T16:09:00.338+01:00 INFO : Decompressing waveform using inline_linear
2026-09-08T16:09:00.343+01:00 INFO : Filtering template 153/384 segment 1/5
2026-09-08T16:09:00.363+01:00 INFO : 1 points above threshold
2026-09-08T16:09:00.378+01:00 INFO : Filtering template 153/384 segment 2/5
2026-09-08T16:09:00.396+01:00 INFO : 4 points above threshold
2026-09-08T16:09:00.404+01:00 INFO : Filtering template 153/384 segment 3/5
2026-09-08T16:09:00.422+01:00 INFO : 1 points above threshold
2026-09-08T16:09:00.427+01:00 INFO : Filtering template 153/384 segment 4/5
2026-09-08T16:09:00.445+01:00 INFO : Filtering template 153/384 segment 5/5
2026-09-08T16:09:00.463+01:00 INFO : 153: generating IMRPhenomD from 30.0 Hz
2026-09-08T16:09:00.466+01:00 INFO : Decompressing waveform using inline_linear
2026-09-08T16:09:00.470+01:00 INFO : Filtering template 154/384 segment 1/5
2026-09-08T16:09:00.490+01:00 INFO : 2 points above threshold
2026-09-08T16:09:00.507+01:00 INFO : Filtering template 154/384 segment 2/5
2026-09-08T16:09:00.525+01:00 INFO : 2 points above threshold
2026-09-08T16:09:00.532+01:00 INFO : Filtering template 154/384 segment 3/5
2026-09-08T16:09:00.549+01:00 INFO : Filtering template 154/384 segment 4/5
2026-09-08T16:09:00.567+01:00 INFO : 2 points above threshold
2026-09-08T16:09:00.574+01:00 INFO : Filtering template 154/384 segment 5/5
2026-09-08T16:09:00.591+01:00 INFO : 154: generating IMRPhenomD from 30.0 Hz
2026-09-08T16:09:00.594+01:00 INFO : Decompressing waveform using inline_linear
2026-09-08T16:09:00.599+01:00 INFO : Filtering template 155/384 segment 1/5
2026-09-08T16:09:00.619+01:00 INFO : Filtering template 155/384 segment 2/5
2026-09-08T16:09:00.637+01:00 INFO : 1 points above threshold
2026-09-08T16:09:00.652+01:00 INFO : Filtering template 155/384 segment 3/5
2026-09-08T16:09:00.670+01:00 INFO : 1 points above threshold
2026-09-08T16:09:00.675+01:00 INFO : Filtering template 155/384 segment 4/5
2026-09-08T16:09:00.692+01:00 INFO : 3 points above threshold
2026-09-08T16:09:00.702+01:00 INFO : Filtering template 155/384 segment 5/5
2026-09-08T16:09:00.719+01:00 INFO : 155: generating IMRPhenomD from 30.0 Hz
2026-09-08T16:09:00.722+01:00 INFO : Decompressing waveform using inline_linear
2026-09-08T16:09:00.727+01:00 INFO : Filtering template 156/384 segment 1/5
2026-09-08T16:09:00.747+01:00 INFO : 1 points above threshold
2026-09-08T16:09:00.762+01:00 INFO : Filtering template 156/384 segment 2/5
2026-09-08T16:09:00.780+01:00 INFO : Filtering template 156/384 segment 3/5
2026-09-08T16:09:00.797+01:00 INFO : Filtering template 156/384 segment 4/5
2026-09-08T16:09:00.815+01:00 INFO : 3 points above threshold
2026-09-08T16:09:00.824+01:00 INFO : Filtering template 156/384 segment 5/5
2026-09-08T16:09:00.842+01:00 INFO : 156: generating IMRPhenomD from 30.0 Hz
2026-09-08T16:09:00.845+01:00 INFO : Decompressing waveform using inline_linear
2026-09-08T16:09:00.850+01:00 INFO : Filtering template 157/384 segment 1/5
2026-09-08T16:09:00.870+01:00 INFO : 1 points above threshold
2026-09-08T16:09:00.886+01:00 INFO : Filtering template 157/384 segment 2/5
2026-09-08T16:09:00.904+01:00 INFO : 1 points above threshold
2026-09-08T16:09:00.909+01:00 INFO : Filtering template 157/384 segment 3/5
2026-09-08T16:09:00.927+01:00 INFO : Filtering template 157/384 segment 4/5
2026-09-08T16:09:00.944+01:00 INFO : 2 points above threshold
2026-09-08T16:09:00.951+01:00 INFO : Filtering template 157/384 segment 5/5
2026-09-08T16:09:00.969+01:00 INFO : 3 points above threshold
2026-09-08T16:09:00.978+01:00 INFO : 157: generating IMRPhenomD from 30.0 Hz
2026-09-08T16:09:00.981+01:00 INFO : Decompressing waveform using inline_linear
2026-09-08T16:09:00.985+01:00 INFO : Filtering template 158/384 segment 1/5
2026-09-08T16:09:01.005+01:00 INFO : 1 points above threshold
2026-09-08T16:09:01.021+01:00 INFO : Filtering template 158/384 segment 2/5
2026-09-08T16:09:01.038+01:00 INFO : 1 points above threshold
2026-09-08T16:09:01.043+01:00 INFO : Filtering template 158/384 segment 3/5
2026-09-08T16:09:01.061+01:00 INFO : 1 points above threshold
2026-09-08T16:09:01.066+01:00 INFO : Filtering template 158/384 segment 4/5
2026-09-08T16:09:01.083+01:00 INFO : Filtering template 158/384 segment 5/5
2026-09-08T16:09:01.101+01:00 INFO : 158: generating IMRPhenomD from 30.0 Hz
2026-09-08T16:09:01.104+01:00 INFO : Decompressing waveform using inline_linear
2026-09-08T16:09:01.109+01:00 INFO : Filtering template 159/384 segment 1/5
2026-09-08T16:09:01.129+01:00 INFO : Filtering template 159/384 segment 2/5
2026-09-08T16:09:01.147+01:00 INFO : 2 points above threshold
2026-09-08T16:09:01.164+01:00 INFO : Filtering template 159/384 segment 3/5
2026-09-08T16:09:01.181+01:00 INFO : 1 points above threshold
2026-09-08T16:09:01.189+01:00 INFO : Filtering template 159/384 segment 4/5
2026-09-08T16:09:01.207+01:00 INFO : 2 points above threshold
2026-09-08T16:09:01.214+01:00 INFO : Filtering template 159/384 segment 5/5
2026-09-08T16:09:01.231+01:00 INFO : 1 points above threshold
2026-09-08T16:09:01.236+01:00 INFO : 159: generating IMRPhenomD from 30.0 Hz
2026-09-08T16:09:01.239+01:00 INFO : Decompressing waveform using inline_linear
2026-09-08T16:09:01.244+01:00 INFO : Filtering template 160/384 segment 1/5
2026-09-08T16:09:01.264+01:00 INFO : 1 points above threshold
2026-09-08T16:09:01.279+01:00 INFO : Filtering template 160/384 segment 2/5
2026-09-08T16:09:01.297+01:00 INFO : 1 points above threshold
2026-09-08T16:09:01.302+01:00 INFO : Filtering template 160/384 segment 3/5
2026-09-08T16:09:01.319+01:00 INFO : 1 points above threshold
2026-09-08T16:09:01.324+01:00 INFO : Filtering template 160/384 segment 4/5
2026-09-08T16:09:01.342+01:00 INFO : Filtering template 160/384 segment 5/5
2026-09-08T16:09:01.360+01:00 INFO : 1 points above threshold
2026-09-08T16:09:01.366+01:00 INFO : 160: generating IMRPhenomD from 30.0 Hz
2026-09-08T16:09:01.369+01:00 INFO : Decompressing waveform using inline_linear
2026-09-08T16:09:01.374+01:00 INFO : Filtering template 161/384 segment 1/5
2026-09-08T16:09:01.393+01:00 INFO : 1 points above threshold
2026-09-08T16:09:01.409+01:00 INFO : Filtering template 161/384 segment 2/5
2026-09-08T16:09:01.426+01:00 INFO : 2 points above threshold
2026-09-08T16:09:01.433+01:00 INFO : Filtering template 161/384 segment 3/5
2026-09-08T16:09:01.451+01:00 INFO : 1 points above threshold
2026-09-08T16:09:01.456+01:00 INFO : Filtering template 161/384 segment 4/5
2026-09-08T16:09:01.473+01:00 INFO : 1 points above threshold
2026-09-08T16:09:01.478+01:00 INFO : Filtering template 161/384 segment 5/5
2026-09-08T16:09:01.496+01:00 INFO : 3 points above threshold
2026-09-08T16:09:01.505+01:00 INFO : 161: generating IMRPhenomD from 30.0 Hz
2026-09-08T16:09:01.508+01:00 INFO : Decompressing waveform using inline_linear
2026-09-08T16:09:01.513+01:00 INFO : Filtering template 162/384 segment 1/5
2026-09-08T16:09:01.533+01:00 INFO : Filtering template 162/384 segment 2/5
2026-09-08T16:09:01.550+01:00 INFO : 2 points above threshold
2026-09-08T16:09:01.567+01:00 INFO : Filtering template 162/384 segment 3/5
2026-09-08T16:09:01.585+01:00 INFO : 1 points above threshold
2026-09-08T16:09:01.590+01:00 INFO : Filtering template 162/384 segment 4/5
2026-09-08T16:09:01.607+01:00 INFO : 1 points above threshold
2026-09-08T16:09:01.612+01:00 INFO : Filtering template 162/384 segment 5/5
2026-09-08T16:09:01.630+01:00 INFO : 1 points above threshold
2026-09-08T16:09:01.635+01:00 INFO : 162: generating IMRPhenomD from 30.0 Hz
2026-09-08T16:09:01.655+01:00 INFO : Decompressing waveform using inline_linear
2026-09-08T16:09:01.660+01:00 INFO : Filtering template 163/384 segment 1/5
2026-09-08T16:09:01.688+01:00 INFO : 2 points above threshold
2026-09-08T16:09:01.709+01:00 INFO : Filtering template 163/384 segment 2/5
2026-09-08T16:09:01.727+01:00 INFO : 3 points above threshold
2026-09-08T16:09:01.736+01:00 INFO : Filtering template 163/384 segment 3/5
2026-09-08T16:09:01.754+01:00 INFO : Filtering template 163/384 segment 4/5
2026-09-08T16:09:01.772+01:00 INFO : 3 points above threshold
2026-09-08T16:09:01.781+01:00 INFO : Filtering template 163/384 segment 5/5
2026-09-08T16:09:01.800+01:00 INFO : 2 points above threshold
2026-09-08T16:09:01.808+01:00 INFO : 163: generating IMRPhenomD from 30.0 Hz
2026-09-08T16:09:01.811+01:00 INFO : Decompressing waveform using inline_linear
2026-09-08T16:09:01.816+01:00 INFO : Filtering template 164/384 segment 1/5
2026-09-08T16:09:01.840+01:00 INFO : 2 points above threshold
2026-09-08T16:09:01.858+01:00 INFO : Filtering template 164/384 segment 2/5
2026-09-08T16:09:01.877+01:00 INFO : 1 points above threshold
2026-09-08T16:09:01.882+01:00 INFO : Filtering template 164/384 segment 3/5
2026-09-08T16:09:01.901+01:00 INFO : 1 points above threshold
2026-09-08T16:09:01.907+01:00 INFO : Filtering template 164/384 segment 4/5
2026-09-08T16:09:01.924+01:00 INFO : Filtering template 164/384 segment 5/5
2026-09-08T16:09:01.942+01:00 INFO : 1 points above threshold
2026-09-08T16:09:01.947+01:00 INFO : 164: generating IMRPhenomD from 30.0 Hz
2026-09-08T16:09:01.950+01:00 INFO : Decompressing waveform using inline_linear
2026-09-08T16:09:01.955+01:00 INFO : Filtering template 165/384 segment 1/5
2026-09-08T16:09:01.975+01:00 INFO : 1 points above threshold
2026-09-08T16:09:01.990+01:00 INFO : Filtering template 165/384 segment 2/5
2026-09-08T16:09:02.008+01:00 INFO : Filtering template 165/384 segment 3/5
2026-09-08T16:09:02.026+01:00 INFO : 2 points above threshold
2026-09-08T16:09:02.033+01:00 INFO : Filtering template 165/384 segment 4/5
2026-09-08T16:09:02.050+01:00 INFO : 1 points above threshold
2026-09-08T16:09:02.055+01:00 INFO : Filtering template 165/384 segment 5/5
2026-09-08T16:09:02.073+01:00 INFO : 1 points above threshold
2026-09-08T16:09:02.078+01:00 INFO : 165: generating IMRPhenomD from 30.0 Hz
2026-09-08T16:09:02.081+01:00 INFO : Decompressing waveform using inline_linear
2026-09-08T16:09:02.086+01:00 INFO : Filtering template 166/384 segment 1/5
2026-09-08T16:09:02.106+01:00 INFO : 2 points above threshold
2026-09-08T16:09:02.123+01:00 INFO : Filtering template 166/384 segment 2/5
2026-09-08T16:09:02.141+01:00 INFO : Filtering template 166/384 segment 3/5
2026-09-08T16:09:02.158+01:00 INFO : Filtering template 166/384 segment 4/5
2026-09-08T16:09:02.176+01:00 INFO : 3 points above threshold
2026-09-08T16:09:02.185+01:00 INFO : Filtering template 166/384 segment 5/5
2026-09-08T16:09:02.203+01:00 INFO : 3 points above threshold
2026-09-08T16:09:02.212+01:00 INFO : 166: generating IMRPhenomD from 30.0 Hz
2026-09-08T16:09:02.215+01:00 INFO : Decompressing waveform using inline_linear
2026-09-08T16:09:02.220+01:00 INFO : Filtering template 167/384 segment 1/5
2026-09-08T16:09:02.239+01:00 INFO : 1 points above threshold
2026-09-08T16:09:02.255+01:00 INFO : Filtering template 167/384 segment 2/5
2026-09-08T16:09:02.272+01:00 INFO : Filtering template 167/384 segment 3/5
2026-09-08T16:09:02.290+01:00 INFO : 1 points above threshold
2026-09-08T16:09:02.295+01:00 INFO : Filtering template 167/384 segment 4/5
2026-09-08T16:09:02.313+01:00 INFO : Filtering template 167/384 segment 5/5
2026-09-08T16:09:02.330+01:00 INFO : 167: generating IMRPhenomD from 30.0 Hz
2026-09-08T16:09:02.333+01:00 INFO : Decompressing waveform using inline_linear
2026-09-08T16:09:02.338+01:00 INFO : Filtering template 168/384 segment 1/5
2026-09-08T16:09:02.358+01:00 INFO : 4 points above threshold
2026-09-08T16:09:02.377+01:00 INFO : Filtering template 168/384 segment 2/5
2026-09-08T16:09:02.394+01:00 INFO : 1 points above threshold
2026-09-08T16:09:02.399+01:00 INFO : Filtering template 168/384 segment 3/5
2026-09-08T16:09:02.417+01:00 INFO : 1 points above threshold
2026-09-08T16:09:02.422+01:00 INFO : Filtering template 168/384 segment 4/5
2026-09-08T16:09:02.440+01:00 INFO : 1 points above threshold
2026-09-08T16:09:02.445+01:00 INFO : Filtering template 168/384 segment 5/5
2026-09-08T16:09:02.462+01:00 INFO : 1 points above threshold
2026-09-08T16:09:02.468+01:00 INFO : 168: generating IMRPhenomD from 30.0 Hz
2026-09-08T16:09:02.470+01:00 INFO : Decompressing waveform using inline_linear
2026-09-08T16:09:02.475+01:00 INFO : Filtering template 169/384 segment 1/5
2026-09-08T16:09:02.495+01:00 INFO : 5 points above threshold
2026-09-08T16:09:02.517+01:00 INFO : Filtering template 169/384 segment 2/5
2026-09-08T16:09:02.534+01:00 INFO : 1 points above threshold
2026-09-08T16:09:02.539+01:00 INFO : Filtering template 169/384 segment 3/5
2026-09-08T16:09:02.557+01:00 INFO : 3 points above threshold
2026-09-08T16:09:02.566+01:00 INFO : Filtering template 169/384 segment 4/5
2026-09-08T16:09:02.584+01:00 INFO : 1 points above threshold
2026-09-08T16:09:02.589+01:00 INFO : Filtering template 169/384 segment 5/5
2026-09-08T16:09:02.607+01:00 INFO : 169: generating IMRPhenomD from 30.0 Hz
2026-09-08T16:09:02.609+01:00 INFO : Decompressing waveform using inline_linear
2026-09-08T16:09:02.614+01:00 INFO : Filtering template 170/384 segment 1/5
2026-09-08T16:09:02.634+01:00 INFO : Filtering template 170/384 segment 2/5
2026-09-08T16:09:02.652+01:00 INFO : 2 points above threshold
2026-09-08T16:09:02.669+01:00 INFO : Filtering template 170/384 segment 3/5
2026-09-08T16:09:02.686+01:00 INFO : 2 points above threshold
2026-09-08T16:09:02.693+01:00 INFO : Filtering template 170/384 segment 4/5
2026-09-08T16:09:02.711+01:00 INFO : Filtering template 170/384 segment 5/5
2026-09-08T16:09:02.729+01:00 INFO : 170: generating IMRPhenomD from 30.0 Hz
2026-09-08T16:09:02.732+01:00 INFO : Decompressing waveform using inline_linear
2026-09-08T16:09:02.737+01:00 INFO : Filtering template 171/384 segment 1/5
2026-09-08T16:09:02.756+01:00 INFO : 2 points above threshold
2026-09-08T16:09:02.773+01:00 INFO : Filtering template 171/384 segment 2/5
2026-09-08T16:09:02.791+01:00 INFO : 1 points above threshold
2026-09-08T16:09:02.796+01:00 INFO : Filtering template 171/384 segment 3/5
2026-09-08T16:09:02.814+01:00 INFO : 3 points above threshold
2026-09-08T16:09:02.823+01:00 INFO : Filtering template 171/384 segment 4/5
2026-09-08T16:09:02.840+01:00 INFO : 1 points above threshold
2026-09-08T16:09:02.845+01:00 INFO : Filtering template 171/384 segment 5/5
2026-09-08T16:09:02.863+01:00 INFO : 1 points above threshold
2026-09-08T16:09:02.868+01:00 INFO : 171: generating IMRPhenomD from 30.0 Hz
2026-09-08T16:09:02.871+01:00 INFO : Decompressing waveform using inline_linear
2026-09-08T16:09:02.876+01:00 INFO : Filtering template 172/384 segment 1/5
2026-09-08T16:09:02.896+01:00 INFO : 4 points above threshold
2026-09-08T16:09:02.914+01:00 INFO : Filtering template 172/384 segment 2/5
2026-09-08T16:09:02.932+01:00 INFO : 1 points above threshold
2026-09-08T16:09:02.937+01:00 INFO : Filtering template 172/384 segment 3/5
2026-09-08T16:09:02.954+01:00 INFO : Filtering template 172/384 segment 4/5
2026-09-08T16:09:02.972+01:00 INFO : 2 points above threshold
2026-09-08T16:09:02.979+01:00 INFO : Filtering template 172/384 segment 5/5
2026-09-08T16:09:02.996+01:00 INFO : 1 points above threshold
2026-09-08T16:09:03.002+01:00 INFO : 172: generating IMRPhenomD from 30.0 Hz
2026-09-08T16:09:03.005+01:00 INFO : Decompressing waveform using inline_linear
2026-09-08T16:09:03.009+01:00 INFO : Filtering template 173/384 segment 1/5
2026-09-08T16:09:03.029+01:00 INFO : 1 points above threshold
2026-09-08T16:09:03.044+01:00 INFO : Filtering template 173/384 segment 2/5
2026-09-08T16:09:03.062+01:00 INFO : 1 points above threshold
2026-09-08T16:09:03.067+01:00 INFO : Filtering template 173/384 segment 3/5
2026-09-08T16:09:03.085+01:00 INFO : 1 points above threshold
2026-09-08T16:09:03.090+01:00 INFO : Filtering template 173/384 segment 4/5
2026-09-08T16:09:03.107+01:00 INFO : 1 points above threshold
2026-09-08T16:09:03.113+01:00 INFO : Filtering template 173/384 segment 5/5
2026-09-08T16:09:03.130+01:00 INFO : 1 points above threshold
2026-09-08T16:09:03.136+01:00 INFO : 173: generating IMRPhenomD from 30.0 Hz
2026-09-08T16:09:03.138+01:00 INFO : Decompressing waveform using inline_linear
2026-09-08T16:09:03.143+01:00 INFO : Filtering template 174/384 segment 1/5
2026-09-08T16:09:03.163+01:00 INFO : 3 points above threshold
2026-09-08T16:09:03.182+01:00 INFO : Filtering template 174/384 segment 2/5
2026-09-08T16:09:03.199+01:00 INFO : 1 points above threshold
2026-09-08T16:09:03.205+01:00 INFO : Filtering template 174/384 segment 3/5
2026-09-08T16:09:03.222+01:00 INFO : 3 points above threshold
2026-09-08T16:09:03.231+01:00 INFO : Filtering template 174/384 segment 4/5
2026-09-08T16:09:03.249+01:00 INFO : 1 points above threshold
2026-09-08T16:09:03.254+01:00 INFO : Filtering template 174/384 segment 5/5
2026-09-08T16:09:03.272+01:00 INFO : 174: generating IMRPhenomD from 30.0 Hz
2026-09-08T16:09:03.275+01:00 INFO : Decompressing waveform using inline_linear
2026-09-08T16:09:03.279+01:00 INFO : Filtering template 175/384 segment 1/5
2026-09-08T16:09:03.299+01:00 INFO : 2 points above threshold
2026-09-08T16:09:03.316+01:00 INFO : Filtering template 175/384 segment 2/5
2026-09-08T16:09:03.334+01:00 INFO : 2 points above threshold
2026-09-08T16:09:03.341+01:00 INFO : Filtering template 175/384 segment 3/5
2026-09-08T16:09:03.358+01:00 INFO : 4 points above threshold
2026-09-08T16:09:03.367+01:00 INFO : Filtering template 175/384 segment 4/5
2026-09-08T16:09:03.384+01:00 INFO : 1 points above threshold
2026-09-08T16:09:03.390+01:00 INFO : Filtering template 175/384 segment 5/5
2026-09-08T16:09:03.407+01:00 INFO : 175: generating IMRPhenomD from 30.0 Hz
2026-09-08T16:09:03.410+01:00 INFO : Decompressing waveform using inline_linear
2026-09-08T16:09:03.415+01:00 INFO : Filtering template 176/384 segment 1/5
2026-09-08T16:09:03.435+01:00 INFO : 1 points above threshold
2026-09-08T16:09:03.450+01:00 INFO : Filtering template 176/384 segment 2/5
2026-09-08T16:09:03.468+01:00 INFO : 3 points above threshold
2026-09-08T16:09:03.477+01:00 INFO : Filtering template 176/384 segment 3/5
2026-09-08T16:09:03.494+01:00 INFO : 1 points above threshold
2026-09-08T16:09:03.500+01:00 INFO : Filtering template 176/384 segment 4/5
2026-09-08T16:09:03.517+01:00 INFO : 1 points above threshold
2026-09-08T16:09:03.522+01:00 INFO : Filtering template 176/384 segment 5/5
2026-09-08T16:09:03.540+01:00 INFO : 1 points above threshold
2026-09-08T16:09:03.545+01:00 INFO : 176: generating IMRPhenomD from 30.0 Hz
2026-09-08T16:09:03.548+01:00 INFO : Decompressing waveform using inline_linear
2026-09-08T16:09:03.553+01:00 INFO : Filtering template 177/384 segment 1/5
2026-09-08T16:09:03.572+01:00 INFO : 3 points above threshold
2026-09-08T16:09:03.592+01:00 INFO : Filtering template 177/384 segment 2/5
2026-09-08T16:09:03.609+01:00 INFO : Filtering template 177/384 segment 3/5
2026-09-08T16:09:03.627+01:00 INFO : 3 points above threshold
2026-09-08T16:09:03.636+01:00 INFO : Filtering template 177/384 segment 4/5
2026-09-08T16:09:03.654+01:00 INFO : 1 points above threshold
2026-09-08T16:09:03.659+01:00 INFO : Filtering template 177/384 segment 5/5
2026-09-08T16:09:03.676+01:00 INFO : 2 points above threshold
2026-09-08T16:09:03.683+01:00 INFO : 177: generating IMRPhenomD from 30.0 Hz
2026-09-08T16:09:03.686+01:00 INFO : Decompressing waveform using inline_linear
2026-09-08T16:09:03.691+01:00 INFO : Filtering template 178/384 segment 1/5
2026-09-08T16:09:03.711+01:00 INFO : Filtering template 178/384 segment 2/5
2026-09-08T16:09:03.728+01:00 INFO : 1 points above threshold
2026-09-08T16:09:03.743+01:00 INFO : Filtering template 178/384 segment 3/5
2026-09-08T16:09:03.761+01:00 INFO : Filtering template 178/384 segment 4/5
2026-09-08T16:09:03.779+01:00 INFO : 1 points above threshold
2026-09-08T16:09:03.784+01:00 INFO : Filtering template 178/384 segment 5/5
2026-09-08T16:09:03.802+01:00 INFO : 178: generating IMRPhenomD from 30.0 Hz
2026-09-08T16:09:03.804+01:00 INFO : Decompressing waveform using inline_linear
2026-09-08T16:09:03.809+01:00 INFO : Filtering template 179/384 segment 1/5
2026-09-08T16:09:03.829+01:00 INFO : 2 points above threshold
2026-09-08T16:09:03.846+01:00 INFO : Filtering template 179/384 segment 2/5
2026-09-08T16:09:03.864+01:00 INFO : 3 points above threshold
2026-09-08T16:09:03.873+01:00 INFO : Filtering template 179/384 segment 3/5
2026-09-08T16:09:03.890+01:00 INFO : 1 points above threshold
2026-09-08T16:09:03.896+01:00 INFO : Filtering template 179/384 segment 4/5
2026-09-08T16:09:03.913+01:00 INFO : 1 points above threshold
2026-09-08T16:09:03.918+01:00 INFO : Filtering template 179/384 segment 5/5
2026-09-08T16:09:03.936+01:00 INFO : 179: generating IMRPhenomD from 30.0 Hz
2026-09-08T16:09:03.939+01:00 INFO : Decompressing waveform using inline_linear
2026-09-08T16:09:03.944+01:00 INFO : Filtering template 180/384 segment 1/5
2026-09-08T16:09:03.964+01:00 INFO : 2 points above threshold
2026-09-08T16:09:03.981+01:00 INFO : Filtering template 180/384 segment 2/5
2026-09-08T16:09:03.998+01:00 INFO : Filtering template 180/384 segment 3/5
2026-09-08T16:09:04.016+01:00 INFO : 1 points above threshold
2026-09-08T16:09:04.021+01:00 INFO : Filtering template 180/384 segment 4/5
2026-09-08T16:09:04.039+01:00 INFO : 1 points above threshold
2026-09-08T16:09:04.044+01:00 INFO : Filtering template 180/384 segment 5/5
2026-09-08T16:09:04.061+01:00 INFO : 4 points above threshold
2026-09-08T16:09:04.070+01:00 INFO : 180: generating IMRPhenomD from 30.0 Hz
2026-09-08T16:09:04.073+01:00 INFO : Decompressing waveform using inline_linear
2026-09-08T16:09:04.077+01:00 INFO : Filtering template 181/384 segment 1/5
2026-09-08T16:09:04.097+01:00 INFO : 1 points above threshold
2026-09-08T16:09:04.113+01:00 INFO : Filtering template 181/384 segment 2/5
2026-09-08T16:09:04.130+01:00 INFO : 1 points above threshold
2026-09-08T16:09:04.136+01:00 INFO : Filtering template 181/384 segment 3/5
2026-09-08T16:09:04.153+01:00 INFO : Filtering template 181/384 segment 4/5
2026-09-08T16:09:04.171+01:00 INFO : 3 points above threshold
2026-09-08T16:09:04.180+01:00 INFO : Filtering template 181/384 segment 5/5
2026-09-08T16:09:04.198+01:00 INFO : 181: generating IMRPhenomD from 30.0 Hz
2026-09-08T16:09:04.200+01:00 INFO : Decompressing waveform using inline_linear
2026-09-08T16:09:04.205+01:00 INFO : Filtering template 182/384 segment 1/5
2026-09-08T16:09:04.225+01:00 INFO : 1 points above threshold
2026-09-08T16:09:04.240+01:00 INFO : Filtering template 182/384 segment 2/5
2026-09-08T16:09:04.258+01:00 INFO : 3 points above threshold
2026-09-08T16:09:04.267+01:00 INFO : Filtering template 182/384 segment 3/5
2026-09-08T16:09:04.284+01:00 INFO : 1 points above threshold
2026-09-08T16:09:04.290+01:00 INFO : Filtering template 182/384 segment 4/5
2026-09-08T16:09:04.307+01:00 INFO : 2 points above threshold
2026-09-08T16:09:04.314+01:00 INFO : Filtering template 182/384 segment 5/5
2026-09-08T16:09:04.332+01:00 INFO : 1 points above threshold
2026-09-08T16:09:04.337+01:00 INFO : 182: generating IMRPhenomD from 30.0 Hz
2026-09-08T16:09:04.340+01:00 INFO : Decompressing waveform using inline_linear
2026-09-08T16:09:04.345+01:00 INFO : Filtering template 183/384 segment 1/5
2026-09-08T16:09:04.364+01:00 INFO : 2 points above threshold
2026-09-08T16:09:04.381+01:00 INFO : Filtering template 183/384 segment 2/5
2026-09-08T16:09:04.399+01:00 INFO : 3 points above threshold
2026-09-08T16:09:04.408+01:00 INFO : Filtering template 183/384 segment 3/5
2026-09-08T16:09:04.425+01:00 INFO : 1 points above threshold
2026-09-08T16:09:04.431+01:00 INFO : Filtering template 183/384 segment 4/5
2026-09-08T16:09:04.448+01:00 INFO : 4 points above threshold
2026-09-08T16:09:04.457+01:00 INFO : Filtering template 183/384 segment 5/5
2026-09-08T16:09:04.475+01:00 INFO : 183: generating IMRPhenomD from 30.0 Hz
2026-09-08T16:09:04.478+01:00 INFO : Decompressing waveform using inline_linear
2026-09-08T16:09:04.483+01:00 INFO : Filtering template 184/384 segment 1/5
2026-09-08T16:09:04.502+01:00 INFO : 2 points above threshold
2026-09-08T16:09:04.519+01:00 INFO : Filtering template 184/384 segment 2/5
2026-09-08T16:09:04.537+01:00 INFO : 1 points above threshold
2026-09-08T16:09:04.542+01:00 INFO : Filtering template 184/384 segment 3/5
2026-09-08T16:09:04.559+01:00 INFO : 1 points above threshold
2026-09-08T16:09:04.565+01:00 INFO : Filtering template 184/384 segment 4/5
2026-09-08T16:09:04.582+01:00 INFO : 2 points above threshold
2026-09-08T16:09:04.589+01:00 INFO : Filtering template 184/384 segment 5/5
2026-09-08T16:09:04.607+01:00 INFO : 184: generating IMRPhenomD from 30.0 Hz
2026-09-08T16:09:04.610+01:00 INFO : Decompressing waveform using inline_linear
2026-09-08T16:09:04.615+01:00 INFO : Filtering template 185/384 segment 1/5
2026-09-08T16:09:04.634+01:00 INFO : Filtering template 185/384 segment 2/5
2026-09-08T16:09:04.652+01:00 INFO : 2 points above threshold
2026-09-08T16:09:04.669+01:00 INFO : Filtering template 185/384 segment 3/5
2026-09-08T16:09:04.687+01:00 INFO : 2 points above threshold
2026-09-08T16:09:04.694+01:00 INFO : Filtering template 185/384 segment 4/5
2026-09-08T16:09:04.711+01:00 INFO : 4 points above threshold
2026-09-08T16:09:04.720+01:00 INFO : Filtering template 185/384 segment 5/5
2026-09-08T16:09:04.737+01:00 INFO : 2 points above threshold
2026-09-08T16:09:04.745+01:00 INFO : 185: generating IMRPhenomD from 30.0 Hz
2026-09-08T16:09:04.747+01:00 INFO : Decompressing waveform using inline_linear
2026-09-08T16:09:04.752+01:00 INFO : Filtering template 186/384 segment 1/5
2026-09-08T16:09:04.772+01:00 INFO : Filtering template 186/384 segment 2/5
2026-09-08T16:09:04.790+01:00 INFO : Filtering template 186/384 segment 3/5
2026-09-08T16:09:04.807+01:00 INFO : 2 points above threshold
2026-09-08T16:09:04.824+01:00 INFO : Filtering template 186/384 segment 4/5
2026-09-08T16:09:04.842+01:00 INFO : 1 points above threshold
2026-09-08T16:09:04.847+01:00 INFO : Filtering template 186/384 segment 5/5
2026-09-08T16:09:04.865+01:00 INFO : 186: generating IMRPhenomD from 30.0 Hz
2026-09-08T16:09:04.868+01:00 INFO : Decompressing waveform using inline_linear
2026-09-08T16:09:04.872+01:00 INFO : Filtering template 187/384 segment 1/5
2026-09-08T16:09:04.892+01:00 INFO : 2 points above threshold
2026-09-08T16:09:04.909+01:00 INFO : Filtering template 187/384 segment 2/5
2026-09-08T16:09:04.927+01:00 INFO : 1 points above threshold
2026-09-08T16:09:04.932+01:00 INFO : Filtering template 187/384 segment 3/5
2026-09-08T16:09:04.950+01:00 INFO : 3 points above threshold
2026-09-08T16:09:04.959+01:00 INFO : Filtering template 187/384 segment 4/5
2026-09-08T16:09:04.976+01:00 INFO : Filtering template 187/384 segment 5/5
2026-09-08T16:09:04.994+01:00 INFO : 1 points above threshold
2026-09-08T16:09:04.999+01:00 INFO : 187: generating IMRPhenomD from 30.0 Hz
2026-09-08T16:09:05.002+01:00 INFO : Decompressing waveform using inline_linear
2026-09-08T16:09:05.007+01:00 INFO : Filtering template 188/384 segment 1/5
2026-09-08T16:09:05.027+01:00 INFO : 1 points above threshold
2026-09-08T16:09:05.042+01:00 INFO : Filtering template 188/384 segment 2/5
2026-09-08T16:09:05.059+01:00 INFO : 1 points above threshold
2026-09-08T16:09:05.064+01:00 INFO : Filtering template 188/384 segment 3/5
2026-09-08T16:09:05.082+01:00 INFO : 3 points above threshold
2026-09-08T16:09:05.091+01:00 INFO : Filtering template 188/384 segment 4/5
2026-09-08T16:09:05.108+01:00 INFO : Filtering template 188/384 segment 5/5
2026-09-08T16:09:05.126+01:00 INFO : 188: generating IMRPhenomD from 30.0 Hz
2026-09-08T16:09:05.129+01:00 INFO : Decompressing waveform using inline_linear
2026-09-08T16:09:05.134+01:00 INFO : Filtering template 189/384 segment 1/5
2026-09-08T16:09:05.154+01:00 INFO : 1 points above threshold
2026-09-08T16:09:05.169+01:00 INFO : Filtering template 189/384 segment 2/5
2026-09-08T16:09:05.187+01:00 INFO : 1 points above threshold
2026-09-08T16:09:05.192+01:00 INFO : Filtering template 189/384 segment 3/5
2026-09-08T16:09:05.209+01:00 INFO : 2 points above threshold
2026-09-08T16:09:05.216+01:00 INFO : Filtering template 189/384 segment 4/5
2026-09-08T16:09:05.234+01:00 INFO : 2 points above threshold
2026-09-08T16:09:05.241+01:00 INFO : Filtering template 189/384 segment 5/5
2026-09-08T16:09:05.258+01:00 INFO : 1 points above threshold
2026-09-08T16:09:05.264+01:00 INFO : 189: generating IMRPhenomD from 30.0 Hz
2026-09-08T16:09:05.266+01:00 INFO : Decompressing waveform using inline_linear
2026-09-08T16:09:05.271+01:00 INFO : Filtering template 190/384 segment 1/5
2026-09-08T16:09:05.291+01:00 INFO : 1 points above threshold
2026-09-08T16:09:05.306+01:00 INFO : Filtering template 190/384 segment 2/5
2026-09-08T16:09:05.324+01:00 INFO : 2 points above threshold
2026-09-08T16:09:05.331+01:00 INFO : Filtering template 190/384 segment 3/5
2026-09-08T16:09:05.348+01:00 INFO : 1 points above threshold
2026-09-08T16:09:05.353+01:00 INFO : Filtering template 190/384 segment 4/5
2026-09-08T16:09:05.371+01:00 INFO : 1 points above threshold
2026-09-08T16:09:05.376+01:00 INFO : Filtering template 190/384 segment 5/5
2026-09-08T16:09:05.394+01:00 INFO : 1 points above threshold
2026-09-08T16:09:05.399+01:00 INFO : 190: generating IMRPhenomD from 30.0 Hz
2026-09-08T16:09:05.402+01:00 INFO : Decompressing waveform using inline_linear
2026-09-08T16:09:05.407+01:00 INFO : Filtering template 191/384 segment 1/5
2026-09-08T16:09:05.426+01:00 INFO : Filtering template 191/384 segment 2/5
2026-09-08T16:09:05.444+01:00 INFO : 1 points above threshold
2026-09-08T16:09:05.460+01:00 INFO : Filtering template 191/384 segment 3/5
2026-09-08T16:09:05.478+01:00 INFO : Filtering template 191/384 segment 4/5
2026-09-08T16:09:05.496+01:00 INFO : 1 points above threshold
2026-09-08T16:09:05.501+01:00 INFO : Filtering template 191/384 segment 5/5
2026-09-08T16:09:05.518+01:00 INFO : 1 points above threshold
2026-09-08T16:09:05.524+01:00 INFO : 191: generating IMRPhenomD from 30.0 Hz
2026-09-08T16:09:05.526+01:00 INFO : Decompressing waveform using inline_linear
2026-09-08T16:09:05.531+01:00 INFO : Filtering template 192/384 segment 1/5
2026-09-08T16:09:05.551+01:00 INFO : 2 points above threshold
2026-09-08T16:09:05.569+01:00 INFO : Filtering template 192/384 segment 2/5
2026-09-08T16:09:05.587+01:00 INFO : 3 points above threshold
2026-09-08T16:09:05.596+01:00 INFO : Filtering template 192/384 segment 3/5
2026-09-08T16:09:05.614+01:00 INFO : Filtering template 192/384 segment 4/5
2026-09-08T16:09:05.632+01:00 INFO : Filtering template 192/384 segment 5/5
2026-09-08T16:09:05.649+01:00 INFO : 192: generating IMRPhenomD from 30.0 Hz
2026-09-08T16:09:05.652+01:00 INFO : Decompressing waveform using inline_linear
2026-09-08T16:09:05.657+01:00 INFO : Filtering template 193/384 segment 1/5
2026-09-08T16:09:05.677+01:00 INFO : 1 points above threshold
2026-09-08T16:09:05.693+01:00 INFO : Filtering template 193/384 segment 2/5
2026-09-08T16:09:05.711+01:00 INFO : 4 points above threshold
2026-09-08T16:09:05.719+01:00 INFO : Filtering template 193/384 segment 3/5
2026-09-08T16:09:05.737+01:00 INFO : Filtering template 193/384 segment 4/5
2026-09-08T16:09:05.755+01:00 INFO : 1 points above threshold
2026-09-08T16:09:05.760+01:00 INFO : Filtering template 193/384 segment 5/5
2026-09-08T16:09:05.777+01:00 INFO : 3 points above threshold
2026-09-08T16:09:05.787+01:00 INFO : 193: generating IMRPhenomD from 30.0 Hz
2026-09-08T16:09:05.789+01:00 INFO : Decompressing waveform using inline_linear
2026-09-08T16:09:05.794+01:00 INFO : Filtering template 194/384 segment 1/5
2026-09-08T16:09:05.814+01:00 INFO : 2 points above threshold
2026-09-08T16:09:05.832+01:00 INFO : Filtering template 194/384 segment 2/5
2026-09-08T16:09:05.850+01:00 INFO : 1 points above threshold
2026-09-08T16:09:05.855+01:00 INFO : Filtering template 194/384 segment 3/5
2026-09-08T16:09:05.873+01:00 INFO : 1 points above threshold
2026-09-08T16:09:05.878+01:00 INFO : Filtering template 194/384 segment 4/5
2026-09-08T16:09:05.896+01:00 INFO : 2 points above threshold
2026-09-08T16:09:05.903+01:00 INFO : Filtering template 194/384 segment 5/5
2026-09-08T16:09:05.920+01:00 INFO : 1 points above threshold
2026-09-08T16:09:05.926+01:00 INFO : 194: generating IMRPhenomD from 30.0 Hz
2026-09-08T16:09:05.928+01:00 INFO : Decompressing waveform using inline_linear
2026-09-08T16:09:05.933+01:00 INFO : Filtering template 195/384 segment 1/5
2026-09-08T16:09:05.953+01:00 INFO : Filtering template 195/384 segment 2/5
2026-09-08T16:09:05.971+01:00 INFO : Filtering template 195/384 segment 3/5
2026-09-08T16:09:05.988+01:00 INFO : 1 points above threshold
2026-09-08T16:09:06.003+01:00 INFO : Filtering template 195/384 segment 4/5
2026-09-08T16:09:06.021+01:00 INFO : 2 points above threshold
2026-09-08T16:09:06.028+01:00 INFO : Filtering template 195/384 segment 5/5
2026-09-08T16:09:06.046+01:00 INFO : 195: generating IMRPhenomD from 30.0 Hz
2026-09-08T16:09:06.049+01:00 INFO : Decompressing waveform using inline_linear
2026-09-08T16:09:06.054+01:00 INFO : Filtering template 196/384 segment 1/5
2026-09-08T16:09:06.073+01:00 INFO : 2 points above threshold
2026-09-08T16:09:06.090+01:00 INFO : Filtering template 196/384 segment 2/5
2026-09-08T16:09:06.108+01:00 INFO : 3 points above threshold
2026-09-08T16:09:06.117+01:00 INFO : Filtering template 196/384 segment 3/5
2026-09-08T16:09:06.135+01:00 INFO : 1 points above threshold
2026-09-08T16:09:06.140+01:00 INFO : Filtering template 196/384 segment 4/5
2026-09-08T16:09:06.158+01:00 INFO : 1 points above threshold
2026-09-08T16:09:06.163+01:00 INFO : Filtering template 196/384 segment 5/5
2026-09-08T16:09:06.180+01:00 INFO : 2 points above threshold
2026-09-08T16:09:06.187+01:00 INFO : 196: generating IMRPhenomD from 30.0 Hz
2026-09-08T16:09:06.190+01:00 INFO : Decompressing waveform using inline_linear
2026-09-08T16:09:06.195+01:00 INFO : Filtering template 197/384 segment 1/5
2026-09-08T16:09:06.215+01:00 INFO : Filtering template 197/384 segment 2/5
2026-09-08T16:09:06.232+01:00 INFO : 1 points above threshold
2026-09-08T16:09:06.248+01:00 INFO : Filtering template 197/384 segment 3/5
2026-09-08T16:09:06.266+01:00 INFO : 4 points above threshold
2026-09-08T16:09:06.274+01:00 INFO : Filtering template 197/384 segment 4/5
2026-09-08T16:09:06.292+01:00 INFO : 1 points above threshold
2026-09-08T16:09:06.297+01:00 INFO : Filtering template 197/384 segment 5/5
2026-09-08T16:09:06.314+01:00 INFO : 197: generating IMRPhenomD from 30.0 Hz
2026-09-08T16:09:06.317+01:00 INFO : Decompressing waveform using inline_linear
2026-09-08T16:09:06.322+01:00 INFO : Filtering template 198/384 segment 1/5
2026-09-08T16:09:06.342+01:00 INFO : Filtering template 198/384 segment 2/5
2026-09-08T16:09:06.360+01:00 INFO : 4 points above threshold
2026-09-08T16:09:06.378+01:00 INFO : Filtering template 198/384 segment 3/5
2026-09-08T16:09:06.396+01:00 INFO : 3 points above threshold
2026-09-08T16:09:06.405+01:00 INFO : Filtering template 198/384 segment 4/5
2026-09-08T16:09:06.422+01:00 INFO : 1 points above threshold
2026-09-08T16:09:06.427+01:00 INFO : Filtering template 198/384 segment 5/5
2026-09-08T16:09:06.445+01:00 INFO : 1 points above threshold
2026-09-08T16:09:06.450+01:00 INFO : 198: generating IMRPhenomD from 30.0 Hz
2026-09-08T16:09:06.453+01:00 INFO : Decompressing waveform using inline_linear
2026-09-08T16:09:06.458+01:00 INFO : Filtering template 199/384 segment 1/5
2026-09-08T16:09:06.478+01:00 INFO : 1 points above threshold
2026-09-08T16:09:06.493+01:00 INFO : Filtering template 199/384 segment 2/5
2026-09-08T16:09:06.510+01:00 INFO : 1 points above threshold
2026-09-08T16:09:06.516+01:00 INFO : Filtering template 199/384 segment 3/5
2026-09-08T16:09:06.533+01:00 INFO : Filtering template 199/384 segment 4/5
2026-09-08T16:09:06.551+01:00 INFO : 2 points above threshold
2026-09-08T16:09:06.558+01:00 INFO : Filtering template 199/384 segment 5/5
2026-09-08T16:09:06.576+01:00 INFO : 199: generating IMRPhenomD from 30.0 Hz
2026-09-08T16:09:06.578+01:00 INFO : Decompressing waveform using inline_linear
2026-09-08T16:09:06.583+01:00 INFO : Filtering template 200/384 segment 1/5
2026-09-08T16:09:06.603+01:00 INFO : Filtering template 200/384 segment 2/5
2026-09-08T16:09:06.621+01:00 INFO : Filtering template 200/384 segment 3/5
2026-09-08T16:09:06.638+01:00 INFO : Filtering template 200/384 segment 4/5
2026-09-08T16:09:06.656+01:00 INFO : 1 points above threshold
2026-09-08T16:09:06.671+01:00 INFO : Filtering template 200/384 segment 5/5
2026-09-08T16:09:06.689+01:00 INFO : 1 points above threshold
2026-09-08T16:09:06.694+01:00 INFO : 200: generating IMRPhenomD from 30.0 Hz
2026-09-08T16:09:06.697+01:00 INFO : Decompressing waveform using inline_linear
2026-09-08T16:09:06.702+01:00 INFO : Filtering template 201/384 segment 1/5
2026-09-08T16:09:06.721+01:00 INFO : Filtering template 201/384 segment 2/5
2026-09-08T16:09:06.739+01:00 INFO : 1 points above threshold
2026-09-08T16:09:06.754+01:00 INFO : Filtering template 201/384 segment 3/5
2026-09-08T16:09:06.772+01:00 INFO : 1 points above threshold
2026-09-08T16:09:06.777+01:00 INFO : Filtering template 201/384 segment 4/5
2026-09-08T16:09:06.795+01:00 INFO : Filtering template 201/384 segment 5/5
2026-09-08T16:09:06.812+01:00 INFO : 1 points above threshold
2026-09-08T16:09:06.818+01:00 INFO : 201: generating IMRPhenomD from 30.0 Hz
2026-09-08T16:09:06.821+01:00 INFO : Decompressing waveform using inline_linear
2026-09-08T16:09:06.825+01:00 INFO : Filtering template 202/384 segment 1/5
2026-09-08T16:09:06.845+01:00 INFO : 2 points above threshold
2026-09-08T16:09:06.862+01:00 INFO : Filtering template 202/384 segment 2/5
2026-09-08T16:09:06.880+01:00 INFO : 2 points above threshold
2026-09-08T16:09:06.887+01:00 INFO : Filtering template 202/384 segment 3/5
2026-09-08T16:09:06.906+01:00 INFO : 3 points above threshold
2026-09-08T16:09:06.915+01:00 INFO : Filtering template 202/384 segment 4/5
2026-09-08T16:09:06.935+01:00 INFO : 1 points above threshold
2026-09-08T16:09:06.941+01:00 INFO : Filtering template 202/384 segment 5/5
2026-09-08T16:09:06.960+01:00 INFO : 202: generating IMRPhenomD from 30.0 Hz
2026-09-08T16:09:06.963+01:00 INFO : Decompressing waveform using inline_linear
2026-09-08T16:09:06.968+01:00 INFO : Filtering template 203/384 segment 1/5
2026-09-08T16:09:06.990+01:00 INFO : 1 points above threshold
2026-09-08T16:09:07.008+01:00 INFO : Filtering template 203/384 segment 2/5
2026-09-08T16:09:07.026+01:00 INFO : 2 points above threshold
2026-09-08T16:09:07.033+01:00 INFO : Filtering template 203/384 segment 3/5
2026-09-08T16:09:07.050+01:00 INFO : 2 points above threshold
2026-09-08T16:09:07.057+01:00 INFO : Filtering template 203/384 segment 4/5
2026-09-08T16:09:07.075+01:00 INFO : 3 points above threshold
2026-09-08T16:09:07.084+01:00 INFO : Filtering template 203/384 segment 5/5
2026-09-08T16:09:07.102+01:00 INFO : 2 points above threshold
2026-09-08T16:09:07.109+01:00 INFO : 203: generating IMRPhenomD from 30.0 Hz
2026-09-08T16:09:07.112+01:00 INFO : Decompressing waveform using inline_linear
2026-09-08T16:09:07.117+01:00 INFO : Filtering template 204/384 segment 1/5
2026-09-08T16:09:07.137+01:00 INFO : 1 points above threshold
2026-09-08T16:09:07.152+01:00 INFO : Filtering template 204/384 segment 2/5
2026-09-08T16:09:07.170+01:00 INFO : 1 points above threshold
2026-09-08T16:09:07.175+01:00 INFO : Filtering template 204/384 segment 3/5
2026-09-08T16:09:07.192+01:00 INFO : Filtering template 204/384 segment 4/5
2026-09-08T16:09:07.210+01:00 INFO : Filtering template 204/384 segment 5/5
2026-09-08T16:09:07.228+01:00 INFO : 1 points above threshold
2026-09-08T16:09:07.233+01:00 INFO : 204: generating IMRPhenomD from 30.0 Hz
2026-09-08T16:09:07.236+01:00 INFO : Decompressing waveform using inline_linear
2026-09-08T16:09:07.240+01:00 INFO : Filtering template 205/384 segment 1/5
2026-09-08T16:09:07.260+01:00 INFO : 2 points above threshold
2026-09-08T16:09:07.277+01:00 INFO : Filtering template 205/384 segment 2/5
2026-09-08T16:09:07.295+01:00 INFO : Filtering template 205/384 segment 3/5
2026-09-08T16:09:07.312+01:00 INFO : 1 points above threshold
2026-09-08T16:09:07.317+01:00 INFO : Filtering template 205/384 segment 4/5
2026-09-08T16:09:07.335+01:00 INFO : Filtering template 205/384 segment 5/5
2026-09-08T16:09:07.353+01:00 INFO : 2 points above threshold
2026-09-08T16:09:07.360+01:00 INFO : 205: generating IMRPhenomD from 30.0 Hz
2026-09-08T16:09:07.363+01:00 INFO : Decompressing waveform using inline_linear
2026-09-08T16:09:07.367+01:00 INFO : Filtering template 206/384 segment 1/5
2026-09-08T16:09:07.387+01:00 INFO : 2 points above threshold
2026-09-08T16:09:07.404+01:00 INFO : Filtering template 206/384 segment 2/5
2026-09-08T16:09:07.422+01:00 INFO : Filtering template 206/384 segment 3/5
2026-09-08T16:09:07.439+01:00 INFO : 2 points above threshold
2026-09-08T16:09:07.446+01:00 INFO : Filtering template 206/384 segment 4/5
2026-09-08T16:09:07.464+01:00 INFO : 4 points above threshold
2026-09-08T16:09:07.472+01:00 INFO : Filtering template 206/384 segment 5/5
2026-09-08T16:09:07.490+01:00 INFO : 206: generating IMRPhenomD from 30.0 Hz
2026-09-08T16:09:07.493+01:00 INFO : Decompressing waveform using inline_linear
2026-09-08T16:09:07.498+01:00 INFO : Filtering template 207/384 segment 1/5
2026-09-08T16:09:07.518+01:00 INFO : 3 points above threshold
2026-09-08T16:09:07.537+01:00 INFO : Filtering template 207/384 segment 2/5
2026-09-08T16:09:07.555+01:00 INFO : Filtering template 207/384 segment 3/5
2026-09-08T16:09:07.572+01:00 INFO : 1 points above threshold
2026-09-08T16:09:07.578+01:00 INFO : Filtering template 207/384 segment 4/5
2026-09-08T16:09:07.595+01:00 INFO : 3 points above threshold
2026-09-08T16:09:07.604+01:00 INFO : Filtering template 207/384 segment 5/5
2026-09-08T16:09:07.622+01:00 INFO : 207: generating IMRPhenomD from 30.0 Hz
2026-09-08T16:09:07.625+01:00 INFO : Decompressing waveform using inline_linear
2026-09-08T16:09:07.629+01:00 INFO : Filtering template 208/384 segment 1/5
2026-09-08T16:09:07.649+01:00 INFO : 2 points above threshold
2026-09-08T16:09:07.666+01:00 INFO : Filtering template 208/384 segment 2/5
2026-09-08T16:09:07.684+01:00 INFO : 1 points above threshold
2026-09-08T16:09:07.689+01:00 INFO : Filtering template 208/384 segment 3/5
2026-09-08T16:09:07.707+01:00 INFO : Filtering template 208/384 segment 4/5
2026-09-08T16:09:07.724+01:00 INFO : 3 points above threshold
2026-09-08T16:09:07.733+01:00 INFO : Filtering template 208/384 segment 5/5
2026-09-08T16:09:07.751+01:00 INFO : 1 points above threshold
2026-09-08T16:09:07.756+01:00 INFO : 208: generating IMRPhenomD from 30.0 Hz
2026-09-08T16:09:07.776+01:00 INFO : Decompressing waveform using inline_linear
2026-09-08T16:09:07.781+01:00 INFO : Filtering template 209/384 segment 1/5
2026-09-08T16:09:07.809+01:00 INFO : 2 points above threshold
2026-09-08T16:09:07.831+01:00 INFO : Filtering template 209/384 segment 2/5
2026-09-08T16:09:07.849+01:00 INFO : 1 points above threshold
2026-09-08T16:09:07.854+01:00 INFO : Filtering template 209/384 segment 3/5
2026-09-08T16:09:07.871+01:00 INFO : 3 points above threshold
2026-09-08T16:09:07.880+01:00 INFO : Filtering template 209/384 segment 4/5
2026-09-08T16:09:07.898+01:00 INFO : 1 points above threshold
2026-09-08T16:09:07.903+01:00 INFO : Filtering template 209/384 segment 5/5
2026-09-08T16:09:07.921+01:00 INFO : 1 points above threshold
2026-09-08T16:09:07.926+01:00 INFO : 209: generating IMRPhenomD from 30.0 Hz
2026-09-08T16:09:07.929+01:00 INFO : Decompressing waveform using inline_linear
2026-09-08T16:09:07.934+01:00 INFO : Filtering template 210/384 segment 1/5
2026-09-08T16:09:07.953+01:00 INFO : 2 points above threshold
2026-09-08T16:09:07.972+01:00 INFO : Filtering template 210/384 segment 2/5
2026-09-08T16:09:07.989+01:00 INFO : Filtering template 210/384 segment 3/5
2026-09-08T16:09:08.007+01:00 INFO : 1 points above threshold
2026-09-08T16:09:08.012+01:00 INFO : Filtering template 210/384 segment 4/5
2026-09-08T16:09:08.030+01:00 INFO : Filtering template 210/384 segment 5/5
2026-09-08T16:09:08.048+01:00 INFO : 210: generating IMRPhenomD from 30.0 Hz
2026-09-08T16:09:08.051+01:00 INFO : Decompressing waveform using inline_linear
2026-09-08T16:09:08.055+01:00 INFO : Filtering template 211/384 segment 1/5
2026-09-08T16:09:08.076+01:00 INFO : 1 points above threshold
2026-09-08T16:09:08.092+01:00 INFO : Filtering template 211/384 segment 2/5
2026-09-08T16:09:08.110+01:00 INFO : 1 points above threshold
2026-09-08T16:09:08.115+01:00 INFO : Filtering template 211/384 segment 3/5
2026-09-08T16:09:08.134+01:00 INFO : Filtering template 211/384 segment 4/5
2026-09-08T16:09:08.152+01:00 INFO : 2 points above threshold
2026-09-08T16:09:08.159+01:00 INFO : Filtering template 211/384 segment 5/5
2026-09-08T16:09:08.177+01:00 INFO : 1 points above threshold
2026-09-08T16:09:08.182+01:00 INFO : 211: generating IMRPhenomD from 30.0 Hz
2026-09-08T16:09:08.185+01:00 INFO : Decompressing waveform using inline_linear
2026-09-08T16:09:08.190+01:00 INFO : Filtering template 212/384 segment 1/5
2026-09-08T16:09:08.211+01:00 INFO : 1 points above threshold
2026-09-08T16:09:08.226+01:00 INFO : Filtering template 212/384 segment 2/5
2026-09-08T16:09:08.243+01:00 INFO : 1 points above threshold
2026-09-08T16:09:08.249+01:00 INFO : Filtering template 212/384 segment 3/5
2026-09-08T16:09:08.266+01:00 INFO : 1 points above threshold
2026-09-08T16:09:08.271+01:00 INFO : Filtering template 212/384 segment 4/5
2026-09-08T16:09:08.289+01:00 INFO : 1 points above threshold
2026-09-08T16:09:08.294+01:00 INFO : Filtering template 212/384 segment 5/5
2026-09-08T16:09:08.312+01:00 INFO : 212: generating IMRPhenomD from 30.0 Hz
2026-09-08T16:09:08.314+01:00 INFO : Decompressing waveform using inline_linear
2026-09-08T16:09:08.319+01:00 INFO : Filtering template 213/384 segment 1/5
2026-09-08T16:09:08.339+01:00 INFO : 2 points above threshold
2026-09-08T16:09:08.357+01:00 INFO : Filtering template 213/384 segment 2/5
2026-09-08T16:09:08.375+01:00 INFO : 2 points above threshold
2026-09-08T16:09:08.382+01:00 INFO : Filtering template 213/384 segment 3/5
2026-09-08T16:09:08.399+01:00 INFO : 1 points above threshold
2026-09-08T16:09:08.405+01:00 INFO : Filtering template 213/384 segment 4/5
2026-09-08T16:09:08.422+01:00 INFO : Filtering template 213/384 segment 5/5
2026-09-08T16:09:08.440+01:00 INFO : 213: generating IMRPhenomD from 30.0 Hz
2026-09-08T16:09:08.443+01:00 INFO : Decompressing waveform using inline_linear
2026-09-08T16:09:08.448+01:00 INFO : Filtering template 214/384 segment 1/5
2026-09-08T16:09:08.468+01:00 INFO : 1 points above threshold
2026-09-08T16:09:08.484+01:00 INFO : Filtering template 214/384 segment 2/5
2026-09-08T16:09:08.502+01:00 INFO : 1 points above threshold
2026-09-08T16:09:08.507+01:00 INFO : Filtering template 214/384 segment 3/5
2026-09-08T16:09:08.524+01:00 INFO : 1 points above threshold
2026-09-08T16:09:08.529+01:00 INFO : Filtering template 214/384 segment 4/5
2026-09-08T16:09:08.547+01:00 INFO : Filtering template 214/384 segment 5/5
2026-09-08T16:09:08.565+01:00 INFO : 214: generating IMRPhenomD from 30.0 Hz
2026-09-08T16:09:08.568+01:00 INFO : Decompressing waveform using inline_linear
2026-09-08T16:09:08.573+01:00 INFO : Filtering template 215/384 segment 1/5
2026-09-08T16:09:08.592+01:00 INFO : Filtering template 215/384 segment 2/5
2026-09-08T16:09:08.610+01:00 INFO : 2 points above threshold
2026-09-08T16:09:08.629+01:00 INFO : Filtering template 215/384 segment 3/5
2026-09-08T16:09:08.646+01:00 INFO : Filtering template 215/384 segment 4/5
2026-09-08T16:09:08.664+01:00 INFO : 1 points above threshold
2026-09-08T16:09:08.669+01:00 INFO : Filtering template 215/384 segment 5/5
2026-09-08T16:09:08.687+01:00 INFO : 1 points above threshold
2026-09-08T16:09:08.692+01:00 INFO : 215: generating IMRPhenomD from 30.0 Hz
2026-09-08T16:09:08.695+01:00 INFO : Decompressing waveform using inline_linear
2026-09-08T16:09:08.700+01:00 INFO : Filtering template 216/384 segment 1/5
2026-09-08T16:09:08.719+01:00 INFO : 1 points above threshold
2026-09-08T16:09:08.736+01:00 INFO : Filtering template 216/384 segment 2/5
2026-09-08T16:09:08.753+01:00 INFO : 1 points above threshold
2026-09-08T16:09:08.759+01:00 INFO : Filtering template 216/384 segment 3/5
2026-09-08T16:09:08.776+01:00 INFO : Filtering template 216/384 segment 4/5
2026-09-08T16:09:08.794+01:00 INFO : 3 points above threshold
2026-09-08T16:09:08.803+01:00 INFO : Filtering template 216/384 segment 5/5
2026-09-08T16:09:08.821+01:00 INFO : 216: generating IMRPhenomD from 30.0 Hz
2026-09-08T16:09:08.823+01:00 INFO : Decompressing waveform using inline_linear
2026-09-08T16:09:08.828+01:00 INFO : Filtering template 217/384 segment 1/5
2026-09-08T16:09:08.848+01:00 INFO : Filtering template 217/384 segment 2/5
2026-09-08T16:09:08.866+01:00 INFO : 1 points above threshold
2026-09-08T16:09:08.881+01:00 INFO : Filtering template 217/384 segment 3/5
2026-09-08T16:09:08.899+01:00 INFO : Filtering template 217/384 segment 4/5
2026-09-08T16:09:08.916+01:00 INFO : Filtering template 217/384 segment 5/5
2026-09-08T16:09:08.934+01:00 INFO : 217: generating IMRPhenomD from 30.0 Hz
2026-09-08T16:09:08.937+01:00 INFO : Decompressing waveform using inline_linear
2026-09-08T16:09:08.942+01:00 INFO : Filtering template 218/384 segment 1/5
2026-09-08T16:09:08.962+01:00 INFO : 2 points above threshold
2026-09-08T16:09:08.979+01:00 INFO : Filtering template 218/384 segment 2/5
2026-09-08T16:09:08.996+01:00 INFO : 2 points above threshold
2026-09-08T16:09:09.003+01:00 INFO : Filtering template 218/384 segment 3/5
2026-09-08T16:09:09.021+01:00 INFO : 2 points above threshold
2026-09-08T16:09:09.028+01:00 INFO : Filtering template 218/384 segment 4/5
2026-09-08T16:09:09.046+01:00 INFO : 2 points above threshold
2026-09-08T16:09:09.053+01:00 INFO : Filtering template 218/384 segment 5/5
2026-09-08T16:09:09.070+01:00 INFO : 1 points above threshold
2026-09-08T16:09:09.076+01:00 INFO : 218: generating IMRPhenomD from 30.0 Hz
2026-09-08T16:09:09.078+01:00 INFO : Decompressing waveform using inline_linear
2026-09-08T16:09:09.083+01:00 INFO : Filtering template 219/384 segment 1/5
2026-09-08T16:09:09.103+01:00 INFO : 2 points above threshold
2026-09-08T16:09:09.120+01:00 INFO : Filtering template 219/384 segment 2/5
2026-09-08T16:09:09.138+01:00 INFO : 1 points above threshold
2026-09-08T16:09:09.143+01:00 INFO : Filtering template 219/384 segment 3/5
2026-09-08T16:09:09.160+01:00 INFO : Filtering template 219/384 segment 4/5
2026-09-08T16:09:09.178+01:00 INFO : 1 points above threshold
2026-09-08T16:09:09.183+01:00 INFO : Filtering template 219/384 segment 5/5
2026-09-08T16:09:09.201+01:00 INFO : 219: generating IMRPhenomD from 30.0 Hz
2026-09-08T16:09:09.204+01:00 INFO : Decompressing waveform using inline_linear
2026-09-08T16:09:09.209+01:00 INFO : Filtering template 220/384 segment 1/5
2026-09-08T16:09:09.229+01:00 INFO : 3 points above threshold
2026-09-08T16:09:09.248+01:00 INFO : Filtering template 220/384 segment 2/5
2026-09-08T16:09:09.265+01:00 INFO : 2 points above threshold
2026-09-08T16:09:09.272+01:00 INFO : Filtering template 220/384 segment 3/5
2026-09-08T16:09:09.290+01:00 INFO : 3 points above threshold
2026-09-08T16:09:09.299+01:00 INFO : Filtering template 220/384 segment 4/5
2026-09-08T16:09:09.317+01:00 INFO : 2 points above threshold
2026-09-08T16:09:09.324+01:00 INFO : Filtering template 220/384 segment 5/5
2026-09-08T16:09:09.341+01:00 INFO : 220: generating IMRPhenomD from 30.0 Hz
2026-09-08T16:09:09.344+01:00 INFO : Decompressing waveform using inline_linear
2026-09-08T16:09:09.349+01:00 INFO : Filtering template 221/384 segment 1/5
2026-09-08T16:09:09.369+01:00 INFO : 1 points above threshold
2026-09-08T16:09:09.384+01:00 INFO : Filtering template 221/384 segment 2/5
2026-09-08T16:09:09.402+01:00 INFO : 1 points above threshold
2026-09-08T16:09:09.407+01:00 INFO : Filtering template 221/384 segment 3/5
2026-09-08T16:09:09.424+01:00 INFO : 1 points above threshold
2026-09-08T16:09:09.429+01:00 INFO : Filtering template 221/384 segment 4/5
2026-09-08T16:09:09.447+01:00 INFO : Filtering template 221/384 segment 5/5
2026-09-08T16:09:09.464+01:00 INFO : 2 points above threshold
2026-09-08T16:09:09.472+01:00 INFO : 221: generating IMRPhenomD from 30.0 Hz
2026-09-08T16:09:09.474+01:00 INFO : Decompressing waveform using inline_linear
2026-09-08T16:09:09.479+01:00 INFO : Filtering template 222/384 segment 1/5
2026-09-08T16:09:09.499+01:00 INFO : Filtering template 222/384 segment 2/5
2026-09-08T16:09:09.517+01:00 INFO : 2 points above threshold
2026-09-08T16:09:09.534+01:00 INFO : Filtering template 222/384 segment 3/5
2026-09-08T16:09:09.551+01:00 INFO : 1 points above threshold
2026-09-08T16:09:09.556+01:00 INFO : Filtering template 222/384 segment 4/5
2026-09-08T16:09:09.574+01:00 INFO : Filtering template 222/384 segment 5/5
2026-09-08T16:09:09.592+01:00 INFO : 222: generating IMRPhenomD from 30.0 Hz
2026-09-08T16:09:09.595+01:00 INFO : Decompressing waveform using inline_linear
2026-09-08T16:09:09.599+01:00 INFO : Filtering template 223/384 segment 1/5
2026-09-08T16:09:09.619+01:00 INFO : 1 points above threshold
2026-09-08T16:09:09.634+01:00 INFO : Filtering template 223/384 segment 2/5
2026-09-08T16:09:09.652+01:00 INFO : Filtering template 223/384 segment 3/5
2026-09-08T16:09:09.670+01:00 INFO : 5 points above threshold
2026-09-08T16:09:09.681+01:00 INFO : Filtering template 223/384 segment 4/5
2026-09-08T16:09:09.699+01:00 INFO : Filtering template 223/384 segment 5/5
2026-09-08T16:09:09.717+01:00 INFO : 223: generating IMRPhenomD from 30.0 Hz
2026-09-08T16:09:09.719+01:00 INFO : Decompressing waveform using inline_linear
2026-09-08T16:09:09.724+01:00 INFO : Filtering template 224/384 segment 1/5
2026-09-08T16:09:09.744+01:00 INFO : 1 points above threshold
2026-09-08T16:09:09.759+01:00 INFO : Filtering template 224/384 segment 2/5
2026-09-08T16:09:09.777+01:00 INFO : 2 points above threshold
2026-09-08T16:09:09.784+01:00 INFO : Filtering template 224/384 segment 3/5
2026-09-08T16:09:09.801+01:00 INFO : 1 points above threshold
2026-09-08T16:09:09.807+01:00 INFO : Filtering template 224/384 segment 4/5
2026-09-08T16:09:09.833+01:00 INFO : 2 points above threshold
2026-09-08T16:09:09.844+01:00 INFO : Filtering template 224/384 segment 5/5
2026-09-08T16:09:09.870+01:00 INFO : 224: generating IMRPhenomD from 30.0 Hz
2026-09-08T16:09:09.874+01:00 INFO : Decompressing waveform using inline_linear
2026-09-08T16:09:09.879+01:00 INFO : Filtering template 225/384 segment 1/5
2026-09-08T16:09:09.908+01:00 INFO : 1 points above threshold
2026-09-08T16:09:09.924+01:00 INFO : Filtering template 225/384 segment 2/5
2026-09-08T16:09:09.941+01:00 INFO : Filtering template 225/384 segment 3/5
2026-09-08T16:09:09.959+01:00 INFO : Filtering template 225/384 segment 4/5
2026-09-08T16:09:09.977+01:00 INFO : 1 points above threshold
2026-09-08T16:09:09.982+01:00 INFO : Filtering template 225/384 segment 5/5
2026-09-08T16:09:10.000+01:00 INFO : 1 points above threshold
2026-09-08T16:09:10.005+01:00 INFO : 225: generating IMRPhenomD from 30.0 Hz
2026-09-08T16:09:10.008+01:00 INFO : Decompressing waveform using inline_linear
2026-09-08T16:09:10.012+01:00 INFO : Filtering template 226/384 segment 1/5
2026-09-08T16:09:10.032+01:00 INFO : 1 points above threshold
2026-09-08T16:09:10.047+01:00 INFO : Filtering template 226/384 segment 2/5
2026-09-08T16:09:10.065+01:00 INFO : Filtering template 226/384 segment 3/5
2026-09-08T16:09:10.083+01:00 INFO : Filtering template 226/384 segment 4/5
2026-09-08T16:09:10.100+01:00 INFO : 2 points above threshold
2026-09-08T16:09:10.107+01:00 INFO : Filtering template 226/384 segment 5/5
2026-09-08T16:09:10.125+01:00 INFO : 1 points above threshold
2026-09-08T16:09:10.130+01:00 INFO : 226: generating IMRPhenomD from 30.0 Hz
2026-09-08T16:09:10.133+01:00 INFO : Decompressing waveform using inline_linear
2026-09-08T16:09:10.138+01:00 INFO : Filtering template 227/384 segment 1/5
2026-09-08T16:09:10.158+01:00 INFO : Filtering template 227/384 segment 2/5
2026-09-08T16:09:10.175+01:00 INFO : Filtering template 227/384 segment 3/5
2026-09-08T16:09:10.193+01:00 INFO : 3 points above threshold
2026-09-08T16:09:10.212+01:00 INFO : Filtering template 227/384 segment 4/5
2026-09-08T16:09:10.230+01:00 INFO : 2 points above threshold
2026-09-08T16:09:10.237+01:00 INFO : Filtering template 227/384 segment 5/5
2026-09-08T16:09:10.254+01:00 INFO : 4 points above threshold
2026-09-08T16:09:10.263+01:00 INFO : 227: generating IMRPhenomD from 30.0 Hz
2026-09-08T16:09:10.266+01:00 INFO : Decompressing waveform using inline_linear
2026-09-08T16:09:10.271+01:00 INFO : Filtering template 228/384 segment 1/5
2026-09-08T16:09:10.290+01:00 INFO : 4 points above threshold
2026-09-08T16:09:10.309+01:00 INFO : Filtering template 228/384 segment 2/5
2026-09-08T16:09:10.326+01:00 INFO : 1 points above threshold
2026-09-08T16:09:10.332+01:00 INFO : Filtering template 228/384 segment 3/5
2026-09-08T16:09:10.349+01:00 INFO : Filtering template 228/384 segment 4/5
2026-09-08T16:09:10.367+01:00 INFO : 3 points above threshold
2026-09-08T16:09:10.376+01:00 INFO : Filtering template 228/384 segment 5/5
2026-09-08T16:09:10.393+01:00 INFO : 3 points above threshold
2026-09-08T16:09:10.403+01:00 INFO : 228: generating IMRPhenomD from 30.0 Hz
2026-09-08T16:09:10.405+01:00 INFO : Decompressing waveform using inline_linear
2026-09-08T16:09:10.410+01:00 INFO : Filtering template 229/384 segment 1/5
2026-09-08T16:09:10.430+01:00 INFO : Filtering template 229/384 segment 2/5
2026-09-08T16:09:10.448+01:00 INFO : Filtering template 229/384 segment 3/5
2026-09-08T16:09:10.465+01:00 INFO : 1 points above threshold
2026-09-08T16:09:10.480+01:00 INFO : Filtering template 229/384 segment 4/5
2026-09-08T16:09:10.498+01:00 INFO : Filtering template 229/384 segment 5/5
2026-09-08T16:09:10.516+01:00 INFO : 4 points above threshold
2026-09-08T16:09:10.524+01:00 INFO : 229: generating IMRPhenomD from 30.0 Hz
2026-09-08T16:09:10.527+01:00 INFO : Decompressing waveform using inline_linear
2026-09-08T16:09:10.532+01:00 INFO : Filtering template 230/384 segment 1/5
2026-09-08T16:09:10.552+01:00 INFO : 1 points above threshold
2026-09-08T16:09:10.567+01:00 INFO : Filtering template 230/384 segment 2/5
2026-09-08T16:09:10.584+01:00 INFO : Filtering template 230/384 segment 3/5
2026-09-08T16:09:10.602+01:00 INFO : 3 points above threshold
2026-09-08T16:09:10.611+01:00 INFO : Filtering template 230/384 segment 4/5
2026-09-08T16:09:10.629+01:00 INFO : 3 points above threshold
2026-09-08T16:09:10.638+01:00 INFO : Filtering template 230/384 segment 5/5
2026-09-08T16:09:10.655+01:00 INFO : 1 points above threshold
2026-09-08T16:09:10.661+01:00 INFO : 230: generating IMRPhenomD from 30.0 Hz
2026-09-08T16:09:10.663+01:00 INFO : Decompressing waveform using inline_linear
2026-09-08T16:09:10.668+01:00 INFO : Filtering template 231/384 segment 1/5
2026-09-08T16:09:10.688+01:00 INFO : 2 points above threshold
2026-09-08T16:09:10.705+01:00 INFO : Filtering template 231/384 segment 2/5
2026-09-08T16:09:10.722+01:00 INFO : 1 points above threshold
2026-09-08T16:09:10.728+01:00 INFO : Filtering template 231/384 segment 3/5
2026-09-08T16:09:10.745+01:00 INFO : 1 points above threshold
2026-09-08T16:09:10.750+01:00 INFO : Filtering template 231/384 segment 4/5
2026-09-08T16:09:10.768+01:00 INFO : 1 points above threshold
2026-09-08T16:09:10.773+01:00 INFO : Filtering template 231/384 segment 5/5
2026-09-08T16:09:10.791+01:00 INFO : 231: generating IMRPhenomD from 30.0 Hz
2026-09-08T16:09:10.794+01:00 INFO : Decompressing waveform using inline_linear
2026-09-08T16:09:10.799+01:00 INFO : Filtering template 232/384 segment 1/5
2026-09-08T16:09:10.818+01:00 INFO : 2 points above threshold
2026-09-08T16:09:10.835+01:00 INFO : Filtering template 232/384 segment 2/5
2026-09-08T16:09:10.853+01:00 INFO : 2 points above threshold
2026-09-08T16:09:10.860+01:00 INFO : Filtering template 232/384 segment 3/5
2026-09-08T16:09:10.877+01:00 INFO : 2 points above threshold
2026-09-08T16:09:10.884+01:00 INFO : Filtering template 232/384 segment 4/5
2026-09-08T16:09:10.902+01:00 INFO : 2 points above threshold
2026-09-08T16:09:10.909+01:00 INFO : Filtering template 232/384 segment 5/5
2026-09-08T16:09:10.926+01:00 INFO : 1 points above threshold
2026-09-08T16:09:10.932+01:00 INFO : 232: generating IMRPhenomD from 30.0 Hz
2026-09-08T16:09:10.934+01:00 INFO : Decompressing waveform using inline_linear
2026-09-08T16:09:10.939+01:00 INFO : Filtering template 233/384 segment 1/5
2026-09-08T16:09:10.959+01:00 INFO : Filtering template 233/384 segment 2/5
2026-09-08T16:09:10.977+01:00 INFO : 1 points above threshold
2026-09-08T16:09:10.992+01:00 INFO : Filtering template 233/384 segment 3/5
2026-09-08T16:09:11.009+01:00 INFO : Filtering template 233/384 segment 4/5
2026-09-08T16:09:11.027+01:00 INFO : 1 points above threshold
2026-09-08T16:09:11.032+01:00 INFO : Filtering template 233/384 segment 5/5
2026-09-08T16:09:11.050+01:00 INFO : 233: generating IMRPhenomD from 30.0 Hz
2026-09-08T16:09:11.053+01:00 INFO : Decompressing waveform using inline_linear
2026-09-08T16:09:11.057+01:00 INFO : Filtering template 234/384 segment 1/5
2026-09-08T16:09:11.077+01:00 INFO : 2 points above threshold
2026-09-08T16:09:11.094+01:00 INFO : Filtering template 234/384 segment 2/5
2026-09-08T16:09:11.112+01:00 INFO : 1 points above threshold
2026-09-08T16:09:11.117+01:00 INFO : Filtering template 234/384 segment 3/5
2026-09-08T16:09:11.134+01:00 INFO : 1 points above threshold
2026-09-08T16:09:11.140+01:00 INFO : Filtering template 234/384 segment 4/5
2026-09-08T16:09:11.157+01:00 INFO : 1 points above threshold
2026-09-08T16:09:11.162+01:00 INFO : Filtering template 234/384 segment 5/5
2026-09-08T16:09:11.180+01:00 INFO : 1 points above threshold
2026-09-08T16:09:11.185+01:00 INFO : 234: generating IMRPhenomD from 30.0 Hz
2026-09-08T16:09:11.188+01:00 INFO : Decompressing waveform using inline_linear
2026-09-08T16:09:11.193+01:00 INFO : Filtering template 235/384 segment 1/5
2026-09-08T16:09:11.213+01:00 INFO : Filtering template 235/384 segment 2/5
2026-09-08T16:09:11.230+01:00 INFO : 2 points above threshold
2026-09-08T16:09:11.247+01:00 INFO : Filtering template 235/384 segment 3/5
2026-09-08T16:09:11.265+01:00 INFO : Filtering template 235/384 segment 4/5
2026-09-08T16:09:11.282+01:00 INFO : 1 points above threshold
2026-09-08T16:09:11.288+01:00 INFO : Filtering template 235/384 segment 5/5
2026-09-08T16:09:11.305+01:00 INFO : 235: generating IMRPhenomD from 30.0 Hz
2026-09-08T16:09:11.308+01:00 INFO : Decompressing waveform using inline_linear
2026-09-08T16:09:11.313+01:00 INFO : Filtering template 236/384 segment 1/5
2026-09-08T16:09:11.332+01:00 INFO : 1 points above threshold
2026-09-08T16:09:11.348+01:00 INFO : Filtering template 236/384 segment 2/5
2026-09-08T16:09:11.365+01:00 INFO : 2 points above threshold
2026-09-08T16:09:11.372+01:00 INFO : Filtering template 236/384 segment 3/5
2026-09-08T16:09:11.390+01:00 INFO : Filtering template 236/384 segment 4/5
2026-09-08T16:09:11.407+01:00 INFO : 1 points above threshold
2026-09-08T16:09:11.412+01:00 INFO : Filtering template 236/384 segment 5/5
2026-09-08T16:09:11.430+01:00 INFO : 1 points above threshold
2026-09-08T16:09:11.435+01:00 INFO : 236: generating IMRPhenomD from 30.0 Hz
2026-09-08T16:09:11.438+01:00 INFO : Decompressing waveform using inline_linear
2026-09-08T16:09:11.443+01:00 INFO : Filtering template 237/384 segment 1/5
2026-09-08T16:09:11.463+01:00 INFO : Filtering template 237/384 segment 2/5
2026-09-08T16:09:11.480+01:00 INFO : 1 points above threshold
2026-09-08T16:09:11.495+01:00 INFO : Filtering template 237/384 segment 3/5
2026-09-08T16:09:11.513+01:00 INFO : 1 points above threshold
2026-09-08T16:09:11.518+01:00 INFO : Filtering template 237/384 segment 4/5
2026-09-08T16:09:11.536+01:00 INFO : 1 points above threshold
2026-09-08T16:09:11.541+01:00 INFO : Filtering template 237/384 segment 5/5
2026-09-08T16:09:11.558+01:00 INFO : 237: generating IMRPhenomD from 30.0 Hz
2026-09-08T16:09:11.561+01:00 INFO : Decompressing waveform using inline_linear
2026-09-08T16:09:11.566+01:00 INFO : Filtering template 238/384 segment 1/5
2026-09-08T16:09:11.586+01:00 INFO : Filtering template 238/384 segment 2/5
2026-09-08T16:09:11.603+01:00 INFO : 2 points above threshold
2026-09-08T16:09:11.620+01:00 INFO : Filtering template 238/384 segment 3/5
2026-09-08T16:09:11.638+01:00 INFO : 1 points above threshold
2026-09-08T16:09:11.643+01:00 INFO : Filtering template 238/384 segment 4/5
2026-09-08T16:09:11.661+01:00 INFO : Filtering template 238/384 segment 5/5
2026-09-08T16:09:11.678+01:00 INFO : 2 points above threshold
2026-09-08T16:09:11.685+01:00 INFO : 238: generating IMRPhenomD from 30.0 Hz
2026-09-08T16:09:11.688+01:00 INFO : Decompressing waveform using inline_linear
2026-09-08T16:09:11.693+01:00 INFO : Filtering template 239/384 segment 1/5
2026-09-08T16:09:11.713+01:00 INFO : Filtering template 239/384 segment 2/5
2026-09-08T16:09:11.730+01:00 INFO : Filtering template 239/384 segment 3/5
2026-09-08T16:09:11.748+01:00 INFO : 2 points above threshold
2026-09-08T16:09:11.765+01:00 INFO : Filtering template 239/384 segment 4/5
2026-09-08T16:09:11.783+01:00 INFO : 1 points above threshold
2026-09-08T16:09:11.788+01:00 INFO : Filtering template 239/384 segment 5/5
2026-09-08T16:09:11.806+01:00 INFO : 239: generating IMRPhenomD from 30.0 Hz
2026-09-08T16:09:11.809+01:00 INFO : Decompressing waveform using inline_linear
2026-09-08T16:09:11.813+01:00 INFO : Filtering template 240/384 segment 1/5
2026-09-08T16:09:11.833+01:00 INFO : 1 points above threshold
2026-09-08T16:09:11.849+01:00 INFO : Filtering template 240/384 segment 2/5
2026-09-08T16:09:11.866+01:00 INFO : 1 points above threshold
2026-09-08T16:09:11.872+01:00 INFO : Filtering template 240/384 segment 3/5
2026-09-08T16:09:11.889+01:00 INFO : 2 points above threshold
2026-09-08T16:09:11.896+01:00 INFO : Filtering template 240/384 segment 4/5
2026-09-08T16:09:11.914+01:00 INFO : Filtering template 240/384 segment 5/5
2026-09-08T16:09:11.932+01:00 INFO : 240: generating IMRPhenomD from 30.0 Hz
2026-09-08T16:09:11.935+01:00 INFO : Decompressing waveform using inline_linear
2026-09-08T16:09:11.939+01:00 INFO : Filtering template 241/384 segment 1/5
2026-09-08T16:09:11.959+01:00 INFO : 1 points above threshold
2026-09-08T16:09:11.974+01:00 INFO : Filtering template 241/384 segment 2/5
2026-09-08T16:09:11.992+01:00 INFO : 2 points above threshold
2026-09-08T16:09:11.999+01:00 INFO : Filtering template 241/384 segment 3/5
2026-09-08T16:09:12.020+01:00 INFO : 1 points above threshold
2026-09-08T16:09:12.026+01:00 INFO : Filtering template 241/384 segment 4/5
2026-09-08T16:09:12.045+01:00 INFO : 1 points above threshold
2026-09-08T16:09:12.051+01:00 INFO : Filtering template 241/384 segment 5/5
2026-09-08T16:09:12.078+01:00 INFO : 241: generating IMRPhenomD from 30.0 Hz
2026-09-08T16:09:12.082+01:00 INFO : Decompressing waveform using inline_linear
2026-09-08T16:09:12.088+01:00 INFO : Filtering template 242/384 segment 1/5
2026-09-08T16:09:12.109+01:00 INFO : 1 points above threshold
2026-09-08T16:09:12.125+01:00 INFO : Filtering template 242/384 segment 2/5
2026-09-08T16:09:12.143+01:00 INFO : Filtering template 242/384 segment 3/5
2026-09-08T16:09:12.160+01:00 INFO : 1 points above threshold
2026-09-08T16:09:12.165+01:00 INFO : Filtering template 242/384 segment 4/5
2026-09-08T16:09:12.183+01:00 INFO : Filtering template 242/384 segment 5/5
2026-09-08T16:09:12.201+01:00 INFO : 1 points above threshold
2026-09-08T16:09:12.206+01:00 INFO : 242: generating IMRPhenomD from 30.0 Hz
2026-09-08T16:09:12.209+01:00 INFO : Decompressing waveform using inline_linear
2026-09-08T16:09:12.213+01:00 INFO : Filtering template 243/384 segment 1/5
2026-09-08T16:09:12.233+01:00 INFO : 1 points above threshold
2026-09-08T16:09:12.248+01:00 INFO : Filtering template 243/384 segment 2/5
2026-09-08T16:09:12.266+01:00 INFO : 1 points above threshold
2026-09-08T16:09:12.271+01:00 INFO : Filtering template 243/384 segment 3/5
2026-09-08T16:09:12.289+01:00 INFO : 2 points above threshold
2026-09-08T16:09:12.296+01:00 INFO : Filtering template 243/384 segment 4/5
2026-09-08T16:09:12.313+01:00 INFO : 1 points above threshold
2026-09-08T16:09:12.318+01:00 INFO : Filtering template 243/384 segment 5/5
2026-09-08T16:09:12.336+01:00 INFO : 1 points above threshold
2026-09-08T16:09:12.341+01:00 INFO : 243: generating IMRPhenomD from 30.0 Hz
2026-09-08T16:09:12.344+01:00 INFO : Decompressing waveform using inline_linear
2026-09-08T16:09:12.349+01:00 INFO : Filtering template 244/384 segment 1/5
2026-09-08T16:09:12.368+01:00 INFO : 1 points above threshold
2026-09-08T16:09:12.384+01:00 INFO : Filtering template 244/384 segment 2/5
2026-09-08T16:09:12.401+01:00 INFO : 3 points above threshold
2026-09-08T16:09:12.410+01:00 INFO : Filtering template 244/384 segment 3/5
2026-09-08T16:09:12.428+01:00 INFO : 3 points above threshold
2026-09-08T16:09:12.437+01:00 INFO : Filtering template 244/384 segment 4/5
2026-09-08T16:09:12.455+01:00 INFO : 1 points above threshold
2026-09-08T16:09:12.460+01:00 INFO : Filtering template 244/384 segment 5/5
2026-09-08T16:09:12.477+01:00 INFO : 1 points above threshold
2026-09-08T16:09:12.483+01:00 INFO : 244: generating IMRPhenomD from 30.0 Hz
2026-09-08T16:09:12.486+01:00 INFO : Decompressing waveform using inline_linear
2026-09-08T16:09:12.490+01:00 INFO : Filtering template 245/384 segment 1/5
2026-09-08T16:09:12.510+01:00 INFO : Filtering template 245/384 segment 2/5
2026-09-08T16:09:12.529+01:00 INFO : 2 points above threshold
2026-09-08T16:09:12.546+01:00 INFO : Filtering template 245/384 segment 3/5
2026-09-08T16:09:12.563+01:00 INFO : 2 points above threshold
2026-09-08T16:09:12.570+01:00 INFO : Filtering template 245/384 segment 4/5
2026-09-08T16:09:12.588+01:00 INFO : 1 points above threshold
2026-09-08T16:09:12.593+01:00 INFO : Filtering template 245/384 segment 5/5
2026-09-08T16:09:12.611+01:00 INFO : 245: generating IMRPhenomD from 30.0 Hz
2026-09-08T16:09:12.614+01:00 INFO : Decompressing waveform using inline_linear
2026-09-08T16:09:12.618+01:00 INFO : Filtering template 246/384 segment 1/5
2026-09-08T16:09:12.638+01:00 INFO : Filtering template 246/384 segment 2/5
2026-09-08T16:09:12.656+01:00 INFO : Filtering template 246/384 segment 3/5
2026-09-08T16:09:12.673+01:00 INFO : 1 points above threshold
2026-09-08T16:09:12.689+01:00 INFO : Filtering template 246/384 segment 4/5
2026-09-08T16:09:12.706+01:00 INFO : Filtering template 246/384 segment 5/5
2026-09-08T16:09:12.724+01:00 INFO : 246: generating IMRPhenomD from 30.0 Hz
2026-09-08T16:09:12.727+01:00 INFO : Decompressing waveform using inline_linear
2026-09-08T16:09:12.732+01:00 INFO : Filtering template 247/384 segment 1/5
2026-09-08T16:09:12.752+01:00 INFO : Filtering template 247/384 segment 2/5
2026-09-08T16:09:12.769+01:00 INFO : Filtering template 247/384 segment 3/5
2026-09-08T16:09:12.787+01:00 INFO : Filtering template 247/384 segment 4/5
2026-09-08T16:09:12.805+01:00 INFO : Filtering template 247/384 segment 5/5
2026-09-08T16:09:12.822+01:00 INFO : 247: generating IMRPhenomD from 30.0 Hz
2026-09-08T16:09:12.825+01:00 INFO : Decompressing waveform using inline_linear
2026-09-08T16:09:12.830+01:00 INFO : Filtering template 248/384 segment 1/5
2026-09-08T16:09:12.850+01:00 INFO : 2 points above threshold
2026-09-08T16:09:12.870+01:00 INFO : Filtering template 248/384 segment 2/5
2026-09-08T16:09:12.887+01:00 INFO : 1 points above threshold
2026-09-08T16:09:12.893+01:00 INFO : Filtering template 248/384 segment 3/5
2026-09-08T16:09:12.910+01:00 INFO : 2 points above threshold
2026-09-08T16:09:12.917+01:00 INFO : Filtering template 248/384 segment 4/5
2026-09-08T16:09:12.935+01:00 INFO : Filtering template 248/384 segment 5/5
2026-09-08T16:09:12.953+01:00 INFO : 248: generating IMRPhenomD from 30.0 Hz
2026-09-08T16:09:12.956+01:00 INFO : Decompressing waveform using inline_linear
2026-09-08T16:09:12.960+01:00 INFO : Filtering template 249/384 segment 1/5
2026-09-08T16:09:12.980+01:00 INFO : 1 points above threshold
2026-09-08T16:09:12.997+01:00 INFO : Filtering template 249/384 segment 2/5
2026-09-08T16:09:13.014+01:00 INFO : 1 points above threshold
2026-09-08T16:09:13.020+01:00 INFO : Filtering template 249/384 segment 3/5
2026-09-08T16:09:13.037+01:00 INFO : 2 points above threshold
2026-09-08T16:09:13.044+01:00 INFO : Filtering template 249/384 segment 4/5
2026-09-08T16:09:13.062+01:00 INFO : 2 points above threshold
2026-09-08T16:09:13.069+01:00 INFO : Filtering template 249/384 segment 5/5
2026-09-08T16:09:13.086+01:00 INFO : 1 points above threshold
2026-09-08T16:09:13.091+01:00 INFO : 249: generating IMRPhenomD from 30.0 Hz
2026-09-08T16:09:13.094+01:00 INFO : Decompressing waveform using inline_linear
2026-09-08T16:09:13.099+01:00 INFO : Filtering template 250/384 segment 1/5
2026-09-08T16:09:13.119+01:00 INFO : Filtering template 250/384 segment 2/5
2026-09-08T16:09:13.136+01:00 INFO : 1 points above threshold
2026-09-08T16:09:13.153+01:00 INFO : Filtering template 250/384 segment 3/5
2026-09-08T16:09:13.170+01:00 INFO : 2 points above threshold
2026-09-08T16:09:13.177+01:00 INFO : Filtering template 250/384 segment 4/5
2026-09-08T16:09:13.195+01:00 INFO : 2 points above threshold
2026-09-08T16:09:13.202+01:00 INFO : Filtering template 250/384 segment 5/5
2026-09-08T16:09:13.220+01:00 INFO : 250: generating IMRPhenomD from 30.0 Hz
2026-09-08T16:09:13.223+01:00 INFO : Decompressing waveform using inline_linear
2026-09-08T16:09:13.228+01:00 INFO : Filtering template 251/384 segment 1/5
2026-09-08T16:09:13.247+01:00 INFO : 3 points above threshold
2026-09-08T16:09:13.267+01:00 INFO : Filtering template 251/384 segment 2/5
2026-09-08T16:09:13.284+01:00 INFO : Filtering template 251/384 segment 3/5
2026-09-08T16:09:13.302+01:00 INFO : Filtering template 251/384 segment 4/5
2026-09-08T16:09:13.320+01:00 INFO : 2 points above threshold
2026-09-08T16:09:13.327+01:00 INFO : Filtering template 251/384 segment 5/5
2026-09-08T16:09:13.344+01:00 INFO : 1 points above threshold
2026-09-08T16:09:13.349+01:00 INFO : 251: generating IMRPhenomD from 30.0 Hz
2026-09-08T16:09:13.352+01:00 INFO : Decompressing waveform using inline_linear
2026-09-08T16:09:13.357+01:00 INFO : Filtering template 252/384 segment 1/5
2026-09-08T16:09:13.377+01:00 INFO : 3 points above threshold
2026-09-08T16:09:13.396+01:00 INFO : Filtering template 252/384 segment 2/5
2026-09-08T16:09:13.414+01:00 INFO : 2 points above threshold
2026-09-08T16:09:13.421+01:00 INFO : Filtering template 252/384 segment 3/5
2026-09-08T16:09:13.438+01:00 INFO : 3 points above threshold
2026-09-08T16:09:13.447+01:00 INFO : Filtering template 252/384 segment 4/5
2026-09-08T16:09:13.465+01:00 INFO : 3 points above threshold
2026-09-08T16:09:13.474+01:00 INFO : Filtering template 252/384 segment 5/5
2026-09-08T16:09:13.492+01:00 INFO : 252: generating IMRPhenomD from 30.0 Hz
2026-09-08T16:09:13.495+01:00 INFO : Decompressing waveform using inline_linear
2026-09-08T16:09:13.499+01:00 INFO : Filtering template 253/384 segment 1/5
2026-09-08T16:09:13.519+01:00 INFO : 4 points above threshold
2026-09-08T16:09:13.538+01:00 INFO : Filtering template 253/384 segment 2/5
2026-09-08T16:09:13.555+01:00 INFO : Filtering template 253/384 segment 3/5
2026-09-08T16:09:13.573+01:00 INFO : 1 points above threshold
2026-09-08T16:09:13.578+01:00 INFO : Filtering template 253/384 segment 4/5
2026-09-08T16:09:13.596+01:00 INFO : 2 points above threshold
2026-09-08T16:09:13.603+01:00 INFO : Filtering template 253/384 segment 5/5
2026-09-08T16:09:13.620+01:00 INFO : 253: generating IMRPhenomD from 30.0 Hz
2026-09-08T16:09:13.623+01:00 INFO : Decompressing waveform using inline_linear
2026-09-08T16:09:13.628+01:00 INFO : Filtering template 254/384 segment 1/5
2026-09-08T16:09:13.648+01:00 INFO : 3 points above threshold
2026-09-08T16:09:13.667+01:00 INFO : Filtering template 254/384 segment 2/5
2026-09-08T16:09:13.685+01:00 INFO : 2 points above threshold
2026-09-08T16:09:13.692+01:00 INFO : Filtering template 254/384 segment 3/5
2026-09-08T16:09:13.709+01:00 INFO : 2 points above threshold
2026-09-08T16:09:13.716+01:00 INFO : Filtering template 254/384 segment 4/5
2026-09-08T16:09:13.734+01:00 INFO : 4 points above threshold
2026-09-08T16:09:13.742+01:00 INFO : Filtering template 254/384 segment 5/5
2026-09-08T16:09:13.760+01:00 INFO : 1 points above threshold
2026-09-08T16:09:13.765+01:00 INFO : 254: generating IMRPhenomD from 30.0 Hz
2026-09-08T16:09:13.785+01:00 INFO : Decompressing waveform using inline_linear
2026-09-08T16:09:13.790+01:00 INFO : Filtering template 255/384 segment 1/5
2026-09-08T16:09:13.818+01:00 INFO : 3 points above threshold
2026-09-08T16:09:13.842+01:00 INFO : Filtering template 255/384 segment 2/5
2026-09-08T16:09:13.860+01:00 INFO : 3 points above threshold
2026-09-08T16:09:13.869+01:00 INFO : Filtering template 255/384 segment 3/5
2026-09-08T16:09:13.887+01:00 INFO : Filtering template 255/384 segment 4/5
2026-09-08T16:09:13.904+01:00 INFO : Filtering template 255/384 segment 5/5
2026-09-08T16:09:13.922+01:00 INFO : 1 points above threshold
2026-09-08T16:09:13.927+01:00 INFO : 255: generating IMRPhenomD from 30.0 Hz
2026-09-08T16:09:13.930+01:00 INFO : Decompressing waveform using inline_linear
2026-09-08T16:09:13.935+01:00 INFO : Filtering template 256/384 segment 1/5
2026-09-08T16:09:13.955+01:00 INFO : 2 points above threshold
2026-09-08T16:09:13.973+01:00 INFO : Filtering template 256/384 segment 2/5
2026-09-08T16:09:13.991+01:00 INFO : 1 points above threshold
2026-09-08T16:09:13.996+01:00 INFO : Filtering template 256/384 segment 3/5
2026-09-08T16:09:14.013+01:00 INFO : 1 points above threshold
2026-09-08T16:09:14.018+01:00 INFO : Filtering template 256/384 segment 4/5
2026-09-08T16:09:14.036+01:00 INFO : 1 points above threshold
2026-09-08T16:09:14.041+01:00 INFO : Filtering template 256/384 segment 5/5
2026-09-08T16:09:14.059+01:00 INFO : 256: generating IMRPhenomD from 30.0 Hz
2026-09-08T16:09:14.062+01:00 INFO : Decompressing waveform using inline_linear
2026-09-08T16:09:14.067+01:00 INFO : Filtering template 257/384 segment 1/5
2026-09-08T16:09:14.086+01:00 INFO : 2 points above threshold
2026-09-08T16:09:14.103+01:00 INFO : Filtering template 257/384 segment 2/5
2026-09-08T16:09:14.121+01:00 INFO : 2 points above threshold
2026-09-08T16:09:14.128+01:00 INFO : Filtering template 257/384 segment 3/5
2026-09-08T16:09:14.146+01:00 INFO : 1 points above threshold
2026-09-08T16:09:14.151+01:00 INFO : Filtering template 257/384 segment 4/5
2026-09-08T16:09:14.168+01:00 INFO : 2 points above threshold
2026-09-08T16:09:14.175+01:00 INFO : Filtering template 257/384 segment 5/5
2026-09-08T16:09:14.193+01:00 INFO : 257: generating IMRPhenomD from 30.0 Hz
2026-09-08T16:09:14.196+01:00 INFO : Decompressing waveform using inline_linear
2026-09-08T16:09:14.201+01:00 INFO : Filtering template 258/384 segment 1/5
2026-09-08T16:09:14.221+01:00 INFO : 1 points above threshold
2026-09-08T16:09:14.236+01:00 INFO : Filtering template 258/384 segment 2/5
2026-09-08T16:09:14.253+01:00 INFO : 1 points above threshold
2026-09-08T16:09:14.258+01:00 INFO : Filtering template 258/384 segment 3/5
2026-09-08T16:09:14.276+01:00 INFO : 2 points above threshold
2026-09-08T16:09:14.283+01:00 INFO : Filtering template 258/384 segment 4/5
2026-09-08T16:09:14.300+01:00 INFO : 1 points above threshold
2026-09-08T16:09:14.306+01:00 INFO : Filtering template 258/384 segment 5/5
2026-09-08T16:09:14.323+01:00 INFO : 258: generating IMRPhenomD from 30.0 Hz
2026-09-08T16:09:14.326+01:00 INFO : Decompressing waveform using inline_linear
2026-09-08T16:09:14.331+01:00 INFO : Filtering template 259/384 segment 1/5
2026-09-08T16:09:14.351+01:00 INFO : 3 points above threshold
2026-09-08T16:09:14.370+01:00 INFO : Filtering template 259/384 segment 2/5
2026-09-08T16:09:14.388+01:00 INFO : Filtering template 259/384 segment 3/5
2026-09-08T16:09:14.405+01:00 INFO : 1 points above threshold
2026-09-08T16:09:14.410+01:00 INFO : Filtering template 259/384 segment 4/5
2026-09-08T16:09:14.428+01:00 INFO : Filtering template 259/384 segment 5/5
2026-09-08T16:09:14.446+01:00 INFO : 259: generating IMRPhenomD from 30.0 Hz
2026-09-08T16:09:14.449+01:00 INFO : Decompressing waveform using inline_linear
2026-09-08T16:09:14.453+01:00 INFO : Filtering template 260/384 segment 1/5
2026-09-08T16:09:14.473+01:00 INFO : 1 points above threshold
2026-09-08T16:09:14.489+01:00 INFO : Filtering template 260/384 segment 2/5
2026-09-08T16:09:14.506+01:00 INFO : 1 points above threshold
2026-09-08T16:09:14.511+01:00 INFO : Filtering template 260/384 segment 3/5
2026-09-08T16:09:14.529+01:00 INFO : 1 points above threshold
2026-09-08T16:09:14.534+01:00 INFO : Filtering template 260/384 segment 4/5
2026-09-08T16:09:14.552+01:00 INFO : 1 points above threshold
2026-09-08T16:09:14.557+01:00 INFO : Filtering template 260/384 segment 5/5
2026-09-08T16:09:14.574+01:00 INFO : 1 points above threshold
2026-09-08T16:09:14.580+01:00 INFO : 260: generating IMRPhenomD from 30.0 Hz
2026-09-08T16:09:14.582+01:00 INFO : Decompressing waveform using inline_linear
2026-09-08T16:09:14.587+01:00 INFO : Filtering template 261/384 segment 1/5
2026-09-08T16:09:14.607+01:00 INFO : Filtering template 261/384 segment 2/5
2026-09-08T16:09:14.625+01:00 INFO : Filtering template 261/384 segment 3/5
2026-09-08T16:09:14.643+01:00 INFO : 1 points above threshold
2026-09-08T16:09:14.658+01:00 INFO : Filtering template 261/384 segment 4/5
2026-09-08T16:09:14.675+01:00 INFO : 2 points above threshold
2026-09-08T16:09:14.682+01:00 INFO : Filtering template 261/384 segment 5/5
2026-09-08T16:09:14.700+01:00 INFO : 261: generating IMRPhenomD from 30.0 Hz
2026-09-08T16:09:14.703+01:00 INFO : Decompressing waveform using inline_linear
2026-09-08T16:09:14.708+01:00 INFO : Filtering template 262/384 segment 1/5
2026-09-08T16:09:14.727+01:00 INFO : 2 points above threshold
2026-09-08T16:09:14.744+01:00 INFO : Filtering template 262/384 segment 2/5
2026-09-08T16:09:14.762+01:00 INFO : 2 points above threshold
2026-09-08T16:09:14.769+01:00 INFO : Filtering template 262/384 segment 3/5
2026-09-08T16:09:14.787+01:00 INFO : Filtering template 262/384 segment 4/5
2026-09-08T16:09:14.804+01:00 INFO : 2 points above threshold
2026-09-08T16:09:14.811+01:00 INFO : Filtering template 262/384 segment 5/5
2026-09-08T16:09:14.829+01:00 INFO : 2 points above threshold
2026-09-08T16:09:14.836+01:00 INFO : 262: generating IMRPhenomD from 30.0 Hz
2026-09-08T16:09:14.838+01:00 INFO : Decompressing waveform using inline_linear
2026-09-08T16:09:14.843+01:00 INFO : Filtering template 263/384 segment 1/5
2026-09-08T16:09:14.863+01:00 INFO : Filtering template 263/384 segment 2/5
2026-09-08T16:09:14.881+01:00 INFO : 1 points above threshold
2026-09-08T16:09:14.896+01:00 INFO : Filtering template 263/384 segment 3/5
2026-09-08T16:09:14.913+01:00 INFO : 1 points above threshold
2026-09-08T16:09:14.919+01:00 INFO : Filtering template 263/384 segment 4/5
2026-09-08T16:09:14.936+01:00 INFO : 3 points above threshold
2026-09-08T16:09:14.945+01:00 INFO : Filtering template 263/384 segment 5/5
2026-09-08T16:09:14.963+01:00 INFO : 263: generating IMRPhenomD from 30.0 Hz
2026-09-08T16:09:14.966+01:00 INFO : Decompressing waveform using inline_linear
2026-09-08T16:09:14.971+01:00 INFO : Filtering template 264/384 segment 1/5
2026-09-08T16:09:14.991+01:00 INFO : 2 points above threshold
2026-09-08T16:09:15.008+01:00 INFO : Filtering template 264/384 segment 2/5
2026-09-08T16:09:15.025+01:00 INFO : 1 points above threshold
2026-09-08T16:09:15.030+01:00 INFO : Filtering template 264/384 segment 3/5
2026-09-08T16:09:15.048+01:00 INFO : 1 points above threshold
2026-09-08T16:09:15.053+01:00 INFO : Filtering template 264/384 segment 4/5
2026-09-08T16:09:15.070+01:00 INFO : 3 points above threshold
2026-09-08T16:09:15.080+01:00 INFO : Filtering template 264/384 segment 5/5
2026-09-08T16:09:15.097+01:00 INFO : 3 points above threshold
2026-09-08T16:09:15.107+01:00 INFO : 264: generating IMRPhenomD from 30.0 Hz
2026-09-08T16:09:15.109+01:00 INFO : Decompressing waveform using inline_linear
2026-09-08T16:09:15.114+01:00 INFO : Filtering template 265/384 segment 1/5
2026-09-08T16:09:15.134+01:00 INFO : 1 points above threshold
2026-09-08T16:09:15.149+01:00 INFO : Filtering template 265/384 segment 2/5
2026-09-08T16:09:15.167+01:00 INFO : 1 points above threshold
2026-09-08T16:09:15.172+01:00 INFO : Filtering template 265/384 segment 3/5
2026-09-08T16:09:15.189+01:00 INFO : 1 points above threshold
2026-09-08T16:09:15.194+01:00 INFO : Filtering template 265/384 segment 4/5
2026-09-08T16:09:15.212+01:00 INFO : Filtering template 265/384 segment 5/5
2026-09-08T16:09:15.230+01:00 INFO : 1 points above threshold
2026-09-08T16:09:15.235+01:00 INFO : 265: generating IMRPhenomD from 30.0 Hz
2026-09-08T16:09:15.238+01:00 INFO : Decompressing waveform using inline_linear
2026-09-08T16:09:15.242+01:00 INFO : Filtering template 266/384 segment 1/5
2026-09-08T16:09:15.262+01:00 INFO : 3 points above threshold
2026-09-08T16:09:15.281+01:00 INFO : Filtering template 266/384 segment 2/5
2026-09-08T16:09:15.299+01:00 INFO : 3 points above threshold
2026-09-08T16:09:15.308+01:00 INFO : Filtering template 266/384 segment 3/5
2026-09-08T16:09:15.326+01:00 INFO : Filtering template 266/384 segment 4/5
2026-09-08T16:09:15.343+01:00 INFO : 1 points above threshold
2026-09-08T16:09:15.349+01:00 INFO : Filtering template 266/384 segment 5/5
2026-09-08T16:09:15.366+01:00 INFO : 266: generating IMRPhenomD from 30.0 Hz
2026-09-08T16:09:15.369+01:00 INFO : Decompressing waveform using inline_linear
2026-09-08T16:09:15.374+01:00 INFO : Filtering template 267/384 segment 1/5
2026-09-08T16:09:15.394+01:00 INFO : Filtering template 267/384 segment 2/5
2026-09-08T16:09:15.411+01:00 INFO : 1 points above threshold
2026-09-08T16:09:15.427+01:00 INFO : Filtering template 267/384 segment 3/5
2026-09-08T16:09:15.444+01:00 INFO : 2 points above threshold
2026-09-08T16:09:15.451+01:00 INFO : Filtering template 267/384 segment 4/5
2026-09-08T16:09:15.469+01:00 INFO : Filtering template 267/384 segment 5/5
2026-09-08T16:09:15.486+01:00 INFO : 2 points above threshold
2026-09-08T16:09:15.494+01:00 INFO : 267: generating IMRPhenomD from 30.0 Hz
2026-09-08T16:09:15.496+01:00 INFO : Decompressing waveform using inline_linear
2026-09-08T16:09:15.501+01:00 INFO : Filtering template 268/384 segment 1/5
2026-09-08T16:09:15.521+01:00 INFO : 1 points above threshold
2026-09-08T16:09:15.536+01:00 INFO : Filtering template 268/384 segment 2/5
2026-09-08T16:09:15.553+01:00 INFO : Filtering template 268/384 segment 3/5
2026-09-08T16:09:15.571+01:00 INFO : 1 points above threshold
2026-09-08T16:09:15.576+01:00 INFO : Filtering template 268/384 segment 4/5
2026-09-08T16:09:15.594+01:00 INFO : Filtering template 268/384 segment 5/5
2026-09-08T16:09:15.611+01:00 INFO : 2 points above threshold
2026-09-08T16:09:15.619+01:00 INFO : 268: generating IMRPhenomD from 30.0 Hz
2026-09-08T16:09:15.621+01:00 INFO : Decompressing waveform using inline_linear
2026-09-08T16:09:15.626+01:00 INFO : Filtering template 269/384 segment 1/5
2026-09-08T16:09:15.646+01:00 INFO : Filtering template 269/384 segment 2/5
2026-09-08T16:09:15.664+01:00 INFO : 1 points above threshold
2026-09-08T16:09:15.679+01:00 INFO : Filtering template 269/384 segment 3/5
2026-09-08T16:09:15.696+01:00 INFO : Filtering template 269/384 segment 4/5
2026-09-08T16:09:15.714+01:00 INFO : 1 points above threshold
2026-09-08T16:09:15.719+01:00 INFO : Filtering template 269/384 segment 5/5
2026-09-08T16:09:15.737+01:00 INFO : 269: generating IMRPhenomD from 30.0 Hz
2026-09-08T16:09:15.740+01:00 INFO : Decompressing waveform using inline_linear
2026-09-08T16:09:15.745+01:00 INFO : Filtering template 270/384 segment 1/5
2026-09-08T16:09:15.764+01:00 INFO : Filtering template 270/384 segment 2/5
2026-09-08T16:09:15.782+01:00 INFO : Filtering template 270/384 segment 3/5
2026-09-08T16:09:15.800+01:00 INFO : Filtering template 270/384 segment 4/5
2026-09-08T16:09:15.817+01:00 INFO : 1 points above threshold
2026-09-08T16:09:15.832+01:00 INFO : Filtering template 270/384 segment 5/5
2026-09-08T16:09:15.850+01:00 INFO : 270: generating IMRPhenomD from 30.0 Hz
2026-09-08T16:09:15.853+01:00 INFO : Decompressing waveform using inline_linear
2026-09-08T16:09:15.858+01:00 INFO : Filtering template 271/384 segment 1/5
2026-09-08T16:09:15.878+01:00 INFO : 2 points above threshold
2026-09-08T16:09:15.896+01:00 INFO : Filtering template 271/384 segment 2/5
2026-09-08T16:09:15.914+01:00 INFO : Filtering template 271/384 segment 3/5
2026-09-08T16:09:15.932+01:00 INFO : 1 points above threshold
2026-09-08T16:09:15.937+01:00 INFO : Filtering template 271/384 segment 4/5
2026-09-08T16:09:15.954+01:00 INFO : 1 points above threshold
2026-09-08T16:09:15.960+01:00 INFO : Filtering template 271/384 segment 5/5
2026-09-08T16:09:15.977+01:00 INFO : 3 points above threshold
2026-09-08T16:09:15.987+01:00 INFO : 271: generating IMRPhenomD from 30.0 Hz
2026-09-08T16:09:15.989+01:00 INFO : Decompressing waveform using inline_linear
2026-09-08T16:09:15.994+01:00 INFO : Filtering template 272/384 segment 1/5
2026-09-08T16:09:16.014+01:00 INFO : 2 points above threshold
2026-09-08T16:09:16.032+01:00 INFO : Filtering template 272/384 segment 2/5
2026-09-08T16:09:16.050+01:00 INFO : 1 points above threshold
2026-09-08T16:09:16.055+01:00 INFO : Filtering template 272/384 segment 3/5
2026-09-08T16:09:16.072+01:00 INFO : 1 points above threshold
2026-09-08T16:09:16.078+01:00 INFO : Filtering template 272/384 segment 4/5
2026-09-08T16:09:16.095+01:00 INFO : Filtering template 272/384 segment 5/5
2026-09-08T16:09:16.113+01:00 INFO : 1 points above threshold
2026-09-08T16:09:16.118+01:00 INFO : 272: generating IMRPhenomD from 30.0 Hz
2026-09-08T16:09:16.121+01:00 INFO : Decompressing waveform using inline_linear
2026-09-08T16:09:16.126+01:00 INFO : Filtering template 273/384 segment 1/5
2026-09-08T16:09:16.146+01:00 INFO : 1 points above threshold
2026-09-08T16:09:16.162+01:00 INFO : Filtering template 273/384 segment 2/5
2026-09-08T16:09:16.180+01:00 INFO : Filtering template 273/384 segment 3/5
2026-09-08T16:09:16.198+01:00 INFO : 1 points above threshold
2026-09-08T16:09:16.203+01:00 INFO : Filtering template 273/384 segment 4/5
2026-09-08T16:09:16.221+01:00 INFO : 2 points above threshold
2026-09-08T16:09:16.228+01:00 INFO : Filtering template 273/384 segment 5/5
2026-09-08T16:09:16.246+01:00 INFO : 273: generating IMRPhenomD from 30.0 Hz
2026-09-08T16:09:16.248+01:00 INFO : Decompressing waveform using inline_linear
2026-09-08T16:09:16.253+01:00 INFO : Filtering template 274/384 segment 1/5
2026-09-08T16:09:16.273+01:00 INFO : 1 points above threshold
2026-09-08T16:09:16.289+01:00 INFO : Filtering template 274/384 segment 2/5
2026-09-08T16:09:16.307+01:00 INFO : 2 points above threshold
2026-09-08T16:09:16.314+01:00 INFO : Filtering template 274/384 segment 3/5
2026-09-08T16:09:16.331+01:00 INFO : 3 points above threshold
2026-09-08T16:09:16.341+01:00 INFO : Filtering template 274/384 segment 4/5
2026-09-08T16:09:16.358+01:00 INFO : 1 points above threshold
2026-09-08T16:09:16.363+01:00 INFO : Filtering template 274/384 segment 5/5
2026-09-08T16:09:16.381+01:00 INFO : 3 points above threshold
2026-09-08T16:09:16.390+01:00 INFO : 274: generating IMRPhenomD from 30.0 Hz
2026-09-08T16:09:16.393+01:00 INFO : Decompressing waveform using inline_linear
2026-09-08T16:09:16.398+01:00 INFO : Filtering template 275/384 segment 1/5
2026-09-08T16:09:16.417+01:00 INFO : 1 points above threshold
2026-09-08T16:09:16.433+01:00 INFO : Filtering template 275/384 segment 2/5
2026-09-08T16:09:16.450+01:00 INFO : 1 points above threshold
2026-09-08T16:09:16.455+01:00 INFO : Filtering template 275/384 segment 3/5
2026-09-08T16:09:16.473+01:00 INFO : Filtering template 275/384 segment 4/5
2026-09-08T16:09:16.491+01:00 INFO : 2 points above threshold
2026-09-08T16:09:16.498+01:00 INFO : Filtering template 275/384 segment 5/5
2026-09-08T16:09:16.515+01:00 INFO : 1 points above threshold
2026-09-08T16:09:16.521+01:00 INFO : 275: generating IMRPhenomD from 30.0 Hz
2026-09-08T16:09:16.523+01:00 INFO : Decompressing waveform using inline_linear
2026-09-08T16:09:16.528+01:00 INFO : Filtering template 276/384 segment 1/5
2026-09-08T16:09:16.548+01:00 INFO : 2 points above threshold
2026-09-08T16:09:16.565+01:00 INFO : Filtering template 276/384 segment 2/5
2026-09-08T16:09:16.583+01:00 INFO : 2 points above threshold
2026-09-08T16:09:16.590+01:00 INFO : Filtering template 276/384 segment 3/5
2026-09-08T16:09:16.607+01:00 INFO : 2 points above threshold
2026-09-08T16:09:16.615+01:00 INFO : Filtering template 276/384 segment 4/5
2026-09-08T16:09:16.632+01:00 INFO : 4 points above threshold
2026-09-08T16:09:16.641+01:00 INFO : Filtering template 276/384 segment 5/5
2026-09-08T16:09:16.658+01:00 INFO : 1 points above threshold
2026-09-08T16:09:16.663+01:00 INFO : 276: generating IMRPhenomD from 30.0 Hz
2026-09-08T16:09:16.666+01:00 INFO : Decompressing waveform using inline_linear
2026-09-08T16:09:16.671+01:00 INFO : Filtering template 277/384 segment 1/5
2026-09-08T16:09:16.691+01:00 INFO : 2 points above threshold
2026-09-08T16:09:16.708+01:00 INFO : Filtering template 277/384 segment 2/5
2026-09-08T16:09:16.725+01:00 INFO : Filtering template 277/384 segment 3/5
2026-09-08T16:09:16.743+01:00 INFO : Filtering template 277/384 segment 4/5
2026-09-08T16:09:16.761+01:00 INFO : 1 points above threshold
2026-09-08T16:09:16.766+01:00 INFO : Filtering template 277/384 segment 5/5
2026-09-08T16:09:16.784+01:00 INFO : 277: generating IMRPhenomD from 30.0 Hz
2026-09-08T16:09:16.787+01:00 INFO : Decompressing waveform using inline_linear
2026-09-08T16:09:16.791+01:00 INFO : Filtering template 278/384 segment 1/5
2026-09-08T16:09:16.811+01:00 INFO : Filtering template 278/384 segment 2/5
2026-09-08T16:09:16.829+01:00 INFO : 2 points above threshold
2026-09-08T16:09:16.846+01:00 INFO : Filtering template 278/384 segment 3/5
2026-09-08T16:09:16.863+01:00 INFO : Filtering template 278/384 segment 4/5
2026-09-08T16:09:16.881+01:00 INFO : 1 points above threshold
2026-09-08T16:09:16.886+01:00 INFO : Filtering template 278/384 segment 5/5
2026-09-08T16:09:16.904+01:00 INFO : 1 points above threshold
2026-09-08T16:09:16.909+01:00 INFO : 278: generating IMRPhenomD from 30.0 Hz
2026-09-08T16:09:16.912+01:00 INFO : Decompressing waveform using inline_linear
2026-09-08T16:09:16.917+01:00 INFO : Filtering template 279/384 segment 1/5
2026-09-08T16:09:16.936+01:00 INFO : 2 points above threshold
2026-09-08T16:09:16.953+01:00 INFO : Filtering template 279/384 segment 2/5
2026-09-08T16:09:16.971+01:00 INFO : 1 points above threshold
2026-09-08T16:09:16.976+01:00 INFO : Filtering template 279/384 segment 3/5
2026-09-08T16:09:16.994+01:00 INFO : 1 points above threshold
2026-09-08T16:09:16.999+01:00 INFO : Filtering template 279/384 segment 4/5
2026-09-08T16:09:17.016+01:00 INFO : 3 points above threshold
2026-09-08T16:09:17.026+01:00 INFO : Filtering template 279/384 segment 5/5
2026-09-08T16:09:17.043+01:00 INFO : 279: generating IMRPhenomD from 30.0 Hz
2026-09-08T16:09:17.046+01:00 INFO : Decompressing waveform using inline_linear
2026-09-08T16:09:17.051+01:00 INFO : Filtering template 280/384 segment 1/5
2026-09-08T16:09:17.071+01:00 INFO : 2 points above threshold
2026-09-08T16:09:17.088+01:00 INFO : Filtering template 280/384 segment 2/5
2026-09-08T16:09:17.106+01:00 INFO : 1 points above threshold
2026-09-08T16:09:17.113+01:00 INFO : Filtering template 280/384 segment 3/5
2026-09-08T16:09:17.134+01:00 INFO : 1 points above threshold
2026-09-08T16:09:17.140+01:00 INFO : Filtering template 280/384 segment 4/5
2026-09-08T16:09:17.161+01:00 INFO : 1 points above threshold
2026-09-08T16:09:17.166+01:00 INFO : Filtering template 280/384 segment 5/5
2026-09-08T16:09:17.186+01:00 INFO : 280: generating IMRPhenomD from 30.0 Hz
2026-09-08T16:09:17.189+01:00 INFO : Decompressing waveform using inline_linear
2026-09-08T16:09:17.194+01:00 INFO : Filtering template 281/384 segment 1/5
2026-09-08T16:09:17.215+01:00 INFO : 2 points above threshold
2026-09-08T16:09:17.232+01:00 INFO : Filtering template 281/384 segment 2/5
2026-09-08T16:09:17.250+01:00 INFO : Filtering template 281/384 segment 3/5
2026-09-08T16:09:17.268+01:00 INFO : Filtering template 281/384 segment 4/5
2026-09-08T16:09:17.285+01:00 INFO : 3 points above threshold
2026-09-08T16:09:17.294+01:00 INFO : Filtering template 281/384 segment 5/5
2026-09-08T16:09:17.312+01:00 INFO : 3 points above threshold
2026-09-08T16:09:17.321+01:00 INFO : 281: generating IMRPhenomD from 30.0 Hz
2026-09-08T16:09:17.324+01:00 INFO : Decompressing waveform using inline_linear
2026-09-08T16:09:17.329+01:00 INFO : Filtering template 282/384 segment 1/5
2026-09-08T16:09:17.348+01:00 INFO : Filtering template 282/384 segment 2/5
2026-09-08T16:09:17.366+01:00 INFO : 1 points above threshold
2026-09-08T16:09:17.381+01:00 INFO : Filtering template 282/384 segment 3/5
2026-09-08T16:09:17.399+01:00 INFO : Filtering template 282/384 segment 4/5
2026-09-08T16:09:17.417+01:00 INFO : 2 points above threshold
2026-09-08T16:09:17.424+01:00 INFO : Filtering template 282/384 segment 5/5
2026-09-08T16:09:17.441+01:00 INFO : 3 points above threshold
2026-09-08T16:09:17.450+01:00 INFO : 282: generating IMRPhenomD from 30.0 Hz
2026-09-08T16:09:17.453+01:00 INFO : Decompressing waveform using inline_linear
2026-09-08T16:09:17.458+01:00 INFO : Filtering template 283/384 segment 1/5
2026-09-08T16:09:17.478+01:00 INFO : Filtering template 283/384 segment 2/5
2026-09-08T16:09:17.495+01:00 INFO : 1 points above threshold
2026-09-08T16:09:17.510+01:00 INFO : Filtering template 283/384 segment 3/5
2026-09-08T16:09:17.528+01:00 INFO : Filtering template 283/384 segment 4/5
2026-09-08T16:09:17.546+01:00 INFO : 5 points above threshold
2026-09-08T16:09:17.557+01:00 INFO : Filtering template 283/384 segment 5/5
2026-09-08T16:09:17.575+01:00 INFO : 3 points above threshold
2026-09-08T16:09:17.584+01:00 INFO : 283: generating IMRPhenomD from 30.0 Hz
2026-09-08T16:09:17.587+01:00 INFO : Decompressing waveform using inline_linear
2026-09-08T16:09:17.592+01:00 INFO : Filtering template 284/384 segment 1/5
2026-09-08T16:09:17.611+01:00 INFO : 2 points above threshold
2026-09-08T16:09:17.628+01:00 INFO : Filtering template 284/384 segment 2/5
2026-09-08T16:09:17.646+01:00 INFO : 1 points above threshold
2026-09-08T16:09:17.651+01:00 INFO : Filtering template 284/384 segment 3/5
2026-09-08T16:09:17.669+01:00 INFO : 2 points above threshold
2026-09-08T16:09:17.676+01:00 INFO : Filtering template 284/384 segment 4/5
2026-09-08T16:09:17.693+01:00 INFO : 1 points above threshold
2026-09-08T16:09:17.698+01:00 INFO : Filtering template 284/384 segment 5/5
2026-09-08T16:09:17.716+01:00 INFO : 284: generating IMRPhenomD from 30.0 Hz
2026-09-08T16:09:17.719+01:00 INFO : Decompressing waveform using inline_linear
2026-09-08T16:09:17.724+01:00 INFO : Filtering template 285/384 segment 1/5
2026-09-08T16:09:17.743+01:00 INFO : 1 points above threshold
2026-09-08T16:09:17.758+01:00 INFO : Filtering template 285/384 segment 2/5
2026-09-08T16:09:17.776+01:00 INFO : 1 points above threshold
2026-09-08T16:09:17.781+01:00 INFO : Filtering template 285/384 segment 3/5
2026-09-08T16:09:17.799+01:00 INFO : 1 points above threshold
2026-09-08T16:09:17.804+01:00 INFO : Filtering template 285/384 segment 4/5
2026-09-08T16:09:17.821+01:00 INFO : 3 points above threshold
2026-09-08T16:09:17.830+01:00 INFO : Filtering template 285/384 segment 5/5
2026-09-08T16:09:17.848+01:00 INFO : 285: generating IMRPhenomD from 30.0 Hz
2026-09-08T16:09:17.851+01:00 INFO : Decompressing waveform using inline_linear
2026-09-08T16:09:17.856+01:00 INFO : Filtering template 286/384 segment 1/5
2026-09-08T16:09:17.876+01:00 INFO : 3 points above threshold
2026-09-08T16:09:17.895+01:00 INFO : Filtering template 286/384 segment 2/5
2026-09-08T16:09:17.913+01:00 INFO : 1 points above threshold
2026-09-08T16:09:17.918+01:00 INFO : Filtering template 286/384 segment 3/5
2026-09-08T16:09:17.935+01:00 INFO : Filtering template 286/384 segment 4/5
2026-09-08T16:09:17.953+01:00 INFO : Filtering template 286/384 segment 5/5
2026-09-08T16:09:17.971+01:00 INFO : 286: generating IMRPhenomD from 30.0 Hz
2026-09-08T16:09:17.974+01:00 INFO : Decompressing waveform using inline_linear
2026-09-08T16:09:17.978+01:00 INFO : Filtering template 287/384 segment 1/5
2026-09-08T16:09:17.998+01:00 INFO : 2 points above threshold
2026-09-08T16:09:18.015+01:00 INFO : Filtering template 287/384 segment 2/5
2026-09-08T16:09:18.033+01:00 INFO : 4 points above threshold
2026-09-08T16:09:18.041+01:00 INFO : Filtering template 287/384 segment 3/5
2026-09-08T16:09:18.059+01:00 INFO : 1 points above threshold
2026-09-08T16:09:18.064+01:00 INFO : Filtering template 287/384 segment 4/5
2026-09-08T16:09:18.082+01:00 INFO : 3 points above threshold
2026-09-08T16:09:18.091+01:00 INFO : Filtering template 287/384 segment 5/5
2026-09-08T16:09:18.108+01:00 INFO : 2 points above threshold
2026-09-08T16:09:18.116+01:00 INFO : 287: generating IMRPhenomD from 30.0 Hz
2026-09-08T16:09:18.118+01:00 INFO : Decompressing waveform using inline_linear
2026-09-08T16:09:18.123+01:00 INFO : Filtering template 288/384 segment 1/5
2026-09-08T16:09:18.143+01:00 INFO : 1 points above threshold
2026-09-08T16:09:18.158+01:00 INFO : Filtering template 288/384 segment 2/5
2026-09-08T16:09:18.176+01:00 INFO : 2 points above threshold
2026-09-08T16:09:18.183+01:00 INFO : Filtering template 288/384 segment 3/5
2026-09-08T16:09:18.201+01:00 INFO : 2 points above threshold
2026-09-08T16:09:18.208+01:00 INFO : Filtering template 288/384 segment 4/5
2026-09-08T16:09:18.225+01:00 INFO : 1 points above threshold
2026-09-08T16:09:18.230+01:00 INFO : Filtering template 288/384 segment 5/5
2026-09-08T16:09:18.248+01:00 INFO : 3 points above threshold
2026-09-08T16:09:18.257+01:00 INFO : 288: generating IMRPhenomD from 30.0 Hz
2026-09-08T16:09:18.260+01:00 INFO : Decompressing waveform using inline_linear
2026-09-08T16:09:18.265+01:00 INFO : Filtering template 289/384 segment 1/5
2026-09-08T16:09:18.285+01:00 INFO : Filtering template 289/384 segment 2/5
2026-09-08T16:09:18.302+01:00 INFO : 2 points above threshold
2026-09-08T16:09:18.319+01:00 INFO : Filtering template 289/384 segment 3/5
2026-09-08T16:09:18.337+01:00 INFO : 1 points above threshold
2026-09-08T16:09:18.342+01:00 INFO : Filtering template 289/384 segment 4/5
2026-09-08T16:09:18.359+01:00 INFO : 1 points above threshold
2026-09-08T16:09:18.365+01:00 INFO : Filtering template 289/384 segment 5/5
2026-09-08T16:09:18.382+01:00 INFO : 2 points above threshold
2026-09-08T16:09:18.389+01:00 INFO : 289: generating IMRPhenomD from 30.0 Hz
2026-09-08T16:09:18.392+01:00 INFO : Decompressing waveform using inline_linear
2026-09-08T16:09:18.397+01:00 INFO : Filtering template 290/384 segment 1/5
2026-09-08T16:09:18.417+01:00 INFO : 3 points above threshold
2026-09-08T16:09:18.436+01:00 INFO : Filtering template 290/384 segment 2/5
2026-09-08T16:09:18.453+01:00 INFO : Filtering template 290/384 segment 3/5
2026-09-08T16:09:18.471+01:00 INFO : 1 points above threshold
2026-09-08T16:09:18.476+01:00 INFO : Filtering template 290/384 segment 4/5
2026-09-08T16:09:18.494+01:00 INFO : 2 points above threshold
2026-09-08T16:09:18.501+01:00 INFO : Filtering template 290/384 segment 5/5
2026-09-08T16:09:18.519+01:00 INFO : 290: generating IMRPhenomD from 30.0 Hz
2026-09-08T16:09:18.522+01:00 INFO : Decompressing waveform using inline_linear
2026-09-08T16:09:18.526+01:00 INFO : Filtering template 291/384 segment 1/5
2026-09-08T16:09:18.546+01:00 INFO : 5 points above threshold
2026-09-08T16:09:18.568+01:00 INFO : Filtering template 291/384 segment 2/5
2026-09-08T16:09:18.585+01:00 INFO : 3 points above threshold
2026-09-08T16:09:18.594+01:00 INFO : Filtering template 291/384 segment 3/5
2026-09-08T16:09:18.612+01:00 INFO : 1 points above threshold
2026-09-08T16:09:18.617+01:00 INFO : Filtering template 291/384 segment 4/5
2026-09-08T16:09:18.635+01:00 INFO : 1 points above threshold
2026-09-08T16:09:18.640+01:00 INFO : Filtering template 291/384 segment 5/5
2026-09-08T16:09:18.658+01:00 INFO : 291: generating IMRPhenomD from 30.0 Hz
2026-09-08T16:09:18.660+01:00 INFO : Decompressing waveform using inline_linear
2026-09-08T16:09:18.665+01:00 INFO : Filtering template 292/384 segment 1/5
2026-09-08T16:09:18.685+01:00 INFO : 1 points above threshold
2026-09-08T16:09:18.700+01:00 INFO : Filtering template 292/384 segment 2/5
2026-09-08T16:09:18.718+01:00 INFO : 1 points above threshold
2026-09-08T16:09:18.723+01:00 INFO : Filtering template 292/384 segment 3/5
2026-09-08T16:09:18.741+01:00 INFO : 1 points above threshold
2026-09-08T16:09:18.746+01:00 INFO : Filtering template 292/384 segment 4/5
2026-09-08T16:09:18.763+01:00 INFO : 2 points above threshold
2026-09-08T16:09:18.770+01:00 INFO : Filtering template 292/384 segment 5/5
2026-09-08T16:09:18.788+01:00 INFO : 1 points above threshold
2026-09-08T16:09:18.793+01:00 INFO : 292: generating IMRPhenomD from 30.0 Hz
2026-09-08T16:09:18.796+01:00 INFO : Decompressing waveform using inline_linear
2026-09-08T16:09:18.801+01:00 INFO : Filtering template 293/384 segment 1/5
2026-09-08T16:09:18.821+01:00 INFO : 2 points above threshold
2026-09-08T16:09:18.837+01:00 INFO : Filtering template 293/384 segment 2/5
2026-09-08T16:09:18.855+01:00 INFO : 3 points above threshold
2026-09-08T16:09:18.864+01:00 INFO : Filtering template 293/384 segment 3/5
2026-09-08T16:09:18.882+01:00 INFO : 3 points above threshold
2026-09-08T16:09:18.891+01:00 INFO : Filtering template 293/384 segment 4/5
2026-09-08T16:09:18.909+01:00 INFO : 3 points above threshold
2026-09-08T16:09:18.918+01:00 INFO : Filtering template 293/384 segment 5/5
2026-09-08T16:09:18.935+01:00 INFO : 3 points above threshold
2026-09-08T16:09:18.945+01:00 INFO : 293: generating IMRPhenomD from 30.0 Hz
2026-09-08T16:09:18.947+01:00 INFO : Decompressing waveform using inline_linear
2026-09-08T16:09:18.952+01:00 INFO : Filtering template 294/384 segment 1/5
2026-09-08T16:09:18.972+01:00 INFO : Filtering template 294/384 segment 2/5
2026-09-08T16:09:18.989+01:00 INFO : 1 points above threshold
2026-09-08T16:09:19.004+01:00 INFO : Filtering template 294/384 segment 3/5
2026-09-08T16:09:19.022+01:00 INFO : 2 points above threshold
2026-09-08T16:09:19.029+01:00 INFO : Filtering template 294/384 segment 4/5
2026-09-08T16:09:19.047+01:00 INFO : 1 points above threshold
2026-09-08T16:09:19.052+01:00 INFO : Filtering template 294/384 segment 5/5
2026-09-08T16:09:19.069+01:00 INFO : 3 points above threshold
2026-09-08T16:09:19.079+01:00 INFO : 294: generating IMRPhenomD from 30.0 Hz
2026-09-08T16:09:19.081+01:00 INFO : Decompressing waveform using inline_linear
2026-09-08T16:09:19.086+01:00 INFO : Filtering template 295/384 segment 1/5
2026-09-08T16:09:19.106+01:00 INFO : 1 points above threshold
2026-09-08T16:09:19.121+01:00 INFO : Filtering template 295/384 segment 2/5
2026-09-08T16:09:19.138+01:00 INFO : 2 points above threshold
2026-09-08T16:09:19.145+01:00 INFO : Filtering template 295/384 segment 3/5
2026-09-08T16:09:19.163+01:00 INFO : 3 points above threshold
2026-09-08T16:09:19.172+01:00 INFO : Filtering template 295/384 segment 4/5
2026-09-08T16:09:19.190+01:00 INFO : 3 points above threshold
2026-09-08T16:09:19.199+01:00 INFO : Filtering template 295/384 segment 5/5
2026-09-08T16:09:19.216+01:00 INFO : 1 points above threshold
2026-09-08T16:09:19.222+01:00 INFO : 295: generating IMRPhenomD from 30.0 Hz
2026-09-08T16:09:19.225+01:00 INFO : Decompressing waveform using inline_linear
2026-09-08T16:09:19.229+01:00 INFO : Filtering template 296/384 segment 1/5
2026-09-08T16:09:19.249+01:00 INFO : 5 points above threshold
2026-09-08T16:09:19.271+01:00 INFO : Filtering template 296/384 segment 2/5
2026-09-08T16:09:19.289+01:00 INFO : 1 points above threshold
2026-09-08T16:09:19.294+01:00 INFO : Filtering template 296/384 segment 3/5
2026-09-08T16:09:19.311+01:00 INFO : 2 points above threshold
2026-09-08T16:09:19.318+01:00 INFO : Filtering template 296/384 segment 4/5
2026-09-08T16:09:19.336+01:00 INFO : Filtering template 296/384 segment 5/5
2026-09-08T16:09:19.354+01:00 INFO : 1 points above threshold
2026-09-08T16:09:19.359+01:00 INFO : 296: generating IMRPhenomD from 30.0 Hz
2026-09-08T16:09:19.362+01:00 INFO : Decompressing waveform using inline_linear
2026-09-08T16:09:19.366+01:00 INFO : Filtering template 297/384 segment 1/5
2026-09-08T16:09:19.386+01:00 INFO : 1 points above threshold
2026-09-08T16:09:19.401+01:00 INFO : Filtering template 297/384 segment 2/5
2026-09-08T16:09:19.419+01:00 INFO : 4 points above threshold
2026-09-08T16:09:19.428+01:00 INFO : Filtering template 297/384 segment 3/5
2026-09-08T16:09:19.445+01:00 INFO : Filtering template 297/384 segment 4/5
2026-09-08T16:09:19.463+01:00 INFO : Filtering template 297/384 segment 5/5
2026-09-08T16:09:19.480+01:00 INFO : 1 points above threshold
2026-09-08T16:09:19.486+01:00 INFO : 297: generating IMRPhenomD from 30.0 Hz
2026-09-08T16:09:19.488+01:00 INFO : Decompressing waveform using inline_linear
2026-09-08T16:09:19.493+01:00 INFO : Filtering template 298/384 segment 1/5
2026-09-08T16:09:19.513+01:00 INFO : 1 points above threshold
2026-09-08T16:09:19.528+01:00 INFO : Filtering template 298/384 segment 2/5
2026-09-08T16:09:19.546+01:00 INFO : 1 points above threshold
2026-09-08T16:09:19.551+01:00 INFO : Filtering template 298/384 segment 3/5
2026-09-08T16:09:19.568+01:00 INFO : 1 points above threshold
2026-09-08T16:09:19.573+01:00 INFO : Filtering template 298/384 segment 4/5
2026-09-08T16:09:19.591+01:00 INFO : 1 points above threshold
2026-09-08T16:09:19.596+01:00 INFO : Filtering template 298/384 segment 5/5
2026-09-08T16:09:19.614+01:00 INFO : 4 points above threshold
2026-09-08T16:09:19.622+01:00 INFO : 298: generating IMRPhenomD from 30.0 Hz
2026-09-08T16:09:19.625+01:00 INFO : Decompressing waveform using inline_linear
2026-09-08T16:09:19.630+01:00 INFO : Filtering template 299/384 segment 1/5
2026-09-08T16:09:19.650+01:00 INFO : 1 points above threshold
2026-09-08T16:09:19.665+01:00 INFO : Filtering template 299/384 segment 2/5
2026-09-08T16:09:19.682+01:00 INFO : 1 points above threshold
2026-09-08T16:09:19.688+01:00 INFO : Filtering template 299/384 segment 3/5
2026-09-08T16:09:19.705+01:00 INFO : Filtering template 299/384 segment 4/5
2026-09-08T16:09:19.723+01:00 INFO : 2 points above threshold
2026-09-08T16:09:19.730+01:00 INFO : Filtering template 299/384 segment 5/5
2026-09-08T16:09:19.747+01:00 INFO : 1 points above threshold
2026-09-08T16:09:19.753+01:00 INFO : 299: generating IMRPhenomD from 30.0 Hz
2026-09-08T16:09:19.755+01:00 INFO : Decompressing waveform using inline_linear
2026-09-08T16:09:19.760+01:00 INFO : Filtering template 300/384 segment 1/5
2026-09-08T16:09:19.780+01:00 INFO : 1 points above threshold
2026-09-08T16:09:19.795+01:00 INFO : Filtering template 300/384 segment 2/5
2026-09-08T16:09:19.813+01:00 INFO : Filtering template 300/384 segment 3/5
2026-09-08T16:09:19.831+01:00 INFO : 1 points above threshold
2026-09-08T16:09:19.836+01:00 INFO : Filtering template 300/384 segment 4/5
2026-09-08T16:09:19.853+01:00 INFO : Filtering template 300/384 segment 5/5
2026-09-08T16:09:19.871+01:00 INFO : 1 points above threshold
2026-09-08T16:09:19.876+01:00 INFO : 300: generating IMRPhenomD from 30.0 Hz
2026-09-08T16:09:19.898+01:00 INFO : Decompressing waveform using inline_linear
2026-09-08T16:09:19.903+01:00 INFO : Filtering template 301/384 segment 1/5
2026-09-08T16:09:19.931+01:00 INFO : 2 points above threshold
2026-09-08T16:09:19.953+01:00 INFO : Filtering template 301/384 segment 2/5
2026-09-08T16:09:19.971+01:00 INFO : Filtering template 301/384 segment 3/5
2026-09-08T16:09:19.988+01:00 INFO : 1 points above threshold
2026-09-08T16:09:19.993+01:00 INFO : Filtering template 301/384 segment 4/5
2026-09-08T16:09:20.011+01:00 INFO : Filtering template 301/384 segment 5/5
2026-09-08T16:09:20.029+01:00 INFO : 1 points above threshold
2026-09-08T16:09:20.034+01:00 INFO : 301: generating IMRPhenomD from 30.0 Hz
2026-09-08T16:09:20.037+01:00 INFO : Decompressing waveform using inline_linear
2026-09-08T16:09:20.041+01:00 INFO : Filtering template 302/384 segment 1/5
2026-09-08T16:09:20.061+01:00 INFO : 3 points above threshold
2026-09-08T16:09:20.082+01:00 INFO : Filtering template 302/384 segment 2/5
2026-09-08T16:09:20.100+01:00 INFO : 1 points above threshold
2026-09-08T16:09:20.105+01:00 INFO : Filtering template 302/384 segment 3/5
2026-09-08T16:09:20.123+01:00 INFO : Filtering template 302/384 segment 4/5
2026-09-08T16:09:20.140+01:00 INFO : 2 points above threshold
2026-09-08T16:09:20.147+01:00 INFO : Filtering template 302/384 segment 5/5
2026-09-08T16:09:20.165+01:00 INFO : 302: generating IMRPhenomD from 30.0 Hz
2026-09-08T16:09:20.168+01:00 INFO : Decompressing waveform using inline_linear
2026-09-08T16:09:20.173+01:00 INFO : Filtering template 303/384 segment 1/5
2026-09-08T16:09:20.192+01:00 INFO : Filtering template 303/384 segment 2/5
2026-09-08T16:09:20.210+01:00 INFO : 1 points above threshold
2026-09-08T16:09:20.225+01:00 INFO : Filtering template 303/384 segment 3/5
2026-09-08T16:09:20.243+01:00 INFO : 2 points above threshold
2026-09-08T16:09:20.250+01:00 INFO : Filtering template 303/384 segment 4/5
2026-09-08T16:09:20.267+01:00 INFO : 1 points above threshold
2026-09-08T16:09:20.273+01:00 INFO : Filtering template 303/384 segment 5/5
2026-09-08T16:09:20.290+01:00 INFO : 1 points above threshold
2026-09-08T16:09:20.295+01:00 INFO : 303: generating IMRPhenomD from 30.0 Hz
2026-09-08T16:09:20.298+01:00 INFO : Decompressing waveform using inline_linear
2026-09-08T16:09:20.303+01:00 INFO : Filtering template 304/384 segment 1/5
2026-09-08T16:09:20.323+01:00 INFO : 2 points above threshold
2026-09-08T16:09:20.340+01:00 INFO : Filtering template 304/384 segment 2/5
2026-09-08T16:09:20.358+01:00 INFO : 1 points above threshold
2026-09-08T16:09:20.363+01:00 INFO : Filtering template 304/384 segment 3/5
2026-09-08T16:09:20.380+01:00 INFO : Filtering template 304/384 segment 4/5
2026-09-08T16:09:20.398+01:00 INFO : Filtering template 304/384 segment 5/5
2026-09-08T16:09:20.415+01:00 INFO : 1 points above threshold
2026-09-08T16:09:20.421+01:00 INFO : 304: generating IMRPhenomD from 30.0 Hz
2026-09-08T16:09:20.423+01:00 INFO : Decompressing waveform using inline_linear
2026-09-08T16:09:20.428+01:00 INFO : Filtering template 305/384 segment 1/5
2026-09-08T16:09:20.448+01:00 INFO : Filtering template 305/384 segment 2/5
2026-09-08T16:09:20.466+01:00 INFO : 2 points above threshold
2026-09-08T16:09:20.483+01:00 INFO : Filtering template 305/384 segment 3/5
2026-09-08T16:09:20.500+01:00 INFO : 1 points above threshold
2026-09-08T16:09:20.506+01:00 INFO : Filtering template 305/384 segment 4/5
2026-09-08T16:09:20.523+01:00 INFO : 1 points above threshold
2026-09-08T16:09:20.528+01:00 INFO : Filtering template 305/384 segment 5/5
2026-09-08T16:09:20.546+01:00 INFO : 2 points above threshold
2026-09-08T16:09:20.553+01:00 INFO : 305: generating IMRPhenomD from 30.0 Hz
2026-09-08T16:09:20.556+01:00 INFO : Decompressing waveform using inline_linear
2026-09-08T16:09:20.560+01:00 INFO : Filtering template 306/384 segment 1/5
2026-09-08T16:09:20.580+01:00 INFO : 3 points above threshold
2026-09-08T16:09:20.600+01:00 INFO : Filtering template 306/384 segment 2/5
2026-09-08T16:09:20.617+01:00 INFO : 1 points above threshold
2026-09-08T16:09:20.622+01:00 INFO : Filtering template 306/384 segment 3/5
2026-09-08T16:09:20.640+01:00 INFO : 2 points above threshold
2026-09-08T16:09:20.647+01:00 INFO : Filtering template 306/384 segment 4/5
2026-09-08T16:09:20.665+01:00 INFO : 1 points above threshold
2026-09-08T16:09:20.670+01:00 INFO : Filtering template 306/384 segment 5/5
2026-09-08T16:09:20.687+01:00 INFO : 2 points above threshold
2026-09-08T16:09:20.694+01:00 INFO : 306: generating IMRPhenomD from 30.0 Hz
2026-09-08T16:09:20.697+01:00 INFO : Decompressing waveform using inline_linear
2026-09-08T16:09:20.702+01:00 INFO : Filtering template 307/384 segment 1/5
2026-09-08T16:09:20.722+01:00 INFO : Filtering template 307/384 segment 2/5
2026-09-08T16:09:20.739+01:00 INFO : 1 points above threshold
2026-09-08T16:09:20.754+01:00 INFO : Filtering template 307/384 segment 3/5
2026-09-08T16:09:20.772+01:00 INFO : 1 points above threshold
2026-09-08T16:09:20.777+01:00 INFO : Filtering template 307/384 segment 4/5
2026-09-08T16:09:20.795+01:00 INFO : 3 points above threshold
2026-09-08T16:09:20.804+01:00 INFO : Filtering template 307/384 segment 5/5
2026-09-08T16:09:20.821+01:00 INFO : 1 points above threshold
2026-09-08T16:09:20.827+01:00 INFO : 307: generating IMRPhenomD from 30.0 Hz
2026-09-08T16:09:20.829+01:00 INFO : Decompressing waveform using inline_linear
2026-09-08T16:09:20.834+01:00 INFO : Filtering template 308/384 segment 1/5
2026-09-08T16:09:20.854+01:00 INFO : 1 points above threshold
2026-09-08T16:09:20.869+01:00 INFO : Filtering template 308/384 segment 2/5
2026-09-08T16:09:20.887+01:00 INFO : Filtering template 308/384 segment 3/5
2026-09-08T16:09:20.904+01:00 INFO : 2 points above threshold
2026-09-08T16:09:20.911+01:00 INFO : Filtering template 308/384 segment 4/5
2026-09-08T16:09:20.929+01:00 INFO : 1 points above threshold
2026-09-08T16:09:20.934+01:00 INFO : Filtering template 308/384 segment 5/5
2026-09-08T16:09:20.952+01:00 INFO : 308: generating IMRPhenomD from 30.0 Hz
2026-09-08T16:09:20.955+01:00 INFO : Decompressing waveform using inline_linear
2026-09-08T16:09:20.959+01:00 INFO : Filtering template 309/384 segment 1/5
2026-09-08T16:09:20.979+01:00 INFO : 1 points above threshold
2026-09-08T16:09:20.994+01:00 INFO : Filtering template 309/384 segment 2/5
2026-09-08T16:09:21.012+01:00 INFO : Filtering template 309/384 segment 3/5
2026-09-08T16:09:21.030+01:00 INFO : Filtering template 309/384 segment 4/5
2026-09-08T16:09:21.047+01:00 INFO : Filtering template 309/384 segment 5/5
2026-09-08T16:09:21.065+01:00 INFO : 1 points above threshold
2026-09-08T16:09:21.070+01:00 INFO : 309: generating IMRPhenomD from 30.0 Hz
2026-09-08T16:09:21.073+01:00 INFO : Decompressing waveform using inline_linear
2026-09-08T16:09:21.078+01:00 INFO : Filtering template 310/384 segment 1/5
2026-09-08T16:09:21.097+01:00 INFO : 1 points above threshold
2026-09-08T16:09:21.113+01:00 INFO : Filtering template 310/384 segment 2/5
2026-09-08T16:09:21.130+01:00 INFO : 1 points above threshold
2026-09-08T16:09:21.135+01:00 INFO : Filtering template 310/384 segment 3/5
2026-09-08T16:09:21.153+01:00 INFO : 1 points above threshold
2026-09-08T16:09:21.158+01:00 INFO : Filtering template 310/384 segment 4/5
2026-09-08T16:09:21.176+01:00 INFO : Filtering template 310/384 segment 5/5
2026-09-08T16:09:21.193+01:00 INFO : 1 points above threshold
2026-09-08T16:09:21.199+01:00 INFO : 310: generating IMRPhenomD from 30.0 Hz
2026-09-08T16:09:21.202+01:00 INFO : Decompressing waveform using inline_linear
2026-09-08T16:09:21.206+01:00 INFO : Filtering template 311/384 segment 1/5
2026-09-08T16:09:21.226+01:00 INFO : Filtering template 311/384 segment 2/5
2026-09-08T16:09:21.244+01:00 INFO : 1 points above threshold
2026-09-08T16:09:21.259+01:00 INFO : Filtering template 311/384 segment 3/5
2026-09-08T16:09:21.276+01:00 INFO : Filtering template 311/384 segment 4/5
2026-09-08T16:09:21.294+01:00 INFO : 1 points above threshold
2026-09-08T16:09:21.299+01:00 INFO : Filtering template 311/384 segment 5/5
2026-09-08T16:09:21.317+01:00 INFO : 4 points above threshold
2026-09-08T16:09:21.325+01:00 INFO : 311: generating IMRPhenomD from 30.0 Hz
2026-09-08T16:09:21.328+01:00 INFO : Decompressing waveform using inline_linear
2026-09-08T16:09:21.333+01:00 INFO : Filtering template 312/384 segment 1/5
2026-09-08T16:09:21.353+01:00 INFO : 3 points above threshold
2026-09-08T16:09:21.372+01:00 INFO : Filtering template 312/384 segment 2/5
2026-09-08T16:09:21.389+01:00 INFO : Filtering template 312/384 segment 3/5
2026-09-08T16:09:21.407+01:00 INFO : 1 points above threshold
2026-09-08T16:09:21.412+01:00 INFO : Filtering template 312/384 segment 4/5
2026-09-08T16:09:21.430+01:00 INFO : Filtering template 312/384 segment 5/5
2026-09-08T16:09:21.447+01:00 INFO : 312: generating IMRPhenomD from 30.0 Hz
2026-09-08T16:09:21.450+01:00 INFO : Decompressing waveform using inline_linear
2026-09-08T16:09:21.455+01:00 INFO : Filtering template 313/384 segment 1/5
2026-09-08T16:09:21.475+01:00 INFO : Filtering template 313/384 segment 2/5
2026-09-08T16:09:21.492+01:00 INFO : 1 points above threshold
2026-09-08T16:09:21.507+01:00 INFO : Filtering template 313/384 segment 3/5
2026-09-08T16:09:21.525+01:00 INFO : Filtering template 313/384 segment 4/5
2026-09-08T16:09:21.542+01:00 INFO : 2 points above threshold
2026-09-08T16:09:21.550+01:00 INFO : Filtering template 313/384 segment 5/5
2026-09-08T16:09:21.568+01:00 INFO : 1 points above threshold
2026-09-08T16:09:21.573+01:00 INFO : 313: generating IMRPhenomD from 30.0 Hz
2026-09-08T16:09:21.576+01:00 INFO : Decompressing waveform using inline_linear
2026-09-08T16:09:21.581+01:00 INFO : Filtering template 314/384 segment 1/5
2026-09-08T16:09:21.600+01:00 INFO : 1 points above threshold
2026-09-08T16:09:21.616+01:00 INFO : Filtering template 314/384 segment 2/5
2026-09-08T16:09:21.633+01:00 INFO : Filtering template 314/384 segment 3/5
2026-09-08T16:09:21.651+01:00 INFO : 2 points above threshold
2026-09-08T16:09:21.658+01:00 INFO : Filtering template 314/384 segment 4/5
2026-09-08T16:09:21.676+01:00 INFO : Filtering template 314/384 segment 5/5
2026-09-08T16:09:21.693+01:00 INFO : 2 points above threshold
2026-09-08T16:09:21.700+01:00 INFO : 314: generating IMRPhenomD from 30.0 Hz
2026-09-08T16:09:21.703+01:00 INFO : Decompressing waveform using inline_linear
2026-09-08T16:09:21.708+01:00 INFO : Filtering template 315/384 segment 1/5
2026-09-08T16:09:21.728+01:00 INFO : 1 points above threshold
2026-09-08T16:09:21.743+01:00 INFO : Filtering template 315/384 segment 2/5
2026-09-08T16:09:21.760+01:00 INFO : 1 points above threshold
2026-09-08T16:09:21.766+01:00 INFO : Filtering template 315/384 segment 3/5
2026-09-08T16:09:21.783+01:00 INFO : 1 points above threshold
2026-09-08T16:09:21.788+01:00 INFO : Filtering template 315/384 segment 4/5
2026-09-08T16:09:21.806+01:00 INFO : Filtering template 315/384 segment 5/5
2026-09-08T16:09:21.824+01:00 INFO : 315: generating IMRPhenomD from 30.0 Hz
2026-09-08T16:09:21.827+01:00 INFO : Decompressing waveform using inline_linear
2026-09-08T16:09:21.831+01:00 INFO : Filtering template 316/384 segment 1/5
2026-09-08T16:09:21.851+01:00 INFO : Filtering template 316/384 segment 2/5
2026-09-08T16:09:21.869+01:00 INFO : Filtering template 316/384 segment 3/5
2026-09-08T16:09:21.887+01:00 INFO : Filtering template 316/384 segment 4/5
2026-09-08T16:09:21.904+01:00 INFO : 3 points above threshold
2026-09-08T16:09:21.923+01:00 INFO : Filtering template 316/384 segment 5/5
2026-09-08T16:09:21.941+01:00 INFO : 316: generating IMRPhenomD from 30.0 Hz
2026-09-08T16:09:21.944+01:00 INFO : Decompressing waveform using inline_linear
2026-09-08T16:09:21.949+01:00 INFO : Filtering template 317/384 segment 1/5
2026-09-08T16:09:21.968+01:00 INFO : Filtering template 317/384 segment 2/5
2026-09-08T16:09:21.986+01:00 INFO : Filtering template 317/384 segment 3/5
2026-09-08T16:09:22.004+01:00 INFO : 1 points above threshold
2026-09-08T16:09:22.019+01:00 INFO : Filtering template 317/384 segment 4/5
2026-09-08T16:09:22.037+01:00 INFO : Filtering template 317/384 segment 5/5
2026-09-08T16:09:22.054+01:00 INFO : 2 points above threshold
2026-09-08T16:09:22.061+01:00 INFO : 317: generating IMRPhenomD from 30.0 Hz
2026-09-08T16:09:22.064+01:00 INFO : Decompressing waveform using inline_linear
2026-09-08T16:09:22.069+01:00 INFO : Filtering template 318/384 segment 1/5
2026-09-08T16:09:22.088+01:00 INFO : 3 points above threshold
2026-09-08T16:09:22.108+01:00 INFO : Filtering template 318/384 segment 2/5
2026-09-08T16:09:22.126+01:00 INFO : 2 points above threshold
2026-09-08T16:09:22.133+01:00 INFO : Filtering template 318/384 segment 3/5
2026-09-08T16:09:22.151+01:00 INFO : Filtering template 318/384 segment 4/5
2026-09-08T16:09:22.168+01:00 INFO : 3 points above threshold
2026-09-08T16:09:22.177+01:00 INFO : Filtering template 318/384 segment 5/5
2026-09-08T16:09:22.196+01:00 INFO : 1 points above threshold
2026-09-08T16:09:22.203+01:00 INFO : 318: generating IMRPhenomD from 30.0 Hz
2026-09-08T16:09:22.207+01:00 INFO : Decompressing waveform using inline_linear
2026-09-08T16:09:22.211+01:00 INFO : Filtering template 319/384 segment 1/5
2026-09-08T16:09:22.236+01:00 INFO : 3 points above threshold
2026-09-08T16:09:22.258+01:00 INFO : Filtering template 319/384 segment 2/5
2026-09-08T16:09:22.277+01:00 INFO : 2 points above threshold
2026-09-08T16:09:22.285+01:00 INFO : Filtering template 319/384 segment 3/5
2026-09-08T16:09:22.303+01:00 INFO : 2 points above threshold
2026-09-08T16:09:22.310+01:00 INFO : Filtering template 319/384 segment 4/5
2026-09-08T16:09:22.328+01:00 INFO : Filtering template 319/384 segment 5/5
2026-09-08T16:09:22.346+01:00 INFO : 319: generating IMRPhenomD from 30.0 Hz
2026-09-08T16:09:22.349+01:00 INFO : Decompressing waveform using inline_linear
2026-09-08T16:09:22.353+01:00 INFO : Filtering template 320/384 segment 1/5
2026-09-08T16:09:22.373+01:00 INFO : 2 points above threshold
2026-09-08T16:09:22.390+01:00 INFO : Filtering template 320/384 segment 2/5
2026-09-08T16:09:22.408+01:00 INFO : 1 points above threshold
2026-09-08T16:09:22.413+01:00 INFO : Filtering template 320/384 segment 3/5
2026-09-08T16:09:22.430+01:00 INFO : 2 points above threshold
2026-09-08T16:09:22.437+01:00 INFO : Filtering template 320/384 segment 4/5
2026-09-08T16:09:22.455+01:00 INFO : Filtering template 320/384 segment 5/5
2026-09-08T16:09:22.473+01:00 INFO : 2 points above threshold
2026-09-08T16:09:22.480+01:00 INFO : 320: generating IMRPhenomD from 30.0 Hz
2026-09-08T16:09:22.483+01:00 INFO : Decompressing waveform using inline_linear
2026-09-08T16:09:22.487+01:00 INFO : Filtering template 321/384 segment 1/5
2026-09-08T16:09:22.507+01:00 INFO : Filtering template 321/384 segment 2/5
2026-09-08T16:09:22.525+01:00 INFO : Filtering template 321/384 segment 3/5
2026-09-08T16:09:22.543+01:00 INFO : 1 points above threshold
2026-09-08T16:09:22.558+01:00 INFO : Filtering template 321/384 segment 4/5
2026-09-08T16:09:22.575+01:00 INFO : Filtering template 321/384 segment 5/5
2026-09-08T16:09:22.593+01:00 INFO : 321: generating IMRPhenomD from 30.0 Hz
2026-09-08T16:09:22.596+01:00 INFO : Decompressing waveform using inline_linear
2026-09-08T16:09:22.601+01:00 INFO : Filtering template 322/384 segment 1/5
2026-09-08T16:09:22.621+01:00 INFO : Filtering template 322/384 segment 2/5
2026-09-08T16:09:22.638+01:00 INFO : 3 points above threshold
2026-09-08T16:09:22.658+01:00 INFO : Filtering template 322/384 segment 3/5
2026-09-08T16:09:22.675+01:00 INFO : 1 points above threshold
2026-09-08T16:09:22.680+01:00 INFO : Filtering template 322/384 segment 4/5
2026-09-08T16:09:22.698+01:00 INFO : 1 points above threshold
2026-09-08T16:09:22.703+01:00 INFO : Filtering template 322/384 segment 5/5
2026-09-08T16:09:22.721+01:00 INFO : 1 points above threshold
2026-09-08T16:09:22.726+01:00 INFO : 322: generating IMRPhenomD from 30.0 Hz
2026-09-08T16:09:22.729+01:00 INFO : Decompressing waveform using inline_linear
2026-09-08T16:09:22.733+01:00 INFO : Filtering template 323/384 segment 1/5
2026-09-08T16:09:22.753+01:00 INFO : Filtering template 323/384 segment 2/5
2026-09-08T16:09:22.771+01:00 INFO : 2 points above threshold
2026-09-08T16:09:22.789+01:00 INFO : Filtering template 323/384 segment 3/5
2026-09-08T16:09:22.807+01:00 INFO : 2 points above threshold
2026-09-08T16:09:22.814+01:00 INFO : Filtering template 323/384 segment 4/5
2026-09-08T16:09:22.831+01:00 INFO : Filtering template 323/384 segment 5/5
2026-09-08T16:09:22.849+01:00 INFO : 1 points above threshold
2026-09-08T16:09:22.854+01:00 INFO : 323: generating IMRPhenomD from 30.0 Hz
2026-09-08T16:09:22.857+01:00 INFO : Decompressing waveform using inline_linear
2026-09-08T16:09:22.862+01:00 INFO : Filtering template 324/384 segment 1/5
2026-09-08T16:09:22.882+01:00 INFO : Filtering template 324/384 segment 2/5
2026-09-08T16:09:22.899+01:00 INFO : Filtering template 324/384 segment 3/5
2026-09-08T16:09:22.917+01:00 INFO : 1 points above threshold
2026-09-08T16:09:22.933+01:00 INFO : Filtering template 324/384 segment 4/5
2026-09-08T16:09:22.951+01:00 INFO : Filtering template 324/384 segment 5/5
2026-09-08T16:09:22.969+01:00 INFO : 4 points above threshold
2026-09-08T16:09:22.977+01:00 INFO : 324: generating IMRPhenomD from 30.0 Hz
2026-09-08T16:09:22.980+01:00 INFO : Decompressing waveform using inline_linear
2026-09-08T16:09:22.985+01:00 INFO : Filtering template 325/384 segment 1/5
2026-09-08T16:09:23.005+01:00 INFO : 2 points above threshold
2026-09-08T16:09:23.023+01:00 INFO : Filtering template 325/384 segment 2/5
2026-09-08T16:09:23.040+01:00 INFO : 3 points above threshold
2026-09-08T16:09:23.049+01:00 INFO : Filtering template 325/384 segment 3/5
2026-09-08T16:09:23.067+01:00 INFO : 2 points above threshold
2026-09-08T16:09:23.074+01:00 INFO : Filtering template 325/384 segment 4/5
2026-09-08T16:09:23.091+01:00 INFO : 1 points above threshold
2026-09-08T16:09:23.097+01:00 INFO : Filtering template 325/384 segment 5/5
2026-09-08T16:09:23.114+01:00 INFO : 1 points above threshold
2026-09-08T16:09:23.119+01:00 INFO : 325: generating IMRPhenomD from 30.0 Hz
2026-09-08T16:09:23.122+01:00 INFO : Decompressing waveform using inline_linear
2026-09-08T16:09:23.127+01:00 INFO : Filtering template 326/384 segment 1/5
2026-09-08T16:09:23.147+01:00 INFO : 2 points above threshold
2026-09-08T16:09:23.165+01:00 INFO : Filtering template 326/384 segment 2/5
2026-09-08T16:09:23.183+01:00 INFO : 2 points above threshold
2026-09-08T16:09:23.190+01:00 INFO : Filtering template 326/384 segment 3/5
2026-09-08T16:09:23.207+01:00 INFO : Filtering template 326/384 segment 4/5
2026-09-08T16:09:23.225+01:00 INFO : Filtering template 326/384 segment 5/5
2026-09-08T16:09:23.242+01:00 INFO : 2 points above threshold
2026-09-08T16:09:23.250+01:00 INFO : 326: generating IMRPhenomD from 30.0 Hz
2026-09-08T16:09:23.252+01:00 INFO : Decompressing waveform using inline_linear
2026-09-08T16:09:23.257+01:00 INFO : Filtering template 327/384 segment 1/5
2026-09-08T16:09:23.277+01:00 INFO : 2 points above threshold
2026-09-08T16:09:23.294+01:00 INFO : Filtering template 327/384 segment 2/5
2026-09-08T16:09:23.311+01:00 INFO : 1 points above threshold
2026-09-08T16:09:23.319+01:00 INFO : Filtering template 327/384 segment 3/5
2026-09-08T16:09:23.337+01:00 INFO : 3 points above threshold
2026-09-08T16:09:23.346+01:00 INFO : Filtering template 327/384 segment 4/5
2026-09-08T16:09:23.363+01:00 INFO : 2 points above threshold
2026-09-08T16:09:23.370+01:00 INFO : Filtering template 327/384 segment 5/5
2026-09-08T16:09:23.388+01:00 INFO : 1 points above threshold
2026-09-08T16:09:23.393+01:00 INFO : 327: generating IMRPhenomD from 30.0 Hz
2026-09-08T16:09:23.396+01:00 INFO : Decompressing waveform using inline_linear
2026-09-08T16:09:23.401+01:00 INFO : Filtering template 328/384 segment 1/5
2026-09-08T16:09:23.420+01:00 INFO : 1 points above threshold
2026-09-08T16:09:23.436+01:00 INFO : Filtering template 328/384 segment 2/5
2026-09-08T16:09:23.453+01:00 INFO : 1 points above threshold
2026-09-08T16:09:23.458+01:00 INFO : Filtering template 328/384 segment 3/5
2026-09-08T16:09:23.476+01:00 INFO : 4 points above threshold
2026-09-08T16:09:23.485+01:00 INFO : Filtering template 328/384 segment 4/5
2026-09-08T16:09:23.502+01:00 INFO : 1 points above threshold
2026-09-08T16:09:23.507+01:00 INFO : Filtering template 328/384 segment 5/5
2026-09-08T16:09:23.525+01:00 INFO : 2 points above threshold
2026-09-08T16:09:23.532+01:00 INFO : 328: generating IMRPhenomD from 30.0 Hz
2026-09-08T16:09:23.535+01:00 INFO : Decompressing waveform using inline_linear
2026-09-08T16:09:23.540+01:00 INFO : Filtering template 329/384 segment 1/5
2026-09-08T16:09:23.559+01:00 INFO : Filtering template 329/384 segment 2/5
2026-09-08T16:09:23.577+01:00 INFO : Filtering template 329/384 segment 3/5
2026-09-08T16:09:23.595+01:00 INFO : 2 points above threshold
2026-09-08T16:09:23.612+01:00 INFO : Filtering template 329/384 segment 4/5
2026-09-08T16:09:23.629+01:00 INFO : 1 points above threshold
2026-09-08T16:09:23.634+01:00 INFO : Filtering template 329/384 segment 5/5
2026-09-08T16:09:23.652+01:00 INFO : 2 points above threshold
2026-09-08T16:09:23.659+01:00 INFO : 329: generating IMRPhenomD from 30.0 Hz
2026-09-08T16:09:23.662+01:00 INFO : Decompressing waveform using inline_linear
2026-09-08T16:09:23.667+01:00 INFO : Filtering template 330/384 segment 1/5
2026-09-08T16:09:23.686+01:00 INFO : 1 points above threshold
2026-09-08T16:09:23.702+01:00 INFO : Filtering template 330/384 segment 2/5
2026-09-08T16:09:23.719+01:00 INFO : 2 points above threshold
2026-09-08T16:09:23.726+01:00 INFO : Filtering template 330/384 segment 3/5
2026-09-08T16:09:23.744+01:00 INFO : 2 points above threshold
2026-09-08T16:09:23.751+01:00 INFO : Filtering template 330/384 segment 4/5
2026-09-08T16:09:23.769+01:00 INFO : 1 points above threshold
2026-09-08T16:09:23.774+01:00 INFO : Filtering template 330/384 segment 5/5
2026-09-08T16:09:23.791+01:00 INFO : 330: generating IMRPhenomD from 30.0 Hz
2026-09-08T16:09:23.794+01:00 INFO : Decompressing waveform using inline_linear
2026-09-08T16:09:23.799+01:00 INFO : Filtering template 331/384 segment 1/5
2026-09-08T16:09:23.819+01:00 INFO : 2 points above threshold
2026-09-08T16:09:23.836+01:00 INFO : Filtering template 331/384 segment 2/5
2026-09-08T16:09:23.854+01:00 INFO : 1 points above threshold
2026-09-08T16:09:23.860+01:00 INFO : Filtering template 331/384 segment 3/5
2026-09-08T16:09:23.877+01:00 INFO : 3 points above threshold
2026-09-08T16:09:23.886+01:00 INFO : Filtering template 331/384 segment 4/5
2026-09-08T16:09:23.904+01:00 INFO : 4 points above threshold
2026-09-08T16:09:23.913+01:00 INFO : Filtering template 331/384 segment 5/5
2026-09-08T16:09:23.931+01:00 INFO : 331: generating IMRPhenomD from 30.0 Hz
2026-09-08T16:09:23.934+01:00 INFO : Decompressing waveform using inline_linear
2026-09-08T16:09:23.939+01:00 INFO : Filtering template 332/384 segment 1/5
2026-09-08T16:09:23.958+01:00 INFO : 2 points above threshold
2026-09-08T16:09:23.975+01:00 INFO : Filtering template 332/384 segment 2/5
2026-09-08T16:09:23.993+01:00 INFO : Filtering template 332/384 segment 3/5
2026-09-08T16:09:24.011+01:00 INFO : 1 points above threshold
2026-09-08T16:09:24.016+01:00 INFO : Filtering template 332/384 segment 4/5
2026-09-08T16:09:24.033+01:00 INFO : Filtering template 332/384 segment 5/5
2026-09-08T16:09:24.051+01:00 INFO : 1 points above threshold
2026-09-08T16:09:24.056+01:00 INFO : 332: generating IMRPhenomD from 30.0 Hz
2026-09-08T16:09:24.059+01:00 INFO : Decompressing waveform using inline_linear
2026-09-08T16:09:24.064+01:00 INFO : Filtering template 333/384 segment 1/5
2026-09-08T16:09:24.084+01:00 INFO : 2 points above threshold
2026-09-08T16:09:24.101+01:00 INFO : Filtering template 333/384 segment 2/5
2026-09-08T16:09:24.118+01:00 INFO : Filtering template 333/384 segment 3/5
2026-09-08T16:09:24.136+01:00 INFO : 1 points above threshold
2026-09-08T16:09:24.141+01:00 INFO : Filtering template 333/384 segment 4/5
2026-09-08T16:09:24.159+01:00 INFO : 1 points above threshold
2026-09-08T16:09:24.164+01:00 INFO : Filtering template 333/384 segment 5/5
2026-09-08T16:09:24.182+01:00 INFO : 333: generating IMRPhenomD from 30.0 Hz
2026-09-08T16:09:24.185+01:00 INFO : Decompressing waveform using inline_linear
2026-09-08T16:09:24.189+01:00 INFO : Filtering template 334/384 segment 1/5
2026-09-08T16:09:24.209+01:00 INFO : 3 points above threshold
2026-09-08T16:09:24.228+01:00 INFO : Filtering template 334/384 segment 2/5
2026-09-08T16:09:24.246+01:00 INFO : Filtering template 334/384 segment 3/5
2026-09-08T16:09:24.264+01:00 INFO : Filtering template 334/384 segment 4/5
2026-09-08T16:09:24.281+01:00 INFO : 2 points above threshold
2026-09-08T16:09:24.288+01:00 INFO : Filtering template 334/384 segment 5/5
2026-09-08T16:09:24.306+01:00 INFO : 334: generating IMRPhenomD from 30.0 Hz
2026-09-08T16:09:24.309+01:00 INFO : Decompressing waveform using inline_linear
2026-09-08T16:09:24.313+01:00 INFO : Filtering template 335/384 segment 1/5
2026-09-08T16:09:24.333+01:00 INFO : 1 points above threshold
2026-09-08T16:09:24.348+01:00 INFO : Filtering template 335/384 segment 2/5
2026-09-08T16:09:24.366+01:00 INFO : Filtering template 335/384 segment 3/5
2026-09-08T16:09:24.384+01:00 INFO : 3 points above threshold
2026-09-08T16:09:24.393+01:00 INFO : Filtering template 335/384 segment 4/5
2026-09-08T16:09:24.411+01:00 INFO : Filtering template 335/384 segment 5/5
2026-09-08T16:09:24.428+01:00 INFO : 1 points above threshold
2026-09-08T16:09:24.434+01:00 INFO : 335: generating IMRPhenomD from 30.0 Hz
2026-09-08T16:09:24.436+01:00 INFO : Decompressing waveform using inline_linear
2026-09-08T16:09:24.441+01:00 INFO : Filtering template 336/384 segment 1/5
2026-09-08T16:09:24.461+01:00 INFO : 3 points above threshold
2026-09-08T16:09:24.480+01:00 INFO : Filtering template 336/384 segment 2/5
2026-09-08T16:09:24.498+01:00 INFO : Filtering template 336/384 segment 3/5
2026-09-08T16:09:24.516+01:00 INFO : Filtering template 336/384 segment 4/5
2026-09-08T16:09:24.533+01:00 INFO : 1 points above threshold
2026-09-08T16:09:24.539+01:00 INFO : Filtering template 336/384 segment 5/5
2026-09-08T16:09:24.556+01:00 INFO : 336: generating IMRPhenomD from 30.0 Hz
2026-09-08T16:09:24.559+01:00 INFO : Decompressing waveform using inline_linear
2026-09-08T16:09:24.564+01:00 INFO : Filtering template 337/384 segment 1/5
2026-09-08T16:09:24.584+01:00 INFO : Filtering template 337/384 segment 2/5
2026-09-08T16:09:24.601+01:00 INFO : 1 points above threshold
2026-09-08T16:09:24.617+01:00 INFO : Filtering template 337/384 segment 3/5
2026-09-08T16:09:24.634+01:00 INFO : Filtering template 337/384 segment 4/5
2026-09-08T16:09:24.652+01:00 INFO : 2 points above threshold
2026-09-08T16:09:24.659+01:00 INFO : Filtering template 337/384 segment 5/5
2026-09-08T16:09:24.677+01:00 INFO : 337: generating IMRPhenomD from 30.0 Hz
2026-09-08T16:09:24.680+01:00 INFO : Decompressing waveform using inline_linear
2026-09-08T16:09:24.684+01:00 INFO : Filtering template 338/384 segment 1/5
2026-09-08T16:09:24.704+01:00 INFO : 1 points above threshold
2026-09-08T16:09:24.719+01:00 INFO : Filtering template 338/384 segment 2/5
2026-09-08T16:09:24.737+01:00 INFO : 2 points above threshold
2026-09-08T16:09:24.744+01:00 INFO : Filtering template 338/384 segment 3/5
2026-09-08T16:09:24.762+01:00 INFO : 1 points above threshold
2026-09-08T16:09:24.767+01:00 INFO : Filtering template 338/384 segment 4/5
2026-09-08T16:09:24.785+01:00 INFO : Filtering template 338/384 segment 5/5
2026-09-08T16:09:24.802+01:00 INFO : 2 points above threshold
2026-09-08T16:09:24.810+01:00 INFO : 338: generating IMRPhenomD from 30.0 Hz
2026-09-08T16:09:24.812+01:00 INFO : Decompressing waveform using inline_linear
2026-09-08T16:09:24.817+01:00 INFO : Filtering template 339/384 segment 1/5
2026-09-08T16:09:24.839+01:00 INFO : 1 points above threshold
2026-09-08T16:09:24.855+01:00 INFO : Filtering template 339/384 segment 2/5
2026-09-08T16:09:24.873+01:00 INFO : 1 points above threshold
2026-09-08T16:09:24.878+01:00 INFO : Filtering template 339/384 segment 3/5
2026-09-08T16:09:24.895+01:00 INFO : 1 points above threshold
2026-09-08T16:09:24.900+01:00 INFO : Filtering template 339/384 segment 4/5
2026-09-08T16:09:24.918+01:00 INFO : Filtering template 339/384 segment 5/5
2026-09-08T16:09:24.936+01:00 INFO : 2 points above threshold
2026-09-08T16:09:24.943+01:00 INFO : 339: generating IMRPhenomD from 30.0 Hz
2026-09-08T16:09:24.946+01:00 INFO : Decompressing waveform using inline_linear
2026-09-08T16:09:24.950+01:00 INFO : Filtering template 340/384 segment 1/5
2026-09-08T16:09:24.970+01:00 INFO : 1 points above threshold
2026-09-08T16:09:24.985+01:00 INFO : Filtering template 340/384 segment 2/5
2026-09-08T16:09:25.003+01:00 INFO : Filtering template 340/384 segment 3/5
2026-09-08T16:09:25.021+01:00 INFO : Filtering template 340/384 segment 4/5
2026-09-08T16:09:25.039+01:00 INFO : Filtering template 340/384 segment 5/5
2026-09-08T16:09:25.056+01:00 INFO : 1 points above threshold
2026-09-08T16:09:25.062+01:00 INFO : 340: generating IMRPhenomD from 30.0 Hz
2026-09-08T16:09:25.064+01:00 INFO : Decompressing waveform using inline_linear
2026-09-08T16:09:25.069+01:00 INFO : Filtering template 341/384 segment 1/5
2026-09-08T16:09:25.089+01:00 INFO : 2 points above threshold
2026-09-08T16:09:25.106+01:00 INFO : Filtering template 341/384 segment 2/5
2026-09-08T16:09:25.124+01:00 INFO : 1 points above threshold
2026-09-08T16:09:25.129+01:00 INFO : Filtering template 341/384 segment 3/5
2026-09-08T16:09:25.146+01:00 INFO : 2 points above threshold
2026-09-08T16:09:25.153+01:00 INFO : Filtering template 341/384 segment 4/5
2026-09-08T16:09:25.171+01:00 INFO : 1 points above threshold
2026-09-08T16:09:25.176+01:00 INFO : Filtering template 341/384 segment 5/5
2026-09-08T16:09:25.193+01:00 INFO : 2 points above threshold
2026-09-08T16:09:25.201+01:00 INFO : 341: generating IMRPhenomD from 30.0 Hz
2026-09-08T16:09:25.203+01:00 INFO : Decompressing waveform using inline_linear
2026-09-08T16:09:25.208+01:00 INFO : Filtering template 342/384 segment 1/5
2026-09-08T16:09:25.228+01:00 INFO : 2 points above threshold
2026-09-08T16:09:25.246+01:00 INFO : Filtering template 342/384 segment 2/5
2026-09-08T16:09:25.264+01:00 INFO : 2 points above threshold
2026-09-08T16:09:25.271+01:00 INFO : Filtering template 342/384 segment 3/5
2026-09-08T16:09:25.288+01:00 INFO : 1 points above threshold
2026-09-08T16:09:25.293+01:00 INFO : Filtering template 342/384 segment 4/5
2026-09-08T16:09:25.311+01:00 INFO : 2 points above threshold
2026-09-08T16:09:25.318+01:00 INFO : Filtering template 342/384 segment 5/5
2026-09-08T16:09:25.335+01:00 INFO : 1 points above threshold
2026-09-08T16:09:25.341+01:00 INFO : 342: generating IMRPhenomD from 30.0 Hz
2026-09-08T16:09:25.343+01:00 INFO : Decompressing waveform using inline_linear
2026-09-08T16:09:25.348+01:00 INFO : Filtering template 343/384 segment 1/5
2026-09-08T16:09:25.368+01:00 INFO : Filtering template 343/384 segment 2/5
2026-09-08T16:09:25.385+01:00 INFO : 1 points above threshold
2026-09-08T16:09:25.400+01:00 INFO : Filtering template 343/384 segment 3/5
2026-09-08T16:09:25.418+01:00 INFO : Filtering template 343/384 segment 4/5
2026-09-08T16:09:25.436+01:00 INFO : Filtering template 343/384 segment 5/5
2026-09-08T16:09:25.453+01:00 INFO : 343: generating IMRPhenomD from 30.0 Hz
2026-09-08T16:09:25.456+01:00 INFO : Decompressing waveform using inline_linear
2026-09-08T16:09:25.461+01:00 INFO : Filtering template 344/384 segment 1/5
2026-09-08T16:09:25.481+01:00 INFO : 1 points above threshold
2026-09-08T16:09:25.496+01:00 INFO : Filtering template 344/384 segment 2/5
2026-09-08T16:09:25.514+01:00 INFO : 1 points above threshold
2026-09-08T16:09:25.519+01:00 INFO : Filtering template 344/384 segment 3/5
2026-09-08T16:09:25.536+01:00 INFO : 1 points above threshold
2026-09-08T16:09:25.541+01:00 INFO : Filtering template 344/384 segment 4/5
2026-09-08T16:09:25.559+01:00 INFO : 1 points above threshold
2026-09-08T16:09:25.564+01:00 INFO : Filtering template 344/384 segment 5/5
2026-09-08T16:09:25.582+01:00 INFO : 1 points above threshold
2026-09-08T16:09:25.587+01:00 INFO : 344: generating IMRPhenomD from 30.0 Hz
2026-09-08T16:09:25.590+01:00 INFO : Decompressing waveform using inline_linear
2026-09-08T16:09:25.594+01:00 INFO : Filtering template 345/384 segment 1/5
2026-09-08T16:09:25.614+01:00 INFO : 1 points above threshold
2026-09-08T16:09:25.629+01:00 INFO : Filtering template 345/384 segment 2/5
2026-09-08T16:09:25.647+01:00 INFO : 2 points above threshold
2026-09-08T16:09:25.654+01:00 INFO : Filtering template 345/384 segment 3/5
2026-09-08T16:09:25.671+01:00 INFO : 4 points above threshold
2026-09-08T16:09:25.680+01:00 INFO : Filtering template 345/384 segment 4/5
2026-09-08T16:09:25.698+01:00 INFO : 1 points above threshold
2026-09-08T16:09:25.703+01:00 INFO : Filtering template 345/384 segment 5/5
2026-09-08T16:09:25.721+01:00 INFO : 1 points above threshold
2026-09-08T16:09:25.726+01:00 INFO : 345: generating IMRPhenomD from 30.0 Hz
2026-09-08T16:09:25.729+01:00 INFO : Decompressing waveform using inline_linear
2026-09-08T16:09:25.734+01:00 INFO : Filtering template 346/384 segment 1/5
2026-09-08T16:09:25.754+01:00 INFO : 1 points above threshold
2026-09-08T16:09:25.769+01:00 INFO : Filtering template 346/384 segment 2/5
2026-09-08T16:09:25.787+01:00 INFO : Filtering template 346/384 segment 3/5
2026-09-08T16:09:25.804+01:00 INFO : 1 points above threshold
2026-09-08T16:09:25.809+01:00 INFO : Filtering template 346/384 segment 4/5
2026-09-08T16:09:25.827+01:00 INFO : 3 points above threshold
2026-09-08T16:09:25.836+01:00 INFO : Filtering template 346/384 segment 5/5
2026-09-08T16:09:25.854+01:00 INFO : 1 points above threshold
2026-09-08T16:09:25.859+01:00 INFO : 346: generating IMRPhenomD from 30.0 Hz
2026-09-08T16:09:25.879+01:00 INFO : Decompressing waveform using inline_linear
2026-09-08T16:09:25.883+01:00 INFO : Filtering template 347/384 segment 1/5
2026-09-08T16:09:25.912+01:00 INFO : 2 points above threshold
2026-09-08T16:09:25.933+01:00 INFO : Filtering template 347/384 segment 2/5
2026-09-08T16:09:25.951+01:00 INFO : Filtering template 347/384 segment 3/5
2026-09-08T16:09:25.968+01:00 INFO : 2 points above threshold
2026-09-08T16:09:25.975+01:00 INFO : Filtering template 347/384 segment 4/5
2026-09-08T16:09:25.993+01:00 INFO : 4 points above threshold
2026-09-08T16:09:26.001+01:00 INFO : Filtering template 347/384 segment 5/5
2026-09-08T16:09:26.019+01:00 INFO : 347: generating IMRPhenomD from 30.0 Hz
2026-09-08T16:09:26.022+01:00 INFO : Decompressing waveform using inline_linear
2026-09-08T16:09:26.027+01:00 INFO : Filtering template 348/384 segment 1/5
2026-09-08T16:09:26.047+01:00 INFO : 2 points above threshold
2026-09-08T16:09:26.065+01:00 INFO : Filtering template 348/384 segment 2/5
2026-09-08T16:09:26.083+01:00 INFO : Filtering template 348/384 segment 3/5
2026-09-08T16:09:26.101+01:00 INFO : 3 points above threshold
2026-09-08T16:09:26.110+01:00 INFO : Filtering template 348/384 segment 4/5
2026-09-08T16:09:26.128+01:00 INFO : 4 points above threshold
2026-09-08T16:09:26.136+01:00 INFO : Filtering template 348/384 segment 5/5
2026-09-08T16:09:26.154+01:00 INFO : 348: generating IMRPhenomD from 30.0 Hz
2026-09-08T16:09:26.157+01:00 INFO : Decompressing waveform using inline_linear
2026-09-08T16:09:26.162+01:00 INFO : Filtering template 349/384 segment 1/5
2026-09-08T16:09:26.182+01:00 INFO : 2 points above threshold
2026-09-08T16:09:26.199+01:00 INFO : Filtering template 349/384 segment 2/5
2026-09-08T16:09:26.216+01:00 INFO : 1 points above threshold
2026-09-08T16:09:26.221+01:00 INFO : Filtering template 349/384 segment 3/5
2026-09-08T16:09:26.239+01:00 INFO : Filtering template 349/384 segment 4/5
2026-09-08T16:09:26.257+01:00 INFO : 5 points above threshold
2026-09-08T16:09:26.268+01:00 INFO : Filtering template 349/384 segment 5/5
2026-09-08T16:09:26.286+01:00 INFO : 1 points above threshold
2026-09-08T16:09:26.292+01:00 INFO : 349: generating IMRPhenomD from 30.0 Hz
2026-09-08T16:09:26.295+01:00 INFO : Decompressing waveform using inline_linear
2026-09-08T16:09:26.299+01:00 INFO : Filtering template 350/384 segment 1/5
2026-09-08T16:09:26.319+01:00 INFO : 2 points above threshold
2026-09-08T16:09:26.336+01:00 INFO : Filtering template 350/384 segment 2/5
2026-09-08T16:09:26.354+01:00 INFO : 1 points above threshold
2026-09-08T16:09:26.359+01:00 INFO : Filtering template 350/384 segment 3/5
2026-09-08T16:09:26.377+01:00 INFO : 1 points above threshold
2026-09-08T16:09:26.382+01:00 INFO : Filtering template 350/384 segment 4/5
2026-09-08T16:09:26.399+01:00 INFO : Filtering template 350/384 segment 5/5
2026-09-08T16:09:26.417+01:00 INFO : 5 points above threshold
2026-09-08T16:09:26.429+01:00 INFO : 350: generating IMRPhenomD from 30.0 Hz
2026-09-08T16:09:26.431+01:00 INFO : Decompressing waveform using inline_linear
2026-09-08T16:09:26.436+01:00 INFO : Filtering template 351/384 segment 1/5
2026-09-08T16:09:26.456+01:00 INFO : 1 points above threshold
2026-09-08T16:09:26.471+01:00 INFO : Filtering template 351/384 segment 2/5
2026-09-08T16:09:26.489+01:00 INFO : Filtering template 351/384 segment 3/5
2026-09-08T16:09:26.507+01:00 INFO : Filtering template 351/384 segment 4/5
2026-09-08T16:09:26.524+01:00 INFO : 2 points above threshold
2026-09-08T16:09:26.531+01:00 INFO : Filtering template 351/384 segment 5/5
2026-09-08T16:09:26.549+01:00 INFO : 351: generating IMRPhenomD from 30.0 Hz
2026-09-08T16:09:26.552+01:00 INFO : Decompressing waveform using inline_linear
2026-09-08T16:09:26.557+01:00 INFO : Filtering template 352/384 segment 1/5
2026-09-08T16:09:26.576+01:00 INFO : Filtering template 352/384 segment 2/5
2026-09-08T16:09:26.594+01:00 INFO : Filtering template 352/384 segment 3/5
2026-09-08T16:09:26.612+01:00 INFO : Filtering template 352/384 segment 4/5
2026-09-08T16:09:26.629+01:00 INFO : 1 points above threshold
2026-09-08T16:09:26.644+01:00 INFO : Filtering template 352/384 segment 5/5
2026-09-08T16:09:26.662+01:00 INFO : 1 points above threshold
2026-09-08T16:09:26.667+01:00 INFO : 352: generating IMRPhenomD from 30.0 Hz
2026-09-08T16:09:26.670+01:00 INFO : Decompressing waveform using inline_linear
2026-09-08T16:09:26.675+01:00 INFO : Filtering template 353/384 segment 1/5
2026-09-08T16:09:26.695+01:00 INFO : 1 points above threshold
2026-09-08T16:09:26.710+01:00 INFO : Filtering template 353/384 segment 2/5
2026-09-08T16:09:26.729+01:00 INFO : 2 points above threshold
2026-09-08T16:09:26.736+01:00 INFO : Filtering template 353/384 segment 3/5
2026-09-08T16:09:26.753+01:00 INFO : 2 points above threshold
2026-09-08T16:09:26.760+01:00 INFO : Filtering template 353/384 segment 4/5
2026-09-08T16:09:26.778+01:00 INFO : 1 points above threshold
2026-09-08T16:09:26.783+01:00 INFO : Filtering template 353/384 segment 5/5
2026-09-08T16:09:26.801+01:00 INFO : 353: generating IMRPhenomD from 30.0 Hz
2026-09-08T16:09:26.804+01:00 INFO : Decompressing waveform using inline_linear
2026-09-08T16:09:26.809+01:00 INFO : Filtering template 354/384 segment 1/5
2026-09-08T16:09:26.828+01:00 INFO : 4 points above threshold
2026-09-08T16:09:26.847+01:00 INFO : Filtering template 354/384 segment 2/5
2026-09-08T16:09:26.865+01:00 INFO : 1 points above threshold
2026-09-08T16:09:26.870+01:00 INFO : Filtering template 354/384 segment 3/5
2026-09-08T16:09:26.887+01:00 INFO : Filtering template 354/384 segment 4/5
2026-09-08T16:09:26.905+01:00 INFO : Filtering template 354/384 segment 5/5
2026-09-08T16:09:26.923+01:00 INFO : 1 points above threshold
2026-09-08T16:09:26.928+01:00 INFO : 354: generating IMRPhenomD from 30.0 Hz
2026-09-08T16:09:26.931+01:00 INFO : Decompressing waveform using inline_linear
2026-09-08T16:09:26.935+01:00 INFO : Filtering template 355/384 segment 1/5
2026-09-08T16:09:26.955+01:00 INFO : Filtering template 355/384 segment 2/5
2026-09-08T16:09:26.973+01:00 INFO : Filtering template 355/384 segment 3/5
2026-09-08T16:09:26.990+01:00 INFO : 1 points above threshold
2026-09-08T16:09:27.006+01:00 INFO : Filtering template 355/384 segment 4/5
2026-09-08T16:09:27.023+01:00 INFO : Filtering template 355/384 segment 5/5
2026-09-08T16:09:27.041+01:00 INFO : 2 points above threshold
2026-09-08T16:09:27.048+01:00 INFO : 355: generating IMRPhenomD from 30.0 Hz
2026-09-08T16:09:27.051+01:00 INFO : Decompressing waveform using inline_linear
2026-09-08T16:09:27.056+01:00 INFO : Filtering template 356/384 segment 1/5
2026-09-08T16:09:27.075+01:00 INFO : 1 points above threshold
2026-09-08T16:09:27.091+01:00 INFO : Filtering template 356/384 segment 2/5
2026-09-08T16:09:27.108+01:00 INFO : 2 points above threshold
2026-09-08T16:09:27.115+01:00 INFO : Filtering template 356/384 segment 3/5
2026-09-08T16:09:27.133+01:00 INFO : 2 points above threshold
2026-09-08T16:09:27.140+01:00 INFO : Filtering template 356/384 segment 4/5
2026-09-08T16:09:27.158+01:00 INFO : 2 points above threshold
2026-09-08T16:09:27.165+01:00 INFO : Filtering template 356/384 segment 5/5
2026-09-08T16:09:27.182+01:00 INFO : 1 points above threshold
2026-09-08T16:09:27.188+01:00 INFO : 356: generating IMRPhenomD from 30.0 Hz
2026-09-08T16:09:27.190+01:00 INFO : Decompressing waveform using inline_linear
2026-09-08T16:09:27.195+01:00 INFO : Filtering template 357/384 segment 1/5
2026-09-08T16:09:27.215+01:00 INFO : 2 points above threshold
2026-09-08T16:09:27.232+01:00 INFO : Filtering template 357/384 segment 2/5
2026-09-08T16:09:27.249+01:00 INFO : Filtering template 357/384 segment 3/5
2026-09-08T16:09:27.267+01:00 INFO : 4 points above threshold
2026-09-08T16:09:27.276+01:00 INFO : Filtering template 357/384 segment 4/5
2026-09-08T16:09:27.295+01:00 INFO : 1 points above threshold
2026-09-08T16:09:27.301+01:00 INFO : Filtering template 357/384 segment 5/5
2026-09-08T16:09:27.319+01:00 INFO : 357: generating IMRPhenomD from 30.0 Hz
2026-09-08T16:09:27.322+01:00 INFO : Decompressing waveform using inline_linear
2026-09-08T16:09:27.327+01:00 INFO : Filtering template 358/384 segment 1/5
2026-09-08T16:09:27.348+01:00 INFO : 2 points above threshold
2026-09-08T16:09:27.366+01:00 INFO : Filtering template 358/384 segment 2/5
2026-09-08T16:09:27.387+01:00 INFO : 2 points above threshold
2026-09-08T16:09:27.394+01:00 INFO : Filtering template 358/384 segment 3/5
2026-09-08T16:09:27.412+01:00 INFO : Filtering template 358/384 segment 4/5
2026-09-08T16:09:27.430+01:00 INFO : 1 points above threshold
2026-09-08T16:09:27.435+01:00 INFO : Filtering template 358/384 segment 5/5
2026-09-08T16:09:27.453+01:00 INFO : 358: generating IMRPhenomD from 30.0 Hz
2026-09-08T16:09:27.456+01:00 INFO : Decompressing waveform using inline_linear
2026-09-08T16:09:27.461+01:00 INFO : Filtering template 359/384 segment 1/5
2026-09-08T16:09:27.481+01:00 INFO : 2 points above threshold
2026-09-08T16:09:27.498+01:00 INFO : Filtering template 359/384 segment 2/5
2026-09-08T16:09:27.515+01:00 INFO : 2 points above threshold
2026-09-08T16:09:27.522+01:00 INFO : Filtering template 359/384 segment 3/5
2026-09-08T16:09:27.540+01:00 INFO : Filtering template 359/384 segment 4/5
2026-09-08T16:09:27.557+01:00 INFO : 1 points above threshold
2026-09-08T16:09:27.563+01:00 INFO : Filtering template 359/384 segment 5/5
2026-09-08T16:09:27.580+01:00 INFO : 2 points above threshold
2026-09-08T16:09:27.587+01:00 INFO : 359: generating IMRPhenomD from 30.0 Hz
2026-09-08T16:09:27.590+01:00 INFO : Decompressing waveform using inline_linear
2026-09-08T16:09:27.595+01:00 INFO : Filtering template 360/384 segment 1/5
2026-09-08T16:09:27.615+01:00 INFO : Filtering template 360/384 segment 2/5
2026-09-08T16:09:27.632+01:00 INFO : Filtering template 360/384 segment 3/5
2026-09-08T16:09:27.650+01:00 INFO : 2 points above threshold
2026-09-08T16:09:27.667+01:00 INFO : Filtering template 360/384 segment 4/5
2026-09-08T16:09:27.685+01:00 INFO : Filtering template 360/384 segment 5/5
2026-09-08T16:09:27.702+01:00 INFO : 2 points above threshold
2026-09-08T16:09:27.709+01:00 INFO : 360: generating IMRPhenomD from 30.0 Hz
2026-09-08T16:09:27.712+01:00 INFO : Decompressing waveform using inline_linear
2026-09-08T16:09:27.717+01:00 INFO : Filtering template 361/384 segment 1/5
2026-09-08T16:09:27.737+01:00 INFO : 1 points above threshold
2026-09-08T16:09:27.753+01:00 INFO : Filtering template 361/384 segment 2/5
2026-09-08T16:09:27.770+01:00 INFO : 1 points above threshold
2026-09-08T16:09:27.776+01:00 INFO : Filtering template 361/384 segment 3/5
2026-09-08T16:09:27.793+01:00 INFO : 1 points above threshold
2026-09-08T16:09:27.798+01:00 INFO : Filtering template 361/384 segment 4/5
2026-09-08T16:09:27.816+01:00 INFO : 1 points above threshold
2026-09-08T16:09:27.821+01:00 INFO : Filtering template 361/384 segment 5/5
2026-09-08T16:09:27.839+01:00 INFO : 361: generating IMRPhenomD from 30.0 Hz
2026-09-08T16:09:27.842+01:00 INFO : Decompressing waveform using inline_linear
2026-09-08T16:09:27.846+01:00 INFO : Filtering template 362/384 segment 1/5
2026-09-08T16:09:27.866+01:00 INFO : 1 points above threshold
2026-09-08T16:09:27.881+01:00 INFO : Filtering template 362/384 segment 2/5
2026-09-08T16:09:27.899+01:00 INFO : 2 points above threshold
2026-09-08T16:09:27.906+01:00 INFO : Filtering template 362/384 segment 3/5
2026-09-08T16:09:27.923+01:00 INFO : 1 points above threshold
2026-09-08T16:09:27.929+01:00 INFO : Filtering template 362/384 segment 4/5
2026-09-08T16:09:27.946+01:00 INFO : Filtering template 362/384 segment 5/5
2026-09-08T16:09:27.964+01:00 INFO : 1 points above threshold
2026-09-08T16:09:27.969+01:00 INFO : 362: generating IMRPhenomD from 30.0 Hz
2026-09-08T16:09:27.972+01:00 INFO : Decompressing waveform using inline_linear
2026-09-08T16:09:27.977+01:00 INFO : Filtering template 363/384 segment 1/5
2026-09-08T16:09:27.997+01:00 INFO : 3 points above threshold
2026-09-08T16:09:28.016+01:00 INFO : Filtering template 363/384 segment 2/5
2026-09-08T16:09:28.033+01:00 INFO : Filtering template 363/384 segment 3/5
2026-09-08T16:09:28.051+01:00 INFO : 1 points above threshold
2026-09-08T16:09:28.056+01:00 INFO : Filtering template 363/384 segment 4/5
2026-09-08T16:09:28.074+01:00 INFO : 1 points above threshold
2026-09-08T16:09:28.079+01:00 INFO : Filtering template 363/384 segment 5/5
2026-09-08T16:09:28.097+01:00 INFO : 1 points above threshold
2026-09-08T16:09:28.102+01:00 INFO : 363: generating IMRPhenomD from 30.0 Hz
2026-09-08T16:09:28.105+01:00 INFO : Decompressing waveform using inline_linear
2026-09-08T16:09:28.109+01:00 INFO : Filtering template 364/384 segment 1/5
2026-09-08T16:09:28.129+01:00 INFO : Filtering template 364/384 segment 2/5
2026-09-08T16:09:28.147+01:00 INFO : 1 points above threshold
2026-09-08T16:09:28.162+01:00 INFO : Filtering template 364/384 segment 3/5
2026-09-08T16:09:28.180+01:00 INFO : Filtering template 364/384 segment 4/5
2026-09-08T16:09:28.197+01:00 INFO : 2 points above threshold
2026-09-08T16:09:28.204+01:00 INFO : Filtering template 364/384 segment 5/5
2026-09-08T16:09:28.222+01:00 INFO : 1 points above threshold
2026-09-08T16:09:28.227+01:00 INFO : 364: generating IMRPhenomD from 30.0 Hz
2026-09-08T16:09:28.230+01:00 INFO : Decompressing waveform using inline_linear
2026-09-08T16:09:28.235+01:00 INFO : Filtering template 365/384 segment 1/5
2026-09-08T16:09:28.255+01:00 INFO : Filtering template 365/384 segment 2/5
2026-09-08T16:09:28.272+01:00 INFO : 2 points above threshold
2026-09-08T16:09:28.289+01:00 INFO : Filtering template 365/384 segment 3/5
2026-09-08T16:09:28.307+01:00 INFO : Filtering template 365/384 segment 4/5
2026-09-08T16:09:28.325+01:00 INFO : 2 points above threshold
2026-09-08T16:09:28.332+01:00 INFO : Filtering template 365/384 segment 5/5
2026-09-08T16:09:28.349+01:00 INFO : 1 points above threshold
2026-09-08T16:09:28.355+01:00 INFO : 365: generating IMRPhenomD from 30.0 Hz
2026-09-08T16:09:28.357+01:00 INFO : Decompressing waveform using inline_linear
2026-09-08T16:09:28.362+01:00 INFO : Filtering template 366/384 segment 1/5
2026-09-08T16:09:28.382+01:00 INFO : 1 points above threshold
2026-09-08T16:09:28.397+01:00 INFO : Filtering template 366/384 segment 2/5
2026-09-08T16:09:28.415+01:00 INFO : 1 points above threshold
2026-09-08T16:09:28.420+01:00 INFO : Filtering template 366/384 segment 3/5
2026-09-08T16:09:28.437+01:00 INFO : 1 points above threshold
2026-09-08T16:09:28.443+01:00 INFO : Filtering template 366/384 segment 4/5
2026-09-08T16:09:28.460+01:00 INFO : 2 points above threshold
2026-09-08T16:09:28.467+01:00 INFO : Filtering template 366/384 segment 5/5
2026-09-08T16:09:28.485+01:00 INFO : 366: generating IMRPhenomD from 30.0 Hz
2026-09-08T16:09:28.488+01:00 INFO : Decompressing waveform using inline_linear
2026-09-08T16:09:28.493+01:00 INFO : Filtering template 367/384 segment 1/5
2026-09-08T16:09:28.512+01:00 INFO : 2 points above threshold
2026-09-08T16:09:28.529+01:00 INFO : Filtering template 367/384 segment 2/5
2026-09-08T16:09:28.547+01:00 INFO : Filtering template 367/384 segment 3/5
2026-09-08T16:09:28.565+01:00 INFO : Filtering template 367/384 segment 4/5
2026-09-08T16:09:28.582+01:00 INFO : 1 points above threshold
2026-09-08T16:09:28.587+01:00 INFO : Filtering template 367/384 segment 5/5
2026-09-08T16:09:28.605+01:00 INFO : 3 points above threshold
2026-09-08T16:09:28.614+01:00 INFO : 367: generating IMRPhenomD from 30.0 Hz
2026-09-08T16:09:28.617+01:00 INFO : Decompressing waveform using inline_linear
2026-09-08T16:09:28.622+01:00 INFO : Filtering template 368/384 segment 1/5
2026-09-08T16:09:28.642+01:00 INFO : 2 points above threshold
2026-09-08T16:09:28.659+01:00 INFO : Filtering template 368/384 segment 2/5
2026-09-08T16:09:28.676+01:00 INFO : Filtering template 368/384 segment 3/5
2026-09-08T16:09:28.694+01:00 INFO : Filtering template 368/384 segment 4/5
2026-09-08T16:09:28.712+01:00 INFO : 1 points above threshold
2026-09-08T16:09:28.717+01:00 INFO : Filtering template 368/384 segment 5/5
2026-09-08T16:09:28.735+01:00 INFO : 368: generating IMRPhenomD from 30.0 Hz
2026-09-08T16:09:28.737+01:00 INFO : Decompressing waveform using inline_linear
2026-09-08T16:09:28.742+01:00 INFO : Filtering template 369/384 segment 1/5
2026-09-08T16:09:28.762+01:00 INFO : 1 points above threshold
2026-09-08T16:09:28.777+01:00 INFO : Filtering template 369/384 segment 2/5
2026-09-08T16:09:28.795+01:00 INFO : Filtering template 369/384 segment 3/5
2026-09-08T16:09:28.813+01:00 INFO : 1 points above threshold
2026-09-08T16:09:28.818+01:00 INFO : Filtering template 369/384 segment 4/5
2026-09-08T16:09:28.836+01:00 INFO : 2 points above threshold
2026-09-08T16:09:28.843+01:00 INFO : Filtering template 369/384 segment 5/5
2026-09-08T16:09:28.860+01:00 INFO : 2 points above threshold
2026-09-08T16:09:28.867+01:00 INFO : 369: generating IMRPhenomD from 30.0 Hz
2026-09-08T16:09:28.870+01:00 INFO : Decompressing waveform using inline_linear
2026-09-08T16:09:28.875+01:00 INFO : Filtering template 370/384 segment 1/5
2026-09-08T16:09:28.895+01:00 INFO : Filtering template 370/384 segment 2/5
2026-09-08T16:09:28.912+01:00 INFO : 2 points above threshold
2026-09-08T16:09:28.929+01:00 INFO : Filtering template 370/384 segment 3/5
2026-09-08T16:09:28.947+01:00 INFO : 2 points above threshold
2026-09-08T16:09:28.954+01:00 INFO : Filtering template 370/384 segment 4/5
2026-09-08T16:09:28.972+01:00 INFO : 2 points above threshold
2026-09-08T16:09:28.979+01:00 INFO : Filtering template 370/384 segment 5/5
2026-09-08T16:09:28.996+01:00 INFO : 370: generating IMRPhenomD from 30.0 Hz
2026-09-08T16:09:28.999+01:00 INFO : Decompressing waveform using inline_linear
2026-09-08T16:09:29.004+01:00 INFO : Filtering template 371/384 segment 1/5
2026-09-08T16:09:29.024+01:00 INFO : 1 points above threshold
2026-09-08T16:09:29.039+01:00 INFO : Filtering template 371/384 segment 2/5
2026-09-08T16:09:29.056+01:00 INFO : Filtering template 371/384 segment 3/5
2026-09-08T16:09:29.074+01:00 INFO : 1 points above threshold
2026-09-08T16:09:29.079+01:00 INFO : Filtering template 371/384 segment 4/5
2026-09-08T16:09:29.097+01:00 INFO : Filtering template 371/384 segment 5/5
2026-09-08T16:09:29.115+01:00 INFO : 1 points above threshold
2026-09-08T16:09:29.120+01:00 INFO : 371: generating IMRPhenomD from 30.0 Hz
2026-09-08T16:09:29.123+01:00 INFO : Decompressing waveform using inline_linear
2026-09-08T16:09:29.127+01:00 INFO : Filtering template 372/384 segment 1/5
2026-09-08T16:09:29.147+01:00 INFO : 1 points above threshold
2026-09-08T16:09:29.162+01:00 INFO : Filtering template 372/384 segment 2/5
2026-09-08T16:09:29.180+01:00 INFO : 3 points above threshold
2026-09-08T16:09:29.189+01:00 INFO : Filtering template 372/384 segment 3/5
2026-09-08T16:09:29.206+01:00 INFO : 1 points above threshold
2026-09-08T16:09:29.212+01:00 INFO : Filtering template 372/384 segment 4/5
2026-09-08T16:09:29.229+01:00 INFO : Filtering template 372/384 segment 5/5
2026-09-08T16:09:29.247+01:00 INFO : 372: generating IMRPhenomD from 30.0 Hz
2026-09-08T16:09:29.250+01:00 INFO : Decompressing waveform using inline_linear
2026-09-08T16:09:29.255+01:00 INFO : Filtering template 373/384 segment 1/5
2026-09-08T16:09:29.274+01:00 INFO : 3 points above threshold
2026-09-08T16:09:29.294+01:00 INFO : Filtering template 373/384 segment 2/5
2026-09-08T16:09:29.311+01:00 INFO : 1 points above threshold
2026-09-08T16:09:29.316+01:00 INFO : Filtering template 373/384 segment 3/5
2026-09-08T16:09:29.334+01:00 INFO : 2 points above threshold
2026-09-08T16:09:29.341+01:00 INFO : Filtering template 373/384 segment 4/5
2026-09-08T16:09:29.359+01:00 INFO : Filtering template 373/384 segment 5/5
2026-09-08T16:09:29.376+01:00 INFO : 1 points above threshold
2026-09-08T16:09:29.382+01:00 INFO : 373: generating IMRPhenomD from 30.0 Hz
2026-09-08T16:09:29.384+01:00 INFO : Decompressing waveform using inline_linear
2026-09-08T16:09:29.389+01:00 INFO : Filtering template 374/384 segment 1/5
2026-09-08T16:09:29.409+01:00 INFO : Filtering template 374/384 segment 2/5
2026-09-08T16:09:29.427+01:00 INFO : Filtering template 374/384 segment 3/5
2026-09-08T16:09:29.444+01:00 INFO : 2 points above threshold
2026-09-08T16:09:29.461+01:00 INFO : Filtering template 374/384 segment 4/5
2026-09-08T16:09:29.479+01:00 INFO : Filtering template 374/384 segment 5/5
2026-09-08T16:09:29.496+01:00 INFO : 1 points above threshold
2026-09-08T16:09:29.502+01:00 INFO : 374: generating IMRPhenomD from 30.0 Hz
2026-09-08T16:09:29.505+01:00 INFO : Decompressing waveform using inline_linear
2026-09-08T16:09:29.509+01:00 INFO : Filtering template 375/384 segment 1/5
2026-09-08T16:09:29.529+01:00 INFO : 1 points above threshold
2026-09-08T16:09:29.544+01:00 INFO : Filtering template 375/384 segment 2/5
2026-09-08T16:09:29.562+01:00 INFO : Filtering template 375/384 segment 3/5
2026-09-08T16:09:29.579+01:00 INFO : 1 points above threshold
2026-09-08T16:09:29.584+01:00 INFO : Filtering template 375/384 segment 4/5
2026-09-08T16:09:29.602+01:00 INFO : 3 points above threshold
2026-09-08T16:09:29.611+01:00 INFO : Filtering template 375/384 segment 5/5
2026-09-08T16:09:29.629+01:00 INFO : 1 points above threshold
2026-09-08T16:09:29.634+01:00 INFO : 375: generating IMRPhenomD from 30.0 Hz
2026-09-08T16:09:29.637+01:00 INFO : Decompressing waveform using inline_linear
2026-09-08T16:09:29.642+01:00 INFO : Filtering template 376/384 segment 1/5
2026-09-08T16:09:29.661+01:00 INFO : Filtering template 376/384 segment 2/5
2026-09-08T16:09:29.679+01:00 INFO : Filtering template 376/384 segment 3/5
2026-09-08T16:09:29.697+01:00 INFO : Filtering template 376/384 segment 4/5
2026-09-08T16:09:29.715+01:00 INFO : 1 points above threshold
2026-09-08T16:09:29.731+01:00 INFO : Filtering template 376/384 segment 5/5
2026-09-08T16:09:29.748+01:00 INFO : 1 points above threshold
2026-09-08T16:09:29.754+01:00 INFO : 376: generating IMRPhenomD from 30.0 Hz
2026-09-08T16:09:29.756+01:00 INFO : Decompressing waveform using inline_linear
2026-09-08T16:09:29.761+01:00 INFO : Filtering template 377/384 segment 1/5
2026-09-08T16:09:29.781+01:00 INFO : 2 points above threshold
2026-09-08T16:09:29.799+01:00 INFO : Filtering template 377/384 segment 2/5
2026-09-08T16:09:29.817+01:00 INFO : Filtering template 377/384 segment 3/5
2026-09-08T16:09:29.835+01:00 INFO : 1 points above threshold
2026-09-08T16:09:29.840+01:00 INFO : Filtering template 377/384 segment 4/5
2026-09-08T16:09:29.858+01:00 INFO : 2 points above threshold
2026-09-08T16:09:29.865+01:00 INFO : Filtering template 377/384 segment 5/5
2026-09-08T16:09:29.883+01:00 INFO : 377: generating IMRPhenomD from 30.0 Hz
2026-09-08T16:09:29.885+01:00 INFO : Decompressing waveform using inline_linear
2026-09-08T16:09:29.890+01:00 INFO : Filtering template 378/384 segment 1/5
2026-09-08T16:09:29.910+01:00 INFO : 3 points above threshold
2026-09-08T16:09:29.931+01:00 INFO : Filtering template 378/384 segment 2/5
2026-09-08T16:09:29.948+01:00 INFO : 3 points above threshold
2026-09-08T16:09:29.957+01:00 INFO : Filtering template 378/384 segment 3/5
2026-09-08T16:09:29.975+01:00 INFO : Filtering template 378/384 segment 4/5
2026-09-08T16:09:29.993+01:00 INFO : Filtering template 378/384 segment 5/5
2026-09-08T16:09:30.010+01:00 INFO : 1 points above threshold
2026-09-08T16:09:30.016+01:00 INFO : 378: generating IMRPhenomD from 30.0 Hz
2026-09-08T16:09:30.018+01:00 INFO : Decompressing waveform using inline_linear
2026-09-08T16:09:30.023+01:00 INFO : Filtering template 379/384 segment 1/5
2026-09-08T16:09:30.043+01:00 INFO : 2 points above threshold
2026-09-08T16:09:30.062+01:00 INFO : Filtering template 379/384 segment 2/5
2026-09-08T16:09:30.079+01:00 INFO : Filtering template 379/384 segment 3/5
2026-09-08T16:09:30.097+01:00 INFO : 1 points above threshold
2026-09-08T16:09:30.102+01:00 INFO : Filtering template 379/384 segment 4/5
2026-09-08T16:09:30.120+01:00 INFO : 2 points above threshold
2026-09-08T16:09:30.127+01:00 INFO : Filtering template 379/384 segment 5/5
2026-09-08T16:09:30.144+01:00 INFO : 1 points above threshold
2026-09-08T16:09:30.150+01:00 INFO : 379: generating IMRPhenomD from 30.0 Hz
2026-09-08T16:09:30.152+01:00 INFO : Decompressing waveform using inline_linear
2026-09-08T16:09:30.157+01:00 INFO : Filtering template 380/384 segment 1/5
2026-09-08T16:09:30.177+01:00 INFO : Filtering template 380/384 segment 2/5
2026-09-08T16:09:30.195+01:00 INFO : 1 points above threshold
2026-09-08T16:09:30.210+01:00 INFO : Filtering template 380/384 segment 3/5
2026-09-08T16:09:30.227+01:00 INFO : 1 points above threshold
2026-09-08T16:09:30.233+01:00 INFO : Filtering template 380/384 segment 4/5
2026-09-08T16:09:30.250+01:00 INFO : 1 points above threshold
2026-09-08T16:09:30.255+01:00 INFO : Filtering template 380/384 segment 5/5
2026-09-08T16:09:30.273+01:00 INFO : 1 points above threshold
2026-09-08T16:09:30.278+01:00 INFO : 380: generating IMRPhenomD from 30.0 Hz
2026-09-08T16:09:30.281+01:00 INFO : Decompressing waveform using inline_linear
2026-09-08T16:09:30.286+01:00 INFO : Filtering template 381/384 segment 1/5
2026-09-08T16:09:30.306+01:00 INFO : 3 points above threshold
2026-09-08T16:09:30.325+01:00 INFO : Filtering template 381/384 segment 2/5
2026-09-08T16:09:30.342+01:00 INFO : 1 points above threshold
2026-09-08T16:09:30.348+01:00 INFO : Filtering template 381/384 segment 3/5
2026-09-08T16:09:30.365+01:00 INFO : 1 points above threshold
2026-09-08T16:09:30.370+01:00 INFO : Filtering template 381/384 segment 4/5
2026-09-08T16:09:30.388+01:00 INFO : Filtering template 381/384 segment 5/5
2026-09-08T16:09:30.406+01:00 INFO : 2 points above threshold
2026-09-08T16:09:30.413+01:00 INFO : 381: generating IMRPhenomD from 30.0 Hz
2026-09-08T16:09:30.415+01:00 INFO : Decompressing waveform using inline_linear
2026-09-08T16:09:30.420+01:00 INFO : Filtering template 382/384 segment 1/5
2026-09-08T16:09:30.440+01:00 INFO : 4 points above threshold
2026-09-08T16:09:30.459+01:00 INFO : Filtering template 382/384 segment 2/5
2026-09-08T16:09:30.476+01:00 INFO : Filtering template 382/384 segment 3/5
2026-09-08T16:09:30.494+01:00 INFO : 3 points above threshold
2026-09-08T16:09:30.503+01:00 INFO : Filtering template 382/384 segment 4/5
2026-09-08T16:09:30.521+01:00 INFO : 1 points above threshold
2026-09-08T16:09:30.526+01:00 INFO : Filtering template 382/384 segment 5/5
2026-09-08T16:09:30.543+01:00 INFO : 3 points above threshold
2026-09-08T16:09:30.553+01:00 INFO : 382: generating IMRPhenomD from 30.0 Hz
2026-09-08T16:09:30.556+01:00 INFO : Decompressing waveform using inline_linear
2026-09-08T16:09:30.560+01:00 INFO : Filtering template 383/384 segment 1/5
2026-09-08T16:09:30.580+01:00 INFO : 1 points above threshold
2026-09-08T16:09:30.595+01:00 INFO : Filtering template 383/384 segment 2/5
2026-09-08T16:09:30.613+01:00 INFO : 2 points above threshold
2026-09-08T16:09:30.620+01:00 INFO : Filtering template 383/384 segment 3/5
2026-09-08T16:09:30.638+01:00 INFO : Filtering template 383/384 segment 4/5
2026-09-08T16:09:30.655+01:00 INFO : 2 points above threshold
2026-09-08T16:09:30.662+01:00 INFO : Filtering template 383/384 segment 5/5
2026-09-08T16:09:30.680+01:00 INFO : 3 points above threshold
2026-09-08T16:09:30.689+01:00 INFO : 383: generating IMRPhenomD from 30.0 Hz
2026-09-08T16:09:30.692+01:00 INFO : Decompressing waveform using inline_linear
2026-09-08T16:09:30.697+01:00 INFO : Filtering template 384/384 segment 1/5
2026-09-08T16:09:30.716+01:00 INFO : 3 points above threshold
2026-09-08T16:09:30.736+01:00 INFO : Filtering template 384/384 segment 2/5
2026-09-08T16:09:30.753+01:00 INFO : Filtering template 384/384 segment 3/5
2026-09-08T16:09:30.771+01:00 INFO : 2 points above threshold
2026-09-08T16:09:30.778+01:00 INFO : Filtering template 384/384 segment 4/5
2026-09-08T16:09:30.795+01:00 INFO : Filtering template 384/384 segment 5/5
2026-09-08T16:09:30.813+01:00 INFO : 2 points above threshold
2026-09-08T16:09:30.820+01:00 INFO : We currently have 2205 triggers
2026-09-08T16:09:30.820+01:00 INFO : Removing triggers with NewSNR below threshold
2026-09-08T16:09:30.821+01:00 INFO : 1991 remaining triggers
2026-09-08T16:09:30.821+01:00 INFO : Outputting 1991 triggers
2026-09-08T16:09:30.821+01:00 INFO : Writing out triggers
2026-09-08T16:09:30.837+01:00 INFO : Finished
