2026-09-06T21:14:11.929+01:00 INFO : Running with CPU support: 1 threads
2026-09-06T21:14:11.929+01:00 INFO : Reading Frames
2026-09-06T21:14:18.602+01:00 INFO : Highpass Filtering
2026-09-06T21:14:19.065+01:00 INFO : Resampling data
2026-09-06T21:14:19.077+01:00 INFO : Converting to float32
/home/xangma/pycbc-torch-inspiral-reference-20260906/source-v6/pycbc/types/array.py:872: RuntimeWarning: divide by zero encountered in divide
  return self._data.__rtruediv__(other)
2026-09-06T21:14:24.143+01:00 INFO : Highpass Filtering
2026-09-06T21:14:24.586+01:00 INFO : Remove Padding
2026-09-06T21:14:24.634+01:00 INFO : Making frequency-domain data segments
2026-09-06T21:14:27.246+01:00 INFO : Overwhitening frequency-domain data segments
2026-09-06T21:14:27.276+01:00 INFO : Read in template bank
2026-09-06T21:14:27.287+01:00 INFO : Full template bank size: 96
2026-09-06T21:14:27.288+01:00 INFO : Template bank size after thinning: 96
2026-09-06T21:14:27.288+01:00 INFO : 0: generating IMRPhenomD from 30.0 Hz
2026-09-06T21:14:27.290+01:00 INFO : Decompressing waveform using inline_linear
2026-09-06T21:14:27.294+01:00 INFO : Filtering template 1/96 segment 1/15
2026-09-06T21:14:27.308+01:00 INFO : Filtering template 1/96 segment 2/15
2026-09-06T21:14:27.316+01:00 INFO : 1 points above threshold
2026-09-06T21:14:27.330+01:00 INFO : Filtering template 1/96 segment 3/15
2026-09-06T21:14:27.339+01:00 INFO : Filtering template 1/96 segment 4/15
2026-09-06T21:14:27.347+01:00 INFO : Filtering template 1/96 segment 5/15
2026-09-06T21:14:27.356+01:00 INFO : Filtering template 1/96 segment 6/15
2026-09-06T21:14:27.364+01:00 INFO : Filtering template 1/96 segment 7/15
2026-09-06T21:14:27.373+01:00 INFO : 1 points above threshold
2026-09-06T21:14:27.375+01:00 INFO : Filtering template 1/96 segment 8/15
2026-09-06T21:14:27.384+01:00 INFO : Filtering template 1/96 segment 9/15
2026-09-06T21:14:27.392+01:00 INFO : Filtering template 1/96 segment 10/15
2026-09-06T21:14:27.401+01:00 INFO : Filtering template 1/96 segment 11/15
2026-09-06T21:14:27.409+01:00 INFO : Filtering template 1/96 segment 12/15
2026-09-06T21:14:27.418+01:00 INFO : Filtering template 1/96 segment 13/15
2026-09-06T21:14:27.426+01:00 INFO : 1 points above threshold
2026-09-06T21:14:27.429+01:00 INFO : Filtering template 1/96 segment 14/15
2026-09-06T21:14:27.437+01:00 INFO : Filtering template 1/96 segment 15/15
2026-09-06T21:14:27.446+01:00 INFO : 1: generating IMRPhenomD from 30.0 Hz
2026-09-06T21:14:27.448+01:00 INFO : Decompressing waveform using inline_linear
2026-09-06T21:14:27.451+01:00 INFO : Filtering template 2/96 segment 1/15
2026-09-06T21:14:27.461+01:00 INFO : 1 points above threshold
2026-09-06T21:14:27.469+01:00 INFO : Filtering template 2/96 segment 2/15
2026-09-06T21:14:27.477+01:00 INFO : Filtering template 2/96 segment 3/15
2026-09-06T21:14:27.486+01:00 INFO : Filtering template 2/96 segment 4/15
2026-09-06T21:14:27.494+01:00 INFO : Filtering template 2/96 segment 5/15
2026-09-06T21:14:27.503+01:00 INFO : Filtering template 2/96 segment 6/15
2026-09-06T21:14:27.511+01:00 INFO : 1 points above threshold
2026-09-06T21:14:27.514+01:00 INFO : Filtering template 2/96 segment 7/15
2026-09-06T21:14:27.522+01:00 INFO : 1 points above threshold
2026-09-06T21:14:27.525+01:00 INFO : Filtering template 2/96 segment 8/15
2026-09-06T21:14:27.533+01:00 INFO : 1 points above threshold
2026-09-06T21:14:27.536+01:00 INFO : Filtering template 2/96 segment 9/15
2026-09-06T21:14:27.544+01:00 INFO : Filtering template 2/96 segment 10/15
2026-09-06T21:14:27.552+01:00 INFO : Filtering template 2/96 segment 11/15
2026-09-06T21:14:27.561+01:00 INFO : Filtering template 2/96 segment 12/15
2026-09-06T21:14:27.569+01:00 INFO : 1 points above threshold
2026-09-06T21:14:27.572+01:00 INFO : Filtering template 2/96 segment 13/15
2026-09-06T21:14:27.580+01:00 INFO : 1 points above threshold
2026-09-06T21:14:27.583+01:00 INFO : Filtering template 2/96 segment 14/15
2026-09-06T21:14:27.591+01:00 INFO : Filtering template 2/96 segment 15/15
2026-09-06T21:14:27.600+01:00 INFO : 2: generating IMRPhenomD from 30.0 Hz
2026-09-06T21:14:27.602+01:00 INFO : Decompressing waveform using inline_linear
2026-09-06T21:14:27.605+01:00 INFO : Filtering template 3/96 segment 1/15
2026-09-06T21:14:27.615+01:00 INFO : Filtering template 3/96 segment 2/15
2026-09-06T21:14:27.623+01:00 INFO : 3 points above threshold
2026-09-06T21:14:27.633+01:00 INFO : Filtering template 3/96 segment 3/15
2026-09-06T21:14:27.642+01:00 INFO : Filtering template 3/96 segment 4/15
2026-09-06T21:14:27.650+01:00 INFO : Filtering template 3/96 segment 5/15
2026-09-06T21:14:27.659+01:00 INFO : Filtering template 3/96 segment 6/15
2026-09-06T21:14:27.667+01:00 INFO : Filtering template 3/96 segment 7/15
2026-09-06T21:14:27.675+01:00 INFO : 1 points above threshold
2026-09-06T21:14:27.678+01:00 INFO : Filtering template 3/96 segment 8/15
2026-09-06T21:14:27.686+01:00 INFO : Filtering template 3/96 segment 9/15
2026-09-06T21:14:27.695+01:00 INFO : Filtering template 3/96 segment 10/15
2026-09-06T21:14:27.703+01:00 INFO : Filtering template 3/96 segment 11/15
2026-09-06T21:14:27.712+01:00 INFO : 1 points above threshold
2026-09-06T21:14:27.714+01:00 INFO : Filtering template 3/96 segment 12/15
2026-09-06T21:14:27.723+01:00 INFO : Filtering template 3/96 segment 13/15
2026-09-06T21:14:27.731+01:00 INFO : Filtering template 3/96 segment 14/15
2026-09-06T21:14:27.740+01:00 INFO : Filtering template 3/96 segment 15/15
2026-09-06T21:14:27.748+01:00 INFO : 3: generating IMRPhenomD from 30.0 Hz
2026-09-06T21:14:27.750+01:00 INFO : Decompressing waveform using inline_linear
2026-09-06T21:14:27.753+01:00 INFO : Filtering template 4/96 segment 1/15
2026-09-06T21:14:27.763+01:00 INFO : Filtering template 4/96 segment 2/15
2026-09-06T21:14:27.771+01:00 INFO : 1 points above threshold
2026-09-06T21:14:27.779+01:00 INFO : Filtering template 4/96 segment 3/15
2026-09-06T21:14:27.788+01:00 INFO : Filtering template 4/96 segment 4/15
2026-09-06T21:14:27.796+01:00 INFO : Filtering template 4/96 segment 5/15
2026-09-06T21:14:27.805+01:00 INFO : Filtering template 4/96 segment 6/15
2026-09-06T21:14:27.813+01:00 INFO : 1 points above threshold
2026-09-06T21:14:27.816+01:00 INFO : Filtering template 4/96 segment 7/15
2026-09-06T21:14:27.824+01:00 INFO : Filtering template 4/96 segment 8/15
2026-09-06T21:14:27.832+01:00 INFO : Filtering template 4/96 segment 9/15
2026-09-06T21:14:27.841+01:00 INFO : 2 points above threshold
2026-09-06T21:14:27.845+01:00 INFO : Filtering template 4/96 segment 10/15
2026-09-06T21:14:27.853+01:00 INFO : Filtering template 4/96 segment 11/15
2026-09-06T21:14:27.861+01:00 INFO : 1 points above threshold
2026-09-06T21:14:27.864+01:00 INFO : Filtering template 4/96 segment 12/15
2026-09-06T21:14:27.872+01:00 INFO : 1 points above threshold
2026-09-06T21:14:27.875+01:00 INFO : Filtering template 4/96 segment 13/15
2026-09-06T21:14:27.884+01:00 INFO : 1 points above threshold
2026-09-06T21:14:27.886+01:00 INFO : Filtering template 4/96 segment 14/15
2026-09-06T21:14:27.895+01:00 INFO : 1 points above threshold
2026-09-06T21:14:27.898+01:00 INFO : Filtering template 4/96 segment 15/15
2026-09-06T21:14:27.906+01:00 INFO : 4: generating IMRPhenomD from 30.0 Hz
2026-09-06T21:14:27.908+01:00 INFO : Decompressing waveform using inline_linear
2026-09-06T21:14:27.911+01:00 INFO : Filtering template 5/96 segment 1/15
2026-09-06T21:14:27.921+01:00 INFO : Filtering template 5/96 segment 2/15
2026-09-06T21:14:27.929+01:00 INFO : Filtering template 5/96 segment 3/15
2026-09-06T21:14:27.938+01:00 INFO : 1 points above threshold
2026-09-06T21:14:27.946+01:00 INFO : Filtering template 5/96 segment 4/15
2026-09-06T21:14:27.954+01:00 INFO : Filtering template 5/96 segment 5/15
2026-09-06T21:14:27.963+01:00 INFO : Filtering template 5/96 segment 6/15
2026-09-06T21:14:27.971+01:00 INFO : 2 points above threshold
2026-09-06T21:14:27.975+01:00 INFO : Filtering template 5/96 segment 7/15
2026-09-06T21:14:27.983+01:00 INFO : 2 points above threshold
2026-09-06T21:14:27.987+01:00 INFO : Filtering template 5/96 segment 8/15
2026-09-06T21:14:27.995+01:00 INFO : Filtering template 5/96 segment 9/15
2026-09-06T21:14:28.004+01:00 INFO : Filtering template 5/96 segment 10/15
2026-09-06T21:14:28.012+01:00 INFO : Filtering template 5/96 segment 11/15
2026-09-06T21:14:28.020+01:00 INFO : Filtering template 5/96 segment 12/15
2026-09-06T21:14:28.029+01:00 INFO : 2 points above threshold
2026-09-06T21:14:28.032+01:00 INFO : Filtering template 5/96 segment 13/15
2026-09-06T21:14:28.041+01:00 INFO : Filtering template 5/96 segment 14/15
2026-09-06T21:14:28.049+01:00 INFO : Filtering template 5/96 segment 15/15
2026-09-06T21:14:28.058+01:00 INFO : 5: generating IMRPhenomD from 30.0 Hz
2026-09-06T21:14:28.060+01:00 INFO : Decompressing waveform using inline_linear
2026-09-06T21:14:28.063+01:00 INFO : Filtering template 6/96 segment 1/15
2026-09-06T21:14:28.073+01:00 INFO : Filtering template 6/96 segment 2/15
2026-09-06T21:14:28.081+01:00 INFO : Filtering template 6/96 segment 3/15
2026-09-06T21:14:28.090+01:00 INFO : 1 points above threshold
2026-09-06T21:14:28.098+01:00 INFO : Filtering template 6/96 segment 4/15
2026-09-06T21:14:28.106+01:00 INFO : Filtering template 6/96 segment 5/15
2026-09-06T21:14:28.115+01:00 INFO : Filtering template 6/96 segment 6/15
2026-09-06T21:14:28.123+01:00 INFO : Filtering template 6/96 segment 7/15
2026-09-06T21:14:28.132+01:00 INFO : Filtering template 6/96 segment 8/15
2026-09-06T21:14:28.140+01:00 INFO : Filtering template 6/96 segment 9/15
2026-09-06T21:14:28.148+01:00 INFO : Filtering template 6/96 segment 10/15
2026-09-06T21:14:28.157+01:00 INFO : Filtering template 6/96 segment 11/15
2026-09-06T21:14:28.165+01:00 INFO : Filtering template 6/96 segment 12/15
2026-09-06T21:14:28.174+01:00 INFO : Filtering template 6/96 segment 13/15
2026-09-06T21:14:28.182+01:00 INFO : Filtering template 6/96 segment 14/15
2026-09-06T21:14:28.190+01:00 INFO : 1 points above threshold
2026-09-06T21:14:28.193+01:00 INFO : Filtering template 6/96 segment 15/15
2026-09-06T21:14:28.202+01:00 INFO : 6: generating IMRPhenomD from 30.0 Hz
2026-09-06T21:14:28.204+01:00 INFO : Decompressing waveform using inline_linear
2026-09-06T21:14:28.207+01:00 INFO : Filtering template 7/96 segment 1/15
2026-09-06T21:14:28.216+01:00 INFO : 1 points above threshold
2026-09-06T21:14:28.224+01:00 INFO : Filtering template 7/96 segment 2/15
2026-09-06T21:14:28.233+01:00 INFO : 1 points above threshold
2026-09-06T21:14:28.236+01:00 INFO : Filtering template 7/96 segment 3/15
2026-09-06T21:14:28.244+01:00 INFO : Filtering template 7/96 segment 4/15
2026-09-06T21:14:28.252+01:00 INFO : Filtering template 7/96 segment 5/15
2026-09-06T21:14:28.261+01:00 INFO : Filtering template 7/96 segment 6/15
2026-09-06T21:14:28.269+01:00 INFO : Filtering template 7/96 segment 7/15
2026-09-06T21:14:28.278+01:00 INFO : Filtering template 7/96 segment 8/15
2026-09-06T21:14:28.286+01:00 INFO : Filtering template 7/96 segment 9/15
2026-09-06T21:14:28.295+01:00 INFO : Filtering template 7/96 segment 10/15
2026-09-06T21:14:28.303+01:00 INFO : Filtering template 7/96 segment 11/15
2026-09-06T21:14:28.311+01:00 INFO : Filtering template 7/96 segment 12/15
2026-09-06T21:14:28.320+01:00 INFO : 1 points above threshold
2026-09-06T21:14:28.322+01:00 INFO : Filtering template 7/96 segment 13/15
2026-09-06T21:14:28.331+01:00 INFO : Filtering template 7/96 segment 14/15
2026-09-06T21:14:28.339+01:00 INFO : Filtering template 7/96 segment 15/15
2026-09-06T21:14:28.348+01:00 INFO : 7: generating IMRPhenomD from 30.0 Hz
2026-09-06T21:14:28.350+01:00 INFO : Decompressing waveform using inline_linear
2026-09-06T21:14:28.353+01:00 INFO : Filtering template 8/96 segment 1/15
2026-09-06T21:14:28.362+01:00 INFO : 1 points above threshold
2026-09-06T21:14:28.371+01:00 INFO : Filtering template 8/96 segment 2/15
2026-09-06T21:14:28.379+01:00 INFO : 1 points above threshold
2026-09-06T21:14:28.382+01:00 INFO : Filtering template 8/96 segment 3/15
2026-09-06T21:14:28.390+01:00 INFO : Filtering template 8/96 segment 4/15
2026-09-06T21:14:28.398+01:00 INFO : Filtering template 8/96 segment 5/15
2026-09-06T21:14:28.407+01:00 INFO : Filtering template 8/96 segment 6/15
2026-09-06T21:14:28.415+01:00 INFO : 1 points above threshold
2026-09-06T21:14:28.418+01:00 INFO : Filtering template 8/96 segment 7/15
2026-09-06T21:14:28.426+01:00 INFO : 2 points above threshold
2026-09-06T21:14:28.430+01:00 INFO : Filtering template 8/96 segment 8/15
2026-09-06T21:14:28.438+01:00 INFO : 2 points above threshold
2026-09-06T21:14:28.442+01:00 INFO : Filtering template 8/96 segment 9/15
2026-09-06T21:14:28.450+01:00 INFO : Filtering template 8/96 segment 10/15
2026-09-06T21:14:28.459+01:00 INFO : Filtering template 8/96 segment 11/15
2026-09-06T21:14:28.467+01:00 INFO : Filtering template 8/96 segment 12/15
2026-09-06T21:14:28.476+01:00 INFO : Filtering template 8/96 segment 13/15
2026-09-06T21:14:28.484+01:00 INFO : Filtering template 8/96 segment 14/15
2026-09-06T21:14:28.493+01:00 INFO : Filtering template 8/96 segment 15/15
2026-09-06T21:14:28.501+01:00 INFO : 8: generating IMRPhenomD from 30.0 Hz
2026-09-06T21:14:28.503+01:00 INFO : Decompressing waveform using inline_linear
2026-09-06T21:14:28.506+01:00 INFO : Filtering template 9/96 segment 1/15
2026-09-06T21:14:28.515+01:00 INFO : Filtering template 9/96 segment 2/15
2026-09-06T21:14:28.524+01:00 INFO : Filtering template 9/96 segment 3/15
2026-09-06T21:14:28.532+01:00 INFO : Filtering template 9/96 segment 4/15
2026-09-06T21:14:28.541+01:00 INFO : Filtering template 9/96 segment 5/15
2026-09-06T21:14:28.549+01:00 INFO : Filtering template 9/96 segment 6/15
2026-09-06T21:14:28.557+01:00 INFO : 1 points above threshold
2026-09-06T21:14:28.566+01:00 INFO : Filtering template 9/96 segment 7/15
2026-09-06T21:14:28.574+01:00 INFO : 1 points above threshold
2026-09-06T21:14:28.577+01:00 INFO : Filtering template 9/96 segment 8/15
2026-09-06T21:14:28.585+01:00 INFO : Filtering template 9/96 segment 9/15
2026-09-06T21:14:28.594+01:00 INFO : 1 points above threshold
2026-09-06T21:14:28.596+01:00 INFO : Filtering template 9/96 segment 10/15
2026-09-06T21:14:28.605+01:00 INFO : 1 points above threshold
2026-09-06T21:14:28.607+01:00 INFO : Filtering template 9/96 segment 11/15
2026-09-06T21:14:28.616+01:00 INFO : Filtering template 9/96 segment 12/15
2026-09-06T21:14:28.624+01:00 INFO : Filtering template 9/96 segment 13/15
2026-09-06T21:14:28.633+01:00 INFO : 2 points above threshold
2026-09-06T21:14:28.636+01:00 INFO : Filtering template 9/96 segment 14/15
2026-09-06T21:14:28.645+01:00 INFO : 1 points above threshold
2026-09-06T21:14:28.647+01:00 INFO : Filtering template 9/96 segment 15/15
2026-09-06T21:14:28.656+01:00 INFO : 9: generating IMRPhenomD from 30.0 Hz
2026-09-06T21:14:28.658+01:00 INFO : Decompressing waveform using inline_linear
2026-09-06T21:14:28.661+01:00 INFO : Filtering template 10/96 segment 1/15
2026-09-06T21:14:28.670+01:00 INFO : Filtering template 10/96 segment 2/15
2026-09-06T21:14:28.679+01:00 INFO : Filtering template 10/96 segment 3/15
2026-09-06T21:14:28.687+01:00 INFO : 1 points above threshold
2026-09-06T21:14:28.695+01:00 INFO : Filtering template 10/96 segment 4/15
2026-09-06T21:14:28.704+01:00 INFO : Filtering template 10/96 segment 5/15
2026-09-06T21:14:28.712+01:00 INFO : 1 points above threshold
2026-09-06T21:14:28.715+01:00 INFO : Filtering template 10/96 segment 6/15
2026-09-06T21:14:28.723+01:00 INFO : Filtering template 10/96 segment 7/15
2026-09-06T21:14:28.732+01:00 INFO : Filtering template 10/96 segment 8/15
2026-09-06T21:14:28.740+01:00 INFO : Filtering template 10/96 segment 9/15
2026-09-06T21:14:28.749+01:00 INFO : Filtering template 10/96 segment 10/15
2026-09-06T21:14:28.757+01:00 INFO : Filtering template 10/96 segment 11/15
2026-09-06T21:14:28.765+01:00 INFO : 1 points above threshold
2026-09-06T21:14:28.768+01:00 INFO : Filtering template 10/96 segment 12/15
2026-09-06T21:14:28.776+01:00 INFO : 1 points above threshold
2026-09-06T21:14:28.779+01:00 INFO : Filtering template 10/96 segment 13/15
2026-09-06T21:14:28.787+01:00 INFO : 1 points above threshold
2026-09-06T21:14:28.790+01:00 INFO : Filtering template 10/96 segment 14/15
2026-09-06T21:14:28.798+01:00 INFO : Filtering template 10/96 segment 15/15
2026-09-06T21:14:28.807+01:00 INFO : 10: generating IMRPhenomD from 30.0 Hz
2026-09-06T21:14:28.810+01:00 INFO : Decompressing waveform using inline_linear
2026-09-06T21:14:28.812+01:00 INFO : Filtering template 11/96 segment 1/15
2026-09-06T21:14:28.822+01:00 INFO : 2 points above threshold
2026-09-06T21:14:28.831+01:00 INFO : Filtering template 11/96 segment 2/15
2026-09-06T21:14:28.840+01:00 INFO : 1 points above threshold
2026-09-06T21:14:28.842+01:00 INFO : Filtering template 11/96 segment 3/15
2026-09-06T21:14:28.851+01:00 INFO : 1 points above threshold
2026-09-06T21:14:28.853+01:00 INFO : Filtering template 11/96 segment 4/15
2026-09-06T21:14:28.862+01:00 INFO : 1 points above threshold
2026-09-06T21:14:28.864+01:00 INFO : Filtering template 11/96 segment 5/15
2026-09-06T21:14:28.873+01:00 INFO : Filtering template 11/96 segment 6/15
2026-09-06T21:14:28.881+01:00 INFO : 2 points above threshold
2026-09-06T21:14:28.885+01:00 INFO : Filtering template 11/96 segment 7/15
2026-09-06T21:14:28.893+01:00 INFO : 1 points above threshold
2026-09-06T21:14:28.896+01:00 INFO : Filtering template 11/96 segment 8/15
2026-09-06T21:14:28.904+01:00 INFO : Filtering template 11/96 segment 9/15
2026-09-06T21:14:28.912+01:00 INFO : Filtering template 11/96 segment 10/15
2026-09-06T21:14:28.921+01:00 INFO : Filtering template 11/96 segment 11/15
2026-09-06T21:14:28.929+01:00 INFO : Filtering template 11/96 segment 12/15
2026-09-06T21:14:28.938+01:00 INFO : Filtering template 11/96 segment 13/15
2026-09-06T21:14:28.946+01:00 INFO : Filtering template 11/96 segment 14/15
2026-09-06T21:14:28.955+01:00 INFO : Filtering template 11/96 segment 15/15
2026-09-06T21:14:28.963+01:00 INFO : 11: generating IMRPhenomD from 30.0 Hz
2026-09-06T21:14:28.966+01:00 INFO : Decompressing waveform using inline_linear
2026-09-06T21:14:28.968+01:00 INFO : Filtering template 12/96 segment 1/15
2026-09-06T21:14:28.978+01:00 INFO : 1 points above threshold
2026-09-06T21:14:28.986+01:00 INFO : Filtering template 12/96 segment 2/15
2026-09-06T21:14:28.994+01:00 INFO : Filtering template 12/96 segment 3/15
2026-09-06T21:14:29.003+01:00 INFO : Filtering template 12/96 segment 4/15
2026-09-06T21:14:29.011+01:00 INFO : Filtering template 12/96 segment 5/15
2026-09-06T21:14:29.020+01:00 INFO : Filtering template 12/96 segment 6/15
2026-09-06T21:14:29.028+01:00 INFO : 1 points above threshold
2026-09-06T21:14:29.031+01:00 INFO : Filtering template 12/96 segment 7/15
2026-09-06T21:14:29.039+01:00 INFO : 1 points above threshold
2026-09-06T21:14:29.042+01:00 INFO : Filtering template 12/96 segment 8/15
2026-09-06T21:14:29.050+01:00 INFO : Filtering template 12/96 segment 9/15
2026-09-06T21:14:29.059+01:00 INFO : Filtering template 12/96 segment 10/15
2026-09-06T21:14:29.067+01:00 INFO : 2 points above threshold
2026-09-06T21:14:29.071+01:00 INFO : Filtering template 12/96 segment 11/15
2026-09-06T21:14:29.079+01:00 INFO : 1 points above threshold
2026-09-06T21:14:29.082+01:00 INFO : Filtering template 12/96 segment 12/15
2026-09-06T21:14:29.090+01:00 INFO : Filtering template 12/96 segment 13/15
2026-09-06T21:14:29.099+01:00 INFO : Filtering template 12/96 segment 14/15
2026-09-06T21:14:29.107+01:00 INFO : Filtering template 12/96 segment 15/15
2026-09-06T21:14:29.116+01:00 INFO : 12: generating IMRPhenomD from 30.0 Hz
2026-09-06T21:14:29.118+01:00 INFO : Decompressing waveform using inline_linear
2026-09-06T21:14:29.121+01:00 INFO : Filtering template 13/96 segment 1/15
2026-09-06T21:14:29.130+01:00 INFO : Filtering template 13/96 segment 2/15
2026-09-06T21:14:29.139+01:00 INFO : Filtering template 13/96 segment 3/15
2026-09-06T21:14:29.147+01:00 INFO : Filtering template 13/96 segment 4/15
2026-09-06T21:14:29.155+01:00 INFO : 2 points above threshold
2026-09-06T21:14:29.165+01:00 INFO : Filtering template 13/96 segment 5/15
2026-09-06T21:14:29.173+01:00 INFO : Filtering template 13/96 segment 6/15
2026-09-06T21:14:29.182+01:00 INFO : 2 points above threshold
2026-09-06T21:14:29.185+01:00 INFO : Filtering template 13/96 segment 7/15
2026-09-06T21:14:29.194+01:00 INFO : Filtering template 13/96 segment 8/15
2026-09-06T21:14:29.202+01:00 INFO : Filtering template 13/96 segment 9/15
2026-09-06T21:14:29.211+01:00 INFO : Filtering template 13/96 segment 10/15
2026-09-06T21:14:29.219+01:00 INFO : Filtering template 13/96 segment 11/15
2026-09-06T21:14:29.228+01:00 INFO : Filtering template 13/96 segment 12/15
2026-09-06T21:14:29.236+01:00 INFO : Filtering template 13/96 segment 13/15
2026-09-06T21:14:29.244+01:00 INFO : Filtering template 13/96 segment 14/15
2026-09-06T21:14:29.253+01:00 INFO : 1 points above threshold
2026-09-06T21:14:29.255+01:00 INFO : Filtering template 13/96 segment 15/15
2026-09-06T21:14:29.264+01:00 INFO : 13: generating IMRPhenomD from 30.0 Hz
2026-09-06T21:14:29.266+01:00 INFO : Decompressing waveform using inline_linear
2026-09-06T21:14:29.269+01:00 INFO : Filtering template 14/96 segment 1/15
2026-09-06T21:14:29.278+01:00 INFO : 1 points above threshold
2026-09-06T21:14:29.287+01:00 INFO : Filtering template 14/96 segment 2/15
2026-09-06T21:14:29.295+01:00 INFO : Filtering template 14/96 segment 3/15
2026-09-06T21:14:29.304+01:00 INFO : Filtering template 14/96 segment 4/15
2026-09-06T21:14:29.312+01:00 INFO : Filtering template 14/96 segment 5/15
2026-09-06T21:14:29.321+01:00 INFO : 1 points above threshold
2026-09-06T21:14:29.323+01:00 INFO : Filtering template 14/96 segment 6/15
2026-09-06T21:14:29.332+01:00 INFO : 1 points above threshold
2026-09-06T21:14:29.335+01:00 INFO : Filtering template 14/96 segment 7/15
2026-09-06T21:14:29.343+01:00 INFO : 2 points above threshold
2026-09-06T21:14:29.347+01:00 INFO : Filtering template 14/96 segment 8/15
2026-09-06T21:14:29.355+01:00 INFO : Filtering template 14/96 segment 9/15
2026-09-06T21:14:29.363+01:00 INFO : Filtering template 14/96 segment 10/15
2026-09-06T21:14:29.372+01:00 INFO : Filtering template 14/96 segment 11/15
2026-09-06T21:14:29.380+01:00 INFO : 1 points above threshold
2026-09-06T21:14:29.383+01:00 INFO : Filtering template 14/96 segment 12/15
2026-09-06T21:14:29.391+01:00 INFO : 1 points above threshold
2026-09-06T21:14:29.394+01:00 INFO : Filtering template 14/96 segment 13/15
2026-09-06T21:14:29.402+01:00 INFO : Filtering template 14/96 segment 14/15
2026-09-06T21:14:29.411+01:00 INFO : Filtering template 14/96 segment 15/15
2026-09-06T21:14:29.419+01:00 INFO : 14: generating IMRPhenomD from 30.0 Hz
2026-09-06T21:14:29.422+01:00 INFO : Decompressing waveform using inline_linear
2026-09-06T21:14:29.424+01:00 INFO : Filtering template 15/96 segment 1/15
2026-09-06T21:14:29.434+01:00 INFO : Filtering template 15/96 segment 2/15
2026-09-06T21:14:29.442+01:00 INFO : 1 points above threshold
2026-09-06T21:14:29.450+01:00 INFO : Filtering template 15/96 segment 3/15
2026-09-06T21:14:29.459+01:00 INFO : Filtering template 15/96 segment 4/15
2026-09-06T21:14:29.467+01:00 INFO : Filtering template 15/96 segment 5/15
2026-09-06T21:14:29.476+01:00 INFO : Filtering template 15/96 segment 6/15
2026-09-06T21:14:29.484+01:00 INFO : Filtering template 15/96 segment 7/15
2026-09-06T21:14:29.493+01:00 INFO : 1 points above threshold
2026-09-06T21:14:29.495+01:00 INFO : Filtering template 15/96 segment 8/15
2026-09-06T21:14:29.504+01:00 INFO : Filtering template 15/96 segment 9/15
2026-09-06T21:14:29.512+01:00 INFO : Filtering template 15/96 segment 10/15
2026-09-06T21:14:29.520+01:00 INFO : Filtering template 15/96 segment 11/15
2026-09-06T21:14:29.529+01:00 INFO : 1 points above threshold
2026-09-06T21:14:29.532+01:00 INFO : Filtering template 15/96 segment 12/15
2026-09-06T21:14:29.540+01:00 INFO : 1 points above threshold
2026-09-06T21:14:29.543+01:00 INFO : Filtering template 15/96 segment 13/15
2026-09-06T21:14:29.551+01:00 INFO : 2 points above threshold
2026-09-06T21:14:29.555+01:00 INFO : Filtering template 15/96 segment 14/15
2026-09-06T21:14:29.563+01:00 INFO : 1 points above threshold
2026-09-06T21:14:29.566+01:00 INFO : Filtering template 15/96 segment 15/15
2026-09-06T21:14:29.575+01:00 INFO : 15: generating IMRPhenomD from 30.0 Hz
2026-09-06T21:14:29.577+01:00 INFO : Decompressing waveform using inline_linear
2026-09-06T21:14:29.579+01:00 INFO : Filtering template 16/96 segment 1/15
2026-09-06T21:14:29.589+01:00 INFO : 1 points above threshold
2026-09-06T21:14:29.597+01:00 INFO : Filtering template 16/96 segment 2/15
2026-09-06T21:14:29.606+01:00 INFO : Filtering template 16/96 segment 3/15
2026-09-06T21:14:29.614+01:00 INFO : Filtering template 16/96 segment 4/15
2026-09-06T21:14:29.623+01:00 INFO : 1 points above threshold
2026-09-06T21:14:29.625+01:00 INFO : Filtering template 16/96 segment 5/15
2026-09-06T21:14:29.634+01:00 INFO : 1 points above threshold
2026-09-06T21:14:29.636+01:00 INFO : Filtering template 16/96 segment 6/15
2026-09-06T21:14:29.645+01:00 INFO : Filtering template 16/96 segment 7/15
2026-09-06T21:14:29.653+01:00 INFO : 1 points above threshold
2026-09-06T21:14:29.656+01:00 INFO : Filtering template 16/96 segment 8/15
2026-09-06T21:14:29.664+01:00 INFO : 1 points above threshold
2026-09-06T21:14:29.667+01:00 INFO : Filtering template 16/96 segment 9/15
2026-09-06T21:14:29.675+01:00 INFO : 1 points above threshold
2026-09-06T21:14:29.678+01:00 INFO : Filtering template 16/96 segment 10/15
2026-09-06T21:14:29.686+01:00 INFO : 1 points above threshold
2026-09-06T21:14:29.689+01:00 INFO : Filtering template 16/96 segment 11/15
2026-09-06T21:14:29.698+01:00 INFO : 1 points above threshold
2026-09-06T21:14:29.700+01:00 INFO : Filtering template 16/96 segment 12/15
2026-09-06T21:14:29.709+01:00 INFO : Filtering template 16/96 segment 13/15
2026-09-06T21:14:29.717+01:00 INFO : Filtering template 16/96 segment 14/15
2026-09-06T21:14:29.725+01:00 INFO : Filtering template 16/96 segment 15/15
2026-09-06T21:14:29.734+01:00 INFO : 16: generating IMRPhenomD from 30.0 Hz
2026-09-06T21:14:29.736+01:00 INFO : Decompressing waveform using inline_linear
2026-09-06T21:14:29.739+01:00 INFO : Filtering template 17/96 segment 1/15
2026-09-06T21:14:29.748+01:00 INFO : Filtering template 17/96 segment 2/15
2026-09-06T21:14:29.757+01:00 INFO : 1 points above threshold
2026-09-06T21:14:29.765+01:00 INFO : Filtering template 17/96 segment 3/15
2026-09-06T21:14:29.774+01:00 INFO : 1 points above threshold
2026-09-06T21:14:29.778+01:00 INFO : Filtering template 17/96 segment 4/15
2026-09-06T21:14:29.786+01:00 INFO : Filtering template 17/96 segment 5/15
2026-09-06T21:14:29.794+01:00 INFO : 1 points above threshold
2026-09-06T21:14:29.797+01:00 INFO : Filtering template 17/96 segment 6/15
2026-09-06T21:14:29.805+01:00 INFO : 2 points above threshold
2026-09-06T21:14:29.809+01:00 INFO : Filtering template 17/96 segment 7/15
2026-09-06T21:14:29.817+01:00 INFO : Filtering template 17/96 segment 8/15
2026-09-06T21:14:29.826+01:00 INFO : Filtering template 17/96 segment 9/15
2026-09-06T21:14:29.834+01:00 INFO : Filtering template 17/96 segment 10/15
2026-09-06T21:14:29.843+01:00 INFO : 2 points above threshold
2026-09-06T21:14:29.846+01:00 INFO : Filtering template 17/96 segment 11/15
2026-09-06T21:14:29.855+01:00 INFO : Filtering template 17/96 segment 12/15
2026-09-06T21:14:29.863+01:00 INFO : Filtering template 17/96 segment 13/15
2026-09-06T21:14:29.871+01:00 INFO : 2 points above threshold
2026-09-06T21:14:29.875+01:00 INFO : Filtering template 17/96 segment 14/15
2026-09-06T21:14:29.883+01:00 INFO : 1 points above threshold
2026-09-06T21:14:29.888+01:00 INFO : Filtering template 17/96 segment 15/15
2026-09-06T21:14:29.896+01:00 INFO : 17: generating IMRPhenomD from 30.0 Hz
2026-09-06T21:14:29.899+01:00 INFO : Decompressing waveform using inline_linear
2026-09-06T21:14:29.901+01:00 INFO : Filtering template 18/96 segment 1/15
2026-09-06T21:14:29.911+01:00 INFO : Filtering template 18/96 segment 2/15
2026-09-06T21:14:29.919+01:00 INFO : Filtering template 18/96 segment 3/15
2026-09-06T21:14:29.928+01:00 INFO : Filtering template 18/96 segment 4/15
2026-09-06T21:14:29.936+01:00 INFO : Filtering template 18/96 segment 5/15
2026-09-06T21:14:29.944+01:00 INFO : Filtering template 18/96 segment 6/15
2026-09-06T21:14:29.953+01:00 INFO : Filtering template 18/96 segment 7/15
2026-09-06T21:14:29.961+01:00 INFO : Filtering template 18/96 segment 8/15
2026-09-06T21:14:29.970+01:00 INFO : 1 points above threshold
2026-09-06T21:14:29.978+01:00 INFO : Filtering template 18/96 segment 9/15
2026-09-06T21:14:29.986+01:00 INFO : Filtering template 18/96 segment 10/15
2026-09-06T21:14:29.995+01:00 INFO : Filtering template 18/96 segment 11/15
2026-09-06T21:14:30.003+01:00 INFO : Filtering template 18/96 segment 12/15
2026-09-06T21:14:30.012+01:00 INFO : Filtering template 18/96 segment 13/15
2026-09-06T21:14:30.020+01:00 INFO : Filtering template 18/96 segment 14/15
2026-09-06T21:14:30.029+01:00 INFO : 2 points above threshold
2026-09-06T21:14:30.032+01:00 INFO : Filtering template 18/96 segment 15/15
2026-09-06T21:14:30.041+01:00 INFO : 18: generating IMRPhenomD from 30.0 Hz
2026-09-06T21:14:30.043+01:00 INFO : Decompressing waveform using inline_linear
2026-09-06T21:14:30.046+01:00 INFO : Filtering template 19/96 segment 1/15
2026-09-06T21:14:30.055+01:00 INFO : 2 points above threshold
2026-09-06T21:14:30.064+01:00 INFO : Filtering template 19/96 segment 2/15
2026-09-06T21:14:30.073+01:00 INFO : Filtering template 19/96 segment 3/15
2026-09-06T21:14:30.081+01:00 INFO : 1 points above threshold
2026-09-06T21:14:30.084+01:00 INFO : Filtering template 19/96 segment 4/15
2026-09-06T21:14:30.092+01:00 INFO : Filtering template 19/96 segment 5/15
2026-09-06T21:14:30.101+01:00 INFO : 1 points above threshold
2026-09-06T21:14:30.104+01:00 INFO : Filtering template 19/96 segment 6/15
2026-09-06T21:14:30.112+01:00 INFO : Filtering template 19/96 segment 7/15
2026-09-06T21:14:30.120+01:00 INFO : 1 points above threshold
2026-09-06T21:14:30.123+01:00 INFO : Filtering template 19/96 segment 8/15
2026-09-06T21:14:30.131+01:00 INFO : Filtering template 19/96 segment 9/15
2026-09-06T21:14:30.140+01:00 INFO : Filtering template 19/96 segment 10/15
2026-09-06T21:14:30.148+01:00 INFO : 1 points above threshold
2026-09-06T21:14:30.152+01:00 INFO : Filtering template 19/96 segment 11/15
2026-09-06T21:14:30.161+01:00 INFO : 1 points above threshold
2026-09-06T21:14:30.163+01:00 INFO : Filtering template 19/96 segment 12/15
2026-09-06T21:14:30.172+01:00 INFO : 1 points above threshold
2026-09-06T21:14:30.174+01:00 INFO : Filtering template 19/96 segment 13/15
2026-09-06T21:14:30.183+01:00 INFO : Filtering template 19/96 segment 14/15
2026-09-06T21:14:30.191+01:00 INFO : 1 points above threshold
2026-09-06T21:14:30.194+01:00 INFO : Filtering template 19/96 segment 15/15
2026-09-06T21:14:30.202+01:00 INFO : 19: generating IMRPhenomD from 30.0 Hz
2026-09-06T21:14:30.205+01:00 INFO : Decompressing waveform using inline_linear
2026-09-06T21:14:30.207+01:00 INFO : Filtering template 20/96 segment 1/15
2026-09-06T21:14:30.217+01:00 INFO : Filtering template 20/96 segment 2/15
2026-09-06T21:14:30.225+01:00 INFO : Filtering template 20/96 segment 3/15
2026-09-06T21:14:30.234+01:00 INFO : 1 points above threshold
2026-09-06T21:14:30.242+01:00 INFO : Filtering template 20/96 segment 4/15
2026-09-06T21:14:30.250+01:00 INFO : 1 points above threshold
2026-09-06T21:14:30.253+01:00 INFO : Filtering template 20/96 segment 5/15
2026-09-06T21:14:30.262+01:00 INFO : Filtering template 20/96 segment 6/15
2026-09-06T21:14:30.270+01:00 INFO : 2 points above threshold
2026-09-06T21:14:30.274+01:00 INFO : Filtering template 20/96 segment 7/15
2026-09-06T21:14:30.282+01:00 INFO : Filtering template 20/96 segment 8/15
2026-09-06T21:14:30.291+01:00 INFO : Filtering template 20/96 segment 9/15
2026-09-06T21:14:30.299+01:00 INFO : Filtering template 20/96 segment 10/15
2026-09-06T21:14:30.307+01:00 INFO : 1 points above threshold
2026-09-06T21:14:30.310+01:00 INFO : Filtering template 20/96 segment 11/15
2026-09-06T21:14:30.319+01:00 INFO : 1 points above threshold
2026-09-06T21:14:30.321+01:00 INFO : Filtering template 20/96 segment 12/15
2026-09-06T21:14:30.330+01:00 INFO : Filtering template 20/96 segment 13/15
2026-09-06T21:14:30.338+01:00 INFO : Filtering template 20/96 segment 14/15
2026-09-06T21:14:30.347+01:00 INFO : Filtering template 20/96 segment 15/15
2026-09-06T21:14:30.355+01:00 INFO : 20: generating IMRPhenomD from 30.0 Hz
2026-09-06T21:14:30.357+01:00 INFO : Decompressing waveform using inline_linear
2026-09-06T21:14:30.360+01:00 INFO : Filtering template 21/96 segment 1/15
2026-09-06T21:14:30.370+01:00 INFO : Filtering template 21/96 segment 2/15
2026-09-06T21:14:30.378+01:00 INFO : Filtering template 21/96 segment 3/15
2026-09-06T21:14:30.386+01:00 INFO : 1 points above threshold
2026-09-06T21:14:30.395+01:00 INFO : Filtering template 21/96 segment 4/15
2026-09-06T21:14:30.403+01:00 INFO : Filtering template 21/96 segment 5/15
2026-09-06T21:14:30.412+01:00 INFO : Filtering template 21/96 segment 6/15
2026-09-06T21:14:30.420+01:00 INFO : 1 points above threshold
2026-09-06T21:14:30.423+01:00 INFO : Filtering template 21/96 segment 7/15
2026-09-06T21:14:30.431+01:00 INFO : 1 points above threshold
2026-09-06T21:14:30.434+01:00 INFO : Filtering template 21/96 segment 8/15
2026-09-06T21:14:30.442+01:00 INFO : Filtering template 21/96 segment 9/15
2026-09-06T21:14:30.451+01:00 INFO : Filtering template 21/96 segment 10/15
2026-09-06T21:14:30.459+01:00 INFO : Filtering template 21/96 segment 11/15
2026-09-06T21:14:30.467+01:00 INFO : Filtering template 21/96 segment 12/15
2026-09-06T21:14:30.476+01:00 INFO : Filtering template 21/96 segment 13/15
2026-09-06T21:14:30.484+01:00 INFO : Filtering template 21/96 segment 14/15
2026-09-06T21:14:30.493+01:00 INFO : Filtering template 21/96 segment 15/15
2026-09-06T21:14:30.501+01:00 INFO : 21: generating IMRPhenomD from 30.0 Hz
2026-09-06T21:14:30.504+01:00 INFO : Decompressing waveform using inline_linear
2026-09-06T21:14:30.506+01:00 INFO : Filtering template 22/96 segment 1/15
2026-09-06T21:14:30.516+01:00 INFO : 2 points above threshold
2026-09-06T21:14:30.525+01:00 INFO : Filtering template 22/96 segment 2/15
2026-09-06T21:14:30.534+01:00 INFO : Filtering template 22/96 segment 3/15
2026-09-06T21:14:30.542+01:00 INFO : 3 points above threshold
2026-09-06T21:14:30.547+01:00 INFO : Filtering template 22/96 segment 4/15
2026-09-06T21:14:30.555+01:00 INFO : Filtering template 22/96 segment 5/15
2026-09-06T21:14:30.564+01:00 INFO : Filtering template 22/96 segment 6/15
2026-09-06T21:14:30.572+01:00 INFO : Filtering template 22/96 segment 7/15
2026-09-06T21:14:30.580+01:00 INFO : Filtering template 22/96 segment 8/15
2026-09-06T21:14:30.589+01:00 INFO : Filtering template 22/96 segment 9/15
2026-09-06T21:14:30.597+01:00 INFO : Filtering template 22/96 segment 10/15
2026-09-06T21:14:30.606+01:00 INFO : Filtering template 22/96 segment 11/15
2026-09-06T21:14:30.614+01:00 INFO : 1 points above threshold
2026-09-06T21:14:30.617+01:00 INFO : Filtering template 22/96 segment 12/15
2026-09-06T21:14:30.625+01:00 INFO : Filtering template 22/96 segment 13/15
2026-09-06T21:14:30.634+01:00 INFO : Filtering template 22/96 segment 14/15
2026-09-06T21:14:30.642+01:00 INFO : 1 points above threshold
2026-09-06T21:14:30.645+01:00 INFO : Filtering template 22/96 segment 15/15
2026-09-06T21:14:30.653+01:00 INFO : 22: generating IMRPhenomD from 30.0 Hz
2026-09-06T21:14:30.656+01:00 INFO : Decompressing waveform using inline_linear
2026-09-06T21:14:30.658+01:00 INFO : Filtering template 23/96 segment 1/15
2026-09-06T21:14:30.668+01:00 INFO : Filtering template 23/96 segment 2/15
2026-09-06T21:14:30.676+01:00 INFO : 1 points above threshold
2026-09-06T21:14:30.684+01:00 INFO : Filtering template 23/96 segment 3/15
2026-09-06T21:14:30.693+01:00 INFO : 1 points above threshold
2026-09-06T21:14:30.696+01:00 INFO : Filtering template 23/96 segment 4/15
2026-09-06T21:14:30.704+01:00 INFO : 1 points above threshold
2026-09-06T21:14:30.707+01:00 INFO : Filtering template 23/96 segment 5/15
2026-09-06T21:14:30.715+01:00 INFO : Filtering template 23/96 segment 6/15
2026-09-06T21:14:30.723+01:00 INFO : Filtering template 23/96 segment 7/15
2026-09-06T21:14:30.732+01:00 INFO : 1 points above threshold
2026-09-06T21:14:30.734+01:00 INFO : Filtering template 23/96 segment 8/15
2026-09-06T21:14:30.743+01:00 INFO : Filtering template 23/96 segment 9/15
2026-09-06T21:14:30.751+01:00 INFO : Filtering template 23/96 segment 10/15
2026-09-06T21:14:30.760+01:00 INFO : Filtering template 23/96 segment 11/15
2026-09-06T21:14:30.768+01:00 INFO : Filtering template 23/96 segment 12/15
2026-09-06T21:14:30.776+01:00 INFO : Filtering template 23/96 segment 13/15
2026-09-06T21:14:30.785+01:00 INFO : Filtering template 23/96 segment 14/15
2026-09-06T21:14:30.793+01:00 INFO : Filtering template 23/96 segment 15/15
2026-09-06T21:14:30.802+01:00 INFO : 23: generating IMRPhenomD from 30.0 Hz
2026-09-06T21:14:30.804+01:00 INFO : Decompressing waveform using inline_linear
2026-09-06T21:14:30.807+01:00 INFO : Filtering template 24/96 segment 1/15
2026-09-06T21:14:30.817+01:00 INFO : 1 points above threshold
2026-09-06T21:14:30.823+01:00 INFO : Filtering template 24/96 segment 2/15
2026-09-06T21:14:30.832+01:00 INFO : Filtering template 24/96 segment 3/15
2026-09-06T21:14:30.840+01:00 INFO : Filtering template 24/96 segment 4/15
2026-09-06T21:14:30.849+01:00 INFO : Filtering template 24/96 segment 5/15
2026-09-06T21:14:30.857+01:00 INFO : Filtering template 24/96 segment 6/15
2026-09-06T21:14:30.866+01:00 INFO : 2 points above threshold
2026-09-06T21:14:30.869+01:00 INFO : Filtering template 24/96 segment 7/15
2026-09-06T21:14:30.878+01:00 INFO : 1 points above threshold
2026-09-06T21:14:30.880+01:00 INFO : Filtering template 24/96 segment 8/15
2026-09-06T21:14:30.889+01:00 INFO : Filtering template 24/96 segment 9/15
2026-09-06T21:14:30.897+01:00 INFO : Filtering template 24/96 segment 10/15
2026-09-06T21:14:30.906+01:00 INFO : Filtering template 24/96 segment 11/15
2026-09-06T21:14:30.914+01:00 INFO : Filtering template 24/96 segment 12/15
2026-09-06T21:14:30.922+01:00 INFO : Filtering template 24/96 segment 13/15
2026-09-06T21:14:30.931+01:00 INFO : 2 points above threshold
2026-09-06T21:14:30.934+01:00 INFO : Filtering template 24/96 segment 14/15
2026-09-06T21:14:30.943+01:00 INFO : Filtering template 24/96 segment 15/15
2026-09-06T21:14:30.952+01:00 INFO : 24: generating IMRPhenomD from 30.0 Hz
2026-09-06T21:14:30.954+01:00 INFO : Decompressing waveform using inline_linear
2026-09-06T21:14:30.956+01:00 INFO : Filtering template 25/96 segment 1/15
2026-09-06T21:14:30.966+01:00 INFO : 1 points above threshold
2026-09-06T21:14:30.973+01:00 INFO : Filtering template 25/96 segment 2/15
2026-09-06T21:14:30.981+01:00 INFO : 1 points above threshold
2026-09-06T21:14:30.984+01:00 INFO : Filtering template 25/96 segment 3/15
2026-09-06T21:14:30.992+01:00 INFO : Filtering template 25/96 segment 4/15
2026-09-06T21:14:31.001+01:00 INFO : Filtering template 25/96 segment 5/15
2026-09-06T21:14:31.009+01:00 INFO : Filtering template 25/96 segment 6/15
2026-09-06T21:14:31.017+01:00 INFO : Filtering template 25/96 segment 7/15
2026-09-06T21:14:31.026+01:00 INFO : Filtering template 25/96 segment 8/15
2026-09-06T21:14:31.034+01:00 INFO : Filtering template 25/96 segment 9/15
2026-09-06T21:14:31.043+01:00 INFO : Filtering template 25/96 segment 10/15
2026-09-06T21:14:31.051+01:00 INFO : Filtering template 25/96 segment 11/15
2026-09-06T21:14:31.060+01:00 INFO : Filtering template 25/96 segment 12/15
2026-09-06T21:14:31.068+01:00 INFO : Filtering template 25/96 segment 13/15
2026-09-06T21:14:31.076+01:00 INFO : Filtering template 25/96 segment 14/15
2026-09-06T21:14:31.085+01:00 INFO : Filtering template 25/96 segment 15/15
2026-09-06T21:14:31.094+01:00 INFO : 25: generating IMRPhenomD from 30.0 Hz
2026-09-06T21:14:31.096+01:00 INFO : Decompressing waveform using inline_linear
2026-09-06T21:14:31.098+01:00 INFO : Filtering template 26/96 segment 1/15
2026-09-06T21:14:31.108+01:00 INFO : Filtering template 26/96 segment 2/15
2026-09-06T21:14:31.116+01:00 INFO : Filtering template 26/96 segment 3/15
2026-09-06T21:14:31.125+01:00 INFO : Filtering template 26/96 segment 4/15
2026-09-06T21:14:31.133+01:00 INFO : Filtering template 26/96 segment 5/15
2026-09-06T21:14:31.142+01:00 INFO : Filtering template 26/96 segment 6/15
2026-09-06T21:14:31.150+01:00 INFO : 2 points above threshold
2026-09-06T21:14:31.158+01:00 INFO : Filtering template 26/96 segment 7/15
2026-09-06T21:14:31.166+01:00 INFO : Filtering template 26/96 segment 8/15
2026-09-06T21:14:31.175+01:00 INFO : Filtering template 26/96 segment 9/15
2026-09-06T21:14:31.183+01:00 INFO : Filtering template 26/96 segment 10/15
2026-09-06T21:14:31.192+01:00 INFO : Filtering template 26/96 segment 11/15
2026-09-06T21:14:31.200+01:00 INFO : 1 points above threshold
2026-09-06T21:14:31.203+01:00 INFO : Filtering template 26/96 segment 12/15
2026-09-06T21:14:31.211+01:00 INFO : 1 points above threshold
2026-09-06T21:14:31.214+01:00 INFO : Filtering template 26/96 segment 13/15
2026-09-06T21:14:31.222+01:00 INFO : 2 points above threshold
2026-09-06T21:14:31.226+01:00 INFO : Filtering template 26/96 segment 14/15
2026-09-06T21:14:31.234+01:00 INFO : Filtering template 26/96 segment 15/15
2026-09-06T21:14:31.243+01:00 INFO : 26: generating IMRPhenomD from 30.0 Hz
2026-09-06T21:14:31.245+01:00 INFO : Decompressing waveform using inline_linear
2026-09-06T21:14:31.248+01:00 INFO : Filtering template 27/96 segment 1/15
2026-09-06T21:14:31.257+01:00 INFO : 1 points above threshold
2026-09-06T21:14:31.264+01:00 INFO : Filtering template 27/96 segment 2/15
2026-09-06T21:14:31.273+01:00 INFO : 1 points above threshold
2026-09-06T21:14:31.275+01:00 INFO : Filtering template 27/96 segment 3/15
2026-09-06T21:14:31.284+01:00 INFO : Filtering template 27/96 segment 4/15
2026-09-06T21:14:31.292+01:00 INFO : Filtering template 27/96 segment 5/15
2026-09-06T21:14:31.300+01:00 INFO : Filtering template 27/96 segment 6/15
2026-09-06T21:14:31.309+01:00 INFO : Filtering template 27/96 segment 7/15
2026-09-06T21:14:31.317+01:00 INFO : 1 points above threshold
2026-09-06T21:14:31.320+01:00 INFO : Filtering template 27/96 segment 8/15
2026-09-06T21:14:31.328+01:00 INFO : Filtering template 27/96 segment 9/15
2026-09-06T21:14:31.337+01:00 INFO : Filtering template 27/96 segment 10/15
2026-09-06T21:14:31.345+01:00 INFO : Filtering template 27/96 segment 11/15
2026-09-06T21:14:31.354+01:00 INFO : Filtering template 27/96 segment 12/15
2026-09-06T21:14:31.362+01:00 INFO : Filtering template 27/96 segment 13/15
2026-09-06T21:14:31.371+01:00 INFO : Filtering template 27/96 segment 14/15
2026-09-06T21:14:31.379+01:00 INFO : Filtering template 27/96 segment 15/15
2026-09-06T21:14:31.388+01:00 INFO : 27: generating IMRPhenomD from 30.0 Hz
2026-09-06T21:14:31.390+01:00 INFO : Decompressing waveform using inline_linear
2026-09-06T21:14:31.392+01:00 INFO : Filtering template 28/96 segment 1/15
2026-09-06T21:14:31.403+01:00 INFO : 1 points above threshold
2026-09-06T21:14:31.410+01:00 INFO : Filtering template 28/96 segment 2/15
2026-09-06T21:14:31.419+01:00 INFO : 2 points above threshold
2026-09-06T21:14:31.423+01:00 INFO : Filtering template 28/96 segment 3/15
2026-09-06T21:14:31.433+01:00 INFO : Filtering template 28/96 segment 4/15
2026-09-06T21:14:31.442+01:00 INFO : 1 points above threshold
2026-09-06T21:14:31.446+01:00 INFO : Filtering template 28/96 segment 5/15
2026-09-06T21:14:31.459+01:00 INFO : Filtering template 28/96 segment 6/15
2026-09-06T21:14:31.472+01:00 INFO : Filtering template 28/96 segment 7/15
2026-09-06T21:14:31.481+01:00 INFO : 1 points above threshold
2026-09-06T21:14:31.484+01:00 INFO : Filtering template 28/96 segment 8/15
2026-09-06T21:14:31.494+01:00 INFO : 1 points above threshold
2026-09-06T21:14:31.497+01:00 INFO : Filtering template 28/96 segment 9/15
2026-09-06T21:14:31.506+01:00 INFO : Filtering template 28/96 segment 10/15
2026-09-06T21:14:31.514+01:00 INFO : Filtering template 28/96 segment 11/15
2026-09-06T21:14:31.523+01:00 INFO : 1 points above threshold
2026-09-06T21:14:31.525+01:00 INFO : Filtering template 28/96 segment 12/15
2026-09-06T21:14:31.534+01:00 INFO : Filtering template 28/96 segment 13/15
2026-09-06T21:14:31.542+01:00 INFO : Filtering template 28/96 segment 14/15
2026-09-06T21:14:31.551+01:00 INFO : Filtering template 28/96 segment 15/15
2026-09-06T21:14:31.559+01:00 INFO : 28: generating IMRPhenomD from 30.0 Hz
2026-09-06T21:14:31.561+01:00 INFO : Decompressing waveform using inline_linear
2026-09-06T21:14:31.564+01:00 INFO : Filtering template 29/96 segment 1/15
2026-09-06T21:14:31.574+01:00 INFO : 1 points above threshold
2026-09-06T21:14:31.580+01:00 INFO : Filtering template 29/96 segment 2/15
2026-09-06T21:14:31.589+01:00 INFO : Filtering template 29/96 segment 3/15
2026-09-06T21:14:31.597+01:00 INFO : 1 points above threshold
2026-09-06T21:14:31.600+01:00 INFO : Filtering template 29/96 segment 4/15
2026-09-06T21:14:31.609+01:00 INFO : 1 points above threshold
2026-09-06T21:14:31.611+01:00 INFO : Filtering template 29/96 segment 5/15
2026-09-06T21:14:31.620+01:00 INFO : Filtering template 29/96 segment 6/15
2026-09-06T21:14:31.628+01:00 INFO : 1 points above threshold
2026-09-06T21:14:31.631+01:00 INFO : Filtering template 29/96 segment 7/15
2026-09-06T21:14:31.639+01:00 INFO : 1 points above threshold
2026-09-06T21:14:31.642+01:00 INFO : Filtering template 29/96 segment 8/15
2026-09-06T21:14:31.650+01:00 INFO : Filtering template 29/96 segment 9/15
2026-09-06T21:14:31.659+01:00 INFO : Filtering template 29/96 segment 10/15
2026-09-06T21:14:31.667+01:00 INFO : Filtering template 29/96 segment 11/15
2026-09-06T21:14:31.676+01:00 INFO : Filtering template 29/96 segment 12/15
2026-09-06T21:14:31.684+01:00 INFO : 2 points above threshold
2026-09-06T21:14:31.688+01:00 INFO : Filtering template 29/96 segment 13/15
2026-09-06T21:14:31.696+01:00 INFO : 2 points above threshold
2026-09-06T21:14:31.700+01:00 INFO : Filtering template 29/96 segment 14/15
2026-09-06T21:14:31.708+01:00 INFO : Filtering template 29/96 segment 15/15
2026-09-06T21:14:31.717+01:00 INFO : 29: generating IMRPhenomD from 30.0 Hz
2026-09-06T21:14:31.719+01:00 INFO : Decompressing waveform using inline_linear
2026-09-06T21:14:31.722+01:00 INFO : Filtering template 30/96 segment 1/15
2026-09-06T21:14:31.731+01:00 INFO : 1 points above threshold
2026-09-06T21:14:31.738+01:00 INFO : Filtering template 30/96 segment 2/15
2026-09-06T21:14:31.747+01:00 INFO : Filtering template 30/96 segment 3/15
2026-09-06T21:14:31.755+01:00 INFO : Filtering template 30/96 segment 4/15
2026-09-06T21:14:31.763+01:00 INFO : 1 points above threshold
2026-09-06T21:14:31.766+01:00 INFO : Filtering template 30/96 segment 5/15
2026-09-06T21:14:31.775+01:00 INFO : Filtering template 30/96 segment 6/15
2026-09-06T21:14:31.783+01:00 INFO : Filtering template 30/96 segment 7/15
2026-09-06T21:14:31.791+01:00 INFO : Filtering template 30/96 segment 8/15
2026-09-06T21:14:31.800+01:00 INFO : 1 points above threshold
2026-09-06T21:14:31.803+01:00 INFO : Filtering template 30/96 segment 9/15
2026-09-06T21:14:31.811+01:00 INFO : Filtering template 30/96 segment 10/15
2026-09-06T21:14:31.819+01:00 INFO : Filtering template 30/96 segment 11/15
2026-09-06T21:14:31.828+01:00 INFO : Filtering template 30/96 segment 12/15
2026-09-06T21:14:31.836+01:00 INFO : Filtering template 30/96 segment 13/15
2026-09-06T21:14:31.845+01:00 INFO : 1 points above threshold
2026-09-06T21:14:31.847+01:00 INFO : Filtering template 30/96 segment 14/15
2026-09-06T21:14:31.856+01:00 INFO : Filtering template 30/96 segment 15/15
2026-09-06T21:14:31.864+01:00 INFO : 30: generating IMRPhenomD from 30.0 Hz
2026-09-06T21:14:31.867+01:00 INFO : Decompressing waveform using inline_linear
2026-09-06T21:14:31.869+01:00 INFO : Filtering template 31/96 segment 1/15
2026-09-06T21:14:31.879+01:00 INFO : Filtering template 31/96 segment 2/15
2026-09-06T21:14:31.888+01:00 INFO : Filtering template 31/96 segment 3/15
2026-09-06T21:14:31.896+01:00 INFO : Filtering template 31/96 segment 4/15
2026-09-06T21:14:31.905+01:00 INFO : Filtering template 31/96 segment 5/15
2026-09-06T21:14:31.913+01:00 INFO : Filtering template 31/96 segment 6/15
2026-09-06T21:14:31.921+01:00 INFO : 1 points above threshold
2026-09-06T21:14:31.928+01:00 INFO : Filtering template 31/96 segment 7/15
2026-09-06T21:14:31.937+01:00 INFO : Filtering template 31/96 segment 8/15
2026-09-06T21:14:31.945+01:00 INFO : Filtering template 31/96 segment 9/15
2026-09-06T21:14:31.954+01:00 INFO : Filtering template 31/96 segment 10/15
2026-09-06T21:14:31.962+01:00 INFO : Filtering template 31/96 segment 11/15
2026-09-06T21:14:31.970+01:00 INFO : Filtering template 31/96 segment 12/15
2026-09-06T21:14:31.979+01:00 INFO : 1 points above threshold
2026-09-06T21:14:31.982+01:00 INFO : Filtering template 31/96 segment 13/15
2026-09-06T21:14:31.990+01:00 INFO : Filtering template 31/96 segment 14/15
2026-09-06T21:14:31.998+01:00 INFO : 1 points above threshold
2026-09-06T21:14:32.001+01:00 INFO : Filtering template 31/96 segment 15/15
2026-09-06T21:14:32.010+01:00 INFO : 31: generating IMRPhenomD from 30.0 Hz
2026-09-06T21:14:32.012+01:00 INFO : Decompressing waveform using inline_linear
2026-09-06T21:14:32.014+01:00 INFO : Filtering template 32/96 segment 1/15
2026-09-06T21:14:32.024+01:00 INFO : Filtering template 32/96 segment 2/15
2026-09-06T21:14:32.032+01:00 INFO : Filtering template 32/96 segment 3/15
2026-09-06T21:14:32.041+01:00 INFO : Filtering template 32/96 segment 4/15
2026-09-06T21:14:32.049+01:00 INFO : Filtering template 32/96 segment 5/15
2026-09-06T21:14:32.058+01:00 INFO : Filtering template 32/96 segment 6/15
2026-09-06T21:14:32.066+01:00 INFO : Filtering template 32/96 segment 7/15
2026-09-06T21:14:32.075+01:00 INFO : Filtering template 32/96 segment 8/15
2026-09-06T21:14:32.083+01:00 INFO : Filtering template 32/96 segment 9/15
2026-09-06T21:14:32.091+01:00 INFO : Filtering template 32/96 segment 10/15
2026-09-06T21:14:32.100+01:00 INFO : 1 points above threshold
2026-09-06T21:14:32.107+01:00 INFO : Filtering template 32/96 segment 11/15
2026-09-06T21:14:32.115+01:00 INFO : 1 points above threshold
2026-09-06T21:14:32.118+01:00 INFO : Filtering template 32/96 segment 12/15
2026-09-06T21:14:32.126+01:00 INFO : 1 points above threshold
2026-09-06T21:14:32.129+01:00 INFO : Filtering template 32/96 segment 13/15
2026-09-06T21:14:32.137+01:00 INFO : 1 points above threshold
2026-09-06T21:14:32.140+01:00 INFO : Filtering template 32/96 segment 14/15
2026-09-06T21:14:32.148+01:00 INFO : 1 points above threshold
2026-09-06T21:14:32.151+01:00 INFO : Filtering template 32/96 segment 15/15
2026-09-06T21:14:32.160+01:00 INFO : 32: generating IMRPhenomD from 30.0 Hz
2026-09-06T21:14:32.162+01:00 INFO : Decompressing waveform using inline_linear
2026-09-06T21:14:32.164+01:00 INFO : Filtering template 33/96 segment 1/15
2026-09-06T21:14:32.174+01:00 INFO : Filtering template 33/96 segment 2/15
2026-09-06T21:14:32.182+01:00 INFO : 1 points above threshold
2026-09-06T21:14:32.189+01:00 INFO : Filtering template 33/96 segment 3/15
2026-09-06T21:14:32.198+01:00 INFO : 1 points above threshold
2026-09-06T21:14:32.200+01:00 INFO : Filtering template 33/96 segment 4/15
2026-09-06T21:14:32.209+01:00 INFO : Filtering template 33/96 segment 5/15
2026-09-06T21:14:32.217+01:00 INFO : Filtering template 33/96 segment 6/15
2026-09-06T21:14:32.226+01:00 INFO : Filtering template 33/96 segment 7/15
2026-09-06T21:14:32.234+01:00 INFO : Filtering template 33/96 segment 8/15
2026-09-06T21:14:32.242+01:00 INFO : Filtering template 33/96 segment 9/15
2026-09-06T21:14:32.251+01:00 INFO : Filtering template 33/96 segment 10/15
2026-09-06T21:14:32.259+01:00 INFO : Filtering template 33/96 segment 11/15
2026-09-06T21:14:32.268+01:00 INFO : Filtering template 33/96 segment 12/15
2026-09-06T21:14:32.276+01:00 INFO : 1 points above threshold
2026-09-06T21:14:32.279+01:00 INFO : Filtering template 33/96 segment 13/15
2026-09-06T21:14:32.287+01:00 INFO : Filtering template 33/96 segment 14/15
2026-09-06T21:14:32.296+01:00 INFO : Filtering template 33/96 segment 15/15
2026-09-06T21:14:32.304+01:00 INFO : 33: generating IMRPhenomD from 30.0 Hz
2026-09-06T21:14:32.306+01:00 INFO : Decompressing waveform using inline_linear
2026-09-06T21:14:32.309+01:00 INFO : Filtering template 34/96 segment 1/15
2026-09-06T21:14:32.319+01:00 INFO : Filtering template 34/96 segment 2/15
2026-09-06T21:14:32.327+01:00 INFO : Filtering template 34/96 segment 3/15
2026-09-06T21:14:32.336+01:00 INFO : Filtering template 34/96 segment 4/15
2026-09-06T21:14:32.344+01:00 INFO : 1 points above threshold
2026-09-06T21:14:32.351+01:00 INFO : Filtering template 34/96 segment 5/15
2026-09-06T21:14:32.359+01:00 INFO : Filtering template 34/96 segment 6/15
2026-09-06T21:14:32.368+01:00 INFO : Filtering template 34/96 segment 7/15
2026-09-06T21:14:32.376+01:00 INFO : Filtering template 34/96 segment 8/15
2026-09-06T21:14:32.385+01:00 INFO : 1 points above threshold
2026-09-06T21:14:32.387+01:00 INFO : Filtering template 34/96 segment 9/15
2026-09-06T21:14:32.396+01:00 INFO : Filtering template 34/96 segment 10/15
2026-09-06T21:14:32.404+01:00 INFO : Filtering template 34/96 segment 11/15
2026-09-06T21:14:32.413+01:00 INFO : Filtering template 34/96 segment 12/15
2026-09-06T21:14:32.421+01:00 INFO : Filtering template 34/96 segment 13/15
2026-09-06T21:14:32.429+01:00 INFO : 1 points above threshold
2026-09-06T21:14:32.432+01:00 INFO : Filtering template 34/96 segment 14/15
2026-09-06T21:14:32.440+01:00 INFO : Filtering template 34/96 segment 15/15
2026-09-06T21:14:32.449+01:00 INFO : 34: generating IMRPhenomD from 30.0 Hz
2026-09-06T21:14:32.451+01:00 INFO : Decompressing waveform using inline_linear
2026-09-06T21:14:32.454+01:00 INFO : Filtering template 35/96 segment 1/15
2026-09-06T21:14:32.463+01:00 INFO : 1 points above threshold
2026-09-06T21:14:32.470+01:00 INFO : Filtering template 35/96 segment 2/15
2026-09-06T21:14:32.479+01:00 INFO : Filtering template 35/96 segment 3/15
2026-09-06T21:14:32.487+01:00 INFO : Filtering template 35/96 segment 4/15
2026-09-06T21:14:32.496+01:00 INFO : Filtering template 35/96 segment 5/15
2026-09-06T21:14:32.504+01:00 INFO : 1 points above threshold
2026-09-06T21:14:32.507+01:00 INFO : Filtering template 35/96 segment 6/15
2026-09-06T21:14:32.515+01:00 INFO : Filtering template 35/96 segment 7/15
2026-09-06T21:14:32.524+01:00 INFO : 1 points above threshold
2026-09-06T21:14:32.526+01:00 INFO : Filtering template 35/96 segment 8/15
2026-09-06T21:14:32.535+01:00 INFO : Filtering template 35/96 segment 9/15
2026-09-06T21:14:32.543+01:00 INFO : Filtering template 35/96 segment 10/15
2026-09-06T21:14:32.551+01:00 INFO : Filtering template 35/96 segment 11/15
2026-09-06T21:14:32.560+01:00 INFO : Filtering template 35/96 segment 12/15
2026-09-06T21:14:32.568+01:00 INFO : Filtering template 35/96 segment 13/15
2026-09-06T21:14:32.577+01:00 INFO : Filtering template 35/96 segment 14/15
2026-09-06T21:14:32.585+01:00 INFO : Filtering template 35/96 segment 15/15
2026-09-06T21:14:32.594+01:00 INFO : 35: generating IMRPhenomD from 30.0 Hz
2026-09-06T21:14:32.596+01:00 INFO : Decompressing waveform using inline_linear
2026-09-06T21:14:32.598+01:00 INFO : Filtering template 36/96 segment 1/15
2026-09-06T21:14:32.608+01:00 INFO : 1 points above threshold
2026-09-06T21:14:32.615+01:00 INFO : Filtering template 36/96 segment 2/15
2026-09-06T21:14:32.623+01:00 INFO : 2 points above threshold
2026-09-06T21:14:32.627+01:00 INFO : Filtering template 36/96 segment 3/15
2026-09-06T21:14:32.635+01:00 INFO : Filtering template 36/96 segment 4/15
2026-09-06T21:14:32.644+01:00 INFO : 1 points above threshold
2026-09-06T21:14:32.647+01:00 INFO : Filtering template 36/96 segment 5/15
2026-09-06T21:14:32.655+01:00 INFO : Filtering template 36/96 segment 6/15
2026-09-06T21:14:32.663+01:00 INFO : Filtering template 36/96 segment 7/15
2026-09-06T21:14:32.672+01:00 INFO : Filtering template 36/96 segment 8/15
2026-09-06T21:14:32.680+01:00 INFO : 1 points above threshold
2026-09-06T21:14:32.683+01:00 INFO : Filtering template 36/96 segment 9/15
2026-09-06T21:14:32.691+01:00 INFO : 1 points above threshold
2026-09-06T21:14:32.694+01:00 INFO : Filtering template 36/96 segment 10/15
2026-09-06T21:14:32.702+01:00 INFO : Filtering template 36/96 segment 11/15
2026-09-06T21:14:32.711+01:00 INFO : Filtering template 36/96 segment 12/15
2026-09-06T21:14:32.719+01:00 INFO : Filtering template 36/96 segment 13/15
2026-09-06T21:14:32.728+01:00 INFO : Filtering template 36/96 segment 14/15
2026-09-06T21:14:32.736+01:00 INFO : 1 points above threshold
2026-09-06T21:14:32.739+01:00 INFO : Filtering template 36/96 segment 15/15
2026-09-06T21:14:32.748+01:00 INFO : 36: generating IMRPhenomD from 30.0 Hz
2026-09-06T21:14:32.750+01:00 INFO : Decompressing waveform using inline_linear
2026-09-06T21:14:32.752+01:00 INFO : Filtering template 37/96 segment 1/15
2026-09-06T21:14:32.762+01:00 INFO : 1 points above threshold
2026-09-06T21:14:32.769+01:00 INFO : Filtering template 37/96 segment 2/15
2026-09-06T21:14:32.777+01:00 INFO : 1 points above threshold
2026-09-06T21:14:32.780+01:00 INFO : Filtering template 37/96 segment 3/15
2026-09-06T21:14:32.788+01:00 INFO : Filtering template 37/96 segment 4/15
2026-09-06T21:14:32.797+01:00 INFO : 3 points above threshold
2026-09-06T21:14:32.801+01:00 INFO : Filtering template 37/96 segment 5/15
2026-09-06T21:14:32.810+01:00 INFO : Filtering template 37/96 segment 6/15
2026-09-06T21:14:32.818+01:00 INFO : Filtering template 37/96 segment 7/15
2026-09-06T21:14:32.827+01:00 INFO : Filtering template 37/96 segment 8/15
2026-09-06T21:14:32.835+01:00 INFO : 1 points above threshold
2026-09-06T21:14:32.838+01:00 INFO : Filtering template 37/96 segment 9/15
2026-09-06T21:14:32.846+01:00 INFO : Filtering template 37/96 segment 10/15
2026-09-06T21:14:32.855+01:00 INFO : Filtering template 37/96 segment 11/15
2026-09-06T21:14:32.863+01:00 INFO : 1 points above threshold
2026-09-06T21:14:32.866+01:00 INFO : Filtering template 37/96 segment 12/15
2026-09-06T21:14:32.874+01:00 INFO : 2 points above threshold
2026-09-06T21:14:32.878+01:00 INFO : Filtering template 37/96 segment 13/15
2026-09-06T21:14:32.886+01:00 INFO : Filtering template 37/96 segment 14/15
2026-09-06T21:14:32.894+01:00 INFO : Filtering template 37/96 segment 15/15
2026-09-06T21:14:32.903+01:00 INFO : 37: generating IMRPhenomD from 30.0 Hz
2026-09-06T21:14:32.906+01:00 INFO : Decompressing waveform using inline_linear
2026-09-06T21:14:32.908+01:00 INFO : Filtering template 38/96 segment 1/15
2026-09-06T21:14:32.918+01:00 INFO : Filtering template 38/96 segment 2/15
2026-09-06T21:14:32.926+01:00 INFO : Filtering template 38/96 segment 3/15
2026-09-06T21:14:32.934+01:00 INFO : Filtering template 38/96 segment 4/15
2026-09-06T21:14:32.943+01:00 INFO : Filtering template 38/96 segment 5/15
2026-09-06T21:14:32.951+01:00 INFO : Filtering template 38/96 segment 6/15
2026-09-06T21:14:32.960+01:00 INFO : Filtering template 38/96 segment 7/15
2026-09-06T21:14:32.968+01:00 INFO : Filtering template 38/96 segment 8/15
2026-09-06T21:14:32.976+01:00 INFO : 1 points above threshold
2026-09-06T21:14:32.983+01:00 INFO : Filtering template 38/96 segment 9/15
2026-09-06T21:14:32.992+01:00 INFO : Filtering template 38/96 segment 10/15
2026-09-06T21:14:33.000+01:00 INFO : Filtering template 38/96 segment 11/15
2026-09-06T21:14:33.009+01:00 INFO : Filtering template 38/96 segment 12/15
2026-09-06T21:14:33.017+01:00 INFO : 1 points above threshold
2026-09-06T21:14:33.020+01:00 INFO : Filtering template 38/96 segment 13/15
2026-09-06T21:14:33.028+01:00 INFO : Filtering template 38/96 segment 14/15
2026-09-06T21:14:33.037+01:00 INFO : 1 points above threshold
2026-09-06T21:14:33.039+01:00 INFO : Filtering template 38/96 segment 15/15
2026-09-06T21:14:33.048+01:00 INFO : 38: generating IMRPhenomD from 30.0 Hz
2026-09-06T21:14:33.050+01:00 INFO : Decompressing waveform using inline_linear
2026-09-06T21:14:33.053+01:00 INFO : Filtering template 39/96 segment 1/15
2026-09-06T21:14:33.062+01:00 INFO : Filtering template 39/96 segment 2/15
2026-09-06T21:14:33.071+01:00 INFO : Filtering template 39/96 segment 3/15
2026-09-06T21:14:33.079+01:00 INFO : Filtering template 39/96 segment 4/15
2026-09-06T21:14:33.087+01:00 INFO : Filtering template 39/96 segment 5/15
2026-09-06T21:14:33.096+01:00 INFO : Filtering template 39/96 segment 6/15
2026-09-06T21:14:33.104+01:00 INFO : 2 points above threshold
2026-09-06T21:14:33.112+01:00 INFO : Filtering template 39/96 segment 7/15
2026-09-06T21:14:33.121+01:00 INFO : Filtering template 39/96 segment 8/15
2026-09-06T21:14:33.129+01:00 INFO : Filtering template 39/96 segment 9/15
2026-09-06T21:14:33.137+01:00 INFO : Filtering template 39/96 segment 10/15
2026-09-06T21:14:33.146+01:00 INFO : 1 points above threshold
2026-09-06T21:14:33.148+01:00 INFO : Filtering template 39/96 segment 11/15
2026-09-06T21:14:33.157+01:00 INFO : 1 points above threshold
2026-09-06T21:14:33.159+01:00 INFO : Filtering template 39/96 segment 12/15
2026-09-06T21:14:33.168+01:00 INFO : Filtering template 39/96 segment 13/15
2026-09-06T21:14:33.176+01:00 INFO : Filtering template 39/96 segment 14/15
2026-09-06T21:14:33.185+01:00 INFO : Filtering template 39/96 segment 15/15
2026-09-06T21:14:33.193+01:00 INFO : 39: generating IMRPhenomD from 30.0 Hz
2026-09-06T21:14:33.195+01:00 INFO : Decompressing waveform using inline_linear
2026-09-06T21:14:33.198+01:00 INFO : Filtering template 40/96 segment 1/15
2026-09-06T21:14:33.208+01:00 INFO : Filtering template 40/96 segment 2/15
2026-09-06T21:14:33.216+01:00 INFO : Filtering template 40/96 segment 3/15
2026-09-06T21:14:33.224+01:00 INFO : Filtering template 40/96 segment 4/15
2026-09-06T21:14:33.233+01:00 INFO : Filtering template 40/96 segment 5/15
2026-09-06T21:14:33.241+01:00 INFO : Filtering template 40/96 segment 6/15
2026-09-06T21:14:33.250+01:00 INFO : Filtering template 40/96 segment 7/15
2026-09-06T21:14:33.258+01:00 INFO : Filtering template 40/96 segment 8/15
2026-09-06T21:14:33.267+01:00 INFO : Filtering template 40/96 segment 9/15
2026-09-06T21:14:33.275+01:00 INFO : Filtering template 40/96 segment 10/15
2026-09-06T21:14:33.283+01:00 INFO : 1 points above threshold
2026-09-06T21:14:33.290+01:00 INFO : Filtering template 40/96 segment 11/15
2026-09-06T21:14:33.299+01:00 INFO : 1 points above threshold
2026-09-06T21:14:33.301+01:00 INFO : Filtering template 40/96 segment 12/15
2026-09-06T21:14:33.310+01:00 INFO : Filtering template 40/96 segment 13/15
2026-09-06T21:14:33.318+01:00 INFO : Filtering template 40/96 segment 14/15
2026-09-06T21:14:33.327+01:00 INFO : Filtering template 40/96 segment 15/15
2026-09-06T21:14:33.335+01:00 INFO : 40: generating IMRPhenomD from 30.0 Hz
2026-09-06T21:14:33.337+01:00 INFO : Decompressing waveform using inline_linear
2026-09-06T21:14:33.340+01:00 INFO : Filtering template 41/96 segment 1/15
2026-09-06T21:14:33.349+01:00 INFO : Filtering template 41/96 segment 2/15
2026-09-06T21:14:33.358+01:00 INFO : Filtering template 41/96 segment 3/15
2026-09-06T21:14:33.366+01:00 INFO : Filtering template 41/96 segment 4/15
2026-09-06T21:14:33.375+01:00 INFO : Filtering template 41/96 segment 5/15
2026-09-06T21:14:33.383+01:00 INFO : Filtering template 41/96 segment 6/15
2026-09-06T21:14:33.392+01:00 INFO : Filtering template 41/96 segment 7/15
2026-09-06T21:14:33.400+01:00 INFO : 2 points above threshold
2026-09-06T21:14:33.408+01:00 INFO : Filtering template 41/96 segment 8/15
2026-09-06T21:14:33.416+01:00 INFO : Filtering template 41/96 segment 9/15
2026-09-06T21:14:33.425+01:00 INFO : Filtering template 41/96 segment 10/15
2026-09-06T21:14:33.433+01:00 INFO : 2 points above threshold
2026-09-06T21:14:33.437+01:00 INFO : Filtering template 41/96 segment 11/15
2026-09-06T21:14:33.445+01:00 INFO : Filtering template 41/96 segment 12/15
2026-09-06T21:14:33.454+01:00 INFO : Filtering template 41/96 segment 13/15
2026-09-06T21:14:33.462+01:00 INFO : Filtering template 41/96 segment 14/15
2026-09-06T21:14:33.470+01:00 INFO : Filtering template 41/96 segment 15/15
2026-09-06T21:14:33.479+01:00 INFO : 41: generating IMRPhenomD from 30.0 Hz
2026-09-06T21:14:33.481+01:00 INFO : Decompressing waveform using inline_linear
2026-09-06T21:14:33.484+01:00 INFO : Filtering template 42/96 segment 1/15
2026-09-06T21:14:33.493+01:00 INFO : Filtering template 42/96 segment 2/15
2026-09-06T21:14:33.502+01:00 INFO : Filtering template 42/96 segment 3/15
2026-09-06T21:14:33.510+01:00 INFO : Filtering template 42/96 segment 4/15
2026-09-06T21:14:33.519+01:00 INFO : Filtering template 42/96 segment 5/15
2026-09-06T21:14:33.527+01:00 INFO : Filtering template 42/96 segment 6/15
2026-09-06T21:14:33.535+01:00 INFO : 2 points above threshold
2026-09-06T21:14:33.543+01:00 INFO : Filtering template 42/96 segment 7/15
2026-09-06T21:14:33.552+01:00 INFO : Filtering template 42/96 segment 8/15
2026-09-06T21:14:33.560+01:00 INFO : Filtering template 42/96 segment 9/15
2026-09-06T21:14:33.569+01:00 INFO : Filtering template 42/96 segment 10/15
2026-09-06T21:14:33.577+01:00 INFO : Filtering template 42/96 segment 11/15
2026-09-06T21:14:33.586+01:00 INFO : Filtering template 42/96 segment 12/15
2026-09-06T21:14:33.594+01:00 INFO : 1 points above threshold
2026-09-06T21:14:33.597+01:00 INFO : Filtering template 42/96 segment 13/15
2026-09-06T21:14:33.605+01:00 INFO : Filtering template 42/96 segment 14/15
2026-09-06T21:14:33.613+01:00 INFO : 1 points above threshold
2026-09-06T21:14:33.616+01:00 INFO : Filtering template 42/96 segment 15/15
2026-09-06T21:14:33.625+01:00 INFO : 42: generating IMRPhenomD from 30.0 Hz
2026-09-06T21:14:33.627+01:00 INFO : Decompressing waveform using inline_linear
2026-09-06T21:14:33.629+01:00 INFO : Filtering template 43/96 segment 1/15
2026-09-06T21:14:33.639+01:00 INFO : Filtering template 43/96 segment 2/15
2026-09-06T21:14:33.647+01:00 INFO : Filtering template 43/96 segment 3/15
2026-09-06T21:14:33.656+01:00 INFO : 1 points above threshold
2026-09-06T21:14:33.663+01:00 INFO : Filtering template 43/96 segment 4/15
2026-09-06T21:14:33.671+01:00 INFO : 1 points above threshold
2026-09-06T21:14:33.674+01:00 INFO : Filtering template 43/96 segment 5/15
2026-09-06T21:14:33.682+01:00 INFO : Filtering template 43/96 segment 6/15
2026-09-06T21:14:33.691+01:00 INFO : 1 points above threshold
2026-09-06T21:14:33.693+01:00 INFO : Filtering template 43/96 segment 7/15
2026-09-06T21:14:33.702+01:00 INFO : 1 points above threshold
2026-09-06T21:14:33.704+01:00 INFO : Filtering template 43/96 segment 8/15
2026-09-06T21:14:33.713+01:00 INFO : Filtering template 43/96 segment 9/15
2026-09-06T21:14:33.721+01:00 INFO : Filtering template 43/96 segment 10/15
2026-09-06T21:14:33.729+01:00 INFO : Filtering template 43/96 segment 11/15
2026-09-06T21:14:33.738+01:00 INFO : Filtering template 43/96 segment 12/15
2026-09-06T21:14:33.746+01:00 INFO : Filtering template 43/96 segment 13/15
2026-09-06T21:14:33.755+01:00 INFO : Filtering template 43/96 segment 14/15
2026-09-06T21:14:33.763+01:00 INFO : Filtering template 43/96 segment 15/15
2026-09-06T21:14:33.772+01:00 INFO : 43: generating IMRPhenomD from 30.0 Hz
2026-09-06T21:14:33.774+01:00 INFO : Decompressing waveform using inline_linear
2026-09-06T21:14:33.777+01:00 INFO : Filtering template 44/96 segment 1/15
2026-09-06T21:14:33.786+01:00 INFO : 1 points above threshold
2026-09-06T21:14:33.793+01:00 INFO : Filtering template 44/96 segment 2/15
2026-09-06T21:14:33.802+01:00 INFO : Filtering template 44/96 segment 3/15
2026-09-06T21:14:33.810+01:00 INFO : Filtering template 44/96 segment 4/15
2026-09-06T21:14:33.818+01:00 INFO : Filtering template 44/96 segment 5/15
2026-09-06T21:14:33.827+01:00 INFO : Filtering template 44/96 segment 6/15
2026-09-06T21:14:33.835+01:00 INFO : Filtering template 44/96 segment 7/15
2026-09-06T21:14:33.844+01:00 INFO : Filtering template 44/96 segment 8/15
2026-09-06T21:14:33.852+01:00 INFO : Filtering template 44/96 segment 9/15
2026-09-06T21:14:33.860+01:00 INFO : Filtering template 44/96 segment 10/15
2026-09-06T21:14:33.869+01:00 INFO : 1 points above threshold
2026-09-06T21:14:33.872+01:00 INFO : Filtering template 44/96 segment 11/15
2026-09-06T21:14:33.880+01:00 INFO : Filtering template 44/96 segment 12/15
2026-09-06T21:14:33.889+01:00 INFO : Filtering template 44/96 segment 13/15
2026-09-06T21:14:33.897+01:00 INFO : Filtering template 44/96 segment 14/15
2026-09-06T21:14:33.906+01:00 INFO : Filtering template 44/96 segment 15/15
2026-09-06T21:14:33.915+01:00 INFO : 44: generating IMRPhenomD from 30.0 Hz
2026-09-06T21:14:33.917+01:00 INFO : Decompressing waveform using inline_linear
2026-09-06T21:14:33.919+01:00 INFO : Filtering template 45/96 segment 1/15
2026-09-06T21:14:33.929+01:00 INFO : 1 points above threshold
2026-09-06T21:14:33.936+01:00 INFO : Filtering template 45/96 segment 2/15
2026-09-06T21:14:33.945+01:00 INFO : 1 points above threshold
2026-09-06T21:14:33.947+01:00 INFO : Filtering template 45/96 segment 3/15
2026-09-06T21:14:33.956+01:00 INFO : Filtering template 45/96 segment 4/15
2026-09-06T21:14:33.964+01:00 INFO : Filtering template 45/96 segment 5/15
2026-09-06T21:14:33.972+01:00 INFO : 1 points above threshold
2026-09-06T21:14:33.975+01:00 INFO : Filtering template 45/96 segment 6/15
2026-09-06T21:14:33.983+01:00 INFO : Filtering template 45/96 segment 7/15
2026-09-06T21:14:33.992+01:00 INFO : Filtering template 45/96 segment 8/15
2026-09-06T21:14:34.000+01:00 INFO : Filtering template 45/96 segment 9/15
2026-09-06T21:14:34.009+01:00 INFO : 1 points above threshold
2026-09-06T21:14:34.012+01:00 INFO : Filtering template 45/96 segment 10/15
2026-09-06T21:14:34.020+01:00 INFO : Filtering template 45/96 segment 11/15
2026-09-06T21:14:34.028+01:00 INFO : Filtering template 45/96 segment 12/15
2026-09-06T21:14:34.037+01:00 INFO : Filtering template 45/96 segment 13/15
2026-09-06T21:14:34.045+01:00 INFO : Filtering template 45/96 segment 14/15
2026-09-06T21:14:34.054+01:00 INFO : Filtering template 45/96 segment 15/15
2026-09-06T21:14:34.062+01:00 INFO : 45: generating IMRPhenomD from 30.0 Hz
2026-09-06T21:14:34.065+01:00 INFO : Decompressing waveform using inline_linear
2026-09-06T21:14:34.067+01:00 INFO : Filtering template 46/96 segment 1/15
2026-09-06T21:14:34.077+01:00 INFO : Filtering template 46/96 segment 2/15
2026-09-06T21:14:34.085+01:00 INFO : Filtering template 46/96 segment 3/15
2026-09-06T21:14:34.094+01:00 INFO : Filtering template 46/96 segment 4/15
2026-09-06T21:14:34.102+01:00 INFO : Filtering template 46/96 segment 5/15
2026-09-06T21:14:34.110+01:00 INFO : Filtering template 46/96 segment 6/15
2026-09-06T21:14:34.119+01:00 INFO : Filtering template 46/96 segment 7/15
2026-09-06T21:14:34.127+01:00 INFO : Filtering template 46/96 segment 8/15
2026-09-06T21:14:34.136+01:00 INFO : 1 points above threshold
2026-09-06T21:14:34.144+01:00 INFO : Filtering template 46/96 segment 9/15
2026-09-06T21:14:34.152+01:00 INFO : Filtering template 46/96 segment 10/15
2026-09-06T21:14:34.161+01:00 INFO : Filtering template 46/96 segment 11/15
2026-09-06T21:14:34.169+01:00 INFO : 2 points above threshold
2026-09-06T21:14:34.173+01:00 INFO : Filtering template 46/96 segment 12/15
2026-09-06T21:14:34.181+01:00 INFO : 2 points above threshold
2026-09-06T21:14:34.185+01:00 INFO : Filtering template 46/96 segment 13/15
2026-09-06T21:14:34.193+01:00 INFO : Filtering template 46/96 segment 14/15
2026-09-06T21:14:34.202+01:00 INFO : 1 points above threshold
2026-09-06T21:14:34.204+01:00 INFO : Filtering template 46/96 segment 15/15
2026-09-06T21:14:34.213+01:00 INFO : 46: generating IMRPhenomD from 30.0 Hz
2026-09-06T21:14:34.215+01:00 INFO : Decompressing waveform using inline_linear
2026-09-06T21:14:34.218+01:00 INFO : Filtering template 47/96 segment 1/15
2026-09-06T21:14:34.227+01:00 INFO : 3 points above threshold
2026-09-06T21:14:34.237+01:00 INFO : Filtering template 47/96 segment 2/15
2026-09-06T21:14:34.246+01:00 INFO : Filtering template 47/96 segment 3/15
2026-09-06T21:14:34.254+01:00 INFO : Filtering template 47/96 segment 4/15
2026-09-06T21:14:34.263+01:00 INFO : Filtering template 47/96 segment 5/15
2026-09-06T21:14:34.271+01:00 INFO : Filtering template 47/96 segment 6/15
2026-09-06T21:14:34.280+01:00 INFO : Filtering template 47/96 segment 7/15
2026-09-06T21:14:34.288+01:00 INFO : Filtering template 47/96 segment 8/15
2026-09-06T21:14:34.296+01:00 INFO : 1 points above threshold
2026-09-06T21:14:34.299+01:00 INFO : Filtering template 47/96 segment 9/15
2026-09-06T21:14:34.307+01:00 INFO : 1 points above threshold
2026-09-06T21:14:34.310+01:00 INFO : Filtering template 47/96 segment 10/15
2026-09-06T21:14:34.319+01:00 INFO : 1 points above threshold
2026-09-06T21:14:34.322+01:00 INFO : Filtering template 47/96 segment 11/15
2026-09-06T21:14:34.330+01:00 INFO : Filtering template 47/96 segment 12/15
2026-09-06T21:14:34.338+01:00 INFO : Filtering template 47/96 segment 13/15
2026-09-06T21:14:34.347+01:00 INFO : 1 points above threshold
2026-09-06T21:14:34.350+01:00 INFO : Filtering template 47/96 segment 14/15
2026-09-06T21:14:34.358+01:00 INFO : Filtering template 47/96 segment 15/15
2026-09-06T21:14:34.367+01:00 INFO : 47: generating IMRPhenomD from 30.0 Hz
2026-09-06T21:14:34.369+01:00 INFO : Decompressing waveform using inline_linear
2026-09-06T21:14:34.371+01:00 INFO : Filtering template 48/96 segment 1/15
2026-09-06T21:14:34.381+01:00 INFO : 2 points above threshold
2026-09-06T21:14:34.390+01:00 INFO : Filtering template 48/96 segment 2/15
2026-09-06T21:14:34.399+01:00 INFO : Filtering template 48/96 segment 3/15
2026-09-06T21:14:34.407+01:00 INFO : 1 points above threshold
2026-09-06T21:14:34.410+01:00 INFO : Filtering template 48/96 segment 4/15
2026-09-06T21:14:34.418+01:00 INFO : Filtering template 48/96 segment 5/15
2026-09-06T21:14:34.426+01:00 INFO : 1 points above threshold
2026-09-06T21:14:34.429+01:00 INFO : Filtering template 48/96 segment 6/15
2026-09-06T21:14:34.437+01:00 INFO : Filtering template 48/96 segment 7/15
2026-09-06T21:14:34.446+01:00 INFO : 1 points above threshold
2026-09-06T21:14:34.449+01:00 INFO : Filtering template 48/96 segment 8/15
2026-09-06T21:14:34.457+01:00 INFO : Filtering template 48/96 segment 9/15
2026-09-06T21:14:34.465+01:00 INFO : Filtering template 48/96 segment 10/15
2026-09-06T21:14:34.474+01:00 INFO : 1 points above threshold
2026-09-06T21:14:34.477+01:00 INFO : Filtering template 48/96 segment 11/15
2026-09-06T21:14:34.485+01:00 INFO : Filtering template 48/96 segment 12/15
2026-09-06T21:14:34.493+01:00 INFO : 1 points above threshold
2026-09-06T21:14:34.496+01:00 INFO : Filtering template 48/96 segment 13/15
2026-09-06T21:14:34.504+01:00 INFO : 1 points above threshold
2026-09-06T21:14:34.507+01:00 INFO : Filtering template 48/96 segment 14/15
2026-09-06T21:14:34.515+01:00 INFO : Filtering template 48/96 segment 15/15
2026-09-06T21:14:34.524+01:00 INFO : 48: generating IMRPhenomD from 30.0 Hz
2026-09-06T21:14:34.526+01:00 INFO : Decompressing waveform using inline_linear
2026-09-06T21:14:34.529+01:00 INFO : Filtering template 49/96 segment 1/15
2026-09-06T21:14:34.538+01:00 INFO : Filtering template 49/96 segment 2/15
2026-09-06T21:14:34.547+01:00 INFO : Filtering template 49/96 segment 3/15
2026-09-06T21:14:34.555+01:00 INFO : 1 points above threshold
2026-09-06T21:14:34.564+01:00 INFO : Filtering template 49/96 segment 4/15
2026-09-06T21:14:34.572+01:00 INFO : Filtering template 49/96 segment 5/15
2026-09-06T21:14:34.580+01:00 INFO : Filtering template 49/96 segment 6/15
2026-09-06T21:14:34.589+01:00 INFO : 1 points above threshold
2026-09-06T21:14:34.592+01:00 INFO : Filtering template 49/96 segment 7/15
2026-09-06T21:14:34.600+01:00 INFO : 1 points above threshold
2026-09-06T21:14:34.603+01:00 INFO : Filtering template 49/96 segment 8/15
2026-09-06T21:14:34.611+01:00 INFO : 1 points above threshold
2026-09-06T21:14:34.614+01:00 INFO : Filtering template 49/96 segment 9/15
2026-09-06T21:14:34.622+01:00 INFO : Filtering template 49/96 segment 10/15
2026-09-06T21:14:34.630+01:00 INFO : Filtering template 49/96 segment 11/15
2026-09-06T21:14:34.639+01:00 INFO : Filtering template 49/96 segment 12/15
2026-09-06T21:14:34.647+01:00 INFO : Filtering template 49/96 segment 13/15
2026-09-06T21:14:34.656+01:00 INFO : Filtering template 49/96 segment 14/15
2026-09-06T21:14:34.664+01:00 INFO : Filtering template 49/96 segment 15/15
2026-09-06T21:14:34.673+01:00 INFO : 49: generating IMRPhenomD from 30.0 Hz
2026-09-06T21:14:34.675+01:00 INFO : Decompressing waveform using inline_linear
2026-09-06T21:14:34.677+01:00 INFO : Filtering template 50/96 segment 1/15
2026-09-06T21:14:34.687+01:00 INFO : Filtering template 50/96 segment 2/15
2026-09-06T21:14:34.695+01:00 INFO : Filtering template 50/96 segment 3/15
2026-09-06T21:14:34.704+01:00 INFO : Filtering template 50/96 segment 4/15
2026-09-06T21:14:34.712+01:00 INFO : 1 points above threshold
2026-09-06T21:14:34.720+01:00 INFO : Filtering template 50/96 segment 5/15
2026-09-06T21:14:34.729+01:00 INFO : Filtering template 50/96 segment 6/15
2026-09-06T21:14:34.737+01:00 INFO : 1 points above threshold
2026-09-06T21:14:34.740+01:00 INFO : Filtering template 50/96 segment 7/15
2026-09-06T21:14:34.748+01:00 INFO : 2 points above threshold
2026-09-06T21:14:34.752+01:00 INFO : Filtering template 50/96 segment 8/15
2026-09-06T21:14:34.760+01:00 INFO : Filtering template 50/96 segment 9/15
2026-09-06T21:14:34.769+01:00 INFO : 2 points above threshold
2026-09-06T21:14:34.772+01:00 INFO : Filtering template 50/96 segment 10/15
2026-09-06T21:14:34.781+01:00 INFO : 1 points above threshold
2026-09-06T21:14:34.783+01:00 INFO : Filtering template 50/96 segment 11/15
2026-09-06T21:14:34.792+01:00 INFO : 1 points above threshold
2026-09-06T21:14:34.794+01:00 INFO : Filtering template 50/96 segment 12/15
2026-09-06T21:14:34.803+01:00 INFO : Filtering template 50/96 segment 13/15
2026-09-06T21:14:34.811+01:00 INFO : Filtering template 50/96 segment 14/15
2026-09-06T21:14:34.820+01:00 INFO : Filtering template 50/96 segment 15/15
2026-09-06T21:14:34.828+01:00 INFO : 50: generating IMRPhenomD from 30.0 Hz
2026-09-06T21:14:34.831+01:00 INFO : Decompressing waveform using inline_linear
2026-09-06T21:14:34.833+01:00 INFO : Filtering template 51/96 segment 1/15
2026-09-06T21:14:34.843+01:00 INFO : Filtering template 51/96 segment 2/15
2026-09-06T21:14:34.851+01:00 INFO : Filtering template 51/96 segment 3/15
2026-09-06T21:14:34.859+01:00 INFO : 1 points above threshold
2026-09-06T21:14:34.868+01:00 INFO : Filtering template 51/96 segment 4/15
2026-09-06T21:14:34.876+01:00 INFO : Filtering template 51/96 segment 5/15
2026-09-06T21:14:34.885+01:00 INFO : 1 points above threshold
2026-09-06T21:14:34.887+01:00 INFO : Filtering template 51/96 segment 6/15
2026-09-06T21:14:34.896+01:00 INFO : Filtering template 51/96 segment 7/15
2026-09-06T21:14:34.904+01:00 INFO : Filtering template 51/96 segment 8/15
2026-09-06T21:14:34.913+01:00 INFO : Filtering template 51/96 segment 9/15
2026-09-06T21:14:34.921+01:00 INFO : Filtering template 51/96 segment 10/15
2026-09-06T21:14:34.929+01:00 INFO : 1 points above threshold
2026-09-06T21:14:34.932+01:00 INFO : Filtering template 51/96 segment 11/15
2026-09-06T21:14:34.941+01:00 INFO : Filtering template 51/96 segment 12/15
2026-09-06T21:14:34.949+01:00 INFO : Filtering template 51/96 segment 13/15
2026-09-06T21:14:34.957+01:00 INFO : 2 points above threshold
2026-09-06T21:14:34.961+01:00 INFO : Filtering template 51/96 segment 14/15
2026-09-06T21:14:34.969+01:00 INFO : Filtering template 51/96 segment 15/15
2026-09-06T21:14:34.978+01:00 INFO : 51: generating IMRPhenomD from 30.0 Hz
2026-09-06T21:14:34.980+01:00 INFO : Decompressing waveform using inline_linear
2026-09-06T21:14:34.983+01:00 INFO : Filtering template 52/96 segment 1/15
2026-09-06T21:14:34.992+01:00 INFO : Filtering template 52/96 segment 2/15
2026-09-06T21:14:35.001+01:00 INFO : Filtering template 52/96 segment 3/15
2026-09-06T21:14:35.009+01:00 INFO : 1 points above threshold
2026-09-06T21:14:35.018+01:00 INFO : Filtering template 52/96 segment 4/15
2026-09-06T21:14:35.026+01:00 INFO : Filtering template 52/96 segment 5/15
2026-09-06T21:14:35.034+01:00 INFO : Filtering template 52/96 segment 6/15
2026-09-06T21:14:35.043+01:00 INFO : 1 points above threshold
2026-09-06T21:14:35.046+01:00 INFO : Filtering template 52/96 segment 7/15
2026-09-06T21:14:35.054+01:00 INFO : Filtering template 52/96 segment 8/15
2026-09-06T21:14:35.062+01:00 INFO : Filtering template 52/96 segment 9/15
2026-09-06T21:14:35.071+01:00 INFO : Filtering template 52/96 segment 10/15
2026-09-06T21:14:35.079+01:00 INFO : 1 points above threshold
2026-09-06T21:14:35.082+01:00 INFO : Filtering template 52/96 segment 11/15
2026-09-06T21:14:35.090+01:00 INFO : Filtering template 52/96 segment 12/15
2026-09-06T21:14:35.098+01:00 INFO : 2 points above threshold
2026-09-06T21:14:35.102+01:00 INFO : Filtering template 52/96 segment 13/15
2026-09-06T21:14:35.110+01:00 INFO : 1 points above threshold
2026-09-06T21:14:35.113+01:00 INFO : Filtering template 52/96 segment 14/15
2026-09-06T21:14:35.121+01:00 INFO : Filtering template 52/96 segment 15/15
2026-09-06T21:14:35.130+01:00 INFO : 52: generating IMRPhenomD from 30.0 Hz
2026-09-06T21:14:35.132+01:00 INFO : Decompressing waveform using inline_linear
2026-09-06T21:14:35.135+01:00 INFO : Filtering template 53/96 segment 1/15
2026-09-06T21:14:35.144+01:00 INFO : 2 points above threshold
2026-09-06T21:14:35.154+01:00 INFO : Filtering template 53/96 segment 2/15
2026-09-06T21:14:35.162+01:00 INFO : Filtering template 53/96 segment 3/15
2026-09-06T21:14:35.171+01:00 INFO : 1 points above threshold
2026-09-06T21:14:35.173+01:00 INFO : Filtering template 53/96 segment 4/15
2026-09-06T21:14:35.182+01:00 INFO : 1 points above threshold
2026-09-06T21:14:35.184+01:00 INFO : Filtering template 53/96 segment 5/15
2026-09-06T21:14:35.193+01:00 INFO : Filtering template 53/96 segment 6/15
2026-09-06T21:14:35.201+01:00 INFO : 1 points above threshold
2026-09-06T21:14:35.204+01:00 INFO : Filtering template 53/96 segment 7/15
2026-09-06T21:14:35.212+01:00 INFO : 1 points above threshold
2026-09-06T21:14:35.215+01:00 INFO : Filtering template 53/96 segment 8/15
2026-09-06T21:14:35.223+01:00 INFO : 1 points above threshold
2026-09-06T21:14:35.226+01:00 INFO : Filtering template 53/96 segment 9/15
2026-09-06T21:14:35.234+01:00 INFO : Filtering template 53/96 segment 10/15
2026-09-06T21:14:35.243+01:00 INFO : Filtering template 53/96 segment 11/15
2026-09-06T21:14:35.251+01:00 INFO : Filtering template 53/96 segment 12/15
2026-09-06T21:14:35.259+01:00 INFO : 1 points above threshold
2026-09-06T21:14:35.262+01:00 INFO : Filtering template 53/96 segment 13/15
2026-09-06T21:14:35.270+01:00 INFO : 1 points above threshold
2026-09-06T21:14:35.273+01:00 INFO : Filtering template 53/96 segment 14/15
2026-09-06T21:14:35.282+01:00 INFO : Filtering template 53/96 segment 15/15
2026-09-06T21:14:35.290+01:00 INFO : 53: generating IMRPhenomD from 30.0 Hz
2026-09-06T21:14:35.292+01:00 INFO : Decompressing waveform using inline_linear
2026-09-06T21:14:35.295+01:00 INFO : Filtering template 54/96 segment 1/15
2026-09-06T21:14:35.305+01:00 INFO : Filtering template 54/96 segment 2/15
2026-09-06T21:14:35.313+01:00 INFO : Filtering template 54/96 segment 3/15
2026-09-06T21:14:35.321+01:00 INFO : Filtering template 54/96 segment 4/15
2026-09-06T21:14:35.330+01:00 INFO : Filtering template 54/96 segment 5/15
2026-09-06T21:14:35.338+01:00 INFO : Filtering template 54/96 segment 6/15
2026-09-06T21:14:35.347+01:00 INFO : Filtering template 54/96 segment 7/15
2026-09-06T21:14:35.355+01:00 INFO : 2 points above threshold
2026-09-06T21:14:35.364+01:00 INFO : Filtering template 54/96 segment 8/15
2026-09-06T21:14:35.373+01:00 INFO : Filtering template 54/96 segment 9/15
2026-09-06T21:14:35.381+01:00 INFO : Filtering template 54/96 segment 10/15
2026-09-06T21:14:35.390+01:00 INFO : 2 points above threshold
2026-09-06T21:14:35.393+01:00 INFO : Filtering template 54/96 segment 11/15
2026-09-06T21:14:35.402+01:00 INFO : 2 points above threshold
2026-09-06T21:14:35.405+01:00 INFO : Filtering template 54/96 segment 12/15
2026-09-06T21:14:35.414+01:00 INFO : 1 points above threshold
2026-09-06T21:14:35.416+01:00 INFO : Filtering template 54/96 segment 13/15
2026-09-06T21:14:35.425+01:00 INFO : Filtering template 54/96 segment 14/15
2026-09-06T21:14:35.433+01:00 INFO : Filtering template 54/96 segment 15/15
2026-09-06T21:14:35.442+01:00 INFO : 54: generating IMRPhenomD from 30.0 Hz
2026-09-06T21:14:35.444+01:00 INFO : Decompressing waveform using inline_linear
2026-09-06T21:14:35.447+01:00 INFO : Filtering template 55/96 segment 1/15
2026-09-06T21:14:35.456+01:00 INFO : Filtering template 55/96 segment 2/15
2026-09-06T21:14:35.465+01:00 INFO : Filtering template 55/96 segment 3/15
2026-09-06T21:14:35.473+01:00 INFO : Filtering template 55/96 segment 4/15
2026-09-06T21:14:35.481+01:00 INFO : Filtering template 55/96 segment 5/15
2026-09-06T21:14:35.490+01:00 INFO : 1 points above threshold
2026-09-06T21:14:35.498+01:00 INFO : Filtering template 55/96 segment 6/15
2026-09-06T21:14:35.507+01:00 INFO : Filtering template 55/96 segment 7/15
2026-09-06T21:14:35.515+01:00 INFO : 2 points above threshold
2026-09-06T21:14:35.519+01:00 INFO : Filtering template 55/96 segment 8/15
2026-09-06T21:14:35.527+01:00 INFO : Filtering template 55/96 segment 9/15
2026-09-06T21:14:35.536+01:00 INFO : 1 points above threshold
2026-09-06T21:14:35.538+01:00 INFO : Filtering template 55/96 segment 10/15
2026-09-06T21:14:35.547+01:00 INFO : Filtering template 55/96 segment 11/15
2026-09-06T21:14:35.555+01:00 INFO : 1 points above threshold
2026-09-06T21:14:35.558+01:00 INFO : Filtering template 55/96 segment 12/15
2026-09-06T21:14:35.566+01:00 INFO : Filtering template 55/96 segment 13/15
2026-09-06T21:14:35.574+01:00 INFO : 1 points above threshold
2026-09-06T21:14:35.577+01:00 INFO : Filtering template 55/96 segment 14/15
2026-09-06T21:14:35.586+01:00 INFO : Filtering template 55/96 segment 15/15
2026-09-06T21:14:35.594+01:00 INFO : 55: generating IMRPhenomD from 30.0 Hz
2026-09-06T21:14:35.596+01:00 INFO : Decompressing waveform using inline_linear
2026-09-06T21:14:35.599+01:00 INFO : Filtering template 56/96 segment 1/15
2026-09-06T21:14:35.609+01:00 INFO : 1 points above threshold
2026-09-06T21:14:35.617+01:00 INFO : Filtering template 56/96 segment 2/15
2026-09-06T21:14:35.626+01:00 INFO : Filtering template 56/96 segment 3/15
2026-09-06T21:14:35.634+01:00 INFO : Filtering template 56/96 segment 4/15
2026-09-06T21:14:35.642+01:00 INFO : 1 points above threshold
2026-09-06T21:14:35.645+01:00 INFO : Filtering template 56/96 segment 5/15
2026-09-06T21:14:35.653+01:00 INFO : Filtering template 56/96 segment 6/15
2026-09-06T21:14:35.662+01:00 INFO : Filtering template 56/96 segment 7/15
2026-09-06T21:14:35.670+01:00 INFO : 2 points above threshold
2026-09-06T21:14:35.674+01:00 INFO : Filtering template 56/96 segment 8/15
2026-09-06T21:14:35.682+01:00 INFO : Filtering template 56/96 segment 9/15
2026-09-06T21:14:35.691+01:00 INFO : 1 points above threshold
2026-09-06T21:14:35.693+01:00 INFO : Filtering template 56/96 segment 10/15
2026-09-06T21:14:35.702+01:00 INFO : Filtering template 56/96 segment 11/15
2026-09-06T21:14:35.710+01:00 INFO : Filtering template 56/96 segment 12/15
2026-09-06T21:14:35.718+01:00 INFO : Filtering template 56/96 segment 13/15
2026-09-06T21:14:35.727+01:00 INFO : 1 points above threshold
2026-09-06T21:14:35.730+01:00 INFO : Filtering template 56/96 segment 14/15
2026-09-06T21:14:35.738+01:00 INFO : Filtering template 56/96 segment 15/15
2026-09-06T21:14:35.747+01:00 INFO : 56: generating IMRPhenomD from 30.0 Hz
2026-09-06T21:14:35.749+01:00 INFO : Decompressing waveform using inline_linear
2026-09-06T21:14:35.752+01:00 INFO : Filtering template 57/96 segment 1/15
2026-09-06T21:14:35.761+01:00 INFO : Filtering template 57/96 segment 2/15
2026-09-06T21:14:35.769+01:00 INFO : 1 points above threshold
2026-09-06T21:14:35.778+01:00 INFO : Filtering template 57/96 segment 3/15
2026-09-06T21:14:35.786+01:00 INFO : Filtering template 57/96 segment 4/15
2026-09-06T21:14:35.795+01:00 INFO : 1 points above threshold
2026-09-06T21:14:35.797+01:00 INFO : Filtering template 57/96 segment 5/15
2026-09-06T21:14:35.806+01:00 INFO : Filtering template 57/96 segment 6/15
2026-09-06T21:14:35.814+01:00 INFO : 1 points above threshold
2026-09-06T21:14:35.817+01:00 INFO : Filtering template 57/96 segment 7/15
2026-09-06T21:14:35.825+01:00 INFO : 1 points above threshold
2026-09-06T21:14:35.828+01:00 INFO : Filtering template 57/96 segment 8/15
2026-09-06T21:14:35.836+01:00 INFO : Filtering template 57/96 segment 9/15
2026-09-06T21:14:35.845+01:00 INFO : 1 points above threshold
2026-09-06T21:14:35.847+01:00 INFO : Filtering template 57/96 segment 10/15
2026-09-06T21:14:35.856+01:00 INFO : 1 points above threshold
2026-09-06T21:14:35.858+01:00 INFO : Filtering template 57/96 segment 11/15
2026-09-06T21:14:35.867+01:00 INFO : 1 points above threshold
2026-09-06T21:14:35.870+01:00 INFO : Filtering template 57/96 segment 12/15
2026-09-06T21:14:35.878+01:00 INFO : Filtering template 57/96 segment 13/15
2026-09-06T21:14:35.886+01:00 INFO : Filtering template 57/96 segment 14/15
2026-09-06T21:14:35.895+01:00 INFO : Filtering template 57/96 segment 15/15
2026-09-06T21:14:35.904+01:00 INFO : 57: generating IMRPhenomD from 30.0 Hz
2026-09-06T21:14:35.918+01:00 INFO : Decompressing waveform using inline_linear
2026-09-06T21:14:35.920+01:00 INFO : Filtering template 58/96 segment 1/15
2026-09-06T21:14:35.933+01:00 INFO : 1 points above threshold
2026-09-06T21:14:35.945+01:00 INFO : Filtering template 58/96 segment 2/15
2026-09-06T21:14:35.954+01:00 INFO : Filtering template 58/96 segment 3/15
2026-09-06T21:14:35.962+01:00 INFO : Filtering template 58/96 segment 4/15
2026-09-06T21:14:35.971+01:00 INFO : Filtering template 58/96 segment 5/15
2026-09-06T21:14:35.979+01:00 INFO : Filtering template 58/96 segment 6/15
2026-09-06T21:14:35.988+01:00 INFO : 2 points above threshold
2026-09-06T21:14:35.991+01:00 INFO : Filtering template 58/96 segment 7/15
2026-09-06T21:14:36.000+01:00 INFO : Filtering template 58/96 segment 8/15
2026-09-06T21:14:36.008+01:00 INFO : 1 points above threshold
2026-09-06T21:14:36.011+01:00 INFO : Filtering template 58/96 segment 9/15
2026-09-06T21:14:36.019+01:00 INFO : Filtering template 58/96 segment 10/15
2026-09-06T21:14:36.027+01:00 INFO : 1 points above threshold
2026-09-06T21:14:36.030+01:00 INFO : Filtering template 58/96 segment 11/15
2026-09-06T21:14:36.039+01:00 INFO : Filtering template 58/96 segment 12/15
2026-09-06T21:14:36.047+01:00 INFO : Filtering template 58/96 segment 13/15
2026-09-06T21:14:36.055+01:00 INFO : 1 points above threshold
2026-09-06T21:14:36.058+01:00 INFO : Filtering template 58/96 segment 14/15
2026-09-06T21:14:36.066+01:00 INFO : 1 points above threshold
2026-09-06T21:14:36.069+01:00 INFO : Filtering template 58/96 segment 15/15
2026-09-06T21:14:36.078+01:00 INFO : 58: generating IMRPhenomD from 30.0 Hz
2026-09-06T21:14:36.080+01:00 INFO : Decompressing waveform using inline_linear
2026-09-06T21:14:36.083+01:00 INFO : Filtering template 59/96 segment 1/15
2026-09-06T21:14:36.092+01:00 INFO : Filtering template 59/96 segment 2/15
2026-09-06T21:14:36.101+01:00 INFO : Filtering template 59/96 segment 3/15
2026-09-06T21:14:36.109+01:00 INFO : 1 points above threshold
2026-09-06T21:14:36.117+01:00 INFO : Filtering template 59/96 segment 4/15
2026-09-06T21:14:36.126+01:00 INFO : 1 points above threshold
2026-09-06T21:14:36.128+01:00 INFO : Filtering template 59/96 segment 5/15
2026-09-06T21:14:36.137+01:00 INFO : Filtering template 59/96 segment 6/15
2026-09-06T21:14:36.145+01:00 INFO : 1 points above threshold
2026-09-06T21:14:36.148+01:00 INFO : Filtering template 59/96 segment 7/15
2026-09-06T21:14:36.156+01:00 INFO : 2 points above threshold
2026-09-06T21:14:36.160+01:00 INFO : Filtering template 59/96 segment 8/15
2026-09-06T21:14:36.168+01:00 INFO : Filtering template 59/96 segment 9/15
2026-09-06T21:14:36.177+01:00 INFO : Filtering template 59/96 segment 10/15
2026-09-06T21:14:36.185+01:00 INFO : Filtering template 59/96 segment 11/15
2026-09-06T21:14:36.193+01:00 INFO : 1 points above threshold
2026-09-06T21:14:36.196+01:00 INFO : Filtering template 59/96 segment 12/15
2026-09-06T21:14:36.204+01:00 INFO : Filtering template 59/96 segment 13/15
2026-09-06T21:14:36.213+01:00 INFO : Filtering template 59/96 segment 14/15
2026-09-06T21:14:36.221+01:00 INFO : Filtering template 59/96 segment 15/15
2026-09-06T21:14:36.230+01:00 INFO : 59: generating IMRPhenomD from 30.0 Hz
2026-09-06T21:14:36.232+01:00 INFO : Decompressing waveform using inline_linear
2026-09-06T21:14:36.235+01:00 INFO : Filtering template 60/96 segment 1/15
2026-09-06T21:14:36.244+01:00 INFO : Filtering template 60/96 segment 2/15
2026-09-06T21:14:36.253+01:00 INFO : Filtering template 60/96 segment 3/15
2026-09-06T21:14:36.261+01:00 INFO : Filtering template 60/96 segment 4/15
2026-09-06T21:14:36.269+01:00 INFO : Filtering template 60/96 segment 5/15
2026-09-06T21:14:36.278+01:00 INFO : Filtering template 60/96 segment 6/15
2026-09-06T21:14:36.286+01:00 INFO : Filtering template 60/96 segment 7/15
2026-09-06T21:14:36.295+01:00 INFO : Filtering template 60/96 segment 8/15
2026-09-06T21:14:36.303+01:00 INFO : Filtering template 60/96 segment 9/15
2026-09-06T21:14:36.312+01:00 INFO : 1 points above threshold
2026-09-06T21:14:36.320+01:00 INFO : Filtering template 60/96 segment 10/15
2026-09-06T21:14:36.328+01:00 INFO : Filtering template 60/96 segment 11/15
2026-09-06T21:14:36.337+01:00 INFO : 1 points above threshold
2026-09-06T21:14:36.340+01:00 INFO : Filtering template 60/96 segment 12/15
2026-09-06T21:14:36.348+01:00 INFO : 1 points above threshold
2026-09-06T21:14:36.351+01:00 INFO : Filtering template 60/96 segment 13/15
2026-09-06T21:14:36.359+01:00 INFO : Filtering template 60/96 segment 14/15
2026-09-06T21:14:36.368+01:00 INFO : Filtering template 60/96 segment 15/15
2026-09-06T21:14:36.376+01:00 INFO : 60: generating IMRPhenomD from 30.0 Hz
2026-09-06T21:14:36.378+01:00 INFO : Decompressing waveform using inline_linear
2026-09-06T21:14:36.381+01:00 INFO : Filtering template 61/96 segment 1/15
2026-09-06T21:14:36.390+01:00 INFO : Filtering template 61/96 segment 2/15
2026-09-06T21:14:36.399+01:00 INFO : Filtering template 61/96 segment 3/15
2026-09-06T21:14:36.407+01:00 INFO : Filtering template 61/96 segment 4/15
2026-09-06T21:14:36.416+01:00 INFO : 1 points above threshold
2026-09-06T21:14:36.424+01:00 INFO : Filtering template 61/96 segment 5/15
2026-09-06T21:14:36.433+01:00 INFO : Filtering template 61/96 segment 6/15
2026-09-06T21:14:36.441+01:00 INFO : 1 points above threshold
2026-09-06T21:14:36.444+01:00 INFO : Filtering template 61/96 segment 7/15
2026-09-06T21:14:36.452+01:00 INFO : 1 points above threshold
2026-09-06T21:14:36.455+01:00 INFO : Filtering template 61/96 segment 8/15
2026-09-06T21:14:36.463+01:00 INFO : Filtering template 61/96 segment 9/15
2026-09-06T21:14:36.472+01:00 INFO : Filtering template 61/96 segment 10/15
2026-09-06T21:14:36.480+01:00 INFO : Filtering template 61/96 segment 11/15
2026-09-06T21:14:36.489+01:00 INFO : 1 points above threshold
2026-09-06T21:14:36.491+01:00 INFO : Filtering template 61/96 segment 12/15
2026-09-06T21:14:36.500+01:00 INFO : Filtering template 61/96 segment 13/15
2026-09-06T21:14:36.509+01:00 INFO : Filtering template 61/96 segment 14/15
2026-09-06T21:14:36.518+01:00 INFO : Filtering template 61/96 segment 15/15
2026-09-06T21:14:36.526+01:00 INFO : 61: generating IMRPhenomD from 30.0 Hz
2026-09-06T21:14:36.529+01:00 INFO : Decompressing waveform using inline_linear
2026-09-06T21:14:36.531+01:00 INFO : Filtering template 62/96 segment 1/15
2026-09-06T21:14:36.542+01:00 INFO : 1 points above threshold
2026-09-06T21:14:36.551+01:00 INFO : Filtering template 62/96 segment 2/15
2026-09-06T21:14:36.560+01:00 INFO : 1 points above threshold
2026-09-06T21:14:36.562+01:00 INFO : Filtering template 62/96 segment 3/15
2026-09-06T21:14:36.571+01:00 INFO : Filtering template 62/96 segment 4/15
2026-09-06T21:14:36.581+01:00 INFO : Filtering template 62/96 segment 5/15
2026-09-06T21:14:36.589+01:00 INFO : Filtering template 62/96 segment 6/15
2026-09-06T21:14:36.599+01:00 INFO : Filtering template 62/96 segment 7/15
2026-09-06T21:14:36.608+01:00 INFO : Filtering template 62/96 segment 8/15
2026-09-06T21:14:36.617+01:00 INFO : Filtering template 62/96 segment 9/15
2026-09-06T21:14:36.625+01:00 INFO : Filtering template 62/96 segment 10/15
2026-09-06T21:14:36.634+01:00 INFO : 1 points above threshold
2026-09-06T21:14:36.636+01:00 INFO : Filtering template 62/96 segment 11/15
2026-09-06T21:14:36.645+01:00 INFO : 3 points above threshold
2026-09-06T21:14:36.649+01:00 INFO : Filtering template 62/96 segment 12/15
2026-09-06T21:14:36.658+01:00 INFO : 1 points above threshold
2026-09-06T21:14:36.662+01:00 INFO : Filtering template 62/96 segment 13/15
2026-09-06T21:14:36.670+01:00 INFO : Filtering template 62/96 segment 14/15
2026-09-06T21:14:36.679+01:00 INFO : Filtering template 62/96 segment 15/15
2026-09-06T21:14:36.687+01:00 INFO : 62: generating IMRPhenomD from 30.0 Hz
2026-09-06T21:14:36.690+01:00 INFO : Decompressing waveform using inline_linear
2026-09-06T21:14:36.692+01:00 INFO : Filtering template 63/96 segment 1/15
2026-09-06T21:14:36.702+01:00 INFO : Filtering template 63/96 segment 2/15
2026-09-06T21:14:36.710+01:00 INFO : Filtering template 63/96 segment 3/15
2026-09-06T21:14:36.719+01:00 INFO : Filtering template 63/96 segment 4/15
2026-09-06T21:14:36.727+01:00 INFO : 1 points above threshold
2026-09-06T21:14:36.735+01:00 INFO : Filtering template 63/96 segment 5/15
2026-09-06T21:14:36.744+01:00 INFO : Filtering template 63/96 segment 6/15
2026-09-06T21:14:36.752+01:00 INFO : Filtering template 63/96 segment 7/15
2026-09-06T21:14:36.761+01:00 INFO : Filtering template 63/96 segment 8/15
2026-09-06T21:14:36.769+01:00 INFO : 2 points above threshold
2026-09-06T21:14:36.773+01:00 INFO : Filtering template 63/96 segment 9/15
2026-09-06T21:14:36.781+01:00 INFO : Filtering template 63/96 segment 10/15
2026-09-06T21:14:36.790+01:00 INFO : Filtering template 63/96 segment 11/15
2026-09-06T21:14:36.798+01:00 INFO : Filtering template 63/96 segment 12/15
2026-09-06T21:14:36.806+01:00 INFO : 1 points above threshold
2026-09-06T21:14:36.809+01:00 INFO : Filtering template 63/96 segment 13/15
2026-09-06T21:14:36.817+01:00 INFO : 1 points above threshold
2026-09-06T21:14:36.820+01:00 INFO : Filtering template 63/96 segment 14/15
2026-09-06T21:14:36.828+01:00 INFO : Filtering template 63/96 segment 15/15
2026-09-06T21:14:36.837+01:00 INFO : 63: generating IMRPhenomD from 30.0 Hz
2026-09-06T21:14:36.839+01:00 INFO : Decompressing waveform using inline_linear
2026-09-06T21:14:36.842+01:00 INFO : Filtering template 64/96 segment 1/15
2026-09-06T21:14:36.852+01:00 INFO : Filtering template 64/96 segment 2/15
2026-09-06T21:14:36.860+01:00 INFO : Filtering template 64/96 segment 3/15
2026-09-06T21:14:36.868+01:00 INFO : 2 points above threshold
2026-09-06T21:14:36.878+01:00 INFO : Filtering template 64/96 segment 4/15
2026-09-06T21:14:36.886+01:00 INFO : Filtering template 64/96 segment 5/15
2026-09-06T21:14:36.895+01:00 INFO : Filtering template 64/96 segment 6/15
2026-09-06T21:14:36.903+01:00 INFO : 1 points above threshold
2026-09-06T21:14:36.906+01:00 INFO : Filtering template 64/96 segment 7/15
2026-09-06T21:14:36.914+01:00 INFO : Filtering template 64/96 segment 8/15
2026-09-06T21:14:36.922+01:00 INFO : Filtering template 64/96 segment 9/15
2026-09-06T21:14:36.931+01:00 INFO : Filtering template 64/96 segment 10/15
2026-09-06T21:14:36.939+01:00 INFO : Filtering template 64/96 segment 11/15
2026-09-06T21:14:36.948+01:00 INFO : Filtering template 64/96 segment 12/15
2026-09-06T21:14:36.956+01:00 INFO : Filtering template 64/96 segment 13/15
2026-09-06T21:14:36.965+01:00 INFO : Filtering template 64/96 segment 14/15
2026-09-06T21:14:36.973+01:00 INFO : Filtering template 64/96 segment 15/15
2026-09-06T21:14:36.982+01:00 INFO : 64: generating IMRPhenomD from 30.0 Hz
2026-09-06T21:14:36.984+01:00 INFO : Decompressing waveform using inline_linear
2026-09-06T21:14:36.987+01:00 INFO : Filtering template 65/96 segment 1/15
2026-09-06T21:14:36.996+01:00 INFO : 1 points above threshold
2026-09-06T21:14:37.005+01:00 INFO : Filtering template 65/96 segment 2/15
2026-09-06T21:14:37.013+01:00 INFO : Filtering template 65/96 segment 3/15
2026-09-06T21:14:37.022+01:00 INFO : 1 points above threshold
2026-09-06T21:14:37.024+01:00 INFO : Filtering template 65/96 segment 4/15
2026-09-06T21:14:37.033+01:00 INFO : 1 points above threshold
2026-09-06T21:14:37.036+01:00 INFO : Filtering template 65/96 segment 5/15
2026-09-06T21:14:37.044+01:00 INFO : Filtering template 65/96 segment 6/15
2026-09-06T21:14:37.052+01:00 INFO : 1 points above threshold
2026-09-06T21:14:37.055+01:00 INFO : Filtering template 65/96 segment 7/15
2026-09-06T21:14:37.063+01:00 INFO : 1 points above threshold
2026-09-06T21:14:37.066+01:00 INFO : Filtering template 65/96 segment 8/15
2026-09-06T21:14:37.075+01:00 INFO : Filtering template 65/96 segment 9/15
2026-09-06T21:14:37.083+01:00 INFO : Filtering template 65/96 segment 10/15
2026-09-06T21:14:37.091+01:00 INFO : 1 points above threshold
2026-09-06T21:14:37.094+01:00 INFO : Filtering template 65/96 segment 11/15
2026-09-06T21:14:37.103+01:00 INFO : Filtering template 65/96 segment 12/15
2026-09-06T21:14:37.111+01:00 INFO : 1 points above threshold
2026-09-06T21:14:37.114+01:00 INFO : Filtering template 65/96 segment 13/15
2026-09-06T21:14:37.122+01:00 INFO : Filtering template 65/96 segment 14/15
2026-09-06T21:14:37.130+01:00 INFO : Filtering template 65/96 segment 15/15
2026-09-06T21:14:37.139+01:00 INFO : 65: generating IMRPhenomD from 30.0 Hz
2026-09-06T21:14:37.141+01:00 INFO : Decompressing waveform using inline_linear
2026-09-06T21:14:37.144+01:00 INFO : Filtering template 66/96 segment 1/15
2026-09-06T21:14:37.153+01:00 INFO : Filtering template 66/96 segment 2/15
2026-09-06T21:14:37.162+01:00 INFO : 1 points above threshold
2026-09-06T21:14:37.170+01:00 INFO : Filtering template 66/96 segment 3/15
2026-09-06T21:14:37.179+01:00 INFO : Filtering template 66/96 segment 4/15
2026-09-06T21:14:37.187+01:00 INFO : 1 points above threshold
2026-09-06T21:14:37.190+01:00 INFO : Filtering template 66/96 segment 5/15
2026-09-06T21:14:37.198+01:00 INFO : Filtering template 66/96 segment 6/15
2026-09-06T21:14:37.207+01:00 INFO : Filtering template 66/96 segment 7/15
2026-09-06T21:14:37.215+01:00 INFO : 2 points above threshold
2026-09-06T21:14:37.219+01:00 INFO : Filtering template 66/96 segment 8/15
2026-09-06T21:14:37.227+01:00 INFO : Filtering template 66/96 segment 9/15
2026-09-06T21:14:37.235+01:00 INFO : Filtering template 66/96 segment 10/15
2026-09-06T21:14:37.244+01:00 INFO : Filtering template 66/96 segment 11/15
2026-09-06T21:14:37.252+01:00 INFO : 1 points above threshold
2026-09-06T21:14:37.255+01:00 INFO : Filtering template 66/96 segment 12/15
2026-09-06T21:14:37.263+01:00 INFO : Filtering template 66/96 segment 13/15
2026-09-06T21:14:37.272+01:00 INFO : Filtering template 66/96 segment 14/15
2026-09-06T21:14:37.280+01:00 INFO : Filtering template 66/96 segment 15/15
2026-09-06T21:14:37.289+01:00 INFO : 66: generating IMRPhenomD from 30.0 Hz
2026-09-06T21:14:37.291+01:00 INFO : Decompressing waveform using inline_linear
2026-09-06T21:14:37.294+01:00 INFO : Filtering template 67/96 segment 1/15
2026-09-06T21:14:37.303+01:00 INFO : 2 points above threshold
2026-09-06T21:14:37.312+01:00 INFO : Filtering template 67/96 segment 2/15
2026-09-06T21:14:37.321+01:00 INFO : 1 points above threshold
2026-09-06T21:14:37.323+01:00 INFO : Filtering template 67/96 segment 3/15
2026-09-06T21:14:37.332+01:00 INFO : Filtering template 67/96 segment 4/15
2026-09-06T21:14:37.340+01:00 INFO : Filtering template 67/96 segment 5/15
2026-09-06T21:14:37.349+01:00 INFO : Filtering template 67/96 segment 6/15
2026-09-06T21:14:37.357+01:00 INFO : Filtering template 67/96 segment 7/15
2026-09-06T21:14:37.365+01:00 INFO : 1 points above threshold
2026-09-06T21:14:37.368+01:00 INFO : Filtering template 67/96 segment 8/15
2026-09-06T21:14:37.377+01:00 INFO : Filtering template 67/96 segment 9/15
2026-09-06T21:14:37.385+01:00 INFO : Filtering template 67/96 segment 10/15
2026-09-06T21:14:37.393+01:00 INFO : Filtering template 67/96 segment 11/15
2026-09-06T21:14:37.402+01:00 INFO : Filtering template 67/96 segment 12/15
2026-09-06T21:14:37.410+01:00 INFO : Filtering template 67/96 segment 13/15
2026-09-06T21:14:37.419+01:00 INFO : Filtering template 67/96 segment 14/15
2026-09-06T21:14:37.427+01:00 INFO : Filtering template 67/96 segment 15/15
2026-09-06T21:14:37.436+01:00 INFO : 67: generating IMRPhenomD from 30.0 Hz
2026-09-06T21:14:37.438+01:00 INFO : Decompressing waveform using inline_linear
2026-09-06T21:14:37.440+01:00 INFO : Filtering template 68/96 segment 1/15
2026-09-06T21:14:37.450+01:00 INFO : 2 points above threshold
2026-09-06T21:14:37.459+01:00 INFO : Filtering template 68/96 segment 2/15
2026-09-06T21:14:37.468+01:00 INFO : Filtering template 68/96 segment 3/15
2026-09-06T21:14:37.476+01:00 INFO : Filtering template 68/96 segment 4/15
2026-09-06T21:14:37.485+01:00 INFO : 1 points above threshold
2026-09-06T21:14:37.489+01:00 INFO : Filtering template 68/96 segment 5/15
2026-09-06T21:14:37.497+01:00 INFO : Filtering template 68/96 segment 6/15
2026-09-06T21:14:37.506+01:00 INFO : Filtering template 68/96 segment 7/15
2026-09-06T21:14:37.514+01:00 INFO : 1 points above threshold
2026-09-06T21:14:37.517+01:00 INFO : Filtering template 68/96 segment 8/15
2026-09-06T21:14:37.525+01:00 INFO : Filtering template 68/96 segment 9/15
2026-09-06T21:14:37.534+01:00 INFO : Filtering template 68/96 segment 10/15
2026-09-06T21:14:37.542+01:00 INFO : Filtering template 68/96 segment 11/15
2026-09-06T21:14:37.550+01:00 INFO : Filtering template 68/96 segment 12/15
2026-09-06T21:14:37.559+01:00 INFO : 1 points above threshold
2026-09-06T21:14:37.562+01:00 INFO : Filtering template 68/96 segment 13/15
2026-09-06T21:14:37.570+01:00 INFO : 1 points above threshold
2026-09-06T21:14:37.573+01:00 INFO : Filtering template 68/96 segment 14/15
2026-09-06T21:14:37.581+01:00 INFO : Filtering template 68/96 segment 15/15
2026-09-06T21:14:37.590+01:00 INFO : 68: generating IMRPhenomD from 30.0 Hz
2026-09-06T21:14:37.592+01:00 INFO : Decompressing waveform using inline_linear
2026-09-06T21:14:37.594+01:00 INFO : Filtering template 69/96 segment 1/15
2026-09-06T21:14:37.604+01:00 INFO : Filtering template 69/96 segment 2/15
2026-09-06T21:14:37.612+01:00 INFO : Filtering template 69/96 segment 3/15
2026-09-06T21:14:37.621+01:00 INFO : Filtering template 69/96 segment 4/15
2026-09-06T21:14:37.629+01:00 INFO : Filtering template 69/96 segment 5/15
2026-09-06T21:14:37.637+01:00 INFO : Filtering template 69/96 segment 6/15
2026-09-06T21:14:37.646+01:00 INFO : Filtering template 69/96 segment 7/15
2026-09-06T21:14:37.654+01:00 INFO : 1 points above threshold
2026-09-06T21:14:37.663+01:00 INFO : Filtering template 69/96 segment 8/15
2026-09-06T21:14:37.671+01:00 INFO : Filtering template 69/96 segment 9/15
2026-09-06T21:14:37.680+01:00 INFO : Filtering template 69/96 segment 10/15
2026-09-06T21:14:37.688+01:00 INFO : Filtering template 69/96 segment 11/15
2026-09-06T21:14:37.696+01:00 INFO : 1 points above threshold
2026-09-06T21:14:37.699+01:00 INFO : Filtering template 69/96 segment 12/15
2026-09-06T21:14:37.708+01:00 INFO : Filtering template 69/96 segment 13/15
2026-09-06T21:14:37.716+01:00 INFO : Filtering template 69/96 segment 14/15
2026-09-06T21:14:37.724+01:00 INFO : Filtering template 69/96 segment 15/15
2026-09-06T21:14:37.733+01:00 INFO : 69: generating IMRPhenomD from 30.0 Hz
2026-09-06T21:14:37.735+01:00 INFO : Decompressing waveform using inline_linear
2026-09-06T21:14:37.738+01:00 INFO : Filtering template 70/96 segment 1/15
2026-09-06T21:14:37.747+01:00 INFO : 1 points above threshold
2026-09-06T21:14:37.756+01:00 INFO : Filtering template 70/96 segment 2/15
2026-09-06T21:14:37.764+01:00 INFO : Filtering template 70/96 segment 3/15
2026-09-06T21:14:37.773+01:00 INFO : 1 points above threshold
2026-09-06T21:14:37.775+01:00 INFO : Filtering template 70/96 segment 4/15
2026-09-06T21:14:37.784+01:00 INFO : 2 points above threshold
2026-09-06T21:14:37.787+01:00 INFO : Filtering template 70/96 segment 5/15
2026-09-06T21:14:37.796+01:00 INFO : Filtering template 70/96 segment 6/15
2026-09-06T21:14:37.804+01:00 INFO : Filtering template 70/96 segment 7/15
2026-09-06T21:14:37.812+01:00 INFO : Filtering template 70/96 segment 8/15
2026-09-06T21:14:37.821+01:00 INFO : Filtering template 70/96 segment 9/15
2026-09-06T21:14:37.829+01:00 INFO : Filtering template 70/96 segment 10/15
2026-09-06T21:14:37.838+01:00 INFO : Filtering template 70/96 segment 11/15
2026-09-06T21:14:37.846+01:00 INFO : 2 points above threshold
2026-09-06T21:14:37.850+01:00 INFO : Filtering template 70/96 segment 12/15
2026-09-06T21:14:37.858+01:00 INFO : Filtering template 70/96 segment 13/15
2026-09-06T21:14:37.866+01:00 INFO : 1 points above threshold
2026-09-06T21:14:37.869+01:00 INFO : Filtering template 70/96 segment 14/15
2026-09-06T21:14:37.878+01:00 INFO : 1 points above threshold
2026-09-06T21:14:37.880+01:00 INFO : Filtering template 70/96 segment 15/15
2026-09-06T21:14:37.890+01:00 INFO : 70: generating IMRPhenomD from 30.0 Hz
2026-09-06T21:14:37.892+01:00 INFO : Decompressing waveform using inline_linear
2026-09-06T21:14:37.894+01:00 INFO : Filtering template 71/96 segment 1/15
2026-09-06T21:14:37.904+01:00 INFO : Filtering template 71/96 segment 2/15
2026-09-06T21:14:37.912+01:00 INFO : Filtering template 71/96 segment 3/15
2026-09-06T21:14:37.921+01:00 INFO : Filtering template 71/96 segment 4/15
2026-09-06T21:14:37.929+01:00 INFO : Filtering template 71/96 segment 5/15
2026-09-06T21:14:37.938+01:00 INFO : Filtering template 71/96 segment 6/15
2026-09-06T21:14:37.946+01:00 INFO : 1 points above threshold
2026-09-06T21:14:37.955+01:00 INFO : Filtering template 71/96 segment 7/15
2026-09-06T21:14:37.963+01:00 INFO : Filtering template 71/96 segment 8/15
2026-09-06T21:14:37.971+01:00 INFO : Filtering template 71/96 segment 9/15
2026-09-06T21:14:37.980+01:00 INFO : 1 points above threshold
2026-09-06T21:14:37.983+01:00 INFO : Filtering template 71/96 segment 10/15
2026-09-06T21:14:37.991+01:00 INFO : Filtering template 71/96 segment 11/15
2026-09-06T21:14:37.999+01:00 INFO : 1 points above threshold
2026-09-06T21:14:38.002+01:00 INFO : Filtering template 71/96 segment 12/15
2026-09-06T21:14:38.010+01:00 INFO : 2 points above threshold
2026-09-06T21:14:38.014+01:00 INFO : Filtering template 71/96 segment 13/15
2026-09-06T21:14:38.023+01:00 INFO : Filtering template 71/96 segment 14/15
2026-09-06T21:14:38.031+01:00 INFO : Filtering template 71/96 segment 15/15
2026-09-06T21:14:38.040+01:00 INFO : 71: generating IMRPhenomD from 30.0 Hz
2026-09-06T21:14:38.042+01:00 INFO : Decompressing waveform using inline_linear
2026-09-06T21:14:38.044+01:00 INFO : Filtering template 72/96 segment 1/15
2026-09-06T21:14:38.054+01:00 INFO : Filtering template 72/96 segment 2/15
2026-09-06T21:14:38.062+01:00 INFO : 1 points above threshold
2026-09-06T21:14:38.071+01:00 INFO : Filtering template 72/96 segment 3/15
2026-09-06T21:14:38.079+01:00 INFO : 1 points above threshold
2026-09-06T21:14:38.082+01:00 INFO : Filtering template 72/96 segment 4/15
2026-09-06T21:14:38.090+01:00 INFO : Filtering template 72/96 segment 5/15
2026-09-06T21:14:38.099+01:00 INFO : Filtering template 72/96 segment 6/15
2026-09-06T21:14:38.107+01:00 INFO : 1 points above threshold
2026-09-06T21:14:38.110+01:00 INFO : Filtering template 72/96 segment 7/15
2026-09-06T21:14:38.118+01:00 INFO : Filtering template 72/96 segment 8/15
2026-09-06T21:14:38.127+01:00 INFO : Filtering template 72/96 segment 9/15
2026-09-06T21:14:38.135+01:00 INFO : 1 points above threshold
2026-09-06T21:14:38.138+01:00 INFO : Filtering template 72/96 segment 10/15
2026-09-06T21:14:38.146+01:00 INFO : 1 points above threshold
2026-09-06T21:14:38.149+01:00 INFO : Filtering template 72/96 segment 11/15
2026-09-06T21:14:38.157+01:00 INFO : 1 points above threshold
2026-09-06T21:14:38.160+01:00 INFO : Filtering template 72/96 segment 12/15
2026-09-06T21:14:38.168+01:00 INFO : 1 points above threshold
2026-09-06T21:14:38.171+01:00 INFO : Filtering template 72/96 segment 13/15
2026-09-06T21:14:38.179+01:00 INFO : 2 points above threshold
2026-09-06T21:14:38.183+01:00 INFO : Filtering template 72/96 segment 14/15
2026-09-06T21:14:38.191+01:00 INFO : 1 points above threshold
2026-09-06T21:14:38.194+01:00 INFO : Filtering template 72/96 segment 15/15
2026-09-06T21:14:38.203+01:00 INFO : 72: generating IMRPhenomD from 30.0 Hz
2026-09-06T21:14:38.205+01:00 INFO : Decompressing waveform using inline_linear
2026-09-06T21:14:38.207+01:00 INFO : Filtering template 73/96 segment 1/15
2026-09-06T21:14:38.217+01:00 INFO : Filtering template 73/96 segment 2/15
2026-09-06T21:14:38.225+01:00 INFO : Filtering template 73/96 segment 3/15
2026-09-06T21:14:38.234+01:00 INFO : 1 points above threshold
2026-09-06T21:14:38.242+01:00 INFO : Filtering template 73/96 segment 4/15
2026-09-06T21:14:38.251+01:00 INFO : Filtering template 73/96 segment 5/15
2026-09-06T21:14:38.259+01:00 INFO : Filtering template 73/96 segment 6/15
2026-09-06T21:14:38.267+01:00 INFO : 1 points above threshold
2026-09-06T21:14:38.270+01:00 INFO : Filtering template 73/96 segment 7/15
2026-09-06T21:14:38.279+01:00 INFO : 1 points above threshold
2026-09-06T21:14:38.281+01:00 INFO : Filtering template 73/96 segment 8/15
2026-09-06T21:14:38.290+01:00 INFO : Filtering template 73/96 segment 9/15
2026-09-06T21:14:38.298+01:00 INFO : Filtering template 73/96 segment 10/15
2026-09-06T21:14:38.307+01:00 INFO : Filtering template 73/96 segment 11/15
2026-09-06T21:14:38.315+01:00 INFO : Filtering template 73/96 segment 12/15
2026-09-06T21:14:38.324+01:00 INFO : Filtering template 73/96 segment 13/15
2026-09-06T21:14:38.332+01:00 INFO : Filtering template 73/96 segment 14/15
2026-09-06T21:14:38.341+01:00 INFO : 1 points above threshold
2026-09-06T21:14:38.343+01:00 INFO : Filtering template 73/96 segment 15/15
2026-09-06T21:14:38.352+01:00 INFO : 73: generating IMRPhenomD from 30.0 Hz
2026-09-06T21:14:38.354+01:00 INFO : Decompressing waveform using inline_linear
2026-09-06T21:14:38.357+01:00 INFO : Filtering template 74/96 segment 1/15
2026-09-06T21:14:38.366+01:00 INFO : 2 points above threshold
2026-09-06T21:14:38.375+01:00 INFO : Filtering template 74/96 segment 2/15
2026-09-06T21:14:38.384+01:00 INFO : Filtering template 74/96 segment 3/15
2026-09-06T21:14:38.392+01:00 INFO : 1 points above threshold
2026-09-06T21:14:38.395+01:00 INFO : Filtering template 74/96 segment 4/15
2026-09-06T21:14:38.403+01:00 INFO : Filtering template 74/96 segment 5/15
2026-09-06T21:14:38.412+01:00 INFO : Filtering template 74/96 segment 6/15
2026-09-06T21:14:38.420+01:00 INFO : 3 points above threshold
2026-09-06T21:14:38.425+01:00 INFO : Filtering template 74/96 segment 7/15
2026-09-06T21:14:38.433+01:00 INFO : Filtering template 74/96 segment 8/15
2026-09-06T21:14:38.442+01:00 INFO : Filtering template 74/96 segment 9/15
2026-09-06T21:14:38.450+01:00 INFO : Filtering template 74/96 segment 10/15
2026-09-06T21:14:38.459+01:00 INFO : Filtering template 74/96 segment 11/15
2026-09-06T21:14:38.467+01:00 INFO : 1 points above threshold
2026-09-06T21:14:38.470+01:00 INFO : Filtering template 74/96 segment 12/15
2026-09-06T21:14:38.478+01:00 INFO : Filtering template 74/96 segment 13/15
2026-09-06T21:14:38.487+01:00 INFO : Filtering template 74/96 segment 14/15
2026-09-06T21:14:38.495+01:00 INFO : Filtering template 74/96 segment 15/15
2026-09-06T21:14:38.504+01:00 INFO : 74: generating IMRPhenomD from 30.0 Hz
2026-09-06T21:14:38.506+01:00 INFO : Decompressing waveform using inline_linear
2026-09-06T21:14:38.509+01:00 INFO : Filtering template 75/96 segment 1/15
2026-09-06T21:14:38.518+01:00 INFO : Filtering template 75/96 segment 2/15
2026-09-06T21:14:38.527+01:00 INFO : Filtering template 75/96 segment 3/15
2026-09-06T21:14:38.535+01:00 INFO : Filtering template 75/96 segment 4/15
2026-09-06T21:14:38.543+01:00 INFO : Filtering template 75/96 segment 5/15
2026-09-06T21:14:38.552+01:00 INFO : Filtering template 75/96 segment 6/15
2026-09-06T21:14:38.560+01:00 INFO : 1 points above threshold
2026-09-06T21:14:38.569+01:00 INFO : Filtering template 75/96 segment 7/15
2026-09-06T21:14:38.577+01:00 INFO : 2 points above threshold
2026-09-06T21:14:38.581+01:00 INFO : Filtering template 75/96 segment 8/15
2026-09-06T21:14:38.589+01:00 INFO : Filtering template 75/96 segment 9/15
2026-09-06T21:14:38.598+01:00 INFO : Filtering template 75/96 segment 10/15
2026-09-06T21:14:38.606+01:00 INFO : Filtering template 75/96 segment 11/15
2026-09-06T21:14:38.614+01:00 INFO : Filtering template 75/96 segment 12/15
2026-09-06T21:14:38.623+01:00 INFO : Filtering template 75/96 segment 13/15
2026-09-06T21:14:38.631+01:00 INFO : 2 points above threshold
2026-09-06T21:14:38.635+01:00 INFO : Filtering template 75/96 segment 14/15
2026-09-06T21:14:38.643+01:00 INFO : Filtering template 75/96 segment 15/15
2026-09-06T21:14:38.652+01:00 INFO : 75: generating IMRPhenomD from 30.0 Hz
2026-09-06T21:14:38.654+01:00 INFO : Decompressing waveform using inline_linear
2026-09-06T21:14:38.657+01:00 INFO : Filtering template 76/96 segment 1/15
2026-09-06T21:14:38.666+01:00 INFO : Filtering template 76/96 segment 2/15
2026-09-06T21:14:38.675+01:00 INFO : 1 points above threshold
2026-09-06T21:14:38.683+01:00 INFO : Filtering template 76/96 segment 3/15
2026-09-06T21:14:38.691+01:00 INFO : Filtering template 76/96 segment 4/15
2026-09-06T21:14:38.700+01:00 INFO : Filtering template 76/96 segment 5/15
2026-09-06T21:14:38.708+01:00 INFO : Filtering template 76/96 segment 6/15
2026-09-06T21:14:38.717+01:00 INFO : Filtering template 76/96 segment 7/15
2026-09-06T21:14:38.725+01:00 INFO : 1 points above threshold
2026-09-06T21:14:38.728+01:00 INFO : Filtering template 76/96 segment 8/15
2026-09-06T21:14:38.736+01:00 INFO : Filtering template 76/96 segment 9/15
2026-09-06T21:14:38.744+01:00 INFO : Filtering template 76/96 segment 10/15
2026-09-06T21:14:38.753+01:00 INFO : Filtering template 76/96 segment 11/15
2026-09-06T21:14:38.761+01:00 INFO : Filtering template 76/96 segment 12/15
2026-09-06T21:14:38.770+01:00 INFO : Filtering template 76/96 segment 13/15
2026-09-06T21:14:38.778+01:00 INFO : 2 points above threshold
2026-09-06T21:14:38.782+01:00 INFO : Filtering template 76/96 segment 14/15
2026-09-06T21:14:38.790+01:00 INFO : Filtering template 76/96 segment 15/15
2026-09-06T21:14:38.799+01:00 INFO : 76: generating IMRPhenomD from 30.0 Hz
2026-09-06T21:14:38.801+01:00 INFO : Decompressing waveform using inline_linear
2026-09-06T21:14:38.803+01:00 INFO : Filtering template 77/96 segment 1/15
2026-09-06T21:14:38.813+01:00 INFO : Filtering template 77/96 segment 2/15
2026-09-06T21:14:38.821+01:00 INFO : Filtering template 77/96 segment 3/15
2026-09-06T21:14:38.830+01:00 INFO : Filtering template 77/96 segment 4/15
2026-09-06T21:14:38.838+01:00 INFO : Filtering template 77/96 segment 5/15
2026-09-06T21:14:38.847+01:00 INFO : 1 points above threshold
2026-09-06T21:14:38.855+01:00 INFO : Filtering template 77/96 segment 6/15
2026-09-06T21:14:38.864+01:00 INFO : Filtering template 77/96 segment 7/15
2026-09-06T21:14:38.872+01:00 INFO : Filtering template 77/96 segment 8/15
2026-09-06T21:14:38.881+01:00 INFO : Filtering template 77/96 segment 9/15
2026-09-06T21:14:38.889+01:00 INFO : Filtering template 77/96 segment 10/15
2026-09-06T21:14:38.898+01:00 INFO : Filtering template 77/96 segment 11/15
2026-09-06T21:14:38.906+01:00 INFO : Filtering template 77/96 segment 12/15
2026-09-06T21:14:38.914+01:00 INFO : 1 points above threshold
2026-09-06T21:14:38.917+01:00 INFO : Filtering template 77/96 segment 13/15
2026-09-06T21:14:38.925+01:00 INFO : Filtering template 77/96 segment 14/15
2026-09-06T21:14:38.934+01:00 INFO : Filtering template 77/96 segment 15/15
2026-09-06T21:14:38.943+01:00 INFO : 77: generating IMRPhenomD from 30.0 Hz
2026-09-06T21:14:38.945+01:00 INFO : Decompressing waveform using inline_linear
2026-09-06T21:14:38.947+01:00 INFO : Filtering template 78/96 segment 1/15
2026-09-06T21:14:38.957+01:00 INFO : Filtering template 78/96 segment 2/15
2026-09-06T21:14:38.965+01:00 INFO : Filtering template 78/96 segment 3/15
2026-09-06T21:14:38.974+01:00 INFO : Filtering template 78/96 segment 4/15
2026-09-06T21:14:38.982+01:00 INFO : Filtering template 78/96 segment 5/15
2026-09-06T21:14:38.991+01:00 INFO : Filtering template 78/96 segment 6/15
2026-09-06T21:14:38.999+01:00 INFO : Filtering template 78/96 segment 7/15
2026-09-06T21:14:39.007+01:00 INFO : Filtering template 78/96 segment 8/15
2026-09-06T21:14:39.016+01:00 INFO : Filtering template 78/96 segment 9/15
2026-09-06T21:14:39.024+01:00 INFO : Filtering template 78/96 segment 10/15
2026-09-06T21:14:39.033+01:00 INFO : Filtering template 78/96 segment 11/15
2026-09-06T21:14:39.041+01:00 INFO : Filtering template 78/96 segment 12/15
2026-09-06T21:14:39.049+01:00 INFO : 1 points above threshold
2026-09-06T21:14:39.059+01:00 INFO : Filtering template 78/96 segment 13/15
2026-09-06T21:14:39.068+01:00 INFO : Filtering template 78/96 segment 14/15
2026-09-06T21:14:39.076+01:00 INFO : Filtering template 78/96 segment 15/15
2026-09-06T21:14:39.085+01:00 INFO : 78: generating IMRPhenomD from 30.0 Hz
2026-09-06T21:14:39.087+01:00 INFO : Decompressing waveform using inline_linear
2026-09-06T21:14:39.089+01:00 INFO : Filtering template 79/96 segment 1/15
2026-09-06T21:14:39.099+01:00 INFO : 1 points above threshold
2026-09-06T21:14:39.107+01:00 INFO : Filtering template 79/96 segment 2/15
2026-09-06T21:14:39.116+01:00 INFO : Filtering template 79/96 segment 3/15
2026-09-06T21:14:39.124+01:00 INFO : 1 points above threshold
2026-09-06T21:14:39.127+01:00 INFO : Filtering template 79/96 segment 4/15
2026-09-06T21:14:39.136+01:00 INFO : Filtering template 79/96 segment 5/15
2026-09-06T21:14:39.144+01:00 INFO : Filtering template 79/96 segment 6/15
2026-09-06T21:14:39.152+01:00 INFO : Filtering template 79/96 segment 7/15
2026-09-06T21:14:39.161+01:00 INFO : 1 points above threshold
2026-09-06T21:14:39.164+01:00 INFO : Filtering template 79/96 segment 8/15
2026-09-06T21:14:39.172+01:00 INFO : Filtering template 79/96 segment 9/15
2026-09-06T21:14:39.180+01:00 INFO : Filtering template 79/96 segment 10/15
2026-09-06T21:14:39.189+01:00 INFO : Filtering template 79/96 segment 11/15
2026-09-06T21:14:39.197+01:00 INFO : Filtering template 79/96 segment 12/15
2026-09-06T21:14:39.206+01:00 INFO : 1 points above threshold
2026-09-06T21:14:39.208+01:00 INFO : Filtering template 79/96 segment 13/15
2026-09-06T21:14:39.217+01:00 INFO : 1 points above threshold
2026-09-06T21:14:39.219+01:00 INFO : Filtering template 79/96 segment 14/15
2026-09-06T21:14:39.228+01:00 INFO : 2 points above threshold
2026-09-06T21:14:39.231+01:00 INFO : Filtering template 79/96 segment 15/15
2026-09-06T21:14:39.240+01:00 INFO : 79: generating IMRPhenomD from 30.0 Hz
2026-09-06T21:14:39.242+01:00 INFO : Decompressing waveform using inline_linear
2026-09-06T21:14:39.245+01:00 INFO : Filtering template 80/96 segment 1/15
2026-09-06T21:14:39.254+01:00 INFO : Filtering template 80/96 segment 2/15
2026-09-06T21:14:39.263+01:00 INFO : Filtering template 80/96 segment 3/15
2026-09-06T21:14:39.271+01:00 INFO : 2 points above threshold
2026-09-06T21:14:39.281+01:00 INFO : Filtering template 80/96 segment 4/15
2026-09-06T21:14:39.290+01:00 INFO : Filtering template 80/96 segment 5/15
2026-09-06T21:14:39.298+01:00 INFO : 1 points above threshold
2026-09-06T21:14:39.301+01:00 INFO : Filtering template 80/96 segment 6/15
2026-09-06T21:14:39.309+01:00 INFO : Filtering template 80/96 segment 7/15
2026-09-06T21:14:39.318+01:00 INFO : 1 points above threshold
2026-09-06T21:14:39.321+01:00 INFO : Filtering template 80/96 segment 8/15
2026-09-06T21:14:39.329+01:00 INFO : Filtering template 80/96 segment 9/15
2026-09-06T21:14:39.337+01:00 INFO : Filtering template 80/96 segment 10/15
2026-09-06T21:14:39.346+01:00 INFO : Filtering template 80/96 segment 11/15
2026-09-06T21:14:39.354+01:00 INFO : Filtering template 80/96 segment 12/15
2026-09-06T21:14:39.363+01:00 INFO : Filtering template 80/96 segment 13/15
2026-09-06T21:14:39.371+01:00 INFO : Filtering template 80/96 segment 14/15
2026-09-06T21:14:39.379+01:00 INFO : 1 points above threshold
2026-09-06T21:14:39.382+01:00 INFO : Filtering template 80/96 segment 15/15
2026-09-06T21:14:39.391+01:00 INFO : 80: generating IMRPhenomD from 30.0 Hz
2026-09-06T21:14:39.393+01:00 INFO : Decompressing waveform using inline_linear
2026-09-06T21:14:39.396+01:00 INFO : Filtering template 81/96 segment 1/15
2026-09-06T21:14:39.405+01:00 INFO : Filtering template 81/96 segment 2/15
2026-09-06T21:14:39.414+01:00 INFO : 1 points above threshold
2026-09-06T21:14:39.422+01:00 INFO : Filtering template 81/96 segment 3/15
2026-09-06T21:14:39.430+01:00 INFO : Filtering template 81/96 segment 4/15
2026-09-06T21:14:39.439+01:00 INFO : 1 points above threshold
2026-09-06T21:14:39.441+01:00 INFO : Filtering template 81/96 segment 5/15
2026-09-06T21:14:39.450+01:00 INFO : 1 points above threshold
2026-09-06T21:14:39.453+01:00 INFO : Filtering template 81/96 segment 6/15
2026-09-06T21:14:39.461+01:00 INFO : 1 points above threshold
2026-09-06T21:14:39.464+01:00 INFO : Filtering template 81/96 segment 7/15
2026-09-06T21:14:39.472+01:00 INFO : 1 points above threshold
2026-09-06T21:14:39.475+01:00 INFO : Filtering template 81/96 segment 8/15
2026-09-06T21:14:39.483+01:00 INFO : Filtering template 81/96 segment 9/15
2026-09-06T21:14:39.492+01:00 INFO : Filtering template 81/96 segment 10/15
2026-09-06T21:14:39.500+01:00 INFO : Filtering template 81/96 segment 11/15
2026-09-06T21:14:39.508+01:00 INFO : Filtering template 81/96 segment 12/15
2026-09-06T21:14:39.517+01:00 INFO : Filtering template 81/96 segment 13/15
2026-09-06T21:14:39.525+01:00 INFO : 1 points above threshold
2026-09-06T21:14:39.528+01:00 INFO : Filtering template 81/96 segment 14/15
2026-09-06T21:14:39.536+01:00 INFO : Filtering template 81/96 segment 15/15
2026-09-06T21:14:39.545+01:00 INFO : 81: generating IMRPhenomD from 30.0 Hz
2026-09-06T21:14:39.547+01:00 INFO : Decompressing waveform using inline_linear
2026-09-06T21:14:39.550+01:00 INFO : Filtering template 82/96 segment 1/15
2026-09-06T21:14:39.559+01:00 INFO : Filtering template 82/96 segment 2/15
2026-09-06T21:14:39.568+01:00 INFO : Filtering template 82/96 segment 3/15
2026-09-06T21:14:39.576+01:00 INFO : Filtering template 82/96 segment 4/15
2026-09-06T21:14:39.585+01:00 INFO : Filtering template 82/96 segment 5/15
2026-09-06T21:14:39.593+01:00 INFO : 1 points above threshold
2026-09-06T21:14:39.601+01:00 INFO : Filtering template 82/96 segment 6/15
2026-09-06T21:14:39.610+01:00 INFO : 1 points above threshold
2026-09-06T21:14:39.612+01:00 INFO : Filtering template 82/96 segment 7/15
2026-09-06T21:14:39.621+01:00 INFO : Filtering template 82/96 segment 8/15
2026-09-06T21:14:39.629+01:00 INFO : Filtering template 82/96 segment 9/15
2026-09-06T21:14:39.638+01:00 INFO : 1 points above threshold
2026-09-06T21:14:39.640+01:00 INFO : Filtering template 82/96 segment 10/15
2026-09-06T21:14:39.649+01:00 INFO : Filtering template 82/96 segment 11/15
2026-09-06T21:14:39.657+01:00 INFO : Filtering template 82/96 segment 12/15
2026-09-06T21:14:39.666+01:00 INFO : Filtering template 82/96 segment 13/15
2026-09-06T21:14:39.674+01:00 INFO : Filtering template 82/96 segment 14/15
2026-09-06T21:14:39.682+01:00 INFO : Filtering template 82/96 segment 15/15
2026-09-06T21:14:39.691+01:00 INFO : 82: generating IMRPhenomD from 30.0 Hz
2026-09-06T21:14:39.693+01:00 INFO : Decompressing waveform using inline_linear
2026-09-06T21:14:39.696+01:00 INFO : Filtering template 83/96 segment 1/15
2026-09-06T21:14:39.705+01:00 INFO : 1 points above threshold
2026-09-06T21:14:39.714+01:00 INFO : Filtering template 83/96 segment 2/15
2026-09-06T21:14:39.722+01:00 INFO : Filtering template 83/96 segment 3/15
2026-09-06T21:14:39.730+01:00 INFO : Filtering template 83/96 segment 4/15
2026-09-06T21:14:39.739+01:00 INFO : Filtering template 83/96 segment 5/15
2026-09-06T21:14:39.747+01:00 INFO : 1 points above threshold
2026-09-06T21:14:39.750+01:00 INFO : Filtering template 83/96 segment 6/15
2026-09-06T21:14:39.758+01:00 INFO : 1 points above threshold
2026-09-06T21:14:39.761+01:00 INFO : Filtering template 83/96 segment 7/15
2026-09-06T21:14:39.769+01:00 INFO : 1 points above threshold
2026-09-06T21:14:39.772+01:00 INFO : Filtering template 83/96 segment 8/15
2026-09-06T21:14:39.780+01:00 INFO : 1 points above threshold
2026-09-06T21:14:39.783+01:00 INFO : Filtering template 83/96 segment 9/15
2026-09-06T21:14:39.791+01:00 INFO : Filtering template 83/96 segment 10/15
2026-09-06T21:14:39.800+01:00 INFO : 2 points above threshold
2026-09-06T21:14:39.803+01:00 INFO : Filtering template 83/96 segment 11/15
2026-09-06T21:14:39.812+01:00 INFO : 1 points above threshold
2026-09-06T21:14:39.814+01:00 INFO : Filtering template 83/96 segment 12/15
2026-09-06T21:14:39.823+01:00 INFO : Filtering template 83/96 segment 13/15
2026-09-06T21:14:39.831+01:00 INFO : 3 points above threshold
2026-09-06T21:14:39.836+01:00 INFO : Filtering template 83/96 segment 14/15
2026-09-06T21:14:39.844+01:00 INFO : 1 points above threshold
2026-09-06T21:14:39.847+01:00 INFO : Filtering template 83/96 segment 15/15
2026-09-06T21:14:39.856+01:00 INFO : 83: generating IMRPhenomD from 30.0 Hz
2026-09-06T21:14:39.858+01:00 INFO : Decompressing waveform using inline_linear
2026-09-06T21:14:39.860+01:00 INFO : Filtering template 84/96 segment 1/15
2026-09-06T21:14:39.870+01:00 INFO : Filtering template 84/96 segment 2/15
2026-09-06T21:14:39.878+01:00 INFO : Filtering template 84/96 segment 3/15
2026-09-06T21:14:39.887+01:00 INFO : Filtering template 84/96 segment 4/15
2026-09-06T21:14:39.896+01:00 INFO : Filtering template 84/96 segment 5/15
2026-09-06T21:14:39.904+01:00 INFO : Filtering template 84/96 segment 6/15
2026-09-06T21:14:39.913+01:00 INFO : Filtering template 84/96 segment 7/15
2026-09-06T21:14:39.921+01:00 INFO : 1 points above threshold
2026-09-06T21:14:39.930+01:00 INFO : Filtering template 84/96 segment 8/15
2026-09-06T21:14:39.938+01:00 INFO : Filtering template 84/96 segment 9/15
2026-09-06T21:14:39.947+01:00 INFO : Filtering template 84/96 segment 10/15
2026-09-06T21:14:39.955+01:00 INFO : 1 points above threshold
2026-09-06T21:14:39.958+01:00 INFO : Filtering template 84/96 segment 11/15
2026-09-06T21:14:39.966+01:00 INFO : 1 points above threshold
2026-09-06T21:14:39.969+01:00 INFO : Filtering template 84/96 segment 12/15
2026-09-06T21:14:39.977+01:00 INFO : 1 points above threshold
2026-09-06T21:14:39.980+01:00 INFO : Filtering template 84/96 segment 13/15
2026-09-06T21:14:39.988+01:00 INFO : Filtering template 84/96 segment 14/15
2026-09-06T21:14:39.997+01:00 INFO : Filtering template 84/96 segment 15/15
2026-09-06T21:14:40.006+01:00 INFO : 84: generating IMRPhenomD from 30.0 Hz
2026-09-06T21:14:40.008+01:00 INFO : Decompressing waveform using inline_linear
2026-09-06T21:14:40.010+01:00 INFO : Filtering template 85/96 segment 1/15
2026-09-06T21:14:40.020+01:00 INFO : Filtering template 85/96 segment 2/15
2026-09-06T21:14:40.028+01:00 INFO : 2 points above threshold
2026-09-06T21:14:40.038+01:00 INFO : Filtering template 85/96 segment 3/15
2026-09-06T21:14:40.046+01:00 INFO : Filtering template 85/96 segment 4/15
2026-09-06T21:14:40.054+01:00 INFO : 1 points above threshold
2026-09-06T21:14:40.057+01:00 INFO : Filtering template 85/96 segment 5/15
2026-09-06T21:14:40.065+01:00 INFO : Filtering template 85/96 segment 6/15
2026-09-06T21:14:40.074+01:00 INFO : 1 points above threshold
2026-09-06T21:14:40.077+01:00 INFO : Filtering template 85/96 segment 7/15
2026-09-06T21:14:40.085+01:00 INFO : 1 points above threshold
2026-09-06T21:14:40.088+01:00 INFO : Filtering template 85/96 segment 8/15
2026-09-06T21:14:40.096+01:00 INFO : Filtering template 85/96 segment 9/15
2026-09-06T21:14:40.104+01:00 INFO : Filtering template 85/96 segment 10/15
2026-09-06T21:14:40.113+01:00 INFO : 1 points above threshold
2026-09-06T21:14:40.115+01:00 INFO : Filtering template 85/96 segment 11/15
2026-09-06T21:14:40.124+01:00 INFO : 1 points above threshold
2026-09-06T21:14:40.127+01:00 INFO : Filtering template 85/96 segment 12/15
2026-09-06T21:14:40.135+01:00 INFO : 1 points above threshold
2026-09-06T21:14:40.138+01:00 INFO : Filtering template 85/96 segment 13/15
2026-09-06T21:14:40.146+01:00 INFO : 2 points above threshold
2026-09-06T21:14:40.149+01:00 INFO : Filtering template 85/96 segment 14/15
2026-09-06T21:14:40.158+01:00 INFO : Filtering template 85/96 segment 15/15
2026-09-06T21:14:40.167+01:00 INFO : 85: generating IMRPhenomD from 30.0 Hz
2026-09-06T21:14:40.169+01:00 INFO : Decompressing waveform using inline_linear
2026-09-06T21:14:40.171+01:00 INFO : Filtering template 86/96 segment 1/15
2026-09-06T21:14:40.181+01:00 INFO : 1 points above threshold
2026-09-06T21:14:40.189+01:00 INFO : Filtering template 86/96 segment 2/15
2026-09-06T21:14:40.198+01:00 INFO : 1 points above threshold
2026-09-06T21:14:40.200+01:00 INFO : Filtering template 86/96 segment 3/15
2026-09-06T21:14:40.209+01:00 INFO : Filtering template 86/96 segment 4/15
2026-09-06T21:14:40.217+01:00 INFO : 1 points above threshold
2026-09-06T21:14:40.220+01:00 INFO : Filtering template 86/96 segment 5/15
2026-09-06T21:14:40.228+01:00 INFO : Filtering template 86/96 segment 6/15
2026-09-06T21:14:40.236+01:00 INFO : Filtering template 86/96 segment 7/15
2026-09-06T21:14:40.245+01:00 INFO : Filtering template 86/96 segment 8/15
2026-09-06T21:14:40.253+01:00 INFO : Filtering template 86/96 segment 9/15
2026-09-06T21:14:40.262+01:00 INFO : 1 points above threshold
2026-09-06T21:14:40.265+01:00 INFO : Filtering template 86/96 segment 10/15
2026-09-06T21:14:40.273+01:00 INFO : 1 points above threshold
2026-09-06T21:14:40.276+01:00 INFO : Filtering template 86/96 segment 11/15
2026-09-06T21:14:40.284+01:00 INFO : Filtering template 86/96 segment 12/15
2026-09-06T21:14:40.292+01:00 INFO : Filtering template 86/96 segment 13/15
2026-09-06T21:14:40.301+01:00 INFO : 2 points above threshold
2026-09-06T21:14:40.304+01:00 INFO : Filtering template 86/96 segment 14/15
2026-09-06T21:14:40.313+01:00 INFO : Filtering template 86/96 segment 15/15
2026-09-06T21:14:40.321+01:00 INFO : 86: generating IMRPhenomD from 30.0 Hz
2026-09-06T21:14:40.323+01:00 INFO : Decompressing waveform using inline_linear
2026-09-06T21:14:40.326+01:00 INFO : Filtering template 87/96 segment 1/15
2026-09-06T21:14:40.336+01:00 INFO : 1 points above threshold
2026-09-06T21:14:40.344+01:00 INFO : Filtering template 87/96 segment 2/15
2026-09-06T21:14:40.352+01:00 INFO : Filtering template 87/96 segment 3/15
2026-09-06T21:14:40.361+01:00 INFO : Filtering template 87/96 segment 4/15
2026-09-06T21:14:40.369+01:00 INFO : Filtering template 87/96 segment 5/15
2026-09-06T21:14:40.378+01:00 INFO : Filtering template 87/96 segment 6/15
2026-09-06T21:14:40.386+01:00 INFO : 2 points above threshold
2026-09-06T21:14:40.390+01:00 INFO : Filtering template 87/96 segment 7/15
2026-09-06T21:14:40.398+01:00 INFO : 1 points above threshold
2026-09-06T21:14:40.401+01:00 INFO : Filtering template 87/96 segment 8/15
2026-09-06T21:14:40.409+01:00 INFO : Filtering template 87/96 segment 9/15
2026-09-06T21:14:40.418+01:00 INFO : Filtering template 87/96 segment 10/15
2026-09-06T21:14:40.426+01:00 INFO : Filtering template 87/96 segment 11/15
2026-09-06T21:14:40.435+01:00 INFO : 1 points above threshold
2026-09-06T21:14:40.437+01:00 INFO : Filtering template 87/96 segment 12/15
2026-09-06T21:14:40.446+01:00 INFO : Filtering template 87/96 segment 13/15
2026-09-06T21:14:40.454+01:00 INFO : 1 points above threshold
2026-09-06T21:14:40.457+01:00 INFO : Filtering template 87/96 segment 14/15
2026-09-06T21:14:40.465+01:00 INFO : Filtering template 87/96 segment 15/15
2026-09-06T21:14:40.474+01:00 INFO : 87: generating IMRPhenomD from 30.0 Hz
2026-09-06T21:14:40.476+01:00 INFO : Decompressing waveform using inline_linear
2026-09-06T21:14:40.479+01:00 INFO : Filtering template 88/96 segment 1/15
2026-09-06T21:14:40.488+01:00 INFO : Filtering template 88/96 segment 2/15
2026-09-06T21:14:40.497+01:00 INFO : 1 points above threshold
2026-09-06T21:14:40.505+01:00 INFO : Filtering template 88/96 segment 3/15
2026-09-06T21:14:40.514+01:00 INFO : 1 points above threshold
2026-09-06T21:14:40.516+01:00 INFO : Filtering template 88/96 segment 4/15
2026-09-06T21:14:40.525+01:00 INFO : Filtering template 88/96 segment 5/15
2026-09-06T21:14:40.533+01:00 INFO : Filtering template 88/96 segment 6/15
2026-09-06T21:14:40.542+01:00 INFO : 1 points above threshold
2026-09-06T21:14:40.544+01:00 INFO : Filtering template 88/96 segment 7/15
2026-09-06T21:14:40.553+01:00 INFO : Filtering template 88/96 segment 8/15
2026-09-06T21:14:40.561+01:00 INFO : Filtering template 88/96 segment 9/15
2026-09-06T21:14:40.569+01:00 INFO : Filtering template 88/96 segment 10/15
2026-09-06T21:14:40.578+01:00 INFO : Filtering template 88/96 segment 11/15
2026-09-06T21:14:40.586+01:00 INFO : Filtering template 88/96 segment 12/15
2026-09-06T21:14:40.595+01:00 INFO : Filtering template 88/96 segment 13/15
2026-09-06T21:14:40.603+01:00 INFO : 2 points above threshold
2026-09-06T21:14:40.607+01:00 INFO : Filtering template 88/96 segment 14/15
2026-09-06T21:14:40.616+01:00 INFO : Filtering template 88/96 segment 15/15
2026-09-06T21:14:40.624+01:00 INFO : 88: generating IMRPhenomD from 30.0 Hz
2026-09-06T21:14:40.626+01:00 INFO : Decompressing waveform using inline_linear
2026-09-06T21:14:40.629+01:00 INFO : Filtering template 89/96 segment 1/15
2026-09-06T21:14:40.638+01:00 INFO : 2 points above threshold
2026-09-06T21:14:40.648+01:00 INFO : Filtering template 89/96 segment 2/15
2026-09-06T21:14:40.656+01:00 INFO : Filtering template 89/96 segment 3/15
2026-09-06T21:14:40.665+01:00 INFO : Filtering template 89/96 segment 4/15
2026-09-06T21:14:40.673+01:00 INFO : Filtering template 89/96 segment 5/15
2026-09-06T21:14:40.681+01:00 INFO : Filtering template 89/96 segment 6/15
2026-09-06T21:14:40.690+01:00 INFO : 1 points above threshold
2026-09-06T21:14:40.692+01:00 INFO : Filtering template 89/96 segment 7/15
2026-09-06T21:14:40.701+01:00 INFO : 2 points above threshold
2026-09-06T21:14:40.704+01:00 INFO : Filtering template 89/96 segment 8/15
2026-09-06T21:14:40.713+01:00 INFO : Filtering template 89/96 segment 9/15
2026-09-06T21:14:40.721+01:00 INFO : Filtering template 89/96 segment 10/15
2026-09-06T21:14:40.730+01:00 INFO : Filtering template 89/96 segment 11/15
2026-09-06T21:14:40.738+01:00 INFO : Filtering template 89/96 segment 12/15
2026-09-06T21:14:40.746+01:00 INFO : Filtering template 89/96 segment 13/15
2026-09-06T21:14:40.755+01:00 INFO : Filtering template 89/96 segment 14/15
2026-09-06T21:14:40.763+01:00 INFO : Filtering template 89/96 segment 15/15
2026-09-06T21:14:40.772+01:00 INFO : 89: generating IMRPhenomD from 30.0 Hz
2026-09-06T21:14:40.774+01:00 INFO : Decompressing waveform using inline_linear
2026-09-06T21:14:40.777+01:00 INFO : Filtering template 90/96 segment 1/15
2026-09-06T21:14:40.786+01:00 INFO : Filtering template 90/96 segment 2/15
2026-09-06T21:14:40.795+01:00 INFO : Filtering template 90/96 segment 3/15
2026-09-06T21:14:40.803+01:00 INFO : Filtering template 90/96 segment 4/15
2026-09-06T21:14:40.811+01:00 INFO : 1 points above threshold
2026-09-06T21:14:40.820+01:00 INFO : Filtering template 90/96 segment 5/15
2026-09-06T21:14:40.828+01:00 INFO : Filtering template 90/96 segment 6/15
2026-09-06T21:14:40.837+01:00 INFO : Filtering template 90/96 segment 7/15
2026-09-06T21:14:40.845+01:00 INFO : 2 points above threshold
2026-09-06T21:14:40.849+01:00 INFO : Filtering template 90/96 segment 8/15
2026-09-06T21:14:40.857+01:00 INFO : 1 points above threshold
2026-09-06T21:14:40.860+01:00 INFO : Filtering template 90/96 segment 9/15
2026-09-06T21:14:40.868+01:00 INFO : Filtering template 90/96 segment 10/15
2026-09-06T21:14:40.877+01:00 INFO : Filtering template 90/96 segment 11/15
2026-09-06T21:14:40.885+01:00 INFO : Filtering template 90/96 segment 12/15
2026-09-06T21:14:40.893+01:00 INFO : Filtering template 90/96 segment 13/15
2026-09-06T21:14:40.902+01:00 INFO : 1 points above threshold
2026-09-06T21:14:40.905+01:00 INFO : Filtering template 90/96 segment 14/15
2026-09-06T21:14:40.913+01:00 INFO : Filtering template 90/96 segment 15/15
2026-09-06T21:14:40.922+01:00 INFO : 90: generating IMRPhenomD from 30.0 Hz
2026-09-06T21:14:40.924+01:00 INFO : Decompressing waveform using inline_linear
2026-09-06T21:14:40.926+01:00 INFO : Filtering template 91/96 segment 1/15
2026-09-06T21:14:40.936+01:00 INFO : Filtering template 91/96 segment 2/15
2026-09-06T21:14:40.944+01:00 INFO : Filtering template 91/96 segment 3/15
2026-09-06T21:14:40.953+01:00 INFO : Filtering template 91/96 segment 4/15
2026-09-06T21:14:40.961+01:00 INFO : Filtering template 91/96 segment 5/15
2026-09-06T21:14:40.970+01:00 INFO : Filtering template 91/96 segment 6/15
2026-09-06T21:14:40.978+01:00 INFO : 2 points above threshold
2026-09-06T21:14:40.987+01:00 INFO : Filtering template 91/96 segment 7/15
2026-09-06T21:14:40.996+01:00 INFO : Filtering template 91/96 segment 8/15
2026-09-06T21:14:41.004+01:00 INFO : 3 points above threshold
2026-09-06T21:14:41.009+01:00 INFO : Filtering template 91/96 segment 9/15
2026-09-06T21:14:41.018+01:00 INFO : Filtering template 91/96 segment 10/15
2026-09-06T21:14:41.026+01:00 INFO : Filtering template 91/96 segment 11/15
2026-09-06T21:14:41.035+01:00 INFO : Filtering template 91/96 segment 12/15
2026-09-06T21:14:41.044+01:00 INFO : Filtering template 91/96 segment 13/15
2026-09-06T21:14:41.052+01:00 INFO : 1 points above threshold
2026-09-06T21:14:41.055+01:00 INFO : Filtering template 91/96 segment 14/15
2026-09-06T21:14:41.063+01:00 INFO : Filtering template 91/96 segment 15/15
2026-09-06T21:14:41.072+01:00 INFO : 91: generating IMRPhenomD from 30.0 Hz
2026-09-06T21:14:41.086+01:00 INFO : Decompressing waveform using inline_linear
2026-09-06T21:14:41.088+01:00 INFO : Filtering template 92/96 segment 1/15
2026-09-06T21:14:41.102+01:00 INFO : 1 points above threshold
2026-09-06T21:14:41.114+01:00 INFO : Filtering template 92/96 segment 2/15
2026-09-06T21:14:41.123+01:00 INFO : 1 points above threshold
2026-09-06T21:14:41.125+01:00 INFO : Filtering template 92/96 segment 3/15
2026-09-06T21:14:41.134+01:00 INFO : Filtering template 92/96 segment 4/15
2026-09-06T21:14:41.142+01:00 INFO : Filtering template 92/96 segment 5/15
2026-09-06T21:14:41.151+01:00 INFO : Filtering template 92/96 segment 6/15
2026-09-06T21:14:41.159+01:00 INFO : 1 points above threshold
2026-09-06T21:14:41.162+01:00 INFO : Filtering template 92/96 segment 7/15
2026-09-06T21:14:41.170+01:00 INFO : 1 points above threshold
2026-09-06T21:14:41.173+01:00 INFO : Filtering template 92/96 segment 8/15
2026-09-06T21:14:41.181+01:00 INFO : 1 points above threshold
2026-09-06T21:14:41.184+01:00 INFO : Filtering template 92/96 segment 9/15
2026-09-06T21:14:41.192+01:00 INFO : Filtering template 92/96 segment 10/15
2026-09-06T21:14:41.201+01:00 INFO : 1 points above threshold
2026-09-06T21:14:41.204+01:00 INFO : Filtering template 92/96 segment 11/15
2026-09-06T21:14:41.212+01:00 INFO : Filtering template 92/96 segment 12/15
2026-09-06T21:14:41.221+01:00 INFO : Filtering template 92/96 segment 13/15
2026-09-06T21:14:41.229+01:00 INFO : Filtering template 92/96 segment 14/15
2026-09-06T21:14:41.238+01:00 INFO : 1 points above threshold
2026-09-06T21:14:41.240+01:00 INFO : Filtering template 92/96 segment 15/15
2026-09-06T21:14:41.249+01:00 INFO : 92: generating IMRPhenomD from 30.0 Hz
2026-09-06T21:14:41.251+01:00 INFO : Decompressing waveform using inline_linear
2026-09-06T21:14:41.254+01:00 INFO : Filtering template 93/96 segment 1/15
2026-09-06T21:14:41.263+01:00 INFO : Filtering template 93/96 segment 2/15
2026-09-06T21:14:41.272+01:00 INFO : Filtering template 93/96 segment 3/15
2026-09-06T21:14:41.280+01:00 INFO : Filtering template 93/96 segment 4/15
2026-09-06T21:14:41.289+01:00 INFO : 1 points above threshold
2026-09-06T21:14:41.297+01:00 INFO : Filtering template 93/96 segment 5/15
2026-09-06T21:14:41.305+01:00 INFO : 1 points above threshold
2026-09-06T21:14:41.308+01:00 INFO : Filtering template 93/96 segment 6/15
2026-09-06T21:14:41.317+01:00 INFO : 1 points above threshold
2026-09-06T21:14:41.319+01:00 INFO : Filtering template 93/96 segment 7/15
2026-09-06T21:14:41.328+01:00 INFO : 1 points above threshold
2026-09-06T21:14:41.330+01:00 INFO : Filtering template 93/96 segment 8/15
2026-09-06T21:14:41.339+01:00 INFO : 1 points above threshold
2026-09-06T21:14:41.341+01:00 INFO : Filtering template 93/96 segment 9/15
2026-09-06T21:14:41.350+01:00 INFO : 1 points above threshold
2026-09-06T21:14:41.353+01:00 INFO : Filtering template 93/96 segment 10/15
2026-09-06T21:14:41.361+01:00 INFO : 1 points above threshold
2026-09-06T21:14:41.364+01:00 INFO : Filtering template 93/96 segment 11/15
2026-09-06T21:14:41.372+01:00 INFO : Filtering template 93/96 segment 12/15
2026-09-06T21:14:41.380+01:00 INFO : Filtering template 93/96 segment 13/15
2026-09-06T21:14:41.389+01:00 INFO : 1 points above threshold
2026-09-06T21:14:41.392+01:00 INFO : Filtering template 93/96 segment 14/15
2026-09-06T21:14:41.400+01:00 INFO : Filtering template 93/96 segment 15/15
2026-09-06T21:14:41.409+01:00 INFO : 93: generating IMRPhenomD from 30.0 Hz
2026-09-06T21:14:41.411+01:00 INFO : Decompressing waveform using inline_linear
2026-09-06T21:14:41.413+01:00 INFO : Filtering template 94/96 segment 1/15
2026-09-06T21:14:41.423+01:00 INFO : 1 points above threshold
2026-09-06T21:14:41.431+01:00 INFO : Filtering template 94/96 segment 2/15
2026-09-06T21:14:41.440+01:00 INFO : Filtering template 94/96 segment 3/15
2026-09-06T21:14:41.448+01:00 INFO : Filtering template 94/96 segment 4/15
2026-09-06T21:14:41.456+01:00 INFO : Filtering template 94/96 segment 5/15
2026-09-06T21:14:41.465+01:00 INFO : 1 points above threshold
2026-09-06T21:14:41.468+01:00 INFO : Filtering template 94/96 segment 6/15
2026-09-06T21:14:41.476+01:00 INFO : 1 points above threshold
2026-09-06T21:14:41.479+01:00 INFO : Filtering template 94/96 segment 7/15
2026-09-06T21:14:41.487+01:00 INFO : Filtering template 94/96 segment 8/15
2026-09-06T21:14:41.496+01:00 INFO : 4 points above threshold
2026-09-06T21:14:41.500+01:00 INFO : Filtering template 94/96 segment 9/15
2026-09-06T21:14:41.509+01:00 INFO : Filtering template 94/96 segment 10/15
2026-09-06T21:14:41.518+01:00 INFO : Filtering template 94/96 segment 11/15
2026-09-06T21:14:41.526+01:00 INFO : Filtering template 94/96 segment 12/15
2026-09-06T21:14:41.534+01:00 INFO : Filtering template 94/96 segment 13/15
2026-09-06T21:14:41.543+01:00 INFO : 1 points above threshold
2026-09-06T21:14:41.546+01:00 INFO : Filtering template 94/96 segment 14/15
2026-09-06T21:14:41.554+01:00 INFO : 1 points above threshold
2026-09-06T21:14:41.557+01:00 INFO : Filtering template 94/96 segment 15/15
2026-09-06T21:14:41.565+01:00 INFO : 94: generating IMRPhenomD from 30.0 Hz
2026-09-06T21:14:41.567+01:00 INFO : Decompressing waveform using inline_linear
2026-09-06T21:14:41.570+01:00 INFO : Filtering template 95/96 segment 1/15
2026-09-06T21:14:41.580+01:00 INFO : 2 points above threshold
2026-09-06T21:14:41.589+01:00 INFO : Filtering template 95/96 segment 2/15
2026-09-06T21:14:41.598+01:00 INFO : 1 points above threshold
2026-09-06T21:14:41.601+01:00 INFO : Filtering template 95/96 segment 3/15
2026-09-06T21:14:41.611+01:00 INFO : Filtering template 95/96 segment 4/15
2026-09-06T21:14:41.620+01:00 INFO : Filtering template 95/96 segment 5/15
2026-09-06T21:14:41.629+01:00 INFO : Filtering template 95/96 segment 6/15
2026-09-06T21:14:41.639+01:00 INFO : 2 points above threshold
2026-09-06T21:14:41.643+01:00 INFO : Filtering template 95/96 segment 7/15
2026-09-06T21:14:41.652+01:00 INFO : Filtering template 95/96 segment 8/15
2026-09-06T21:14:41.662+01:00 INFO : Filtering template 95/96 segment 9/15
2026-09-06T21:14:41.671+01:00 INFO : 1 points above threshold
2026-09-06T21:14:41.674+01:00 INFO : Filtering template 95/96 segment 10/15
2026-09-06T21:14:41.684+01:00 INFO : Filtering template 95/96 segment 11/15
2026-09-06T21:14:41.694+01:00 INFO : Filtering template 95/96 segment 12/15
2026-09-06T21:14:41.703+01:00 INFO : 1 points above threshold
2026-09-06T21:14:41.706+01:00 INFO : Filtering template 95/96 segment 13/15
2026-09-06T21:14:41.714+01:00 INFO : Filtering template 95/96 segment 14/15
2026-09-06T21:14:41.723+01:00 INFO : Filtering template 95/96 segment 15/15
2026-09-06T21:14:41.732+01:00 INFO : 95: generating IMRPhenomD from 30.0 Hz
2026-09-06T21:14:41.734+01:00 INFO : Decompressing waveform using inline_linear
2026-09-06T21:14:41.737+01:00 INFO : Filtering template 96/96 segment 1/15
2026-09-06T21:14:41.746+01:00 INFO : 1 points above threshold
2026-09-06T21:14:41.754+01:00 INFO : Filtering template 96/96 segment 2/15
2026-09-06T21:14:41.763+01:00 INFO : Filtering template 96/96 segment 3/15
2026-09-06T21:14:41.771+01:00 INFO : 1 points above threshold
2026-09-06T21:14:41.774+01:00 INFO : Filtering template 96/96 segment 4/15
2026-09-06T21:14:41.782+01:00 INFO : Filtering template 96/96 segment 5/15
2026-09-06T21:14:41.791+01:00 INFO : Filtering template 96/96 segment 6/15
2026-09-06T21:14:41.799+01:00 INFO : Filtering template 96/96 segment 7/15
2026-09-06T21:14:41.808+01:00 INFO : Filtering template 96/96 segment 8/15
2026-09-06T21:14:41.817+01:00 INFO : Filtering template 96/96 segment 9/15
2026-09-06T21:14:41.825+01:00 INFO : Filtering template 96/96 segment 10/15
2026-09-06T21:14:41.834+01:00 INFO : Filtering template 96/96 segment 11/15
2026-09-06T21:14:41.842+01:00 INFO : Filtering template 96/96 segment 12/15
2026-09-06T21:14:41.850+01:00 INFO : 1 points above threshold
2026-09-06T21:14:41.854+01:00 INFO : Filtering template 96/96 segment 13/15
2026-09-06T21:14:41.862+01:00 INFO : Filtering template 96/96 segment 14/15
2026-09-06T21:14:41.870+01:00 INFO : Filtering template 96/96 segment 15/15
2026-09-06T21:14:41.879+01:00 INFO : We currently have 532 triggers
2026-09-06T21:14:41.879+01:00 INFO : Removing triggers with NewSNR below threshold
2026-09-06T21:14:41.880+01:00 INFO : 479 remaining triggers
2026-09-06T21:14:41.880+01:00 INFO : Outputting 479 triggers
2026-09-06T21:14:41.880+01:00 INFO : Writing out triggers
2026-09-06T21:14:41.890+01:00 INFO : Finished
