2026-09-08T16:02:02.416+01:00 INFO : Running with Torch support on device cpu
2026-09-08T16:02:02.416+01:00 INFO : Reading Frames
2026-09-08T16:02:05.833+01:00 INFO : Highpass Filtering
2026-09-08T16:02:06.288+01:00 INFO : Resampling data
2026-09-08T16:02:06.298+01:00 INFO : Converting to float32
/home/xangma/pycbc-torch-precision-validation-20260908/corrected-baseline-campaign/proposed/pycbc/types/array.py:872: RuntimeWarning: divide by zero encountered in divide
  return self._data.__rtruediv__(other)
2026-09-08T16:02:09.840+01:00 INFO : Highpass Filtering
2026-09-08T16:02:10.291+01:00 INFO : Remove Padding
2026-09-08T16:02:10.314+01:00 INFO : Making frequency-domain data segments
2026-09-08T16:02:12.613+01:00 INFO : Overwhitening frequency-domain data segments
2026-09-08T16:02:12.637+01:00 INFO : Read in template bank
2026-09-08T16:02:12.647+01:00 INFO : Full template bank size: 384
2026-09-08T16:02:12.647+01:00 INFO : Template bank size after thinning: 384
2026-09-08T16:02:12.651+01:00 INFO : 0: generating IMRPhenomD from 30.0 Hz
2026-09-08T16:02:12.654+01:00 INFO : Decompressing waveform using inline_linear
2026-09-08T16:02:12.661+01:00 INFO : Filtering template 1/384 segment 1/5
2026-09-08T16:02:12.725+01:00 INFO : 1 points above threshold
2026-09-08T16:02:12.757+01:00 INFO : Filtering template 1/384 segment 2/5
2026-09-08T16:02:12.794+01:00 INFO : Filtering template 1/384 segment 3/5
2026-09-08T16:02:12.831+01:00 INFO : 1 points above threshold
2026-09-08T16:02:12.837+01:00 INFO : Filtering template 1/384 segment 4/5
2026-09-08T16:02:12.874+01:00 INFO : Filtering template 1/384 segment 5/5
2026-09-08T16:02:12.911+01:00 INFO : 1 points above threshold
2026-09-08T16:02:12.917+01:00 INFO : 1: generating IMRPhenomD from 30.0 Hz
2026-09-08T16:02:12.920+01:00 INFO : Decompressing waveform using inline_linear
2026-09-08T16:02:12.925+01:00 INFO : Filtering template 2/384 segment 1/5
2026-09-08T16:02:12.965+01:00 INFO : 1 points above threshold
2026-09-08T16:02:12.981+01:00 INFO : Filtering template 2/384 segment 2/5
2026-09-08T16:02:13.018+01:00 INFO : 1 points above threshold
2026-09-08T16:02:13.024+01:00 INFO : Filtering template 2/384 segment 3/5
2026-09-08T16:02:13.061+01:00 INFO : 2 points above threshold
2026-09-08T16:02:13.068+01:00 INFO : Filtering template 2/384 segment 4/5
2026-09-08T16:02:13.105+01:00 INFO : Filtering template 2/384 segment 5/5
2026-09-08T16:02:13.142+01:00 INFO : 1 points above threshold
2026-09-08T16:02:13.148+01:00 INFO : 2: generating IMRPhenomD from 30.0 Hz
2026-09-08T16:02:13.151+01:00 INFO : Decompressing waveform using inline_linear
2026-09-08T16:02:13.156+01:00 INFO : Filtering template 3/384 segment 1/5
2026-09-08T16:02:13.196+01:00 INFO : 3 points above threshold
2026-09-08T16:02:13.215+01:00 INFO : Filtering template 3/384 segment 2/5
2026-09-08T16:02:13.253+01:00 INFO : Filtering template 3/384 segment 3/5
2026-09-08T16:02:13.290+01:00 INFO : 1 points above threshold
2026-09-08T16:02:13.296+01:00 INFO : Filtering template 3/384 segment 4/5
2026-09-08T16:02:13.332+01:00 INFO : 1 points above threshold
2026-09-08T16:02:13.338+01:00 INFO : Filtering template 3/384 segment 5/5
2026-09-08T16:02:13.376+01:00 INFO : 3: generating IMRPhenomD from 30.0 Hz
2026-09-08T16:02:13.378+01:00 INFO : Decompressing waveform using inline_linear
2026-09-08T16:02:13.383+01:00 INFO : Filtering template 4/384 segment 1/5
2026-09-08T16:02:13.423+01:00 INFO : 1 points above threshold
2026-09-08T16:02:13.438+01:00 INFO : Filtering template 4/384 segment 2/5
2026-09-08T16:02:13.475+01:00 INFO : 1 points above threshold
2026-09-08T16:02:13.481+01:00 INFO : Filtering template 4/384 segment 3/5
2026-09-08T16:02:13.519+01:00 INFO : 2 points above threshold
2026-09-08T16:02:13.526+01:00 INFO : Filtering template 4/384 segment 4/5
2026-09-08T16:02:13.564+01:00 INFO : 2 points above threshold
2026-09-08T16:02:13.571+01:00 INFO : Filtering template 4/384 segment 5/5
2026-09-08T16:02:13.608+01:00 INFO : 2 points above threshold
2026-09-08T16:02:13.616+01:00 INFO : 4: generating IMRPhenomD from 30.0 Hz
2026-09-08T16:02:13.619+01:00 INFO : Decompressing waveform using inline_linear
2026-09-08T16:02:13.624+01:00 INFO : Filtering template 5/384 segment 1/5
2026-09-08T16:02:13.664+01:00 INFO : 1 points above threshold
2026-09-08T16:02:13.679+01:00 INFO : Filtering template 5/384 segment 2/5
2026-09-08T16:02:13.716+01:00 INFO : 2 points above threshold
2026-09-08T16:02:13.725+01:00 INFO : Filtering template 5/384 segment 3/5
2026-09-08T16:02:13.762+01:00 INFO : 2 points above threshold
2026-09-08T16:02:13.770+01:00 INFO : Filtering template 5/384 segment 4/5
2026-09-08T16:02:13.807+01:00 INFO : 2 points above threshold
2026-09-08T16:02:13.814+01:00 INFO : Filtering template 5/384 segment 5/5
2026-09-08T16:02:13.852+01:00 INFO : 5: generating IMRPhenomD from 30.0 Hz
2026-09-08T16:02:13.854+01:00 INFO : Decompressing waveform using inline_linear
2026-09-08T16:02:13.859+01:00 INFO : Filtering template 6/384 segment 1/5
2026-09-08T16:02:13.900+01:00 INFO : 1 points above threshold
2026-09-08T16:02:13.916+01:00 INFO : Filtering template 6/384 segment 2/5
2026-09-08T16:02:13.957+01:00 INFO : Filtering template 6/384 segment 3/5
2026-09-08T16:02:13.997+01:00 INFO : Filtering template 6/384 segment 4/5
2026-09-08T16:02:14.034+01:00 INFO : Filtering template 6/384 segment 5/5
2026-09-08T16:02:14.071+01:00 INFO : 1 points above threshold
2026-09-08T16:02:14.077+01:00 INFO : 6: generating IMRPhenomD from 30.0 Hz
2026-09-08T16:02:14.080+01:00 INFO : Decompressing waveform using inline_linear
2026-09-08T16:02:14.085+01:00 INFO : Filtering template 7/384 segment 1/5
2026-09-08T16:02:14.125+01:00 INFO : 2 points above threshold
2026-09-08T16:02:14.142+01:00 INFO : Filtering template 7/384 segment 2/5
2026-09-08T16:02:14.179+01:00 INFO : Filtering template 7/384 segment 3/5
2026-09-08T16:02:14.216+01:00 INFO : Filtering template 7/384 segment 4/5
2026-09-08T16:02:14.253+01:00 INFO : 1 points above threshold
2026-09-08T16:02:14.259+01:00 INFO : Filtering template 7/384 segment 5/5
2026-09-08T16:02:14.296+01:00 INFO : 7: generating IMRPhenomD from 30.0 Hz
2026-09-08T16:02:14.299+01:00 INFO : Decompressing waveform using inline_linear
2026-09-08T16:02:14.304+01:00 INFO : Filtering template 8/384 segment 1/5
2026-09-08T16:02:14.344+01:00 INFO : 2 points above threshold
2026-09-08T16:02:14.361+01:00 INFO : Filtering template 8/384 segment 2/5
2026-09-08T16:02:14.398+01:00 INFO : 1 points above threshold
2026-09-08T16:02:14.404+01:00 INFO : Filtering template 8/384 segment 3/5
2026-09-08T16:02:14.440+01:00 INFO : 4 points above threshold
2026-09-08T16:02:14.450+01:00 INFO : Filtering template 8/384 segment 4/5
2026-09-08T16:02:14.487+01:00 INFO : Filtering template 8/384 segment 5/5
2026-09-08T16:02:14.525+01:00 INFO : 8: generating IMRPhenomD from 30.0 Hz
2026-09-08T16:02:14.527+01:00 INFO : Decompressing waveform using inline_linear
2026-09-08T16:02:14.532+01:00 INFO : Filtering template 9/384 segment 1/5
2026-09-08T16:02:14.573+01:00 INFO : Filtering template 9/384 segment 2/5
2026-09-08T16:02:14.610+01:00 INFO : 1 points above threshold
2026-09-08T16:02:14.622+01:00 INFO : Filtering template 9/384 segment 3/5
2026-09-08T16:02:14.659+01:00 INFO : 2 points above threshold
2026-09-08T16:02:14.667+01:00 INFO : Filtering template 9/384 segment 4/5
2026-09-08T16:02:14.704+01:00 INFO : 1 points above threshold
2026-09-08T16:02:14.710+01:00 INFO : Filtering template 9/384 segment 5/5
2026-09-08T16:02:14.747+01:00 INFO : 3 points above threshold
2026-09-08T16:02:14.757+01:00 INFO : 9: generating IMRPhenomD from 30.0 Hz
2026-09-08T16:02:14.759+01:00 INFO : Decompressing waveform using inline_linear
2026-09-08T16:02:14.764+01:00 INFO : Filtering template 10/384 segment 1/5
2026-09-08T16:02:14.805+01:00 INFO : 1 points above threshold
2026-09-08T16:02:14.817+01:00 INFO : Filtering template 10/384 segment 2/5
2026-09-08T16:02:14.854+01:00 INFO : 1 points above threshold
2026-09-08T16:02:14.860+01:00 INFO : Filtering template 10/384 segment 3/5
2026-09-08T16:02:14.897+01:00 INFO : Filtering template 10/384 segment 4/5
2026-09-08T16:02:14.934+01:00 INFO : 2 points above threshold
2026-09-08T16:02:14.941+01:00 INFO : Filtering template 10/384 segment 5/5
2026-09-08T16:02:14.978+01:00 INFO : 1 points above threshold
2026-09-08T16:02:14.985+01:00 INFO : 10: generating IMRPhenomD from 30.0 Hz
2026-09-08T16:02:14.987+01:00 INFO : Decompressing waveform using inline_linear
2026-09-08T16:02:14.992+01:00 INFO : Filtering template 11/384 segment 1/5
2026-09-08T16:02:15.032+01:00 INFO : 2 points above threshold
2026-09-08T16:02:15.049+01:00 INFO : Filtering template 11/384 segment 2/5
2026-09-08T16:02:15.086+01:00 INFO : Filtering template 11/384 segment 3/5
2026-09-08T16:02:15.123+01:00 INFO : 1 points above threshold
2026-09-08T16:02:15.129+01:00 INFO : Filtering template 11/384 segment 4/5
2026-09-08T16:02:15.166+01:00 INFO : 1 points above threshold
2026-09-08T16:02:15.172+01:00 INFO : Filtering template 11/384 segment 5/5
2026-09-08T16:02:15.209+01:00 INFO : 1 points above threshold
2026-09-08T16:02:15.215+01:00 INFO : 11: generating IMRPhenomD from 30.0 Hz
2026-09-08T16:02:15.218+01:00 INFO : Decompressing waveform using inline_linear
2026-09-08T16:02:15.223+01:00 INFO : Filtering template 12/384 segment 1/5
2026-09-08T16:02:15.263+01:00 INFO : Filtering template 12/384 segment 2/5
2026-09-08T16:02:15.300+01:00 INFO : 1 points above threshold
2026-09-08T16:02:15.315+01:00 INFO : Filtering template 12/384 segment 3/5
2026-09-08T16:02:15.352+01:00 INFO : Filtering template 12/384 segment 4/5
2026-09-08T16:02:15.389+01:00 INFO : 1 points above threshold
2026-09-08T16:02:15.395+01:00 INFO : Filtering template 12/384 segment 5/5
2026-09-08T16:02:15.431+01:00 INFO : 1 points above threshold
2026-09-08T16:02:15.438+01:00 INFO : 12: generating IMRPhenomD from 30.0 Hz
2026-09-08T16:02:15.440+01:00 INFO : Decompressing waveform using inline_linear
2026-09-08T16:02:15.445+01:00 INFO : Filtering template 13/384 segment 1/5
2026-09-08T16:02:15.485+01:00 INFO : 1 points above threshold
2026-09-08T16:02:15.501+01:00 INFO : Filtering template 13/384 segment 2/5
2026-09-08T16:02:15.538+01:00 INFO : Filtering template 13/384 segment 3/5
2026-09-08T16:02:15.575+01:00 INFO : 2 points above threshold
2026-09-08T16:02:15.582+01:00 INFO : Filtering template 13/384 segment 4/5
2026-09-08T16:02:15.620+01:00 INFO : Filtering template 13/384 segment 5/5
2026-09-08T16:02:15.657+01:00 INFO : 2 points above threshold
2026-09-08T16:02:15.665+01:00 INFO : 13: generating IMRPhenomD from 30.0 Hz
2026-09-08T16:02:15.667+01:00 INFO : Decompressing waveform using inline_linear
2026-09-08T16:02:15.672+01:00 INFO : Filtering template 14/384 segment 1/5
2026-09-08T16:02:15.713+01:00 INFO : 2 points above threshold
2026-09-08T16:02:15.729+01:00 INFO : Filtering template 14/384 segment 2/5
2026-09-08T16:02:15.766+01:00 INFO : 1 points above threshold
2026-09-08T16:02:15.772+01:00 INFO : Filtering template 14/384 segment 3/5
2026-09-08T16:02:15.809+01:00 INFO : 2 points above threshold
2026-09-08T16:02:15.817+01:00 INFO : Filtering template 14/384 segment 4/5
2026-09-08T16:02:15.854+01:00 INFO : 2 points above threshold
2026-09-08T16:02:15.862+01:00 INFO : Filtering template 14/384 segment 5/5
2026-09-08T16:02:15.899+01:00 INFO : 3 points above threshold
2026-09-08T16:02:15.909+01:00 INFO : 14: generating IMRPhenomD from 30.0 Hz
2026-09-08T16:02:15.912+01:00 INFO : Decompressing waveform using inline_linear
2026-09-08T16:02:15.917+01:00 INFO : Filtering template 15/384 segment 1/5
2026-09-08T16:02:15.957+01:00 INFO : Filtering template 15/384 segment 2/5
2026-09-08T16:02:15.994+01:00 INFO : 3 points above threshold
2026-09-08T16:02:16.010+01:00 INFO : Filtering template 15/384 segment 3/5
2026-09-08T16:02:16.047+01:00 INFO : 1 points above threshold
2026-09-08T16:02:16.053+01:00 INFO : Filtering template 15/384 segment 4/5
2026-09-08T16:02:16.090+01:00 INFO : Filtering template 15/384 segment 5/5
2026-09-08T16:02:16.127+01:00 INFO : 1 points above threshold
2026-09-08T16:02:16.136+01:00 INFO : 15: generating IMRPhenomD from 30.0 Hz
2026-09-08T16:02:16.138+01:00 INFO : Decompressing waveform using inline_linear
2026-09-08T16:02:16.143+01:00 INFO : Filtering template 16/384 segment 1/5
2026-09-08T16:02:16.183+01:00 INFO : 3 points above threshold
2026-09-08T16:02:16.203+01:00 INFO : Filtering template 16/384 segment 2/5
2026-09-08T16:02:16.239+01:00 INFO : 1 points above threshold
2026-09-08T16:02:16.245+01:00 INFO : Filtering template 16/384 segment 3/5
2026-09-08T16:02:16.282+01:00 INFO : 3 points above threshold
2026-09-08T16:02:16.292+01:00 INFO : Filtering template 16/384 segment 4/5
2026-09-08T16:02:16.329+01:00 INFO : Filtering template 16/384 segment 5/5
2026-09-08T16:02:16.366+01:00 INFO : 16: generating IMRPhenomD from 30.0 Hz
2026-09-08T16:02:16.369+01:00 INFO : Decompressing waveform using inline_linear
2026-09-08T16:02:16.374+01:00 INFO : Filtering template 17/384 segment 1/5
2026-09-08T16:02:16.414+01:00 INFO : 1 points above threshold
2026-09-08T16:02:16.429+01:00 INFO : Filtering template 17/384 segment 2/5
2026-09-08T16:02:16.466+01:00 INFO : 1 points above threshold
2026-09-08T16:02:16.472+01:00 INFO : Filtering template 17/384 segment 3/5
2026-09-08T16:02:16.508+01:00 INFO : 2 points above threshold
2026-09-08T16:02:16.516+01:00 INFO : Filtering template 17/384 segment 4/5
2026-09-08T16:02:16.553+01:00 INFO : 1 points above threshold
2026-09-08T16:02:16.559+01:00 INFO : Filtering template 17/384 segment 5/5
2026-09-08T16:02:16.596+01:00 INFO : 1 points above threshold
2026-09-08T16:02:16.602+01:00 INFO : 17: generating IMRPhenomD from 30.0 Hz
2026-09-08T16:02:16.605+01:00 INFO : Decompressing waveform using inline_linear
2026-09-08T16:02:16.610+01:00 INFO : Filtering template 18/384 segment 1/5
2026-09-08T16:02:16.650+01:00 INFO : 1 points above threshold
2026-09-08T16:02:16.662+01:00 INFO : Filtering template 18/384 segment 2/5
2026-09-08T16:02:16.699+01:00 INFO : 1 points above threshold
2026-09-08T16:02:16.705+01:00 INFO : Filtering template 18/384 segment 3/5
2026-09-08T16:02:16.742+01:00 INFO : 1 points above threshold
2026-09-08T16:02:16.748+01:00 INFO : Filtering template 18/384 segment 4/5
2026-09-08T16:02:16.785+01:00 INFO : 1 points above threshold
2026-09-08T16:02:16.791+01:00 INFO : Filtering template 18/384 segment 5/5
2026-09-08T16:02:16.828+01:00 INFO : 1 points above threshold
2026-09-08T16:02:16.835+01:00 INFO : 18: generating IMRPhenomD from 30.0 Hz
2026-09-08T16:02:16.837+01:00 INFO : Decompressing waveform using inline_linear
2026-09-08T16:02:16.842+01:00 INFO : Filtering template 19/384 segment 1/5
2026-09-08T16:02:16.882+01:00 INFO : 2 points above threshold
2026-09-08T16:02:16.896+01:00 INFO : Filtering template 19/384 segment 2/5
2026-09-08T16:02:16.933+01:00 INFO : 2 points above threshold
2026-09-08T16:02:16.941+01:00 INFO : Filtering template 19/384 segment 3/5
2026-09-08T16:02:16.978+01:00 INFO : 4 points above threshold
2026-09-08T16:02:16.988+01:00 INFO : Filtering template 19/384 segment 4/5
2026-09-08T16:02:17.025+01:00 INFO : Filtering template 19/384 segment 5/5
2026-09-08T16:02:17.061+01:00 INFO : 1 points above threshold
2026-09-08T16:02:17.068+01:00 INFO : 19: generating IMRPhenomD from 30.0 Hz
2026-09-08T16:02:17.070+01:00 INFO : Decompressing waveform using inline_linear
2026-09-08T16:02:17.075+01:00 INFO : Filtering template 20/384 segment 1/5
2026-09-08T16:02:17.116+01:00 INFO : Filtering template 20/384 segment 2/5
2026-09-08T16:02:17.153+01:00 INFO : 1 points above threshold
2026-09-08T16:02:17.165+01:00 INFO : Filtering template 20/384 segment 3/5
2026-09-08T16:02:17.202+01:00 INFO : 1 points above threshold
2026-09-08T16:02:17.209+01:00 INFO : Filtering template 20/384 segment 4/5
2026-09-08T16:02:17.246+01:00 INFO : 1 points above threshold
2026-09-08T16:02:17.252+01:00 INFO : Filtering template 20/384 segment 5/5
2026-09-08T16:02:17.290+01:00 INFO : 20: generating IMRPhenomD from 30.0 Hz
2026-09-08T16:02:17.292+01:00 INFO : Decompressing waveform using inline_linear
2026-09-08T16:02:17.297+01:00 INFO : Filtering template 21/384 segment 1/5
2026-09-08T16:02:17.337+01:00 INFO : Filtering template 21/384 segment 2/5
2026-09-08T16:02:17.374+01:00 INFO : Filtering template 21/384 segment 3/5
2026-09-08T16:02:17.411+01:00 INFO : 3 points above threshold
2026-09-08T16:02:17.428+01:00 INFO : Filtering template 21/384 segment 4/5
2026-09-08T16:02:17.465+01:00 INFO : 1 points above threshold
2026-09-08T16:02:17.470+01:00 INFO : Filtering template 21/384 segment 5/5
2026-09-08T16:02:17.507+01:00 INFO : 1 points above threshold
2026-09-08T16:02:17.514+01:00 INFO : 21: generating IMRPhenomD from 30.0 Hz
2026-09-08T16:02:17.516+01:00 INFO : Decompressing waveform using inline_linear
2026-09-08T16:02:17.521+01:00 INFO : Filtering template 22/384 segment 1/5
2026-09-08T16:02:17.561+01:00 INFO : Filtering template 22/384 segment 2/5
2026-09-08T16:02:17.598+01:00 INFO : 2 points above threshold
2026-09-08T16:02:17.612+01:00 INFO : Filtering template 22/384 segment 3/5
2026-09-08T16:02:17.649+01:00 INFO : 2 points above threshold
2026-09-08T16:02:17.658+01:00 INFO : Filtering template 22/384 segment 4/5
2026-09-08T16:02:17.695+01:00 INFO : 1 points above threshold
2026-09-08T16:02:17.701+01:00 INFO : Filtering template 22/384 segment 5/5
2026-09-08T16:02:17.738+01:00 INFO : 1 points above threshold
2026-09-08T16:02:17.744+01:00 INFO : 22: generating IMRPhenomD from 30.0 Hz
2026-09-08T16:02:17.746+01:00 INFO : Decompressing waveform using inline_linear
2026-09-08T16:02:17.751+01:00 INFO : Filtering template 23/384 segment 1/5
2026-09-08T16:02:17.792+01:00 INFO : Filtering template 23/384 segment 2/5
2026-09-08T16:02:17.829+01:00 INFO : 3 points above threshold
2026-09-08T16:02:17.845+01:00 INFO : Filtering template 23/384 segment 3/5
2026-09-08T16:02:17.882+01:00 INFO : 1 points above threshold
2026-09-08T16:02:17.888+01:00 INFO : Filtering template 23/384 segment 4/5
2026-09-08T16:02:17.925+01:00 INFO : Filtering template 23/384 segment 5/5
2026-09-08T16:02:17.963+01:00 INFO : 23: generating IMRPhenomD from 30.0 Hz
2026-09-08T16:02:17.965+01:00 INFO : Decompressing waveform using inline_linear
2026-09-08T16:02:17.970+01:00 INFO : Filtering template 24/384 segment 1/5
2026-09-08T16:02:18.010+01:00 INFO : 4 points above threshold
2026-09-08T16:02:18.026+01:00 INFO : Filtering template 24/384 segment 2/5
2026-09-08T16:02:18.063+01:00 INFO : 1 points above threshold
2026-09-08T16:02:18.077+01:00 INFO : Filtering template 24/384 segment 3/5
2026-09-08T16:02:18.114+01:00 INFO : 3 points above threshold
2026-09-08T16:02:18.124+01:00 INFO : Filtering template 24/384 segment 4/5
2026-09-08T16:02:18.160+01:00 INFO : 2 points above threshold
2026-09-08T16:02:18.168+01:00 INFO : Filtering template 24/384 segment 5/5
2026-09-08T16:02:18.205+01:00 INFO : 24: generating IMRPhenomD from 30.0 Hz
2026-09-08T16:02:18.208+01:00 INFO : Decompressing waveform using inline_linear
2026-09-08T16:02:18.213+01:00 INFO : Filtering template 25/384 segment 1/5
2026-09-08T16:02:18.253+01:00 INFO : 3 points above threshold
2026-09-08T16:02:18.269+01:00 INFO : Filtering template 25/384 segment 2/5
2026-09-08T16:02:18.306+01:00 INFO : Filtering template 25/384 segment 3/5
2026-09-08T16:02:18.343+01:00 INFO : Filtering template 25/384 segment 4/5
2026-09-08T16:02:18.380+01:00 INFO : 2 points above threshold
2026-09-08T16:02:18.388+01:00 INFO : Filtering template 25/384 segment 5/5
2026-09-08T16:02:18.425+01:00 INFO : 25: generating IMRPhenomD from 30.0 Hz
2026-09-08T16:02:18.427+01:00 INFO : Decompressing waveform using inline_linear
2026-09-08T16:02:18.432+01:00 INFO : Filtering template 26/384 segment 1/5
2026-09-08T16:02:18.472+01:00 INFO : 2 points above threshold
2026-09-08T16:02:18.490+01:00 INFO : Filtering template 26/384 segment 2/5
2026-09-08T16:02:18.526+01:00 INFO : 1 points above threshold
2026-09-08T16:02:18.532+01:00 INFO : Filtering template 26/384 segment 3/5
2026-09-08T16:02:18.569+01:00 INFO : 2 points above threshold
2026-09-08T16:02:18.577+01:00 INFO : Filtering template 26/384 segment 4/5
2026-09-08T16:02:18.614+01:00 INFO : Filtering template 26/384 segment 5/5
2026-09-08T16:02:18.651+01:00 INFO : 1 points above threshold
2026-09-08T16:02:18.657+01:00 INFO : 26: generating IMRPhenomD from 30.0 Hz
2026-09-08T16:02:18.659+01:00 INFO : Decompressing waveform using inline_linear
2026-09-08T16:02:18.664+01:00 INFO : Filtering template 27/384 segment 1/5
2026-09-08T16:02:18.704+01:00 INFO : 1 points above threshold
2026-09-08T16:02:18.719+01:00 INFO : Filtering template 27/384 segment 2/5
2026-09-08T16:02:18.756+01:00 INFO : 4 points above threshold
2026-09-08T16:02:18.765+01:00 INFO : Filtering template 27/384 segment 3/5
2026-09-08T16:02:18.802+01:00 INFO : 1 points above threshold
2026-09-08T16:02:18.808+01:00 INFO : Filtering template 27/384 segment 4/5
2026-09-08T16:02:18.846+01:00 INFO : 1 points above threshold
2026-09-08T16:02:18.852+01:00 INFO : Filtering template 27/384 segment 5/5
2026-09-08T16:02:18.889+01:00 INFO : 27: generating IMRPhenomD from 30.0 Hz
2026-09-08T16:02:18.892+01:00 INFO : Decompressing waveform using inline_linear
2026-09-08T16:02:18.897+01:00 INFO : Filtering template 28/384 segment 1/5
2026-09-08T16:02:18.937+01:00 INFO : 2 points above threshold
2026-09-08T16:02:18.951+01:00 INFO : Filtering template 28/384 segment 2/5
2026-09-08T16:02:18.988+01:00 INFO : 1 points above threshold
2026-09-08T16:02:18.994+01:00 INFO : Filtering template 28/384 segment 3/5
2026-09-08T16:02:19.033+01:00 INFO : 1 points above threshold
2026-09-08T16:02:19.039+01:00 INFO : Filtering template 28/384 segment 4/5
2026-09-08T16:02:19.078+01:00 INFO : 1 points above threshold
2026-09-08T16:02:19.085+01:00 INFO : Filtering template 28/384 segment 5/5
2026-09-08T16:02:19.125+01:00 INFO : 28: generating IMRPhenomD from 30.0 Hz
2026-09-08T16:02:19.128+01:00 INFO : Decompressing waveform using inline_linear
2026-09-08T16:02:19.133+01:00 INFO : Filtering template 29/384 segment 1/5
2026-09-08T16:02:19.173+01:00 INFO : 2 points above threshold
2026-09-08T16:02:19.187+01:00 INFO : Filtering template 29/384 segment 2/5
2026-09-08T16:02:19.224+01:00 INFO : Filtering template 29/384 segment 3/5
2026-09-08T16:02:19.261+01:00 INFO : 2 points above threshold
2026-09-08T16:02:19.268+01:00 INFO : Filtering template 29/384 segment 4/5
2026-09-08T16:02:19.305+01:00 INFO : Filtering template 29/384 segment 5/5
2026-09-08T16:02:19.342+01:00 INFO : 1 points above threshold
2026-09-08T16:02:19.348+01:00 INFO : 29: generating IMRPhenomD from 30.0 Hz
2026-09-08T16:02:19.351+01:00 INFO : Decompressing waveform using inline_linear
2026-09-08T16:02:19.356+01:00 INFO : Filtering template 30/384 segment 1/5
2026-09-08T16:02:19.396+01:00 INFO : 1 points above threshold
2026-09-08T16:02:19.408+01:00 INFO : Filtering template 30/384 segment 2/5
2026-09-08T16:02:19.445+01:00 INFO : 2 points above threshold
2026-09-08T16:02:19.453+01:00 INFO : Filtering template 30/384 segment 3/5
2026-09-08T16:02:19.490+01:00 INFO : Filtering template 30/384 segment 4/5
2026-09-08T16:02:19.527+01:00 INFO : 3 points above threshold
2026-09-08T16:02:19.537+01:00 INFO : Filtering template 30/384 segment 5/5
2026-09-08T16:02:19.574+01:00 INFO : 2 points above threshold
2026-09-08T16:02:19.582+01:00 INFO : 30: generating IMRPhenomD from 30.0 Hz
2026-09-08T16:02:19.584+01:00 INFO : Decompressing waveform using inline_linear
2026-09-08T16:02:19.589+01:00 INFO : Filtering template 31/384 segment 1/5
2026-09-08T16:02:19.629+01:00 INFO : Filtering template 31/384 segment 2/5
2026-09-08T16:02:19.666+01:00 INFO : 1 points above threshold
2026-09-08T16:02:19.678+01:00 INFO : Filtering template 31/384 segment 3/5
2026-09-08T16:02:19.715+01:00 INFO : 2 points above threshold
2026-09-08T16:02:19.723+01:00 INFO : Filtering template 31/384 segment 4/5
2026-09-08T16:02:19.760+01:00 INFO : 1 points above threshold
2026-09-08T16:02:19.766+01:00 INFO : Filtering template 31/384 segment 5/5
2026-09-08T16:02:19.803+01:00 INFO : 2 points above threshold
2026-09-08T16:02:19.811+01:00 INFO : 31: generating IMRPhenomD from 30.0 Hz
2026-09-08T16:02:19.814+01:00 INFO : Decompressing waveform using inline_linear
2026-09-08T16:02:19.818+01:00 INFO : Filtering template 32/384 segment 1/5
2026-09-08T16:02:19.859+01:00 INFO : Filtering template 32/384 segment 2/5
2026-09-08T16:02:19.896+01:00 INFO : Filtering template 32/384 segment 3/5
2026-09-08T16:02:19.933+01:00 INFO : 2 points above threshold
2026-09-08T16:02:19.947+01:00 INFO : Filtering template 32/384 segment 4/5
2026-09-08T16:02:19.984+01:00 INFO : 1 points above threshold
2026-09-08T16:02:19.990+01:00 INFO : Filtering template 32/384 segment 5/5
2026-09-08T16:02:20.027+01:00 INFO : 2 points above threshold
2026-09-08T16:02:20.035+01:00 INFO : 32: generating IMRPhenomD from 30.0 Hz
2026-09-08T16:02:20.037+01:00 INFO : Decompressing waveform using inline_linear
2026-09-08T16:02:20.042+01:00 INFO : Filtering template 33/384 segment 1/5
2026-09-08T16:02:20.083+01:00 INFO : Filtering template 33/384 segment 2/5
2026-09-08T16:02:20.120+01:00 INFO : Filtering template 33/384 segment 3/5
2026-09-08T16:02:20.157+01:00 INFO : 1 points above threshold
2026-09-08T16:02:20.170+01:00 INFO : Filtering template 33/384 segment 4/5
2026-09-08T16:02:20.207+01:00 INFO : 2 points above threshold
2026-09-08T16:02:20.215+01:00 INFO : Filtering template 33/384 segment 5/5
2026-09-08T16:02:20.251+01:00 INFO : 2 points above threshold
2026-09-08T16:02:20.260+01:00 INFO : 33: generating IMRPhenomD from 30.0 Hz
2026-09-08T16:02:20.262+01:00 INFO : Decompressing waveform using inline_linear
2026-09-08T16:02:20.267+01:00 INFO : Filtering template 34/384 segment 1/5
2026-09-08T16:02:20.307+01:00 INFO : 1 points above threshold
2026-09-08T16:02:20.319+01:00 INFO : Filtering template 34/384 segment 2/5
2026-09-08T16:02:20.356+01:00 INFO : 1 points above threshold
2026-09-08T16:02:20.362+01:00 INFO : Filtering template 34/384 segment 3/5
2026-09-08T16:02:20.399+01:00 INFO : 2 points above threshold
2026-09-08T16:02:20.407+01:00 INFO : Filtering template 34/384 segment 4/5
2026-09-08T16:02:20.444+01:00 INFO : 1 points above threshold
2026-09-08T16:02:20.450+01:00 INFO : Filtering template 34/384 segment 5/5
2026-09-08T16:02:20.487+01:00 INFO : 2 points above threshold
2026-09-08T16:02:20.495+01:00 INFO : 34: generating IMRPhenomD from 30.0 Hz
2026-09-08T16:02:20.497+01:00 INFO : Decompressing waveform using inline_linear
2026-09-08T16:02:20.502+01:00 INFO : Filtering template 35/384 segment 1/5
2026-09-08T16:02:20.542+01:00 INFO : 5 points above threshold
2026-09-08T16:02:20.561+01:00 INFO : Filtering template 35/384 segment 2/5
2026-09-08T16:02:20.598+01:00 INFO : 1 points above threshold
2026-09-08T16:02:20.604+01:00 INFO : Filtering template 35/384 segment 3/5
2026-09-08T16:02:20.640+01:00 INFO : Filtering template 35/384 segment 4/5
2026-09-08T16:02:20.677+01:00 INFO : 1 points above threshold
2026-09-08T16:02:20.683+01:00 INFO : Filtering template 35/384 segment 5/5
2026-09-08T16:02:20.720+01:00 INFO : 2 points above threshold
2026-09-08T16:02:20.728+01:00 INFO : 35: generating IMRPhenomD from 30.0 Hz
2026-09-08T16:02:20.731+01:00 INFO : Decompressing waveform using inline_linear
2026-09-08T16:02:20.736+01:00 INFO : Filtering template 36/384 segment 1/5
2026-09-08T16:02:20.776+01:00 INFO : 1 points above threshold
2026-09-08T16:02:20.791+01:00 INFO : Filtering template 36/384 segment 2/5
2026-09-08T16:02:20.828+01:00 INFO : 1 points above threshold
2026-09-08T16:02:20.834+01:00 INFO : Filtering template 36/384 segment 3/5
2026-09-08T16:02:20.872+01:00 INFO : Filtering template 36/384 segment 4/5
2026-09-08T16:02:20.909+01:00 INFO : 1 points above threshold
2026-09-08T16:02:20.915+01:00 INFO : Filtering template 36/384 segment 5/5
2026-09-08T16:02:20.951+01:00 INFO : 1 points above threshold
2026-09-08T16:02:20.958+01:00 INFO : 36: generating IMRPhenomD from 30.0 Hz
2026-09-08T16:02:20.960+01:00 INFO : Decompressing waveform using inline_linear
2026-09-08T16:02:20.965+01:00 INFO : Filtering template 37/384 segment 1/5
2026-09-08T16:02:21.006+01:00 INFO : 1 points above threshold
2026-09-08T16:02:21.021+01:00 INFO : Filtering template 37/384 segment 2/5
2026-09-08T16:02:21.058+01:00 INFO : Filtering template 37/384 segment 3/5
2026-09-08T16:02:21.095+01:00 INFO : 1 points above threshold
2026-09-08T16:02:21.101+01:00 INFO : Filtering template 37/384 segment 4/5
2026-09-08T16:02:21.138+01:00 INFO : Filtering template 37/384 segment 5/5
2026-09-08T16:02:21.175+01:00 INFO : 37: generating IMRPhenomD from 30.0 Hz
2026-09-08T16:02:21.178+01:00 INFO : Decompressing waveform using inline_linear
2026-09-08T16:02:21.183+01:00 INFO : Filtering template 38/384 segment 1/5
2026-09-08T16:02:21.223+01:00 INFO : Filtering template 38/384 segment 2/5
2026-09-08T16:02:21.260+01:00 INFO : Filtering template 38/384 segment 3/5
2026-09-08T16:02:21.297+01:00 INFO : 1 points above threshold
2026-09-08T16:02:21.312+01:00 INFO : Filtering template 38/384 segment 4/5
2026-09-08T16:02:21.348+01:00 INFO : 1 points above threshold
2026-09-08T16:02:21.355+01:00 INFO : Filtering template 38/384 segment 5/5
2026-09-08T16:02:21.392+01:00 INFO : 38: generating IMRPhenomD from 30.0 Hz
2026-09-08T16:02:21.394+01:00 INFO : Decompressing waveform using inline_linear
2026-09-08T16:02:21.399+01:00 INFO : Filtering template 39/384 segment 1/5
2026-09-08T16:02:21.440+01:00 INFO : Filtering template 39/384 segment 2/5
2026-09-08T16:02:21.477+01:00 INFO : Filtering template 39/384 segment 3/5
2026-09-08T16:02:21.514+01:00 INFO : Filtering template 39/384 segment 4/5
2026-09-08T16:02:21.551+01:00 INFO : 3 points above threshold
2026-09-08T16:02:21.567+01:00 INFO : Filtering template 39/384 segment 5/5
2026-09-08T16:02:21.604+01:00 INFO : 2 points above threshold
2026-09-08T16:02:21.612+01:00 INFO : 39: generating IMRPhenomD from 30.0 Hz
2026-09-08T16:02:21.614+01:00 INFO : Decompressing waveform using inline_linear
2026-09-08T16:02:21.619+01:00 INFO : Filtering template 40/384 segment 1/5
2026-09-08T16:02:21.659+01:00 INFO : 3 points above threshold
2026-09-08T16:02:21.676+01:00 INFO : Filtering template 40/384 segment 2/5
2026-09-08T16:02:21.713+01:00 INFO : 1 points above threshold
2026-09-08T16:02:21.719+01:00 INFO : Filtering template 40/384 segment 3/5
2026-09-08T16:02:21.755+01:00 INFO : 1 points above threshold
2026-09-08T16:02:21.761+01:00 INFO : Filtering template 40/384 segment 4/5
2026-09-08T16:02:21.798+01:00 INFO : 2 points above threshold
2026-09-08T16:02:21.806+01:00 INFO : Filtering template 40/384 segment 5/5
2026-09-08T16:02:21.843+01:00 INFO : 1 points above threshold
2026-09-08T16:02:21.849+01:00 INFO : 40: generating IMRPhenomD from 30.0 Hz
2026-09-08T16:02:21.852+01:00 INFO : Decompressing waveform using inline_linear
2026-09-08T16:02:21.857+01:00 INFO : Filtering template 41/384 segment 1/5
2026-09-08T16:02:21.897+01:00 INFO : Filtering template 41/384 segment 2/5
2026-09-08T16:02:21.934+01:00 INFO : 1 points above threshold
2026-09-08T16:02:21.946+01:00 INFO : Filtering template 41/384 segment 3/5
2026-09-08T16:02:21.983+01:00 INFO : Filtering template 41/384 segment 4/5
2026-09-08T16:02:22.020+01:00 INFO : Filtering template 41/384 segment 5/5
2026-09-08T16:02:22.058+01:00 INFO : 41: generating IMRPhenomD from 30.0 Hz
2026-09-08T16:02:22.060+01:00 INFO : Decompressing waveform using inline_linear
2026-09-08T16:02:22.065+01:00 INFO : Filtering template 42/384 segment 1/5
2026-09-08T16:02:22.105+01:00 INFO : 2 points above threshold
2026-09-08T16:02:22.119+01:00 INFO : Filtering template 42/384 segment 2/5
2026-09-08T16:02:22.157+01:00 INFO : Filtering template 42/384 segment 3/5
2026-09-08T16:02:22.194+01:00 INFO : 2 points above threshold
2026-09-08T16:02:22.202+01:00 INFO : Filtering template 42/384 segment 4/5
2026-09-08T16:02:22.239+01:00 INFO : 3 points above threshold
2026-09-08T16:02:22.248+01:00 INFO : Filtering template 42/384 segment 5/5
2026-09-08T16:02:22.285+01:00 INFO : 2 points above threshold
2026-09-08T16:02:22.293+01:00 INFO : 42: generating IMRPhenomD from 30.0 Hz
2026-09-08T16:02:22.296+01:00 INFO : Decompressing waveform using inline_linear
2026-09-08T16:02:22.301+01:00 INFO : Filtering template 43/384 segment 1/5
2026-09-08T16:02:22.341+01:00 INFO : 3 points above threshold
2026-09-08T16:02:22.357+01:00 INFO : Filtering template 43/384 segment 2/5
2026-09-08T16:02:22.394+01:00 INFO : 2 points above threshold
2026-09-08T16:02:22.402+01:00 INFO : Filtering template 43/384 segment 3/5
2026-09-08T16:02:22.439+01:00 INFO : Filtering template 43/384 segment 4/5
2026-09-08T16:02:22.476+01:00 INFO : Filtering template 43/384 segment 5/5
2026-09-08T16:02:22.513+01:00 INFO : 1 points above threshold
2026-09-08T16:02:22.519+01:00 INFO : 43: generating IMRPhenomD from 30.0 Hz
2026-09-08T16:02:22.522+01:00 INFO : Decompressing waveform using inline_linear
2026-09-08T16:02:22.527+01:00 INFO : Filtering template 44/384 segment 1/5
2026-09-08T16:02:22.567+01:00 INFO : Filtering template 44/384 segment 2/5
2026-09-08T16:02:22.604+01:00 INFO : 2 points above threshold
2026-09-08T16:02:22.618+01:00 INFO : Filtering template 44/384 segment 3/5
2026-09-08T16:02:22.655+01:00 INFO : Filtering template 44/384 segment 4/5
2026-09-08T16:02:22.692+01:00 INFO : 1 points above threshold
2026-09-08T16:02:22.698+01:00 INFO : Filtering template 44/384 segment 5/5
2026-09-08T16:02:22.735+01:00 INFO : 2 points above threshold
2026-09-08T16:02:22.743+01:00 INFO : 44: generating IMRPhenomD from 30.0 Hz
2026-09-08T16:02:22.746+01:00 INFO : Decompressing waveform using inline_linear
2026-09-08T16:02:22.750+01:00 INFO : Filtering template 45/384 segment 1/5
2026-09-08T16:02:22.791+01:00 INFO : 1 points above threshold
2026-09-08T16:02:22.803+01:00 INFO : Filtering template 45/384 segment 2/5
2026-09-08T16:02:22.840+01:00 INFO : Filtering template 45/384 segment 3/5
2026-09-08T16:02:22.877+01:00 INFO : 1 points above threshold
2026-09-08T16:02:22.883+01:00 INFO : Filtering template 45/384 segment 4/5
2026-09-08T16:02:22.920+01:00 INFO : Filtering template 45/384 segment 5/5
2026-09-08T16:02:22.957+01:00 INFO : 2 points above threshold
2026-09-08T16:02:22.965+01:00 INFO : 45: generating IMRPhenomD from 30.0 Hz
2026-09-08T16:02:22.967+01:00 INFO : Decompressing waveform using inline_linear
2026-09-08T16:02:22.972+01:00 INFO : Filtering template 46/384 segment 1/5
2026-09-08T16:02:23.012+01:00 INFO : 3 points above threshold
2026-09-08T16:02:23.029+01:00 INFO : Filtering template 46/384 segment 2/5
2026-09-08T16:02:23.066+01:00 INFO : 1 points above threshold
2026-09-08T16:02:23.072+01:00 INFO : Filtering template 46/384 segment 3/5
2026-09-08T16:02:23.109+01:00 INFO : 1 points above threshold
2026-09-08T16:02:23.115+01:00 INFO : Filtering template 46/384 segment 4/5
2026-09-08T16:02:23.152+01:00 INFO : Filtering template 46/384 segment 5/5
2026-09-08T16:02:23.189+01:00 INFO : 1 points above threshold
2026-09-08T16:02:23.195+01:00 INFO : 46: generating IMRPhenomD from 30.0 Hz
2026-09-08T16:02:23.198+01:00 INFO : Decompressing waveform using inline_linear
2026-09-08T16:02:23.203+01:00 INFO : Filtering template 47/384 segment 1/5
2026-09-08T16:02:23.243+01:00 INFO : 1 points above threshold
2026-09-08T16:02:23.255+01:00 INFO : Filtering template 47/384 segment 2/5
2026-09-08T16:02:23.292+01:00 INFO : 1 points above threshold
2026-09-08T16:02:23.298+01:00 INFO : Filtering template 47/384 segment 3/5
2026-09-08T16:02:23.334+01:00 INFO : 1 points above threshold
2026-09-08T16:02:23.340+01:00 INFO : Filtering template 47/384 segment 4/5
2026-09-08T16:02:23.377+01:00 INFO : 1 points above threshold
2026-09-08T16:02:23.383+01:00 INFO : Filtering template 47/384 segment 5/5
2026-09-08T16:02:23.420+01:00 INFO : 1 points above threshold
2026-09-08T16:02:23.426+01:00 INFO : 47: generating IMRPhenomD from 30.0 Hz
2026-09-08T16:02:23.429+01:00 INFO : Decompressing waveform using inline_linear
2026-09-08T16:02:23.434+01:00 INFO : Filtering template 48/384 segment 1/5
2026-09-08T16:02:23.474+01:00 INFO : 3 points above threshold
2026-09-08T16:02:23.490+01:00 INFO : Filtering template 48/384 segment 2/5
2026-09-08T16:02:23.527+01:00 INFO : 3 points above threshold
2026-09-08T16:02:23.537+01:00 INFO : Filtering template 48/384 segment 3/5
2026-09-08T16:02:23.574+01:00 INFO : Filtering template 48/384 segment 4/5
2026-09-08T16:02:23.611+01:00 INFO : 1 points above threshold
2026-09-08T16:02:23.617+01:00 INFO : Filtering template 48/384 segment 5/5
2026-09-08T16:02:23.654+01:00 INFO : 48: generating IMRPhenomD from 30.0 Hz
2026-09-08T16:02:23.656+01:00 INFO : Decompressing waveform using inline_linear
2026-09-08T16:02:23.661+01:00 INFO : Filtering template 49/384 segment 1/5
2026-09-08T16:02:23.702+01:00 INFO : 3 points above threshold
2026-09-08T16:02:23.718+01:00 INFO : Filtering template 49/384 segment 2/5
2026-09-08T16:02:23.755+01:00 INFO : 1 points above threshold
2026-09-08T16:02:23.761+01:00 INFO : Filtering template 49/384 segment 3/5
2026-09-08T16:02:23.798+01:00 INFO : 1 points above threshold
2026-09-08T16:02:23.804+01:00 INFO : Filtering template 49/384 segment 4/5
2026-09-08T16:02:23.841+01:00 INFO : Filtering template 49/384 segment 5/5
2026-09-08T16:02:23.878+01:00 INFO : 49: generating IMRPhenomD from 30.0 Hz
2026-09-08T16:02:23.880+01:00 INFO : Decompressing waveform using inline_linear
2026-09-08T16:02:23.885+01:00 INFO : Filtering template 50/384 segment 1/5
2026-09-08T16:02:23.926+01:00 INFO : Filtering template 50/384 segment 2/5
2026-09-08T16:02:23.963+01:00 INFO : 2 points above threshold
2026-09-08T16:02:23.977+01:00 INFO : Filtering template 50/384 segment 3/5
2026-09-08T16:02:24.014+01:00 INFO : 5 points above threshold
2026-09-08T16:02:24.026+01:00 INFO : Filtering template 50/384 segment 4/5
2026-09-08T16:02:24.063+01:00 INFO : 3 points above threshold
2026-09-08T16:02:24.073+01:00 INFO : Filtering template 50/384 segment 5/5
2026-09-08T16:02:24.111+01:00 INFO : 2 points above threshold
2026-09-08T16:02:24.119+01:00 INFO : 50: generating IMRPhenomD from 30.0 Hz
2026-09-08T16:02:24.122+01:00 INFO : Decompressing waveform using inline_linear
2026-09-08T16:02:24.127+01:00 INFO : Filtering template 51/384 segment 1/5
2026-09-08T16:02:24.173+01:00 INFO : 1 points above threshold
2026-09-08T16:02:24.186+01:00 INFO : Filtering template 51/384 segment 2/5
2026-09-08T16:02:24.226+01:00 INFO : 1 points above threshold
2026-09-08T16:02:24.232+01:00 INFO : Filtering template 51/384 segment 3/5
2026-09-08T16:02:24.269+01:00 INFO : 3 points above threshold
2026-09-08T16:02:24.279+01:00 INFO : Filtering template 51/384 segment 4/5
2026-09-08T16:02:24.316+01:00 INFO : 1 points above threshold
2026-09-08T16:02:24.322+01:00 INFO : Filtering template 51/384 segment 5/5
2026-09-08T16:02:24.359+01:00 INFO : 3 points above threshold
2026-09-08T16:02:24.369+01:00 INFO : 51: generating IMRPhenomD from 30.0 Hz
2026-09-08T16:02:24.372+01:00 INFO : Decompressing waveform using inline_linear
2026-09-08T16:02:24.377+01:00 INFO : Filtering template 52/384 segment 1/5
2026-09-08T16:02:24.417+01:00 INFO : 2 points above threshold
2026-09-08T16:02:24.431+01:00 INFO : Filtering template 52/384 segment 2/5
2026-09-08T16:02:24.468+01:00 INFO : 1 points above threshold
2026-09-08T16:02:24.474+01:00 INFO : Filtering template 52/384 segment 3/5
2026-09-08T16:02:24.511+01:00 INFO : Filtering template 52/384 segment 4/5
2026-09-08T16:02:24.548+01:00 INFO : 1 points above threshold
2026-09-08T16:02:24.554+01:00 INFO : Filtering template 52/384 segment 5/5
2026-09-08T16:02:24.591+01:00 INFO : 2 points above threshold
2026-09-08T16:02:24.599+01:00 INFO : 52: generating IMRPhenomD from 30.0 Hz
2026-09-08T16:02:24.601+01:00 INFO : Decompressing waveform using inline_linear
2026-09-08T16:02:24.606+01:00 INFO : Filtering template 53/384 segment 1/5
2026-09-08T16:02:24.647+01:00 INFO : 1 points above threshold
2026-09-08T16:02:24.659+01:00 INFO : Filtering template 53/384 segment 2/5
2026-09-08T16:02:24.696+01:00 INFO : 3 points above threshold
2026-09-08T16:02:24.706+01:00 INFO : Filtering template 53/384 segment 3/5
2026-09-08T16:02:24.743+01:00 INFO : Filtering template 53/384 segment 4/5
2026-09-08T16:02:24.780+01:00 INFO : 1 points above threshold
2026-09-08T16:02:24.787+01:00 INFO : Filtering template 53/384 segment 5/5
2026-09-08T16:02:24.824+01:00 INFO : 53: generating IMRPhenomD from 30.0 Hz
2026-09-08T16:02:24.826+01:00 INFO : Decompressing waveform using inline_linear
2026-09-08T16:02:24.831+01:00 INFO : Filtering template 54/384 segment 1/5
2026-09-08T16:02:24.872+01:00 INFO : 3 points above threshold
2026-09-08T16:02:24.891+01:00 INFO : Filtering template 54/384 segment 2/5
2026-09-08T16:02:24.928+01:00 INFO : 4 points above threshold
2026-09-08T16:02:24.937+01:00 INFO : Filtering template 54/384 segment 3/5
2026-09-08T16:02:24.974+01:00 INFO : Filtering template 54/384 segment 4/5
2026-09-08T16:02:25.011+01:00 INFO : 2 points above threshold
2026-09-08T16:02:25.019+01:00 INFO : Filtering template 54/384 segment 5/5
2026-09-08T16:02:25.056+01:00 INFO : 2 points above threshold
2026-09-08T16:02:25.064+01:00 INFO : 54: generating IMRPhenomD from 30.0 Hz
2026-09-08T16:02:25.066+01:00 INFO : Decompressing waveform using inline_linear
2026-09-08T16:02:25.071+01:00 INFO : Filtering template 55/384 segment 1/5
2026-09-08T16:02:25.111+01:00 INFO : Filtering template 55/384 segment 2/5
2026-09-08T16:02:25.148+01:00 INFO : 2 points above threshold
2026-09-08T16:02:25.162+01:00 INFO : Filtering template 55/384 segment 3/5
2026-09-08T16:02:25.199+01:00 INFO : Filtering template 55/384 segment 4/5
2026-09-08T16:02:25.236+01:00 INFO : Filtering template 55/384 segment 5/5
2026-09-08T16:02:25.274+01:00 INFO : 1 points above threshold
2026-09-08T16:02:25.280+01:00 INFO : 55: generating IMRPhenomD from 30.0 Hz
2026-09-08T16:02:25.282+01:00 INFO : Decompressing waveform using inline_linear
2026-09-08T16:02:25.287+01:00 INFO : Filtering template 56/384 segment 1/5
2026-09-08T16:02:25.327+01:00 INFO : 1 points above threshold
2026-09-08T16:02:25.340+01:00 INFO : Filtering template 56/384 segment 2/5
2026-09-08T16:02:25.377+01:00 INFO : Filtering template 56/384 segment 3/5
2026-09-08T16:02:25.413+01:00 INFO : 2 points above threshold
2026-09-08T16:02:25.421+01:00 INFO : Filtering template 56/384 segment 4/5
2026-09-08T16:02:25.458+01:00 INFO : 1 points above threshold
2026-09-08T16:02:25.464+01:00 INFO : Filtering template 56/384 segment 5/5
2026-09-08T16:02:25.501+01:00 INFO : 56: generating IMRPhenomD from 30.0 Hz
2026-09-08T16:02:25.504+01:00 INFO : Decompressing waveform using inline_linear
2026-09-08T16:02:25.509+01:00 INFO : Filtering template 57/384 segment 1/5
2026-09-08T16:02:25.549+01:00 INFO : 2 points above threshold
2026-09-08T16:02:25.566+01:00 INFO : Filtering template 57/384 segment 2/5
2026-09-08T16:02:25.603+01:00 INFO : 1 points above threshold
2026-09-08T16:02:25.609+01:00 INFO : Filtering template 57/384 segment 3/5
2026-09-08T16:02:25.645+01:00 INFO : Filtering template 57/384 segment 4/5
2026-09-08T16:02:25.683+01:00 INFO : 1 points above threshold
2026-09-08T16:02:25.688+01:00 INFO : Filtering template 57/384 segment 5/5
2026-09-08T16:02:25.726+01:00 INFO : 57: generating IMRPhenomD from 30.0 Hz
2026-09-08T16:02:25.728+01:00 INFO : Decompressing waveform using inline_linear
2026-09-08T16:02:25.733+01:00 INFO : Filtering template 58/384 segment 1/5
2026-09-08T16:02:25.773+01:00 INFO : 2 points above threshold
2026-09-08T16:02:25.790+01:00 INFO : Filtering template 58/384 segment 2/5
2026-09-08T16:02:25.827+01:00 INFO : 2 points above threshold
2026-09-08T16:02:25.835+01:00 INFO : Filtering template 58/384 segment 3/5
2026-09-08T16:02:25.872+01:00 INFO : Filtering template 58/384 segment 4/5
2026-09-08T16:02:25.909+01:00 INFO : 1 points above threshold
2026-09-08T16:02:25.915+01:00 INFO : Filtering template 58/384 segment 5/5
2026-09-08T16:02:25.952+01:00 INFO : 1 points above threshold
2026-09-08T16:02:25.958+01:00 INFO : 58: generating IMRPhenomD from 30.0 Hz
2026-09-08T16:02:25.961+01:00 INFO : Decompressing waveform using inline_linear
2026-09-08T16:02:25.966+01:00 INFO : Filtering template 59/384 segment 1/5
2026-09-08T16:02:26.006+01:00 INFO : 1 points above threshold
2026-09-08T16:02:26.018+01:00 INFO : Filtering template 59/384 segment 2/5
2026-09-08T16:02:26.055+01:00 INFO : Filtering template 59/384 segment 3/5
2026-09-08T16:02:26.092+01:00 INFO : 1 points above threshold
2026-09-08T16:02:26.098+01:00 INFO : Filtering template 59/384 segment 4/5
2026-09-08T16:02:26.135+01:00 INFO : Filtering template 59/384 segment 5/5
2026-09-08T16:02:26.172+01:00 INFO : 59: generating IMRPhenomD from 30.0 Hz
2026-09-08T16:02:26.175+01:00 INFO : Decompressing waveform using inline_linear
2026-09-08T16:02:26.180+01:00 INFO : Filtering template 60/384 segment 1/5
2026-09-08T16:02:26.220+01:00 INFO : 2 points above threshold
2026-09-08T16:02:26.234+01:00 INFO : Filtering template 60/384 segment 2/5
2026-09-08T16:02:26.271+01:00 INFO : 1 points above threshold
2026-09-08T16:02:26.277+01:00 INFO : Filtering template 60/384 segment 3/5
2026-09-08T16:02:26.314+01:00 INFO : Filtering template 60/384 segment 4/5
2026-09-08T16:02:26.351+01:00 INFO : 1 points above threshold
2026-09-08T16:02:26.357+01:00 INFO : Filtering template 60/384 segment 5/5
2026-09-08T16:02:26.394+01:00 INFO : 1 points above threshold
2026-09-08T16:02:26.401+01:00 INFO : 60: generating IMRPhenomD from 30.0 Hz
2026-09-08T16:02:26.403+01:00 INFO : Decompressing waveform using inline_linear
2026-09-08T16:02:26.408+01:00 INFO : Filtering template 61/384 segment 1/5
2026-09-08T16:02:26.448+01:00 INFO : 2 points above threshold
2026-09-08T16:02:26.462+01:00 INFO : Filtering template 61/384 segment 2/5
2026-09-08T16:02:26.499+01:00 INFO : Filtering template 61/384 segment 3/5
2026-09-08T16:02:26.536+01:00 INFO : Filtering template 61/384 segment 4/5
2026-09-08T16:02:26.573+01:00 INFO : 4 points above threshold
2026-09-08T16:02:26.583+01:00 INFO : Filtering template 61/384 segment 5/5
2026-09-08T16:02:26.621+01:00 INFO : 2 points above threshold
2026-09-08T16:02:26.629+01:00 INFO : 61: generating IMRPhenomD from 30.0 Hz
2026-09-08T16:02:26.631+01:00 INFO : Decompressing waveform using inline_linear
2026-09-08T16:02:26.636+01:00 INFO : Filtering template 62/384 segment 1/5
2026-09-08T16:02:26.677+01:00 INFO : 1 points above threshold
2026-09-08T16:02:26.689+01:00 INFO : Filtering template 62/384 segment 2/5
2026-09-08T16:02:26.726+01:00 INFO : 3 points above threshold
2026-09-08T16:02:26.736+01:00 INFO : Filtering template 62/384 segment 3/5
2026-09-08T16:02:26.773+01:00 INFO : 2 points above threshold
2026-09-08T16:02:26.781+01:00 INFO : Filtering template 62/384 segment 4/5
2026-09-08T16:02:26.818+01:00 INFO : 1 points above threshold
2026-09-08T16:02:26.824+01:00 INFO : Filtering template 62/384 segment 5/5
2026-09-08T16:02:26.861+01:00 INFO : 3 points above threshold
2026-09-08T16:02:26.871+01:00 INFO : 62: generating IMRPhenomD from 30.0 Hz
2026-09-08T16:02:26.874+01:00 INFO : Decompressing waveform using inline_linear
2026-09-08T16:02:26.879+01:00 INFO : Filtering template 63/384 segment 1/5
2026-09-08T16:02:26.919+01:00 INFO : 1 points above threshold
2026-09-08T16:02:26.931+01:00 INFO : Filtering template 63/384 segment 2/5
2026-09-08T16:02:26.968+01:00 INFO : 1 points above threshold
2026-09-08T16:02:26.974+01:00 INFO : Filtering template 63/384 segment 3/5
2026-09-08T16:02:27.011+01:00 INFO : 2 points above threshold
2026-09-08T16:02:27.019+01:00 INFO : Filtering template 63/384 segment 4/5
2026-09-08T16:02:27.056+01:00 INFO : Filtering template 63/384 segment 5/5
2026-09-08T16:02:27.093+01:00 INFO : 1 points above threshold
2026-09-08T16:02:27.100+01:00 INFO : 63: generating IMRPhenomD from 30.0 Hz
2026-09-08T16:02:27.102+01:00 INFO : Decompressing waveform using inline_linear
2026-09-08T16:02:27.107+01:00 INFO : Filtering template 64/384 segment 1/5
2026-09-08T16:02:27.147+01:00 INFO : 2 points above threshold
2026-09-08T16:02:27.161+01:00 INFO : Filtering template 64/384 segment 2/5
2026-09-08T16:02:27.198+01:00 INFO : 2 points above threshold
2026-09-08T16:02:27.207+01:00 INFO : Filtering template 64/384 segment 3/5
2026-09-08T16:02:27.244+01:00 INFO : Filtering template 64/384 segment 4/5
2026-09-08T16:02:27.281+01:00 INFO : 4 points above threshold
2026-09-08T16:02:27.291+01:00 INFO : Filtering template 64/384 segment 5/5
2026-09-08T16:02:27.328+01:00 INFO : 1 points above threshold
2026-09-08T16:02:27.334+01:00 INFO : 64: generating IMRPhenomD from 30.0 Hz
2026-09-08T16:02:27.336+01:00 INFO : Decompressing waveform using inline_linear
2026-09-08T16:02:27.341+01:00 INFO : Filtering template 65/384 segment 1/5
2026-09-08T16:02:27.382+01:00 INFO : 2 points above threshold
2026-09-08T16:02:27.399+01:00 INFO : Filtering template 65/384 segment 2/5
2026-09-08T16:02:27.436+01:00 INFO : 1 points above threshold
2026-09-08T16:02:27.442+01:00 INFO : Filtering template 65/384 segment 3/5
2026-09-08T16:02:27.479+01:00 INFO : 1 points above threshold
2026-09-08T16:02:27.485+01:00 INFO : Filtering template 65/384 segment 4/5
2026-09-08T16:02:27.521+01:00 INFO : 1 points above threshold
2026-09-08T16:02:27.527+01:00 INFO : Filtering template 65/384 segment 5/5
2026-09-08T16:02:27.564+01:00 INFO : 1 points above threshold
2026-09-08T16:02:27.570+01:00 INFO : 65: generating IMRPhenomD from 30.0 Hz
2026-09-08T16:02:27.573+01:00 INFO : Decompressing waveform using inline_linear
2026-09-08T16:02:27.578+01:00 INFO : Filtering template 66/384 segment 1/5
2026-09-08T16:02:27.618+01:00 INFO : Filtering template 66/384 segment 2/5
2026-09-08T16:02:27.655+01:00 INFO : 2 points above threshold
2026-09-08T16:02:27.669+01:00 INFO : Filtering template 66/384 segment 3/5
2026-09-08T16:02:27.706+01:00 INFO : 1 points above threshold
2026-09-08T16:02:27.712+01:00 INFO : Filtering template 66/384 segment 4/5
2026-09-08T16:02:27.749+01:00 INFO : 1 points above threshold
2026-09-08T16:02:27.755+01:00 INFO : Filtering template 66/384 segment 5/5
2026-09-08T16:02:27.791+01:00 INFO : 1 points above threshold
2026-09-08T16:02:27.798+01:00 INFO : 66: generating IMRPhenomD from 30.0 Hz
2026-09-08T16:02:27.800+01:00 INFO : Decompressing waveform using inline_linear
2026-09-08T16:02:27.805+01:00 INFO : Filtering template 67/384 segment 1/5
2026-09-08T16:02:27.845+01:00 INFO : 1 points above threshold
2026-09-08T16:02:27.857+01:00 INFO : Filtering template 67/384 segment 2/5
2026-09-08T16:02:27.894+01:00 INFO : 1 points above threshold
2026-09-08T16:02:27.900+01:00 INFO : Filtering template 67/384 segment 3/5
2026-09-08T16:02:27.937+01:00 INFO : 2 points above threshold
2026-09-08T16:02:27.945+01:00 INFO : Filtering template 67/384 segment 4/5
2026-09-08T16:02:27.982+01:00 INFO : 1 points above threshold
2026-09-08T16:02:27.988+01:00 INFO : Filtering template 67/384 segment 5/5
2026-09-08T16:02:28.025+01:00 INFO : 1 points above threshold
2026-09-08T16:02:28.031+01:00 INFO : 67: generating IMRPhenomD from 30.0 Hz
2026-09-08T16:02:28.033+01:00 INFO : Decompressing waveform using inline_linear
2026-09-08T16:02:28.038+01:00 INFO : Filtering template 68/384 segment 1/5
2026-09-08T16:02:28.079+01:00 INFO : 2 points above threshold
2026-09-08T16:02:28.093+01:00 INFO : Filtering template 68/384 segment 2/5
2026-09-08T16:02:28.130+01:00 INFO : 1 points above threshold
2026-09-08T16:02:28.136+01:00 INFO : Filtering template 68/384 segment 3/5
2026-09-08T16:02:28.173+01:00 INFO : Filtering template 68/384 segment 4/5
2026-09-08T16:02:28.210+01:00 INFO : 2 points above threshold
2026-09-08T16:02:28.218+01:00 INFO : Filtering template 68/384 segment 5/5
2026-09-08T16:02:28.255+01:00 INFO : 1 points above threshold
2026-09-08T16:02:28.261+01:00 INFO : 68: generating IMRPhenomD from 30.0 Hz
2026-09-08T16:02:28.263+01:00 INFO : Decompressing waveform using inline_linear
2026-09-08T16:02:28.268+01:00 INFO : Filtering template 69/384 segment 1/5
2026-09-08T16:02:28.309+01:00 INFO : 1 points above threshold
2026-09-08T16:02:28.321+01:00 INFO : Filtering template 69/384 segment 2/5
2026-09-08T16:02:28.358+01:00 INFO : 1 points above threshold
2026-09-08T16:02:28.364+01:00 INFO : Filtering template 69/384 segment 3/5
2026-09-08T16:02:28.401+01:00 INFO : 1 points above threshold
2026-09-08T16:02:28.407+01:00 INFO : Filtering template 69/384 segment 4/5
2026-09-08T16:02:28.444+01:00 INFO : Filtering template 69/384 segment 5/5
2026-09-08T16:02:28.481+01:00 INFO : 1 points above threshold
2026-09-08T16:02:28.487+01:00 INFO : 69: generating IMRPhenomD from 30.0 Hz
2026-09-08T16:02:28.490+01:00 INFO : Decompressing waveform using inline_linear
2026-09-08T16:02:28.495+01:00 INFO : Filtering template 70/384 segment 1/5
2026-09-08T16:02:28.535+01:00 INFO : Filtering template 70/384 segment 2/5
2026-09-08T16:02:28.572+01:00 INFO : Filtering template 70/384 segment 3/5
2026-09-08T16:02:28.609+01:00 INFO : 1 points above threshold
2026-09-08T16:02:28.621+01:00 INFO : Filtering template 70/384 segment 4/5
2026-09-08T16:02:28.658+01:00 INFO : 1 points above threshold
2026-09-08T16:02:28.664+01:00 INFO : Filtering template 70/384 segment 5/5
2026-09-08T16:02:28.701+01:00 INFO : 1 points above threshold
2026-09-08T16:02:28.707+01:00 INFO : 70: generating IMRPhenomD from 30.0 Hz
2026-09-08T16:02:28.709+01:00 INFO : Decompressing waveform using inline_linear
2026-09-08T16:02:28.714+01:00 INFO : Filtering template 71/384 segment 1/5
2026-09-08T16:02:28.755+01:00 INFO : 1 points above threshold
2026-09-08T16:02:28.767+01:00 INFO : Filtering template 71/384 segment 2/5
2026-09-08T16:02:28.805+01:00 INFO : 1 points above threshold
2026-09-08T16:02:28.812+01:00 INFO : Filtering template 71/384 segment 3/5
2026-09-08T16:02:28.849+01:00 INFO : 1 points above threshold
2026-09-08T16:02:28.857+01:00 INFO : Filtering template 71/384 segment 4/5
2026-09-08T16:02:28.894+01:00 INFO : 3 points above threshold
2026-09-08T16:02:28.904+01:00 INFO : Filtering template 71/384 segment 5/5
2026-09-08T16:02:28.942+01:00 INFO : 71: generating IMRPhenomD from 30.0 Hz
2026-09-08T16:02:28.944+01:00 INFO : Decompressing waveform using inline_linear
2026-09-08T16:02:28.949+01:00 INFO : Filtering template 72/384 segment 1/5
2026-09-08T16:02:28.989+01:00 INFO : 1 points above threshold
2026-09-08T16:02:29.002+01:00 INFO : Filtering template 72/384 segment 2/5
2026-09-08T16:02:29.039+01:00 INFO : 2 points above threshold
2026-09-08T16:02:29.047+01:00 INFO : Filtering template 72/384 segment 3/5
2026-09-08T16:02:29.083+01:00 INFO : 1 points above threshold
2026-09-08T16:02:29.089+01:00 INFO : Filtering template 72/384 segment 4/5
2026-09-08T16:02:29.126+01:00 INFO : Filtering template 72/384 segment 5/5
2026-09-08T16:02:29.163+01:00 INFO : 1 points above threshold
2026-09-08T16:02:29.170+01:00 INFO : 72: generating IMRPhenomD from 30.0 Hz
2026-09-08T16:02:29.172+01:00 INFO : Decompressing waveform using inline_linear
2026-09-08T16:02:29.177+01:00 INFO : Filtering template 73/384 segment 1/5
2026-09-08T16:02:29.220+01:00 INFO : Filtering template 73/384 segment 2/5
2026-09-08T16:02:29.260+01:00 INFO : 1 points above threshold
2026-09-08T16:02:29.273+01:00 INFO : Filtering template 73/384 segment 3/5
2026-09-08T16:02:29.314+01:00 INFO : 2 points above threshold
2026-09-08T16:02:29.322+01:00 INFO : Filtering template 73/384 segment 4/5
2026-09-08T16:02:29.359+01:00 INFO : 1 points above threshold
2026-09-08T16:02:29.365+01:00 INFO : Filtering template 73/384 segment 5/5
2026-09-08T16:02:29.402+01:00 INFO : 2 points above threshold
2026-09-08T16:02:29.410+01:00 INFO : 73: generating IMRPhenomD from 30.0 Hz
2026-09-08T16:02:29.412+01:00 INFO : Decompressing waveform using inline_linear
2026-09-08T16:02:29.417+01:00 INFO : Filtering template 74/384 segment 1/5
2026-09-08T16:02:29.458+01:00 INFO : Filtering template 74/384 segment 2/5
2026-09-08T16:02:29.495+01:00 INFO : Filtering template 74/384 segment 3/5
2026-09-08T16:02:29.531+01:00 INFO : Filtering template 74/384 segment 4/5
2026-09-08T16:02:29.569+01:00 INFO : 1 points above threshold
2026-09-08T16:02:29.584+01:00 INFO : Filtering template 74/384 segment 5/5
2026-09-08T16:02:29.621+01:00 INFO : 1 points above threshold
2026-09-08T16:02:29.627+01:00 INFO : 74: generating IMRPhenomD from 30.0 Hz
2026-09-08T16:02:29.629+01:00 INFO : Decompressing waveform using inline_linear
2026-09-08T16:02:29.634+01:00 INFO : Filtering template 75/384 segment 1/5
2026-09-08T16:02:29.674+01:00 INFO : 3 points above threshold
2026-09-08T16:02:29.691+01:00 INFO : Filtering template 75/384 segment 2/5
2026-09-08T16:02:29.727+01:00 INFO : Filtering template 75/384 segment 3/5
2026-09-08T16:02:29.764+01:00 INFO : 1 points above threshold
2026-09-08T16:02:29.770+01:00 INFO : Filtering template 75/384 segment 4/5
2026-09-08T16:02:29.807+01:00 INFO : 2 points above threshold
2026-09-08T16:02:29.815+01:00 INFO : Filtering template 75/384 segment 5/5
2026-09-08T16:02:29.853+01:00 INFO : 75: generating IMRPhenomD from 30.0 Hz
2026-09-08T16:02:29.855+01:00 INFO : Decompressing waveform using inline_linear
2026-09-08T16:02:29.860+01:00 INFO : Filtering template 76/384 segment 1/5
2026-09-08T16:02:29.901+01:00 INFO : 2 points above threshold
2026-09-08T16:02:29.915+01:00 INFO : Filtering template 76/384 segment 2/5
2026-09-08T16:02:29.952+01:00 INFO : Filtering template 76/384 segment 3/5
2026-09-08T16:02:29.989+01:00 INFO : 1 points above threshold
2026-09-08T16:02:29.995+01:00 INFO : Filtering template 76/384 segment 4/5
2026-09-08T16:02:30.032+01:00 INFO : 2 points above threshold
2026-09-08T16:02:30.040+01:00 INFO : Filtering template 76/384 segment 5/5
2026-09-08T16:02:30.077+01:00 INFO : 2 points above threshold
2026-09-08T16:02:30.085+01:00 INFO : 76: generating IMRPhenomD from 30.0 Hz
2026-09-08T16:02:30.087+01:00 INFO : Decompressing waveform using inline_linear
2026-09-08T16:02:30.092+01:00 INFO : Filtering template 77/384 segment 1/5
2026-09-08T16:02:30.132+01:00 INFO : Filtering template 77/384 segment 2/5
2026-09-08T16:02:30.169+01:00 INFO : Filtering template 77/384 segment 3/5
2026-09-08T16:02:30.207+01:00 INFO : Filtering template 77/384 segment 4/5
2026-09-08T16:02:30.243+01:00 INFO : 2 points above threshold
2026-09-08T16:02:30.260+01:00 INFO : Filtering template 77/384 segment 5/5
2026-09-08T16:02:30.297+01:00 INFO : 77: generating IMRPhenomD from 30.0 Hz
2026-09-08T16:02:30.300+01:00 INFO : Decompressing waveform using inline_linear
2026-09-08T16:02:30.305+01:00 INFO : Filtering template 78/384 segment 1/5
2026-09-08T16:02:30.345+01:00 INFO : Filtering template 78/384 segment 2/5
2026-09-08T16:02:30.382+01:00 INFO : 1 points above threshold
2026-09-08T16:02:30.398+01:00 INFO : Filtering template 78/384 segment 3/5
2026-09-08T16:02:30.434+01:00 INFO : 2 points above threshold
2026-09-08T16:02:30.442+01:00 INFO : Filtering template 78/384 segment 4/5
2026-09-08T16:02:30.479+01:00 INFO : Filtering template 78/384 segment 5/5
2026-09-08T16:02:30.516+01:00 INFO : 2 points above threshold
2026-09-08T16:02:30.524+01:00 INFO : 78: generating IMRPhenomD from 30.0 Hz
2026-09-08T16:02:30.527+01:00 INFO : Decompressing waveform using inline_linear
2026-09-08T16:02:30.532+01:00 INFO : Filtering template 79/384 segment 1/5
2026-09-08T16:02:30.572+01:00 INFO : 4 points above threshold
2026-09-08T16:02:30.590+01:00 INFO : Filtering template 79/384 segment 2/5
2026-09-08T16:02:30.628+01:00 INFO : 1 points above threshold
2026-09-08T16:02:30.633+01:00 INFO : Filtering template 79/384 segment 3/5
2026-09-08T16:02:30.671+01:00 INFO : 1 points above threshold
2026-09-08T16:02:30.676+01:00 INFO : Filtering template 79/384 segment 4/5
2026-09-08T16:02:30.713+01:00 INFO : 1 points above threshold
2026-09-08T16:02:30.719+01:00 INFO : Filtering template 79/384 segment 5/5
2026-09-08T16:02:30.757+01:00 INFO : 79: generating IMRPhenomD from 30.0 Hz
2026-09-08T16:02:30.759+01:00 INFO : Decompressing waveform using inline_linear
2026-09-08T16:02:30.764+01:00 INFO : Filtering template 80/384 segment 1/5
2026-09-08T16:02:30.804+01:00 INFO : 1 points above threshold
2026-09-08T16:02:30.820+01:00 INFO : Filtering template 80/384 segment 2/5
2026-09-08T16:02:30.857+01:00 INFO : 1 points above threshold
2026-09-08T16:02:30.863+01:00 INFO : Filtering template 80/384 segment 3/5
2026-09-08T16:02:30.900+01:00 INFO : 1 points above threshold
2026-09-08T16:02:30.906+01:00 INFO : Filtering template 80/384 segment 4/5
2026-09-08T16:02:30.943+01:00 INFO : Filtering template 80/384 segment 5/5
2026-09-08T16:02:30.980+01:00 INFO : 1 points above threshold
2026-09-08T16:02:30.986+01:00 INFO : 80: generating IMRPhenomD from 30.0 Hz
2026-09-08T16:02:30.988+01:00 INFO : Decompressing waveform using inline_linear
2026-09-08T16:02:30.993+01:00 INFO : Filtering template 81/384 segment 1/5
2026-09-08T16:02:31.033+01:00 INFO : Filtering template 81/384 segment 2/5
2026-09-08T16:02:31.070+01:00 INFO : Filtering template 81/384 segment 3/5
2026-09-08T16:02:31.107+01:00 INFO : 1 points above threshold
2026-09-08T16:02:31.122+01:00 INFO : Filtering template 81/384 segment 4/5
2026-09-08T16:02:31.159+01:00 INFO : 1 points above threshold
2026-09-08T16:02:31.165+01:00 INFO : Filtering template 81/384 segment 5/5
2026-09-08T16:02:31.202+01:00 INFO : 81: generating IMRPhenomD from 30.0 Hz
2026-09-08T16:02:31.205+01:00 INFO : Decompressing waveform using inline_linear
2026-09-08T16:02:31.210+01:00 INFO : Filtering template 82/384 segment 1/5
2026-09-08T16:02:31.250+01:00 INFO : 1 points above threshold
2026-09-08T16:02:31.265+01:00 INFO : Filtering template 82/384 segment 2/5
2026-09-08T16:02:31.302+01:00 INFO : Filtering template 82/384 segment 3/5
2026-09-08T16:02:31.339+01:00 INFO : 1 points above threshold
2026-09-08T16:02:31.345+01:00 INFO : Filtering template 82/384 segment 4/5
2026-09-08T16:02:31.382+01:00 INFO : 2 points above threshold
2026-09-08T16:02:31.390+01:00 INFO : Filtering template 82/384 segment 5/5
2026-09-08T16:02:31.427+01:00 INFO : 82: generating IMRPhenomD from 30.0 Hz
2026-09-08T16:02:31.430+01:00 INFO : Decompressing waveform using inline_linear
2026-09-08T16:02:31.434+01:00 INFO : Filtering template 83/384 segment 1/5
2026-09-08T16:02:31.474+01:00 INFO : 2 points above threshold
2026-09-08T16:02:31.491+01:00 INFO : Filtering template 83/384 segment 2/5
2026-09-08T16:02:31.528+01:00 INFO : 1 points above threshold
2026-09-08T16:02:31.534+01:00 INFO : Filtering template 83/384 segment 3/5
2026-09-08T16:02:31.571+01:00 INFO : Filtering template 83/384 segment 4/5
2026-09-08T16:02:31.608+01:00 INFO : 3 points above threshold
2026-09-08T16:02:31.618+01:00 INFO : Filtering template 83/384 segment 5/5
2026-09-08T16:02:31.655+01:00 INFO : 3 points above threshold
2026-09-08T16:02:31.665+01:00 INFO : 83: generating IMRPhenomD from 30.0 Hz
2026-09-08T16:02:31.668+01:00 INFO : Decompressing waveform using inline_linear
2026-09-08T16:02:31.673+01:00 INFO : Filtering template 84/384 segment 1/5
2026-09-08T16:02:31.713+01:00 INFO : 1 points above threshold
2026-09-08T16:02:31.726+01:00 INFO : Filtering template 84/384 segment 2/5
2026-09-08T16:02:31.763+01:00 INFO : Filtering template 84/384 segment 3/5
2026-09-08T16:02:31.800+01:00 INFO : Filtering template 84/384 segment 4/5
2026-09-08T16:02:31.837+01:00 INFO : 2 points above threshold
2026-09-08T16:02:31.845+01:00 INFO : Filtering template 84/384 segment 5/5
2026-09-08T16:02:31.882+01:00 INFO : 1 points above threshold
2026-09-08T16:02:31.888+01:00 INFO : 84: generating IMRPhenomD from 30.0 Hz
2026-09-08T16:02:31.890+01:00 INFO : Decompressing waveform using inline_linear
2026-09-08T16:02:31.895+01:00 INFO : Filtering template 85/384 segment 1/5
2026-09-08T16:02:31.936+01:00 INFO : 1 points above threshold
2026-09-08T16:02:31.948+01:00 INFO : Filtering template 85/384 segment 2/5
2026-09-08T16:02:31.985+01:00 INFO : 2 points above threshold
2026-09-08T16:02:31.993+01:00 INFO : Filtering template 85/384 segment 3/5
2026-09-08T16:02:32.030+01:00 INFO : Filtering template 85/384 segment 4/5
2026-09-08T16:02:32.067+01:00 INFO : 1 points above threshold
2026-09-08T16:02:32.073+01:00 INFO : Filtering template 85/384 segment 5/5
2026-09-08T16:02:32.110+01:00 INFO : 2 points above threshold
2026-09-08T16:02:32.118+01:00 INFO : 85: generating IMRPhenomD from 30.0 Hz
2026-09-08T16:02:32.121+01:00 INFO : Decompressing waveform using inline_linear
2026-09-08T16:02:32.126+01:00 INFO : Filtering template 86/384 segment 1/5
2026-09-08T16:02:32.166+01:00 INFO : 3 points above threshold
2026-09-08T16:02:32.182+01:00 INFO : Filtering template 86/384 segment 2/5
2026-09-08T16:02:32.219+01:00 INFO : 2 points above threshold
2026-09-08T16:02:32.227+01:00 INFO : Filtering template 86/384 segment 3/5
2026-09-08T16:02:32.264+01:00 INFO : Filtering template 86/384 segment 4/5
2026-09-08T16:02:32.301+01:00 INFO : Filtering template 86/384 segment 5/5
2026-09-08T16:02:32.339+01:00 INFO : 86: generating IMRPhenomD from 30.0 Hz
2026-09-08T16:02:32.341+01:00 INFO : Decompressing waveform using inline_linear
2026-09-08T16:02:32.346+01:00 INFO : Filtering template 87/384 segment 1/5
2026-09-08T16:02:32.387+01:00 INFO : 3 points above threshold
2026-09-08T16:02:32.403+01:00 INFO : Filtering template 87/384 segment 2/5
2026-09-08T16:02:32.440+01:00 INFO : 2 points above threshold
2026-09-08T16:02:32.448+01:00 INFO : Filtering template 87/384 segment 3/5
2026-09-08T16:02:32.485+01:00 INFO : 2 points above threshold
2026-09-08T16:02:32.493+01:00 INFO : Filtering template 87/384 segment 4/5
2026-09-08T16:02:32.530+01:00 INFO : 4 points above threshold
2026-09-08T16:02:32.539+01:00 INFO : Filtering template 87/384 segment 5/5
2026-09-08T16:02:32.576+01:00 INFO : 1 points above threshold
2026-09-08T16:02:32.583+01:00 INFO : 87: generating IMRPhenomD from 30.0 Hz
2026-09-08T16:02:32.585+01:00 INFO : Decompressing waveform using inline_linear
2026-09-08T16:02:32.590+01:00 INFO : Filtering template 88/384 segment 1/5
2026-09-08T16:02:32.630+01:00 INFO : 1 points above threshold
2026-09-08T16:02:32.642+01:00 INFO : Filtering template 88/384 segment 2/5
2026-09-08T16:02:32.679+01:00 INFO : 2 points above threshold
2026-09-08T16:02:32.687+01:00 INFO : Filtering template 88/384 segment 3/5
2026-09-08T16:02:32.724+01:00 INFO : Filtering template 88/384 segment 4/5
2026-09-08T16:02:32.761+01:00 INFO : Filtering template 88/384 segment 5/5
2026-09-08T16:02:32.799+01:00 INFO : 88: generating IMRPhenomD from 30.0 Hz
2026-09-08T16:02:32.801+01:00 INFO : Decompressing waveform using inline_linear
2026-09-08T16:02:32.806+01:00 INFO : Filtering template 89/384 segment 1/5
2026-09-08T16:02:32.847+01:00 INFO : 5 points above threshold
2026-09-08T16:02:32.865+01:00 INFO : Filtering template 89/384 segment 2/5
2026-09-08T16:02:32.903+01:00 INFO : 1 points above threshold
2026-09-08T16:02:32.909+01:00 INFO : Filtering template 89/384 segment 3/5
2026-09-08T16:02:32.946+01:00 INFO : 1 points above threshold
2026-09-08T16:02:32.952+01:00 INFO : Filtering template 89/384 segment 4/5
2026-09-08T16:02:32.989+01:00 INFO : 2 points above threshold
2026-09-08T16:02:32.997+01:00 INFO : Filtering template 89/384 segment 5/5
2026-09-08T16:02:33.034+01:00 INFO : 89: generating IMRPhenomD from 30.0 Hz
2026-09-08T16:02:33.036+01:00 INFO : Decompressing waveform using inline_linear
2026-09-08T16:02:33.041+01:00 INFO : Filtering template 90/384 segment 1/5
2026-09-08T16:02:33.081+01:00 INFO : Filtering template 90/384 segment 2/5
2026-09-08T16:02:33.118+01:00 INFO : 1 points above threshold
2026-09-08T16:02:33.131+01:00 INFO : Filtering template 90/384 segment 3/5
2026-09-08T16:02:33.167+01:00 INFO : Filtering template 90/384 segment 4/5
2026-09-08T16:02:33.204+01:00 INFO : 1 points above threshold
2026-09-08T16:02:33.210+01:00 INFO : Filtering template 90/384 segment 5/5
2026-09-08T16:02:33.248+01:00 INFO : 90: generating IMRPhenomD from 30.0 Hz
2026-09-08T16:02:33.250+01:00 INFO : Decompressing waveform using inline_linear
2026-09-08T16:02:33.255+01:00 INFO : Filtering template 91/384 segment 1/5
2026-09-08T16:02:33.295+01:00 INFO : Filtering template 91/384 segment 2/5
2026-09-08T16:02:33.332+01:00 INFO : 1 points above threshold
2026-09-08T16:02:33.344+01:00 INFO : Filtering template 91/384 segment 3/5
2026-09-08T16:02:33.381+01:00 INFO : 2 points above threshold
2026-09-08T16:02:33.389+01:00 INFO : Filtering template 91/384 segment 4/5
2026-09-08T16:02:33.425+01:00 INFO : 2 points above threshold
2026-09-08T16:02:33.433+01:00 INFO : Filtering template 91/384 segment 5/5
2026-09-08T16:02:33.471+01:00 INFO : 91: generating IMRPhenomD from 30.0 Hz
2026-09-08T16:02:33.473+01:00 INFO : Decompressing waveform using inline_linear
2026-09-08T16:02:33.478+01:00 INFO : Filtering template 92/384 segment 1/5
2026-09-08T16:02:33.518+01:00 INFO : Filtering template 92/384 segment 2/5
2026-09-08T16:02:33.555+01:00 INFO : Filtering template 92/384 segment 3/5
2026-09-08T16:02:33.592+01:00 INFO : Filtering template 92/384 segment 4/5
2026-09-08T16:02:33.629+01:00 INFO : Filtering template 92/384 segment 5/5
2026-09-08T16:02:33.666+01:00 INFO : 92: generating IMRPhenomD from 30.0 Hz
2026-09-08T16:02:33.669+01:00 INFO : Decompressing waveform using inline_linear
2026-09-08T16:02:33.673+01:00 INFO : Filtering template 93/384 segment 1/5
2026-09-08T16:02:33.714+01:00 INFO : 2 points above threshold
2026-09-08T16:02:33.728+01:00 INFO : Filtering template 93/384 segment 2/5
2026-09-08T16:02:33.765+01:00 INFO : 2 points above threshold
2026-09-08T16:02:33.773+01:00 INFO : Filtering template 93/384 segment 3/5
2026-09-08T16:02:33.810+01:00 INFO : Filtering template 93/384 segment 4/5
2026-09-08T16:02:33.847+01:00 INFO : Filtering template 93/384 segment 5/5
2026-09-08T16:02:33.884+01:00 INFO : 1 points above threshold
2026-09-08T16:02:33.890+01:00 INFO : 93: generating IMRPhenomD from 30.0 Hz
2026-09-08T16:02:33.893+01:00 INFO : Decompressing waveform using inline_linear
2026-09-08T16:02:33.898+01:00 INFO : Filtering template 94/384 segment 1/5
2026-09-08T16:02:33.938+01:00 INFO : 2 points above threshold
2026-09-08T16:02:33.953+01:00 INFO : Filtering template 94/384 segment 2/5
2026-09-08T16:02:33.990+01:00 INFO : 3 points above threshold
2026-09-08T16:02:34.000+01:00 INFO : Filtering template 94/384 segment 3/5
2026-09-08T16:02:34.037+01:00 INFO : 1 points above threshold
2026-09-08T16:02:34.043+01:00 INFO : Filtering template 94/384 segment 4/5
2026-09-08T16:02:34.079+01:00 INFO : 1 points above threshold
2026-09-08T16:02:34.085+01:00 INFO : Filtering template 94/384 segment 5/5
2026-09-08T16:02:34.122+01:00 INFO : 1 points above threshold
2026-09-08T16:02:34.129+01:00 INFO : 94: generating IMRPhenomD from 30.0 Hz
2026-09-08T16:02:34.131+01:00 INFO : Decompressing waveform using inline_linear
2026-09-08T16:02:34.136+01:00 INFO : Filtering template 95/384 segment 1/5
2026-09-08T16:02:34.176+01:00 INFO : 4 points above threshold
2026-09-08T16:02:34.192+01:00 INFO : Filtering template 95/384 segment 2/5
2026-09-08T16:02:34.229+01:00 INFO : 1 points above threshold
2026-09-08T16:02:34.235+01:00 INFO : Filtering template 95/384 segment 3/5
2026-09-08T16:02:34.272+01:00 INFO : Filtering template 95/384 segment 4/5
2026-09-08T16:02:34.310+01:00 INFO : Filtering template 95/384 segment 5/5
2026-09-08T16:02:34.350+01:00 INFO : 1 points above threshold
2026-09-08T16:02:34.357+01:00 INFO : 95: generating IMRPhenomD from 30.0 Hz
2026-09-08T16:02:34.359+01:00 INFO : Decompressing waveform using inline_linear
2026-09-08T16:02:34.364+01:00 INFO : Filtering template 96/384 segment 1/5
2026-09-08T16:02:34.409+01:00 INFO : Filtering template 96/384 segment 2/5
2026-09-08T16:02:34.446+01:00 INFO : Filtering template 96/384 segment 3/5
2026-09-08T16:02:34.483+01:00 INFO : Filtering template 96/384 segment 4/5
2026-09-08T16:02:34.520+01:00 INFO : Filtering template 96/384 segment 5/5
2026-09-08T16:02:34.557+01:00 INFO : 96: generating IMRPhenomD from 30.0 Hz
2026-09-08T16:02:34.560+01:00 INFO : Decompressing waveform using inline_linear
2026-09-08T16:02:34.565+01:00 INFO : Filtering template 97/384 segment 1/5
2026-09-08T16:02:34.605+01:00 INFO : 2 points above threshold
2026-09-08T16:02:34.619+01:00 INFO : Filtering template 97/384 segment 2/5
2026-09-08T16:02:34.656+01:00 INFO : Filtering template 97/384 segment 3/5
2026-09-08T16:02:34.693+01:00 INFO : Filtering template 97/384 segment 4/5
2026-09-08T16:02:34.729+01:00 INFO : 1 points above threshold
2026-09-08T16:02:34.735+01:00 INFO : Filtering template 97/384 segment 5/5
2026-09-08T16:02:34.773+01:00 INFO : 97: generating IMRPhenomD from 30.0 Hz
2026-09-08T16:02:34.775+01:00 INFO : Decompressing waveform using inline_linear
2026-09-08T16:02:34.780+01:00 INFO : Filtering template 98/384 segment 1/5
2026-09-08T16:02:34.820+01:00 INFO : 1 points above threshold
2026-09-08T16:02:34.838+01:00 INFO : Filtering template 98/384 segment 2/5
2026-09-08T16:02:34.875+01:00 INFO : 1 points above threshold
2026-09-08T16:02:34.881+01:00 INFO : Filtering template 98/384 segment 3/5
2026-09-08T16:02:34.918+01:00 INFO : 4 points above threshold
2026-09-08T16:02:34.928+01:00 INFO : Filtering template 98/384 segment 4/5
2026-09-08T16:02:34.965+01:00 INFO : 1 points above threshold
2026-09-08T16:02:34.971+01:00 INFO : Filtering template 98/384 segment 5/5
2026-09-08T16:02:35.008+01:00 INFO : 98: generating IMRPhenomD from 30.0 Hz
2026-09-08T16:02:35.010+01:00 INFO : Decompressing waveform using inline_linear
2026-09-08T16:02:35.015+01:00 INFO : Filtering template 99/384 segment 1/5
2026-09-08T16:02:35.056+01:00 INFO : 2 points above threshold
2026-09-08T16:02:35.073+01:00 INFO : Filtering template 99/384 segment 2/5
2026-09-08T16:02:35.109+01:00 INFO : 2 points above threshold
2026-09-08T16:02:35.117+01:00 INFO : Filtering template 99/384 segment 3/5
2026-09-08T16:02:35.154+01:00 INFO : 2 points above threshold
2026-09-08T16:02:35.162+01:00 INFO : Filtering template 99/384 segment 4/5
2026-09-08T16:02:35.199+01:00 INFO : 2 points above threshold
2026-09-08T16:02:35.207+01:00 INFO : Filtering template 99/384 segment 5/5
2026-09-08T16:02:35.244+01:00 INFO : 1 points above threshold
2026-09-08T16:02:35.250+01:00 INFO : 99: generating IMRPhenomD from 30.0 Hz
2026-09-08T16:02:35.253+01:00 INFO : Decompressing waveform using inline_linear
2026-09-08T16:02:35.258+01:00 INFO : Filtering template 100/384 segment 1/5
2026-09-08T16:02:35.298+01:00 INFO : 1 points above threshold
2026-09-08T16:02:35.313+01:00 INFO : Filtering template 100/384 segment 2/5
2026-09-08T16:02:35.350+01:00 INFO : 2 points above threshold
2026-09-08T16:02:35.358+01:00 INFO : Filtering template 100/384 segment 3/5
2026-09-08T16:02:35.395+01:00 INFO : Filtering template 100/384 segment 4/5
2026-09-08T16:02:35.432+01:00 INFO : Filtering template 100/384 segment 5/5
2026-09-08T16:02:35.470+01:00 INFO : 100: generating IMRPhenomD from 30.0 Hz
2026-09-08T16:02:35.472+01:00 INFO : Decompressing waveform using inline_linear
2026-09-08T16:02:35.477+01:00 INFO : Filtering template 101/384 segment 1/5
2026-09-08T16:02:35.517+01:00 INFO : Filtering template 101/384 segment 2/5
2026-09-08T16:02:35.554+01:00 INFO : 1 points above threshold
2026-09-08T16:02:35.572+01:00 INFO : Filtering template 101/384 segment 3/5
2026-09-08T16:02:35.609+01:00 INFO : Filtering template 101/384 segment 4/5
2026-09-08T16:02:35.646+01:00 INFO : 1 points above threshold
2026-09-08T16:02:35.652+01:00 INFO : Filtering template 101/384 segment 5/5
2026-09-08T16:02:35.690+01:00 INFO : 101: generating IMRPhenomD from 30.0 Hz
2026-09-08T16:02:35.692+01:00 INFO : Decompressing waveform using inline_linear
2026-09-08T16:02:35.697+01:00 INFO : Filtering template 102/384 segment 1/5
2026-09-08T16:02:35.737+01:00 INFO : 2 points above threshold
2026-09-08T16:02:35.754+01:00 INFO : Filtering template 102/384 segment 2/5
2026-09-08T16:02:35.791+01:00 INFO : 1 points above threshold
2026-09-08T16:02:35.797+01:00 INFO : Filtering template 102/384 segment 3/5
2026-09-08T16:02:35.835+01:00 INFO : Filtering template 102/384 segment 4/5
2026-09-08T16:02:35.872+01:00 INFO : 2 points above threshold
2026-09-08T16:02:35.880+01:00 INFO : Filtering template 102/384 segment 5/5
2026-09-08T16:02:35.917+01:00 INFO : 1 points above threshold
2026-09-08T16:02:35.923+01:00 INFO : 102: generating IMRPhenomD from 30.0 Hz
2026-09-08T16:02:35.925+01:00 INFO : Decompressing waveform using inline_linear
2026-09-08T16:02:35.930+01:00 INFO : Filtering template 103/384 segment 1/5
2026-09-08T16:02:35.971+01:00 INFO : Filtering template 103/384 segment 2/5
2026-09-08T16:02:36.008+01:00 INFO : 1 points above threshold
2026-09-08T16:02:36.023+01:00 INFO : Filtering template 103/384 segment 3/5
2026-09-08T16:02:36.060+01:00 INFO : 2 points above threshold
2026-09-08T16:02:36.069+01:00 INFO : Filtering template 103/384 segment 4/5
2026-09-08T16:02:36.106+01:00 INFO : Filtering template 103/384 segment 5/5
2026-09-08T16:02:36.143+01:00 INFO : 103: generating IMRPhenomD from 30.0 Hz
2026-09-08T16:02:36.146+01:00 INFO : Decompressing waveform using inline_linear
2026-09-08T16:02:36.151+01:00 INFO : Filtering template 104/384 segment 1/5
2026-09-08T16:02:36.192+01:00 INFO : 1 points above threshold
2026-09-08T16:02:36.204+01:00 INFO : Filtering template 104/384 segment 2/5
2026-09-08T16:02:36.241+01:00 INFO : Filtering template 104/384 segment 3/5
2026-09-08T16:02:36.278+01:00 INFO : 2 points above threshold
2026-09-08T16:02:36.286+01:00 INFO : Filtering template 104/384 segment 4/5
2026-09-08T16:02:36.324+01:00 INFO : 1 points above threshold
2026-09-08T16:02:36.330+01:00 INFO : Filtering template 104/384 segment 5/5
2026-09-08T16:02:36.368+01:00 INFO : 104: generating IMRPhenomD from 30.0 Hz
2026-09-08T16:02:36.371+01:00 INFO : Decompressing waveform using inline_linear
2026-09-08T16:02:36.376+01:00 INFO : Filtering template 105/384 segment 1/5
2026-09-08T16:02:36.417+01:00 INFO : Filtering template 105/384 segment 2/5
2026-09-08T16:02:36.454+01:00 INFO : 2 points above threshold
2026-09-08T16:02:36.468+01:00 INFO : Filtering template 105/384 segment 3/5
2026-09-08T16:02:36.507+01:00 INFO : 1 points above threshold
2026-09-08T16:02:36.513+01:00 INFO : Filtering template 105/384 segment 4/5
2026-09-08T16:02:36.552+01:00 INFO : 7 points above threshold
2026-09-08T16:02:36.569+01:00 INFO : Filtering template 105/384 segment 5/5
2026-09-08T16:02:36.608+01:00 INFO : 105: generating IMRPhenomD from 30.0 Hz
2026-09-08T16:02:36.610+01:00 INFO : Decompressing waveform using inline_linear
2026-09-08T16:02:36.615+01:00 INFO : Filtering template 106/384 segment 1/5
2026-09-08T16:02:36.656+01:00 INFO : 2 points above threshold
2026-09-08T16:02:36.671+01:00 INFO : Filtering template 106/384 segment 2/5
2026-09-08T16:02:36.708+01:00 INFO : Filtering template 106/384 segment 3/5
2026-09-08T16:02:36.746+01:00 INFO : 1 points above threshold
2026-09-08T16:02:36.752+01:00 INFO : Filtering template 106/384 segment 4/5
2026-09-08T16:02:36.789+01:00 INFO : 1 points above threshold
2026-09-08T16:02:36.795+01:00 INFO : Filtering template 106/384 segment 5/5
2026-09-08T16:02:36.832+01:00 INFO : 1 points above threshold
2026-09-08T16:02:36.839+01:00 INFO : 106: generating IMRPhenomD from 30.0 Hz
2026-09-08T16:02:36.841+01:00 INFO : Decompressing waveform using inline_linear
2026-09-08T16:02:36.846+01:00 INFO : Filtering template 107/384 segment 1/5
2026-09-08T16:02:36.887+01:00 INFO : 2 points above threshold
2026-09-08T16:02:36.901+01:00 INFO : Filtering template 107/384 segment 2/5
2026-09-08T16:02:36.938+01:00 INFO : 1 points above threshold
2026-09-08T16:02:36.944+01:00 INFO : Filtering template 107/384 segment 3/5
2026-09-08T16:02:36.982+01:00 INFO : Filtering template 107/384 segment 4/5
2026-09-08T16:02:37.019+01:00 INFO : Filtering template 107/384 segment 5/5
2026-09-08T16:02:37.056+01:00 INFO : 107: generating IMRPhenomD from 30.0 Hz
2026-09-08T16:02:37.059+01:00 INFO : Decompressing waveform using inline_linear
2026-09-08T16:02:37.064+01:00 INFO : Filtering template 108/384 segment 1/5
2026-09-08T16:02:37.104+01:00 INFO : 1 points above threshold
2026-09-08T16:02:37.117+01:00 INFO : Filtering template 108/384 segment 2/5
2026-09-08T16:02:37.154+01:00 INFO : 1 points above threshold
2026-09-08T16:02:37.160+01:00 INFO : Filtering template 108/384 segment 3/5
2026-09-08T16:02:37.197+01:00 INFO : Filtering template 108/384 segment 4/5
2026-09-08T16:02:37.234+01:00 INFO : 4 points above threshold
2026-09-08T16:02:37.244+01:00 INFO : Filtering template 108/384 segment 5/5
2026-09-08T16:02:37.281+01:00 INFO : 108: generating IMRPhenomD from 30.0 Hz
2026-09-08T16:02:37.284+01:00 INFO : Decompressing waveform using inline_linear
2026-09-08T16:02:37.289+01:00 INFO : Filtering template 109/384 segment 1/5
2026-09-08T16:02:37.329+01:00 INFO : 2 points above threshold
2026-09-08T16:02:37.344+01:00 INFO : Filtering template 109/384 segment 2/5
2026-09-08T16:02:37.381+01:00 INFO : Filtering template 109/384 segment 3/5
2026-09-08T16:02:37.418+01:00 INFO : Filtering template 109/384 segment 4/5
2026-09-08T16:02:37.455+01:00 INFO : Filtering template 109/384 segment 5/5
2026-09-08T16:02:37.492+01:00 INFO : 3 points above threshold
2026-09-08T16:02:37.502+01:00 INFO : 109: generating IMRPhenomD from 30.0 Hz
2026-09-08T16:02:37.505+01:00 INFO : Decompressing waveform using inline_linear
2026-09-08T16:02:37.510+01:00 INFO : Filtering template 110/384 segment 1/5
2026-09-08T16:02:37.550+01:00 INFO : 1 points above threshold
2026-09-08T16:02:37.562+01:00 INFO : Filtering template 110/384 segment 2/5
2026-09-08T16:02:37.599+01:00 INFO : Filtering template 110/384 segment 3/5
2026-09-08T16:02:37.637+01:00 INFO : 1 points above threshold
2026-09-08T16:02:37.643+01:00 INFO : Filtering template 110/384 segment 4/5
2026-09-08T16:02:37.680+01:00 INFO : 2 points above threshold
2026-09-08T16:02:37.688+01:00 INFO : Filtering template 110/384 segment 5/5
2026-09-08T16:02:37.725+01:00 INFO : 110: generating IMRPhenomD from 30.0 Hz
2026-09-08T16:02:37.728+01:00 INFO : Decompressing waveform using inline_linear
2026-09-08T16:02:37.733+01:00 INFO : Filtering template 111/384 segment 1/5
2026-09-08T16:02:37.773+01:00 INFO : Filtering template 111/384 segment 2/5
2026-09-08T16:02:37.810+01:00 INFO : 1 points above threshold
2026-09-08T16:02:37.822+01:00 INFO : Filtering template 111/384 segment 3/5
2026-09-08T16:02:37.859+01:00 INFO : 1 points above threshold
2026-09-08T16:02:37.865+01:00 INFO : Filtering template 111/384 segment 4/5
2026-09-08T16:02:37.903+01:00 INFO : Filtering template 111/384 segment 5/5
2026-09-08T16:02:37.940+01:00 INFO : 111: generating IMRPhenomD from 30.0 Hz
2026-09-08T16:02:37.942+01:00 INFO : Decompressing waveform using inline_linear
2026-09-08T16:02:37.947+01:00 INFO : Filtering template 112/384 segment 1/5
2026-09-08T16:02:37.988+01:00 INFO : 4 points above threshold
2026-09-08T16:02:38.004+01:00 INFO : Filtering template 112/384 segment 2/5
2026-09-08T16:02:38.041+01:00 INFO : Filtering template 112/384 segment 3/5
2026-09-08T16:02:38.078+01:00 INFO : 1 points above threshold
2026-09-08T16:02:38.084+01:00 INFO : Filtering template 112/384 segment 4/5
2026-09-08T16:02:38.121+01:00 INFO : 2 points above threshold
2026-09-08T16:02:38.129+01:00 INFO : Filtering template 112/384 segment 5/5
2026-09-08T16:02:38.166+01:00 INFO : 2 points above threshold
2026-09-08T16:02:38.174+01:00 INFO : 112: generating IMRPhenomD from 30.0 Hz
2026-09-08T16:02:38.176+01:00 INFO : Decompressing waveform using inline_linear
2026-09-08T16:02:38.181+01:00 INFO : Filtering template 113/384 segment 1/5
2026-09-08T16:02:38.221+01:00 INFO : 2 points above threshold
2026-09-08T16:02:38.235+01:00 INFO : Filtering template 113/384 segment 2/5
2026-09-08T16:02:38.273+01:00 INFO : 3 points above threshold
2026-09-08T16:02:38.283+01:00 INFO : Filtering template 113/384 segment 3/5
2026-09-08T16:02:38.320+01:00 INFO : Filtering template 113/384 segment 4/5
2026-09-08T16:02:38.357+01:00 INFO : Filtering template 113/384 segment 5/5
2026-09-08T16:02:38.394+01:00 INFO : 113: generating IMRPhenomD from 30.0 Hz
2026-09-08T16:02:38.396+01:00 INFO : Decompressing waveform using inline_linear
2026-09-08T16:02:38.401+01:00 INFO : Filtering template 114/384 segment 1/5
2026-09-08T16:02:38.442+01:00 INFO : 1 points above threshold
2026-09-08T16:02:38.454+01:00 INFO : Filtering template 114/384 segment 2/5
2026-09-08T16:02:38.491+01:00 INFO : Filtering template 114/384 segment 3/5
2026-09-08T16:02:38.528+01:00 INFO : 1 points above threshold
2026-09-08T16:02:38.534+01:00 INFO : Filtering template 114/384 segment 4/5
2026-09-08T16:02:38.571+01:00 INFO : 1 points above threshold
2026-09-08T16:02:38.577+01:00 INFO : Filtering template 114/384 segment 5/5
2026-09-08T16:02:38.614+01:00 INFO : 1 points above threshold
2026-09-08T16:02:38.620+01:00 INFO : 114: generating IMRPhenomD from 30.0 Hz
2026-09-08T16:02:38.622+01:00 INFO : Decompressing waveform using inline_linear
2026-09-08T16:02:38.627+01:00 INFO : Filtering template 115/384 segment 1/5
2026-09-08T16:02:38.668+01:00 INFO : 4 points above threshold
2026-09-08T16:02:38.683+01:00 INFO : Filtering template 115/384 segment 2/5
2026-09-08T16:02:38.720+01:00 INFO : 1 points above threshold
2026-09-08T16:02:38.726+01:00 INFO : Filtering template 115/384 segment 3/5
2026-09-08T16:02:38.763+01:00 INFO : Filtering template 115/384 segment 4/5
2026-09-08T16:02:38.800+01:00 INFO : 2 points above threshold
2026-09-08T16:02:38.808+01:00 INFO : Filtering template 115/384 segment 5/5
2026-09-08T16:02:38.845+01:00 INFO : 115: generating IMRPhenomD from 30.0 Hz
2026-09-08T16:02:38.848+01:00 INFO : Decompressing waveform using inline_linear
2026-09-08T16:02:38.853+01:00 INFO : Filtering template 116/384 segment 1/5
2026-09-08T16:02:38.893+01:00 INFO : Filtering template 116/384 segment 2/5
2026-09-08T16:02:38.930+01:00 INFO : 2 points above threshold
2026-09-08T16:02:38.945+01:00 INFO : Filtering template 116/384 segment 3/5
2026-09-08T16:02:38.982+01:00 INFO : 1 points above threshold
2026-09-08T16:02:38.988+01:00 INFO : Filtering template 116/384 segment 4/5
2026-09-08T16:02:39.024+01:00 INFO : 2 points above threshold
2026-09-08T16:02:39.032+01:00 INFO : Filtering template 116/384 segment 5/5
2026-09-08T16:02:39.069+01:00 INFO : 1 points above threshold
2026-09-08T16:02:39.076+01:00 INFO : 116: generating IMRPhenomD from 30.0 Hz
2026-09-08T16:02:39.078+01:00 INFO : Decompressing waveform using inline_linear
2026-09-08T16:02:39.083+01:00 INFO : Filtering template 117/384 segment 1/5
2026-09-08T16:02:39.123+01:00 INFO : Filtering template 117/384 segment 2/5
2026-09-08T16:02:39.160+01:00 INFO : Filtering template 117/384 segment 3/5
2026-09-08T16:02:39.197+01:00 INFO : 3 points above threshold
2026-09-08T16:02:39.214+01:00 INFO : Filtering template 117/384 segment 4/5
2026-09-08T16:02:39.251+01:00 INFO : 2 points above threshold
2026-09-08T16:02:39.259+01:00 INFO : Filtering template 117/384 segment 5/5
2026-09-08T16:02:39.296+01:00 INFO : 1 points above threshold
2026-09-08T16:02:39.302+01:00 INFO : 117: generating IMRPhenomD from 30.0 Hz
2026-09-08T16:02:39.305+01:00 INFO : Decompressing waveform using inline_linear
2026-09-08T16:02:39.310+01:00 INFO : Filtering template 118/384 segment 1/5
2026-09-08T16:02:39.350+01:00 INFO : 1 points above threshold
2026-09-08T16:02:39.362+01:00 INFO : Filtering template 118/384 segment 2/5
2026-09-08T16:02:39.399+01:00 INFO : Filtering template 118/384 segment 3/5
2026-09-08T16:02:39.439+01:00 INFO : 3 points above threshold
2026-09-08T16:02:39.449+01:00 INFO : Filtering template 118/384 segment 4/5
2026-09-08T16:02:39.490+01:00 INFO : 2 points above threshold
2026-09-08T16:02:39.498+01:00 INFO : Filtering template 118/384 segment 5/5
2026-09-08T16:02:39.536+01:00 INFO : 3 points above threshold
2026-09-08T16:02:39.546+01:00 INFO : 118: generating IMRPhenomD from 30.0 Hz
2026-09-08T16:02:39.548+01:00 INFO : Decompressing waveform using inline_linear
2026-09-08T16:02:39.553+01:00 INFO : Filtering template 119/384 segment 1/5
2026-09-08T16:02:39.594+01:00 INFO : 1 points above threshold
2026-09-08T16:02:39.606+01:00 INFO : Filtering template 119/384 segment 2/5
2026-09-08T16:02:39.643+01:00 INFO : Filtering template 119/384 segment 3/5
2026-09-08T16:02:39.680+01:00 INFO : Filtering template 119/384 segment 4/5
2026-09-08T16:02:39.717+01:00 INFO : 3 points above threshold
2026-09-08T16:02:39.727+01:00 INFO : Filtering template 119/384 segment 5/5
2026-09-08T16:02:39.764+01:00 INFO : 1 points above threshold
2026-09-08T16:02:39.770+01:00 INFO : 119: generating IMRPhenomD from 30.0 Hz
2026-09-08T16:02:39.772+01:00 INFO : Decompressing waveform using inline_linear
2026-09-08T16:02:39.777+01:00 INFO : Filtering template 120/384 segment 1/5
2026-09-08T16:02:39.818+01:00 INFO : Filtering template 120/384 segment 2/5
2026-09-08T16:02:39.855+01:00 INFO : 1 points above threshold
2026-09-08T16:02:39.867+01:00 INFO : Filtering template 120/384 segment 3/5
2026-09-08T16:02:39.904+01:00 INFO : 1 points above threshold
2026-09-08T16:02:39.910+01:00 INFO : Filtering template 120/384 segment 4/5
2026-09-08T16:02:39.947+01:00 INFO : Filtering template 120/384 segment 5/5
2026-09-08T16:02:39.984+01:00 INFO : 120: generating IMRPhenomD from 30.0 Hz
2026-09-08T16:02:39.987+01:00 INFO : Decompressing waveform using inline_linear
2026-09-08T16:02:39.992+01:00 INFO : Filtering template 121/384 segment 1/5
2026-09-08T16:02:40.032+01:00 INFO : 4 points above threshold
2026-09-08T16:02:40.048+01:00 INFO : Filtering template 121/384 segment 2/5
2026-09-08T16:02:40.085+01:00 INFO : 2 points above threshold
2026-09-08T16:02:40.093+01:00 INFO : Filtering template 121/384 segment 3/5
2026-09-08T16:02:40.130+01:00 INFO : Filtering template 121/384 segment 4/5
2026-09-08T16:02:40.167+01:00 INFO : Filtering template 121/384 segment 5/5
2026-09-08T16:02:40.204+01:00 INFO : 121: generating IMRPhenomD from 30.0 Hz
2026-09-08T16:02:40.206+01:00 INFO : Decompressing waveform using inline_linear
2026-09-08T16:02:40.211+01:00 INFO : Filtering template 122/384 segment 1/5
2026-09-08T16:02:40.251+01:00 INFO : 1 points above threshold
2026-09-08T16:02:40.264+01:00 INFO : Filtering template 122/384 segment 2/5
2026-09-08T16:02:40.301+01:00 INFO : 1 points above threshold
2026-09-08T16:02:40.307+01:00 INFO : Filtering template 122/384 segment 3/5
2026-09-08T16:02:40.344+01:00 INFO : Filtering template 122/384 segment 4/5
2026-09-08T16:02:40.380+01:00 INFO : 1 points above threshold
2026-09-08T16:02:40.387+01:00 INFO : Filtering template 122/384 segment 5/5
2026-09-08T16:02:40.423+01:00 INFO : 1 points above threshold
2026-09-08T16:02:40.430+01:00 INFO : 122: generating IMRPhenomD from 30.0 Hz
2026-09-08T16:02:40.432+01:00 INFO : Decompressing waveform using inline_linear
2026-09-08T16:02:40.437+01:00 INFO : Filtering template 123/384 segment 1/5
2026-09-08T16:02:40.477+01:00 INFO : 5 points above threshold
2026-09-08T16:02:40.496+01:00 INFO : Filtering template 123/384 segment 2/5
2026-09-08T16:02:40.533+01:00 INFO : 4 points above threshold
2026-09-08T16:02:40.542+01:00 INFO : Filtering template 123/384 segment 3/5
2026-09-08T16:02:40.579+01:00 INFO : 2 points above threshold
2026-09-08T16:02:40.587+01:00 INFO : Filtering template 123/384 segment 4/5
2026-09-08T16:02:40.624+01:00 INFO : Filtering template 123/384 segment 5/5
2026-09-08T16:02:40.661+01:00 INFO : 1 points above threshold
2026-09-08T16:02:40.667+01:00 INFO : 123: generating IMRPhenomD from 30.0 Hz
2026-09-08T16:02:40.670+01:00 INFO : Decompressing waveform using inline_linear
2026-09-08T16:02:40.675+01:00 INFO : Filtering template 124/384 segment 1/5
2026-09-08T16:02:40.715+01:00 INFO : 4 points above threshold
2026-09-08T16:02:40.730+01:00 INFO : Filtering template 124/384 segment 2/5
2026-09-08T16:02:40.767+01:00 INFO : 2 points above threshold
2026-09-08T16:02:40.775+01:00 INFO : Filtering template 124/384 segment 3/5
2026-09-08T16:02:40.812+01:00 INFO : 1 points above threshold
2026-09-08T16:02:40.818+01:00 INFO : Filtering template 124/384 segment 4/5
2026-09-08T16:02:40.855+01:00 INFO : 1 points above threshold
2026-09-08T16:02:40.861+01:00 INFO : Filtering template 124/384 segment 5/5
2026-09-08T16:02:40.898+01:00 INFO : 2 points above threshold
2026-09-08T16:02:40.906+01:00 INFO : 124: generating IMRPhenomD from 30.0 Hz
2026-09-08T16:02:40.909+01:00 INFO : Decompressing waveform using inline_linear
2026-09-08T16:02:40.914+01:00 INFO : Filtering template 125/384 segment 1/5
2026-09-08T16:02:40.954+01:00 INFO : 3 points above threshold
2026-09-08T16:02:40.971+01:00 INFO : Filtering template 125/384 segment 2/5
2026-09-08T16:02:41.008+01:00 INFO : Filtering template 125/384 segment 3/5
2026-09-08T16:02:41.045+01:00 INFO : 1 points above threshold
2026-09-08T16:02:41.051+01:00 INFO : Filtering template 125/384 segment 4/5
2026-09-08T16:02:41.088+01:00 INFO : 2 points above threshold
2026-09-08T16:02:41.095+01:00 INFO : Filtering template 125/384 segment 5/5
2026-09-08T16:02:41.133+01:00 INFO : 125: generating IMRPhenomD from 30.0 Hz
2026-09-08T16:02:41.135+01:00 INFO : Decompressing waveform using inline_linear
2026-09-08T16:02:41.140+01:00 INFO : Filtering template 126/384 segment 1/5
2026-09-08T16:02:41.181+01:00 INFO : 1 points above threshold
2026-09-08T16:02:41.193+01:00 INFO : Filtering template 126/384 segment 2/5
2026-09-08T16:02:41.230+01:00 INFO : Filtering template 126/384 segment 3/5
2026-09-08T16:02:41.267+01:00 INFO : 2 points above threshold
2026-09-08T16:02:41.275+01:00 INFO : Filtering template 126/384 segment 4/5
2026-09-08T16:02:41.312+01:00 INFO : Filtering template 126/384 segment 5/5
2026-09-08T16:02:41.349+01:00 INFO : 126: generating IMRPhenomD from 30.0 Hz
2026-09-08T16:02:41.352+01:00 INFO : Decompressing waveform using inline_linear
2026-09-08T16:02:41.357+01:00 INFO : Filtering template 127/384 segment 1/5
2026-09-08T16:02:41.398+01:00 INFO : 1 points above threshold
2026-09-08T16:02:41.410+01:00 INFO : Filtering template 127/384 segment 2/5
2026-09-08T16:02:41.447+01:00 INFO : 2 points above threshold
2026-09-08T16:02:41.455+01:00 INFO : Filtering template 127/384 segment 3/5
2026-09-08T16:02:41.492+01:00 INFO : 2 points above threshold
2026-09-08T16:02:41.500+01:00 INFO : Filtering template 127/384 segment 4/5
2026-09-08T16:02:41.536+01:00 INFO : 1 points above threshold
2026-09-08T16:02:41.542+01:00 INFO : Filtering template 127/384 segment 5/5
2026-09-08T16:02:41.580+01:00 INFO : 127: generating IMRPhenomD from 30.0 Hz
2026-09-08T16:02:41.582+01:00 INFO : Decompressing waveform using inline_linear
2026-09-08T16:02:41.587+01:00 INFO : Filtering template 128/384 segment 1/5
2026-09-08T16:02:41.627+01:00 INFO : 1 points above threshold
2026-09-08T16:02:41.639+01:00 INFO : Filtering template 128/384 segment 2/5
2026-09-08T16:02:41.677+01:00 INFO : 3 points above threshold
2026-09-08T16:02:41.687+01:00 INFO : Filtering template 128/384 segment 3/5
2026-09-08T16:02:41.723+01:00 INFO : 2 points above threshold
2026-09-08T16:02:41.731+01:00 INFO : Filtering template 128/384 segment 4/5
2026-09-08T16:02:41.768+01:00 INFO : Filtering template 128/384 segment 5/5
2026-09-08T16:02:41.805+01:00 INFO : 2 points above threshold
2026-09-08T16:02:41.814+01:00 INFO : 128: generating IMRPhenomD from 30.0 Hz
2026-09-08T16:02:41.816+01:00 INFO : Decompressing waveform using inline_linear
2026-09-08T16:02:41.821+01:00 INFO : Filtering template 129/384 segment 1/5
2026-09-08T16:02:41.861+01:00 INFO : 1 points above threshold
2026-09-08T16:02:41.873+01:00 INFO : Filtering template 129/384 segment 2/5
2026-09-08T16:02:41.910+01:00 INFO : Filtering template 129/384 segment 3/5
2026-09-08T16:02:41.947+01:00 INFO : 2 points above threshold
2026-09-08T16:02:41.955+01:00 INFO : Filtering template 129/384 segment 4/5
2026-09-08T16:02:41.992+01:00 INFO : Filtering template 129/384 segment 5/5
2026-09-08T16:02:42.029+01:00 INFO : 1 points above threshold
2026-09-08T16:02:42.036+01:00 INFO : 129: generating IMRPhenomD from 30.0 Hz
2026-09-08T16:02:42.038+01:00 INFO : Decompressing waveform using inline_linear
2026-09-08T16:02:42.043+01:00 INFO : Filtering template 130/384 segment 1/5
2026-09-08T16:02:42.083+01:00 INFO : 1 points above threshold
2026-09-08T16:02:42.096+01:00 INFO : Filtering template 130/384 segment 2/5
2026-09-08T16:02:42.132+01:00 INFO : 2 points above threshold
2026-09-08T16:02:42.140+01:00 INFO : Filtering template 130/384 segment 3/5
2026-09-08T16:02:42.177+01:00 INFO : 1 points above threshold
2026-09-08T16:02:42.183+01:00 INFO : Filtering template 130/384 segment 4/5
2026-09-08T16:02:42.220+01:00 INFO : 1 points above threshold
2026-09-08T16:02:42.226+01:00 INFO : Filtering template 130/384 segment 5/5
2026-09-08T16:02:42.263+01:00 INFO : 1 points above threshold
2026-09-08T16:02:42.269+01:00 INFO : 130: generating IMRPhenomD from 30.0 Hz
2026-09-08T16:02:42.272+01:00 INFO : Decompressing waveform using inline_linear
2026-09-08T16:02:42.277+01:00 INFO : Filtering template 131/384 segment 1/5
2026-09-08T16:02:42.317+01:00 INFO : 1 points above threshold
2026-09-08T16:02:42.329+01:00 INFO : Filtering template 131/384 segment 2/5
2026-09-08T16:02:42.366+01:00 INFO : 2 points above threshold
2026-09-08T16:02:42.374+01:00 INFO : Filtering template 131/384 segment 3/5
2026-09-08T16:02:42.411+01:00 INFO : Filtering template 131/384 segment 4/5
2026-09-08T16:02:42.448+01:00 INFO : 2 points above threshold
2026-09-08T16:02:42.456+01:00 INFO : Filtering template 131/384 segment 5/5
2026-09-08T16:02:42.493+01:00 INFO : 131: generating IMRPhenomD from 30.0 Hz
2026-09-08T16:02:42.496+01:00 INFO : Decompressing waveform using inline_linear
2026-09-08T16:02:42.501+01:00 INFO : Filtering template 132/384 segment 1/5
2026-09-08T16:02:42.541+01:00 INFO : 1 points above threshold
2026-09-08T16:02:42.553+01:00 INFO : Filtering template 132/384 segment 2/5
2026-09-08T16:02:42.590+01:00 INFO : Filtering template 132/384 segment 3/5
2026-09-08T16:02:42.627+01:00 INFO : Filtering template 132/384 segment 4/5
2026-09-08T16:02:42.664+01:00 INFO : 1 points above threshold
2026-09-08T16:02:42.670+01:00 INFO : Filtering template 132/384 segment 5/5
2026-09-08T16:02:42.707+01:00 INFO : 1 points above threshold
2026-09-08T16:02:42.713+01:00 INFO : 132: generating IMRPhenomD from 30.0 Hz
2026-09-08T16:02:42.715+01:00 INFO : Decompressing waveform using inline_linear
2026-09-08T16:02:42.720+01:00 INFO : Filtering template 133/384 segment 1/5
2026-09-08T16:02:42.760+01:00 INFO : 2 points above threshold
2026-09-08T16:02:42.774+01:00 INFO : Filtering template 133/384 segment 2/5
2026-09-08T16:02:42.811+01:00 INFO : Filtering template 133/384 segment 3/5
2026-09-08T16:02:42.848+01:00 INFO : 4 points above threshold
2026-09-08T16:02:42.858+01:00 INFO : Filtering template 133/384 segment 4/5
2026-09-08T16:02:42.895+01:00 INFO : 1 points above threshold
2026-09-08T16:02:42.901+01:00 INFO : Filtering template 133/384 segment 5/5
2026-09-08T16:02:42.938+01:00 INFO : 1 points above threshold
2026-09-08T16:02:42.944+01:00 INFO : 133: generating IMRPhenomD from 30.0 Hz
2026-09-08T16:02:42.946+01:00 INFO : Decompressing waveform using inline_linear
2026-09-08T16:02:42.951+01:00 INFO : Filtering template 134/384 segment 1/5
2026-09-08T16:02:42.991+01:00 INFO : 1 points above threshold
2026-09-08T16:02:43.004+01:00 INFO : Filtering template 134/384 segment 2/5
2026-09-08T16:02:43.041+01:00 INFO : Filtering template 134/384 segment 3/5
2026-09-08T16:02:43.078+01:00 INFO : 1 points above threshold
2026-09-08T16:02:43.084+01:00 INFO : Filtering template 134/384 segment 4/5
2026-09-08T16:02:43.121+01:00 INFO : 1 points above threshold
2026-09-08T16:02:43.127+01:00 INFO : Filtering template 134/384 segment 5/5
2026-09-08T16:02:43.164+01:00 INFO : 134: generating IMRPhenomD from 30.0 Hz
2026-09-08T16:02:43.166+01:00 INFO : Decompressing waveform using inline_linear
2026-09-08T16:02:43.171+01:00 INFO : Filtering template 135/384 segment 1/5
2026-09-08T16:02:43.211+01:00 INFO : 2 points above threshold
2026-09-08T16:02:43.226+01:00 INFO : Filtering template 135/384 segment 2/5
2026-09-08T16:02:43.263+01:00 INFO : 1 points above threshold
2026-09-08T16:02:43.268+01:00 INFO : Filtering template 135/384 segment 3/5
2026-09-08T16:02:43.305+01:00 INFO : Filtering template 135/384 segment 4/5
2026-09-08T16:02:43.342+01:00 INFO : 2 points above threshold
2026-09-08T16:02:43.350+01:00 INFO : Filtering template 135/384 segment 5/5
2026-09-08T16:02:43.387+01:00 INFO : 4 points above threshold
2026-09-08T16:02:43.397+01:00 INFO : 135: generating IMRPhenomD from 30.0 Hz
2026-09-08T16:02:43.399+01:00 INFO : Decompressing waveform using inline_linear
2026-09-08T16:02:43.404+01:00 INFO : Filtering template 136/384 segment 1/5
2026-09-08T16:02:43.444+01:00 INFO : 1 points above threshold
2026-09-08T16:02:43.457+01:00 INFO : Filtering template 136/384 segment 2/5
2026-09-08T16:02:43.494+01:00 INFO : 1 points above threshold
2026-09-08T16:02:43.500+01:00 INFO : Filtering template 136/384 segment 3/5
2026-09-08T16:02:43.537+01:00 INFO : 3 points above threshold
2026-09-08T16:02:43.547+01:00 INFO : Filtering template 136/384 segment 4/5
2026-09-08T16:02:43.584+01:00 INFO : Filtering template 136/384 segment 5/5
2026-09-08T16:02:43.621+01:00 INFO : 1 points above threshold
2026-09-08T16:02:43.627+01:00 INFO : 136: generating IMRPhenomD from 30.0 Hz
2026-09-08T16:02:43.630+01:00 INFO : Decompressing waveform using inline_linear
2026-09-08T16:02:43.634+01:00 INFO : Filtering template 137/384 segment 1/5
2026-09-08T16:02:43.675+01:00 INFO : 1 points above threshold
2026-09-08T16:02:43.687+01:00 INFO : Filtering template 137/384 segment 2/5
2026-09-08T16:02:43.724+01:00 INFO : Filtering template 137/384 segment 3/5
2026-09-08T16:02:43.761+01:00 INFO : 3 points above threshold
2026-09-08T16:02:43.771+01:00 INFO : Filtering template 137/384 segment 4/5
2026-09-08T16:02:43.808+01:00 INFO : Filtering template 137/384 segment 5/5
2026-09-08T16:02:43.845+01:00 INFO : 1 points above threshold
2026-09-08T16:02:43.851+01:00 INFO : 137: generating IMRPhenomD from 30.0 Hz
2026-09-08T16:02:43.854+01:00 INFO : Decompressing waveform using inline_linear
2026-09-08T16:02:43.859+01:00 INFO : Filtering template 138/384 segment 1/5
2026-09-08T16:02:43.899+01:00 INFO : 2 points above threshold
2026-09-08T16:02:43.913+01:00 INFO : Filtering template 138/384 segment 2/5
2026-09-08T16:02:43.950+01:00 INFO : 1 points above threshold
2026-09-08T16:02:43.956+01:00 INFO : Filtering template 138/384 segment 3/5
2026-09-08T16:02:43.993+01:00 INFO : Filtering template 138/384 segment 4/5
2026-09-08T16:02:44.030+01:00 INFO : Filtering template 138/384 segment 5/5
2026-09-08T16:02:44.067+01:00 INFO : 2 points above threshold
2026-09-08T16:02:44.075+01:00 INFO : 138: generating IMRPhenomD from 30.0 Hz
2026-09-08T16:02:44.077+01:00 INFO : Decompressing waveform using inline_linear
2026-09-08T16:02:44.082+01:00 INFO : Filtering template 139/384 segment 1/5
2026-09-08T16:02:44.123+01:00 INFO : Filtering template 139/384 segment 2/5
2026-09-08T16:02:44.160+01:00 INFO : Filtering template 139/384 segment 3/5
2026-09-08T16:02:44.197+01:00 INFO : 2 points above threshold
2026-09-08T16:02:44.211+01:00 INFO : Filtering template 139/384 segment 4/5
2026-09-08T16:02:44.248+01:00 INFO : Filtering template 139/384 segment 5/5
2026-09-08T16:02:44.284+01:00 INFO : 1 points above threshold
2026-09-08T16:02:44.291+01:00 INFO : 139: generating IMRPhenomD from 30.0 Hz
2026-09-08T16:02:44.293+01:00 INFO : Decompressing waveform using inline_linear
2026-09-08T16:02:44.298+01:00 INFO : Filtering template 140/384 segment 1/5
2026-09-08T16:02:44.338+01:00 INFO : 2 points above threshold
2026-09-08T16:02:44.352+01:00 INFO : Filtering template 140/384 segment 2/5
2026-09-08T16:02:44.389+01:00 INFO : 3 points above threshold
2026-09-08T16:02:44.399+01:00 INFO : Filtering template 140/384 segment 3/5
2026-09-08T16:02:44.436+01:00 INFO : 2 points above threshold
2026-09-08T16:02:44.444+01:00 INFO : Filtering template 140/384 segment 4/5
2026-09-08T16:02:44.481+01:00 INFO : 1 points above threshold
2026-09-08T16:02:44.487+01:00 INFO : Filtering template 140/384 segment 5/5
2026-09-08T16:02:44.526+01:00 INFO : 2 points above threshold
2026-09-08T16:02:44.535+01:00 INFO : 140: generating IMRPhenomD from 30.0 Hz
2026-09-08T16:02:44.538+01:00 INFO : Decompressing waveform using inline_linear
2026-09-08T16:02:44.543+01:00 INFO : Filtering template 141/384 segment 1/5
2026-09-08T16:02:44.588+01:00 INFO : 1 points above threshold
2026-09-08T16:02:44.602+01:00 INFO : Filtering template 141/384 segment 2/5
2026-09-08T16:02:44.639+01:00 INFO : 3 points above threshold
2026-09-08T16:02:44.649+01:00 INFO : Filtering template 141/384 segment 3/5
2026-09-08T16:02:44.686+01:00 INFO : Filtering template 141/384 segment 4/5
2026-09-08T16:02:44.723+01:00 INFO : 2 points above threshold
2026-09-08T16:02:44.731+01:00 INFO : Filtering template 141/384 segment 5/5
2026-09-08T16:02:44.768+01:00 INFO : 141: generating IMRPhenomD from 30.0 Hz
2026-09-08T16:02:44.770+01:00 INFO : Decompressing waveform using inline_linear
2026-09-08T16:02:44.775+01:00 INFO : Filtering template 142/384 segment 1/5
2026-09-08T16:02:44.816+01:00 INFO : 1 points above threshold
2026-09-08T16:02:44.828+01:00 INFO : Filtering template 142/384 segment 2/5
2026-09-08T16:02:44.865+01:00 INFO : 1 points above threshold
2026-09-08T16:02:44.871+01:00 INFO : Filtering template 142/384 segment 3/5
2026-09-08T16:02:44.908+01:00 INFO : 2 points above threshold
2026-09-08T16:02:44.915+01:00 INFO : Filtering template 142/384 segment 4/5
2026-09-08T16:02:44.952+01:00 INFO : 3 points above threshold
2026-09-08T16:02:44.962+01:00 INFO : Filtering template 142/384 segment 5/5
2026-09-08T16:02:44.999+01:00 INFO : 1 points above threshold
2026-09-08T16:02:45.005+01:00 INFO : 142: generating IMRPhenomD from 30.0 Hz
2026-09-08T16:02:45.008+01:00 INFO : Decompressing waveform using inline_linear
2026-09-08T16:02:45.013+01:00 INFO : Filtering template 143/384 segment 1/5
2026-09-08T16:02:45.053+01:00 INFO : 2 points above threshold
2026-09-08T16:02:45.067+01:00 INFO : Filtering template 143/384 segment 2/5
2026-09-08T16:02:45.104+01:00 INFO : Filtering template 143/384 segment 3/5
2026-09-08T16:02:45.141+01:00 INFO : Filtering template 143/384 segment 4/5
2026-09-08T16:02:45.178+01:00 INFO : 2 points above threshold
2026-09-08T16:02:45.186+01:00 INFO : Filtering template 143/384 segment 5/5
2026-09-08T16:02:45.223+01:00 INFO : 143: generating IMRPhenomD from 30.0 Hz
2026-09-08T16:02:45.226+01:00 INFO : Decompressing waveform using inline_linear
2026-09-08T16:02:45.231+01:00 INFO : Filtering template 144/384 segment 1/5
2026-09-08T16:02:45.271+01:00 INFO : 2 points above threshold
2026-09-08T16:02:45.286+01:00 INFO : Filtering template 144/384 segment 2/5
2026-09-08T16:02:45.323+01:00 INFO : 1 points above threshold
2026-09-08T16:02:45.329+01:00 INFO : Filtering template 144/384 segment 3/5
2026-09-08T16:02:45.366+01:00 INFO : 1 points above threshold
2026-09-08T16:02:45.372+01:00 INFO : Filtering template 144/384 segment 4/5
2026-09-08T16:02:45.409+01:00 INFO : 1 points above threshold
2026-09-08T16:02:45.415+01:00 INFO : Filtering template 144/384 segment 5/5
2026-09-08T16:02:45.452+01:00 INFO : 1 points above threshold
2026-09-08T16:02:45.458+01:00 INFO : 144: generating IMRPhenomD from 30.0 Hz
2026-09-08T16:02:45.460+01:00 INFO : Decompressing waveform using inline_linear
2026-09-08T16:02:45.465+01:00 INFO : Filtering template 145/384 segment 1/5
2026-09-08T16:02:45.506+01:00 INFO : 2 points above threshold
2026-09-08T16:02:45.520+01:00 INFO : Filtering template 145/384 segment 2/5
2026-09-08T16:02:45.557+01:00 INFO : 3 points above threshold
2026-09-08T16:02:45.567+01:00 INFO : Filtering template 145/384 segment 3/5
2026-09-08T16:02:45.604+01:00 INFO : 1 points above threshold
2026-09-08T16:02:45.609+01:00 INFO : Filtering template 145/384 segment 4/5
2026-09-08T16:02:45.647+01:00 INFO : Filtering template 145/384 segment 5/5
2026-09-08T16:02:45.684+01:00 INFO : 145: generating IMRPhenomD from 30.0 Hz
2026-09-08T16:02:45.687+01:00 INFO : Decompressing waveform using inline_linear
2026-09-08T16:02:45.692+01:00 INFO : Filtering template 146/384 segment 1/5
2026-09-08T16:02:45.732+01:00 INFO : 4 points above threshold
2026-09-08T16:02:45.748+01:00 INFO : Filtering template 146/384 segment 2/5
2026-09-08T16:02:45.785+01:00 INFO : Filtering template 146/384 segment 3/5
2026-09-08T16:02:45.822+01:00 INFO : 1 points above threshold
2026-09-08T16:02:45.828+01:00 INFO : Filtering template 146/384 segment 4/5
2026-09-08T16:02:45.864+01:00 INFO : 3 points above threshold
2026-09-08T16:02:45.874+01:00 INFO : Filtering template 146/384 segment 5/5
2026-09-08T16:02:45.911+01:00 INFO : 2 points above threshold
2026-09-08T16:02:45.920+01:00 INFO : 146: generating IMRPhenomD from 30.0 Hz
2026-09-08T16:02:45.922+01:00 INFO : Decompressing waveform using inline_linear
2026-09-08T16:02:45.927+01:00 INFO : Filtering template 147/384 segment 1/5
2026-09-08T16:02:45.967+01:00 INFO : 1 points above threshold
2026-09-08T16:02:45.980+01:00 INFO : Filtering template 147/384 segment 2/5
2026-09-08T16:02:46.016+01:00 INFO : Filtering template 147/384 segment 3/5
2026-09-08T16:02:46.054+01:00 INFO : 1 points above threshold
2026-09-08T16:02:46.060+01:00 INFO : Filtering template 147/384 segment 4/5
2026-09-08T16:02:46.097+01:00 INFO : Filtering template 147/384 segment 5/5
2026-09-08T16:02:46.134+01:00 INFO : 3 points above threshold
2026-09-08T16:02:46.144+01:00 INFO : 147: generating IMRPhenomD from 30.0 Hz
2026-09-08T16:02:46.146+01:00 INFO : Decompressing waveform using inline_linear
2026-09-08T16:02:46.151+01:00 INFO : Filtering template 148/384 segment 1/5
2026-09-08T16:02:46.192+01:00 INFO : 2 points above threshold
2026-09-08T16:02:46.206+01:00 INFO : Filtering template 148/384 segment 2/5
2026-09-08T16:02:46.243+01:00 INFO : 2 points above threshold
2026-09-08T16:02:46.250+01:00 INFO : Filtering template 148/384 segment 3/5
2026-09-08T16:02:46.287+01:00 INFO : 1 points above threshold
2026-09-08T16:02:46.293+01:00 INFO : Filtering template 148/384 segment 4/5
2026-09-08T16:02:46.330+01:00 INFO : Filtering template 148/384 segment 5/5
2026-09-08T16:02:46.368+01:00 INFO : 148: generating IMRPhenomD from 30.0 Hz
2026-09-08T16:02:46.370+01:00 INFO : Decompressing waveform using inline_linear
2026-09-08T16:02:46.375+01:00 INFO : Filtering template 149/384 segment 1/5
2026-09-08T16:02:46.415+01:00 INFO : Filtering template 149/384 segment 2/5
2026-09-08T16:02:46.452+01:00 INFO : 3 points above threshold
2026-09-08T16:02:46.468+01:00 INFO : Filtering template 149/384 segment 3/5
2026-09-08T16:02:46.505+01:00 INFO : 1 points above threshold
2026-09-08T16:02:46.511+01:00 INFO : Filtering template 149/384 segment 4/5
2026-09-08T16:02:46.548+01:00 INFO : Filtering template 149/384 segment 5/5
2026-09-08T16:02:46.585+01:00 INFO : 1 points above threshold
2026-09-08T16:02:46.592+01:00 INFO : 149: generating IMRPhenomD from 30.0 Hz
2026-09-08T16:02:46.594+01:00 INFO : Decompressing waveform using inline_linear
2026-09-08T16:02:46.599+01:00 INFO : Filtering template 150/384 segment 1/5
2026-09-08T16:02:46.639+01:00 INFO : 1 points above threshold
2026-09-08T16:02:46.651+01:00 INFO : Filtering template 150/384 segment 2/5
2026-09-08T16:02:46.688+01:00 INFO : Filtering template 150/384 segment 3/5
2026-09-08T16:02:46.725+01:00 INFO : 1 points above threshold
2026-09-08T16:02:46.731+01:00 INFO : Filtering template 150/384 segment 4/5
2026-09-08T16:02:46.768+01:00 INFO : 3 points above threshold
2026-09-08T16:02:46.778+01:00 INFO : Filtering template 150/384 segment 5/5
2026-09-08T16:02:46.815+01:00 INFO : 2 points above threshold
2026-09-08T16:02:46.823+01:00 INFO : 150: generating IMRPhenomD from 30.0 Hz
2026-09-08T16:02:46.825+01:00 INFO : Decompressing waveform using inline_linear
2026-09-08T16:02:46.830+01:00 INFO : Filtering template 151/384 segment 1/5
2026-09-08T16:02:46.871+01:00 INFO : 1 points above threshold
2026-09-08T16:02:46.883+01:00 INFO : Filtering template 151/384 segment 2/5
2026-09-08T16:02:46.920+01:00 INFO : 2 points above threshold
2026-09-08T16:02:46.928+01:00 INFO : Filtering template 151/384 segment 3/5
2026-09-08T16:02:46.965+01:00 INFO : Filtering template 151/384 segment 4/5
2026-09-08T16:02:47.001+01:00 INFO : Filtering template 151/384 segment 5/5
2026-09-08T16:02:47.039+01:00 INFO : 151: generating IMRPhenomD from 30.0 Hz
2026-09-08T16:02:47.041+01:00 INFO : Decompressing waveform using inline_linear
2026-09-08T16:02:47.046+01:00 INFO : Filtering template 152/384 segment 1/5
2026-09-08T16:02:47.087+01:00 INFO : 1 points above threshold
2026-09-08T16:02:47.099+01:00 INFO : Filtering template 152/384 segment 2/5
2026-09-08T16:02:47.136+01:00 INFO : 2 points above threshold
2026-09-08T16:02:47.143+01:00 INFO : Filtering template 152/384 segment 3/5
2026-09-08T16:02:47.180+01:00 INFO : 1 points above threshold
2026-09-08T16:02:47.186+01:00 INFO : Filtering template 152/384 segment 4/5
2026-09-08T16:02:47.223+01:00 INFO : Filtering template 152/384 segment 5/5
2026-09-08T16:02:47.260+01:00 INFO : 1 points above threshold
2026-09-08T16:02:47.266+01:00 INFO : 152: generating IMRPhenomD from 30.0 Hz
2026-09-08T16:02:47.269+01:00 INFO : Decompressing waveform using inline_linear
2026-09-08T16:02:47.273+01:00 INFO : Filtering template 153/384 segment 1/5
2026-09-08T16:02:47.314+01:00 INFO : 1 points above threshold
2026-09-08T16:02:47.326+01:00 INFO : Filtering template 153/384 segment 2/5
2026-09-08T16:02:47.362+01:00 INFO : 4 points above threshold
2026-09-08T16:02:47.372+01:00 INFO : Filtering template 153/384 segment 3/5
2026-09-08T16:02:47.409+01:00 INFO : 1 points above threshold
2026-09-08T16:02:47.415+01:00 INFO : Filtering template 153/384 segment 4/5
2026-09-08T16:02:47.451+01:00 INFO : Filtering template 153/384 segment 5/5
2026-09-08T16:02:47.489+01:00 INFO : 153: generating IMRPhenomD from 30.0 Hz
2026-09-08T16:02:47.491+01:00 INFO : Decompressing waveform using inline_linear
2026-09-08T16:02:47.496+01:00 INFO : Filtering template 154/384 segment 1/5
2026-09-08T16:02:47.536+01:00 INFO : 2 points above threshold
2026-09-08T16:02:47.550+01:00 INFO : Filtering template 154/384 segment 2/5
2026-09-08T16:02:47.587+01:00 INFO : 2 points above threshold
2026-09-08T16:02:47.595+01:00 INFO : Filtering template 154/384 segment 3/5
2026-09-08T16:02:47.632+01:00 INFO : Filtering template 154/384 segment 4/5
2026-09-08T16:02:47.669+01:00 INFO : 2 points above threshold
2026-09-08T16:02:47.677+01:00 INFO : Filtering template 154/384 segment 5/5
2026-09-08T16:02:47.714+01:00 INFO : 154: generating IMRPhenomD from 30.0 Hz
2026-09-08T16:02:47.716+01:00 INFO : Decompressing waveform using inline_linear
2026-09-08T16:02:47.721+01:00 INFO : Filtering template 155/384 segment 1/5
2026-09-08T16:02:47.761+01:00 INFO : Filtering template 155/384 segment 2/5
2026-09-08T16:02:47.798+01:00 INFO : 1 points above threshold
2026-09-08T16:02:47.811+01:00 INFO : Filtering template 155/384 segment 3/5
2026-09-08T16:02:47.848+01:00 INFO : 1 points above threshold
2026-09-08T16:02:47.854+01:00 INFO : Filtering template 155/384 segment 4/5
2026-09-08T16:02:47.891+01:00 INFO : 3 points above threshold
2026-09-08T16:02:47.901+01:00 INFO : Filtering template 155/384 segment 5/5
2026-09-08T16:02:47.938+01:00 INFO : 155: generating IMRPhenomD from 30.0 Hz
2026-09-08T16:02:47.940+01:00 INFO : Decompressing waveform using inline_linear
2026-09-08T16:02:47.945+01:00 INFO : Filtering template 156/384 segment 1/5
2026-09-08T16:02:47.985+01:00 INFO : 1 points above threshold
2026-09-08T16:02:47.997+01:00 INFO : Filtering template 156/384 segment 2/5
2026-09-08T16:02:48.034+01:00 INFO : Filtering template 156/384 segment 3/5
2026-09-08T16:02:48.071+01:00 INFO : Filtering template 156/384 segment 4/5
2026-09-08T16:02:48.108+01:00 INFO : 3 points above threshold
2026-09-08T16:02:48.118+01:00 INFO : Filtering template 156/384 segment 5/5
2026-09-08T16:02:48.155+01:00 INFO : 156: generating IMRPhenomD from 30.0 Hz
2026-09-08T16:02:48.158+01:00 INFO : Decompressing waveform using inline_linear
2026-09-08T16:02:48.163+01:00 INFO : Filtering template 157/384 segment 1/5
2026-09-08T16:02:48.203+01:00 INFO : 1 points above threshold
2026-09-08T16:02:48.215+01:00 INFO : Filtering template 157/384 segment 2/5
2026-09-08T16:02:48.252+01:00 INFO : 1 points above threshold
2026-09-08T16:02:48.258+01:00 INFO : Filtering template 157/384 segment 3/5
2026-09-08T16:02:48.295+01:00 INFO : Filtering template 157/384 segment 4/5
2026-09-08T16:02:48.331+01:00 INFO : 2 points above threshold
2026-09-08T16:02:48.339+01:00 INFO : Filtering template 157/384 segment 5/5
2026-09-08T16:02:48.376+01:00 INFO : 3 points above threshold
2026-09-08T16:02:48.386+01:00 INFO : 157: generating IMRPhenomD from 30.0 Hz
2026-09-08T16:02:48.389+01:00 INFO : Decompressing waveform using inline_linear
2026-09-08T16:02:48.394+01:00 INFO : Filtering template 158/384 segment 1/5
2026-09-08T16:02:48.434+01:00 INFO : 1 points above threshold
2026-09-08T16:02:48.446+01:00 INFO : Filtering template 158/384 segment 2/5
2026-09-08T16:02:48.483+01:00 INFO : 1 points above threshold
2026-09-08T16:02:48.489+01:00 INFO : Filtering template 158/384 segment 3/5
2026-09-08T16:02:48.526+01:00 INFO : 1 points above threshold
2026-09-08T16:02:48.532+01:00 INFO : Filtering template 158/384 segment 4/5
2026-09-08T16:02:48.569+01:00 INFO : Filtering template 158/384 segment 5/5
2026-09-08T16:02:48.606+01:00 INFO : 158: generating IMRPhenomD from 30.0 Hz
2026-09-08T16:02:48.609+01:00 INFO : Decompressing waveform using inline_linear
2026-09-08T16:02:48.614+01:00 INFO : Filtering template 159/384 segment 1/5
2026-09-08T16:02:48.654+01:00 INFO : Filtering template 159/384 segment 2/5
2026-09-08T16:02:48.690+01:00 INFO : 2 points above threshold
2026-09-08T16:02:48.705+01:00 INFO : Filtering template 159/384 segment 3/5
2026-09-08T16:02:48.742+01:00 INFO : 1 points above threshold
2026-09-08T16:02:48.748+01:00 INFO : Filtering template 159/384 segment 4/5
2026-09-08T16:02:48.785+01:00 INFO : 2 points above threshold
2026-09-08T16:02:48.793+01:00 INFO : Filtering template 159/384 segment 5/5
2026-09-08T16:02:48.829+01:00 INFO : 1 points above threshold
2026-09-08T16:02:48.836+01:00 INFO : 159: generating IMRPhenomD from 30.0 Hz
2026-09-08T16:02:48.838+01:00 INFO : Decompressing waveform using inline_linear
2026-09-08T16:02:48.843+01:00 INFO : Filtering template 160/384 segment 1/5
2026-09-08T16:02:48.884+01:00 INFO : 1 points above threshold
2026-09-08T16:02:48.896+01:00 INFO : Filtering template 160/384 segment 2/5
2026-09-08T16:02:48.933+01:00 INFO : 1 points above threshold
2026-09-08T16:02:48.939+01:00 INFO : Filtering template 160/384 segment 3/5
2026-09-08T16:02:48.976+01:00 INFO : 1 points above threshold
2026-09-08T16:02:48.982+01:00 INFO : Filtering template 160/384 segment 4/5
2026-09-08T16:02:49.019+01:00 INFO : Filtering template 160/384 segment 5/5
2026-09-08T16:02:49.056+01:00 INFO : 1 points above threshold
2026-09-08T16:02:49.062+01:00 INFO : 160: generating IMRPhenomD from 30.0 Hz
2026-09-08T16:02:49.065+01:00 INFO : Decompressing waveform using inline_linear
2026-09-08T16:02:49.070+01:00 INFO : Filtering template 161/384 segment 1/5
2026-09-08T16:02:49.110+01:00 INFO : 1 points above threshold
2026-09-08T16:02:49.122+01:00 INFO : Filtering template 161/384 segment 2/5
2026-09-08T16:02:49.159+01:00 INFO : 2 points above threshold
2026-09-08T16:02:49.167+01:00 INFO : Filtering template 161/384 segment 3/5
2026-09-08T16:02:49.204+01:00 INFO : 1 points above threshold
2026-09-08T16:02:49.210+01:00 INFO : Filtering template 161/384 segment 4/5
2026-09-08T16:02:49.247+01:00 INFO : 1 points above threshold
2026-09-08T16:02:49.253+01:00 INFO : Filtering template 161/384 segment 5/5
2026-09-08T16:02:49.289+01:00 INFO : 3 points above threshold
2026-09-08T16:02:49.300+01:00 INFO : 161: generating IMRPhenomD from 30.0 Hz
2026-09-08T16:02:49.302+01:00 INFO : Decompressing waveform using inline_linear
2026-09-08T16:02:49.307+01:00 INFO : Filtering template 162/384 segment 1/5
2026-09-08T16:02:49.347+01:00 INFO : Filtering template 162/384 segment 2/5
2026-09-08T16:02:49.384+01:00 INFO : 2 points above threshold
2026-09-08T16:02:49.399+01:00 INFO : Filtering template 162/384 segment 3/5
2026-09-08T16:02:49.435+01:00 INFO : 1 points above threshold
2026-09-08T16:02:49.441+01:00 INFO : Filtering template 162/384 segment 4/5
2026-09-08T16:02:49.478+01:00 INFO : 1 points above threshold
2026-09-08T16:02:49.484+01:00 INFO : Filtering template 162/384 segment 5/5
2026-09-08T16:02:49.521+01:00 INFO : 1 points above threshold
2026-09-08T16:02:49.527+01:00 INFO : 162: generating IMRPhenomD from 30.0 Hz
2026-09-08T16:02:49.530+01:00 INFO : Decompressing waveform using inline_linear
2026-09-08T16:02:49.535+01:00 INFO : Filtering template 163/384 segment 1/5
2026-09-08T16:02:49.575+01:00 INFO : 2 points above threshold
2026-09-08T16:02:49.590+01:00 INFO : Filtering template 163/384 segment 2/5
2026-09-08T16:02:49.628+01:00 INFO : 3 points above threshold
2026-09-08T16:02:49.639+01:00 INFO : Filtering template 163/384 segment 3/5
2026-09-08T16:02:49.678+01:00 INFO : Filtering template 163/384 segment 4/5
2026-09-08T16:02:49.718+01:00 INFO : 3 points above threshold
2026-09-08T16:02:49.728+01:00 INFO : Filtering template 163/384 segment 5/5
2026-09-08T16:02:49.765+01:00 INFO : 2 points above threshold
2026-09-08T16:02:49.774+01:00 INFO : 163: generating IMRPhenomD from 30.0 Hz
2026-09-08T16:02:49.776+01:00 INFO : Decompressing waveform using inline_linear
2026-09-08T16:02:49.781+01:00 INFO : Filtering template 164/384 segment 1/5
2026-09-08T16:02:49.821+01:00 INFO : 2 points above threshold
2026-09-08T16:02:49.835+01:00 INFO : Filtering template 164/384 segment 2/5
2026-09-08T16:02:49.872+01:00 INFO : 1 points above threshold
2026-09-08T16:02:49.879+01:00 INFO : Filtering template 164/384 segment 3/5
2026-09-08T16:02:49.916+01:00 INFO : 1 points above threshold
2026-09-08T16:02:49.924+01:00 INFO : Filtering template 164/384 segment 4/5
2026-09-08T16:02:49.961+01:00 INFO : Filtering template 164/384 segment 5/5
2026-09-08T16:02:49.998+01:00 INFO : 1 points above threshold
2026-09-08T16:02:50.004+01:00 INFO : 164: generating IMRPhenomD from 30.0 Hz
2026-09-08T16:02:50.007+01:00 INFO : Decompressing waveform using inline_linear
2026-09-08T16:02:50.012+01:00 INFO : Filtering template 165/384 segment 1/5
2026-09-08T16:02:50.052+01:00 INFO : 1 points above threshold
2026-09-08T16:02:50.064+01:00 INFO : Filtering template 165/384 segment 2/5
2026-09-08T16:02:50.101+01:00 INFO : Filtering template 165/384 segment 3/5
2026-09-08T16:02:50.139+01:00 INFO : 2 points above threshold
2026-09-08T16:02:50.147+01:00 INFO : Filtering template 165/384 segment 4/5
2026-09-08T16:02:50.183+01:00 INFO : 1 points above threshold
2026-09-08T16:02:50.189+01:00 INFO : Filtering template 165/384 segment 5/5
2026-09-08T16:02:50.226+01:00 INFO : 1 points above threshold
2026-09-08T16:02:50.233+01:00 INFO : 165: generating IMRPhenomD from 30.0 Hz
2026-09-08T16:02:50.235+01:00 INFO : Decompressing waveform using inline_linear
2026-09-08T16:02:50.240+01:00 INFO : Filtering template 166/384 segment 1/5
2026-09-08T16:02:50.280+01:00 INFO : 2 points above threshold
2026-09-08T16:02:50.295+01:00 INFO : Filtering template 166/384 segment 2/5
2026-09-08T16:02:50.332+01:00 INFO : Filtering template 166/384 segment 3/5
2026-09-08T16:02:50.369+01:00 INFO : Filtering template 166/384 segment 4/5
2026-09-08T16:02:50.406+01:00 INFO : 3 points above threshold
2026-09-08T16:02:50.415+01:00 INFO : Filtering template 166/384 segment 5/5
2026-09-08T16:02:50.452+01:00 INFO : 3 points above threshold
2026-09-08T16:02:50.463+01:00 INFO : 166: generating IMRPhenomD from 30.0 Hz
2026-09-08T16:02:50.465+01:00 INFO : Decompressing waveform using inline_linear
2026-09-08T16:02:50.470+01:00 INFO : Filtering template 167/384 segment 1/5
2026-09-08T16:02:50.510+01:00 INFO : 1 points above threshold
2026-09-08T16:02:50.522+01:00 INFO : Filtering template 167/384 segment 2/5
2026-09-08T16:02:50.559+01:00 INFO : Filtering template 167/384 segment 3/5
2026-09-08T16:02:50.596+01:00 INFO : 1 points above threshold
2026-09-08T16:02:50.602+01:00 INFO : Filtering template 167/384 segment 4/5
2026-09-08T16:02:50.639+01:00 INFO : Filtering template 167/384 segment 5/5
2026-09-08T16:02:50.676+01:00 INFO : 167: generating IMRPhenomD from 30.0 Hz
2026-09-08T16:02:50.679+01:00 INFO : Decompressing waveform using inline_linear
2026-09-08T16:02:50.684+01:00 INFO : Filtering template 168/384 segment 1/5
2026-09-08T16:02:50.724+01:00 INFO : 4 points above threshold
2026-09-08T16:02:50.740+01:00 INFO : Filtering template 168/384 segment 2/5
2026-09-08T16:02:50.777+01:00 INFO : 1 points above threshold
2026-09-08T16:02:50.783+01:00 INFO : Filtering template 168/384 segment 3/5
2026-09-08T16:02:50.820+01:00 INFO : 1 points above threshold
2026-09-08T16:02:50.826+01:00 INFO : Filtering template 168/384 segment 4/5
2026-09-08T16:02:50.862+01:00 INFO : 1 points above threshold
2026-09-08T16:02:50.868+01:00 INFO : Filtering template 168/384 segment 5/5
2026-09-08T16:02:50.905+01:00 INFO : 1 points above threshold
2026-09-08T16:02:50.912+01:00 INFO : 168: generating IMRPhenomD from 30.0 Hz
2026-09-08T16:02:50.914+01:00 INFO : Decompressing waveform using inline_linear
2026-09-08T16:02:50.919+01:00 INFO : Filtering template 169/384 segment 1/5
2026-09-08T16:02:50.959+01:00 INFO : 5 points above threshold
2026-09-08T16:02:50.978+01:00 INFO : Filtering template 169/384 segment 2/5
2026-09-08T16:02:51.014+01:00 INFO : 1 points above threshold
2026-09-08T16:02:51.020+01:00 INFO : Filtering template 169/384 segment 3/5
2026-09-08T16:02:51.057+01:00 INFO : 3 points above threshold
2026-09-08T16:02:51.067+01:00 INFO : Filtering template 169/384 segment 4/5
2026-09-08T16:02:51.104+01:00 INFO : 1 points above threshold
2026-09-08T16:02:51.110+01:00 INFO : Filtering template 169/384 segment 5/5
2026-09-08T16:02:51.148+01:00 INFO : 169: generating IMRPhenomD from 30.0 Hz
2026-09-08T16:02:51.150+01:00 INFO : Decompressing waveform using inline_linear
2026-09-08T16:02:51.155+01:00 INFO : Filtering template 170/384 segment 1/5
2026-09-08T16:02:51.196+01:00 INFO : Filtering template 170/384 segment 2/5
2026-09-08T16:02:51.232+01:00 INFO : 2 points above threshold
2026-09-08T16:02:51.246+01:00 INFO : Filtering template 170/384 segment 3/5
2026-09-08T16:02:51.283+01:00 INFO : 2 points above threshold
2026-09-08T16:02:51.291+01:00 INFO : Filtering template 170/384 segment 4/5
2026-09-08T16:02:51.328+01:00 INFO : Filtering template 170/384 segment 5/5
2026-09-08T16:02:51.365+01:00 INFO : 170: generating IMRPhenomD from 30.0 Hz
2026-09-08T16:02:51.368+01:00 INFO : Decompressing waveform using inline_linear
2026-09-08T16:02:51.373+01:00 INFO : Filtering template 171/384 segment 1/5
2026-09-08T16:02:51.413+01:00 INFO : 2 points above threshold
2026-09-08T16:02:51.427+01:00 INFO : Filtering template 171/384 segment 2/5
2026-09-08T16:02:51.464+01:00 INFO : 1 points above threshold
2026-09-08T16:02:51.470+01:00 INFO : Filtering template 171/384 segment 3/5
2026-09-08T16:02:51.507+01:00 INFO : 3 points above threshold
2026-09-08T16:02:51.517+01:00 INFO : Filtering template 171/384 segment 4/5
2026-09-08T16:02:51.554+01:00 INFO : 1 points above threshold
2026-09-08T16:02:51.560+01:00 INFO : Filtering template 171/384 segment 5/5
2026-09-08T16:02:51.596+01:00 INFO : 1 points above threshold
2026-09-08T16:02:51.603+01:00 INFO : 171: generating IMRPhenomD from 30.0 Hz
2026-09-08T16:02:51.605+01:00 INFO : Decompressing waveform using inline_linear
2026-09-08T16:02:51.610+01:00 INFO : Filtering template 172/384 segment 1/5
2026-09-08T16:02:51.650+01:00 INFO : 4 points above threshold
2026-09-08T16:02:51.666+01:00 INFO : Filtering template 172/384 segment 2/5
2026-09-08T16:02:51.703+01:00 INFO : 1 points above threshold
2026-09-08T16:02:51.709+01:00 INFO : Filtering template 172/384 segment 3/5
2026-09-08T16:02:51.746+01:00 INFO : Filtering template 172/384 segment 4/5
2026-09-08T16:02:51.783+01:00 INFO : 2 points above threshold
2026-09-08T16:02:51.791+01:00 INFO : Filtering template 172/384 segment 5/5
2026-09-08T16:02:51.828+01:00 INFO : 1 points above threshold
2026-09-08T16:02:51.834+01:00 INFO : 172: generating IMRPhenomD from 30.0 Hz
2026-09-08T16:02:51.836+01:00 INFO : Decompressing waveform using inline_linear
2026-09-08T16:02:51.841+01:00 INFO : Filtering template 173/384 segment 1/5
2026-09-08T16:02:51.881+01:00 INFO : 1 points above threshold
2026-09-08T16:02:51.894+01:00 INFO : Filtering template 173/384 segment 2/5
2026-09-08T16:02:51.931+01:00 INFO : 1 points above threshold
2026-09-08T16:02:51.937+01:00 INFO : Filtering template 173/384 segment 3/5
2026-09-08T16:02:51.974+01:00 INFO : 1 points above threshold
2026-09-08T16:02:51.980+01:00 INFO : Filtering template 173/384 segment 4/5
2026-09-08T16:02:52.016+01:00 INFO : 1 points above threshold
2026-09-08T16:02:52.022+01:00 INFO : Filtering template 173/384 segment 5/5
2026-09-08T16:02:52.059+01:00 INFO : 1 points above threshold
2026-09-08T16:02:52.065+01:00 INFO : 173: generating IMRPhenomD from 30.0 Hz
2026-09-08T16:02:52.068+01:00 INFO : Decompressing waveform using inline_linear
2026-09-08T16:02:52.073+01:00 INFO : Filtering template 174/384 segment 1/5
2026-09-08T16:02:52.113+01:00 INFO : 3 points above threshold
2026-09-08T16:02:52.129+01:00 INFO : Filtering template 174/384 segment 2/5
2026-09-08T16:02:52.166+01:00 INFO : 1 points above threshold
2026-09-08T16:02:52.172+01:00 INFO : Filtering template 174/384 segment 3/5
2026-09-08T16:02:52.209+01:00 INFO : 3 points above threshold
2026-09-08T16:02:52.219+01:00 INFO : Filtering template 174/384 segment 4/5
2026-09-08T16:02:52.256+01:00 INFO : 1 points above threshold
2026-09-08T16:02:52.262+01:00 INFO : Filtering template 174/384 segment 5/5
2026-09-08T16:02:52.299+01:00 INFO : 174: generating IMRPhenomD from 30.0 Hz
2026-09-08T16:02:52.302+01:00 INFO : Decompressing waveform using inline_linear
2026-09-08T16:02:52.307+01:00 INFO : Filtering template 175/384 segment 1/5
2026-09-08T16:02:52.347+01:00 INFO : 2 points above threshold
2026-09-08T16:02:52.361+01:00 INFO : Filtering template 175/384 segment 2/5
2026-09-08T16:02:52.398+01:00 INFO : 2 points above threshold
2026-09-08T16:02:52.406+01:00 INFO : Filtering template 175/384 segment 3/5
2026-09-08T16:02:52.443+01:00 INFO : 4 points above threshold
2026-09-08T16:02:52.452+01:00 INFO : Filtering template 175/384 segment 4/5
2026-09-08T16:02:52.489+01:00 INFO : 1 points above threshold
2026-09-08T16:02:52.495+01:00 INFO : Filtering template 175/384 segment 5/5
2026-09-08T16:02:52.532+01:00 INFO : 175: generating IMRPhenomD from 30.0 Hz
2026-09-08T16:02:52.535+01:00 INFO : Decompressing waveform using inline_linear
2026-09-08T16:02:52.540+01:00 INFO : Filtering template 176/384 segment 1/5
2026-09-08T16:02:52.580+01:00 INFO : 1 points above threshold
2026-09-08T16:02:52.592+01:00 INFO : Filtering template 176/384 segment 2/5
2026-09-08T16:02:52.629+01:00 INFO : 3 points above threshold
2026-09-08T16:02:52.639+01:00 INFO : Filtering template 176/384 segment 3/5
2026-09-08T16:02:52.676+01:00 INFO : 1 points above threshold
2026-09-08T16:02:52.682+01:00 INFO : Filtering template 176/384 segment 4/5
2026-09-08T16:02:52.719+01:00 INFO : 1 points above threshold
2026-09-08T16:02:52.725+01:00 INFO : Filtering template 176/384 segment 5/5
2026-09-08T16:02:52.761+01:00 INFO : 1 points above threshold
2026-09-08T16:02:52.768+01:00 INFO : 176: generating IMRPhenomD from 30.0 Hz
2026-09-08T16:02:52.770+01:00 INFO : Decompressing waveform using inline_linear
2026-09-08T16:02:52.775+01:00 INFO : Filtering template 177/384 segment 1/5
2026-09-08T16:02:52.815+01:00 INFO : 3 points above threshold
2026-09-08T16:02:52.831+01:00 INFO : Filtering template 177/384 segment 2/5
2026-09-08T16:02:52.868+01:00 INFO : Filtering template 177/384 segment 3/5
2026-09-08T16:02:52.905+01:00 INFO : 3 points above threshold
2026-09-08T16:02:52.915+01:00 INFO : Filtering template 177/384 segment 4/5
2026-09-08T16:02:52.952+01:00 INFO : 1 points above threshold
2026-09-08T16:02:52.958+01:00 INFO : Filtering template 177/384 segment 5/5
2026-09-08T16:02:52.995+01:00 INFO : 2 points above threshold
2026-09-08T16:02:53.003+01:00 INFO : 177: generating IMRPhenomD from 30.0 Hz
2026-09-08T16:02:53.006+01:00 INFO : Decompressing waveform using inline_linear
2026-09-08T16:02:53.010+01:00 INFO : Filtering template 178/384 segment 1/5
2026-09-08T16:02:53.051+01:00 INFO : Filtering template 178/384 segment 2/5
2026-09-08T16:02:53.087+01:00 INFO : 1 points above threshold
2026-09-08T16:02:53.100+01:00 INFO : Filtering template 178/384 segment 3/5
2026-09-08T16:02:53.136+01:00 INFO : Filtering template 178/384 segment 4/5
2026-09-08T16:02:53.174+01:00 INFO : 1 points above threshold
2026-09-08T16:02:53.180+01:00 INFO : Filtering template 178/384 segment 5/5
2026-09-08T16:02:53.217+01:00 INFO : 178: generating IMRPhenomD from 30.0 Hz
2026-09-08T16:02:53.219+01:00 INFO : Decompressing waveform using inline_linear
2026-09-08T16:02:53.224+01:00 INFO : Filtering template 179/384 segment 1/5
2026-09-08T16:02:53.265+01:00 INFO : 2 points above threshold
2026-09-08T16:02:53.279+01:00 INFO : Filtering template 179/384 segment 2/5
2026-09-08T16:02:53.316+01:00 INFO : 3 points above threshold
2026-09-08T16:02:53.325+01:00 INFO : Filtering template 179/384 segment 3/5
2026-09-08T16:02:53.362+01:00 INFO : 1 points above threshold
2026-09-08T16:02:53.368+01:00 INFO : Filtering template 179/384 segment 4/5
2026-09-08T16:02:53.405+01:00 INFO : 1 points above threshold
2026-09-08T16:02:53.411+01:00 INFO : Filtering template 179/384 segment 5/5
2026-09-08T16:02:53.448+01:00 INFO : 179: generating IMRPhenomD from 30.0 Hz
2026-09-08T16:02:53.451+01:00 INFO : Decompressing waveform using inline_linear
2026-09-08T16:02:53.456+01:00 INFO : Filtering template 180/384 segment 1/5
2026-09-08T16:02:53.496+01:00 INFO : 2 points above threshold
2026-09-08T16:02:53.510+01:00 INFO : Filtering template 180/384 segment 2/5
2026-09-08T16:02:53.547+01:00 INFO : Filtering template 180/384 segment 3/5
2026-09-08T16:02:53.584+01:00 INFO : 1 points above threshold
2026-09-08T16:02:53.590+01:00 INFO : Filtering template 180/384 segment 4/5
2026-09-08T16:02:53.627+01:00 INFO : 1 points above threshold
2026-09-08T16:02:53.633+01:00 INFO : Filtering template 180/384 segment 5/5
2026-09-08T16:02:53.670+01:00 INFO : 4 points above threshold
2026-09-08T16:02:53.679+01:00 INFO : 180: generating IMRPhenomD from 30.0 Hz
2026-09-08T16:02:53.682+01:00 INFO : Decompressing waveform using inline_linear
2026-09-08T16:02:53.687+01:00 INFO : Filtering template 181/384 segment 1/5
2026-09-08T16:02:53.727+01:00 INFO : 1 points above threshold
2026-09-08T16:02:53.739+01:00 INFO : Filtering template 181/384 segment 2/5
2026-09-08T16:02:53.777+01:00 INFO : 1 points above threshold
2026-09-08T16:02:53.783+01:00 INFO : Filtering template 181/384 segment 3/5
2026-09-08T16:02:53.819+01:00 INFO : Filtering template 181/384 segment 4/5
2026-09-08T16:02:53.856+01:00 INFO : 3 points above threshold
2026-09-08T16:02:53.866+01:00 INFO : Filtering template 181/384 segment 5/5
2026-09-08T16:02:53.904+01:00 INFO : 181: generating IMRPhenomD from 30.0 Hz
2026-09-08T16:02:53.907+01:00 INFO : Decompressing waveform using inline_linear
2026-09-08T16:02:53.911+01:00 INFO : Filtering template 182/384 segment 1/5
2026-09-08T16:02:53.952+01:00 INFO : 1 points above threshold
2026-09-08T16:02:53.964+01:00 INFO : Filtering template 182/384 segment 2/5
2026-09-08T16:02:54.001+01:00 INFO : 3 points above threshold
2026-09-08T16:02:54.011+01:00 INFO : Filtering template 182/384 segment 3/5
2026-09-08T16:02:54.048+01:00 INFO : 1 points above threshold
2026-09-08T16:02:54.054+01:00 INFO : Filtering template 182/384 segment 4/5
2026-09-08T16:02:54.091+01:00 INFO : 2 points above threshold
2026-09-08T16:02:54.099+01:00 INFO : Filtering template 182/384 segment 5/5
2026-09-08T16:02:54.136+01:00 INFO : 1 points above threshold
2026-09-08T16:02:54.142+01:00 INFO : 182: generating IMRPhenomD from 30.0 Hz
2026-09-08T16:02:54.144+01:00 INFO : Decompressing waveform using inline_linear
2026-09-08T16:02:54.149+01:00 INFO : Filtering template 183/384 segment 1/5
2026-09-08T16:02:54.190+01:00 INFO : 2 points above threshold
2026-09-08T16:02:54.204+01:00 INFO : Filtering template 183/384 segment 2/5
2026-09-08T16:02:54.241+01:00 INFO : 3 points above threshold
2026-09-08T16:02:54.251+01:00 INFO : Filtering template 183/384 segment 3/5
2026-09-08T16:02:54.288+01:00 INFO : 1 points above threshold
2026-09-08T16:02:54.295+01:00 INFO : Filtering template 183/384 segment 4/5
2026-09-08T16:02:54.331+01:00 INFO : 4 points above threshold
2026-09-08T16:02:54.341+01:00 INFO : Filtering template 183/384 segment 5/5
2026-09-08T16:02:54.378+01:00 INFO : 183: generating IMRPhenomD from 30.0 Hz
2026-09-08T16:02:54.381+01:00 INFO : Decompressing waveform using inline_linear
2026-09-08T16:02:54.386+01:00 INFO : Filtering template 184/384 segment 1/5
2026-09-08T16:02:54.426+01:00 INFO : 2 points above threshold
2026-09-08T16:02:54.440+01:00 INFO : Filtering template 184/384 segment 2/5
2026-09-08T16:02:54.477+01:00 INFO : 1 points above threshold
2026-09-08T16:02:54.483+01:00 INFO : Filtering template 184/384 segment 3/5
2026-09-08T16:02:54.520+01:00 INFO : 1 points above threshold
2026-09-08T16:02:54.526+01:00 INFO : Filtering template 184/384 segment 4/5
2026-09-08T16:02:54.562+01:00 INFO : 2 points above threshold
2026-09-08T16:02:54.570+01:00 INFO : Filtering template 184/384 segment 5/5
2026-09-08T16:02:54.607+01:00 INFO : 184: generating IMRPhenomD from 30.0 Hz
2026-09-08T16:02:54.610+01:00 INFO : Decompressing waveform using inline_linear
2026-09-08T16:02:54.615+01:00 INFO : Filtering template 185/384 segment 1/5
2026-09-08T16:02:54.655+01:00 INFO : Filtering template 185/384 segment 2/5
2026-09-08T16:02:54.692+01:00 INFO : 2 points above threshold
2026-09-08T16:02:54.708+01:00 INFO : Filtering template 185/384 segment 3/5
2026-09-08T16:02:54.747+01:00 INFO : 2 points above threshold
2026-09-08T16:02:54.757+01:00 INFO : Filtering template 185/384 segment 4/5
2026-09-08T16:02:54.800+01:00 INFO : 4 points above threshold
2026-09-08T16:02:54.809+01:00 INFO : Filtering template 185/384 segment 5/5
2026-09-08T16:02:54.846+01:00 INFO : 2 points above threshold
2026-09-08T16:02:54.854+01:00 INFO : 185: generating IMRPhenomD from 30.0 Hz
2026-09-08T16:02:54.857+01:00 INFO : Decompressing waveform using inline_linear
2026-09-08T16:02:54.862+01:00 INFO : Filtering template 186/384 segment 1/5
2026-09-08T16:02:54.902+01:00 INFO : Filtering template 186/384 segment 2/5
2026-09-08T16:02:54.939+01:00 INFO : Filtering template 186/384 segment 3/5
2026-09-08T16:02:54.976+01:00 INFO : 2 points above threshold
2026-09-08T16:02:54.990+01:00 INFO : Filtering template 186/384 segment 4/5
2026-09-08T16:02:55.027+01:00 INFO : 1 points above threshold
2026-09-08T16:02:55.033+01:00 INFO : Filtering template 186/384 segment 5/5
2026-09-08T16:02:55.070+01:00 INFO : 186: generating IMRPhenomD from 30.0 Hz
2026-09-08T16:02:55.073+01:00 INFO : Decompressing waveform using inline_linear
2026-09-08T16:02:55.078+01:00 INFO : Filtering template 187/384 segment 1/5
2026-09-08T16:02:55.118+01:00 INFO : 2 points above threshold
2026-09-08T16:02:55.132+01:00 INFO : Filtering template 187/384 segment 2/5
2026-09-08T16:02:55.168+01:00 INFO : 1 points above threshold
2026-09-08T16:02:55.174+01:00 INFO : Filtering template 187/384 segment 3/5
2026-09-08T16:02:55.211+01:00 INFO : 3 points above threshold
2026-09-08T16:02:55.221+01:00 INFO : Filtering template 187/384 segment 4/5
2026-09-08T16:02:55.258+01:00 INFO : Filtering template 187/384 segment 5/5
2026-09-08T16:02:55.295+01:00 INFO : 1 points above threshold
2026-09-08T16:02:55.301+01:00 INFO : 187: generating IMRPhenomD from 30.0 Hz
2026-09-08T16:02:55.304+01:00 INFO : Decompressing waveform using inline_linear
2026-09-08T16:02:55.309+01:00 INFO : Filtering template 188/384 segment 1/5
2026-09-08T16:02:55.349+01:00 INFO : 1 points above threshold
2026-09-08T16:02:55.361+01:00 INFO : Filtering template 188/384 segment 2/5
2026-09-08T16:02:55.398+01:00 INFO : 1 points above threshold
2026-09-08T16:02:55.404+01:00 INFO : Filtering template 188/384 segment 3/5
2026-09-08T16:02:55.441+01:00 INFO : 3 points above threshold
2026-09-08T16:02:55.451+01:00 INFO : Filtering template 188/384 segment 4/5
2026-09-08T16:02:55.487+01:00 INFO : Filtering template 188/384 segment 5/5
2026-09-08T16:02:55.525+01:00 INFO : 188: generating IMRPhenomD from 30.0 Hz
2026-09-08T16:02:55.527+01:00 INFO : Decompressing waveform using inline_linear
2026-09-08T16:02:55.532+01:00 INFO : Filtering template 189/384 segment 1/5
2026-09-08T16:02:55.572+01:00 INFO : 1 points above threshold
2026-09-08T16:02:55.585+01:00 INFO : Filtering template 189/384 segment 2/5
2026-09-08T16:02:55.621+01:00 INFO : 1 points above threshold
2026-09-08T16:02:55.627+01:00 INFO : Filtering template 189/384 segment 3/5
2026-09-08T16:02:55.664+01:00 INFO : 2 points above threshold
2026-09-08T16:02:55.672+01:00 INFO : Filtering template 189/384 segment 4/5
2026-09-08T16:02:55.709+01:00 INFO : 2 points above threshold
2026-09-08T16:02:55.717+01:00 INFO : Filtering template 189/384 segment 5/5
2026-09-08T16:02:55.753+01:00 INFO : 1 points above threshold
2026-09-08T16:02:55.760+01:00 INFO : 189: generating IMRPhenomD from 30.0 Hz
2026-09-08T16:02:55.762+01:00 INFO : Decompressing waveform using inline_linear
2026-09-08T16:02:55.767+01:00 INFO : Filtering template 190/384 segment 1/5
2026-09-08T16:02:55.807+01:00 INFO : 1 points above threshold
2026-09-08T16:02:55.819+01:00 INFO : Filtering template 190/384 segment 2/5
2026-09-08T16:02:55.856+01:00 INFO : 2 points above threshold
2026-09-08T16:02:55.864+01:00 INFO : Filtering template 190/384 segment 3/5
2026-09-08T16:02:55.901+01:00 INFO : 1 points above threshold
2026-09-08T16:02:55.907+01:00 INFO : Filtering template 190/384 segment 4/5
2026-09-08T16:02:55.943+01:00 INFO : 1 points above threshold
2026-09-08T16:02:55.949+01:00 INFO : Filtering template 190/384 segment 5/5
2026-09-08T16:02:55.986+01:00 INFO : 1 points above threshold
2026-09-08T16:02:55.995+01:00 INFO : 190: generating IMRPhenomD from 30.0 Hz
2026-09-08T16:02:55.998+01:00 INFO : Decompressing waveform using inline_linear
2026-09-08T16:02:56.003+01:00 INFO : Filtering template 191/384 segment 1/5
2026-09-08T16:02:56.042+01:00 INFO : Filtering template 191/384 segment 2/5
2026-09-08T16:02:56.079+01:00 INFO : 1 points above threshold
2026-09-08T16:02:56.092+01:00 INFO : Filtering template 191/384 segment 3/5
2026-09-08T16:02:56.129+01:00 INFO : Filtering template 191/384 segment 4/5
2026-09-08T16:02:56.166+01:00 INFO : 1 points above threshold
2026-09-08T16:02:56.172+01:00 INFO : Filtering template 191/384 segment 5/5
2026-09-08T16:02:56.208+01:00 INFO : 1 points above threshold
2026-09-08T16:02:56.215+01:00 INFO : 191: generating IMRPhenomD from 30.0 Hz
2026-09-08T16:02:56.217+01:00 INFO : Decompressing waveform using inline_linear
2026-09-08T16:02:56.222+01:00 INFO : Filtering template 192/384 segment 1/5
2026-09-08T16:02:56.262+01:00 INFO : 2 points above threshold
2026-09-08T16:02:56.276+01:00 INFO : Filtering template 192/384 segment 2/5
2026-09-08T16:02:56.313+01:00 INFO : 3 points above threshold
2026-09-08T16:02:56.323+01:00 INFO : Filtering template 192/384 segment 3/5
2026-09-08T16:02:56.360+01:00 INFO : Filtering template 192/384 segment 4/5
2026-09-08T16:02:56.397+01:00 INFO : Filtering template 192/384 segment 5/5
2026-09-08T16:02:56.434+01:00 INFO : 192: generating IMRPhenomD from 30.0 Hz
2026-09-08T16:02:56.436+01:00 INFO : Decompressing waveform using inline_linear
2026-09-08T16:02:56.441+01:00 INFO : Filtering template 193/384 segment 1/5
2026-09-08T16:02:56.481+01:00 INFO : 1 points above threshold
2026-09-08T16:02:56.494+01:00 INFO : Filtering template 193/384 segment 2/5
2026-09-08T16:02:56.530+01:00 INFO : 4 points above threshold
2026-09-08T16:02:56.540+01:00 INFO : Filtering template 193/384 segment 3/5
2026-09-08T16:02:56.577+01:00 INFO : Filtering template 193/384 segment 4/5
2026-09-08T16:02:56.613+01:00 INFO : 1 points above threshold
2026-09-08T16:02:56.619+01:00 INFO : Filtering template 193/384 segment 5/5
2026-09-08T16:02:56.656+01:00 INFO : 3 points above threshold
2026-09-08T16:02:56.666+01:00 INFO : 193: generating IMRPhenomD from 30.0 Hz
2026-09-08T16:02:56.669+01:00 INFO : Decompressing waveform using inline_linear
2026-09-08T16:02:56.674+01:00 INFO : Filtering template 194/384 segment 1/5
2026-09-08T16:02:56.714+01:00 INFO : 2 points above threshold
2026-09-08T16:02:56.728+01:00 INFO : Filtering template 194/384 segment 2/5
2026-09-08T16:02:56.765+01:00 INFO : 1 points above threshold
2026-09-08T16:02:56.771+01:00 INFO : Filtering template 194/384 segment 3/5
2026-09-08T16:02:56.807+01:00 INFO : 1 points above threshold
2026-09-08T16:02:56.813+01:00 INFO : Filtering template 194/384 segment 4/5
2026-09-08T16:02:56.850+01:00 INFO : 2 points above threshold
2026-09-08T16:02:56.858+01:00 INFO : Filtering template 194/384 segment 5/5
2026-09-08T16:02:56.895+01:00 INFO : 1 points above threshold
2026-09-08T16:02:56.901+01:00 INFO : 194: generating IMRPhenomD from 30.0 Hz
2026-09-08T16:02:56.904+01:00 INFO : Decompressing waveform using inline_linear
2026-09-08T16:02:56.909+01:00 INFO : Filtering template 195/384 segment 1/5
2026-09-08T16:02:56.949+01:00 INFO : Filtering template 195/384 segment 2/5
2026-09-08T16:02:56.986+01:00 INFO : Filtering template 195/384 segment 3/5
2026-09-08T16:02:57.022+01:00 INFO : 1 points above threshold
2026-09-08T16:02:57.038+01:00 INFO : Filtering template 195/384 segment 4/5
2026-09-08T16:02:57.075+01:00 INFO : 2 points above threshold
2026-09-08T16:02:57.082+01:00 INFO : Filtering template 195/384 segment 5/5
2026-09-08T16:02:57.120+01:00 INFO : 195: generating IMRPhenomD from 30.0 Hz
2026-09-08T16:02:57.122+01:00 INFO : Decompressing waveform using inline_linear
2026-09-08T16:02:57.127+01:00 INFO : Filtering template 196/384 segment 1/5
2026-09-08T16:02:57.168+01:00 INFO : 2 points above threshold
2026-09-08T16:02:57.184+01:00 INFO : Filtering template 196/384 segment 2/5
2026-09-08T16:02:57.221+01:00 INFO : 3 points above threshold
2026-09-08T16:02:57.231+01:00 INFO : Filtering template 196/384 segment 3/5
2026-09-08T16:02:57.268+01:00 INFO : 1 points above threshold
2026-09-08T16:02:57.274+01:00 INFO : Filtering template 196/384 segment 4/5
2026-09-08T16:02:57.311+01:00 INFO : 1 points above threshold
2026-09-08T16:02:57.316+01:00 INFO : Filtering template 196/384 segment 5/5
2026-09-08T16:02:57.353+01:00 INFO : 2 points above threshold
2026-09-08T16:02:57.361+01:00 INFO : 196: generating IMRPhenomD from 30.0 Hz
2026-09-08T16:02:57.364+01:00 INFO : Decompressing waveform using inline_linear
2026-09-08T16:02:57.369+01:00 INFO : Filtering template 197/384 segment 1/5
2026-09-08T16:02:57.409+01:00 INFO : Filtering template 197/384 segment 2/5
2026-09-08T16:02:57.446+01:00 INFO : 1 points above threshold
2026-09-08T16:02:57.461+01:00 INFO : Filtering template 197/384 segment 3/5
2026-09-08T16:02:57.498+01:00 INFO : 4 points above threshold
2026-09-08T16:02:57.508+01:00 INFO : Filtering template 197/384 segment 4/5
2026-09-08T16:02:57.544+01:00 INFO : 1 points above threshold
2026-09-08T16:02:57.550+01:00 INFO : Filtering template 197/384 segment 5/5
2026-09-08T16:02:57.587+01:00 INFO : 197: generating IMRPhenomD from 30.0 Hz
2026-09-08T16:02:57.590+01:00 INFO : Decompressing waveform using inline_linear
2026-09-08T16:02:57.595+01:00 INFO : Filtering template 198/384 segment 1/5
2026-09-08T16:02:57.635+01:00 INFO : Filtering template 198/384 segment 2/5
2026-09-08T16:02:57.672+01:00 INFO : 4 points above threshold
2026-09-08T16:02:57.690+01:00 INFO : Filtering template 198/384 segment 3/5
2026-09-08T16:02:57.727+01:00 INFO : 3 points above threshold
2026-09-08T16:02:57.737+01:00 INFO : Filtering template 198/384 segment 4/5
2026-09-08T16:02:57.774+01:00 INFO : 1 points above threshold
2026-09-08T16:02:57.780+01:00 INFO : Filtering template 198/384 segment 5/5
2026-09-08T16:02:57.816+01:00 INFO : 1 points above threshold
2026-09-08T16:02:57.823+01:00 INFO : 198: generating IMRPhenomD from 30.0 Hz
2026-09-08T16:02:57.825+01:00 INFO : Decompressing waveform using inline_linear
2026-09-08T16:02:57.830+01:00 INFO : Filtering template 199/384 segment 1/5
2026-09-08T16:02:57.870+01:00 INFO : 1 points above threshold
2026-09-08T16:02:57.885+01:00 INFO : Filtering template 199/384 segment 2/5
2026-09-08T16:02:57.922+01:00 INFO : 1 points above threshold
2026-09-08T16:02:57.928+01:00 INFO : Filtering template 199/384 segment 3/5
2026-09-08T16:02:57.965+01:00 INFO : Filtering template 199/384 segment 4/5
2026-09-08T16:02:58.001+01:00 INFO : 2 points above threshold
2026-09-08T16:02:58.009+01:00 INFO : Filtering template 199/384 segment 5/5
2026-09-08T16:02:58.047+01:00 INFO : 199: generating IMRPhenomD from 30.0 Hz
2026-09-08T16:02:58.049+01:00 INFO : Decompressing waveform using inline_linear
2026-09-08T16:02:58.054+01:00 INFO : Filtering template 200/384 segment 1/5
2026-09-08T16:02:58.094+01:00 INFO : Filtering template 200/384 segment 2/5
2026-09-08T16:02:58.131+01:00 INFO : Filtering template 200/384 segment 3/5
2026-09-08T16:02:58.168+01:00 INFO : Filtering template 200/384 segment 4/5
2026-09-08T16:02:58.205+01:00 INFO : 1 points above threshold
2026-09-08T16:02:58.220+01:00 INFO : Filtering template 200/384 segment 5/5
2026-09-08T16:02:58.257+01:00 INFO : 1 points above threshold
2026-09-08T16:02:58.263+01:00 INFO : 200: generating IMRPhenomD from 30.0 Hz
2026-09-08T16:02:58.266+01:00 INFO : Decompressing waveform using inline_linear
2026-09-08T16:02:58.271+01:00 INFO : Filtering template 201/384 segment 1/5
2026-09-08T16:02:58.311+01:00 INFO : Filtering template 201/384 segment 2/5
2026-09-08T16:02:58.347+01:00 INFO : 1 points above threshold
2026-09-08T16:02:58.363+01:00 INFO : Filtering template 201/384 segment 3/5
2026-09-08T16:02:58.399+01:00 INFO : 1 points above threshold
2026-09-08T16:02:58.405+01:00 INFO : Filtering template 201/384 segment 4/5
2026-09-08T16:02:58.442+01:00 INFO : Filtering template 201/384 segment 5/5
2026-09-08T16:02:58.479+01:00 INFO : 1 points above threshold
2026-09-08T16:02:58.485+01:00 INFO : 201: generating IMRPhenomD from 30.0 Hz
2026-09-08T16:02:58.488+01:00 INFO : Decompressing waveform using inline_linear
2026-09-08T16:02:58.493+01:00 INFO : Filtering template 202/384 segment 1/5
2026-09-08T16:02:58.533+01:00 INFO : 2 points above threshold
2026-09-08T16:02:58.547+01:00 INFO : Filtering template 202/384 segment 2/5
2026-09-08T16:02:58.584+01:00 INFO : 2 points above threshold
2026-09-08T16:02:58.592+01:00 INFO : Filtering template 202/384 segment 3/5
2026-09-08T16:02:58.628+01:00 INFO : 3 points above threshold
2026-09-08T16:02:58.638+01:00 INFO : Filtering template 202/384 segment 4/5
2026-09-08T16:02:58.675+01:00 INFO : 1 points above threshold
2026-09-08T16:02:58.681+01:00 INFO : Filtering template 202/384 segment 5/5
2026-09-08T16:02:58.718+01:00 INFO : 202: generating IMRPhenomD from 30.0 Hz
2026-09-08T16:02:58.721+01:00 INFO : Decompressing waveform using inline_linear
2026-09-08T16:02:58.726+01:00 INFO : Filtering template 203/384 segment 1/5
2026-09-08T16:02:58.766+01:00 INFO : 1 points above threshold
2026-09-08T16:02:58.778+01:00 INFO : Filtering template 203/384 segment 2/5
2026-09-08T16:02:58.815+01:00 INFO : 2 points above threshold
2026-09-08T16:02:58.823+01:00 INFO : Filtering template 203/384 segment 3/5
2026-09-08T16:02:58.860+01:00 INFO : 2 points above threshold
2026-09-08T16:02:58.868+01:00 INFO : Filtering template 203/384 segment 4/5
2026-09-08T16:02:58.904+01:00 INFO : 3 points above threshold
2026-09-08T16:02:58.914+01:00 INFO : Filtering template 203/384 segment 5/5
2026-09-08T16:02:58.951+01:00 INFO : 2 points above threshold
2026-09-08T16:02:58.959+01:00 INFO : 203: generating IMRPhenomD from 30.0 Hz
2026-09-08T16:02:58.962+01:00 INFO : Decompressing waveform using inline_linear
2026-09-08T16:02:58.967+01:00 INFO : Filtering template 204/384 segment 1/5
2026-09-08T16:02:59.007+01:00 INFO : 1 points above threshold
2026-09-08T16:02:59.019+01:00 INFO : Filtering template 204/384 segment 2/5
2026-09-08T16:02:59.056+01:00 INFO : 1 points above threshold
2026-09-08T16:02:59.062+01:00 INFO : Filtering template 204/384 segment 3/5
2026-09-08T16:02:59.099+01:00 INFO : Filtering template 204/384 segment 4/5
2026-09-08T16:02:59.136+01:00 INFO : Filtering template 204/384 segment 5/5
2026-09-08T16:02:59.173+01:00 INFO : 1 points above threshold
2026-09-08T16:02:59.179+01:00 INFO : 204: generating IMRPhenomD from 30.0 Hz
2026-09-08T16:02:59.181+01:00 INFO : Decompressing waveform using inline_linear
2026-09-08T16:02:59.186+01:00 INFO : Filtering template 205/384 segment 1/5
2026-09-08T16:02:59.226+01:00 INFO : 2 points above threshold
2026-09-08T16:02:59.241+01:00 INFO : Filtering template 205/384 segment 2/5
2026-09-08T16:02:59.278+01:00 INFO : Filtering template 205/384 segment 3/5
2026-09-08T16:02:59.315+01:00 INFO : 1 points above threshold
2026-09-08T16:02:59.321+01:00 INFO : Filtering template 205/384 segment 4/5
2026-09-08T16:02:59.358+01:00 INFO : Filtering template 205/384 segment 5/5
2026-09-08T16:02:59.395+01:00 INFO : 2 points above threshold
2026-09-08T16:02:59.404+01:00 INFO : 205: generating IMRPhenomD from 30.0 Hz
2026-09-08T16:02:59.406+01:00 INFO : Decompressing waveform using inline_linear
2026-09-08T16:02:59.411+01:00 INFO : Filtering template 206/384 segment 1/5
2026-09-08T16:02:59.452+01:00 INFO : 2 points above threshold
2026-09-08T16:02:59.467+01:00 INFO : Filtering template 206/384 segment 2/5
2026-09-08T16:02:59.504+01:00 INFO : Filtering template 206/384 segment 3/5
2026-09-08T16:02:59.540+01:00 INFO : 2 points above threshold
2026-09-08T16:02:59.548+01:00 INFO : Filtering template 206/384 segment 4/5
2026-09-08T16:02:59.585+01:00 INFO : 4 points above threshold
2026-09-08T16:02:59.595+01:00 INFO : Filtering template 206/384 segment 5/5
2026-09-08T16:02:59.632+01:00 INFO : 206: generating IMRPhenomD from 30.0 Hz
2026-09-08T16:02:59.634+01:00 INFO : Decompressing waveform using inline_linear
2026-09-08T16:02:59.639+01:00 INFO : Filtering template 207/384 segment 1/5
2026-09-08T16:02:59.680+01:00 INFO : 3 points above threshold
2026-09-08T16:02:59.696+01:00 INFO : Filtering template 207/384 segment 2/5
2026-09-08T16:02:59.733+01:00 INFO : Filtering template 207/384 segment 3/5
2026-09-08T16:02:59.770+01:00 INFO : 1 points above threshold
2026-09-08T16:02:59.776+01:00 INFO : Filtering template 207/384 segment 4/5
2026-09-08T16:02:59.814+01:00 INFO : 3 points above threshold
2026-09-08T16:02:59.824+01:00 INFO : Filtering template 207/384 segment 5/5
2026-09-08T16:02:59.866+01:00 INFO : 207: generating IMRPhenomD from 30.0 Hz
2026-09-08T16:02:59.869+01:00 INFO : Decompressing waveform using inline_linear
2026-09-08T16:02:59.874+01:00 INFO : Filtering template 208/384 segment 1/5
2026-09-08T16:02:59.918+01:00 INFO : 2 points above threshold
2026-09-08T16:02:59.932+01:00 INFO : Filtering template 208/384 segment 2/5
2026-09-08T16:02:59.969+01:00 INFO : 1 points above threshold
2026-09-08T16:02:59.975+01:00 INFO : Filtering template 208/384 segment 3/5
2026-09-08T16:03:00.012+01:00 INFO : Filtering template 208/384 segment 4/5
2026-09-08T16:03:00.049+01:00 INFO : 3 points above threshold
2026-09-08T16:03:00.059+01:00 INFO : Filtering template 208/384 segment 5/5
2026-09-08T16:03:00.096+01:00 INFO : 1 points above threshold
2026-09-08T16:03:00.102+01:00 INFO : 208: generating IMRPhenomD from 30.0 Hz
2026-09-08T16:03:00.105+01:00 INFO : Decompressing waveform using inline_linear
2026-09-08T16:03:00.110+01:00 INFO : Filtering template 209/384 segment 1/5
2026-09-08T16:03:00.150+01:00 INFO : 2 points above threshold
2026-09-08T16:03:00.164+01:00 INFO : Filtering template 209/384 segment 2/5
2026-09-08T16:03:00.201+01:00 INFO : 1 points above threshold
2026-09-08T16:03:00.207+01:00 INFO : Filtering template 209/384 segment 3/5
2026-09-08T16:03:00.244+01:00 INFO : 3 points above threshold
2026-09-08T16:03:00.254+01:00 INFO : Filtering template 209/384 segment 4/5
2026-09-08T16:03:00.291+01:00 INFO : 1 points above threshold
2026-09-08T16:03:00.297+01:00 INFO : Filtering template 209/384 segment 5/5
2026-09-08T16:03:00.334+01:00 INFO : 1 points above threshold
2026-09-08T16:03:00.340+01:00 INFO : 209: generating IMRPhenomD from 30.0 Hz
2026-09-08T16:03:00.342+01:00 INFO : Decompressing waveform using inline_linear
2026-09-08T16:03:00.347+01:00 INFO : Filtering template 210/384 segment 1/5
2026-09-08T16:03:00.388+01:00 INFO : 2 points above threshold
2026-09-08T16:03:00.402+01:00 INFO : Filtering template 210/384 segment 2/5
2026-09-08T16:03:00.439+01:00 INFO : Filtering template 210/384 segment 3/5
2026-09-08T16:03:00.475+01:00 INFO : 1 points above threshold
2026-09-08T16:03:00.481+01:00 INFO : Filtering template 210/384 segment 4/5
2026-09-08T16:03:00.518+01:00 INFO : Filtering template 210/384 segment 5/5
2026-09-08T16:03:00.555+01:00 INFO : 210: generating IMRPhenomD from 30.0 Hz
2026-09-08T16:03:00.558+01:00 INFO : Decompressing waveform using inline_linear
2026-09-08T16:03:00.563+01:00 INFO : Filtering template 211/384 segment 1/5
2026-09-08T16:03:00.603+01:00 INFO : 1 points above threshold
2026-09-08T16:03:00.615+01:00 INFO : Filtering template 211/384 segment 2/5
2026-09-08T16:03:00.652+01:00 INFO : 1 points above threshold
2026-09-08T16:03:00.658+01:00 INFO : Filtering template 211/384 segment 3/5
2026-09-08T16:03:00.695+01:00 INFO : Filtering template 211/384 segment 4/5
2026-09-08T16:03:00.732+01:00 INFO : 2 points above threshold
2026-09-08T16:03:00.740+01:00 INFO : Filtering template 211/384 segment 5/5
2026-09-08T16:03:00.777+01:00 INFO : 1 points above threshold
2026-09-08T16:03:00.783+01:00 INFO : 211: generating IMRPhenomD from 30.0 Hz
2026-09-08T16:03:00.785+01:00 INFO : Decompressing waveform using inline_linear
2026-09-08T16:03:00.790+01:00 INFO : Filtering template 212/384 segment 1/5
2026-09-08T16:03:00.830+01:00 INFO : 1 points above threshold
2026-09-08T16:03:00.842+01:00 INFO : Filtering template 212/384 segment 2/5
2026-09-08T16:03:00.879+01:00 INFO : 1 points above threshold
2026-09-08T16:03:00.885+01:00 INFO : Filtering template 212/384 segment 3/5
2026-09-08T16:03:00.922+01:00 INFO : 1 points above threshold
2026-09-08T16:03:00.928+01:00 INFO : Filtering template 212/384 segment 4/5
2026-09-08T16:03:00.965+01:00 INFO : 1 points above threshold
2026-09-08T16:03:00.971+01:00 INFO : Filtering template 212/384 segment 5/5
2026-09-08T16:03:01.008+01:00 INFO : 212: generating IMRPhenomD from 30.0 Hz
2026-09-08T16:03:01.010+01:00 INFO : Decompressing waveform using inline_linear
2026-09-08T16:03:01.015+01:00 INFO : Filtering template 213/384 segment 1/5
2026-09-08T16:03:01.056+01:00 INFO : 2 points above threshold
2026-09-08T16:03:01.070+01:00 INFO : Filtering template 213/384 segment 2/5
2026-09-08T16:03:01.107+01:00 INFO : 2 points above threshold
2026-09-08T16:03:01.115+01:00 INFO : Filtering template 213/384 segment 3/5
2026-09-08T16:03:01.152+01:00 INFO : 1 points above threshold
2026-09-08T16:03:01.158+01:00 INFO : Filtering template 213/384 segment 4/5
2026-09-08T16:03:01.195+01:00 INFO : Filtering template 213/384 segment 5/5
2026-09-08T16:03:01.232+01:00 INFO : 213: generating IMRPhenomD from 30.0 Hz
2026-09-08T16:03:01.235+01:00 INFO : Decompressing waveform using inline_linear
2026-09-08T16:03:01.240+01:00 INFO : Filtering template 214/384 segment 1/5
2026-09-08T16:03:01.280+01:00 INFO : 1 points above threshold
2026-09-08T16:03:01.292+01:00 INFO : Filtering template 214/384 segment 2/5
2026-09-08T16:03:01.329+01:00 INFO : 1 points above threshold
2026-09-08T16:03:01.335+01:00 INFO : Filtering template 214/384 segment 3/5
2026-09-08T16:03:01.372+01:00 INFO : 1 points above threshold
2026-09-08T16:03:01.378+01:00 INFO : Filtering template 214/384 segment 4/5
2026-09-08T16:03:01.415+01:00 INFO : Filtering template 214/384 segment 5/5
2026-09-08T16:03:01.452+01:00 INFO : 214: generating IMRPhenomD from 30.0 Hz
2026-09-08T16:03:01.454+01:00 INFO : Decompressing waveform using inline_linear
2026-09-08T16:03:01.459+01:00 INFO : Filtering template 215/384 segment 1/5
2026-09-08T16:03:01.499+01:00 INFO : Filtering template 215/384 segment 2/5
2026-09-08T16:03:01.536+01:00 INFO : 2 points above threshold
2026-09-08T16:03:01.550+01:00 INFO : Filtering template 215/384 segment 3/5
2026-09-08T16:03:01.587+01:00 INFO : Filtering template 215/384 segment 4/5
2026-09-08T16:03:01.624+01:00 INFO : 1 points above threshold
2026-09-08T16:03:01.630+01:00 INFO : Filtering template 215/384 segment 5/5
2026-09-08T16:03:01.667+01:00 INFO : 1 points above threshold
2026-09-08T16:03:01.673+01:00 INFO : 215: generating IMRPhenomD from 30.0 Hz
2026-09-08T16:03:01.676+01:00 INFO : Decompressing waveform using inline_linear
2026-09-08T16:03:01.680+01:00 INFO : Filtering template 216/384 segment 1/5
2026-09-08T16:03:01.720+01:00 INFO : 1 points above threshold
2026-09-08T16:03:01.733+01:00 INFO : Filtering template 216/384 segment 2/5
2026-09-08T16:03:01.769+01:00 INFO : 1 points above threshold
2026-09-08T16:03:01.775+01:00 INFO : Filtering template 216/384 segment 3/5
2026-09-08T16:03:01.812+01:00 INFO : Filtering template 216/384 segment 4/5
2026-09-08T16:03:01.849+01:00 INFO : 3 points above threshold
2026-09-08T16:03:01.859+01:00 INFO : Filtering template 216/384 segment 5/5
2026-09-08T16:03:01.897+01:00 INFO : 216: generating IMRPhenomD from 30.0 Hz
2026-09-08T16:03:01.899+01:00 INFO : Decompressing waveform using inline_linear
2026-09-08T16:03:01.904+01:00 INFO : Filtering template 217/384 segment 1/5
2026-09-08T16:03:01.944+01:00 INFO : Filtering template 217/384 segment 2/5
2026-09-08T16:03:01.981+01:00 INFO : 1 points above threshold
2026-09-08T16:03:01.993+01:00 INFO : Filtering template 217/384 segment 3/5
2026-09-08T16:03:02.030+01:00 INFO : Filtering template 217/384 segment 4/5
2026-09-08T16:03:02.067+01:00 INFO : Filtering template 217/384 segment 5/5
2026-09-08T16:03:02.104+01:00 INFO : 217: generating IMRPhenomD from 30.0 Hz
2026-09-08T16:03:02.107+01:00 INFO : Decompressing waveform using inline_linear
2026-09-08T16:03:02.112+01:00 INFO : Filtering template 218/384 segment 1/5
2026-09-08T16:03:02.152+01:00 INFO : 2 points above threshold
2026-09-08T16:03:02.166+01:00 INFO : Filtering template 218/384 segment 2/5
2026-09-08T16:03:02.203+01:00 INFO : 2 points above threshold
2026-09-08T16:03:02.211+01:00 INFO : Filtering template 218/384 segment 3/5
2026-09-08T16:03:02.248+01:00 INFO : 2 points above threshold
2026-09-08T16:03:02.255+01:00 INFO : Filtering template 218/384 segment 4/5
2026-09-08T16:03:02.292+01:00 INFO : 2 points above threshold
2026-09-08T16:03:02.300+01:00 INFO : Filtering template 218/384 segment 5/5
2026-09-08T16:03:02.337+01:00 INFO : 1 points above threshold
2026-09-08T16:03:02.343+01:00 INFO : 218: generating IMRPhenomD from 30.0 Hz
2026-09-08T16:03:02.346+01:00 INFO : Decompressing waveform using inline_linear
2026-09-08T16:03:02.351+01:00 INFO : Filtering template 219/384 segment 1/5
2026-09-08T16:03:02.391+01:00 INFO : 2 points above threshold
2026-09-08T16:03:02.405+01:00 INFO : Filtering template 219/384 segment 2/5
2026-09-08T16:03:02.441+01:00 INFO : 1 points above threshold
2026-09-08T16:03:02.447+01:00 INFO : Filtering template 219/384 segment 3/5
2026-09-08T16:03:02.484+01:00 INFO : Filtering template 219/384 segment 4/5
2026-09-08T16:03:02.521+01:00 INFO : 1 points above threshold
2026-09-08T16:03:02.527+01:00 INFO : Filtering template 219/384 segment 5/5
2026-09-08T16:03:02.564+01:00 INFO : 219: generating IMRPhenomD from 30.0 Hz
2026-09-08T16:03:02.567+01:00 INFO : Decompressing waveform using inline_linear
2026-09-08T16:03:02.572+01:00 INFO : Filtering template 220/384 segment 1/5
2026-09-08T16:03:02.612+01:00 INFO : 3 points above threshold
2026-09-08T16:03:02.628+01:00 INFO : Filtering template 220/384 segment 2/5
2026-09-08T16:03:02.665+01:00 INFO : 2 points above threshold
2026-09-08T16:03:02.673+01:00 INFO : Filtering template 220/384 segment 3/5
2026-09-08T16:03:02.709+01:00 INFO : 3 points above threshold
2026-09-08T16:03:02.719+01:00 INFO : Filtering template 220/384 segment 4/5
2026-09-08T16:03:02.756+01:00 INFO : 2 points above threshold
2026-09-08T16:03:02.764+01:00 INFO : Filtering template 220/384 segment 5/5
2026-09-08T16:03:02.801+01:00 INFO : 220: generating IMRPhenomD from 30.0 Hz
2026-09-08T16:03:02.804+01:00 INFO : Decompressing waveform using inline_linear
2026-09-08T16:03:02.809+01:00 INFO : Filtering template 221/384 segment 1/5
2026-09-08T16:03:02.849+01:00 INFO : 1 points above threshold
2026-09-08T16:03:02.861+01:00 INFO : Filtering template 221/384 segment 2/5
2026-09-08T16:03:02.898+01:00 INFO : 1 points above threshold
2026-09-08T16:03:02.904+01:00 INFO : Filtering template 221/384 segment 3/5
2026-09-08T16:03:02.941+01:00 INFO : 1 points above threshold
2026-09-08T16:03:02.946+01:00 INFO : Filtering template 221/384 segment 4/5
2026-09-08T16:03:02.983+01:00 INFO : Filtering template 221/384 segment 5/5
2026-09-08T16:03:03.020+01:00 INFO : 2 points above threshold
2026-09-08T16:03:03.028+01:00 INFO : 221: generating IMRPhenomD from 30.0 Hz
2026-09-08T16:03:03.031+01:00 INFO : Decompressing waveform using inline_linear
2026-09-08T16:03:03.036+01:00 INFO : Filtering template 222/384 segment 1/5
2026-09-08T16:03:03.076+01:00 INFO : Filtering template 222/384 segment 2/5
2026-09-08T16:03:03.113+01:00 INFO : 2 points above threshold
2026-09-08T16:03:03.127+01:00 INFO : Filtering template 222/384 segment 3/5
2026-09-08T16:03:03.163+01:00 INFO : 1 points above threshold
2026-09-08T16:03:03.169+01:00 INFO : Filtering template 222/384 segment 4/5
2026-09-08T16:03:03.206+01:00 INFO : Filtering template 222/384 segment 5/5
2026-09-08T16:03:03.243+01:00 INFO : 222: generating IMRPhenomD from 30.0 Hz
2026-09-08T16:03:03.246+01:00 INFO : Decompressing waveform using inline_linear
2026-09-08T16:03:03.251+01:00 INFO : Filtering template 223/384 segment 1/5
2026-09-08T16:03:03.291+01:00 INFO : 1 points above threshold
2026-09-08T16:03:03.303+01:00 INFO : Filtering template 223/384 segment 2/5
2026-09-08T16:03:03.340+01:00 INFO : Filtering template 223/384 segment 3/5
2026-09-08T16:03:03.377+01:00 INFO : 5 points above threshold
2026-09-08T16:03:03.390+01:00 INFO : Filtering template 223/384 segment 4/5
2026-09-08T16:03:03.427+01:00 INFO : Filtering template 223/384 segment 5/5
2026-09-08T16:03:03.464+01:00 INFO : 223: generating IMRPhenomD from 30.0 Hz
2026-09-08T16:03:03.466+01:00 INFO : Decompressing waveform using inline_linear
2026-09-08T16:03:03.471+01:00 INFO : Filtering template 224/384 segment 1/5
2026-09-08T16:03:03.511+01:00 INFO : 1 points above threshold
2026-09-08T16:03:03.523+01:00 INFO : Filtering template 224/384 segment 2/5
2026-09-08T16:03:03.560+01:00 INFO : 2 points above threshold
2026-09-08T16:03:03.568+01:00 INFO : Filtering template 224/384 segment 3/5
2026-09-08T16:03:03.605+01:00 INFO : 1 points above threshold
2026-09-08T16:03:03.611+01:00 INFO : Filtering template 224/384 segment 4/5
2026-09-08T16:03:03.648+01:00 INFO : 2 points above threshold
2026-09-08T16:03:03.656+01:00 INFO : Filtering template 224/384 segment 5/5
2026-09-08T16:03:03.693+01:00 INFO : 224: generating IMRPhenomD from 30.0 Hz
2026-09-08T16:03:03.696+01:00 INFO : Decompressing waveform using inline_linear
2026-09-08T16:03:03.701+01:00 INFO : Filtering template 225/384 segment 1/5
2026-09-08T16:03:03.741+01:00 INFO : 1 points above threshold
2026-09-08T16:03:03.756+01:00 INFO : Filtering template 225/384 segment 2/5
2026-09-08T16:03:03.792+01:00 INFO : Filtering template 225/384 segment 3/5
2026-09-08T16:03:03.829+01:00 INFO : Filtering template 225/384 segment 4/5
2026-09-08T16:03:03.866+01:00 INFO : 1 points above threshold
2026-09-08T16:03:03.872+01:00 INFO : Filtering template 225/384 segment 5/5
2026-09-08T16:03:03.910+01:00 INFO : 1 points above threshold
2026-09-08T16:03:03.916+01:00 INFO : 225: generating IMRPhenomD from 30.0 Hz
2026-09-08T16:03:03.918+01:00 INFO : Decompressing waveform using inline_linear
2026-09-08T16:03:03.923+01:00 INFO : Filtering template 226/384 segment 1/5
2026-09-08T16:03:03.963+01:00 INFO : 1 points above threshold
2026-09-08T16:03:03.979+01:00 INFO : Filtering template 226/384 segment 2/5
2026-09-08T16:03:04.015+01:00 INFO : Filtering template 226/384 segment 3/5
2026-09-08T16:03:04.052+01:00 INFO : Filtering template 226/384 segment 4/5
2026-09-08T16:03:04.089+01:00 INFO : 2 points above threshold
2026-09-08T16:03:04.097+01:00 INFO : Filtering template 226/384 segment 5/5
2026-09-08T16:03:04.134+01:00 INFO : 1 points above threshold
2026-09-08T16:03:04.140+01:00 INFO : 226: generating IMRPhenomD from 30.0 Hz
2026-09-08T16:03:04.143+01:00 INFO : Decompressing waveform using inline_linear
2026-09-08T16:03:04.148+01:00 INFO : Filtering template 227/384 segment 1/5
2026-09-08T16:03:04.188+01:00 INFO : Filtering template 227/384 segment 2/5
2026-09-08T16:03:04.225+01:00 INFO : Filtering template 227/384 segment 3/5
2026-09-08T16:03:04.262+01:00 INFO : 3 points above threshold
2026-09-08T16:03:04.281+01:00 INFO : Filtering template 227/384 segment 4/5
2026-09-08T16:03:04.318+01:00 INFO : 2 points above threshold
2026-09-08T16:03:04.326+01:00 INFO : Filtering template 227/384 segment 5/5
2026-09-08T16:03:04.363+01:00 INFO : 4 points above threshold
2026-09-08T16:03:04.372+01:00 INFO : 227: generating IMRPhenomD from 30.0 Hz
2026-09-08T16:03:04.375+01:00 INFO : Decompressing waveform using inline_linear
2026-09-08T16:03:04.380+01:00 INFO : Filtering template 228/384 segment 1/5
2026-09-08T16:03:04.420+01:00 INFO : 4 points above threshold
2026-09-08T16:03:04.438+01:00 INFO : Filtering template 228/384 segment 2/5
2026-09-08T16:03:04.475+01:00 INFO : 1 points above threshold
2026-09-08T16:03:04.481+01:00 INFO : Filtering template 228/384 segment 3/5
2026-09-08T16:03:04.518+01:00 INFO : Filtering template 228/384 segment 4/5
2026-09-08T16:03:04.555+01:00 INFO : 3 points above threshold
2026-09-08T16:03:04.565+01:00 INFO : Filtering template 228/384 segment 5/5
2026-09-08T16:03:04.602+01:00 INFO : 3 points above threshold
2026-09-08T16:03:04.612+01:00 INFO : 228: generating IMRPhenomD from 30.0 Hz
2026-09-08T16:03:04.615+01:00 INFO : Decompressing waveform using inline_linear
2026-09-08T16:03:04.620+01:00 INFO : Filtering template 229/384 segment 1/5
2026-09-08T16:03:04.660+01:00 INFO : Filtering template 229/384 segment 2/5
2026-09-08T16:03:04.697+01:00 INFO : Filtering template 229/384 segment 3/5
2026-09-08T16:03:04.734+01:00 INFO : 1 points above threshold
2026-09-08T16:03:04.746+01:00 INFO : Filtering template 229/384 segment 4/5
2026-09-08T16:03:04.783+01:00 INFO : Filtering template 229/384 segment 5/5
2026-09-08T16:03:04.819+01:00 INFO : 4 points above threshold
2026-09-08T16:03:04.829+01:00 INFO : 229: generating IMRPhenomD from 30.0 Hz
2026-09-08T16:03:04.831+01:00 INFO : Decompressing waveform using inline_linear
2026-09-08T16:03:04.836+01:00 INFO : Filtering template 230/384 segment 1/5
2026-09-08T16:03:04.877+01:00 INFO : 1 points above threshold
2026-09-08T16:03:04.889+01:00 INFO : Filtering template 230/384 segment 2/5
2026-09-08T16:03:04.927+01:00 INFO : Filtering template 230/384 segment 3/5
2026-09-08T16:03:04.966+01:00 INFO : 3 points above threshold
2026-09-08T16:03:04.976+01:00 INFO : Filtering template 230/384 segment 4/5
2026-09-08T16:03:05.015+01:00 INFO : 3 points above threshold
2026-09-08T16:03:05.025+01:00 INFO : Filtering template 230/384 segment 5/5
2026-09-08T16:03:05.063+01:00 INFO : 1 points above threshold
2026-09-08T16:03:05.069+01:00 INFO : 230: generating IMRPhenomD from 30.0 Hz
2026-09-08T16:03:05.071+01:00 INFO : Decompressing waveform using inline_linear
2026-09-08T16:03:05.076+01:00 INFO : Filtering template 231/384 segment 1/5
2026-09-08T16:03:05.116+01:00 INFO : 2 points above threshold
2026-09-08T16:03:05.131+01:00 INFO : Filtering template 231/384 segment 2/5
2026-09-08T16:03:05.168+01:00 INFO : 1 points above threshold
2026-09-08T16:03:05.174+01:00 INFO : Filtering template 231/384 segment 3/5
2026-09-08T16:03:05.211+01:00 INFO : 1 points above threshold
2026-09-08T16:03:05.216+01:00 INFO : Filtering template 231/384 segment 4/5
2026-09-08T16:03:05.253+01:00 INFO : 1 points above threshold
2026-09-08T16:03:05.259+01:00 INFO : Filtering template 231/384 segment 5/5
2026-09-08T16:03:05.297+01:00 INFO : 231: generating IMRPhenomD from 30.0 Hz
2026-09-08T16:03:05.299+01:00 INFO : Decompressing waveform using inline_linear
2026-09-08T16:03:05.304+01:00 INFO : Filtering template 232/384 segment 1/5
2026-09-08T16:03:05.344+01:00 INFO : 2 points above threshold
2026-09-08T16:03:05.359+01:00 INFO : Filtering template 232/384 segment 2/5
2026-09-08T16:03:05.395+01:00 INFO : 2 points above threshold
2026-09-08T16:03:05.403+01:00 INFO : Filtering template 232/384 segment 3/5
2026-09-08T16:03:05.440+01:00 INFO : 2 points above threshold
2026-09-08T16:03:05.448+01:00 INFO : Filtering template 232/384 segment 4/5
2026-09-08T16:03:05.485+01:00 INFO : 2 points above threshold
2026-09-08T16:03:05.492+01:00 INFO : Filtering template 232/384 segment 5/5
2026-09-08T16:03:05.529+01:00 INFO : 1 points above threshold
2026-09-08T16:03:05.535+01:00 INFO : 232: generating IMRPhenomD from 30.0 Hz
2026-09-08T16:03:05.538+01:00 INFO : Decompressing waveform using inline_linear
2026-09-08T16:03:05.543+01:00 INFO : Filtering template 233/384 segment 1/5
2026-09-08T16:03:05.583+01:00 INFO : Filtering template 233/384 segment 2/5
2026-09-08T16:03:05.620+01:00 INFO : 1 points above threshold
2026-09-08T16:03:05.632+01:00 INFO : Filtering template 233/384 segment 3/5
2026-09-08T16:03:05.669+01:00 INFO : Filtering template 233/384 segment 4/5
2026-09-08T16:03:05.706+01:00 INFO : 1 points above threshold
2026-09-08T16:03:05.712+01:00 INFO : Filtering template 233/384 segment 5/5
2026-09-08T16:03:05.750+01:00 INFO : 233: generating IMRPhenomD from 30.0 Hz
2026-09-08T16:03:05.752+01:00 INFO : Decompressing waveform using inline_linear
2026-09-08T16:03:05.757+01:00 INFO : Filtering template 234/384 segment 1/5
2026-09-08T16:03:05.797+01:00 INFO : 2 points above threshold
2026-09-08T16:03:05.811+01:00 INFO : Filtering template 234/384 segment 2/5
2026-09-08T16:03:05.848+01:00 INFO : 1 points above threshold
2026-09-08T16:03:05.854+01:00 INFO : Filtering template 234/384 segment 3/5
2026-09-08T16:03:05.891+01:00 INFO : 1 points above threshold
2026-09-08T16:03:05.897+01:00 INFO : Filtering template 234/384 segment 4/5
2026-09-08T16:03:05.934+01:00 INFO : 1 points above threshold
2026-09-08T16:03:05.940+01:00 INFO : Filtering template 234/384 segment 5/5
2026-09-08T16:03:05.977+01:00 INFO : 1 points above threshold
2026-09-08T16:03:05.983+01:00 INFO : 234: generating IMRPhenomD from 30.0 Hz
2026-09-08T16:03:05.986+01:00 INFO : Decompressing waveform using inline_linear
2026-09-08T16:03:05.991+01:00 INFO : Filtering template 235/384 segment 1/5
2026-09-08T16:03:06.031+01:00 INFO : Filtering template 235/384 segment 2/5
2026-09-08T16:03:06.068+01:00 INFO : 2 points above threshold
2026-09-08T16:03:06.082+01:00 INFO : Filtering template 235/384 segment 3/5
2026-09-08T16:03:06.120+01:00 INFO : Filtering template 235/384 segment 4/5
2026-09-08T16:03:06.157+01:00 INFO : 1 points above threshold
2026-09-08T16:03:06.163+01:00 INFO : Filtering template 235/384 segment 5/5
2026-09-08T16:03:06.200+01:00 INFO : 235: generating IMRPhenomD from 30.0 Hz
2026-09-08T16:03:06.202+01:00 INFO : Decompressing waveform using inline_linear
2026-09-08T16:03:06.207+01:00 INFO : Filtering template 236/384 segment 1/5
2026-09-08T16:03:06.247+01:00 INFO : 1 points above threshold
2026-09-08T16:03:06.259+01:00 INFO : Filtering template 236/384 segment 2/5
2026-09-08T16:03:06.296+01:00 INFO : 2 points above threshold
2026-09-08T16:03:06.304+01:00 INFO : Filtering template 236/384 segment 3/5
2026-09-08T16:03:06.341+01:00 INFO : Filtering template 236/384 segment 4/5
2026-09-08T16:03:06.378+01:00 INFO : 1 points above threshold
2026-09-08T16:03:06.384+01:00 INFO : Filtering template 236/384 segment 5/5
2026-09-08T16:03:06.421+01:00 INFO : 1 points above threshold
2026-09-08T16:03:06.427+01:00 INFO : 236: generating IMRPhenomD from 30.0 Hz
2026-09-08T16:03:06.430+01:00 INFO : Decompressing waveform using inline_linear
2026-09-08T16:03:06.435+01:00 INFO : Filtering template 237/384 segment 1/5
2026-09-08T16:03:06.475+01:00 INFO : Filtering template 237/384 segment 2/5
2026-09-08T16:03:06.512+01:00 INFO : 1 points above threshold
2026-09-08T16:03:06.524+01:00 INFO : Filtering template 237/384 segment 3/5
2026-09-08T16:03:06.561+01:00 INFO : 1 points above threshold
2026-09-08T16:03:06.567+01:00 INFO : Filtering template 237/384 segment 4/5
2026-09-08T16:03:06.604+01:00 INFO : 1 points above threshold
2026-09-08T16:03:06.610+01:00 INFO : Filtering template 237/384 segment 5/5
2026-09-08T16:03:06.647+01:00 INFO : 237: generating IMRPhenomD from 30.0 Hz
2026-09-08T16:03:06.649+01:00 INFO : Decompressing waveform using inline_linear
2026-09-08T16:03:06.654+01:00 INFO : Filtering template 238/384 segment 1/5
2026-09-08T16:03:06.695+01:00 INFO : Filtering template 238/384 segment 2/5
2026-09-08T16:03:06.732+01:00 INFO : 2 points above threshold
2026-09-08T16:03:06.746+01:00 INFO : Filtering template 238/384 segment 3/5
2026-09-08T16:03:06.783+01:00 INFO : 1 points above threshold
2026-09-08T16:03:06.789+01:00 INFO : Filtering template 238/384 segment 4/5
2026-09-08T16:03:06.826+01:00 INFO : Filtering template 238/384 segment 5/5
2026-09-08T16:03:06.863+01:00 INFO : 2 points above threshold
2026-09-08T16:03:06.871+01:00 INFO : 238: generating IMRPhenomD from 30.0 Hz
2026-09-08T16:03:06.874+01:00 INFO : Decompressing waveform using inline_linear
2026-09-08T16:03:06.879+01:00 INFO : Filtering template 239/384 segment 1/5
2026-09-08T16:03:06.919+01:00 INFO : Filtering template 239/384 segment 2/5
2026-09-08T16:03:06.956+01:00 INFO : Filtering template 239/384 segment 3/5
2026-09-08T16:03:06.993+01:00 INFO : 2 points above threshold
2026-09-08T16:03:07.007+01:00 INFO : Filtering template 239/384 segment 4/5
2026-09-08T16:03:07.044+01:00 INFO : 1 points above threshold
2026-09-08T16:03:07.050+01:00 INFO : Filtering template 239/384 segment 5/5
2026-09-08T16:03:07.087+01:00 INFO : 239: generating IMRPhenomD from 30.0 Hz
2026-09-08T16:03:07.089+01:00 INFO : Decompressing waveform using inline_linear
2026-09-08T16:03:07.094+01:00 INFO : Filtering template 240/384 segment 1/5
2026-09-08T16:03:07.134+01:00 INFO : 1 points above threshold
2026-09-08T16:03:07.147+01:00 INFO : Filtering template 240/384 segment 2/5
2026-09-08T16:03:07.184+01:00 INFO : 1 points above threshold
2026-09-08T16:03:07.190+01:00 INFO : Filtering template 240/384 segment 3/5
2026-09-08T16:03:07.226+01:00 INFO : 2 points above threshold
2026-09-08T16:03:07.234+01:00 INFO : Filtering template 240/384 segment 4/5
2026-09-08T16:03:07.271+01:00 INFO : Filtering template 240/384 segment 5/5
2026-09-08T16:03:07.308+01:00 INFO : 240: generating IMRPhenomD from 30.0 Hz
2026-09-08T16:03:07.311+01:00 INFO : Decompressing waveform using inline_linear
2026-09-08T16:03:07.316+01:00 INFO : Filtering template 241/384 segment 1/5
2026-09-08T16:03:07.356+01:00 INFO : 1 points above threshold
2026-09-08T16:03:07.368+01:00 INFO : Filtering template 241/384 segment 2/5
2026-09-08T16:03:07.405+01:00 INFO : 2 points above threshold
2026-09-08T16:03:07.413+01:00 INFO : Filtering template 241/384 segment 3/5
2026-09-08T16:03:07.450+01:00 INFO : 1 points above threshold
2026-09-08T16:03:07.456+01:00 INFO : Filtering template 241/384 segment 4/5
2026-09-08T16:03:07.493+01:00 INFO : 1 points above threshold
2026-09-08T16:03:07.499+01:00 INFO : Filtering template 241/384 segment 5/5
2026-09-08T16:03:07.537+01:00 INFO : 241: generating IMRPhenomD from 30.0 Hz
2026-09-08T16:03:07.539+01:00 INFO : Decompressing waveform using inline_linear
2026-09-08T16:03:07.544+01:00 INFO : Filtering template 242/384 segment 1/5
2026-09-08T16:03:07.585+01:00 INFO : 1 points above threshold
2026-09-08T16:03:07.597+01:00 INFO : Filtering template 242/384 segment 2/5
2026-09-08T16:03:07.634+01:00 INFO : Filtering template 242/384 segment 3/5
2026-09-08T16:03:07.671+01:00 INFO : 1 points above threshold
2026-09-08T16:03:07.677+01:00 INFO : Filtering template 242/384 segment 4/5
2026-09-08T16:03:07.714+01:00 INFO : Filtering template 242/384 segment 5/5
2026-09-08T16:03:07.751+01:00 INFO : 1 points above threshold
2026-09-08T16:03:07.757+01:00 INFO : 242: generating IMRPhenomD from 30.0 Hz
2026-09-08T16:03:07.760+01:00 INFO : Decompressing waveform using inline_linear
2026-09-08T16:03:07.765+01:00 INFO : Filtering template 243/384 segment 1/5
2026-09-08T16:03:07.805+01:00 INFO : 1 points above threshold
2026-09-08T16:03:07.817+01:00 INFO : Filtering template 243/384 segment 2/5
2026-09-08T16:03:07.854+01:00 INFO : 1 points above threshold
2026-09-08T16:03:07.860+01:00 INFO : Filtering template 243/384 segment 3/5
2026-09-08T16:03:07.897+01:00 INFO : 2 points above threshold
2026-09-08T16:03:07.905+01:00 INFO : Filtering template 243/384 segment 4/5
2026-09-08T16:03:07.942+01:00 INFO : 1 points above threshold
2026-09-08T16:03:07.948+01:00 INFO : Filtering template 243/384 segment 5/5
2026-09-08T16:03:07.985+01:00 INFO : 1 points above threshold
2026-09-08T16:03:07.991+01:00 INFO : 243: generating IMRPhenomD from 30.0 Hz
2026-09-08T16:03:07.993+01:00 INFO : Decompressing waveform using inline_linear
2026-09-08T16:03:07.998+01:00 INFO : Filtering template 244/384 segment 1/5
2026-09-08T16:03:08.038+01:00 INFO : 1 points above threshold
2026-09-08T16:03:08.051+01:00 INFO : Filtering template 244/384 segment 2/5
2026-09-08T16:03:08.088+01:00 INFO : 3 points above threshold
2026-09-08T16:03:08.097+01:00 INFO : Filtering template 244/384 segment 3/5
2026-09-08T16:03:08.136+01:00 INFO : 3 points above threshold
2026-09-08T16:03:08.146+01:00 INFO : Filtering template 244/384 segment 4/5
2026-09-08T16:03:08.183+01:00 INFO : 1 points above threshold
2026-09-08T16:03:08.189+01:00 INFO : Filtering template 244/384 segment 5/5
2026-09-08T16:03:08.226+01:00 INFO : 1 points above threshold
2026-09-08T16:03:08.232+01:00 INFO : 244: generating IMRPhenomD from 30.0 Hz
2026-09-08T16:03:08.235+01:00 INFO : Decompressing waveform using inline_linear
2026-09-08T16:03:08.239+01:00 INFO : Filtering template 245/384 segment 1/5
2026-09-08T16:03:08.280+01:00 INFO : Filtering template 245/384 segment 2/5
2026-09-08T16:03:08.316+01:00 INFO : 2 points above threshold
2026-09-08T16:03:08.331+01:00 INFO : Filtering template 245/384 segment 3/5
2026-09-08T16:03:08.367+01:00 INFO : 2 points above threshold
2026-09-08T16:03:08.375+01:00 INFO : Filtering template 245/384 segment 4/5
2026-09-08T16:03:08.412+01:00 INFO : 1 points above threshold
2026-09-08T16:03:08.418+01:00 INFO : Filtering template 245/384 segment 5/5
2026-09-08T16:03:08.455+01:00 INFO : 245: generating IMRPhenomD from 30.0 Hz
2026-09-08T16:03:08.458+01:00 INFO : Decompressing waveform using inline_linear
2026-09-08T16:03:08.463+01:00 INFO : Filtering template 246/384 segment 1/5
2026-09-08T16:03:08.503+01:00 INFO : Filtering template 246/384 segment 2/5
2026-09-08T16:03:08.540+01:00 INFO : Filtering template 246/384 segment 3/5
2026-09-08T16:03:08.577+01:00 INFO : 1 points above threshold
2026-09-08T16:03:08.589+01:00 INFO : Filtering template 246/384 segment 4/5
2026-09-08T16:03:08.626+01:00 INFO : Filtering template 246/384 segment 5/5
2026-09-08T16:03:08.663+01:00 INFO : 246: generating IMRPhenomD from 30.0 Hz
2026-09-08T16:03:08.666+01:00 INFO : Decompressing waveform using inline_linear
2026-09-08T16:03:08.671+01:00 INFO : Filtering template 247/384 segment 1/5
2026-09-08T16:03:08.711+01:00 INFO : Filtering template 247/384 segment 2/5
2026-09-08T16:03:08.748+01:00 INFO : Filtering template 247/384 segment 3/5
2026-09-08T16:03:08.785+01:00 INFO : Filtering template 247/384 segment 4/5
2026-09-08T16:03:08.822+01:00 INFO : Filtering template 247/384 segment 5/5
2026-09-08T16:03:08.859+01:00 INFO : 247: generating IMRPhenomD from 30.0 Hz
2026-09-08T16:03:08.862+01:00 INFO : Decompressing waveform using inline_linear
2026-09-08T16:03:08.867+01:00 INFO : Filtering template 248/384 segment 1/5
2026-09-08T16:03:08.907+01:00 INFO : 2 points above threshold
2026-09-08T16:03:08.921+01:00 INFO : Filtering template 248/384 segment 2/5
2026-09-08T16:03:08.958+01:00 INFO : 1 points above threshold
2026-09-08T16:03:08.967+01:00 INFO : Filtering template 248/384 segment 3/5
2026-09-08T16:03:09.004+01:00 INFO : 2 points above threshold
2026-09-08T16:03:09.012+01:00 INFO : Filtering template 248/384 segment 4/5
2026-09-08T16:03:09.048+01:00 INFO : Filtering template 248/384 segment 5/5
2026-09-08T16:03:09.086+01:00 INFO : 248: generating IMRPhenomD from 30.0 Hz
2026-09-08T16:03:09.088+01:00 INFO : Decompressing waveform using inline_linear
2026-09-08T16:03:09.093+01:00 INFO : Filtering template 249/384 segment 1/5
2026-09-08T16:03:09.133+01:00 INFO : 1 points above threshold
2026-09-08T16:03:09.145+01:00 INFO : Filtering template 249/384 segment 2/5
2026-09-08T16:03:09.182+01:00 INFO : 1 points above threshold
2026-09-08T16:03:09.188+01:00 INFO : Filtering template 249/384 segment 3/5
2026-09-08T16:03:09.225+01:00 INFO : 2 points above threshold
2026-09-08T16:03:09.233+01:00 INFO : Filtering template 249/384 segment 4/5
2026-09-08T16:03:09.270+01:00 INFO : 2 points above threshold
2026-09-08T16:03:09.278+01:00 INFO : Filtering template 249/384 segment 5/5
2026-09-08T16:03:09.315+01:00 INFO : 1 points above threshold
2026-09-08T16:03:09.321+01:00 INFO : 249: generating IMRPhenomD from 30.0 Hz
2026-09-08T16:03:09.323+01:00 INFO : Decompressing waveform using inline_linear
2026-09-08T16:03:09.328+01:00 INFO : Filtering template 250/384 segment 1/5
2026-09-08T16:03:09.368+01:00 INFO : Filtering template 250/384 segment 2/5
2026-09-08T16:03:09.405+01:00 INFO : 1 points above threshold
2026-09-08T16:03:09.417+01:00 INFO : Filtering template 250/384 segment 3/5
2026-09-08T16:03:09.454+01:00 INFO : 2 points above threshold
2026-09-08T16:03:09.462+01:00 INFO : Filtering template 250/384 segment 4/5
2026-09-08T16:03:09.499+01:00 INFO : 2 points above threshold
2026-09-08T16:03:09.507+01:00 INFO : Filtering template 250/384 segment 5/5
2026-09-08T16:03:09.544+01:00 INFO : 250: generating IMRPhenomD from 30.0 Hz
2026-09-08T16:03:09.546+01:00 INFO : Decompressing waveform using inline_linear
2026-09-08T16:03:09.551+01:00 INFO : Filtering template 251/384 segment 1/5
2026-09-08T16:03:09.591+01:00 INFO : 3 points above threshold
2026-09-08T16:03:09.611+01:00 INFO : Filtering template 251/384 segment 2/5
2026-09-08T16:03:09.647+01:00 INFO : Filtering template 251/384 segment 3/5
2026-09-08T16:03:09.684+01:00 INFO : Filtering template 251/384 segment 4/5
2026-09-08T16:03:09.721+01:00 INFO : 2 points above threshold
2026-09-08T16:03:09.729+01:00 INFO : Filtering template 251/384 segment 5/5
2026-09-08T16:03:09.766+01:00 INFO : 1 points above threshold
2026-09-08T16:03:09.772+01:00 INFO : 251: generating IMRPhenomD from 30.0 Hz
2026-09-08T16:03:09.775+01:00 INFO : Decompressing waveform using inline_linear
2026-09-08T16:03:09.780+01:00 INFO : Filtering template 252/384 segment 1/5
2026-09-08T16:03:09.820+01:00 INFO : 3 points above threshold
2026-09-08T16:03:09.836+01:00 INFO : Filtering template 252/384 segment 2/5
2026-09-08T16:03:09.873+01:00 INFO : 2 points above threshold
2026-09-08T16:03:09.881+01:00 INFO : Filtering template 252/384 segment 3/5
2026-09-08T16:03:09.918+01:00 INFO : 3 points above threshold
2026-09-08T16:03:09.928+01:00 INFO : Filtering template 252/384 segment 4/5
2026-09-08T16:03:09.964+01:00 INFO : 3 points above threshold
2026-09-08T16:03:09.974+01:00 INFO : Filtering template 252/384 segment 5/5
2026-09-08T16:03:10.013+01:00 INFO : 252: generating IMRPhenomD from 30.0 Hz
2026-09-08T16:03:10.015+01:00 INFO : Decompressing waveform using inline_linear
2026-09-08T16:03:10.020+01:00 INFO : Filtering template 253/384 segment 1/5
2026-09-08T16:03:10.063+01:00 INFO : 4 points above threshold
2026-09-08T16:03:10.080+01:00 INFO : Filtering template 253/384 segment 2/5
2026-09-08T16:03:10.121+01:00 INFO : Filtering template 253/384 segment 3/5
2026-09-08T16:03:10.158+01:00 INFO : 1 points above threshold
2026-09-08T16:03:10.164+01:00 INFO : Filtering template 253/384 segment 4/5
2026-09-08T16:03:10.201+01:00 INFO : 2 points above threshold
2026-09-08T16:03:10.208+01:00 INFO : Filtering template 253/384 segment 5/5
2026-09-08T16:03:10.246+01:00 INFO : 253: generating IMRPhenomD from 30.0 Hz
2026-09-08T16:03:10.248+01:00 INFO : Decompressing waveform using inline_linear
2026-09-08T16:03:10.253+01:00 INFO : Filtering template 254/384 segment 1/5
2026-09-08T16:03:10.293+01:00 INFO : 3 points above threshold
2026-09-08T16:03:10.312+01:00 INFO : Filtering template 254/384 segment 2/5
2026-09-08T16:03:10.349+01:00 INFO : 2 points above threshold
2026-09-08T16:03:10.357+01:00 INFO : Filtering template 254/384 segment 3/5
2026-09-08T16:03:10.394+01:00 INFO : 2 points above threshold
2026-09-08T16:03:10.402+01:00 INFO : Filtering template 254/384 segment 4/5
2026-09-08T16:03:10.439+01:00 INFO : 4 points above threshold
2026-09-08T16:03:10.448+01:00 INFO : Filtering template 254/384 segment 5/5
2026-09-08T16:03:10.485+01:00 INFO : 1 points above threshold
2026-09-08T16:03:10.491+01:00 INFO : 254: generating IMRPhenomD from 30.0 Hz
2026-09-08T16:03:10.494+01:00 INFO : Decompressing waveform using inline_linear
2026-09-08T16:03:10.499+01:00 INFO : Filtering template 255/384 segment 1/5
2026-09-08T16:03:10.539+01:00 INFO : 3 points above threshold
2026-09-08T16:03:10.555+01:00 INFO : Filtering template 255/384 segment 2/5
2026-09-08T16:03:10.592+01:00 INFO : 3 points above threshold
2026-09-08T16:03:10.602+01:00 INFO : Filtering template 255/384 segment 3/5
2026-09-08T16:03:10.639+01:00 INFO : Filtering template 255/384 segment 4/5
2026-09-08T16:03:10.675+01:00 INFO : Filtering template 255/384 segment 5/5
2026-09-08T16:03:10.712+01:00 INFO : 1 points above threshold
2026-09-08T16:03:10.718+01:00 INFO : 255: generating IMRPhenomD from 30.0 Hz
2026-09-08T16:03:10.721+01:00 INFO : Decompressing waveform using inline_linear
2026-09-08T16:03:10.726+01:00 INFO : Filtering template 256/384 segment 1/5
2026-09-08T16:03:10.766+01:00 INFO : 2 points above threshold
2026-09-08T16:03:10.780+01:00 INFO : Filtering template 256/384 segment 2/5
2026-09-08T16:03:10.817+01:00 INFO : 1 points above threshold
2026-09-08T16:03:10.823+01:00 INFO : Filtering template 256/384 segment 3/5
2026-09-08T16:03:10.859+01:00 INFO : 1 points above threshold
2026-09-08T16:03:10.865+01:00 INFO : Filtering template 256/384 segment 4/5
2026-09-08T16:03:10.902+01:00 INFO : 1 points above threshold
2026-09-08T16:03:10.908+01:00 INFO : Filtering template 256/384 segment 5/5
2026-09-08T16:03:10.945+01:00 INFO : 256: generating IMRPhenomD from 30.0 Hz
2026-09-08T16:03:10.948+01:00 INFO : Decompressing waveform using inline_linear
2026-09-08T16:03:10.953+01:00 INFO : Filtering template 257/384 segment 1/5
2026-09-08T16:03:10.993+01:00 INFO : 2 points above threshold
2026-09-08T16:03:11.007+01:00 INFO : Filtering template 257/384 segment 2/5
2026-09-08T16:03:11.044+01:00 INFO : 2 points above threshold
2026-09-08T16:03:11.052+01:00 INFO : Filtering template 257/384 segment 3/5
2026-09-08T16:03:11.089+01:00 INFO : 1 points above threshold
2026-09-08T16:03:11.095+01:00 INFO : Filtering template 257/384 segment 4/5
2026-09-08T16:03:11.132+01:00 INFO : 2 points above threshold
2026-09-08T16:03:11.139+01:00 INFO : Filtering template 257/384 segment 5/5
2026-09-08T16:03:11.177+01:00 INFO : 257: generating IMRPhenomD from 30.0 Hz
2026-09-08T16:03:11.179+01:00 INFO : Decompressing waveform using inline_linear
2026-09-08T16:03:11.184+01:00 INFO : Filtering template 258/384 segment 1/5
2026-09-08T16:03:11.224+01:00 INFO : 1 points above threshold
2026-09-08T16:03:11.237+01:00 INFO : Filtering template 258/384 segment 2/5
2026-09-08T16:03:11.274+01:00 INFO : 1 points above threshold
2026-09-08T16:03:11.280+01:00 INFO : Filtering template 258/384 segment 3/5
2026-09-08T16:03:11.317+01:00 INFO : 2 points above threshold
2026-09-08T16:03:11.324+01:00 INFO : Filtering template 258/384 segment 4/5
2026-09-08T16:03:11.361+01:00 INFO : 1 points above threshold
2026-09-08T16:03:11.367+01:00 INFO : Filtering template 258/384 segment 5/5
2026-09-08T16:03:11.405+01:00 INFO : 258: generating IMRPhenomD from 30.0 Hz
2026-09-08T16:03:11.407+01:00 INFO : Decompressing waveform using inline_linear
2026-09-08T16:03:11.412+01:00 INFO : Filtering template 259/384 segment 1/5
2026-09-08T16:03:11.452+01:00 INFO : 3 points above threshold
2026-09-08T16:03:11.469+01:00 INFO : Filtering template 259/384 segment 2/5
2026-09-08T16:03:11.506+01:00 INFO : Filtering template 259/384 segment 3/5
2026-09-08T16:03:11.543+01:00 INFO : 1 points above threshold
2026-09-08T16:03:11.549+01:00 INFO : Filtering template 259/384 segment 4/5
2026-09-08T16:03:11.585+01:00 INFO : Filtering template 259/384 segment 5/5
2026-09-08T16:03:11.623+01:00 INFO : 259: generating IMRPhenomD from 30.0 Hz
2026-09-08T16:03:11.625+01:00 INFO : Decompressing waveform using inline_linear
2026-09-08T16:03:11.630+01:00 INFO : Filtering template 260/384 segment 1/5
2026-09-08T16:03:11.670+01:00 INFO : 1 points above threshold
2026-09-08T16:03:11.682+01:00 INFO : Filtering template 260/384 segment 2/5
2026-09-08T16:03:11.719+01:00 INFO : 1 points above threshold
2026-09-08T16:03:11.725+01:00 INFO : Filtering template 260/384 segment 3/5
2026-09-08T16:03:11.762+01:00 INFO : 1 points above threshold
2026-09-08T16:03:11.768+01:00 INFO : Filtering template 260/384 segment 4/5
2026-09-08T16:03:11.805+01:00 INFO : 1 points above threshold
2026-09-08T16:03:11.811+01:00 INFO : Filtering template 260/384 segment 5/5
2026-09-08T16:03:11.848+01:00 INFO : 1 points above threshold
2026-09-08T16:03:11.854+01:00 INFO : 260: generating IMRPhenomD from 30.0 Hz
2026-09-08T16:03:11.856+01:00 INFO : Decompressing waveform using inline_linear
2026-09-08T16:03:11.861+01:00 INFO : Filtering template 261/384 segment 1/5
2026-09-08T16:03:11.901+01:00 INFO : Filtering template 261/384 segment 2/5
2026-09-08T16:03:11.938+01:00 INFO : Filtering template 261/384 segment 3/5
2026-09-08T16:03:11.975+01:00 INFO : 1 points above threshold
2026-09-08T16:03:11.988+01:00 INFO : Filtering template 261/384 segment 4/5
2026-09-08T16:03:12.024+01:00 INFO : 2 points above threshold
2026-09-08T16:03:12.032+01:00 INFO : Filtering template 261/384 segment 5/5
2026-09-08T16:03:12.069+01:00 INFO : 261: generating IMRPhenomD from 30.0 Hz
2026-09-08T16:03:12.072+01:00 INFO : Decompressing waveform using inline_linear
2026-09-08T16:03:12.077+01:00 INFO : Filtering template 262/384 segment 1/5
2026-09-08T16:03:12.117+01:00 INFO : 2 points above threshold
2026-09-08T16:03:12.131+01:00 INFO : Filtering template 262/384 segment 2/5
2026-09-08T16:03:12.168+01:00 INFO : 2 points above threshold
2026-09-08T16:03:12.176+01:00 INFO : Filtering template 262/384 segment 3/5
2026-09-08T16:03:12.212+01:00 INFO : Filtering template 262/384 segment 4/5
2026-09-08T16:03:12.249+01:00 INFO : 2 points above threshold
2026-09-08T16:03:12.257+01:00 INFO : Filtering template 262/384 segment 5/5
2026-09-08T16:03:12.294+01:00 INFO : 2 points above threshold
2026-09-08T16:03:12.302+01:00 INFO : 262: generating IMRPhenomD from 30.0 Hz
2026-09-08T16:03:12.305+01:00 INFO : Decompressing waveform using inline_linear
2026-09-08T16:03:12.310+01:00 INFO : Filtering template 263/384 segment 1/5
2026-09-08T16:03:12.350+01:00 INFO : Filtering template 263/384 segment 2/5
2026-09-08T16:03:12.387+01:00 INFO : 1 points above threshold
2026-09-08T16:03:12.399+01:00 INFO : Filtering template 263/384 segment 3/5
2026-09-08T16:03:12.436+01:00 INFO : 1 points above threshold
2026-09-08T16:03:12.442+01:00 INFO : Filtering template 263/384 segment 4/5
2026-09-08T16:03:12.479+01:00 INFO : 3 points above threshold
2026-09-08T16:03:12.489+01:00 INFO : Filtering template 263/384 segment 5/5
2026-09-08T16:03:12.527+01:00 INFO : 263: generating IMRPhenomD from 30.0 Hz
2026-09-08T16:03:12.529+01:00 INFO : Decompressing waveform using inline_linear
2026-09-08T16:03:12.534+01:00 INFO : Filtering template 264/384 segment 1/5
2026-09-08T16:03:12.575+01:00 INFO : 2 points above threshold
2026-09-08T16:03:12.589+01:00 INFO : Filtering template 264/384 segment 2/5
2026-09-08T16:03:12.625+01:00 INFO : 1 points above threshold
2026-09-08T16:03:12.631+01:00 INFO : Filtering template 264/384 segment 3/5
2026-09-08T16:03:12.668+01:00 INFO : 1 points above threshold
2026-09-08T16:03:12.674+01:00 INFO : Filtering template 264/384 segment 4/5
2026-09-08T16:03:12.711+01:00 INFO : 3 points above threshold
2026-09-08T16:03:12.721+01:00 INFO : Filtering template 264/384 segment 5/5
2026-09-08T16:03:12.758+01:00 INFO : 3 points above threshold
2026-09-08T16:03:12.768+01:00 INFO : 264: generating IMRPhenomD from 30.0 Hz
2026-09-08T16:03:12.770+01:00 INFO : Decompressing waveform using inline_linear
2026-09-08T16:03:12.775+01:00 INFO : Filtering template 265/384 segment 1/5
2026-09-08T16:03:12.816+01:00 INFO : 1 points above threshold
2026-09-08T16:03:12.828+01:00 INFO : Filtering template 265/384 segment 2/5
2026-09-08T16:03:12.865+01:00 INFO : 1 points above threshold
2026-09-08T16:03:12.871+01:00 INFO : Filtering template 265/384 segment 3/5
2026-09-08T16:03:12.908+01:00 INFO : 1 points above threshold
2026-09-08T16:03:12.914+01:00 INFO : Filtering template 265/384 segment 4/5
2026-09-08T16:03:12.950+01:00 INFO : Filtering template 265/384 segment 5/5
2026-09-08T16:03:12.987+01:00 INFO : 1 points above threshold
2026-09-08T16:03:12.993+01:00 INFO : 265: generating IMRPhenomD from 30.0 Hz
2026-09-08T16:03:12.996+01:00 INFO : Decompressing waveform using inline_linear
2026-09-08T16:03:13.001+01:00 INFO : Filtering template 266/384 segment 1/5
2026-09-08T16:03:13.041+01:00 INFO : 3 points above threshold
2026-09-08T16:03:13.057+01:00 INFO : Filtering template 266/384 segment 2/5
2026-09-08T16:03:13.094+01:00 INFO : 3 points above threshold
2026-09-08T16:03:13.104+01:00 INFO : Filtering template 266/384 segment 3/5
2026-09-08T16:03:13.141+01:00 INFO : Filtering template 266/384 segment 4/5
2026-09-08T16:03:13.178+01:00 INFO : 1 points above threshold
2026-09-08T16:03:13.184+01:00 INFO : Filtering template 266/384 segment 5/5
2026-09-08T16:03:13.221+01:00 INFO : 266: generating IMRPhenomD from 30.0 Hz
2026-09-08T16:03:13.223+01:00 INFO : Decompressing waveform using inline_linear
2026-09-08T16:03:13.228+01:00 INFO : Filtering template 267/384 segment 1/5
2026-09-08T16:03:13.268+01:00 INFO : Filtering template 267/384 segment 2/5
2026-09-08T16:03:13.305+01:00 INFO : 1 points above threshold
2026-09-08T16:03:13.317+01:00 INFO : Filtering template 267/384 segment 3/5
2026-09-08T16:03:13.354+01:00 INFO : 2 points above threshold
2026-09-08T16:03:13.362+01:00 INFO : Filtering template 267/384 segment 4/5
2026-09-08T16:03:13.399+01:00 INFO : Filtering template 267/384 segment 5/5
2026-09-08T16:03:13.435+01:00 INFO : 2 points above threshold
2026-09-08T16:03:13.444+01:00 INFO : 267: generating IMRPhenomD from 30.0 Hz
2026-09-08T16:03:13.446+01:00 INFO : Decompressing waveform using inline_linear
2026-09-08T16:03:13.451+01:00 INFO : Filtering template 268/384 segment 1/5
2026-09-08T16:03:13.491+01:00 INFO : 1 points above threshold
2026-09-08T16:03:13.503+01:00 INFO : Filtering template 268/384 segment 2/5
2026-09-08T16:03:13.540+01:00 INFO : Filtering template 268/384 segment 3/5
2026-09-08T16:03:13.577+01:00 INFO : 1 points above threshold
2026-09-08T16:03:13.583+01:00 INFO : Filtering template 268/384 segment 4/5
2026-09-08T16:03:13.620+01:00 INFO : Filtering template 268/384 segment 5/5
2026-09-08T16:03:13.657+01:00 INFO : 2 points above threshold
2026-09-08T16:03:13.665+01:00 INFO : 268: generating IMRPhenomD from 30.0 Hz
2026-09-08T16:03:13.668+01:00 INFO : Decompressing waveform using inline_linear
2026-09-08T16:03:13.673+01:00 INFO : Filtering template 269/384 segment 1/5
2026-09-08T16:03:13.713+01:00 INFO : Filtering template 269/384 segment 2/5
2026-09-08T16:03:13.750+01:00 INFO : 1 points above threshold
2026-09-08T16:03:13.762+01:00 INFO : Filtering template 269/384 segment 3/5
2026-09-08T16:03:13.799+01:00 INFO : Filtering template 269/384 segment 4/5
2026-09-08T16:03:13.836+01:00 INFO : 1 points above threshold
2026-09-08T16:03:13.842+01:00 INFO : Filtering template 269/384 segment 5/5
2026-09-08T16:03:13.879+01:00 INFO : 269: generating IMRPhenomD from 30.0 Hz
2026-09-08T16:03:13.881+01:00 INFO : Decompressing waveform using inline_linear
2026-09-08T16:03:13.886+01:00 INFO : Filtering template 270/384 segment 1/5
2026-09-08T16:03:13.926+01:00 INFO : Filtering template 270/384 segment 2/5
2026-09-08T16:03:13.963+01:00 INFO : Filtering template 270/384 segment 3/5
2026-09-08T16:03:14.000+01:00 INFO : Filtering template 270/384 segment 4/5
2026-09-08T16:03:14.037+01:00 INFO : 1 points above threshold
2026-09-08T16:03:14.049+01:00 INFO : Filtering template 270/384 segment 5/5
2026-09-08T16:03:14.086+01:00 INFO : 270: generating IMRPhenomD from 30.0 Hz
2026-09-08T16:03:14.089+01:00 INFO : Decompressing waveform using inline_linear
2026-09-08T16:03:14.094+01:00 INFO : Filtering template 271/384 segment 1/5
2026-09-08T16:03:14.134+01:00 INFO : 2 points above threshold
2026-09-08T16:03:14.148+01:00 INFO : Filtering template 271/384 segment 2/5
2026-09-08T16:03:14.185+01:00 INFO : Filtering template 271/384 segment 3/5
2026-09-08T16:03:14.222+01:00 INFO : 1 points above threshold
2026-09-08T16:03:14.228+01:00 INFO : Filtering template 271/384 segment 4/5
2026-09-08T16:03:14.265+01:00 INFO : 1 points above threshold
2026-09-08T16:03:14.271+01:00 INFO : Filtering template 271/384 segment 5/5
2026-09-08T16:03:14.308+01:00 INFO : 3 points above threshold
2026-09-08T16:03:14.318+01:00 INFO : 271: generating IMRPhenomD from 30.0 Hz
2026-09-08T16:03:14.320+01:00 INFO : Decompressing waveform using inline_linear
2026-09-08T16:03:14.325+01:00 INFO : Filtering template 272/384 segment 1/5
2026-09-08T16:03:14.365+01:00 INFO : 2 points above threshold
2026-09-08T16:03:14.380+01:00 INFO : Filtering template 272/384 segment 2/5
2026-09-08T16:03:14.416+01:00 INFO : 1 points above threshold
2026-09-08T16:03:14.422+01:00 INFO : Filtering template 272/384 segment 3/5
2026-09-08T16:03:14.459+01:00 INFO : 1 points above threshold
2026-09-08T16:03:14.465+01:00 INFO : Filtering template 272/384 segment 4/5
2026-09-08T16:03:14.502+01:00 INFO : Filtering template 272/384 segment 5/5
2026-09-08T16:03:14.539+01:00 INFO : 1 points above threshold
2026-09-08T16:03:14.545+01:00 INFO : 272: generating IMRPhenomD from 30.0 Hz
2026-09-08T16:03:14.548+01:00 INFO : Decompressing waveform using inline_linear
2026-09-08T16:03:14.552+01:00 INFO : Filtering template 273/384 segment 1/5
2026-09-08T16:03:14.593+01:00 INFO : 1 points above threshold
2026-09-08T16:03:14.605+01:00 INFO : Filtering template 273/384 segment 2/5
2026-09-08T16:03:14.642+01:00 INFO : Filtering template 273/384 segment 3/5
2026-09-08T16:03:14.679+01:00 INFO : 1 points above threshold
2026-09-08T16:03:14.685+01:00 INFO : Filtering template 273/384 segment 4/5
2026-09-08T16:03:14.721+01:00 INFO : 2 points above threshold
2026-09-08T16:03:14.729+01:00 INFO : Filtering template 273/384 segment 5/5
2026-09-08T16:03:14.766+01:00 INFO : 273: generating IMRPhenomD from 30.0 Hz
2026-09-08T16:03:14.769+01:00 INFO : Decompressing waveform using inline_linear
2026-09-08T16:03:14.774+01:00 INFO : Filtering template 274/384 segment 1/5
2026-09-08T16:03:14.814+01:00 INFO : 1 points above threshold
2026-09-08T16:03:14.826+01:00 INFO : Filtering template 274/384 segment 2/5
2026-09-08T16:03:14.863+01:00 INFO : 2 points above threshold
2026-09-08T16:03:14.871+01:00 INFO : Filtering template 274/384 segment 3/5
2026-09-08T16:03:14.908+01:00 INFO : 3 points above threshold
2026-09-08T16:03:14.918+01:00 INFO : Filtering template 274/384 segment 4/5
2026-09-08T16:03:14.955+01:00 INFO : 1 points above threshold
2026-09-08T16:03:14.961+01:00 INFO : Filtering template 274/384 segment 5/5
2026-09-08T16:03:14.997+01:00 INFO : 3 points above threshold
2026-09-08T16:03:15.008+01:00 INFO : 274: generating IMRPhenomD from 30.0 Hz
2026-09-08T16:03:15.010+01:00 INFO : Decompressing waveform using inline_linear
2026-09-08T16:03:15.015+01:00 INFO : Filtering template 275/384 segment 1/5
2026-09-08T16:03:15.055+01:00 INFO : 1 points above threshold
2026-09-08T16:03:15.067+01:00 INFO : Filtering template 275/384 segment 2/5
2026-09-08T16:03:15.104+01:00 INFO : 1 points above threshold
2026-09-08T16:03:15.111+01:00 INFO : Filtering template 275/384 segment 3/5
2026-09-08T16:03:15.150+01:00 INFO : Filtering template 275/384 segment 4/5
2026-09-08T16:03:15.189+01:00 INFO : 2 points above threshold
2026-09-08T16:03:15.197+01:00 INFO : Filtering template 275/384 segment 5/5
2026-09-08T16:03:15.238+01:00 INFO : 1 points above threshold
2026-09-08T16:03:15.245+01:00 INFO : 275: generating IMRPhenomD from 30.0 Hz
2026-09-08T16:03:15.247+01:00 INFO : Decompressing waveform using inline_linear
2026-09-08T16:03:15.252+01:00 INFO : Filtering template 276/384 segment 1/5
2026-09-08T16:03:15.292+01:00 INFO : 2 points above threshold
2026-09-08T16:03:15.306+01:00 INFO : Filtering template 276/384 segment 2/5
2026-09-08T16:03:15.343+01:00 INFO : 2 points above threshold
2026-09-08T16:03:15.351+01:00 INFO : Filtering template 276/384 segment 3/5
2026-09-08T16:03:15.388+01:00 INFO : 2 points above threshold
2026-09-08T16:03:15.396+01:00 INFO : Filtering template 276/384 segment 4/5
2026-09-08T16:03:15.433+01:00 INFO : 4 points above threshold
2026-09-08T16:03:15.442+01:00 INFO : Filtering template 276/384 segment 5/5
2026-09-08T16:03:15.479+01:00 INFO : 1 points above threshold
2026-09-08T16:03:15.485+01:00 INFO : 276: generating IMRPhenomD from 30.0 Hz
2026-09-08T16:03:15.488+01:00 INFO : Decompressing waveform using inline_linear
2026-09-08T16:03:15.493+01:00 INFO : Filtering template 277/384 segment 1/5
2026-09-08T16:03:15.533+01:00 INFO : 2 points above threshold
2026-09-08T16:03:15.550+01:00 INFO : Filtering template 277/384 segment 2/5
2026-09-08T16:03:15.587+01:00 INFO : Filtering template 277/384 segment 3/5
2026-09-08T16:03:15.624+01:00 INFO : Filtering template 277/384 segment 4/5
2026-09-08T16:03:15.661+01:00 INFO : 1 points above threshold
2026-09-08T16:03:15.667+01:00 INFO : Filtering template 277/384 segment 5/5
2026-09-08T16:03:15.704+01:00 INFO : 277: generating IMRPhenomD from 30.0 Hz
2026-09-08T16:03:15.707+01:00 INFO : Decompressing waveform using inline_linear
2026-09-08T16:03:15.712+01:00 INFO : Filtering template 278/384 segment 1/5
2026-09-08T16:03:15.752+01:00 INFO : Filtering template 278/384 segment 2/5
2026-09-08T16:03:15.789+01:00 INFO : 2 points above threshold
2026-09-08T16:03:15.803+01:00 INFO : Filtering template 278/384 segment 3/5
2026-09-08T16:03:15.840+01:00 INFO : Filtering template 278/384 segment 4/5
2026-09-08T16:03:15.877+01:00 INFO : 1 points above threshold
2026-09-08T16:03:15.883+01:00 INFO : Filtering template 278/384 segment 5/5
2026-09-08T16:03:15.920+01:00 INFO : 1 points above threshold
2026-09-08T16:03:15.926+01:00 INFO : 278: generating IMRPhenomD from 30.0 Hz
2026-09-08T16:03:15.929+01:00 INFO : Decompressing waveform using inline_linear
2026-09-08T16:03:15.934+01:00 INFO : Filtering template 279/384 segment 1/5
2026-09-08T16:03:15.974+01:00 INFO : 2 points above threshold
2026-09-08T16:03:15.988+01:00 INFO : Filtering template 279/384 segment 2/5
2026-09-08T16:03:16.025+01:00 INFO : 1 points above threshold
2026-09-08T16:03:16.031+01:00 INFO : Filtering template 279/384 segment 3/5
2026-09-08T16:03:16.068+01:00 INFO : 1 points above threshold
2026-09-08T16:03:16.074+01:00 INFO : Filtering template 279/384 segment 4/5
2026-09-08T16:03:16.111+01:00 INFO : 3 points above threshold
2026-09-08T16:03:16.121+01:00 INFO : Filtering template 279/384 segment 5/5
2026-09-08T16:03:16.159+01:00 INFO : 279: generating IMRPhenomD from 30.0 Hz
2026-09-08T16:03:16.161+01:00 INFO : Decompressing waveform using inline_linear
2026-09-08T16:03:16.166+01:00 INFO : Filtering template 280/384 segment 1/5
2026-09-08T16:03:16.206+01:00 INFO : 2 points above threshold
2026-09-08T16:03:16.223+01:00 INFO : Filtering template 280/384 segment 2/5
2026-09-08T16:03:16.260+01:00 INFO : 1 points above threshold
2026-09-08T16:03:16.266+01:00 INFO : Filtering template 280/384 segment 3/5
2026-09-08T16:03:16.303+01:00 INFO : 1 points above threshold
2026-09-08T16:03:16.309+01:00 INFO : Filtering template 280/384 segment 4/5
2026-09-08T16:03:16.346+01:00 INFO : 1 points above threshold
2026-09-08T16:03:16.352+01:00 INFO : Filtering template 280/384 segment 5/5
2026-09-08T16:03:16.389+01:00 INFO : 280: generating IMRPhenomD from 30.0 Hz
2026-09-08T16:03:16.392+01:00 INFO : Decompressing waveform using inline_linear
2026-09-08T16:03:16.397+01:00 INFO : Filtering template 281/384 segment 1/5
2026-09-08T16:03:16.437+01:00 INFO : 2 points above threshold
2026-09-08T16:03:16.451+01:00 INFO : Filtering template 281/384 segment 2/5
2026-09-08T16:03:16.488+01:00 INFO : Filtering template 281/384 segment 3/5
2026-09-08T16:03:16.525+01:00 INFO : Filtering template 281/384 segment 4/5
2026-09-08T16:03:16.562+01:00 INFO : 3 points above threshold
2026-09-08T16:03:16.572+01:00 INFO : Filtering template 281/384 segment 5/5
2026-09-08T16:03:16.609+01:00 INFO : 3 points above threshold
2026-09-08T16:03:16.619+01:00 INFO : 281: generating IMRPhenomD from 30.0 Hz
2026-09-08T16:03:16.622+01:00 INFO : Decompressing waveform using inline_linear
2026-09-08T16:03:16.627+01:00 INFO : Filtering template 282/384 segment 1/5
2026-09-08T16:03:16.667+01:00 INFO : Filtering template 282/384 segment 2/5
2026-09-08T16:03:16.703+01:00 INFO : 1 points above threshold
2026-09-08T16:03:16.716+01:00 INFO : Filtering template 282/384 segment 3/5
2026-09-08T16:03:16.752+01:00 INFO : Filtering template 282/384 segment 4/5
2026-09-08T16:03:16.789+01:00 INFO : 2 points above threshold
2026-09-08T16:03:16.797+01:00 INFO : Filtering template 282/384 segment 5/5
2026-09-08T16:03:16.834+01:00 INFO : 3 points above threshold
2026-09-08T16:03:16.845+01:00 INFO : 282: generating IMRPhenomD from 30.0 Hz
2026-09-08T16:03:16.847+01:00 INFO : Decompressing waveform using inline_linear
2026-09-08T16:03:16.852+01:00 INFO : Filtering template 283/384 segment 1/5
2026-09-08T16:03:16.892+01:00 INFO : Filtering template 283/384 segment 2/5
2026-09-08T16:03:16.929+01:00 INFO : 1 points above threshold
2026-09-08T16:03:16.942+01:00 INFO : Filtering template 283/384 segment 3/5
2026-09-08T16:03:16.979+01:00 INFO : Filtering template 283/384 segment 4/5
2026-09-08T16:03:17.016+01:00 INFO : 5 points above threshold
2026-09-08T16:03:17.028+01:00 INFO : Filtering template 283/384 segment 5/5
2026-09-08T16:03:17.065+01:00 INFO : 3 points above threshold
2026-09-08T16:03:17.075+01:00 INFO : 283: generating IMRPhenomD from 30.0 Hz
2026-09-08T16:03:17.078+01:00 INFO : Decompressing waveform using inline_linear
2026-09-08T16:03:17.083+01:00 INFO : Filtering template 284/384 segment 1/5
2026-09-08T16:03:17.123+01:00 INFO : 2 points above threshold
2026-09-08T16:03:17.138+01:00 INFO : Filtering template 284/384 segment 2/5
2026-09-08T16:03:17.174+01:00 INFO : 1 points above threshold
2026-09-08T16:03:17.180+01:00 INFO : Filtering template 284/384 segment 3/5
2026-09-08T16:03:17.217+01:00 INFO : 2 points above threshold
2026-09-08T16:03:17.225+01:00 INFO : Filtering template 284/384 segment 4/5
2026-09-08T16:03:17.262+01:00 INFO : 1 points above threshold
2026-09-08T16:03:17.268+01:00 INFO : Filtering template 284/384 segment 5/5
2026-09-08T16:03:17.305+01:00 INFO : 284: generating IMRPhenomD from 30.0 Hz
2026-09-08T16:03:17.308+01:00 INFO : Decompressing waveform using inline_linear
2026-09-08T16:03:17.313+01:00 INFO : Filtering template 285/384 segment 1/5
2026-09-08T16:03:17.353+01:00 INFO : 1 points above threshold
2026-09-08T16:03:17.365+01:00 INFO : Filtering template 285/384 segment 2/5
2026-09-08T16:03:17.402+01:00 INFO : 1 points above threshold
2026-09-08T16:03:17.408+01:00 INFO : Filtering template 285/384 segment 3/5
2026-09-08T16:03:17.445+01:00 INFO : 1 points above threshold
2026-09-08T16:03:17.451+01:00 INFO : Filtering template 285/384 segment 4/5
2026-09-08T16:03:17.488+01:00 INFO : 3 points above threshold
2026-09-08T16:03:17.498+01:00 INFO : Filtering template 285/384 segment 5/5
2026-09-08T16:03:17.535+01:00 INFO : 285: generating IMRPhenomD from 30.0 Hz
2026-09-08T16:03:17.538+01:00 INFO : Decompressing waveform using inline_linear
2026-09-08T16:03:17.543+01:00 INFO : Filtering template 286/384 segment 1/5
2026-09-08T16:03:17.583+01:00 INFO : 3 points above threshold
2026-09-08T16:03:17.599+01:00 INFO : Filtering template 286/384 segment 2/5
2026-09-08T16:03:17.636+01:00 INFO : 1 points above threshold
2026-09-08T16:03:17.642+01:00 INFO : Filtering template 286/384 segment 3/5
2026-09-08T16:03:17.679+01:00 INFO : Filtering template 286/384 segment 4/5
2026-09-08T16:03:17.716+01:00 INFO : Filtering template 286/384 segment 5/5
2026-09-08T16:03:17.754+01:00 INFO : 286: generating IMRPhenomD from 30.0 Hz
2026-09-08T16:03:17.756+01:00 INFO : Decompressing waveform using inline_linear
2026-09-08T16:03:17.761+01:00 INFO : Filtering template 287/384 segment 1/5
2026-09-08T16:03:17.801+01:00 INFO : 2 points above threshold
2026-09-08T16:03:17.815+01:00 INFO : Filtering template 287/384 segment 2/5
2026-09-08T16:03:17.852+01:00 INFO : 4 points above threshold
2026-09-08T16:03:17.862+01:00 INFO : Filtering template 287/384 segment 3/5
2026-09-08T16:03:17.899+01:00 INFO : 1 points above threshold
2026-09-08T16:03:17.905+01:00 INFO : Filtering template 287/384 segment 4/5
2026-09-08T16:03:17.942+01:00 INFO : 3 points above threshold
2026-09-08T16:03:17.952+01:00 INFO : Filtering template 287/384 segment 5/5
2026-09-08T16:03:17.989+01:00 INFO : 2 points above threshold
2026-09-08T16:03:17.997+01:00 INFO : 287: generating IMRPhenomD from 30.0 Hz
2026-09-08T16:03:17.999+01:00 INFO : Decompressing waveform using inline_linear
2026-09-08T16:03:18.004+01:00 INFO : Filtering template 288/384 segment 1/5
2026-09-08T16:03:18.044+01:00 INFO : 1 points above threshold
2026-09-08T16:03:18.056+01:00 INFO : Filtering template 288/384 segment 2/5
2026-09-08T16:03:18.094+01:00 INFO : 2 points above threshold
2026-09-08T16:03:18.101+01:00 INFO : Filtering template 288/384 segment 3/5
2026-09-08T16:03:18.139+01:00 INFO : 2 points above threshold
2026-09-08T16:03:18.146+01:00 INFO : Filtering template 288/384 segment 4/5
2026-09-08T16:03:18.183+01:00 INFO : 1 points above threshold
2026-09-08T16:03:18.189+01:00 INFO : Filtering template 288/384 segment 5/5
2026-09-08T16:03:18.226+01:00 INFO : 3 points above threshold
2026-09-08T16:03:18.236+01:00 INFO : 288: generating IMRPhenomD from 30.0 Hz
2026-09-08T16:03:18.239+01:00 INFO : Decompressing waveform using inline_linear
2026-09-08T16:03:18.244+01:00 INFO : Filtering template 289/384 segment 1/5
2026-09-08T16:03:18.284+01:00 INFO : Filtering template 289/384 segment 2/5
2026-09-08T16:03:18.321+01:00 INFO : 2 points above threshold
2026-09-08T16:03:18.335+01:00 INFO : Filtering template 289/384 segment 3/5
2026-09-08T16:03:18.372+01:00 INFO : 1 points above threshold
2026-09-08T16:03:18.378+01:00 INFO : Filtering template 289/384 segment 4/5
2026-09-08T16:03:18.415+01:00 INFO : 1 points above threshold
2026-09-08T16:03:18.421+01:00 INFO : Filtering template 289/384 segment 5/5
2026-09-08T16:03:18.458+01:00 INFO : 2 points above threshold
2026-09-08T16:03:18.466+01:00 INFO : 289: generating IMRPhenomD from 30.0 Hz
2026-09-08T16:03:18.468+01:00 INFO : Decompressing waveform using inline_linear
2026-09-08T16:03:18.473+01:00 INFO : Filtering template 290/384 segment 1/5
2026-09-08T16:03:18.514+01:00 INFO : 3 points above threshold
2026-09-08T16:03:18.530+01:00 INFO : Filtering template 290/384 segment 2/5
2026-09-08T16:03:18.567+01:00 INFO : Filtering template 290/384 segment 3/5
2026-09-08T16:03:18.604+01:00 INFO : 1 points above threshold
2026-09-08T16:03:18.610+01:00 INFO : Filtering template 290/384 segment 4/5
2026-09-08T16:03:18.647+01:00 INFO : 2 points above threshold
2026-09-08T16:03:18.654+01:00 INFO : Filtering template 290/384 segment 5/5
2026-09-08T16:03:18.692+01:00 INFO : 290: generating IMRPhenomD from 30.0 Hz
2026-09-08T16:03:18.694+01:00 INFO : Decompressing waveform using inline_linear
2026-09-08T16:03:18.699+01:00 INFO : Filtering template 291/384 segment 1/5
2026-09-08T16:03:18.739+01:00 INFO : 5 points above threshold
2026-09-08T16:03:18.758+01:00 INFO : Filtering template 291/384 segment 2/5
2026-09-08T16:03:18.795+01:00 INFO : 3 points above threshold
2026-09-08T16:03:18.805+01:00 INFO : Filtering template 291/384 segment 3/5
2026-09-08T16:03:18.842+01:00 INFO : 1 points above threshold
2026-09-08T16:03:18.848+01:00 INFO : Filtering template 291/384 segment 4/5
2026-09-08T16:03:18.885+01:00 INFO : 1 points above threshold
2026-09-08T16:03:18.891+01:00 INFO : Filtering template 291/384 segment 5/5
2026-09-08T16:03:18.928+01:00 INFO : 291: generating IMRPhenomD from 30.0 Hz
2026-09-08T16:03:18.931+01:00 INFO : Decompressing waveform using inline_linear
2026-09-08T16:03:18.936+01:00 INFO : Filtering template 292/384 segment 1/5
2026-09-08T16:03:18.976+01:00 INFO : 1 points above threshold
2026-09-08T16:03:18.988+01:00 INFO : Filtering template 292/384 segment 2/5
2026-09-08T16:03:19.025+01:00 INFO : 1 points above threshold
2026-09-08T16:03:19.030+01:00 INFO : Filtering template 292/384 segment 3/5
2026-09-08T16:03:19.067+01:00 INFO : 1 points above threshold
2026-09-08T16:03:19.073+01:00 INFO : Filtering template 292/384 segment 4/5
2026-09-08T16:03:19.110+01:00 INFO : 2 points above threshold
2026-09-08T16:03:19.118+01:00 INFO : Filtering template 292/384 segment 5/5
2026-09-08T16:03:19.155+01:00 INFO : 1 points above threshold
2026-09-08T16:03:19.161+01:00 INFO : 292: generating IMRPhenomD from 30.0 Hz
2026-09-08T16:03:19.164+01:00 INFO : Decompressing waveform using inline_linear
2026-09-08T16:03:19.168+01:00 INFO : Filtering template 293/384 segment 1/5
2026-09-08T16:03:19.208+01:00 INFO : 2 points above threshold
2026-09-08T16:03:19.222+01:00 INFO : Filtering template 293/384 segment 2/5
2026-09-08T16:03:19.259+01:00 INFO : 3 points above threshold
2026-09-08T16:03:19.269+01:00 INFO : Filtering template 293/384 segment 3/5
2026-09-08T16:03:19.306+01:00 INFO : 3 points above threshold
2026-09-08T16:03:19.316+01:00 INFO : Filtering template 293/384 segment 4/5
2026-09-08T16:03:19.353+01:00 INFO : 3 points above threshold
2026-09-08T16:03:19.363+01:00 INFO : Filtering template 293/384 segment 5/5
2026-09-08T16:03:19.400+01:00 INFO : 3 points above threshold
2026-09-08T16:03:19.410+01:00 INFO : 293: generating IMRPhenomD from 30.0 Hz
2026-09-08T16:03:19.412+01:00 INFO : Decompressing waveform using inline_linear
2026-09-08T16:03:19.417+01:00 INFO : Filtering template 294/384 segment 1/5
2026-09-08T16:03:19.458+01:00 INFO : Filtering template 294/384 segment 2/5
2026-09-08T16:03:19.495+01:00 INFO : 1 points above threshold
2026-09-08T16:03:19.507+01:00 INFO : Filtering template 294/384 segment 3/5
2026-09-08T16:03:19.544+01:00 INFO : 2 points above threshold
2026-09-08T16:03:19.552+01:00 INFO : Filtering template 294/384 segment 4/5
2026-09-08T16:03:19.589+01:00 INFO : 1 points above threshold
2026-09-08T16:03:19.595+01:00 INFO : Filtering template 294/384 segment 5/5
2026-09-08T16:03:19.632+01:00 INFO : 3 points above threshold
2026-09-08T16:03:19.642+01:00 INFO : 294: generating IMRPhenomD from 30.0 Hz
2026-09-08T16:03:19.644+01:00 INFO : Decompressing waveform using inline_linear
2026-09-08T16:03:19.649+01:00 INFO : Filtering template 295/384 segment 1/5
2026-09-08T16:03:19.689+01:00 INFO : 1 points above threshold
2026-09-08T16:03:19.702+01:00 INFO : Filtering template 295/384 segment 2/5
2026-09-08T16:03:19.738+01:00 INFO : 2 points above threshold
2026-09-08T16:03:19.746+01:00 INFO : Filtering template 295/384 segment 3/5
2026-09-08T16:03:19.783+01:00 INFO : 3 points above threshold
2026-09-08T16:03:19.793+01:00 INFO : Filtering template 295/384 segment 4/5
2026-09-08T16:03:19.830+01:00 INFO : 3 points above threshold
2026-09-08T16:03:19.840+01:00 INFO : Filtering template 295/384 segment 5/5
2026-09-08T16:03:19.877+01:00 INFO : 1 points above threshold
2026-09-08T16:03:19.883+01:00 INFO : 295: generating IMRPhenomD from 30.0 Hz
2026-09-08T16:03:19.886+01:00 INFO : Decompressing waveform using inline_linear
2026-09-08T16:03:19.891+01:00 INFO : Filtering template 296/384 segment 1/5
2026-09-08T16:03:19.931+01:00 INFO : 5 points above threshold
2026-09-08T16:03:19.950+01:00 INFO : Filtering template 296/384 segment 2/5
2026-09-08T16:03:19.987+01:00 INFO : 1 points above threshold
2026-09-08T16:03:19.993+01:00 INFO : Filtering template 296/384 segment 3/5
2026-09-08T16:03:20.029+01:00 INFO : 2 points above threshold
2026-09-08T16:03:20.037+01:00 INFO : Filtering template 296/384 segment 4/5
2026-09-08T16:03:20.074+01:00 INFO : Filtering template 296/384 segment 5/5
2026-09-08T16:03:20.111+01:00 INFO : 1 points above threshold
2026-09-08T16:03:20.117+01:00 INFO : 296: generating IMRPhenomD from 30.0 Hz
2026-09-08T16:03:20.120+01:00 INFO : Decompressing waveform using inline_linear
2026-09-08T16:03:20.125+01:00 INFO : Filtering template 297/384 segment 1/5
2026-09-08T16:03:20.165+01:00 INFO : 1 points above threshold
2026-09-08T16:03:20.177+01:00 INFO : Filtering template 297/384 segment 2/5
2026-09-08T16:03:20.214+01:00 INFO : 4 points above threshold
2026-09-08T16:03:20.224+01:00 INFO : Filtering template 297/384 segment 3/5
2026-09-08T16:03:20.263+01:00 INFO : Filtering template 297/384 segment 4/5
2026-09-08T16:03:20.306+01:00 INFO : Filtering template 297/384 segment 5/5
2026-09-08T16:03:20.343+01:00 INFO : 1 points above threshold
2026-09-08T16:03:20.350+01:00 INFO : 297: generating IMRPhenomD from 30.0 Hz
2026-09-08T16:03:20.352+01:00 INFO : Decompressing waveform using inline_linear
2026-09-08T16:03:20.357+01:00 INFO : Filtering template 298/384 segment 1/5
2026-09-08T16:03:20.397+01:00 INFO : 1 points above threshold
2026-09-08T16:03:20.410+01:00 INFO : Filtering template 298/384 segment 2/5
2026-09-08T16:03:20.447+01:00 INFO : 1 points above threshold
2026-09-08T16:03:20.453+01:00 INFO : Filtering template 298/384 segment 3/5
2026-09-08T16:03:20.489+01:00 INFO : 1 points above threshold
2026-09-08T16:03:20.495+01:00 INFO : Filtering template 298/384 segment 4/5
2026-09-08T16:03:20.532+01:00 INFO : 1 points above threshold
2026-09-08T16:03:20.538+01:00 INFO : Filtering template 298/384 segment 5/5
2026-09-08T16:03:20.575+01:00 INFO : 4 points above threshold
2026-09-08T16:03:20.585+01:00 INFO : 298: generating IMRPhenomD from 30.0 Hz
2026-09-08T16:03:20.587+01:00 INFO : Decompressing waveform using inline_linear
2026-09-08T16:03:20.592+01:00 INFO : Filtering template 299/384 segment 1/5
2026-09-08T16:03:20.632+01:00 INFO : 1 points above threshold
2026-09-08T16:03:20.645+01:00 INFO : Filtering template 299/384 segment 2/5
2026-09-08T16:03:20.681+01:00 INFO : 1 points above threshold
2026-09-08T16:03:20.687+01:00 INFO : Filtering template 299/384 segment 3/5
2026-09-08T16:03:20.724+01:00 INFO : Filtering template 299/384 segment 4/5
2026-09-08T16:03:20.761+01:00 INFO : 2 points above threshold
2026-09-08T16:03:20.769+01:00 INFO : Filtering template 299/384 segment 5/5
2026-09-08T16:03:20.806+01:00 INFO : 1 points above threshold
2026-09-08T16:03:20.812+01:00 INFO : 299: generating IMRPhenomD from 30.0 Hz
2026-09-08T16:03:20.815+01:00 INFO : Decompressing waveform using inline_linear
2026-09-08T16:03:20.820+01:00 INFO : Filtering template 300/384 segment 1/5
2026-09-08T16:03:20.860+01:00 INFO : 1 points above threshold
2026-09-08T16:03:20.872+01:00 INFO : Filtering template 300/384 segment 2/5
2026-09-08T16:03:20.909+01:00 INFO : Filtering template 300/384 segment 3/5
2026-09-08T16:03:20.946+01:00 INFO : 1 points above threshold
2026-09-08T16:03:20.952+01:00 INFO : Filtering template 300/384 segment 4/5
2026-09-08T16:03:20.988+01:00 INFO : Filtering template 300/384 segment 5/5
2026-09-08T16:03:21.025+01:00 INFO : 1 points above threshold
2026-09-08T16:03:21.032+01:00 INFO : 300: generating IMRPhenomD from 30.0 Hz
2026-09-08T16:03:21.034+01:00 INFO : Decompressing waveform using inline_linear
2026-09-08T16:03:21.039+01:00 INFO : Filtering template 301/384 segment 1/5
2026-09-08T16:03:21.079+01:00 INFO : 2 points above threshold
2026-09-08T16:03:21.093+01:00 INFO : Filtering template 301/384 segment 2/5
2026-09-08T16:03:21.130+01:00 INFO : Filtering template 301/384 segment 3/5
2026-09-08T16:03:21.167+01:00 INFO : 1 points above threshold
2026-09-08T16:03:21.173+01:00 INFO : Filtering template 301/384 segment 4/5
2026-09-08T16:03:21.210+01:00 INFO : Filtering template 301/384 segment 5/5
2026-09-08T16:03:21.247+01:00 INFO : 1 points above threshold
2026-09-08T16:03:21.253+01:00 INFO : 301: generating IMRPhenomD from 30.0 Hz
2026-09-08T16:03:21.256+01:00 INFO : Decompressing waveform using inline_linear
2026-09-08T16:03:21.261+01:00 INFO : Filtering template 302/384 segment 1/5
2026-09-08T16:03:21.301+01:00 INFO : 3 points above threshold
2026-09-08T16:03:21.317+01:00 INFO : Filtering template 302/384 segment 2/5
2026-09-08T16:03:21.354+01:00 INFO : 1 points above threshold
2026-09-08T16:03:21.360+01:00 INFO : Filtering template 302/384 segment 3/5
2026-09-08T16:03:21.397+01:00 INFO : Filtering template 302/384 segment 4/5
2026-09-08T16:03:21.434+01:00 INFO : 2 points above threshold
2026-09-08T16:03:21.442+01:00 INFO : Filtering template 302/384 segment 5/5
2026-09-08T16:03:21.479+01:00 INFO : 302: generating IMRPhenomD from 30.0 Hz
2026-09-08T16:03:21.481+01:00 INFO : Decompressing waveform using inline_linear
2026-09-08T16:03:21.486+01:00 INFO : Filtering template 303/384 segment 1/5
2026-09-08T16:03:21.526+01:00 INFO : Filtering template 303/384 segment 2/5
2026-09-08T16:03:21.564+01:00 INFO : 1 points above threshold
2026-09-08T16:03:21.579+01:00 INFO : Filtering template 303/384 segment 3/5
2026-09-08T16:03:21.616+01:00 INFO : 2 points above threshold
2026-09-08T16:03:21.624+01:00 INFO : Filtering template 303/384 segment 4/5
2026-09-08T16:03:21.661+01:00 INFO : 1 points above threshold
2026-09-08T16:03:21.667+01:00 INFO : Filtering template 303/384 segment 5/5
2026-09-08T16:03:21.704+01:00 INFO : 1 points above threshold
2026-09-08T16:03:21.710+01:00 INFO : 303: generating IMRPhenomD from 30.0 Hz
2026-09-08T16:03:21.713+01:00 INFO : Decompressing waveform using inline_linear
2026-09-08T16:03:21.718+01:00 INFO : Filtering template 304/384 segment 1/5
2026-09-08T16:03:21.758+01:00 INFO : 2 points above threshold
2026-09-08T16:03:21.772+01:00 INFO : Filtering template 304/384 segment 2/5
2026-09-08T16:03:21.809+01:00 INFO : 1 points above threshold
2026-09-08T16:03:21.815+01:00 INFO : Filtering template 304/384 segment 3/5
2026-09-08T16:03:21.852+01:00 INFO : Filtering template 304/384 segment 4/5
2026-09-08T16:03:21.889+01:00 INFO : Filtering template 304/384 segment 5/5
2026-09-08T16:03:21.926+01:00 INFO : 1 points above threshold
2026-09-08T16:03:21.932+01:00 INFO : 304: generating IMRPhenomD from 30.0 Hz
2026-09-08T16:03:21.935+01:00 INFO : Decompressing waveform using inline_linear
2026-09-08T16:03:21.940+01:00 INFO : Filtering template 305/384 segment 1/5
2026-09-08T16:03:21.980+01:00 INFO : Filtering template 305/384 segment 2/5
2026-09-08T16:03:22.017+01:00 INFO : 2 points above threshold
2026-09-08T16:03:22.031+01:00 INFO : Filtering template 305/384 segment 3/5
2026-09-08T16:03:22.068+01:00 INFO : 1 points above threshold
2026-09-08T16:03:22.074+01:00 INFO : Filtering template 305/384 segment 4/5
2026-09-08T16:03:22.111+01:00 INFO : 1 points above threshold
2026-09-08T16:03:22.117+01:00 INFO : Filtering template 305/384 segment 5/5
2026-09-08T16:03:22.154+01:00 INFO : 2 points above threshold
2026-09-08T16:03:22.163+01:00 INFO : 305: generating IMRPhenomD from 30.0 Hz
2026-09-08T16:03:22.165+01:00 INFO : Decompressing waveform using inline_linear
2026-09-08T16:03:22.170+01:00 INFO : Filtering template 306/384 segment 1/5
2026-09-08T16:03:22.210+01:00 INFO : 3 points above threshold
2026-09-08T16:03:22.229+01:00 INFO : Filtering template 306/384 segment 2/5
2026-09-08T16:03:22.266+01:00 INFO : 1 points above threshold
2026-09-08T16:03:22.275+01:00 INFO : Filtering template 306/384 segment 3/5
2026-09-08T16:03:22.312+01:00 INFO : 2 points above threshold
2026-09-08T16:03:22.320+01:00 INFO : Filtering template 306/384 segment 4/5
2026-09-08T16:03:22.357+01:00 INFO : 1 points above threshold
2026-09-08T16:03:22.363+01:00 INFO : Filtering template 306/384 segment 5/5
2026-09-08T16:03:22.399+01:00 INFO : 2 points above threshold
2026-09-08T16:03:22.408+01:00 INFO : 306: generating IMRPhenomD from 30.0 Hz
2026-09-08T16:03:22.410+01:00 INFO : Decompressing waveform using inline_linear
2026-09-08T16:03:22.415+01:00 INFO : Filtering template 307/384 segment 1/5
2026-09-08T16:03:22.455+01:00 INFO : Filtering template 307/384 segment 2/5
2026-09-08T16:03:22.492+01:00 INFO : 1 points above threshold
2026-09-08T16:03:22.504+01:00 INFO : Filtering template 307/384 segment 3/5
2026-09-08T16:03:22.541+01:00 INFO : 1 points above threshold
2026-09-08T16:03:22.547+01:00 INFO : Filtering template 307/384 segment 4/5
2026-09-08T16:03:22.584+01:00 INFO : 3 points above threshold
2026-09-08T16:03:22.594+01:00 INFO : Filtering template 307/384 segment 5/5
2026-09-08T16:03:22.631+01:00 INFO : 1 points above threshold
2026-09-08T16:03:22.637+01:00 INFO : 307: generating IMRPhenomD from 30.0 Hz
2026-09-08T16:03:22.640+01:00 INFO : Decompressing waveform using inline_linear
2026-09-08T16:03:22.644+01:00 INFO : Filtering template 308/384 segment 1/5
2026-09-08T16:03:22.685+01:00 INFO : 1 points above threshold
2026-09-08T16:03:22.697+01:00 INFO : Filtering template 308/384 segment 2/5
2026-09-08T16:03:22.734+01:00 INFO : Filtering template 308/384 segment 3/5
2026-09-08T16:03:22.771+01:00 INFO : 2 points above threshold
2026-09-08T16:03:22.779+01:00 INFO : Filtering template 308/384 segment 4/5
2026-09-08T16:03:22.816+01:00 INFO : 1 points above threshold
2026-09-08T16:03:22.822+01:00 INFO : Filtering template 308/384 segment 5/5
2026-09-08T16:03:22.859+01:00 INFO : 308: generating IMRPhenomD from 30.0 Hz
2026-09-08T16:03:22.861+01:00 INFO : Decompressing waveform using inline_linear
2026-09-08T16:03:22.866+01:00 INFO : Filtering template 309/384 segment 1/5
2026-09-08T16:03:22.906+01:00 INFO : 1 points above threshold
2026-09-08T16:03:22.918+01:00 INFO : Filtering template 309/384 segment 2/5
2026-09-08T16:03:22.955+01:00 INFO : Filtering template 309/384 segment 3/5
2026-09-08T16:03:22.992+01:00 INFO : Filtering template 309/384 segment 4/5
2026-09-08T16:03:23.029+01:00 INFO : Filtering template 309/384 segment 5/5
2026-09-08T16:03:23.066+01:00 INFO : 1 points above threshold
2026-09-08T16:03:23.072+01:00 INFO : 309: generating IMRPhenomD from 30.0 Hz
2026-09-08T16:03:23.075+01:00 INFO : Decompressing waveform using inline_linear
2026-09-08T16:03:23.079+01:00 INFO : Filtering template 310/384 segment 1/5
2026-09-08T16:03:23.119+01:00 INFO : 1 points above threshold
2026-09-08T16:03:23.132+01:00 INFO : Filtering template 310/384 segment 2/5
2026-09-08T16:03:23.169+01:00 INFO : 1 points above threshold
2026-09-08T16:03:23.175+01:00 INFO : Filtering template 310/384 segment 3/5
2026-09-08T16:03:23.212+01:00 INFO : 1 points above threshold
2026-09-08T16:03:23.218+01:00 INFO : Filtering template 310/384 segment 4/5
2026-09-08T16:03:23.255+01:00 INFO : Filtering template 310/384 segment 5/5
2026-09-08T16:03:23.292+01:00 INFO : 1 points above threshold
2026-09-08T16:03:23.299+01:00 INFO : 310: generating IMRPhenomD from 30.0 Hz
2026-09-08T16:03:23.301+01:00 INFO : Decompressing waveform using inline_linear
2026-09-08T16:03:23.306+01:00 INFO : Filtering template 311/384 segment 1/5
2026-09-08T16:03:23.346+01:00 INFO : Filtering template 311/384 segment 2/5
2026-09-08T16:03:23.383+01:00 INFO : 1 points above threshold
2026-09-08T16:03:23.396+01:00 INFO : Filtering template 311/384 segment 3/5
2026-09-08T16:03:23.432+01:00 INFO : Filtering template 311/384 segment 4/5
2026-09-08T16:03:23.469+01:00 INFO : 1 points above threshold
2026-09-08T16:03:23.475+01:00 INFO : Filtering template 311/384 segment 5/5
2026-09-08T16:03:23.512+01:00 INFO : 4 points above threshold
2026-09-08T16:03:23.522+01:00 INFO : 311: generating IMRPhenomD from 30.0 Hz
2026-09-08T16:03:23.524+01:00 INFO : Decompressing waveform using inline_linear
2026-09-08T16:03:23.529+01:00 INFO : Filtering template 312/384 segment 1/5
2026-09-08T16:03:23.569+01:00 INFO : 3 points above threshold
2026-09-08T16:03:23.586+01:00 INFO : Filtering template 312/384 segment 2/5
2026-09-08T16:03:23.622+01:00 INFO : Filtering template 312/384 segment 3/5
2026-09-08T16:03:23.659+01:00 INFO : 1 points above threshold
2026-09-08T16:03:23.665+01:00 INFO : Filtering template 312/384 segment 4/5
2026-09-08T16:03:23.702+01:00 INFO : Filtering template 312/384 segment 5/5
2026-09-08T16:03:23.739+01:00 INFO : 312: generating IMRPhenomD from 30.0 Hz
2026-09-08T16:03:23.742+01:00 INFO : Decompressing waveform using inline_linear
2026-09-08T16:03:23.747+01:00 INFO : Filtering template 313/384 segment 1/5
2026-09-08T16:03:23.787+01:00 INFO : Filtering template 313/384 segment 2/5
2026-09-08T16:03:23.824+01:00 INFO : 1 points above threshold
2026-09-08T16:03:23.836+01:00 INFO : Filtering template 313/384 segment 3/5
2026-09-08T16:03:23.873+01:00 INFO : Filtering template 313/384 segment 4/5
2026-09-08T16:03:23.911+01:00 INFO : 2 points above threshold
2026-09-08T16:03:23.918+01:00 INFO : Filtering template 313/384 segment 5/5
2026-09-08T16:03:23.955+01:00 INFO : 1 points above threshold
2026-09-08T16:03:23.961+01:00 INFO : 313: generating IMRPhenomD from 30.0 Hz
2026-09-08T16:03:23.964+01:00 INFO : Decompressing waveform using inline_linear
2026-09-08T16:03:23.969+01:00 INFO : Filtering template 314/384 segment 1/5
2026-09-08T16:03:24.009+01:00 INFO : 1 points above threshold
2026-09-08T16:03:24.021+01:00 INFO : Filtering template 314/384 segment 2/5
2026-09-08T16:03:24.058+01:00 INFO : Filtering template 314/384 segment 3/5
2026-09-08T16:03:24.095+01:00 INFO : 2 points above threshold
2026-09-08T16:03:24.103+01:00 INFO : Filtering template 314/384 segment 4/5
2026-09-08T16:03:24.140+01:00 INFO : Filtering template 314/384 segment 5/5
2026-09-08T16:03:24.177+01:00 INFO : 2 points above threshold
2026-09-08T16:03:24.186+01:00 INFO : 314: generating IMRPhenomD from 30.0 Hz
2026-09-08T16:03:24.188+01:00 INFO : Decompressing waveform using inline_linear
2026-09-08T16:03:24.193+01:00 INFO : Filtering template 315/384 segment 1/5
2026-09-08T16:03:24.233+01:00 INFO : 1 points above threshold
2026-09-08T16:03:24.246+01:00 INFO : Filtering template 315/384 segment 2/5
2026-09-08T16:03:24.282+01:00 INFO : 1 points above threshold
2026-09-08T16:03:24.288+01:00 INFO : Filtering template 315/384 segment 3/5
2026-09-08T16:03:24.326+01:00 INFO : 1 points above threshold
2026-09-08T16:03:24.332+01:00 INFO : Filtering template 315/384 segment 4/5
2026-09-08T16:03:24.368+01:00 INFO : Filtering template 315/384 segment 5/5
2026-09-08T16:03:24.406+01:00 INFO : 315: generating IMRPhenomD from 30.0 Hz
2026-09-08T16:03:24.408+01:00 INFO : Decompressing waveform using inline_linear
2026-09-08T16:03:24.413+01:00 INFO : Filtering template 316/384 segment 1/5
2026-09-08T16:03:24.453+01:00 INFO : Filtering template 316/384 segment 2/5
2026-09-08T16:03:24.490+01:00 INFO : Filtering template 316/384 segment 3/5
2026-09-08T16:03:24.527+01:00 INFO : Filtering template 316/384 segment 4/5
2026-09-08T16:03:24.564+01:00 INFO : 3 points above threshold
2026-09-08T16:03:24.580+01:00 INFO : Filtering template 316/384 segment 5/5
2026-09-08T16:03:24.618+01:00 INFO : 316: generating IMRPhenomD from 30.0 Hz
2026-09-08T16:03:24.621+01:00 INFO : Decompressing waveform using inline_linear
2026-09-08T16:03:24.626+01:00 INFO : Filtering template 317/384 segment 1/5
2026-09-08T16:03:24.666+01:00 INFO : Filtering template 317/384 segment 2/5
2026-09-08T16:03:24.703+01:00 INFO : Filtering template 317/384 segment 3/5
2026-09-08T16:03:24.740+01:00 INFO : 1 points above threshold
2026-09-08T16:03:24.752+01:00 INFO : Filtering template 317/384 segment 4/5
2026-09-08T16:03:24.791+01:00 INFO : Filtering template 317/384 segment 5/5
2026-09-08T16:03:24.828+01:00 INFO : 2 points above threshold
2026-09-08T16:03:24.837+01:00 INFO : 317: generating IMRPhenomD from 30.0 Hz
2026-09-08T16:03:24.839+01:00 INFO : Decompressing waveform using inline_linear
2026-09-08T16:03:24.844+01:00 INFO : Filtering template 318/384 segment 1/5
2026-09-08T16:03:24.884+01:00 INFO : 3 points above threshold
2026-09-08T16:03:24.900+01:00 INFO : Filtering template 318/384 segment 2/5
2026-09-08T16:03:24.937+01:00 INFO : 2 points above threshold
2026-09-08T16:03:24.945+01:00 INFO : Filtering template 318/384 segment 3/5
2026-09-08T16:03:24.982+01:00 INFO : Filtering template 318/384 segment 4/5
2026-09-08T16:03:25.019+01:00 INFO : 3 points above threshold
2026-09-08T16:03:25.029+01:00 INFO : Filtering template 318/384 segment 5/5
2026-09-08T16:03:25.066+01:00 INFO : 1 points above threshold
2026-09-08T16:03:25.072+01:00 INFO : 318: generating IMRPhenomD from 30.0 Hz
2026-09-08T16:03:25.074+01:00 INFO : Decompressing waveform using inline_linear
2026-09-08T16:03:25.079+01:00 INFO : Filtering template 319/384 segment 1/5
2026-09-08T16:03:25.120+01:00 INFO : 3 points above threshold
2026-09-08T16:03:25.136+01:00 INFO : Filtering template 319/384 segment 2/5
2026-09-08T16:03:25.173+01:00 INFO : 2 points above threshold
2026-09-08T16:03:25.181+01:00 INFO : Filtering template 319/384 segment 3/5
2026-09-08T16:03:25.218+01:00 INFO : 2 points above threshold
2026-09-08T16:03:25.225+01:00 INFO : Filtering template 319/384 segment 4/5
2026-09-08T16:03:25.262+01:00 INFO : Filtering template 319/384 segment 5/5
2026-09-08T16:03:25.299+01:00 INFO : 319: generating IMRPhenomD from 30.0 Hz
2026-09-08T16:03:25.302+01:00 INFO : Decompressing waveform using inline_linear
2026-09-08T16:03:25.307+01:00 INFO : Filtering template 320/384 segment 1/5
2026-09-08T16:03:25.351+01:00 INFO : 2 points above threshold
2026-09-08T16:03:25.366+01:00 INFO : Filtering template 320/384 segment 2/5
2026-09-08T16:03:25.408+01:00 INFO : 1 points above threshold
2026-09-08T16:03:25.414+01:00 INFO : Filtering template 320/384 segment 3/5
2026-09-08T16:03:25.452+01:00 INFO : 2 points above threshold
2026-09-08T16:03:25.460+01:00 INFO : Filtering template 320/384 segment 4/5
2026-09-08T16:03:25.497+01:00 INFO : Filtering template 320/384 segment 5/5
2026-09-08T16:03:25.534+01:00 INFO : 2 points above threshold
2026-09-08T16:03:25.542+01:00 INFO : 320: generating IMRPhenomD from 30.0 Hz
2026-09-08T16:03:25.544+01:00 INFO : Decompressing waveform using inline_linear
2026-09-08T16:03:25.549+01:00 INFO : Filtering template 321/384 segment 1/5
2026-09-08T16:03:25.589+01:00 INFO : Filtering template 321/384 segment 2/5
2026-09-08T16:03:25.626+01:00 INFO : Filtering template 321/384 segment 3/5
2026-09-08T16:03:25.663+01:00 INFO : 1 points above threshold
2026-09-08T16:03:25.676+01:00 INFO : Filtering template 321/384 segment 4/5
2026-09-08T16:03:25.713+01:00 INFO : Filtering template 321/384 segment 5/5
2026-09-08T16:03:25.751+01:00 INFO : 321: generating IMRPhenomD from 30.0 Hz
2026-09-08T16:03:25.753+01:00 INFO : Decompressing waveform using inline_linear
2026-09-08T16:03:25.758+01:00 INFO : Filtering template 322/384 segment 1/5
2026-09-08T16:03:25.798+01:00 INFO : Filtering template 322/384 segment 2/5
2026-09-08T16:03:25.835+01:00 INFO : 3 points above threshold
2026-09-08T16:03:25.851+01:00 INFO : Filtering template 322/384 segment 3/5
2026-09-08T16:03:25.888+01:00 INFO : 1 points above threshold
2026-09-08T16:03:25.894+01:00 INFO : Filtering template 322/384 segment 4/5
2026-09-08T16:03:25.931+01:00 INFO : 1 points above threshold
2026-09-08T16:03:25.937+01:00 INFO : Filtering template 322/384 segment 5/5
2026-09-08T16:03:25.974+01:00 INFO : 1 points above threshold
2026-09-08T16:03:25.980+01:00 INFO : 322: generating IMRPhenomD from 30.0 Hz
2026-09-08T16:03:25.983+01:00 INFO : Decompressing waveform using inline_linear
2026-09-08T16:03:25.988+01:00 INFO : Filtering template 323/384 segment 1/5
2026-09-08T16:03:26.028+01:00 INFO : Filtering template 323/384 segment 2/5
2026-09-08T16:03:26.065+01:00 INFO : 2 points above threshold
2026-09-08T16:03:26.079+01:00 INFO : Filtering template 323/384 segment 3/5
2026-09-08T16:03:26.116+01:00 INFO : 2 points above threshold
2026-09-08T16:03:26.124+01:00 INFO : Filtering template 323/384 segment 4/5
2026-09-08T16:03:26.161+01:00 INFO : Filtering template 323/384 segment 5/5
2026-09-08T16:03:26.197+01:00 INFO : 1 points above threshold
2026-09-08T16:03:26.204+01:00 INFO : 323: generating IMRPhenomD from 30.0 Hz
2026-09-08T16:03:26.206+01:00 INFO : Decompressing waveform using inline_linear
2026-09-08T16:03:26.211+01:00 INFO : Filtering template 324/384 segment 1/5
2026-09-08T16:03:26.251+01:00 INFO : Filtering template 324/384 segment 2/5
2026-09-08T16:03:26.288+01:00 INFO : Filtering template 324/384 segment 3/5
2026-09-08T16:03:26.325+01:00 INFO : 1 points above threshold
2026-09-08T16:03:26.337+01:00 INFO : Filtering template 324/384 segment 4/5
2026-09-08T16:03:26.374+01:00 INFO : Filtering template 324/384 segment 5/5
2026-09-08T16:03:26.411+01:00 INFO : 4 points above threshold
2026-09-08T16:03:26.421+01:00 INFO : 324: generating IMRPhenomD from 30.0 Hz
2026-09-08T16:03:26.423+01:00 INFO : Decompressing waveform using inline_linear
2026-09-08T16:03:26.428+01:00 INFO : Filtering template 325/384 segment 1/5
2026-09-08T16:03:26.468+01:00 INFO : 2 points above threshold
2026-09-08T16:03:26.482+01:00 INFO : Filtering template 325/384 segment 2/5
2026-09-08T16:03:26.519+01:00 INFO : 3 points above threshold
2026-09-08T16:03:26.529+01:00 INFO : Filtering template 325/384 segment 3/5
2026-09-08T16:03:26.566+01:00 INFO : 2 points above threshold
2026-09-08T16:03:26.574+01:00 INFO : Filtering template 325/384 segment 4/5
2026-09-08T16:03:26.611+01:00 INFO : 1 points above threshold
2026-09-08T16:03:26.617+01:00 INFO : Filtering template 325/384 segment 5/5
2026-09-08T16:03:26.653+01:00 INFO : 1 points above threshold
2026-09-08T16:03:26.660+01:00 INFO : 325: generating IMRPhenomD from 30.0 Hz
2026-09-08T16:03:26.662+01:00 INFO : Decompressing waveform using inline_linear
2026-09-08T16:03:26.667+01:00 INFO : Filtering template 326/384 segment 1/5
2026-09-08T16:03:26.707+01:00 INFO : 2 points above threshold
2026-09-08T16:03:26.721+01:00 INFO : Filtering template 326/384 segment 2/5
2026-09-08T16:03:26.758+01:00 INFO : 2 points above threshold
2026-09-08T16:03:26.766+01:00 INFO : Filtering template 326/384 segment 3/5
2026-09-08T16:03:26.803+01:00 INFO : Filtering template 326/384 segment 4/5
2026-09-08T16:03:26.840+01:00 INFO : Filtering template 326/384 segment 5/5
2026-09-08T16:03:26.877+01:00 INFO : 2 points above threshold
2026-09-08T16:03:26.885+01:00 INFO : 326: generating IMRPhenomD from 30.0 Hz
2026-09-08T16:03:26.887+01:00 INFO : Decompressing waveform using inline_linear
2026-09-08T16:03:26.892+01:00 INFO : Filtering template 327/384 segment 1/5
2026-09-08T16:03:26.932+01:00 INFO : 2 points above threshold
2026-09-08T16:03:26.946+01:00 INFO : Filtering template 327/384 segment 2/5
2026-09-08T16:03:26.983+01:00 INFO : 1 points above threshold
2026-09-08T16:03:26.989+01:00 INFO : Filtering template 327/384 segment 3/5
2026-09-08T16:03:27.026+01:00 INFO : 3 points above threshold
2026-09-08T16:03:27.036+01:00 INFO : Filtering template 327/384 segment 4/5
2026-09-08T16:03:27.073+01:00 INFO : 2 points above threshold
2026-09-08T16:03:27.080+01:00 INFO : Filtering template 327/384 segment 5/5
2026-09-08T16:03:27.117+01:00 INFO : 1 points above threshold
2026-09-08T16:03:27.123+01:00 INFO : 327: generating IMRPhenomD from 30.0 Hz
2026-09-08T16:03:27.126+01:00 INFO : Decompressing waveform using inline_linear
2026-09-08T16:03:27.131+01:00 INFO : Filtering template 328/384 segment 1/5
2026-09-08T16:03:27.171+01:00 INFO : 1 points above threshold
2026-09-08T16:03:27.187+01:00 INFO : Filtering template 328/384 segment 2/5
2026-09-08T16:03:27.224+01:00 INFO : 1 points above threshold
2026-09-08T16:03:27.230+01:00 INFO : Filtering template 328/384 segment 3/5
2026-09-08T16:03:27.267+01:00 INFO : 4 points above threshold
2026-09-08T16:03:27.276+01:00 INFO : Filtering template 328/384 segment 4/5
2026-09-08T16:03:27.313+01:00 INFO : 1 points above threshold
2026-09-08T16:03:27.319+01:00 INFO : Filtering template 328/384 segment 5/5
2026-09-08T16:03:27.356+01:00 INFO : 2 points above threshold
2026-09-08T16:03:27.364+01:00 INFO : 328: generating IMRPhenomD from 30.0 Hz
2026-09-08T16:03:27.366+01:00 INFO : Decompressing waveform using inline_linear
2026-09-08T16:03:27.371+01:00 INFO : Filtering template 329/384 segment 1/5
2026-09-08T16:03:27.412+01:00 INFO : Filtering template 329/384 segment 2/5
2026-09-08T16:03:27.449+01:00 INFO : Filtering template 329/384 segment 3/5
2026-09-08T16:03:27.485+01:00 INFO : 2 points above threshold
2026-09-08T16:03:27.499+01:00 INFO : Filtering template 329/384 segment 4/5
2026-09-08T16:03:27.537+01:00 INFO : 1 points above threshold
2026-09-08T16:03:27.543+01:00 INFO : Filtering template 329/384 segment 5/5
2026-09-08T16:03:27.580+01:00 INFO : 2 points above threshold
2026-09-08T16:03:27.588+01:00 INFO : 329: generating IMRPhenomD from 30.0 Hz
2026-09-08T16:03:27.590+01:00 INFO : Decompressing waveform using inline_linear
2026-09-08T16:03:27.595+01:00 INFO : Filtering template 330/384 segment 1/5
2026-09-08T16:03:27.635+01:00 INFO : 1 points above threshold
2026-09-08T16:03:27.647+01:00 INFO : Filtering template 330/384 segment 2/5
2026-09-08T16:03:27.684+01:00 INFO : 2 points above threshold
2026-09-08T16:03:27.692+01:00 INFO : Filtering template 330/384 segment 3/5
2026-09-08T16:03:27.729+01:00 INFO : 2 points above threshold
2026-09-08T16:03:27.737+01:00 INFO : Filtering template 330/384 segment 4/5
2026-09-08T16:03:27.774+01:00 INFO : 1 points above threshold
2026-09-08T16:03:27.780+01:00 INFO : Filtering template 330/384 segment 5/5
2026-09-08T16:03:27.817+01:00 INFO : 330: generating IMRPhenomD from 30.0 Hz
2026-09-08T16:03:27.820+01:00 INFO : Decompressing waveform using inline_linear
2026-09-08T16:03:27.825+01:00 INFO : Filtering template 331/384 segment 1/5
2026-09-08T16:03:27.865+01:00 INFO : 2 points above threshold
2026-09-08T16:03:27.881+01:00 INFO : Filtering template 331/384 segment 2/5
2026-09-08T16:03:27.918+01:00 INFO : 1 points above threshold
2026-09-08T16:03:27.924+01:00 INFO : Filtering template 331/384 segment 3/5
2026-09-08T16:03:27.961+01:00 INFO : 3 points above threshold
2026-09-08T16:03:27.971+01:00 INFO : Filtering template 331/384 segment 4/5
2026-09-08T16:03:28.008+01:00 INFO : 4 points above threshold
2026-09-08T16:03:28.017+01:00 INFO : Filtering template 331/384 segment 5/5
2026-09-08T16:03:28.055+01:00 INFO : 331: generating IMRPhenomD from 30.0 Hz
2026-09-08T16:03:28.057+01:00 INFO : Decompressing waveform using inline_linear
2026-09-08T16:03:28.062+01:00 INFO : Filtering template 332/384 segment 1/5
2026-09-08T16:03:28.103+01:00 INFO : 2 points above threshold
2026-09-08T16:03:28.120+01:00 INFO : Filtering template 332/384 segment 2/5
2026-09-08T16:03:28.157+01:00 INFO : Filtering template 332/384 segment 3/5
2026-09-08T16:03:28.194+01:00 INFO : 1 points above threshold
2026-09-08T16:03:28.200+01:00 INFO : Filtering template 332/384 segment 4/5
2026-09-08T16:03:28.237+01:00 INFO : Filtering template 332/384 segment 5/5
2026-09-08T16:03:28.274+01:00 INFO : 1 points above threshold
2026-09-08T16:03:28.280+01:00 INFO : 332: generating IMRPhenomD from 30.0 Hz
2026-09-08T16:03:28.283+01:00 INFO : Decompressing waveform using inline_linear
2026-09-08T16:03:28.288+01:00 INFO : Filtering template 333/384 segment 1/5
2026-09-08T16:03:28.328+01:00 INFO : 2 points above threshold
2026-09-08T16:03:28.345+01:00 INFO : Filtering template 333/384 segment 2/5
2026-09-08T16:03:28.381+01:00 INFO : Filtering template 333/384 segment 3/5
2026-09-08T16:03:28.418+01:00 INFO : 1 points above threshold
2026-09-08T16:03:28.424+01:00 INFO : Filtering template 333/384 segment 4/5
2026-09-08T16:03:28.461+01:00 INFO : 1 points above threshold
2026-09-08T16:03:28.467+01:00 INFO : Filtering template 333/384 segment 5/5
2026-09-08T16:03:28.504+01:00 INFO : 333: generating IMRPhenomD from 30.0 Hz
2026-09-08T16:03:28.507+01:00 INFO : Decompressing waveform using inline_linear
2026-09-08T16:03:28.512+01:00 INFO : Filtering template 334/384 segment 1/5
2026-09-08T16:03:28.552+01:00 INFO : 3 points above threshold
2026-09-08T16:03:28.571+01:00 INFO : Filtering template 334/384 segment 2/5
2026-09-08T16:03:28.608+01:00 INFO : Filtering template 334/384 segment 3/5
2026-09-08T16:03:28.645+01:00 INFO : Filtering template 334/384 segment 4/5
2026-09-08T16:03:28.682+01:00 INFO : 2 points above threshold
2026-09-08T16:03:28.690+01:00 INFO : Filtering template 334/384 segment 5/5
2026-09-08T16:03:28.727+01:00 INFO : 334: generating IMRPhenomD from 30.0 Hz
2026-09-08T16:03:28.729+01:00 INFO : Decompressing waveform using inline_linear
2026-09-08T16:03:28.734+01:00 INFO : Filtering template 335/384 segment 1/5
2026-09-08T16:03:28.775+01:00 INFO : 1 points above threshold
2026-09-08T16:03:28.789+01:00 INFO : Filtering template 335/384 segment 2/5
2026-09-08T16:03:28.826+01:00 INFO : Filtering template 335/384 segment 3/5
2026-09-08T16:03:28.863+01:00 INFO : 3 points above threshold
2026-09-08T16:03:28.873+01:00 INFO : Filtering template 335/384 segment 4/5
2026-09-08T16:03:28.910+01:00 INFO : Filtering template 335/384 segment 5/5
2026-09-08T16:03:28.947+01:00 INFO : 1 points above threshold
2026-09-08T16:03:28.954+01:00 INFO : 335: generating IMRPhenomD from 30.0 Hz
2026-09-08T16:03:28.956+01:00 INFO : Decompressing waveform using inline_linear
2026-09-08T16:03:28.961+01:00 INFO : Filtering template 336/384 segment 1/5
2026-09-08T16:03:29.001+01:00 INFO : 3 points above threshold
2026-09-08T16:03:29.018+01:00 INFO : Filtering template 336/384 segment 2/5
2026-09-08T16:03:29.054+01:00 INFO : Filtering template 336/384 segment 3/5
2026-09-08T16:03:29.091+01:00 INFO : Filtering template 336/384 segment 4/5
2026-09-08T16:03:29.128+01:00 INFO : 1 points above threshold
2026-09-08T16:03:29.134+01:00 INFO : Filtering template 336/384 segment 5/5
2026-09-08T16:03:29.171+01:00 INFO : 336: generating IMRPhenomD from 30.0 Hz
2026-09-08T16:03:29.174+01:00 INFO : Decompressing waveform using inline_linear
2026-09-08T16:03:29.179+01:00 INFO : Filtering template 337/384 segment 1/5
2026-09-08T16:03:29.219+01:00 INFO : Filtering template 337/384 segment 2/5
2026-09-08T16:03:29.256+01:00 INFO : 1 points above threshold
2026-09-08T16:03:29.268+01:00 INFO : Filtering template 337/384 segment 3/5
2026-09-08T16:03:29.305+01:00 INFO : Filtering template 337/384 segment 4/5
2026-09-08T16:03:29.342+01:00 INFO : 2 points above threshold
2026-09-08T16:03:29.349+01:00 INFO : Filtering template 337/384 segment 5/5
2026-09-08T16:03:29.387+01:00 INFO : 337: generating IMRPhenomD from 30.0 Hz
2026-09-08T16:03:29.389+01:00 INFO : Decompressing waveform using inline_linear
2026-09-08T16:03:29.394+01:00 INFO : Filtering template 338/384 segment 1/5
2026-09-08T16:03:29.434+01:00 INFO : 1 points above threshold
2026-09-08T16:03:29.446+01:00 INFO : Filtering template 338/384 segment 2/5
2026-09-08T16:03:29.483+01:00 INFO : 2 points above threshold
2026-09-08T16:03:29.491+01:00 INFO : Filtering template 338/384 segment 3/5
2026-09-08T16:03:29.528+01:00 INFO : 1 points above threshold
2026-09-08T16:03:29.534+01:00 INFO : Filtering template 338/384 segment 4/5
2026-09-08T16:03:29.571+01:00 INFO : Filtering template 338/384 segment 5/5
2026-09-08T16:03:29.608+01:00 INFO : 2 points above threshold
2026-09-08T16:03:29.616+01:00 INFO : 338: generating IMRPhenomD from 30.0 Hz
2026-09-08T16:03:29.618+01:00 INFO : Decompressing waveform using inline_linear
2026-09-08T16:03:29.623+01:00 INFO : Filtering template 339/384 segment 1/5
2026-09-08T16:03:29.664+01:00 INFO : 1 points above threshold
2026-09-08T16:03:29.676+01:00 INFO : Filtering template 339/384 segment 2/5
2026-09-08T16:03:29.713+01:00 INFO : 1 points above threshold
2026-09-08T16:03:29.719+01:00 INFO : Filtering template 339/384 segment 3/5
2026-09-08T16:03:29.756+01:00 INFO : 1 points above threshold
2026-09-08T16:03:29.762+01:00 INFO : Filtering template 339/384 segment 4/5
2026-09-08T16:03:29.799+01:00 INFO : Filtering template 339/384 segment 5/5
2026-09-08T16:03:29.836+01:00 INFO : 2 points above threshold
2026-09-08T16:03:29.844+01:00 INFO : 339: generating IMRPhenomD from 30.0 Hz
2026-09-08T16:03:29.846+01:00 INFO : Decompressing waveform using inline_linear
2026-09-08T16:03:29.851+01:00 INFO : Filtering template 340/384 segment 1/5
2026-09-08T16:03:29.891+01:00 INFO : 1 points above threshold
2026-09-08T16:03:29.904+01:00 INFO : Filtering template 340/384 segment 2/5
2026-09-08T16:03:29.941+01:00 INFO : Filtering template 340/384 segment 3/5
2026-09-08T16:03:29.978+01:00 INFO : Filtering template 340/384 segment 4/5
2026-09-08T16:03:30.015+01:00 INFO : Filtering template 340/384 segment 5/5
2026-09-08T16:03:30.052+01:00 INFO : 1 points above threshold
2026-09-08T16:03:30.058+01:00 INFO : 340: generating IMRPhenomD from 30.0 Hz
2026-09-08T16:03:30.060+01:00 INFO : Decompressing waveform using inline_linear
2026-09-08T16:03:30.065+01:00 INFO : Filtering template 341/384 segment 1/5
2026-09-08T16:03:30.105+01:00 INFO : 2 points above threshold
2026-09-08T16:03:30.120+01:00 INFO : Filtering template 341/384 segment 2/5
2026-09-08T16:03:30.157+01:00 INFO : 1 points above threshold
2026-09-08T16:03:30.163+01:00 INFO : Filtering template 341/384 segment 3/5
2026-09-08T16:03:30.200+01:00 INFO : 2 points above threshold
2026-09-08T16:03:30.208+01:00 INFO : Filtering template 341/384 segment 4/5
2026-09-08T16:03:30.245+01:00 INFO : 1 points above threshold
2026-09-08T16:03:30.251+01:00 INFO : Filtering template 341/384 segment 5/5
2026-09-08T16:03:30.288+01:00 INFO : 2 points above threshold
2026-09-08T16:03:30.296+01:00 INFO : 341: generating IMRPhenomD from 30.0 Hz
2026-09-08T16:03:30.299+01:00 INFO : Decompressing waveform using inline_linear
2026-09-08T16:03:30.304+01:00 INFO : Filtering template 342/384 segment 1/5
2026-09-08T16:03:30.344+01:00 INFO : 2 points above threshold
2026-09-08T16:03:30.359+01:00 INFO : Filtering template 342/384 segment 2/5
2026-09-08T16:03:30.396+01:00 INFO : 2 points above threshold
2026-09-08T16:03:30.404+01:00 INFO : Filtering template 342/384 segment 3/5
2026-09-08T16:03:30.442+01:00 INFO : 1 points above threshold
2026-09-08T16:03:30.448+01:00 INFO : Filtering template 342/384 segment 4/5
2026-09-08T16:03:30.487+01:00 INFO : 2 points above threshold
2026-09-08T16:03:30.496+01:00 INFO : Filtering template 342/384 segment 5/5
2026-09-08T16:03:30.534+01:00 INFO : 1 points above threshold
2026-09-08T16:03:30.540+01:00 INFO : 342: generating IMRPhenomD from 30.0 Hz
2026-09-08T16:03:30.542+01:00 INFO : Decompressing waveform using inline_linear
2026-09-08T16:03:30.547+01:00 INFO : Filtering template 343/384 segment 1/5
2026-09-08T16:03:30.588+01:00 INFO : Filtering template 343/384 segment 2/5
2026-09-08T16:03:30.624+01:00 INFO : 1 points above threshold
2026-09-08T16:03:30.637+01:00 INFO : Filtering template 343/384 segment 3/5
2026-09-08T16:03:30.673+01:00 INFO : Filtering template 343/384 segment 4/5
2026-09-08T16:03:30.710+01:00 INFO : Filtering template 343/384 segment 5/5
2026-09-08T16:03:30.748+01:00 INFO : 343: generating IMRPhenomD from 30.0 Hz
2026-09-08T16:03:30.750+01:00 INFO : Decompressing waveform using inline_linear
2026-09-08T16:03:30.755+01:00 INFO : Filtering template 344/384 segment 1/5
2026-09-08T16:03:30.796+01:00 INFO : 1 points above threshold
2026-09-08T16:03:30.808+01:00 INFO : Filtering template 344/384 segment 2/5
2026-09-08T16:03:30.845+01:00 INFO : 1 points above threshold
2026-09-08T16:03:30.851+01:00 INFO : Filtering template 344/384 segment 3/5
2026-09-08T16:03:30.888+01:00 INFO : 1 points above threshold
2026-09-08T16:03:30.894+01:00 INFO : Filtering template 344/384 segment 4/5
2026-09-08T16:03:30.930+01:00 INFO : 1 points above threshold
2026-09-08T16:03:30.936+01:00 INFO : Filtering template 344/384 segment 5/5
2026-09-08T16:03:30.973+01:00 INFO : 1 points above threshold
2026-09-08T16:03:30.980+01:00 INFO : 344: generating IMRPhenomD from 30.0 Hz
2026-09-08T16:03:30.982+01:00 INFO : Decompressing waveform using inline_linear
2026-09-08T16:03:30.987+01:00 INFO : Filtering template 345/384 segment 1/5
2026-09-08T16:03:31.027+01:00 INFO : 1 points above threshold
2026-09-08T16:03:31.043+01:00 INFO : Filtering template 345/384 segment 2/5
2026-09-08T16:03:31.079+01:00 INFO : 2 points above threshold
2026-09-08T16:03:31.087+01:00 INFO : Filtering template 345/384 segment 3/5
2026-09-08T16:03:31.124+01:00 INFO : 4 points above threshold
2026-09-08T16:03:31.134+01:00 INFO : Filtering template 345/384 segment 4/5
2026-09-08T16:03:31.170+01:00 INFO : 1 points above threshold
2026-09-08T16:03:31.176+01:00 INFO : Filtering template 345/384 segment 5/5
2026-09-08T16:03:31.213+01:00 INFO : 1 points above threshold
2026-09-08T16:03:31.220+01:00 INFO : 345: generating IMRPhenomD from 30.0 Hz
2026-09-08T16:03:31.222+01:00 INFO : Decompressing waveform using inline_linear
2026-09-08T16:03:31.227+01:00 INFO : Filtering template 346/384 segment 1/5
2026-09-08T16:03:31.267+01:00 INFO : 1 points above threshold
2026-09-08T16:03:31.279+01:00 INFO : Filtering template 346/384 segment 2/5
2026-09-08T16:03:31.316+01:00 INFO : Filtering template 346/384 segment 3/5
2026-09-08T16:03:31.353+01:00 INFO : 1 points above threshold
2026-09-08T16:03:31.359+01:00 INFO : Filtering template 346/384 segment 4/5
2026-09-08T16:03:31.396+01:00 INFO : 3 points above threshold
2026-09-08T16:03:31.406+01:00 INFO : Filtering template 346/384 segment 5/5
2026-09-08T16:03:31.442+01:00 INFO : 1 points above threshold
2026-09-08T16:03:31.452+01:00 INFO : 346: generating IMRPhenomD from 30.0 Hz
2026-09-08T16:03:31.454+01:00 INFO : Decompressing waveform using inline_linear
2026-09-08T16:03:31.459+01:00 INFO : Filtering template 347/384 segment 1/5
2026-09-08T16:03:31.499+01:00 INFO : 2 points above threshold
2026-09-08T16:03:31.513+01:00 INFO : Filtering template 347/384 segment 2/5
2026-09-08T16:03:31.550+01:00 INFO : Filtering template 347/384 segment 3/5
2026-09-08T16:03:31.586+01:00 INFO : 2 points above threshold
2026-09-08T16:03:31.594+01:00 INFO : Filtering template 347/384 segment 4/5
2026-09-08T16:03:31.631+01:00 INFO : 4 points above threshold
2026-09-08T16:03:31.640+01:00 INFO : Filtering template 347/384 segment 5/5
2026-09-08T16:03:31.677+01:00 INFO : 347: generating IMRPhenomD from 30.0 Hz
2026-09-08T16:03:31.680+01:00 INFO : Decompressing waveform using inline_linear
2026-09-08T16:03:31.685+01:00 INFO : Filtering template 348/384 segment 1/5
2026-09-08T16:03:31.725+01:00 INFO : 2 points above threshold
2026-09-08T16:03:31.739+01:00 INFO : Filtering template 348/384 segment 2/5
2026-09-08T16:03:31.776+01:00 INFO : Filtering template 348/384 segment 3/5
2026-09-08T16:03:31.812+01:00 INFO : 3 points above threshold
2026-09-08T16:03:31.822+01:00 INFO : Filtering template 348/384 segment 4/5
2026-09-08T16:03:31.859+01:00 INFO : 4 points above threshold
2026-09-08T16:03:31.869+01:00 INFO : Filtering template 348/384 segment 5/5
2026-09-08T16:03:31.906+01:00 INFO : 348: generating IMRPhenomD from 30.0 Hz
2026-09-08T16:03:31.908+01:00 INFO : Decompressing waveform using inline_linear
2026-09-08T16:03:31.913+01:00 INFO : Filtering template 349/384 segment 1/5
2026-09-08T16:03:31.953+01:00 INFO : 2 points above threshold
2026-09-08T16:03:31.968+01:00 INFO : Filtering template 349/384 segment 2/5
2026-09-08T16:03:32.005+01:00 INFO : 1 points above threshold
2026-09-08T16:03:32.011+01:00 INFO : Filtering template 349/384 segment 3/5
2026-09-08T16:03:32.047+01:00 INFO : Filtering template 349/384 segment 4/5
2026-09-08T16:03:32.084+01:00 INFO : 5 points above threshold
2026-09-08T16:03:32.097+01:00 INFO : Filtering template 349/384 segment 5/5
2026-09-08T16:03:32.133+01:00 INFO : 1 points above threshold
2026-09-08T16:03:32.140+01:00 INFO : 349: generating IMRPhenomD from 30.0 Hz
2026-09-08T16:03:32.142+01:00 INFO : Decompressing waveform using inline_linear
2026-09-08T16:03:32.147+01:00 INFO : Filtering template 350/384 segment 1/5
2026-09-08T16:03:32.187+01:00 INFO : 2 points above threshold
2026-09-08T16:03:32.201+01:00 INFO : Filtering template 350/384 segment 2/5
2026-09-08T16:03:32.238+01:00 INFO : 1 points above threshold
2026-09-08T16:03:32.244+01:00 INFO : Filtering template 350/384 segment 3/5
2026-09-08T16:03:32.281+01:00 INFO : 1 points above threshold
2026-09-08T16:03:32.287+01:00 INFO : Filtering template 350/384 segment 4/5
2026-09-08T16:03:32.324+01:00 INFO : Filtering template 350/384 segment 5/5
2026-09-08T16:03:32.361+01:00 INFO : 5 points above threshold
2026-09-08T16:03:32.374+01:00 INFO : 350: generating IMRPhenomD from 30.0 Hz
2026-09-08T16:03:32.376+01:00 INFO : Decompressing waveform using inline_linear
2026-09-08T16:03:32.381+01:00 INFO : Filtering template 351/384 segment 1/5
2026-09-08T16:03:32.421+01:00 INFO : 1 points above threshold
2026-09-08T16:03:32.436+01:00 INFO : Filtering template 351/384 segment 2/5
2026-09-08T16:03:32.473+01:00 INFO : Filtering template 351/384 segment 3/5
2026-09-08T16:03:32.510+01:00 INFO : Filtering template 351/384 segment 4/5
2026-09-08T16:03:32.547+01:00 INFO : 2 points above threshold
2026-09-08T16:03:32.555+01:00 INFO : Filtering template 351/384 segment 5/5
2026-09-08T16:03:32.592+01:00 INFO : 351: generating IMRPhenomD from 30.0 Hz
2026-09-08T16:03:32.594+01:00 INFO : Decompressing waveform using inline_linear
2026-09-08T16:03:32.599+01:00 INFO : Filtering template 352/384 segment 1/5
2026-09-08T16:03:32.639+01:00 INFO : Filtering template 352/384 segment 2/5
2026-09-08T16:03:32.676+01:00 INFO : Filtering template 352/384 segment 3/5
2026-09-08T16:03:32.713+01:00 INFO : Filtering template 352/384 segment 4/5
2026-09-08T16:03:32.750+01:00 INFO : 1 points above threshold
2026-09-08T16:03:32.762+01:00 INFO : Filtering template 352/384 segment 5/5
2026-09-08T16:03:32.799+01:00 INFO : 1 points above threshold
2026-09-08T16:03:32.805+01:00 INFO : 352: generating IMRPhenomD from 30.0 Hz
2026-09-08T16:03:32.807+01:00 INFO : Decompressing waveform using inline_linear
2026-09-08T16:03:32.812+01:00 INFO : Filtering template 353/384 segment 1/5
2026-09-08T16:03:32.852+01:00 INFO : 1 points above threshold
2026-09-08T16:03:32.865+01:00 INFO : Filtering template 353/384 segment 2/5
2026-09-08T16:03:32.902+01:00 INFO : 2 points above threshold
2026-09-08T16:03:32.910+01:00 INFO : Filtering template 353/384 segment 3/5
2026-09-08T16:03:32.947+01:00 INFO : 2 points above threshold
2026-09-08T16:03:32.954+01:00 INFO : Filtering template 353/384 segment 4/5
2026-09-08T16:03:32.991+01:00 INFO : 1 points above threshold
2026-09-08T16:03:32.997+01:00 INFO : Filtering template 353/384 segment 5/5
2026-09-08T16:03:33.035+01:00 INFO : 353: generating IMRPhenomD from 30.0 Hz
2026-09-08T16:03:33.037+01:00 INFO : Decompressing waveform using inline_linear
2026-09-08T16:03:33.042+01:00 INFO : Filtering template 354/384 segment 1/5
2026-09-08T16:03:33.082+01:00 INFO : 4 points above threshold
2026-09-08T16:03:33.098+01:00 INFO : Filtering template 354/384 segment 2/5
2026-09-08T16:03:33.135+01:00 INFO : 1 points above threshold
2026-09-08T16:03:33.141+01:00 INFO : Filtering template 354/384 segment 3/5
2026-09-08T16:03:33.177+01:00 INFO : Filtering template 354/384 segment 4/5
2026-09-08T16:03:33.214+01:00 INFO : Filtering template 354/384 segment 5/5
2026-09-08T16:03:33.251+01:00 INFO : 1 points above threshold
2026-09-08T16:03:33.257+01:00 INFO : 354: generating IMRPhenomD from 30.0 Hz
2026-09-08T16:03:33.260+01:00 INFO : Decompressing waveform using inline_linear
2026-09-08T16:03:33.265+01:00 INFO : Filtering template 355/384 segment 1/5
2026-09-08T16:03:33.305+01:00 INFO : Filtering template 355/384 segment 2/5
2026-09-08T16:03:33.342+01:00 INFO : Filtering template 355/384 segment 3/5
2026-09-08T16:03:33.379+01:00 INFO : 1 points above threshold
2026-09-08T16:03:33.391+01:00 INFO : Filtering template 355/384 segment 4/5
2026-09-08T16:03:33.428+01:00 INFO : Filtering template 355/384 segment 5/5
2026-09-08T16:03:33.465+01:00 INFO : 2 points above threshold
2026-09-08T16:03:33.473+01:00 INFO : 355: generating IMRPhenomD from 30.0 Hz
2026-09-08T16:03:33.475+01:00 INFO : Decompressing waveform using inline_linear
2026-09-08T16:03:33.480+01:00 INFO : Filtering template 356/384 segment 1/5
2026-09-08T16:03:33.520+01:00 INFO : 1 points above threshold
2026-09-08T16:03:33.533+01:00 INFO : Filtering template 356/384 segment 2/5
2026-09-08T16:03:33.569+01:00 INFO : 2 points above threshold
2026-09-08T16:03:33.577+01:00 INFO : Filtering template 356/384 segment 3/5
2026-09-08T16:03:33.614+01:00 INFO : 2 points above threshold
2026-09-08T16:03:33.622+01:00 INFO : Filtering template 356/384 segment 4/5
2026-09-08T16:03:33.659+01:00 INFO : 2 points above threshold
2026-09-08T16:03:33.667+01:00 INFO : Filtering template 356/384 segment 5/5
2026-09-08T16:03:33.703+01:00 INFO : 1 points above threshold
2026-09-08T16:03:33.710+01:00 INFO : 356: generating IMRPhenomD from 30.0 Hz
2026-09-08T16:03:33.712+01:00 INFO : Decompressing waveform using inline_linear
2026-09-08T16:03:33.717+01:00 INFO : Filtering template 357/384 segment 1/5
2026-09-08T16:03:33.757+01:00 INFO : 2 points above threshold
2026-09-08T16:03:33.771+01:00 INFO : Filtering template 357/384 segment 2/5
2026-09-08T16:03:33.808+01:00 INFO : Filtering template 357/384 segment 3/5
2026-09-08T16:03:33.845+01:00 INFO : 4 points above threshold
2026-09-08T16:03:33.855+01:00 INFO : Filtering template 357/384 segment 4/5
2026-09-08T16:03:33.891+01:00 INFO : 1 points above threshold
2026-09-08T16:03:33.897+01:00 INFO : Filtering template 357/384 segment 5/5
2026-09-08T16:03:33.935+01:00 INFO : 357: generating IMRPhenomD from 30.0 Hz
2026-09-08T16:03:33.937+01:00 INFO : Decompressing waveform using inline_linear
2026-09-08T16:03:33.942+01:00 INFO : Filtering template 358/384 segment 1/5
2026-09-08T16:03:33.982+01:00 INFO : 2 points above threshold
2026-09-08T16:03:33.996+01:00 INFO : Filtering template 358/384 segment 2/5
2026-09-08T16:03:34.033+01:00 INFO : 2 points above threshold
2026-09-08T16:03:34.041+01:00 INFO : Filtering template 358/384 segment 3/5
2026-09-08T16:03:34.078+01:00 INFO : Filtering template 358/384 segment 4/5
2026-09-08T16:03:34.115+01:00 INFO : 1 points above threshold
2026-09-08T16:03:34.121+01:00 INFO : Filtering template 358/384 segment 5/5
2026-09-08T16:03:34.158+01:00 INFO : 358: generating IMRPhenomD from 30.0 Hz
2026-09-08T16:03:34.160+01:00 INFO : Decompressing waveform using inline_linear
2026-09-08T16:03:34.165+01:00 INFO : Filtering template 359/384 segment 1/5
2026-09-08T16:03:34.205+01:00 INFO : 2 points above threshold
2026-09-08T16:03:34.219+01:00 INFO : Filtering template 359/384 segment 2/5
2026-09-08T16:03:34.256+01:00 INFO : 2 points above threshold
2026-09-08T16:03:34.264+01:00 INFO : Filtering template 359/384 segment 3/5
2026-09-08T16:03:34.301+01:00 INFO : Filtering template 359/384 segment 4/5
2026-09-08T16:03:34.338+01:00 INFO : 1 points above threshold
2026-09-08T16:03:34.344+01:00 INFO : Filtering template 359/384 segment 5/5
2026-09-08T16:03:34.381+01:00 INFO : 2 points above threshold
2026-09-08T16:03:34.389+01:00 INFO : 359: generating IMRPhenomD from 30.0 Hz
2026-09-08T16:03:34.391+01:00 INFO : Decompressing waveform using inline_linear
2026-09-08T16:03:34.396+01:00 INFO : Filtering template 360/384 segment 1/5
2026-09-08T16:03:34.436+01:00 INFO : Filtering template 360/384 segment 2/5
2026-09-08T16:03:34.473+01:00 INFO : Filtering template 360/384 segment 3/5
2026-09-08T16:03:34.510+01:00 INFO : 2 points above threshold
2026-09-08T16:03:34.524+01:00 INFO : Filtering template 360/384 segment 4/5
2026-09-08T16:03:34.561+01:00 INFO : Filtering template 360/384 segment 5/5
2026-09-08T16:03:34.598+01:00 INFO : 2 points above threshold
2026-09-08T16:03:34.606+01:00 INFO : 360: generating IMRPhenomD from 30.0 Hz
2026-09-08T16:03:34.609+01:00 INFO : Decompressing waveform using inline_linear
2026-09-08T16:03:34.613+01:00 INFO : Filtering template 361/384 segment 1/5
2026-09-08T16:03:34.654+01:00 INFO : 1 points above threshold
2026-09-08T16:03:34.666+01:00 INFO : Filtering template 361/384 segment 2/5
2026-09-08T16:03:34.703+01:00 INFO : 1 points above threshold
2026-09-08T16:03:34.709+01:00 INFO : Filtering template 361/384 segment 3/5
2026-09-08T16:03:34.746+01:00 INFO : 1 points above threshold
2026-09-08T16:03:34.752+01:00 INFO : Filtering template 361/384 segment 4/5
2026-09-08T16:03:34.788+01:00 INFO : 1 points above threshold
2026-09-08T16:03:34.795+01:00 INFO : Filtering template 361/384 segment 5/5
2026-09-08T16:03:34.832+01:00 INFO : 361: generating IMRPhenomD from 30.0 Hz
2026-09-08T16:03:34.834+01:00 INFO : Decompressing waveform using inline_linear
2026-09-08T16:03:34.839+01:00 INFO : Filtering template 362/384 segment 1/5
2026-09-08T16:03:34.880+01:00 INFO : 1 points above threshold
2026-09-08T16:03:34.892+01:00 INFO : Filtering template 362/384 segment 2/5
2026-09-08T16:03:34.929+01:00 INFO : 2 points above threshold
2026-09-08T16:03:34.938+01:00 INFO : Filtering template 362/384 segment 3/5
2026-09-08T16:03:34.974+01:00 INFO : 1 points above threshold
2026-09-08T16:03:34.980+01:00 INFO : Filtering template 362/384 segment 4/5
2026-09-08T16:03:35.017+01:00 INFO : Filtering template 362/384 segment 5/5
2026-09-08T16:03:35.054+01:00 INFO : 1 points above threshold
2026-09-08T16:03:35.060+01:00 INFO : 362: generating IMRPhenomD from 30.0 Hz
2026-09-08T16:03:35.063+01:00 INFO : Decompressing waveform using inline_linear
2026-09-08T16:03:35.068+01:00 INFO : Filtering template 363/384 segment 1/5
2026-09-08T16:03:35.108+01:00 INFO : 3 points above threshold
2026-09-08T16:03:35.124+01:00 INFO : Filtering template 363/384 segment 2/5
2026-09-08T16:03:35.161+01:00 INFO : Filtering template 363/384 segment 3/5
2026-09-08T16:03:35.198+01:00 INFO : 1 points above threshold
2026-09-08T16:03:35.204+01:00 INFO : Filtering template 363/384 segment 4/5
2026-09-08T16:03:35.241+01:00 INFO : 1 points above threshold
2026-09-08T16:03:35.247+01:00 INFO : Filtering template 363/384 segment 5/5
2026-09-08T16:03:35.283+01:00 INFO : 1 points above threshold
2026-09-08T16:03:35.290+01:00 INFO : 363: generating IMRPhenomD from 30.0 Hz
2026-09-08T16:03:35.292+01:00 INFO : Decompressing waveform using inline_linear
2026-09-08T16:03:35.297+01:00 INFO : Filtering template 364/384 segment 1/5
2026-09-08T16:03:35.337+01:00 INFO : Filtering template 364/384 segment 2/5
2026-09-08T16:03:35.374+01:00 INFO : 1 points above threshold
2026-09-08T16:03:35.386+01:00 INFO : Filtering template 364/384 segment 3/5
2026-09-08T16:03:35.423+01:00 INFO : Filtering template 364/384 segment 4/5
2026-09-08T16:03:35.460+01:00 INFO : 2 points above threshold
2026-09-08T16:03:35.468+01:00 INFO : Filtering template 364/384 segment 5/5
2026-09-08T16:03:35.505+01:00 INFO : 1 points above threshold
2026-09-08T16:03:35.513+01:00 INFO : 364: generating IMRPhenomD from 30.0 Hz
2026-09-08T16:03:35.516+01:00 INFO : Decompressing waveform using inline_linear
2026-09-08T16:03:35.521+01:00 INFO : Filtering template 365/384 segment 1/5
2026-09-08T16:03:35.564+01:00 INFO : Filtering template 365/384 segment 2/5
2026-09-08T16:03:35.604+01:00 INFO : 2 points above threshold
2026-09-08T16:03:35.619+01:00 INFO : Filtering template 365/384 segment 3/5
2026-09-08T16:03:35.656+01:00 INFO : Filtering template 365/384 segment 4/5
2026-09-08T16:03:35.693+01:00 INFO : 2 points above threshold
2026-09-08T16:03:35.701+01:00 INFO : Filtering template 365/384 segment 5/5
2026-09-08T16:03:35.738+01:00 INFO : 1 points above threshold
2026-09-08T16:03:35.744+01:00 INFO : 365: generating IMRPhenomD from 30.0 Hz
2026-09-08T16:03:35.747+01:00 INFO : Decompressing waveform using inline_linear
2026-09-08T16:03:35.752+01:00 INFO : Filtering template 366/384 segment 1/5
2026-09-08T16:03:35.792+01:00 INFO : 1 points above threshold
2026-09-08T16:03:35.804+01:00 INFO : Filtering template 366/384 segment 2/5
2026-09-08T16:03:35.841+01:00 INFO : 1 points above threshold
2026-09-08T16:03:35.847+01:00 INFO : Filtering template 366/384 segment 3/5
2026-09-08T16:03:35.884+01:00 INFO : 1 points above threshold
2026-09-08T16:03:35.890+01:00 INFO : Filtering template 366/384 segment 4/5
2026-09-08T16:03:35.927+01:00 INFO : 2 points above threshold
2026-09-08T16:03:35.936+01:00 INFO : Filtering template 366/384 segment 5/5
2026-09-08T16:03:35.973+01:00 INFO : 366: generating IMRPhenomD from 30.0 Hz
2026-09-08T16:03:35.975+01:00 INFO : Decompressing waveform using inline_linear
2026-09-08T16:03:35.980+01:00 INFO : Filtering template 367/384 segment 1/5
2026-09-08T16:03:36.020+01:00 INFO : 2 points above threshold
2026-09-08T16:03:36.034+01:00 INFO : Filtering template 367/384 segment 2/5
2026-09-08T16:03:36.071+01:00 INFO : Filtering template 367/384 segment 3/5
2026-09-08T16:03:36.108+01:00 INFO : Filtering template 367/384 segment 4/5
2026-09-08T16:03:36.145+01:00 INFO : 1 points above threshold
2026-09-08T16:03:36.151+01:00 INFO : Filtering template 367/384 segment 5/5
2026-09-08T16:03:36.188+01:00 INFO : 3 points above threshold
2026-09-08T16:03:36.198+01:00 INFO : 367: generating IMRPhenomD from 30.0 Hz
2026-09-08T16:03:36.201+01:00 INFO : Decompressing waveform using inline_linear
2026-09-08T16:03:36.206+01:00 INFO : Filtering template 368/384 segment 1/5
2026-09-08T16:03:36.246+01:00 INFO : 2 points above threshold
2026-09-08T16:03:36.260+01:00 INFO : Filtering template 368/384 segment 2/5
2026-09-08T16:03:36.297+01:00 INFO : Filtering template 368/384 segment 3/5
2026-09-08T16:03:36.334+01:00 INFO : Filtering template 368/384 segment 4/5
2026-09-08T16:03:36.371+01:00 INFO : 1 points above threshold
2026-09-08T16:03:36.377+01:00 INFO : Filtering template 368/384 segment 5/5
2026-09-08T16:03:36.414+01:00 INFO : 368: generating IMRPhenomD from 30.0 Hz
2026-09-08T16:03:36.417+01:00 INFO : Decompressing waveform using inline_linear
2026-09-08T16:03:36.422+01:00 INFO : Filtering template 369/384 segment 1/5
2026-09-08T16:03:36.462+01:00 INFO : 1 points above threshold
2026-09-08T16:03:36.474+01:00 INFO : Filtering template 369/384 segment 2/5
2026-09-08T16:03:36.511+01:00 INFO : Filtering template 369/384 segment 3/5
2026-09-08T16:03:36.548+01:00 INFO : 1 points above threshold
2026-09-08T16:03:36.554+01:00 INFO : Filtering template 369/384 segment 4/5
2026-09-08T16:03:36.591+01:00 INFO : 2 points above threshold
2026-09-08T16:03:36.599+01:00 INFO : Filtering template 369/384 segment 5/5
2026-09-08T16:03:36.636+01:00 INFO : 2 points above threshold
2026-09-08T16:03:36.644+01:00 INFO : 369: generating IMRPhenomD from 30.0 Hz
2026-09-08T16:03:36.646+01:00 INFO : Decompressing waveform using inline_linear
2026-09-08T16:03:36.651+01:00 INFO : Filtering template 370/384 segment 1/5
2026-09-08T16:03:36.691+01:00 INFO : Filtering template 370/384 segment 2/5
2026-09-08T16:03:36.728+01:00 INFO : 2 points above threshold
2026-09-08T16:03:36.743+01:00 INFO : Filtering template 370/384 segment 3/5
2026-09-08T16:03:36.780+01:00 INFO : 2 points above threshold
2026-09-08T16:03:36.787+01:00 INFO : Filtering template 370/384 segment 4/5
2026-09-08T16:03:36.824+01:00 INFO : 2 points above threshold
2026-09-08T16:03:36.832+01:00 INFO : Filtering template 370/384 segment 5/5
2026-09-08T16:03:36.869+01:00 INFO : 370: generating IMRPhenomD from 30.0 Hz
2026-09-08T16:03:36.872+01:00 INFO : Decompressing waveform using inline_linear
2026-09-08T16:03:36.877+01:00 INFO : Filtering template 371/384 segment 1/5
2026-09-08T16:03:36.917+01:00 INFO : 1 points above threshold
2026-09-08T16:03:36.929+01:00 INFO : Filtering template 371/384 segment 2/5
2026-09-08T16:03:36.966+01:00 INFO : Filtering template 371/384 segment 3/5
2026-09-08T16:03:37.003+01:00 INFO : 1 points above threshold
2026-09-08T16:03:37.009+01:00 INFO : Filtering template 371/384 segment 4/5
2026-09-08T16:03:37.046+01:00 INFO : Filtering template 371/384 segment 5/5
2026-09-08T16:03:37.083+01:00 INFO : 1 points above threshold
2026-09-08T16:03:37.089+01:00 INFO : 371: generating IMRPhenomD from 30.0 Hz
2026-09-08T16:03:37.091+01:00 INFO : Decompressing waveform using inline_linear
2026-09-08T16:03:37.096+01:00 INFO : Filtering template 372/384 segment 1/5
2026-09-08T16:03:37.136+01:00 INFO : 1 points above threshold
2026-09-08T16:03:37.149+01:00 INFO : Filtering template 372/384 segment 2/5
2026-09-08T16:03:37.186+01:00 INFO : 3 points above threshold
2026-09-08T16:03:37.196+01:00 INFO : Filtering template 372/384 segment 3/5
2026-09-08T16:03:37.233+01:00 INFO : 1 points above threshold
2026-09-08T16:03:37.239+01:00 INFO : Filtering template 372/384 segment 4/5
2026-09-08T16:03:37.275+01:00 INFO : Filtering template 372/384 segment 5/5
2026-09-08T16:03:37.313+01:00 INFO : 372: generating IMRPhenomD from 30.0 Hz
2026-09-08T16:03:37.315+01:00 INFO : Decompressing waveform using inline_linear
2026-09-08T16:03:37.320+01:00 INFO : Filtering template 373/384 segment 1/5
2026-09-08T16:03:37.360+01:00 INFO : 3 points above threshold
2026-09-08T16:03:37.376+01:00 INFO : Filtering template 373/384 segment 2/5
2026-09-08T16:03:37.413+01:00 INFO : 1 points above threshold
2026-09-08T16:03:37.419+01:00 INFO : Filtering template 373/384 segment 3/5
2026-09-08T16:03:37.456+01:00 INFO : 2 points above threshold
2026-09-08T16:03:37.464+01:00 INFO : Filtering template 373/384 segment 4/5
2026-09-08T16:03:37.501+01:00 INFO : Filtering template 373/384 segment 5/5
2026-09-08T16:03:37.538+01:00 INFO : 1 points above threshold
2026-09-08T16:03:37.544+01:00 INFO : 373: generating IMRPhenomD from 30.0 Hz
2026-09-08T16:03:37.547+01:00 INFO : Decompressing waveform using inline_linear
2026-09-08T16:03:37.551+01:00 INFO : Filtering template 374/384 segment 1/5
2026-09-08T16:03:37.592+01:00 INFO : Filtering template 374/384 segment 2/5
2026-09-08T16:03:37.629+01:00 INFO : Filtering template 374/384 segment 3/5
2026-09-08T16:03:37.666+01:00 INFO : 2 points above threshold
2026-09-08T16:03:37.680+01:00 INFO : Filtering template 374/384 segment 4/5
2026-09-08T16:03:37.717+01:00 INFO : Filtering template 374/384 segment 5/5
2026-09-08T16:03:37.754+01:00 INFO : 1 points above threshold
2026-09-08T16:03:37.760+01:00 INFO : 374: generating IMRPhenomD from 30.0 Hz
2026-09-08T16:03:37.762+01:00 INFO : Decompressing waveform using inline_linear
2026-09-08T16:03:37.767+01:00 INFO : Filtering template 375/384 segment 1/5
2026-09-08T16:03:37.807+01:00 INFO : 1 points above threshold
2026-09-08T16:03:37.820+01:00 INFO : Filtering template 375/384 segment 2/5
2026-09-08T16:03:37.857+01:00 INFO : Filtering template 375/384 segment 3/5
2026-09-08T16:03:37.894+01:00 INFO : 1 points above threshold
2026-09-08T16:03:37.900+01:00 INFO : Filtering template 375/384 segment 4/5
2026-09-08T16:03:37.936+01:00 INFO : 3 points above threshold
2026-09-08T16:03:37.946+01:00 INFO : Filtering template 375/384 segment 5/5
2026-09-08T16:03:37.983+01:00 INFO : 1 points above threshold
2026-09-08T16:03:37.990+01:00 INFO : 375: generating IMRPhenomD from 30.0 Hz
2026-09-08T16:03:37.992+01:00 INFO : Decompressing waveform using inline_linear
2026-09-08T16:03:37.997+01:00 INFO : Filtering template 376/384 segment 1/5
2026-09-08T16:03:38.037+01:00 INFO : Filtering template 376/384 segment 2/5
2026-09-08T16:03:38.074+01:00 INFO : Filtering template 376/384 segment 3/5
2026-09-08T16:03:38.111+01:00 INFO : Filtering template 376/384 segment 4/5
2026-09-08T16:03:38.148+01:00 INFO : 1 points above threshold
2026-09-08T16:03:38.160+01:00 INFO : Filtering template 376/384 segment 5/5
2026-09-08T16:03:38.197+01:00 INFO : 1 points above threshold
2026-09-08T16:03:38.203+01:00 INFO : 376: generating IMRPhenomD from 30.0 Hz
2026-09-08T16:03:38.205+01:00 INFO : Decompressing waveform using inline_linear
2026-09-08T16:03:38.210+01:00 INFO : Filtering template 377/384 segment 1/5
2026-09-08T16:03:38.250+01:00 INFO : 2 points above threshold
2026-09-08T16:03:38.264+01:00 INFO : Filtering template 377/384 segment 2/5
2026-09-08T16:03:38.301+01:00 INFO : Filtering template 377/384 segment 3/5
2026-09-08T16:03:38.338+01:00 INFO : 1 points above threshold
2026-09-08T16:03:38.344+01:00 INFO : Filtering template 377/384 segment 4/5
2026-09-08T16:03:38.381+01:00 INFO : 2 points above threshold
2026-09-08T16:03:38.389+01:00 INFO : Filtering template 377/384 segment 5/5
2026-09-08T16:03:38.426+01:00 INFO : 377: generating IMRPhenomD from 30.0 Hz
2026-09-08T16:03:38.428+01:00 INFO : Decompressing waveform using inline_linear
2026-09-08T16:03:38.433+01:00 INFO : Filtering template 378/384 segment 1/5
2026-09-08T16:03:38.474+01:00 INFO : 3 points above threshold
2026-09-08T16:03:38.490+01:00 INFO : Filtering template 378/384 segment 2/5
2026-09-08T16:03:38.527+01:00 INFO : 3 points above threshold
2026-09-08T16:03:38.537+01:00 INFO : Filtering template 378/384 segment 3/5
2026-09-08T16:03:38.574+01:00 INFO : Filtering template 378/384 segment 4/5
2026-09-08T16:03:38.611+01:00 INFO : Filtering template 378/384 segment 5/5
2026-09-08T16:03:38.648+01:00 INFO : 1 points above threshold
2026-09-08T16:03:38.654+01:00 INFO : 378: generating IMRPhenomD from 30.0 Hz
2026-09-08T16:03:38.656+01:00 INFO : Decompressing waveform using inline_linear
2026-09-08T16:03:38.661+01:00 INFO : Filtering template 379/384 segment 1/5
2026-09-08T16:03:38.701+01:00 INFO : 2 points above threshold
2026-09-08T16:03:38.716+01:00 INFO : Filtering template 379/384 segment 2/5
2026-09-08T16:03:38.752+01:00 INFO : Filtering template 379/384 segment 3/5
2026-09-08T16:03:38.789+01:00 INFO : 1 points above threshold
2026-09-08T16:03:38.795+01:00 INFO : Filtering template 379/384 segment 4/5
2026-09-08T16:03:38.832+01:00 INFO : 2 points above threshold
2026-09-08T16:03:38.840+01:00 INFO : Filtering template 379/384 segment 5/5
2026-09-08T16:03:38.877+01:00 INFO : 1 points above threshold
2026-09-08T16:03:38.883+01:00 INFO : 379: generating IMRPhenomD from 30.0 Hz
2026-09-08T16:03:38.885+01:00 INFO : Decompressing waveform using inline_linear
2026-09-08T16:03:38.890+01:00 INFO : Filtering template 380/384 segment 1/5
2026-09-08T16:03:38.930+01:00 INFO : Filtering template 380/384 segment 2/5
2026-09-08T16:03:38.967+01:00 INFO : 1 points above threshold
2026-09-08T16:03:38.979+01:00 INFO : Filtering template 380/384 segment 3/5
2026-09-08T16:03:39.016+01:00 INFO : 1 points above threshold
2026-09-08T16:03:39.022+01:00 INFO : Filtering template 380/384 segment 4/5
2026-09-08T16:03:39.059+01:00 INFO : 1 points above threshold
2026-09-08T16:03:39.065+01:00 INFO : Filtering template 380/384 segment 5/5
2026-09-08T16:03:39.102+01:00 INFO : 1 points above threshold
2026-09-08T16:03:39.108+01:00 INFO : 380: generating IMRPhenomD from 30.0 Hz
2026-09-08T16:03:39.110+01:00 INFO : Decompressing waveform using inline_linear
2026-09-08T16:03:39.115+01:00 INFO : Filtering template 381/384 segment 1/5
2026-09-08T16:03:39.155+01:00 INFO : 3 points above threshold
2026-09-08T16:03:39.171+01:00 INFO : Filtering template 381/384 segment 2/5
2026-09-08T16:03:39.208+01:00 INFO : 1 points above threshold
2026-09-08T16:03:39.214+01:00 INFO : Filtering template 381/384 segment 3/5
2026-09-08T16:03:39.251+01:00 INFO : 1 points above threshold
2026-09-08T16:03:39.257+01:00 INFO : Filtering template 381/384 segment 4/5
2026-09-08T16:03:39.294+01:00 INFO : Filtering template 381/384 segment 5/5
2026-09-08T16:03:39.331+01:00 INFO : 2 points above threshold
2026-09-08T16:03:39.339+01:00 INFO : 381: generating IMRPhenomD from 30.0 Hz
2026-09-08T16:03:39.341+01:00 INFO : Decompressing waveform using inline_linear
2026-09-08T16:03:39.346+01:00 INFO : Filtering template 382/384 segment 1/5
2026-09-08T16:03:39.386+01:00 INFO : 4 points above threshold
2026-09-08T16:03:39.402+01:00 INFO : Filtering template 382/384 segment 2/5
2026-09-08T16:03:39.439+01:00 INFO : Filtering template 382/384 segment 3/5
2026-09-08T16:03:39.476+01:00 INFO : 3 points above threshold
2026-09-08T16:03:39.486+01:00 INFO : Filtering template 382/384 segment 4/5
2026-09-08T16:03:39.523+01:00 INFO : 1 points above threshold
2026-09-08T16:03:39.529+01:00 INFO : Filtering template 382/384 segment 5/5
2026-09-08T16:03:39.566+01:00 INFO : 3 points above threshold
2026-09-08T16:03:39.576+01:00 INFO : 382: generating IMRPhenomD from 30.0 Hz
2026-09-08T16:03:39.579+01:00 INFO : Decompressing waveform using inline_linear
2026-09-08T16:03:39.583+01:00 INFO : Filtering template 383/384 segment 1/5
2026-09-08T16:03:39.624+01:00 INFO : 1 points above threshold
2026-09-08T16:03:39.636+01:00 INFO : Filtering template 383/384 segment 2/5
2026-09-08T16:03:39.673+01:00 INFO : 2 points above threshold
2026-09-08T16:03:39.680+01:00 INFO : Filtering template 383/384 segment 3/5
2026-09-08T16:03:39.718+01:00 INFO : Filtering template 383/384 segment 4/5
2026-09-08T16:03:39.755+01:00 INFO : 2 points above threshold
2026-09-08T16:03:39.763+01:00 INFO : Filtering template 383/384 segment 5/5
2026-09-08T16:03:39.800+01:00 INFO : 3 points above threshold
2026-09-08T16:03:39.810+01:00 INFO : 383: generating IMRPhenomD from 30.0 Hz
2026-09-08T16:03:39.812+01:00 INFO : Decompressing waveform using inline_linear
2026-09-08T16:03:39.817+01:00 INFO : Filtering template 384/384 segment 1/5
2026-09-08T16:03:39.857+01:00 INFO : 3 points above threshold
2026-09-08T16:03:39.873+01:00 INFO : Filtering template 384/384 segment 2/5
2026-09-08T16:03:39.911+01:00 INFO : Filtering template 384/384 segment 3/5
2026-09-08T16:03:39.948+01:00 INFO : 2 points above threshold
2026-09-08T16:03:39.956+01:00 INFO : Filtering template 384/384 segment 4/5
2026-09-08T16:03:39.993+01:00 INFO : Filtering template 384/384 segment 5/5
2026-09-08T16:03:40.030+01:00 INFO : 2 points above threshold
2026-09-08T16:03:40.038+01:00 INFO : We currently have 2205 triggers
2026-09-08T16:03:40.038+01:00 INFO : Removing triggers with NewSNR below threshold
2026-09-08T16:03:40.038+01:00 INFO : 1991 remaining triggers
2026-09-08T16:03:40.039+01:00 INFO : Outputting 1991 triggers
2026-09-08T16:03:40.039+01:00 INFO : Writing out triggers
2026-09-08T16:03:40.056+01:00 INFO : Finished
