2026-09-08T15:53:37.250+01:00 INFO : Running with Torch support on device cpu
2026-09-08T15:53:37.250+01:00 INFO : Reading Frames
2026-09-08T15:53:40.664+01:00 INFO : Highpass Filtering
2026-09-08T15:53:41.116+01:00 INFO : Resampling data
2026-09-08T15:53:41.127+01:00 INFO : Converting to float32
/home/xangma/pycbc-torch-precision-validation-20260908/corrected-baseline-campaign/proposed/pycbc/types/array.py:872: RuntimeWarning: divide by zero encountered in divide
  return self._data.__rtruediv__(other)
2026-09-08T15:53:44.664+01:00 INFO : Highpass Filtering
2026-09-08T15:53:45.105+01:00 INFO : Remove Padding
2026-09-08T15:53:45.153+01:00 INFO : Making frequency-domain data segments
2026-09-08T15:53:47.609+01:00 INFO : Overwhitening frequency-domain data segments
2026-09-08T15:53:47.632+01:00 INFO : Read in template bank
2026-09-08T15:53:47.648+01:00 INFO : Full template bank size: 384
2026-09-08T15:53:47.649+01:00 INFO : Template bank size after thinning: 384
2026-09-08T15:53:47.652+01:00 INFO : 0: generating IMRPhenomD from 30.0 Hz
2026-09-08T15:53:47.654+01:00 INFO : Decompressing waveform using inline_linear
2026-09-08T15:53:47.662+01:00 INFO : Filtering template 1/384 segment 1/5
2026-09-08T15:53:47.725+01:00 INFO : 1 points above threshold
2026-09-08T15:53:47.750+01:00 INFO : Filtering template 1/384 segment 2/5
2026-09-08T15:53:47.787+01:00 INFO : Filtering template 1/384 segment 3/5
2026-09-08T15:53:47.824+01:00 INFO : 1 points above threshold
2026-09-08T15:53:47.830+01:00 INFO : Filtering template 1/384 segment 4/5
2026-09-08T15:53:47.867+01:00 INFO : Filtering template 1/384 segment 5/5
2026-09-08T15:53:47.904+01:00 INFO : 1 points above threshold
2026-09-08T15:53:47.910+01:00 INFO : 1: generating IMRPhenomD from 30.0 Hz
2026-09-08T15:53:47.913+01:00 INFO : Decompressing waveform using inline_linear
2026-09-08T15:53:47.918+01:00 INFO : Filtering template 2/384 segment 1/5
2026-09-08T15:53:47.959+01:00 INFO : 1 points above threshold
2026-09-08T15:53:47.974+01:00 INFO : Filtering template 2/384 segment 2/5
2026-09-08T15:53:48.011+01:00 INFO : 1 points above threshold
2026-09-08T15:53:48.017+01:00 INFO : Filtering template 2/384 segment 3/5
2026-09-08T15:53:48.054+01:00 INFO : 2 points above threshold
2026-09-08T15:53:48.062+01:00 INFO : Filtering template 2/384 segment 4/5
2026-09-08T15:53:48.099+01:00 INFO : Filtering template 2/384 segment 5/5
2026-09-08T15:53:48.136+01:00 INFO : 1 points above threshold
2026-09-08T15:53:48.142+01:00 INFO : 2: generating IMRPhenomD from 30.0 Hz
2026-09-08T15:53:48.145+01:00 INFO : Decompressing waveform using inline_linear
2026-09-08T15:53:48.150+01:00 INFO : Filtering template 3/384 segment 1/5
2026-09-08T15:53:48.190+01:00 INFO : 3 points above threshold
2026-09-08T15:53:48.206+01:00 INFO : Filtering template 3/384 segment 2/5
2026-09-08T15:53:48.243+01:00 INFO : Filtering template 3/384 segment 3/5
2026-09-08T15:53:48.280+01:00 INFO : 1 points above threshold
2026-09-08T15:53:48.286+01:00 INFO : Filtering template 3/384 segment 4/5
2026-09-08T15:53:48.323+01:00 INFO : 1 points above threshold
2026-09-08T15:53:48.329+01:00 INFO : Filtering template 3/384 segment 5/5
2026-09-08T15:53:48.367+01:00 INFO : 3: generating IMRPhenomD from 30.0 Hz
2026-09-08T15:53:48.369+01:00 INFO : Decompressing waveform using inline_linear
2026-09-08T15:53:48.374+01:00 INFO : Filtering template 4/384 segment 1/5
2026-09-08T15:53:48.415+01:00 INFO : 1 points above threshold
2026-09-08T15:53:48.433+01:00 INFO : Filtering template 4/384 segment 2/5
2026-09-08T15:53:48.470+01:00 INFO : 1 points above threshold
2026-09-08T15:53:48.476+01:00 INFO : Filtering template 4/384 segment 3/5
2026-09-08T15:53:48.513+01:00 INFO : 2 points above threshold
2026-09-08T15:53:48.521+01:00 INFO : Filtering template 4/384 segment 4/5
2026-09-08T15:53:48.557+01:00 INFO : 2 points above threshold
2026-09-08T15:53:48.565+01:00 INFO : Filtering template 4/384 segment 5/5
2026-09-08T15:53:48.602+01:00 INFO : 2 points above threshold
2026-09-08T15:53:48.610+01:00 INFO : 4: generating IMRPhenomD from 30.0 Hz
2026-09-08T15:53:48.613+01:00 INFO : Decompressing waveform using inline_linear
2026-09-08T15:53:48.618+01:00 INFO : Filtering template 5/384 segment 1/5
2026-09-08T15:53:48.658+01:00 INFO : 1 points above threshold
2026-09-08T15:53:48.673+01:00 INFO : Filtering template 5/384 segment 2/5
2026-09-08T15:53:48.710+01:00 INFO : 2 points above threshold
2026-09-08T15:53:48.718+01:00 INFO : Filtering template 5/384 segment 3/5
2026-09-08T15:53:48.755+01:00 INFO : 2 points above threshold
2026-09-08T15:53:48.763+01:00 INFO : Filtering template 5/384 segment 4/5
2026-09-08T15:53:48.800+01:00 INFO : 2 points above threshold
2026-09-08T15:53:48.808+01:00 INFO : Filtering template 5/384 segment 5/5
2026-09-08T15:53:48.845+01:00 INFO : 5: generating IMRPhenomD from 30.0 Hz
2026-09-08T15:53:48.848+01:00 INFO : Decompressing waveform using inline_linear
2026-09-08T15:53:48.853+01:00 INFO : Filtering template 6/384 segment 1/5
2026-09-08T15:53:48.893+01:00 INFO : 1 points above threshold
2026-09-08T15:53:48.908+01:00 INFO : Filtering template 6/384 segment 2/5
2026-09-08T15:53:48.945+01:00 INFO : Filtering template 6/384 segment 3/5
2026-09-08T15:53:48.982+01:00 INFO : Filtering template 6/384 segment 4/5
2026-09-08T15:53:49.019+01:00 INFO : Filtering template 6/384 segment 5/5
2026-09-08T15:53:49.056+01:00 INFO : 1 points above threshold
2026-09-08T15:53:49.062+01:00 INFO : 6: generating IMRPhenomD from 30.0 Hz
2026-09-08T15:53:49.065+01:00 INFO : Decompressing waveform using inline_linear
2026-09-08T15:53:49.070+01:00 INFO : Filtering template 7/384 segment 1/5
2026-09-08T15:53:49.110+01:00 INFO : 2 points above threshold
2026-09-08T15:53:49.127+01:00 INFO : Filtering template 7/384 segment 2/5
2026-09-08T15:53:49.165+01:00 INFO : Filtering template 7/384 segment 3/5
2026-09-08T15:53:49.202+01:00 INFO : Filtering template 7/384 segment 4/5
2026-09-08T15:53:49.239+01:00 INFO : 1 points above threshold
2026-09-08T15:53:49.245+01:00 INFO : Filtering template 7/384 segment 5/5
2026-09-08T15:53:49.282+01:00 INFO : 7: generating IMRPhenomD from 30.0 Hz
2026-09-08T15:53:49.285+01:00 INFO : Decompressing waveform using inline_linear
2026-09-08T15:53:49.290+01:00 INFO : Filtering template 8/384 segment 1/5
2026-09-08T15:53:49.330+01:00 INFO : 2 points above threshold
2026-09-08T15:53:49.347+01:00 INFO : Filtering template 8/384 segment 2/5
2026-09-08T15:53:49.384+01:00 INFO : 1 points above threshold
2026-09-08T15:53:49.390+01:00 INFO : Filtering template 8/384 segment 3/5
2026-09-08T15:53:49.427+01:00 INFO : 4 points above threshold
2026-09-08T15:53:49.436+01:00 INFO : Filtering template 8/384 segment 4/5
2026-09-08T15:53:49.473+01:00 INFO : Filtering template 8/384 segment 5/5
2026-09-08T15:53:49.510+01:00 INFO : 8: generating IMRPhenomD from 30.0 Hz
2026-09-08T15:53:49.513+01:00 INFO : Decompressing waveform using inline_linear
2026-09-08T15:53:49.518+01:00 INFO : Filtering template 9/384 segment 1/5
2026-09-08T15:53:49.558+01:00 INFO : Filtering template 9/384 segment 2/5
2026-09-08T15:53:49.595+01:00 INFO : 1 points above threshold
2026-09-08T15:53:49.610+01:00 INFO : Filtering template 9/384 segment 3/5
2026-09-08T15:53:49.647+01:00 INFO : 2 points above threshold
2026-09-08T15:53:49.655+01:00 INFO : Filtering template 9/384 segment 4/5
2026-09-08T15:53:49.692+01:00 INFO : 1 points above threshold
2026-09-08T15:53:49.698+01:00 INFO : Filtering template 9/384 segment 5/5
2026-09-08T15:53:49.735+01:00 INFO : 3 points above threshold
2026-09-08T15:53:49.745+01:00 INFO : 9: generating IMRPhenomD from 30.0 Hz
2026-09-08T15:53:49.748+01:00 INFO : Decompressing waveform using inline_linear
2026-09-08T15:53:49.753+01:00 INFO : Filtering template 10/384 segment 1/5
2026-09-08T15:53:49.793+01:00 INFO : 1 points above threshold
2026-09-08T15:53:49.808+01:00 INFO : Filtering template 10/384 segment 2/5
2026-09-08T15:53:49.845+01:00 INFO : 1 points above threshold
2026-09-08T15:53:49.851+01:00 INFO : Filtering template 10/384 segment 3/5
2026-09-08T15:53:49.888+01:00 INFO : Filtering template 10/384 segment 4/5
2026-09-08T15:53:49.925+01:00 INFO : 2 points above threshold
2026-09-08T15:53:49.933+01:00 INFO : Filtering template 10/384 segment 5/5
2026-09-08T15:53:49.969+01:00 INFO : 1 points above threshold
2026-09-08T15:53:49.976+01:00 INFO : 10: generating IMRPhenomD from 30.0 Hz
2026-09-08T15:53:49.978+01:00 INFO : Decompressing waveform using inline_linear
2026-09-08T15:53:49.983+01:00 INFO : Filtering template 11/384 segment 1/5
2026-09-08T15:53:50.024+01:00 INFO : 2 points above threshold
2026-09-08T15:53:50.038+01:00 INFO : Filtering template 11/384 segment 2/5
2026-09-08T15:53:50.074+01:00 INFO : Filtering template 11/384 segment 3/5
2026-09-08T15:53:50.111+01:00 INFO : 1 points above threshold
2026-09-08T15:53:50.117+01:00 INFO : Filtering template 11/384 segment 4/5
2026-09-08T15:53:50.154+01:00 INFO : 1 points above threshold
2026-09-08T15:53:50.160+01:00 INFO : Filtering template 11/384 segment 5/5
2026-09-08T15:53:50.197+01:00 INFO : 1 points above threshold
2026-09-08T15:53:50.204+01:00 INFO : 11: generating IMRPhenomD from 30.0 Hz
2026-09-08T15:53:50.206+01:00 INFO : Decompressing waveform using inline_linear
2026-09-08T15:53:50.211+01:00 INFO : Filtering template 12/384 segment 1/5
2026-09-08T15:53:50.252+01:00 INFO : Filtering template 12/384 segment 2/5
2026-09-08T15:53:50.289+01:00 INFO : 1 points above threshold
2026-09-08T15:53:50.301+01:00 INFO : Filtering template 12/384 segment 3/5
2026-09-08T15:53:50.338+01:00 INFO : Filtering template 12/384 segment 4/5
2026-09-08T15:53:50.375+01:00 INFO : 1 points above threshold
2026-09-08T15:53:50.381+01:00 INFO : Filtering template 12/384 segment 5/5
2026-09-08T15:53:50.418+01:00 INFO : 1 points above threshold
2026-09-08T15:53:50.424+01:00 INFO : 12: generating IMRPhenomD from 30.0 Hz
2026-09-08T15:53:50.427+01:00 INFO : Decompressing waveform using inline_linear
2026-09-08T15:53:50.431+01:00 INFO : Filtering template 13/384 segment 1/5
2026-09-08T15:53:50.472+01:00 INFO : 1 points above threshold
2026-09-08T15:53:50.484+01:00 INFO : Filtering template 13/384 segment 2/5
2026-09-08T15:53:50.521+01:00 INFO : Filtering template 13/384 segment 3/5
2026-09-08T15:53:50.558+01:00 INFO : 2 points above threshold
2026-09-08T15:53:50.566+01:00 INFO : Filtering template 13/384 segment 4/5
2026-09-08T15:53:50.603+01:00 INFO : Filtering template 13/384 segment 5/5
2026-09-08T15:53:50.640+01:00 INFO : 2 points above threshold
2026-09-08T15:53:50.648+01:00 INFO : 13: generating IMRPhenomD from 30.0 Hz
2026-09-08T15:53:50.651+01:00 INFO : Decompressing waveform using inline_linear
2026-09-08T15:53:50.656+01:00 INFO : Filtering template 14/384 segment 1/5
2026-09-08T15:53:50.696+01:00 INFO : 2 points above threshold
2026-09-08T15:53:50.710+01:00 INFO : Filtering template 14/384 segment 2/5
2026-09-08T15:53:50.747+01:00 INFO : 1 points above threshold
2026-09-08T15:53:50.753+01:00 INFO : Filtering template 14/384 segment 3/5
2026-09-08T15:53:50.790+01:00 INFO : 2 points above threshold
2026-09-08T15:53:50.798+01:00 INFO : Filtering template 14/384 segment 4/5
2026-09-08T15:53:50.835+01:00 INFO : 2 points above threshold
2026-09-08T15:53:50.843+01:00 INFO : Filtering template 14/384 segment 5/5
2026-09-08T15:53:50.880+01:00 INFO : 3 points above threshold
2026-09-08T15:53:50.890+01:00 INFO : 14: generating IMRPhenomD from 30.0 Hz
2026-09-08T15:53:50.893+01:00 INFO : Decompressing waveform using inline_linear
2026-09-08T15:53:50.898+01:00 INFO : Filtering template 15/384 segment 1/5
2026-09-08T15:53:50.938+01:00 INFO : Filtering template 15/384 segment 2/5
2026-09-08T15:53:50.975+01:00 INFO : 3 points above threshold
2026-09-08T15:53:50.991+01:00 INFO : Filtering template 15/384 segment 3/5
2026-09-08T15:53:51.028+01:00 INFO : 1 points above threshold
2026-09-08T15:53:51.034+01:00 INFO : Filtering template 15/384 segment 4/5
2026-09-08T15:53:51.071+01:00 INFO : Filtering template 15/384 segment 5/5
2026-09-08T15:53:51.108+01:00 INFO : 1 points above threshold
2026-09-08T15:53:51.114+01:00 INFO : 15: generating IMRPhenomD from 30.0 Hz
2026-09-08T15:53:51.117+01:00 INFO : Decompressing waveform using inline_linear
2026-09-08T15:53:51.122+01:00 INFO : Filtering template 16/384 segment 1/5
2026-09-08T15:53:51.162+01:00 INFO : 3 points above threshold
2026-09-08T15:53:51.181+01:00 INFO : Filtering template 16/384 segment 2/5
2026-09-08T15:53:51.218+01:00 INFO : 1 points above threshold
2026-09-08T15:53:51.224+01:00 INFO : Filtering template 16/384 segment 3/5
2026-09-08T15:53:51.261+01:00 INFO : 3 points above threshold
2026-09-08T15:53:51.271+01:00 INFO : Filtering template 16/384 segment 4/5
2026-09-08T15:53:51.308+01:00 INFO : Filtering template 16/384 segment 5/5
2026-09-08T15:53:51.346+01:00 INFO : 16: generating IMRPhenomD from 30.0 Hz
2026-09-08T15:53:51.348+01:00 INFO : Decompressing waveform using inline_linear
2026-09-08T15:53:51.353+01:00 INFO : Filtering template 17/384 segment 1/5
2026-09-08T15:53:51.394+01:00 INFO : 1 points above threshold
2026-09-08T15:53:51.406+01:00 INFO : Filtering template 17/384 segment 2/5
2026-09-08T15:53:51.443+01:00 INFO : 1 points above threshold
2026-09-08T15:53:51.449+01:00 INFO : Filtering template 17/384 segment 3/5
2026-09-08T15:53:51.486+01:00 INFO : 2 points above threshold
2026-09-08T15:53:51.494+01:00 INFO : Filtering template 17/384 segment 4/5
2026-09-08T15:53:51.531+01:00 INFO : 1 points above threshold
2026-09-08T15:53:51.537+01:00 INFO : Filtering template 17/384 segment 5/5
2026-09-08T15:53:51.574+01:00 INFO : 1 points above threshold
2026-09-08T15:53:51.580+01:00 INFO : 17: generating IMRPhenomD from 30.0 Hz
2026-09-08T15:53:51.582+01:00 INFO : Decompressing waveform using inline_linear
2026-09-08T15:53:51.587+01:00 INFO : Filtering template 18/384 segment 1/5
2026-09-08T15:53:51.628+01:00 INFO : 1 points above threshold
2026-09-08T15:53:51.640+01:00 INFO : Filtering template 18/384 segment 2/5
2026-09-08T15:53:51.677+01:00 INFO : 1 points above threshold
2026-09-08T15:53:51.683+01:00 INFO : Filtering template 18/384 segment 3/5
2026-09-08T15:53:51.720+01:00 INFO : 1 points above threshold
2026-09-08T15:53:51.726+01:00 INFO : Filtering template 18/384 segment 4/5
2026-09-08T15:53:51.763+01:00 INFO : 1 points above threshold
2026-09-08T15:53:51.769+01:00 INFO : Filtering template 18/384 segment 5/5
2026-09-08T15:53:51.806+01:00 INFO : 1 points above threshold
2026-09-08T15:53:51.812+01:00 INFO : 18: generating IMRPhenomD from 30.0 Hz
2026-09-08T15:53:51.815+01:00 INFO : Decompressing waveform using inline_linear
2026-09-08T15:53:51.820+01:00 INFO : Filtering template 19/384 segment 1/5
2026-09-08T15:53:51.860+01:00 INFO : 2 points above threshold
2026-09-08T15:53:51.875+01:00 INFO : Filtering template 19/384 segment 2/5
2026-09-08T15:53:51.912+01:00 INFO : 2 points above threshold
2026-09-08T15:53:51.920+01:00 INFO : Filtering template 19/384 segment 3/5
2026-09-08T15:53:51.956+01:00 INFO : 4 points above threshold
2026-09-08T15:53:51.966+01:00 INFO : Filtering template 19/384 segment 4/5
2026-09-08T15:53:52.003+01:00 INFO : Filtering template 19/384 segment 5/5
2026-09-08T15:53:52.040+01:00 INFO : 1 points above threshold
2026-09-08T15:53:52.046+01:00 INFO : 19: generating IMRPhenomD from 30.0 Hz
2026-09-08T15:53:52.049+01:00 INFO : Decompressing waveform using inline_linear
2026-09-08T15:53:52.054+01:00 INFO : Filtering template 20/384 segment 1/5
2026-09-08T15:53:52.094+01:00 INFO : Filtering template 20/384 segment 2/5
2026-09-08T15:53:52.131+01:00 INFO : 1 points above threshold
2026-09-08T15:53:52.143+01:00 INFO : Filtering template 20/384 segment 3/5
2026-09-08T15:53:52.180+01:00 INFO : 1 points above threshold
2026-09-08T15:53:52.186+01:00 INFO : Filtering template 20/384 segment 4/5
2026-09-08T15:53:52.223+01:00 INFO : 1 points above threshold
2026-09-08T15:53:52.229+01:00 INFO : Filtering template 20/384 segment 5/5
2026-09-08T15:53:52.266+01:00 INFO : 20: generating IMRPhenomD from 30.0 Hz
2026-09-08T15:53:52.269+01:00 INFO : Decompressing waveform using inline_linear
2026-09-08T15:53:52.274+01:00 INFO : Filtering template 21/384 segment 1/5
2026-09-08T15:53:52.315+01:00 INFO : Filtering template 21/384 segment 2/5
2026-09-08T15:53:52.351+01:00 INFO : Filtering template 21/384 segment 3/5
2026-09-08T15:53:52.388+01:00 INFO : 3 points above threshold
2026-09-08T15:53:52.405+01:00 INFO : Filtering template 21/384 segment 4/5
2026-09-08T15:53:52.442+01:00 INFO : 1 points above threshold
2026-09-08T15:53:52.448+01:00 INFO : Filtering template 21/384 segment 5/5
2026-09-08T15:53:52.484+01:00 INFO : 1 points above threshold
2026-09-08T15:53:52.491+01:00 INFO : 21: generating IMRPhenomD from 30.0 Hz
2026-09-08T15:53:52.493+01:00 INFO : Decompressing waveform using inline_linear
2026-09-08T15:53:52.498+01:00 INFO : Filtering template 22/384 segment 1/5
2026-09-08T15:53:52.538+01:00 INFO : Filtering template 22/384 segment 2/5
2026-09-08T15:53:52.576+01:00 INFO : 2 points above threshold
2026-09-08T15:53:52.590+01:00 INFO : Filtering template 22/384 segment 3/5
2026-09-08T15:53:52.627+01:00 INFO : 2 points above threshold
2026-09-08T15:53:52.635+01:00 INFO : Filtering template 22/384 segment 4/5
2026-09-08T15:53:52.672+01:00 INFO : 1 points above threshold
2026-09-08T15:53:52.678+01:00 INFO : Filtering template 22/384 segment 5/5
2026-09-08T15:53:52.715+01:00 INFO : 1 points above threshold
2026-09-08T15:53:52.721+01:00 INFO : 22: generating IMRPhenomD from 30.0 Hz
2026-09-08T15:53:52.724+01:00 INFO : Decompressing waveform using inline_linear
2026-09-08T15:53:52.729+01:00 INFO : Filtering template 23/384 segment 1/5
2026-09-08T15:53:52.769+01:00 INFO : Filtering template 23/384 segment 2/5
2026-09-08T15:53:52.806+01:00 INFO : 3 points above threshold
2026-09-08T15:53:52.822+01:00 INFO : Filtering template 23/384 segment 3/5
2026-09-08T15:53:52.859+01:00 INFO : 1 points above threshold
2026-09-08T15:53:52.865+01:00 INFO : Filtering template 23/384 segment 4/5
2026-09-08T15:53:52.902+01:00 INFO : Filtering template 23/384 segment 5/5
2026-09-08T15:53:52.940+01:00 INFO : 23: generating IMRPhenomD from 30.0 Hz
2026-09-08T15:53:52.942+01:00 INFO : Decompressing waveform using inline_linear
2026-09-08T15:53:52.947+01:00 INFO : Filtering template 24/384 segment 1/5
2026-09-08T15:53:52.988+01:00 INFO : 4 points above threshold
2026-09-08T15:53:53.003+01:00 INFO : Filtering template 24/384 segment 2/5
2026-09-08T15:53:53.040+01:00 INFO : 1 points above threshold
2026-09-08T15:53:53.046+01:00 INFO : Filtering template 24/384 segment 3/5
2026-09-08T15:53:53.083+01:00 INFO : 3 points above threshold
2026-09-08T15:53:53.093+01:00 INFO : Filtering template 24/384 segment 4/5
2026-09-08T15:53:53.129+01:00 INFO : 2 points above threshold
2026-09-08T15:53:53.137+01:00 INFO : Filtering template 24/384 segment 5/5
2026-09-08T15:53:53.175+01:00 INFO : 24: generating IMRPhenomD from 30.0 Hz
2026-09-08T15:53:53.177+01:00 INFO : Decompressing waveform using inline_linear
2026-09-08T15:53:53.182+01:00 INFO : Filtering template 25/384 segment 1/5
2026-09-08T15:53:53.222+01:00 INFO : 3 points above threshold
2026-09-08T15:53:53.242+01:00 INFO : Filtering template 25/384 segment 2/5
2026-09-08T15:53:53.279+01:00 INFO : Filtering template 25/384 segment 3/5
2026-09-08T15:53:53.316+01:00 INFO : Filtering template 25/384 segment 4/5
2026-09-08T15:53:53.353+01:00 INFO : 2 points above threshold
2026-09-08T15:53:53.361+01:00 INFO : Filtering template 25/384 segment 5/5
2026-09-08T15:53:53.398+01:00 INFO : 25: generating IMRPhenomD from 30.0 Hz
2026-09-08T15:53:53.401+01:00 INFO : Decompressing waveform using inline_linear
2026-09-08T15:53:53.406+01:00 INFO : Filtering template 26/384 segment 1/5
2026-09-08T15:53:53.446+01:00 INFO : 2 points above threshold
2026-09-08T15:53:53.463+01:00 INFO : Filtering template 26/384 segment 2/5
2026-09-08T15:53:53.500+01:00 INFO : 1 points above threshold
2026-09-08T15:53:53.506+01:00 INFO : Filtering template 26/384 segment 3/5
2026-09-08T15:53:53.543+01:00 INFO : 2 points above threshold
2026-09-08T15:53:53.551+01:00 INFO : Filtering template 26/384 segment 4/5
2026-09-08T15:53:53.588+01:00 INFO : Filtering template 26/384 segment 5/5
2026-09-08T15:53:53.624+01:00 INFO : 1 points above threshold
2026-09-08T15:53:53.631+01:00 INFO : 26: generating IMRPhenomD from 30.0 Hz
2026-09-08T15:53:53.633+01:00 INFO : Decompressing waveform using inline_linear
2026-09-08T15:53:53.638+01:00 INFO : Filtering template 27/384 segment 1/5
2026-09-08T15:53:53.679+01:00 INFO : 1 points above threshold
2026-09-08T15:53:53.694+01:00 INFO : Filtering template 27/384 segment 2/5
2026-09-08T15:53:53.731+01:00 INFO : 4 points above threshold
2026-09-08T15:53:53.740+01:00 INFO : Filtering template 27/384 segment 3/5
2026-09-08T15:53:53.777+01:00 INFO : 1 points above threshold
2026-09-08T15:53:53.783+01:00 INFO : Filtering template 27/384 segment 4/5
2026-09-08T15:53:53.820+01:00 INFO : 1 points above threshold
2026-09-08T15:53:53.826+01:00 INFO : Filtering template 27/384 segment 5/5
2026-09-08T15:53:53.863+01:00 INFO : 27: generating IMRPhenomD from 30.0 Hz
2026-09-08T15:53:53.866+01:00 INFO : Decompressing waveform using inline_linear
2026-09-08T15:53:53.871+01:00 INFO : Filtering template 28/384 segment 1/5
2026-09-08T15:53:53.911+01:00 INFO : 2 points above threshold
2026-09-08T15:53:53.928+01:00 INFO : Filtering template 28/384 segment 2/5
2026-09-08T15:53:53.965+01:00 INFO : 1 points above threshold
2026-09-08T15:53:53.971+01:00 INFO : Filtering template 28/384 segment 3/5
2026-09-08T15:53:54.008+01:00 INFO : 1 points above threshold
2026-09-08T15:53:54.014+01:00 INFO : Filtering template 28/384 segment 4/5
2026-09-08T15:53:54.051+01:00 INFO : 1 points above threshold
2026-09-08T15:53:54.057+01:00 INFO : Filtering template 28/384 segment 5/5
2026-09-08T15:53:54.095+01:00 INFO : 28: generating IMRPhenomD from 30.0 Hz
2026-09-08T15:53:54.097+01:00 INFO : Decompressing waveform using inline_linear
2026-09-08T15:53:54.102+01:00 INFO : Filtering template 29/384 segment 1/5
2026-09-08T15:53:54.143+01:00 INFO : 2 points above threshold
2026-09-08T15:53:54.157+01:00 INFO : Filtering template 29/384 segment 2/5
2026-09-08T15:53:54.194+01:00 INFO : Filtering template 29/384 segment 3/5
2026-09-08T15:53:54.231+01:00 INFO : 2 points above threshold
2026-09-08T15:53:54.239+01:00 INFO : Filtering template 29/384 segment 4/5
2026-09-08T15:53:54.276+01:00 INFO : Filtering template 29/384 segment 5/5
2026-09-08T15:53:54.313+01:00 INFO : 1 points above threshold
2026-09-08T15:53:54.319+01:00 INFO : 29: generating IMRPhenomD from 30.0 Hz
2026-09-08T15:53:54.322+01:00 INFO : Decompressing waveform using inline_linear
2026-09-08T15:53:54.327+01:00 INFO : Filtering template 30/384 segment 1/5
2026-09-08T15:53:54.368+01:00 INFO : 1 points above threshold
2026-09-08T15:53:54.380+01:00 INFO : Filtering template 30/384 segment 2/5
2026-09-08T15:53:54.417+01:00 INFO : 2 points above threshold
2026-09-08T15:53:54.425+01:00 INFO : Filtering template 30/384 segment 3/5
2026-09-08T15:53:54.462+01:00 INFO : Filtering template 30/384 segment 4/5
2026-09-08T15:53:54.499+01:00 INFO : 3 points above threshold
2026-09-08T15:53:54.509+01:00 INFO : Filtering template 30/384 segment 5/5
2026-09-08T15:53:54.546+01:00 INFO : 2 points above threshold
2026-09-08T15:53:54.554+01:00 INFO : 30: generating IMRPhenomD from 30.0 Hz
2026-09-08T15:53:54.557+01:00 INFO : Decompressing waveform using inline_linear
2026-09-08T15:53:54.562+01:00 INFO : Filtering template 31/384 segment 1/5
2026-09-08T15:53:54.602+01:00 INFO : Filtering template 31/384 segment 2/5
2026-09-08T15:53:54.639+01:00 INFO : 1 points above threshold
2026-09-08T15:53:54.651+01:00 INFO : Filtering template 31/384 segment 3/5
2026-09-08T15:53:54.688+01:00 INFO : 2 points above threshold
2026-09-08T15:53:54.696+01:00 INFO : Filtering template 31/384 segment 4/5
2026-09-08T15:53:54.732+01:00 INFO : 1 points above threshold
2026-09-08T15:53:54.738+01:00 INFO : Filtering template 31/384 segment 5/5
2026-09-08T15:53:54.776+01:00 INFO : 2 points above threshold
2026-09-08T15:53:54.784+01:00 INFO : 31: generating IMRPhenomD from 30.0 Hz
2026-09-08T15:53:54.786+01:00 INFO : Decompressing waveform using inline_linear
2026-09-08T15:53:54.791+01:00 INFO : Filtering template 32/384 segment 1/5
2026-09-08T15:53:54.832+01:00 INFO : Filtering template 32/384 segment 2/5
2026-09-08T15:53:54.869+01:00 INFO : Filtering template 32/384 segment 3/5
2026-09-08T15:53:54.906+01:00 INFO : 2 points above threshold
2026-09-08T15:53:54.920+01:00 INFO : Filtering template 32/384 segment 4/5
2026-09-08T15:53:54.957+01:00 INFO : 1 points above threshold
2026-09-08T15:53:54.963+01:00 INFO : Filtering template 32/384 segment 5/5
2026-09-08T15:53:55.000+01:00 INFO : 2 points above threshold
2026-09-08T15:53:55.008+01:00 INFO : 32: generating IMRPhenomD from 30.0 Hz
2026-09-08T15:53:55.011+01:00 INFO : Decompressing waveform using inline_linear
2026-09-08T15:53:55.016+01:00 INFO : Filtering template 33/384 segment 1/5
2026-09-08T15:53:55.056+01:00 INFO : Filtering template 33/384 segment 2/5
2026-09-08T15:53:55.093+01:00 INFO : Filtering template 33/384 segment 3/5
2026-09-08T15:53:55.130+01:00 INFO : 1 points above threshold
2026-09-08T15:53:55.142+01:00 INFO : Filtering template 33/384 segment 4/5
2026-09-08T15:53:55.179+01:00 INFO : 2 points above threshold
2026-09-08T15:53:55.187+01:00 INFO : Filtering template 33/384 segment 5/5
2026-09-08T15:53:55.224+01:00 INFO : 2 points above threshold
2026-09-08T15:53:55.232+01:00 INFO : 33: generating IMRPhenomD from 30.0 Hz
2026-09-08T15:53:55.235+01:00 INFO : Decompressing waveform using inline_linear
2026-09-08T15:53:55.240+01:00 INFO : Filtering template 34/384 segment 1/5
2026-09-08T15:53:55.280+01:00 INFO : 1 points above threshold
2026-09-08T15:53:55.292+01:00 INFO : Filtering template 34/384 segment 2/5
2026-09-08T15:53:55.329+01:00 INFO : 1 points above threshold
2026-09-08T15:53:55.335+01:00 INFO : Filtering template 34/384 segment 3/5
2026-09-08T15:53:55.372+01:00 INFO : 2 points above threshold
2026-09-08T15:53:55.380+01:00 INFO : Filtering template 34/384 segment 4/5
2026-09-08T15:53:55.417+01:00 INFO : 1 points above threshold
2026-09-08T15:53:55.422+01:00 INFO : Filtering template 34/384 segment 5/5
2026-09-08T15:53:55.459+01:00 INFO : 2 points above threshold
2026-09-08T15:53:55.468+01:00 INFO : 34: generating IMRPhenomD from 30.0 Hz
2026-09-08T15:53:55.470+01:00 INFO : Decompressing waveform using inline_linear
2026-09-08T15:53:55.475+01:00 INFO : Filtering template 35/384 segment 1/5
2026-09-08T15:53:55.516+01:00 INFO : 5 points above threshold
2026-09-08T15:53:55.534+01:00 INFO : Filtering template 35/384 segment 2/5
2026-09-08T15:53:55.571+01:00 INFO : 1 points above threshold
2026-09-08T15:53:55.577+01:00 INFO : Filtering template 35/384 segment 3/5
2026-09-08T15:53:55.614+01:00 INFO : Filtering template 35/384 segment 4/5
2026-09-08T15:53:55.651+01:00 INFO : 1 points above threshold
2026-09-08T15:53:55.657+01:00 INFO : Filtering template 35/384 segment 5/5
2026-09-08T15:53:55.694+01:00 INFO : 2 points above threshold
2026-09-08T15:53:55.702+01:00 INFO : 35: generating IMRPhenomD from 30.0 Hz
2026-09-08T15:53:55.705+01:00 INFO : Decompressing waveform using inline_linear
2026-09-08T15:53:55.710+01:00 INFO : Filtering template 36/384 segment 1/5
2026-09-08T15:53:55.750+01:00 INFO : 1 points above threshold
2026-09-08T15:53:55.765+01:00 INFO : Filtering template 36/384 segment 2/5
2026-09-08T15:53:55.802+01:00 INFO : 1 points above threshold
2026-09-08T15:53:55.808+01:00 INFO : Filtering template 36/384 segment 3/5
2026-09-08T15:53:55.844+01:00 INFO : Filtering template 36/384 segment 4/5
2026-09-08T15:53:55.881+01:00 INFO : 1 points above threshold
2026-09-08T15:53:55.887+01:00 INFO : Filtering template 36/384 segment 5/5
2026-09-08T15:53:55.925+01:00 INFO : 1 points above threshold
2026-09-08T15:53:55.931+01:00 INFO : 36: generating IMRPhenomD from 30.0 Hz
2026-09-08T15:53:55.933+01:00 INFO : Decompressing waveform using inline_linear
2026-09-08T15:53:55.938+01:00 INFO : Filtering template 37/384 segment 1/5
2026-09-08T15:53:55.979+01:00 INFO : 1 points above threshold
2026-09-08T15:53:55.994+01:00 INFO : Filtering template 37/384 segment 2/5
2026-09-08T15:53:56.031+01:00 INFO : Filtering template 37/384 segment 3/5
2026-09-08T15:53:56.068+01:00 INFO : 1 points above threshold
2026-09-08T15:53:56.074+01:00 INFO : Filtering template 37/384 segment 4/5
2026-09-08T15:53:56.111+01:00 INFO : Filtering template 37/384 segment 5/5
2026-09-08T15:53:56.148+01:00 INFO : 37: generating IMRPhenomD from 30.0 Hz
2026-09-08T15:53:56.151+01:00 INFO : Decompressing waveform using inline_linear
2026-09-08T15:53:56.156+01:00 INFO : Filtering template 38/384 segment 1/5
2026-09-08T15:53:56.196+01:00 INFO : Filtering template 38/384 segment 2/5
2026-09-08T15:53:56.233+01:00 INFO : Filtering template 38/384 segment 3/5
2026-09-08T15:53:56.270+01:00 INFO : 1 points above threshold
2026-09-08T15:53:56.285+01:00 INFO : Filtering template 38/384 segment 4/5
2026-09-08T15:53:56.322+01:00 INFO : 1 points above threshold
2026-09-08T15:53:56.328+01:00 INFO : Filtering template 38/384 segment 5/5
2026-09-08T15:53:56.365+01:00 INFO : 38: generating IMRPhenomD from 30.0 Hz
2026-09-08T15:53:56.367+01:00 INFO : Decompressing waveform using inline_linear
2026-09-08T15:53:56.372+01:00 INFO : Filtering template 39/384 segment 1/5
2026-09-08T15:53:56.413+01:00 INFO : Filtering template 39/384 segment 2/5
2026-09-08T15:53:56.450+01:00 INFO : Filtering template 39/384 segment 3/5
2026-09-08T15:53:56.487+01:00 INFO : Filtering template 39/384 segment 4/5
2026-09-08T15:53:56.524+01:00 INFO : 3 points above threshold
2026-09-08T15:53:56.543+01:00 INFO : Filtering template 39/384 segment 5/5
2026-09-08T15:53:56.580+01:00 INFO : 2 points above threshold
2026-09-08T15:53:56.588+01:00 INFO : 39: generating IMRPhenomD from 30.0 Hz
2026-09-08T15:53:56.591+01:00 INFO : Decompressing waveform using inline_linear
2026-09-08T15:53:56.596+01:00 INFO : Filtering template 40/384 segment 1/5
2026-09-08T15:53:56.636+01:00 INFO : 3 points above threshold
2026-09-08T15:53:56.653+01:00 INFO : Filtering template 40/384 segment 2/5
2026-09-08T15:53:56.690+01:00 INFO : 1 points above threshold
2026-09-08T15:53:56.696+01:00 INFO : Filtering template 40/384 segment 3/5
2026-09-08T15:53:56.733+01:00 INFO : 1 points above threshold
2026-09-08T15:53:56.738+01:00 INFO : Filtering template 40/384 segment 4/5
2026-09-08T15:53:56.775+01:00 INFO : 2 points above threshold
2026-09-08T15:53:56.783+01:00 INFO : Filtering template 40/384 segment 5/5
2026-09-08T15:53:56.820+01:00 INFO : 1 points above threshold
2026-09-08T15:53:56.827+01:00 INFO : 40: generating IMRPhenomD from 30.0 Hz
2026-09-08T15:53:56.829+01:00 INFO : Decompressing waveform using inline_linear
2026-09-08T15:53:56.834+01:00 INFO : Filtering template 41/384 segment 1/5
2026-09-08T15:53:56.875+01:00 INFO : Filtering template 41/384 segment 2/5
2026-09-08T15:53:56.912+01:00 INFO : 1 points above threshold
2026-09-08T15:53:56.924+01:00 INFO : Filtering template 41/384 segment 3/5
2026-09-08T15:53:56.961+01:00 INFO : Filtering template 41/384 segment 4/5
2026-09-08T15:53:56.999+01:00 INFO : Filtering template 41/384 segment 5/5
2026-09-08T15:53:57.036+01:00 INFO : 41: generating IMRPhenomD from 30.0 Hz
2026-09-08T15:53:57.038+01:00 INFO : Decompressing waveform using inline_linear
2026-09-08T15:53:57.043+01:00 INFO : Filtering template 42/384 segment 1/5
2026-09-08T15:53:57.084+01:00 INFO : 2 points above threshold
2026-09-08T15:53:57.098+01:00 INFO : Filtering template 42/384 segment 2/5
2026-09-08T15:53:57.135+01:00 INFO : Filtering template 42/384 segment 3/5
2026-09-08T15:53:57.172+01:00 INFO : 2 points above threshold
2026-09-08T15:53:57.179+01:00 INFO : Filtering template 42/384 segment 4/5
2026-09-08T15:53:57.216+01:00 INFO : 3 points above threshold
2026-09-08T15:53:57.226+01:00 INFO : Filtering template 42/384 segment 5/5
2026-09-08T15:53:57.263+01:00 INFO : 2 points above threshold
2026-09-08T15:53:57.271+01:00 INFO : 42: generating IMRPhenomD from 30.0 Hz
2026-09-08T15:53:57.274+01:00 INFO : Decompressing waveform using inline_linear
2026-09-08T15:53:57.279+01:00 INFO : Filtering template 43/384 segment 1/5
2026-09-08T15:53:57.319+01:00 INFO : 3 points above threshold
2026-09-08T15:53:57.336+01:00 INFO : Filtering template 43/384 segment 2/5
2026-09-08T15:53:57.373+01:00 INFO : 2 points above threshold
2026-09-08T15:53:57.381+01:00 INFO : Filtering template 43/384 segment 3/5
2026-09-08T15:53:57.417+01:00 INFO : Filtering template 43/384 segment 4/5
2026-09-08T15:53:57.454+01:00 INFO : Filtering template 43/384 segment 5/5
2026-09-08T15:53:57.491+01:00 INFO : 1 points above threshold
2026-09-08T15:53:57.498+01:00 INFO : 43: generating IMRPhenomD from 30.0 Hz
2026-09-08T15:53:57.500+01:00 INFO : Decompressing waveform using inline_linear
2026-09-08T15:53:57.505+01:00 INFO : Filtering template 44/384 segment 1/5
2026-09-08T15:53:57.545+01:00 INFO : Filtering template 44/384 segment 2/5
2026-09-08T15:53:57.582+01:00 INFO : 2 points above threshold
2026-09-08T15:53:57.596+01:00 INFO : Filtering template 44/384 segment 3/5
2026-09-08T15:53:57.633+01:00 INFO : Filtering template 44/384 segment 4/5
2026-09-08T15:53:57.671+01:00 INFO : 1 points above threshold
2026-09-08T15:53:57.676+01:00 INFO : Filtering template 44/384 segment 5/5
2026-09-08T15:53:57.713+01:00 INFO : 2 points above threshold
2026-09-08T15:53:57.721+01:00 INFO : 44: generating IMRPhenomD from 30.0 Hz
2026-09-08T15:53:57.724+01:00 INFO : Decompressing waveform using inline_linear
2026-09-08T15:53:57.729+01:00 INFO : Filtering template 45/384 segment 1/5
2026-09-08T15:53:57.769+01:00 INFO : 1 points above threshold
2026-09-08T15:53:57.781+01:00 INFO : Filtering template 45/384 segment 2/5
2026-09-08T15:53:57.818+01:00 INFO : Filtering template 45/384 segment 3/5
2026-09-08T15:53:57.856+01:00 INFO : 1 points above threshold
2026-09-08T15:53:57.862+01:00 INFO : Filtering template 45/384 segment 4/5
2026-09-08T15:53:57.899+01:00 INFO : Filtering template 45/384 segment 5/5
2026-09-08T15:53:57.936+01:00 INFO : 2 points above threshold
2026-09-08T15:53:57.944+01:00 INFO : 45: generating IMRPhenomD from 30.0 Hz
2026-09-08T15:53:57.947+01:00 INFO : Decompressing waveform using inline_linear
2026-09-08T15:53:57.952+01:00 INFO : Filtering template 46/384 segment 1/5
2026-09-08T15:53:57.992+01:00 INFO : 3 points above threshold
2026-09-08T15:53:58.009+01:00 INFO : Filtering template 46/384 segment 2/5
2026-09-08T15:53:58.046+01:00 INFO : 1 points above threshold
2026-09-08T15:53:58.052+01:00 INFO : Filtering template 46/384 segment 3/5
2026-09-08T15:53:58.088+01:00 INFO : 1 points above threshold
2026-09-08T15:53:58.094+01:00 INFO : Filtering template 46/384 segment 4/5
2026-09-08T15:53:58.131+01:00 INFO : Filtering template 46/384 segment 5/5
2026-09-08T15:53:58.168+01:00 INFO : 1 points above threshold
2026-09-08T15:53:58.174+01:00 INFO : 46: generating IMRPhenomD from 30.0 Hz
2026-09-08T15:53:58.177+01:00 INFO : Decompressing waveform using inline_linear
2026-09-08T15:53:58.182+01:00 INFO : Filtering template 47/384 segment 1/5
2026-09-08T15:53:58.222+01:00 INFO : 1 points above threshold
2026-09-08T15:53:58.234+01:00 INFO : Filtering template 47/384 segment 2/5
2026-09-08T15:53:58.271+01:00 INFO : 1 points above threshold
2026-09-08T15:53:58.277+01:00 INFO : Filtering template 47/384 segment 3/5
2026-09-08T15:53:58.314+01:00 INFO : 1 points above threshold
2026-09-08T15:53:58.320+01:00 INFO : Filtering template 47/384 segment 4/5
2026-09-08T15:53:58.357+01:00 INFO : 1 points above threshold
2026-09-08T15:53:58.363+01:00 INFO : Filtering template 47/384 segment 5/5
2026-09-08T15:53:58.400+01:00 INFO : 1 points above threshold
2026-09-08T15:53:58.406+01:00 INFO : 47: generating IMRPhenomD from 30.0 Hz
2026-09-08T15:53:58.409+01:00 INFO : Decompressing waveform using inline_linear
2026-09-08T15:53:58.414+01:00 INFO : Filtering template 48/384 segment 1/5
2026-09-08T15:53:58.454+01:00 INFO : 3 points above threshold
2026-09-08T15:53:58.470+01:00 INFO : Filtering template 48/384 segment 2/5
2026-09-08T15:53:58.507+01:00 INFO : 3 points above threshold
2026-09-08T15:53:58.517+01:00 INFO : Filtering template 48/384 segment 3/5
2026-09-08T15:53:58.554+01:00 INFO : Filtering template 48/384 segment 4/5
2026-09-08T15:53:58.591+01:00 INFO : 1 points above threshold
2026-09-08T15:53:58.597+01:00 INFO : Filtering template 48/384 segment 5/5
2026-09-08T15:53:58.634+01:00 INFO : 48: generating IMRPhenomD from 30.0 Hz
2026-09-08T15:53:58.637+01:00 INFO : Decompressing waveform using inline_linear
2026-09-08T15:53:58.642+01:00 INFO : Filtering template 49/384 segment 1/5
2026-09-08T15:53:58.682+01:00 INFO : 3 points above threshold
2026-09-08T15:53:58.698+01:00 INFO : Filtering template 49/384 segment 2/5
2026-09-08T15:53:58.735+01:00 INFO : 1 points above threshold
2026-09-08T15:53:58.741+01:00 INFO : Filtering template 49/384 segment 3/5
2026-09-08T15:53:58.778+01:00 INFO : 1 points above threshold
2026-09-08T15:53:58.784+01:00 INFO : Filtering template 49/384 segment 4/5
2026-09-08T15:53:58.821+01:00 INFO : Filtering template 49/384 segment 5/5
2026-09-08T15:53:58.859+01:00 INFO : 49: generating IMRPhenomD from 30.0 Hz
2026-09-08T15:53:58.861+01:00 INFO : Decompressing waveform using inline_linear
2026-09-08T15:53:58.866+01:00 INFO : Filtering template 50/384 segment 1/5
2026-09-08T15:53:58.906+01:00 INFO : Filtering template 50/384 segment 2/5
2026-09-08T15:53:58.943+01:00 INFO : 2 points above threshold
2026-09-08T15:53:58.958+01:00 INFO : Filtering template 50/384 segment 3/5
2026-09-08T15:53:58.995+01:00 INFO : 5 points above threshold
2026-09-08T15:53:59.007+01:00 INFO : Filtering template 50/384 segment 4/5
2026-09-08T15:53:59.044+01:00 INFO : 3 points above threshold
2026-09-08T15:53:59.054+01:00 INFO : Filtering template 50/384 segment 5/5
2026-09-08T15:53:59.091+01:00 INFO : 2 points above threshold
2026-09-08T15:53:59.100+01:00 INFO : 50: generating IMRPhenomD from 30.0 Hz
2026-09-08T15:53:59.102+01:00 INFO : Decompressing waveform using inline_linear
2026-09-08T15:53:59.107+01:00 INFO : Filtering template 51/384 segment 1/5
2026-09-08T15:53:59.148+01:00 INFO : 1 points above threshold
2026-09-08T15:53:59.160+01:00 INFO : Filtering template 51/384 segment 2/5
2026-09-08T15:53:59.197+01:00 INFO : 1 points above threshold
2026-09-08T15:53:59.203+01:00 INFO : Filtering template 51/384 segment 3/5
2026-09-08T15:53:59.240+01:00 INFO : 3 points above threshold
2026-09-08T15:53:59.250+01:00 INFO : Filtering template 51/384 segment 4/5
2026-09-08T15:53:59.287+01:00 INFO : 1 points above threshold
2026-09-08T15:53:59.293+01:00 INFO : Filtering template 51/384 segment 5/5
2026-09-08T15:53:59.330+01:00 INFO : 3 points above threshold
2026-09-08T15:53:59.340+01:00 INFO : 51: generating IMRPhenomD from 30.0 Hz
2026-09-08T15:53:59.342+01:00 INFO : Decompressing waveform using inline_linear
2026-09-08T15:53:59.347+01:00 INFO : Filtering template 52/384 segment 1/5
2026-09-08T15:53:59.388+01:00 INFO : 2 points above threshold
2026-09-08T15:53:59.402+01:00 INFO : Filtering template 52/384 segment 2/5
2026-09-08T15:53:59.439+01:00 INFO : 1 points above threshold
2026-09-08T15:53:59.445+01:00 INFO : Filtering template 52/384 segment 3/5
2026-09-08T15:53:59.482+01:00 INFO : Filtering template 52/384 segment 4/5
2026-09-08T15:53:59.520+01:00 INFO : 1 points above threshold
2026-09-08T15:53:59.526+01:00 INFO : Filtering template 52/384 segment 5/5
2026-09-08T15:53:59.562+01:00 INFO : 2 points above threshold
2026-09-08T15:53:59.571+01:00 INFO : 52: generating IMRPhenomD from 30.0 Hz
2026-09-08T15:53:59.573+01:00 INFO : Decompressing waveform using inline_linear
2026-09-08T15:53:59.578+01:00 INFO : Filtering template 53/384 segment 1/5
2026-09-08T15:53:59.618+01:00 INFO : 1 points above threshold
2026-09-08T15:53:59.630+01:00 INFO : Filtering template 53/384 segment 2/5
2026-09-08T15:53:59.667+01:00 INFO : 3 points above threshold
2026-09-08T15:53:59.677+01:00 INFO : Filtering template 53/384 segment 3/5
2026-09-08T15:53:59.714+01:00 INFO : Filtering template 53/384 segment 4/5
2026-09-08T15:53:59.751+01:00 INFO : 1 points above threshold
2026-09-08T15:53:59.757+01:00 INFO : Filtering template 53/384 segment 5/5
2026-09-08T15:53:59.795+01:00 INFO : 53: generating IMRPhenomD from 30.0 Hz
2026-09-08T15:53:59.797+01:00 INFO : Decompressing waveform using inline_linear
2026-09-08T15:53:59.802+01:00 INFO : Filtering template 54/384 segment 1/5
2026-09-08T15:53:59.843+01:00 INFO : 3 points above threshold
2026-09-08T15:53:59.859+01:00 INFO : Filtering template 54/384 segment 2/5
2026-09-08T15:53:59.896+01:00 INFO : 4 points above threshold
2026-09-08T15:53:59.905+01:00 INFO : Filtering template 54/384 segment 3/5
2026-09-08T15:53:59.942+01:00 INFO : Filtering template 54/384 segment 4/5
2026-09-08T15:53:59.979+01:00 INFO : 2 points above threshold
2026-09-08T15:53:59.987+01:00 INFO : Filtering template 54/384 segment 5/5
2026-09-08T15:54:00.024+01:00 INFO : 2 points above threshold
2026-09-08T15:54:00.032+01:00 INFO : 54: generating IMRPhenomD from 30.0 Hz
2026-09-08T15:54:00.034+01:00 INFO : Decompressing waveform using inline_linear
2026-09-08T15:54:00.039+01:00 INFO : Filtering template 55/384 segment 1/5
2026-09-08T15:54:00.080+01:00 INFO : Filtering template 55/384 segment 2/5
2026-09-08T15:54:00.117+01:00 INFO : 2 points above threshold
2026-09-08T15:54:00.134+01:00 INFO : Filtering template 55/384 segment 3/5
2026-09-08T15:54:00.171+01:00 INFO : Filtering template 55/384 segment 4/5
2026-09-08T15:54:00.208+01:00 INFO : Filtering template 55/384 segment 5/5
2026-09-08T15:54:00.245+01:00 INFO : 1 points above threshold
2026-09-08T15:54:00.251+01:00 INFO : 55: generating IMRPhenomD from 30.0 Hz
2026-09-08T15:54:00.254+01:00 INFO : Decompressing waveform using inline_linear
2026-09-08T15:54:00.259+01:00 INFO : Filtering template 56/384 segment 1/5
2026-09-08T15:54:00.299+01:00 INFO : 1 points above threshold
2026-09-08T15:54:00.314+01:00 INFO : Filtering template 56/384 segment 2/5
2026-09-08T15:54:00.351+01:00 INFO : Filtering template 56/384 segment 3/5
2026-09-08T15:54:00.388+01:00 INFO : 2 points above threshold
2026-09-08T15:54:00.396+01:00 INFO : Filtering template 56/384 segment 4/5
2026-09-08T15:54:00.433+01:00 INFO : 1 points above threshold
2026-09-08T15:54:00.439+01:00 INFO : Filtering template 56/384 segment 5/5
2026-09-08T15:54:00.476+01:00 INFO : 56: generating IMRPhenomD from 30.0 Hz
2026-09-08T15:54:00.479+01:00 INFO : Decompressing waveform using inline_linear
2026-09-08T15:54:00.484+01:00 INFO : Filtering template 57/384 segment 1/5
2026-09-08T15:54:00.524+01:00 INFO : 2 points above threshold
2026-09-08T15:54:00.541+01:00 INFO : Filtering template 57/384 segment 2/5
2026-09-08T15:54:00.578+01:00 INFO : 1 points above threshold
2026-09-08T15:54:00.586+01:00 INFO : Filtering template 57/384 segment 3/5
2026-09-08T15:54:00.623+01:00 INFO : Filtering template 57/384 segment 4/5
2026-09-08T15:54:00.660+01:00 INFO : 1 points above threshold
2026-09-08T15:54:00.669+01:00 INFO : Filtering template 57/384 segment 5/5
2026-09-08T15:54:00.706+01:00 INFO : 57: generating IMRPhenomD from 30.0 Hz
2026-09-08T15:54:00.709+01:00 INFO : Decompressing waveform using inline_linear
2026-09-08T15:54:00.714+01:00 INFO : Filtering template 58/384 segment 1/5
2026-09-08T15:54:00.754+01:00 INFO : 2 points above threshold
2026-09-08T15:54:00.771+01:00 INFO : Filtering template 58/384 segment 2/5
2026-09-08T15:54:00.808+01:00 INFO : 2 points above threshold
2026-09-08T15:54:00.816+01:00 INFO : Filtering template 58/384 segment 3/5
2026-09-08T15:54:00.853+01:00 INFO : Filtering template 58/384 segment 4/5
2026-09-08T15:54:00.890+01:00 INFO : 1 points above threshold
2026-09-08T15:54:00.896+01:00 INFO : Filtering template 58/384 segment 5/5
2026-09-08T15:54:00.934+01:00 INFO : 1 points above threshold
2026-09-08T15:54:00.940+01:00 INFO : 58: generating IMRPhenomD from 30.0 Hz
2026-09-08T15:54:00.942+01:00 INFO : Decompressing waveform using inline_linear
2026-09-08T15:54:00.947+01:00 INFO : Filtering template 59/384 segment 1/5
2026-09-08T15:54:00.988+01:00 INFO : 1 points above threshold
2026-09-08T15:54:01.000+01:00 INFO : Filtering template 59/384 segment 2/5
2026-09-08T15:54:01.037+01:00 INFO : Filtering template 59/384 segment 3/5
2026-09-08T15:54:01.074+01:00 INFO : 1 points above threshold
2026-09-08T15:54:01.080+01:00 INFO : Filtering template 59/384 segment 4/5
2026-09-08T15:54:01.117+01:00 INFO : Filtering template 59/384 segment 5/5
2026-09-08T15:54:01.155+01:00 INFO : 59: generating IMRPhenomD from 30.0 Hz
2026-09-08T15:54:01.157+01:00 INFO : Decompressing waveform using inline_linear
2026-09-08T15:54:01.162+01:00 INFO : Filtering template 60/384 segment 1/5
2026-09-08T15:54:01.203+01:00 INFO : 2 points above threshold
2026-09-08T15:54:01.217+01:00 INFO : Filtering template 60/384 segment 2/5
2026-09-08T15:54:01.254+01:00 INFO : 1 points above threshold
2026-09-08T15:54:01.260+01:00 INFO : Filtering template 60/384 segment 3/5
2026-09-08T15:54:01.297+01:00 INFO : Filtering template 60/384 segment 4/5
2026-09-08T15:54:01.334+01:00 INFO : 1 points above threshold
2026-09-08T15:54:01.340+01:00 INFO : Filtering template 60/384 segment 5/5
2026-09-08T15:54:01.377+01:00 INFO : 1 points above threshold
2026-09-08T15:54:01.383+01:00 INFO : 60: generating IMRPhenomD from 30.0 Hz
2026-09-08T15:54:01.386+01:00 INFO : Decompressing waveform using inline_linear
2026-09-08T15:54:01.390+01:00 INFO : Filtering template 61/384 segment 1/5
2026-09-08T15:54:01.431+01:00 INFO : 2 points above threshold
2026-09-08T15:54:01.445+01:00 INFO : Filtering template 61/384 segment 2/5
2026-09-08T15:54:01.482+01:00 INFO : Filtering template 61/384 segment 3/5
2026-09-08T15:54:01.519+01:00 INFO : Filtering template 61/384 segment 4/5
2026-09-08T15:54:01.556+01:00 INFO : 4 points above threshold
2026-09-08T15:54:01.565+01:00 INFO : Filtering template 61/384 segment 5/5
2026-09-08T15:54:01.602+01:00 INFO : 2 points above threshold
2026-09-08T15:54:01.610+01:00 INFO : 61: generating IMRPhenomD from 30.0 Hz
2026-09-08T15:54:01.613+01:00 INFO : Decompressing waveform using inline_linear
2026-09-08T15:54:01.618+01:00 INFO : Filtering template 62/384 segment 1/5
2026-09-08T15:54:01.658+01:00 INFO : 1 points above threshold
2026-09-08T15:54:01.670+01:00 INFO : Filtering template 62/384 segment 2/5
2026-09-08T15:54:01.707+01:00 INFO : 3 points above threshold
2026-09-08T15:54:01.717+01:00 INFO : Filtering template 62/384 segment 3/5
2026-09-08T15:54:01.754+01:00 INFO : 2 points above threshold
2026-09-08T15:54:01.762+01:00 INFO : Filtering template 62/384 segment 4/5
2026-09-08T15:54:01.799+01:00 INFO : 1 points above threshold
2026-09-08T15:54:01.805+01:00 INFO : Filtering template 62/384 segment 5/5
2026-09-08T15:54:01.842+01:00 INFO : 3 points above threshold
2026-09-08T15:54:01.852+01:00 INFO : 62: generating IMRPhenomD from 30.0 Hz
2026-09-08T15:54:01.855+01:00 INFO : Decompressing waveform using inline_linear
2026-09-08T15:54:01.860+01:00 INFO : Filtering template 63/384 segment 1/5
2026-09-08T15:54:01.900+01:00 INFO : 1 points above threshold
2026-09-08T15:54:01.912+01:00 INFO : Filtering template 63/384 segment 2/5
2026-09-08T15:54:01.949+01:00 INFO : 1 points above threshold
2026-09-08T15:54:01.955+01:00 INFO : Filtering template 63/384 segment 3/5
2026-09-08T15:54:01.993+01:00 INFO : 2 points above threshold
2026-09-08T15:54:02.000+01:00 INFO : Filtering template 63/384 segment 4/5
2026-09-08T15:54:02.037+01:00 INFO : Filtering template 63/384 segment 5/5
2026-09-08T15:54:02.074+01:00 INFO : 1 points above threshold
2026-09-08T15:54:02.081+01:00 INFO : 63: generating IMRPhenomD from 30.0 Hz
2026-09-08T15:54:02.083+01:00 INFO : Decompressing waveform using inline_linear
2026-09-08T15:54:02.088+01:00 INFO : Filtering template 64/384 segment 1/5
2026-09-08T15:54:02.128+01:00 INFO : 2 points above threshold
2026-09-08T15:54:02.142+01:00 INFO : Filtering template 64/384 segment 2/5
2026-09-08T15:54:02.179+01:00 INFO : 2 points above threshold
2026-09-08T15:54:02.187+01:00 INFO : Filtering template 64/384 segment 3/5
2026-09-08T15:54:02.224+01:00 INFO : Filtering template 64/384 segment 4/5
2026-09-08T15:54:02.261+01:00 INFO : 4 points above threshold
2026-09-08T15:54:02.271+01:00 INFO : Filtering template 64/384 segment 5/5
2026-09-08T15:54:02.308+01:00 INFO : 1 points above threshold
2026-09-08T15:54:02.314+01:00 INFO : 64: generating IMRPhenomD from 30.0 Hz
2026-09-08T15:54:02.317+01:00 INFO : Decompressing waveform using inline_linear
2026-09-08T15:54:02.322+01:00 INFO : Filtering template 65/384 segment 1/5
2026-09-08T15:54:02.362+01:00 INFO : 2 points above threshold
2026-09-08T15:54:02.377+01:00 INFO : Filtering template 65/384 segment 2/5
2026-09-08T15:54:02.414+01:00 INFO : 1 points above threshold
2026-09-08T15:54:02.420+01:00 INFO : Filtering template 65/384 segment 3/5
2026-09-08T15:54:02.457+01:00 INFO : 1 points above threshold
2026-09-08T15:54:02.463+01:00 INFO : Filtering template 65/384 segment 4/5
2026-09-08T15:54:02.500+01:00 INFO : 1 points above threshold
2026-09-08T15:54:02.506+01:00 INFO : Filtering template 65/384 segment 5/5
2026-09-08T15:54:02.542+01:00 INFO : 1 points above threshold
2026-09-08T15:54:02.549+01:00 INFO : 65: generating IMRPhenomD from 30.0 Hz
2026-09-08T15:54:02.551+01:00 INFO : Decompressing waveform using inline_linear
2026-09-08T15:54:02.556+01:00 INFO : Filtering template 66/384 segment 1/5
2026-09-08T15:54:02.597+01:00 INFO : Filtering template 66/384 segment 2/5
2026-09-08T15:54:02.633+01:00 INFO : 2 points above threshold
2026-09-08T15:54:02.647+01:00 INFO : Filtering template 66/384 segment 3/5
2026-09-08T15:54:02.684+01:00 INFO : 1 points above threshold
2026-09-08T15:54:02.690+01:00 INFO : Filtering template 66/384 segment 4/5
2026-09-08T15:54:02.727+01:00 INFO : 1 points above threshold
2026-09-08T15:54:02.733+01:00 INFO : Filtering template 66/384 segment 5/5
2026-09-08T15:54:02.770+01:00 INFO : 1 points above threshold
2026-09-08T15:54:02.776+01:00 INFO : 66: generating IMRPhenomD from 30.0 Hz
2026-09-08T15:54:02.779+01:00 INFO : Decompressing waveform using inline_linear
2026-09-08T15:54:02.784+01:00 INFO : Filtering template 67/384 segment 1/5
2026-09-08T15:54:02.824+01:00 INFO : 1 points above threshold
2026-09-08T15:54:02.836+01:00 INFO : Filtering template 67/384 segment 2/5
2026-09-08T15:54:02.873+01:00 INFO : 1 points above threshold
2026-09-08T15:54:02.879+01:00 INFO : Filtering template 67/384 segment 3/5
2026-09-08T15:54:02.916+01:00 INFO : 2 points above threshold
2026-09-08T15:54:02.924+01:00 INFO : Filtering template 67/384 segment 4/5
2026-09-08T15:54:02.961+01:00 INFO : 1 points above threshold
2026-09-08T15:54:02.967+01:00 INFO : Filtering template 67/384 segment 5/5
2026-09-08T15:54:03.004+01:00 INFO : 1 points above threshold
2026-09-08T15:54:03.011+01:00 INFO : 67: generating IMRPhenomD from 30.0 Hz
2026-09-08T15:54:03.013+01:00 INFO : Decompressing waveform using inline_linear
2026-09-08T15:54:03.018+01:00 INFO : Filtering template 68/384 segment 1/5
2026-09-08T15:54:03.059+01:00 INFO : 2 points above threshold
2026-09-08T15:54:03.073+01:00 INFO : Filtering template 68/384 segment 2/5
2026-09-08T15:54:03.110+01:00 INFO : 1 points above threshold
2026-09-08T15:54:03.116+01:00 INFO : Filtering template 68/384 segment 3/5
2026-09-08T15:54:03.153+01:00 INFO : Filtering template 68/384 segment 4/5
2026-09-08T15:54:03.190+01:00 INFO : 2 points above threshold
2026-09-08T15:54:03.198+01:00 INFO : Filtering template 68/384 segment 5/5
2026-09-08T15:54:03.235+01:00 INFO : 1 points above threshold
2026-09-08T15:54:03.241+01:00 INFO : 68: generating IMRPhenomD from 30.0 Hz
2026-09-08T15:54:03.243+01:00 INFO : Decompressing waveform using inline_linear
2026-09-08T15:54:03.248+01:00 INFO : Filtering template 69/384 segment 1/5
2026-09-08T15:54:03.289+01:00 INFO : 1 points above threshold
2026-09-08T15:54:03.301+01:00 INFO : Filtering template 69/384 segment 2/5
2026-09-08T15:54:03.338+01:00 INFO : 1 points above threshold
2026-09-08T15:54:03.344+01:00 INFO : Filtering template 69/384 segment 3/5
2026-09-08T15:54:03.381+01:00 INFO : 1 points above threshold
2026-09-08T15:54:03.387+01:00 INFO : Filtering template 69/384 segment 4/5
2026-09-08T15:54:03.424+01:00 INFO : Filtering template 69/384 segment 5/5
2026-09-08T15:54:03.461+01:00 INFO : 1 points above threshold
2026-09-08T15:54:03.467+01:00 INFO : 69: generating IMRPhenomD from 30.0 Hz
2026-09-08T15:54:03.470+01:00 INFO : Decompressing waveform using inline_linear
2026-09-08T15:54:03.475+01:00 INFO : Filtering template 70/384 segment 1/5
2026-09-08T15:54:03.515+01:00 INFO : Filtering template 70/384 segment 2/5
2026-09-08T15:54:03.552+01:00 INFO : Filtering template 70/384 segment 3/5
2026-09-08T15:54:03.589+01:00 INFO : 1 points above threshold
2026-09-08T15:54:03.601+01:00 INFO : Filtering template 70/384 segment 4/5
2026-09-08T15:54:03.638+01:00 INFO : 1 points above threshold
2026-09-08T15:54:03.644+01:00 INFO : Filtering template 70/384 segment 5/5
2026-09-08T15:54:03.681+01:00 INFO : 1 points above threshold
2026-09-08T15:54:03.687+01:00 INFO : 70: generating IMRPhenomD from 30.0 Hz
2026-09-08T15:54:03.690+01:00 INFO : Decompressing waveform using inline_linear
2026-09-08T15:54:03.695+01:00 INFO : Filtering template 71/384 segment 1/5
2026-09-08T15:54:03.735+01:00 INFO : 1 points above threshold
2026-09-08T15:54:03.747+01:00 INFO : Filtering template 71/384 segment 2/5
2026-09-08T15:54:03.784+01:00 INFO : 1 points above threshold
2026-09-08T15:54:03.790+01:00 INFO : Filtering template 71/384 segment 3/5
2026-09-08T15:54:03.827+01:00 INFO : 1 points above threshold
2026-09-08T15:54:03.833+01:00 INFO : Filtering template 71/384 segment 4/5
2026-09-08T15:54:03.870+01:00 INFO : 3 points above threshold
2026-09-08T15:54:03.880+01:00 INFO : Filtering template 71/384 segment 5/5
2026-09-08T15:54:03.917+01:00 INFO : 71: generating IMRPhenomD from 30.0 Hz
2026-09-08T15:54:03.920+01:00 INFO : Decompressing waveform using inline_linear
2026-09-08T15:54:03.925+01:00 INFO : Filtering template 72/384 segment 1/5
2026-09-08T15:54:03.965+01:00 INFO : 1 points above threshold
2026-09-08T15:54:03.977+01:00 INFO : Filtering template 72/384 segment 2/5
2026-09-08T15:54:04.014+01:00 INFO : 2 points above threshold
2026-09-08T15:54:04.022+01:00 INFO : Filtering template 72/384 segment 3/5
2026-09-08T15:54:04.059+01:00 INFO : 1 points above threshold
2026-09-08T15:54:04.065+01:00 INFO : Filtering template 72/384 segment 4/5
2026-09-08T15:54:04.102+01:00 INFO : Filtering template 72/384 segment 5/5
2026-09-08T15:54:04.139+01:00 INFO : 1 points above threshold
2026-09-08T15:54:04.146+01:00 INFO : 72: generating IMRPhenomD from 30.0 Hz
2026-09-08T15:54:04.148+01:00 INFO : Decompressing waveform using inline_linear
2026-09-08T15:54:04.153+01:00 INFO : Filtering template 73/384 segment 1/5
2026-09-08T15:54:04.194+01:00 INFO : Filtering template 73/384 segment 2/5
2026-09-08T15:54:04.231+01:00 INFO : 1 points above threshold
2026-09-08T15:54:04.243+01:00 INFO : Filtering template 73/384 segment 3/5
2026-09-08T15:54:04.280+01:00 INFO : 2 points above threshold
2026-09-08T15:54:04.287+01:00 INFO : Filtering template 73/384 segment 4/5
2026-09-08T15:54:04.324+01:00 INFO : 1 points above threshold
2026-09-08T15:54:04.330+01:00 INFO : Filtering template 73/384 segment 5/5
2026-09-08T15:54:04.367+01:00 INFO : 2 points above threshold
2026-09-08T15:54:04.375+01:00 INFO : 73: generating IMRPhenomD from 30.0 Hz
2026-09-08T15:54:04.378+01:00 INFO : Decompressing waveform using inline_linear
2026-09-08T15:54:04.383+01:00 INFO : Filtering template 74/384 segment 1/5
2026-09-08T15:54:04.423+01:00 INFO : Filtering template 74/384 segment 2/5
2026-09-08T15:54:04.460+01:00 INFO : Filtering template 74/384 segment 3/5
2026-09-08T15:54:04.497+01:00 INFO : Filtering template 74/384 segment 4/5
2026-09-08T15:54:04.535+01:00 INFO : 1 points above threshold
2026-09-08T15:54:04.547+01:00 INFO : Filtering template 74/384 segment 5/5
2026-09-08T15:54:04.584+01:00 INFO : 1 points above threshold
2026-09-08T15:54:04.590+01:00 INFO : 74: generating IMRPhenomD from 30.0 Hz
2026-09-08T15:54:04.592+01:00 INFO : Decompressing waveform using inline_linear
2026-09-08T15:54:04.597+01:00 INFO : Filtering template 75/384 segment 1/5
2026-09-08T15:54:04.638+01:00 INFO : 3 points above threshold
2026-09-08T15:54:04.657+01:00 INFO : Filtering template 75/384 segment 2/5
2026-09-08T15:54:04.694+01:00 INFO : Filtering template 75/384 segment 3/5
2026-09-08T15:54:04.731+01:00 INFO : 1 points above threshold
2026-09-08T15:54:04.737+01:00 INFO : Filtering template 75/384 segment 4/5
2026-09-08T15:54:04.773+01:00 INFO : 2 points above threshold
2026-09-08T15:54:04.781+01:00 INFO : Filtering template 75/384 segment 5/5
2026-09-08T15:54:04.819+01:00 INFO : 75: generating IMRPhenomD from 30.0 Hz
2026-09-08T15:54:04.821+01:00 INFO : Decompressing waveform using inline_linear
2026-09-08T15:54:04.826+01:00 INFO : Filtering template 76/384 segment 1/5
2026-09-08T15:54:04.867+01:00 INFO : 2 points above threshold
2026-09-08T15:54:04.884+01:00 INFO : Filtering template 76/384 segment 2/5
2026-09-08T15:54:04.921+01:00 INFO : Filtering template 76/384 segment 3/5
2026-09-08T15:54:04.958+01:00 INFO : 1 points above threshold
2026-09-08T15:54:04.964+01:00 INFO : Filtering template 76/384 segment 4/5
2026-09-08T15:54:05.001+01:00 INFO : 2 points above threshold
2026-09-08T15:54:05.009+01:00 INFO : Filtering template 76/384 segment 5/5
2026-09-08T15:54:05.045+01:00 INFO : 2 points above threshold
2026-09-08T15:54:05.054+01:00 INFO : 76: generating IMRPhenomD from 30.0 Hz
2026-09-08T15:54:05.056+01:00 INFO : Decompressing waveform using inline_linear
2026-09-08T15:54:05.061+01:00 INFO : Filtering template 77/384 segment 1/5
2026-09-08T15:54:05.101+01:00 INFO : Filtering template 77/384 segment 2/5
2026-09-08T15:54:05.138+01:00 INFO : Filtering template 77/384 segment 3/5
2026-09-08T15:54:05.176+01:00 INFO : Filtering template 77/384 segment 4/5
2026-09-08T15:54:05.213+01:00 INFO : 2 points above threshold
2026-09-08T15:54:05.229+01:00 INFO : Filtering template 77/384 segment 5/5
2026-09-08T15:54:05.266+01:00 INFO : 77: generating IMRPhenomD from 30.0 Hz
2026-09-08T15:54:05.269+01:00 INFO : Decompressing waveform using inline_linear
2026-09-08T15:54:05.274+01:00 INFO : Filtering template 78/384 segment 1/5
2026-09-08T15:54:05.314+01:00 INFO : Filtering template 78/384 segment 2/5
2026-09-08T15:54:05.351+01:00 INFO : 1 points above threshold
2026-09-08T15:54:05.366+01:00 INFO : Filtering template 78/384 segment 3/5
2026-09-08T15:54:05.403+01:00 INFO : 2 points above threshold
2026-09-08T15:54:05.411+01:00 INFO : Filtering template 78/384 segment 4/5
2026-09-08T15:54:05.448+01:00 INFO : Filtering template 78/384 segment 5/5
2026-09-08T15:54:05.485+01:00 INFO : 2 points above threshold
2026-09-08T15:54:05.493+01:00 INFO : 78: generating IMRPhenomD from 30.0 Hz
2026-09-08T15:54:05.496+01:00 INFO : Decompressing waveform using inline_linear
2026-09-08T15:54:05.501+01:00 INFO : Filtering template 79/384 segment 1/5
2026-09-08T15:54:05.541+01:00 INFO : 4 points above threshold
2026-09-08T15:54:05.560+01:00 INFO : Filtering template 79/384 segment 2/5
2026-09-08T15:54:05.597+01:00 INFO : 1 points above threshold
2026-09-08T15:54:05.603+01:00 INFO : Filtering template 79/384 segment 3/5
2026-09-08T15:54:05.640+01:00 INFO : 1 points above threshold
2026-09-08T15:54:05.646+01:00 INFO : Filtering template 79/384 segment 4/5
2026-09-08T15:54:05.683+01:00 INFO : 1 points above threshold
2026-09-08T15:54:05.689+01:00 INFO : Filtering template 79/384 segment 5/5
2026-09-08T15:54:05.726+01:00 INFO : 79: generating IMRPhenomD from 30.0 Hz
2026-09-08T15:54:05.729+01:00 INFO : Decompressing waveform using inline_linear
2026-09-08T15:54:05.734+01:00 INFO : Filtering template 80/384 segment 1/5
2026-09-08T15:54:05.774+01:00 INFO : 1 points above threshold
2026-09-08T15:54:05.786+01:00 INFO : Filtering template 80/384 segment 2/5
2026-09-08T15:54:05.823+01:00 INFO : 1 points above threshold
2026-09-08T15:54:05.829+01:00 INFO : Filtering template 80/384 segment 3/5
2026-09-08T15:54:05.866+01:00 INFO : 1 points above threshold
2026-09-08T15:54:05.872+01:00 INFO : Filtering template 80/384 segment 4/5
2026-09-08T15:54:05.909+01:00 INFO : Filtering template 80/384 segment 5/5
2026-09-08T15:54:05.946+01:00 INFO : 1 points above threshold
2026-09-08T15:54:05.952+01:00 INFO : 80: generating IMRPhenomD from 30.0 Hz
2026-09-08T15:54:05.955+01:00 INFO : Decompressing waveform using inline_linear
2026-09-08T15:54:05.960+01:00 INFO : Filtering template 81/384 segment 1/5
2026-09-08T15:54:06.000+01:00 INFO : Filtering template 81/384 segment 2/5
2026-09-08T15:54:06.037+01:00 INFO : Filtering template 81/384 segment 3/5
2026-09-08T15:54:06.074+01:00 INFO : 1 points above threshold
2026-09-08T15:54:06.086+01:00 INFO : Filtering template 81/384 segment 4/5
2026-09-08T15:54:06.123+01:00 INFO : 1 points above threshold
2026-09-08T15:54:06.129+01:00 INFO : Filtering template 81/384 segment 5/5
2026-09-08T15:54:06.167+01:00 INFO : 81: generating IMRPhenomD from 30.0 Hz
2026-09-08T15:54:06.169+01:00 INFO : Decompressing waveform using inline_linear
2026-09-08T15:54:06.174+01:00 INFO : Filtering template 82/384 segment 1/5
2026-09-08T15:54:06.215+01:00 INFO : 1 points above threshold
2026-09-08T15:54:06.227+01:00 INFO : Filtering template 82/384 segment 2/5
2026-09-08T15:54:06.264+01:00 INFO : Filtering template 82/384 segment 3/5
2026-09-08T15:54:06.301+01:00 INFO : 1 points above threshold
2026-09-08T15:54:06.310+01:00 INFO : Filtering template 82/384 segment 4/5
2026-09-08T15:54:06.347+01:00 INFO : 2 points above threshold
2026-09-08T15:54:06.355+01:00 INFO : Filtering template 82/384 segment 5/5
2026-09-08T15:54:06.392+01:00 INFO : 82: generating IMRPhenomD from 30.0 Hz
2026-09-08T15:54:06.395+01:00 INFO : Decompressing waveform using inline_linear
2026-09-08T15:54:06.400+01:00 INFO : Filtering template 83/384 segment 1/5
2026-09-08T15:54:06.440+01:00 INFO : 2 points above threshold
2026-09-08T15:54:06.454+01:00 INFO : Filtering template 83/384 segment 2/5
2026-09-08T15:54:06.491+01:00 INFO : 1 points above threshold
2026-09-08T15:54:06.497+01:00 INFO : Filtering template 83/384 segment 3/5
2026-09-08T15:54:06.534+01:00 INFO : Filtering template 83/384 segment 4/5
2026-09-08T15:54:06.571+01:00 INFO : 3 points above threshold
2026-09-08T15:54:06.581+01:00 INFO : Filtering template 83/384 segment 5/5
2026-09-08T15:54:06.618+01:00 INFO : 3 points above threshold
2026-09-08T15:54:06.628+01:00 INFO : 83: generating IMRPhenomD from 30.0 Hz
2026-09-08T15:54:06.631+01:00 INFO : Decompressing waveform using inline_linear
2026-09-08T15:54:06.636+01:00 INFO : Filtering template 84/384 segment 1/5
2026-09-08T15:54:06.676+01:00 INFO : 1 points above threshold
2026-09-08T15:54:06.688+01:00 INFO : Filtering template 84/384 segment 2/5
2026-09-08T15:54:06.725+01:00 INFO : Filtering template 84/384 segment 3/5
2026-09-08T15:54:06.762+01:00 INFO : Filtering template 84/384 segment 4/5
2026-09-08T15:54:06.799+01:00 INFO : 2 points above threshold
2026-09-08T15:54:06.807+01:00 INFO : Filtering template 84/384 segment 5/5
2026-09-08T15:54:06.844+01:00 INFO : 1 points above threshold
2026-09-08T15:54:06.850+01:00 INFO : 84: generating IMRPhenomD from 30.0 Hz
2026-09-08T15:54:06.853+01:00 INFO : Decompressing waveform using inline_linear
2026-09-08T15:54:06.858+01:00 INFO : Filtering template 85/384 segment 1/5
2026-09-08T15:54:06.898+01:00 INFO : 1 points above threshold
2026-09-08T15:54:06.910+01:00 INFO : Filtering template 85/384 segment 2/5
2026-09-08T15:54:06.947+01:00 INFO : 2 points above threshold
2026-09-08T15:54:06.955+01:00 INFO : Filtering template 85/384 segment 3/5
2026-09-08T15:54:06.992+01:00 INFO : Filtering template 85/384 segment 4/5
2026-09-08T15:54:07.029+01:00 INFO : 1 points above threshold
2026-09-08T15:54:07.035+01:00 INFO : Filtering template 85/384 segment 5/5
2026-09-08T15:54:07.072+01:00 INFO : 2 points above threshold
2026-09-08T15:54:07.080+01:00 INFO : 85: generating IMRPhenomD from 30.0 Hz
2026-09-08T15:54:07.083+01:00 INFO : Decompressing waveform using inline_linear
2026-09-08T15:54:07.088+01:00 INFO : Filtering template 86/384 segment 1/5
2026-09-08T15:54:07.128+01:00 INFO : 3 points above threshold
2026-09-08T15:54:07.144+01:00 INFO : Filtering template 86/384 segment 2/5
2026-09-08T15:54:07.181+01:00 INFO : 2 points above threshold
2026-09-08T15:54:07.189+01:00 INFO : Filtering template 86/384 segment 3/5
2026-09-08T15:54:07.226+01:00 INFO : Filtering template 86/384 segment 4/5
2026-09-08T15:54:07.263+01:00 INFO : Filtering template 86/384 segment 5/5
2026-09-08T15:54:07.300+01:00 INFO : 86: generating IMRPhenomD from 30.0 Hz
2026-09-08T15:54:07.303+01:00 INFO : Decompressing waveform using inline_linear
2026-09-08T15:54:07.308+01:00 INFO : Filtering template 87/384 segment 1/5
2026-09-08T15:54:07.348+01:00 INFO : 3 points above threshold
2026-09-08T15:54:07.364+01:00 INFO : Filtering template 87/384 segment 2/5
2026-09-08T15:54:07.401+01:00 INFO : 2 points above threshold
2026-09-08T15:54:07.409+01:00 INFO : Filtering template 87/384 segment 3/5
2026-09-08T15:54:07.446+01:00 INFO : 2 points above threshold
2026-09-08T15:54:07.454+01:00 INFO : Filtering template 87/384 segment 4/5
2026-09-08T15:54:07.491+01:00 INFO : 4 points above threshold
2026-09-08T15:54:07.500+01:00 INFO : Filtering template 87/384 segment 5/5
2026-09-08T15:54:07.537+01:00 INFO : 1 points above threshold
2026-09-08T15:54:07.543+01:00 INFO : 87: generating IMRPhenomD from 30.0 Hz
2026-09-08T15:54:07.546+01:00 INFO : Decompressing waveform using inline_linear
2026-09-08T15:54:07.551+01:00 INFO : Filtering template 88/384 segment 1/5
2026-09-08T15:54:07.591+01:00 INFO : 1 points above threshold
2026-09-08T15:54:07.603+01:00 INFO : Filtering template 88/384 segment 2/5
2026-09-08T15:54:07.640+01:00 INFO : 2 points above threshold
2026-09-08T15:54:07.648+01:00 INFO : Filtering template 88/384 segment 3/5
2026-09-08T15:54:07.685+01:00 INFO : Filtering template 88/384 segment 4/5
2026-09-08T15:54:07.722+01:00 INFO : Filtering template 88/384 segment 5/5
2026-09-08T15:54:07.760+01:00 INFO : 88: generating IMRPhenomD from 30.0 Hz
2026-09-08T15:54:07.762+01:00 INFO : Decompressing waveform using inline_linear
2026-09-08T15:54:07.767+01:00 INFO : Filtering template 89/384 segment 1/5
2026-09-08T15:54:07.807+01:00 INFO : 5 points above threshold
2026-09-08T15:54:07.826+01:00 INFO : Filtering template 89/384 segment 2/5
2026-09-08T15:54:07.863+01:00 INFO : 1 points above threshold
2026-09-08T15:54:07.869+01:00 INFO : Filtering template 89/384 segment 3/5
2026-09-08T15:54:07.906+01:00 INFO : 1 points above threshold
2026-09-08T15:54:07.912+01:00 INFO : Filtering template 89/384 segment 4/5
2026-09-08T15:54:07.949+01:00 INFO : 2 points above threshold
2026-09-08T15:54:07.956+01:00 INFO : Filtering template 89/384 segment 5/5
2026-09-08T15:54:07.994+01:00 INFO : 89: generating IMRPhenomD from 30.0 Hz
2026-09-08T15:54:07.996+01:00 INFO : Decompressing waveform using inline_linear
2026-09-08T15:54:08.001+01:00 INFO : Filtering template 90/384 segment 1/5
2026-09-08T15:54:08.041+01:00 INFO : Filtering template 90/384 segment 2/5
2026-09-08T15:54:08.079+01:00 INFO : 1 points above threshold
2026-09-08T15:54:08.091+01:00 INFO : Filtering template 90/384 segment 3/5
2026-09-08T15:54:08.128+01:00 INFO : Filtering template 90/384 segment 4/5
2026-09-08T15:54:08.165+01:00 INFO : 1 points above threshold
2026-09-08T15:54:08.171+01:00 INFO : Filtering template 90/384 segment 5/5
2026-09-08T15:54:08.208+01:00 INFO : 90: generating IMRPhenomD from 30.0 Hz
2026-09-08T15:54:08.211+01:00 INFO : Decompressing waveform using inline_linear
2026-09-08T15:54:08.216+01:00 INFO : Filtering template 91/384 segment 1/5
2026-09-08T15:54:08.256+01:00 INFO : Filtering template 91/384 segment 2/5
2026-09-08T15:54:08.293+01:00 INFO : 1 points above threshold
2026-09-08T15:54:08.307+01:00 INFO : Filtering template 91/384 segment 3/5
2026-09-08T15:54:08.345+01:00 INFO : 2 points above threshold
2026-09-08T15:54:08.352+01:00 INFO : Filtering template 91/384 segment 4/5
2026-09-08T15:54:08.389+01:00 INFO : 2 points above threshold
2026-09-08T15:54:08.397+01:00 INFO : Filtering template 91/384 segment 5/5
2026-09-08T15:54:08.434+01:00 INFO : 91: generating IMRPhenomD from 30.0 Hz
2026-09-08T15:54:08.437+01:00 INFO : Decompressing waveform using inline_linear
2026-09-08T15:54:08.442+01:00 INFO : Filtering template 92/384 segment 1/5
2026-09-08T15:54:08.482+01:00 INFO : Filtering template 92/384 segment 2/5
2026-09-08T15:54:08.519+01:00 INFO : Filtering template 92/384 segment 3/5
2026-09-08T15:54:08.556+01:00 INFO : Filtering template 92/384 segment 4/5
2026-09-08T15:54:08.593+01:00 INFO : Filtering template 92/384 segment 5/5
2026-09-08T15:54:08.630+01:00 INFO : 92: generating IMRPhenomD from 30.0 Hz
2026-09-08T15:54:08.633+01:00 INFO : Decompressing waveform using inline_linear
2026-09-08T15:54:08.638+01:00 INFO : Filtering template 93/384 segment 1/5
2026-09-08T15:54:08.678+01:00 INFO : 2 points above threshold
2026-09-08T15:54:08.692+01:00 INFO : Filtering template 93/384 segment 2/5
2026-09-08T15:54:08.730+01:00 INFO : 2 points above threshold
2026-09-08T15:54:08.737+01:00 INFO : Filtering template 93/384 segment 3/5
2026-09-08T15:54:08.775+01:00 INFO : Filtering template 93/384 segment 4/5
2026-09-08T15:54:08.812+01:00 INFO : Filtering template 93/384 segment 5/5
2026-09-08T15:54:08.849+01:00 INFO : 1 points above threshold
2026-09-08T15:54:08.855+01:00 INFO : 93: generating IMRPhenomD from 30.0 Hz
2026-09-08T15:54:08.858+01:00 INFO : Decompressing waveform using inline_linear
2026-09-08T15:54:08.863+01:00 INFO : Filtering template 94/384 segment 1/5
2026-09-08T15:54:08.903+01:00 INFO : 2 points above threshold
2026-09-08T15:54:08.917+01:00 INFO : Filtering template 94/384 segment 2/5
2026-09-08T15:54:08.954+01:00 INFO : 3 points above threshold
2026-09-08T15:54:08.964+01:00 INFO : Filtering template 94/384 segment 3/5
2026-09-08T15:54:09.001+01:00 INFO : 1 points above threshold
2026-09-08T15:54:09.006+01:00 INFO : Filtering template 94/384 segment 4/5
2026-09-08T15:54:09.043+01:00 INFO : 1 points above threshold
2026-09-08T15:54:09.049+01:00 INFO : Filtering template 94/384 segment 5/5
2026-09-08T15:54:09.086+01:00 INFO : 1 points above threshold
2026-09-08T15:54:09.092+01:00 INFO : 94: generating IMRPhenomD from 30.0 Hz
2026-09-08T15:54:09.095+01:00 INFO : Decompressing waveform using inline_linear
2026-09-08T15:54:09.100+01:00 INFO : Filtering template 95/384 segment 1/5
2026-09-08T15:54:09.140+01:00 INFO : 4 points above threshold
2026-09-08T15:54:09.156+01:00 INFO : Filtering template 95/384 segment 2/5
2026-09-08T15:54:09.193+01:00 INFO : 1 points above threshold
2026-09-08T15:54:09.199+01:00 INFO : Filtering template 95/384 segment 3/5
2026-09-08T15:54:09.236+01:00 INFO : Filtering template 95/384 segment 4/5
2026-09-08T15:54:09.274+01:00 INFO : Filtering template 95/384 segment 5/5
2026-09-08T15:54:09.311+01:00 INFO : 1 points above threshold
2026-09-08T15:54:09.317+01:00 INFO : 95: generating IMRPhenomD from 30.0 Hz
2026-09-08T15:54:09.319+01:00 INFO : Decompressing waveform using inline_linear
2026-09-08T15:54:09.324+01:00 INFO : Filtering template 96/384 segment 1/5
2026-09-08T15:54:09.365+01:00 INFO : Filtering template 96/384 segment 2/5
2026-09-08T15:54:09.402+01:00 INFO : Filtering template 96/384 segment 3/5
2026-09-08T15:54:09.439+01:00 INFO : Filtering template 96/384 segment 4/5
2026-09-08T15:54:09.476+01:00 INFO : Filtering template 96/384 segment 5/5
2026-09-08T15:54:09.513+01:00 INFO : 96: generating IMRPhenomD from 30.0 Hz
2026-09-08T15:54:09.516+01:00 INFO : Decompressing waveform using inline_linear
2026-09-08T15:54:09.521+01:00 INFO : Filtering template 97/384 segment 1/5
2026-09-08T15:54:09.561+01:00 INFO : 2 points above threshold
2026-09-08T15:54:09.576+01:00 INFO : Filtering template 97/384 segment 2/5
2026-09-08T15:54:09.613+01:00 INFO : Filtering template 97/384 segment 3/5
2026-09-08T15:54:09.650+01:00 INFO : Filtering template 97/384 segment 4/5
2026-09-08T15:54:09.687+01:00 INFO : 1 points above threshold
2026-09-08T15:54:09.693+01:00 INFO : Filtering template 97/384 segment 5/5
2026-09-08T15:54:09.730+01:00 INFO : 97: generating IMRPhenomD from 30.0 Hz
2026-09-08T15:54:09.733+01:00 INFO : Decompressing waveform using inline_linear
2026-09-08T15:54:09.738+01:00 INFO : Filtering template 98/384 segment 1/5
2026-09-08T15:54:09.779+01:00 INFO : 1 points above threshold
2026-09-08T15:54:09.791+01:00 INFO : Filtering template 98/384 segment 2/5
2026-09-08T15:54:09.828+01:00 INFO : 1 points above threshold
2026-09-08T15:54:09.834+01:00 INFO : Filtering template 98/384 segment 3/5
2026-09-08T15:54:09.871+01:00 INFO : 4 points above threshold
2026-09-08T15:54:09.880+01:00 INFO : Filtering template 98/384 segment 4/5
2026-09-08T15:54:09.917+01:00 INFO : 1 points above threshold
2026-09-08T15:54:09.923+01:00 INFO : Filtering template 98/384 segment 5/5
2026-09-08T15:54:09.961+01:00 INFO : 98: generating IMRPhenomD from 30.0 Hz
2026-09-08T15:54:09.963+01:00 INFO : Decompressing waveform using inline_linear
2026-09-08T15:54:09.968+01:00 INFO : Filtering template 99/384 segment 1/5
2026-09-08T15:54:10.009+01:00 INFO : 2 points above threshold
2026-09-08T15:54:10.022+01:00 INFO : Filtering template 99/384 segment 2/5
2026-09-08T15:54:10.059+01:00 INFO : 2 points above threshold
2026-09-08T15:54:10.067+01:00 INFO : Filtering template 99/384 segment 3/5
2026-09-08T15:54:10.104+01:00 INFO : 2 points above threshold
2026-09-08T15:54:10.112+01:00 INFO : Filtering template 99/384 segment 4/5
2026-09-08T15:54:10.149+01:00 INFO : 2 points above threshold
2026-09-08T15:54:10.157+01:00 INFO : Filtering template 99/384 segment 5/5
2026-09-08T15:54:10.194+01:00 INFO : 1 points above threshold
2026-09-08T15:54:10.200+01:00 INFO : 99: generating IMRPhenomD from 30.0 Hz
2026-09-08T15:54:10.202+01:00 INFO : Decompressing waveform using inline_linear
2026-09-08T15:54:10.207+01:00 INFO : Filtering template 100/384 segment 1/5
2026-09-08T15:54:10.248+01:00 INFO : 1 points above threshold
2026-09-08T15:54:10.260+01:00 INFO : Filtering template 100/384 segment 2/5
2026-09-08T15:54:10.297+01:00 INFO : 2 points above threshold
2026-09-08T15:54:10.304+01:00 INFO : Filtering template 100/384 segment 3/5
2026-09-08T15:54:10.341+01:00 INFO : Filtering template 100/384 segment 4/5
2026-09-08T15:54:10.378+01:00 INFO : Filtering template 100/384 segment 5/5
2026-09-08T15:54:10.416+01:00 INFO : 100: generating IMRPhenomD from 30.0 Hz
2026-09-08T15:54:10.418+01:00 INFO : Decompressing waveform using inline_linear
2026-09-08T15:54:10.423+01:00 INFO : Filtering template 101/384 segment 1/5
2026-09-08T15:54:10.464+01:00 INFO : Filtering template 101/384 segment 2/5
2026-09-08T15:54:10.500+01:00 INFO : 1 points above threshold
2026-09-08T15:54:10.512+01:00 INFO : Filtering template 101/384 segment 3/5
2026-09-08T15:54:10.549+01:00 INFO : Filtering template 101/384 segment 4/5
2026-09-08T15:54:10.586+01:00 INFO : 1 points above threshold
2026-09-08T15:54:10.592+01:00 INFO : Filtering template 101/384 segment 5/5
2026-09-08T15:54:10.630+01:00 INFO : 101: generating IMRPhenomD from 30.0 Hz
2026-09-08T15:54:10.632+01:00 INFO : Decompressing waveform using inline_linear
2026-09-08T15:54:10.637+01:00 INFO : Filtering template 102/384 segment 1/5
2026-09-08T15:54:10.678+01:00 INFO : 2 points above threshold
2026-09-08T15:54:10.692+01:00 INFO : Filtering template 102/384 segment 2/5
2026-09-08T15:54:10.728+01:00 INFO : 1 points above threshold
2026-09-08T15:54:10.734+01:00 INFO : Filtering template 102/384 segment 3/5
2026-09-08T15:54:10.771+01:00 INFO : Filtering template 102/384 segment 4/5
2026-09-08T15:54:10.809+01:00 INFO : 2 points above threshold
2026-09-08T15:54:10.816+01:00 INFO : Filtering template 102/384 segment 5/5
2026-09-08T15:54:10.853+01:00 INFO : 1 points above threshold
2026-09-08T15:54:10.860+01:00 INFO : 102: generating IMRPhenomD from 30.0 Hz
2026-09-08T15:54:10.862+01:00 INFO : Decompressing waveform using inline_linear
2026-09-08T15:54:10.867+01:00 INFO : Filtering template 103/384 segment 1/5
2026-09-08T15:54:10.908+01:00 INFO : Filtering template 103/384 segment 2/5
2026-09-08T15:54:10.945+01:00 INFO : 1 points above threshold
2026-09-08T15:54:10.957+01:00 INFO : Filtering template 103/384 segment 3/5
2026-09-08T15:54:10.994+01:00 INFO : 2 points above threshold
2026-09-08T15:54:11.002+01:00 INFO : Filtering template 103/384 segment 4/5
2026-09-08T15:54:11.039+01:00 INFO : Filtering template 103/384 segment 5/5
2026-09-08T15:54:11.076+01:00 INFO : 103: generating IMRPhenomD from 30.0 Hz
2026-09-08T15:54:11.079+01:00 INFO : Decompressing waveform using inline_linear
2026-09-08T15:54:11.084+01:00 INFO : Filtering template 104/384 segment 1/5
2026-09-08T15:54:11.124+01:00 INFO : 1 points above threshold
2026-09-08T15:54:11.136+01:00 INFO : Filtering template 104/384 segment 2/5
2026-09-08T15:54:11.173+01:00 INFO : Filtering template 104/384 segment 3/5
2026-09-08T15:54:11.210+01:00 INFO : 2 points above threshold
2026-09-08T15:54:11.218+01:00 INFO : Filtering template 104/384 segment 4/5
2026-09-08T15:54:11.255+01:00 INFO : 1 points above threshold
2026-09-08T15:54:11.261+01:00 INFO : Filtering template 104/384 segment 5/5
2026-09-08T15:54:11.298+01:00 INFO : 104: generating IMRPhenomD from 30.0 Hz
2026-09-08T15:54:11.301+01:00 INFO : Decompressing waveform using inline_linear
2026-09-08T15:54:11.306+01:00 INFO : Filtering template 105/384 segment 1/5
2026-09-08T15:54:11.346+01:00 INFO : Filtering template 105/384 segment 2/5
2026-09-08T15:54:11.383+01:00 INFO : 2 points above threshold
2026-09-08T15:54:11.397+01:00 INFO : Filtering template 105/384 segment 3/5
2026-09-08T15:54:11.434+01:00 INFO : 1 points above threshold
2026-09-08T15:54:11.440+01:00 INFO : Filtering template 105/384 segment 4/5
2026-09-08T15:54:11.477+01:00 INFO : 7 points above threshold
2026-09-08T15:54:11.494+01:00 INFO : Filtering template 105/384 segment 5/5
2026-09-08T15:54:11.531+01:00 INFO : 105: generating IMRPhenomD from 30.0 Hz
2026-09-08T15:54:11.534+01:00 INFO : Decompressing waveform using inline_linear
2026-09-08T15:54:11.539+01:00 INFO : Filtering template 106/384 segment 1/5
2026-09-08T15:54:11.579+01:00 INFO : 2 points above threshold
2026-09-08T15:54:11.593+01:00 INFO : Filtering template 106/384 segment 2/5
2026-09-08T15:54:11.630+01:00 INFO : Filtering template 106/384 segment 3/5
2026-09-08T15:54:11.667+01:00 INFO : 1 points above threshold
2026-09-08T15:54:11.673+01:00 INFO : Filtering template 106/384 segment 4/5
2026-09-08T15:54:11.710+01:00 INFO : 1 points above threshold
2026-09-08T15:54:11.716+01:00 INFO : Filtering template 106/384 segment 5/5
2026-09-08T15:54:11.753+01:00 INFO : 1 points above threshold
2026-09-08T15:54:11.759+01:00 INFO : 106: generating IMRPhenomD from 30.0 Hz
2026-09-08T15:54:11.762+01:00 INFO : Decompressing waveform using inline_linear
2026-09-08T15:54:11.767+01:00 INFO : Filtering template 107/384 segment 1/5
2026-09-08T15:54:11.807+01:00 INFO : 2 points above threshold
2026-09-08T15:54:11.821+01:00 INFO : Filtering template 107/384 segment 2/5
2026-09-08T15:54:11.858+01:00 INFO : 1 points above threshold
2026-09-08T15:54:11.864+01:00 INFO : Filtering template 107/384 segment 3/5
2026-09-08T15:54:11.901+01:00 INFO : Filtering template 107/384 segment 4/5
2026-09-08T15:54:11.938+01:00 INFO : Filtering template 107/384 segment 5/5
2026-09-08T15:54:11.975+01:00 INFO : 107: generating IMRPhenomD from 30.0 Hz
2026-09-08T15:54:11.978+01:00 INFO : Decompressing waveform using inline_linear
2026-09-08T15:54:11.983+01:00 INFO : Filtering template 108/384 segment 1/5
2026-09-08T15:54:12.023+01:00 INFO : 1 points above threshold
2026-09-08T15:54:12.035+01:00 INFO : Filtering template 108/384 segment 2/5
2026-09-08T15:54:12.072+01:00 INFO : 1 points above threshold
2026-09-08T15:54:12.078+01:00 INFO : Filtering template 108/384 segment 3/5
2026-09-08T15:54:12.115+01:00 INFO : Filtering template 108/384 segment 4/5
2026-09-08T15:54:12.152+01:00 INFO : 4 points above threshold
2026-09-08T15:54:12.162+01:00 INFO : Filtering template 108/384 segment 5/5
2026-09-08T15:54:12.199+01:00 INFO : 108: generating IMRPhenomD from 30.0 Hz
2026-09-08T15:54:12.201+01:00 INFO : Decompressing waveform using inline_linear
2026-09-08T15:54:12.206+01:00 INFO : Filtering template 109/384 segment 1/5
2026-09-08T15:54:12.247+01:00 INFO : 2 points above threshold
2026-09-08T15:54:12.261+01:00 INFO : Filtering template 109/384 segment 2/5
2026-09-08T15:54:12.298+01:00 INFO : Filtering template 109/384 segment 3/5
2026-09-08T15:54:12.335+01:00 INFO : Filtering template 109/384 segment 4/5
2026-09-08T15:54:12.372+01:00 INFO : Filtering template 109/384 segment 5/5
2026-09-08T15:54:12.408+01:00 INFO : 3 points above threshold
2026-09-08T15:54:12.419+01:00 INFO : 109: generating IMRPhenomD from 30.0 Hz
2026-09-08T15:54:12.421+01:00 INFO : Decompressing waveform using inline_linear
2026-09-08T15:54:12.426+01:00 INFO : Filtering template 110/384 segment 1/5
2026-09-08T15:54:12.467+01:00 INFO : 1 points above threshold
2026-09-08T15:54:12.479+01:00 INFO : Filtering template 110/384 segment 2/5
2026-09-08T15:54:12.516+01:00 INFO : Filtering template 110/384 segment 3/5
2026-09-08T15:54:12.553+01:00 INFO : 1 points above threshold
2026-09-08T15:54:12.559+01:00 INFO : Filtering template 110/384 segment 4/5
2026-09-08T15:54:12.595+01:00 INFO : 2 points above threshold
2026-09-08T15:54:12.603+01:00 INFO : Filtering template 110/384 segment 5/5
2026-09-08T15:54:12.641+01:00 INFO : 110: generating IMRPhenomD from 30.0 Hz
2026-09-08T15:54:12.643+01:00 INFO : Decompressing waveform using inline_linear
2026-09-08T15:54:12.648+01:00 INFO : Filtering template 111/384 segment 1/5
2026-09-08T15:54:12.689+01:00 INFO : Filtering template 111/384 segment 2/5
2026-09-08T15:54:12.726+01:00 INFO : 1 points above threshold
2026-09-08T15:54:12.738+01:00 INFO : Filtering template 111/384 segment 3/5
2026-09-08T15:54:12.775+01:00 INFO : 1 points above threshold
2026-09-08T15:54:12.781+01:00 INFO : Filtering template 111/384 segment 4/5
2026-09-08T15:54:12.817+01:00 INFO : Filtering template 111/384 segment 5/5
2026-09-08T15:54:12.855+01:00 INFO : 111: generating IMRPhenomD from 30.0 Hz
2026-09-08T15:54:12.857+01:00 INFO : Decompressing waveform using inline_linear
2026-09-08T15:54:12.862+01:00 INFO : Filtering template 112/384 segment 1/5
2026-09-08T15:54:12.903+01:00 INFO : 4 points above threshold
2026-09-08T15:54:12.919+01:00 INFO : Filtering template 112/384 segment 2/5
2026-09-08T15:54:12.956+01:00 INFO : Filtering template 112/384 segment 3/5
2026-09-08T15:54:12.993+01:00 INFO : 1 points above threshold
2026-09-08T15:54:12.999+01:00 INFO : Filtering template 112/384 segment 4/5
2026-09-08T15:54:13.036+01:00 INFO : 2 points above threshold
2026-09-08T15:54:13.044+01:00 INFO : Filtering template 112/384 segment 5/5
2026-09-08T15:54:13.081+01:00 INFO : 2 points above threshold
2026-09-08T15:54:13.089+01:00 INFO : 112: generating IMRPhenomD from 30.0 Hz
2026-09-08T15:54:13.091+01:00 INFO : Decompressing waveform using inline_linear
2026-09-08T15:54:13.096+01:00 INFO : Filtering template 113/384 segment 1/5
2026-09-08T15:54:13.137+01:00 INFO : 2 points above threshold
2026-09-08T15:54:13.151+01:00 INFO : Filtering template 113/384 segment 2/5
2026-09-08T15:54:13.188+01:00 INFO : 3 points above threshold
2026-09-08T15:54:13.224+01:00 INFO : Filtering template 113/384 segment 3/5
2026-09-08T15:54:13.261+01:00 INFO : Filtering template 113/384 segment 4/5
2026-09-08T15:54:13.298+01:00 INFO : Filtering template 113/384 segment 5/5
2026-09-08T15:54:13.335+01:00 INFO : 113: generating IMRPhenomD from 30.0 Hz
2026-09-08T15:54:13.338+01:00 INFO : Decompressing waveform using inline_linear
2026-09-08T15:54:13.343+01:00 INFO : Filtering template 114/384 segment 1/5
2026-09-08T15:54:13.383+01:00 INFO : 1 points above threshold
2026-09-08T15:54:13.395+01:00 INFO : Filtering template 114/384 segment 2/5
2026-09-08T15:54:13.432+01:00 INFO : Filtering template 114/384 segment 3/5
2026-09-08T15:54:13.469+01:00 INFO : 1 points above threshold
2026-09-08T15:54:13.475+01:00 INFO : Filtering template 114/384 segment 4/5
2026-09-08T15:54:13.512+01:00 INFO : 1 points above threshold
2026-09-08T15:54:13.518+01:00 INFO : Filtering template 114/384 segment 5/5
2026-09-08T15:54:13.555+01:00 INFO : 1 points above threshold
2026-09-08T15:54:13.561+01:00 INFO : 114: generating IMRPhenomD from 30.0 Hz
2026-09-08T15:54:13.563+01:00 INFO : Decompressing waveform using inline_linear
2026-09-08T15:54:13.568+01:00 INFO : Filtering template 115/384 segment 1/5
2026-09-08T15:54:13.609+01:00 INFO : 4 points above threshold
2026-09-08T15:54:13.624+01:00 INFO : Filtering template 115/384 segment 2/5
2026-09-08T15:54:13.661+01:00 INFO : 1 points above threshold
2026-09-08T15:54:13.667+01:00 INFO : Filtering template 115/384 segment 3/5
2026-09-08T15:54:13.704+01:00 INFO : Filtering template 115/384 segment 4/5
2026-09-08T15:54:13.741+01:00 INFO : 2 points above threshold
2026-09-08T15:54:13.749+01:00 INFO : Filtering template 115/384 segment 5/5
2026-09-08T15:54:13.786+01:00 INFO : 115: generating IMRPhenomD from 30.0 Hz
2026-09-08T15:54:13.789+01:00 INFO : Decompressing waveform using inline_linear
2026-09-08T15:54:13.794+01:00 INFO : Filtering template 116/384 segment 1/5
2026-09-08T15:54:13.834+01:00 INFO : Filtering template 116/384 segment 2/5
2026-09-08T15:54:13.871+01:00 INFO : 2 points above threshold
2026-09-08T15:54:13.885+01:00 INFO : Filtering template 116/384 segment 3/5
2026-09-08T15:54:13.922+01:00 INFO : 1 points above threshold
2026-09-08T15:54:13.928+01:00 INFO : Filtering template 116/384 segment 4/5
2026-09-08T15:54:13.965+01:00 INFO : 2 points above threshold
2026-09-08T15:54:13.972+01:00 INFO : Filtering template 116/384 segment 5/5
2026-09-08T15:54:14.009+01:00 INFO : 1 points above threshold
2026-09-08T15:54:14.016+01:00 INFO : 116: generating IMRPhenomD from 30.0 Hz
2026-09-08T15:54:14.018+01:00 INFO : Decompressing waveform using inline_linear
2026-09-08T15:54:14.023+01:00 INFO : Filtering template 117/384 segment 1/5
2026-09-08T15:54:14.063+01:00 INFO : Filtering template 117/384 segment 2/5
2026-09-08T15:54:14.100+01:00 INFO : Filtering template 117/384 segment 3/5
2026-09-08T15:54:14.137+01:00 INFO : 3 points above threshold
2026-09-08T15:54:14.153+01:00 INFO : Filtering template 117/384 segment 4/5
2026-09-08T15:54:14.190+01:00 INFO : 2 points above threshold
2026-09-08T15:54:14.198+01:00 INFO : Filtering template 117/384 segment 5/5
2026-09-08T15:54:14.235+01:00 INFO : 1 points above threshold
2026-09-08T15:54:14.241+01:00 INFO : 117: generating IMRPhenomD from 30.0 Hz
2026-09-08T15:54:14.244+01:00 INFO : Decompressing waveform using inline_linear
2026-09-08T15:54:14.249+01:00 INFO : Filtering template 118/384 segment 1/5
2026-09-08T15:54:14.289+01:00 INFO : 1 points above threshold
2026-09-08T15:54:14.301+01:00 INFO : Filtering template 118/384 segment 2/5
2026-09-08T15:54:14.338+01:00 INFO : Filtering template 118/384 segment 3/5
2026-09-08T15:54:14.375+01:00 INFO : 3 points above threshold
2026-09-08T15:54:14.385+01:00 INFO : Filtering template 118/384 segment 4/5
2026-09-08T15:54:14.422+01:00 INFO : 2 points above threshold
2026-09-08T15:54:14.430+01:00 INFO : Filtering template 118/384 segment 5/5
2026-09-08T15:54:14.467+01:00 INFO : 3 points above threshold
2026-09-08T15:54:14.477+01:00 INFO : 118: generating IMRPhenomD from 30.0 Hz
2026-09-08T15:54:14.480+01:00 INFO : Decompressing waveform using inline_linear
2026-09-08T15:54:14.485+01:00 INFO : Filtering template 119/384 segment 1/5
2026-09-08T15:54:14.525+01:00 INFO : 1 points above threshold
2026-09-08T15:54:14.537+01:00 INFO : Filtering template 119/384 segment 2/5
2026-09-08T15:54:14.574+01:00 INFO : Filtering template 119/384 segment 3/5
2026-09-08T15:54:14.611+01:00 INFO : Filtering template 119/384 segment 4/5
2026-09-08T15:54:14.648+01:00 INFO : 3 points above threshold
2026-09-08T15:54:14.658+01:00 INFO : Filtering template 119/384 segment 5/5
2026-09-08T15:54:14.695+01:00 INFO : 1 points above threshold
2026-09-08T15:54:14.701+01:00 INFO : 119: generating IMRPhenomD from 30.0 Hz
2026-09-08T15:54:14.704+01:00 INFO : Decompressing waveform using inline_linear
2026-09-08T15:54:14.708+01:00 INFO : Filtering template 120/384 segment 1/5
2026-09-08T15:54:14.749+01:00 INFO : Filtering template 120/384 segment 2/5
2026-09-08T15:54:14.787+01:00 INFO : 1 points above threshold
2026-09-08T15:54:14.799+01:00 INFO : Filtering template 120/384 segment 3/5
2026-09-08T15:54:14.835+01:00 INFO : 1 points above threshold
2026-09-08T15:54:14.841+01:00 INFO : Filtering template 120/384 segment 4/5
2026-09-08T15:54:14.878+01:00 INFO : Filtering template 120/384 segment 5/5
2026-09-08T15:54:14.916+01:00 INFO : 120: generating IMRPhenomD from 30.0 Hz
2026-09-08T15:54:14.918+01:00 INFO : Decompressing waveform using inline_linear
2026-09-08T15:54:14.923+01:00 INFO : Filtering template 121/384 segment 1/5
2026-09-08T15:54:14.963+01:00 INFO : 4 points above threshold
2026-09-08T15:54:14.979+01:00 INFO : Filtering template 121/384 segment 2/5
2026-09-08T15:54:15.016+01:00 INFO : 2 points above threshold
2026-09-08T15:54:15.024+01:00 INFO : Filtering template 121/384 segment 3/5
2026-09-08T15:54:15.061+01:00 INFO : Filtering template 121/384 segment 4/5
2026-09-08T15:54:15.098+01:00 INFO : Filtering template 121/384 segment 5/5
2026-09-08T15:54:15.135+01:00 INFO : 121: generating IMRPhenomD from 30.0 Hz
2026-09-08T15:54:15.138+01:00 INFO : Decompressing waveform using inline_linear
2026-09-08T15:54:15.143+01:00 INFO : Filtering template 122/384 segment 1/5
2026-09-08T15:54:15.183+01:00 INFO : 1 points above threshold
2026-09-08T15:54:15.195+01:00 INFO : Filtering template 122/384 segment 2/5
2026-09-08T15:54:15.232+01:00 INFO : 1 points above threshold
2026-09-08T15:54:15.238+01:00 INFO : Filtering template 122/384 segment 3/5
2026-09-08T15:54:15.275+01:00 INFO : Filtering template 122/384 segment 4/5
2026-09-08T15:54:15.312+01:00 INFO : 1 points above threshold
2026-09-08T15:54:15.318+01:00 INFO : Filtering template 122/384 segment 5/5
2026-09-08T15:54:15.355+01:00 INFO : 1 points above threshold
2026-09-08T15:54:15.361+01:00 INFO : 122: generating IMRPhenomD from 30.0 Hz
2026-09-08T15:54:15.363+01:00 INFO : Decompressing waveform using inline_linear
2026-09-08T15:54:15.368+01:00 INFO : Filtering template 123/384 segment 1/5
2026-09-08T15:54:15.408+01:00 INFO : 5 points above threshold
2026-09-08T15:54:15.427+01:00 INFO : Filtering template 123/384 segment 2/5
2026-09-08T15:54:15.464+01:00 INFO : 4 points above threshold
2026-09-08T15:54:15.473+01:00 INFO : Filtering template 123/384 segment 3/5
2026-09-08T15:54:15.510+01:00 INFO : 2 points above threshold
2026-09-08T15:54:15.518+01:00 INFO : Filtering template 123/384 segment 4/5
2026-09-08T15:54:15.555+01:00 INFO : Filtering template 123/384 segment 5/5
2026-09-08T15:54:15.592+01:00 INFO : 1 points above threshold
2026-09-08T15:54:15.598+01:00 INFO : 123: generating IMRPhenomD from 30.0 Hz
2026-09-08T15:54:15.601+01:00 INFO : Decompressing waveform using inline_linear
2026-09-08T15:54:15.606+01:00 INFO : Filtering template 124/384 segment 1/5
2026-09-08T15:54:15.646+01:00 INFO : 4 points above threshold
2026-09-08T15:54:15.661+01:00 INFO : Filtering template 124/384 segment 2/5
2026-09-08T15:54:15.698+01:00 INFO : 2 points above threshold
2026-09-08T15:54:15.706+01:00 INFO : Filtering template 124/384 segment 3/5
2026-09-08T15:54:15.743+01:00 INFO : 1 points above threshold
2026-09-08T15:54:15.749+01:00 INFO : Filtering template 124/384 segment 4/5
2026-09-08T15:54:15.786+01:00 INFO : 1 points above threshold
2026-09-08T15:54:15.792+01:00 INFO : Filtering template 124/384 segment 5/5
2026-09-08T15:54:15.829+01:00 INFO : 2 points above threshold
2026-09-08T15:54:15.837+01:00 INFO : 124: generating IMRPhenomD from 30.0 Hz
2026-09-08T15:54:15.839+01:00 INFO : Decompressing waveform using inline_linear
2026-09-08T15:54:15.844+01:00 INFO : Filtering template 125/384 segment 1/5
2026-09-08T15:54:15.885+01:00 INFO : 3 points above threshold
2026-09-08T15:54:15.901+01:00 INFO : Filtering template 125/384 segment 2/5
2026-09-08T15:54:15.938+01:00 INFO : Filtering template 125/384 segment 3/5
2026-09-08T15:54:15.974+01:00 INFO : 1 points above threshold
2026-09-08T15:54:15.980+01:00 INFO : Filtering template 125/384 segment 4/5
2026-09-08T15:54:16.017+01:00 INFO : 2 points above threshold
2026-09-08T15:54:16.025+01:00 INFO : Filtering template 125/384 segment 5/5
2026-09-08T15:54:16.062+01:00 INFO : 125: generating IMRPhenomD from 30.0 Hz
2026-09-08T15:54:16.065+01:00 INFO : Decompressing waveform using inline_linear
2026-09-08T15:54:16.070+01:00 INFO : Filtering template 126/384 segment 1/5
2026-09-08T15:54:16.110+01:00 INFO : 1 points above threshold
2026-09-08T15:54:16.123+01:00 INFO : Filtering template 126/384 segment 2/5
2026-09-08T15:54:16.160+01:00 INFO : Filtering template 126/384 segment 3/5
2026-09-08T15:54:16.197+01:00 INFO : 2 points above threshold
2026-09-08T15:54:16.204+01:00 INFO : Filtering template 126/384 segment 4/5
2026-09-08T15:54:16.241+01:00 INFO : Filtering template 126/384 segment 5/5
2026-09-08T15:54:16.279+01:00 INFO : 126: generating IMRPhenomD from 30.0 Hz
2026-09-08T15:54:16.281+01:00 INFO : Decompressing waveform using inline_linear
2026-09-08T15:54:16.286+01:00 INFO : Filtering template 127/384 segment 1/5
2026-09-08T15:54:16.326+01:00 INFO : 1 points above threshold
2026-09-08T15:54:16.339+01:00 INFO : Filtering template 127/384 segment 2/5
2026-09-08T15:54:16.376+01:00 INFO : 2 points above threshold
2026-09-08T15:54:16.384+01:00 INFO : Filtering template 127/384 segment 3/5
2026-09-08T15:54:16.421+01:00 INFO : 2 points above threshold
2026-09-08T15:54:16.428+01:00 INFO : Filtering template 127/384 segment 4/5
2026-09-08T15:54:16.465+01:00 INFO : 1 points above threshold
2026-09-08T15:54:16.471+01:00 INFO : Filtering template 127/384 segment 5/5
2026-09-08T15:54:16.508+01:00 INFO : 127: generating IMRPhenomD from 30.0 Hz
2026-09-08T15:54:16.511+01:00 INFO : Decompressing waveform using inline_linear
2026-09-08T15:54:16.516+01:00 INFO : Filtering template 128/384 segment 1/5
2026-09-08T15:54:16.556+01:00 INFO : 1 points above threshold
2026-09-08T15:54:16.568+01:00 INFO : Filtering template 128/384 segment 2/5
2026-09-08T15:54:16.605+01:00 INFO : 3 points above threshold
2026-09-08T15:54:16.615+01:00 INFO : Filtering template 128/384 segment 3/5
2026-09-08T15:54:16.652+01:00 INFO : 2 points above threshold
2026-09-08T15:54:16.660+01:00 INFO : Filtering template 128/384 segment 4/5
2026-09-08T15:54:16.697+01:00 INFO : Filtering template 128/384 segment 5/5
2026-09-08T15:54:16.734+01:00 INFO : 2 points above threshold
2026-09-08T15:54:16.742+01:00 INFO : 128: generating IMRPhenomD from 30.0 Hz
2026-09-08T15:54:16.744+01:00 INFO : Decompressing waveform using inline_linear
2026-09-08T15:54:16.749+01:00 INFO : Filtering template 129/384 segment 1/5
2026-09-08T15:54:16.789+01:00 INFO : 1 points above threshold
2026-09-08T15:54:16.802+01:00 INFO : Filtering template 129/384 segment 2/5
2026-09-08T15:54:16.839+01:00 INFO : Filtering template 129/384 segment 3/5
2026-09-08T15:54:16.876+01:00 INFO : 2 points above threshold
2026-09-08T15:54:16.884+01:00 INFO : Filtering template 129/384 segment 4/5
2026-09-08T15:54:16.921+01:00 INFO : Filtering template 129/384 segment 5/5
2026-09-08T15:54:16.958+01:00 INFO : 1 points above threshold
2026-09-08T15:54:16.964+01:00 INFO : 129: generating IMRPhenomD from 30.0 Hz
2026-09-08T15:54:16.966+01:00 INFO : Decompressing waveform using inline_linear
2026-09-08T15:54:16.971+01:00 INFO : Filtering template 130/384 segment 1/5
2026-09-08T15:54:17.011+01:00 INFO : 1 points above threshold
2026-09-08T15:54:17.024+01:00 INFO : Filtering template 130/384 segment 2/5
2026-09-08T15:54:17.061+01:00 INFO : 2 points above threshold
2026-09-08T15:54:17.069+01:00 INFO : Filtering template 130/384 segment 3/5
2026-09-08T15:54:17.105+01:00 INFO : 1 points above threshold
2026-09-08T15:54:17.111+01:00 INFO : Filtering template 130/384 segment 4/5
2026-09-08T15:54:17.148+01:00 INFO : 1 points above threshold
2026-09-08T15:54:17.154+01:00 INFO : Filtering template 130/384 segment 5/5
2026-09-08T15:54:17.191+01:00 INFO : 1 points above threshold
2026-09-08T15:54:17.198+01:00 INFO : 130: generating IMRPhenomD from 30.0 Hz
2026-09-08T15:54:17.200+01:00 INFO : Decompressing waveform using inline_linear
2026-09-08T15:54:17.205+01:00 INFO : Filtering template 131/384 segment 1/5
2026-09-08T15:54:17.246+01:00 INFO : 1 points above threshold
2026-09-08T15:54:17.258+01:00 INFO : Filtering template 131/384 segment 2/5
2026-09-08T15:54:17.295+01:00 INFO : 2 points above threshold
2026-09-08T15:54:17.303+01:00 INFO : Filtering template 131/384 segment 3/5
2026-09-08T15:54:17.340+01:00 INFO : Filtering template 131/384 segment 4/5
2026-09-08T15:54:17.377+01:00 INFO : 2 points above threshold
2026-09-08T15:54:17.385+01:00 INFO : Filtering template 131/384 segment 5/5
2026-09-08T15:54:17.422+01:00 INFO : 131: generating IMRPhenomD from 30.0 Hz
2026-09-08T15:54:17.425+01:00 INFO : Decompressing waveform using inline_linear
2026-09-08T15:54:17.430+01:00 INFO : Filtering template 132/384 segment 1/5
2026-09-08T15:54:17.470+01:00 INFO : 1 points above threshold
2026-09-08T15:54:17.482+01:00 INFO : Filtering template 132/384 segment 2/5
2026-09-08T15:54:17.519+01:00 INFO : Filtering template 132/384 segment 3/5
2026-09-08T15:54:17.556+01:00 INFO : Filtering template 132/384 segment 4/5
2026-09-08T15:54:17.593+01:00 INFO : 1 points above threshold
2026-09-08T15:54:17.599+01:00 INFO : Filtering template 132/384 segment 5/5
2026-09-08T15:54:17.636+01:00 INFO : 1 points above threshold
2026-09-08T15:54:17.642+01:00 INFO : 132: generating IMRPhenomD from 30.0 Hz
2026-09-08T15:54:17.644+01:00 INFO : Decompressing waveform using inline_linear
2026-09-08T15:54:17.649+01:00 INFO : Filtering template 133/384 segment 1/5
2026-09-08T15:54:17.690+01:00 INFO : 2 points above threshold
2026-09-08T15:54:17.704+01:00 INFO : Filtering template 133/384 segment 2/5
2026-09-08T15:54:17.741+01:00 INFO : Filtering template 133/384 segment 3/5
2026-09-08T15:54:17.778+01:00 INFO : 4 points above threshold
2026-09-08T15:54:17.787+01:00 INFO : Filtering template 133/384 segment 4/5
2026-09-08T15:54:17.824+01:00 INFO : 1 points above threshold
2026-09-08T15:54:17.830+01:00 INFO : Filtering template 133/384 segment 5/5
2026-09-08T15:54:17.867+01:00 INFO : 1 points above threshold
2026-09-08T15:54:17.873+01:00 INFO : 133: generating IMRPhenomD from 30.0 Hz
2026-09-08T15:54:17.876+01:00 INFO : Decompressing waveform using inline_linear
2026-09-08T15:54:17.881+01:00 INFO : Filtering template 134/384 segment 1/5
2026-09-08T15:54:17.921+01:00 INFO : 1 points above threshold
2026-09-08T15:54:17.933+01:00 INFO : Filtering template 134/384 segment 2/5
2026-09-08T15:54:17.970+01:00 INFO : Filtering template 134/384 segment 3/5
2026-09-08T15:54:18.007+01:00 INFO : 1 points above threshold
2026-09-08T15:54:18.013+01:00 INFO : Filtering template 134/384 segment 4/5
2026-09-08T15:54:18.050+01:00 INFO : 1 points above threshold
2026-09-08T15:54:18.056+01:00 INFO : Filtering template 134/384 segment 5/5
2026-09-08T15:54:18.093+01:00 INFO : 134: generating IMRPhenomD from 30.0 Hz
2026-09-08T15:54:18.096+01:00 INFO : Decompressing waveform using inline_linear
2026-09-08T15:54:18.101+01:00 INFO : Filtering template 135/384 segment 1/5
2026-09-08T15:54:18.141+01:00 INFO : 2 points above threshold
2026-09-08T15:54:18.156+01:00 INFO : Filtering template 135/384 segment 2/5
2026-09-08T15:54:18.192+01:00 INFO : 1 points above threshold
2026-09-08T15:54:18.198+01:00 INFO : Filtering template 135/384 segment 3/5
2026-09-08T15:54:18.235+01:00 INFO : Filtering template 135/384 segment 4/5
2026-09-08T15:54:18.273+01:00 INFO : 2 points above threshold
2026-09-08T15:54:18.280+01:00 INFO : Filtering template 135/384 segment 5/5
2026-09-08T15:54:18.318+01:00 INFO : 4 points above threshold
2026-09-08T15:54:18.343+01:00 INFO : 135: generating IMRPhenomD from 30.0 Hz
2026-09-08T15:54:18.346+01:00 INFO : Decompressing waveform using inline_linear
2026-09-08T15:54:18.351+01:00 INFO : Filtering template 136/384 segment 1/5
2026-09-08T15:54:18.391+01:00 INFO : 1 points above threshold
2026-09-08T15:54:18.403+01:00 INFO : Filtering template 136/384 segment 2/5
2026-09-08T15:54:18.440+01:00 INFO : 1 points above threshold
2026-09-08T15:54:18.446+01:00 INFO : Filtering template 136/384 segment 3/5
2026-09-08T15:54:18.483+01:00 INFO : 3 points above threshold
2026-09-08T15:54:18.493+01:00 INFO : Filtering template 136/384 segment 4/5
2026-09-08T15:54:18.530+01:00 INFO : Filtering template 136/384 segment 5/5
2026-09-08T15:54:18.567+01:00 INFO : 1 points above threshold
2026-09-08T15:54:18.573+01:00 INFO : 136: generating IMRPhenomD from 30.0 Hz
2026-09-08T15:54:18.576+01:00 INFO : Decompressing waveform using inline_linear
2026-09-08T15:54:18.581+01:00 INFO : Filtering template 137/384 segment 1/5
2026-09-08T15:54:18.621+01:00 INFO : 1 points above threshold
2026-09-08T15:54:18.633+01:00 INFO : Filtering template 137/384 segment 2/5
2026-09-08T15:54:18.670+01:00 INFO : Filtering template 137/384 segment 3/5
2026-09-08T15:54:18.707+01:00 INFO : 3 points above threshold
2026-09-08T15:54:18.717+01:00 INFO : Filtering template 137/384 segment 4/5
2026-09-08T15:54:18.754+01:00 INFO : Filtering template 137/384 segment 5/5
2026-09-08T15:54:18.792+01:00 INFO : 1 points above threshold
2026-09-08T15:54:18.798+01:00 INFO : 137: generating IMRPhenomD from 30.0 Hz
2026-09-08T15:54:18.800+01:00 INFO : Decompressing waveform using inline_linear
2026-09-08T15:54:18.805+01:00 INFO : Filtering template 138/384 segment 1/5
2026-09-08T15:54:18.846+01:00 INFO : 2 points above threshold
2026-09-08T15:54:18.860+01:00 INFO : Filtering template 138/384 segment 2/5
2026-09-08T15:54:18.897+01:00 INFO : 1 points above threshold
2026-09-08T15:54:18.903+01:00 INFO : Filtering template 138/384 segment 3/5
2026-09-08T15:54:18.940+01:00 INFO : Filtering template 138/384 segment 4/5
2026-09-08T15:54:18.977+01:00 INFO : Filtering template 138/384 segment 5/5
2026-09-08T15:54:19.014+01:00 INFO : 2 points above threshold
2026-09-08T15:54:19.022+01:00 INFO : 138: generating IMRPhenomD from 30.0 Hz
2026-09-08T15:54:19.025+01:00 INFO : Decompressing waveform using inline_linear
2026-09-08T15:54:19.030+01:00 INFO : Filtering template 139/384 segment 1/5
2026-09-08T15:54:19.070+01:00 INFO : Filtering template 139/384 segment 2/5
2026-09-08T15:54:19.107+01:00 INFO : Filtering template 139/384 segment 3/5
2026-09-08T15:54:19.144+01:00 INFO : 2 points above threshold
2026-09-08T15:54:19.158+01:00 INFO : Filtering template 139/384 segment 4/5
2026-09-08T15:54:19.195+01:00 INFO : Filtering template 139/384 segment 5/5
2026-09-08T15:54:19.232+01:00 INFO : 1 points above threshold
2026-09-08T15:54:19.238+01:00 INFO : 139: generating IMRPhenomD from 30.0 Hz
2026-09-08T15:54:19.241+01:00 INFO : Decompressing waveform using inline_linear
2026-09-08T15:54:19.246+01:00 INFO : Filtering template 140/384 segment 1/5
2026-09-08T15:54:19.286+01:00 INFO : 2 points above threshold
2026-09-08T15:54:19.300+01:00 INFO : Filtering template 140/384 segment 2/5
2026-09-08T15:54:19.337+01:00 INFO : 3 points above threshold
2026-09-08T15:54:19.347+01:00 INFO : Filtering template 140/384 segment 3/5
2026-09-08T15:54:19.384+01:00 INFO : 2 points above threshold
2026-09-08T15:54:19.392+01:00 INFO : Filtering template 140/384 segment 4/5
2026-09-08T15:54:19.429+01:00 INFO : 1 points above threshold
2026-09-08T15:54:19.435+01:00 INFO : Filtering template 140/384 segment 5/5
2026-09-08T15:54:19.472+01:00 INFO : 2 points above threshold
2026-09-08T15:54:19.480+01:00 INFO : 140: generating IMRPhenomD from 30.0 Hz
2026-09-08T15:54:19.483+01:00 INFO : Decompressing waveform using inline_linear
2026-09-08T15:54:19.487+01:00 INFO : Filtering template 141/384 segment 1/5
2026-09-08T15:54:19.528+01:00 INFO : 1 points above threshold
2026-09-08T15:54:19.540+01:00 INFO : Filtering template 141/384 segment 2/5
2026-09-08T15:54:19.577+01:00 INFO : 3 points above threshold
2026-09-08T15:54:19.587+01:00 INFO : Filtering template 141/384 segment 3/5
2026-09-08T15:54:19.624+01:00 INFO : Filtering template 141/384 segment 4/5
2026-09-08T15:54:19.661+01:00 INFO : 2 points above threshold
2026-09-08T15:54:19.669+01:00 INFO : Filtering template 141/384 segment 5/5
2026-09-08T15:54:19.706+01:00 INFO : 141: generating IMRPhenomD from 30.0 Hz
2026-09-08T15:54:19.709+01:00 INFO : Decompressing waveform using inline_linear
2026-09-08T15:54:19.714+01:00 INFO : Filtering template 142/384 segment 1/5
2026-09-08T15:54:19.754+01:00 INFO : 1 points above threshold
2026-09-08T15:54:19.766+01:00 INFO : Filtering template 142/384 segment 2/5
2026-09-08T15:54:19.803+01:00 INFO : 1 points above threshold
2026-09-08T15:54:19.809+01:00 INFO : Filtering template 142/384 segment 3/5
2026-09-08T15:54:19.846+01:00 INFO : 2 points above threshold
2026-09-08T15:54:19.854+01:00 INFO : Filtering template 142/384 segment 4/5
2026-09-08T15:54:19.891+01:00 INFO : 3 points above threshold
2026-09-08T15:54:19.901+01:00 INFO : Filtering template 142/384 segment 5/5
2026-09-08T15:54:19.938+01:00 INFO : 1 points above threshold
2026-09-08T15:54:19.944+01:00 INFO : 142: generating IMRPhenomD from 30.0 Hz
2026-09-08T15:54:19.947+01:00 INFO : Decompressing waveform using inline_linear
2026-09-08T15:54:19.952+01:00 INFO : Filtering template 143/384 segment 1/5
2026-09-08T15:54:19.992+01:00 INFO : 2 points above threshold
2026-09-08T15:54:20.006+01:00 INFO : Filtering template 143/384 segment 2/5
2026-09-08T15:54:20.043+01:00 INFO : Filtering template 143/384 segment 3/5
2026-09-08T15:54:20.080+01:00 INFO : Filtering template 143/384 segment 4/5
2026-09-08T15:54:20.117+01:00 INFO : 2 points above threshold
2026-09-08T15:54:20.125+01:00 INFO : Filtering template 143/384 segment 5/5
2026-09-08T15:54:20.162+01:00 INFO : 143: generating IMRPhenomD from 30.0 Hz
2026-09-08T15:54:20.165+01:00 INFO : Decompressing waveform using inline_linear
2026-09-08T15:54:20.170+01:00 INFO : Filtering template 144/384 segment 1/5
2026-09-08T15:54:20.210+01:00 INFO : 2 points above threshold
2026-09-08T15:54:20.227+01:00 INFO : Filtering template 144/384 segment 2/5
2026-09-08T15:54:20.264+01:00 INFO : 1 points above threshold
2026-09-08T15:54:20.270+01:00 INFO : Filtering template 144/384 segment 3/5
2026-09-08T15:54:20.307+01:00 INFO : 1 points above threshold
2026-09-08T15:54:20.313+01:00 INFO : Filtering template 144/384 segment 4/5
2026-09-08T15:54:20.349+01:00 INFO : 1 points above threshold
2026-09-08T15:54:20.356+01:00 INFO : Filtering template 144/384 segment 5/5
2026-09-08T15:54:20.393+01:00 INFO : 1 points above threshold
2026-09-08T15:54:20.399+01:00 INFO : 144: generating IMRPhenomD from 30.0 Hz
2026-09-08T15:54:20.401+01:00 INFO : Decompressing waveform using inline_linear
2026-09-08T15:54:20.406+01:00 INFO : Filtering template 145/384 segment 1/5
2026-09-08T15:54:20.447+01:00 INFO : 2 points above threshold
2026-09-08T15:54:20.461+01:00 INFO : Filtering template 145/384 segment 2/5
2026-09-08T15:54:20.498+01:00 INFO : 3 points above threshold
2026-09-08T15:54:20.508+01:00 INFO : Filtering template 145/384 segment 3/5
2026-09-08T15:54:20.545+01:00 INFO : 1 points above threshold
2026-09-08T15:54:20.552+01:00 INFO : Filtering template 145/384 segment 4/5
2026-09-08T15:54:20.589+01:00 INFO : Filtering template 145/384 segment 5/5
2026-09-08T15:54:20.626+01:00 INFO : 145: generating IMRPhenomD from 30.0 Hz
2026-09-08T15:54:20.629+01:00 INFO : Decompressing waveform using inline_linear
2026-09-08T15:54:20.634+01:00 INFO : Filtering template 146/384 segment 1/5
2026-09-08T15:54:20.675+01:00 INFO : 4 points above threshold
2026-09-08T15:54:20.690+01:00 INFO : Filtering template 146/384 segment 2/5
2026-09-08T15:54:20.727+01:00 INFO : Filtering template 146/384 segment 3/5
2026-09-08T15:54:20.764+01:00 INFO : 1 points above threshold
2026-09-08T15:54:20.770+01:00 INFO : Filtering template 146/384 segment 4/5
2026-09-08T15:54:20.807+01:00 INFO : 3 points above threshold
2026-09-08T15:54:20.817+01:00 INFO : Filtering template 146/384 segment 5/5
2026-09-08T15:54:20.854+01:00 INFO : 2 points above threshold
2026-09-08T15:54:20.863+01:00 INFO : 146: generating IMRPhenomD from 30.0 Hz
2026-09-08T15:54:20.865+01:00 INFO : Decompressing waveform using inline_linear
2026-09-08T15:54:20.870+01:00 INFO : Filtering template 147/384 segment 1/5
2026-09-08T15:54:20.910+01:00 INFO : 1 points above threshold
2026-09-08T15:54:20.923+01:00 INFO : Filtering template 147/384 segment 2/5
2026-09-08T15:54:20.960+01:00 INFO : Filtering template 147/384 segment 3/5
2026-09-08T15:54:20.997+01:00 INFO : 1 points above threshold
2026-09-08T15:54:21.003+01:00 INFO : Filtering template 147/384 segment 4/5
2026-09-08T15:54:21.040+01:00 INFO : Filtering template 147/384 segment 5/5
2026-09-08T15:54:21.077+01:00 INFO : 3 points above threshold
2026-09-08T15:54:21.087+01:00 INFO : 147: generating IMRPhenomD from 30.0 Hz
2026-09-08T15:54:21.090+01:00 INFO : Decompressing waveform using inline_linear
2026-09-08T15:54:21.095+01:00 INFO : Filtering template 148/384 segment 1/5
2026-09-08T15:54:21.135+01:00 INFO : 2 points above threshold
2026-09-08T15:54:21.150+01:00 INFO : Filtering template 148/384 segment 2/5
2026-09-08T15:54:21.186+01:00 INFO : 2 points above threshold
2026-09-08T15:54:21.194+01:00 INFO : Filtering template 148/384 segment 3/5
2026-09-08T15:54:21.231+01:00 INFO : 1 points above threshold
2026-09-08T15:54:21.237+01:00 INFO : Filtering template 148/384 segment 4/5
2026-09-08T15:54:21.274+01:00 INFO : Filtering template 148/384 segment 5/5
2026-09-08T15:54:21.312+01:00 INFO : 148: generating IMRPhenomD from 30.0 Hz
2026-09-08T15:54:21.315+01:00 INFO : Decompressing waveform using inline_linear
2026-09-08T15:54:21.320+01:00 INFO : Filtering template 149/384 segment 1/5
2026-09-08T15:54:21.360+01:00 INFO : Filtering template 149/384 segment 2/5
2026-09-08T15:54:21.397+01:00 INFO : 3 points above threshold
2026-09-08T15:54:21.413+01:00 INFO : Filtering template 149/384 segment 3/5
2026-09-08T15:54:21.450+01:00 INFO : 1 points above threshold
2026-09-08T15:54:21.456+01:00 INFO : Filtering template 149/384 segment 4/5
2026-09-08T15:54:21.493+01:00 INFO : Filtering template 149/384 segment 5/5
2026-09-08T15:54:21.530+01:00 INFO : 1 points above threshold
2026-09-08T15:54:21.536+01:00 INFO : 149: generating IMRPhenomD from 30.0 Hz
2026-09-08T15:54:21.539+01:00 INFO : Decompressing waveform using inline_linear
2026-09-08T15:54:21.544+01:00 INFO : Filtering template 150/384 segment 1/5
2026-09-08T15:54:21.584+01:00 INFO : 1 points above threshold
2026-09-08T15:54:21.596+01:00 INFO : Filtering template 150/384 segment 2/5
2026-09-08T15:54:21.633+01:00 INFO : Filtering template 150/384 segment 3/5
2026-09-08T15:54:21.670+01:00 INFO : 1 points above threshold
2026-09-08T15:54:21.676+01:00 INFO : Filtering template 150/384 segment 4/5
2026-09-08T15:54:21.713+01:00 INFO : 3 points above threshold
2026-09-08T15:54:21.723+01:00 INFO : Filtering template 150/384 segment 5/5
2026-09-08T15:54:21.760+01:00 INFO : 2 points above threshold
2026-09-08T15:54:21.768+01:00 INFO : 150: generating IMRPhenomD from 30.0 Hz
2026-09-08T15:54:21.771+01:00 INFO : Decompressing waveform using inline_linear
2026-09-08T15:54:21.776+01:00 INFO : Filtering template 151/384 segment 1/5
2026-09-08T15:54:21.816+01:00 INFO : 1 points above threshold
2026-09-08T15:54:21.828+01:00 INFO : Filtering template 151/384 segment 2/5
2026-09-08T15:54:21.865+01:00 INFO : 2 points above threshold
2026-09-08T15:54:21.873+01:00 INFO : Filtering template 151/384 segment 3/5
2026-09-08T15:54:21.910+01:00 INFO : Filtering template 151/384 segment 4/5
2026-09-08T15:54:21.947+01:00 INFO : Filtering template 151/384 segment 5/5
2026-09-08T15:54:21.984+01:00 INFO : 151: generating IMRPhenomD from 30.0 Hz
2026-09-08T15:54:21.987+01:00 INFO : Decompressing waveform using inline_linear
2026-09-08T15:54:21.992+01:00 INFO : Filtering template 152/384 segment 1/5
2026-09-08T15:54:22.032+01:00 INFO : 1 points above threshold
2026-09-08T15:54:22.044+01:00 INFO : Filtering template 152/384 segment 2/5
2026-09-08T15:54:22.081+01:00 INFO : 2 points above threshold
2026-09-08T15:54:22.089+01:00 INFO : Filtering template 152/384 segment 3/5
2026-09-08T15:54:22.126+01:00 INFO : 1 points above threshold
2026-09-08T15:54:22.132+01:00 INFO : Filtering template 152/384 segment 4/5
2026-09-08T15:54:22.169+01:00 INFO : Filtering template 152/384 segment 5/5
2026-09-08T15:54:22.206+01:00 INFO : 1 points above threshold
2026-09-08T15:54:22.212+01:00 INFO : 152: generating IMRPhenomD from 30.0 Hz
2026-09-08T15:54:22.215+01:00 INFO : Decompressing waveform using inline_linear
2026-09-08T15:54:22.220+01:00 INFO : Filtering template 153/384 segment 1/5
2026-09-08T15:54:22.260+01:00 INFO : 1 points above threshold
2026-09-08T15:54:22.272+01:00 INFO : Filtering template 153/384 segment 2/5
2026-09-08T15:54:22.310+01:00 INFO : 4 points above threshold
2026-09-08T15:54:22.319+01:00 INFO : Filtering template 153/384 segment 3/5
2026-09-08T15:54:22.356+01:00 INFO : 1 points above threshold
2026-09-08T15:54:22.362+01:00 INFO : Filtering template 153/384 segment 4/5
2026-09-08T15:54:22.399+01:00 INFO : Filtering template 153/384 segment 5/5
2026-09-08T15:54:22.436+01:00 INFO : 153: generating IMRPhenomD from 30.0 Hz
2026-09-08T15:54:22.439+01:00 INFO : Decompressing waveform using inline_linear
2026-09-08T15:54:22.444+01:00 INFO : Filtering template 154/384 segment 1/5
2026-09-08T15:54:22.484+01:00 INFO : 2 points above threshold
2026-09-08T15:54:22.498+01:00 INFO : Filtering template 154/384 segment 2/5
2026-09-08T15:54:22.535+01:00 INFO : 2 points above threshold
2026-09-08T15:54:22.543+01:00 INFO : Filtering template 154/384 segment 3/5
2026-09-08T15:54:22.580+01:00 INFO : Filtering template 154/384 segment 4/5
2026-09-08T15:54:22.617+01:00 INFO : 2 points above threshold
2026-09-08T15:54:22.625+01:00 INFO : Filtering template 154/384 segment 5/5
2026-09-08T15:54:22.662+01:00 INFO : 154: generating IMRPhenomD from 30.0 Hz
2026-09-08T15:54:22.665+01:00 INFO : Decompressing waveform using inline_linear
2026-09-08T15:54:22.670+01:00 INFO : Filtering template 155/384 segment 1/5
2026-09-08T15:54:22.710+01:00 INFO : Filtering template 155/384 segment 2/5
2026-09-08T15:54:22.747+01:00 INFO : 1 points above threshold
2026-09-08T15:54:22.760+01:00 INFO : Filtering template 155/384 segment 3/5
2026-09-08T15:54:22.797+01:00 INFO : 1 points above threshold
2026-09-08T15:54:22.803+01:00 INFO : Filtering template 155/384 segment 4/5
2026-09-08T15:54:22.840+01:00 INFO : 3 points above threshold
2026-09-08T15:54:22.850+01:00 INFO : Filtering template 155/384 segment 5/5
2026-09-08T15:54:22.888+01:00 INFO : 155: generating IMRPhenomD from 30.0 Hz
2026-09-08T15:54:22.890+01:00 INFO : Decompressing waveform using inline_linear
2026-09-08T15:54:22.895+01:00 INFO : Filtering template 156/384 segment 1/5
2026-09-08T15:54:22.936+01:00 INFO : 1 points above threshold
2026-09-08T15:54:22.949+01:00 INFO : Filtering template 156/384 segment 2/5
2026-09-08T15:54:22.986+01:00 INFO : Filtering template 156/384 segment 3/5
2026-09-08T15:54:23.022+01:00 INFO : Filtering template 156/384 segment 4/5
2026-09-08T15:54:23.060+01:00 INFO : 3 points above threshold
2026-09-08T15:54:23.070+01:00 INFO : Filtering template 156/384 segment 5/5
2026-09-08T15:54:23.107+01:00 INFO : 156: generating IMRPhenomD from 30.0 Hz
2026-09-08T15:54:23.109+01:00 INFO : Decompressing waveform using inline_linear
2026-09-08T15:54:23.114+01:00 INFO : Filtering template 157/384 segment 1/5
2026-09-08T15:54:23.155+01:00 INFO : 1 points above threshold
2026-09-08T15:54:23.167+01:00 INFO : Filtering template 157/384 segment 2/5
2026-09-08T15:54:23.203+01:00 INFO : 1 points above threshold
2026-09-08T15:54:23.209+01:00 INFO : Filtering template 157/384 segment 3/5
2026-09-08T15:54:23.246+01:00 INFO : Filtering template 157/384 segment 4/5
2026-09-08T15:54:23.283+01:00 INFO : 2 points above threshold
2026-09-08T15:54:23.291+01:00 INFO : Filtering template 157/384 segment 5/5
2026-09-08T15:54:23.328+01:00 INFO : 3 points above threshold
2026-09-08T15:54:23.338+01:00 INFO : 157: generating IMRPhenomD from 30.0 Hz
2026-09-08T15:54:23.341+01:00 INFO : Decompressing waveform using inline_linear
2026-09-08T15:54:23.346+01:00 INFO : Filtering template 158/384 segment 1/5
2026-09-08T15:54:23.387+01:00 INFO : 1 points above threshold
2026-09-08T15:54:23.399+01:00 INFO : Filtering template 158/384 segment 2/5
2026-09-08T15:54:23.436+01:00 INFO : 1 points above threshold
2026-09-08T15:54:23.442+01:00 INFO : Filtering template 158/384 segment 3/5
2026-09-08T15:54:23.479+01:00 INFO : 1 points above threshold
2026-09-08T15:54:23.485+01:00 INFO : Filtering template 158/384 segment 4/5
2026-09-08T15:54:23.522+01:00 INFO : Filtering template 158/384 segment 5/5
2026-09-08T15:54:23.559+01:00 INFO : 158: generating IMRPhenomD from 30.0 Hz
2026-09-08T15:54:23.562+01:00 INFO : Decompressing waveform using inline_linear
2026-09-08T15:54:23.567+01:00 INFO : Filtering template 159/384 segment 1/5
2026-09-08T15:54:23.607+01:00 INFO : Filtering template 159/384 segment 2/5
2026-09-08T15:54:23.644+01:00 INFO : 2 points above threshold
2026-09-08T15:54:23.661+01:00 INFO : Filtering template 159/384 segment 3/5
2026-09-08T15:54:23.698+01:00 INFO : 1 points above threshold
2026-09-08T15:54:23.704+01:00 INFO : Filtering template 159/384 segment 4/5
2026-09-08T15:54:23.741+01:00 INFO : 2 points above threshold
2026-09-08T15:54:23.749+01:00 INFO : Filtering template 159/384 segment 5/5
2026-09-08T15:54:23.786+01:00 INFO : 1 points above threshold
2026-09-08T15:54:23.792+01:00 INFO : 159: generating IMRPhenomD from 30.0 Hz
2026-09-08T15:54:23.794+01:00 INFO : Decompressing waveform using inline_linear
2026-09-08T15:54:23.799+01:00 INFO : Filtering template 160/384 segment 1/5
2026-09-08T15:54:23.840+01:00 INFO : 1 points above threshold
2026-09-08T15:54:23.855+01:00 INFO : Filtering template 160/384 segment 2/5
2026-09-08T15:54:23.892+01:00 INFO : 1 points above threshold
2026-09-08T15:54:23.898+01:00 INFO : Filtering template 160/384 segment 3/5
2026-09-08T15:54:23.935+01:00 INFO : 1 points above threshold
2026-09-08T15:54:23.941+01:00 INFO : Filtering template 160/384 segment 4/5
2026-09-08T15:54:23.978+01:00 INFO : Filtering template 160/384 segment 5/5
2026-09-08T15:54:24.015+01:00 INFO : 1 points above threshold
2026-09-08T15:54:24.021+01:00 INFO : 160: generating IMRPhenomD from 30.0 Hz
2026-09-08T15:54:24.024+01:00 INFO : Decompressing waveform using inline_linear
2026-09-08T15:54:24.029+01:00 INFO : Filtering template 161/384 segment 1/5
2026-09-08T15:54:24.069+01:00 INFO : 1 points above threshold
2026-09-08T15:54:24.081+01:00 INFO : Filtering template 161/384 segment 2/5
2026-09-08T15:54:24.118+01:00 INFO : 2 points above threshold
2026-09-08T15:54:24.126+01:00 INFO : Filtering template 161/384 segment 3/5
2026-09-08T15:54:24.163+01:00 INFO : 1 points above threshold
2026-09-08T15:54:24.169+01:00 INFO : Filtering template 161/384 segment 4/5
2026-09-08T15:54:24.206+01:00 INFO : 1 points above threshold
2026-09-08T15:54:24.212+01:00 INFO : Filtering template 161/384 segment 5/5
2026-09-08T15:54:24.249+01:00 INFO : 3 points above threshold
2026-09-08T15:54:24.259+01:00 INFO : 161: generating IMRPhenomD from 30.0 Hz
2026-09-08T15:54:24.262+01:00 INFO : Decompressing waveform using inline_linear
2026-09-08T15:54:24.267+01:00 INFO : Filtering template 162/384 segment 1/5
2026-09-08T15:54:24.307+01:00 INFO : Filtering template 162/384 segment 2/5
2026-09-08T15:54:24.344+01:00 INFO : 2 points above threshold
2026-09-08T15:54:24.359+01:00 INFO : Filtering template 162/384 segment 3/5
2026-09-08T15:54:24.396+01:00 INFO : 1 points above threshold
2026-09-08T15:54:24.402+01:00 INFO : Filtering template 162/384 segment 4/5
2026-09-08T15:54:24.439+01:00 INFO : 1 points above threshold
2026-09-08T15:54:24.445+01:00 INFO : Filtering template 162/384 segment 5/5
2026-09-08T15:54:24.482+01:00 INFO : 1 points above threshold
2026-09-08T15:54:24.488+01:00 INFO : 162: generating IMRPhenomD from 30.0 Hz
2026-09-08T15:54:24.490+01:00 INFO : Decompressing waveform using inline_linear
2026-09-08T15:54:24.495+01:00 INFO : Filtering template 163/384 segment 1/5
2026-09-08T15:54:24.536+01:00 INFO : 2 points above threshold
2026-09-08T15:54:24.550+01:00 INFO : Filtering template 163/384 segment 2/5
2026-09-08T15:54:24.587+01:00 INFO : 3 points above threshold
2026-09-08T15:54:24.597+01:00 INFO : Filtering template 163/384 segment 3/5
2026-09-08T15:54:24.634+01:00 INFO : Filtering template 163/384 segment 4/5
2026-09-08T15:54:24.671+01:00 INFO : 3 points above threshold
2026-09-08T15:54:24.681+01:00 INFO : Filtering template 163/384 segment 5/5
2026-09-08T15:54:24.718+01:00 INFO : 2 points above threshold
2026-09-08T15:54:24.726+01:00 INFO : 163: generating IMRPhenomD from 30.0 Hz
2026-09-08T15:54:24.729+01:00 INFO : Decompressing waveform using inline_linear
2026-09-08T15:54:24.734+01:00 INFO : Filtering template 164/384 segment 1/5
2026-09-08T15:54:24.774+01:00 INFO : 2 points above threshold
2026-09-08T15:54:24.789+01:00 INFO : Filtering template 164/384 segment 2/5
2026-09-08T15:54:24.826+01:00 INFO : 1 points above threshold
2026-09-08T15:54:24.832+01:00 INFO : Filtering template 164/384 segment 3/5
2026-09-08T15:54:24.869+01:00 INFO : 1 points above threshold
2026-09-08T15:54:24.875+01:00 INFO : Filtering template 164/384 segment 4/5
2026-09-08T15:54:24.912+01:00 INFO : Filtering template 164/384 segment 5/5
2026-09-08T15:54:24.949+01:00 INFO : 1 points above threshold
2026-09-08T15:54:24.956+01:00 INFO : 164: generating IMRPhenomD from 30.0 Hz
2026-09-08T15:54:24.958+01:00 INFO : Decompressing waveform using inline_linear
2026-09-08T15:54:24.963+01:00 INFO : Filtering template 165/384 segment 1/5
2026-09-08T15:54:25.004+01:00 INFO : 1 points above threshold
2026-09-08T15:54:25.016+01:00 INFO : Filtering template 165/384 segment 2/5
2026-09-08T15:54:25.053+01:00 INFO : Filtering template 165/384 segment 3/5
2026-09-08T15:54:25.090+01:00 INFO : 2 points above threshold
2026-09-08T15:54:25.098+01:00 INFO : Filtering template 165/384 segment 4/5
2026-09-08T15:54:25.135+01:00 INFO : 1 points above threshold
2026-09-08T15:54:25.141+01:00 INFO : Filtering template 165/384 segment 5/5
2026-09-08T15:54:25.178+01:00 INFO : 1 points above threshold
2026-09-08T15:54:25.186+01:00 INFO : 165: generating IMRPhenomD from 30.0 Hz
2026-09-08T15:54:25.188+01:00 INFO : Decompressing waveform using inline_linear
2026-09-08T15:54:25.193+01:00 INFO : Filtering template 166/384 segment 1/5
2026-09-08T15:54:25.234+01:00 INFO : 2 points above threshold
2026-09-08T15:54:25.248+01:00 INFO : Filtering template 166/384 segment 2/5
2026-09-08T15:54:25.284+01:00 INFO : Filtering template 166/384 segment 3/5
2026-09-08T15:54:25.322+01:00 INFO : Filtering template 166/384 segment 4/5
2026-09-08T15:54:25.359+01:00 INFO : 3 points above threshold
2026-09-08T15:54:25.369+01:00 INFO : Filtering template 166/384 segment 5/5
2026-09-08T15:54:25.406+01:00 INFO : 3 points above threshold
2026-09-08T15:54:25.416+01:00 INFO : 166: generating IMRPhenomD from 30.0 Hz
2026-09-08T15:54:25.418+01:00 INFO : Decompressing waveform using inline_linear
2026-09-08T15:54:25.423+01:00 INFO : Filtering template 167/384 segment 1/5
2026-09-08T15:54:25.464+01:00 INFO : 1 points above threshold
2026-09-08T15:54:25.476+01:00 INFO : Filtering template 167/384 segment 2/5
2026-09-08T15:54:25.513+01:00 INFO : Filtering template 167/384 segment 3/5
2026-09-08T15:54:25.550+01:00 INFO : 1 points above threshold
2026-09-08T15:54:25.556+01:00 INFO : Filtering template 167/384 segment 4/5
2026-09-08T15:54:25.593+01:00 INFO : Filtering template 167/384 segment 5/5
2026-09-08T15:54:25.631+01:00 INFO : 167: generating IMRPhenomD from 30.0 Hz
2026-09-08T15:54:25.633+01:00 INFO : Decompressing waveform using inline_linear
2026-09-08T15:54:25.638+01:00 INFO : Filtering template 168/384 segment 1/5
2026-09-08T15:54:25.679+01:00 INFO : 4 points above threshold
2026-09-08T15:54:25.694+01:00 INFO : Filtering template 168/384 segment 2/5
2026-09-08T15:54:25.731+01:00 INFO : 1 points above threshold
2026-09-08T15:54:25.737+01:00 INFO : Filtering template 168/384 segment 3/5
2026-09-08T15:54:25.774+01:00 INFO : 1 points above threshold
2026-09-08T15:54:25.780+01:00 INFO : Filtering template 168/384 segment 4/5
2026-09-08T15:54:25.817+01:00 INFO : 1 points above threshold
2026-09-08T15:54:25.823+01:00 INFO : Filtering template 168/384 segment 5/5
2026-09-08T15:54:25.860+01:00 INFO : 1 points above threshold
2026-09-08T15:54:25.867+01:00 INFO : 168: generating IMRPhenomD from 30.0 Hz
2026-09-08T15:54:25.869+01:00 INFO : Decompressing waveform using inline_linear
2026-09-08T15:54:25.874+01:00 INFO : Filtering template 169/384 segment 1/5
2026-09-08T15:54:25.914+01:00 INFO : 5 points above threshold
2026-09-08T15:54:25.933+01:00 INFO : Filtering template 169/384 segment 2/5
2026-09-08T15:54:25.970+01:00 INFO : 1 points above threshold
2026-09-08T15:54:25.979+01:00 INFO : Filtering template 169/384 segment 3/5
2026-09-08T15:54:26.016+01:00 INFO : 3 points above threshold
2026-09-08T15:54:26.026+01:00 INFO : Filtering template 169/384 segment 4/5
2026-09-08T15:54:26.063+01:00 INFO : 1 points above threshold
2026-09-08T15:54:26.069+01:00 INFO : Filtering template 169/384 segment 5/5
2026-09-08T15:54:26.106+01:00 INFO : 169: generating IMRPhenomD from 30.0 Hz
2026-09-08T15:54:26.109+01:00 INFO : Decompressing waveform using inline_linear
2026-09-08T15:54:26.114+01:00 INFO : Filtering template 170/384 segment 1/5
2026-09-08T15:54:26.155+01:00 INFO : Filtering template 170/384 segment 2/5
2026-09-08T15:54:26.192+01:00 INFO : 2 points above threshold
2026-09-08T15:54:26.206+01:00 INFO : Filtering template 170/384 segment 3/5
2026-09-08T15:54:26.243+01:00 INFO : 2 points above threshold
2026-09-08T15:54:26.251+01:00 INFO : Filtering template 170/384 segment 4/5
2026-09-08T15:54:26.288+01:00 INFO : Filtering template 170/384 segment 5/5
2026-09-08T15:54:26.325+01:00 INFO : 170: generating IMRPhenomD from 30.0 Hz
2026-09-08T15:54:26.328+01:00 INFO : Decompressing waveform using inline_linear
2026-09-08T15:54:26.333+01:00 INFO : Filtering template 171/384 segment 1/5
2026-09-08T15:54:26.373+01:00 INFO : 2 points above threshold
2026-09-08T15:54:26.387+01:00 INFO : Filtering template 171/384 segment 2/5
2026-09-08T15:54:26.424+01:00 INFO : 1 points above threshold
2026-09-08T15:54:26.430+01:00 INFO : Filtering template 171/384 segment 3/5
2026-09-08T15:54:26.467+01:00 INFO : 3 points above threshold
2026-09-08T15:54:26.477+01:00 INFO : Filtering template 171/384 segment 4/5
2026-09-08T15:54:26.514+01:00 INFO : 1 points above threshold
2026-09-08T15:54:26.520+01:00 INFO : Filtering template 171/384 segment 5/5
2026-09-08T15:54:26.557+01:00 INFO : 1 points above threshold
2026-09-08T15:54:26.563+01:00 INFO : 171: generating IMRPhenomD from 30.0 Hz
2026-09-08T15:54:26.566+01:00 INFO : Decompressing waveform using inline_linear
2026-09-08T15:54:26.571+01:00 INFO : Filtering template 172/384 segment 1/5
2026-09-08T15:54:26.611+01:00 INFO : 4 points above threshold
2026-09-08T15:54:26.627+01:00 INFO : Filtering template 172/384 segment 2/5
2026-09-08T15:54:26.664+01:00 INFO : 1 points above threshold
2026-09-08T15:54:26.670+01:00 INFO : Filtering template 172/384 segment 3/5
2026-09-08T15:54:26.707+01:00 INFO : Filtering template 172/384 segment 4/5
2026-09-08T15:54:26.744+01:00 INFO : 2 points above threshold
2026-09-08T15:54:26.752+01:00 INFO : Filtering template 172/384 segment 5/5
2026-09-08T15:54:26.789+01:00 INFO : 1 points above threshold
2026-09-08T15:54:26.795+01:00 INFO : 172: generating IMRPhenomD from 30.0 Hz
2026-09-08T15:54:26.798+01:00 INFO : Decompressing waveform using inline_linear
2026-09-08T15:54:26.803+01:00 INFO : Filtering template 173/384 segment 1/5
2026-09-08T15:54:26.843+01:00 INFO : 1 points above threshold
2026-09-08T15:54:26.855+01:00 INFO : Filtering template 173/384 segment 2/5
2026-09-08T15:54:26.892+01:00 INFO : 1 points above threshold
2026-09-08T15:54:26.899+01:00 INFO : Filtering template 173/384 segment 3/5
2026-09-08T15:54:26.935+01:00 INFO : 1 points above threshold
2026-09-08T15:54:26.941+01:00 INFO : Filtering template 173/384 segment 4/5
2026-09-08T15:54:26.979+01:00 INFO : 1 points above threshold
2026-09-08T15:54:26.985+01:00 INFO : Filtering template 173/384 segment 5/5
2026-09-08T15:54:27.022+01:00 INFO : 1 points above threshold
2026-09-08T15:54:27.028+01:00 INFO : 173: generating IMRPhenomD from 30.0 Hz
2026-09-08T15:54:27.031+01:00 INFO : Decompressing waveform using inline_linear
2026-09-08T15:54:27.036+01:00 INFO : Filtering template 174/384 segment 1/5
2026-09-08T15:54:27.076+01:00 INFO : 3 points above threshold
2026-09-08T15:54:27.092+01:00 INFO : Filtering template 174/384 segment 2/5
2026-09-08T15:54:27.129+01:00 INFO : 1 points above threshold
2026-09-08T15:54:27.135+01:00 INFO : Filtering template 174/384 segment 3/5
2026-09-08T15:54:27.172+01:00 INFO : 3 points above threshold
2026-09-08T15:54:27.182+01:00 INFO : Filtering template 174/384 segment 4/5
2026-09-08T15:54:27.219+01:00 INFO : 1 points above threshold
2026-09-08T15:54:27.225+01:00 INFO : Filtering template 174/384 segment 5/5
2026-09-08T15:54:27.262+01:00 INFO : 174: generating IMRPhenomD from 30.0 Hz
2026-09-08T15:54:27.265+01:00 INFO : Decompressing waveform using inline_linear
2026-09-08T15:54:27.270+01:00 INFO : Filtering template 175/384 segment 1/5
2026-09-08T15:54:27.310+01:00 INFO : 2 points above threshold
2026-09-08T15:54:27.324+01:00 INFO : Filtering template 175/384 segment 2/5
2026-09-08T15:54:27.361+01:00 INFO : 2 points above threshold
2026-09-08T15:54:27.369+01:00 INFO : Filtering template 175/384 segment 3/5
2026-09-08T15:54:27.406+01:00 INFO : 4 points above threshold
2026-09-08T15:54:27.416+01:00 INFO : Filtering template 175/384 segment 4/5
2026-09-08T15:54:27.453+01:00 INFO : 1 points above threshold
2026-09-08T15:54:27.459+01:00 INFO : Filtering template 175/384 segment 5/5
2026-09-08T15:54:27.496+01:00 INFO : 175: generating IMRPhenomD from 30.0 Hz
2026-09-08T15:54:27.499+01:00 INFO : Decompressing waveform using inline_linear
2026-09-08T15:54:27.504+01:00 INFO : Filtering template 176/384 segment 1/5
2026-09-08T15:54:27.544+01:00 INFO : 1 points above threshold
2026-09-08T15:54:27.557+01:00 INFO : Filtering template 176/384 segment 2/5
2026-09-08T15:54:27.594+01:00 INFO : 3 points above threshold
2026-09-08T15:54:27.604+01:00 INFO : Filtering template 176/384 segment 3/5
2026-09-08T15:54:27.641+01:00 INFO : 1 points above threshold
2026-09-08T15:54:27.647+01:00 INFO : Filtering template 176/384 segment 4/5
2026-09-08T15:54:27.684+01:00 INFO : 1 points above threshold
2026-09-08T15:54:27.690+01:00 INFO : Filtering template 176/384 segment 5/5
2026-09-08T15:54:27.727+01:00 INFO : 1 points above threshold
2026-09-08T15:54:27.733+01:00 INFO : 176: generating IMRPhenomD from 30.0 Hz
2026-09-08T15:54:27.736+01:00 INFO : Decompressing waveform using inline_linear
2026-09-08T15:54:27.741+01:00 INFO : Filtering template 177/384 segment 1/5
2026-09-08T15:54:27.782+01:00 INFO : 3 points above threshold
2026-09-08T15:54:27.798+01:00 INFO : Filtering template 177/384 segment 2/5
2026-09-08T15:54:27.835+01:00 INFO : Filtering template 177/384 segment 3/5
2026-09-08T15:54:27.873+01:00 INFO : 3 points above threshold
2026-09-08T15:54:27.882+01:00 INFO : Filtering template 177/384 segment 4/5
2026-09-08T15:54:27.920+01:00 INFO : 1 points above threshold
2026-09-08T15:54:27.925+01:00 INFO : Filtering template 177/384 segment 5/5
2026-09-08T15:54:27.962+01:00 INFO : 2 points above threshold
2026-09-08T15:54:27.971+01:00 INFO : 177: generating IMRPhenomD from 30.0 Hz
2026-09-08T15:54:27.973+01:00 INFO : Decompressing waveform using inline_linear
2026-09-08T15:54:27.978+01:00 INFO : Filtering template 178/384 segment 1/5
2026-09-08T15:54:28.019+01:00 INFO : Filtering template 178/384 segment 2/5
2026-09-08T15:54:28.056+01:00 INFO : 1 points above threshold
2026-09-08T15:54:28.068+01:00 INFO : Filtering template 178/384 segment 3/5
2026-09-08T15:54:28.105+01:00 INFO : Filtering template 178/384 segment 4/5
2026-09-08T15:54:28.142+01:00 INFO : 1 points above threshold
2026-09-08T15:54:28.148+01:00 INFO : Filtering template 178/384 segment 5/5
2026-09-08T15:54:28.185+01:00 INFO : 178: generating IMRPhenomD from 30.0 Hz
2026-09-08T15:54:28.188+01:00 INFO : Decompressing waveform using inline_linear
2026-09-08T15:54:28.193+01:00 INFO : Filtering template 179/384 segment 1/5
2026-09-08T15:54:28.233+01:00 INFO : 2 points above threshold
2026-09-08T15:54:28.247+01:00 INFO : Filtering template 179/384 segment 2/5
2026-09-08T15:54:28.284+01:00 INFO : 3 points above threshold
2026-09-08T15:54:28.294+01:00 INFO : Filtering template 179/384 segment 3/5
2026-09-08T15:54:28.331+01:00 INFO : 1 points above threshold
2026-09-08T15:54:28.337+01:00 INFO : Filtering template 179/384 segment 4/5
2026-09-08T15:54:28.374+01:00 INFO : 1 points above threshold
2026-09-08T15:54:28.380+01:00 INFO : Filtering template 179/384 segment 5/5
2026-09-08T15:54:28.417+01:00 INFO : 179: generating IMRPhenomD from 30.0 Hz
2026-09-08T15:54:28.420+01:00 INFO : Decompressing waveform using inline_linear
2026-09-08T15:54:28.425+01:00 INFO : Filtering template 180/384 segment 1/5
2026-09-08T15:54:28.465+01:00 INFO : 2 points above threshold
2026-09-08T15:54:28.479+01:00 INFO : Filtering template 180/384 segment 2/5
2026-09-08T15:54:28.516+01:00 INFO : Filtering template 180/384 segment 3/5
2026-09-08T15:54:28.553+01:00 INFO : 1 points above threshold
2026-09-08T15:54:28.559+01:00 INFO : Filtering template 180/384 segment 4/5
2026-09-08T15:54:28.596+01:00 INFO : 1 points above threshold
2026-09-08T15:54:28.602+01:00 INFO : Filtering template 180/384 segment 5/5
2026-09-08T15:54:28.639+01:00 INFO : 4 points above threshold
2026-09-08T15:54:28.649+01:00 INFO : 180: generating IMRPhenomD from 30.0 Hz
2026-09-08T15:54:28.651+01:00 INFO : Decompressing waveform using inline_linear
2026-09-08T15:54:28.656+01:00 INFO : Filtering template 181/384 segment 1/5
2026-09-08T15:54:28.697+01:00 INFO : 1 points above threshold
2026-09-08T15:54:28.709+01:00 INFO : Filtering template 181/384 segment 2/5
2026-09-08T15:54:28.746+01:00 INFO : 1 points above threshold
2026-09-08T15:54:28.752+01:00 INFO : Filtering template 181/384 segment 3/5
2026-09-08T15:54:28.789+01:00 INFO : Filtering template 181/384 segment 4/5
2026-09-08T15:54:28.826+01:00 INFO : 3 points above threshold
2026-09-08T15:54:28.836+01:00 INFO : Filtering template 181/384 segment 5/5
2026-09-08T15:54:28.874+01:00 INFO : 181: generating IMRPhenomD from 30.0 Hz
2026-09-08T15:54:28.877+01:00 INFO : Decompressing waveform using inline_linear
2026-09-08T15:54:28.882+01:00 INFO : Filtering template 182/384 segment 1/5
2026-09-08T15:54:28.922+01:00 INFO : 1 points above threshold
2026-09-08T15:54:28.934+01:00 INFO : Filtering template 182/384 segment 2/5
2026-09-08T15:54:28.972+01:00 INFO : 3 points above threshold
2026-09-08T15:54:28.982+01:00 INFO : Filtering template 182/384 segment 3/5
2026-09-08T15:54:29.019+01:00 INFO : 1 points above threshold
2026-09-08T15:54:29.025+01:00 INFO : Filtering template 182/384 segment 4/5
2026-09-08T15:54:29.062+01:00 INFO : 2 points above threshold
2026-09-08T15:54:29.069+01:00 INFO : Filtering template 182/384 segment 5/5
2026-09-08T15:54:29.106+01:00 INFO : 1 points above threshold
2026-09-08T15:54:29.113+01:00 INFO : 182: generating IMRPhenomD from 30.0 Hz
2026-09-08T15:54:29.115+01:00 INFO : Decompressing waveform using inline_linear
2026-09-08T15:54:29.120+01:00 INFO : Filtering template 183/384 segment 1/5
2026-09-08T15:54:29.161+01:00 INFO : 2 points above threshold
2026-09-08T15:54:29.174+01:00 INFO : Filtering template 183/384 segment 2/5
2026-09-08T15:54:29.211+01:00 INFO : 3 points above threshold
2026-09-08T15:54:29.221+01:00 INFO : Filtering template 183/384 segment 3/5
2026-09-08T15:54:29.258+01:00 INFO : 1 points above threshold
2026-09-08T15:54:29.264+01:00 INFO : Filtering template 183/384 segment 4/5
2026-09-08T15:54:29.301+01:00 INFO : 4 points above threshold
2026-09-08T15:54:29.311+01:00 INFO : Filtering template 183/384 segment 5/5
2026-09-08T15:54:29.348+01:00 INFO : 183: generating IMRPhenomD from 30.0 Hz
2026-09-08T15:54:29.351+01:00 INFO : Decompressing waveform using inline_linear
2026-09-08T15:54:29.356+01:00 INFO : Filtering template 184/384 segment 1/5
2026-09-08T15:54:29.396+01:00 INFO : 2 points above threshold
2026-09-08T15:54:29.410+01:00 INFO : Filtering template 184/384 segment 2/5
2026-09-08T15:54:29.447+01:00 INFO : 1 points above threshold
2026-09-08T15:54:29.453+01:00 INFO : Filtering template 184/384 segment 3/5
2026-09-08T15:54:29.490+01:00 INFO : 1 points above threshold
2026-09-08T15:54:29.496+01:00 INFO : Filtering template 184/384 segment 4/5
2026-09-08T15:54:29.533+01:00 INFO : 2 points above threshold
2026-09-08T15:54:29.541+01:00 INFO : Filtering template 184/384 segment 5/5
2026-09-08T15:54:29.578+01:00 INFO : 184: generating IMRPhenomD from 30.0 Hz
2026-09-08T15:54:29.581+01:00 INFO : Decompressing waveform using inline_linear
2026-09-08T15:54:29.586+01:00 INFO : Filtering template 185/384 segment 1/5
2026-09-08T15:54:29.626+01:00 INFO : Filtering template 185/384 segment 2/5
2026-09-08T15:54:29.663+01:00 INFO : 2 points above threshold
2026-09-08T15:54:29.677+01:00 INFO : Filtering template 185/384 segment 3/5
2026-09-08T15:54:29.714+01:00 INFO : 2 points above threshold
2026-09-08T15:54:29.722+01:00 INFO : Filtering template 185/384 segment 4/5
2026-09-08T15:54:29.759+01:00 INFO : 4 points above threshold
2026-09-08T15:54:29.768+01:00 INFO : Filtering template 185/384 segment 5/5
2026-09-08T15:54:29.805+01:00 INFO : 2 points above threshold
2026-09-08T15:54:29.813+01:00 INFO : 185: generating IMRPhenomD from 30.0 Hz
2026-09-08T15:54:29.816+01:00 INFO : Decompressing waveform using inline_linear
2026-09-08T15:54:29.821+01:00 INFO : Filtering template 186/384 segment 1/5
2026-09-08T15:54:29.862+01:00 INFO : Filtering template 186/384 segment 2/5
2026-09-08T15:54:29.899+01:00 INFO : Filtering template 186/384 segment 3/5
2026-09-08T15:54:29.936+01:00 INFO : 2 points above threshold
2026-09-08T15:54:29.950+01:00 INFO : Filtering template 186/384 segment 4/5
2026-09-08T15:54:29.987+01:00 INFO : 1 points above threshold
2026-09-08T15:54:29.993+01:00 INFO : Filtering template 186/384 segment 5/5
2026-09-08T15:54:30.031+01:00 INFO : 186: generating IMRPhenomD from 30.0 Hz
2026-09-08T15:54:30.033+01:00 INFO : Decompressing waveform using inline_linear
2026-09-08T15:54:30.038+01:00 INFO : Filtering template 187/384 segment 1/5
2026-09-08T15:54:30.079+01:00 INFO : 2 points above threshold
2026-09-08T15:54:30.096+01:00 INFO : Filtering template 187/384 segment 2/5
2026-09-08T15:54:30.133+01:00 INFO : 1 points above threshold
2026-09-08T15:54:30.139+01:00 INFO : Filtering template 187/384 segment 3/5
2026-09-08T15:54:30.176+01:00 INFO : 3 points above threshold
2026-09-08T15:54:30.186+01:00 INFO : Filtering template 187/384 segment 4/5
2026-09-08T15:54:30.223+01:00 INFO : Filtering template 187/384 segment 5/5
2026-09-08T15:54:30.260+01:00 INFO : 1 points above threshold
2026-09-08T15:54:30.266+01:00 INFO : 187: generating IMRPhenomD from 30.0 Hz
2026-09-08T15:54:30.269+01:00 INFO : Decompressing waveform using inline_linear
2026-09-08T15:54:30.274+01:00 INFO : Filtering template 188/384 segment 1/5
2026-09-08T15:54:30.314+01:00 INFO : 1 points above threshold
2026-09-08T15:54:30.329+01:00 INFO : Filtering template 188/384 segment 2/5
2026-09-08T15:54:30.366+01:00 INFO : 1 points above threshold
2026-09-08T15:54:30.372+01:00 INFO : Filtering template 188/384 segment 3/5
2026-09-08T15:54:30.409+01:00 INFO : 3 points above threshold
2026-09-08T15:54:30.419+01:00 INFO : Filtering template 188/384 segment 4/5
2026-09-08T15:54:30.456+01:00 INFO : Filtering template 188/384 segment 5/5
2026-09-08T15:54:30.493+01:00 INFO : 188: generating IMRPhenomD from 30.0 Hz
2026-09-08T15:54:30.495+01:00 INFO : Decompressing waveform using inline_linear
2026-09-08T15:54:30.500+01:00 INFO : Filtering template 189/384 segment 1/5
2026-09-08T15:54:30.541+01:00 INFO : 1 points above threshold
2026-09-08T15:54:30.556+01:00 INFO : Filtering template 189/384 segment 2/5
2026-09-08T15:54:30.593+01:00 INFO : 1 points above threshold
2026-09-08T15:54:30.599+01:00 INFO : Filtering template 189/384 segment 3/5
2026-09-08T15:54:30.636+01:00 INFO : 2 points above threshold
2026-09-08T15:54:30.643+01:00 INFO : Filtering template 189/384 segment 4/5
2026-09-08T15:54:30.681+01:00 INFO : 2 points above threshold
2026-09-08T15:54:30.688+01:00 INFO : Filtering template 189/384 segment 5/5
2026-09-08T15:54:30.725+01:00 INFO : 1 points above threshold
2026-09-08T15:54:30.732+01:00 INFO : 189: generating IMRPhenomD from 30.0 Hz
2026-09-08T15:54:30.734+01:00 INFO : Decompressing waveform using inline_linear
2026-09-08T15:54:30.739+01:00 INFO : Filtering template 190/384 segment 1/5
2026-09-08T15:54:30.780+01:00 INFO : 1 points above threshold
2026-09-08T15:54:30.794+01:00 INFO : Filtering template 190/384 segment 2/5
2026-09-08T15:54:30.831+01:00 INFO : 2 points above threshold
2026-09-08T15:54:30.839+01:00 INFO : Filtering template 190/384 segment 3/5
2026-09-08T15:54:30.876+01:00 INFO : 1 points above threshold
2026-09-08T15:54:30.882+01:00 INFO : Filtering template 190/384 segment 4/5
2026-09-08T15:54:30.919+01:00 INFO : 1 points above threshold
2026-09-08T15:54:30.925+01:00 INFO : Filtering template 190/384 segment 5/5
2026-09-08T15:54:30.962+01:00 INFO : 1 points above threshold
2026-09-08T15:54:30.968+01:00 INFO : 190: generating IMRPhenomD from 30.0 Hz
2026-09-08T15:54:30.971+01:00 INFO : Decompressing waveform using inline_linear
2026-09-08T15:54:30.976+01:00 INFO : Filtering template 191/384 segment 1/5
2026-09-08T15:54:31.016+01:00 INFO : Filtering template 191/384 segment 2/5
2026-09-08T15:54:31.053+01:00 INFO : 1 points above threshold
2026-09-08T15:54:31.068+01:00 INFO : Filtering template 191/384 segment 3/5
2026-09-08T15:54:31.105+01:00 INFO : Filtering template 191/384 segment 4/5
2026-09-08T15:54:31.142+01:00 INFO : 1 points above threshold
2026-09-08T15:54:31.148+01:00 INFO : Filtering template 191/384 segment 5/5
2026-09-08T15:54:31.185+01:00 INFO : 1 points above threshold
2026-09-08T15:54:31.192+01:00 INFO : 191: generating IMRPhenomD from 30.0 Hz
2026-09-08T15:54:31.194+01:00 INFO : Decompressing waveform using inline_linear
2026-09-08T15:54:31.199+01:00 INFO : Filtering template 192/384 segment 1/5
2026-09-08T15:54:31.240+01:00 INFO : 2 points above threshold
2026-09-08T15:54:31.256+01:00 INFO : Filtering template 192/384 segment 2/5
2026-09-08T15:54:31.293+01:00 INFO : 3 points above threshold
2026-09-08T15:54:31.303+01:00 INFO : Filtering template 192/384 segment 3/5
2026-09-08T15:54:31.340+01:00 INFO : Filtering template 192/384 segment 4/5
2026-09-08T15:54:31.377+01:00 INFO : Filtering template 192/384 segment 5/5
2026-09-08T15:54:31.414+01:00 INFO : 192: generating IMRPhenomD from 30.0 Hz
2026-09-08T15:54:31.417+01:00 INFO : Decompressing waveform using inline_linear
2026-09-08T15:54:31.422+01:00 INFO : Filtering template 193/384 segment 1/5
2026-09-08T15:54:31.462+01:00 INFO : 1 points above threshold
2026-09-08T15:54:31.477+01:00 INFO : Filtering template 193/384 segment 2/5
2026-09-08T15:54:31.514+01:00 INFO : 4 points above threshold
2026-09-08T15:54:31.524+01:00 INFO : Filtering template 193/384 segment 3/5
2026-09-08T15:54:31.561+01:00 INFO : Filtering template 193/384 segment 4/5
2026-09-08T15:54:31.598+01:00 INFO : 1 points above threshold
2026-09-08T15:54:31.604+01:00 INFO : Filtering template 193/384 segment 5/5
2026-09-08T15:54:31.641+01:00 INFO : 3 points above threshold
2026-09-08T15:54:31.651+01:00 INFO : 193: generating IMRPhenomD from 30.0 Hz
2026-09-08T15:54:31.653+01:00 INFO : Decompressing waveform using inline_linear
2026-09-08T15:54:31.658+01:00 INFO : Filtering template 194/384 segment 1/5
2026-09-08T15:54:31.699+01:00 INFO : 2 points above threshold
2026-09-08T15:54:31.715+01:00 INFO : Filtering template 194/384 segment 2/5
2026-09-08T15:54:31.752+01:00 INFO : 1 points above threshold
2026-09-08T15:54:31.758+01:00 INFO : Filtering template 194/384 segment 3/5
2026-09-08T15:54:31.795+01:00 INFO : 1 points above threshold
2026-09-08T15:54:31.801+01:00 INFO : Filtering template 194/384 segment 4/5
2026-09-08T15:54:31.838+01:00 INFO : 2 points above threshold
2026-09-08T15:54:31.846+01:00 INFO : Filtering template 194/384 segment 5/5
2026-09-08T15:54:31.883+01:00 INFO : 1 points above threshold
2026-09-08T15:54:31.890+01:00 INFO : 194: generating IMRPhenomD from 30.0 Hz
2026-09-08T15:54:31.892+01:00 INFO : Decompressing waveform using inline_linear
2026-09-08T15:54:31.897+01:00 INFO : Filtering template 195/384 segment 1/5
2026-09-08T15:54:31.938+01:00 INFO : Filtering template 195/384 segment 2/5
2026-09-08T15:54:31.975+01:00 INFO : Filtering template 195/384 segment 3/5
2026-09-08T15:54:32.012+01:00 INFO : 1 points above threshold
2026-09-08T15:54:32.024+01:00 INFO : Filtering template 195/384 segment 4/5
2026-09-08T15:54:32.061+01:00 INFO : 2 points above threshold
2026-09-08T15:54:32.069+01:00 INFO : Filtering template 195/384 segment 5/5
2026-09-08T15:54:32.107+01:00 INFO : 195: generating IMRPhenomD from 30.0 Hz
2026-09-08T15:54:32.109+01:00 INFO : Decompressing waveform using inline_linear
2026-09-08T15:54:32.114+01:00 INFO : Filtering template 196/384 segment 1/5
2026-09-08T15:54:32.155+01:00 INFO : 2 points above threshold
2026-09-08T15:54:32.169+01:00 INFO : Filtering template 196/384 segment 2/5
2026-09-08T15:54:32.206+01:00 INFO : 3 points above threshold
2026-09-08T15:54:32.216+01:00 INFO : Filtering template 196/384 segment 3/5
2026-09-08T15:54:32.253+01:00 INFO : 1 points above threshold
2026-09-08T15:54:32.259+01:00 INFO : Filtering template 196/384 segment 4/5
2026-09-08T15:54:32.296+01:00 INFO : 1 points above threshold
2026-09-08T15:54:32.302+01:00 INFO : Filtering template 196/384 segment 5/5
2026-09-08T15:54:32.339+01:00 INFO : 2 points above threshold
2026-09-08T15:54:32.347+01:00 INFO : 196: generating IMRPhenomD from 30.0 Hz
2026-09-08T15:54:32.349+01:00 INFO : Decompressing waveform using inline_linear
2026-09-08T15:54:32.355+01:00 INFO : Filtering template 197/384 segment 1/5
2026-09-08T15:54:32.395+01:00 INFO : Filtering template 197/384 segment 2/5
2026-09-08T15:54:32.432+01:00 INFO : 1 points above threshold
2026-09-08T15:54:32.445+01:00 INFO : Filtering template 197/384 segment 3/5
2026-09-08T15:54:32.482+01:00 INFO : 4 points above threshold
2026-09-08T15:54:32.491+01:00 INFO : Filtering template 197/384 segment 4/5
2026-09-08T15:54:32.528+01:00 INFO : 1 points above threshold
2026-09-08T15:54:32.534+01:00 INFO : Filtering template 197/384 segment 5/5
2026-09-08T15:54:32.571+01:00 INFO : 197: generating IMRPhenomD from 30.0 Hz
2026-09-08T15:54:32.574+01:00 INFO : Decompressing waveform using inline_linear
2026-09-08T15:54:32.579+01:00 INFO : Filtering template 198/384 segment 1/5
2026-09-08T15:54:32.619+01:00 INFO : Filtering template 198/384 segment 2/5
2026-09-08T15:54:32.657+01:00 INFO : 4 points above threshold
2026-09-08T15:54:32.672+01:00 INFO : Filtering template 198/384 segment 3/5
2026-09-08T15:54:32.709+01:00 INFO : 3 points above threshold
2026-09-08T15:54:32.719+01:00 INFO : Filtering template 198/384 segment 4/5
2026-09-08T15:54:32.756+01:00 INFO : 1 points above threshold
2026-09-08T15:54:32.762+01:00 INFO : Filtering template 198/384 segment 5/5
2026-09-08T15:54:32.799+01:00 INFO : 1 points above threshold
2026-09-08T15:54:32.805+01:00 INFO : 198: generating IMRPhenomD from 30.0 Hz
2026-09-08T15:54:32.808+01:00 INFO : Decompressing waveform using inline_linear
2026-09-08T15:54:32.812+01:00 INFO : Filtering template 199/384 segment 1/5
2026-09-08T15:54:32.853+01:00 INFO : 1 points above threshold
2026-09-08T15:54:32.868+01:00 INFO : Filtering template 199/384 segment 2/5
2026-09-08T15:54:32.905+01:00 INFO : 1 points above threshold
2026-09-08T15:54:32.911+01:00 INFO : Filtering template 199/384 segment 3/5
2026-09-08T15:54:32.948+01:00 INFO : Filtering template 199/384 segment 4/5
2026-09-08T15:54:32.985+01:00 INFO : 2 points above threshold
2026-09-08T15:54:32.993+01:00 INFO : Filtering template 199/384 segment 5/5
2026-09-08T15:54:33.030+01:00 INFO : 199: generating IMRPhenomD from 30.0 Hz
2026-09-08T15:54:33.033+01:00 INFO : Decompressing waveform using inline_linear
2026-09-08T15:54:33.038+01:00 INFO : Filtering template 200/384 segment 1/5
2026-09-08T15:54:33.078+01:00 INFO : Filtering template 200/384 segment 2/5
2026-09-08T15:54:33.115+01:00 INFO : Filtering template 200/384 segment 3/5
2026-09-08T15:54:33.152+01:00 INFO : Filtering template 200/384 segment 4/5
2026-09-08T15:54:33.190+01:00 INFO : 1 points above threshold
2026-09-08T15:54:33.202+01:00 INFO : Filtering template 200/384 segment 5/5
2026-09-08T15:54:33.239+01:00 INFO : 1 points above threshold
2026-09-08T15:54:33.245+01:00 INFO : 200: generating IMRPhenomD from 30.0 Hz
2026-09-08T15:54:33.248+01:00 INFO : Decompressing waveform using inline_linear
2026-09-08T15:54:33.253+01:00 INFO : Filtering template 201/384 segment 1/5
2026-09-08T15:54:33.293+01:00 INFO : Filtering template 201/384 segment 2/5
2026-09-08T15:54:33.330+01:00 INFO : 1 points above threshold
2026-09-08T15:54:33.342+01:00 INFO : Filtering template 201/384 segment 3/5
2026-09-08T15:54:33.379+01:00 INFO : 1 points above threshold
2026-09-08T15:54:33.385+01:00 INFO : Filtering template 201/384 segment 4/5
2026-09-08T15:54:33.422+01:00 INFO : Filtering template 201/384 segment 5/5
2026-09-08T15:54:33.459+01:00 INFO : 1 points above threshold
2026-09-08T15:54:33.466+01:00 INFO : 201: generating IMRPhenomD from 30.0 Hz
2026-09-08T15:54:33.468+01:00 INFO : Decompressing waveform using inline_linear
2026-09-08T15:54:33.473+01:00 INFO : Filtering template 202/384 segment 1/5
2026-09-08T15:54:33.513+01:00 INFO : 2 points above threshold
2026-09-08T15:54:33.527+01:00 INFO : Filtering template 202/384 segment 2/5
2026-09-08T15:54:33.564+01:00 INFO : 2 points above threshold
2026-09-08T15:54:33.572+01:00 INFO : Filtering template 202/384 segment 3/5
2026-09-08T15:54:33.609+01:00 INFO : 3 points above threshold
2026-09-08T15:54:33.619+01:00 INFO : Filtering template 202/384 segment 4/5
2026-09-08T15:54:33.656+01:00 INFO : 1 points above threshold
2026-09-08T15:54:33.662+01:00 INFO : Filtering template 202/384 segment 5/5
2026-09-08T15:54:33.699+01:00 INFO : 202: generating IMRPhenomD from 30.0 Hz
2026-09-08T15:54:33.702+01:00 INFO : Decompressing waveform using inline_linear
2026-09-08T15:54:33.707+01:00 INFO : Filtering template 203/384 segment 1/5
2026-09-08T15:54:33.747+01:00 INFO : 1 points above threshold
2026-09-08T15:54:33.760+01:00 INFO : Filtering template 203/384 segment 2/5
2026-09-08T15:54:33.797+01:00 INFO : 2 points above threshold
2026-09-08T15:54:33.804+01:00 INFO : Filtering template 203/384 segment 3/5
2026-09-08T15:54:33.841+01:00 INFO : 2 points above threshold
2026-09-08T15:54:33.849+01:00 INFO : Filtering template 203/384 segment 4/5
2026-09-08T15:54:33.886+01:00 INFO : 3 points above threshold
2026-09-08T15:54:33.896+01:00 INFO : Filtering template 203/384 segment 5/5
2026-09-08T15:54:33.933+01:00 INFO : 2 points above threshold
2026-09-08T15:54:33.942+01:00 INFO : 203: generating IMRPhenomD from 30.0 Hz
2026-09-08T15:54:33.944+01:00 INFO : Decompressing waveform using inline_linear
2026-09-08T15:54:33.949+01:00 INFO : Filtering template 204/384 segment 1/5
2026-09-08T15:54:33.989+01:00 INFO : 1 points above threshold
2026-09-08T15:54:34.001+01:00 INFO : Filtering template 204/384 segment 2/5
2026-09-08T15:54:34.038+01:00 INFO : 1 points above threshold
2026-09-08T15:54:34.044+01:00 INFO : Filtering template 204/384 segment 3/5
2026-09-08T15:54:34.081+01:00 INFO : Filtering template 204/384 segment 4/5
2026-09-08T15:54:34.118+01:00 INFO : Filtering template 204/384 segment 5/5
2026-09-08T15:54:34.155+01:00 INFO : 1 points above threshold
2026-09-08T15:54:34.162+01:00 INFO : 204: generating IMRPhenomD from 30.0 Hz
2026-09-08T15:54:34.164+01:00 INFO : Decompressing waveform using inline_linear
2026-09-08T15:54:34.169+01:00 INFO : Filtering template 205/384 segment 1/5
2026-09-08T15:54:34.209+01:00 INFO : 2 points above threshold
2026-09-08T15:54:34.223+01:00 INFO : Filtering template 205/384 segment 2/5
2026-09-08T15:54:34.261+01:00 INFO : Filtering template 205/384 segment 3/5
2026-09-08T15:54:34.298+01:00 INFO : 1 points above threshold
2026-09-08T15:54:34.304+01:00 INFO : Filtering template 205/384 segment 4/5
2026-09-08T15:54:34.341+01:00 INFO : Filtering template 205/384 segment 5/5
2026-09-08T15:54:34.378+01:00 INFO : 2 points above threshold
2026-09-08T15:54:34.386+01:00 INFO : 205: generating IMRPhenomD from 30.0 Hz
2026-09-08T15:54:34.388+01:00 INFO : Decompressing waveform using inline_linear
2026-09-08T15:54:34.393+01:00 INFO : Filtering template 206/384 segment 1/5
2026-09-08T15:54:34.434+01:00 INFO : 2 points above threshold
2026-09-08T15:54:34.448+01:00 INFO : Filtering template 206/384 segment 2/5
2026-09-08T15:54:34.484+01:00 INFO : Filtering template 206/384 segment 3/5
2026-09-08T15:54:34.521+01:00 INFO : 2 points above threshold
2026-09-08T15:54:34.529+01:00 INFO : Filtering template 206/384 segment 4/5
2026-09-08T15:54:34.566+01:00 INFO : 4 points above threshold
2026-09-08T15:54:34.576+01:00 INFO : Filtering template 206/384 segment 5/5
2026-09-08T15:54:34.613+01:00 INFO : 206: generating IMRPhenomD from 30.0 Hz
2026-09-08T15:54:34.616+01:00 INFO : Decompressing waveform using inline_linear
2026-09-08T15:54:34.621+01:00 INFO : Filtering template 207/384 segment 1/5
2026-09-08T15:54:34.661+01:00 INFO : 3 points above threshold
2026-09-08T15:54:34.677+01:00 INFO : Filtering template 207/384 segment 2/5
2026-09-08T15:54:34.714+01:00 INFO : Filtering template 207/384 segment 3/5
2026-09-08T15:54:34.751+01:00 INFO : 1 points above threshold
2026-09-08T15:54:34.757+01:00 INFO : Filtering template 207/384 segment 4/5
2026-09-08T15:54:34.794+01:00 INFO : 3 points above threshold
2026-09-08T15:54:34.804+01:00 INFO : Filtering template 207/384 segment 5/5
2026-09-08T15:54:34.842+01:00 INFO : 207: generating IMRPhenomD from 30.0 Hz
2026-09-08T15:54:34.844+01:00 INFO : Decompressing waveform using inline_linear
2026-09-08T15:54:34.849+01:00 INFO : Filtering template 208/384 segment 1/5
2026-09-08T15:54:34.890+01:00 INFO : 2 points above threshold
2026-09-08T15:54:34.904+01:00 INFO : Filtering template 208/384 segment 2/5
2026-09-08T15:54:34.941+01:00 INFO : 1 points above threshold
2026-09-08T15:54:34.947+01:00 INFO : Filtering template 208/384 segment 3/5
2026-09-08T15:54:34.984+01:00 INFO : Filtering template 208/384 segment 4/5
2026-09-08T15:54:35.021+01:00 INFO : 3 points above threshold
2026-09-08T15:54:35.031+01:00 INFO : Filtering template 208/384 segment 5/5
2026-09-08T15:54:35.068+01:00 INFO : 1 points above threshold
2026-09-08T15:54:35.074+01:00 INFO : 208: generating IMRPhenomD from 30.0 Hz
2026-09-08T15:54:35.077+01:00 INFO : Decompressing waveform using inline_linear
2026-09-08T15:54:35.082+01:00 INFO : Filtering template 209/384 segment 1/5
2026-09-08T15:54:35.123+01:00 INFO : 2 points above threshold
2026-09-08T15:54:35.137+01:00 INFO : Filtering template 209/384 segment 2/5
2026-09-08T15:54:35.174+01:00 INFO : 1 points above threshold
2026-09-08T15:54:35.180+01:00 INFO : Filtering template 209/384 segment 3/5
2026-09-08T15:54:35.217+01:00 INFO : 3 points above threshold
2026-09-08T15:54:35.227+01:00 INFO : Filtering template 209/384 segment 4/5
2026-09-08T15:54:35.264+01:00 INFO : 1 points above threshold
2026-09-08T15:54:35.270+01:00 INFO : Filtering template 209/384 segment 5/5
2026-09-08T15:54:35.307+01:00 INFO : 1 points above threshold
2026-09-08T15:54:35.313+01:00 INFO : 209: generating IMRPhenomD from 30.0 Hz
2026-09-08T15:54:35.316+01:00 INFO : Decompressing waveform using inline_linear
2026-09-08T15:54:35.321+01:00 INFO : Filtering template 210/384 segment 1/5
2026-09-08T15:54:35.361+01:00 INFO : 2 points above threshold
2026-09-08T15:54:35.375+01:00 INFO : Filtering template 210/384 segment 2/5
2026-09-08T15:54:35.412+01:00 INFO : Filtering template 210/384 segment 3/5
2026-09-08T15:54:35.449+01:00 INFO : 1 points above threshold
2026-09-08T15:54:35.455+01:00 INFO : Filtering template 210/384 segment 4/5
2026-09-08T15:54:35.492+01:00 INFO : Filtering template 210/384 segment 5/5
2026-09-08T15:54:35.529+01:00 INFO : 210: generating IMRPhenomD from 30.0 Hz
2026-09-08T15:54:35.532+01:00 INFO : Decompressing waveform using inline_linear
2026-09-08T15:54:35.537+01:00 INFO : Filtering template 211/384 segment 1/5
2026-09-08T15:54:35.577+01:00 INFO : 1 points above threshold
2026-09-08T15:54:35.589+01:00 INFO : Filtering template 211/384 segment 2/5
2026-09-08T15:54:35.626+01:00 INFO : 1 points above threshold
2026-09-08T15:54:35.632+01:00 INFO : Filtering template 211/384 segment 3/5
2026-09-08T15:54:35.669+01:00 INFO : Filtering template 211/384 segment 4/5
2026-09-08T15:54:35.706+01:00 INFO : 2 points above threshold
2026-09-08T15:54:35.714+01:00 INFO : Filtering template 211/384 segment 5/5
2026-09-08T15:54:35.751+01:00 INFO : 1 points above threshold
2026-09-08T15:54:35.757+01:00 INFO : 211: generating IMRPhenomD from 30.0 Hz
2026-09-08T15:54:35.760+01:00 INFO : Decompressing waveform using inline_linear
2026-09-08T15:54:35.765+01:00 INFO : Filtering template 212/384 segment 1/5
2026-09-08T15:54:35.805+01:00 INFO : 1 points above threshold
2026-09-08T15:54:35.820+01:00 INFO : Filtering template 212/384 segment 2/5
2026-09-08T15:54:35.857+01:00 INFO : 1 points above threshold
2026-09-08T15:54:35.864+01:00 INFO : Filtering template 212/384 segment 3/5
2026-09-08T15:54:35.900+01:00 INFO : 1 points above threshold
2026-09-08T15:54:35.906+01:00 INFO : Filtering template 212/384 segment 4/5
2026-09-08T15:54:35.943+01:00 INFO : 1 points above threshold
2026-09-08T15:54:35.949+01:00 INFO : Filtering template 212/384 segment 5/5
2026-09-08T15:54:35.986+01:00 INFO : 212: generating IMRPhenomD from 30.0 Hz
2026-09-08T15:54:35.989+01:00 INFO : Decompressing waveform using inline_linear
2026-09-08T15:54:35.994+01:00 INFO : Filtering template 213/384 segment 1/5
2026-09-08T15:54:36.034+01:00 INFO : 2 points above threshold
2026-09-08T15:54:36.051+01:00 INFO : Filtering template 213/384 segment 2/5
2026-09-08T15:54:36.088+01:00 INFO : 2 points above threshold
2026-09-08T15:54:36.096+01:00 INFO : Filtering template 213/384 segment 3/5
2026-09-08T15:54:36.133+01:00 INFO : 1 points above threshold
2026-09-08T15:54:36.139+01:00 INFO : Filtering template 213/384 segment 4/5
2026-09-08T15:54:36.176+01:00 INFO : Filtering template 213/384 segment 5/5
2026-09-08T15:54:36.213+01:00 INFO : 213: generating IMRPhenomD from 30.0 Hz
2026-09-08T15:54:36.216+01:00 INFO : Decompressing waveform using inline_linear
2026-09-08T15:54:36.221+01:00 INFO : Filtering template 214/384 segment 1/5
2026-09-08T15:54:36.261+01:00 INFO : 1 points above threshold
2026-09-08T15:54:36.276+01:00 INFO : Filtering template 214/384 segment 2/5
2026-09-08T15:54:36.314+01:00 INFO : 1 points above threshold
2026-09-08T15:54:36.319+01:00 INFO : Filtering template 214/384 segment 3/5
2026-09-08T15:54:36.356+01:00 INFO : 1 points above threshold
2026-09-08T15:54:36.362+01:00 INFO : Filtering template 214/384 segment 4/5
2026-09-08T15:54:36.399+01:00 INFO : Filtering template 214/384 segment 5/5
2026-09-08T15:54:36.437+01:00 INFO : 214: generating IMRPhenomD from 30.0 Hz
2026-09-08T15:54:36.440+01:00 INFO : Decompressing waveform using inline_linear
2026-09-08T15:54:36.445+01:00 INFO : Filtering template 215/384 segment 1/5
2026-09-08T15:54:36.485+01:00 INFO : Filtering template 215/384 segment 2/5
2026-09-08T15:54:36.522+01:00 INFO : 2 points above threshold
2026-09-08T15:54:36.539+01:00 INFO : Filtering template 215/384 segment 3/5
2026-09-08T15:54:36.576+01:00 INFO : Filtering template 215/384 segment 4/5
2026-09-08T15:54:36.613+01:00 INFO : 1 points above threshold
2026-09-08T15:54:36.619+01:00 INFO : Filtering template 215/384 segment 5/5
2026-09-08T15:54:36.656+01:00 INFO : 1 points above threshold
2026-09-08T15:54:36.662+01:00 INFO : 215: generating IMRPhenomD from 30.0 Hz
2026-09-08T15:54:36.665+01:00 INFO : Decompressing waveform using inline_linear
2026-09-08T15:54:36.670+01:00 INFO : Filtering template 216/384 segment 1/5
2026-09-08T15:54:36.710+01:00 INFO : 1 points above threshold
2026-09-08T15:54:36.722+01:00 INFO : Filtering template 216/384 segment 2/5
2026-09-08T15:54:36.759+01:00 INFO : 1 points above threshold
2026-09-08T15:54:36.765+01:00 INFO : Filtering template 216/384 segment 3/5
2026-09-08T15:54:36.802+01:00 INFO : Filtering template 216/384 segment 4/5
2026-09-08T15:54:36.840+01:00 INFO : 3 points above threshold
2026-09-08T15:54:36.850+01:00 INFO : Filtering template 216/384 segment 5/5
2026-09-08T15:54:36.887+01:00 INFO : 216: generating IMRPhenomD from 30.0 Hz
2026-09-08T15:54:36.890+01:00 INFO : Decompressing waveform using inline_linear
2026-09-08T15:54:36.895+01:00 INFO : Filtering template 217/384 segment 1/5
2026-09-08T15:54:36.935+01:00 INFO : Filtering template 217/384 segment 2/5
2026-09-08T15:54:36.973+01:00 INFO : 1 points above threshold
2026-09-08T15:54:36.985+01:00 INFO : Filtering template 217/384 segment 3/5
2026-09-08T15:54:37.022+01:00 INFO : Filtering template 217/384 segment 4/5
2026-09-08T15:54:37.059+01:00 INFO : Filtering template 217/384 segment 5/5
2026-09-08T15:54:37.096+01:00 INFO : 217: generating IMRPhenomD from 30.0 Hz
2026-09-08T15:54:37.099+01:00 INFO : Decompressing waveform using inline_linear
2026-09-08T15:54:37.104+01:00 INFO : Filtering template 218/384 segment 1/5
2026-09-08T15:54:37.144+01:00 INFO : 2 points above threshold
2026-09-08T15:54:37.159+01:00 INFO : Filtering template 218/384 segment 2/5
2026-09-08T15:54:37.196+01:00 INFO : 2 points above threshold
2026-09-08T15:54:37.204+01:00 INFO : Filtering template 218/384 segment 3/5
2026-09-08T15:54:37.241+01:00 INFO : 2 points above threshold
2026-09-08T15:54:37.249+01:00 INFO : Filtering template 218/384 segment 4/5
2026-09-08T15:54:37.286+01:00 INFO : 2 points above threshold
2026-09-08T15:54:37.293+01:00 INFO : Filtering template 218/384 segment 5/5
2026-09-08T15:54:37.330+01:00 INFO : 1 points above threshold
2026-09-08T15:54:37.337+01:00 INFO : 218: generating IMRPhenomD from 30.0 Hz
2026-09-08T15:54:37.339+01:00 INFO : Decompressing waveform using inline_linear
2026-09-08T15:54:37.344+01:00 INFO : Filtering template 219/384 segment 1/5
2026-09-08T15:54:37.385+01:00 INFO : 2 points above threshold
2026-09-08T15:54:37.399+01:00 INFO : Filtering template 219/384 segment 2/5
2026-09-08T15:54:37.436+01:00 INFO : 1 points above threshold
2026-09-08T15:54:37.442+01:00 INFO : Filtering template 219/384 segment 3/5
2026-09-08T15:54:37.479+01:00 INFO : Filtering template 219/384 segment 4/5
2026-09-08T15:54:37.516+01:00 INFO : 1 points above threshold
2026-09-08T15:54:37.522+01:00 INFO : Filtering template 219/384 segment 5/5
2026-09-08T15:54:37.559+01:00 INFO : 219: generating IMRPhenomD from 30.0 Hz
2026-09-08T15:54:37.562+01:00 INFO : Decompressing waveform using inline_linear
2026-09-08T15:54:37.567+01:00 INFO : Filtering template 220/384 segment 1/5
2026-09-08T15:54:37.608+01:00 INFO : 3 points above threshold
2026-09-08T15:54:37.624+01:00 INFO : Filtering template 220/384 segment 2/5
2026-09-08T15:54:37.661+01:00 INFO : 2 points above threshold
2026-09-08T15:54:37.669+01:00 INFO : Filtering template 220/384 segment 3/5
2026-09-08T15:54:37.706+01:00 INFO : 3 points above threshold
2026-09-08T15:54:37.716+01:00 INFO : Filtering template 220/384 segment 4/5
2026-09-08T15:54:37.753+01:00 INFO : 2 points above threshold
2026-09-08T15:54:37.761+01:00 INFO : Filtering template 220/384 segment 5/5
2026-09-08T15:54:37.798+01:00 INFO : 220: generating IMRPhenomD from 30.0 Hz
2026-09-08T15:54:37.801+01:00 INFO : Decompressing waveform using inline_linear
2026-09-08T15:54:37.805+01:00 INFO : Filtering template 221/384 segment 1/5
2026-09-08T15:54:37.846+01:00 INFO : 1 points above threshold
2026-09-08T15:54:37.858+01:00 INFO : Filtering template 221/384 segment 2/5
2026-09-08T15:54:37.895+01:00 INFO : 1 points above threshold
2026-09-08T15:54:37.901+01:00 INFO : Filtering template 221/384 segment 3/5
2026-09-08T15:54:37.938+01:00 INFO : 1 points above threshold
2026-09-08T15:54:37.944+01:00 INFO : Filtering template 221/384 segment 4/5
2026-09-08T15:54:37.981+01:00 INFO : Filtering template 221/384 segment 5/5
2026-09-08T15:54:38.018+01:00 INFO : 2 points above threshold
2026-09-08T15:54:38.026+01:00 INFO : 221: generating IMRPhenomD from 30.0 Hz
2026-09-08T15:54:38.029+01:00 INFO : Decompressing waveform using inline_linear
2026-09-08T15:54:38.034+01:00 INFO : Filtering template 222/384 segment 1/5
2026-09-08T15:54:38.074+01:00 INFO : Filtering template 222/384 segment 2/5
2026-09-08T15:54:38.111+01:00 INFO : 2 points above threshold
2026-09-08T15:54:38.125+01:00 INFO : Filtering template 222/384 segment 3/5
2026-09-08T15:54:38.162+01:00 INFO : 1 points above threshold
2026-09-08T15:54:38.168+01:00 INFO : Filtering template 222/384 segment 4/5
2026-09-08T15:54:38.205+01:00 INFO : Filtering template 222/384 segment 5/5
2026-09-08T15:54:38.242+01:00 INFO : 222: generating IMRPhenomD from 30.0 Hz
2026-09-08T15:54:38.245+01:00 INFO : Decompressing waveform using inline_linear
2026-09-08T15:54:38.250+01:00 INFO : Filtering template 223/384 segment 1/5
2026-09-08T15:54:38.290+01:00 INFO : 1 points above threshold
2026-09-08T15:54:38.303+01:00 INFO : Filtering template 223/384 segment 2/5
2026-09-08T15:54:38.340+01:00 INFO : Filtering template 223/384 segment 3/5
2026-09-08T15:54:38.377+01:00 INFO : 5 points above threshold
2026-09-08T15:54:38.390+01:00 INFO : Filtering template 223/384 segment 4/5
2026-09-08T15:54:38.427+01:00 INFO : Filtering template 223/384 segment 5/5
2026-09-08T15:54:38.464+01:00 INFO : 223: generating IMRPhenomD from 30.0 Hz
2026-09-08T15:54:38.467+01:00 INFO : Decompressing waveform using inline_linear
2026-09-08T15:54:38.472+01:00 INFO : Filtering template 224/384 segment 1/5
2026-09-08T15:54:38.512+01:00 INFO : 1 points above threshold
2026-09-08T15:54:38.524+01:00 INFO : Filtering template 224/384 segment 2/5
2026-09-08T15:54:38.561+01:00 INFO : 2 points above threshold
2026-09-08T15:54:38.569+01:00 INFO : Filtering template 224/384 segment 3/5
2026-09-08T15:54:38.606+01:00 INFO : 1 points above threshold
2026-09-08T15:54:38.612+01:00 INFO : Filtering template 224/384 segment 4/5
2026-09-08T15:54:38.649+01:00 INFO : 2 points above threshold
2026-09-08T15:54:38.657+01:00 INFO : Filtering template 224/384 segment 5/5
2026-09-08T15:54:38.695+01:00 INFO : 224: generating IMRPhenomD from 30.0 Hz
2026-09-08T15:54:38.697+01:00 INFO : Decompressing waveform using inline_linear
2026-09-08T15:54:38.702+01:00 INFO : Filtering template 225/384 segment 1/5
2026-09-08T15:54:38.742+01:00 INFO : 1 points above threshold
2026-09-08T15:54:38.755+01:00 INFO : Filtering template 225/384 segment 2/5
2026-09-08T15:54:38.792+01:00 INFO : Filtering template 225/384 segment 3/5
2026-09-08T15:54:38.829+01:00 INFO : Filtering template 225/384 segment 4/5
2026-09-08T15:54:38.866+01:00 INFO : 1 points above threshold
2026-09-08T15:54:38.872+01:00 INFO : Filtering template 225/384 segment 5/5
2026-09-08T15:54:38.909+01:00 INFO : 1 points above threshold
2026-09-08T15:54:38.915+01:00 INFO : 225: generating IMRPhenomD from 30.0 Hz
2026-09-08T15:54:38.918+01:00 INFO : Decompressing waveform using inline_linear
2026-09-08T15:54:38.923+01:00 INFO : Filtering template 226/384 segment 1/5
2026-09-08T15:54:38.963+01:00 INFO : 1 points above threshold
2026-09-08T15:54:38.975+01:00 INFO : Filtering template 226/384 segment 2/5
2026-09-08T15:54:39.012+01:00 INFO : Filtering template 226/384 segment 3/5
2026-09-08T15:54:39.049+01:00 INFO : Filtering template 226/384 segment 4/5
2026-09-08T15:54:39.086+01:00 INFO : 2 points above threshold
2026-09-08T15:54:39.094+01:00 INFO : Filtering template 226/384 segment 5/5
2026-09-08T15:54:39.131+01:00 INFO : 1 points above threshold
2026-09-08T15:54:39.137+01:00 INFO : 226: generating IMRPhenomD from 30.0 Hz
2026-09-08T15:54:39.140+01:00 INFO : Decompressing waveform using inline_linear
2026-09-08T15:54:39.145+01:00 INFO : Filtering template 227/384 segment 1/5
2026-09-08T15:54:39.185+01:00 INFO : Filtering template 227/384 segment 2/5
2026-09-08T15:54:39.222+01:00 INFO : Filtering template 227/384 segment 3/5
2026-09-08T15:54:39.259+01:00 INFO : 3 points above threshold
2026-09-08T15:54:39.275+01:00 INFO : Filtering template 227/384 segment 4/5
2026-09-08T15:54:39.312+01:00 INFO : 2 points above threshold
2026-09-08T15:54:39.320+01:00 INFO : Filtering template 227/384 segment 5/5
2026-09-08T15:54:39.357+01:00 INFO : 4 points above threshold
2026-09-08T15:54:39.367+01:00 INFO : 227: generating IMRPhenomD from 30.0 Hz
2026-09-08T15:54:39.370+01:00 INFO : Decompressing waveform using inline_linear
2026-09-08T15:54:39.375+01:00 INFO : Filtering template 228/384 segment 1/5
2026-09-08T15:54:39.415+01:00 INFO : 4 points above threshold
2026-09-08T15:54:39.431+01:00 INFO : Filtering template 228/384 segment 2/5
2026-09-08T15:54:39.468+01:00 INFO : 1 points above threshold
2026-09-08T15:54:39.474+01:00 INFO : Filtering template 228/384 segment 3/5
2026-09-08T15:54:39.511+01:00 INFO : Filtering template 228/384 segment 4/5
2026-09-08T15:54:39.548+01:00 INFO : 3 points above threshold
2026-09-08T15:54:39.558+01:00 INFO : Filtering template 228/384 segment 5/5
2026-09-08T15:54:39.595+01:00 INFO : 3 points above threshold
2026-09-08T15:54:39.605+01:00 INFO : 228: generating IMRPhenomD from 30.0 Hz
2026-09-08T15:54:39.607+01:00 INFO : Decompressing waveform using inline_linear
2026-09-08T15:54:39.612+01:00 INFO : Filtering template 229/384 segment 1/5
2026-09-08T15:54:39.653+01:00 INFO : Filtering template 229/384 segment 2/5
2026-09-08T15:54:39.690+01:00 INFO : Filtering template 229/384 segment 3/5
2026-09-08T15:54:39.727+01:00 INFO : 1 points above threshold
2026-09-08T15:54:39.739+01:00 INFO : Filtering template 229/384 segment 4/5
2026-09-08T15:54:39.776+01:00 INFO : Filtering template 229/384 segment 5/5
2026-09-08T15:54:39.813+01:00 INFO : 4 points above threshold
2026-09-08T15:54:39.822+01:00 INFO : 229: generating IMRPhenomD from 30.0 Hz
2026-09-08T15:54:39.825+01:00 INFO : Decompressing waveform using inline_linear
2026-09-08T15:54:39.830+01:00 INFO : Filtering template 230/384 segment 1/5
2026-09-08T15:54:39.871+01:00 INFO : 1 points above threshold
2026-09-08T15:54:39.883+01:00 INFO : Filtering template 230/384 segment 2/5
2026-09-08T15:54:39.920+01:00 INFO : Filtering template 230/384 segment 3/5
2026-09-08T15:54:39.957+01:00 INFO : 3 points above threshold
2026-09-08T15:54:39.967+01:00 INFO : Filtering template 230/384 segment 4/5
2026-09-08T15:54:40.004+01:00 INFO : 3 points above threshold
2026-09-08T15:54:40.014+01:00 INFO : Filtering template 230/384 segment 5/5
2026-09-08T15:54:40.051+01:00 INFO : 1 points above threshold
2026-09-08T15:54:40.057+01:00 INFO : 230: generating IMRPhenomD from 30.0 Hz
2026-09-08T15:54:40.059+01:00 INFO : Decompressing waveform using inline_linear
2026-09-08T15:54:40.064+01:00 INFO : Filtering template 231/384 segment 1/5
2026-09-08T15:54:40.105+01:00 INFO : 2 points above threshold
2026-09-08T15:54:40.119+01:00 INFO : Filtering template 231/384 segment 2/5
2026-09-08T15:54:40.156+01:00 INFO : 1 points above threshold
2026-09-08T15:54:40.162+01:00 INFO : Filtering template 231/384 segment 3/5
2026-09-08T15:54:40.199+01:00 INFO : 1 points above threshold
2026-09-08T15:54:40.205+01:00 INFO : Filtering template 231/384 segment 4/5
2026-09-08T15:54:40.242+01:00 INFO : 1 points above threshold
2026-09-08T15:54:40.248+01:00 INFO : Filtering template 231/384 segment 5/5
2026-09-08T15:54:40.286+01:00 INFO : 231: generating IMRPhenomD from 30.0 Hz
2026-09-08T15:54:40.288+01:00 INFO : Decompressing waveform using inline_linear
2026-09-08T15:54:40.293+01:00 INFO : Filtering template 232/384 segment 1/5
2026-09-08T15:54:40.334+01:00 INFO : 2 points above threshold
2026-09-08T15:54:40.348+01:00 INFO : Filtering template 232/384 segment 2/5
2026-09-08T15:54:40.385+01:00 INFO : 2 points above threshold
2026-09-08T15:54:40.393+01:00 INFO : Filtering template 232/384 segment 3/5
2026-09-08T15:54:40.430+01:00 INFO : 2 points above threshold
2026-09-08T15:54:40.438+01:00 INFO : Filtering template 232/384 segment 4/5
2026-09-08T15:54:40.475+01:00 INFO : 2 points above threshold
2026-09-08T15:54:40.483+01:00 INFO : Filtering template 232/384 segment 5/5
2026-09-08T15:54:40.520+01:00 INFO : 1 points above threshold
2026-09-08T15:54:40.526+01:00 INFO : 232: generating IMRPhenomD from 30.0 Hz
2026-09-08T15:54:40.529+01:00 INFO : Decompressing waveform using inline_linear
2026-09-08T15:54:40.534+01:00 INFO : Filtering template 233/384 segment 1/5
2026-09-08T15:54:40.574+01:00 INFO : Filtering template 233/384 segment 2/5
2026-09-08T15:54:40.611+01:00 INFO : 1 points above threshold
2026-09-08T15:54:40.623+01:00 INFO : Filtering template 233/384 segment 3/5
2026-09-08T15:54:40.660+01:00 INFO : Filtering template 233/384 segment 4/5
2026-09-08T15:54:40.697+01:00 INFO : 1 points above threshold
2026-09-08T15:54:40.703+01:00 INFO : Filtering template 233/384 segment 5/5
2026-09-08T15:54:40.741+01:00 INFO : 233: generating IMRPhenomD from 30.0 Hz
2026-09-08T15:54:40.743+01:00 INFO : Decompressing waveform using inline_linear
2026-09-08T15:54:40.748+01:00 INFO : Filtering template 234/384 segment 1/5
2026-09-08T15:54:40.789+01:00 INFO : 2 points above threshold
2026-09-08T15:54:40.803+01:00 INFO : Filtering template 234/384 segment 2/5
2026-09-08T15:54:40.840+01:00 INFO : 1 points above threshold
2026-09-08T15:54:40.846+01:00 INFO : Filtering template 234/384 segment 3/5
2026-09-08T15:54:40.883+01:00 INFO : 1 points above threshold
2026-09-08T15:54:40.889+01:00 INFO : Filtering template 234/384 segment 4/5
2026-09-08T15:54:40.926+01:00 INFO : 1 points above threshold
2026-09-08T15:54:40.932+01:00 INFO : Filtering template 234/384 segment 5/5
2026-09-08T15:54:40.969+01:00 INFO : 1 points above threshold
2026-09-08T15:54:40.975+01:00 INFO : 234: generating IMRPhenomD from 30.0 Hz
2026-09-08T15:54:40.977+01:00 INFO : Decompressing waveform using inline_linear
2026-09-08T15:54:40.982+01:00 INFO : Filtering template 235/384 segment 1/5
2026-09-08T15:54:41.023+01:00 INFO : Filtering template 235/384 segment 2/5
2026-09-08T15:54:41.059+01:00 INFO : 2 points above threshold
2026-09-08T15:54:41.076+01:00 INFO : Filtering template 235/384 segment 3/5
2026-09-08T15:54:41.113+01:00 INFO : Filtering template 235/384 segment 4/5
2026-09-08T15:54:41.150+01:00 INFO : 1 points above threshold
2026-09-08T15:54:41.156+01:00 INFO : Filtering template 235/384 segment 5/5
2026-09-08T15:54:41.194+01:00 INFO : 235: generating IMRPhenomD from 30.0 Hz
2026-09-08T15:54:41.196+01:00 INFO : Decompressing waveform using inline_linear
2026-09-08T15:54:41.201+01:00 INFO : Filtering template 236/384 segment 1/5
2026-09-08T15:54:41.242+01:00 INFO : 1 points above threshold
2026-09-08T15:54:41.256+01:00 INFO : Filtering template 236/384 segment 2/5
2026-09-08T15:54:41.293+01:00 INFO : 2 points above threshold
2026-09-08T15:54:41.301+01:00 INFO : Filtering template 236/384 segment 3/5
2026-09-08T15:54:41.338+01:00 INFO : Filtering template 236/384 segment 4/5
2026-09-08T15:54:41.375+01:00 INFO : 1 points above threshold
2026-09-08T15:54:41.381+01:00 INFO : Filtering template 236/384 segment 5/5
2026-09-08T15:54:41.418+01:00 INFO : 1 points above threshold
2026-09-08T15:54:41.424+01:00 INFO : 236: generating IMRPhenomD from 30.0 Hz
2026-09-08T15:54:41.427+01:00 INFO : Decompressing waveform using inline_linear
2026-09-08T15:54:41.432+01:00 INFO : Filtering template 237/384 segment 1/5
2026-09-08T15:54:41.472+01:00 INFO : Filtering template 237/384 segment 2/5
2026-09-08T15:54:41.509+01:00 INFO : 1 points above threshold
2026-09-08T15:54:41.521+01:00 INFO : Filtering template 237/384 segment 3/5
2026-09-08T15:54:41.558+01:00 INFO : 1 points above threshold
2026-09-08T15:54:41.564+01:00 INFO : Filtering template 237/384 segment 4/5
2026-09-08T15:54:41.601+01:00 INFO : 1 points above threshold
2026-09-08T15:54:41.607+01:00 INFO : Filtering template 237/384 segment 5/5
2026-09-08T15:54:41.645+01:00 INFO : 237: generating IMRPhenomD from 30.0 Hz
2026-09-08T15:54:41.647+01:00 INFO : Decompressing waveform using inline_linear
2026-09-08T15:54:41.652+01:00 INFO : Filtering template 238/384 segment 1/5
2026-09-08T15:54:41.693+01:00 INFO : Filtering template 238/384 segment 2/5
2026-09-08T15:54:41.730+01:00 INFO : 2 points above threshold
2026-09-08T15:54:41.744+01:00 INFO : Filtering template 238/384 segment 3/5
2026-09-08T15:54:41.781+01:00 INFO : 1 points above threshold
2026-09-08T15:54:41.787+01:00 INFO : Filtering template 238/384 segment 4/5
2026-09-08T15:54:41.824+01:00 INFO : Filtering template 238/384 segment 5/5
2026-09-08T15:54:41.861+01:00 INFO : 2 points above threshold
2026-09-08T15:54:41.869+01:00 INFO : 238: generating IMRPhenomD from 30.0 Hz
2026-09-08T15:54:41.872+01:00 INFO : Decompressing waveform using inline_linear
2026-09-08T15:54:41.877+01:00 INFO : Filtering template 239/384 segment 1/5
2026-09-08T15:54:41.917+01:00 INFO : Filtering template 239/384 segment 2/5
2026-09-08T15:54:41.954+01:00 INFO : Filtering template 239/384 segment 3/5
2026-09-08T15:54:41.991+01:00 INFO : 2 points above threshold
2026-09-08T15:54:42.006+01:00 INFO : Filtering template 239/384 segment 4/5
2026-09-08T15:54:42.043+01:00 INFO : 1 points above threshold
2026-09-08T15:54:42.049+01:00 INFO : Filtering template 239/384 segment 5/5
2026-09-08T15:54:42.086+01:00 INFO : 239: generating IMRPhenomD from 30.0 Hz
2026-09-08T15:54:42.088+01:00 INFO : Decompressing waveform using inline_linear
2026-09-08T15:54:42.093+01:00 INFO : Filtering template 240/384 segment 1/5
2026-09-08T15:54:42.134+01:00 INFO : 1 points above threshold
2026-09-08T15:54:42.146+01:00 INFO : Filtering template 240/384 segment 2/5
2026-09-08T15:54:42.183+01:00 INFO : 1 points above threshold
2026-09-08T15:54:42.189+01:00 INFO : Filtering template 240/384 segment 3/5
2026-09-08T15:54:42.226+01:00 INFO : 2 points above threshold
2026-09-08T15:54:42.233+01:00 INFO : Filtering template 240/384 segment 4/5
2026-09-08T15:54:42.271+01:00 INFO : Filtering template 240/384 segment 5/5
2026-09-08T15:54:42.308+01:00 INFO : 240: generating IMRPhenomD from 30.0 Hz
2026-09-08T15:54:42.311+01:00 INFO : Decompressing waveform using inline_linear
2026-09-08T15:54:42.315+01:00 INFO : Filtering template 241/384 segment 1/5
2026-09-08T15:54:42.356+01:00 INFO : 1 points above threshold
2026-09-08T15:54:42.368+01:00 INFO : Filtering template 241/384 segment 2/5
2026-09-08T15:54:42.405+01:00 INFO : 2 points above threshold
2026-09-08T15:54:42.413+01:00 INFO : Filtering template 241/384 segment 3/5
2026-09-08T15:54:42.450+01:00 INFO : 1 points above threshold
2026-09-08T15:54:42.456+01:00 INFO : Filtering template 241/384 segment 4/5
2026-09-08T15:54:42.493+01:00 INFO : 1 points above threshold
2026-09-08T15:54:42.499+01:00 INFO : Filtering template 241/384 segment 5/5
2026-09-08T15:54:42.536+01:00 INFO : 241: generating IMRPhenomD from 30.0 Hz
2026-09-08T15:54:42.538+01:00 INFO : Decompressing waveform using inline_linear
2026-09-08T15:54:42.543+01:00 INFO : Filtering template 242/384 segment 1/5
2026-09-08T15:54:42.584+01:00 INFO : 1 points above threshold
2026-09-08T15:54:42.596+01:00 INFO : Filtering template 242/384 segment 2/5
2026-09-08T15:54:42.633+01:00 INFO : Filtering template 242/384 segment 3/5
2026-09-08T15:54:42.670+01:00 INFO : 1 points above threshold
2026-09-08T15:54:42.676+01:00 INFO : Filtering template 242/384 segment 4/5
2026-09-08T15:54:42.713+01:00 INFO : Filtering template 242/384 segment 5/5
2026-09-08T15:54:42.750+01:00 INFO : 1 points above threshold
2026-09-08T15:54:42.756+01:00 INFO : 242: generating IMRPhenomD from 30.0 Hz
2026-09-08T15:54:42.758+01:00 INFO : Decompressing waveform using inline_linear
2026-09-08T15:54:42.763+01:00 INFO : Filtering template 243/384 segment 1/5
2026-09-08T15:54:42.804+01:00 INFO : 1 points above threshold
2026-09-08T15:54:42.816+01:00 INFO : Filtering template 243/384 segment 2/5
2026-09-08T15:54:42.853+01:00 INFO : 1 points above threshold
2026-09-08T15:54:42.859+01:00 INFO : Filtering template 243/384 segment 3/5
2026-09-08T15:54:42.896+01:00 INFO : 2 points above threshold
2026-09-08T15:54:42.904+01:00 INFO : Filtering template 243/384 segment 4/5
2026-09-08T15:54:42.941+01:00 INFO : 1 points above threshold
2026-09-08T15:54:42.947+01:00 INFO : Filtering template 243/384 segment 5/5
2026-09-08T15:54:42.983+01:00 INFO : 1 points above threshold
2026-09-08T15:54:42.990+01:00 INFO : 243: generating IMRPhenomD from 30.0 Hz
2026-09-08T15:54:42.992+01:00 INFO : Decompressing waveform using inline_linear
2026-09-08T15:54:42.997+01:00 INFO : Filtering template 244/384 segment 1/5
2026-09-08T15:54:43.038+01:00 INFO : 1 points above threshold
2026-09-08T15:54:43.050+01:00 INFO : Filtering template 244/384 segment 2/5
2026-09-08T15:54:43.087+01:00 INFO : 3 points above threshold
2026-09-08T15:54:43.097+01:00 INFO : Filtering template 244/384 segment 3/5
2026-09-08T15:54:43.134+01:00 INFO : 3 points above threshold
2026-09-08T15:54:43.144+01:00 INFO : Filtering template 244/384 segment 4/5
2026-09-08T15:54:43.181+01:00 INFO : 1 points above threshold
2026-09-08T15:54:43.187+01:00 INFO : Filtering template 244/384 segment 5/5
2026-09-08T15:54:43.224+01:00 INFO : 1 points above threshold
2026-09-08T15:54:43.230+01:00 INFO : 244: generating IMRPhenomD from 30.0 Hz
2026-09-08T15:54:43.233+01:00 INFO : Decompressing waveform using inline_linear
2026-09-08T15:54:43.238+01:00 INFO : Filtering template 245/384 segment 1/5
2026-09-08T15:54:43.278+01:00 INFO : Filtering template 245/384 segment 2/5
2026-09-08T15:54:43.315+01:00 INFO : 2 points above threshold
2026-09-08T15:54:43.329+01:00 INFO : Filtering template 245/384 segment 3/5
2026-09-08T15:54:43.366+01:00 INFO : 2 points above threshold
2026-09-08T15:54:43.374+01:00 INFO : Filtering template 245/384 segment 4/5
2026-09-08T15:54:43.411+01:00 INFO : 1 points above threshold
2026-09-08T15:54:43.417+01:00 INFO : Filtering template 245/384 segment 5/5
2026-09-08T15:54:43.454+01:00 INFO : 245: generating IMRPhenomD from 30.0 Hz
2026-09-08T15:54:43.457+01:00 INFO : Decompressing waveform using inline_linear
2026-09-08T15:54:43.462+01:00 INFO : Filtering template 246/384 segment 1/5
2026-09-08T15:54:43.502+01:00 INFO : Filtering template 246/384 segment 2/5
2026-09-08T15:54:43.539+01:00 INFO : Filtering template 246/384 segment 3/5
2026-09-08T15:54:43.576+01:00 INFO : 1 points above threshold
2026-09-08T15:54:43.588+01:00 INFO : Filtering template 246/384 segment 4/5
2026-09-08T15:54:43.625+01:00 INFO : Filtering template 246/384 segment 5/5
2026-09-08T15:54:43.662+01:00 INFO : 246: generating IMRPhenomD from 30.0 Hz
2026-09-08T15:54:43.665+01:00 INFO : Decompressing waveform using inline_linear
2026-09-08T15:54:43.670+01:00 INFO : Filtering template 247/384 segment 1/5
2026-09-08T15:54:43.710+01:00 INFO : Filtering template 247/384 segment 2/5
2026-09-08T15:54:43.747+01:00 INFO : Filtering template 247/384 segment 3/5
2026-09-08T15:54:43.784+01:00 INFO : Filtering template 247/384 segment 4/5
2026-09-08T15:54:43.821+01:00 INFO : Filtering template 247/384 segment 5/5
2026-09-08T15:54:43.858+01:00 INFO : 247: generating IMRPhenomD from 30.0 Hz
2026-09-08T15:54:43.861+01:00 INFO : Decompressing waveform using inline_linear
2026-09-08T15:54:43.866+01:00 INFO : Filtering template 248/384 segment 1/5
2026-09-08T15:54:43.906+01:00 INFO : 2 points above threshold
2026-09-08T15:54:43.921+01:00 INFO : Filtering template 248/384 segment 2/5
2026-09-08T15:54:43.958+01:00 INFO : 1 points above threshold
2026-09-08T15:54:43.964+01:00 INFO : Filtering template 248/384 segment 3/5
2026-09-08T15:54:44.001+01:00 INFO : 2 points above threshold
2026-09-08T15:54:44.009+01:00 INFO : Filtering template 248/384 segment 4/5
2026-09-08T15:54:44.045+01:00 INFO : Filtering template 248/384 segment 5/5
2026-09-08T15:54:44.083+01:00 INFO : 248: generating IMRPhenomD from 30.0 Hz
2026-09-08T15:54:44.085+01:00 INFO : Decompressing waveform using inline_linear
2026-09-08T15:54:44.090+01:00 INFO : Filtering template 249/384 segment 1/5
2026-09-08T15:54:44.130+01:00 INFO : 1 points above threshold
2026-09-08T15:54:44.142+01:00 INFO : Filtering template 249/384 segment 2/5
2026-09-08T15:54:44.179+01:00 INFO : 1 points above threshold
2026-09-08T15:54:44.185+01:00 INFO : Filtering template 249/384 segment 3/5
2026-09-08T15:54:44.221+01:00 INFO : 2 points above threshold
2026-09-08T15:54:44.229+01:00 INFO : Filtering template 249/384 segment 4/5
2026-09-08T15:54:44.266+01:00 INFO : 2 points above threshold
2026-09-08T15:54:44.274+01:00 INFO : Filtering template 249/384 segment 5/5
2026-09-08T15:54:44.310+01:00 INFO : 1 points above threshold
2026-09-08T15:54:44.317+01:00 INFO : 249: generating IMRPhenomD from 30.0 Hz
2026-09-08T15:54:44.319+01:00 INFO : Decompressing waveform using inline_linear
2026-09-08T15:54:44.324+01:00 INFO : Filtering template 250/384 segment 1/5
2026-09-08T15:54:44.364+01:00 INFO : Filtering template 250/384 segment 2/5
2026-09-08T15:54:44.401+01:00 INFO : 1 points above threshold
2026-09-08T15:54:44.413+01:00 INFO : Filtering template 250/384 segment 3/5
2026-09-08T15:54:44.449+01:00 INFO : 2 points above threshold
2026-09-08T15:54:44.457+01:00 INFO : Filtering template 250/384 segment 4/5
2026-09-08T15:54:44.494+01:00 INFO : 2 points above threshold
2026-09-08T15:54:44.502+01:00 INFO : Filtering template 250/384 segment 5/5
2026-09-08T15:54:44.539+01:00 INFO : 250: generating IMRPhenomD from 30.0 Hz
2026-09-08T15:54:44.541+01:00 INFO : Decompressing waveform using inline_linear
2026-09-08T15:54:44.546+01:00 INFO : Filtering template 251/384 segment 1/5
2026-09-08T15:54:44.586+01:00 INFO : 3 points above threshold
2026-09-08T15:54:44.602+01:00 INFO : Filtering template 251/384 segment 2/5
2026-09-08T15:54:44.639+01:00 INFO : Filtering template 251/384 segment 3/5
2026-09-08T15:54:44.676+01:00 INFO : Filtering template 251/384 segment 4/5
2026-09-08T15:54:44.712+01:00 INFO : 2 points above threshold
2026-09-08T15:54:44.720+01:00 INFO : Filtering template 251/384 segment 5/5
2026-09-08T15:54:44.757+01:00 INFO : 1 points above threshold
2026-09-08T15:54:44.763+01:00 INFO : 251: generating IMRPhenomD from 30.0 Hz
2026-09-08T15:54:44.766+01:00 INFO : Decompressing waveform using inline_linear
2026-09-08T15:54:44.770+01:00 INFO : Filtering template 252/384 segment 1/5
2026-09-08T15:54:44.811+01:00 INFO : 3 points above threshold
2026-09-08T15:54:44.827+01:00 INFO : Filtering template 252/384 segment 2/5
2026-09-08T15:54:44.864+01:00 INFO : 2 points above threshold
2026-09-08T15:54:44.871+01:00 INFO : Filtering template 252/384 segment 3/5
2026-09-08T15:54:44.908+01:00 INFO : 3 points above threshold
2026-09-08T15:54:44.918+01:00 INFO : Filtering template 252/384 segment 4/5
2026-09-08T15:54:44.955+01:00 INFO : 3 points above threshold
2026-09-08T15:54:44.965+01:00 INFO : Filtering template 252/384 segment 5/5
2026-09-08T15:54:45.002+01:00 INFO : 252: generating IMRPhenomD from 30.0 Hz
2026-09-08T15:54:45.005+01:00 INFO : Decompressing waveform using inline_linear
2026-09-08T15:54:45.010+01:00 INFO : Filtering template 253/384 segment 1/5
2026-09-08T15:54:45.050+01:00 INFO : 4 points above threshold
2026-09-08T15:54:45.066+01:00 INFO : Filtering template 253/384 segment 2/5
2026-09-08T15:54:45.103+01:00 INFO : Filtering template 253/384 segment 3/5
2026-09-08T15:54:45.140+01:00 INFO : 1 points above threshold
2026-09-08T15:54:45.146+01:00 INFO : Filtering template 253/384 segment 4/5
2026-09-08T15:54:45.183+01:00 INFO : 2 points above threshold
2026-09-08T15:54:45.191+01:00 INFO : Filtering template 253/384 segment 5/5
2026-09-08T15:54:45.228+01:00 INFO : 253: generating IMRPhenomD from 30.0 Hz
2026-09-08T15:54:45.231+01:00 INFO : Decompressing waveform using inline_linear
2026-09-08T15:54:45.236+01:00 INFO : Filtering template 254/384 segment 1/5
2026-09-08T15:54:45.277+01:00 INFO : 3 points above threshold
2026-09-08T15:54:45.293+01:00 INFO : Filtering template 254/384 segment 2/5
2026-09-08T15:54:45.330+01:00 INFO : 2 points above threshold
2026-09-08T15:54:45.338+01:00 INFO : Filtering template 254/384 segment 3/5
2026-09-08T15:54:45.375+01:00 INFO : 2 points above threshold
2026-09-08T15:54:45.382+01:00 INFO : Filtering template 254/384 segment 4/5
2026-09-08T15:54:45.419+01:00 INFO : 4 points above threshold
2026-09-08T15:54:45.429+01:00 INFO : Filtering template 254/384 segment 5/5
2026-09-08T15:54:45.465+01:00 INFO : 1 points above threshold
2026-09-08T15:54:45.472+01:00 INFO : 254: generating IMRPhenomD from 30.0 Hz
2026-09-08T15:54:45.474+01:00 INFO : Decompressing waveform using inline_linear
2026-09-08T15:54:45.479+01:00 INFO : Filtering template 255/384 segment 1/5
2026-09-08T15:54:45.519+01:00 INFO : 3 points above threshold
2026-09-08T15:54:45.535+01:00 INFO : Filtering template 255/384 segment 2/5
2026-09-08T15:54:45.572+01:00 INFO : 3 points above threshold
2026-09-08T15:54:45.582+01:00 INFO : Filtering template 255/384 segment 3/5
2026-09-08T15:54:45.619+01:00 INFO : Filtering template 255/384 segment 4/5
2026-09-08T15:54:45.656+01:00 INFO : Filtering template 255/384 segment 5/5
2026-09-08T15:54:45.693+01:00 INFO : 1 points above threshold
2026-09-08T15:54:45.699+01:00 INFO : 255: generating IMRPhenomD from 30.0 Hz
2026-09-08T15:54:45.701+01:00 INFO : Decompressing waveform using inline_linear
2026-09-08T15:54:45.706+01:00 INFO : Filtering template 256/384 segment 1/5
2026-09-08T15:54:45.747+01:00 INFO : 2 points above threshold
2026-09-08T15:54:45.763+01:00 INFO : Filtering template 256/384 segment 2/5
2026-09-08T15:54:45.800+01:00 INFO : 1 points above threshold
2026-09-08T15:54:45.806+01:00 INFO : Filtering template 256/384 segment 3/5
2026-09-08T15:54:45.843+01:00 INFO : 1 points above threshold
2026-09-08T15:54:45.849+01:00 INFO : Filtering template 256/384 segment 4/5
2026-09-08T15:54:45.886+01:00 INFO : 1 points above threshold
2026-09-08T15:54:45.892+01:00 INFO : Filtering template 256/384 segment 5/5
2026-09-08T15:54:45.929+01:00 INFO : 256: generating IMRPhenomD from 30.0 Hz
2026-09-08T15:54:45.932+01:00 INFO : Decompressing waveform using inline_linear
2026-09-08T15:54:45.937+01:00 INFO : Filtering template 257/384 segment 1/5
2026-09-08T15:54:45.977+01:00 INFO : 2 points above threshold
2026-09-08T15:54:45.994+01:00 INFO : Filtering template 257/384 segment 2/5
2026-09-08T15:54:46.031+01:00 INFO : 2 points above threshold
2026-09-08T15:54:46.039+01:00 INFO : Filtering template 257/384 segment 3/5
2026-09-08T15:54:46.075+01:00 INFO : 1 points above threshold
2026-09-08T15:54:46.081+01:00 INFO : Filtering template 257/384 segment 4/5
2026-09-08T15:54:46.118+01:00 INFO : 2 points above threshold
2026-09-08T15:54:46.126+01:00 INFO : Filtering template 257/384 segment 5/5
2026-09-08T15:54:46.164+01:00 INFO : 257: generating IMRPhenomD from 30.0 Hz
2026-09-08T15:54:46.166+01:00 INFO : Decompressing waveform using inline_linear
2026-09-08T15:54:46.171+01:00 INFO : Filtering template 258/384 segment 1/5
2026-09-08T15:54:46.212+01:00 INFO : 1 points above threshold
2026-09-08T15:54:46.224+01:00 INFO : Filtering template 258/384 segment 2/5
2026-09-08T15:54:46.261+01:00 INFO : 1 points above threshold
2026-09-08T15:54:46.267+01:00 INFO : Filtering template 258/384 segment 3/5
2026-09-08T15:54:46.304+01:00 INFO : 2 points above threshold
2026-09-08T15:54:46.312+01:00 INFO : Filtering template 258/384 segment 4/5
2026-09-08T15:54:46.349+01:00 INFO : 1 points above threshold
2026-09-08T15:54:46.355+01:00 INFO : Filtering template 258/384 segment 5/5
2026-09-08T15:54:46.392+01:00 INFO : 258: generating IMRPhenomD from 30.0 Hz
2026-09-08T15:54:46.394+01:00 INFO : Decompressing waveform using inline_linear
2026-09-08T15:54:46.399+01:00 INFO : Filtering template 259/384 segment 1/5
2026-09-08T15:54:46.440+01:00 INFO : 3 points above threshold
2026-09-08T15:54:46.456+01:00 INFO : Filtering template 259/384 segment 2/5
2026-09-08T15:54:46.493+01:00 INFO : Filtering template 259/384 segment 3/5
2026-09-08T15:54:46.530+01:00 INFO : 1 points above threshold
2026-09-08T15:54:46.536+01:00 INFO : Filtering template 259/384 segment 4/5
2026-09-08T15:54:46.573+01:00 INFO : Filtering template 259/384 segment 5/5
2026-09-08T15:54:46.610+01:00 INFO : 259: generating IMRPhenomD from 30.0 Hz
2026-09-08T15:54:46.613+01:00 INFO : Decompressing waveform using inline_linear
2026-09-08T15:54:46.618+01:00 INFO : Filtering template 260/384 segment 1/5
2026-09-08T15:54:46.658+01:00 INFO : 1 points above threshold
2026-09-08T15:54:46.671+01:00 INFO : Filtering template 260/384 segment 2/5
2026-09-08T15:54:46.707+01:00 INFO : 1 points above threshold
2026-09-08T15:54:46.713+01:00 INFO : Filtering template 260/384 segment 3/5
2026-09-08T15:54:46.750+01:00 INFO : 1 points above threshold
2026-09-08T15:54:46.756+01:00 INFO : Filtering template 260/384 segment 4/5
2026-09-08T15:54:46.793+01:00 INFO : 1 points above threshold
2026-09-08T15:54:46.799+01:00 INFO : Filtering template 260/384 segment 5/5
2026-09-08T15:54:46.836+01:00 INFO : 1 points above threshold
2026-09-08T15:54:46.843+01:00 INFO : 260: generating IMRPhenomD from 30.0 Hz
2026-09-08T15:54:46.845+01:00 INFO : Decompressing waveform using inline_linear
2026-09-08T15:54:46.850+01:00 INFO : Filtering template 261/384 segment 1/5
2026-09-08T15:54:46.890+01:00 INFO : Filtering template 261/384 segment 2/5
2026-09-08T15:54:46.927+01:00 INFO : Filtering template 261/384 segment 3/5
2026-09-08T15:54:46.964+01:00 INFO : 1 points above threshold
2026-09-08T15:54:46.976+01:00 INFO : Filtering template 261/384 segment 4/5
2026-09-08T15:54:47.013+01:00 INFO : 2 points above threshold
2026-09-08T15:54:47.021+01:00 INFO : Filtering template 261/384 segment 5/5
2026-09-08T15:54:47.059+01:00 INFO : 261: generating IMRPhenomD from 30.0 Hz
2026-09-08T15:54:47.061+01:00 INFO : Decompressing waveform using inline_linear
2026-09-08T15:54:47.066+01:00 INFO : Filtering template 262/384 segment 1/5
2026-09-08T15:54:47.107+01:00 INFO : 2 points above threshold
2026-09-08T15:54:47.121+01:00 INFO : Filtering template 262/384 segment 2/5
2026-09-08T15:54:47.158+01:00 INFO : 2 points above threshold
2026-09-08T15:54:47.166+01:00 INFO : Filtering template 262/384 segment 3/5
2026-09-08T15:54:47.203+01:00 INFO : Filtering template 262/384 segment 4/5
2026-09-08T15:54:47.240+01:00 INFO : 2 points above threshold
2026-09-08T15:54:47.248+01:00 INFO : Filtering template 262/384 segment 5/5
2026-09-08T15:54:47.285+01:00 INFO : 2 points above threshold
2026-09-08T15:54:47.293+01:00 INFO : 262: generating IMRPhenomD from 30.0 Hz
2026-09-08T15:54:47.295+01:00 INFO : Decompressing waveform using inline_linear
2026-09-08T15:54:47.300+01:00 INFO : Filtering template 263/384 segment 1/5
2026-09-08T15:54:47.341+01:00 INFO : Filtering template 263/384 segment 2/5
2026-09-08T15:54:47.378+01:00 INFO : 1 points above threshold
2026-09-08T15:54:47.390+01:00 INFO : Filtering template 263/384 segment 3/5
2026-09-08T15:54:47.427+01:00 INFO : 1 points above threshold
2026-09-08T15:54:47.433+01:00 INFO : Filtering template 263/384 segment 4/5
2026-09-08T15:54:47.470+01:00 INFO : 3 points above threshold
2026-09-08T15:54:47.480+01:00 INFO : Filtering template 263/384 segment 5/5
2026-09-08T15:54:47.517+01:00 INFO : 263: generating IMRPhenomD from 30.0 Hz
2026-09-08T15:54:47.519+01:00 INFO : Decompressing waveform using inline_linear
2026-09-08T15:54:47.524+01:00 INFO : Filtering template 264/384 segment 1/5
2026-09-08T15:54:47.565+01:00 INFO : 2 points above threshold
2026-09-08T15:54:47.579+01:00 INFO : Filtering template 264/384 segment 2/5
2026-09-08T15:54:47.616+01:00 INFO : 1 points above threshold
2026-09-08T15:54:47.622+01:00 INFO : Filtering template 264/384 segment 3/5
2026-09-08T15:54:47.659+01:00 INFO : 1 points above threshold
2026-09-08T15:54:47.665+01:00 INFO : Filtering template 264/384 segment 4/5
2026-09-08T15:54:47.702+01:00 INFO : 3 points above threshold
2026-09-08T15:54:47.712+01:00 INFO : Filtering template 264/384 segment 5/5
2026-09-08T15:54:47.748+01:00 INFO : 3 points above threshold
2026-09-08T15:54:47.759+01:00 INFO : 264: generating IMRPhenomD from 30.0 Hz
2026-09-08T15:54:47.761+01:00 INFO : Decompressing waveform using inline_linear
2026-09-08T15:54:47.766+01:00 INFO : Filtering template 265/384 segment 1/5
2026-09-08T15:54:47.807+01:00 INFO : 1 points above threshold
2026-09-08T15:54:47.819+01:00 INFO : Filtering template 265/384 segment 2/5
2026-09-08T15:54:47.856+01:00 INFO : 1 points above threshold
2026-09-08T15:54:47.862+01:00 INFO : Filtering template 265/384 segment 3/5
2026-09-08T15:54:47.899+01:00 INFO : 1 points above threshold
2026-09-08T15:54:47.905+01:00 INFO : Filtering template 265/384 segment 4/5
2026-09-08T15:54:47.942+01:00 INFO : Filtering template 265/384 segment 5/5
2026-09-08T15:54:47.979+01:00 INFO : 1 points above threshold
2026-09-08T15:54:47.985+01:00 INFO : 265: generating IMRPhenomD from 30.0 Hz
2026-09-08T15:54:47.988+01:00 INFO : Decompressing waveform using inline_linear
2026-09-08T15:54:47.993+01:00 INFO : Filtering template 266/384 segment 1/5
2026-09-08T15:54:48.033+01:00 INFO : 3 points above threshold
2026-09-08T15:54:48.049+01:00 INFO : Filtering template 266/384 segment 2/5
2026-09-08T15:54:48.086+01:00 INFO : 3 points above threshold
2026-09-08T15:54:48.096+01:00 INFO : Filtering template 266/384 segment 3/5
2026-09-08T15:54:48.133+01:00 INFO : Filtering template 266/384 segment 4/5
2026-09-08T15:54:48.170+01:00 INFO : 1 points above threshold
2026-09-08T15:54:48.176+01:00 INFO : Filtering template 266/384 segment 5/5
2026-09-08T15:54:48.214+01:00 INFO : 266: generating IMRPhenomD from 30.0 Hz
2026-09-08T15:54:48.216+01:00 INFO : Decompressing waveform using inline_linear
2026-09-08T15:54:48.221+01:00 INFO : Filtering template 267/384 segment 1/5
2026-09-08T15:54:48.261+01:00 INFO : Filtering template 267/384 segment 2/5
2026-09-08T15:54:48.298+01:00 INFO : 1 points above threshold
2026-09-08T15:54:48.310+01:00 INFO : Filtering template 267/384 segment 3/5
2026-09-08T15:54:48.347+01:00 INFO : 2 points above threshold
2026-09-08T15:54:48.355+01:00 INFO : Filtering template 267/384 segment 4/5
2026-09-08T15:54:48.392+01:00 INFO : Filtering template 267/384 segment 5/5
2026-09-08T15:54:48.429+01:00 INFO : 2 points above threshold
2026-09-08T15:54:48.437+01:00 INFO : 267: generating IMRPhenomD from 30.0 Hz
2026-09-08T15:54:48.439+01:00 INFO : Decompressing waveform using inline_linear
2026-09-08T15:54:48.444+01:00 INFO : Filtering template 268/384 segment 1/5
2026-09-08T15:54:48.485+01:00 INFO : 1 points above threshold
2026-09-08T15:54:48.497+01:00 INFO : Filtering template 268/384 segment 2/5
2026-09-08T15:54:48.534+01:00 INFO : Filtering template 268/384 segment 3/5
2026-09-08T15:54:48.571+01:00 INFO : 1 points above threshold
2026-09-08T15:54:48.577+01:00 INFO : Filtering template 268/384 segment 4/5
2026-09-08T15:54:48.614+01:00 INFO : Filtering template 268/384 segment 5/5
2026-09-08T15:54:48.651+01:00 INFO : 2 points above threshold
2026-09-08T15:54:48.659+01:00 INFO : 268: generating IMRPhenomD from 30.0 Hz
2026-09-08T15:54:48.661+01:00 INFO : Decompressing waveform using inline_linear
2026-09-08T15:54:48.666+01:00 INFO : Filtering template 269/384 segment 1/5
2026-09-08T15:54:48.707+01:00 INFO : Filtering template 269/384 segment 2/5
2026-09-08T15:54:48.744+01:00 INFO : 1 points above threshold
2026-09-08T15:54:48.756+01:00 INFO : Filtering template 269/384 segment 3/5
2026-09-08T15:54:48.793+01:00 INFO : Filtering template 269/384 segment 4/5
2026-09-08T15:54:48.830+01:00 INFO : 1 points above threshold
2026-09-08T15:54:48.836+01:00 INFO : Filtering template 269/384 segment 5/5
2026-09-08T15:54:48.873+01:00 INFO : 269: generating IMRPhenomD from 30.0 Hz
2026-09-08T15:54:48.876+01:00 INFO : Decompressing waveform using inline_linear
2026-09-08T15:54:48.881+01:00 INFO : Filtering template 270/384 segment 1/5
2026-09-08T15:54:48.921+01:00 INFO : Filtering template 270/384 segment 2/5
2026-09-08T15:54:48.958+01:00 INFO : Filtering template 270/384 segment 3/5
2026-09-08T15:54:48.995+01:00 INFO : Filtering template 270/384 segment 4/5
2026-09-08T15:54:49.032+01:00 INFO : 1 points above threshold
2026-09-08T15:54:49.044+01:00 INFO : Filtering template 270/384 segment 5/5
2026-09-08T15:54:49.082+01:00 INFO : 270: generating IMRPhenomD from 30.0 Hz
2026-09-08T15:54:49.084+01:00 INFO : Decompressing waveform using inline_linear
2026-09-08T15:54:49.089+01:00 INFO : Filtering template 271/384 segment 1/5
2026-09-08T15:54:49.130+01:00 INFO : 2 points above threshold
2026-09-08T15:54:49.144+01:00 INFO : Filtering template 271/384 segment 2/5
2026-09-08T15:54:49.181+01:00 INFO : Filtering template 271/384 segment 3/5
2026-09-08T15:54:49.218+01:00 INFO : 1 points above threshold
2026-09-08T15:54:49.224+01:00 INFO : Filtering template 271/384 segment 4/5
2026-09-08T15:54:49.261+01:00 INFO : 1 points above threshold
2026-09-08T15:54:49.267+01:00 INFO : Filtering template 271/384 segment 5/5
2026-09-08T15:54:49.304+01:00 INFO : 3 points above threshold
2026-09-08T15:54:49.314+01:00 INFO : 271: generating IMRPhenomD from 30.0 Hz
2026-09-08T15:54:49.316+01:00 INFO : Decompressing waveform using inline_linear
2026-09-08T15:54:49.321+01:00 INFO : Filtering template 272/384 segment 1/5
2026-09-08T15:54:49.361+01:00 INFO : 2 points above threshold
2026-09-08T15:54:49.375+01:00 INFO : Filtering template 272/384 segment 2/5
2026-09-08T15:54:49.412+01:00 INFO : 1 points above threshold
2026-09-08T15:54:49.418+01:00 INFO : Filtering template 272/384 segment 3/5
2026-09-08T15:54:49.455+01:00 INFO : 1 points above threshold
2026-09-08T15:54:49.461+01:00 INFO : Filtering template 272/384 segment 4/5
2026-09-08T15:54:49.498+01:00 INFO : Filtering template 272/384 segment 5/5
2026-09-08T15:54:49.535+01:00 INFO : 1 points above threshold
2026-09-08T15:54:49.541+01:00 INFO : 272: generating IMRPhenomD from 30.0 Hz
2026-09-08T15:54:49.544+01:00 INFO : Decompressing waveform using inline_linear
2026-09-08T15:54:49.549+01:00 INFO : Filtering template 273/384 segment 1/5
2026-09-08T15:54:49.589+01:00 INFO : 1 points above threshold
2026-09-08T15:54:49.601+01:00 INFO : Filtering template 273/384 segment 2/5
2026-09-08T15:54:49.638+01:00 INFO : Filtering template 273/384 segment 3/5
2026-09-08T15:54:49.675+01:00 INFO : 1 points above threshold
2026-09-08T15:54:49.681+01:00 INFO : Filtering template 273/384 segment 4/5
2026-09-08T15:54:49.718+01:00 INFO : 2 points above threshold
2026-09-08T15:54:49.726+01:00 INFO : Filtering template 273/384 segment 5/5
2026-09-08T15:54:49.763+01:00 INFO : 273: generating IMRPhenomD from 30.0 Hz
2026-09-08T15:54:49.765+01:00 INFO : Decompressing waveform using inline_linear
2026-09-08T15:54:49.770+01:00 INFO : Filtering template 274/384 segment 1/5
2026-09-08T15:54:49.811+01:00 INFO : 1 points above threshold
2026-09-08T15:54:49.823+01:00 INFO : Filtering template 274/384 segment 2/5
2026-09-08T15:54:49.860+01:00 INFO : 2 points above threshold
2026-09-08T15:54:49.868+01:00 INFO : Filtering template 274/384 segment 3/5
2026-09-08T15:54:49.905+01:00 INFO : 3 points above threshold
2026-09-08T15:54:49.915+01:00 INFO : Filtering template 274/384 segment 4/5
2026-09-08T15:54:49.952+01:00 INFO : 1 points above threshold
2026-09-08T15:54:49.958+01:00 INFO : Filtering template 274/384 segment 5/5
2026-09-08T15:54:49.994+01:00 INFO : 3 points above threshold
2026-09-08T15:54:50.005+01:00 INFO : 274: generating IMRPhenomD from 30.0 Hz
2026-09-08T15:54:50.007+01:00 INFO : Decompressing waveform using inline_linear
2026-09-08T15:54:50.012+01:00 INFO : Filtering template 275/384 segment 1/5
2026-09-08T15:54:50.053+01:00 INFO : 1 points above threshold
2026-09-08T15:54:50.065+01:00 INFO : Filtering template 275/384 segment 2/5
2026-09-08T15:54:50.102+01:00 INFO : 1 points above threshold
2026-09-08T15:54:50.108+01:00 INFO : Filtering template 275/384 segment 3/5
2026-09-08T15:54:50.145+01:00 INFO : Filtering template 275/384 segment 4/5
2026-09-08T15:54:50.182+01:00 INFO : 2 points above threshold
2026-09-08T15:54:50.190+01:00 INFO : Filtering template 275/384 segment 5/5
2026-09-08T15:54:50.227+01:00 INFO : 1 points above threshold
2026-09-08T15:54:50.233+01:00 INFO : 275: generating IMRPhenomD from 30.0 Hz
2026-09-08T15:54:50.236+01:00 INFO : Decompressing waveform using inline_linear
2026-09-08T15:54:50.241+01:00 INFO : Filtering template 276/384 segment 1/5
2026-09-08T15:54:50.281+01:00 INFO : 2 points above threshold
2026-09-08T15:54:50.295+01:00 INFO : Filtering template 276/384 segment 2/5
2026-09-08T15:54:50.333+01:00 INFO : 2 points above threshold
2026-09-08T15:54:50.341+01:00 INFO : Filtering template 276/384 segment 3/5
2026-09-08T15:54:50.378+01:00 INFO : 2 points above threshold
2026-09-08T15:54:50.386+01:00 INFO : Filtering template 276/384 segment 4/5
2026-09-08T15:54:50.423+01:00 INFO : 4 points above threshold
2026-09-08T15:54:50.433+01:00 INFO : Filtering template 276/384 segment 5/5
2026-09-08T15:54:50.469+01:00 INFO : 1 points above threshold
2026-09-08T15:54:50.476+01:00 INFO : 276: generating IMRPhenomD from 30.0 Hz
2026-09-08T15:54:50.478+01:00 INFO : Decompressing waveform using inline_linear
2026-09-08T15:54:50.483+01:00 INFO : Filtering template 277/384 segment 1/5
2026-09-08T15:54:50.523+01:00 INFO : 2 points above threshold
2026-09-08T15:54:50.540+01:00 INFO : Filtering template 277/384 segment 2/5
2026-09-08T15:54:50.577+01:00 INFO : Filtering template 277/384 segment 3/5
2026-09-08T15:54:50.614+01:00 INFO : Filtering template 277/384 segment 4/5
2026-09-08T15:54:50.651+01:00 INFO : 1 points above threshold
2026-09-08T15:54:50.657+01:00 INFO : Filtering template 277/384 segment 5/5
2026-09-08T15:54:50.694+01:00 INFO : 277: generating IMRPhenomD from 30.0 Hz
2026-09-08T15:54:50.697+01:00 INFO : Decompressing waveform using inline_linear
2026-09-08T15:54:50.702+01:00 INFO : Filtering template 278/384 segment 1/5
2026-09-08T15:54:50.742+01:00 INFO : Filtering template 278/384 segment 2/5
2026-09-08T15:54:50.779+01:00 INFO : 2 points above threshold
2026-09-08T15:54:50.796+01:00 INFO : Filtering template 278/384 segment 3/5
2026-09-08T15:54:50.833+01:00 INFO : Filtering template 278/384 segment 4/5
2026-09-08T15:54:50.870+01:00 INFO : 1 points above threshold
2026-09-08T15:54:50.875+01:00 INFO : Filtering template 278/384 segment 5/5
2026-09-08T15:54:50.912+01:00 INFO : 1 points above threshold
2026-09-08T15:54:50.919+01:00 INFO : 278: generating IMRPhenomD from 30.0 Hz
2026-09-08T15:54:50.921+01:00 INFO : Decompressing waveform using inline_linear
2026-09-08T15:54:50.926+01:00 INFO : Filtering template 279/384 segment 1/5
2026-09-08T15:54:50.966+01:00 INFO : 2 points above threshold
2026-09-08T15:54:50.983+01:00 INFO : Filtering template 279/384 segment 2/5
2026-09-08T15:54:51.020+01:00 INFO : 1 points above threshold
2026-09-08T15:54:51.026+01:00 INFO : Filtering template 279/384 segment 3/5
2026-09-08T15:54:51.063+01:00 INFO : 1 points above threshold
2026-09-08T15:54:51.069+01:00 INFO : Filtering template 279/384 segment 4/5
2026-09-08T15:54:51.106+01:00 INFO : 3 points above threshold
2026-09-08T15:54:51.116+01:00 INFO : Filtering template 279/384 segment 5/5
2026-09-08T15:54:51.153+01:00 INFO : 279: generating IMRPhenomD from 30.0 Hz
2026-09-08T15:54:51.156+01:00 INFO : Decompressing waveform using inline_linear
2026-09-08T15:54:51.161+01:00 INFO : Filtering template 280/384 segment 1/5
2026-09-08T15:54:51.201+01:00 INFO : 2 points above threshold
2026-09-08T15:54:51.215+01:00 INFO : Filtering template 280/384 segment 2/5
2026-09-08T15:54:51.252+01:00 INFO : 1 points above threshold
2026-09-08T15:54:51.258+01:00 INFO : Filtering template 280/384 segment 3/5
2026-09-08T15:54:51.295+01:00 INFO : 1 points above threshold
2026-09-08T15:54:51.301+01:00 INFO : Filtering template 280/384 segment 4/5
2026-09-08T15:54:51.338+01:00 INFO : 1 points above threshold
2026-09-08T15:54:51.344+01:00 INFO : Filtering template 280/384 segment 5/5
2026-09-08T15:54:51.382+01:00 INFO : 280: generating IMRPhenomD from 30.0 Hz
2026-09-08T15:54:51.384+01:00 INFO : Decompressing waveform using inline_linear
2026-09-08T15:54:51.389+01:00 INFO : Filtering template 281/384 segment 1/5
2026-09-08T15:54:51.430+01:00 INFO : 2 points above threshold
2026-09-08T15:54:51.444+01:00 INFO : Filtering template 281/384 segment 2/5
2026-09-08T15:54:51.481+01:00 INFO : Filtering template 281/384 segment 3/5
2026-09-08T15:54:51.518+01:00 INFO : Filtering template 281/384 segment 4/5
2026-09-08T15:54:51.555+01:00 INFO : 3 points above threshold
2026-09-08T15:54:51.565+01:00 INFO : Filtering template 281/384 segment 5/5
2026-09-08T15:54:51.601+01:00 INFO : 3 points above threshold
2026-09-08T15:54:51.612+01:00 INFO : 281: generating IMRPhenomD from 30.0 Hz
2026-09-08T15:54:51.614+01:00 INFO : Decompressing waveform using inline_linear
2026-09-08T15:54:51.619+01:00 INFO : Filtering template 282/384 segment 1/5
2026-09-08T15:54:51.660+01:00 INFO : Filtering template 282/384 segment 2/5
2026-09-08T15:54:51.697+01:00 INFO : 1 points above threshold
2026-09-08T15:54:51.709+01:00 INFO : Filtering template 282/384 segment 3/5
2026-09-08T15:54:51.746+01:00 INFO : Filtering template 282/384 segment 4/5
2026-09-08T15:54:51.783+01:00 INFO : 2 points above threshold
2026-09-08T15:54:51.791+01:00 INFO : Filtering template 282/384 segment 5/5
2026-09-08T15:54:51.828+01:00 INFO : 3 points above threshold
2026-09-08T15:54:51.838+01:00 INFO : 282: generating IMRPhenomD from 30.0 Hz
2026-09-08T15:54:51.840+01:00 INFO : Decompressing waveform using inline_linear
2026-09-08T15:54:51.845+01:00 INFO : Filtering template 283/384 segment 1/5
2026-09-08T15:54:51.886+01:00 INFO : Filtering template 283/384 segment 2/5
2026-09-08T15:54:51.923+01:00 INFO : 1 points above threshold
2026-09-08T15:54:51.935+01:00 INFO : Filtering template 283/384 segment 3/5
2026-09-08T15:54:51.972+01:00 INFO : Filtering template 283/384 segment 4/5
2026-09-08T15:54:52.009+01:00 INFO : 5 points above threshold
2026-09-08T15:54:52.021+01:00 INFO : Filtering template 283/384 segment 5/5
2026-09-08T15:54:52.058+01:00 INFO : 3 points above threshold
2026-09-08T15:54:52.069+01:00 INFO : 283: generating IMRPhenomD from 30.0 Hz
2026-09-08T15:54:52.071+01:00 INFO : Decompressing waveform using inline_linear
2026-09-08T15:54:52.076+01:00 INFO : Filtering template 284/384 segment 1/5
2026-09-08T15:54:52.117+01:00 INFO : 2 points above threshold
2026-09-08T15:54:52.131+01:00 INFO : Filtering template 284/384 segment 2/5
2026-09-08T15:54:52.168+01:00 INFO : 1 points above threshold
2026-09-08T15:54:52.174+01:00 INFO : Filtering template 284/384 segment 3/5
2026-09-08T15:54:52.211+01:00 INFO : 2 points above threshold
2026-09-08T15:54:52.218+01:00 INFO : Filtering template 284/384 segment 4/5
2026-09-08T15:54:52.255+01:00 INFO : 1 points above threshold
2026-09-08T15:54:52.261+01:00 INFO : Filtering template 284/384 segment 5/5
2026-09-08T15:54:52.299+01:00 INFO : 284: generating IMRPhenomD from 30.0 Hz
2026-09-08T15:54:52.301+01:00 INFO : Decompressing waveform using inline_linear
2026-09-08T15:54:52.306+01:00 INFO : Filtering template 285/384 segment 1/5
2026-09-08T15:54:52.347+01:00 INFO : 1 points above threshold
2026-09-08T15:54:52.359+01:00 INFO : Filtering template 285/384 segment 2/5
2026-09-08T15:54:52.396+01:00 INFO : 1 points above threshold
2026-09-08T15:54:52.402+01:00 INFO : Filtering template 285/384 segment 3/5
2026-09-08T15:54:52.439+01:00 INFO : 1 points above threshold
2026-09-08T15:54:52.445+01:00 INFO : Filtering template 285/384 segment 4/5
2026-09-08T15:54:52.482+01:00 INFO : 3 points above threshold
2026-09-08T15:54:52.492+01:00 INFO : Filtering template 285/384 segment 5/5
2026-09-08T15:54:52.530+01:00 INFO : 285: generating IMRPhenomD from 30.0 Hz
2026-09-08T15:54:52.532+01:00 INFO : Decompressing waveform using inline_linear
2026-09-08T15:54:52.537+01:00 INFO : Filtering template 286/384 segment 1/5
2026-09-08T15:54:52.577+01:00 INFO : 3 points above threshold
2026-09-08T15:54:52.594+01:00 INFO : Filtering template 286/384 segment 2/5
2026-09-08T15:54:52.630+01:00 INFO : 1 points above threshold
2026-09-08T15:54:52.636+01:00 INFO : Filtering template 286/384 segment 3/5
2026-09-08T15:54:52.673+01:00 INFO : Filtering template 286/384 segment 4/5
2026-09-08T15:54:52.710+01:00 INFO : Filtering template 286/384 segment 5/5
2026-09-08T15:54:52.748+01:00 INFO : 286: generating IMRPhenomD from 30.0 Hz
2026-09-08T15:54:52.750+01:00 INFO : Decompressing waveform using inline_linear
2026-09-08T15:54:52.755+01:00 INFO : Filtering template 287/384 segment 1/5
2026-09-08T15:54:52.796+01:00 INFO : 2 points above threshold
2026-09-08T15:54:52.810+01:00 INFO : Filtering template 287/384 segment 2/5
2026-09-08T15:54:52.847+01:00 INFO : 4 points above threshold
2026-09-08T15:54:52.856+01:00 INFO : Filtering template 287/384 segment 3/5
2026-09-08T15:54:52.893+01:00 INFO : 1 points above threshold
2026-09-08T15:54:52.899+01:00 INFO : Filtering template 287/384 segment 4/5
2026-09-08T15:54:52.936+01:00 INFO : 3 points above threshold
2026-09-08T15:54:52.946+01:00 INFO : Filtering template 287/384 segment 5/5
2026-09-08T15:54:52.983+01:00 INFO : 2 points above threshold
2026-09-08T15:54:52.991+01:00 INFO : 287: generating IMRPhenomD from 30.0 Hz
2026-09-08T15:54:52.994+01:00 INFO : Decompressing waveform using inline_linear
2026-09-08T15:54:52.999+01:00 INFO : Filtering template 288/384 segment 1/5
2026-09-08T15:54:53.039+01:00 INFO : 1 points above threshold
2026-09-08T15:54:53.051+01:00 INFO : Filtering template 288/384 segment 2/5
2026-09-08T15:54:53.088+01:00 INFO : 2 points above threshold
2026-09-08T15:54:53.096+01:00 INFO : Filtering template 288/384 segment 3/5
2026-09-08T15:54:53.133+01:00 INFO : 2 points above threshold
2026-09-08T15:54:53.141+01:00 INFO : Filtering template 288/384 segment 4/5
2026-09-08T15:54:53.178+01:00 INFO : 1 points above threshold
2026-09-08T15:54:53.184+01:00 INFO : Filtering template 288/384 segment 5/5
2026-09-08T15:54:53.221+01:00 INFO : 3 points above threshold
2026-09-08T15:54:53.231+01:00 INFO : 288: generating IMRPhenomD from 30.0 Hz
2026-09-08T15:54:53.234+01:00 INFO : Decompressing waveform using inline_linear
2026-09-08T15:54:53.239+01:00 INFO : Filtering template 289/384 segment 1/5
2026-09-08T15:54:53.279+01:00 INFO : Filtering template 289/384 segment 2/5
2026-09-08T15:54:53.316+01:00 INFO : 2 points above threshold
2026-09-08T15:54:53.330+01:00 INFO : Filtering template 289/384 segment 3/5
2026-09-08T15:54:53.367+01:00 INFO : 1 points above threshold
2026-09-08T15:54:53.373+01:00 INFO : Filtering template 289/384 segment 4/5
2026-09-08T15:54:53.410+01:00 INFO : 1 points above threshold
2026-09-08T15:54:53.416+01:00 INFO : Filtering template 289/384 segment 5/5
2026-09-08T15:54:53.453+01:00 INFO : 2 points above threshold
2026-09-08T15:54:53.461+01:00 INFO : 289: generating IMRPhenomD from 30.0 Hz
2026-09-08T15:54:53.464+01:00 INFO : Decompressing waveform using inline_linear
2026-09-08T15:54:53.469+01:00 INFO : Filtering template 290/384 segment 1/5
2026-09-08T15:54:53.509+01:00 INFO : 3 points above threshold
2026-09-08T15:54:53.525+01:00 INFO : Filtering template 290/384 segment 2/5
2026-09-08T15:54:53.562+01:00 INFO : Filtering template 290/384 segment 3/5
2026-09-08T15:54:53.599+01:00 INFO : 1 points above threshold
2026-09-08T15:54:53.605+01:00 INFO : Filtering template 290/384 segment 4/5
2026-09-08T15:54:53.642+01:00 INFO : 2 points above threshold
2026-09-08T15:54:53.650+01:00 INFO : Filtering template 290/384 segment 5/5
2026-09-08T15:54:53.687+01:00 INFO : 290: generating IMRPhenomD from 30.0 Hz
2026-09-08T15:54:53.690+01:00 INFO : Decompressing waveform using inline_linear
2026-09-08T15:54:53.695+01:00 INFO : Filtering template 291/384 segment 1/5
2026-09-08T15:54:53.735+01:00 INFO : 5 points above threshold
2026-09-08T15:54:53.754+01:00 INFO : Filtering template 291/384 segment 2/5
2026-09-08T15:54:53.791+01:00 INFO : 3 points above threshold
2026-09-08T15:54:53.801+01:00 INFO : Filtering template 291/384 segment 3/5
2026-09-08T15:54:53.838+01:00 INFO : 1 points above threshold
2026-09-08T15:54:53.844+01:00 INFO : Filtering template 291/384 segment 4/5
2026-09-08T15:54:53.881+01:00 INFO : 1 points above threshold
2026-09-08T15:54:53.887+01:00 INFO : Filtering template 291/384 segment 5/5
2026-09-08T15:54:53.924+01:00 INFO : 291: generating IMRPhenomD from 30.0 Hz
2026-09-08T15:54:53.927+01:00 INFO : Decompressing waveform using inline_linear
2026-09-08T15:54:53.931+01:00 INFO : Filtering template 292/384 segment 1/5
2026-09-08T15:54:53.972+01:00 INFO : 1 points above threshold
2026-09-08T15:54:53.984+01:00 INFO : Filtering template 292/384 segment 2/5
2026-09-08T15:54:54.021+01:00 INFO : 1 points above threshold
2026-09-08T15:54:54.027+01:00 INFO : Filtering template 292/384 segment 3/5
2026-09-08T15:54:54.064+01:00 INFO : 1 points above threshold
2026-09-08T15:54:54.070+01:00 INFO : Filtering template 292/384 segment 4/5
2026-09-08T15:54:54.107+01:00 INFO : 2 points above threshold
2026-09-08T15:54:54.115+01:00 INFO : Filtering template 292/384 segment 5/5
2026-09-08T15:54:54.152+01:00 INFO : 1 points above threshold
2026-09-08T15:54:54.158+01:00 INFO : 292: generating IMRPhenomD from 30.0 Hz
2026-09-08T15:54:54.161+01:00 INFO : Decompressing waveform using inline_linear
2026-09-08T15:54:54.166+01:00 INFO : Filtering template 293/384 segment 1/5
2026-09-08T15:54:54.206+01:00 INFO : 2 points above threshold
2026-09-08T15:54:54.220+01:00 INFO : Filtering template 293/384 segment 2/5
2026-09-08T15:54:54.257+01:00 INFO : 3 points above threshold
2026-09-08T15:54:54.267+01:00 INFO : Filtering template 293/384 segment 3/5
2026-09-08T15:54:54.304+01:00 INFO : 3 points above threshold
2026-09-08T15:54:54.314+01:00 INFO : Filtering template 293/384 segment 4/5
2026-09-08T15:54:54.351+01:00 INFO : 3 points above threshold
2026-09-08T15:54:54.361+01:00 INFO : Filtering template 293/384 segment 5/5
2026-09-08T15:54:54.398+01:00 INFO : 3 points above threshold
2026-09-08T15:54:54.408+01:00 INFO : 293: generating IMRPhenomD from 30.0 Hz
2026-09-08T15:54:54.411+01:00 INFO : Decompressing waveform using inline_linear
2026-09-08T15:54:54.415+01:00 INFO : Filtering template 294/384 segment 1/5
2026-09-08T15:54:54.456+01:00 INFO : Filtering template 294/384 segment 2/5
2026-09-08T15:54:54.493+01:00 INFO : 1 points above threshold
2026-09-08T15:54:54.505+01:00 INFO : Filtering template 294/384 segment 3/5
2026-09-08T15:54:54.542+01:00 INFO : 2 points above threshold
2026-09-08T15:54:54.550+01:00 INFO : Filtering template 294/384 segment 4/5
2026-09-08T15:54:54.587+01:00 INFO : 1 points above threshold
2026-09-08T15:54:54.592+01:00 INFO : Filtering template 294/384 segment 5/5
2026-09-08T15:54:54.629+01:00 INFO : 3 points above threshold
2026-09-08T15:54:54.640+01:00 INFO : 294: generating IMRPhenomD from 30.0 Hz
2026-09-08T15:54:54.642+01:00 INFO : Decompressing waveform using inline_linear
2026-09-08T15:54:54.647+01:00 INFO : Filtering template 295/384 segment 1/5
2026-09-08T15:54:54.687+01:00 INFO : 1 points above threshold
2026-09-08T15:54:54.699+01:00 INFO : Filtering template 295/384 segment 2/5
2026-09-08T15:54:54.736+01:00 INFO : 2 points above threshold
2026-09-08T15:54:54.744+01:00 INFO : Filtering template 295/384 segment 3/5
2026-09-08T15:54:54.781+01:00 INFO : 3 points above threshold
2026-09-08T15:54:54.791+01:00 INFO : Filtering template 295/384 segment 4/5
2026-09-08T15:54:54.828+01:00 INFO : 3 points above threshold
2026-09-08T15:54:54.838+01:00 INFO : Filtering template 295/384 segment 5/5
2026-09-08T15:54:54.875+01:00 INFO : 1 points above threshold
2026-09-08T15:54:54.882+01:00 INFO : 295: generating IMRPhenomD from 30.0 Hz
2026-09-08T15:54:54.885+01:00 INFO : Decompressing waveform using inline_linear
2026-09-08T15:54:54.890+01:00 INFO : Filtering template 296/384 segment 1/5
2026-09-08T15:54:54.930+01:00 INFO : 5 points above threshold
2026-09-08T15:54:54.948+01:00 INFO : Filtering template 296/384 segment 2/5
2026-09-08T15:54:54.985+01:00 INFO : 1 points above threshold
2026-09-08T15:54:54.991+01:00 INFO : Filtering template 296/384 segment 3/5
2026-09-08T15:54:55.028+01:00 INFO : 2 points above threshold
2026-09-08T15:54:55.036+01:00 INFO : Filtering template 296/384 segment 4/5
2026-09-08T15:54:55.073+01:00 INFO : Filtering template 296/384 segment 5/5
2026-09-08T15:54:55.110+01:00 INFO : 1 points above threshold
2026-09-08T15:54:55.116+01:00 INFO : 296: generating IMRPhenomD from 30.0 Hz
2026-09-08T15:54:55.119+01:00 INFO : Decompressing waveform using inline_linear
2026-09-08T15:54:55.124+01:00 INFO : Filtering template 297/384 segment 1/5
2026-09-08T15:54:55.164+01:00 INFO : 1 points above threshold
2026-09-08T15:54:55.177+01:00 INFO : Filtering template 297/384 segment 2/5
2026-09-08T15:54:55.214+01:00 INFO : 4 points above threshold
2026-09-08T15:54:55.223+01:00 INFO : Filtering template 297/384 segment 3/5
2026-09-08T15:54:55.260+01:00 INFO : Filtering template 297/384 segment 4/5
2026-09-08T15:54:55.297+01:00 INFO : Filtering template 297/384 segment 5/5
2026-09-08T15:54:55.334+01:00 INFO : 1 points above threshold
2026-09-08T15:54:55.340+01:00 INFO : 297: generating IMRPhenomD from 30.0 Hz
2026-09-08T15:54:55.343+01:00 INFO : Decompressing waveform using inline_linear
2026-09-08T15:54:55.348+01:00 INFO : Filtering template 298/384 segment 1/5
2026-09-08T15:54:55.388+01:00 INFO : 1 points above threshold
2026-09-08T15:54:55.400+01:00 INFO : Filtering template 298/384 segment 2/5
2026-09-08T15:54:55.437+01:00 INFO : 1 points above threshold
2026-09-08T15:54:55.443+01:00 INFO : Filtering template 298/384 segment 3/5
2026-09-08T15:54:55.481+01:00 INFO : 1 points above threshold
2026-09-08T15:54:55.487+01:00 INFO : Filtering template 298/384 segment 4/5
2026-09-08T15:54:55.524+01:00 INFO : 1 points above threshold
2026-09-08T15:54:55.530+01:00 INFO : Filtering template 298/384 segment 5/5
2026-09-08T15:54:55.567+01:00 INFO : 4 points above threshold
2026-09-08T15:54:55.577+01:00 INFO : 298: generating IMRPhenomD from 30.0 Hz
2026-09-08T15:54:55.579+01:00 INFO : Decompressing waveform using inline_linear
2026-09-08T15:54:55.584+01:00 INFO : Filtering template 299/384 segment 1/5
2026-09-08T15:54:55.625+01:00 INFO : 1 points above threshold
2026-09-08T15:54:55.636+01:00 INFO : Filtering template 299/384 segment 2/5
2026-09-08T15:54:55.673+01:00 INFO : 1 points above threshold
2026-09-08T15:54:55.679+01:00 INFO : Filtering template 299/384 segment 3/5
2026-09-08T15:54:55.716+01:00 INFO : Filtering template 299/384 segment 4/5
2026-09-08T15:54:55.753+01:00 INFO : 2 points above threshold
2026-09-08T15:54:55.761+01:00 INFO : Filtering template 299/384 segment 5/5
2026-09-08T15:54:55.798+01:00 INFO : 1 points above threshold
2026-09-08T15:54:55.805+01:00 INFO : 299: generating IMRPhenomD from 30.0 Hz
2026-09-08T15:54:55.807+01:00 INFO : Decompressing waveform using inline_linear
2026-09-08T15:54:55.812+01:00 INFO : Filtering template 300/384 segment 1/5
2026-09-08T15:54:55.852+01:00 INFO : 1 points above threshold
2026-09-08T15:54:55.865+01:00 INFO : Filtering template 300/384 segment 2/5
2026-09-08T15:54:55.902+01:00 INFO : Filtering template 300/384 segment 3/5
2026-09-08T15:54:55.939+01:00 INFO : 1 points above threshold
2026-09-08T15:54:55.945+01:00 INFO : Filtering template 300/384 segment 4/5
2026-09-08T15:54:55.982+01:00 INFO : Filtering template 300/384 segment 5/5
2026-09-08T15:54:56.019+01:00 INFO : 1 points above threshold
2026-09-08T15:54:56.025+01:00 INFO : 300: generating IMRPhenomD from 30.0 Hz
2026-09-08T15:54:56.027+01:00 INFO : Decompressing waveform using inline_linear
2026-09-08T15:54:56.032+01:00 INFO : Filtering template 301/384 segment 1/5
2026-09-08T15:54:56.073+01:00 INFO : 2 points above threshold
2026-09-08T15:54:56.087+01:00 INFO : Filtering template 301/384 segment 2/5
2026-09-08T15:54:56.124+01:00 INFO : Filtering template 301/384 segment 3/5
2026-09-08T15:54:56.161+01:00 INFO : 1 points above threshold
2026-09-08T15:54:56.167+01:00 INFO : Filtering template 301/384 segment 4/5
2026-09-08T15:54:56.204+01:00 INFO : Filtering template 301/384 segment 5/5
2026-09-08T15:54:56.241+01:00 INFO : 1 points above threshold
2026-09-08T15:54:56.247+01:00 INFO : 301: generating IMRPhenomD from 30.0 Hz
2026-09-08T15:54:56.250+01:00 INFO : Decompressing waveform using inline_linear
2026-09-08T15:54:56.255+01:00 INFO : Filtering template 302/384 segment 1/5
2026-09-08T15:54:56.295+01:00 INFO : 3 points above threshold
2026-09-08T15:54:56.311+01:00 INFO : Filtering template 302/384 segment 2/5
2026-09-08T15:54:56.348+01:00 INFO : 1 points above threshold
2026-09-08T15:54:56.354+01:00 INFO : Filtering template 302/384 segment 3/5
2026-09-08T15:54:56.391+01:00 INFO : Filtering template 302/384 segment 4/5
2026-09-08T15:54:56.428+01:00 INFO : 2 points above threshold
2026-09-08T15:54:56.435+01:00 INFO : Filtering template 302/384 segment 5/5
2026-09-08T15:54:56.473+01:00 INFO : 302: generating IMRPhenomD from 30.0 Hz
2026-09-08T15:54:56.475+01:00 INFO : Decompressing waveform using inline_linear
2026-09-08T15:54:56.480+01:00 INFO : Filtering template 303/384 segment 1/5
2026-09-08T15:54:56.520+01:00 INFO : Filtering template 303/384 segment 2/5
2026-09-08T15:54:56.557+01:00 INFO : 1 points above threshold
2026-09-08T15:54:56.569+01:00 INFO : Filtering template 303/384 segment 3/5
2026-09-08T15:54:56.606+01:00 INFO : 2 points above threshold
2026-09-08T15:54:56.614+01:00 INFO : Filtering template 303/384 segment 4/5
2026-09-08T15:54:56.651+01:00 INFO : 1 points above threshold
2026-09-08T15:54:56.657+01:00 INFO : Filtering template 303/384 segment 5/5
2026-09-08T15:54:56.694+01:00 INFO : 1 points above threshold
2026-09-08T15:54:56.700+01:00 INFO : 303: generating IMRPhenomD from 30.0 Hz
2026-09-08T15:54:56.703+01:00 INFO : Decompressing waveform using inline_linear
2026-09-08T15:54:56.708+01:00 INFO : Filtering template 304/384 segment 1/5
2026-09-08T15:54:56.748+01:00 INFO : 2 points above threshold
2026-09-08T15:54:56.762+01:00 INFO : Filtering template 304/384 segment 2/5
2026-09-08T15:54:56.799+01:00 INFO : 1 points above threshold
2026-09-08T15:54:56.805+01:00 INFO : Filtering template 304/384 segment 3/5
2026-09-08T15:54:56.842+01:00 INFO : Filtering template 304/384 segment 4/5
2026-09-08T15:54:56.878+01:00 INFO : Filtering template 304/384 segment 5/5
2026-09-08T15:54:56.915+01:00 INFO : 1 points above threshold
2026-09-08T15:54:56.922+01:00 INFO : 304: generating IMRPhenomD from 30.0 Hz
2026-09-08T15:54:56.924+01:00 INFO : Decompressing waveform using inline_linear
2026-09-08T15:54:56.929+01:00 INFO : Filtering template 305/384 segment 1/5
2026-09-08T15:54:56.969+01:00 INFO : Filtering template 305/384 segment 2/5
2026-09-08T15:54:57.006+01:00 INFO : 2 points above threshold
2026-09-08T15:54:57.020+01:00 INFO : Filtering template 305/384 segment 3/5
2026-09-08T15:54:57.057+01:00 INFO : 1 points above threshold
2026-09-08T15:54:57.063+01:00 INFO : Filtering template 305/384 segment 4/5
2026-09-08T15:54:57.100+01:00 INFO : 1 points above threshold
2026-09-08T15:54:57.106+01:00 INFO : Filtering template 305/384 segment 5/5
2026-09-08T15:54:57.142+01:00 INFO : 2 points above threshold
2026-09-08T15:54:57.151+01:00 INFO : 305: generating IMRPhenomD from 30.0 Hz
2026-09-08T15:54:57.153+01:00 INFO : Decompressing waveform using inline_linear
2026-09-08T15:54:57.158+01:00 INFO : Filtering template 306/384 segment 1/5
2026-09-08T15:54:57.198+01:00 INFO : 3 points above threshold
2026-09-08T15:54:57.214+01:00 INFO : Filtering template 306/384 segment 2/5
2026-09-08T15:54:57.251+01:00 INFO : 1 points above threshold
2026-09-08T15:54:57.257+01:00 INFO : Filtering template 306/384 segment 3/5
2026-09-08T15:54:57.294+01:00 INFO : 2 points above threshold
2026-09-08T15:54:57.302+01:00 INFO : Filtering template 306/384 segment 4/5
2026-09-08T15:54:57.338+01:00 INFO : 1 points above threshold
2026-09-08T15:54:57.344+01:00 INFO : Filtering template 306/384 segment 5/5
2026-09-08T15:54:57.381+01:00 INFO : 2 points above threshold
2026-09-08T15:54:57.389+01:00 INFO : 306: generating IMRPhenomD from 30.0 Hz
2026-09-08T15:54:57.392+01:00 INFO : Decompressing waveform using inline_linear
2026-09-08T15:54:57.397+01:00 INFO : Filtering template 307/384 segment 1/5
2026-09-08T15:54:57.437+01:00 INFO : Filtering template 307/384 segment 2/5
2026-09-08T15:54:57.474+01:00 INFO : 1 points above threshold
2026-09-08T15:54:57.486+01:00 INFO : Filtering template 307/384 segment 3/5
2026-09-08T15:54:57.523+01:00 INFO : 1 points above threshold
2026-09-08T15:54:57.529+01:00 INFO : Filtering template 307/384 segment 4/5
2026-09-08T15:54:57.566+01:00 INFO : 3 points above threshold
2026-09-08T15:54:57.576+01:00 INFO : Filtering template 307/384 segment 5/5
2026-09-08T15:54:57.613+01:00 INFO : 1 points above threshold
2026-09-08T15:54:57.619+01:00 INFO : 307: generating IMRPhenomD from 30.0 Hz
2026-09-08T15:54:57.622+01:00 INFO : Decompressing waveform using inline_linear
2026-09-08T15:54:57.627+01:00 INFO : Filtering template 308/384 segment 1/5
2026-09-08T15:54:57.667+01:00 INFO : 1 points above threshold
2026-09-08T15:54:57.679+01:00 INFO : Filtering template 308/384 segment 2/5
2026-09-08T15:54:57.716+01:00 INFO : Filtering template 308/384 segment 3/5
2026-09-08T15:54:57.753+01:00 INFO : 2 points above threshold
2026-09-08T15:54:57.761+01:00 INFO : Filtering template 308/384 segment 4/5
2026-09-08T15:54:57.798+01:00 INFO : 1 points above threshold
2026-09-08T15:54:57.804+01:00 INFO : Filtering template 308/384 segment 5/5
2026-09-08T15:54:57.841+01:00 INFO : 308: generating IMRPhenomD from 30.0 Hz
2026-09-08T15:54:57.843+01:00 INFO : Decompressing waveform using inline_linear
2026-09-08T15:54:57.848+01:00 INFO : Filtering template 309/384 segment 1/5
2026-09-08T15:54:57.889+01:00 INFO : 1 points above threshold
2026-09-08T15:54:57.901+01:00 INFO : Filtering template 309/384 segment 2/5
2026-09-08T15:54:57.938+01:00 INFO : Filtering template 309/384 segment 3/5
2026-09-08T15:54:57.975+01:00 INFO : Filtering template 309/384 segment 4/5
2026-09-08T15:54:58.011+01:00 INFO : Filtering template 309/384 segment 5/5
2026-09-08T15:54:58.048+01:00 INFO : 1 points above threshold
2026-09-08T15:54:58.055+01:00 INFO : 309: generating IMRPhenomD from 30.0 Hz
2026-09-08T15:54:58.057+01:00 INFO : Decompressing waveform using inline_linear
2026-09-08T15:54:58.062+01:00 INFO : Filtering template 310/384 segment 1/5
2026-09-08T15:54:58.102+01:00 INFO : 1 points above threshold
2026-09-08T15:54:58.114+01:00 INFO : Filtering template 310/384 segment 2/5
2026-09-08T15:54:58.151+01:00 INFO : 1 points above threshold
2026-09-08T15:54:58.157+01:00 INFO : Filtering template 310/384 segment 3/5
2026-09-08T15:54:58.194+01:00 INFO : 1 points above threshold
2026-09-08T15:54:58.200+01:00 INFO : Filtering template 310/384 segment 4/5
2026-09-08T15:54:58.237+01:00 INFO : Filtering template 310/384 segment 5/5
2026-09-08T15:54:58.274+01:00 INFO : 1 points above threshold
2026-09-08T15:54:58.280+01:00 INFO : 310: generating IMRPhenomD from 30.0 Hz
2026-09-08T15:54:58.282+01:00 INFO : Decompressing waveform using inline_linear
2026-09-08T15:54:58.287+01:00 INFO : Filtering template 311/384 segment 1/5
2026-09-08T15:54:58.328+01:00 INFO : Filtering template 311/384 segment 2/5
2026-09-08T15:54:58.365+01:00 INFO : 1 points above threshold
2026-09-08T15:54:58.377+01:00 INFO : Filtering template 311/384 segment 3/5
2026-09-08T15:54:58.413+01:00 INFO : Filtering template 311/384 segment 4/5
2026-09-08T15:54:58.450+01:00 INFO : 1 points above threshold
2026-09-08T15:54:58.457+01:00 INFO : Filtering template 311/384 segment 5/5
2026-09-08T15:54:58.494+01:00 INFO : 4 points above threshold
2026-09-08T15:54:58.504+01:00 INFO : 311: generating IMRPhenomD from 30.0 Hz
2026-09-08T15:54:58.506+01:00 INFO : Decompressing waveform using inline_linear
2026-09-08T15:54:58.511+01:00 INFO : Filtering template 312/384 segment 1/5
2026-09-08T15:54:58.551+01:00 INFO : 3 points above threshold
2026-09-08T15:54:58.567+01:00 INFO : Filtering template 312/384 segment 2/5
2026-09-08T15:54:58.604+01:00 INFO : Filtering template 312/384 segment 3/5
2026-09-08T15:54:58.641+01:00 INFO : 1 points above threshold
2026-09-08T15:54:58.647+01:00 INFO : Filtering template 312/384 segment 4/5
2026-09-08T15:54:58.684+01:00 INFO : Filtering template 312/384 segment 5/5
2026-09-08T15:54:58.721+01:00 INFO : 312: generating IMRPhenomD from 30.0 Hz
2026-09-08T15:54:58.724+01:00 INFO : Decompressing waveform using inline_linear
2026-09-08T15:54:58.729+01:00 INFO : Filtering template 313/384 segment 1/5
2026-09-08T15:54:58.769+01:00 INFO : Filtering template 313/384 segment 2/5
2026-09-08T15:54:58.806+01:00 INFO : 1 points above threshold
2026-09-08T15:54:58.818+01:00 INFO : Filtering template 313/384 segment 3/5
2026-09-08T15:54:58.855+01:00 INFO : Filtering template 313/384 segment 4/5
2026-09-08T15:54:58.892+01:00 INFO : 2 points above threshold
2026-09-08T15:54:58.900+01:00 INFO : Filtering template 313/384 segment 5/5
2026-09-08T15:54:58.937+01:00 INFO : 1 points above threshold
2026-09-08T15:54:58.943+01:00 INFO : 313: generating IMRPhenomD from 30.0 Hz
2026-09-08T15:54:58.945+01:00 INFO : Decompressing waveform using inline_linear
2026-09-08T15:54:58.950+01:00 INFO : Filtering template 314/384 segment 1/5
2026-09-08T15:54:58.991+01:00 INFO : 1 points above threshold
2026-09-08T15:54:59.003+01:00 INFO : Filtering template 314/384 segment 2/5
2026-09-08T15:54:59.040+01:00 INFO : Filtering template 314/384 segment 3/5
2026-09-08T15:54:59.076+01:00 INFO : 2 points above threshold
2026-09-08T15:54:59.084+01:00 INFO : Filtering template 314/384 segment 4/5
2026-09-08T15:54:59.121+01:00 INFO : Filtering template 314/384 segment 5/5
2026-09-08T15:54:59.158+01:00 INFO : 2 points above threshold
2026-09-08T15:54:59.166+01:00 INFO : 314: generating IMRPhenomD from 30.0 Hz
2026-09-08T15:54:59.169+01:00 INFO : Decompressing waveform using inline_linear
2026-09-08T15:54:59.174+01:00 INFO : Filtering template 315/384 segment 1/5
2026-09-08T15:54:59.214+01:00 INFO : 1 points above threshold
2026-09-08T15:54:59.226+01:00 INFO : Filtering template 315/384 segment 2/5
2026-09-08T15:54:59.263+01:00 INFO : 1 points above threshold
2026-09-08T15:54:59.269+01:00 INFO : Filtering template 315/384 segment 3/5
2026-09-08T15:54:59.306+01:00 INFO : 1 points above threshold
2026-09-08T15:54:59.312+01:00 INFO : Filtering template 315/384 segment 4/5
2026-09-08T15:54:59.349+01:00 INFO : Filtering template 315/384 segment 5/5
2026-09-08T15:54:59.386+01:00 INFO : 315: generating IMRPhenomD from 30.0 Hz
2026-09-08T15:54:59.388+01:00 INFO : Decompressing waveform using inline_linear
2026-09-08T15:54:59.393+01:00 INFO : Filtering template 316/384 segment 1/5
2026-09-08T15:54:59.434+01:00 INFO : Filtering template 316/384 segment 2/5
2026-09-08T15:54:59.471+01:00 INFO : Filtering template 316/384 segment 3/5
2026-09-08T15:54:59.508+01:00 INFO : Filtering template 316/384 segment 4/5
2026-09-08T15:54:59.545+01:00 INFO : 3 points above threshold
2026-09-08T15:54:59.560+01:00 INFO : Filtering template 316/384 segment 5/5
2026-09-08T15:54:59.598+01:00 INFO : 316: generating IMRPhenomD from 30.0 Hz
2026-09-08T15:54:59.600+01:00 INFO : Decompressing waveform using inline_linear
2026-09-08T15:54:59.605+01:00 INFO : Filtering template 317/384 segment 1/5
2026-09-08T15:54:59.645+01:00 INFO : Filtering template 317/384 segment 2/5
2026-09-08T15:54:59.682+01:00 INFO : Filtering template 317/384 segment 3/5
2026-09-08T15:54:59.719+01:00 INFO : 1 points above threshold
2026-09-08T15:54:59.731+01:00 INFO : Filtering template 317/384 segment 4/5
2026-09-08T15:54:59.768+01:00 INFO : Filtering template 317/384 segment 5/5
2026-09-08T15:54:59.805+01:00 INFO : 2 points above threshold
2026-09-08T15:54:59.813+01:00 INFO : 317: generating IMRPhenomD from 30.0 Hz
2026-09-08T15:54:59.816+01:00 INFO : Decompressing waveform using inline_linear
2026-09-08T15:54:59.821+01:00 INFO : Filtering template 318/384 segment 1/5
2026-09-08T15:54:59.861+01:00 INFO : 3 points above threshold
2026-09-08T15:54:59.877+01:00 INFO : Filtering template 318/384 segment 2/5
2026-09-08T15:54:59.915+01:00 INFO : 2 points above threshold
2026-09-08T15:54:59.922+01:00 INFO : Filtering template 318/384 segment 3/5
2026-09-08T15:54:59.960+01:00 INFO : Filtering template 318/384 segment 4/5
2026-09-08T15:54:59.996+01:00 INFO : 3 points above threshold
2026-09-08T15:55:00.006+01:00 INFO : Filtering template 318/384 segment 5/5
2026-09-08T15:55:00.043+01:00 INFO : 1 points above threshold
2026-09-08T15:55:00.050+01:00 INFO : 318: generating IMRPhenomD from 30.0 Hz
2026-09-08T15:55:00.052+01:00 INFO : Decompressing waveform using inline_linear
2026-09-08T15:55:00.057+01:00 INFO : Filtering template 319/384 segment 1/5
2026-09-08T15:55:00.098+01:00 INFO : 3 points above threshold
2026-09-08T15:55:00.114+01:00 INFO : Filtering template 319/384 segment 2/5
2026-09-08T15:55:00.151+01:00 INFO : 2 points above threshold
2026-09-08T15:55:00.159+01:00 INFO : Filtering template 319/384 segment 3/5
2026-09-08T15:55:00.196+01:00 INFO : 2 points above threshold
2026-09-08T15:55:00.203+01:00 INFO : Filtering template 319/384 segment 4/5
2026-09-08T15:55:00.240+01:00 INFO : Filtering template 319/384 segment 5/5
2026-09-08T15:55:00.278+01:00 INFO : 319: generating IMRPhenomD from 30.0 Hz
2026-09-08T15:55:00.280+01:00 INFO : Decompressing waveform using inline_linear
2026-09-08T15:55:00.285+01:00 INFO : Filtering template 320/384 segment 1/5
2026-09-08T15:55:00.326+01:00 INFO : 2 points above threshold
2026-09-08T15:55:00.340+01:00 INFO : Filtering template 320/384 segment 2/5
2026-09-08T15:55:00.376+01:00 INFO : 1 points above threshold
2026-09-08T15:55:00.382+01:00 INFO : Filtering template 320/384 segment 3/5
2026-09-08T15:55:00.419+01:00 INFO : 2 points above threshold
2026-09-08T15:55:00.427+01:00 INFO : Filtering template 320/384 segment 4/5
2026-09-08T15:55:00.464+01:00 INFO : Filtering template 320/384 segment 5/5
2026-09-08T15:55:00.501+01:00 INFO : 2 points above threshold
2026-09-08T15:55:00.510+01:00 INFO : 320: generating IMRPhenomD from 30.0 Hz
2026-09-08T15:55:00.512+01:00 INFO : Decompressing waveform using inline_linear
2026-09-08T15:55:00.517+01:00 INFO : Filtering template 321/384 segment 1/5
2026-09-08T15:55:00.561+01:00 INFO : Filtering template 321/384 segment 2/5
2026-09-08T15:55:00.600+01:00 INFO : Filtering template 321/384 segment 3/5
2026-09-08T15:55:00.638+01:00 INFO : 1 points above threshold
2026-09-08T15:55:00.650+01:00 INFO : Filtering template 321/384 segment 4/5
2026-09-08T15:55:00.687+01:00 INFO : Filtering template 321/384 segment 5/5
2026-09-08T15:55:00.724+01:00 INFO : 321: generating IMRPhenomD from 30.0 Hz
2026-09-08T15:55:00.727+01:00 INFO : Decompressing waveform using inline_linear
2026-09-08T15:55:00.732+01:00 INFO : Filtering template 322/384 segment 1/5
2026-09-08T15:55:00.772+01:00 INFO : Filtering template 322/384 segment 2/5
2026-09-08T15:55:00.810+01:00 INFO : 3 points above threshold
2026-09-08T15:55:00.826+01:00 INFO : Filtering template 322/384 segment 3/5
2026-09-08T15:55:00.863+01:00 INFO : 1 points above threshold
2026-09-08T15:55:00.869+01:00 INFO : Filtering template 322/384 segment 4/5
2026-09-08T15:55:00.906+01:00 INFO : 1 points above threshold
2026-09-08T15:55:00.912+01:00 INFO : Filtering template 322/384 segment 5/5
2026-09-08T15:55:00.949+01:00 INFO : 1 points above threshold
2026-09-08T15:55:00.955+01:00 INFO : 322: generating IMRPhenomD from 30.0 Hz
2026-09-08T15:55:00.958+01:00 INFO : Decompressing waveform using inline_linear
2026-09-08T15:55:00.963+01:00 INFO : Filtering template 323/384 segment 1/5
2026-09-08T15:55:01.004+01:00 INFO : Filtering template 323/384 segment 2/5
2026-09-08T15:55:01.041+01:00 INFO : 2 points above threshold
2026-09-08T15:55:01.055+01:00 INFO : Filtering template 323/384 segment 3/5
2026-09-08T15:55:01.091+01:00 INFO : 2 points above threshold
2026-09-08T15:55:01.099+01:00 INFO : Filtering template 323/384 segment 4/5
2026-09-08T15:55:01.136+01:00 INFO : Filtering template 323/384 segment 5/5
2026-09-08T15:55:01.173+01:00 INFO : 1 points above threshold
2026-09-08T15:55:01.180+01:00 INFO : 323: generating IMRPhenomD from 30.0 Hz
2026-09-08T15:55:01.182+01:00 INFO : Decompressing waveform using inline_linear
2026-09-08T15:55:01.187+01:00 INFO : Filtering template 324/384 segment 1/5
2026-09-08T15:55:01.227+01:00 INFO : Filtering template 324/384 segment 2/5
2026-09-08T15:55:01.264+01:00 INFO : Filtering template 324/384 segment 3/5
2026-09-08T15:55:01.301+01:00 INFO : 1 points above threshold
2026-09-08T15:55:01.313+01:00 INFO : Filtering template 324/384 segment 4/5
2026-09-08T15:55:01.350+01:00 INFO : Filtering template 324/384 segment 5/5
2026-09-08T15:55:01.387+01:00 INFO : 4 points above threshold
2026-09-08T15:55:01.396+01:00 INFO : 324: generating IMRPhenomD from 30.0 Hz
2026-09-08T15:55:01.399+01:00 INFO : Decompressing waveform using inline_linear
2026-09-08T15:55:01.404+01:00 INFO : Filtering template 325/384 segment 1/5
2026-09-08T15:55:01.444+01:00 INFO : 2 points above threshold
2026-09-08T15:55:01.458+01:00 INFO : Filtering template 325/384 segment 2/5
2026-09-08T15:55:01.495+01:00 INFO : 3 points above threshold
2026-09-08T15:55:01.505+01:00 INFO : Filtering template 325/384 segment 3/5
2026-09-08T15:55:01.542+01:00 INFO : 2 points above threshold
2026-09-08T15:55:01.550+01:00 INFO : Filtering template 325/384 segment 4/5
2026-09-08T15:55:01.586+01:00 INFO : 1 points above threshold
2026-09-08T15:55:01.592+01:00 INFO : Filtering template 325/384 segment 5/5
2026-09-08T15:55:01.630+01:00 INFO : 1 points above threshold
2026-09-08T15:55:01.636+01:00 INFO : 325: generating IMRPhenomD from 30.0 Hz
2026-09-08T15:55:01.638+01:00 INFO : Decompressing waveform using inline_linear
2026-09-08T15:55:01.643+01:00 INFO : Filtering template 326/384 segment 1/5
2026-09-08T15:55:01.684+01:00 INFO : 2 points above threshold
2026-09-08T15:55:01.697+01:00 INFO : Filtering template 326/384 segment 2/5
2026-09-08T15:55:01.734+01:00 INFO : 2 points above threshold
2026-09-08T15:55:01.742+01:00 INFO : Filtering template 326/384 segment 3/5
2026-09-08T15:55:01.779+01:00 INFO : Filtering template 326/384 segment 4/5
2026-09-08T15:55:01.816+01:00 INFO : Filtering template 326/384 segment 5/5
2026-09-08T15:55:01.853+01:00 INFO : 2 points above threshold
2026-09-08T15:55:01.861+01:00 INFO : 326: generating IMRPhenomD from 30.0 Hz
2026-09-08T15:55:01.864+01:00 INFO : Decompressing waveform using inline_linear
2026-09-08T15:55:01.869+01:00 INFO : Filtering template 327/384 segment 1/5
2026-09-08T15:55:01.909+01:00 INFO : 2 points above threshold
2026-09-08T15:55:01.923+01:00 INFO : Filtering template 327/384 segment 2/5
2026-09-08T15:55:01.960+01:00 INFO : 1 points above threshold
2026-09-08T15:55:01.966+01:00 INFO : Filtering template 327/384 segment 3/5
2026-09-08T15:55:02.003+01:00 INFO : 3 points above threshold
2026-09-08T15:55:02.013+01:00 INFO : Filtering template 327/384 segment 4/5
2026-09-08T15:55:02.050+01:00 INFO : 2 points above threshold
2026-09-08T15:55:02.058+01:00 INFO : Filtering template 327/384 segment 5/5
2026-09-08T15:55:02.095+01:00 INFO : 1 points above threshold
2026-09-08T15:55:02.102+01:00 INFO : 327: generating IMRPhenomD from 30.0 Hz
2026-09-08T15:55:02.104+01:00 INFO : Decompressing waveform using inline_linear
2026-09-08T15:55:02.109+01:00 INFO : Filtering template 328/384 segment 1/5
2026-09-08T15:55:02.149+01:00 INFO : 1 points above threshold
2026-09-08T15:55:02.162+01:00 INFO : Filtering template 328/384 segment 2/5
2026-09-08T15:55:02.199+01:00 INFO : 1 points above threshold
2026-09-08T15:55:02.205+01:00 INFO : Filtering template 328/384 segment 3/5
2026-09-08T15:55:02.242+01:00 INFO : 4 points above threshold
2026-09-08T15:55:02.251+01:00 INFO : Filtering template 328/384 segment 4/5
2026-09-08T15:55:02.288+01:00 INFO : 1 points above threshold
2026-09-08T15:55:02.294+01:00 INFO : Filtering template 328/384 segment 5/5
2026-09-08T15:55:02.331+01:00 INFO : 2 points above threshold
2026-09-08T15:55:02.339+01:00 INFO : 328: generating IMRPhenomD from 30.0 Hz
2026-09-08T15:55:02.342+01:00 INFO : Decompressing waveform using inline_linear
2026-09-08T15:55:02.347+01:00 INFO : Filtering template 329/384 segment 1/5
2026-09-08T15:55:02.387+01:00 INFO : Filtering template 329/384 segment 2/5
2026-09-08T15:55:02.424+01:00 INFO : Filtering template 329/384 segment 3/5
2026-09-08T15:55:02.462+01:00 INFO : 2 points above threshold
2026-09-08T15:55:02.475+01:00 INFO : Filtering template 329/384 segment 4/5
2026-09-08T15:55:02.512+01:00 INFO : 1 points above threshold
2026-09-08T15:55:02.518+01:00 INFO : Filtering template 329/384 segment 5/5
2026-09-08T15:55:02.555+01:00 INFO : 2 points above threshold
2026-09-08T15:55:02.563+01:00 INFO : 329: generating IMRPhenomD from 30.0 Hz
2026-09-08T15:55:02.566+01:00 INFO : Decompressing waveform using inline_linear
2026-09-08T15:55:02.571+01:00 INFO : Filtering template 330/384 segment 1/5
2026-09-08T15:55:02.611+01:00 INFO : 1 points above threshold
2026-09-08T15:55:02.623+01:00 INFO : Filtering template 330/384 segment 2/5
2026-09-08T15:55:02.660+01:00 INFO : 2 points above threshold
2026-09-08T15:55:02.668+01:00 INFO : Filtering template 330/384 segment 3/5
2026-09-08T15:55:02.704+01:00 INFO : 2 points above threshold
2026-09-08T15:55:02.712+01:00 INFO : Filtering template 330/384 segment 4/5
2026-09-08T15:55:02.749+01:00 INFO : 1 points above threshold
2026-09-08T15:55:02.755+01:00 INFO : Filtering template 330/384 segment 5/5
2026-09-08T15:55:02.792+01:00 INFO : 330: generating IMRPhenomD from 30.0 Hz
2026-09-08T15:55:02.795+01:00 INFO : Decompressing waveform using inline_linear
2026-09-08T15:55:02.800+01:00 INFO : Filtering template 331/384 segment 1/5
2026-09-08T15:55:02.840+01:00 INFO : 2 points above threshold
2026-09-08T15:55:02.854+01:00 INFO : Filtering template 331/384 segment 2/5
2026-09-08T15:55:02.891+01:00 INFO : 1 points above threshold
2026-09-08T15:55:02.897+01:00 INFO : Filtering template 331/384 segment 3/5
2026-09-08T15:55:02.934+01:00 INFO : 3 points above threshold
2026-09-08T15:55:02.944+01:00 INFO : Filtering template 331/384 segment 4/5
2026-09-08T15:55:02.981+01:00 INFO : 4 points above threshold
2026-09-08T15:55:02.990+01:00 INFO : Filtering template 331/384 segment 5/5
2026-09-08T15:55:03.028+01:00 INFO : 331: generating IMRPhenomD from 30.0 Hz
2026-09-08T15:55:03.030+01:00 INFO : Decompressing waveform using inline_linear
2026-09-08T15:55:03.035+01:00 INFO : Filtering template 332/384 segment 1/5
2026-09-08T15:55:03.076+01:00 INFO : 2 points above threshold
2026-09-08T15:55:03.090+01:00 INFO : Filtering template 332/384 segment 2/5
2026-09-08T15:55:03.127+01:00 INFO : Filtering template 332/384 segment 3/5
2026-09-08T15:55:03.164+01:00 INFO : 1 points above threshold
2026-09-08T15:55:03.170+01:00 INFO : Filtering template 332/384 segment 4/5
2026-09-08T15:55:03.207+01:00 INFO : Filtering template 332/384 segment 5/5
2026-09-08T15:55:03.244+01:00 INFO : 1 points above threshold
2026-09-08T15:55:03.250+01:00 INFO : 332: generating IMRPhenomD from 30.0 Hz
2026-09-08T15:55:03.253+01:00 INFO : Decompressing waveform using inline_linear
2026-09-08T15:55:03.258+01:00 INFO : Filtering template 333/384 segment 1/5
2026-09-08T15:55:03.298+01:00 INFO : 2 points above threshold
2026-09-08T15:55:03.313+01:00 INFO : Filtering template 333/384 segment 2/5
2026-09-08T15:55:03.350+01:00 INFO : Filtering template 333/384 segment 3/5
2026-09-08T15:55:03.387+01:00 INFO : 1 points above threshold
2026-09-08T15:55:03.393+01:00 INFO : Filtering template 333/384 segment 4/5
2026-09-08T15:55:03.430+01:00 INFO : 1 points above threshold
2026-09-08T15:55:03.436+01:00 INFO : Filtering template 333/384 segment 5/5
2026-09-08T15:55:03.473+01:00 INFO : 333: generating IMRPhenomD from 30.0 Hz
2026-09-08T15:55:03.476+01:00 INFO : Decompressing waveform using inline_linear
2026-09-08T15:55:03.481+01:00 INFO : Filtering template 334/384 segment 1/5
2026-09-08T15:55:03.521+01:00 INFO : 3 points above threshold
2026-09-08T15:55:03.537+01:00 INFO : Filtering template 334/384 segment 2/5
2026-09-08T15:55:03.574+01:00 INFO : Filtering template 334/384 segment 3/5
2026-09-08T15:55:03.611+01:00 INFO : Filtering template 334/384 segment 4/5
2026-09-08T15:55:03.648+01:00 INFO : 2 points above threshold
2026-09-08T15:55:03.656+01:00 INFO : Filtering template 334/384 segment 5/5
2026-09-08T15:55:03.693+01:00 INFO : 334: generating IMRPhenomD from 30.0 Hz
2026-09-08T15:55:03.696+01:00 INFO : Decompressing waveform using inline_linear
2026-09-08T15:55:03.701+01:00 INFO : Filtering template 335/384 segment 1/5
2026-09-08T15:55:03.741+01:00 INFO : 1 points above threshold
2026-09-08T15:55:03.753+01:00 INFO : Filtering template 335/384 segment 2/5
2026-09-08T15:55:03.790+01:00 INFO : Filtering template 335/384 segment 3/5
2026-09-08T15:55:03.827+01:00 INFO : 3 points above threshold
2026-09-08T15:55:03.837+01:00 INFO : Filtering template 335/384 segment 4/5
2026-09-08T15:55:03.874+01:00 INFO : Filtering template 335/384 segment 5/5
2026-09-08T15:55:03.911+01:00 INFO : 1 points above threshold
2026-09-08T15:55:03.917+01:00 INFO : 335: generating IMRPhenomD from 30.0 Hz
2026-09-08T15:55:03.920+01:00 INFO : Decompressing waveform using inline_linear
2026-09-08T15:55:03.925+01:00 INFO : Filtering template 336/384 segment 1/5
2026-09-08T15:55:03.965+01:00 INFO : 3 points above threshold
2026-09-08T15:55:03.981+01:00 INFO : Filtering template 336/384 segment 2/5
2026-09-08T15:55:04.018+01:00 INFO : Filtering template 336/384 segment 3/5
2026-09-08T15:55:04.055+01:00 INFO : Filtering template 336/384 segment 4/5
2026-09-08T15:55:04.092+01:00 INFO : 1 points above threshold
2026-09-08T15:55:04.098+01:00 INFO : Filtering template 336/384 segment 5/5
2026-09-08T15:55:04.136+01:00 INFO : 336: generating IMRPhenomD from 30.0 Hz
2026-09-08T15:55:04.138+01:00 INFO : Decompressing waveform using inline_linear
2026-09-08T15:55:04.143+01:00 INFO : Filtering template 337/384 segment 1/5
2026-09-08T15:55:04.184+01:00 INFO : Filtering template 337/384 segment 2/5
2026-09-08T15:55:04.221+01:00 INFO : 1 points above threshold
2026-09-08T15:55:04.233+01:00 INFO : Filtering template 337/384 segment 3/5
2026-09-08T15:55:04.270+01:00 INFO : Filtering template 337/384 segment 4/5
2026-09-08T15:55:04.307+01:00 INFO : 2 points above threshold
2026-09-08T15:55:04.315+01:00 INFO : Filtering template 337/384 segment 5/5
2026-09-08T15:55:04.352+01:00 INFO : 337: generating IMRPhenomD from 30.0 Hz
2026-09-08T15:55:04.355+01:00 INFO : Decompressing waveform using inline_linear
2026-09-08T15:55:04.360+01:00 INFO : Filtering template 338/384 segment 1/5
2026-09-08T15:55:04.400+01:00 INFO : 1 points above threshold
2026-09-08T15:55:04.428+01:00 INFO : Filtering template 338/384 segment 2/5
2026-09-08T15:55:04.465+01:00 INFO : 2 points above threshold
2026-09-08T15:55:04.474+01:00 INFO : Filtering template 338/384 segment 3/5
2026-09-08T15:55:04.510+01:00 INFO : 1 points above threshold
2026-09-08T15:55:04.516+01:00 INFO : Filtering template 338/384 segment 4/5
2026-09-08T15:55:04.553+01:00 INFO : Filtering template 338/384 segment 5/5
2026-09-08T15:55:04.590+01:00 INFO : 2 points above threshold
2026-09-08T15:55:04.598+01:00 INFO : 338: generating IMRPhenomD from 30.0 Hz
2026-09-08T15:55:04.601+01:00 INFO : Decompressing waveform using inline_linear
2026-09-08T15:55:04.606+01:00 INFO : Filtering template 339/384 segment 1/5
2026-09-08T15:55:04.646+01:00 INFO : 1 points above threshold
2026-09-08T15:55:04.658+01:00 INFO : Filtering template 339/384 segment 2/5
2026-09-08T15:55:04.695+01:00 INFO : 1 points above threshold
2026-09-08T15:55:04.701+01:00 INFO : Filtering template 339/384 segment 3/5
2026-09-08T15:55:04.738+01:00 INFO : 1 points above threshold
2026-09-08T15:55:04.744+01:00 INFO : Filtering template 339/384 segment 4/5
2026-09-08T15:55:04.781+01:00 INFO : Filtering template 339/384 segment 5/5
2026-09-08T15:55:04.818+01:00 INFO : 2 points above threshold
2026-09-08T15:55:04.826+01:00 INFO : 339: generating IMRPhenomD from 30.0 Hz
2026-09-08T15:55:04.828+01:00 INFO : Decompressing waveform using inline_linear
2026-09-08T15:55:04.833+01:00 INFO : Filtering template 340/384 segment 1/5
2026-09-08T15:55:04.874+01:00 INFO : 1 points above threshold
2026-09-08T15:55:04.886+01:00 INFO : Filtering template 340/384 segment 2/5
2026-09-08T15:55:04.923+01:00 INFO : Filtering template 340/384 segment 3/5
2026-09-08T15:55:04.960+01:00 INFO : Filtering template 340/384 segment 4/5
2026-09-08T15:55:04.997+01:00 INFO : Filtering template 340/384 segment 5/5
2026-09-08T15:55:05.034+01:00 INFO : 1 points above threshold
2026-09-08T15:55:05.040+01:00 INFO : 340: generating IMRPhenomD from 30.0 Hz
2026-09-08T15:55:05.043+01:00 INFO : Decompressing waveform using inline_linear
2026-09-08T15:55:05.048+01:00 INFO : Filtering template 341/384 segment 1/5
2026-09-08T15:55:05.089+01:00 INFO : 2 points above threshold
2026-09-08T15:55:05.102+01:00 INFO : Filtering template 341/384 segment 2/5
2026-09-08T15:55:05.139+01:00 INFO : 1 points above threshold
2026-09-08T15:55:05.145+01:00 INFO : Filtering template 341/384 segment 3/5
2026-09-08T15:55:05.182+01:00 INFO : 2 points above threshold
2026-09-08T15:55:05.190+01:00 INFO : Filtering template 341/384 segment 4/5
2026-09-08T15:55:05.227+01:00 INFO : 1 points above threshold
2026-09-08T15:55:05.233+01:00 INFO : Filtering template 341/384 segment 5/5
2026-09-08T15:55:05.270+01:00 INFO : 2 points above threshold
2026-09-08T15:55:05.278+01:00 INFO : 341: generating IMRPhenomD from 30.0 Hz
2026-09-08T15:55:05.280+01:00 INFO : Decompressing waveform using inline_linear
2026-09-08T15:55:05.285+01:00 INFO : Filtering template 342/384 segment 1/5
2026-09-08T15:55:05.326+01:00 INFO : 2 points above threshold
2026-09-08T15:55:05.340+01:00 INFO : Filtering template 342/384 segment 2/5
2026-09-08T15:55:05.377+01:00 INFO : 2 points above threshold
2026-09-08T15:55:05.385+01:00 INFO : Filtering template 342/384 segment 3/5
2026-09-08T15:55:05.422+01:00 INFO : 1 points above threshold
2026-09-08T15:55:05.428+01:00 INFO : Filtering template 342/384 segment 4/5
2026-09-08T15:55:05.464+01:00 INFO : 2 points above threshold
2026-09-08T15:55:05.472+01:00 INFO : Filtering template 342/384 segment 5/5
2026-09-08T15:55:05.509+01:00 INFO : 1 points above threshold
2026-09-08T15:55:05.515+01:00 INFO : 342: generating IMRPhenomD from 30.0 Hz
2026-09-08T15:55:05.518+01:00 INFO : Decompressing waveform using inline_linear
2026-09-08T15:55:05.523+01:00 INFO : Filtering template 343/384 segment 1/5
2026-09-08T15:55:05.563+01:00 INFO : Filtering template 343/384 segment 2/5
2026-09-08T15:55:05.603+01:00 INFO : 1 points above threshold
2026-09-08T15:55:05.616+01:00 INFO : Filtering template 343/384 segment 3/5
2026-09-08T15:55:05.655+01:00 INFO : Filtering template 343/384 segment 4/5
2026-09-08T15:55:05.694+01:00 INFO : Filtering template 343/384 segment 5/5
2026-09-08T15:55:05.732+01:00 INFO : 343: generating IMRPhenomD from 30.0 Hz
2026-09-08T15:55:05.734+01:00 INFO : Decompressing waveform using inline_linear
2026-09-08T15:55:05.739+01:00 INFO : Filtering template 344/384 segment 1/5
2026-09-08T15:55:05.779+01:00 INFO : 1 points above threshold
2026-09-08T15:55:05.791+01:00 INFO : Filtering template 344/384 segment 2/5
2026-09-08T15:55:05.828+01:00 INFO : 1 points above threshold
2026-09-08T15:55:05.834+01:00 INFO : Filtering template 344/384 segment 3/5
2026-09-08T15:55:05.871+01:00 INFO : 1 points above threshold
2026-09-08T15:55:05.877+01:00 INFO : Filtering template 344/384 segment 4/5
2026-09-08T15:55:05.914+01:00 INFO : 1 points above threshold
2026-09-08T15:55:05.920+01:00 INFO : Filtering template 344/384 segment 5/5
2026-09-08T15:55:05.957+01:00 INFO : 1 points above threshold
2026-09-08T15:55:05.963+01:00 INFO : 344: generating IMRPhenomD from 30.0 Hz
2026-09-08T15:55:05.966+01:00 INFO : Decompressing waveform using inline_linear
2026-09-08T15:55:05.971+01:00 INFO : Filtering template 345/384 segment 1/5
2026-09-08T15:55:06.011+01:00 INFO : 1 points above threshold
2026-09-08T15:55:06.023+01:00 INFO : Filtering template 345/384 segment 2/5
2026-09-08T15:55:06.060+01:00 INFO : 2 points above threshold
2026-09-08T15:55:06.068+01:00 INFO : Filtering template 345/384 segment 3/5
2026-09-08T15:55:06.104+01:00 INFO : 4 points above threshold
2026-09-08T15:55:06.114+01:00 INFO : Filtering template 345/384 segment 4/5
2026-09-08T15:55:06.151+01:00 INFO : 1 points above threshold
2026-09-08T15:55:06.157+01:00 INFO : Filtering template 345/384 segment 5/5
2026-09-08T15:55:06.194+01:00 INFO : 1 points above threshold
2026-09-08T15:55:06.200+01:00 INFO : 345: generating IMRPhenomD from 30.0 Hz
2026-09-08T15:55:06.202+01:00 INFO : Decompressing waveform using inline_linear
2026-09-08T15:55:06.207+01:00 INFO : Filtering template 346/384 segment 1/5
2026-09-08T15:55:06.247+01:00 INFO : 1 points above threshold
2026-09-08T15:55:06.259+01:00 INFO : Filtering template 346/384 segment 2/5
2026-09-08T15:55:06.296+01:00 INFO : Filtering template 346/384 segment 3/5
2026-09-08T15:55:06.333+01:00 INFO : 1 points above threshold
2026-09-08T15:55:06.339+01:00 INFO : Filtering template 346/384 segment 4/5
2026-09-08T15:55:06.376+01:00 INFO : 3 points above threshold
2026-09-08T15:55:06.386+01:00 INFO : Filtering template 346/384 segment 5/5
2026-09-08T15:55:06.423+01:00 INFO : 1 points above threshold
2026-09-08T15:55:06.432+01:00 INFO : 346: generating IMRPhenomD from 30.0 Hz
2026-09-08T15:55:06.435+01:00 INFO : Decompressing waveform using inline_linear
2026-09-08T15:55:06.440+01:00 INFO : Filtering template 347/384 segment 1/5
2026-09-08T15:55:06.480+01:00 INFO : 2 points above threshold
2026-09-08T15:55:06.494+01:00 INFO : Filtering template 347/384 segment 2/5
2026-09-08T15:55:06.531+01:00 INFO : Filtering template 347/384 segment 3/5
2026-09-08T15:55:06.568+01:00 INFO : 2 points above threshold
2026-09-08T15:55:06.576+01:00 INFO : Filtering template 347/384 segment 4/5
2026-09-08T15:55:06.612+01:00 INFO : 4 points above threshold
2026-09-08T15:55:06.622+01:00 INFO : Filtering template 347/384 segment 5/5
2026-09-08T15:55:06.659+01:00 INFO : 347: generating IMRPhenomD from 30.0 Hz
2026-09-08T15:55:06.662+01:00 INFO : Decompressing waveform using inline_linear
2026-09-08T15:55:06.667+01:00 INFO : Filtering template 348/384 segment 1/5
2026-09-08T15:55:06.707+01:00 INFO : 2 points above threshold
2026-09-08T15:55:06.721+01:00 INFO : Filtering template 348/384 segment 2/5
2026-09-08T15:55:06.758+01:00 INFO : Filtering template 348/384 segment 3/5
2026-09-08T15:55:06.794+01:00 INFO : 3 points above threshold
2026-09-08T15:55:06.804+01:00 INFO : Filtering template 348/384 segment 4/5
2026-09-08T15:55:06.841+01:00 INFO : 4 points above threshold
2026-09-08T15:55:06.851+01:00 INFO : Filtering template 348/384 segment 5/5
2026-09-08T15:55:06.888+01:00 INFO : 348: generating IMRPhenomD from 30.0 Hz
2026-09-08T15:55:06.891+01:00 INFO : Decompressing waveform using inline_linear
2026-09-08T15:55:06.896+01:00 INFO : Filtering template 349/384 segment 1/5
2026-09-08T15:55:06.936+01:00 INFO : 2 points above threshold
2026-09-08T15:55:06.950+01:00 INFO : Filtering template 349/384 segment 2/5
2026-09-08T15:55:06.987+01:00 INFO : 1 points above threshold
2026-09-08T15:55:06.993+01:00 INFO : Filtering template 349/384 segment 3/5
2026-09-08T15:55:07.029+01:00 INFO : Filtering template 349/384 segment 4/5
2026-09-08T15:55:07.066+01:00 INFO : 5 points above threshold
2026-09-08T15:55:07.079+01:00 INFO : Filtering template 349/384 segment 5/5
2026-09-08T15:55:07.116+01:00 INFO : 1 points above threshold
2026-09-08T15:55:07.122+01:00 INFO : 349: generating IMRPhenomD from 30.0 Hz
2026-09-08T15:55:07.125+01:00 INFO : Decompressing waveform using inline_linear
2026-09-08T15:55:07.129+01:00 INFO : Filtering template 350/384 segment 1/5
2026-09-08T15:55:07.170+01:00 INFO : 2 points above threshold
2026-09-08T15:55:07.184+01:00 INFO : Filtering template 350/384 segment 2/5
2026-09-08T15:55:07.220+01:00 INFO : 1 points above threshold
2026-09-08T15:55:07.226+01:00 INFO : Filtering template 350/384 segment 3/5
2026-09-08T15:55:07.264+01:00 INFO : 1 points above threshold
2026-09-08T15:55:07.270+01:00 INFO : Filtering template 350/384 segment 4/5
2026-09-08T15:55:07.306+01:00 INFO : Filtering template 350/384 segment 5/5
2026-09-08T15:55:07.343+01:00 INFO : 5 points above threshold
2026-09-08T15:55:07.356+01:00 INFO : 350: generating IMRPhenomD from 30.0 Hz
2026-09-08T15:55:07.359+01:00 INFO : Decompressing waveform using inline_linear
2026-09-08T15:55:07.364+01:00 INFO : Filtering template 351/384 segment 1/5
2026-09-08T15:55:07.404+01:00 INFO : 1 points above threshold
2026-09-08T15:55:07.416+01:00 INFO : Filtering template 351/384 segment 2/5
2026-09-08T15:55:07.453+01:00 INFO : Filtering template 351/384 segment 3/5
2026-09-08T15:55:07.490+01:00 INFO : Filtering template 351/384 segment 4/5
2026-09-08T15:55:07.527+01:00 INFO : 2 points above threshold
2026-09-08T15:55:07.535+01:00 INFO : Filtering template 351/384 segment 5/5
2026-09-08T15:55:07.572+01:00 INFO : 351: generating IMRPhenomD from 30.0 Hz
2026-09-08T15:55:07.575+01:00 INFO : Decompressing waveform using inline_linear
2026-09-08T15:55:07.580+01:00 INFO : Filtering template 352/384 segment 1/5
2026-09-08T15:55:07.620+01:00 INFO : Filtering template 352/384 segment 2/5
2026-09-08T15:55:07.657+01:00 INFO : Filtering template 352/384 segment 3/5
2026-09-08T15:55:07.694+01:00 INFO : Filtering template 352/384 segment 4/5
2026-09-08T15:55:07.731+01:00 INFO : 1 points above threshold
2026-09-08T15:55:07.743+01:00 INFO : Filtering template 352/384 segment 5/5
2026-09-08T15:55:07.780+01:00 INFO : 1 points above threshold
2026-09-08T15:55:07.786+01:00 INFO : 352: generating IMRPhenomD from 30.0 Hz
2026-09-08T15:55:07.788+01:00 INFO : Decompressing waveform using inline_linear
2026-09-08T15:55:07.793+01:00 INFO : Filtering template 353/384 segment 1/5
2026-09-08T15:55:07.834+01:00 INFO : 1 points above threshold
2026-09-08T15:55:07.846+01:00 INFO : Filtering template 353/384 segment 2/5
2026-09-08T15:55:07.883+01:00 INFO : 2 points above threshold
2026-09-08T15:55:07.890+01:00 INFO : Filtering template 353/384 segment 3/5
2026-09-08T15:55:07.928+01:00 INFO : 2 points above threshold
2026-09-08T15:55:07.935+01:00 INFO : Filtering template 353/384 segment 4/5
2026-09-08T15:55:07.972+01:00 INFO : 1 points above threshold
2026-09-08T15:55:07.978+01:00 INFO : Filtering template 353/384 segment 5/5
2026-09-08T15:55:08.015+01:00 INFO : 353: generating IMRPhenomD from 30.0 Hz
2026-09-08T15:55:08.018+01:00 INFO : Decompressing waveform using inline_linear
2026-09-08T15:55:08.023+01:00 INFO : Filtering template 354/384 segment 1/5
2026-09-08T15:55:08.063+01:00 INFO : 4 points above threshold
2026-09-08T15:55:08.079+01:00 INFO : Filtering template 354/384 segment 2/5
2026-09-08T15:55:08.116+01:00 INFO : 1 points above threshold
2026-09-08T15:55:08.122+01:00 INFO : Filtering template 354/384 segment 3/5
2026-09-08T15:55:08.159+01:00 INFO : Filtering template 354/384 segment 4/5
2026-09-08T15:55:08.196+01:00 INFO : Filtering template 354/384 segment 5/5
2026-09-08T15:55:08.233+01:00 INFO : 1 points above threshold
2026-09-08T15:55:08.239+01:00 INFO : 354: generating IMRPhenomD from 30.0 Hz
2026-09-08T15:55:08.241+01:00 INFO : Decompressing waveform using inline_linear
2026-09-08T15:55:08.246+01:00 INFO : Filtering template 355/384 segment 1/5
2026-09-08T15:55:08.287+01:00 INFO : Filtering template 355/384 segment 2/5
2026-09-08T15:55:08.324+01:00 INFO : Filtering template 355/384 segment 3/5
2026-09-08T15:55:08.361+01:00 INFO : 1 points above threshold
2026-09-08T15:55:08.373+01:00 INFO : Filtering template 355/384 segment 4/5
2026-09-08T15:55:08.410+01:00 INFO : Filtering template 355/384 segment 5/5
2026-09-08T15:55:08.447+01:00 INFO : 2 points above threshold
2026-09-08T15:55:08.455+01:00 INFO : 355: generating IMRPhenomD from 30.0 Hz
2026-09-08T15:55:08.457+01:00 INFO : Decompressing waveform using inline_linear
2026-09-08T15:55:08.462+01:00 INFO : Filtering template 356/384 segment 1/5
2026-09-08T15:55:08.503+01:00 INFO : 1 points above threshold
2026-09-08T15:55:08.515+01:00 INFO : Filtering template 356/384 segment 2/5
2026-09-08T15:55:08.552+01:00 INFO : 2 points above threshold
2026-09-08T15:55:08.559+01:00 INFO : Filtering template 356/384 segment 3/5
2026-09-08T15:55:08.596+01:00 INFO : 2 points above threshold
2026-09-08T15:55:08.604+01:00 INFO : Filtering template 356/384 segment 4/5
2026-09-08T15:55:08.641+01:00 INFO : 2 points above threshold
2026-09-08T15:55:08.649+01:00 INFO : Filtering template 356/384 segment 5/5
2026-09-08T15:55:08.686+01:00 INFO : 1 points above threshold
2026-09-08T15:55:08.692+01:00 INFO : 356: generating IMRPhenomD from 30.0 Hz
2026-09-08T15:55:08.695+01:00 INFO : Decompressing waveform using inline_linear
2026-09-08T15:55:08.700+01:00 INFO : Filtering template 357/384 segment 1/5
2026-09-08T15:55:08.740+01:00 INFO : 2 points above threshold
2026-09-08T15:55:08.754+01:00 INFO : Filtering template 357/384 segment 2/5
2026-09-08T15:55:08.791+01:00 INFO : Filtering template 357/384 segment 3/5
2026-09-08T15:55:08.828+01:00 INFO : 4 points above threshold
2026-09-08T15:55:08.837+01:00 INFO : Filtering template 357/384 segment 4/5
2026-09-08T15:55:08.874+01:00 INFO : 1 points above threshold
2026-09-08T15:55:08.880+01:00 INFO : Filtering template 357/384 segment 5/5
2026-09-08T15:55:08.918+01:00 INFO : 357: generating IMRPhenomD from 30.0 Hz
2026-09-08T15:55:08.920+01:00 INFO : Decompressing waveform using inline_linear
2026-09-08T15:55:08.925+01:00 INFO : Filtering template 358/384 segment 1/5
2026-09-08T15:55:08.966+01:00 INFO : 2 points above threshold
2026-09-08T15:55:08.980+01:00 INFO : Filtering template 358/384 segment 2/5
2026-09-08T15:55:09.017+01:00 INFO : 2 points above threshold
2026-09-08T15:55:09.024+01:00 INFO : Filtering template 358/384 segment 3/5
2026-09-08T15:55:09.062+01:00 INFO : Filtering template 358/384 segment 4/5
2026-09-08T15:55:09.099+01:00 INFO : 1 points above threshold
2026-09-08T15:55:09.104+01:00 INFO : Filtering template 358/384 segment 5/5
2026-09-08T15:55:09.142+01:00 INFO : 358: generating IMRPhenomD from 30.0 Hz
2026-09-08T15:55:09.144+01:00 INFO : Decompressing waveform using inline_linear
2026-09-08T15:55:09.149+01:00 INFO : Filtering template 359/384 segment 1/5
2026-09-08T15:55:09.190+01:00 INFO : 2 points above threshold
2026-09-08T15:55:09.204+01:00 INFO : Filtering template 359/384 segment 2/5
2026-09-08T15:55:09.241+01:00 INFO : 2 points above threshold
2026-09-08T15:55:09.248+01:00 INFO : Filtering template 359/384 segment 3/5
2026-09-08T15:55:09.285+01:00 INFO : Filtering template 359/384 segment 4/5
2026-09-08T15:55:09.323+01:00 INFO : 1 points above threshold
2026-09-08T15:55:09.328+01:00 INFO : Filtering template 359/384 segment 5/5
2026-09-08T15:55:09.365+01:00 INFO : 2 points above threshold
2026-09-08T15:55:09.374+01:00 INFO : 359: generating IMRPhenomD from 30.0 Hz
2026-09-08T15:55:09.376+01:00 INFO : Decompressing waveform using inline_linear
2026-09-08T15:55:09.381+01:00 INFO : Filtering template 360/384 segment 1/5
2026-09-08T15:55:09.422+01:00 INFO : Filtering template 360/384 segment 2/5
2026-09-08T15:55:09.459+01:00 INFO : Filtering template 360/384 segment 3/5
2026-09-08T15:55:09.496+01:00 INFO : 2 points above threshold
2026-09-08T15:55:09.510+01:00 INFO : Filtering template 360/384 segment 4/5
2026-09-08T15:55:09.570+01:00 INFO : Filtering template 360/384 segment 5/5
2026-09-08T15:55:09.607+01:00 INFO : 2 points above threshold
2026-09-08T15:55:09.615+01:00 INFO : 360: generating IMRPhenomD from 30.0 Hz
2026-09-08T15:55:09.618+01:00 INFO : Decompressing waveform using inline_linear
2026-09-08T15:55:09.623+01:00 INFO : Filtering template 361/384 segment 1/5
2026-09-08T15:55:09.663+01:00 INFO : 1 points above threshold
2026-09-08T15:55:09.675+01:00 INFO : Filtering template 361/384 segment 2/5
2026-09-08T15:55:09.712+01:00 INFO : 1 points above threshold
2026-09-08T15:55:09.718+01:00 INFO : Filtering template 361/384 segment 3/5
2026-09-08T15:55:09.755+01:00 INFO : 1 points above threshold
2026-09-08T15:55:09.761+01:00 INFO : Filtering template 361/384 segment 4/5
2026-09-08T15:55:09.798+01:00 INFO : 1 points above threshold
2026-09-08T15:55:09.804+01:00 INFO : Filtering template 361/384 segment 5/5
2026-09-08T15:55:09.841+01:00 INFO : 361: generating IMRPhenomD from 30.0 Hz
2026-09-08T15:55:09.844+01:00 INFO : Decompressing waveform using inline_linear
2026-09-08T15:55:09.849+01:00 INFO : Filtering template 362/384 segment 1/5
2026-09-08T15:55:09.889+01:00 INFO : 1 points above threshold
2026-09-08T15:55:09.902+01:00 INFO : Filtering template 362/384 segment 2/5
2026-09-08T15:55:09.938+01:00 INFO : 2 points above threshold
2026-09-08T15:55:09.946+01:00 INFO : Filtering template 362/384 segment 3/5
2026-09-08T15:55:09.983+01:00 INFO : 1 points above threshold
2026-09-08T15:55:09.989+01:00 INFO : Filtering template 362/384 segment 4/5
2026-09-08T15:55:10.026+01:00 INFO : Filtering template 362/384 segment 5/5
2026-09-08T15:55:10.064+01:00 INFO : 1 points above threshold
2026-09-08T15:55:10.070+01:00 INFO : 362: generating IMRPhenomD from 30.0 Hz
2026-09-08T15:55:10.072+01:00 INFO : Decompressing waveform using inline_linear
2026-09-08T15:55:10.077+01:00 INFO : Filtering template 363/384 segment 1/5
2026-09-08T15:55:10.118+01:00 INFO : 3 points above threshold
2026-09-08T15:55:10.134+01:00 INFO : Filtering template 363/384 segment 2/5
2026-09-08T15:55:10.171+01:00 INFO : Filtering template 363/384 segment 3/5
2026-09-08T15:55:10.208+01:00 INFO : 1 points above threshold
2026-09-08T15:55:10.214+01:00 INFO : Filtering template 363/384 segment 4/5
2026-09-08T15:55:10.251+01:00 INFO : 1 points above threshold
2026-09-08T15:55:10.257+01:00 INFO : Filtering template 363/384 segment 5/5
2026-09-08T15:55:10.294+01:00 INFO : 1 points above threshold
2026-09-08T15:55:10.300+01:00 INFO : 363: generating IMRPhenomD from 30.0 Hz
2026-09-08T15:55:10.303+01:00 INFO : Decompressing waveform using inline_linear
2026-09-08T15:55:10.308+01:00 INFO : Filtering template 364/384 segment 1/5
2026-09-08T15:55:10.348+01:00 INFO : Filtering template 364/384 segment 2/5
2026-09-08T15:55:10.385+01:00 INFO : 1 points above threshold
2026-09-08T15:55:10.397+01:00 INFO : Filtering template 364/384 segment 3/5
2026-09-08T15:55:10.434+01:00 INFO : Filtering template 364/384 segment 4/5
2026-09-08T15:55:10.471+01:00 INFO : 2 points above threshold
2026-09-08T15:55:10.479+01:00 INFO : Filtering template 364/384 segment 5/5
2026-09-08T15:55:10.516+01:00 INFO : 1 points above threshold
2026-09-08T15:55:10.522+01:00 INFO : 364: generating IMRPhenomD from 30.0 Hz
2026-09-08T15:55:10.525+01:00 INFO : Decompressing waveform using inline_linear
2026-09-08T15:55:10.529+01:00 INFO : Filtering template 365/384 segment 1/5
2026-09-08T15:55:10.570+01:00 INFO : Filtering template 365/384 segment 2/5
2026-09-08T15:55:10.607+01:00 INFO : 2 points above threshold
2026-09-08T15:55:10.621+01:00 INFO : Filtering template 365/384 segment 3/5
2026-09-08T15:55:10.658+01:00 INFO : Filtering template 365/384 segment 4/5
2026-09-08T15:55:10.696+01:00 INFO : 2 points above threshold
2026-09-08T15:55:10.704+01:00 INFO : Filtering template 365/384 segment 5/5
2026-09-08T15:55:10.743+01:00 INFO : 1 points above threshold
2026-09-08T15:55:10.750+01:00 INFO : 365: generating IMRPhenomD from 30.0 Hz
2026-09-08T15:55:10.752+01:00 INFO : Decompressing waveform using inline_linear
2026-09-08T15:55:10.757+01:00 INFO : Filtering template 366/384 segment 1/5
2026-09-08T15:55:10.801+01:00 INFO : 1 points above threshold
2026-09-08T15:55:10.812+01:00 INFO : Filtering template 366/384 segment 2/5
2026-09-08T15:55:10.849+01:00 INFO : 1 points above threshold
2026-09-08T15:55:10.855+01:00 INFO : Filtering template 366/384 segment 3/5
2026-09-08T15:55:10.892+01:00 INFO : 1 points above threshold
2026-09-08T15:55:10.898+01:00 INFO : Filtering template 366/384 segment 4/5
2026-09-08T15:55:10.935+01:00 INFO : 2 points above threshold
2026-09-08T15:55:10.943+01:00 INFO : Filtering template 366/384 segment 5/5
2026-09-08T15:55:10.980+01:00 INFO : 366: generating IMRPhenomD from 30.0 Hz
2026-09-08T15:55:10.983+01:00 INFO : Decompressing waveform using inline_linear
2026-09-08T15:55:10.988+01:00 INFO : Filtering template 367/384 segment 1/5
2026-09-08T15:55:11.028+01:00 INFO : 2 points above threshold
2026-09-08T15:55:11.042+01:00 INFO : Filtering template 367/384 segment 2/5
2026-09-08T15:55:11.079+01:00 INFO : Filtering template 367/384 segment 3/5
2026-09-08T15:55:11.116+01:00 INFO : Filtering template 367/384 segment 4/5
2026-09-08T15:55:11.153+01:00 INFO : 1 points above threshold
2026-09-08T15:55:11.159+01:00 INFO : Filtering template 367/384 segment 5/5
2026-09-08T15:55:11.195+01:00 INFO : 3 points above threshold
2026-09-08T15:55:11.206+01:00 INFO : 367: generating IMRPhenomD from 30.0 Hz
2026-09-08T15:55:11.208+01:00 INFO : Decompressing waveform using inline_linear
2026-09-08T15:55:11.213+01:00 INFO : Filtering template 368/384 segment 1/5
2026-09-08T15:55:11.253+01:00 INFO : 2 points above threshold
2026-09-08T15:55:11.267+01:00 INFO : Filtering template 368/384 segment 2/5
2026-09-08T15:55:11.304+01:00 INFO : Filtering template 368/384 segment 3/5
2026-09-08T15:55:11.341+01:00 INFO : Filtering template 368/384 segment 4/5
2026-09-08T15:55:11.378+01:00 INFO : 1 points above threshold
2026-09-08T15:55:11.384+01:00 INFO : Filtering template 368/384 segment 5/5
2026-09-08T15:55:11.421+01:00 INFO : 368: generating IMRPhenomD from 30.0 Hz
2026-09-08T15:55:11.423+01:00 INFO : Decompressing waveform using inline_linear
2026-09-08T15:55:11.428+01:00 INFO : Filtering template 369/384 segment 1/5
2026-09-08T15:55:11.469+01:00 INFO : 1 points above threshold
2026-09-08T15:55:11.481+01:00 INFO : Filtering template 369/384 segment 2/5
2026-09-08T15:55:11.518+01:00 INFO : Filtering template 369/384 segment 3/5
2026-09-08T15:55:11.555+01:00 INFO : 1 points above threshold
2026-09-08T15:55:11.561+01:00 INFO : Filtering template 369/384 segment 4/5
2026-09-08T15:55:11.598+01:00 INFO : 2 points above threshold
2026-09-08T15:55:11.605+01:00 INFO : Filtering template 369/384 segment 5/5
2026-09-08T15:55:11.642+01:00 INFO : 2 points above threshold
2026-09-08T15:55:11.650+01:00 INFO : 369: generating IMRPhenomD from 30.0 Hz
2026-09-08T15:55:11.653+01:00 INFO : Decompressing waveform using inline_linear
2026-09-08T15:55:11.658+01:00 INFO : Filtering template 370/384 segment 1/5
2026-09-08T15:55:11.698+01:00 INFO : Filtering template 370/384 segment 2/5
2026-09-08T15:55:11.735+01:00 INFO : 2 points above threshold
2026-09-08T15:55:11.749+01:00 INFO : Filtering template 370/384 segment 3/5
2026-09-08T15:55:11.786+01:00 INFO : 2 points above threshold
2026-09-08T15:55:11.794+01:00 INFO : Filtering template 370/384 segment 4/5
2026-09-08T15:55:11.831+01:00 INFO : 2 points above threshold
2026-09-08T15:55:11.839+01:00 INFO : Filtering template 370/384 segment 5/5
2026-09-08T15:55:11.876+01:00 INFO : 370: generating IMRPhenomD from 30.0 Hz
2026-09-08T15:55:11.879+01:00 INFO : Decompressing waveform using inline_linear
2026-09-08T15:55:11.884+01:00 INFO : Filtering template 371/384 segment 1/5
2026-09-08T15:55:11.924+01:00 INFO : 1 points above threshold
2026-09-08T15:55:11.936+01:00 INFO : Filtering template 371/384 segment 2/5
2026-09-08T15:55:11.973+01:00 INFO : Filtering template 371/384 segment 3/5
2026-09-08T15:55:12.010+01:00 INFO : 1 points above threshold
2026-09-08T15:55:12.016+01:00 INFO : Filtering template 371/384 segment 4/5
2026-09-08T15:55:12.053+01:00 INFO : Filtering template 371/384 segment 5/5
2026-09-08T15:55:12.090+01:00 INFO : 1 points above threshold
2026-09-08T15:55:12.096+01:00 INFO : 371: generating IMRPhenomD from 30.0 Hz
2026-09-08T15:55:12.098+01:00 INFO : Decompressing waveform using inline_linear
2026-09-08T15:55:12.103+01:00 INFO : Filtering template 372/384 segment 1/5
2026-09-08T15:55:12.143+01:00 INFO : 1 points above threshold
2026-09-08T15:55:12.155+01:00 INFO : Filtering template 372/384 segment 2/5
2026-09-08T15:55:12.192+01:00 INFO : 3 points above threshold
2026-09-08T15:55:12.202+01:00 INFO : Filtering template 372/384 segment 3/5
2026-09-08T15:55:12.239+01:00 INFO : 1 points above threshold
2026-09-08T15:55:12.245+01:00 INFO : Filtering template 372/384 segment 4/5
2026-09-08T15:55:12.282+01:00 INFO : Filtering template 372/384 segment 5/5
2026-09-08T15:55:12.320+01:00 INFO : 372: generating IMRPhenomD from 30.0 Hz
2026-09-08T15:55:12.322+01:00 INFO : Decompressing waveform using inline_linear
2026-09-08T15:55:12.327+01:00 INFO : Filtering template 373/384 segment 1/5
2026-09-08T15:55:12.368+01:00 INFO : 3 points above threshold
2026-09-08T15:55:12.384+01:00 INFO : Filtering template 373/384 segment 2/5
2026-09-08T15:55:12.421+01:00 INFO : 1 points above threshold
2026-09-08T15:55:12.427+01:00 INFO : Filtering template 373/384 segment 3/5
2026-09-08T15:55:12.464+01:00 INFO : 2 points above threshold
2026-09-08T15:55:12.471+01:00 INFO : Filtering template 373/384 segment 4/5
2026-09-08T15:55:12.509+01:00 INFO : Filtering template 373/384 segment 5/5
2026-09-08T15:55:12.546+01:00 INFO : 1 points above threshold
2026-09-08T15:55:12.552+01:00 INFO : 373: generating IMRPhenomD from 30.0 Hz
2026-09-08T15:55:12.554+01:00 INFO : Decompressing waveform using inline_linear
2026-09-08T15:55:12.559+01:00 INFO : Filtering template 374/384 segment 1/5
2026-09-08T15:55:12.600+01:00 INFO : Filtering template 374/384 segment 2/5
2026-09-08T15:55:12.637+01:00 INFO : Filtering template 374/384 segment 3/5
2026-09-08T15:55:12.674+01:00 INFO : 2 points above threshold
2026-09-08T15:55:12.688+01:00 INFO : Filtering template 374/384 segment 4/5
2026-09-08T15:55:12.725+01:00 INFO : Filtering template 374/384 segment 5/5
2026-09-08T15:55:12.763+01:00 INFO : 1 points above threshold
2026-09-08T15:55:12.769+01:00 INFO : 374: generating IMRPhenomD from 30.0 Hz
2026-09-08T15:55:12.771+01:00 INFO : Decompressing waveform using inline_linear
2026-09-08T15:55:12.776+01:00 INFO : Filtering template 375/384 segment 1/5
2026-09-08T15:55:12.817+01:00 INFO : 1 points above threshold
2026-09-08T15:55:12.829+01:00 INFO : Filtering template 375/384 segment 2/5
2026-09-08T15:55:12.866+01:00 INFO : Filtering template 375/384 segment 3/5
2026-09-08T15:55:12.903+01:00 INFO : 1 points above threshold
2026-09-08T15:55:12.909+01:00 INFO : Filtering template 375/384 segment 4/5
2026-09-08T15:55:12.946+01:00 INFO : 3 points above threshold
2026-09-08T15:55:12.956+01:00 INFO : Filtering template 375/384 segment 5/5
2026-09-08T15:55:12.993+01:00 INFO : 1 points above threshold
2026-09-08T15:55:12.999+01:00 INFO : 375: generating IMRPhenomD from 30.0 Hz
2026-09-08T15:55:13.002+01:00 INFO : Decompressing waveform using inline_linear
2026-09-08T15:55:13.007+01:00 INFO : Filtering template 376/384 segment 1/5
2026-09-08T15:55:13.047+01:00 INFO : Filtering template 376/384 segment 2/5
2026-09-08T15:55:13.084+01:00 INFO : Filtering template 376/384 segment 3/5
2026-09-08T15:55:13.122+01:00 INFO : Filtering template 376/384 segment 4/5
2026-09-08T15:55:13.159+01:00 INFO : 1 points above threshold
2026-09-08T15:55:13.171+01:00 INFO : Filtering template 376/384 segment 5/5
2026-09-08T15:55:13.208+01:00 INFO : 1 points above threshold
2026-09-08T15:55:13.214+01:00 INFO : 376: generating IMRPhenomD from 30.0 Hz
2026-09-08T15:55:13.217+01:00 INFO : Decompressing waveform using inline_linear
2026-09-08T15:55:13.222+01:00 INFO : Filtering template 377/384 segment 1/5
2026-09-08T15:55:13.263+01:00 INFO : 2 points above threshold
2026-09-08T15:55:13.277+01:00 INFO : Filtering template 377/384 segment 2/5
2026-09-08T15:55:13.314+01:00 INFO : Filtering template 377/384 segment 3/5
2026-09-08T15:55:13.351+01:00 INFO : 1 points above threshold
2026-09-08T15:55:13.358+01:00 INFO : Filtering template 377/384 segment 4/5
2026-09-08T15:55:13.395+01:00 INFO : 2 points above threshold
2026-09-08T15:55:13.403+01:00 INFO : Filtering template 377/384 segment 5/5
2026-09-08T15:55:13.440+01:00 INFO : 377: generating IMRPhenomD from 30.0 Hz
2026-09-08T15:55:13.443+01:00 INFO : Decompressing waveform using inline_linear
2026-09-08T15:55:13.448+01:00 INFO : Filtering template 378/384 segment 1/5
2026-09-08T15:55:13.489+01:00 INFO : 3 points above threshold
2026-09-08T15:55:13.505+01:00 INFO : Filtering template 378/384 segment 2/5
2026-09-08T15:55:13.542+01:00 INFO : 3 points above threshold
2026-09-08T15:55:13.552+01:00 INFO : Filtering template 378/384 segment 3/5
2026-09-08T15:55:13.589+01:00 INFO : Filtering template 378/384 segment 4/5
2026-09-08T15:55:13.626+01:00 INFO : Filtering template 378/384 segment 5/5
2026-09-08T15:55:13.663+01:00 INFO : 1 points above threshold
2026-09-08T15:55:13.670+01:00 INFO : 378: generating IMRPhenomD from 30.0 Hz
2026-09-08T15:55:13.672+01:00 INFO : Decompressing waveform using inline_linear
2026-09-08T15:55:13.677+01:00 INFO : Filtering template 379/384 segment 1/5
2026-09-08T15:55:13.718+01:00 INFO : 2 points above threshold
2026-09-08T15:55:13.732+01:00 INFO : Filtering template 379/384 segment 2/5
2026-09-08T15:55:13.769+01:00 INFO : Filtering template 379/384 segment 3/5
2026-09-08T15:55:13.806+01:00 INFO : 1 points above threshold
2026-09-08T15:55:13.812+01:00 INFO : Filtering template 379/384 segment 4/5
2026-09-08T15:55:13.849+01:00 INFO : 2 points above threshold
2026-09-08T15:55:13.857+01:00 INFO : Filtering template 379/384 segment 5/5
2026-09-08T15:55:13.895+01:00 INFO : 1 points above threshold
2026-09-08T15:55:13.901+01:00 INFO : 379: generating IMRPhenomD from 30.0 Hz
2026-09-08T15:55:13.904+01:00 INFO : Decompressing waveform using inline_linear
2026-09-08T15:55:13.909+01:00 INFO : Filtering template 380/384 segment 1/5
2026-09-08T15:55:13.949+01:00 INFO : Filtering template 380/384 segment 2/5
2026-09-08T15:55:13.987+01:00 INFO : 1 points above threshold
2026-09-08T15:55:13.999+01:00 INFO : Filtering template 380/384 segment 3/5
2026-09-08T15:55:14.036+01:00 INFO : 1 points above threshold
2026-09-08T15:55:14.042+01:00 INFO : Filtering template 380/384 segment 4/5
2026-09-08T15:55:14.079+01:00 INFO : 1 points above threshold
2026-09-08T15:55:14.085+01:00 INFO : Filtering template 380/384 segment 5/5
2026-09-08T15:55:14.122+01:00 INFO : 1 points above threshold
2026-09-08T15:55:14.129+01:00 INFO : 380: generating IMRPhenomD from 30.0 Hz
2026-09-08T15:55:14.131+01:00 INFO : Decompressing waveform using inline_linear
2026-09-08T15:55:14.136+01:00 INFO : Filtering template 381/384 segment 1/5
2026-09-08T15:55:14.177+01:00 INFO : 3 points above threshold
2026-09-08T15:55:14.193+01:00 INFO : Filtering template 381/384 segment 2/5
2026-09-08T15:55:14.231+01:00 INFO : 1 points above threshold
2026-09-08T15:55:14.237+01:00 INFO : Filtering template 381/384 segment 3/5
2026-09-08T15:55:14.274+01:00 INFO : 1 points above threshold
2026-09-08T15:55:14.280+01:00 INFO : Filtering template 381/384 segment 4/5
2026-09-08T15:55:14.317+01:00 INFO : Filtering template 381/384 segment 5/5
2026-09-08T15:55:14.354+01:00 INFO : 2 points above threshold
2026-09-08T15:55:14.362+01:00 INFO : 381: generating IMRPhenomD from 30.0 Hz
2026-09-08T15:55:14.365+01:00 INFO : Decompressing waveform using inline_linear
2026-09-08T15:55:14.370+01:00 INFO : Filtering template 382/384 segment 1/5
2026-09-08T15:55:14.410+01:00 INFO : 4 points above threshold
2026-09-08T15:55:14.426+01:00 INFO : Filtering template 382/384 segment 2/5
2026-09-08T15:55:14.463+01:00 INFO : Filtering template 382/384 segment 3/5
2026-09-08T15:55:14.500+01:00 INFO : 3 points above threshold
2026-09-08T15:55:14.510+01:00 INFO : Filtering template 382/384 segment 4/5
2026-09-08T15:55:14.547+01:00 INFO : 1 points above threshold
2026-09-08T15:55:14.553+01:00 INFO : Filtering template 382/384 segment 5/5
2026-09-08T15:55:14.590+01:00 INFO : 3 points above threshold
2026-09-08T15:55:14.600+01:00 INFO : 382: generating IMRPhenomD from 30.0 Hz
2026-09-08T15:55:14.603+01:00 INFO : Decompressing waveform using inline_linear
2026-09-08T15:55:14.608+01:00 INFO : Filtering template 383/384 segment 1/5
2026-09-08T15:55:14.648+01:00 INFO : 1 points above threshold
2026-09-08T15:55:14.661+01:00 INFO : Filtering template 383/384 segment 2/5
2026-09-08T15:55:14.698+01:00 INFO : 2 points above threshold
2026-09-08T15:55:14.706+01:00 INFO : Filtering template 383/384 segment 3/5
2026-09-08T15:55:14.743+01:00 INFO : Filtering template 383/384 segment 4/5
2026-09-08T15:55:14.780+01:00 INFO : 2 points above threshold
2026-09-08T15:55:14.788+01:00 INFO : Filtering template 383/384 segment 5/5
2026-09-08T15:55:14.825+01:00 INFO : 3 points above threshold
2026-09-08T15:55:14.835+01:00 INFO : 383: generating IMRPhenomD from 30.0 Hz
2026-09-08T15:55:14.838+01:00 INFO : Decompressing waveform using inline_linear
2026-09-08T15:55:14.843+01:00 INFO : Filtering template 384/384 segment 1/5
2026-09-08T15:55:14.883+01:00 INFO : 3 points above threshold
2026-09-08T15:55:14.899+01:00 INFO : Filtering template 384/384 segment 2/5
2026-09-08T15:55:14.936+01:00 INFO : Filtering template 384/384 segment 3/5
2026-09-08T15:55:14.973+01:00 INFO : 2 points above threshold
2026-09-08T15:55:14.981+01:00 INFO : Filtering template 384/384 segment 4/5
2026-09-08T15:55:15.018+01:00 INFO : Filtering template 384/384 segment 5/5
2026-09-08T15:55:15.055+01:00 INFO : 2 points above threshold
2026-09-08T15:55:15.063+01:00 INFO : We currently have 2205 triggers
2026-09-08T15:55:15.063+01:00 INFO : Removing triggers with NewSNR below threshold
2026-09-08T15:55:15.064+01:00 INFO : 1991 remaining triggers
2026-09-08T15:55:15.064+01:00 INFO : Outputting 1991 triggers
2026-09-08T15:55:15.064+01:00 INFO : Writing out triggers
2026-09-08T15:55:15.081+01:00 INFO : Finished
