2026-09-07T04:29:16.730+01:00 INFO : Running with CPU support: 1 threads
2026-09-07T04:29:16.730+01:00 INFO : Reading Frames
2026-09-07T04:29:23.524+01:00 INFO : Highpass Filtering
2026-09-07T04:29:23.988+01:00 INFO : Resampling data
2026-09-07T04:29:24.000+01:00 INFO : Converting to float32
/home/xangma/pycbc-torch-inspiral-reference-20260906/source-v6/pycbc/types/array.py:872: RuntimeWarning: divide by zero encountered in divide
  return self._data.__rtruediv__(other)
2026-09-07T04:29:29.218+01:00 INFO : Highpass Filtering
2026-09-07T04:29:29.671+01:00 INFO : Remove Padding
2026-09-07T04:29:29.700+01:00 INFO : Making frequency-domain data segments
2026-09-07T04:29:32.269+01:00 INFO : Overwhitening frequency-domain data segments
2026-09-07T04:29:32.290+01:00 INFO : Read in template bank
2026-09-07T04:29:32.301+01:00 INFO : Full template bank size: 384
2026-09-07T04:29:32.301+01:00 INFO : Template bank size after thinning: 384
2026-09-07T04:29:32.301+01:00 INFO : 0: generating IMRPhenomD from 30.0 Hz
2026-09-07T04:29:32.304+01:00 INFO : Decompressing waveform using inline_linear
2026-09-07T04:29:32.310+01:00 INFO : Filtering template 1/384 segment 1/5
2026-09-07T04:29:32.354+01:00 INFO : 1 points above threshold
2026-09-07T04:29:32.376+01:00 INFO : Filtering template 1/384 segment 2/5
2026-09-07T04:29:32.395+01:00 INFO : Filtering template 1/384 segment 3/5
2026-09-07T04:29:32.413+01:00 INFO : 1 points above threshold
2026-09-07T04:29:32.418+01:00 INFO : Filtering template 1/384 segment 4/5
2026-09-07T04:29:32.436+01:00 INFO : Filtering template 1/384 segment 5/5
2026-09-07T04:29:32.454+01:00 INFO : 1 points above threshold
2026-09-07T04:29:32.460+01:00 INFO : 1: generating IMRPhenomD from 30.0 Hz
2026-09-07T04:29:32.463+01:00 INFO : Decompressing waveform using inline_linear
2026-09-07T04:29:32.468+01:00 INFO : Filtering template 2/384 segment 1/5
2026-09-07T04:29:32.488+01:00 INFO : 1 points above threshold
2026-09-07T04:29:32.508+01:00 INFO : Filtering template 2/384 segment 2/5
2026-09-07T04:29:32.526+01:00 INFO : 1 points above threshold
2026-09-07T04:29:32.531+01:00 INFO : Filtering template 2/384 segment 3/5
2026-09-07T04:29:32.550+01:00 INFO : 2 points above threshold
2026-09-07T04:29:32.557+01:00 INFO : Filtering template 2/384 segment 4/5
2026-09-07T04:29:32.575+01:00 INFO : Filtering template 2/384 segment 5/5
2026-09-07T04:29:32.593+01:00 INFO : 1 points above threshold
2026-09-07T04:29:32.598+01:00 INFO : 2: generating IMRPhenomD from 30.0 Hz
2026-09-07T04:29:32.601+01:00 INFO : Decompressing waveform using inline_linear
2026-09-07T04:29:32.606+01:00 INFO : Filtering template 3/384 segment 1/5
2026-09-07T04:29:32.627+01:00 INFO : 3 points above threshold
2026-09-07T04:29:32.646+01:00 INFO : Filtering template 3/384 segment 2/5
2026-09-07T04:29:32.664+01:00 INFO : Filtering template 3/384 segment 3/5
2026-09-07T04:29:32.682+01:00 INFO : 1 points above threshold
2026-09-07T04:29:32.687+01:00 INFO : Filtering template 3/384 segment 4/5
2026-09-07T04:29:32.706+01:00 INFO : 1 points above threshold
2026-09-07T04:29:32.711+01:00 INFO : Filtering template 3/384 segment 5/5
2026-09-07T04:29:32.729+01:00 INFO : 3: generating IMRPhenomD from 30.0 Hz
2026-09-07T04:29:32.732+01:00 INFO : Decompressing waveform using inline_linear
2026-09-07T04:29:32.737+01:00 INFO : Filtering template 4/384 segment 1/5
2026-09-07T04:29:32.757+01:00 INFO : 1 points above threshold
2026-09-07T04:29:32.772+01:00 INFO : Filtering template 4/384 segment 2/5
2026-09-07T04:29:32.791+01:00 INFO : 1 points above threshold
2026-09-07T04:29:32.796+01:00 INFO : Filtering template 4/384 segment 3/5
2026-09-07T04:29:32.814+01:00 INFO : 2 points above threshold
2026-09-07T04:29:32.821+01:00 INFO : Filtering template 4/384 segment 4/5
2026-09-07T04:29:32.839+01:00 INFO : 2 points above threshold
2026-09-07T04:29:32.846+01:00 INFO : Filtering template 4/384 segment 5/5
2026-09-07T04:29:32.864+01:00 INFO : 2 points above threshold
2026-09-07T04:29:32.872+01:00 INFO : 4: generating IMRPhenomD from 30.0 Hz
2026-09-07T04:29:32.874+01:00 INFO : Decompressing waveform using inline_linear
2026-09-07T04:29:32.879+01:00 INFO : Filtering template 5/384 segment 1/5
2026-09-07T04:29:32.900+01:00 INFO : 1 points above threshold
2026-09-07T04:29:32.915+01:00 INFO : Filtering template 5/384 segment 2/5
2026-09-07T04:29:32.934+01:00 INFO : 2 points above threshold
2026-09-07T04:29:32.941+01:00 INFO : Filtering template 5/384 segment 3/5
2026-09-07T04:29:32.959+01:00 INFO : 2 points above threshold
2026-09-07T04:29:32.966+01:00 INFO : Filtering template 5/384 segment 4/5
2026-09-07T04:29:32.983+01:00 INFO : 2 points above threshold
2026-09-07T04:29:32.991+01:00 INFO : Filtering template 5/384 segment 5/5
2026-09-07T04:29:33.009+01:00 INFO : 5: generating IMRPhenomD from 30.0 Hz
2026-09-07T04:29:33.012+01:00 INFO : Decompressing waveform using inline_linear
2026-09-07T04:29:33.017+01:00 INFO : Filtering template 6/384 segment 1/5
2026-09-07T04:29:33.037+01:00 INFO : 1 points above threshold
2026-09-07T04:29:33.053+01:00 INFO : Filtering template 6/384 segment 2/5
2026-09-07T04:29:33.071+01:00 INFO : Filtering template 6/384 segment 3/5
2026-09-07T04:29:33.089+01:00 INFO : Filtering template 6/384 segment 4/5
2026-09-07T04:29:33.107+01:00 INFO : Filtering template 6/384 segment 5/5
2026-09-07T04:29:33.125+01:00 INFO : 1 points above threshold
2026-09-07T04:29:33.130+01:00 INFO : 6: generating IMRPhenomD from 30.0 Hz
2026-09-07T04:29:33.133+01:00 INFO : Decompressing waveform using inline_linear
2026-09-07T04:29:33.138+01:00 INFO : Filtering template 7/384 segment 1/5
2026-09-07T04:29:33.158+01:00 INFO : 2 points above threshold
2026-09-07T04:29:33.176+01:00 INFO : Filtering template 7/384 segment 2/5
2026-09-07T04:29:33.194+01:00 INFO : Filtering template 7/384 segment 3/5
2026-09-07T04:29:33.212+01:00 INFO : Filtering template 7/384 segment 4/5
2026-09-07T04:29:33.230+01:00 INFO : 1 points above threshold
2026-09-07T04:29:33.235+01:00 INFO : Filtering template 7/384 segment 5/5
2026-09-07T04:29:33.254+01:00 INFO : 7: generating IMRPhenomD from 30.0 Hz
2026-09-07T04:29:33.257+01:00 INFO : Decompressing waveform using inline_linear
2026-09-07T04:29:33.262+01:00 INFO : Filtering template 8/384 segment 1/5
2026-09-07T04:29:33.282+01:00 INFO : 2 points above threshold
2026-09-07T04:29:33.299+01:00 INFO : Filtering template 8/384 segment 2/5
2026-09-07T04:29:33.317+01:00 INFO : 1 points above threshold
2026-09-07T04:29:33.322+01:00 INFO : Filtering template 8/384 segment 3/5
2026-09-07T04:29:33.341+01:00 INFO : 4 points above threshold
2026-09-07T04:29:33.349+01:00 INFO : Filtering template 8/384 segment 4/5
2026-09-07T04:29:33.367+01:00 INFO : Filtering template 8/384 segment 5/5
2026-09-07T04:29:33.386+01:00 INFO : 8: generating IMRPhenomD from 30.0 Hz
2026-09-07T04:29:33.388+01:00 INFO : Decompressing waveform using inline_linear
2026-09-07T04:29:33.393+01:00 INFO : Filtering template 9/384 segment 1/5
2026-09-07T04:29:33.414+01:00 INFO : Filtering template 9/384 segment 2/5
2026-09-07T04:29:33.432+01:00 INFO : 1 points above threshold
2026-09-07T04:29:33.447+01:00 INFO : Filtering template 9/384 segment 3/5
2026-09-07T04:29:33.465+01:00 INFO : 2 points above threshold
2026-09-07T04:29:33.472+01:00 INFO : Filtering template 9/384 segment 4/5
2026-09-07T04:29:33.491+01:00 INFO : 1 points above threshold
2026-09-07T04:29:33.496+01:00 INFO : Filtering template 9/384 segment 5/5
2026-09-07T04:29:33.514+01:00 INFO : 3 points above threshold
2026-09-07T04:29:33.523+01:00 INFO : 9: generating IMRPhenomD from 30.0 Hz
2026-09-07T04:29:33.526+01:00 INFO : Decompressing waveform using inline_linear
2026-09-07T04:29:33.531+01:00 INFO : Filtering template 10/384 segment 1/5
2026-09-07T04:29:33.551+01:00 INFO : 1 points above threshold
2026-09-07T04:29:33.567+01:00 INFO : Filtering template 10/384 segment 2/5
2026-09-07T04:29:33.585+01:00 INFO : 1 points above threshold
2026-09-07T04:29:33.590+01:00 INFO : Filtering template 10/384 segment 3/5
2026-09-07T04:29:33.608+01:00 INFO : Filtering template 10/384 segment 4/5
2026-09-07T04:29:33.626+01:00 INFO : 2 points above threshold
2026-09-07T04:29:33.633+01:00 INFO : Filtering template 10/384 segment 5/5
2026-09-07T04:29:33.651+01:00 INFO : 1 points above threshold
2026-09-07T04:29:33.657+01:00 INFO : 10: generating IMRPhenomD from 30.0 Hz
2026-09-07T04:29:33.659+01:00 INFO : Decompressing waveform using inline_linear
2026-09-07T04:29:33.664+01:00 INFO : Filtering template 11/384 segment 1/5
2026-09-07T04:29:33.685+01:00 INFO : 2 points above threshold
2026-09-07T04:29:33.702+01:00 INFO : Filtering template 11/384 segment 2/5
2026-09-07T04:29:33.720+01:00 INFO : Filtering template 11/384 segment 3/5
2026-09-07T04:29:33.738+01:00 INFO : 1 points above threshold
2026-09-07T04:29:33.743+01:00 INFO : Filtering template 11/384 segment 4/5
2026-09-07T04:29:33.761+01:00 INFO : 1 points above threshold
2026-09-07T04:29:33.767+01:00 INFO : Filtering template 11/384 segment 5/5
2026-09-07T04:29:33.784+01:00 INFO : 1 points above threshold
2026-09-07T04:29:33.790+01:00 INFO : 11: generating IMRPhenomD from 30.0 Hz
2026-09-07T04:29:33.793+01:00 INFO : Decompressing waveform using inline_linear
2026-09-07T04:29:33.798+01:00 INFO : Filtering template 12/384 segment 1/5
2026-09-07T04:29:33.818+01:00 INFO : Filtering template 12/384 segment 2/5
2026-09-07T04:29:33.836+01:00 INFO : 1 points above threshold
2026-09-07T04:29:33.851+01:00 INFO : Filtering template 12/384 segment 3/5
2026-09-07T04:29:33.869+01:00 INFO : Filtering template 12/384 segment 4/5
2026-09-07T04:29:33.888+01:00 INFO : 1 points above threshold
2026-09-07T04:29:33.893+01:00 INFO : Filtering template 12/384 segment 5/5
2026-09-07T04:29:33.911+01:00 INFO : 1 points above threshold
2026-09-07T04:29:33.917+01:00 INFO : 12: generating IMRPhenomD from 30.0 Hz
2026-09-07T04:29:33.919+01:00 INFO : Decompressing waveform using inline_linear
2026-09-07T04:29:33.924+01:00 INFO : Filtering template 13/384 segment 1/5
2026-09-07T04:29:33.944+01:00 INFO : 1 points above threshold
2026-09-07T04:29:33.960+01:00 INFO : Filtering template 13/384 segment 2/5
2026-09-07T04:29:33.978+01:00 INFO : Filtering template 13/384 segment 3/5
2026-09-07T04:29:33.996+01:00 INFO : 2 points above threshold
2026-09-07T04:29:34.003+01:00 INFO : Filtering template 13/384 segment 4/5
2026-09-07T04:29:34.021+01:00 INFO : Filtering template 13/384 segment 5/5
2026-09-07T04:29:34.039+01:00 INFO : 2 points above threshold
2026-09-07T04:29:34.047+01:00 INFO : 13: generating IMRPhenomD from 30.0 Hz
2026-09-07T04:29:34.050+01:00 INFO : Decompressing waveform using inline_linear
2026-09-07T04:29:34.055+01:00 INFO : Filtering template 14/384 segment 1/5
2026-09-07T04:29:34.075+01:00 INFO : 2 points above threshold
2026-09-07T04:29:34.092+01:00 INFO : Filtering template 14/384 segment 2/5
2026-09-07T04:29:34.110+01:00 INFO : 1 points above threshold
2026-09-07T04:29:34.115+01:00 INFO : Filtering template 14/384 segment 3/5
2026-09-07T04:29:34.133+01:00 INFO : 2 points above threshold
2026-09-07T04:29:34.141+01:00 INFO : Filtering template 14/384 segment 4/5
2026-09-07T04:29:34.158+01:00 INFO : 2 points above threshold
2026-09-07T04:29:34.166+01:00 INFO : Filtering template 14/384 segment 5/5
2026-09-07T04:29:34.183+01:00 INFO : 3 points above threshold
2026-09-07T04:29:34.193+01:00 INFO : 14: generating IMRPhenomD from 30.0 Hz
2026-09-07T04:29:34.196+01:00 INFO : Decompressing waveform using inline_linear
2026-09-07T04:29:34.201+01:00 INFO : Filtering template 15/384 segment 1/5
2026-09-07T04:29:34.221+01:00 INFO : Filtering template 15/384 segment 2/5
2026-09-07T04:29:34.239+01:00 INFO : 3 points above threshold
2026-09-07T04:29:34.259+01:00 INFO : Filtering template 15/384 segment 3/5
2026-09-07T04:29:34.277+01:00 INFO : 1 points above threshold
2026-09-07T04:29:34.282+01:00 INFO : Filtering template 15/384 segment 4/5
2026-09-07T04:29:34.300+01:00 INFO : Filtering template 15/384 segment 5/5
2026-09-07T04:29:34.318+01:00 INFO : 1 points above threshold
2026-09-07T04:29:34.324+01:00 INFO : 15: generating IMRPhenomD from 30.0 Hz
2026-09-07T04:29:34.327+01:00 INFO : Decompressing waveform using inline_linear
2026-09-07T04:29:34.331+01:00 INFO : Filtering template 16/384 segment 1/5
2026-09-07T04:29:34.352+01:00 INFO : 3 points above threshold
2026-09-07T04:29:34.372+01:00 INFO : Filtering template 16/384 segment 2/5
2026-09-07T04:29:34.390+01:00 INFO : 1 points above threshold
2026-09-07T04:29:34.395+01:00 INFO : Filtering template 16/384 segment 3/5
2026-09-07T04:29:34.413+01:00 INFO : 3 points above threshold
2026-09-07T04:29:34.422+01:00 INFO : Filtering template 16/384 segment 4/5
2026-09-07T04:29:34.440+01:00 INFO : Filtering template 16/384 segment 5/5
2026-09-07T04:29:34.459+01:00 INFO : 16: generating IMRPhenomD from 30.0 Hz
2026-09-07T04:29:34.462+01:00 INFO : Decompressing waveform using inline_linear
2026-09-07T04:29:34.466+01:00 INFO : Filtering template 17/384 segment 1/5
2026-09-07T04:29:34.486+01:00 INFO : 1 points above threshold
2026-09-07T04:29:34.502+01:00 INFO : Filtering template 17/384 segment 2/5
2026-09-07T04:29:34.520+01:00 INFO : 1 points above threshold
2026-09-07T04:29:34.526+01:00 INFO : Filtering template 17/384 segment 3/5
2026-09-07T04:29:34.544+01:00 INFO : 2 points above threshold
2026-09-07T04:29:34.551+01:00 INFO : Filtering template 17/384 segment 4/5
2026-09-07T04:29:34.569+01:00 INFO : 1 points above threshold
2026-09-07T04:29:34.574+01:00 INFO : Filtering template 17/384 segment 5/5
2026-09-07T04:29:34.592+01:00 INFO : 1 points above threshold
2026-09-07T04:29:34.598+01:00 INFO : 17: generating IMRPhenomD from 30.0 Hz
2026-09-07T04:29:34.600+01:00 INFO : Decompressing waveform using inline_linear
2026-09-07T04:29:34.606+01:00 INFO : Filtering template 18/384 segment 1/5
2026-09-07T04:29:34.626+01:00 INFO : 1 points above threshold
2026-09-07T04:29:34.643+01:00 INFO : Filtering template 18/384 segment 2/5
2026-09-07T04:29:34.661+01:00 INFO : 1 points above threshold
2026-09-07T04:29:34.666+01:00 INFO : Filtering template 18/384 segment 3/5
2026-09-07T04:29:34.684+01:00 INFO : 1 points above threshold
2026-09-07T04:29:34.690+01:00 INFO : Filtering template 18/384 segment 4/5
2026-09-07T04:29:34.708+01:00 INFO : 1 points above threshold
2026-09-07T04:29:34.713+01:00 INFO : Filtering template 18/384 segment 5/5
2026-09-07T04:29:34.732+01:00 INFO : 1 points above threshold
2026-09-07T04:29:34.740+01:00 INFO : 18: generating IMRPhenomD from 30.0 Hz
2026-09-07T04:29:34.744+01:00 INFO : Decompressing waveform using inline_linear
2026-09-07T04:29:34.749+01:00 INFO : Filtering template 19/384 segment 1/5
2026-09-07T04:29:34.771+01:00 INFO : 2 points above threshold
2026-09-07T04:29:34.792+01:00 INFO : Filtering template 19/384 segment 2/5
2026-09-07T04:29:34.811+01:00 INFO : 2 points above threshold
2026-09-07T04:29:34.818+01:00 INFO : Filtering template 19/384 segment 3/5
2026-09-07T04:29:34.836+01:00 INFO : 4 points above threshold
2026-09-07T04:29:34.845+01:00 INFO : Filtering template 19/384 segment 4/5
2026-09-07T04:29:34.863+01:00 INFO : Filtering template 19/384 segment 5/5
2026-09-07T04:29:34.881+01:00 INFO : 1 points above threshold
2026-09-07T04:29:34.886+01:00 INFO : 19: generating IMRPhenomD from 30.0 Hz
2026-09-07T04:29:34.889+01:00 INFO : Decompressing waveform using inline_linear
2026-09-07T04:29:34.894+01:00 INFO : Filtering template 20/384 segment 1/5
2026-09-07T04:29:34.914+01:00 INFO : Filtering template 20/384 segment 2/5
2026-09-07T04:29:34.933+01:00 INFO : 1 points above threshold
2026-09-07T04:29:34.950+01:00 INFO : Filtering template 20/384 segment 3/5
2026-09-07T04:29:34.968+01:00 INFO : 1 points above threshold
2026-09-07T04:29:34.973+01:00 INFO : Filtering template 20/384 segment 4/5
2026-09-07T04:29:34.991+01:00 INFO : 1 points above threshold
2026-09-07T04:29:34.996+01:00 INFO : Filtering template 20/384 segment 5/5
2026-09-07T04:29:35.015+01:00 INFO : 20: generating IMRPhenomD from 30.0 Hz
2026-09-07T04:29:35.018+01:00 INFO : Decompressing waveform using inline_linear
2026-09-07T04:29:35.023+01:00 INFO : Filtering template 21/384 segment 1/5
2026-09-07T04:29:35.043+01:00 INFO : Filtering template 21/384 segment 2/5
2026-09-07T04:29:35.061+01:00 INFO : Filtering template 21/384 segment 3/5
2026-09-07T04:29:35.079+01:00 INFO : 3 points above threshold
2026-09-07T04:29:35.100+01:00 INFO : Filtering template 21/384 segment 4/5
2026-09-07T04:29:35.118+01:00 INFO : 1 points above threshold
2026-09-07T04:29:35.124+01:00 INFO : Filtering template 21/384 segment 5/5
2026-09-07T04:29:35.142+01:00 INFO : 1 points above threshold
2026-09-07T04:29:35.147+01:00 INFO : 21: generating IMRPhenomD from 30.0 Hz
2026-09-07T04:29:35.150+01:00 INFO : Decompressing waveform using inline_linear
2026-09-07T04:29:35.155+01:00 INFO : Filtering template 22/384 segment 1/5
2026-09-07T04:29:35.175+01:00 INFO : Filtering template 22/384 segment 2/5
2026-09-07T04:29:35.193+01:00 INFO : 2 points above threshold
2026-09-07T04:29:35.211+01:00 INFO : Filtering template 22/384 segment 3/5
2026-09-07T04:29:35.229+01:00 INFO : 2 points above threshold
2026-09-07T04:29:35.236+01:00 INFO : Filtering template 22/384 segment 4/5
2026-09-07T04:29:35.254+01:00 INFO : 1 points above threshold
2026-09-07T04:29:35.259+01:00 INFO : Filtering template 22/384 segment 5/5
2026-09-07T04:29:35.277+01:00 INFO : 1 points above threshold
2026-09-07T04:29:35.283+01:00 INFO : 22: generating IMRPhenomD from 30.0 Hz
2026-09-07T04:29:35.286+01:00 INFO : Decompressing waveform using inline_linear
2026-09-07T04:29:35.291+01:00 INFO : Filtering template 23/384 segment 1/5
2026-09-07T04:29:35.311+01:00 INFO : Filtering template 23/384 segment 2/5
2026-09-07T04:29:35.329+01:00 INFO : 3 points above threshold
2026-09-07T04:29:35.349+01:00 INFO : Filtering template 23/384 segment 3/5
2026-09-07T04:29:35.367+01:00 INFO : 1 points above threshold
2026-09-07T04:29:35.372+01:00 INFO : Filtering template 23/384 segment 4/5
2026-09-07T04:29:35.390+01:00 INFO : Filtering template 23/384 segment 5/5
2026-09-07T04:29:35.409+01:00 INFO : 23: generating IMRPhenomD from 30.0 Hz
2026-09-07T04:29:35.412+01:00 INFO : Decompressing waveform using inline_linear
2026-09-07T04:29:35.416+01:00 INFO : Filtering template 24/384 segment 1/5
2026-09-07T04:29:35.437+01:00 INFO : 4 points above threshold
2026-09-07T04:29:35.456+01:00 INFO : Filtering template 24/384 segment 2/5
2026-09-07T04:29:35.474+01:00 INFO : 1 points above threshold
2026-09-07T04:29:35.479+01:00 INFO : Filtering template 24/384 segment 3/5
2026-09-07T04:29:35.498+01:00 INFO : 3 points above threshold
2026-09-07T04:29:35.507+01:00 INFO : Filtering template 24/384 segment 4/5
2026-09-07T04:29:35.525+01:00 INFO : 2 points above threshold
2026-09-07T04:29:35.532+01:00 INFO : Filtering template 24/384 segment 5/5
2026-09-07T04:29:35.550+01:00 INFO : 24: generating IMRPhenomD from 30.0 Hz
2026-09-07T04:29:35.553+01:00 INFO : Decompressing waveform using inline_linear
2026-09-07T04:29:35.558+01:00 INFO : Filtering template 25/384 segment 1/5
2026-09-07T04:29:35.578+01:00 INFO : 3 points above threshold
2026-09-07T04:29:35.598+01:00 INFO : Filtering template 25/384 segment 2/5
2026-09-07T04:29:35.616+01:00 INFO : Filtering template 25/384 segment 3/5
2026-09-07T04:29:35.634+01:00 INFO : Filtering template 25/384 segment 4/5
2026-09-07T04:29:35.652+01:00 INFO : 2 points above threshold
2026-09-07T04:29:35.659+01:00 INFO : Filtering template 25/384 segment 5/5
2026-09-07T04:29:35.677+01:00 INFO : 25: generating IMRPhenomD from 30.0 Hz
2026-09-07T04:29:35.680+01:00 INFO : Decompressing waveform using inline_linear
2026-09-07T04:29:35.685+01:00 INFO : Filtering template 26/384 segment 1/5
2026-09-07T04:29:35.705+01:00 INFO : 2 points above threshold
2026-09-07T04:29:35.723+01:00 INFO : Filtering template 26/384 segment 2/5
2026-09-07T04:29:35.741+01:00 INFO : 1 points above threshold
2026-09-07T04:29:35.746+01:00 INFO : Filtering template 26/384 segment 3/5
2026-09-07T04:29:35.764+01:00 INFO : 2 points above threshold
2026-09-07T04:29:35.771+01:00 INFO : Filtering template 26/384 segment 4/5
2026-09-07T04:29:35.789+01:00 INFO : Filtering template 26/384 segment 5/5
2026-09-07T04:29:35.807+01:00 INFO : 1 points above threshold
2026-09-07T04:29:35.813+01:00 INFO : 26: generating IMRPhenomD from 30.0 Hz
2026-09-07T04:29:35.816+01:00 INFO : Decompressing waveform using inline_linear
2026-09-07T04:29:35.820+01:00 INFO : Filtering template 27/384 segment 1/5
2026-09-07T04:29:35.841+01:00 INFO : 1 points above threshold
2026-09-07T04:29:35.856+01:00 INFO : Filtering template 27/384 segment 2/5
2026-09-07T04:29:35.875+01:00 INFO : 4 points above threshold
2026-09-07T04:29:35.883+01:00 INFO : Filtering template 27/384 segment 3/5
2026-09-07T04:29:35.901+01:00 INFO : 1 points above threshold
2026-09-07T04:29:35.907+01:00 INFO : Filtering template 27/384 segment 4/5
2026-09-07T04:29:35.924+01:00 INFO : 1 points above threshold
2026-09-07T04:29:35.930+01:00 INFO : Filtering template 27/384 segment 5/5
2026-09-07T04:29:35.948+01:00 INFO : 27: generating IMRPhenomD from 30.0 Hz
2026-09-07T04:29:35.951+01:00 INFO : Decompressing waveform using inline_linear
2026-09-07T04:29:35.956+01:00 INFO : Filtering template 28/384 segment 1/5
2026-09-07T04:29:35.976+01:00 INFO : 2 points above threshold
2026-09-07T04:29:35.994+01:00 INFO : Filtering template 28/384 segment 2/5
2026-09-07T04:29:36.012+01:00 INFO : 1 points above threshold
2026-09-07T04:29:36.017+01:00 INFO : Filtering template 28/384 segment 3/5
2026-09-07T04:29:36.035+01:00 INFO : 1 points above threshold
2026-09-07T04:29:36.041+01:00 INFO : Filtering template 28/384 segment 4/5
2026-09-07T04:29:36.058+01:00 INFO : 1 points above threshold
2026-09-07T04:29:36.064+01:00 INFO : Filtering template 28/384 segment 5/5
2026-09-07T04:29:36.082+01:00 INFO : 28: generating IMRPhenomD from 30.0 Hz
2026-09-07T04:29:36.085+01:00 INFO : Decompressing waveform using inline_linear
2026-09-07T04:29:36.090+01:00 INFO : Filtering template 29/384 segment 1/5
2026-09-07T04:29:36.110+01:00 INFO : 2 points above threshold
2026-09-07T04:29:36.128+01:00 INFO : Filtering template 29/384 segment 2/5
2026-09-07T04:29:36.146+01:00 INFO : Filtering template 29/384 segment 3/5
2026-09-07T04:29:36.163+01:00 INFO : 2 points above threshold
2026-09-07T04:29:36.170+01:00 INFO : Filtering template 29/384 segment 4/5
2026-09-07T04:29:36.188+01:00 INFO : Filtering template 29/384 segment 5/5
2026-09-07T04:29:36.207+01:00 INFO : 1 points above threshold
2026-09-07T04:29:36.212+01:00 INFO : 29: generating IMRPhenomD from 30.0 Hz
2026-09-07T04:29:36.226+01:00 INFO : Decompressing waveform using inline_linear
2026-09-07T04:29:36.231+01:00 INFO : Filtering template 30/384 segment 1/5
2026-09-07T04:29:36.257+01:00 INFO : 1 points above threshold
2026-09-07T04:29:36.277+01:00 INFO : Filtering template 30/384 segment 2/5
2026-09-07T04:29:36.295+01:00 INFO : 2 points above threshold
2026-09-07T04:29:36.303+01:00 INFO : Filtering template 30/384 segment 3/5
2026-09-07T04:29:36.320+01:00 INFO : Filtering template 30/384 segment 4/5
2026-09-07T04:29:36.338+01:00 INFO : 3 points above threshold
2026-09-07T04:29:36.348+01:00 INFO : Filtering template 30/384 segment 5/5
2026-09-07T04:29:36.366+01:00 INFO : 2 points above threshold
2026-09-07T04:29:36.373+01:00 INFO : 30: generating IMRPhenomD from 30.0 Hz
2026-09-07T04:29:36.376+01:00 INFO : Decompressing waveform using inline_linear
2026-09-07T04:29:36.381+01:00 INFO : Filtering template 31/384 segment 1/5
2026-09-07T04:29:36.401+01:00 INFO : Filtering template 31/384 segment 2/5
2026-09-07T04:29:36.419+01:00 INFO : 1 points above threshold
2026-09-07T04:29:36.434+01:00 INFO : Filtering template 31/384 segment 3/5
2026-09-07T04:29:36.453+01:00 INFO : 2 points above threshold
2026-09-07T04:29:36.460+01:00 INFO : Filtering template 31/384 segment 4/5
2026-09-07T04:29:36.478+01:00 INFO : 1 points above threshold
2026-09-07T04:29:36.483+01:00 INFO : Filtering template 31/384 segment 5/5
2026-09-07T04:29:36.501+01:00 INFO : 2 points above threshold
2026-09-07T04:29:36.508+01:00 INFO : 31: generating IMRPhenomD from 30.0 Hz
2026-09-07T04:29:36.511+01:00 INFO : Decompressing waveform using inline_linear
2026-09-07T04:29:36.516+01:00 INFO : Filtering template 32/384 segment 1/5
2026-09-07T04:29:36.537+01:00 INFO : Filtering template 32/384 segment 2/5
2026-09-07T04:29:36.555+01:00 INFO : Filtering template 32/384 segment 3/5
2026-09-07T04:29:36.572+01:00 INFO : 2 points above threshold
2026-09-07T04:29:36.590+01:00 INFO : Filtering template 32/384 segment 4/5
2026-09-07T04:29:36.609+01:00 INFO : 1 points above threshold
2026-09-07T04:29:36.614+01:00 INFO : Filtering template 32/384 segment 5/5
2026-09-07T04:29:36.632+01:00 INFO : 2 points above threshold
2026-09-07T04:29:36.639+01:00 INFO : 32: generating IMRPhenomD from 30.0 Hz
2026-09-07T04:29:36.642+01:00 INFO : Decompressing waveform using inline_linear
2026-09-07T04:29:36.647+01:00 INFO : Filtering template 33/384 segment 1/5
2026-09-07T04:29:36.667+01:00 INFO : Filtering template 33/384 segment 2/5
2026-09-07T04:29:36.685+01:00 INFO : Filtering template 33/384 segment 3/5
2026-09-07T04:29:36.703+01:00 INFO : 1 points above threshold
2026-09-07T04:29:36.718+01:00 INFO : Filtering template 33/384 segment 4/5
2026-09-07T04:29:36.736+01:00 INFO : 2 points above threshold
2026-09-07T04:29:36.743+01:00 INFO : Filtering template 33/384 segment 5/5
2026-09-07T04:29:36.761+01:00 INFO : 2 points above threshold
2026-09-07T04:29:36.769+01:00 INFO : 33: generating IMRPhenomD from 30.0 Hz
2026-09-07T04:29:36.771+01:00 INFO : Decompressing waveform using inline_linear
2026-09-07T04:29:36.776+01:00 INFO : Filtering template 34/384 segment 1/5
2026-09-07T04:29:36.796+01:00 INFO : 1 points above threshold
2026-09-07T04:29:36.812+01:00 INFO : Filtering template 34/384 segment 2/5
2026-09-07T04:29:36.830+01:00 INFO : 1 points above threshold
2026-09-07T04:29:36.835+01:00 INFO : Filtering template 34/384 segment 3/5
2026-09-07T04:29:36.853+01:00 INFO : 2 points above threshold
2026-09-07T04:29:36.860+01:00 INFO : Filtering template 34/384 segment 4/5
2026-09-07T04:29:36.878+01:00 INFO : 1 points above threshold
2026-09-07T04:29:36.883+01:00 INFO : Filtering template 34/384 segment 5/5
2026-09-07T04:29:36.901+01:00 INFO : 2 points above threshold
2026-09-07T04:29:36.909+01:00 INFO : 34: generating IMRPhenomD from 30.0 Hz
2026-09-07T04:29:36.912+01:00 INFO : Decompressing waveform using inline_linear
2026-09-07T04:29:36.916+01:00 INFO : Filtering template 35/384 segment 1/5
2026-09-07T04:29:36.937+01:00 INFO : 5 points above threshold
2026-09-07T04:29:36.959+01:00 INFO : Filtering template 35/384 segment 2/5
2026-09-07T04:29:36.977+01:00 INFO : 1 points above threshold
2026-09-07T04:29:36.982+01:00 INFO : Filtering template 35/384 segment 3/5
2026-09-07T04:29:37.000+01:00 INFO : Filtering template 35/384 segment 4/5
2026-09-07T04:29:37.018+01:00 INFO : 1 points above threshold
2026-09-07T04:29:37.023+01:00 INFO : Filtering template 35/384 segment 5/5
2026-09-07T04:29:37.041+01:00 INFO : 2 points above threshold
2026-09-07T04:29:37.048+01:00 INFO : 35: generating IMRPhenomD from 30.0 Hz
2026-09-07T04:29:37.051+01:00 INFO : Decompressing waveform using inline_linear
2026-09-07T04:29:37.056+01:00 INFO : Filtering template 36/384 segment 1/5
2026-09-07T04:29:37.076+01:00 INFO : 1 points above threshold
2026-09-07T04:29:37.093+01:00 INFO : Filtering template 36/384 segment 2/5
2026-09-07T04:29:37.111+01:00 INFO : 1 points above threshold
2026-09-07T04:29:37.116+01:00 INFO : Filtering template 36/384 segment 3/5
2026-09-07T04:29:37.134+01:00 INFO : Filtering template 36/384 segment 4/5
2026-09-07T04:29:37.152+01:00 INFO : 1 points above threshold
2026-09-07T04:29:37.157+01:00 INFO : Filtering template 36/384 segment 5/5
2026-09-07T04:29:37.175+01:00 INFO : 1 points above threshold
2026-09-07T04:29:37.180+01:00 INFO : 36: generating IMRPhenomD from 30.0 Hz
2026-09-07T04:29:37.183+01:00 INFO : Decompressing waveform using inline_linear
2026-09-07T04:29:37.188+01:00 INFO : Filtering template 37/384 segment 1/5
2026-09-07T04:29:37.208+01:00 INFO : 1 points above threshold
2026-09-07T04:29:37.224+01:00 INFO : Filtering template 37/384 segment 2/5
2026-09-07T04:29:37.242+01:00 INFO : Filtering template 37/384 segment 3/5
2026-09-07T04:29:37.260+01:00 INFO : 1 points above threshold
2026-09-07T04:29:37.265+01:00 INFO : Filtering template 37/384 segment 4/5
2026-09-07T04:29:37.283+01:00 INFO : Filtering template 37/384 segment 5/5
2026-09-07T04:29:37.301+01:00 INFO : 37: generating IMRPhenomD from 30.0 Hz
2026-09-07T04:29:37.304+01:00 INFO : Decompressing waveform using inline_linear
2026-09-07T04:29:37.309+01:00 INFO : Filtering template 38/384 segment 1/5
2026-09-07T04:29:37.330+01:00 INFO : Filtering template 38/384 segment 2/5
2026-09-07T04:29:37.348+01:00 INFO : Filtering template 38/384 segment 3/5
2026-09-07T04:29:37.366+01:00 INFO : 1 points above threshold
2026-09-07T04:29:37.381+01:00 INFO : Filtering template 38/384 segment 4/5
2026-09-07T04:29:37.400+01:00 INFO : 1 points above threshold
2026-09-07T04:29:37.405+01:00 INFO : Filtering template 38/384 segment 5/5
2026-09-07T04:29:37.423+01:00 INFO : 38: generating IMRPhenomD from 30.0 Hz
2026-09-07T04:29:37.426+01:00 INFO : Decompressing waveform using inline_linear
2026-09-07T04:29:37.431+01:00 INFO : Filtering template 39/384 segment 1/5
2026-09-07T04:29:37.451+01:00 INFO : Filtering template 39/384 segment 2/5
2026-09-07T04:29:37.469+01:00 INFO : Filtering template 39/384 segment 3/5
2026-09-07T04:29:37.487+01:00 INFO : Filtering template 39/384 segment 4/5
2026-09-07T04:29:37.505+01:00 INFO : 3 points above threshold
2026-09-07T04:29:37.525+01:00 INFO : Filtering template 39/384 segment 5/5
2026-09-07T04:29:37.543+01:00 INFO : 2 points above threshold
2026-09-07T04:29:37.550+01:00 INFO : 39: generating IMRPhenomD from 30.0 Hz
2026-09-07T04:29:37.553+01:00 INFO : Decompressing waveform using inline_linear
2026-09-07T04:29:37.558+01:00 INFO : Filtering template 40/384 segment 1/5
2026-09-07T04:29:37.578+01:00 INFO : 3 points above threshold
2026-09-07T04:29:37.598+01:00 INFO : Filtering template 40/384 segment 2/5
2026-09-07T04:29:37.616+01:00 INFO : 1 points above threshold
2026-09-07T04:29:37.621+01:00 INFO : Filtering template 40/384 segment 3/5
2026-09-07T04:29:37.639+01:00 INFO : 1 points above threshold
2026-09-07T04:29:37.645+01:00 INFO : Filtering template 40/384 segment 4/5
2026-09-07T04:29:37.663+01:00 INFO : 2 points above threshold
2026-09-07T04:29:37.670+01:00 INFO : Filtering template 40/384 segment 5/5
2026-09-07T04:29:37.687+01:00 INFO : 1 points above threshold
2026-09-07T04:29:37.693+01:00 INFO : 40: generating IMRPhenomD from 30.0 Hz
2026-09-07T04:29:37.696+01:00 INFO : Decompressing waveform using inline_linear
2026-09-07T04:29:37.701+01:00 INFO : Filtering template 41/384 segment 1/5
2026-09-07T04:29:37.721+01:00 INFO : Filtering template 41/384 segment 2/5
2026-09-07T04:29:37.739+01:00 INFO : 1 points above threshold
2026-09-07T04:29:37.755+01:00 INFO : Filtering template 41/384 segment 3/5
2026-09-07T04:29:37.773+01:00 INFO : Filtering template 41/384 segment 4/5
2026-09-07T04:29:37.790+01:00 INFO : Filtering template 41/384 segment 5/5
2026-09-07T04:29:37.809+01:00 INFO : 41: generating IMRPhenomD from 30.0 Hz
2026-09-07T04:29:37.812+01:00 INFO : Decompressing waveform using inline_linear
2026-09-07T04:29:37.817+01:00 INFO : Filtering template 42/384 segment 1/5
2026-09-07T04:29:37.837+01:00 INFO : 2 points above threshold
2026-09-07T04:29:37.854+01:00 INFO : Filtering template 42/384 segment 2/5
2026-09-07T04:29:37.872+01:00 INFO : Filtering template 42/384 segment 3/5
2026-09-07T04:29:37.891+01:00 INFO : 2 points above threshold
2026-09-07T04:29:37.898+01:00 INFO : Filtering template 42/384 segment 4/5
2026-09-07T04:29:37.916+01:00 INFO : 3 points above threshold
2026-09-07T04:29:37.925+01:00 INFO : Filtering template 42/384 segment 5/5
2026-09-07T04:29:37.943+01:00 INFO : 2 points above threshold
2026-09-07T04:29:37.951+01:00 INFO : 42: generating IMRPhenomD from 30.0 Hz
2026-09-07T04:29:37.954+01:00 INFO : Decompressing waveform using inline_linear
2026-09-07T04:29:37.959+01:00 INFO : Filtering template 43/384 segment 1/5
2026-09-07T04:29:37.979+01:00 INFO : 3 points above threshold
2026-09-07T04:29:37.998+01:00 INFO : Filtering template 43/384 segment 2/5
2026-09-07T04:29:38.016+01:00 INFO : 2 points above threshold
2026-09-07T04:29:38.023+01:00 INFO : Filtering template 43/384 segment 3/5
2026-09-07T04:29:38.042+01:00 INFO : Filtering template 43/384 segment 4/5
2026-09-07T04:29:38.060+01:00 INFO : Filtering template 43/384 segment 5/5
2026-09-07T04:29:38.077+01:00 INFO : 1 points above threshold
2026-09-07T04:29:38.083+01:00 INFO : 43: generating IMRPhenomD from 30.0 Hz
2026-09-07T04:29:38.086+01:00 INFO : Decompressing waveform using inline_linear
2026-09-07T04:29:38.091+01:00 INFO : Filtering template 44/384 segment 1/5
2026-09-07T04:29:38.112+01:00 INFO : Filtering template 44/384 segment 2/5
2026-09-07T04:29:38.130+01:00 INFO : 2 points above threshold
2026-09-07T04:29:38.147+01:00 INFO : Filtering template 44/384 segment 3/5
2026-09-07T04:29:38.165+01:00 INFO : Filtering template 44/384 segment 4/5
2026-09-07T04:29:38.183+01:00 INFO : 1 points above threshold
2026-09-07T04:29:38.188+01:00 INFO : Filtering template 44/384 segment 5/5
2026-09-07T04:29:38.206+01:00 INFO : 2 points above threshold
2026-09-07T04:29:38.214+01:00 INFO : 44: generating IMRPhenomD from 30.0 Hz
2026-09-07T04:29:38.216+01:00 INFO : Decompressing waveform using inline_linear
2026-09-07T04:29:38.221+01:00 INFO : Filtering template 45/384 segment 1/5
2026-09-07T04:29:38.241+01:00 INFO : 1 points above threshold
2026-09-07T04:29:38.257+01:00 INFO : Filtering template 45/384 segment 2/5
2026-09-07T04:29:38.275+01:00 INFO : Filtering template 45/384 segment 3/5
2026-09-07T04:29:38.293+01:00 INFO : 1 points above threshold
2026-09-07T04:29:38.298+01:00 INFO : Filtering template 45/384 segment 4/5
2026-09-07T04:29:38.316+01:00 INFO : Filtering template 45/384 segment 5/5
2026-09-07T04:29:38.334+01:00 INFO : 2 points above threshold
2026-09-07T04:29:38.341+01:00 INFO : 45: generating IMRPhenomD from 30.0 Hz
2026-09-07T04:29:38.344+01:00 INFO : Decompressing waveform using inline_linear
2026-09-07T04:29:38.349+01:00 INFO : Filtering template 46/384 segment 1/5
2026-09-07T04:29:38.369+01:00 INFO : 3 points above threshold
2026-09-07T04:29:38.389+01:00 INFO : Filtering template 46/384 segment 2/5
2026-09-07T04:29:38.406+01:00 INFO : 1 points above threshold
2026-09-07T04:29:38.412+01:00 INFO : Filtering template 46/384 segment 3/5
2026-09-07T04:29:38.430+01:00 INFO : 1 points above threshold
2026-09-07T04:29:38.435+01:00 INFO : Filtering template 46/384 segment 4/5
2026-09-07T04:29:38.453+01:00 INFO : Filtering template 46/384 segment 5/5
2026-09-07T04:29:38.471+01:00 INFO : 1 points above threshold
2026-09-07T04:29:38.476+01:00 INFO : 46: generating IMRPhenomD from 30.0 Hz
2026-09-07T04:29:38.479+01:00 INFO : Decompressing waveform using inline_linear
2026-09-07T04:29:38.484+01:00 INFO : Filtering template 47/384 segment 1/5
2026-09-07T04:29:38.504+01:00 INFO : 1 points above threshold
2026-09-07T04:29:38.521+01:00 INFO : Filtering template 47/384 segment 2/5
2026-09-07T04:29:38.539+01:00 INFO : 1 points above threshold
2026-09-07T04:29:38.544+01:00 INFO : Filtering template 47/384 segment 3/5
2026-09-07T04:29:38.563+01:00 INFO : 1 points above threshold
2026-09-07T04:29:38.568+01:00 INFO : Filtering template 47/384 segment 4/5
2026-09-07T04:29:38.586+01:00 INFO : 1 points above threshold
2026-09-07T04:29:38.591+01:00 INFO : Filtering template 47/384 segment 5/5
2026-09-07T04:29:38.610+01:00 INFO : 1 points above threshold
2026-09-07T04:29:38.615+01:00 INFO : 47: generating IMRPhenomD from 30.0 Hz
2026-09-07T04:29:38.618+01:00 INFO : Decompressing waveform using inline_linear
2026-09-07T04:29:38.623+01:00 INFO : Filtering template 48/384 segment 1/5
2026-09-07T04:29:38.643+01:00 INFO : 3 points above threshold
2026-09-07T04:29:38.664+01:00 INFO : Filtering template 48/384 segment 2/5
2026-09-07T04:29:38.682+01:00 INFO : 3 points above threshold
2026-09-07T04:29:38.691+01:00 INFO : Filtering template 48/384 segment 3/5
2026-09-07T04:29:38.709+01:00 INFO : Filtering template 48/384 segment 4/5
2026-09-07T04:29:38.727+01:00 INFO : 1 points above threshold
2026-09-07T04:29:38.732+01:00 INFO : Filtering template 48/384 segment 5/5
2026-09-07T04:29:38.751+01:00 INFO : 48: generating IMRPhenomD from 30.0 Hz
2026-09-07T04:29:38.754+01:00 INFO : Decompressing waveform using inline_linear
2026-09-07T04:29:38.759+01:00 INFO : Filtering template 49/384 segment 1/5
2026-09-07T04:29:38.779+01:00 INFO : 3 points above threshold
2026-09-07T04:29:38.800+01:00 INFO : Filtering template 49/384 segment 2/5
2026-09-07T04:29:38.818+01:00 INFO : 1 points above threshold
2026-09-07T04:29:38.823+01:00 INFO : Filtering template 49/384 segment 3/5
2026-09-07T04:29:38.841+01:00 INFO : 1 points above threshold
2026-09-07T04:29:38.849+01:00 INFO : Filtering template 49/384 segment 4/5
2026-09-07T04:29:38.867+01:00 INFO : Filtering template 49/384 segment 5/5
2026-09-07T04:29:38.885+01:00 INFO : 49: generating IMRPhenomD from 30.0 Hz
2026-09-07T04:29:38.888+01:00 INFO : Decompressing waveform using inline_linear
2026-09-07T04:29:38.893+01:00 INFO : Filtering template 50/384 segment 1/5
2026-09-07T04:29:38.913+01:00 INFO : Filtering template 50/384 segment 2/5
2026-09-07T04:29:38.932+01:00 INFO : 2 points above threshold
2026-09-07T04:29:38.950+01:00 INFO : Filtering template 50/384 segment 3/5
2026-09-07T04:29:38.968+01:00 INFO : 5 points above threshold
2026-09-07T04:29:38.980+01:00 INFO : Filtering template 50/384 segment 4/5
2026-09-07T04:29:38.998+01:00 INFO : 3 points above threshold
2026-09-07T04:29:39.007+01:00 INFO : Filtering template 50/384 segment 5/5
2026-09-07T04:29:39.025+01:00 INFO : 2 points above threshold
2026-09-07T04:29:39.032+01:00 INFO : 50: generating IMRPhenomD from 30.0 Hz
2026-09-07T04:29:39.035+01:00 INFO : Decompressing waveform using inline_linear
2026-09-07T04:29:39.040+01:00 INFO : Filtering template 51/384 segment 1/5
2026-09-07T04:29:39.061+01:00 INFO : 1 points above threshold
2026-09-07T04:29:39.077+01:00 INFO : Filtering template 51/384 segment 2/5
2026-09-07T04:29:39.095+01:00 INFO : 1 points above threshold
2026-09-07T04:29:39.100+01:00 INFO : Filtering template 51/384 segment 3/5
2026-09-07T04:29:39.118+01:00 INFO : 3 points above threshold
2026-09-07T04:29:39.127+01:00 INFO : Filtering template 51/384 segment 4/5
2026-09-07T04:29:39.145+01:00 INFO : 1 points above threshold
2026-09-07T04:29:39.150+01:00 INFO : Filtering template 51/384 segment 5/5
2026-09-07T04:29:39.168+01:00 INFO : 3 points above threshold
2026-09-07T04:29:39.178+01:00 INFO : 51: generating IMRPhenomD from 30.0 Hz
2026-09-07T04:29:39.181+01:00 INFO : Decompressing waveform using inline_linear
2026-09-07T04:29:39.185+01:00 INFO : Filtering template 52/384 segment 1/5
2026-09-07T04:29:39.206+01:00 INFO : 2 points above threshold
2026-09-07T04:29:39.223+01:00 INFO : Filtering template 52/384 segment 2/5
2026-09-07T04:29:39.241+01:00 INFO : 1 points above threshold
2026-09-07T04:29:39.247+01:00 INFO : Filtering template 52/384 segment 3/5
2026-09-07T04:29:39.264+01:00 INFO : Filtering template 52/384 segment 4/5
2026-09-07T04:29:39.282+01:00 INFO : 1 points above threshold
2026-09-07T04:29:39.287+01:00 INFO : Filtering template 52/384 segment 5/5
2026-09-07T04:29:39.306+01:00 INFO : 2 points above threshold
2026-09-07T04:29:39.313+01:00 INFO : 52: generating IMRPhenomD from 30.0 Hz
2026-09-07T04:29:39.316+01:00 INFO : Decompressing waveform using inline_linear
2026-09-07T04:29:39.321+01:00 INFO : Filtering template 53/384 segment 1/5
2026-09-07T04:29:39.341+01:00 INFO : 1 points above threshold
2026-09-07T04:29:39.357+01:00 INFO : Filtering template 53/384 segment 2/5
2026-09-07T04:29:39.375+01:00 INFO : 3 points above threshold
2026-09-07T04:29:39.384+01:00 INFO : Filtering template 53/384 segment 3/5
2026-09-07T04:29:39.402+01:00 INFO : Filtering template 53/384 segment 4/5
2026-09-07T04:29:39.420+01:00 INFO : 1 points above threshold
2026-09-07T04:29:39.426+01:00 INFO : Filtering template 53/384 segment 5/5
2026-09-07T04:29:39.444+01:00 INFO : 53: generating IMRPhenomD from 30.0 Hz
2026-09-07T04:29:39.447+01:00 INFO : Decompressing waveform using inline_linear
2026-09-07T04:29:39.451+01:00 INFO : Filtering template 54/384 segment 1/5
2026-09-07T04:29:39.472+01:00 INFO : 3 points above threshold
2026-09-07T04:29:39.491+01:00 INFO : Filtering template 54/384 segment 2/5
2026-09-07T04:29:39.509+01:00 INFO : 4 points above threshold
2026-09-07T04:29:39.518+01:00 INFO : Filtering template 54/384 segment 3/5
2026-09-07T04:29:39.536+01:00 INFO : Filtering template 54/384 segment 4/5
2026-09-07T04:29:39.554+01:00 INFO : 2 points above threshold
2026-09-07T04:29:39.561+01:00 INFO : Filtering template 54/384 segment 5/5
2026-09-07T04:29:39.579+01:00 INFO : 2 points above threshold
2026-09-07T04:29:39.586+01:00 INFO : 54: generating IMRPhenomD from 30.0 Hz
2026-09-07T04:29:39.589+01:00 INFO : Decompressing waveform using inline_linear
2026-09-07T04:29:39.594+01:00 INFO : Filtering template 55/384 segment 1/5
2026-09-07T04:29:39.614+01:00 INFO : Filtering template 55/384 segment 2/5
2026-09-07T04:29:39.633+01:00 INFO : 2 points above threshold
2026-09-07T04:29:39.650+01:00 INFO : Filtering template 55/384 segment 3/5
2026-09-07T04:29:39.668+01:00 INFO : Filtering template 55/384 segment 4/5
2026-09-07T04:29:39.686+01:00 INFO : Filtering template 55/384 segment 5/5
2026-09-07T04:29:39.704+01:00 INFO : 1 points above threshold
2026-09-07T04:29:39.710+01:00 INFO : 55: generating IMRPhenomD from 30.0 Hz
2026-09-07T04:29:39.713+01:00 INFO : Decompressing waveform using inline_linear
2026-09-07T04:29:39.717+01:00 INFO : Filtering template 56/384 segment 1/5
2026-09-07T04:29:39.738+01:00 INFO : 1 points above threshold
2026-09-07T04:29:39.753+01:00 INFO : Filtering template 56/384 segment 2/5
2026-09-07T04:29:39.771+01:00 INFO : Filtering template 56/384 segment 3/5
2026-09-07T04:29:39.789+01:00 INFO : 2 points above threshold
2026-09-07T04:29:39.797+01:00 INFO : Filtering template 56/384 segment 4/5
2026-09-07T04:29:39.816+01:00 INFO : 1 points above threshold
2026-09-07T04:29:39.821+01:00 INFO : Filtering template 56/384 segment 5/5
2026-09-07T04:29:39.839+01:00 INFO : 56: generating IMRPhenomD from 30.0 Hz
2026-09-07T04:29:39.843+01:00 INFO : Decompressing waveform using inline_linear
2026-09-07T04:29:39.848+01:00 INFO : Filtering template 57/384 segment 1/5
2026-09-07T04:29:39.871+01:00 INFO : 2 points above threshold
2026-09-07T04:29:39.889+01:00 INFO : Filtering template 57/384 segment 2/5
2026-09-07T04:29:39.908+01:00 INFO : 1 points above threshold
2026-09-07T04:29:39.913+01:00 INFO : Filtering template 57/384 segment 3/5
2026-09-07T04:29:39.931+01:00 INFO : Filtering template 57/384 segment 4/5
2026-09-07T04:29:39.949+01:00 INFO : 1 points above threshold
2026-09-07T04:29:39.954+01:00 INFO : Filtering template 57/384 segment 5/5
2026-09-07T04:29:39.973+01:00 INFO : 57: generating IMRPhenomD from 30.0 Hz
2026-09-07T04:29:39.975+01:00 INFO : Decompressing waveform using inline_linear
2026-09-07T04:29:39.980+01:00 INFO : Filtering template 58/384 segment 1/5
2026-09-07T04:29:40.000+01:00 INFO : 2 points above threshold
2026-09-07T04:29:40.018+01:00 INFO : Filtering template 58/384 segment 2/5
2026-09-07T04:29:40.036+01:00 INFO : 2 points above threshold
2026-09-07T04:29:40.043+01:00 INFO : Filtering template 58/384 segment 3/5
2026-09-07T04:29:40.061+01:00 INFO : Filtering template 58/384 segment 4/5
2026-09-07T04:29:40.079+01:00 INFO : 1 points above threshold
2026-09-07T04:29:40.084+01:00 INFO : Filtering template 58/384 segment 5/5
2026-09-07T04:29:40.102+01:00 INFO : 1 points above threshold
2026-09-07T04:29:40.108+01:00 INFO : 58: generating IMRPhenomD from 30.0 Hz
2026-09-07T04:29:40.111+01:00 INFO : Decompressing waveform using inline_linear
2026-09-07T04:29:40.115+01:00 INFO : Filtering template 59/384 segment 1/5
2026-09-07T04:29:40.135+01:00 INFO : 1 points above threshold
2026-09-07T04:29:40.152+01:00 INFO : Filtering template 59/384 segment 2/5
2026-09-07T04:29:40.170+01:00 INFO : Filtering template 59/384 segment 3/5
2026-09-07T04:29:40.189+01:00 INFO : 1 points above threshold
2026-09-07T04:29:40.194+01:00 INFO : Filtering template 59/384 segment 4/5
2026-09-07T04:29:40.212+01:00 INFO : Filtering template 59/384 segment 5/5
2026-09-07T04:29:40.230+01:00 INFO : 59: generating IMRPhenomD from 30.0 Hz
2026-09-07T04:29:40.233+01:00 INFO : Decompressing waveform using inline_linear
2026-09-07T04:29:40.238+01:00 INFO : Filtering template 60/384 segment 1/5
2026-09-07T04:29:40.259+01:00 INFO : 2 points above threshold
2026-09-07T04:29:40.278+01:00 INFO : Filtering template 60/384 segment 2/5
2026-09-07T04:29:40.297+01:00 INFO : 1 points above threshold
2026-09-07T04:29:40.302+01:00 INFO : Filtering template 60/384 segment 3/5
2026-09-07T04:29:40.320+01:00 INFO : Filtering template 60/384 segment 4/5
2026-09-07T04:29:40.338+01:00 INFO : 1 points above threshold
2026-09-07T04:29:40.344+01:00 INFO : Filtering template 60/384 segment 5/5
2026-09-07T04:29:40.362+01:00 INFO : 1 points above threshold
2026-09-07T04:29:40.367+01:00 INFO : 60: generating IMRPhenomD from 30.0 Hz
2026-09-07T04:29:40.370+01:00 INFO : Decompressing waveform using inline_linear
2026-09-07T04:29:40.375+01:00 INFO : Filtering template 61/384 segment 1/5
2026-09-07T04:29:40.396+01:00 INFO : 2 points above threshold
2026-09-07T04:29:40.413+01:00 INFO : Filtering template 61/384 segment 2/5
2026-09-07T04:29:40.432+01:00 INFO : Filtering template 61/384 segment 3/5
2026-09-07T04:29:40.450+01:00 INFO : Filtering template 61/384 segment 4/5
2026-09-07T04:29:40.468+01:00 INFO : 4 points above threshold
2026-09-07T04:29:40.477+01:00 INFO : Filtering template 61/384 segment 5/5
2026-09-07T04:29:40.495+01:00 INFO : 2 points above threshold
2026-09-07T04:29:40.503+01:00 INFO : 61: generating IMRPhenomD from 30.0 Hz
2026-09-07T04:29:40.506+01:00 INFO : Decompressing waveform using inline_linear
2026-09-07T04:29:40.511+01:00 INFO : Filtering template 62/384 segment 1/5
2026-09-07T04:29:40.531+01:00 INFO : 1 points above threshold
2026-09-07T04:29:40.547+01:00 INFO : Filtering template 62/384 segment 2/5
2026-09-07T04:29:40.565+01:00 INFO : 3 points above threshold
2026-09-07T04:29:40.575+01:00 INFO : Filtering template 62/384 segment 3/5
2026-09-07T04:29:40.593+01:00 INFO : 2 points above threshold
2026-09-07T04:29:40.601+01:00 INFO : Filtering template 62/384 segment 4/5
2026-09-07T04:29:40.619+01:00 INFO : 1 points above threshold
2026-09-07T04:29:40.624+01:00 INFO : Filtering template 62/384 segment 5/5
2026-09-07T04:29:40.642+01:00 INFO : 3 points above threshold
2026-09-07T04:29:40.651+01:00 INFO : 62: generating IMRPhenomD from 30.0 Hz
2026-09-07T04:29:40.654+01:00 INFO : Decompressing waveform using inline_linear
2026-09-07T04:29:40.660+01:00 INFO : Filtering template 63/384 segment 1/5
2026-09-07T04:29:40.680+01:00 INFO : 1 points above threshold
2026-09-07T04:29:40.696+01:00 INFO : Filtering template 63/384 segment 2/5
2026-09-07T04:29:40.714+01:00 INFO : 1 points above threshold
2026-09-07T04:29:40.719+01:00 INFO : Filtering template 63/384 segment 3/5
2026-09-07T04:29:40.737+01:00 INFO : 2 points above threshold
2026-09-07T04:29:40.744+01:00 INFO : Filtering template 63/384 segment 4/5
2026-09-07T04:29:40.762+01:00 INFO : Filtering template 63/384 segment 5/5
2026-09-07T04:29:40.780+01:00 INFO : 1 points above threshold
2026-09-07T04:29:40.786+01:00 INFO : 63: generating IMRPhenomD from 30.0 Hz
2026-09-07T04:29:40.789+01:00 INFO : Decompressing waveform using inline_linear
2026-09-07T04:29:40.794+01:00 INFO : Filtering template 64/384 segment 1/5
2026-09-07T04:29:40.814+01:00 INFO : 2 points above threshold
2026-09-07T04:29:40.832+01:00 INFO : Filtering template 64/384 segment 2/5
2026-09-07T04:29:40.850+01:00 INFO : 2 points above threshold
2026-09-07T04:29:40.857+01:00 INFO : Filtering template 64/384 segment 3/5
2026-09-07T04:29:40.875+01:00 INFO : Filtering template 64/384 segment 4/5
2026-09-07T04:29:40.893+01:00 INFO : 4 points above threshold
2026-09-07T04:29:40.902+01:00 INFO : Filtering template 64/384 segment 5/5
2026-09-07T04:29:40.920+01:00 INFO : 1 points above threshold
2026-09-07T04:29:40.926+01:00 INFO : 64: generating IMRPhenomD from 30.0 Hz
2026-09-07T04:29:40.929+01:00 INFO : Decompressing waveform using inline_linear
2026-09-07T04:29:40.933+01:00 INFO : Filtering template 65/384 segment 1/5
2026-09-07T04:29:40.954+01:00 INFO : 2 points above threshold
2026-09-07T04:29:40.971+01:00 INFO : Filtering template 65/384 segment 2/5
2026-09-07T04:29:40.989+01:00 INFO : 1 points above threshold
2026-09-07T04:29:40.994+01:00 INFO : Filtering template 65/384 segment 3/5
2026-09-07T04:29:41.012+01:00 INFO : 1 points above threshold
2026-09-07T04:29:41.017+01:00 INFO : Filtering template 65/384 segment 4/5
2026-09-07T04:29:41.035+01:00 INFO : 1 points above threshold
2026-09-07T04:29:41.040+01:00 INFO : Filtering template 65/384 segment 5/5
2026-09-07T04:29:41.059+01:00 INFO : 1 points above threshold
2026-09-07T04:29:41.064+01:00 INFO : 65: generating IMRPhenomD from 30.0 Hz
2026-09-07T04:29:41.067+01:00 INFO : Decompressing waveform using inline_linear
2026-09-07T04:29:41.072+01:00 INFO : Filtering template 66/384 segment 1/5
2026-09-07T04:29:41.092+01:00 INFO : Filtering template 66/384 segment 2/5
2026-09-07T04:29:41.110+01:00 INFO : 2 points above threshold
2026-09-07T04:29:41.127+01:00 INFO : Filtering template 66/384 segment 3/5
2026-09-07T04:29:41.145+01:00 INFO : 1 points above threshold
2026-09-07T04:29:41.150+01:00 INFO : Filtering template 66/384 segment 4/5
2026-09-07T04:29:41.168+01:00 INFO : 1 points above threshold
2026-09-07T04:29:41.173+01:00 INFO : Filtering template 66/384 segment 5/5
2026-09-07T04:29:41.191+01:00 INFO : 1 points above threshold
2026-09-07T04:29:41.197+01:00 INFO : 66: generating IMRPhenomD from 30.0 Hz
2026-09-07T04:29:41.200+01:00 INFO : Decompressing waveform using inline_linear
2026-09-07T04:29:41.205+01:00 INFO : Filtering template 67/384 segment 1/5
2026-09-07T04:29:41.226+01:00 INFO : 1 points above threshold
2026-09-07T04:29:41.241+01:00 INFO : Filtering template 67/384 segment 2/5
2026-09-07T04:29:41.259+01:00 INFO : 1 points above threshold
2026-09-07T04:29:41.264+01:00 INFO : Filtering template 67/384 segment 3/5
2026-09-07T04:29:41.282+01:00 INFO : 2 points above threshold
2026-09-07T04:29:41.289+01:00 INFO : Filtering template 67/384 segment 4/5
2026-09-07T04:29:41.307+01:00 INFO : 1 points above threshold
2026-09-07T04:29:41.312+01:00 INFO : Filtering template 67/384 segment 5/5
2026-09-07T04:29:41.330+01:00 INFO : 1 points above threshold
2026-09-07T04:29:41.336+01:00 INFO : 67: generating IMRPhenomD from 30.0 Hz
2026-09-07T04:29:41.338+01:00 INFO : Decompressing waveform using inline_linear
2026-09-07T04:29:41.343+01:00 INFO : Filtering template 68/384 segment 1/5
2026-09-07T04:29:41.363+01:00 INFO : 2 points above threshold
2026-09-07T04:29:41.381+01:00 INFO : Filtering template 68/384 segment 2/5
2026-09-07T04:29:41.399+01:00 INFO : 1 points above threshold
2026-09-07T04:29:41.404+01:00 INFO : Filtering template 68/384 segment 3/5
2026-09-07T04:29:41.422+01:00 INFO : Filtering template 68/384 segment 4/5
2026-09-07T04:29:41.440+01:00 INFO : 2 points above threshold
2026-09-07T04:29:41.447+01:00 INFO : Filtering template 68/384 segment 5/5
2026-09-07T04:29:41.466+01:00 INFO : 1 points above threshold
2026-09-07T04:29:41.471+01:00 INFO : 68: generating IMRPhenomD from 30.0 Hz
2026-09-07T04:29:41.474+01:00 INFO : Decompressing waveform using inline_linear
2026-09-07T04:29:41.479+01:00 INFO : Filtering template 69/384 segment 1/5
2026-09-07T04:29:41.499+01:00 INFO : 1 points above threshold
2026-09-07T04:29:41.514+01:00 INFO : Filtering template 69/384 segment 2/5
2026-09-07T04:29:41.532+01:00 INFO : 1 points above threshold
2026-09-07T04:29:41.538+01:00 INFO : Filtering template 69/384 segment 3/5
2026-09-07T04:29:41.556+01:00 INFO : 1 points above threshold
2026-09-07T04:29:41.561+01:00 INFO : Filtering template 69/384 segment 4/5
2026-09-07T04:29:41.579+01:00 INFO : Filtering template 69/384 segment 5/5
2026-09-07T04:29:41.597+01:00 INFO : 1 points above threshold
2026-09-07T04:29:41.602+01:00 INFO : 69: generating IMRPhenomD from 30.0 Hz
2026-09-07T04:29:41.605+01:00 INFO : Decompressing waveform using inline_linear
2026-09-07T04:29:41.610+01:00 INFO : Filtering template 70/384 segment 1/5
2026-09-07T04:29:41.631+01:00 INFO : Filtering template 70/384 segment 2/5
2026-09-07T04:29:41.648+01:00 INFO : Filtering template 70/384 segment 3/5
2026-09-07T04:29:41.666+01:00 INFO : 1 points above threshold
2026-09-07T04:29:41.682+01:00 INFO : Filtering template 70/384 segment 4/5
2026-09-07T04:29:41.700+01:00 INFO : 1 points above threshold
2026-09-07T04:29:41.706+01:00 INFO : Filtering template 70/384 segment 5/5
2026-09-07T04:29:41.723+01:00 INFO : 1 points above threshold
2026-09-07T04:29:41.729+01:00 INFO : 70: generating IMRPhenomD from 30.0 Hz
2026-09-07T04:29:41.732+01:00 INFO : Decompressing waveform using inline_linear
2026-09-07T04:29:41.736+01:00 INFO : Filtering template 71/384 segment 1/5
2026-09-07T04:29:41.757+01:00 INFO : 1 points above threshold
2026-09-07T04:29:41.772+01:00 INFO : Filtering template 71/384 segment 2/5
2026-09-07T04:29:41.791+01:00 INFO : 1 points above threshold
2026-09-07T04:29:41.796+01:00 INFO : Filtering template 71/384 segment 3/5
2026-09-07T04:29:41.814+01:00 INFO : 1 points above threshold
2026-09-07T04:29:41.819+01:00 INFO : Filtering template 71/384 segment 4/5
2026-09-07T04:29:41.837+01:00 INFO : 3 points above threshold
2026-09-07T04:29:41.846+01:00 INFO : Filtering template 71/384 segment 5/5
2026-09-07T04:29:41.865+01:00 INFO : 71: generating IMRPhenomD from 30.0 Hz
2026-09-07T04:29:41.868+01:00 INFO : Decompressing waveform using inline_linear
2026-09-07T04:29:41.873+01:00 INFO : Filtering template 72/384 segment 1/5
2026-09-07T04:29:41.894+01:00 INFO : 1 points above threshold
2026-09-07T04:29:41.910+01:00 INFO : Filtering template 72/384 segment 2/5
2026-09-07T04:29:41.928+01:00 INFO : 2 points above threshold
2026-09-07T04:29:41.936+01:00 INFO : Filtering template 72/384 segment 3/5
2026-09-07T04:29:41.953+01:00 INFO : 1 points above threshold
2026-09-07T04:29:41.959+01:00 INFO : Filtering template 72/384 segment 4/5
2026-09-07T04:29:41.977+01:00 INFO : Filtering template 72/384 segment 5/5
2026-09-07T04:29:41.995+01:00 INFO : 1 points above threshold
2026-09-07T04:29:42.000+01:00 INFO : 72: generating IMRPhenomD from 30.0 Hz
2026-09-07T04:29:42.003+01:00 INFO : Decompressing waveform using inline_linear
2026-09-07T04:29:42.008+01:00 INFO : Filtering template 73/384 segment 1/5
2026-09-07T04:29:42.029+01:00 INFO : Filtering template 73/384 segment 2/5
2026-09-07T04:29:42.048+01:00 INFO : 1 points above threshold
2026-09-07T04:29:42.063+01:00 INFO : Filtering template 73/384 segment 3/5
2026-09-07T04:29:42.082+01:00 INFO : 2 points above threshold
2026-09-07T04:29:42.089+01:00 INFO : Filtering template 73/384 segment 4/5
2026-09-07T04:29:42.107+01:00 INFO : 1 points above threshold
2026-09-07T04:29:42.113+01:00 INFO : Filtering template 73/384 segment 5/5
2026-09-07T04:29:42.131+01:00 INFO : 2 points above threshold
2026-09-07T04:29:42.138+01:00 INFO : 73: generating IMRPhenomD from 30.0 Hz
2026-09-07T04:29:42.141+01:00 INFO : Decompressing waveform using inline_linear
2026-09-07T04:29:42.146+01:00 INFO : Filtering template 74/384 segment 1/5
2026-09-07T04:29:42.166+01:00 INFO : Filtering template 74/384 segment 2/5
2026-09-07T04:29:42.184+01:00 INFO : Filtering template 74/384 segment 3/5
2026-09-07T04:29:42.202+01:00 INFO : Filtering template 74/384 segment 4/5
2026-09-07T04:29:42.220+01:00 INFO : 1 points above threshold
2026-09-07T04:29:42.236+01:00 INFO : Filtering template 74/384 segment 5/5
2026-09-07T04:29:42.255+01:00 INFO : 1 points above threshold
2026-09-07T04:29:42.260+01:00 INFO : 74: generating IMRPhenomD from 30.0 Hz
2026-09-07T04:29:42.263+01:00 INFO : Decompressing waveform using inline_linear
2026-09-07T04:29:42.268+01:00 INFO : Filtering template 75/384 segment 1/5
2026-09-07T04:29:42.288+01:00 INFO : 3 points above threshold
2026-09-07T04:29:42.307+01:00 INFO : Filtering template 75/384 segment 2/5
2026-09-07T04:29:42.326+01:00 INFO : Filtering template 75/384 segment 3/5
2026-09-07T04:29:42.344+01:00 INFO : 1 points above threshold
2026-09-07T04:29:42.349+01:00 INFO : Filtering template 75/384 segment 4/5
2026-09-07T04:29:42.368+01:00 INFO : 2 points above threshold
2026-09-07T04:29:42.375+01:00 INFO : Filtering template 75/384 segment 5/5
2026-09-07T04:29:42.393+01:00 INFO : 75: generating IMRPhenomD from 30.0 Hz
2026-09-07T04:29:42.414+01:00 INFO : Decompressing waveform using inline_linear
2026-09-07T04:29:42.419+01:00 INFO : Filtering template 76/384 segment 1/5
2026-09-07T04:29:42.448+01:00 INFO : 2 points above threshold
2026-09-07T04:29:42.470+01:00 INFO : Filtering template 76/384 segment 2/5
2026-09-07T04:29:42.488+01:00 INFO : Filtering template 76/384 segment 3/5
2026-09-07T04:29:42.506+01:00 INFO : 1 points above threshold
2026-09-07T04:29:42.512+01:00 INFO : Filtering template 76/384 segment 4/5
2026-09-07T04:29:42.530+01:00 INFO : 2 points above threshold
2026-09-07T04:29:42.538+01:00 INFO : Filtering template 76/384 segment 5/5
2026-09-07T04:29:42.555+01:00 INFO : 2 points above threshold
2026-09-07T04:29:42.563+01:00 INFO : 76: generating IMRPhenomD from 30.0 Hz
2026-09-07T04:29:42.565+01:00 INFO : Decompressing waveform using inline_linear
2026-09-07T04:29:42.570+01:00 INFO : Filtering template 77/384 segment 1/5
2026-09-07T04:29:42.591+01:00 INFO : Filtering template 77/384 segment 2/5
2026-09-07T04:29:42.610+01:00 INFO : Filtering template 77/384 segment 3/5
2026-09-07T04:29:42.628+01:00 INFO : Filtering template 77/384 segment 4/5
2026-09-07T04:29:42.646+01:00 INFO : 2 points above threshold
2026-09-07T04:29:42.663+01:00 INFO : Filtering template 77/384 segment 5/5
2026-09-07T04:29:42.682+01:00 INFO : 77: generating IMRPhenomD from 30.0 Hz
2026-09-07T04:29:42.685+01:00 INFO : Decompressing waveform using inline_linear
2026-09-07T04:29:42.690+01:00 INFO : Filtering template 78/384 segment 1/5
2026-09-07T04:29:42.710+01:00 INFO : Filtering template 78/384 segment 2/5
2026-09-07T04:29:42.728+01:00 INFO : 1 points above threshold
2026-09-07T04:29:42.744+01:00 INFO : Filtering template 78/384 segment 3/5
2026-09-07T04:29:42.762+01:00 INFO : 2 points above threshold
2026-09-07T04:29:42.769+01:00 INFO : Filtering template 78/384 segment 4/5
2026-09-07T04:29:42.787+01:00 INFO : Filtering template 78/384 segment 5/5
2026-09-07T04:29:42.805+01:00 INFO : 2 points above threshold
2026-09-07T04:29:42.813+01:00 INFO : 78: generating IMRPhenomD from 30.0 Hz
2026-09-07T04:29:42.815+01:00 INFO : Decompressing waveform using inline_linear
2026-09-07T04:29:42.820+01:00 INFO : Filtering template 79/384 segment 1/5
2026-09-07T04:29:42.841+01:00 INFO : 4 points above threshold
2026-09-07T04:29:42.861+01:00 INFO : Filtering template 79/384 segment 2/5
2026-09-07T04:29:42.879+01:00 INFO : 1 points above threshold
2026-09-07T04:29:42.884+01:00 INFO : Filtering template 79/384 segment 3/5
2026-09-07T04:29:42.902+01:00 INFO : 1 points above threshold
2026-09-07T04:29:42.908+01:00 INFO : Filtering template 79/384 segment 4/5
2026-09-07T04:29:42.926+01:00 INFO : 1 points above threshold
2026-09-07T04:29:42.931+01:00 INFO : Filtering template 79/384 segment 5/5
2026-09-07T04:29:42.949+01:00 INFO : 79: generating IMRPhenomD from 30.0 Hz
2026-09-07T04:29:42.952+01:00 INFO : Decompressing waveform using inline_linear
2026-09-07T04:29:42.957+01:00 INFO : Filtering template 80/384 segment 1/5
2026-09-07T04:29:42.977+01:00 INFO : 1 points above threshold
2026-09-07T04:29:42.993+01:00 INFO : Filtering template 80/384 segment 2/5
2026-09-07T04:29:43.011+01:00 INFO : 1 points above threshold
2026-09-07T04:29:43.016+01:00 INFO : Filtering template 80/384 segment 3/5
2026-09-07T04:29:43.034+01:00 INFO : 1 points above threshold
2026-09-07T04:29:43.040+01:00 INFO : Filtering template 80/384 segment 4/5
2026-09-07T04:29:43.057+01:00 INFO : Filtering template 80/384 segment 5/5
2026-09-07T04:29:43.076+01:00 INFO : 1 points above threshold
2026-09-07T04:29:43.081+01:00 INFO : 80: generating IMRPhenomD from 30.0 Hz
2026-09-07T04:29:43.084+01:00 INFO : Decompressing waveform using inline_linear
2026-09-07T04:29:43.089+01:00 INFO : Filtering template 81/384 segment 1/5
2026-09-07T04:29:43.109+01:00 INFO : Filtering template 81/384 segment 2/5
2026-09-07T04:29:43.127+01:00 INFO : Filtering template 81/384 segment 3/5
2026-09-07T04:29:43.145+01:00 INFO : 1 points above threshold
2026-09-07T04:29:43.161+01:00 INFO : Filtering template 81/384 segment 4/5
2026-09-07T04:29:43.179+01:00 INFO : 1 points above threshold
2026-09-07T04:29:43.184+01:00 INFO : Filtering template 81/384 segment 5/5
2026-09-07T04:29:43.202+01:00 INFO : 81: generating IMRPhenomD from 30.0 Hz
2026-09-07T04:29:43.205+01:00 INFO : Decompressing waveform using inline_linear
2026-09-07T04:29:43.210+01:00 INFO : Filtering template 82/384 segment 1/5
2026-09-07T04:29:43.230+01:00 INFO : 1 points above threshold
2026-09-07T04:29:43.246+01:00 INFO : Filtering template 82/384 segment 2/5
2026-09-07T04:29:43.264+01:00 INFO : Filtering template 82/384 segment 3/5
2026-09-07T04:29:43.282+01:00 INFO : 1 points above threshold
2026-09-07T04:29:43.287+01:00 INFO : Filtering template 82/384 segment 4/5
2026-09-07T04:29:43.306+01:00 INFO : 2 points above threshold
2026-09-07T04:29:43.313+01:00 INFO : Filtering template 82/384 segment 5/5
2026-09-07T04:29:43.331+01:00 INFO : 82: generating IMRPhenomD from 30.0 Hz
2026-09-07T04:29:43.334+01:00 INFO : Decompressing waveform using inline_linear
2026-09-07T04:29:43.339+01:00 INFO : Filtering template 83/384 segment 1/5
2026-09-07T04:29:43.359+01:00 INFO : 2 points above threshold
2026-09-07T04:29:43.377+01:00 INFO : Filtering template 83/384 segment 2/5
2026-09-07T04:29:43.396+01:00 INFO : 1 points above threshold
2026-09-07T04:29:43.401+01:00 INFO : Filtering template 83/384 segment 3/5
2026-09-07T04:29:43.419+01:00 INFO : Filtering template 83/384 segment 4/5
2026-09-07T04:29:43.437+01:00 INFO : 3 points above threshold
2026-09-07T04:29:43.446+01:00 INFO : Filtering template 83/384 segment 5/5
2026-09-07T04:29:43.464+01:00 INFO : 3 points above threshold
2026-09-07T04:29:43.474+01:00 INFO : 83: generating IMRPhenomD from 30.0 Hz
2026-09-07T04:29:43.477+01:00 INFO : Decompressing waveform using inline_linear
2026-09-07T04:29:43.482+01:00 INFO : Filtering template 84/384 segment 1/5
2026-09-07T04:29:43.502+01:00 INFO : 1 points above threshold
2026-09-07T04:29:43.518+01:00 INFO : Filtering template 84/384 segment 2/5
2026-09-07T04:29:43.536+01:00 INFO : Filtering template 84/384 segment 3/5
2026-09-07T04:29:43.554+01:00 INFO : Filtering template 84/384 segment 4/5
2026-09-07T04:29:43.572+01:00 INFO : 2 points above threshold
2026-09-07T04:29:43.579+01:00 INFO : Filtering template 84/384 segment 5/5
2026-09-07T04:29:43.598+01:00 INFO : 1 points above threshold
2026-09-07T04:29:43.603+01:00 INFO : 84: generating IMRPhenomD from 30.0 Hz
2026-09-07T04:29:43.606+01:00 INFO : Decompressing waveform using inline_linear
2026-09-07T04:29:43.611+01:00 INFO : Filtering template 85/384 segment 1/5
2026-09-07T04:29:43.631+01:00 INFO : 1 points above threshold
2026-09-07T04:29:43.647+01:00 INFO : Filtering template 85/384 segment 2/5
2026-09-07T04:29:43.665+01:00 INFO : 2 points above threshold
2026-09-07T04:29:43.672+01:00 INFO : Filtering template 85/384 segment 3/5
2026-09-07T04:29:43.690+01:00 INFO : Filtering template 85/384 segment 4/5
2026-09-07T04:29:43.708+01:00 INFO : 1 points above threshold
2026-09-07T04:29:43.714+01:00 INFO : Filtering template 85/384 segment 5/5
2026-09-07T04:29:43.731+01:00 INFO : 2 points above threshold
2026-09-07T04:29:43.739+01:00 INFO : 85: generating IMRPhenomD from 30.0 Hz
2026-09-07T04:29:43.741+01:00 INFO : Decompressing waveform using inline_linear
2026-09-07T04:29:43.746+01:00 INFO : Filtering template 86/384 segment 1/5
2026-09-07T04:29:43.767+01:00 INFO : 3 points above threshold
2026-09-07T04:29:43.787+01:00 INFO : Filtering template 86/384 segment 2/5
2026-09-07T04:29:43.805+01:00 INFO : 2 points above threshold
2026-09-07T04:29:43.812+01:00 INFO : Filtering template 86/384 segment 3/5
2026-09-07T04:29:43.830+01:00 INFO : Filtering template 86/384 segment 4/5
2026-09-07T04:29:43.847+01:00 INFO : Filtering template 86/384 segment 5/5
2026-09-07T04:29:43.866+01:00 INFO : 86: generating IMRPhenomD from 30.0 Hz
2026-09-07T04:29:43.869+01:00 INFO : Decompressing waveform using inline_linear
2026-09-07T04:29:43.874+01:00 INFO : Filtering template 87/384 segment 1/5
2026-09-07T04:29:43.894+01:00 INFO : 3 points above threshold
2026-09-07T04:29:43.914+01:00 INFO : Filtering template 87/384 segment 2/5
2026-09-07T04:29:43.932+01:00 INFO : 2 points above threshold
2026-09-07T04:29:43.939+01:00 INFO : Filtering template 87/384 segment 3/5
2026-09-07T04:29:43.957+01:00 INFO : 2 points above threshold
2026-09-07T04:29:43.964+01:00 INFO : Filtering template 87/384 segment 4/5
2026-09-07T04:29:43.982+01:00 INFO : 4 points above threshold
2026-09-07T04:29:43.991+01:00 INFO : Filtering template 87/384 segment 5/5
2026-09-07T04:29:44.009+01:00 INFO : 1 points above threshold
2026-09-07T04:29:44.014+01:00 INFO : 87: generating IMRPhenomD from 30.0 Hz
2026-09-07T04:29:44.017+01:00 INFO : Decompressing waveform using inline_linear
2026-09-07T04:29:44.023+01:00 INFO : Filtering template 88/384 segment 1/5
2026-09-07T04:29:44.043+01:00 INFO : 1 points above threshold
2026-09-07T04:29:44.058+01:00 INFO : Filtering template 88/384 segment 2/5
2026-09-07T04:29:44.076+01:00 INFO : 2 points above threshold
2026-09-07T04:29:44.083+01:00 INFO : Filtering template 88/384 segment 3/5
2026-09-07T04:29:44.101+01:00 INFO : Filtering template 88/384 segment 4/5
2026-09-07T04:29:44.120+01:00 INFO : Filtering template 88/384 segment 5/5
2026-09-07T04:29:44.138+01:00 INFO : 88: generating IMRPhenomD from 30.0 Hz
2026-09-07T04:29:44.141+01:00 INFO : Decompressing waveform using inline_linear
2026-09-07T04:29:44.146+01:00 INFO : Filtering template 89/384 segment 1/5
2026-09-07T04:29:44.166+01:00 INFO : 5 points above threshold
2026-09-07T04:29:44.189+01:00 INFO : Filtering template 89/384 segment 2/5
2026-09-07T04:29:44.207+01:00 INFO : 1 points above threshold
2026-09-07T04:29:44.212+01:00 INFO : Filtering template 89/384 segment 3/5
2026-09-07T04:29:44.230+01:00 INFO : 1 points above threshold
2026-09-07T04:29:44.235+01:00 INFO : Filtering template 89/384 segment 4/5
2026-09-07T04:29:44.253+01:00 INFO : 2 points above threshold
2026-09-07T04:29:44.260+01:00 INFO : Filtering template 89/384 segment 5/5
2026-09-07T04:29:44.278+01:00 INFO : 89: generating IMRPhenomD from 30.0 Hz
2026-09-07T04:29:44.281+01:00 INFO : Decompressing waveform using inline_linear
2026-09-07T04:29:44.286+01:00 INFO : Filtering template 90/384 segment 1/5
2026-09-07T04:29:44.306+01:00 INFO : Filtering template 90/384 segment 2/5
2026-09-07T04:29:44.324+01:00 INFO : 1 points above threshold
2026-09-07T04:29:44.340+01:00 INFO : Filtering template 90/384 segment 3/5
2026-09-07T04:29:44.358+01:00 INFO : Filtering template 90/384 segment 4/5
2026-09-07T04:29:44.376+01:00 INFO : 1 points above threshold
2026-09-07T04:29:44.381+01:00 INFO : Filtering template 90/384 segment 5/5
2026-09-07T04:29:44.399+01:00 INFO : 90: generating IMRPhenomD from 30.0 Hz
2026-09-07T04:29:44.402+01:00 INFO : Decompressing waveform using inline_linear
2026-09-07T04:29:44.407+01:00 INFO : Filtering template 91/384 segment 1/5
2026-09-07T04:29:44.428+01:00 INFO : Filtering template 91/384 segment 2/5
2026-09-07T04:29:44.446+01:00 INFO : 1 points above threshold
2026-09-07T04:29:44.461+01:00 INFO : Filtering template 91/384 segment 3/5
2026-09-07T04:29:44.479+01:00 INFO : 2 points above threshold
2026-09-07T04:29:44.486+01:00 INFO : Filtering template 91/384 segment 4/5
2026-09-07T04:29:44.505+01:00 INFO : 2 points above threshold
2026-09-07T04:29:44.512+01:00 INFO : Filtering template 91/384 segment 5/5
2026-09-07T04:29:44.530+01:00 INFO : 91: generating IMRPhenomD from 30.0 Hz
2026-09-07T04:29:44.533+01:00 INFO : Decompressing waveform using inline_linear
2026-09-07T04:29:44.538+01:00 INFO : Filtering template 92/384 segment 1/5
2026-09-07T04:29:44.558+01:00 INFO : Filtering template 92/384 segment 2/5
2026-09-07T04:29:44.576+01:00 INFO : Filtering template 92/384 segment 3/5
2026-09-07T04:29:44.595+01:00 INFO : Filtering template 92/384 segment 4/5
2026-09-07T04:29:44.613+01:00 INFO : Filtering template 92/384 segment 5/5
2026-09-07T04:29:44.631+01:00 INFO : 92: generating IMRPhenomD from 30.0 Hz
2026-09-07T04:29:44.634+01:00 INFO : Decompressing waveform using inline_linear
2026-09-07T04:29:44.639+01:00 INFO : Filtering template 93/384 segment 1/5
2026-09-07T04:29:44.659+01:00 INFO : 2 points above threshold
2026-09-07T04:29:44.680+01:00 INFO : Filtering template 93/384 segment 2/5
2026-09-07T04:29:44.698+01:00 INFO : 2 points above threshold
2026-09-07T04:29:44.705+01:00 INFO : Filtering template 93/384 segment 3/5
2026-09-07T04:29:44.722+01:00 INFO : Filtering template 93/384 segment 4/5
2026-09-07T04:29:44.740+01:00 INFO : Filtering template 93/384 segment 5/5
2026-09-07T04:29:44.759+01:00 INFO : 1 points above threshold
2026-09-07T04:29:44.764+01:00 INFO : 93: generating IMRPhenomD from 30.0 Hz
2026-09-07T04:29:44.767+01:00 INFO : Decompressing waveform using inline_linear
2026-09-07T04:29:44.772+01:00 INFO : Filtering template 94/384 segment 1/5
2026-09-07T04:29:44.792+01:00 INFO : 2 points above threshold
2026-09-07T04:29:44.811+01:00 INFO : Filtering template 94/384 segment 2/5
2026-09-07T04:29:44.829+01:00 INFO : 3 points above threshold
2026-09-07T04:29:44.838+01:00 INFO : Filtering template 94/384 segment 3/5
2026-09-07T04:29:44.856+01:00 INFO : 1 points above threshold
2026-09-07T04:29:44.861+01:00 INFO : Filtering template 94/384 segment 4/5
2026-09-07T04:29:44.879+01:00 INFO : 1 points above threshold
2026-09-07T04:29:44.885+01:00 INFO : Filtering template 94/384 segment 5/5
2026-09-07T04:29:44.903+01:00 INFO : 1 points above threshold
2026-09-07T04:29:44.909+01:00 INFO : 94: generating IMRPhenomD from 30.0 Hz
2026-09-07T04:29:44.912+01:00 INFO : Decompressing waveform using inline_linear
2026-09-07T04:29:44.917+01:00 INFO : Filtering template 95/384 segment 1/5
2026-09-07T04:29:44.938+01:00 INFO : 4 points above threshold
2026-09-07T04:29:44.965+01:00 INFO : Filtering template 95/384 segment 2/5
2026-09-07T04:29:44.989+01:00 INFO : 1 points above threshold
2026-09-07T04:29:44.994+01:00 INFO : Filtering template 95/384 segment 3/5
2026-09-07T04:29:45.013+01:00 INFO : Filtering template 95/384 segment 4/5
2026-09-07T04:29:45.031+01:00 INFO : Filtering template 95/384 segment 5/5
2026-09-07T04:29:45.049+01:00 INFO : 1 points above threshold
2026-09-07T04:29:45.054+01:00 INFO : 95: generating IMRPhenomD from 30.0 Hz
2026-09-07T04:29:45.057+01:00 INFO : Decompressing waveform using inline_linear
2026-09-07T04:29:45.062+01:00 INFO : Filtering template 96/384 segment 1/5
2026-09-07T04:29:45.083+01:00 INFO : Filtering template 96/384 segment 2/5
2026-09-07T04:29:45.101+01:00 INFO : Filtering template 96/384 segment 3/5
2026-09-07T04:29:45.118+01:00 INFO : Filtering template 96/384 segment 4/5
2026-09-07T04:29:45.137+01:00 INFO : Filtering template 96/384 segment 5/5
2026-09-07T04:29:45.155+01:00 INFO : 96: generating IMRPhenomD from 30.0 Hz
2026-09-07T04:29:45.158+01:00 INFO : Decompressing waveform using inline_linear
2026-09-07T04:29:45.163+01:00 INFO : Filtering template 97/384 segment 1/5
2026-09-07T04:29:45.184+01:00 INFO : 2 points above threshold
2026-09-07T04:29:45.203+01:00 INFO : Filtering template 97/384 segment 2/5
2026-09-07T04:29:45.228+01:00 INFO : Filtering template 97/384 segment 3/5
2026-09-07T04:29:45.261+01:00 INFO : Filtering template 97/384 segment 4/5
2026-09-07T04:29:45.279+01:00 INFO : 1 points above threshold
2026-09-07T04:29:45.284+01:00 INFO : Filtering template 97/384 segment 5/5
2026-09-07T04:29:45.303+01:00 INFO : 97: generating IMRPhenomD from 30.0 Hz
2026-09-07T04:29:45.306+01:00 INFO : Decompressing waveform using inline_linear
2026-09-07T04:29:45.311+01:00 INFO : Filtering template 98/384 segment 1/5
2026-09-07T04:29:45.331+01:00 INFO : 1 points above threshold
2026-09-07T04:29:45.347+01:00 INFO : Filtering template 98/384 segment 2/5
2026-09-07T04:29:45.365+01:00 INFO : 1 points above threshold
2026-09-07T04:29:45.370+01:00 INFO : Filtering template 98/384 segment 3/5
2026-09-07T04:29:45.388+01:00 INFO : 4 points above threshold
2026-09-07T04:29:45.397+01:00 INFO : Filtering template 98/384 segment 4/5
2026-09-07T04:29:45.415+01:00 INFO : 1 points above threshold
2026-09-07T04:29:45.420+01:00 INFO : Filtering template 98/384 segment 5/5
2026-09-07T04:29:45.438+01:00 INFO : 98: generating IMRPhenomD from 30.0 Hz
2026-09-07T04:29:45.441+01:00 INFO : Decompressing waveform using inline_linear
2026-09-07T04:29:45.446+01:00 INFO : Filtering template 99/384 segment 1/5
2026-09-07T04:29:45.466+01:00 INFO : 2 points above threshold
2026-09-07T04:29:45.484+01:00 INFO : Filtering template 99/384 segment 2/5
2026-09-07T04:29:45.502+01:00 INFO : 2 points above threshold
2026-09-07T04:29:45.509+01:00 INFO : Filtering template 99/384 segment 3/5
2026-09-07T04:29:45.527+01:00 INFO : 2 points above threshold
2026-09-07T04:29:45.534+01:00 INFO : Filtering template 99/384 segment 4/5
2026-09-07T04:29:45.552+01:00 INFO : 2 points above threshold
2026-09-07T04:29:45.559+01:00 INFO : Filtering template 99/384 segment 5/5
2026-09-07T04:29:45.577+01:00 INFO : 1 points above threshold
2026-09-07T04:29:45.582+01:00 INFO : 99: generating IMRPhenomD from 30.0 Hz
2026-09-07T04:29:45.585+01:00 INFO : Decompressing waveform using inline_linear
2026-09-07T04:29:45.590+01:00 INFO : Filtering template 100/384 segment 1/5
2026-09-07T04:29:45.610+01:00 INFO : 1 points above threshold
2026-09-07T04:29:45.627+01:00 INFO : Filtering template 100/384 segment 2/5
2026-09-07T04:29:45.646+01:00 INFO : 2 points above threshold
2026-09-07T04:29:45.653+01:00 INFO : Filtering template 100/384 segment 3/5
2026-09-07T04:29:45.671+01:00 INFO : Filtering template 100/384 segment 4/5
2026-09-07T04:29:45.689+01:00 INFO : Filtering template 100/384 segment 5/5
2026-09-07T04:29:45.706+01:00 INFO : 100: generating IMRPhenomD from 30.0 Hz
2026-09-07T04:29:45.710+01:00 INFO : Decompressing waveform using inline_linear
2026-09-07T04:29:45.715+01:00 INFO : Filtering template 101/384 segment 1/5
2026-09-07T04:29:45.735+01:00 INFO : Filtering template 101/384 segment 2/5
2026-09-07T04:29:45.753+01:00 INFO : 1 points above threshold
2026-09-07T04:29:45.768+01:00 INFO : Filtering template 101/384 segment 3/5
2026-09-07T04:29:45.786+01:00 INFO : Filtering template 101/384 segment 4/5
2026-09-07T04:29:45.804+01:00 INFO : 1 points above threshold
2026-09-07T04:29:45.809+01:00 INFO : Filtering template 101/384 segment 5/5
2026-09-07T04:29:45.828+01:00 INFO : 101: generating IMRPhenomD from 30.0 Hz
2026-09-07T04:29:45.831+01:00 INFO : Decompressing waveform using inline_linear
2026-09-07T04:29:45.835+01:00 INFO : Filtering template 102/384 segment 1/5
2026-09-07T04:29:45.856+01:00 INFO : 2 points above threshold
2026-09-07T04:29:45.873+01:00 INFO : Filtering template 102/384 segment 2/5
2026-09-07T04:29:45.892+01:00 INFO : 1 points above threshold
2026-09-07T04:29:45.897+01:00 INFO : Filtering template 102/384 segment 3/5
2026-09-07T04:29:45.915+01:00 INFO : Filtering template 102/384 segment 4/5
2026-09-07T04:29:45.933+01:00 INFO : 2 points above threshold
2026-09-07T04:29:45.940+01:00 INFO : Filtering template 102/384 segment 5/5
2026-09-07T04:29:45.958+01:00 INFO : 1 points above threshold
2026-09-07T04:29:45.964+01:00 INFO : 102: generating IMRPhenomD from 30.0 Hz
2026-09-07T04:29:45.967+01:00 INFO : Decompressing waveform using inline_linear
2026-09-07T04:29:45.971+01:00 INFO : Filtering template 103/384 segment 1/5
2026-09-07T04:29:45.992+01:00 INFO : Filtering template 103/384 segment 2/5
2026-09-07T04:29:46.010+01:00 INFO : 1 points above threshold
2026-09-07T04:29:46.025+01:00 INFO : Filtering template 103/384 segment 3/5
2026-09-07T04:29:46.044+01:00 INFO : 2 points above threshold
2026-09-07T04:29:46.051+01:00 INFO : Filtering template 103/384 segment 4/5
2026-09-07T04:29:46.069+01:00 INFO : Filtering template 103/384 segment 5/5
2026-09-07T04:29:46.087+01:00 INFO : 103: generating IMRPhenomD from 30.0 Hz
2026-09-07T04:29:46.090+01:00 INFO : Decompressing waveform using inline_linear
2026-09-07T04:29:46.095+01:00 INFO : Filtering template 104/384 segment 1/5
2026-09-07T04:29:46.115+01:00 INFO : 1 points above threshold
2026-09-07T04:29:46.131+01:00 INFO : Filtering template 104/384 segment 2/5
2026-09-07T04:29:46.149+01:00 INFO : Filtering template 104/384 segment 3/5
2026-09-07T04:29:46.167+01:00 INFO : 2 points above threshold
2026-09-07T04:29:46.174+01:00 INFO : Filtering template 104/384 segment 4/5
2026-09-07T04:29:46.192+01:00 INFO : 1 points above threshold
2026-09-07T04:29:46.197+01:00 INFO : Filtering template 104/384 segment 5/5
2026-09-07T04:29:46.216+01:00 INFO : 104: generating IMRPhenomD from 30.0 Hz
2026-09-07T04:29:46.218+01:00 INFO : Decompressing waveform using inline_linear
2026-09-07T04:29:46.223+01:00 INFO : Filtering template 105/384 segment 1/5
2026-09-07T04:29:46.243+01:00 INFO : Filtering template 105/384 segment 2/5
2026-09-07T04:29:46.261+01:00 INFO : 2 points above threshold
2026-09-07T04:29:46.279+01:00 INFO : Filtering template 105/384 segment 3/5
2026-09-07T04:29:46.297+01:00 INFO : 1 points above threshold
2026-09-07T04:29:46.302+01:00 INFO : Filtering template 105/384 segment 4/5
2026-09-07T04:29:46.320+01:00 INFO : 7 points above threshold
2026-09-07T04:29:46.336+01:00 INFO : Filtering template 105/384 segment 5/5
2026-09-07T04:29:46.355+01:00 INFO : 105: generating IMRPhenomD from 30.0 Hz
2026-09-07T04:29:46.358+01:00 INFO : Decompressing waveform using inline_linear
2026-09-07T04:29:46.363+01:00 INFO : Filtering template 106/384 segment 1/5
2026-09-07T04:29:46.383+01:00 INFO : 2 points above threshold
2026-09-07T04:29:46.400+01:00 INFO : Filtering template 106/384 segment 2/5
2026-09-07T04:29:46.418+01:00 INFO : Filtering template 106/384 segment 3/5
2026-09-07T04:29:46.436+01:00 INFO : 1 points above threshold
2026-09-07T04:29:46.441+01:00 INFO : Filtering template 106/384 segment 4/5
2026-09-07T04:29:46.459+01:00 INFO : 1 points above threshold
2026-09-07T04:29:46.465+01:00 INFO : Filtering template 106/384 segment 5/5
2026-09-07T04:29:46.483+01:00 INFO : 1 points above threshold
2026-09-07T04:29:46.488+01:00 INFO : 106: generating IMRPhenomD from 30.0 Hz
2026-09-07T04:29:46.491+01:00 INFO : Decompressing waveform using inline_linear
2026-09-07T04:29:46.496+01:00 INFO : Filtering template 107/384 segment 1/5
2026-09-07T04:29:46.516+01:00 INFO : 2 points above threshold
2026-09-07T04:29:46.534+01:00 INFO : Filtering template 107/384 segment 2/5
2026-09-07T04:29:46.551+01:00 INFO : 1 points above threshold
2026-09-07T04:29:46.557+01:00 INFO : Filtering template 107/384 segment 3/5
2026-09-07T04:29:46.575+01:00 INFO : Filtering template 107/384 segment 4/5
2026-09-07T04:29:46.593+01:00 INFO : Filtering template 107/384 segment 5/5
2026-09-07T04:29:46.612+01:00 INFO : 107: generating IMRPhenomD from 30.0 Hz
2026-09-07T04:29:46.614+01:00 INFO : Decompressing waveform using inline_linear
2026-09-07T04:29:46.619+01:00 INFO : Filtering template 108/384 segment 1/5
2026-09-07T04:29:46.639+01:00 INFO : 1 points above threshold
2026-09-07T04:29:46.655+01:00 INFO : Filtering template 108/384 segment 2/5
2026-09-07T04:29:46.673+01:00 INFO : 1 points above threshold
2026-09-07T04:29:46.678+01:00 INFO : Filtering template 108/384 segment 3/5
2026-09-07T04:29:46.696+01:00 INFO : Filtering template 108/384 segment 4/5
2026-09-07T04:29:46.714+01:00 INFO : 4 points above threshold
2026-09-07T04:29:46.723+01:00 INFO : Filtering template 108/384 segment 5/5
2026-09-07T04:29:46.742+01:00 INFO : 108: generating IMRPhenomD from 30.0 Hz
2026-09-07T04:29:46.744+01:00 INFO : Decompressing waveform using inline_linear
2026-09-07T04:29:46.749+01:00 INFO : Filtering template 109/384 segment 1/5
2026-09-07T04:29:46.770+01:00 INFO : 2 points above threshold
2026-09-07T04:29:46.787+01:00 INFO : Filtering template 109/384 segment 2/5
2026-09-07T04:29:46.805+01:00 INFO : Filtering template 109/384 segment 3/5
2026-09-07T04:29:46.823+01:00 INFO : Filtering template 109/384 segment 4/5
2026-09-07T04:29:46.841+01:00 INFO : Filtering template 109/384 segment 5/5
2026-09-07T04:29:46.859+01:00 INFO : 3 points above threshold
2026-09-07T04:29:46.868+01:00 INFO : 109: generating IMRPhenomD from 30.0 Hz
2026-09-07T04:29:46.871+01:00 INFO : Decompressing waveform using inline_linear
2026-09-07T04:29:46.876+01:00 INFO : Filtering template 110/384 segment 1/5
2026-09-07T04:29:46.896+01:00 INFO : 1 points above threshold
2026-09-07T04:29:46.912+01:00 INFO : Filtering template 110/384 segment 2/5
2026-09-07T04:29:46.930+01:00 INFO : Filtering template 110/384 segment 3/5
2026-09-07T04:29:46.948+01:00 INFO : 1 points above threshold
2026-09-07T04:29:46.953+01:00 INFO : Filtering template 110/384 segment 4/5
2026-09-07T04:29:46.971+01:00 INFO : 2 points above threshold
2026-09-07T04:29:46.978+01:00 INFO : Filtering template 110/384 segment 5/5
2026-09-07T04:29:46.997+01:00 INFO : 110: generating IMRPhenomD from 30.0 Hz
2026-09-07T04:29:47.000+01:00 INFO : Decompressing waveform using inline_linear
2026-09-07T04:29:47.004+01:00 INFO : Filtering template 111/384 segment 1/5
2026-09-07T04:29:47.025+01:00 INFO : Filtering template 111/384 segment 2/5
2026-09-07T04:29:47.043+01:00 INFO : 1 points above threshold
2026-09-07T04:29:47.058+01:00 INFO : Filtering template 111/384 segment 3/5
2026-09-07T04:29:47.076+01:00 INFO : 1 points above threshold
2026-09-07T04:29:47.082+01:00 INFO : Filtering template 111/384 segment 4/5
2026-09-07T04:29:47.099+01:00 INFO : Filtering template 111/384 segment 5/5
2026-09-07T04:29:47.117+01:00 INFO : 111: generating IMRPhenomD from 30.0 Hz
2026-09-07T04:29:47.120+01:00 INFO : Decompressing waveform using inline_linear
2026-09-07T04:29:47.125+01:00 INFO : Filtering template 112/384 segment 1/5
2026-09-07T04:29:47.146+01:00 INFO : 4 points above threshold
2026-09-07T04:29:47.165+01:00 INFO : Filtering template 112/384 segment 2/5
2026-09-07T04:29:47.183+01:00 INFO : Filtering template 112/384 segment 3/5
2026-09-07T04:29:47.201+01:00 INFO : 1 points above threshold
2026-09-07T04:29:47.206+01:00 INFO : Filtering template 112/384 segment 4/5
2026-09-07T04:29:47.225+01:00 INFO : 2 points above threshold
2026-09-07T04:29:47.232+01:00 INFO : Filtering template 112/384 segment 5/5
2026-09-07T04:29:47.249+01:00 INFO : 2 points above threshold
2026-09-07T04:29:47.257+01:00 INFO : 112: generating IMRPhenomD from 30.0 Hz
2026-09-07T04:29:47.260+01:00 INFO : Decompressing waveform using inline_linear
2026-09-07T04:29:47.264+01:00 INFO : Filtering template 113/384 segment 1/5
2026-09-07T04:29:47.285+01:00 INFO : 2 points above threshold
2026-09-07T04:29:47.302+01:00 INFO : Filtering template 113/384 segment 2/5
2026-09-07T04:29:47.320+01:00 INFO : 3 points above threshold
2026-09-07T04:29:47.330+01:00 INFO : Filtering template 113/384 segment 3/5
2026-09-07T04:29:47.347+01:00 INFO : Filtering template 113/384 segment 4/5
2026-09-07T04:29:47.365+01:00 INFO : Filtering template 113/384 segment 5/5
2026-09-07T04:29:47.384+01:00 INFO : 113: generating IMRPhenomD from 30.0 Hz
2026-09-07T04:29:47.387+01:00 INFO : Decompressing waveform using inline_linear
2026-09-07T04:29:47.392+01:00 INFO : Filtering template 114/384 segment 1/5
2026-09-07T04:29:47.412+01:00 INFO : 1 points above threshold
2026-09-07T04:29:47.427+01:00 INFO : Filtering template 114/384 segment 2/5
2026-09-07T04:29:47.445+01:00 INFO : Filtering template 114/384 segment 3/5
2026-09-07T04:29:47.463+01:00 INFO : 1 points above threshold
2026-09-07T04:29:47.469+01:00 INFO : Filtering template 114/384 segment 4/5
2026-09-07T04:29:47.487+01:00 INFO : 1 points above threshold
2026-09-07T04:29:47.492+01:00 INFO : Filtering template 114/384 segment 5/5
2026-09-07T04:29:47.510+01:00 INFO : 1 points above threshold
2026-09-07T04:29:47.515+01:00 INFO : 114: generating IMRPhenomD from 30.0 Hz
2026-09-07T04:29:47.518+01:00 INFO : Decompressing waveform using inline_linear
2026-09-07T04:29:47.523+01:00 INFO : Filtering template 115/384 segment 1/5
2026-09-07T04:29:47.543+01:00 INFO : 4 points above threshold
2026-09-07T04:29:47.562+01:00 INFO : Filtering template 115/384 segment 2/5
2026-09-07T04:29:47.580+01:00 INFO : 1 points above threshold
2026-09-07T04:29:47.586+01:00 INFO : Filtering template 115/384 segment 3/5
2026-09-07T04:29:47.603+01:00 INFO : Filtering template 115/384 segment 4/5
2026-09-07T04:29:47.622+01:00 INFO : 2 points above threshold
2026-09-07T04:29:47.629+01:00 INFO : Filtering template 115/384 segment 5/5
2026-09-07T04:29:47.647+01:00 INFO : 115: generating IMRPhenomD from 30.0 Hz
2026-09-07T04:29:47.650+01:00 INFO : Decompressing waveform using inline_linear
2026-09-07T04:29:47.655+01:00 INFO : Filtering template 116/384 segment 1/5
2026-09-07T04:29:47.675+01:00 INFO : Filtering template 116/384 segment 2/5
2026-09-07T04:29:47.693+01:00 INFO : 2 points above threshold
2026-09-07T04:29:47.711+01:00 INFO : Filtering template 116/384 segment 3/5
2026-09-07T04:29:47.729+01:00 INFO : 1 points above threshold
2026-09-07T04:29:47.734+01:00 INFO : Filtering template 116/384 segment 4/5
2026-09-07T04:29:47.752+01:00 INFO : 2 points above threshold
2026-09-07T04:29:47.759+01:00 INFO : Filtering template 116/384 segment 5/5
2026-09-07T04:29:47.777+01:00 INFO : 1 points above threshold
2026-09-07T04:29:47.782+01:00 INFO : 116: generating IMRPhenomD from 30.0 Hz
2026-09-07T04:29:47.785+01:00 INFO : Decompressing waveform using inline_linear
2026-09-07T04:29:47.790+01:00 INFO : Filtering template 117/384 segment 1/5
2026-09-07T04:29:47.810+01:00 INFO : Filtering template 117/384 segment 2/5
2026-09-07T04:29:47.828+01:00 INFO : Filtering template 117/384 segment 3/5
2026-09-07T04:29:47.846+01:00 INFO : 3 points above threshold
2026-09-07T04:29:47.866+01:00 INFO : Filtering template 117/384 segment 4/5
2026-09-07T04:29:47.884+01:00 INFO : 2 points above threshold
2026-09-07T04:29:47.891+01:00 INFO : Filtering template 117/384 segment 5/5
2026-09-07T04:29:47.909+01:00 INFO : 1 points above threshold
2026-09-07T04:29:47.915+01:00 INFO : 117: generating IMRPhenomD from 30.0 Hz
2026-09-07T04:29:47.918+01:00 INFO : Decompressing waveform using inline_linear
2026-09-07T04:29:47.923+01:00 INFO : Filtering template 118/384 segment 1/5
2026-09-07T04:29:47.943+01:00 INFO : 1 points above threshold
2026-09-07T04:29:47.959+01:00 INFO : Filtering template 118/384 segment 2/5
2026-09-07T04:29:47.977+01:00 INFO : Filtering template 118/384 segment 3/5
2026-09-07T04:29:47.994+01:00 INFO : 3 points above threshold
2026-09-07T04:29:48.004+01:00 INFO : Filtering template 118/384 segment 4/5
2026-09-07T04:29:48.022+01:00 INFO : 2 points above threshold
2026-09-07T04:29:48.029+01:00 INFO : Filtering template 118/384 segment 5/5
2026-09-07T04:29:48.047+01:00 INFO : 3 points above threshold
2026-09-07T04:29:48.056+01:00 INFO : 118: generating IMRPhenomD from 30.0 Hz
2026-09-07T04:29:48.059+01:00 INFO : Decompressing waveform using inline_linear
2026-09-07T04:29:48.064+01:00 INFO : Filtering template 119/384 segment 1/5
2026-09-07T04:29:48.084+01:00 INFO : 1 points above threshold
2026-09-07T04:29:48.100+01:00 INFO : Filtering template 119/384 segment 2/5
2026-09-07T04:29:48.118+01:00 INFO : Filtering template 119/384 segment 3/5
2026-09-07T04:29:48.136+01:00 INFO : Filtering template 119/384 segment 4/5
2026-09-07T04:29:48.154+01:00 INFO : 3 points above threshold
2026-09-07T04:29:48.163+01:00 INFO : Filtering template 119/384 segment 5/5
2026-09-07T04:29:48.181+01:00 INFO : 1 points above threshold
2026-09-07T04:29:48.187+01:00 INFO : 119: generating IMRPhenomD from 30.0 Hz
2026-09-07T04:29:48.190+01:00 INFO : Decompressing waveform using inline_linear
2026-09-07T04:29:48.195+01:00 INFO : Filtering template 120/384 segment 1/5
2026-09-07T04:29:48.215+01:00 INFO : Filtering template 120/384 segment 2/5
2026-09-07T04:29:48.233+01:00 INFO : 1 points above threshold
2026-09-07T04:29:48.248+01:00 INFO : Filtering template 120/384 segment 3/5
2026-09-07T04:29:48.267+01:00 INFO : 1 points above threshold
2026-09-07T04:29:48.272+01:00 INFO : Filtering template 120/384 segment 4/5
2026-09-07T04:29:48.290+01:00 INFO : Filtering template 120/384 segment 5/5
2026-09-07T04:29:48.308+01:00 INFO : 120: generating IMRPhenomD from 30.0 Hz
2026-09-07T04:29:48.311+01:00 INFO : Decompressing waveform using inline_linear
2026-09-07T04:29:48.316+01:00 INFO : Filtering template 121/384 segment 1/5
2026-09-07T04:29:48.336+01:00 INFO : 4 points above threshold
2026-09-07T04:29:48.355+01:00 INFO : Filtering template 121/384 segment 2/5
2026-09-07T04:29:48.373+01:00 INFO : 2 points above threshold
2026-09-07T04:29:48.380+01:00 INFO : Filtering template 121/384 segment 3/5
2026-09-07T04:29:48.398+01:00 INFO : Filtering template 121/384 segment 4/5
2026-09-07T04:29:48.417+01:00 INFO : Filtering template 121/384 segment 5/5
2026-09-07T04:29:48.435+01:00 INFO : 121: generating IMRPhenomD from 30.0 Hz
2026-09-07T04:29:48.438+01:00 INFO : Decompressing waveform using inline_linear
2026-09-07T04:29:48.442+01:00 INFO : Filtering template 122/384 segment 1/5
2026-09-07T04:29:48.463+01:00 INFO : 1 points above threshold
2026-09-07T04:29:48.478+01:00 INFO : Filtering template 122/384 segment 2/5
2026-09-07T04:29:48.496+01:00 INFO : 1 points above threshold
2026-09-07T04:29:48.502+01:00 INFO : Filtering template 122/384 segment 3/5
2026-09-07T04:29:48.519+01:00 INFO : Filtering template 122/384 segment 4/5
2026-09-07T04:29:48.537+01:00 INFO : 1 points above threshold
2026-09-07T04:29:48.542+01:00 INFO : Filtering template 122/384 segment 5/5
2026-09-07T04:29:48.560+01:00 INFO : 1 points above threshold
2026-09-07T04:29:48.566+01:00 INFO : 122: generating IMRPhenomD from 30.0 Hz
2026-09-07T04:29:48.585+01:00 INFO : Decompressing waveform using inline_linear
2026-09-07T04:29:48.590+01:00 INFO : Filtering template 123/384 segment 1/5
2026-09-07T04:29:48.619+01:00 INFO : 5 points above threshold
2026-09-07T04:29:48.646+01:00 INFO : Filtering template 123/384 segment 2/5
2026-09-07T04:29:48.664+01:00 INFO : 4 points above threshold
2026-09-07T04:29:48.673+01:00 INFO : Filtering template 123/384 segment 3/5
2026-09-07T04:29:48.690+01:00 INFO : 2 points above threshold
2026-09-07T04:29:48.698+01:00 INFO : Filtering template 123/384 segment 4/5
2026-09-07T04:29:48.715+01:00 INFO : Filtering template 123/384 segment 5/5
2026-09-07T04:29:48.733+01:00 INFO : 1 points above threshold
2026-09-07T04:29:48.739+01:00 INFO : 123: generating IMRPhenomD from 30.0 Hz
2026-09-07T04:29:48.741+01:00 INFO : Decompressing waveform using inline_linear
2026-09-07T04:29:48.747+01:00 INFO : Filtering template 124/384 segment 1/5
2026-09-07T04:29:48.767+01:00 INFO : 4 points above threshold
2026-09-07T04:29:48.787+01:00 INFO : Filtering template 124/384 segment 2/5
2026-09-07T04:29:48.805+01:00 INFO : 2 points above threshold
2026-09-07T04:29:48.812+01:00 INFO : Filtering template 124/384 segment 3/5
2026-09-07T04:29:48.831+01:00 INFO : 1 points above threshold
2026-09-07T04:29:48.836+01:00 INFO : Filtering template 124/384 segment 4/5
2026-09-07T04:29:48.854+01:00 INFO : 1 points above threshold
2026-09-07T04:29:48.859+01:00 INFO : Filtering template 124/384 segment 5/5
2026-09-07T04:29:48.877+01:00 INFO : 2 points above threshold
2026-09-07T04:29:48.884+01:00 INFO : 124: generating IMRPhenomD from 30.0 Hz
2026-09-07T04:29:48.887+01:00 INFO : Decompressing waveform using inline_linear
2026-09-07T04:29:48.892+01:00 INFO : Filtering template 125/384 segment 1/5
2026-09-07T04:29:48.912+01:00 INFO : 3 points above threshold
2026-09-07T04:29:48.932+01:00 INFO : Filtering template 125/384 segment 2/5
2026-09-07T04:29:48.950+01:00 INFO : Filtering template 125/384 segment 3/5
2026-09-07T04:29:48.968+01:00 INFO : 1 points above threshold
2026-09-07T04:29:48.973+01:00 INFO : Filtering template 125/384 segment 4/5
2026-09-07T04:29:48.991+01:00 INFO : 2 points above threshold
2026-09-07T04:29:48.998+01:00 INFO : Filtering template 125/384 segment 5/5
2026-09-07T04:29:49.016+01:00 INFO : 125: generating IMRPhenomD from 30.0 Hz
2026-09-07T04:29:49.019+01:00 INFO : Decompressing waveform using inline_linear
2026-09-07T04:29:49.024+01:00 INFO : Filtering template 126/384 segment 1/5
2026-09-07T04:29:49.044+01:00 INFO : 1 points above threshold
2026-09-07T04:29:49.059+01:00 INFO : Filtering template 126/384 segment 2/5
2026-09-07T04:29:49.078+01:00 INFO : Filtering template 126/384 segment 3/5
2026-09-07T04:29:49.096+01:00 INFO : 2 points above threshold
2026-09-07T04:29:49.103+01:00 INFO : Filtering template 126/384 segment 4/5
2026-09-07T04:29:49.121+01:00 INFO : Filtering template 126/384 segment 5/5
2026-09-07T04:29:49.139+01:00 INFO : 126: generating IMRPhenomD from 30.0 Hz
2026-09-07T04:29:49.142+01:00 INFO : Decompressing waveform using inline_linear
2026-09-07T04:29:49.147+01:00 INFO : Filtering template 127/384 segment 1/5
2026-09-07T04:29:49.167+01:00 INFO : 1 points above threshold
2026-09-07T04:29:49.183+01:00 INFO : Filtering template 127/384 segment 2/5
2026-09-07T04:29:49.201+01:00 INFO : 2 points above threshold
2026-09-07T04:29:49.208+01:00 INFO : Filtering template 127/384 segment 3/5
2026-09-07T04:29:49.226+01:00 INFO : 2 points above threshold
2026-09-07T04:29:49.233+01:00 INFO : Filtering template 127/384 segment 4/5
2026-09-07T04:29:49.251+01:00 INFO : 1 points above threshold
2026-09-07T04:29:49.256+01:00 INFO : Filtering template 127/384 segment 5/5
2026-09-07T04:29:49.274+01:00 INFO : 127: generating IMRPhenomD from 30.0 Hz
2026-09-07T04:29:49.277+01:00 INFO : Decompressing waveform using inline_linear
2026-09-07T04:29:49.282+01:00 INFO : Filtering template 128/384 segment 1/5
2026-09-07T04:29:49.302+01:00 INFO : 1 points above threshold
2026-09-07T04:29:49.318+01:00 INFO : Filtering template 128/384 segment 2/5
2026-09-07T04:29:49.336+01:00 INFO : 3 points above threshold
2026-09-07T04:29:49.345+01:00 INFO : Filtering template 128/384 segment 3/5
2026-09-07T04:29:49.363+01:00 INFO : 2 points above threshold
2026-09-07T04:29:49.370+01:00 INFO : Filtering template 128/384 segment 4/5
2026-09-07T04:29:49.389+01:00 INFO : Filtering template 128/384 segment 5/5
2026-09-07T04:29:49.407+01:00 INFO : 2 points above threshold
2026-09-07T04:29:49.414+01:00 INFO : 128: generating IMRPhenomD from 30.0 Hz
2026-09-07T04:29:49.417+01:00 INFO : Decompressing waveform using inline_linear
2026-09-07T04:29:49.421+01:00 INFO : Filtering template 129/384 segment 1/5
2026-09-07T04:29:49.442+01:00 INFO : 1 points above threshold
2026-09-07T04:29:49.457+01:00 INFO : Filtering template 129/384 segment 2/5
2026-09-07T04:29:49.475+01:00 INFO : Filtering template 129/384 segment 3/5
2026-09-07T04:29:49.493+01:00 INFO : 2 points above threshold
2026-09-07T04:29:49.500+01:00 INFO : Filtering template 129/384 segment 4/5
2026-09-07T04:29:49.518+01:00 INFO : Filtering template 129/384 segment 5/5
2026-09-07T04:29:49.536+01:00 INFO : 1 points above threshold
2026-09-07T04:29:49.541+01:00 INFO : 129: generating IMRPhenomD from 30.0 Hz
2026-09-07T04:29:49.545+01:00 INFO : Decompressing waveform using inline_linear
2026-09-07T04:29:49.550+01:00 INFO : Filtering template 130/384 segment 1/5
2026-09-07T04:29:49.570+01:00 INFO : 1 points above threshold
2026-09-07T04:29:49.585+01:00 INFO : Filtering template 130/384 segment 2/5
2026-09-07T04:29:49.603+01:00 INFO : 2 points above threshold
2026-09-07T04:29:49.610+01:00 INFO : Filtering template 130/384 segment 3/5
2026-09-07T04:29:49.628+01:00 INFO : 1 points above threshold
2026-09-07T04:29:49.633+01:00 INFO : Filtering template 130/384 segment 4/5
2026-09-07T04:29:49.651+01:00 INFO : 1 points above threshold
2026-09-07T04:29:49.656+01:00 INFO : Filtering template 130/384 segment 5/5
2026-09-07T04:29:49.674+01:00 INFO : 1 points above threshold
2026-09-07T04:29:49.680+01:00 INFO : 130: generating IMRPhenomD from 30.0 Hz
2026-09-07T04:29:49.682+01:00 INFO : Decompressing waveform using inline_linear
2026-09-07T04:29:49.687+01:00 INFO : Filtering template 131/384 segment 1/5
2026-09-07T04:29:49.708+01:00 INFO : 1 points above threshold
2026-09-07T04:29:49.723+01:00 INFO : Filtering template 131/384 segment 2/5
2026-09-07T04:29:49.741+01:00 INFO : 2 points above threshold
2026-09-07T04:29:49.748+01:00 INFO : Filtering template 131/384 segment 3/5
2026-09-07T04:29:49.766+01:00 INFO : Filtering template 131/384 segment 4/5
2026-09-07T04:29:49.784+01:00 INFO : 2 points above threshold
2026-09-07T04:29:49.791+01:00 INFO : Filtering template 131/384 segment 5/5
2026-09-07T04:29:49.810+01:00 INFO : 131: generating IMRPhenomD from 30.0 Hz
2026-09-07T04:29:49.812+01:00 INFO : Decompressing waveform using inline_linear
2026-09-07T04:29:49.817+01:00 INFO : Filtering template 132/384 segment 1/5
2026-09-07T04:29:49.837+01:00 INFO : 1 points above threshold
2026-09-07T04:29:49.853+01:00 INFO : Filtering template 132/384 segment 2/5
2026-09-07T04:29:49.871+01:00 INFO : Filtering template 132/384 segment 3/5
2026-09-07T04:29:49.889+01:00 INFO : Filtering template 132/384 segment 4/5
2026-09-07T04:29:49.907+01:00 INFO : 1 points above threshold
2026-09-07T04:29:49.913+01:00 INFO : Filtering template 132/384 segment 5/5
2026-09-07T04:29:49.930+01:00 INFO : 1 points above threshold
2026-09-07T04:29:49.936+01:00 INFO : 132: generating IMRPhenomD from 30.0 Hz
2026-09-07T04:29:49.939+01:00 INFO : Decompressing waveform using inline_linear
2026-09-07T04:29:49.944+01:00 INFO : Filtering template 133/384 segment 1/5
2026-09-07T04:29:49.964+01:00 INFO : 2 points above threshold
2026-09-07T04:29:49.981+01:00 INFO : Filtering template 133/384 segment 2/5
2026-09-07T04:29:50.000+01:00 INFO : Filtering template 133/384 segment 3/5
2026-09-07T04:29:50.021+01:00 INFO : 4 points above threshold
2026-09-07T04:29:50.031+01:00 INFO : Filtering template 133/384 segment 4/5
2026-09-07T04:29:50.049+01:00 INFO : 1 points above threshold
2026-09-07T04:29:50.055+01:00 INFO : Filtering template 133/384 segment 5/5
2026-09-07T04:29:50.074+01:00 INFO : 1 points above threshold
2026-09-07T04:29:50.080+01:00 INFO : 133: generating IMRPhenomD from 30.0 Hz
2026-09-07T04:29:50.084+01:00 INFO : Decompressing waveform using inline_linear
2026-09-07T04:29:50.089+01:00 INFO : Filtering template 134/384 segment 1/5
2026-09-07T04:29:50.111+01:00 INFO : 1 points above threshold
2026-09-07T04:29:50.126+01:00 INFO : Filtering template 134/384 segment 2/5
2026-09-07T04:29:50.144+01:00 INFO : Filtering template 134/384 segment 3/5
2026-09-07T04:29:50.162+01:00 INFO : 1 points above threshold
2026-09-07T04:29:50.167+01:00 INFO : Filtering template 134/384 segment 4/5
2026-09-07T04:29:50.186+01:00 INFO : 1 points above threshold
2026-09-07T04:29:50.191+01:00 INFO : Filtering template 134/384 segment 5/5
2026-09-07T04:29:50.209+01:00 INFO : 134: generating IMRPhenomD from 30.0 Hz
2026-09-07T04:29:50.212+01:00 INFO : Decompressing waveform using inline_linear
2026-09-07T04:29:50.216+01:00 INFO : Filtering template 135/384 segment 1/5
2026-09-07T04:29:50.237+01:00 INFO : 2 points above threshold
2026-09-07T04:29:50.254+01:00 INFO : Filtering template 135/384 segment 2/5
2026-09-07T04:29:50.272+01:00 INFO : 1 points above threshold
2026-09-07T04:29:50.277+01:00 INFO : Filtering template 135/384 segment 3/5
2026-09-07T04:29:50.295+01:00 INFO : Filtering template 135/384 segment 4/5
2026-09-07T04:29:50.313+01:00 INFO : 2 points above threshold
2026-09-07T04:29:50.320+01:00 INFO : Filtering template 135/384 segment 5/5
2026-09-07T04:29:50.338+01:00 INFO : 4 points above threshold
2026-09-07T04:29:50.347+01:00 INFO : 135: generating IMRPhenomD from 30.0 Hz
2026-09-07T04:29:50.350+01:00 INFO : Decompressing waveform using inline_linear
2026-09-07T04:29:50.355+01:00 INFO : Filtering template 136/384 segment 1/5
2026-09-07T04:29:50.375+01:00 INFO : 1 points above threshold
2026-09-07T04:29:50.390+01:00 INFO : Filtering template 136/384 segment 2/5
2026-09-07T04:29:50.408+01:00 INFO : 1 points above threshold
2026-09-07T04:29:50.413+01:00 INFO : Filtering template 136/384 segment 3/5
2026-09-07T04:29:50.432+01:00 INFO : 3 points above threshold
2026-09-07T04:29:50.441+01:00 INFO : Filtering template 136/384 segment 4/5
2026-09-07T04:29:50.459+01:00 INFO : Filtering template 136/384 segment 5/5
2026-09-07T04:29:50.477+01:00 INFO : 1 points above threshold
2026-09-07T04:29:50.482+01:00 INFO : 136: generating IMRPhenomD from 30.0 Hz
2026-09-07T04:29:50.485+01:00 INFO : Decompressing waveform using inline_linear
2026-09-07T04:29:50.490+01:00 INFO : Filtering template 137/384 segment 1/5
2026-09-07T04:29:50.510+01:00 INFO : 1 points above threshold
2026-09-07T04:29:50.526+01:00 INFO : Filtering template 137/384 segment 2/5
2026-09-07T04:29:50.544+01:00 INFO : Filtering template 137/384 segment 3/5
2026-09-07T04:29:50.562+01:00 INFO : 3 points above threshold
2026-09-07T04:29:50.571+01:00 INFO : Filtering template 137/384 segment 4/5
2026-09-07T04:29:50.589+01:00 INFO : Filtering template 137/384 segment 5/5
2026-09-07T04:29:50.608+01:00 INFO : 1 points above threshold
2026-09-07T04:29:50.613+01:00 INFO : 137: generating IMRPhenomD from 30.0 Hz
2026-09-07T04:29:50.616+01:00 INFO : Decompressing waveform using inline_linear
2026-09-07T04:29:50.621+01:00 INFO : Filtering template 138/384 segment 1/5
2026-09-07T04:29:50.641+01:00 INFO : 2 points above threshold
2026-09-07T04:29:50.658+01:00 INFO : Filtering template 138/384 segment 2/5
2026-09-07T04:29:50.676+01:00 INFO : 1 points above threshold
2026-09-07T04:29:50.681+01:00 INFO : Filtering template 138/384 segment 3/5
2026-09-07T04:29:50.699+01:00 INFO : Filtering template 138/384 segment 4/5
2026-09-07T04:29:50.717+01:00 INFO : Filtering template 138/384 segment 5/5
2026-09-07T04:29:50.735+01:00 INFO : 2 points above threshold
2026-09-07T04:29:50.743+01:00 INFO : 138: generating IMRPhenomD from 30.0 Hz
2026-09-07T04:29:50.745+01:00 INFO : Decompressing waveform using inline_linear
2026-09-07T04:29:50.750+01:00 INFO : Filtering template 139/384 segment 1/5
2026-09-07T04:29:50.770+01:00 INFO : Filtering template 139/384 segment 2/5
2026-09-07T04:29:50.788+01:00 INFO : Filtering template 139/384 segment 3/5
2026-09-07T04:29:50.806+01:00 INFO : 2 points above threshold
2026-09-07T04:29:50.824+01:00 INFO : Filtering template 139/384 segment 4/5
2026-09-07T04:29:50.842+01:00 INFO : Filtering template 139/384 segment 5/5
2026-09-07T04:29:50.859+01:00 INFO : 1 points above threshold
2026-09-07T04:29:50.865+01:00 INFO : 139: generating IMRPhenomD from 30.0 Hz
2026-09-07T04:29:50.868+01:00 INFO : Decompressing waveform using inline_linear
2026-09-07T04:29:50.872+01:00 INFO : Filtering template 140/384 segment 1/5
2026-09-07T04:29:50.893+01:00 INFO : 2 points above threshold
2026-09-07T04:29:50.910+01:00 INFO : Filtering template 140/384 segment 2/5
2026-09-07T04:29:50.928+01:00 INFO : 3 points above threshold
2026-09-07T04:29:50.937+01:00 INFO : Filtering template 140/384 segment 3/5
2026-09-07T04:29:50.955+01:00 INFO : 2 points above threshold
2026-09-07T04:29:50.962+01:00 INFO : Filtering template 140/384 segment 4/5
2026-09-07T04:29:50.981+01:00 INFO : 1 points above threshold
2026-09-07T04:29:50.986+01:00 INFO : Filtering template 140/384 segment 5/5
2026-09-07T04:29:51.004+01:00 INFO : 2 points above threshold
2026-09-07T04:29:51.011+01:00 INFO : 140: generating IMRPhenomD from 30.0 Hz
2026-09-07T04:29:51.014+01:00 INFO : Decompressing waveform using inline_linear
2026-09-07T04:29:51.019+01:00 INFO : Filtering template 141/384 segment 1/5
2026-09-07T04:29:51.039+01:00 INFO : 1 points above threshold
2026-09-07T04:29:51.054+01:00 INFO : Filtering template 141/384 segment 2/5
2026-09-07T04:29:51.073+01:00 INFO : 3 points above threshold
2026-09-07T04:29:51.082+01:00 INFO : Filtering template 141/384 segment 3/5
2026-09-07T04:29:51.100+01:00 INFO : Filtering template 141/384 segment 4/5
2026-09-07T04:29:51.118+01:00 INFO : 2 points above threshold
2026-09-07T04:29:51.125+01:00 INFO : Filtering template 141/384 segment 5/5
2026-09-07T04:29:51.143+01:00 INFO : 141: generating IMRPhenomD from 30.0 Hz
2026-09-07T04:29:51.146+01:00 INFO : Decompressing waveform using inline_linear
2026-09-07T04:29:51.151+01:00 INFO : Filtering template 142/384 segment 1/5
2026-09-07T04:29:51.171+01:00 INFO : 1 points above threshold
2026-09-07T04:29:51.187+01:00 INFO : Filtering template 142/384 segment 2/5
2026-09-07T04:29:51.205+01:00 INFO : 1 points above threshold
2026-09-07T04:29:51.210+01:00 INFO : Filtering template 142/384 segment 3/5
2026-09-07T04:29:51.228+01:00 INFO : 2 points above threshold
2026-09-07T04:29:51.235+01:00 INFO : Filtering template 142/384 segment 4/5
2026-09-07T04:29:51.253+01:00 INFO : 3 points above threshold
2026-09-07T04:29:51.262+01:00 INFO : Filtering template 142/384 segment 5/5
2026-09-07T04:29:51.280+01:00 INFO : 1 points above threshold
2026-09-07T04:29:51.286+01:00 INFO : 142: generating IMRPhenomD from 30.0 Hz
2026-09-07T04:29:51.288+01:00 INFO : Decompressing waveform using inline_linear
2026-09-07T04:29:51.294+01:00 INFO : Filtering template 143/384 segment 1/5
2026-09-07T04:29:51.314+01:00 INFO : 2 points above threshold
2026-09-07T04:29:51.332+01:00 INFO : Filtering template 143/384 segment 2/5
2026-09-07T04:29:51.350+01:00 INFO : Filtering template 143/384 segment 3/5
2026-09-07T04:29:51.368+01:00 INFO : Filtering template 143/384 segment 4/5
2026-09-07T04:29:51.386+01:00 INFO : 2 points above threshold
2026-09-07T04:29:51.393+01:00 INFO : Filtering template 143/384 segment 5/5
2026-09-07T04:29:51.411+01:00 INFO : 143: generating IMRPhenomD from 30.0 Hz
2026-09-07T04:29:51.414+01:00 INFO : Decompressing waveform using inline_linear
2026-09-07T04:29:51.419+01:00 INFO : Filtering template 144/384 segment 1/5
2026-09-07T04:29:51.439+01:00 INFO : 2 points above threshold
2026-09-07T04:29:51.458+01:00 INFO : Filtering template 144/384 segment 2/5
2026-09-07T04:29:51.476+01:00 INFO : 1 points above threshold
2026-09-07T04:29:51.481+01:00 INFO : Filtering template 144/384 segment 3/5
2026-09-07T04:29:51.499+01:00 INFO : 1 points above threshold
2026-09-07T04:29:51.504+01:00 INFO : Filtering template 144/384 segment 4/5
2026-09-07T04:29:51.522+01:00 INFO : 1 points above threshold
2026-09-07T04:29:51.527+01:00 INFO : Filtering template 144/384 segment 5/5
2026-09-07T04:29:51.545+01:00 INFO : 1 points above threshold
2026-09-07T04:29:51.550+01:00 INFO : 144: generating IMRPhenomD from 30.0 Hz
2026-09-07T04:29:51.553+01:00 INFO : Decompressing waveform using inline_linear
2026-09-07T04:29:51.558+01:00 INFO : Filtering template 145/384 segment 1/5
2026-09-07T04:29:51.578+01:00 INFO : 2 points above threshold
2026-09-07T04:29:51.596+01:00 INFO : Filtering template 145/384 segment 2/5
2026-09-07T04:29:51.615+01:00 INFO : 3 points above threshold
2026-09-07T04:29:51.624+01:00 INFO : Filtering template 145/384 segment 3/5
2026-09-07T04:29:51.642+01:00 INFO : 1 points above threshold
2026-09-07T04:29:51.647+01:00 INFO : Filtering template 145/384 segment 4/5
2026-09-07T04:29:51.665+01:00 INFO : Filtering template 145/384 segment 5/5
2026-09-07T04:29:51.683+01:00 INFO : 145: generating IMRPhenomD from 30.0 Hz
2026-09-07T04:29:51.686+01:00 INFO : Decompressing waveform using inline_linear
2026-09-07T04:29:51.690+01:00 INFO : Filtering template 146/384 segment 1/5
2026-09-07T04:29:51.711+01:00 INFO : 4 points above threshold
2026-09-07T04:29:51.731+01:00 INFO : Filtering template 146/384 segment 2/5
2026-09-07T04:29:51.749+01:00 INFO : Filtering template 146/384 segment 3/5
2026-09-07T04:29:51.766+01:00 INFO : 1 points above threshold
2026-09-07T04:29:51.772+01:00 INFO : Filtering template 146/384 segment 4/5
2026-09-07T04:29:51.790+01:00 INFO : 3 points above threshold
2026-09-07T04:29:51.799+01:00 INFO : Filtering template 146/384 segment 5/5
2026-09-07T04:29:51.817+01:00 INFO : 2 points above threshold
2026-09-07T04:29:51.824+01:00 INFO : 146: generating IMRPhenomD from 30.0 Hz
2026-09-07T04:29:51.827+01:00 INFO : Decompressing waveform using inline_linear
2026-09-07T04:29:51.832+01:00 INFO : Filtering template 147/384 segment 1/5
2026-09-07T04:29:51.852+01:00 INFO : 1 points above threshold
2026-09-07T04:29:51.868+01:00 INFO : Filtering template 147/384 segment 2/5
2026-09-07T04:29:51.886+01:00 INFO : Filtering template 147/384 segment 3/5
2026-09-07T04:29:51.903+01:00 INFO : 1 points above threshold
2026-09-07T04:29:51.909+01:00 INFO : Filtering template 147/384 segment 4/5
2026-09-07T04:29:51.926+01:00 INFO : Filtering template 147/384 segment 5/5
2026-09-07T04:29:51.945+01:00 INFO : 3 points above threshold
2026-09-07T04:29:51.954+01:00 INFO : 147: generating IMRPhenomD from 30.0 Hz
2026-09-07T04:29:51.957+01:00 INFO : Decompressing waveform using inline_linear
2026-09-07T04:29:51.961+01:00 INFO : Filtering template 148/384 segment 1/5
2026-09-07T04:29:51.982+01:00 INFO : 2 points above threshold
2026-09-07T04:29:51.999+01:00 INFO : Filtering template 148/384 segment 2/5
2026-09-07T04:29:52.017+01:00 INFO : 2 points above threshold
2026-09-07T04:29:52.024+01:00 INFO : Filtering template 148/384 segment 3/5
2026-09-07T04:29:52.042+01:00 INFO : 1 points above threshold
2026-09-07T04:29:52.047+01:00 INFO : Filtering template 148/384 segment 4/5
2026-09-07T04:29:52.065+01:00 INFO : Filtering template 148/384 segment 5/5
2026-09-07T04:29:52.083+01:00 INFO : 148: generating IMRPhenomD from 30.0 Hz
2026-09-07T04:29:52.086+01:00 INFO : Decompressing waveform using inline_linear
2026-09-07T04:29:52.091+01:00 INFO : Filtering template 149/384 segment 1/5
2026-09-07T04:29:52.111+01:00 INFO : Filtering template 149/384 segment 2/5
2026-09-07T04:29:52.129+01:00 INFO : 3 points above threshold
2026-09-07T04:29:52.148+01:00 INFO : Filtering template 149/384 segment 3/5
2026-09-07T04:29:52.166+01:00 INFO : 1 points above threshold
2026-09-07T04:29:52.171+01:00 INFO : Filtering template 149/384 segment 4/5
2026-09-07T04:29:52.189+01:00 INFO : Filtering template 149/384 segment 5/5
2026-09-07T04:29:52.207+01:00 INFO : 1 points above threshold
2026-09-07T04:29:52.213+01:00 INFO : 149: generating IMRPhenomD from 30.0 Hz
2026-09-07T04:29:52.215+01:00 INFO : Decompressing waveform using inline_linear
2026-09-07T04:29:52.220+01:00 INFO : Filtering template 150/384 segment 1/5
2026-09-07T04:29:52.240+01:00 INFO : 1 points above threshold
2026-09-07T04:29:52.256+01:00 INFO : Filtering template 150/384 segment 2/5
2026-09-07T04:29:52.274+01:00 INFO : Filtering template 150/384 segment 3/5
2026-09-07T04:29:52.292+01:00 INFO : 1 points above threshold
2026-09-07T04:29:52.297+01:00 INFO : Filtering template 150/384 segment 4/5
2026-09-07T04:29:52.315+01:00 INFO : 3 points above threshold
2026-09-07T04:29:52.324+01:00 INFO : Filtering template 150/384 segment 5/5
2026-09-07T04:29:52.342+01:00 INFO : 2 points above threshold
2026-09-07T04:29:52.350+01:00 INFO : 150: generating IMRPhenomD from 30.0 Hz
2026-09-07T04:29:52.352+01:00 INFO : Decompressing waveform using inline_linear
2026-09-07T04:29:52.357+01:00 INFO : Filtering template 151/384 segment 1/5
2026-09-07T04:29:52.377+01:00 INFO : 1 points above threshold
2026-09-07T04:29:52.393+01:00 INFO : Filtering template 151/384 segment 2/5
2026-09-07T04:29:52.410+01:00 INFO : 2 points above threshold
2026-09-07T04:29:52.418+01:00 INFO : Filtering template 151/384 segment 3/5
2026-09-07T04:29:52.435+01:00 INFO : Filtering template 151/384 segment 4/5
2026-09-07T04:29:52.453+01:00 INFO : Filtering template 151/384 segment 5/5
2026-09-07T04:29:52.471+01:00 INFO : 151: generating IMRPhenomD from 30.0 Hz
2026-09-07T04:29:52.474+01:00 INFO : Decompressing waveform using inline_linear
2026-09-07T04:29:52.479+01:00 INFO : Filtering template 152/384 segment 1/5
2026-09-07T04:29:52.500+01:00 INFO : 1 points above threshold
2026-09-07T04:29:52.515+01:00 INFO : Filtering template 152/384 segment 2/5
2026-09-07T04:29:52.533+01:00 INFO : 2 points above threshold
2026-09-07T04:29:52.540+01:00 INFO : Filtering template 152/384 segment 3/5
2026-09-07T04:29:52.558+01:00 INFO : 1 points above threshold
2026-09-07T04:29:52.563+01:00 INFO : Filtering template 152/384 segment 4/5
2026-09-07T04:29:52.581+01:00 INFO : Filtering template 152/384 segment 5/5
2026-09-07T04:29:52.599+01:00 INFO : 1 points above threshold
2026-09-07T04:29:52.605+01:00 INFO : 152: generating IMRPhenomD from 30.0 Hz
2026-09-07T04:29:52.607+01:00 INFO : Decompressing waveform using inline_linear
2026-09-07T04:29:52.612+01:00 INFO : Filtering template 153/384 segment 1/5
2026-09-07T04:29:52.632+01:00 INFO : 1 points above threshold
2026-09-07T04:29:52.648+01:00 INFO : Filtering template 153/384 segment 2/5
2026-09-07T04:29:52.666+01:00 INFO : 4 points above threshold
2026-09-07T04:29:52.675+01:00 INFO : Filtering template 153/384 segment 3/5
2026-09-07T04:29:52.693+01:00 INFO : 1 points above threshold
2026-09-07T04:29:52.698+01:00 INFO : Filtering template 153/384 segment 4/5
2026-09-07T04:29:52.716+01:00 INFO : Filtering template 153/384 segment 5/5
2026-09-07T04:29:52.734+01:00 INFO : 153: generating IMRPhenomD from 30.0 Hz
2026-09-07T04:29:52.737+01:00 INFO : Decompressing waveform using inline_linear
2026-09-07T04:29:52.742+01:00 INFO : Filtering template 154/384 segment 1/5
2026-09-07T04:29:52.762+01:00 INFO : 2 points above threshold
2026-09-07T04:29:52.779+01:00 INFO : Filtering template 154/384 segment 2/5
2026-09-07T04:29:52.797+01:00 INFO : 2 points above threshold
2026-09-07T04:29:52.804+01:00 INFO : Filtering template 154/384 segment 3/5
2026-09-07T04:29:52.822+01:00 INFO : Filtering template 154/384 segment 4/5
2026-09-07T04:29:52.840+01:00 INFO : 2 points above threshold
2026-09-07T04:29:52.847+01:00 INFO : Filtering template 154/384 segment 5/5
2026-09-07T04:29:52.865+01:00 INFO : 154: generating IMRPhenomD from 30.0 Hz
2026-09-07T04:29:52.868+01:00 INFO : Decompressing waveform using inline_linear
2026-09-07T04:29:52.873+01:00 INFO : Filtering template 155/384 segment 1/5
2026-09-07T04:29:52.893+01:00 INFO : Filtering template 155/384 segment 2/5
2026-09-07T04:29:52.911+01:00 INFO : 1 points above threshold
2026-09-07T04:29:52.927+01:00 INFO : Filtering template 155/384 segment 3/5
2026-09-07T04:29:52.944+01:00 INFO : 1 points above threshold
2026-09-07T04:29:52.950+01:00 INFO : Filtering template 155/384 segment 4/5
2026-09-07T04:29:52.968+01:00 INFO : 3 points above threshold
2026-09-07T04:29:52.977+01:00 INFO : Filtering template 155/384 segment 5/5
2026-09-07T04:29:52.995+01:00 INFO : 155: generating IMRPhenomD from 30.0 Hz
2026-09-07T04:29:52.998+01:00 INFO : Decompressing waveform using inline_linear
2026-09-07T04:29:53.003+01:00 INFO : Filtering template 156/384 segment 1/5
2026-09-07T04:29:53.023+01:00 INFO : 1 points above threshold
2026-09-07T04:29:53.038+01:00 INFO : Filtering template 156/384 segment 2/5
2026-09-07T04:29:53.056+01:00 INFO : Filtering template 156/384 segment 3/5
2026-09-07T04:29:53.074+01:00 INFO : Filtering template 156/384 segment 4/5
2026-09-07T04:29:53.092+01:00 INFO : 3 points above threshold
2026-09-07T04:29:53.101+01:00 INFO : Filtering template 156/384 segment 5/5
2026-09-07T04:29:53.119+01:00 INFO : 156: generating IMRPhenomD from 30.0 Hz
2026-09-07T04:29:53.122+01:00 INFO : Decompressing waveform using inline_linear
2026-09-07T04:29:53.127+01:00 INFO : Filtering template 157/384 segment 1/5
2026-09-07T04:29:53.147+01:00 INFO : 1 points above threshold
2026-09-07T04:29:53.163+01:00 INFO : Filtering template 157/384 segment 2/5
2026-09-07T04:29:53.180+01:00 INFO : 1 points above threshold
2026-09-07T04:29:53.187+01:00 INFO : Filtering template 157/384 segment 3/5
2026-09-07T04:29:53.204+01:00 INFO : Filtering template 157/384 segment 4/5
2026-09-07T04:29:53.223+01:00 INFO : 2 points above threshold
2026-09-07T04:29:53.230+01:00 INFO : Filtering template 157/384 segment 5/5
2026-09-07T04:29:53.247+01:00 INFO : 3 points above threshold
2026-09-07T04:29:53.257+01:00 INFO : 157: generating IMRPhenomD from 30.0 Hz
2026-09-07T04:29:53.260+01:00 INFO : Decompressing waveform using inline_linear
2026-09-07T04:29:53.264+01:00 INFO : Filtering template 158/384 segment 1/5
2026-09-07T04:29:53.285+01:00 INFO : 1 points above threshold
2026-09-07T04:29:53.300+01:00 INFO : Filtering template 158/384 segment 2/5
2026-09-07T04:29:53.318+01:00 INFO : 1 points above threshold
2026-09-07T04:29:53.323+01:00 INFO : Filtering template 158/384 segment 3/5
2026-09-07T04:29:53.341+01:00 INFO : 1 points above threshold
2026-09-07T04:29:53.347+01:00 INFO : Filtering template 158/384 segment 4/5
2026-09-07T04:29:53.365+01:00 INFO : Filtering template 158/384 segment 5/5
2026-09-07T04:29:53.383+01:00 INFO : 158: generating IMRPhenomD from 30.0 Hz
2026-09-07T04:29:53.386+01:00 INFO : Decompressing waveform using inline_linear
2026-09-07T04:29:53.391+01:00 INFO : Filtering template 159/384 segment 1/5
2026-09-07T04:29:53.411+01:00 INFO : Filtering template 159/384 segment 2/5
2026-09-07T04:29:53.429+01:00 INFO : 2 points above threshold
2026-09-07T04:29:53.446+01:00 INFO : Filtering template 159/384 segment 3/5
2026-09-07T04:29:53.464+01:00 INFO : 1 points above threshold
2026-09-07T04:29:53.469+01:00 INFO : Filtering template 159/384 segment 4/5
2026-09-07T04:29:53.487+01:00 INFO : 2 points above threshold
2026-09-07T04:29:53.494+01:00 INFO : Filtering template 159/384 segment 5/5
2026-09-07T04:29:53.512+01:00 INFO : 1 points above threshold
2026-09-07T04:29:53.517+01:00 INFO : 159: generating IMRPhenomD from 30.0 Hz
2026-09-07T04:29:53.520+01:00 INFO : Decompressing waveform using inline_linear
2026-09-07T04:29:53.525+01:00 INFO : Filtering template 160/384 segment 1/5
2026-09-07T04:29:53.546+01:00 INFO : 1 points above threshold
2026-09-07T04:29:53.561+01:00 INFO : Filtering template 160/384 segment 2/5
2026-09-07T04:29:53.579+01:00 INFO : 1 points above threshold
2026-09-07T04:29:53.584+01:00 INFO : Filtering template 160/384 segment 3/5
2026-09-07T04:29:53.602+01:00 INFO : 1 points above threshold
2026-09-07T04:29:53.607+01:00 INFO : Filtering template 160/384 segment 4/5
2026-09-07T04:29:53.625+01:00 INFO : Filtering template 160/384 segment 5/5
2026-09-07T04:29:53.643+01:00 INFO : 1 points above threshold
2026-09-07T04:29:53.648+01:00 INFO : 160: generating IMRPhenomD from 30.0 Hz
2026-09-07T04:29:53.651+01:00 INFO : Decompressing waveform using inline_linear
2026-09-07T04:29:53.656+01:00 INFO : Filtering template 161/384 segment 1/5
2026-09-07T04:29:53.676+01:00 INFO : 1 points above threshold
2026-09-07T04:29:53.692+01:00 INFO : Filtering template 161/384 segment 2/5
2026-09-07T04:29:53.710+01:00 INFO : 2 points above threshold
2026-09-07T04:29:53.717+01:00 INFO : Filtering template 161/384 segment 3/5
2026-09-07T04:29:53.735+01:00 INFO : 1 points above threshold
2026-09-07T04:29:53.740+01:00 INFO : Filtering template 161/384 segment 4/5
2026-09-07T04:29:53.758+01:00 INFO : 1 points above threshold
2026-09-07T04:29:53.763+01:00 INFO : Filtering template 161/384 segment 5/5
2026-09-07T04:29:53.781+01:00 INFO : 3 points above threshold
2026-09-07T04:29:53.790+01:00 INFO : 161: generating IMRPhenomD from 30.0 Hz
2026-09-07T04:29:53.793+01:00 INFO : Decompressing waveform using inline_linear
2026-09-07T04:29:53.798+01:00 INFO : Filtering template 162/384 segment 1/5
2026-09-07T04:29:53.818+01:00 INFO : Filtering template 162/384 segment 2/5
2026-09-07T04:29:53.836+01:00 INFO : 2 points above threshold
2026-09-07T04:29:53.853+01:00 INFO : Filtering template 162/384 segment 3/5
2026-09-07T04:29:53.871+01:00 INFO : 1 points above threshold
2026-09-07T04:29:53.876+01:00 INFO : Filtering template 162/384 segment 4/5
2026-09-07T04:29:53.894+01:00 INFO : 1 points above threshold
2026-09-07T04:29:53.899+01:00 INFO : Filtering template 162/384 segment 5/5
2026-09-07T04:29:53.917+01:00 INFO : 1 points above threshold
2026-09-07T04:29:53.923+01:00 INFO : 162: generating IMRPhenomD from 30.0 Hz
2026-09-07T04:29:53.926+01:00 INFO : Decompressing waveform using inline_linear
2026-09-07T04:29:53.931+01:00 INFO : Filtering template 163/384 segment 1/5
2026-09-07T04:29:53.951+01:00 INFO : 2 points above threshold
2026-09-07T04:29:53.970+01:00 INFO : Filtering template 163/384 segment 2/5
2026-09-07T04:29:53.988+01:00 INFO : 3 points above threshold
2026-09-07T04:29:53.997+01:00 INFO : Filtering template 163/384 segment 3/5
2026-09-07T04:29:54.015+01:00 INFO : Filtering template 163/384 segment 4/5
2026-09-07T04:29:54.033+01:00 INFO : 3 points above threshold
2026-09-07T04:29:54.042+01:00 INFO : Filtering template 163/384 segment 5/5
2026-09-07T04:29:54.060+01:00 INFO : 2 points above threshold
2026-09-07T04:29:54.067+01:00 INFO : 163: generating IMRPhenomD from 30.0 Hz
2026-09-07T04:29:54.070+01:00 INFO : Decompressing waveform using inline_linear
2026-09-07T04:29:54.075+01:00 INFO : Filtering template 164/384 segment 1/5
2026-09-07T04:29:54.096+01:00 INFO : 2 points above threshold
2026-09-07T04:29:54.113+01:00 INFO : Filtering template 164/384 segment 2/5
2026-09-07T04:29:54.131+01:00 INFO : 1 points above threshold
2026-09-07T04:29:54.136+01:00 INFO : Filtering template 164/384 segment 3/5
2026-09-07T04:29:54.153+01:00 INFO : 1 points above threshold
2026-09-07T04:29:54.159+01:00 INFO : Filtering template 164/384 segment 4/5
2026-09-07T04:29:54.177+01:00 INFO : Filtering template 164/384 segment 5/5
2026-09-07T04:29:54.195+01:00 INFO : 1 points above threshold
2026-09-07T04:29:54.200+01:00 INFO : 164: generating IMRPhenomD from 30.0 Hz
2026-09-07T04:29:54.203+01:00 INFO : Decompressing waveform using inline_linear
2026-09-07T04:29:54.208+01:00 INFO : Filtering template 165/384 segment 1/5
2026-09-07T04:29:54.228+01:00 INFO : 1 points above threshold
2026-09-07T04:29:54.243+01:00 INFO : Filtering template 165/384 segment 2/5
2026-09-07T04:29:54.261+01:00 INFO : Filtering template 165/384 segment 3/5
2026-09-07T04:29:54.279+01:00 INFO : 2 points above threshold
2026-09-07T04:29:54.286+01:00 INFO : Filtering template 165/384 segment 4/5
2026-09-07T04:29:54.304+01:00 INFO : 1 points above threshold
2026-09-07T04:29:54.309+01:00 INFO : Filtering template 165/384 segment 5/5
2026-09-07T04:29:54.327+01:00 INFO : 1 points above threshold
2026-09-07T04:29:54.333+01:00 INFO : 165: generating IMRPhenomD from 30.0 Hz
2026-09-07T04:29:54.335+01:00 INFO : Decompressing waveform using inline_linear
2026-09-07T04:29:54.340+01:00 INFO : Filtering template 166/384 segment 1/5
2026-09-07T04:29:54.360+01:00 INFO : 2 points above threshold
2026-09-07T04:29:54.377+01:00 INFO : Filtering template 166/384 segment 2/5
2026-09-07T04:29:54.395+01:00 INFO : Filtering template 166/384 segment 3/5
2026-09-07T04:29:54.413+01:00 INFO : Filtering template 166/384 segment 4/5
2026-09-07T04:29:54.431+01:00 INFO : 3 points above threshold
2026-09-07T04:29:54.440+01:00 INFO : Filtering template 166/384 segment 5/5
2026-09-07T04:29:54.458+01:00 INFO : 3 points above threshold
2026-09-07T04:29:54.467+01:00 INFO : 166: generating IMRPhenomD from 30.0 Hz
2026-09-07T04:29:54.470+01:00 INFO : Decompressing waveform using inline_linear
2026-09-07T04:29:54.475+01:00 INFO : Filtering template 167/384 segment 1/5
2026-09-07T04:29:54.496+01:00 INFO : 1 points above threshold
2026-09-07T04:29:54.511+01:00 INFO : Filtering template 167/384 segment 2/5
2026-09-07T04:29:54.529+01:00 INFO : Filtering template 167/384 segment 3/5
2026-09-07T04:29:54.547+01:00 INFO : 1 points above threshold
2026-09-07T04:29:54.552+01:00 INFO : Filtering template 167/384 segment 4/5
2026-09-07T04:29:54.571+01:00 INFO : Filtering template 167/384 segment 5/5
2026-09-07T04:29:54.589+01:00 INFO : 167: generating IMRPhenomD from 30.0 Hz
2026-09-07T04:29:54.592+01:00 INFO : Decompressing waveform using inline_linear
2026-09-07T04:29:54.596+01:00 INFO : Filtering template 168/384 segment 1/5
2026-09-07T04:29:54.617+01:00 INFO : 4 points above threshold
2026-09-07T04:29:54.635+01:00 INFO : Filtering template 168/384 segment 2/5
2026-09-07T04:29:54.653+01:00 INFO : 1 points above threshold
2026-09-07T04:29:54.659+01:00 INFO : Filtering template 168/384 segment 3/5
2026-09-07T04:29:54.676+01:00 INFO : 1 points above threshold
2026-09-07T04:29:54.682+01:00 INFO : Filtering template 168/384 segment 4/5
2026-09-07T04:29:54.699+01:00 INFO : 1 points above threshold
2026-09-07T04:29:54.705+01:00 INFO : Filtering template 168/384 segment 5/5
2026-09-07T04:29:54.723+01:00 INFO : 1 points above threshold
2026-09-07T04:29:54.728+01:00 INFO : 168: generating IMRPhenomD from 30.0 Hz
2026-09-07T04:29:54.749+01:00 INFO : Decompressing waveform using inline_linear
2026-09-07T04:29:54.754+01:00 INFO : Filtering template 169/384 segment 1/5
2026-09-07T04:29:54.782+01:00 INFO : 5 points above threshold
2026-09-07T04:29:54.809+01:00 INFO : Filtering template 169/384 segment 2/5
2026-09-07T04:29:54.828+01:00 INFO : 1 points above threshold
2026-09-07T04:29:54.833+01:00 INFO : Filtering template 169/384 segment 3/5
2026-09-07T04:29:54.850+01:00 INFO : 3 points above threshold
2026-09-07T04:29:54.860+01:00 INFO : Filtering template 169/384 segment 4/5
2026-09-07T04:29:54.877+01:00 INFO : 1 points above threshold
2026-09-07T04:29:54.882+01:00 INFO : Filtering template 169/384 segment 5/5
2026-09-07T04:29:54.901+01:00 INFO : 169: generating IMRPhenomD from 30.0 Hz
2026-09-07T04:29:54.904+01:00 INFO : Decompressing waveform using inline_linear
2026-09-07T04:29:54.909+01:00 INFO : Filtering template 170/384 segment 1/5
2026-09-07T04:29:54.929+01:00 INFO : Filtering template 170/384 segment 2/5
2026-09-07T04:29:54.947+01:00 INFO : 2 points above threshold
2026-09-07T04:29:54.964+01:00 INFO : Filtering template 170/384 segment 3/5
2026-09-07T04:29:54.982+01:00 INFO : 2 points above threshold
2026-09-07T04:29:54.989+01:00 INFO : Filtering template 170/384 segment 4/5
2026-09-07T04:29:55.007+01:00 INFO : Filtering template 170/384 segment 5/5
2026-09-07T04:29:55.025+01:00 INFO : 170: generating IMRPhenomD from 30.0 Hz
2026-09-07T04:29:55.028+01:00 INFO : Decompressing waveform using inline_linear
2026-09-07T04:29:55.033+01:00 INFO : Filtering template 171/384 segment 1/5
2026-09-07T04:29:55.054+01:00 INFO : 2 points above threshold
2026-09-07T04:29:55.071+01:00 INFO : Filtering template 171/384 segment 2/5
2026-09-07T04:29:55.089+01:00 INFO : 1 points above threshold
2026-09-07T04:29:55.094+01:00 INFO : Filtering template 171/384 segment 3/5
2026-09-07T04:29:55.112+01:00 INFO : 3 points above threshold
2026-09-07T04:29:55.121+01:00 INFO : Filtering template 171/384 segment 4/5
2026-09-07T04:29:55.140+01:00 INFO : 1 points above threshold
2026-09-07T04:29:55.145+01:00 INFO : Filtering template 171/384 segment 5/5
2026-09-07T04:29:55.171+01:00 INFO : 1 points above threshold
2026-09-07T04:29:55.178+01:00 INFO : 171: generating IMRPhenomD from 30.0 Hz
2026-09-07T04:29:55.182+01:00 INFO : Decompressing waveform using inline_linear
2026-09-07T04:29:55.187+01:00 INFO : Filtering template 172/384 segment 1/5
2026-09-07T04:29:55.213+01:00 INFO : 4 points above threshold
2026-09-07T04:29:55.232+01:00 INFO : Filtering template 172/384 segment 2/5
2026-09-07T04:29:55.250+01:00 INFO : 1 points above threshold
2026-09-07T04:29:55.255+01:00 INFO : Filtering template 172/384 segment 3/5
2026-09-07T04:29:55.273+01:00 INFO : Filtering template 172/384 segment 4/5
2026-09-07T04:29:55.291+01:00 INFO : 2 points above threshold
2026-09-07T04:29:55.298+01:00 INFO : Filtering template 172/384 segment 5/5
2026-09-07T04:29:55.316+01:00 INFO : 1 points above threshold
2026-09-07T04:29:55.321+01:00 INFO : 172: generating IMRPhenomD from 30.0 Hz
2026-09-07T04:29:55.324+01:00 INFO : Decompressing waveform using inline_linear
2026-09-07T04:29:55.329+01:00 INFO : Filtering template 173/384 segment 1/5
2026-09-07T04:29:55.349+01:00 INFO : 1 points above threshold
2026-09-07T04:29:55.364+01:00 INFO : Filtering template 173/384 segment 2/5
2026-09-07T04:29:55.382+01:00 INFO : 1 points above threshold
2026-09-07T04:29:55.387+01:00 INFO : Filtering template 173/384 segment 3/5
2026-09-07T04:29:55.405+01:00 INFO : 1 points above threshold
2026-09-07T04:29:55.411+01:00 INFO : Filtering template 173/384 segment 4/5
2026-09-07T04:29:55.429+01:00 INFO : 1 points above threshold
2026-09-07T04:29:55.434+01:00 INFO : Filtering template 173/384 segment 5/5
2026-09-07T04:29:55.452+01:00 INFO : 1 points above threshold
2026-09-07T04:29:55.457+01:00 INFO : 173: generating IMRPhenomD from 30.0 Hz
2026-09-07T04:29:55.460+01:00 INFO : Decompressing waveform using inline_linear
2026-09-07T04:29:55.465+01:00 INFO : Filtering template 174/384 segment 1/5
2026-09-07T04:29:55.485+01:00 INFO : 3 points above threshold
2026-09-07T04:29:55.504+01:00 INFO : Filtering template 174/384 segment 2/5
2026-09-07T04:29:55.522+01:00 INFO : 1 points above threshold
2026-09-07T04:29:55.528+01:00 INFO : Filtering template 174/384 segment 3/5
2026-09-07T04:29:55.546+01:00 INFO : 3 points above threshold
2026-09-07T04:29:55.555+01:00 INFO : Filtering template 174/384 segment 4/5
2026-09-07T04:29:55.573+01:00 INFO : 1 points above threshold
2026-09-07T04:29:55.578+01:00 INFO : Filtering template 174/384 segment 5/5
2026-09-07T04:29:55.596+01:00 INFO : 174: generating IMRPhenomD from 30.0 Hz
2026-09-07T04:29:55.599+01:00 INFO : Decompressing waveform using inline_linear
2026-09-07T04:29:55.603+01:00 INFO : Filtering template 175/384 segment 1/5
2026-09-07T04:29:55.624+01:00 INFO : 2 points above threshold
2026-09-07T04:29:55.642+01:00 INFO : Filtering template 175/384 segment 2/5
2026-09-07T04:29:55.659+01:00 INFO : 2 points above threshold
2026-09-07T04:29:55.666+01:00 INFO : Filtering template 175/384 segment 3/5
2026-09-07T04:29:55.684+01:00 INFO : 4 points above threshold
2026-09-07T04:29:55.693+01:00 INFO : Filtering template 175/384 segment 4/5
2026-09-07T04:29:55.711+01:00 INFO : 1 points above threshold
2026-09-07T04:29:55.716+01:00 INFO : Filtering template 175/384 segment 5/5
2026-09-07T04:29:55.734+01:00 INFO : 175: generating IMRPhenomD from 30.0 Hz
2026-09-07T04:29:55.737+01:00 INFO : Decompressing waveform using inline_linear
2026-09-07T04:29:55.742+01:00 INFO : Filtering template 176/384 segment 1/5
2026-09-07T04:29:55.762+01:00 INFO : 1 points above threshold
2026-09-07T04:29:55.778+01:00 INFO : Filtering template 176/384 segment 2/5
2026-09-07T04:29:55.796+01:00 INFO : 3 points above threshold
2026-09-07T04:29:55.805+01:00 INFO : Filtering template 176/384 segment 3/5
2026-09-07T04:29:55.823+01:00 INFO : 1 points above threshold
2026-09-07T04:29:55.828+01:00 INFO : Filtering template 176/384 segment 4/5
2026-09-07T04:29:55.846+01:00 INFO : 1 points above threshold
2026-09-07T04:29:55.852+01:00 INFO : Filtering template 176/384 segment 5/5
2026-09-07T04:29:55.869+01:00 INFO : 1 points above threshold
2026-09-07T04:29:55.875+01:00 INFO : 176: generating IMRPhenomD from 30.0 Hz
2026-09-07T04:29:55.878+01:00 INFO : Decompressing waveform using inline_linear
2026-09-07T04:29:55.882+01:00 INFO : Filtering template 177/384 segment 1/5
2026-09-07T04:29:55.903+01:00 INFO : 3 points above threshold
2026-09-07T04:29:55.922+01:00 INFO : Filtering template 177/384 segment 2/5
2026-09-07T04:29:55.941+01:00 INFO : Filtering template 177/384 segment 3/5
2026-09-07T04:29:55.958+01:00 INFO : 3 points above threshold
2026-09-07T04:29:55.968+01:00 INFO : Filtering template 177/384 segment 4/5
2026-09-07T04:29:55.985+01:00 INFO : 1 points above threshold
2026-09-07T04:29:55.990+01:00 INFO : Filtering template 177/384 segment 5/5
2026-09-07T04:29:56.009+01:00 INFO : 2 points above threshold
2026-09-07T04:29:56.016+01:00 INFO : 177: generating IMRPhenomD from 30.0 Hz
2026-09-07T04:29:56.019+01:00 INFO : Decompressing waveform using inline_linear
2026-09-07T04:29:56.023+01:00 INFO : Filtering template 178/384 segment 1/5
2026-09-07T04:29:56.044+01:00 INFO : Filtering template 178/384 segment 2/5
2026-09-07T04:29:56.062+01:00 INFO : 1 points above threshold
2026-09-07T04:29:56.077+01:00 INFO : Filtering template 178/384 segment 3/5
2026-09-07T04:29:56.095+01:00 INFO : Filtering template 178/384 segment 4/5
2026-09-07T04:29:56.113+01:00 INFO : 1 points above threshold
2026-09-07T04:29:56.118+01:00 INFO : Filtering template 178/384 segment 5/5
2026-09-07T04:29:56.136+01:00 INFO : 178: generating IMRPhenomD from 30.0 Hz
2026-09-07T04:29:56.139+01:00 INFO : Decompressing waveform using inline_linear
2026-09-07T04:29:56.144+01:00 INFO : Filtering template 179/384 segment 1/5
2026-09-07T04:29:56.164+01:00 INFO : 2 points above threshold
2026-09-07T04:29:56.182+01:00 INFO : Filtering template 179/384 segment 2/5
2026-09-07T04:29:56.199+01:00 INFO : 3 points above threshold
2026-09-07T04:29:56.209+01:00 INFO : Filtering template 179/384 segment 3/5
2026-09-07T04:29:56.226+01:00 INFO : 1 points above threshold
2026-09-07T04:29:56.231+01:00 INFO : Filtering template 179/384 segment 4/5
2026-09-07T04:29:56.250+01:00 INFO : 1 points above threshold
2026-09-07T04:29:56.255+01:00 INFO : Filtering template 179/384 segment 5/5
2026-09-07T04:29:56.273+01:00 INFO : 179: generating IMRPhenomD from 30.0 Hz
2026-09-07T04:29:56.276+01:00 INFO : Decompressing waveform using inline_linear
2026-09-07T04:29:56.281+01:00 INFO : Filtering template 180/384 segment 1/5
2026-09-07T04:29:56.301+01:00 INFO : 2 points above threshold
2026-09-07T04:29:56.318+01:00 INFO : Filtering template 180/384 segment 2/5
2026-09-07T04:29:56.336+01:00 INFO : Filtering template 180/384 segment 3/5
2026-09-07T04:29:56.354+01:00 INFO : 1 points above threshold
2026-09-07T04:29:56.359+01:00 INFO : Filtering template 180/384 segment 4/5
2026-09-07T04:29:56.377+01:00 INFO : 1 points above threshold
2026-09-07T04:29:56.382+01:00 INFO : Filtering template 180/384 segment 5/5
2026-09-07T04:29:56.400+01:00 INFO : 4 points above threshold
2026-09-07T04:29:56.409+01:00 INFO : 180: generating IMRPhenomD from 30.0 Hz
2026-09-07T04:29:56.412+01:00 INFO : Decompressing waveform using inline_linear
2026-09-07T04:29:56.417+01:00 INFO : Filtering template 181/384 segment 1/5
2026-09-07T04:29:56.437+01:00 INFO : 1 points above threshold
2026-09-07T04:29:56.452+01:00 INFO : Filtering template 181/384 segment 2/5
2026-09-07T04:29:56.471+01:00 INFO : 1 points above threshold
2026-09-07T04:29:56.476+01:00 INFO : Filtering template 181/384 segment 3/5
2026-09-07T04:29:56.494+01:00 INFO : Filtering template 181/384 segment 4/5
2026-09-07T04:29:56.512+01:00 INFO : 3 points above threshold
2026-09-07T04:29:56.521+01:00 INFO : Filtering template 181/384 segment 5/5
2026-09-07T04:29:56.539+01:00 INFO : 181: generating IMRPhenomD from 30.0 Hz
2026-09-07T04:29:56.542+01:00 INFO : Decompressing waveform using inline_linear
2026-09-07T04:29:56.547+01:00 INFO : Filtering template 182/384 segment 1/5
2026-09-07T04:29:56.568+01:00 INFO : 1 points above threshold
2026-09-07T04:29:56.583+01:00 INFO : Filtering template 182/384 segment 2/5
2026-09-07T04:29:56.601+01:00 INFO : 3 points above threshold
2026-09-07T04:29:56.610+01:00 INFO : Filtering template 182/384 segment 3/5
2026-09-07T04:29:56.628+01:00 INFO : 1 points above threshold
2026-09-07T04:29:56.633+01:00 INFO : Filtering template 182/384 segment 4/5
2026-09-07T04:29:56.651+01:00 INFO : 2 points above threshold
2026-09-07T04:29:56.658+01:00 INFO : Filtering template 182/384 segment 5/5
2026-09-07T04:29:56.676+01:00 INFO : 1 points above threshold
2026-09-07T04:29:56.684+01:00 INFO : 182: generating IMRPhenomD from 30.0 Hz
2026-09-07T04:29:56.687+01:00 INFO : Decompressing waveform using inline_linear
2026-09-07T04:29:56.692+01:00 INFO : Filtering template 183/384 segment 1/5
2026-09-07T04:29:56.712+01:00 INFO : 2 points above threshold
2026-09-07T04:29:56.730+01:00 INFO : Filtering template 183/384 segment 2/5
2026-09-07T04:29:56.748+01:00 INFO : 3 points above threshold
2026-09-07T04:29:56.757+01:00 INFO : Filtering template 183/384 segment 3/5
2026-09-07T04:29:56.775+01:00 INFO : 1 points above threshold
2026-09-07T04:29:56.780+01:00 INFO : Filtering template 183/384 segment 4/5
2026-09-07T04:29:56.798+01:00 INFO : 4 points above threshold
2026-09-07T04:29:56.807+01:00 INFO : Filtering template 183/384 segment 5/5
2026-09-07T04:29:56.825+01:00 INFO : 183: generating IMRPhenomD from 30.0 Hz
2026-09-07T04:29:56.828+01:00 INFO : Decompressing waveform using inline_linear
2026-09-07T04:29:56.833+01:00 INFO : Filtering template 184/384 segment 1/5
2026-09-07T04:29:56.853+01:00 INFO : 2 points above threshold
2026-09-07T04:29:56.871+01:00 INFO : Filtering template 184/384 segment 2/5
2026-09-07T04:29:56.890+01:00 INFO : 1 points above threshold
2026-09-07T04:29:56.895+01:00 INFO : Filtering template 184/384 segment 3/5
2026-09-07T04:29:56.913+01:00 INFO : 1 points above threshold
2026-09-07T04:29:56.918+01:00 INFO : Filtering template 184/384 segment 4/5
2026-09-07T04:29:56.936+01:00 INFO : 2 points above threshold
2026-09-07T04:29:56.943+01:00 INFO : Filtering template 184/384 segment 5/5
2026-09-07T04:29:56.961+01:00 INFO : 184: generating IMRPhenomD from 30.0 Hz
2026-09-07T04:29:56.964+01:00 INFO : Decompressing waveform using inline_linear
2026-09-07T04:29:56.969+01:00 INFO : Filtering template 185/384 segment 1/5
2026-09-07T04:29:56.989+01:00 INFO : Filtering template 185/384 segment 2/5
2026-09-07T04:29:57.007+01:00 INFO : 2 points above threshold
2026-09-07T04:29:57.025+01:00 INFO : Filtering template 185/384 segment 3/5
2026-09-07T04:29:57.043+01:00 INFO : 2 points above threshold
2026-09-07T04:29:57.050+01:00 INFO : Filtering template 185/384 segment 4/5
2026-09-07T04:29:57.068+01:00 INFO : 4 points above threshold
2026-09-07T04:29:57.076+01:00 INFO : Filtering template 185/384 segment 5/5
2026-09-07T04:29:57.094+01:00 INFO : 2 points above threshold
2026-09-07T04:29:57.102+01:00 INFO : 185: generating IMRPhenomD from 30.0 Hz
2026-09-07T04:29:57.104+01:00 INFO : Decompressing waveform using inline_linear
2026-09-07T04:29:57.109+01:00 INFO : Filtering template 186/384 segment 1/5
2026-09-07T04:29:57.130+01:00 INFO : Filtering template 186/384 segment 2/5
2026-09-07T04:29:57.147+01:00 INFO : Filtering template 186/384 segment 3/5
2026-09-07T04:29:57.165+01:00 INFO : 2 points above threshold
2026-09-07T04:29:57.183+01:00 INFO : Filtering template 186/384 segment 4/5
2026-09-07T04:29:57.201+01:00 INFO : 1 points above threshold
2026-09-07T04:29:57.206+01:00 INFO : Filtering template 186/384 segment 5/5
2026-09-07T04:29:57.224+01:00 INFO : 186: generating IMRPhenomD from 30.0 Hz
2026-09-07T04:29:57.227+01:00 INFO : Decompressing waveform using inline_linear
2026-09-07T04:29:57.232+01:00 INFO : Filtering template 187/384 segment 1/5
2026-09-07T04:29:57.252+01:00 INFO : 2 points above threshold
2026-09-07T04:29:57.269+01:00 INFO : Filtering template 187/384 segment 2/5
2026-09-07T04:29:57.288+01:00 INFO : 1 points above threshold
2026-09-07T04:29:57.293+01:00 INFO : Filtering template 187/384 segment 3/5
2026-09-07T04:29:57.311+01:00 INFO : 3 points above threshold
2026-09-07T04:29:57.320+01:00 INFO : Filtering template 187/384 segment 4/5
2026-09-07T04:29:57.338+01:00 INFO : Filtering template 187/384 segment 5/5
2026-09-07T04:29:57.355+01:00 INFO : 1 points above threshold
2026-09-07T04:29:57.361+01:00 INFO : 187: generating IMRPhenomD from 30.0 Hz
2026-09-07T04:29:57.364+01:00 INFO : Decompressing waveform using inline_linear
2026-09-07T04:29:57.369+01:00 INFO : Filtering template 188/384 segment 1/5
2026-09-07T04:29:57.389+01:00 INFO : 1 points above threshold
2026-09-07T04:29:57.405+01:00 INFO : Filtering template 188/384 segment 2/5
2026-09-07T04:29:57.422+01:00 INFO : 1 points above threshold
2026-09-07T04:29:57.428+01:00 INFO : Filtering template 188/384 segment 3/5
2026-09-07T04:29:57.446+01:00 INFO : 3 points above threshold
2026-09-07T04:29:57.455+01:00 INFO : Filtering template 188/384 segment 4/5
2026-09-07T04:29:57.473+01:00 INFO : Filtering template 188/384 segment 5/5
2026-09-07T04:29:57.491+01:00 INFO : 188: generating IMRPhenomD from 30.0 Hz
2026-09-07T04:29:57.494+01:00 INFO : Decompressing waveform using inline_linear
2026-09-07T04:29:57.498+01:00 INFO : Filtering template 189/384 segment 1/5
2026-09-07T04:29:57.519+01:00 INFO : 1 points above threshold
2026-09-07T04:29:57.535+01:00 INFO : Filtering template 189/384 segment 2/5
2026-09-07T04:29:57.552+01:00 INFO : 1 points above threshold
2026-09-07T04:29:57.558+01:00 INFO : Filtering template 189/384 segment 3/5
2026-09-07T04:29:57.575+01:00 INFO : 2 points above threshold
2026-09-07T04:29:57.582+01:00 INFO : Filtering template 189/384 segment 4/5
2026-09-07T04:29:57.601+01:00 INFO : 2 points above threshold
2026-09-07T04:29:57.608+01:00 INFO : Filtering template 189/384 segment 5/5
2026-09-07T04:29:57.625+01:00 INFO : 1 points above threshold
2026-09-07T04:29:57.631+01:00 INFO : 189: generating IMRPhenomD from 30.0 Hz
2026-09-07T04:29:57.634+01:00 INFO : Decompressing waveform using inline_linear
2026-09-07T04:29:57.638+01:00 INFO : Filtering template 190/384 segment 1/5
2026-09-07T04:29:57.658+01:00 INFO : 1 points above threshold
2026-09-07T04:29:57.674+01:00 INFO : Filtering template 190/384 segment 2/5
2026-09-07T04:29:57.692+01:00 INFO : 2 points above threshold
2026-09-07T04:29:57.699+01:00 INFO : Filtering template 190/384 segment 3/5
2026-09-07T04:29:57.717+01:00 INFO : 1 points above threshold
2026-09-07T04:29:57.722+01:00 INFO : Filtering template 190/384 segment 4/5
2026-09-07T04:29:57.740+01:00 INFO : 1 points above threshold
2026-09-07T04:29:57.745+01:00 INFO : Filtering template 190/384 segment 5/5
2026-09-07T04:29:57.763+01:00 INFO : 1 points above threshold
2026-09-07T04:29:57.769+01:00 INFO : 190: generating IMRPhenomD from 30.0 Hz
2026-09-07T04:29:57.772+01:00 INFO : Decompressing waveform using inline_linear
2026-09-07T04:29:57.776+01:00 INFO : Filtering template 191/384 segment 1/5
2026-09-07T04:29:57.796+01:00 INFO : Filtering template 191/384 segment 2/5
2026-09-07T04:29:57.814+01:00 INFO : 1 points above threshold
2026-09-07T04:29:57.830+01:00 INFO : Filtering template 191/384 segment 3/5
2026-09-07T04:29:57.848+01:00 INFO : Filtering template 191/384 segment 4/5
2026-09-07T04:29:57.866+01:00 INFO : 1 points above threshold
2026-09-07T04:29:57.871+01:00 INFO : Filtering template 191/384 segment 5/5
2026-09-07T04:29:57.889+01:00 INFO : 1 points above threshold
2026-09-07T04:29:57.894+01:00 INFO : 191: generating IMRPhenomD from 30.0 Hz
2026-09-07T04:29:57.897+01:00 INFO : Decompressing waveform using inline_linear
2026-09-07T04:29:57.902+01:00 INFO : Filtering template 192/384 segment 1/5
2026-09-07T04:29:57.923+01:00 INFO : 2 points above threshold
2026-09-07T04:29:57.940+01:00 INFO : Filtering template 192/384 segment 2/5
2026-09-07T04:29:57.958+01:00 INFO : 3 points above threshold
2026-09-07T04:29:57.967+01:00 INFO : Filtering template 192/384 segment 3/5
2026-09-07T04:29:57.985+01:00 INFO : Filtering template 192/384 segment 4/5
2026-09-07T04:29:58.003+01:00 INFO : Filtering template 192/384 segment 5/5
2026-09-07T04:29:58.021+01:00 INFO : 192: generating IMRPhenomD from 30.0 Hz
2026-09-07T04:29:58.024+01:00 INFO : Decompressing waveform using inline_linear
2026-09-07T04:29:58.029+01:00 INFO : Filtering template 193/384 segment 1/5
2026-09-07T04:29:58.049+01:00 INFO : 1 points above threshold
2026-09-07T04:29:58.064+01:00 INFO : Filtering template 193/384 segment 2/5
2026-09-07T04:29:58.083+01:00 INFO : 4 points above threshold
2026-09-07T04:29:58.091+01:00 INFO : Filtering template 193/384 segment 3/5
2026-09-07T04:29:58.109+01:00 INFO : Filtering template 193/384 segment 4/5
2026-09-07T04:29:58.128+01:00 INFO : 1 points above threshold
2026-09-07T04:29:58.133+01:00 INFO : Filtering template 193/384 segment 5/5
2026-09-07T04:29:58.150+01:00 INFO : 3 points above threshold
2026-09-07T04:29:58.160+01:00 INFO : 193: generating IMRPhenomD from 30.0 Hz
2026-09-07T04:29:58.163+01:00 INFO : Decompressing waveform using inline_linear
2026-09-07T04:29:58.168+01:00 INFO : Filtering template 194/384 segment 1/5
2026-09-07T04:29:58.188+01:00 INFO : 2 points above threshold
2026-09-07T04:29:58.205+01:00 INFO : Filtering template 194/384 segment 2/5
2026-09-07T04:29:58.223+01:00 INFO : 1 points above threshold
2026-09-07T04:29:58.228+01:00 INFO : Filtering template 194/384 segment 3/5
2026-09-07T04:29:58.246+01:00 INFO : 1 points above threshold
2026-09-07T04:29:58.251+01:00 INFO : Filtering template 194/384 segment 4/5
2026-09-07T04:29:58.269+01:00 INFO : 2 points above threshold
2026-09-07T04:29:58.276+01:00 INFO : Filtering template 194/384 segment 5/5
2026-09-07T04:29:58.294+01:00 INFO : 1 points above threshold
2026-09-07T04:29:58.299+01:00 INFO : 194: generating IMRPhenomD from 30.0 Hz
2026-09-07T04:29:58.302+01:00 INFO : Decompressing waveform using inline_linear
2026-09-07T04:29:58.307+01:00 INFO : Filtering template 195/384 segment 1/5
2026-09-07T04:29:58.328+01:00 INFO : Filtering template 195/384 segment 2/5
2026-09-07T04:29:58.346+01:00 INFO : Filtering template 195/384 segment 3/5
2026-09-07T04:29:58.364+01:00 INFO : 1 points above threshold
2026-09-07T04:29:58.379+01:00 INFO : Filtering template 195/384 segment 4/5
2026-09-07T04:29:58.398+01:00 INFO : 2 points above threshold
2026-09-07T04:29:58.405+01:00 INFO : Filtering template 195/384 segment 5/5
2026-09-07T04:29:58.423+01:00 INFO : 195: generating IMRPhenomD from 30.0 Hz
2026-09-07T04:29:58.426+01:00 INFO : Decompressing waveform using inline_linear
2026-09-07T04:29:58.430+01:00 INFO : Filtering template 196/384 segment 1/5
2026-09-07T04:29:58.450+01:00 INFO : 2 points above threshold
2026-09-07T04:29:58.468+01:00 INFO : Filtering template 196/384 segment 2/5
2026-09-07T04:29:58.486+01:00 INFO : 3 points above threshold
2026-09-07T04:29:58.495+01:00 INFO : Filtering template 196/384 segment 3/5
2026-09-07T04:29:58.513+01:00 INFO : 1 points above threshold
2026-09-07T04:29:58.518+01:00 INFO : Filtering template 196/384 segment 4/5
2026-09-07T04:29:58.536+01:00 INFO : 1 points above threshold
2026-09-07T04:29:58.542+01:00 INFO : Filtering template 196/384 segment 5/5
2026-09-07T04:29:58.560+01:00 INFO : 2 points above threshold
2026-09-07T04:29:58.567+01:00 INFO : 196: generating IMRPhenomD from 30.0 Hz
2026-09-07T04:29:58.570+01:00 INFO : Decompressing waveform using inline_linear
2026-09-07T04:29:58.575+01:00 INFO : Filtering template 197/384 segment 1/5
2026-09-07T04:29:58.595+01:00 INFO : Filtering template 197/384 segment 2/5
2026-09-07T04:29:58.613+01:00 INFO : 1 points above threshold
2026-09-07T04:29:58.628+01:00 INFO : Filtering template 197/384 segment 3/5
2026-09-07T04:29:58.646+01:00 INFO : 4 points above threshold
2026-09-07T04:29:58.655+01:00 INFO : Filtering template 197/384 segment 4/5
2026-09-07T04:29:58.673+01:00 INFO : 1 points above threshold
2026-09-07T04:29:58.678+01:00 INFO : Filtering template 197/384 segment 5/5
2026-09-07T04:29:58.696+01:00 INFO : 197: generating IMRPhenomD from 30.0 Hz
2026-09-07T04:29:58.699+01:00 INFO : Decompressing waveform using inline_linear
2026-09-07T04:29:58.704+01:00 INFO : Filtering template 198/384 segment 1/5
2026-09-07T04:29:58.724+01:00 INFO : Filtering template 198/384 segment 2/5
2026-09-07T04:29:58.742+01:00 INFO : 4 points above threshold
2026-09-07T04:29:58.762+01:00 INFO : Filtering template 198/384 segment 3/5
2026-09-07T04:29:58.780+01:00 INFO : 3 points above threshold
2026-09-07T04:29:58.790+01:00 INFO : Filtering template 198/384 segment 4/5
2026-09-07T04:29:58.807+01:00 INFO : 1 points above threshold
2026-09-07T04:29:58.813+01:00 INFO : Filtering template 198/384 segment 5/5
2026-09-07T04:29:58.830+01:00 INFO : 1 points above threshold
2026-09-07T04:29:58.836+01:00 INFO : 198: generating IMRPhenomD from 30.0 Hz
2026-09-07T04:29:58.838+01:00 INFO : Decompressing waveform using inline_linear
2026-09-07T04:29:58.843+01:00 INFO : Filtering template 199/384 segment 1/5
2026-09-07T04:29:58.863+01:00 INFO : 1 points above threshold
2026-09-07T04:29:58.880+01:00 INFO : Filtering template 199/384 segment 2/5
2026-09-07T04:29:58.898+01:00 INFO : 1 points above threshold
2026-09-07T04:29:58.903+01:00 INFO : Filtering template 199/384 segment 3/5
2026-09-07T04:29:58.921+01:00 INFO : Filtering template 199/384 segment 4/5
2026-09-07T04:29:58.939+01:00 INFO : 2 points above threshold
2026-09-07T04:29:58.946+01:00 INFO : Filtering template 199/384 segment 5/5
2026-09-07T04:29:58.965+01:00 INFO : 199: generating IMRPhenomD from 30.0 Hz
2026-09-07T04:29:58.968+01:00 INFO : Decompressing waveform using inline_linear
2026-09-07T04:29:58.973+01:00 INFO : Filtering template 200/384 segment 1/5
2026-09-07T04:29:58.993+01:00 INFO : Filtering template 200/384 segment 2/5
2026-09-07T04:29:59.011+01:00 INFO : Filtering template 200/384 segment 3/5
2026-09-07T04:29:59.029+01:00 INFO : Filtering template 200/384 segment 4/5
2026-09-07T04:29:59.047+01:00 INFO : 1 points above threshold
2026-09-07T04:29:59.063+01:00 INFO : Filtering template 200/384 segment 5/5
2026-09-07T04:29:59.081+01:00 INFO : 1 points above threshold
2026-09-07T04:29:59.086+01:00 INFO : 200: generating IMRPhenomD from 30.0 Hz
2026-09-07T04:29:59.089+01:00 INFO : Decompressing waveform using inline_linear
2026-09-07T04:29:59.094+01:00 INFO : Filtering template 201/384 segment 1/5
2026-09-07T04:29:59.114+01:00 INFO : Filtering template 201/384 segment 2/5
2026-09-07T04:29:59.132+01:00 INFO : 1 points above threshold
2026-09-07T04:29:59.149+01:00 INFO : Filtering template 201/384 segment 3/5
2026-09-07T04:29:59.167+01:00 INFO : 1 points above threshold
2026-09-07T04:29:59.173+01:00 INFO : Filtering template 201/384 segment 4/5
2026-09-07T04:29:59.191+01:00 INFO : Filtering template 201/384 segment 5/5
2026-09-07T04:29:59.209+01:00 INFO : 1 points above threshold
2026-09-07T04:29:59.214+01:00 INFO : 201: generating IMRPhenomD from 30.0 Hz
2026-09-07T04:29:59.217+01:00 INFO : Decompressing waveform using inline_linear
2026-09-07T04:29:59.222+01:00 INFO : Filtering template 202/384 segment 1/5
2026-09-07T04:29:59.242+01:00 INFO : 2 points above threshold
2026-09-07T04:29:59.259+01:00 INFO : Filtering template 202/384 segment 2/5
2026-09-07T04:29:59.277+01:00 INFO : 2 points above threshold
2026-09-07T04:29:59.284+01:00 INFO : Filtering template 202/384 segment 3/5
2026-09-07T04:29:59.302+01:00 INFO : 3 points above threshold
2026-09-07T04:29:59.311+01:00 INFO : Filtering template 202/384 segment 4/5
2026-09-07T04:29:59.329+01:00 INFO : 1 points above threshold
2026-09-07T04:29:59.334+01:00 INFO : Filtering template 202/384 segment 5/5
2026-09-07T04:29:59.352+01:00 INFO : 202: generating IMRPhenomD from 30.0 Hz
2026-09-07T04:29:59.355+01:00 INFO : Decompressing waveform using inline_linear
2026-09-07T04:29:59.360+01:00 INFO : Filtering template 203/384 segment 1/5
2026-09-07T04:29:59.381+01:00 INFO : 1 points above threshold
2026-09-07T04:29:59.396+01:00 INFO : Filtering template 203/384 segment 2/5
2026-09-07T04:29:59.414+01:00 INFO : 2 points above threshold
2026-09-07T04:29:59.421+01:00 INFO : Filtering template 203/384 segment 3/5
2026-09-07T04:29:59.439+01:00 INFO : 2 points above threshold
2026-09-07T04:29:59.446+01:00 INFO : Filtering template 203/384 segment 4/5
2026-09-07T04:29:59.464+01:00 INFO : 3 points above threshold
2026-09-07T04:29:59.473+01:00 INFO : Filtering template 203/384 segment 5/5
2026-09-07T04:29:59.491+01:00 INFO : 2 points above threshold
2026-09-07T04:29:59.498+01:00 INFO : 203: generating IMRPhenomD from 30.0 Hz
2026-09-07T04:29:59.501+01:00 INFO : Decompressing waveform using inline_linear
2026-09-07T04:29:59.506+01:00 INFO : Filtering template 204/384 segment 1/5
2026-09-07T04:29:59.527+01:00 INFO : 1 points above threshold
2026-09-07T04:29:59.542+01:00 INFO : Filtering template 204/384 segment 2/5
2026-09-07T04:29:59.560+01:00 INFO : 1 points above threshold
2026-09-07T04:29:59.565+01:00 INFO : Filtering template 204/384 segment 3/5
2026-09-07T04:29:59.583+01:00 INFO : Filtering template 204/384 segment 4/5
2026-09-07T04:29:59.601+01:00 INFO : Filtering template 204/384 segment 5/5
2026-09-07T04:29:59.619+01:00 INFO : 1 points above threshold
2026-09-07T04:29:59.625+01:00 INFO : 204: generating IMRPhenomD from 30.0 Hz
2026-09-07T04:29:59.627+01:00 INFO : Decompressing waveform using inline_linear
2026-09-07T04:29:59.632+01:00 INFO : Filtering template 205/384 segment 1/5
2026-09-07T04:29:59.652+01:00 INFO : 2 points above threshold
2026-09-07T04:29:59.670+01:00 INFO : Filtering template 205/384 segment 2/5
2026-09-07T04:29:59.688+01:00 INFO : Filtering template 205/384 segment 3/5
2026-09-07T04:29:59.706+01:00 INFO : 1 points above threshold
2026-09-07T04:29:59.711+01:00 INFO : Filtering template 205/384 segment 4/5
2026-09-07T04:29:59.729+01:00 INFO : Filtering template 205/384 segment 5/5
2026-09-07T04:29:59.747+01:00 INFO : 2 points above threshold
2026-09-07T04:29:59.754+01:00 INFO : 205: generating IMRPhenomD from 30.0 Hz
2026-09-07T04:29:59.757+01:00 INFO : Decompressing waveform using inline_linear
2026-09-07T04:29:59.761+01:00 INFO : Filtering template 206/384 segment 1/5
2026-09-07T04:29:59.782+01:00 INFO : 2 points above threshold
2026-09-07T04:29:59.799+01:00 INFO : Filtering template 206/384 segment 2/5
2026-09-07T04:29:59.817+01:00 INFO : Filtering template 206/384 segment 3/5
2026-09-07T04:29:59.835+01:00 INFO : 2 points above threshold
2026-09-07T04:29:59.842+01:00 INFO : Filtering template 206/384 segment 4/5
2026-09-07T04:29:59.860+01:00 INFO : 4 points above threshold
2026-09-07T04:29:59.868+01:00 INFO : Filtering template 206/384 segment 5/5
2026-09-07T04:29:59.886+01:00 INFO : 206: generating IMRPhenomD from 30.0 Hz
2026-09-07T04:29:59.889+01:00 INFO : Decompressing waveform using inline_linear
2026-09-07T04:29:59.894+01:00 INFO : Filtering template 207/384 segment 1/5
2026-09-07T04:29:59.915+01:00 INFO : 3 points above threshold
2026-09-07T04:29:59.934+01:00 INFO : Filtering template 207/384 segment 2/5
2026-09-07T04:29:59.952+01:00 INFO : Filtering template 207/384 segment 3/5
2026-09-07T04:29:59.970+01:00 INFO : 1 points above threshold
2026-09-07T04:29:59.975+01:00 INFO : Filtering template 207/384 segment 4/5
2026-09-07T04:29:59.993+01:00 INFO : 3 points above threshold
2026-09-07T04:30:00.003+01:00 INFO : Filtering template 207/384 segment 5/5
2026-09-07T04:30:00.021+01:00 INFO : 207: generating IMRPhenomD from 30.0 Hz
2026-09-07T04:30:00.024+01:00 INFO : Decompressing waveform using inline_linear
2026-09-07T04:30:00.028+01:00 INFO : Filtering template 208/384 segment 1/5
2026-09-07T04:30:00.049+01:00 INFO : 2 points above threshold
2026-09-07T04:30:00.067+01:00 INFO : Filtering template 208/384 segment 2/5
2026-09-07T04:30:00.085+01:00 INFO : 1 points above threshold
2026-09-07T04:30:00.090+01:00 INFO : Filtering template 208/384 segment 3/5
2026-09-07T04:30:00.108+01:00 INFO : Filtering template 208/384 segment 4/5
2026-09-07T04:30:00.126+01:00 INFO : 3 points above threshold
2026-09-07T04:30:00.135+01:00 INFO : Filtering template 208/384 segment 5/5
2026-09-07T04:30:00.153+01:00 INFO : 1 points above threshold
2026-09-07T04:30:00.158+01:00 INFO : 208: generating IMRPhenomD from 30.0 Hz
2026-09-07T04:30:00.161+01:00 INFO : Decompressing waveform using inline_linear
2026-09-07T04:30:00.166+01:00 INFO : Filtering template 209/384 segment 1/5
2026-09-07T04:30:00.186+01:00 INFO : 2 points above threshold
2026-09-07T04:30:00.206+01:00 INFO : Filtering template 209/384 segment 2/5
2026-09-07T04:30:00.228+01:00 INFO : 1 points above threshold
2026-09-07T04:30:00.233+01:00 INFO : Filtering template 209/384 segment 3/5
2026-09-07T04:30:00.252+01:00 INFO : 3 points above threshold
2026-09-07T04:30:00.262+01:00 INFO : Filtering template 209/384 segment 4/5
2026-09-07T04:30:00.281+01:00 INFO : 1 points above threshold
2026-09-07T04:30:00.286+01:00 INFO : Filtering template 209/384 segment 5/5
2026-09-07T04:30:00.306+01:00 INFO : 1 points above threshold
2026-09-07T04:30:00.312+01:00 INFO : 209: generating IMRPhenomD from 30.0 Hz
2026-09-07T04:30:00.315+01:00 INFO : Decompressing waveform using inline_linear
2026-09-07T04:30:00.320+01:00 INFO : Filtering template 210/384 segment 1/5
2026-09-07T04:30:00.341+01:00 INFO : 2 points above threshold
2026-09-07T04:30:00.358+01:00 INFO : Filtering template 210/384 segment 2/5
2026-09-07T04:30:00.376+01:00 INFO : Filtering template 210/384 segment 3/5
2026-09-07T04:30:00.394+01:00 INFO : 1 points above threshold
2026-09-07T04:30:00.399+01:00 INFO : Filtering template 210/384 segment 4/5
2026-09-07T04:30:00.418+01:00 INFO : Filtering template 210/384 segment 5/5
2026-09-07T04:30:00.436+01:00 INFO : 210: generating IMRPhenomD from 30.0 Hz
2026-09-07T04:30:00.439+01:00 INFO : Decompressing waveform using inline_linear
2026-09-07T04:30:00.443+01:00 INFO : Filtering template 211/384 segment 1/5
2026-09-07T04:30:00.465+01:00 INFO : 1 points above threshold
2026-09-07T04:30:00.480+01:00 INFO : Filtering template 211/384 segment 2/5
2026-09-07T04:30:00.498+01:00 INFO : 1 points above threshold
2026-09-07T04:30:00.503+01:00 INFO : Filtering template 211/384 segment 3/5
2026-09-07T04:30:00.521+01:00 INFO : Filtering template 211/384 segment 4/5
2026-09-07T04:30:00.539+01:00 INFO : 2 points above threshold
2026-09-07T04:30:00.546+01:00 INFO : Filtering template 211/384 segment 5/5
2026-09-07T04:30:00.564+01:00 INFO : 1 points above threshold
2026-09-07T04:30:00.569+01:00 INFO : 211: generating IMRPhenomD from 30.0 Hz
2026-09-07T04:30:00.572+01:00 INFO : Decompressing waveform using inline_linear
2026-09-07T04:30:00.577+01:00 INFO : Filtering template 212/384 segment 1/5
2026-09-07T04:30:00.598+01:00 INFO : 1 points above threshold
2026-09-07T04:30:00.613+01:00 INFO : Filtering template 212/384 segment 2/5
2026-09-07T04:30:00.632+01:00 INFO : 1 points above threshold
2026-09-07T04:30:00.637+01:00 INFO : Filtering template 212/384 segment 3/5
2026-09-07T04:30:00.655+01:00 INFO : 1 points above threshold
2026-09-07T04:30:00.660+01:00 INFO : Filtering template 212/384 segment 4/5
2026-09-07T04:30:00.678+01:00 INFO : 1 points above threshold
2026-09-07T04:30:00.683+01:00 INFO : Filtering template 212/384 segment 5/5
2026-09-07T04:30:00.701+01:00 INFO : 212: generating IMRPhenomD from 30.0 Hz
2026-09-07T04:30:00.704+01:00 INFO : Decompressing waveform using inline_linear
2026-09-07T04:30:00.709+01:00 INFO : Filtering template 213/384 segment 1/5
2026-09-07T04:30:00.729+01:00 INFO : 2 points above threshold
2026-09-07T04:30:00.747+01:00 INFO : Filtering template 213/384 segment 2/5
2026-09-07T04:30:00.764+01:00 INFO : 2 points above threshold
2026-09-07T04:30:00.771+01:00 INFO : Filtering template 213/384 segment 3/5
2026-09-07T04:30:00.790+01:00 INFO : 1 points above threshold
2026-09-07T04:30:00.795+01:00 INFO : Filtering template 213/384 segment 4/5
2026-09-07T04:30:00.813+01:00 INFO : Filtering template 213/384 segment 5/5
2026-09-07T04:30:00.832+01:00 INFO : 213: generating IMRPhenomD from 30.0 Hz
2026-09-07T04:30:00.835+01:00 INFO : Decompressing waveform using inline_linear
2026-09-07T04:30:00.839+01:00 INFO : Filtering template 214/384 segment 1/5
2026-09-07T04:30:00.860+01:00 INFO : 1 points above threshold
2026-09-07T04:30:00.875+01:00 INFO : Filtering template 214/384 segment 2/5
2026-09-07T04:30:00.894+01:00 INFO : 1 points above threshold
2026-09-07T04:30:00.899+01:00 INFO : Filtering template 214/384 segment 3/5
2026-09-07T04:30:00.917+01:00 INFO : 1 points above threshold
2026-09-07T04:30:00.922+01:00 INFO : Filtering template 214/384 segment 4/5
2026-09-07T04:30:00.940+01:00 INFO : Filtering template 214/384 segment 5/5
2026-09-07T04:30:00.958+01:00 INFO : 214: generating IMRPhenomD from 30.0 Hz
2026-09-07T04:30:00.978+01:00 INFO : Decompressing waveform using inline_linear
2026-09-07T04:30:00.983+01:00 INFO : Filtering template 215/384 segment 1/5
2026-09-07T04:30:01.011+01:00 INFO : Filtering template 215/384 segment 2/5
2026-09-07T04:30:01.029+01:00 INFO : 2 points above threshold
2026-09-07T04:30:01.052+01:00 INFO : Filtering template 215/384 segment 3/5
2026-09-07T04:30:01.070+01:00 INFO : Filtering template 215/384 segment 4/5
2026-09-07T04:30:01.088+01:00 INFO : 1 points above threshold
2026-09-07T04:30:01.093+01:00 INFO : Filtering template 215/384 segment 5/5
2026-09-07T04:30:01.111+01:00 INFO : 1 points above threshold
2026-09-07T04:30:01.117+01:00 INFO : 215: generating IMRPhenomD from 30.0 Hz
2026-09-07T04:30:01.119+01:00 INFO : Decompressing waveform using inline_linear
2026-09-07T04:30:01.124+01:00 INFO : Filtering template 216/384 segment 1/5
2026-09-07T04:30:01.144+01:00 INFO : 1 points above threshold
2026-09-07T04:30:01.161+01:00 INFO : Filtering template 216/384 segment 2/5
2026-09-07T04:30:01.179+01:00 INFO : 1 points above threshold
2026-09-07T04:30:01.184+01:00 INFO : Filtering template 216/384 segment 3/5
2026-09-07T04:30:01.202+01:00 INFO : Filtering template 216/384 segment 4/5
2026-09-07T04:30:01.220+01:00 INFO : 3 points above threshold
2026-09-07T04:30:01.230+01:00 INFO : Filtering template 216/384 segment 5/5
2026-09-07T04:30:01.248+01:00 INFO : 216: generating IMRPhenomD from 30.0 Hz
2026-09-07T04:30:01.251+01:00 INFO : Decompressing waveform using inline_linear
2026-09-07T04:30:01.256+01:00 INFO : Filtering template 217/384 segment 1/5
2026-09-07T04:30:01.276+01:00 INFO : Filtering template 217/384 segment 2/5
2026-09-07T04:30:01.294+01:00 INFO : 1 points above threshold
2026-09-07T04:30:01.310+01:00 INFO : Filtering template 217/384 segment 3/5
2026-09-07T04:30:01.327+01:00 INFO : Filtering template 217/384 segment 4/5
2026-09-07T04:30:01.345+01:00 INFO : Filtering template 217/384 segment 5/5
2026-09-07T04:30:01.364+01:00 INFO : 217: generating IMRPhenomD from 30.0 Hz
2026-09-07T04:30:01.367+01:00 INFO : Decompressing waveform using inline_linear
2026-09-07T04:30:01.371+01:00 INFO : Filtering template 218/384 segment 1/5
2026-09-07T04:30:01.391+01:00 INFO : 2 points above threshold
2026-09-07T04:30:01.409+01:00 INFO : Filtering template 218/384 segment 2/5
2026-09-07T04:30:01.427+01:00 INFO : 2 points above threshold
2026-09-07T04:30:01.434+01:00 INFO : Filtering template 218/384 segment 3/5
2026-09-07T04:30:01.453+01:00 INFO : 2 points above threshold
2026-09-07T04:30:01.460+01:00 INFO : Filtering template 218/384 segment 4/5
2026-09-07T04:30:01.477+01:00 INFO : 2 points above threshold
2026-09-07T04:30:01.484+01:00 INFO : Filtering template 218/384 segment 5/5
2026-09-07T04:30:01.502+01:00 INFO : 1 points above threshold
2026-09-07T04:30:01.508+01:00 INFO : 218: generating IMRPhenomD from 30.0 Hz
2026-09-07T04:30:01.511+01:00 INFO : Decompressing waveform using inline_linear
2026-09-07T04:30:01.516+01:00 INFO : Filtering template 219/384 segment 1/5
2026-09-07T04:30:01.536+01:00 INFO : 2 points above threshold
2026-09-07T04:30:01.553+01:00 INFO : Filtering template 219/384 segment 2/5
2026-09-07T04:30:01.571+01:00 INFO : 1 points above threshold
2026-09-07T04:30:01.576+01:00 INFO : Filtering template 219/384 segment 3/5
2026-09-07T04:30:01.594+01:00 INFO : Filtering template 219/384 segment 4/5
2026-09-07T04:30:01.612+01:00 INFO : 1 points above threshold
2026-09-07T04:30:01.617+01:00 INFO : Filtering template 219/384 segment 5/5
2026-09-07T04:30:01.635+01:00 INFO : 219: generating IMRPhenomD from 30.0 Hz
2026-09-07T04:30:01.638+01:00 INFO : Decompressing waveform using inline_linear
2026-09-07T04:30:01.643+01:00 INFO : Filtering template 220/384 segment 1/5
2026-09-07T04:30:01.664+01:00 INFO : 3 points above threshold
2026-09-07T04:30:01.685+01:00 INFO : Filtering template 220/384 segment 2/5
2026-09-07T04:30:01.703+01:00 INFO : 2 points above threshold
2026-09-07T04:30:01.710+01:00 INFO : Filtering template 220/384 segment 3/5
2026-09-07T04:30:01.727+01:00 INFO : 3 points above threshold
2026-09-07T04:30:01.737+01:00 INFO : Filtering template 220/384 segment 4/5
2026-09-07T04:30:01.755+01:00 INFO : 2 points above threshold
2026-09-07T04:30:01.762+01:00 INFO : Filtering template 220/384 segment 5/5
2026-09-07T04:30:01.780+01:00 INFO : 220: generating IMRPhenomD from 30.0 Hz
2026-09-07T04:30:01.783+01:00 INFO : Decompressing waveform using inline_linear
2026-09-07T04:30:01.788+01:00 INFO : Filtering template 221/384 segment 1/5
2026-09-07T04:30:01.808+01:00 INFO : 1 points above threshold
2026-09-07T04:30:01.824+01:00 INFO : Filtering template 221/384 segment 2/5
2026-09-07T04:30:01.843+01:00 INFO : 1 points above threshold
2026-09-07T04:30:01.848+01:00 INFO : Filtering template 221/384 segment 3/5
2026-09-07T04:30:01.866+01:00 INFO : 1 points above threshold
2026-09-07T04:30:01.871+01:00 INFO : Filtering template 221/384 segment 4/5
2026-09-07T04:30:01.889+01:00 INFO : Filtering template 221/384 segment 5/5
2026-09-07T04:30:01.907+01:00 INFO : 2 points above threshold
2026-09-07T04:30:01.915+01:00 INFO : 221: generating IMRPhenomD from 30.0 Hz
2026-09-07T04:30:01.918+01:00 INFO : Decompressing waveform using inline_linear
2026-09-07T04:30:01.923+01:00 INFO : Filtering template 222/384 segment 1/5
2026-09-07T04:30:01.943+01:00 INFO : Filtering template 222/384 segment 2/5
2026-09-07T04:30:01.961+01:00 INFO : 2 points above threshold
2026-09-07T04:30:01.979+01:00 INFO : Filtering template 222/384 segment 3/5
2026-09-07T04:30:01.998+01:00 INFO : 1 points above threshold
2026-09-07T04:30:02.003+01:00 INFO : Filtering template 222/384 segment 4/5
2026-09-07T04:30:02.021+01:00 INFO : Filtering template 222/384 segment 5/5
2026-09-07T04:30:02.039+01:00 INFO : 222: generating IMRPhenomD from 30.0 Hz
2026-09-07T04:30:02.042+01:00 INFO : Decompressing waveform using inline_linear
2026-09-07T04:30:02.047+01:00 INFO : Filtering template 223/384 segment 1/5
2026-09-07T04:30:02.067+01:00 INFO : 1 points above threshold
2026-09-07T04:30:02.084+01:00 INFO : Filtering template 223/384 segment 2/5
2026-09-07T04:30:02.102+01:00 INFO : Filtering template 223/384 segment 3/5
2026-09-07T04:30:02.120+01:00 INFO : 5 points above threshold
2026-09-07T04:30:02.132+01:00 INFO : Filtering template 223/384 segment 4/5
2026-09-07T04:30:02.150+01:00 INFO : Filtering template 223/384 segment 5/5
2026-09-07T04:30:02.168+01:00 INFO : 223: generating IMRPhenomD from 30.0 Hz
2026-09-07T04:30:02.171+01:00 INFO : Decompressing waveform using inline_linear
2026-09-07T04:30:02.176+01:00 INFO : Filtering template 224/384 segment 1/5
2026-09-07T04:30:02.196+01:00 INFO : 1 points above threshold
2026-09-07T04:30:02.211+01:00 INFO : Filtering template 224/384 segment 2/5
2026-09-07T04:30:02.229+01:00 INFO : 2 points above threshold
2026-09-07T04:30:02.236+01:00 INFO : Filtering template 224/384 segment 3/5
2026-09-07T04:30:02.254+01:00 INFO : 1 points above threshold
2026-09-07T04:30:02.259+01:00 INFO : Filtering template 224/384 segment 4/5
2026-09-07T04:30:02.277+01:00 INFO : 2 points above threshold
2026-09-07T04:30:02.285+01:00 INFO : Filtering template 224/384 segment 5/5
2026-09-07T04:30:02.303+01:00 INFO : 224: generating IMRPhenomD from 30.0 Hz
2026-09-07T04:30:02.306+01:00 INFO : Decompressing waveform using inline_linear
2026-09-07T04:30:02.311+01:00 INFO : Filtering template 225/384 segment 1/5
2026-09-07T04:30:02.331+01:00 INFO : 1 points above threshold
2026-09-07T04:30:02.346+01:00 INFO : Filtering template 225/384 segment 2/5
2026-09-07T04:30:02.364+01:00 INFO : Filtering template 225/384 segment 3/5
2026-09-07T04:30:02.382+01:00 INFO : Filtering template 225/384 segment 4/5
2026-09-07T04:30:02.400+01:00 INFO : 1 points above threshold
2026-09-07T04:30:02.405+01:00 INFO : Filtering template 225/384 segment 5/5
2026-09-07T04:30:02.423+01:00 INFO : 1 points above threshold
2026-09-07T04:30:02.429+01:00 INFO : 225: generating IMRPhenomD from 30.0 Hz
2026-09-07T04:30:02.431+01:00 INFO : Decompressing waveform using inline_linear
2026-09-07T04:30:02.436+01:00 INFO : Filtering template 226/384 segment 1/5
2026-09-07T04:30:02.456+01:00 INFO : 1 points above threshold
2026-09-07T04:30:02.472+01:00 INFO : Filtering template 226/384 segment 2/5
2026-09-07T04:30:02.491+01:00 INFO : Filtering template 226/384 segment 3/5
2026-09-07T04:30:02.509+01:00 INFO : Filtering template 226/384 segment 4/5
2026-09-07T04:30:02.527+01:00 INFO : 2 points above threshold
2026-09-07T04:30:02.534+01:00 INFO : Filtering template 226/384 segment 5/5
2026-09-07T04:30:02.552+01:00 INFO : 1 points above threshold
2026-09-07T04:30:02.557+01:00 INFO : 226: generating IMRPhenomD from 30.0 Hz
2026-09-07T04:30:02.560+01:00 INFO : Decompressing waveform using inline_linear
2026-09-07T04:30:02.565+01:00 INFO : Filtering template 227/384 segment 1/5
2026-09-07T04:30:02.585+01:00 INFO : Filtering template 227/384 segment 2/5
2026-09-07T04:30:02.603+01:00 INFO : Filtering template 227/384 segment 3/5
2026-09-07T04:30:02.622+01:00 INFO : 3 points above threshold
2026-09-07T04:30:02.641+01:00 INFO : Filtering template 227/384 segment 4/5
2026-09-07T04:30:02.659+01:00 INFO : 2 points above threshold
2026-09-07T04:30:02.666+01:00 INFO : Filtering template 227/384 segment 5/5
2026-09-07T04:30:02.684+01:00 INFO : 4 points above threshold
2026-09-07T04:30:02.692+01:00 INFO : 227: generating IMRPhenomD from 30.0 Hz
2026-09-07T04:30:02.695+01:00 INFO : Decompressing waveform using inline_linear
2026-09-07T04:30:02.700+01:00 INFO : Filtering template 228/384 segment 1/5
2026-09-07T04:30:02.721+01:00 INFO : 4 points above threshold
2026-09-07T04:30:02.739+01:00 INFO : Filtering template 228/384 segment 2/5
2026-09-07T04:30:02.757+01:00 INFO : 1 points above threshold
2026-09-07T04:30:02.762+01:00 INFO : Filtering template 228/384 segment 3/5
2026-09-07T04:30:02.780+01:00 INFO : Filtering template 228/384 segment 4/5
2026-09-07T04:30:02.798+01:00 INFO : 3 points above threshold
2026-09-07T04:30:02.808+01:00 INFO : Filtering template 228/384 segment 5/5
2026-09-07T04:30:02.826+01:00 INFO : 3 points above threshold
2026-09-07T04:30:02.835+01:00 INFO : 228: generating IMRPhenomD from 30.0 Hz
2026-09-07T04:30:02.838+01:00 INFO : Decompressing waveform using inline_linear
2026-09-07T04:30:02.843+01:00 INFO : Filtering template 229/384 segment 1/5
2026-09-07T04:30:02.863+01:00 INFO : Filtering template 229/384 segment 2/5
2026-09-07T04:30:02.881+01:00 INFO : Filtering template 229/384 segment 3/5
2026-09-07T04:30:02.899+01:00 INFO : 1 points above threshold
2026-09-07T04:30:02.914+01:00 INFO : Filtering template 229/384 segment 4/5
2026-09-07T04:30:02.932+01:00 INFO : Filtering template 229/384 segment 5/5
2026-09-07T04:30:02.950+01:00 INFO : 4 points above threshold
2026-09-07T04:30:02.959+01:00 INFO : 229: generating IMRPhenomD from 30.0 Hz
2026-09-07T04:30:02.962+01:00 INFO : Decompressing waveform using inline_linear
2026-09-07T04:30:02.967+01:00 INFO : Filtering template 230/384 segment 1/5
2026-09-07T04:30:02.987+01:00 INFO : 1 points above threshold
2026-09-07T04:30:03.002+01:00 INFO : Filtering template 230/384 segment 2/5
2026-09-07T04:30:03.021+01:00 INFO : Filtering template 230/384 segment 3/5
2026-09-07T04:30:03.038+01:00 INFO : 3 points above threshold
2026-09-07T04:30:03.048+01:00 INFO : Filtering template 230/384 segment 4/5
2026-09-07T04:30:03.065+01:00 INFO : 3 points above threshold
2026-09-07T04:30:03.075+01:00 INFO : Filtering template 230/384 segment 5/5
2026-09-07T04:30:03.093+01:00 INFO : 1 points above threshold
2026-09-07T04:30:03.098+01:00 INFO : 230: generating IMRPhenomD from 30.0 Hz
2026-09-07T04:30:03.101+01:00 INFO : Decompressing waveform using inline_linear
2026-09-07T04:30:03.106+01:00 INFO : Filtering template 231/384 segment 1/5
2026-09-07T04:30:03.126+01:00 INFO : 2 points above threshold
2026-09-07T04:30:03.144+01:00 INFO : Filtering template 231/384 segment 2/5
2026-09-07T04:30:03.161+01:00 INFO : 1 points above threshold
2026-09-07T04:30:03.167+01:00 INFO : Filtering template 231/384 segment 3/5
2026-09-07T04:30:03.185+01:00 INFO : 1 points above threshold
2026-09-07T04:30:03.190+01:00 INFO : Filtering template 231/384 segment 4/5
2026-09-07T04:30:03.208+01:00 INFO : 1 points above threshold
2026-09-07T04:30:03.213+01:00 INFO : Filtering template 231/384 segment 5/5
2026-09-07T04:30:03.231+01:00 INFO : 231: generating IMRPhenomD from 30.0 Hz
2026-09-07T04:30:03.234+01:00 INFO : Decompressing waveform using inline_linear
2026-09-07T04:30:03.239+01:00 INFO : Filtering template 232/384 segment 1/5
2026-09-07T04:30:03.259+01:00 INFO : 2 points above threshold
2026-09-07T04:30:03.276+01:00 INFO : Filtering template 232/384 segment 2/5
2026-09-07T04:30:03.294+01:00 INFO : 2 points above threshold
2026-09-07T04:30:03.301+01:00 INFO : Filtering template 232/384 segment 3/5
2026-09-07T04:30:03.319+01:00 INFO : 2 points above threshold
2026-09-07T04:30:03.327+01:00 INFO : Filtering template 232/384 segment 4/5
2026-09-07T04:30:03.345+01:00 INFO : 2 points above threshold
2026-09-07T04:30:03.352+01:00 INFO : Filtering template 232/384 segment 5/5
2026-09-07T04:30:03.370+01:00 INFO : 1 points above threshold
2026-09-07T04:30:03.375+01:00 INFO : 232: generating IMRPhenomD from 30.0 Hz
2026-09-07T04:30:03.378+01:00 INFO : Decompressing waveform using inline_linear
2026-09-07T04:30:03.383+01:00 INFO : Filtering template 233/384 segment 1/5
2026-09-07T04:30:03.403+01:00 INFO : Filtering template 233/384 segment 2/5
2026-09-07T04:30:03.421+01:00 INFO : 1 points above threshold
2026-09-07T04:30:03.436+01:00 INFO : Filtering template 233/384 segment 3/5
2026-09-07T04:30:03.454+01:00 INFO : Filtering template 233/384 segment 4/5
2026-09-07T04:30:03.472+01:00 INFO : 1 points above threshold
2026-09-07T04:30:03.477+01:00 INFO : Filtering template 233/384 segment 5/5
2026-09-07T04:30:03.495+01:00 INFO : 233: generating IMRPhenomD from 30.0 Hz
2026-09-07T04:30:03.498+01:00 INFO : Decompressing waveform using inline_linear
2026-09-07T04:30:03.503+01:00 INFO : Filtering template 234/384 segment 1/5
2026-09-07T04:30:03.523+01:00 INFO : 2 points above threshold
2026-09-07T04:30:03.541+01:00 INFO : Filtering template 234/384 segment 2/5
2026-09-07T04:30:03.559+01:00 INFO : 1 points above threshold
2026-09-07T04:30:03.564+01:00 INFO : Filtering template 234/384 segment 3/5
2026-09-07T04:30:03.582+01:00 INFO : 1 points above threshold
2026-09-07T04:30:03.587+01:00 INFO : Filtering template 234/384 segment 4/5
2026-09-07T04:30:03.605+01:00 INFO : 1 points above threshold
2026-09-07T04:30:03.610+01:00 INFO : Filtering template 234/384 segment 5/5
2026-09-07T04:30:03.628+01:00 INFO : 1 points above threshold
2026-09-07T04:30:03.633+01:00 INFO : 234: generating IMRPhenomD from 30.0 Hz
2026-09-07T04:30:03.636+01:00 INFO : Decompressing waveform using inline_linear
2026-09-07T04:30:03.641+01:00 INFO : Filtering template 235/384 segment 1/5
2026-09-07T04:30:03.661+01:00 INFO : Filtering template 235/384 segment 2/5
2026-09-07T04:30:03.679+01:00 INFO : 2 points above threshold
2026-09-07T04:30:03.696+01:00 INFO : Filtering template 235/384 segment 3/5
2026-09-07T04:30:03.714+01:00 INFO : Filtering template 235/384 segment 4/5
2026-09-07T04:30:03.732+01:00 INFO : 1 points above threshold
2026-09-07T04:30:03.738+01:00 INFO : Filtering template 235/384 segment 5/5
2026-09-07T04:30:03.756+01:00 INFO : 235: generating IMRPhenomD from 30.0 Hz
2026-09-07T04:30:03.759+01:00 INFO : Decompressing waveform using inline_linear
2026-09-07T04:30:03.764+01:00 INFO : Filtering template 236/384 segment 1/5
2026-09-07T04:30:03.784+01:00 INFO : 1 points above threshold
2026-09-07T04:30:03.799+01:00 INFO : Filtering template 236/384 segment 2/5
2026-09-07T04:30:03.818+01:00 INFO : 2 points above threshold
2026-09-07T04:30:03.825+01:00 INFO : Filtering template 236/384 segment 3/5
2026-09-07T04:30:03.842+01:00 INFO : Filtering template 236/384 segment 4/5
2026-09-07T04:30:03.860+01:00 INFO : 1 points above threshold
2026-09-07T04:30:03.865+01:00 INFO : Filtering template 236/384 segment 5/5
2026-09-07T04:30:03.883+01:00 INFO : 1 points above threshold
2026-09-07T04:30:03.889+01:00 INFO : 236: generating IMRPhenomD from 30.0 Hz
2026-09-07T04:30:03.892+01:00 INFO : Decompressing waveform using inline_linear
2026-09-07T04:30:03.897+01:00 INFO : Filtering template 237/384 segment 1/5
2026-09-07T04:30:03.917+01:00 INFO : Filtering template 237/384 segment 2/5
2026-09-07T04:30:03.935+01:00 INFO : 1 points above threshold
2026-09-07T04:30:03.951+01:00 INFO : Filtering template 237/384 segment 3/5
2026-09-07T04:30:03.969+01:00 INFO : 1 points above threshold
2026-09-07T04:30:03.974+01:00 INFO : Filtering template 237/384 segment 4/5
2026-09-07T04:30:03.992+01:00 INFO : 1 points above threshold
2026-09-07T04:30:03.998+01:00 INFO : Filtering template 237/384 segment 5/5
2026-09-07T04:30:04.016+01:00 INFO : 237: generating IMRPhenomD from 30.0 Hz
2026-09-07T04:30:04.019+01:00 INFO : Decompressing waveform using inline_linear
2026-09-07T04:30:04.023+01:00 INFO : Filtering template 238/384 segment 1/5
2026-09-07T04:30:04.043+01:00 INFO : Filtering template 238/384 segment 2/5
2026-09-07T04:30:04.062+01:00 INFO : 2 points above threshold
2026-09-07T04:30:04.079+01:00 INFO : Filtering template 238/384 segment 3/5
2026-09-07T04:30:04.097+01:00 INFO : 1 points above threshold
2026-09-07T04:30:04.102+01:00 INFO : Filtering template 238/384 segment 4/5
2026-09-07T04:30:04.120+01:00 INFO : Filtering template 238/384 segment 5/5
2026-09-07T04:30:04.138+01:00 INFO : 2 points above threshold
2026-09-07T04:30:04.146+01:00 INFO : 238: generating IMRPhenomD from 30.0 Hz
2026-09-07T04:30:04.149+01:00 INFO : Decompressing waveform using inline_linear
2026-09-07T04:30:04.154+01:00 INFO : Filtering template 239/384 segment 1/5
2026-09-07T04:30:04.174+01:00 INFO : Filtering template 239/384 segment 2/5
2026-09-07T04:30:04.192+01:00 INFO : Filtering template 239/384 segment 3/5
2026-09-07T04:30:04.209+01:00 INFO : 2 points above threshold
2026-09-07T04:30:04.227+01:00 INFO : Filtering template 239/384 segment 4/5
2026-09-07T04:30:04.245+01:00 INFO : 1 points above threshold
2026-09-07T04:30:04.250+01:00 INFO : Filtering template 239/384 segment 5/5
2026-09-07T04:30:04.268+01:00 INFO : 239: generating IMRPhenomD from 30.0 Hz
2026-09-07T04:30:04.271+01:00 INFO : Decompressing waveform using inline_linear
2026-09-07T04:30:04.276+01:00 INFO : Filtering template 240/384 segment 1/5
2026-09-07T04:30:04.296+01:00 INFO : 1 points above threshold
2026-09-07T04:30:04.312+01:00 INFO : Filtering template 240/384 segment 2/5
2026-09-07T04:30:04.330+01:00 INFO : 1 points above threshold
2026-09-07T04:30:04.335+01:00 INFO : Filtering template 240/384 segment 3/5
2026-09-07T04:30:04.353+01:00 INFO : 2 points above threshold
2026-09-07T04:30:04.360+01:00 INFO : Filtering template 240/384 segment 4/5
2026-09-07T04:30:04.378+01:00 INFO : Filtering template 240/384 segment 5/5
2026-09-07T04:30:04.396+01:00 INFO : 240: generating IMRPhenomD from 30.0 Hz
2026-09-07T04:30:04.399+01:00 INFO : Decompressing waveform using inline_linear
2026-09-07T04:30:04.404+01:00 INFO : Filtering template 241/384 segment 1/5
2026-09-07T04:30:04.424+01:00 INFO : 1 points above threshold
2026-09-07T04:30:04.439+01:00 INFO : Filtering template 241/384 segment 2/5
2026-09-07T04:30:04.458+01:00 INFO : 2 points above threshold
2026-09-07T04:30:04.465+01:00 INFO : Filtering template 241/384 segment 3/5
2026-09-07T04:30:04.483+01:00 INFO : 1 points above threshold
2026-09-07T04:30:04.488+01:00 INFO : Filtering template 241/384 segment 4/5
2026-09-07T04:30:04.506+01:00 INFO : 1 points above threshold
2026-09-07T04:30:04.511+01:00 INFO : Filtering template 241/384 segment 5/5
2026-09-07T04:30:04.529+01:00 INFO : 241: generating IMRPhenomD from 30.0 Hz
2026-09-07T04:30:04.532+01:00 INFO : Decompressing waveform using inline_linear
2026-09-07T04:30:04.537+01:00 INFO : Filtering template 242/384 segment 1/5
2026-09-07T04:30:04.558+01:00 INFO : 1 points above threshold
2026-09-07T04:30:04.573+01:00 INFO : Filtering template 242/384 segment 2/5
2026-09-07T04:30:04.591+01:00 INFO : Filtering template 242/384 segment 3/5
2026-09-07T04:30:04.609+01:00 INFO : 1 points above threshold
2026-09-07T04:30:04.614+01:00 INFO : Filtering template 242/384 segment 4/5
2026-09-07T04:30:04.632+01:00 INFO : Filtering template 242/384 segment 5/5
2026-09-07T04:30:04.650+01:00 INFO : 1 points above threshold
2026-09-07T04:30:04.655+01:00 INFO : 242: generating IMRPhenomD from 30.0 Hz
2026-09-07T04:30:04.658+01:00 INFO : Decompressing waveform using inline_linear
2026-09-07T04:30:04.663+01:00 INFO : Filtering template 243/384 segment 1/5
2026-09-07T04:30:04.683+01:00 INFO : 1 points above threshold
2026-09-07T04:30:04.699+01:00 INFO : Filtering template 243/384 segment 2/5
2026-09-07T04:30:04.717+01:00 INFO : 1 points above threshold
2026-09-07T04:30:04.722+01:00 INFO : Filtering template 243/384 segment 3/5
2026-09-07T04:30:04.740+01:00 INFO : 2 points above threshold
2026-09-07T04:30:04.747+01:00 INFO : Filtering template 243/384 segment 4/5
2026-09-07T04:30:04.764+01:00 INFO : 1 points above threshold
2026-09-07T04:30:04.770+01:00 INFO : Filtering template 243/384 segment 5/5
2026-09-07T04:30:04.788+01:00 INFO : 1 points above threshold
2026-09-07T04:30:04.793+01:00 INFO : 243: generating IMRPhenomD from 30.0 Hz
2026-09-07T04:30:04.796+01:00 INFO : Decompressing waveform using inline_linear
2026-09-07T04:30:04.801+01:00 INFO : Filtering template 244/384 segment 1/5
2026-09-07T04:30:04.821+01:00 INFO : 1 points above threshold
2026-09-07T04:30:04.837+01:00 INFO : Filtering template 244/384 segment 2/5
2026-09-07T04:30:04.855+01:00 INFO : 3 points above threshold
2026-09-07T04:30:04.864+01:00 INFO : Filtering template 244/384 segment 3/5
2026-09-07T04:30:04.882+01:00 INFO : 3 points above threshold
2026-09-07T04:30:04.891+01:00 INFO : Filtering template 244/384 segment 4/5
2026-09-07T04:30:04.909+01:00 INFO : 1 points above threshold
2026-09-07T04:30:04.914+01:00 INFO : Filtering template 244/384 segment 5/5
2026-09-07T04:30:04.933+01:00 INFO : 1 points above threshold
2026-09-07T04:30:04.938+01:00 INFO : 244: generating IMRPhenomD from 30.0 Hz
2026-09-07T04:30:04.941+01:00 INFO : Decompressing waveform using inline_linear
2026-09-07T04:30:04.946+01:00 INFO : Filtering template 245/384 segment 1/5
2026-09-07T04:30:04.966+01:00 INFO : Filtering template 245/384 segment 2/5
2026-09-07T04:30:04.983+01:00 INFO : 2 points above threshold
2026-09-07T04:30:05.001+01:00 INFO : Filtering template 245/384 segment 3/5
2026-09-07T04:30:05.019+01:00 INFO : 2 points above threshold
2026-09-07T04:30:05.026+01:00 INFO : Filtering template 245/384 segment 4/5
2026-09-07T04:30:05.044+01:00 INFO : 1 points above threshold
2026-09-07T04:30:05.049+01:00 INFO : Filtering template 245/384 segment 5/5
2026-09-07T04:30:05.067+01:00 INFO : 245: generating IMRPhenomD from 30.0 Hz
2026-09-07T04:30:05.070+01:00 INFO : Decompressing waveform using inline_linear
2026-09-07T04:30:05.075+01:00 INFO : Filtering template 246/384 segment 1/5
2026-09-07T04:30:05.095+01:00 INFO : Filtering template 246/384 segment 2/5
2026-09-07T04:30:05.113+01:00 INFO : Filtering template 246/384 segment 3/5
2026-09-07T04:30:05.131+01:00 INFO : 1 points above threshold
2026-09-07T04:30:05.146+01:00 INFO : Filtering template 246/384 segment 4/5
2026-09-07T04:30:05.164+01:00 INFO : Filtering template 246/384 segment 5/5
2026-09-07T04:30:05.183+01:00 INFO : 246: generating IMRPhenomD from 30.0 Hz
2026-09-07T04:30:05.186+01:00 INFO : Decompressing waveform using inline_linear
2026-09-07T04:30:05.191+01:00 INFO : Filtering template 247/384 segment 1/5
2026-09-07T04:30:05.211+01:00 INFO : Filtering template 247/384 segment 2/5
2026-09-07T04:30:05.229+01:00 INFO : Filtering template 247/384 segment 3/5
2026-09-07T04:30:05.248+01:00 INFO : Filtering template 247/384 segment 4/5
2026-09-07T04:30:05.265+01:00 INFO : Filtering template 247/384 segment 5/5
2026-09-07T04:30:05.283+01:00 INFO : 247: generating IMRPhenomD from 30.0 Hz
2026-09-07T04:30:05.286+01:00 INFO : Decompressing waveform using inline_linear
2026-09-07T04:30:05.291+01:00 INFO : Filtering template 248/384 segment 1/5
2026-09-07T04:30:05.311+01:00 INFO : 2 points above threshold
2026-09-07T04:30:05.332+01:00 INFO : Filtering template 248/384 segment 2/5
2026-09-07T04:30:05.350+01:00 INFO : 1 points above threshold
2026-09-07T04:30:05.355+01:00 INFO : Filtering template 248/384 segment 3/5
2026-09-07T04:30:05.375+01:00 INFO : 2 points above threshold
2026-09-07T04:30:05.383+01:00 INFO : Filtering template 248/384 segment 4/5
2026-09-07T04:30:05.403+01:00 INFO : Filtering template 248/384 segment 5/5
2026-09-07T04:30:05.424+01:00 INFO : 248: generating IMRPhenomD from 30.0 Hz
2026-09-07T04:30:05.427+01:00 INFO : Decompressing waveform using inline_linear
2026-09-07T04:30:05.432+01:00 INFO : Filtering template 249/384 segment 1/5
2026-09-07T04:30:05.453+01:00 INFO : 1 points above threshold
2026-09-07T04:30:05.468+01:00 INFO : Filtering template 249/384 segment 2/5
2026-09-07T04:30:05.486+01:00 INFO : 1 points above threshold
2026-09-07T04:30:05.491+01:00 INFO : Filtering template 249/384 segment 3/5
2026-09-07T04:30:05.509+01:00 INFO : 2 points above threshold
2026-09-07T04:30:05.517+01:00 INFO : Filtering template 249/384 segment 4/5
2026-09-07T04:30:05.534+01:00 INFO : 2 points above threshold
2026-09-07T04:30:05.541+01:00 INFO : Filtering template 249/384 segment 5/5
2026-09-07T04:30:05.559+01:00 INFO : 1 points above threshold
2026-09-07T04:30:05.564+01:00 INFO : 249: generating IMRPhenomD from 30.0 Hz
2026-09-07T04:30:05.567+01:00 INFO : Decompressing waveform using inline_linear
2026-09-07T04:30:05.573+01:00 INFO : Filtering template 250/384 segment 1/5
2026-09-07T04:30:05.593+01:00 INFO : Filtering template 250/384 segment 2/5
2026-09-07T04:30:05.611+01:00 INFO : 1 points above threshold
2026-09-07T04:30:05.626+01:00 INFO : Filtering template 250/384 segment 3/5
2026-09-07T04:30:05.644+01:00 INFO : 2 points above threshold
2026-09-07T04:30:05.652+01:00 INFO : Filtering template 250/384 segment 4/5
2026-09-07T04:30:05.670+01:00 INFO : 2 points above threshold
2026-09-07T04:30:05.677+01:00 INFO : Filtering template 250/384 segment 5/5
2026-09-07T04:30:05.695+01:00 INFO : 250: generating IMRPhenomD from 30.0 Hz
2026-09-07T04:30:05.698+01:00 INFO : Decompressing waveform using inline_linear
2026-09-07T04:30:05.702+01:00 INFO : Filtering template 251/384 segment 1/5
2026-09-07T04:30:05.722+01:00 INFO : 3 points above threshold
2026-09-07T04:30:05.742+01:00 INFO : Filtering template 251/384 segment 2/5
2026-09-07T04:30:05.760+01:00 INFO : Filtering template 251/384 segment 3/5
2026-09-07T04:30:05.778+01:00 INFO : Filtering template 251/384 segment 4/5
2026-09-07T04:30:05.795+01:00 INFO : 2 points above threshold
2026-09-07T04:30:05.803+01:00 INFO : Filtering template 251/384 segment 5/5
2026-09-07T04:30:05.822+01:00 INFO : 1 points above threshold
2026-09-07T04:30:05.827+01:00 INFO : 251: generating IMRPhenomD from 30.0 Hz
2026-09-07T04:30:05.830+01:00 INFO : Decompressing waveform using inline_linear
2026-09-07T04:30:05.835+01:00 INFO : Filtering template 252/384 segment 1/5
2026-09-07T04:30:05.855+01:00 INFO : 3 points above threshold
2026-09-07T04:30:05.874+01:00 INFO : Filtering template 252/384 segment 2/5
2026-09-07T04:30:05.893+01:00 INFO : 2 points above threshold
2026-09-07T04:30:05.900+01:00 INFO : Filtering template 252/384 segment 3/5
2026-09-07T04:30:05.918+01:00 INFO : 3 points above threshold
2026-09-07T04:30:05.927+01:00 INFO : Filtering template 252/384 segment 4/5
2026-09-07T04:30:05.945+01:00 INFO : 3 points above threshold
2026-09-07T04:30:05.954+01:00 INFO : Filtering template 252/384 segment 5/5
2026-09-07T04:30:05.972+01:00 INFO : 252: generating IMRPhenomD from 30.0 Hz
2026-09-07T04:30:05.975+01:00 INFO : Decompressing waveform using inline_linear
2026-09-07T04:30:05.980+01:00 INFO : Filtering template 253/384 segment 1/5
2026-09-07T04:30:06.000+01:00 INFO : 4 points above threshold
2026-09-07T04:30:06.019+01:00 INFO : Filtering template 253/384 segment 2/5
2026-09-07T04:30:06.038+01:00 INFO : Filtering template 253/384 segment 3/5
2026-09-07T04:30:06.056+01:00 INFO : 1 points above threshold
2026-09-07T04:30:06.061+01:00 INFO : Filtering template 253/384 segment 4/5
2026-09-07T04:30:06.079+01:00 INFO : 2 points above threshold
2026-09-07T04:30:06.086+01:00 INFO : Filtering template 253/384 segment 5/5
2026-09-07T04:30:06.104+01:00 INFO : 253: generating IMRPhenomD from 30.0 Hz
2026-09-07T04:30:06.107+01:00 INFO : Decompressing waveform using inline_linear
2026-09-07T04:30:06.111+01:00 INFO : Filtering template 254/384 segment 1/5
2026-09-07T04:30:06.132+01:00 INFO : 3 points above threshold
2026-09-07T04:30:06.153+01:00 INFO : Filtering template 254/384 segment 2/5
2026-09-07T04:30:06.171+01:00 INFO : 2 points above threshold
2026-09-07T04:30:06.178+01:00 INFO : Filtering template 254/384 segment 3/5
2026-09-07T04:30:06.196+01:00 INFO : 2 points above threshold
2026-09-07T04:30:06.203+01:00 INFO : Filtering template 254/384 segment 4/5
2026-09-07T04:30:06.221+01:00 INFO : 4 points above threshold
2026-09-07T04:30:06.229+01:00 INFO : Filtering template 254/384 segment 5/5
2026-09-07T04:30:06.248+01:00 INFO : 1 points above threshold
2026-09-07T04:30:06.254+01:00 INFO : 254: generating IMRPhenomD from 30.0 Hz
2026-09-07T04:30:06.256+01:00 INFO : Decompressing waveform using inline_linear
2026-09-07T04:30:06.261+01:00 INFO : Filtering template 255/384 segment 1/5
2026-09-07T04:30:06.281+01:00 INFO : 3 points above threshold
2026-09-07T04:30:06.303+01:00 INFO : Filtering template 255/384 segment 2/5
2026-09-07T04:30:06.321+01:00 INFO : 3 points above threshold
2026-09-07T04:30:06.330+01:00 INFO : Filtering template 255/384 segment 3/5
2026-09-07T04:30:06.348+01:00 INFO : Filtering template 255/384 segment 4/5
2026-09-07T04:30:06.366+01:00 INFO : Filtering template 255/384 segment 5/5
2026-09-07T04:30:06.384+01:00 INFO : 1 points above threshold
2026-09-07T04:30:06.389+01:00 INFO : 255: generating IMRPhenomD from 30.0 Hz
2026-09-07T04:30:06.392+01:00 INFO : Decompressing waveform using inline_linear
2026-09-07T04:30:06.397+01:00 INFO : Filtering template 256/384 segment 1/5
2026-09-07T04:30:06.417+01:00 INFO : 2 points above threshold
2026-09-07T04:30:06.436+01:00 INFO : Filtering template 256/384 segment 2/5
2026-09-07T04:30:06.454+01:00 INFO : 1 points above threshold
2026-09-07T04:30:06.460+01:00 INFO : Filtering template 256/384 segment 3/5
2026-09-07T04:30:06.477+01:00 INFO : 1 points above threshold
2026-09-07T04:30:06.482+01:00 INFO : Filtering template 256/384 segment 4/5
2026-09-07T04:30:06.500+01:00 INFO : 1 points above threshold
2026-09-07T04:30:06.505+01:00 INFO : Filtering template 256/384 segment 5/5
2026-09-07T04:30:06.524+01:00 INFO : 256: generating IMRPhenomD from 30.0 Hz
2026-09-07T04:30:06.527+01:00 INFO : Decompressing waveform using inline_linear
2026-09-07T04:30:06.532+01:00 INFO : Filtering template 257/384 segment 1/5
2026-09-07T04:30:06.552+01:00 INFO : 2 points above threshold
2026-09-07T04:30:06.570+01:00 INFO : Filtering template 257/384 segment 2/5
2026-09-07T04:30:06.588+01:00 INFO : 2 points above threshold
2026-09-07T04:30:06.595+01:00 INFO : Filtering template 257/384 segment 3/5
2026-09-07T04:30:06.614+01:00 INFO : 1 points above threshold
2026-09-07T04:30:06.619+01:00 INFO : Filtering template 257/384 segment 4/5
2026-09-07T04:30:06.637+01:00 INFO : 2 points above threshold
2026-09-07T04:30:06.644+01:00 INFO : Filtering template 257/384 segment 5/5
2026-09-07T04:30:06.663+01:00 INFO : 257: generating IMRPhenomD from 30.0 Hz
2026-09-07T04:30:06.665+01:00 INFO : Decompressing waveform using inline_linear
2026-09-07T04:30:06.670+01:00 INFO : Filtering template 258/384 segment 1/5
2026-09-07T04:30:06.691+01:00 INFO : 1 points above threshold
2026-09-07T04:30:06.706+01:00 INFO : Filtering template 258/384 segment 2/5
2026-09-07T04:30:06.724+01:00 INFO : 1 points above threshold
2026-09-07T04:30:06.730+01:00 INFO : Filtering template 258/384 segment 3/5
2026-09-07T04:30:06.747+01:00 INFO : 2 points above threshold
2026-09-07T04:30:06.754+01:00 INFO : Filtering template 258/384 segment 4/5
2026-09-07T04:30:06.772+01:00 INFO : 1 points above threshold
2026-09-07T04:30:06.778+01:00 INFO : Filtering template 258/384 segment 5/5
2026-09-07T04:30:06.796+01:00 INFO : 258: generating IMRPhenomD from 30.0 Hz
2026-09-07T04:30:06.798+01:00 INFO : Decompressing waveform using inline_linear
2026-09-07T04:30:06.803+01:00 INFO : Filtering template 259/384 segment 1/5
2026-09-07T04:30:06.824+01:00 INFO : 3 points above threshold
2026-09-07T04:30:06.843+01:00 INFO : Filtering template 259/384 segment 2/5
2026-09-07T04:30:06.862+01:00 INFO : Filtering template 259/384 segment 3/5
2026-09-07T04:30:06.880+01:00 INFO : 1 points above threshold
2026-09-07T04:30:06.885+01:00 INFO : Filtering template 259/384 segment 4/5
2026-09-07T04:30:06.903+01:00 INFO : Filtering template 259/384 segment 5/5
2026-09-07T04:30:06.922+01:00 INFO : 259: generating IMRPhenomD from 30.0 Hz
2026-09-07T04:30:06.925+01:00 INFO : Decompressing waveform using inline_linear
2026-09-07T04:30:06.929+01:00 INFO : Filtering template 260/384 segment 1/5
2026-09-07T04:30:06.950+01:00 INFO : 1 points above threshold
2026-09-07T04:30:06.965+01:00 INFO : Filtering template 260/384 segment 2/5
2026-09-07T04:30:06.983+01:00 INFO : 1 points above threshold
2026-09-07T04:30:06.988+01:00 INFO : Filtering template 260/384 segment 3/5
2026-09-07T04:30:07.006+01:00 INFO : 1 points above threshold
2026-09-07T04:30:07.011+01:00 INFO : Filtering template 260/384 segment 4/5
2026-09-07T04:30:07.029+01:00 INFO : 1 points above threshold
2026-09-07T04:30:07.034+01:00 INFO : Filtering template 260/384 segment 5/5
2026-09-07T04:30:07.052+01:00 INFO : 1 points above threshold
2026-09-07T04:30:07.057+01:00 INFO : 260: generating IMRPhenomD from 30.0 Hz
2026-09-07T04:30:07.078+01:00 INFO : Decompressing waveform using inline_linear
2026-09-07T04:30:07.083+01:00 INFO : Filtering template 261/384 segment 1/5
2026-09-07T04:30:07.112+01:00 INFO : Filtering template 261/384 segment 2/5
2026-09-07T04:30:07.130+01:00 INFO : Filtering template 261/384 segment 3/5
2026-09-07T04:30:07.148+01:00 INFO : 1 points above threshold
2026-09-07T04:30:07.168+01:00 INFO : Filtering template 261/384 segment 4/5
2026-09-07T04:30:07.186+01:00 INFO : 2 points above threshold
2026-09-07T04:30:07.193+01:00 INFO : Filtering template 261/384 segment 5/5
2026-09-07T04:30:07.211+01:00 INFO : 261: generating IMRPhenomD from 30.0 Hz
2026-09-07T04:30:07.214+01:00 INFO : Decompressing waveform using inline_linear
2026-09-07T04:30:07.219+01:00 INFO : Filtering template 262/384 segment 1/5
2026-09-07T04:30:07.239+01:00 INFO : 2 points above threshold
2026-09-07T04:30:07.258+01:00 INFO : Filtering template 262/384 segment 2/5
2026-09-07T04:30:07.276+01:00 INFO : 2 points above threshold
2026-09-07T04:30:07.284+01:00 INFO : Filtering template 262/384 segment 3/5
2026-09-07T04:30:07.301+01:00 INFO : Filtering template 262/384 segment 4/5
2026-09-07T04:30:07.319+01:00 INFO : 2 points above threshold
2026-09-07T04:30:07.326+01:00 INFO : Filtering template 262/384 segment 5/5
2026-09-07T04:30:07.344+01:00 INFO : 2 points above threshold
2026-09-07T04:30:07.352+01:00 INFO : 262: generating IMRPhenomD from 30.0 Hz
2026-09-07T04:30:07.354+01:00 INFO : Decompressing waveform using inline_linear
2026-09-07T04:30:07.359+01:00 INFO : Filtering template 263/384 segment 1/5
2026-09-07T04:30:07.379+01:00 INFO : Filtering template 263/384 segment 2/5
2026-09-07T04:30:07.397+01:00 INFO : 1 points above threshold
2026-09-07T04:30:07.412+01:00 INFO : Filtering template 263/384 segment 3/5
2026-09-07T04:30:07.431+01:00 INFO : 1 points above threshold
2026-09-07T04:30:07.436+01:00 INFO : Filtering template 263/384 segment 4/5
2026-09-07T04:30:07.453+01:00 INFO : 3 points above threshold
2026-09-07T04:30:07.463+01:00 INFO : Filtering template 263/384 segment 5/5
2026-09-07T04:30:07.481+01:00 INFO : 263: generating IMRPhenomD from 30.0 Hz
2026-09-07T04:30:07.484+01:00 INFO : Decompressing waveform using inline_linear
2026-09-07T04:30:07.489+01:00 INFO : Filtering template 264/384 segment 1/5
2026-09-07T04:30:07.510+01:00 INFO : 2 points above threshold
2026-09-07T04:30:07.527+01:00 INFO : Filtering template 264/384 segment 2/5
2026-09-07T04:30:07.545+01:00 INFO : 1 points above threshold
2026-09-07T04:30:07.550+01:00 INFO : Filtering template 264/384 segment 3/5
2026-09-07T04:30:07.568+01:00 INFO : 1 points above threshold
2026-09-07T04:30:07.573+01:00 INFO : Filtering template 264/384 segment 4/5
2026-09-07T04:30:07.591+01:00 INFO : 3 points above threshold
2026-09-07T04:30:07.600+01:00 INFO : Filtering template 264/384 segment 5/5
2026-09-07T04:30:07.618+01:00 INFO : 3 points above threshold
2026-09-07T04:30:07.628+01:00 INFO : 264: generating IMRPhenomD from 30.0 Hz
2026-09-07T04:30:07.631+01:00 INFO : Decompressing waveform using inline_linear
2026-09-07T04:30:07.635+01:00 INFO : Filtering template 265/384 segment 1/5
2026-09-07T04:30:07.656+01:00 INFO : 1 points above threshold
2026-09-07T04:30:07.671+01:00 INFO : Filtering template 265/384 segment 2/5
2026-09-07T04:30:07.689+01:00 INFO : 1 points above threshold
2026-09-07T04:30:07.695+01:00 INFO : Filtering template 265/384 segment 3/5
2026-09-07T04:30:07.712+01:00 INFO : 1 points above threshold
2026-09-07T04:30:07.718+01:00 INFO : Filtering template 265/384 segment 4/5
2026-09-07T04:30:07.736+01:00 INFO : Filtering template 265/384 segment 5/5
2026-09-07T04:30:07.754+01:00 INFO : 1 points above threshold
2026-09-07T04:30:07.759+01:00 INFO : 265: generating IMRPhenomD from 30.0 Hz
2026-09-07T04:30:07.762+01:00 INFO : Decompressing waveform using inline_linear
2026-09-07T04:30:07.767+01:00 INFO : Filtering template 266/384 segment 1/5
2026-09-07T04:30:07.787+01:00 INFO : 3 points above threshold
2026-09-07T04:30:07.806+01:00 INFO : Filtering template 266/384 segment 2/5
2026-09-07T04:30:07.825+01:00 INFO : 3 points above threshold
2026-09-07T04:30:07.834+01:00 INFO : Filtering template 266/384 segment 3/5
2026-09-07T04:30:07.852+01:00 INFO : Filtering template 266/384 segment 4/5
2026-09-07T04:30:07.870+01:00 INFO : 1 points above threshold
2026-09-07T04:30:07.875+01:00 INFO : Filtering template 266/384 segment 5/5
2026-09-07T04:30:07.894+01:00 INFO : 266: generating IMRPhenomD from 30.0 Hz
2026-09-07T04:30:07.897+01:00 INFO : Decompressing waveform using inline_linear
2026-09-07T04:30:07.901+01:00 INFO : Filtering template 267/384 segment 1/5
2026-09-07T04:30:07.922+01:00 INFO : Filtering template 267/384 segment 2/5
2026-09-07T04:30:07.939+01:00 INFO : 1 points above threshold
2026-09-07T04:30:07.955+01:00 INFO : Filtering template 267/384 segment 3/5
2026-09-07T04:30:07.973+01:00 INFO : 2 points above threshold
2026-09-07T04:30:07.980+01:00 INFO : Filtering template 267/384 segment 4/5
2026-09-07T04:30:07.998+01:00 INFO : Filtering template 267/384 segment 5/5
2026-09-07T04:30:08.016+01:00 INFO : 2 points above threshold
2026-09-07T04:30:08.023+01:00 INFO : 267: generating IMRPhenomD from 30.0 Hz
2026-09-07T04:30:08.026+01:00 INFO : Decompressing waveform using inline_linear
2026-09-07T04:30:08.031+01:00 INFO : Filtering template 268/384 segment 1/5
2026-09-07T04:30:08.051+01:00 INFO : 1 points above threshold
2026-09-07T04:30:08.068+01:00 INFO : Filtering template 268/384 segment 2/5
2026-09-07T04:30:08.085+01:00 INFO : Filtering template 268/384 segment 3/5
2026-09-07T04:30:08.103+01:00 INFO : 1 points above threshold
2026-09-07T04:30:08.109+01:00 INFO : Filtering template 268/384 segment 4/5
2026-09-07T04:30:08.127+01:00 INFO : Filtering template 268/384 segment 5/5
2026-09-07T04:30:08.145+01:00 INFO : 2 points above threshold
2026-09-07T04:30:08.152+01:00 INFO : 268: generating IMRPhenomD from 30.0 Hz
2026-09-07T04:30:08.155+01:00 INFO : Decompressing waveform using inline_linear
2026-09-07T04:30:08.160+01:00 INFO : Filtering template 269/384 segment 1/5
2026-09-07T04:30:08.180+01:00 INFO : Filtering template 269/384 segment 2/5
2026-09-07T04:30:08.197+01:00 INFO : 1 points above threshold
2026-09-07T04:30:08.214+01:00 INFO : Filtering template 269/384 segment 3/5
2026-09-07T04:30:08.232+01:00 INFO : Filtering template 269/384 segment 4/5
2026-09-07T04:30:08.250+01:00 INFO : 1 points above threshold
2026-09-07T04:30:08.255+01:00 INFO : Filtering template 269/384 segment 5/5
2026-09-07T04:30:08.273+01:00 INFO : 269: generating IMRPhenomD from 30.0 Hz
2026-09-07T04:30:08.276+01:00 INFO : Decompressing waveform using inline_linear
2026-09-07T04:30:08.281+01:00 INFO : Filtering template 270/384 segment 1/5
2026-09-07T04:30:08.302+01:00 INFO : Filtering template 270/384 segment 2/5
2026-09-07T04:30:08.320+01:00 INFO : Filtering template 270/384 segment 3/5
2026-09-07T04:30:08.338+01:00 INFO : Filtering template 270/384 segment 4/5
2026-09-07T04:30:08.356+01:00 INFO : 1 points above threshold
2026-09-07T04:30:08.372+01:00 INFO : Filtering template 270/384 segment 5/5
2026-09-07T04:30:08.391+01:00 INFO : 270: generating IMRPhenomD from 30.0 Hz
2026-09-07T04:30:08.394+01:00 INFO : Decompressing waveform using inline_linear
2026-09-07T04:30:08.398+01:00 INFO : Filtering template 271/384 segment 1/5
2026-09-07T04:30:08.418+01:00 INFO : 2 points above threshold
2026-09-07T04:30:08.437+01:00 INFO : Filtering template 271/384 segment 2/5
2026-09-07T04:30:08.455+01:00 INFO : Filtering template 271/384 segment 3/5
2026-09-07T04:30:08.473+01:00 INFO : 1 points above threshold
2026-09-07T04:30:08.478+01:00 INFO : Filtering template 271/384 segment 4/5
2026-09-07T04:30:08.496+01:00 INFO : 1 points above threshold
2026-09-07T04:30:08.501+01:00 INFO : Filtering template 271/384 segment 5/5
2026-09-07T04:30:08.519+01:00 INFO : 3 points above threshold
2026-09-07T04:30:08.529+01:00 INFO : 271: generating IMRPhenomD from 30.0 Hz
2026-09-07T04:30:08.532+01:00 INFO : Decompressing waveform using inline_linear
2026-09-07T04:30:08.537+01:00 INFO : Filtering template 272/384 segment 1/5
2026-09-07T04:30:08.557+01:00 INFO : 2 points above threshold
2026-09-07T04:30:08.574+01:00 INFO : Filtering template 272/384 segment 2/5
2026-09-07T04:30:08.592+01:00 INFO : 1 points above threshold
2026-09-07T04:30:08.597+01:00 INFO : Filtering template 272/384 segment 3/5
2026-09-07T04:30:08.616+01:00 INFO : 1 points above threshold
2026-09-07T04:30:08.621+01:00 INFO : Filtering template 272/384 segment 4/5
2026-09-07T04:30:08.639+01:00 INFO : Filtering template 272/384 segment 5/5
2026-09-07T04:30:08.657+01:00 INFO : 1 points above threshold
2026-09-07T04:30:08.662+01:00 INFO : 272: generating IMRPhenomD from 30.0 Hz
2026-09-07T04:30:08.665+01:00 INFO : Decompressing waveform using inline_linear
2026-09-07T04:30:08.670+01:00 INFO : Filtering template 273/384 segment 1/5
2026-09-07T04:30:08.690+01:00 INFO : 1 points above threshold
2026-09-07T04:30:08.706+01:00 INFO : Filtering template 273/384 segment 2/5
2026-09-07T04:30:08.723+01:00 INFO : Filtering template 273/384 segment 3/5
2026-09-07T04:30:08.742+01:00 INFO : 1 points above threshold
2026-09-07T04:30:08.750+01:00 INFO : Filtering template 273/384 segment 4/5
2026-09-07T04:30:08.768+01:00 INFO : 2 points above threshold
2026-09-07T04:30:08.775+01:00 INFO : Filtering template 273/384 segment 5/5
2026-09-07T04:30:08.793+01:00 INFO : 273: generating IMRPhenomD from 30.0 Hz
2026-09-07T04:30:08.796+01:00 INFO : Decompressing waveform using inline_linear
2026-09-07T04:30:08.801+01:00 INFO : Filtering template 274/384 segment 1/5
2026-09-07T04:30:08.821+01:00 INFO : 1 points above threshold
2026-09-07T04:30:08.836+01:00 INFO : Filtering template 274/384 segment 2/5
2026-09-07T04:30:08.855+01:00 INFO : 2 points above threshold
2026-09-07T04:30:08.862+01:00 INFO : Filtering template 274/384 segment 3/5
2026-09-07T04:30:08.880+01:00 INFO : 3 points above threshold
2026-09-07T04:30:08.889+01:00 INFO : Filtering template 274/384 segment 4/5
2026-09-07T04:30:08.907+01:00 INFO : 1 points above threshold
2026-09-07T04:30:08.912+01:00 INFO : Filtering template 274/384 segment 5/5
2026-09-07T04:30:08.930+01:00 INFO : 3 points above threshold
2026-09-07T04:30:08.940+01:00 INFO : 274: generating IMRPhenomD from 30.0 Hz
2026-09-07T04:30:08.943+01:00 INFO : Decompressing waveform using inline_linear
2026-09-07T04:30:08.948+01:00 INFO : Filtering template 275/384 segment 1/5
2026-09-07T04:30:08.968+01:00 INFO : 1 points above threshold
2026-09-07T04:30:08.983+01:00 INFO : Filtering template 275/384 segment 2/5
2026-09-07T04:30:09.001+01:00 INFO : 1 points above threshold
2026-09-07T04:30:09.006+01:00 INFO : Filtering template 275/384 segment 3/5
2026-09-07T04:30:09.025+01:00 INFO : Filtering template 275/384 segment 4/5
2026-09-07T04:30:09.042+01:00 INFO : 2 points above threshold
2026-09-07T04:30:09.049+01:00 INFO : Filtering template 275/384 segment 5/5
2026-09-07T04:30:09.067+01:00 INFO : 1 points above threshold
2026-09-07T04:30:09.072+01:00 INFO : 275: generating IMRPhenomD from 30.0 Hz
2026-09-07T04:30:09.075+01:00 INFO : Decompressing waveform using inline_linear
2026-09-07T04:30:09.080+01:00 INFO : Filtering template 276/384 segment 1/5
2026-09-07T04:30:09.101+01:00 INFO : 2 points above threshold
2026-09-07T04:30:09.118+01:00 INFO : Filtering template 276/384 segment 2/5
2026-09-07T04:30:09.136+01:00 INFO : 2 points above threshold
2026-09-07T04:30:09.143+01:00 INFO : Filtering template 276/384 segment 3/5
2026-09-07T04:30:09.161+01:00 INFO : 2 points above threshold
2026-09-07T04:30:09.169+01:00 INFO : Filtering template 276/384 segment 4/5
2026-09-07T04:30:09.186+01:00 INFO : 4 points above threshold
2026-09-07T04:30:09.195+01:00 INFO : Filtering template 276/384 segment 5/5
2026-09-07T04:30:09.213+01:00 INFO : 1 points above threshold
2026-09-07T04:30:09.218+01:00 INFO : 276: generating IMRPhenomD from 30.0 Hz
2026-09-07T04:30:09.221+01:00 INFO : Decompressing waveform using inline_linear
2026-09-07T04:30:09.226+01:00 INFO : Filtering template 277/384 segment 1/5
2026-09-07T04:30:09.246+01:00 INFO : 2 points above threshold
2026-09-07T04:30:09.264+01:00 INFO : Filtering template 277/384 segment 2/5
2026-09-07T04:30:09.282+01:00 INFO : Filtering template 277/384 segment 3/5
2026-09-07T04:30:09.299+01:00 INFO : Filtering template 277/384 segment 4/5
2026-09-07T04:30:09.317+01:00 INFO : 1 points above threshold
2026-09-07T04:30:09.322+01:00 INFO : Filtering template 277/384 segment 5/5
2026-09-07T04:30:09.341+01:00 INFO : 277: generating IMRPhenomD from 30.0 Hz
2026-09-07T04:30:09.344+01:00 INFO : Decompressing waveform using inline_linear
2026-09-07T04:30:09.349+01:00 INFO : Filtering template 278/384 segment 1/5
2026-09-07T04:30:09.370+01:00 INFO : Filtering template 278/384 segment 2/5
2026-09-07T04:30:09.387+01:00 INFO : 2 points above threshold
2026-09-07T04:30:09.405+01:00 INFO : Filtering template 278/384 segment 3/5
2026-09-07T04:30:09.423+01:00 INFO : Filtering template 278/384 segment 4/5
2026-09-07T04:30:09.441+01:00 INFO : 1 points above threshold
2026-09-07T04:30:09.446+01:00 INFO : Filtering template 278/384 segment 5/5
2026-09-07T04:30:09.464+01:00 INFO : 1 points above threshold
2026-09-07T04:30:09.469+01:00 INFO : 278: generating IMRPhenomD from 30.0 Hz
2026-09-07T04:30:09.472+01:00 INFO : Decompressing waveform using inline_linear
2026-09-07T04:30:09.477+01:00 INFO : Filtering template 279/384 segment 1/5
2026-09-07T04:30:09.497+01:00 INFO : 2 points above threshold
2026-09-07T04:30:09.514+01:00 INFO : Filtering template 279/384 segment 2/5
2026-09-07T04:30:09.532+01:00 INFO : 1 points above threshold
2026-09-07T04:30:09.537+01:00 INFO : Filtering template 279/384 segment 3/5
2026-09-07T04:30:09.555+01:00 INFO : 1 points above threshold
2026-09-07T04:30:09.560+01:00 INFO : Filtering template 279/384 segment 4/5
2026-09-07T04:30:09.579+01:00 INFO : 3 points above threshold
2026-09-07T04:30:09.589+01:00 INFO : Filtering template 279/384 segment 5/5
2026-09-07T04:30:09.607+01:00 INFO : 279: generating IMRPhenomD from 30.0 Hz
2026-09-07T04:30:09.609+01:00 INFO : Decompressing waveform using inline_linear
2026-09-07T04:30:09.614+01:00 INFO : Filtering template 280/384 segment 1/5
2026-09-07T04:30:09.635+01:00 INFO : 2 points above threshold
2026-09-07T04:30:09.652+01:00 INFO : Filtering template 280/384 segment 2/5
2026-09-07T04:30:09.670+01:00 INFO : 1 points above threshold
2026-09-07T04:30:09.675+01:00 INFO : Filtering template 280/384 segment 3/5
2026-09-07T04:30:09.693+01:00 INFO : 1 points above threshold
2026-09-07T04:30:09.698+01:00 INFO : Filtering template 280/384 segment 4/5
2026-09-07T04:30:09.716+01:00 INFO : 1 points above threshold
2026-09-07T04:30:09.721+01:00 INFO : Filtering template 280/384 segment 5/5
2026-09-07T04:30:09.740+01:00 INFO : 280: generating IMRPhenomD from 30.0 Hz
2026-09-07T04:30:09.742+01:00 INFO : Decompressing waveform using inline_linear
2026-09-07T04:30:09.747+01:00 INFO : Filtering template 281/384 segment 1/5
2026-09-07T04:30:09.767+01:00 INFO : 2 points above threshold
2026-09-07T04:30:09.785+01:00 INFO : Filtering template 281/384 segment 2/5
2026-09-07T04:30:09.803+01:00 INFO : Filtering template 281/384 segment 3/5
2026-09-07T04:30:09.821+01:00 INFO : Filtering template 281/384 segment 4/5
2026-09-07T04:30:09.839+01:00 INFO : 3 points above threshold
2026-09-07T04:30:09.848+01:00 INFO : Filtering template 281/384 segment 5/5
2026-09-07T04:30:09.866+01:00 INFO : 3 points above threshold
2026-09-07T04:30:09.875+01:00 INFO : 281: generating IMRPhenomD from 30.0 Hz
2026-09-07T04:30:09.878+01:00 INFO : Decompressing waveform using inline_linear
2026-09-07T04:30:09.883+01:00 INFO : Filtering template 282/384 segment 1/5
2026-09-07T04:30:09.904+01:00 INFO : Filtering template 282/384 segment 2/5
2026-09-07T04:30:09.922+01:00 INFO : 1 points above threshold
2026-09-07T04:30:09.937+01:00 INFO : Filtering template 282/384 segment 3/5
2026-09-07T04:30:09.955+01:00 INFO : Filtering template 282/384 segment 4/5
2026-09-07T04:30:09.973+01:00 INFO : 2 points above threshold
2026-09-07T04:30:09.981+01:00 INFO : Filtering template 282/384 segment 5/5
2026-09-07T04:30:09.998+01:00 INFO : 3 points above threshold
2026-09-07T04:30:10.008+01:00 INFO : 282: generating IMRPhenomD from 30.0 Hz
2026-09-07T04:30:10.011+01:00 INFO : Decompressing waveform using inline_linear
2026-09-07T04:30:10.015+01:00 INFO : Filtering template 283/384 segment 1/5
2026-09-07T04:30:10.036+01:00 INFO : Filtering template 283/384 segment 2/5
2026-09-07T04:30:10.054+01:00 INFO : 1 points above threshold
2026-09-07T04:30:10.069+01:00 INFO : Filtering template 283/384 segment 3/5
2026-09-07T04:30:10.087+01:00 INFO : Filtering template 283/384 segment 4/5
2026-09-07T04:30:10.105+01:00 INFO : 5 points above threshold
2026-09-07T04:30:10.117+01:00 INFO : Filtering template 283/384 segment 5/5
2026-09-07T04:30:10.135+01:00 INFO : 3 points above threshold
2026-09-07T04:30:10.144+01:00 INFO : 283: generating IMRPhenomD from 30.0 Hz
2026-09-07T04:30:10.147+01:00 INFO : Decompressing waveform using inline_linear
2026-09-07T04:30:10.152+01:00 INFO : Filtering template 284/384 segment 1/5
2026-09-07T04:30:10.172+01:00 INFO : 2 points above threshold
2026-09-07T04:30:10.189+01:00 INFO : Filtering template 284/384 segment 2/5
2026-09-07T04:30:10.207+01:00 INFO : 1 points above threshold
2026-09-07T04:30:10.213+01:00 INFO : Filtering template 284/384 segment 3/5
2026-09-07T04:30:10.230+01:00 INFO : 2 points above threshold
2026-09-07T04:30:10.237+01:00 INFO : Filtering template 284/384 segment 4/5
2026-09-07T04:30:10.255+01:00 INFO : 1 points above threshold
2026-09-07T04:30:10.260+01:00 INFO : Filtering template 284/384 segment 5/5
2026-09-07T04:30:10.278+01:00 INFO : 284: generating IMRPhenomD from 30.0 Hz
2026-09-07T04:30:10.282+01:00 INFO : Decompressing waveform using inline_linear
2026-09-07T04:30:10.286+01:00 INFO : Filtering template 285/384 segment 1/5
2026-09-07T04:30:10.306+01:00 INFO : 1 points above threshold
2026-09-07T04:30:10.323+01:00 INFO : Filtering template 285/384 segment 2/5
2026-09-07T04:30:10.341+01:00 INFO : 1 points above threshold
2026-09-07T04:30:10.346+01:00 INFO : Filtering template 285/384 segment 3/5
2026-09-07T04:30:10.364+01:00 INFO : 1 points above threshold
2026-09-07T04:30:10.369+01:00 INFO : Filtering template 285/384 segment 4/5
2026-09-07T04:30:10.387+01:00 INFO : 3 points above threshold
2026-09-07T04:30:10.397+01:00 INFO : Filtering template 285/384 segment 5/5
2026-09-07T04:30:10.415+01:00 INFO : 285: generating IMRPhenomD from 30.0 Hz
2026-09-07T04:30:10.417+01:00 INFO : Decompressing waveform using inline_linear
2026-09-07T04:30:10.422+01:00 INFO : Filtering template 286/384 segment 1/5
2026-09-07T04:30:10.445+01:00 INFO : 3 points above threshold
2026-09-07T04:30:10.465+01:00 INFO : Filtering template 286/384 segment 2/5
2026-09-07T04:30:10.485+01:00 INFO : 1 points above threshold
2026-09-07T04:30:10.490+01:00 INFO : Filtering template 286/384 segment 3/5
2026-09-07T04:30:10.510+01:00 INFO : Filtering template 286/384 segment 4/5
2026-09-07T04:30:10.529+01:00 INFO : Filtering template 286/384 segment 5/5
2026-09-07T04:30:10.547+01:00 INFO : 286: generating IMRPhenomD from 30.0 Hz
2026-09-07T04:30:10.550+01:00 INFO : Decompressing waveform using inline_linear
2026-09-07T04:30:10.555+01:00 INFO : Filtering template 287/384 segment 1/5
2026-09-07T04:30:10.575+01:00 INFO : 2 points above threshold
2026-09-07T04:30:10.593+01:00 INFO : Filtering template 287/384 segment 2/5
2026-09-07T04:30:10.612+01:00 INFO : 4 points above threshold
2026-09-07T04:30:10.620+01:00 INFO : Filtering template 287/384 segment 3/5
2026-09-07T04:30:10.638+01:00 INFO : 1 points above threshold
2026-09-07T04:30:10.643+01:00 INFO : Filtering template 287/384 segment 4/5
2026-09-07T04:30:10.661+01:00 INFO : 3 points above threshold
2026-09-07T04:30:10.670+01:00 INFO : Filtering template 287/384 segment 5/5
2026-09-07T04:30:10.688+01:00 INFO : 2 points above threshold
2026-09-07T04:30:10.696+01:00 INFO : 287: generating IMRPhenomD from 30.0 Hz
2026-09-07T04:30:10.699+01:00 INFO : Decompressing waveform using inline_linear
2026-09-07T04:30:10.703+01:00 INFO : Filtering template 288/384 segment 1/5
2026-09-07T04:30:10.724+01:00 INFO : 1 points above threshold
2026-09-07T04:30:10.739+01:00 INFO : Filtering template 288/384 segment 2/5
2026-09-07T04:30:10.757+01:00 INFO : 2 points above threshold
2026-09-07T04:30:10.764+01:00 INFO : Filtering template 288/384 segment 3/5
2026-09-07T04:30:10.782+01:00 INFO : 2 points above threshold
2026-09-07T04:30:10.789+01:00 INFO : Filtering template 288/384 segment 4/5
2026-09-07T04:30:10.807+01:00 INFO : 1 points above threshold
2026-09-07T04:30:10.812+01:00 INFO : Filtering template 288/384 segment 5/5
2026-09-07T04:30:10.830+01:00 INFO : 3 points above threshold
2026-09-07T04:30:10.840+01:00 INFO : 288: generating IMRPhenomD from 30.0 Hz
2026-09-07T04:30:10.843+01:00 INFO : Decompressing waveform using inline_linear
2026-09-07T04:30:10.848+01:00 INFO : Filtering template 289/384 segment 1/5
2026-09-07T04:30:10.868+01:00 INFO : Filtering template 289/384 segment 2/5
2026-09-07T04:30:10.886+01:00 INFO : 2 points above threshold
2026-09-07T04:30:10.903+01:00 INFO : Filtering template 289/384 segment 3/5
2026-09-07T04:30:10.921+01:00 INFO : 1 points above threshold
2026-09-07T04:30:10.926+01:00 INFO : Filtering template 289/384 segment 4/5
2026-09-07T04:30:10.944+01:00 INFO : 1 points above threshold
2026-09-07T04:30:10.949+01:00 INFO : Filtering template 289/384 segment 5/5
2026-09-07T04:30:10.967+01:00 INFO : 2 points above threshold
2026-09-07T04:30:10.974+01:00 INFO : 289: generating IMRPhenomD from 30.0 Hz
2026-09-07T04:30:10.977+01:00 INFO : Decompressing waveform using inline_linear
2026-09-07T04:30:10.981+01:00 INFO : Filtering template 290/384 segment 1/5
2026-09-07T04:30:11.002+01:00 INFO : 3 points above threshold
2026-09-07T04:30:11.022+01:00 INFO : Filtering template 290/384 segment 2/5
2026-09-07T04:30:11.040+01:00 INFO : Filtering template 290/384 segment 3/5
2026-09-07T04:30:11.058+01:00 INFO : 1 points above threshold
2026-09-07T04:30:11.063+01:00 INFO : Filtering template 290/384 segment 4/5
2026-09-07T04:30:11.081+01:00 INFO : 2 points above threshold
2026-09-07T04:30:11.088+01:00 INFO : Filtering template 290/384 segment 5/5
2026-09-07T04:30:11.106+01:00 INFO : 290: generating IMRPhenomD from 30.0 Hz
2026-09-07T04:30:11.109+01:00 INFO : Decompressing waveform using inline_linear
2026-09-07T04:30:11.114+01:00 INFO : Filtering template 291/384 segment 1/5
2026-09-07T04:30:11.134+01:00 INFO : 5 points above threshold
2026-09-07T04:30:11.156+01:00 INFO : Filtering template 291/384 segment 2/5
2026-09-07T04:30:11.174+01:00 INFO : 3 points above threshold
2026-09-07T04:30:11.183+01:00 INFO : Filtering template 291/384 segment 3/5
2026-09-07T04:30:11.201+01:00 INFO : 1 points above threshold
2026-09-07T04:30:11.206+01:00 INFO : Filtering template 291/384 segment 4/5
2026-09-07T04:30:11.224+01:00 INFO : 1 points above threshold
2026-09-07T04:30:11.229+01:00 INFO : Filtering template 291/384 segment 5/5
2026-09-07T04:30:11.248+01:00 INFO : 291: generating IMRPhenomD from 30.0 Hz
2026-09-07T04:30:11.251+01:00 INFO : Decompressing waveform using inline_linear
2026-09-07T04:30:11.256+01:00 INFO : Filtering template 292/384 segment 1/5
2026-09-07T04:30:11.276+01:00 INFO : 1 points above threshold
2026-09-07T04:30:11.291+01:00 INFO : Filtering template 292/384 segment 2/5
2026-09-07T04:30:11.310+01:00 INFO : 1 points above threshold
2026-09-07T04:30:11.315+01:00 INFO : Filtering template 292/384 segment 3/5
2026-09-07T04:30:11.333+01:00 INFO : 1 points above threshold
2026-09-07T04:30:11.338+01:00 INFO : Filtering template 292/384 segment 4/5
2026-09-07T04:30:11.356+01:00 INFO : 2 points above threshold
2026-09-07T04:30:11.363+01:00 INFO : Filtering template 292/384 segment 5/5
2026-09-07T04:30:11.381+01:00 INFO : 1 points above threshold
2026-09-07T04:30:11.386+01:00 INFO : 292: generating IMRPhenomD from 30.0 Hz
2026-09-07T04:30:11.389+01:00 INFO : Decompressing waveform using inline_linear
2026-09-07T04:30:11.394+01:00 INFO : Filtering template 293/384 segment 1/5
2026-09-07T04:30:11.414+01:00 INFO : 2 points above threshold
2026-09-07T04:30:11.431+01:00 INFO : Filtering template 293/384 segment 2/5
2026-09-07T04:30:11.450+01:00 INFO : 3 points above threshold
2026-09-07T04:30:11.459+01:00 INFO : Filtering template 293/384 segment 3/5
2026-09-07T04:30:11.477+01:00 INFO : 3 points above threshold
2026-09-07T04:30:11.486+01:00 INFO : Filtering template 293/384 segment 4/5
2026-09-07T04:30:11.504+01:00 INFO : 3 points above threshold
2026-09-07T04:30:11.514+01:00 INFO : Filtering template 293/384 segment 5/5
2026-09-07T04:30:11.531+01:00 INFO : 3 points above threshold
2026-09-07T04:30:11.541+01:00 INFO : 293: generating IMRPhenomD from 30.0 Hz
2026-09-07T04:30:11.543+01:00 INFO : Decompressing waveform using inline_linear
2026-09-07T04:30:11.548+01:00 INFO : Filtering template 294/384 segment 1/5
2026-09-07T04:30:11.569+01:00 INFO : Filtering template 294/384 segment 2/5
2026-09-07T04:30:11.587+01:00 INFO : 1 points above threshold
2026-09-07T04:30:11.602+01:00 INFO : Filtering template 294/384 segment 3/5
2026-09-07T04:30:11.620+01:00 INFO : 2 points above threshold
2026-09-07T04:30:11.627+01:00 INFO : Filtering template 294/384 segment 4/5
2026-09-07T04:30:11.646+01:00 INFO : 1 points above threshold
2026-09-07T04:30:11.651+01:00 INFO : Filtering template 294/384 segment 5/5
2026-09-07T04:30:11.669+01:00 INFO : 3 points above threshold
2026-09-07T04:30:11.678+01:00 INFO : 294: generating IMRPhenomD from 30.0 Hz
2026-09-07T04:30:11.681+01:00 INFO : Decompressing waveform using inline_linear
2026-09-07T04:30:11.686+01:00 INFO : Filtering template 295/384 segment 1/5
2026-09-07T04:30:11.706+01:00 INFO : 1 points above threshold
2026-09-07T04:30:11.722+01:00 INFO : Filtering template 295/384 segment 2/5
2026-09-07T04:30:11.740+01:00 INFO : 2 points above threshold
2026-09-07T04:30:11.747+01:00 INFO : Filtering template 295/384 segment 3/5
2026-09-07T04:30:11.764+01:00 INFO : 3 points above threshold
2026-09-07T04:30:11.774+01:00 INFO : Filtering template 295/384 segment 4/5
2026-09-07T04:30:11.792+01:00 INFO : 3 points above threshold
2026-09-07T04:30:11.801+01:00 INFO : Filtering template 295/384 segment 5/5
2026-09-07T04:30:11.819+01:00 INFO : 1 points above threshold
2026-09-07T04:30:11.824+01:00 INFO : 295: generating IMRPhenomD from 30.0 Hz
2026-09-07T04:30:11.827+01:00 INFO : Decompressing waveform using inline_linear
2026-09-07T04:30:11.832+01:00 INFO : Filtering template 296/384 segment 1/5
2026-09-07T04:30:11.852+01:00 INFO : 5 points above threshold
2026-09-07T04:30:11.875+01:00 INFO : Filtering template 296/384 segment 2/5
2026-09-07T04:30:11.893+01:00 INFO : 1 points above threshold
2026-09-07T04:30:11.898+01:00 INFO : Filtering template 296/384 segment 3/5
2026-09-07T04:30:11.916+01:00 INFO : 2 points above threshold
2026-09-07T04:30:11.923+01:00 INFO : Filtering template 296/384 segment 4/5
2026-09-07T04:30:11.941+01:00 INFO : Filtering template 296/384 segment 5/5
2026-09-07T04:30:11.959+01:00 INFO : 1 points above threshold
2026-09-07T04:30:11.964+01:00 INFO : 296: generating IMRPhenomD from 30.0 Hz
2026-09-07T04:30:11.967+01:00 INFO : Decompressing waveform using inline_linear
2026-09-07T04:30:11.972+01:00 INFO : Filtering template 297/384 segment 1/5
2026-09-07T04:30:11.992+01:00 INFO : 1 points above threshold
2026-09-07T04:30:12.008+01:00 INFO : Filtering template 297/384 segment 2/5
2026-09-07T04:30:12.025+01:00 INFO : 4 points above threshold
2026-09-07T04:30:12.035+01:00 INFO : Filtering template 297/384 segment 3/5
2026-09-07T04:30:12.052+01:00 INFO : Filtering template 297/384 segment 4/5
2026-09-07T04:30:12.071+01:00 INFO : Filtering template 297/384 segment 5/5
2026-09-07T04:30:12.088+01:00 INFO : 1 points above threshold
2026-09-07T04:30:12.094+01:00 INFO : 297: generating IMRPhenomD from 30.0 Hz
2026-09-07T04:30:12.097+01:00 INFO : Decompressing waveform using inline_linear
2026-09-07T04:30:12.101+01:00 INFO : Filtering template 298/384 segment 1/5
2026-09-07T04:30:12.122+01:00 INFO : 1 points above threshold
2026-09-07T04:30:12.137+01:00 INFO : Filtering template 298/384 segment 2/5
2026-09-07T04:30:12.155+01:00 INFO : 1 points above threshold
2026-09-07T04:30:12.160+01:00 INFO : Filtering template 298/384 segment 3/5
2026-09-07T04:30:12.178+01:00 INFO : 1 points above threshold
2026-09-07T04:30:12.183+01:00 INFO : Filtering template 298/384 segment 4/5
2026-09-07T04:30:12.201+01:00 INFO : 1 points above threshold
2026-09-07T04:30:12.206+01:00 INFO : Filtering template 298/384 segment 5/5
2026-09-07T04:30:12.225+01:00 INFO : 4 points above threshold
2026-09-07T04:30:12.233+01:00 INFO : 298: generating IMRPhenomD from 30.0 Hz
2026-09-07T04:30:12.236+01:00 INFO : Decompressing waveform using inline_linear
2026-09-07T04:30:12.241+01:00 INFO : Filtering template 299/384 segment 1/5
2026-09-07T04:30:12.261+01:00 INFO : 1 points above threshold
2026-09-07T04:30:12.277+01:00 INFO : Filtering template 299/384 segment 2/5
2026-09-07T04:30:12.295+01:00 INFO : 1 points above threshold
2026-09-07T04:30:12.300+01:00 INFO : Filtering template 299/384 segment 3/5
2026-09-07T04:30:12.318+01:00 INFO : Filtering template 299/384 segment 4/5
2026-09-07T04:30:12.336+01:00 INFO : 2 points above threshold
2026-09-07T04:30:12.343+01:00 INFO : Filtering template 299/384 segment 5/5
2026-09-07T04:30:12.361+01:00 INFO : 1 points above threshold
2026-09-07T04:30:12.366+01:00 INFO : 299: generating IMRPhenomD from 30.0 Hz
2026-09-07T04:30:12.369+01:00 INFO : Decompressing waveform using inline_linear
2026-09-07T04:30:12.374+01:00 INFO : Filtering template 300/384 segment 1/5
2026-09-07T04:30:12.394+01:00 INFO : 1 points above threshold
2026-09-07T04:30:12.409+01:00 INFO : Filtering template 300/384 segment 2/5
2026-09-07T04:30:12.428+01:00 INFO : Filtering template 300/384 segment 3/5
2026-09-07T04:30:12.446+01:00 INFO : 1 points above threshold
2026-09-07T04:30:12.451+01:00 INFO : Filtering template 300/384 segment 4/5
2026-09-07T04:30:12.469+01:00 INFO : Filtering template 300/384 segment 5/5
2026-09-07T04:30:12.487+01:00 INFO : 1 points above threshold
2026-09-07T04:30:12.493+01:00 INFO : 300: generating IMRPhenomD from 30.0 Hz
2026-09-07T04:30:12.496+01:00 INFO : Decompressing waveform using inline_linear
2026-09-07T04:30:12.500+01:00 INFO : Filtering template 301/384 segment 1/5
2026-09-07T04:30:12.521+01:00 INFO : 2 points above threshold
2026-09-07T04:30:12.538+01:00 INFO : Filtering template 301/384 segment 2/5
2026-09-07T04:30:12.557+01:00 INFO : Filtering template 301/384 segment 3/5
2026-09-07T04:30:12.574+01:00 INFO : 1 points above threshold
2026-09-07T04:30:12.580+01:00 INFO : Filtering template 301/384 segment 4/5
2026-09-07T04:30:12.598+01:00 INFO : Filtering template 301/384 segment 5/5
2026-09-07T04:30:12.616+01:00 INFO : 1 points above threshold
2026-09-07T04:30:12.621+01:00 INFO : 301: generating IMRPhenomD from 30.0 Hz
2026-09-07T04:30:12.624+01:00 INFO : Decompressing waveform using inline_linear
2026-09-07T04:30:12.629+01:00 INFO : Filtering template 302/384 segment 1/5
2026-09-07T04:30:12.649+01:00 INFO : 3 points above threshold
2026-09-07T04:30:12.670+01:00 INFO : Filtering template 302/384 segment 2/5
2026-09-07T04:30:12.688+01:00 INFO : 1 points above threshold
2026-09-07T04:30:12.693+01:00 INFO : Filtering template 302/384 segment 3/5
2026-09-07T04:30:12.711+01:00 INFO : Filtering template 302/384 segment 4/5
2026-09-07T04:30:12.729+01:00 INFO : 2 points above threshold
2026-09-07T04:30:12.736+01:00 INFO : Filtering template 302/384 segment 5/5
2026-09-07T04:30:12.754+01:00 INFO : 302: generating IMRPhenomD from 30.0 Hz
2026-09-07T04:30:12.757+01:00 INFO : Decompressing waveform using inline_linear
2026-09-07T04:30:12.762+01:00 INFO : Filtering template 303/384 segment 1/5
2026-09-07T04:30:12.782+01:00 INFO : Filtering template 303/384 segment 2/5
2026-09-07T04:30:12.800+01:00 INFO : 1 points above threshold
2026-09-07T04:30:12.816+01:00 INFO : Filtering template 303/384 segment 3/5
2026-09-07T04:30:12.834+01:00 INFO : 2 points above threshold
2026-09-07T04:30:12.841+01:00 INFO : Filtering template 303/384 segment 4/5
2026-09-07T04:30:12.859+01:00 INFO : 1 points above threshold
2026-09-07T04:30:12.864+01:00 INFO : Filtering template 303/384 segment 5/5
2026-09-07T04:30:12.882+01:00 INFO : 1 points above threshold
2026-09-07T04:30:12.887+01:00 INFO : 303: generating IMRPhenomD from 30.0 Hz
2026-09-07T04:30:12.890+01:00 INFO : Decompressing waveform using inline_linear
2026-09-07T04:30:12.895+01:00 INFO : Filtering template 304/384 segment 1/5
2026-09-07T04:30:12.916+01:00 INFO : 2 points above threshold
2026-09-07T04:30:12.934+01:00 INFO : Filtering template 304/384 segment 2/5
2026-09-07T04:30:12.952+01:00 INFO : 1 points above threshold
2026-09-07T04:30:12.957+01:00 INFO : Filtering template 304/384 segment 3/5
2026-09-07T04:30:12.975+01:00 INFO : Filtering template 304/384 segment 4/5
2026-09-07T04:30:12.993+01:00 INFO : Filtering template 304/384 segment 5/5
2026-09-07T04:30:13.011+01:00 INFO : 1 points above threshold
2026-09-07T04:30:13.017+01:00 INFO : 304: generating IMRPhenomD from 30.0 Hz
2026-09-07T04:30:13.019+01:00 INFO : Decompressing waveform using inline_linear
2026-09-07T04:30:13.024+01:00 INFO : Filtering template 305/384 segment 1/5
2026-09-07T04:30:13.044+01:00 INFO : Filtering template 305/384 segment 2/5
2026-09-07T04:30:13.062+01:00 INFO : 2 points above threshold
2026-09-07T04:30:13.081+01:00 INFO : Filtering template 305/384 segment 3/5
2026-09-07T04:30:13.099+01:00 INFO : 1 points above threshold
2026-09-07T04:30:13.104+01:00 INFO : Filtering template 305/384 segment 4/5
2026-09-07T04:30:13.122+01:00 INFO : 1 points above threshold
2026-09-07T04:30:13.127+01:00 INFO : Filtering template 305/384 segment 5/5
2026-09-07T04:30:13.145+01:00 INFO : 2 points above threshold
2026-09-07T04:30:13.152+01:00 INFO : 305: generating IMRPhenomD from 30.0 Hz
2026-09-07T04:30:13.155+01:00 INFO : Decompressing waveform using inline_linear
2026-09-07T04:30:13.160+01:00 INFO : Filtering template 306/384 segment 1/5
2026-09-07T04:30:13.180+01:00 INFO : 3 points above threshold
2026-09-07T04:30:13.200+01:00 INFO : Filtering template 306/384 segment 2/5
2026-09-07T04:30:13.218+01:00 INFO : 1 points above threshold
2026-09-07T04:30:13.223+01:00 INFO : Filtering template 306/384 segment 3/5
2026-09-07T04:30:13.241+01:00 INFO : 2 points above threshold
2026-09-07T04:30:13.248+01:00 INFO : Filtering template 306/384 segment 4/5
2026-09-07T04:30:13.266+01:00 INFO : 1 points above threshold
2026-09-07T04:30:13.271+01:00 INFO : Filtering template 306/384 segment 5/5
2026-09-07T04:30:13.289+01:00 INFO : 2 points above threshold
2026-09-07T04:30:13.296+01:00 INFO : 306: generating IMRPhenomD from 30.0 Hz
2026-09-07T04:30:13.319+01:00 INFO : Decompressing waveform using inline_linear
2026-09-07T04:30:13.324+01:00 INFO : Filtering template 307/384 segment 1/5
2026-09-07T04:30:13.353+01:00 INFO : Filtering template 307/384 segment 2/5
2026-09-07T04:30:13.371+01:00 INFO : 1 points above threshold
2026-09-07T04:30:13.391+01:00 INFO : Filtering template 307/384 segment 3/5
2026-09-07T04:30:13.409+01:00 INFO : 1 points above threshold
2026-09-07T04:30:13.415+01:00 INFO : Filtering template 307/384 segment 4/5
2026-09-07T04:30:13.432+01:00 INFO : 3 points above threshold
2026-09-07T04:30:13.441+01:00 INFO : Filtering template 307/384 segment 5/5
2026-09-07T04:30:13.459+01:00 INFO : 1 points above threshold
2026-09-07T04:30:13.465+01:00 INFO : 307: generating IMRPhenomD from 30.0 Hz
2026-09-07T04:30:13.467+01:00 INFO : Decompressing waveform using inline_linear
2026-09-07T04:30:13.472+01:00 INFO : Filtering template 308/384 segment 1/5
2026-09-07T04:30:13.493+01:00 INFO : 1 points above threshold
2026-09-07T04:30:13.509+01:00 INFO : Filtering template 308/384 segment 2/5
2026-09-07T04:30:13.528+01:00 INFO : Filtering template 308/384 segment 3/5
2026-09-07T04:30:13.546+01:00 INFO : 2 points above threshold
2026-09-07T04:30:13.553+01:00 INFO : Filtering template 308/384 segment 4/5
2026-09-07T04:30:13.571+01:00 INFO : 1 points above threshold
2026-09-07T04:30:13.576+01:00 INFO : Filtering template 308/384 segment 5/5
2026-09-07T04:30:13.594+01:00 INFO : 308: generating IMRPhenomD from 30.0 Hz
2026-09-07T04:30:13.597+01:00 INFO : Decompressing waveform using inline_linear
2026-09-07T04:30:13.602+01:00 INFO : Filtering template 309/384 segment 1/5
2026-09-07T04:30:13.622+01:00 INFO : 1 points above threshold
2026-09-07T04:30:13.637+01:00 INFO : Filtering template 309/384 segment 2/5
2026-09-07T04:30:13.656+01:00 INFO : Filtering template 309/384 segment 3/5
2026-09-07T04:30:13.673+01:00 INFO : Filtering template 309/384 segment 4/5
2026-09-07T04:30:13.691+01:00 INFO : Filtering template 309/384 segment 5/5
2026-09-07T04:30:13.709+01:00 INFO : 1 points above threshold
2026-09-07T04:30:13.715+01:00 INFO : 309: generating IMRPhenomD from 30.0 Hz
2026-09-07T04:30:13.717+01:00 INFO : Decompressing waveform using inline_linear
2026-09-07T04:30:13.723+01:00 INFO : Filtering template 310/384 segment 1/5
2026-09-07T04:30:13.743+01:00 INFO : 1 points above threshold
2026-09-07T04:30:13.758+01:00 INFO : Filtering template 310/384 segment 2/5
2026-09-07T04:30:13.776+01:00 INFO : 1 points above threshold
2026-09-07T04:30:13.781+01:00 INFO : Filtering template 310/384 segment 3/5
2026-09-07T04:30:13.799+01:00 INFO : 1 points above threshold
2026-09-07T04:30:13.804+01:00 INFO : Filtering template 310/384 segment 4/5
2026-09-07T04:30:13.822+01:00 INFO : Filtering template 310/384 segment 5/5
2026-09-07T04:30:13.840+01:00 INFO : 1 points above threshold
2026-09-07T04:30:13.845+01:00 INFO : 310: generating IMRPhenomD from 30.0 Hz
2026-09-07T04:30:13.848+01:00 INFO : Decompressing waveform using inline_linear
2026-09-07T04:30:13.853+01:00 INFO : Filtering template 311/384 segment 1/5
2026-09-07T04:30:13.873+01:00 INFO : Filtering template 311/384 segment 2/5
2026-09-07T04:30:13.892+01:00 INFO : 1 points above threshold
2026-09-07T04:30:13.907+01:00 INFO : Filtering template 311/384 segment 3/5
2026-09-07T04:30:13.925+01:00 INFO : Filtering template 311/384 segment 4/5
2026-09-07T04:30:13.943+01:00 INFO : 1 points above threshold
2026-09-07T04:30:13.949+01:00 INFO : Filtering template 311/384 segment 5/5
2026-09-07T04:30:13.967+01:00 INFO : 4 points above threshold
2026-09-07T04:30:13.976+01:00 INFO : 311: generating IMRPhenomD from 30.0 Hz
2026-09-07T04:30:13.978+01:00 INFO : Decompressing waveform using inline_linear
2026-09-07T04:30:13.983+01:00 INFO : Filtering template 312/384 segment 1/5
2026-09-07T04:30:14.003+01:00 INFO : 3 points above threshold
2026-09-07T04:30:14.023+01:00 INFO : Filtering template 312/384 segment 2/5
2026-09-07T04:30:14.041+01:00 INFO : Filtering template 312/384 segment 3/5
2026-09-07T04:30:14.059+01:00 INFO : 1 points above threshold
2026-09-07T04:30:14.064+01:00 INFO : Filtering template 312/384 segment 4/5
2026-09-07T04:30:14.082+01:00 INFO : Filtering template 312/384 segment 5/5
2026-09-07T04:30:14.100+01:00 INFO : 312: generating IMRPhenomD from 30.0 Hz
2026-09-07T04:30:14.103+01:00 INFO : Decompressing waveform using inline_linear
2026-09-07T04:30:14.108+01:00 INFO : Filtering template 313/384 segment 1/5
2026-09-07T04:30:14.129+01:00 INFO : Filtering template 313/384 segment 2/5
2026-09-07T04:30:14.147+01:00 INFO : 1 points above threshold
2026-09-07T04:30:14.163+01:00 INFO : Filtering template 313/384 segment 3/5
2026-09-07T04:30:14.180+01:00 INFO : Filtering template 313/384 segment 4/5
2026-09-07T04:30:14.198+01:00 INFO : 2 points above threshold
2026-09-07T04:30:14.206+01:00 INFO : Filtering template 313/384 segment 5/5
2026-09-07T04:30:14.223+01:00 INFO : 1 points above threshold
2026-09-07T04:30:14.229+01:00 INFO : 313: generating IMRPhenomD from 30.0 Hz
2026-09-07T04:30:14.232+01:00 INFO : Decompressing waveform using inline_linear
2026-09-07T04:30:14.237+01:00 INFO : Filtering template 314/384 segment 1/5
2026-09-07T04:30:14.257+01:00 INFO : 1 points above threshold
2026-09-07T04:30:14.272+01:00 INFO : Filtering template 314/384 segment 2/5
2026-09-07T04:30:14.290+01:00 INFO : Filtering template 314/384 segment 3/5
2026-09-07T04:30:14.308+01:00 INFO : 2 points above threshold
2026-09-07T04:30:14.315+01:00 INFO : Filtering template 314/384 segment 4/5
2026-09-07T04:30:14.333+01:00 INFO : Filtering template 314/384 segment 5/5
2026-09-07T04:30:14.351+01:00 INFO : 2 points above threshold
2026-09-07T04:30:14.359+01:00 INFO : 314: generating IMRPhenomD from 30.0 Hz
2026-09-07T04:30:14.362+01:00 INFO : Decompressing waveform using inline_linear
2026-09-07T04:30:14.367+01:00 INFO : Filtering template 315/384 segment 1/5
2026-09-07T04:30:14.387+01:00 INFO : 1 points above threshold
2026-09-07T04:30:14.402+01:00 INFO : Filtering template 315/384 segment 2/5
2026-09-07T04:30:14.420+01:00 INFO : 1 points above threshold
2026-09-07T04:30:14.425+01:00 INFO : Filtering template 315/384 segment 3/5
2026-09-07T04:30:14.443+01:00 INFO : 1 points above threshold
2026-09-07T04:30:14.448+01:00 INFO : Filtering template 315/384 segment 4/5
2026-09-07T04:30:14.466+01:00 INFO : Filtering template 315/384 segment 5/5
2026-09-07T04:30:14.484+01:00 INFO : 315: generating IMRPhenomD from 30.0 Hz
2026-09-07T04:30:14.487+01:00 INFO : Decompressing waveform using inline_linear
2026-09-07T04:30:14.492+01:00 INFO : Filtering template 316/384 segment 1/5
2026-09-07T04:30:14.512+01:00 INFO : Filtering template 316/384 segment 2/5
2026-09-07T04:30:14.531+01:00 INFO : Filtering template 316/384 segment 3/5
2026-09-07T04:30:14.548+01:00 INFO : Filtering template 316/384 segment 4/5
2026-09-07T04:30:14.567+01:00 INFO : 3 points above threshold
2026-09-07T04:30:14.586+01:00 INFO : Filtering template 316/384 segment 5/5
2026-09-07T04:30:14.605+01:00 INFO : 316: generating IMRPhenomD from 30.0 Hz
2026-09-07T04:30:14.608+01:00 INFO : Decompressing waveform using inline_linear
2026-09-07T04:30:14.612+01:00 INFO : Filtering template 317/384 segment 1/5
2026-09-07T04:30:14.633+01:00 INFO : Filtering template 317/384 segment 2/5
2026-09-07T04:30:14.650+01:00 INFO : Filtering template 317/384 segment 3/5
2026-09-07T04:30:14.668+01:00 INFO : 1 points above threshold
2026-09-07T04:30:14.684+01:00 INFO : Filtering template 317/384 segment 4/5
2026-09-07T04:30:14.702+01:00 INFO : Filtering template 317/384 segment 5/5
2026-09-07T04:30:14.720+01:00 INFO : 2 points above threshold
2026-09-07T04:30:14.727+01:00 INFO : 317: generating IMRPhenomD from 30.0 Hz
2026-09-07T04:30:14.730+01:00 INFO : Decompressing waveform using inline_linear
2026-09-07T04:30:14.735+01:00 INFO : Filtering template 318/384 segment 1/5
2026-09-07T04:30:14.755+01:00 INFO : 3 points above threshold
2026-09-07T04:30:14.775+01:00 INFO : Filtering template 318/384 segment 2/5
2026-09-07T04:30:14.793+01:00 INFO : 2 points above threshold
2026-09-07T04:30:14.800+01:00 INFO : Filtering template 318/384 segment 3/5
2026-09-07T04:30:14.818+01:00 INFO : Filtering template 318/384 segment 4/5
2026-09-07T04:30:14.836+01:00 INFO : 3 points above threshold
2026-09-07T04:30:14.845+01:00 INFO : Filtering template 318/384 segment 5/5
2026-09-07T04:30:14.863+01:00 INFO : 1 points above threshold
2026-09-07T04:30:14.868+01:00 INFO : 318: generating IMRPhenomD from 30.0 Hz
2026-09-07T04:30:14.871+01:00 INFO : Decompressing waveform using inline_linear
2026-09-07T04:30:14.876+01:00 INFO : Filtering template 319/384 segment 1/5
2026-09-07T04:30:14.896+01:00 INFO : 3 points above threshold
2026-09-07T04:30:14.915+01:00 INFO : Filtering template 319/384 segment 2/5
2026-09-07T04:30:14.934+01:00 INFO : 2 points above threshold
2026-09-07T04:30:14.941+01:00 INFO : Filtering template 319/384 segment 3/5
2026-09-07T04:30:14.958+01:00 INFO : 2 points above threshold
2026-09-07T04:30:14.965+01:00 INFO : Filtering template 319/384 segment 4/5
2026-09-07T04:30:14.984+01:00 INFO : Filtering template 319/384 segment 5/5
2026-09-07T04:30:15.002+01:00 INFO : 319: generating IMRPhenomD from 30.0 Hz
2026-09-07T04:30:15.005+01:00 INFO : Decompressing waveform using inline_linear
2026-09-07T04:30:15.010+01:00 INFO : Filtering template 320/384 segment 1/5
2026-09-07T04:30:15.030+01:00 INFO : 2 points above threshold
2026-09-07T04:30:15.047+01:00 INFO : Filtering template 320/384 segment 2/5
2026-09-07T04:30:15.065+01:00 INFO : 1 points above threshold
2026-09-07T04:30:15.070+01:00 INFO : Filtering template 320/384 segment 3/5
2026-09-07T04:30:15.089+01:00 INFO : 2 points above threshold
2026-09-07T04:30:15.096+01:00 INFO : Filtering template 320/384 segment 4/5
2026-09-07T04:30:15.114+01:00 INFO : Filtering template 320/384 segment 5/5
2026-09-07T04:30:15.132+01:00 INFO : 2 points above threshold
2026-09-07T04:30:15.139+01:00 INFO : 320: generating IMRPhenomD from 30.0 Hz
2026-09-07T04:30:15.142+01:00 INFO : Decompressing waveform using inline_linear
2026-09-07T04:30:15.146+01:00 INFO : Filtering template 321/384 segment 1/5
2026-09-07T04:30:15.167+01:00 INFO : Filtering template 321/384 segment 2/5
2026-09-07T04:30:15.185+01:00 INFO : Filtering template 321/384 segment 3/5
2026-09-07T04:30:15.203+01:00 INFO : 1 points above threshold
2026-09-07T04:30:15.220+01:00 INFO : Filtering template 321/384 segment 4/5
2026-09-07T04:30:15.238+01:00 INFO : Filtering template 321/384 segment 5/5
2026-09-07T04:30:15.256+01:00 INFO : 321: generating IMRPhenomD from 30.0 Hz
2026-09-07T04:30:15.259+01:00 INFO : Decompressing waveform using inline_linear
2026-09-07T04:30:15.264+01:00 INFO : Filtering template 322/384 segment 1/5
2026-09-07T04:30:15.284+01:00 INFO : Filtering template 322/384 segment 2/5
2026-09-07T04:30:15.302+01:00 INFO : 3 points above threshold
2026-09-07T04:30:15.323+01:00 INFO : Filtering template 322/384 segment 3/5
2026-09-07T04:30:15.341+01:00 INFO : 1 points above threshold
2026-09-07T04:30:15.346+01:00 INFO : Filtering template 322/384 segment 4/5
2026-09-07T04:30:15.364+01:00 INFO : 1 points above threshold
2026-09-07T04:30:15.369+01:00 INFO : Filtering template 322/384 segment 5/5
2026-09-07T04:30:15.387+01:00 INFO : 1 points above threshold
2026-09-07T04:30:15.393+01:00 INFO : 322: generating IMRPhenomD from 30.0 Hz
2026-09-07T04:30:15.396+01:00 INFO : Decompressing waveform using inline_linear
2026-09-07T04:30:15.401+01:00 INFO : Filtering template 323/384 segment 1/5
2026-09-07T04:30:15.421+01:00 INFO : Filtering template 323/384 segment 2/5
2026-09-07T04:30:15.439+01:00 INFO : 2 points above threshold
2026-09-07T04:30:15.458+01:00 INFO : Filtering template 323/384 segment 3/5
2026-09-07T04:30:15.476+01:00 INFO : 2 points above threshold
2026-09-07T04:30:15.483+01:00 INFO : Filtering template 323/384 segment 4/5
2026-09-07T04:30:15.501+01:00 INFO : Filtering template 323/384 segment 5/5
2026-09-07T04:30:15.520+01:00 INFO : 1 points above threshold
2026-09-07T04:30:15.525+01:00 INFO : 323: generating IMRPhenomD from 30.0 Hz
2026-09-07T04:30:15.528+01:00 INFO : Decompressing waveform using inline_linear
2026-09-07T04:30:15.533+01:00 INFO : Filtering template 324/384 segment 1/5
2026-09-07T04:30:15.560+01:00 INFO : Filtering template 324/384 segment 2/5
2026-09-07T04:30:15.580+01:00 INFO : Filtering template 324/384 segment 3/5
2026-09-07T04:30:15.600+01:00 INFO : 1 points above threshold
2026-09-07T04:30:15.618+01:00 INFO : Filtering template 324/384 segment 4/5
2026-09-07T04:30:15.637+01:00 INFO : Filtering template 324/384 segment 5/5
2026-09-07T04:30:15.654+01:00 INFO : 4 points above threshold
2026-09-07T04:30:15.663+01:00 INFO : 324: generating IMRPhenomD from 30.0 Hz
2026-09-07T04:30:15.666+01:00 INFO : Decompressing waveform using inline_linear
2026-09-07T04:30:15.671+01:00 INFO : Filtering template 325/384 segment 1/5
2026-09-07T04:30:15.691+01:00 INFO : 2 points above threshold
2026-09-07T04:30:15.708+01:00 INFO : Filtering template 325/384 segment 2/5
2026-09-07T04:30:15.727+01:00 INFO : 3 points above threshold
2026-09-07T04:30:15.736+01:00 INFO : Filtering template 325/384 segment 3/5
2026-09-07T04:30:15.753+01:00 INFO : 2 points above threshold
2026-09-07T04:30:15.760+01:00 INFO : Filtering template 325/384 segment 4/5
2026-09-07T04:30:15.778+01:00 INFO : 1 points above threshold
2026-09-07T04:30:15.783+01:00 INFO : Filtering template 325/384 segment 5/5
2026-09-07T04:30:15.802+01:00 INFO : 1 points above threshold
2026-09-07T04:30:15.807+01:00 INFO : 325: generating IMRPhenomD from 30.0 Hz
2026-09-07T04:30:15.810+01:00 INFO : Decompressing waveform using inline_linear
2026-09-07T04:30:15.815+01:00 INFO : Filtering template 326/384 segment 1/5
2026-09-07T04:30:15.835+01:00 INFO : 2 points above threshold
2026-09-07T04:30:15.852+01:00 INFO : Filtering template 326/384 segment 2/5
2026-09-07T04:30:15.870+01:00 INFO : 2 points above threshold
2026-09-07T04:30:15.878+01:00 INFO : Filtering template 326/384 segment 3/5
2026-09-07T04:30:15.896+01:00 INFO : Filtering template 326/384 segment 4/5
2026-09-07T04:30:15.914+01:00 INFO : Filtering template 326/384 segment 5/5
2026-09-07T04:30:15.932+01:00 INFO : 2 points above threshold
2026-09-07T04:30:15.940+01:00 INFO : 326: generating IMRPhenomD from 30.0 Hz
2026-09-07T04:30:15.942+01:00 INFO : Decompressing waveform using inline_linear
2026-09-07T04:30:15.947+01:00 INFO : Filtering template 327/384 segment 1/5
2026-09-07T04:30:15.968+01:00 INFO : 2 points above threshold
2026-09-07T04:30:15.986+01:00 INFO : Filtering template 327/384 segment 2/5
2026-09-07T04:30:16.004+01:00 INFO : 1 points above threshold
2026-09-07T04:30:16.009+01:00 INFO : Filtering template 327/384 segment 3/5
2026-09-07T04:30:16.027+01:00 INFO : 3 points above threshold
2026-09-07T04:30:16.037+01:00 INFO : Filtering template 327/384 segment 4/5
2026-09-07T04:30:16.055+01:00 INFO : 2 points above threshold
2026-09-07T04:30:16.062+01:00 INFO : Filtering template 327/384 segment 5/5
2026-09-07T04:30:16.080+01:00 INFO : 1 points above threshold
2026-09-07T04:30:16.085+01:00 INFO : 327: generating IMRPhenomD from 30.0 Hz
2026-09-07T04:30:16.088+01:00 INFO : Decompressing waveform using inline_linear
2026-09-07T04:30:16.093+01:00 INFO : Filtering template 328/384 segment 1/5
2026-09-07T04:30:16.113+01:00 INFO : 1 points above threshold
2026-09-07T04:30:16.129+01:00 INFO : Filtering template 328/384 segment 2/5
2026-09-07T04:30:16.147+01:00 INFO : 1 points above threshold
2026-09-07T04:30:16.152+01:00 INFO : Filtering template 328/384 segment 3/5
2026-09-07T04:30:16.170+01:00 INFO : 4 points above threshold
2026-09-07T04:30:16.178+01:00 INFO : Filtering template 328/384 segment 4/5
2026-09-07T04:30:16.196+01:00 INFO : 1 points above threshold
2026-09-07T04:30:16.202+01:00 INFO : Filtering template 328/384 segment 5/5
2026-09-07T04:30:16.220+01:00 INFO : 2 points above threshold
2026-09-07T04:30:16.227+01:00 INFO : 328: generating IMRPhenomD from 30.0 Hz
2026-09-07T04:30:16.230+01:00 INFO : Decompressing waveform using inline_linear
2026-09-07T04:30:16.235+01:00 INFO : Filtering template 329/384 segment 1/5
2026-09-07T04:30:16.255+01:00 INFO : Filtering template 329/384 segment 2/5
2026-09-07T04:30:16.273+01:00 INFO : Filtering template 329/384 segment 3/5
2026-09-07T04:30:16.291+01:00 INFO : 2 points above threshold
2026-09-07T04:30:16.308+01:00 INFO : Filtering template 329/384 segment 4/5
2026-09-07T04:30:16.326+01:00 INFO : 1 points above threshold
2026-09-07T04:30:16.331+01:00 INFO : Filtering template 329/384 segment 5/5
2026-09-07T04:30:16.349+01:00 INFO : 2 points above threshold
2026-09-07T04:30:16.357+01:00 INFO : 329: generating IMRPhenomD from 30.0 Hz
2026-09-07T04:30:16.359+01:00 INFO : Decompressing waveform using inline_linear
2026-09-07T04:30:16.364+01:00 INFO : Filtering template 330/384 segment 1/5
2026-09-07T04:30:16.384+01:00 INFO : 1 points above threshold
2026-09-07T04:30:16.400+01:00 INFO : Filtering template 330/384 segment 2/5
2026-09-07T04:30:16.417+01:00 INFO : 2 points above threshold
2026-09-07T04:30:16.425+01:00 INFO : Filtering template 330/384 segment 3/5
2026-09-07T04:30:16.443+01:00 INFO : 2 points above threshold
2026-09-07T04:30:16.450+01:00 INFO : Filtering template 330/384 segment 4/5
2026-09-07T04:30:16.468+01:00 INFO : 1 points above threshold
2026-09-07T04:30:16.473+01:00 INFO : Filtering template 330/384 segment 5/5
2026-09-07T04:30:16.491+01:00 INFO : 330: generating IMRPhenomD from 30.0 Hz
2026-09-07T04:30:16.494+01:00 INFO : Decompressing waveform using inline_linear
2026-09-07T04:30:16.499+01:00 INFO : Filtering template 331/384 segment 1/5
2026-09-07T04:30:16.520+01:00 INFO : 2 points above threshold
2026-09-07T04:30:16.537+01:00 INFO : Filtering template 331/384 segment 2/5
2026-09-07T04:30:16.555+01:00 INFO : 1 points above threshold
2026-09-07T04:30:16.560+01:00 INFO : Filtering template 331/384 segment 3/5
2026-09-07T04:30:16.578+01:00 INFO : 3 points above threshold
2026-09-07T04:30:16.587+01:00 INFO : Filtering template 331/384 segment 4/5
2026-09-07T04:30:16.605+01:00 INFO : 4 points above threshold
2026-09-07T04:30:16.614+01:00 INFO : Filtering template 331/384 segment 5/5
2026-09-07T04:30:16.632+01:00 INFO : 331: generating IMRPhenomD from 30.0 Hz
2026-09-07T04:30:16.635+01:00 INFO : Decompressing waveform using inline_linear
2026-09-07T04:30:16.640+01:00 INFO : Filtering template 332/384 segment 1/5
2026-09-07T04:30:16.660+01:00 INFO : 2 points above threshold
2026-09-07T04:30:16.678+01:00 INFO : Filtering template 332/384 segment 2/5
2026-09-07T04:30:16.696+01:00 INFO : Filtering template 332/384 segment 3/5
2026-09-07T04:30:16.713+01:00 INFO : 1 points above threshold
2026-09-07T04:30:16.718+01:00 INFO : Filtering template 332/384 segment 4/5
2026-09-07T04:30:16.736+01:00 INFO : Filtering template 332/384 segment 5/5
2026-09-07T04:30:16.755+01:00 INFO : 1 points above threshold
2026-09-07T04:30:16.760+01:00 INFO : 332: generating IMRPhenomD from 30.0 Hz
2026-09-07T04:30:16.763+01:00 INFO : Decompressing waveform using inline_linear
2026-09-07T04:30:16.767+01:00 INFO : Filtering template 333/384 segment 1/5
2026-09-07T04:30:16.787+01:00 INFO : 2 points above threshold
2026-09-07T04:30:16.805+01:00 INFO : Filtering template 333/384 segment 2/5
2026-09-07T04:30:16.823+01:00 INFO : Filtering template 333/384 segment 3/5
2026-09-07T04:30:16.841+01:00 INFO : 1 points above threshold
2026-09-07T04:30:16.846+01:00 INFO : Filtering template 333/384 segment 4/5
2026-09-07T04:30:16.864+01:00 INFO : 1 points above threshold
2026-09-07T04:30:16.869+01:00 INFO : Filtering template 333/384 segment 5/5
2026-09-07T04:30:16.887+01:00 INFO : 333: generating IMRPhenomD from 30.0 Hz
2026-09-07T04:30:16.890+01:00 INFO : Decompressing waveform using inline_linear
2026-09-07T04:30:16.895+01:00 INFO : Filtering template 334/384 segment 1/5
2026-09-07T04:30:16.915+01:00 INFO : 3 points above threshold
2026-09-07T04:30:16.935+01:00 INFO : Filtering template 334/384 segment 2/5
2026-09-07T04:30:16.953+01:00 INFO : Filtering template 334/384 segment 3/5
2026-09-07T04:30:16.970+01:00 INFO : Filtering template 334/384 segment 4/5
2026-09-07T04:30:16.989+01:00 INFO : 2 points above threshold
2026-09-07T04:30:16.996+01:00 INFO : Filtering template 334/384 segment 5/5
2026-09-07T04:30:17.014+01:00 INFO : 334: generating IMRPhenomD from 30.0 Hz
2026-09-07T04:30:17.017+01:00 INFO : Decompressing waveform using inline_linear
2026-09-07T04:30:17.021+01:00 INFO : Filtering template 335/384 segment 1/5
2026-09-07T04:30:17.041+01:00 INFO : 1 points above threshold
2026-09-07T04:30:17.057+01:00 INFO : Filtering template 335/384 segment 2/5
2026-09-07T04:30:17.075+01:00 INFO : Filtering template 335/384 segment 3/5
2026-09-07T04:30:17.093+01:00 INFO : 3 points above threshold
2026-09-07T04:30:17.102+01:00 INFO : Filtering template 335/384 segment 4/5
2026-09-07T04:30:17.120+01:00 INFO : Filtering template 335/384 segment 5/5
2026-09-07T04:30:17.138+01:00 INFO : 1 points above threshold
2026-09-07T04:30:17.144+01:00 INFO : 335: generating IMRPhenomD from 30.0 Hz
2026-09-07T04:30:17.146+01:00 INFO : Decompressing waveform using inline_linear
2026-09-07T04:30:17.152+01:00 INFO : Filtering template 336/384 segment 1/5
2026-09-07T04:30:17.172+01:00 INFO : 3 points above threshold
2026-09-07T04:30:17.191+01:00 INFO : Filtering template 336/384 segment 2/5
2026-09-07T04:30:17.209+01:00 INFO : Filtering template 336/384 segment 3/5
2026-09-07T04:30:17.227+01:00 INFO : Filtering template 336/384 segment 4/5
2026-09-07T04:30:17.245+01:00 INFO : 1 points above threshold
2026-09-07T04:30:17.250+01:00 INFO : Filtering template 336/384 segment 5/5
2026-09-07T04:30:17.269+01:00 INFO : 336: generating IMRPhenomD from 30.0 Hz
2026-09-07T04:30:17.272+01:00 INFO : Decompressing waveform using inline_linear
2026-09-07T04:30:17.276+01:00 INFO : Filtering template 337/384 segment 1/5
2026-09-07T04:30:17.296+01:00 INFO : Filtering template 337/384 segment 2/5
2026-09-07T04:30:17.315+01:00 INFO : 1 points above threshold
2026-09-07T04:30:17.330+01:00 INFO : Filtering template 337/384 segment 3/5
2026-09-07T04:30:17.348+01:00 INFO : Filtering template 337/384 segment 4/5
2026-09-07T04:30:17.366+01:00 INFO : 2 points above threshold
2026-09-07T04:30:17.373+01:00 INFO : Filtering template 337/384 segment 5/5
2026-09-07T04:30:17.391+01:00 INFO : 337: generating IMRPhenomD from 30.0 Hz
2026-09-07T04:30:17.394+01:00 INFO : Decompressing waveform using inline_linear
2026-09-07T04:30:17.399+01:00 INFO : Filtering template 338/384 segment 1/5
2026-09-07T04:30:17.419+01:00 INFO : 1 points above threshold
2026-09-07T04:30:17.434+01:00 INFO : Filtering template 338/384 segment 2/5
2026-09-07T04:30:17.452+01:00 INFO : 2 points above threshold
2026-09-07T04:30:17.459+01:00 INFO : Filtering template 338/384 segment 3/5
2026-09-07T04:30:17.478+01:00 INFO : 1 points above threshold
2026-09-07T04:30:17.483+01:00 INFO : Filtering template 338/384 segment 4/5
2026-09-07T04:30:17.501+01:00 INFO : Filtering template 338/384 segment 5/5
2026-09-07T04:30:17.518+01:00 INFO : 2 points above threshold
2026-09-07T04:30:17.526+01:00 INFO : 338: generating IMRPhenomD from 30.0 Hz
2026-09-07T04:30:17.528+01:00 INFO : Decompressing waveform using inline_linear
2026-09-07T04:30:17.533+01:00 INFO : Filtering template 339/384 segment 1/5
2026-09-07T04:30:17.554+01:00 INFO : 1 points above threshold
2026-09-07T04:30:17.569+01:00 INFO : Filtering template 339/384 segment 2/5
2026-09-07T04:30:17.587+01:00 INFO : 1 points above threshold
2026-09-07T04:30:17.592+01:00 INFO : Filtering template 339/384 segment 3/5
2026-09-07T04:30:17.610+01:00 INFO : 1 points above threshold
2026-09-07T04:30:17.615+01:00 INFO : Filtering template 339/384 segment 4/5
2026-09-07T04:30:17.633+01:00 INFO : Filtering template 339/384 segment 5/5
2026-09-07T04:30:17.651+01:00 INFO : 2 points above threshold
2026-09-07T04:30:17.658+01:00 INFO : 339: generating IMRPhenomD from 30.0 Hz
2026-09-07T04:30:17.661+01:00 INFO : Decompressing waveform using inline_linear
2026-09-07T04:30:17.666+01:00 INFO : Filtering template 340/384 segment 1/5
2026-09-07T04:30:17.686+01:00 INFO : 1 points above threshold
2026-09-07T04:30:17.702+01:00 INFO : Filtering template 340/384 segment 2/5
2026-09-07T04:30:17.720+01:00 INFO : Filtering template 340/384 segment 3/5
2026-09-07T04:30:17.738+01:00 INFO : Filtering template 340/384 segment 4/5
2026-09-07T04:30:17.756+01:00 INFO : Filtering template 340/384 segment 5/5
2026-09-07T04:30:17.774+01:00 INFO : 1 points above threshold
2026-09-07T04:30:17.779+01:00 INFO : 340: generating IMRPhenomD from 30.0 Hz
2026-09-07T04:30:17.782+01:00 INFO : Decompressing waveform using inline_linear
2026-09-07T04:30:17.787+01:00 INFO : Filtering template 341/384 segment 1/5
2026-09-07T04:30:17.807+01:00 INFO : 2 points above threshold
2026-09-07T04:30:17.824+01:00 INFO : Filtering template 341/384 segment 2/5
2026-09-07T04:30:17.842+01:00 INFO : 1 points above threshold
2026-09-07T04:30:17.847+01:00 INFO : Filtering template 341/384 segment 3/5
2026-09-07T04:30:17.865+01:00 INFO : 2 points above threshold
2026-09-07T04:30:17.872+01:00 INFO : Filtering template 341/384 segment 4/5
2026-09-07T04:30:17.891+01:00 INFO : 1 points above threshold
2026-09-07T04:30:17.896+01:00 INFO : Filtering template 341/384 segment 5/5
2026-09-07T04:30:17.914+01:00 INFO : 2 points above threshold
2026-09-07T04:30:17.921+01:00 INFO : 341: generating IMRPhenomD from 30.0 Hz
2026-09-07T04:30:17.924+01:00 INFO : Decompressing waveform using inline_linear
2026-09-07T04:30:17.929+01:00 INFO : Filtering template 342/384 segment 1/5
2026-09-07T04:30:17.949+01:00 INFO : 2 points above threshold
2026-09-07T04:30:17.967+01:00 INFO : Filtering template 342/384 segment 2/5
2026-09-07T04:30:17.984+01:00 INFO : 2 points above threshold
2026-09-07T04:30:17.991+01:00 INFO : Filtering template 342/384 segment 3/5
2026-09-07T04:30:18.009+01:00 INFO : 1 points above threshold
2026-09-07T04:30:18.014+01:00 INFO : Filtering template 342/384 segment 4/5
2026-09-07T04:30:18.033+01:00 INFO : 2 points above threshold
2026-09-07T04:30:18.040+01:00 INFO : Filtering template 342/384 segment 5/5
2026-09-07T04:30:18.057+01:00 INFO : 1 points above threshold
2026-09-07T04:30:18.063+01:00 INFO : 342: generating IMRPhenomD from 30.0 Hz
2026-09-07T04:30:18.066+01:00 INFO : Decompressing waveform using inline_linear
2026-09-07T04:30:18.070+01:00 INFO : Filtering template 343/384 segment 1/5
2026-09-07T04:30:18.091+01:00 INFO : Filtering template 343/384 segment 2/5
2026-09-07T04:30:18.110+01:00 INFO : 1 points above threshold
2026-09-07T04:30:18.125+01:00 INFO : Filtering template 343/384 segment 3/5
2026-09-07T04:30:18.143+01:00 INFO : Filtering template 343/384 segment 4/5
2026-09-07T04:30:18.161+01:00 INFO : Filtering template 343/384 segment 5/5
2026-09-07T04:30:18.179+01:00 INFO : 343: generating IMRPhenomD from 30.0 Hz
2026-09-07T04:30:18.182+01:00 INFO : Decompressing waveform using inline_linear
2026-09-07T04:30:18.187+01:00 INFO : Filtering template 344/384 segment 1/5
2026-09-07T04:30:18.207+01:00 INFO : 1 points above threshold
2026-09-07T04:30:18.223+01:00 INFO : Filtering template 344/384 segment 2/5
2026-09-07T04:30:18.240+01:00 INFO : 1 points above threshold
2026-09-07T04:30:18.246+01:00 INFO : Filtering template 344/384 segment 3/5
2026-09-07T04:30:18.264+01:00 INFO : 1 points above threshold
2026-09-07T04:30:18.269+01:00 INFO : Filtering template 344/384 segment 4/5
2026-09-07T04:30:18.287+01:00 INFO : 1 points above threshold
2026-09-07T04:30:18.292+01:00 INFO : Filtering template 344/384 segment 5/5
2026-09-07T04:30:18.310+01:00 INFO : 1 points above threshold
2026-09-07T04:30:18.316+01:00 INFO : 344: generating IMRPhenomD from 30.0 Hz
2026-09-07T04:30:18.318+01:00 INFO : Decompressing waveform using inline_linear
2026-09-07T04:30:18.323+01:00 INFO : Filtering template 345/384 segment 1/5
2026-09-07T04:30:18.344+01:00 INFO : 1 points above threshold
2026-09-07T04:30:18.359+01:00 INFO : Filtering template 345/384 segment 2/5
2026-09-07T04:30:18.377+01:00 INFO : 2 points above threshold
2026-09-07T04:30:18.384+01:00 INFO : Filtering template 345/384 segment 3/5
2026-09-07T04:30:18.402+01:00 INFO : 4 points above threshold
2026-09-07T04:30:18.410+01:00 INFO : Filtering template 345/384 segment 4/5
2026-09-07T04:30:18.428+01:00 INFO : 1 points above threshold
2026-09-07T04:30:18.434+01:00 INFO : Filtering template 345/384 segment 5/5
2026-09-07T04:30:18.451+01:00 INFO : 1 points above threshold
2026-09-07T04:30:18.457+01:00 INFO : 345: generating IMRPhenomD from 30.0 Hz
2026-09-07T04:30:18.460+01:00 INFO : Decompressing waveform using inline_linear
2026-09-07T04:30:18.464+01:00 INFO : Filtering template 346/384 segment 1/5
2026-09-07T04:30:18.484+01:00 INFO : 1 points above threshold
2026-09-07T04:30:18.500+01:00 INFO : Filtering template 346/384 segment 2/5
2026-09-07T04:30:18.519+01:00 INFO : Filtering template 346/384 segment 3/5
2026-09-07T04:30:18.537+01:00 INFO : 1 points above threshold
2026-09-07T04:30:18.542+01:00 INFO : Filtering template 346/384 segment 4/5
2026-09-07T04:30:18.560+01:00 INFO : 3 points above threshold
2026-09-07T04:30:18.569+01:00 INFO : Filtering template 346/384 segment 5/5
2026-09-07T04:30:18.587+01:00 INFO : 1 points above threshold
2026-09-07T04:30:18.593+01:00 INFO : 346: generating IMRPhenomD from 30.0 Hz
2026-09-07T04:30:18.596+01:00 INFO : Decompressing waveform using inline_linear
2026-09-07T04:30:18.600+01:00 INFO : Filtering template 347/384 segment 1/5
2026-09-07T04:30:18.620+01:00 INFO : 2 points above threshold
2026-09-07T04:30:18.638+01:00 INFO : Filtering template 347/384 segment 2/5
2026-09-07T04:30:18.656+01:00 INFO : Filtering template 347/384 segment 3/5
2026-09-07T04:30:18.674+01:00 INFO : 2 points above threshold
2026-09-07T04:30:18.681+01:00 INFO : Filtering template 347/384 segment 4/5
2026-09-07T04:30:18.699+01:00 INFO : 4 points above threshold
2026-09-07T04:30:18.708+01:00 INFO : Filtering template 347/384 segment 5/5
2026-09-07T04:30:18.726+01:00 INFO : 347: generating IMRPhenomD from 30.0 Hz
2026-09-07T04:30:18.729+01:00 INFO : Decompressing waveform using inline_linear
2026-09-07T04:30:18.734+01:00 INFO : Filtering template 348/384 segment 1/5
2026-09-07T04:30:18.754+01:00 INFO : 2 points above threshold
2026-09-07T04:30:18.771+01:00 INFO : Filtering template 348/384 segment 2/5
2026-09-07T04:30:18.789+01:00 INFO : Filtering template 348/384 segment 3/5
2026-09-07T04:30:18.807+01:00 INFO : 3 points above threshold
2026-09-07T04:30:18.816+01:00 INFO : Filtering template 348/384 segment 4/5
2026-09-07T04:30:18.835+01:00 INFO : 4 points above threshold
2026-09-07T04:30:18.843+01:00 INFO : Filtering template 348/384 segment 5/5
2026-09-07T04:30:18.861+01:00 INFO : 348: generating IMRPhenomD from 30.0 Hz
2026-09-07T04:30:18.864+01:00 INFO : Decompressing waveform using inline_linear
2026-09-07T04:30:18.869+01:00 INFO : Filtering template 349/384 segment 1/5
2026-09-07T04:30:18.889+01:00 INFO : 2 points above threshold
2026-09-07T04:30:18.906+01:00 INFO : Filtering template 349/384 segment 2/5
2026-09-07T04:30:18.925+01:00 INFO : 1 points above threshold
2026-09-07T04:30:18.930+01:00 INFO : Filtering template 349/384 segment 3/5
2026-09-07T04:30:18.948+01:00 INFO : Filtering template 349/384 segment 4/5
2026-09-07T04:30:18.966+01:00 INFO : 5 points above threshold
2026-09-07T04:30:18.978+01:00 INFO : Filtering template 349/384 segment 5/5
2026-09-07T04:30:18.996+01:00 INFO : 1 points above threshold
2026-09-07T04:30:19.001+01:00 INFO : 349: generating IMRPhenomD from 30.0 Hz
2026-09-07T04:30:19.004+01:00 INFO : Decompressing waveform using inline_linear
2026-09-07T04:30:19.008+01:00 INFO : Filtering template 350/384 segment 1/5
2026-09-07T04:30:19.029+01:00 INFO : 2 points above threshold
2026-09-07T04:30:19.046+01:00 INFO : Filtering template 350/384 segment 2/5
2026-09-07T04:30:19.064+01:00 INFO : 1 points above threshold
2026-09-07T04:30:19.070+01:00 INFO : Filtering template 350/384 segment 3/5
2026-09-07T04:30:19.087+01:00 INFO : 1 points above threshold
2026-09-07T04:30:19.092+01:00 INFO : Filtering template 350/384 segment 4/5
2026-09-07T04:30:19.110+01:00 INFO : Filtering template 350/384 segment 5/5
2026-09-07T04:30:19.128+01:00 INFO : 5 points above threshold
2026-09-07T04:30:19.141+01:00 INFO : 350: generating IMRPhenomD from 30.0 Hz
2026-09-07T04:30:19.144+01:00 INFO : Decompressing waveform using inline_linear
2026-09-07T04:30:19.149+01:00 INFO : Filtering template 351/384 segment 1/5
2026-09-07T04:30:19.169+01:00 INFO : 1 points above threshold
2026-09-07T04:30:19.184+01:00 INFO : Filtering template 351/384 segment 2/5
2026-09-07T04:30:19.202+01:00 INFO : Filtering template 351/384 segment 3/5
2026-09-07T04:30:19.220+01:00 INFO : Filtering template 351/384 segment 4/5
2026-09-07T04:30:19.238+01:00 INFO : 2 points above threshold
2026-09-07T04:30:19.245+01:00 INFO : Filtering template 351/384 segment 5/5
2026-09-07T04:30:19.263+01:00 INFO : 351: generating IMRPhenomD from 30.0 Hz
2026-09-07T04:30:19.266+01:00 INFO : Decompressing waveform using inline_linear
2026-09-07T04:30:19.271+01:00 INFO : Filtering template 352/384 segment 1/5
2026-09-07T04:30:19.291+01:00 INFO : Filtering template 352/384 segment 2/5
2026-09-07T04:30:19.309+01:00 INFO : Filtering template 352/384 segment 3/5
2026-09-07T04:30:19.327+01:00 INFO : Filtering template 352/384 segment 4/5
2026-09-07T04:30:19.346+01:00 INFO : 1 points above threshold
2026-09-07T04:30:19.361+01:00 INFO : Filtering template 352/384 segment 5/5
2026-09-07T04:30:19.379+01:00 INFO : 1 points above threshold
2026-09-07T04:30:19.385+01:00 INFO : 352: generating IMRPhenomD from 30.0 Hz
2026-09-07T04:30:19.404+01:00 INFO : Decompressing waveform using inline_linear
2026-09-07T04:30:19.409+01:00 INFO : Filtering template 353/384 segment 1/5
2026-09-07T04:30:19.437+01:00 INFO : 1 points above threshold
2026-09-07T04:30:19.457+01:00 INFO : Filtering template 353/384 segment 2/5
2026-09-07T04:30:19.476+01:00 INFO : 2 points above threshold
2026-09-07T04:30:19.483+01:00 INFO : Filtering template 353/384 segment 3/5
2026-09-07T04:30:19.501+01:00 INFO : 2 points above threshold
2026-09-07T04:30:19.508+01:00 INFO : Filtering template 353/384 segment 4/5
2026-09-07T04:30:19.526+01:00 INFO : 1 points above threshold
2026-09-07T04:30:19.531+01:00 INFO : Filtering template 353/384 segment 5/5
2026-09-07T04:30:19.550+01:00 INFO : 353: generating IMRPhenomD from 30.0 Hz
2026-09-07T04:30:19.553+01:00 INFO : Decompressing waveform using inline_linear
2026-09-07T04:30:19.558+01:00 INFO : Filtering template 354/384 segment 1/5
2026-09-07T04:30:19.578+01:00 INFO : 4 points above threshold
2026-09-07T04:30:19.598+01:00 INFO : Filtering template 354/384 segment 2/5
2026-09-07T04:30:19.616+01:00 INFO : 1 points above threshold
2026-09-07T04:30:19.621+01:00 INFO : Filtering template 354/384 segment 3/5
2026-09-07T04:30:19.639+01:00 INFO : Filtering template 354/384 segment 4/5
2026-09-07T04:30:19.657+01:00 INFO : Filtering template 354/384 segment 5/5
2026-09-07T04:30:19.675+01:00 INFO : 1 points above threshold
2026-09-07T04:30:19.680+01:00 INFO : 354: generating IMRPhenomD from 30.0 Hz
2026-09-07T04:30:19.683+01:00 INFO : Decompressing waveform using inline_linear
2026-09-07T04:30:19.688+01:00 INFO : Filtering template 355/384 segment 1/5
2026-09-07T04:30:19.708+01:00 INFO : Filtering template 355/384 segment 2/5
2026-09-07T04:30:19.726+01:00 INFO : Filtering template 355/384 segment 3/5
2026-09-07T04:30:19.744+01:00 INFO : 1 points above threshold
2026-09-07T04:30:19.760+01:00 INFO : Filtering template 355/384 segment 4/5
2026-09-07T04:30:19.778+01:00 INFO : Filtering template 355/384 segment 5/5
2026-09-07T04:30:19.796+01:00 INFO : 2 points above threshold
2026-09-07T04:30:19.803+01:00 INFO : 355: generating IMRPhenomD from 30.0 Hz
2026-09-07T04:30:19.806+01:00 INFO : Decompressing waveform using inline_linear
2026-09-07T04:30:19.811+01:00 INFO : Filtering template 356/384 segment 1/5
2026-09-07T04:30:19.831+01:00 INFO : 1 points above threshold
2026-09-07T04:30:19.846+01:00 INFO : Filtering template 356/384 segment 2/5
2026-09-07T04:30:19.864+01:00 INFO : 2 points above threshold
2026-09-07T04:30:19.871+01:00 INFO : Filtering template 356/384 segment 3/5
2026-09-07T04:30:19.889+01:00 INFO : 2 points above threshold
2026-09-07T04:30:19.896+01:00 INFO : Filtering template 356/384 segment 4/5
2026-09-07T04:30:19.914+01:00 INFO : 2 points above threshold
2026-09-07T04:30:19.922+01:00 INFO : Filtering template 356/384 segment 5/5
2026-09-07T04:30:19.939+01:00 INFO : 1 points above threshold
2026-09-07T04:30:19.945+01:00 INFO : 356: generating IMRPhenomD from 30.0 Hz
2026-09-07T04:30:19.948+01:00 INFO : Decompressing waveform using inline_linear
2026-09-07T04:30:19.953+01:00 INFO : Filtering template 357/384 segment 1/5
2026-09-07T04:30:19.973+01:00 INFO : 2 points above threshold
2026-09-07T04:30:19.991+01:00 INFO : Filtering template 357/384 segment 2/5
2026-09-07T04:30:20.008+01:00 INFO : Filtering template 357/384 segment 3/5
2026-09-07T04:30:20.026+01:00 INFO : 4 points above threshold
2026-09-07T04:30:20.036+01:00 INFO : Filtering template 357/384 segment 4/5
2026-09-07T04:30:20.053+01:00 INFO : 1 points above threshold
2026-09-07T04:30:20.058+01:00 INFO : Filtering template 357/384 segment 5/5
2026-09-07T04:30:20.076+01:00 INFO : 357: generating IMRPhenomD from 30.0 Hz
2026-09-07T04:30:20.079+01:00 INFO : Decompressing waveform using inline_linear
2026-09-07T04:30:20.084+01:00 INFO : Filtering template 358/384 segment 1/5
2026-09-07T04:30:20.104+01:00 INFO : 2 points above threshold
2026-09-07T04:30:20.122+01:00 INFO : Filtering template 358/384 segment 2/5
2026-09-07T04:30:20.140+01:00 INFO : 2 points above threshold
2026-09-07T04:30:20.147+01:00 INFO : Filtering template 358/384 segment 3/5
2026-09-07T04:30:20.165+01:00 INFO : Filtering template 358/384 segment 4/5
2026-09-07T04:30:20.183+01:00 INFO : 1 points above threshold
2026-09-07T04:30:20.189+01:00 INFO : Filtering template 358/384 segment 5/5
2026-09-07T04:30:20.207+01:00 INFO : 358: generating IMRPhenomD from 30.0 Hz
2026-09-07T04:30:20.209+01:00 INFO : Decompressing waveform using inline_linear
2026-09-07T04:30:20.214+01:00 INFO : Filtering template 359/384 segment 1/5
2026-09-07T04:30:20.234+01:00 INFO : 2 points above threshold
2026-09-07T04:30:20.251+01:00 INFO : Filtering template 359/384 segment 2/5
2026-09-07T04:30:20.270+01:00 INFO : 2 points above threshold
2026-09-07T04:30:20.277+01:00 INFO : Filtering template 359/384 segment 3/5
2026-09-07T04:30:20.295+01:00 INFO : Filtering template 359/384 segment 4/5
2026-09-07T04:30:20.312+01:00 INFO : 1 points above threshold
2026-09-07T04:30:20.317+01:00 INFO : Filtering template 359/384 segment 5/5
2026-09-07T04:30:20.335+01:00 INFO : 2 points above threshold
2026-09-07T04:30:20.343+01:00 INFO : 359: generating IMRPhenomD from 30.0 Hz
2026-09-07T04:30:20.345+01:00 INFO : Decompressing waveform using inline_linear
2026-09-07T04:30:20.351+01:00 INFO : Filtering template 360/384 segment 1/5
2026-09-07T04:30:20.371+01:00 INFO : Filtering template 360/384 segment 2/5
2026-09-07T04:30:20.389+01:00 INFO : Filtering template 360/384 segment 3/5
2026-09-07T04:30:20.407+01:00 INFO : 2 points above threshold
2026-09-07T04:30:20.424+01:00 INFO : Filtering template 360/384 segment 4/5
2026-09-07T04:30:20.442+01:00 INFO : Filtering template 360/384 segment 5/5
2026-09-07T04:30:20.460+01:00 INFO : 2 points above threshold
2026-09-07T04:30:20.467+01:00 INFO : 360: generating IMRPhenomD from 30.0 Hz
2026-09-07T04:30:20.470+01:00 INFO : Decompressing waveform using inline_linear
2026-09-07T04:30:20.475+01:00 INFO : Filtering template 361/384 segment 1/5
2026-09-07T04:30:20.495+01:00 INFO : 1 points above threshold
2026-09-07T04:30:20.511+01:00 INFO : Filtering template 361/384 segment 2/5
2026-09-07T04:30:20.529+01:00 INFO : 1 points above threshold
2026-09-07T04:30:20.534+01:00 INFO : Filtering template 361/384 segment 3/5
2026-09-07T04:30:20.552+01:00 INFO : 1 points above threshold
2026-09-07T04:30:20.557+01:00 INFO : Filtering template 361/384 segment 4/5
2026-09-07T04:30:20.575+01:00 INFO : 1 points above threshold
2026-09-07T04:30:20.580+01:00 INFO : Filtering template 361/384 segment 5/5
2026-09-07T04:30:20.598+01:00 INFO : 361: generating IMRPhenomD from 30.0 Hz
2026-09-07T04:30:20.601+01:00 INFO : Decompressing waveform using inline_linear
2026-09-07T04:30:20.606+01:00 INFO : Filtering template 362/384 segment 1/5
2026-09-07T04:30:20.627+01:00 INFO : 1 points above threshold
2026-09-07T04:30:20.644+01:00 INFO : Filtering template 362/384 segment 2/5
2026-09-07T04:30:20.667+01:00 INFO : 2 points above threshold
2026-09-07T04:30:20.676+01:00 INFO : Filtering template 362/384 segment 3/5
2026-09-07T04:30:20.696+01:00 INFO : 1 points above threshold
2026-09-07T04:30:20.702+01:00 INFO : Filtering template 362/384 segment 4/5
2026-09-07T04:30:20.722+01:00 INFO : Filtering template 362/384 segment 5/5
2026-09-07T04:30:20.740+01:00 INFO : 1 points above threshold
2026-09-07T04:30:20.745+01:00 INFO : 362: generating IMRPhenomD from 30.0 Hz
2026-09-07T04:30:20.748+01:00 INFO : Decompressing waveform using inline_linear
2026-09-07T04:30:20.753+01:00 INFO : Filtering template 363/384 segment 1/5
2026-09-07T04:30:20.773+01:00 INFO : 3 points above threshold
2026-09-07T04:30:20.792+01:00 INFO : Filtering template 363/384 segment 2/5
2026-09-07T04:30:20.810+01:00 INFO : Filtering template 363/384 segment 3/5
2026-09-07T04:30:20.829+01:00 INFO : 1 points above threshold
2026-09-07T04:30:20.834+01:00 INFO : Filtering template 363/384 segment 4/5
2026-09-07T04:30:20.852+01:00 INFO : 1 points above threshold
2026-09-07T04:30:20.857+01:00 INFO : Filtering template 363/384 segment 5/5
2026-09-07T04:30:20.874+01:00 INFO : 1 points above threshold
2026-09-07T04:30:20.880+01:00 INFO : 363: generating IMRPhenomD from 30.0 Hz
2026-09-07T04:30:20.883+01:00 INFO : Decompressing waveform using inline_linear
2026-09-07T04:30:20.887+01:00 INFO : Filtering template 364/384 segment 1/5
2026-09-07T04:30:20.908+01:00 INFO : Filtering template 364/384 segment 2/5
2026-09-07T04:30:20.926+01:00 INFO : 1 points above threshold
2026-09-07T04:30:20.941+01:00 INFO : Filtering template 364/384 segment 3/5
2026-09-07T04:30:20.959+01:00 INFO : Filtering template 364/384 segment 4/5
2026-09-07T04:30:20.976+01:00 INFO : 2 points above threshold
2026-09-07T04:30:20.983+01:00 INFO : Filtering template 364/384 segment 5/5
2026-09-07T04:30:21.002+01:00 INFO : 1 points above threshold
2026-09-07T04:30:21.026+01:00 INFO : 364: generating IMRPhenomD from 30.0 Hz
2026-09-07T04:30:21.029+01:00 INFO : Decompressing waveform using inline_linear
2026-09-07T04:30:21.034+01:00 INFO : Filtering template 365/384 segment 1/5
2026-09-07T04:30:21.054+01:00 INFO : Filtering template 365/384 segment 2/5
2026-09-07T04:30:21.072+01:00 INFO : 2 points above threshold
2026-09-07T04:30:21.089+01:00 INFO : Filtering template 365/384 segment 3/5
2026-09-07T04:30:21.107+01:00 INFO : Filtering template 365/384 segment 4/5
2026-09-07T04:30:21.126+01:00 INFO : 2 points above threshold
2026-09-07T04:30:21.133+01:00 INFO : Filtering template 365/384 segment 5/5
2026-09-07T04:30:21.150+01:00 INFO : 1 points above threshold
2026-09-07T04:30:21.156+01:00 INFO : 365: generating IMRPhenomD from 30.0 Hz
2026-09-07T04:30:21.158+01:00 INFO : Decompressing waveform using inline_linear
2026-09-07T04:30:21.164+01:00 INFO : Filtering template 366/384 segment 1/5
2026-09-07T04:30:21.184+01:00 INFO : 1 points above threshold
2026-09-07T04:30:21.199+01:00 INFO : Filtering template 366/384 segment 2/5
2026-09-07T04:30:21.217+01:00 INFO : 1 points above threshold
2026-09-07T04:30:21.222+01:00 INFO : Filtering template 366/384 segment 3/5
2026-09-07T04:30:21.240+01:00 INFO : 1 points above threshold
2026-09-07T04:30:21.245+01:00 INFO : Filtering template 366/384 segment 4/5
2026-09-07T04:30:21.263+01:00 INFO : 2 points above threshold
2026-09-07T04:30:21.270+01:00 INFO : Filtering template 366/384 segment 5/5
2026-09-07T04:30:21.288+01:00 INFO : 366: generating IMRPhenomD from 30.0 Hz
2026-09-07T04:30:21.291+01:00 INFO : Decompressing waveform using inline_linear
2026-09-07T04:30:21.296+01:00 INFO : Filtering template 367/384 segment 1/5
2026-09-07T04:30:21.316+01:00 INFO : 2 points above threshold
2026-09-07T04:30:21.333+01:00 INFO : Filtering template 367/384 segment 2/5
2026-09-07T04:30:21.351+01:00 INFO : Filtering template 367/384 segment 3/5
2026-09-07T04:30:21.369+01:00 INFO : Filtering template 367/384 segment 4/5
2026-09-07T04:30:21.387+01:00 INFO : 1 points above threshold
2026-09-07T04:30:21.392+01:00 INFO : Filtering template 367/384 segment 5/5
2026-09-07T04:30:21.410+01:00 INFO : 3 points above threshold
2026-09-07T04:30:21.419+01:00 INFO : 367: generating IMRPhenomD from 30.0 Hz
2026-09-07T04:30:21.422+01:00 INFO : Decompressing waveform using inline_linear
2026-09-07T04:30:21.427+01:00 INFO : Filtering template 368/384 segment 1/5
2026-09-07T04:30:21.448+01:00 INFO : 2 points above threshold
2026-09-07T04:30:21.465+01:00 INFO : Filtering template 368/384 segment 2/5
2026-09-07T04:30:21.483+01:00 INFO : Filtering template 368/384 segment 3/5
2026-09-07T04:30:21.501+01:00 INFO : Filtering template 368/384 segment 4/5
2026-09-07T04:30:21.519+01:00 INFO : 1 points above threshold
2026-09-07T04:30:21.524+01:00 INFO : Filtering template 368/384 segment 5/5
2026-09-07T04:30:21.542+01:00 INFO : 368: generating IMRPhenomD from 30.0 Hz
2026-09-07T04:30:21.545+01:00 INFO : Decompressing waveform using inline_linear
2026-09-07T04:30:21.550+01:00 INFO : Filtering template 369/384 segment 1/5
2026-09-07T04:30:21.570+01:00 INFO : 1 points above threshold
2026-09-07T04:30:21.586+01:00 INFO : Filtering template 369/384 segment 2/5
2026-09-07T04:30:21.604+01:00 INFO : Filtering template 369/384 segment 3/5
2026-09-07T04:30:21.622+01:00 INFO : 1 points above threshold
2026-09-07T04:30:21.627+01:00 INFO : Filtering template 369/384 segment 4/5
2026-09-07T04:30:21.645+01:00 INFO : 2 points above threshold
2026-09-07T04:30:21.652+01:00 INFO : Filtering template 369/384 segment 5/5
2026-09-07T04:30:21.670+01:00 INFO : 2 points above threshold
2026-09-07T04:30:21.677+01:00 INFO : 369: generating IMRPhenomD from 30.0 Hz
2026-09-07T04:30:21.680+01:00 INFO : Decompressing waveform using inline_linear
2026-09-07T04:30:21.685+01:00 INFO : Filtering template 370/384 segment 1/5
2026-09-07T04:30:21.705+01:00 INFO : Filtering template 370/384 segment 2/5
2026-09-07T04:30:21.723+01:00 INFO : 2 points above threshold
2026-09-07T04:30:21.740+01:00 INFO : Filtering template 370/384 segment 3/5
2026-09-07T04:30:21.758+01:00 INFO : 2 points above threshold
2026-09-07T04:30:21.765+01:00 INFO : Filtering template 370/384 segment 4/5
2026-09-07T04:30:21.783+01:00 INFO : 2 points above threshold
2026-09-07T04:30:21.790+01:00 INFO : Filtering template 370/384 segment 5/5
2026-09-07T04:30:21.808+01:00 INFO : 370: generating IMRPhenomD from 30.0 Hz
2026-09-07T04:30:21.811+01:00 INFO : Decompressing waveform using inline_linear
2026-09-07T04:30:21.816+01:00 INFO : Filtering template 371/384 segment 1/5
2026-09-07T04:30:21.837+01:00 INFO : 1 points above threshold
2026-09-07T04:30:21.852+01:00 INFO : Filtering template 371/384 segment 2/5
2026-09-07T04:30:21.870+01:00 INFO : Filtering template 371/384 segment 3/5
2026-09-07T04:30:21.888+01:00 INFO : 1 points above threshold
2026-09-07T04:30:21.894+01:00 INFO : Filtering template 371/384 segment 4/5
2026-09-07T04:30:21.911+01:00 INFO : Filtering template 371/384 segment 5/5
2026-09-07T04:30:21.929+01:00 INFO : 1 points above threshold
2026-09-07T04:30:21.935+01:00 INFO : 371: generating IMRPhenomD from 30.0 Hz
2026-09-07T04:30:21.937+01:00 INFO : Decompressing waveform using inline_linear
2026-09-07T04:30:21.942+01:00 INFO : Filtering template 372/384 segment 1/5
2026-09-07T04:30:21.963+01:00 INFO : 1 points above threshold
2026-09-07T04:30:21.978+01:00 INFO : Filtering template 372/384 segment 2/5
2026-09-07T04:30:21.996+01:00 INFO : 3 points above threshold
2026-09-07T04:30:22.005+01:00 INFO : Filtering template 372/384 segment 3/5
2026-09-07T04:30:22.023+01:00 INFO : 1 points above threshold
2026-09-07T04:30:22.028+01:00 INFO : Filtering template 372/384 segment 4/5
2026-09-07T04:30:22.047+01:00 INFO : Filtering template 372/384 segment 5/5
2026-09-07T04:30:22.065+01:00 INFO : 372: generating IMRPhenomD from 30.0 Hz
2026-09-07T04:30:22.068+01:00 INFO : Decompressing waveform using inline_linear
2026-09-07T04:30:22.073+01:00 INFO : Filtering template 373/384 segment 1/5
2026-09-07T04:30:22.093+01:00 INFO : 3 points above threshold
2026-09-07T04:30:22.112+01:00 INFO : Filtering template 373/384 segment 2/5
2026-09-07T04:30:22.130+01:00 INFO : 1 points above threshold
2026-09-07T04:30:22.135+01:00 INFO : Filtering template 373/384 segment 3/5
2026-09-07T04:30:22.153+01:00 INFO : 2 points above threshold
2026-09-07T04:30:22.160+01:00 INFO : Filtering template 373/384 segment 4/5
2026-09-07T04:30:22.178+01:00 INFO : Filtering template 373/384 segment 5/5
2026-09-07T04:30:22.196+01:00 INFO : 1 points above threshold
2026-09-07T04:30:22.201+01:00 INFO : 373: generating IMRPhenomD from 30.0 Hz
2026-09-07T04:30:22.204+01:00 INFO : Decompressing waveform using inline_linear
2026-09-07T04:30:22.209+01:00 INFO : Filtering template 374/384 segment 1/5
2026-09-07T04:30:22.229+01:00 INFO : Filtering template 374/384 segment 2/5
2026-09-07T04:30:22.247+01:00 INFO : Filtering template 374/384 segment 3/5
2026-09-07T04:30:22.265+01:00 INFO : 2 points above threshold
2026-09-07T04:30:22.284+01:00 INFO : Filtering template 374/384 segment 4/5
2026-09-07T04:30:22.302+01:00 INFO : Filtering template 374/384 segment 5/5
2026-09-07T04:30:22.320+01:00 INFO : 1 points above threshold
2026-09-07T04:30:22.328+01:00 INFO : 374: generating IMRPhenomD from 30.0 Hz
2026-09-07T04:30:22.331+01:00 INFO : Decompressing waveform using inline_linear
2026-09-07T04:30:22.336+01:00 INFO : Filtering template 375/384 segment 1/5
2026-09-07T04:30:22.356+01:00 INFO : 1 points above threshold
2026-09-07T04:30:22.373+01:00 INFO : Filtering template 375/384 segment 2/5
2026-09-07T04:30:22.390+01:00 INFO : Filtering template 375/384 segment 3/5
2026-09-07T04:30:22.408+01:00 INFO : 1 points above threshold
2026-09-07T04:30:22.413+01:00 INFO : Filtering template 375/384 segment 4/5
2026-09-07T04:30:22.431+01:00 INFO : 3 points above threshold
2026-09-07T04:30:22.441+01:00 INFO : Filtering template 375/384 segment 5/5
2026-09-07T04:30:22.459+01:00 INFO : 1 points above threshold
2026-09-07T04:30:22.464+01:00 INFO : 375: generating IMRPhenomD from 30.0 Hz
2026-09-07T04:30:22.467+01:00 INFO : Decompressing waveform using inline_linear
2026-09-07T04:30:22.472+01:00 INFO : Filtering template 376/384 segment 1/5
2026-09-07T04:30:22.492+01:00 INFO : Filtering template 376/384 segment 2/5
2026-09-07T04:30:22.510+01:00 INFO : Filtering template 376/384 segment 3/5
2026-09-07T04:30:22.528+01:00 INFO : Filtering template 376/384 segment 4/5
2026-09-07T04:30:22.546+01:00 INFO : 1 points above threshold
2026-09-07T04:30:22.563+01:00 INFO : Filtering template 376/384 segment 5/5
2026-09-07T04:30:22.581+01:00 INFO : 1 points above threshold
2026-09-07T04:30:22.586+01:00 INFO : 376: generating IMRPhenomD from 30.0 Hz
2026-09-07T04:30:22.589+01:00 INFO : Decompressing waveform using inline_linear
2026-09-07T04:30:22.594+01:00 INFO : Filtering template 377/384 segment 1/5
2026-09-07T04:30:22.614+01:00 INFO : 2 points above threshold
2026-09-07T04:30:22.633+01:00 INFO : Filtering template 377/384 segment 2/5
2026-09-07T04:30:22.651+01:00 INFO : Filtering template 377/384 segment 3/5
2026-09-07T04:30:22.669+01:00 INFO : 1 points above threshold
2026-09-07T04:30:22.674+01:00 INFO : Filtering template 377/384 segment 4/5
2026-09-07T04:30:22.692+01:00 INFO : 2 points above threshold
2026-09-07T04:30:22.699+01:00 INFO : Filtering template 377/384 segment 5/5
2026-09-07T04:30:22.717+01:00 INFO : 377: generating IMRPhenomD from 30.0 Hz
2026-09-07T04:30:22.720+01:00 INFO : Decompressing waveform using inline_linear
2026-09-07T04:30:22.725+01:00 INFO : Filtering template 378/384 segment 1/5
2026-09-07T04:30:22.745+01:00 INFO : 3 points above threshold
2026-09-07T04:30:22.765+01:00 INFO : Filtering template 378/384 segment 2/5
2026-09-07T04:30:22.783+01:00 INFO : 3 points above threshold
2026-09-07T04:30:22.792+01:00 INFO : Filtering template 378/384 segment 3/5
2026-09-07T04:30:22.810+01:00 INFO : Filtering template 378/384 segment 4/5
2026-09-07T04:30:22.828+01:00 INFO : Filtering template 378/384 segment 5/5
2026-09-07T04:30:22.846+01:00 INFO : 1 points above threshold
2026-09-07T04:30:22.851+01:00 INFO : 378: generating IMRPhenomD from 30.0 Hz
2026-09-07T04:30:22.854+01:00 INFO : Decompressing waveform using inline_linear
2026-09-07T04:30:22.859+01:00 INFO : Filtering template 379/384 segment 1/5
2026-09-07T04:30:22.879+01:00 INFO : 2 points above threshold
2026-09-07T04:30:22.896+01:00 INFO : Filtering template 379/384 segment 2/5
2026-09-07T04:30:22.915+01:00 INFO : Filtering template 379/384 segment 3/5
2026-09-07T04:30:22.933+01:00 INFO : 1 points above threshold
2026-09-07T04:30:22.938+01:00 INFO : Filtering template 379/384 segment 4/5
2026-09-07T04:30:22.956+01:00 INFO : 2 points above threshold
2026-09-07T04:30:22.963+01:00 INFO : Filtering template 379/384 segment 5/5
2026-09-07T04:30:22.980+01:00 INFO : 1 points above threshold
2026-09-07T04:30:22.986+01:00 INFO : 379: generating IMRPhenomD from 30.0 Hz
2026-09-07T04:30:22.988+01:00 INFO : Decompressing waveform using inline_linear
2026-09-07T04:30:22.993+01:00 INFO : Filtering template 380/384 segment 1/5
2026-09-07T04:30:23.014+01:00 INFO : Filtering template 380/384 segment 2/5
2026-09-07T04:30:23.032+01:00 INFO : 1 points above threshold
2026-09-07T04:30:23.047+01:00 INFO : Filtering template 380/384 segment 3/5
2026-09-07T04:30:23.065+01:00 INFO : 1 points above threshold
2026-09-07T04:30:23.070+01:00 INFO : Filtering template 380/384 segment 4/5
2026-09-07T04:30:23.088+01:00 INFO : 1 points above threshold
2026-09-07T04:30:23.093+01:00 INFO : Filtering template 380/384 segment 5/5
2026-09-07T04:30:23.111+01:00 INFO : 1 points above threshold
2026-09-07T04:30:23.116+01:00 INFO : 380: generating IMRPhenomD from 30.0 Hz
2026-09-07T04:30:23.119+01:00 INFO : Decompressing waveform using inline_linear
2026-09-07T04:30:23.124+01:00 INFO : Filtering template 381/384 segment 1/5
2026-09-07T04:30:23.144+01:00 INFO : 3 points above threshold
2026-09-07T04:30:23.164+01:00 INFO : Filtering template 381/384 segment 2/5
2026-09-07T04:30:23.182+01:00 INFO : 1 points above threshold
2026-09-07T04:30:23.187+01:00 INFO : Filtering template 381/384 segment 3/5
2026-09-07T04:30:23.205+01:00 INFO : 1 points above threshold
2026-09-07T04:30:23.210+01:00 INFO : Filtering template 381/384 segment 4/5
2026-09-07T04:30:23.228+01:00 INFO : Filtering template 381/384 segment 5/5
2026-09-07T04:30:23.246+01:00 INFO : 2 points above threshold
2026-09-07T04:30:23.253+01:00 INFO : 381: generating IMRPhenomD from 30.0 Hz
2026-09-07T04:30:23.256+01:00 INFO : Decompressing waveform using inline_linear
2026-09-07T04:30:23.261+01:00 INFO : Filtering template 382/384 segment 1/5
2026-09-07T04:30:23.281+01:00 INFO : 4 points above threshold
2026-09-07T04:30:23.300+01:00 INFO : Filtering template 382/384 segment 2/5
2026-09-07T04:30:23.318+01:00 INFO : Filtering template 382/384 segment 3/5
2026-09-07T04:30:23.336+01:00 INFO : 3 points above threshold
2026-09-07T04:30:23.345+01:00 INFO : Filtering template 382/384 segment 4/5
2026-09-07T04:30:23.363+01:00 INFO : 1 points above threshold
2026-09-07T04:30:23.368+01:00 INFO : Filtering template 382/384 segment 5/5
2026-09-07T04:30:23.386+01:00 INFO : 3 points above threshold
2026-09-07T04:30:23.396+01:00 INFO : 382: generating IMRPhenomD from 30.0 Hz
2026-09-07T04:30:23.399+01:00 INFO : Decompressing waveform using inline_linear
2026-09-07T04:30:23.404+01:00 INFO : Filtering template 383/384 segment 1/5
2026-09-07T04:30:23.424+01:00 INFO : 1 points above threshold
2026-09-07T04:30:23.439+01:00 INFO : Filtering template 383/384 segment 2/5
2026-09-07T04:30:23.457+01:00 INFO : 2 points above threshold
2026-09-07T04:30:23.464+01:00 INFO : Filtering template 383/384 segment 3/5
2026-09-07T04:30:23.482+01:00 INFO : Filtering template 383/384 segment 4/5
2026-09-07T04:30:23.501+01:00 INFO : 2 points above threshold
2026-09-07T04:30:23.508+01:00 INFO : Filtering template 383/384 segment 5/5
2026-09-07T04:30:23.525+01:00 INFO : 3 points above threshold
2026-09-07T04:30:23.535+01:00 INFO : 383: generating IMRPhenomD from 30.0 Hz
2026-09-07T04:30:23.538+01:00 INFO : Decompressing waveform using inline_linear
2026-09-07T04:30:23.542+01:00 INFO : Filtering template 384/384 segment 1/5
2026-09-07T04:30:23.563+01:00 INFO : 3 points above threshold
2026-09-07T04:30:23.582+01:00 INFO : Filtering template 384/384 segment 2/5
2026-09-07T04:30:23.600+01:00 INFO : Filtering template 384/384 segment 3/5
2026-09-07T04:30:23.618+01:00 INFO : 2 points above threshold
2026-09-07T04:30:23.625+01:00 INFO : Filtering template 384/384 segment 4/5
2026-09-07T04:30:23.643+01:00 INFO : Filtering template 384/384 segment 5/5
2026-09-07T04:30:23.661+01:00 INFO : 2 points above threshold
2026-09-07T04:30:23.668+01:00 INFO : We currently have 2205 triggers
2026-09-07T04:30:23.668+01:00 INFO : Removing triggers with NewSNR below threshold
2026-09-07T04:30:23.669+01:00 INFO : 1991 remaining triggers
2026-09-07T04:30:23.669+01:00 INFO : Outputting 1991 triggers
2026-09-07T04:30:23.669+01:00 INFO : Writing out triggers
2026-09-07T04:30:23.685+01:00 INFO : Finished
[ perf record: Woken up 953 times to write data ]
[ perf record: Captured and wrote 223.431 MB /home/xangma/pycbc-torch-reference-protocol-20260907/runs/profile-corrected-cpu-filter-perf/perf.data (13985 samples) ]
