index,template_hash,psd,native_power,captured_bins,old_current_max_edge_difference,old_scan_total_relative_error_input,old_scan_total_relative_error_rounded,old_public_total_relative_error,old_true_bin_max_relative_error,old_stagnated_positive_cells,current_scan_total_relative_error_input,current_scan_total_relative_error_rounded,current_public_total_relative_error,current_true_bin_max_relative_error,current_stagnated_positive_cells,old_lambda_over_rho_squared,old_lambda_rho_5.5,old_lambda_rho_8,old_lambda_rho_12,old_lambda_rho_20,old_lambda_rho_50,old_lambda_rho_100,current_lambda_over_rho_squared,current_lambda_rho_5.5,current_lambda_rho_8,current_lambda_rho_12,current_lambda_rho_20,current_lambda_rho_50,current_lambda_rho_100,oracle_lambda_over_rho_squared,oracle_lambda_rho_5.5,oracle_lambda_rho_8,oracle_lambda_rho_12,oracle_lambda_rho_20,oracle_lambda_rho_50,oracle_lambda_rho_100
0,3833317720381408592,original,False,False,5131,-0.0012534284012890697,-0.0012534283482515984,-0.0012534284012890697,0.01830678734078653,524065,-5.310385897898534e-11,1.7453593330745886e-16,-2.0542982369134455e-08,0.00018158945077323787,0,2.2353727670238922e-05,0.0006762002620247274,0.001430638570895291,0.0032189367845144048,0.008941491068095568,0.05588431917559731,0.22353727670238924,5.429152009458485e-09,1.6423184828611917e-07,3.4746572860534304e-07,7.817978893620218e-07,2.171660803783394e-06,1.3572880023646213e-05,5.429152009458485e-05,5.429152009458485e-09,1.6423184828611917e-07,3.4746572860534304e-07,7.817978893620218e-07,2.171660803783394e-06,1.3572880023646213e-05,5.429152009458485e-05
1,-6413357392576467902,original,False,False,12294,-0.001224002882838474,-0.0012240029458234166,-0.001224002882838474,0.017439847234115017,522535,6.306188519804522e-11,-2.456993974209469e-16,2.5450040119885707e-08,9.177041855647827e-05,0,2.0333706246771138e-05,0.000615094613964827,0.0013013571997933528,0.002928053699535044,0.008133482498708456,0.050834265616927846,0.20333706246771138,1.9468364974008885e-09,5.889180404637688e-08,1.2459753583365686e-07,2.8034445562572796e-07,7.787345989603554e-07,4.867091243502221e-06,1.9468364974008885e-05,1.9468364974008885e-09,5.889180404637688e-08,1.2459753583365686e-07,2.8034445562572796e-07,7.787345989603554e-07,4.867091243502221e-06,1.9468364974008885e-05
2,-6983633448227792462,original,False,False,2045,-0.0012111088659592748,-0.0012111090533776635,-0.0012111088659592748,0.01809200803459457,521160,1.8764551065575425e-10,-1.375668469164182e-16,-3.410433977400242e-08,0.00010525042788320057,0,2.182884472421332e-05,0.0006603225529074529,0.0013970460623496524,0.003143353640286718,0.008731537889685328,0.0545721118105333,0.2182884472421332,2.117456361329154e-09,6.40530549302069e-08,1.3551720712506586e-07,3.0491371603139816e-07,8.469825445316616e-07,5.293640903322885e-06,2.117456361329154e-05,2.0010497699886977e-09,6.05317555421581e-08,1.2806718527927665e-07,2.8815116687837247e-07,8.004199079954791e-07,5.002624424971744e-06,2.0010497699886976e-05
3,448379470406034306,original,False,False,7598,-0.0024371197034447475,-0.0024371197037348137,-0.0024371197034447475,0.03681927181247641,584820,2.8190730680363775e-13,-8.86768782123303e-15,4.983619642160589e-09,0.0001250700649226289,0,9.039205622380489e-05,0.002734359700770098,0.005785091598323513,0.013016456096227905,0.036156822489521956,0.22598014055951224,0.903920562238049,3.3403538351222624e-09,1.0104570351244843e-07,2.137826454478248e-07,4.810109522576058e-07,1.336141534048905e-06,8.350884587805655e-06,3.340353835122262e-05,3.3403538351222624e-09,1.0104570351244843e-07,2.137826454478248e-07,4.810109522576058e-07,1.336141534048905e-06,8.350884587805655e-06,3.340353835122262e-05
4,5376643164617863838,original,False,False,12181,-0.0024417507102802143,-0.0024417508520932357,-0.0024417507102802143,0.03747792216039818,583439,1.4216790331543165e-10,7.762306015417101e-15,-3.146325418878624e-08,0.00020259408374321227,0,9.368635790695715e-05,0.0028340123266854538,0.005995926906045257,0.01349083553860183,0.037474543162782856,0.23421589476739288,0.9368635790695715,6.294979585985905e-09,1.904231324760736e-07,4.028786935030979e-07,9.064770603819703e-07,2.517991834394362e-06,1.5737448964964763e-05,6.294979585985905e-05,6.294979585985905e-09,1.904231324760736e-07,4.028786935030979e-07,9.064770603819703e-07,2.517991834394362e-06,1.5737448964964763e-05,6.294979585985905e-05
5,-421728721160151110,original,False,False,23650,-0.0024432990336735023,-0.0024432989580784586,-0.0024432990336735023,0.03775595946091943,582077,-7.578466018822098e-11,-4.462888890637186e-15,1.1711427213016081e-08,0.00016139423790279052,0,9.511858223124428e-05,0.0028773371124951393,0.006087589262799634,0.013697075841299176,0.03804743289249771,0.2377964555781107,0.9511858223124428,3.844256417468131e-09,1.1628875662841096e-07,2.4603241071796037e-07,5.535729241154108e-07,1.5377025669872524e-06,9.610641043670326e-06,3.8442564174681306e-05,3.841593340813743e-09,1.1620819855961574e-07,2.4586197381207957e-07,5.531894410771791e-07,1.5366373363254973e-06,9.603983352034359e-06,3.8415933408137435e-05
6,-53190396181123398,original,False,False,11801,-0.002414971807346672,-0.0024149719081220707,-0.002414971807346672,0.03584123738816594,580203,1.0101286831425296e-10,-6.489244201039553e-15,3.160683357140477e-08,0.00011086207049791822,0,8.565328712121252e-05,0.002591011935416679,0.005481810375757601,0.012334073345454603,0.034261314848485006,0.2141332178030313,0.8565328712121252,2.572876163021678e-09,7.782950393140577e-08,1.646640744333874e-07,3.7049416747512164e-07,1.0291504652086712e-06,6.4321904075541955e-06,2.5728761630216782e-05,2.5651625917979073e-09,7.75961684018867e-08,1.6417040587506607e-07,3.6938341321889865e-07,1.026065036719163e-06,6.412906479494768e-06,2.5651625917979074e-05
7,1522989468805120761,original,False,False,1872,-0.0020825407448635284,-0.002082540841523878,-0.0020825407448635284,0.031157632666248596,600288,9.683969296687458e-11,-2.237580949094895e-14,5.738612949969641e-09,0.00015673457262888358,0,6.472783608573957e-05,0.001958017041593622,0.004142581509487333,0.009320808396346499,0.025891134434295828,0.16181959021434894,0.6472783608573958,3.4231877559467596e-09,1.0355142961738947e-07,2.190840163805926e-07,4.929390368563334e-07,1.3692751023787038e-06,8.557969389866899e-06,3.4231877559467597e-05,3.4231877559467596e-09,1.0355142961738947e-07,2.190840163805926e-07,4.929390368563334e-07,1.3692751023787038e-06,8.557969389866899e-06,3.4231877559467597e-05
8,-1105769880650941106,original,False,False,2617,-0.0020894827594635313,-0.0020894825946345358,-0.0020894827594635313,0.03150047447681998,598910,-1.6516839544798822e-10,5.728400658188616e-15,-8.764781118962488e-10,0.0001309692100995343,0,6.615592180967848e-05,0.002001216634742774,0.004233978995819423,0.009526452740593702,0.026462368723871393,0.16538980452419622,0.6615592180967849,2.57929317209906e-09,7.802361845599656e-08,1.6507476301433985e-07,3.7141821678226464e-07,1.0317172688396241e-06,6.448232930247651e-06,2.5792931720990602e-05,2.57929317209906e-09,7.802361845599656e-08,1.6507476301433985e-07,3.7141821678226464e-07,1.0317172688396241e-06,6.448232930247651e-06,2.5792931720990602e-05
9,1242816600780320219,original,False,False,3084,-0.0021157948769821196,-0.0021157948306444975,-0.0021157948769821196,0.03198363291185504,597595,-4.642519853683376e-11,1.0672425106367339e-14,2.8054033641330968e-08,0.00016562965601947958,0,6.820458884652796e-05,0.002063188812607471,0.0043650936861777895,0.009821460793900026,0.027281835538611184,0.1705114721163199,0.6820458884652796,3.533987284861824e-09,1.0690311536707018e-07,2.2617518623115673e-07,5.088941690201027e-07,1.4135949139447295e-06,8.83496821215456e-06,3.533987284861824e-05,3.533987284861824e-09,1.0690311536707018e-07,2.2617518623115673e-07,5.088941690201027e-07,1.4135949139447295e-06,8.83496821215456e-06,3.533987284861824e-05
10,2900437477845990488,original,False,False,4856,-0.0011650153755364157,-0.0011650153711501323,-0.0011650153755364157,0.017359206968572172,522195,-4.388551402220738e-12,2.8480824418475153e-15,-1.83067816652743e-08,0.0001838130266016089,0,2.0097078625904748e-05,0.0006079366284336186,0.0012862130320579039,0.002893979322130284,0.008038831450361899,0.05024269656476187,0.2009707862590475,4.897610155268023e-09,1.481527071968577e-07,3.134470499371535e-07,7.052558623585953e-07,1.959044062107209e-06,1.2244025388170058e-05,4.897610155268023e-05,4.897610155268023e-09,1.481527071968577e-07,3.134470499371535e-07,7.052558623585953e-07,1.959044062107209e-06,1.2244025388170058e-05,4.897610155268023e-05
11,-530339971158296264,original,False,False,4707,-0.0011085153133071435,-0.0011085152607159016,-0.0011085153133071435,0.01664470480831174,520680,-5.265177007587288e-11,-2.165283891768104e-15,-1.647967840318477e-08,0.00013043003115003143,0,1.8473994519270916e-05,0.0005588383342079452,0.0011823356492333386,0.002660255210775012,0.007389597807708367,0.046184986298177286,0.18473994519270914,3.575828019357517e-09,1.081687975855649e-07,2.288529932388811e-07,5.149192347874824e-07,1.4303312077430068e-06,8.939570048393792e-06,3.575828019357517e-05,3.575828019357517e-09,1.081687975855649e-07,2.288529932388811e-07,5.149192347874824e-07,1.4303312077430068e-06,8.939570048393792e-06,3.575828019357517e-05
12,4704560701694357972,original,False,False,4617,-0.001072981576033869,-0.0010729815009708488,-0.001072981576033869,0.01629165935413678,519339,-7.514414207309331e-11,-4.942192212329662e-16,2.8637771783330863e-08,0.0001609657197242371,0,1.7697855960389844e-05,0.0005353601428017928,0.00113266278146495,0.0025484912582961375,0.007079142384155938,0.04424463990097461,0.17697855960389844,6.9342394121851625e-09,2.0976074221860116e-07,4.437913223798504e-07,9.985304753546635e-07,2.773695764874065e-06,1.7335598530462906e-05,6.934239412185162e-05,6.9342394121851625e-09,2.0976074221860116e-07,4.437913223798504e-07,9.985304753546635e-07,2.773695764874065e-06,1.7335598530462906e-05,6.934239412185162e-05
13,2626815698835815281,original,False,False,4651,-0.0010639339386110194,-0.0010639339785938574,-0.0010639339386110194,0.015907184629983674,518131,4.002592655946976e-11,5.040017472565241e-16,1.1466148806141577e-08,0.00011522096656436207,0,1.687376019247511e-05,0.0005104312458223721,0.001079920652318407,0.002429821467716416,0.006749504076990044,0.042184400481187774,0.1687376019247511,2.166455229038758e-09,6.553527067842242e-08,1.386531346584805e-07,3.1196955298158114e-07,8.665820916155031e-07,5.4161380725968945e-06,2.1664552290387578e-05,2.166455229038758e-09,6.553527067842242e-08,1.386531346584805e-07,3.1196955298158114e-07,8.665820916155031e-07,5.4161380725968945e-06,2.1664552290387578e-05
14,3594309516727455402,original,False,False,5561,-0.001011049232152542,-0.0010110493839796065,-0.001011049232152542,0.015723110025709638,517041,1.5198092217752697e-10,1.976256917359236e-16,-4.335888669943356e-09,0.0001814047187464967,0,1.6492126276386724e-05,0.0004988868198606984,0.0010554960816887503,0.0023748661837996884,0.006596850510554689,0.04123031569096681,0.16492126276386723,5.399492867303331e-09,1.6333465923592576e-07,3.455675435074132e-07,7.775269728916797e-07,2.1597971469213326e-06,1.3498732168258329e-05,5.3994928673033315e-05,5.399492867303331e-09,1.6333465923592576e-07,3.455675435074132e-07,7.775269728916797e-07,2.1597971469213326e-06,1.3498732168258329e-05,5.3994928673033315e-05
15,-9040857422899878773,original,False,False,5833,-0.0009847261576719417,-0.0009847259192605551,-0.0009847261576719417,0.01528793778270674,516040,-2.386459218245719e-10,4.660021148043864e-16,-2.3090333966940748e-08,0.00021092078871336848,0,1.561394109124085e-05,0.0004723217180100357,0.0009992922298394144,0.002248407517138682,0.00624557643649634,0.03903485272810212,0.1561394109124085,8.388918068643542e-09,2.5376477157646713e-07,5.368907563931867e-07,1.20800420188467e-06,3.3555672274574168e-06,2.0972295171608854e-05,8.388918068643541e-05,8.388918068643542e-09,2.5376477157646713e-07,5.368907563931867e-07,1.20800420188467e-06,3.3555672274574168e-06,2.0972295171608854e-05,8.388918068643541e-05
16,-6050169906577616784,original,False,False,6286,-0.0009329738010231326,-0.0009329740367258566,-0.0009329738010231326,0.0147407005422504,515003,2.3592240421198924e-10,-4.296768688271961e-16,2.029218570072048e-08,0.00012508651760487742,0,1.4518780506087445e-05,0.0004391931103091452,0.0009292019523895965,0.002090704392876592,0.005807512202434978,0.03629695126521861,0.14518780506087445,4.452895728629913e-09,1.3470009579105488e-07,2.8498532663231443e-07,6.412169849227075e-07,1.7811582914519651e-06,1.1132239321574783e-05,4.452895728629913e-05,4.452895728629913e-09,1.3470009579105488e-07,2.8498532663231443e-07,6.412169849227075e-07,1.7811582914519651e-06,1.1132239321574783e-05,4.452895728629913e-05
17,3176371978044338094,original,False,False,17454,-0.0025874358838508874,-0.002587435946523836,-0.0025874358838508874,0.03946773886134103,595800,6.283212681497988e-11,-3.405069813821605e-15,8.455976843056985e-09,0.00011408563328070648,0,0.00010386796313205294,0.0031420058847446016,0.006647549640451388,0.014956986691015623,0.041547185252821174,0.25966990783013233,1.0386796313205293,2.85723515836329e-09,8.643136354048952e-08,1.8286305013525055e-07,4.1144186280431376e-07,1.142894063345316e-06,7.143087895908224e-06,2.8572351583632898e-05,2.85723515836329e-09,8.643136354048952e-08,1.8286305013525055e-07,4.1144186280431376e-07,1.142894063345316e-06,7.143087895908224e-06,2.8572351583632898e-05
18,5461946332450954582,original,False,False,23342,-0.002507630702260782,-0.0025076308106954073,-0.002507630702260782,0.03895236402876366,595578,1.0872688105044095e-10,1.965811677417047e-14,1.235513711856979e-08,9.453765167268175e-05,0,0.00010126760307338315,0.00306334499296984,0.0064811265966965214,0.014582534842567173,0.04050704122935326,0.25316900768345785,1.0126760307338314,2.2740365233225363e-09,6.878960483050673e-08,1.4553833749264232e-07,3.2746125935844524e-07,9.096146093290145e-07,5.685091308306341e-06,2.2740365233225363e-05,2.2740365233225363e-09,6.878960483050673e-08,1.4553833749264232e-07,3.2746125935844524e-07,9.096146093290145e-07,5.685091308306341e-06,2.2740365233225363e-05
19,3897627953952523671,original,False,False,28026,-0.0025255899251922205,-0.002525589954964526,-0.0025255899251922205,0.03807991284630435,595112,2.985706554527854e-11,9.37689005837276e-15,-2.0228550754571983e-08,0.00020154762271739994,0,9.667910467399731e-05,0.0029245429163884187,0.006187462699135828,0.013921791073055613,0.03867164186959892,0.24169776168499327,0.9667910467399731,4.902777085126117e-09,1.4830900682506505e-07,3.137777334480715e-07,7.059999002581609e-07,1.961110834050447e-06,1.2256942712815294e-05,4.9027770851261176e-05,4.9101779688028785e-09,1.4853288355628708e-07,3.142513900033842e-07,7.070656275076145e-07,1.9640711875211516e-06,1.2275444922007196e-05,4.9101779688028784e-05
20,5415999681884964950,original,False,False,34512,-0.002501180403918434,-0.0025011803971278514,-0.002501180403918434,0.040089130825781825,594610,-6.8169835467280095e-12,-9.374211297962216e-15,-1.2669689889646087e-08,0.00012430756096285694,0,0.00010753420326331936,0.003252909648715411,0.006882189008852439,0.015484925269917987,0.04301368130532775,0.2688355081582984,1.0753420326331935,2.735184432785364e-09,8.273932909175727e-08,1.750518036982633e-07,3.9386655832109243e-07,1.0940737731141456e-06,6.83796108196341e-06,2.735184432785364e-05,2.735184432785364e-09,8.273932909175727e-08,1.750518036982633e-07,3.9386655832109243e-07,1.0940737731141456e-06,6.83796108196341e-06,2.735184432785364e-05
21,3924107200927265326,original,False,False,62591,-0.002496540395057879,-0.0024965403589719696,-0.002496540395057879,0.044071840821258354,594208,-3.616931456017542e-11,6.9105281960665985e-15,7.507253296651562e-09,0.00018138839907939677,0,0.00013198034715047283,0.003992405501301803,0.008446742217630261,0.019005169989668086,0.05279213886018913,0.32995086787618205,1.3198034715047282,6.878739072362392e-09,2.0808185693896236e-07,4.402393006311931e-07,9.905384264201844e-07,2.751495628944957e-06,1.719684768090598e-05,6.878739072362392e-05,6.878169821206394e-09,2.080646370914934e-07,4.402028685572092e-07,9.904564542537208e-07,2.7512679284825576e-06,1.7195424553015984e-05,6.878169821206393e-05
22,2005056965311648235,original,False,False,107574,-0.00255081719377272,-0.0025508172744275713,-0.00255081719377272,0.05001025441192699,593767,8.087480044911047e-11,1.368730552205862e-14,-5.978576715635709e-09,0.0002096521569516164,0,0.00017495354053806062,0.0052923446012763335,0.01119702659443588,0.025193309837480728,0.06998141621522425,0.43738385134515156,1.7495354053806063,5.1540441770032724e-09,1.55909836354349e-07,3.2985882732820944e-07,7.421823614884712e-07,2.061617670801309e-06,1.2885110442508181e-05,5.1540441770032724e-05,5.155516017589809e-09,1.5595435953209172e-07,3.299530251257478e-07,7.423943065329326e-07,2.0622064070359235e-06,1.2888790043974522e-05,5.155516017589809e-05
23,7898529154250901079,original,False,False,349276,-0.0025723687338903693,-0.0025723686962120435,-0.0025723687338903693,0.038522351405960324,593350,-3.778228479284796e-11,-6.7864214989110864e-15,-2.4945808210351535e-09,0.00011232234632574744,0,9.893695812986454e-05,0.0029928429834284024,0.006331965320311331,0.014246921970700493,0.039574783251945814,0.24734239532466135,0.9893695812986454,3.540098117941578e-09,1.0708796806773274e-07,2.26566279548261e-07,5.097741289835873e-07,1.4160392471766312e-06,8.850245294853944e-06,3.540098117941578e-05,3.5407712743543437e-09,1.0710833104921889e-07,2.26609361558678e-07,5.098710635070255e-07,1.4163085097417376e-06,8.85192818588586e-06,3.540771274354344e-05
24,-1894673838096942278,original,False,False,14613,-0.00253441439906521,-0.0025344143765176903,-0.00253441439906521,0.03822315727115558,593682,-2.2642189199304712e-11,-3.7379340893701655e-14,2.9512582061777676e-08,0.0001458716330467524,0,9.74048140905909e-05,0.0029464956262403746,0.006233908101797817,0.014026293229045089,0.03896192563623636,0.24351203522647724,0.974048140905909,3.823101362390672e-09,1.1564881621231783e-07,2.4467848719300303e-07,5.505265961842569e-07,1.5292405449562689e-06,9.557753405976681e-06,3.8231013623906725e-05,3.8172328474506824e-09,1.1547129363538315e-07,2.443029022368437e-07,5.496815300328983e-07,1.526893138980273e-06,9.543082118626706e-06,3.8172328474506824e-05
25,-2583830201388198971,original,False,False,19128,-0.0025838449060715104,-0.0025838448927701344,-0.0025838449060715104,0.04015055187510745,593270,-1.3332835024058991e-11,2.9986791043943254e-15,-1.0733967398408018e-09,0.0001470302057990552,0,0.00010760862953249755,0.0032551610433580506,0.006886952290079843,0.015495642652679647,0.04304345181299902,0.26902157383124387,1.0760862953249755,3.369916356883374e-09,1.0193996979572207e-07,2.1567464684053593e-07,4.852679553912058e-07,1.3479665427533496e-06,8.424790892208435e-06,3.369916356883374e-05,3.369916356883374e-09,1.0193996979572207e-07,2.1567464684053593e-07,4.852679553912058e-07,1.3479665427533496e-06,8.424790892208435e-06,3.369916356883374e-05
26,5161845493166695895,original,False,False,24560,-0.002572572766410298,-0.0025725727454467494,-0.002572572766410298,0.03865868455665943,592767,-2.100541887024329e-11,1.2199219509084424e-14,-3.4837561712182696e-09,0.00021702356886287716,0,9.96362050337674e-05,0.0030139952022714637,0.006376717122161113,0.014347613524862505,0.039854482013506956,0.2490905125844185,0.996362050337674,5.1350591825392504e-09,1.5533554027181232e-07,3.2864378768251203e-07,7.39448522285652e-07,2.0540236730157e-06,1.2837647956348127e-05,5.135059182539251e-05,5.1350591825392504e-09,1.5533554027181232e-07,3.2864378768251203e-07,7.39448522285652e-07,2.0540236730157e-06,1.2837647956348127e-05,5.135059182539251e-05
27,6580866740621546209,original,False,False,33134,-0.0026155544317920222,-0.002615554545233775,-0.0026155544317920222,0.03995917928097769,592288,1.1374426156190293e-10,5.01765635982177e-15,2.092810518830612e-08,0.00020943284939119313,0,0.00010649613666483583,0.003221508134111284,0.006815752746549493,0.015335443679736358,0.04259845466593433,0.26624034166208954,1.0649613666483582,4.754516440704542e-09,1.438241223313124e-07,3.042890522050907e-07,6.846503674614541e-07,1.9018065762818168e-06,1.1886291101761355e-05,4.754516440704542e-05,4.754516440704542e-09,1.438241223313124e-07,3.042890522050907e-07,6.846503674614541e-07,1.9018065762818168e-06,1.1886291101761355e-05,4.754516440704542e-05
28,7971760071301835655,original,False,False,48338,-0.002608421064792833,-0.0026084212103672797,-0.002608421064792833,0.041562821624603306,591843,1.4594945592762668e-10,-5.702826875156615e-15,-2.5349724378498453e-08,0.00014362572343302126,0,0.00011548886557176406,0.003493538183545863,0.0073912873965929,0.016630396642334025,0.04619554622870562,0.28872216392941014,1.1548886557176405,4.453329118664692e-09,1.3471320583960693e-07,2.850130635945403e-07,6.412793930877157e-07,1.7813316474658767e-06,1.113332279666173e-05,4.453329118664692e-05,4.453329118664692e-09,1.3471320583960693e-07,2.850130635945403e-07,6.412793930877157e-07,1.7813316474658767e-06,1.113332279666173e-05,4.453329118664692e-05
29,5694905445954343213,original,False,False,11191,-0.0025663146208294236,-0.0025663145467841987,-0.0025663146208294236,0.03850841896185568,592404,-7.422024436476456e-11,1.549285848437293e-14,-2.460750111224988e-09,8.477470495926033e-05,0,9.88612041577327e-05,0.002990551425771414,0.006327117066094893,0.014236013398713509,0.03954448166309308,0.24715301039433174,0.988612041577327,1.6531480332721004e-09,5.000772800648104e-08,1.0580147412941443e-07,2.3805331679118246e-07,6.612592133088402e-07,4.132870083180251e-06,1.6531480332721004e-05,1.6531480332721004e-09,5.000772800648104e-08,1.0580147412941443e-07,2.3805331679118246e-07,6.612592133088402e-07,4.132870083180251e-06,1.6531480332721004e-05
30,1692951192463016022,original,False,False,11983,-0.002625827206995172,-0.002625827150300929,-0.002625827206995172,0.03797711715910964,591855,-5.684048628984542e-11,3.0180122820990412e-15,-3.228660027023528e-09,0.00022181291180405565,0,9.627956258539153e-05,0.002912456768208094,0.006161892005465058,0.01386425701229638,0.03851182503415661,0.2406989064634788,0.9627956258539152,5.931812898721174e-09,1.7943734018631552e-07,3.7963602551815516e-07,8.541810574158491e-07,2.3727251594884696e-06,1.4829532246802936e-05,5.9318128987211744e-05,5.966905542164985e-09,1.804988926504908e-07,3.8188195469855905e-07,8.592343980717579e-07,2.386762216865994e-06,1.4917263855412464e-05,5.9669055421649855e-05
31,3308213848688847356,original,False,False,13094,-0.002688055634169224,-0.0026880558989531757,-0.002688055634169224,0.03757536488592583,591490,2.6549334935246747e-10,-4.274752904739764e-15,-7.111118520565728e-09,0.00010088771002436306,0,9.457398441560824e-05,0.0028608630285721494,0.006052735002598927,0.013618653755847586,0.03782959376624329,0.2364349610390206,0.9457398441560824,2.9783460825563095e-09,9.009496899732836e-08,1.906141492836038e-07,4.288818358881086e-07,1.1913384330225238e-06,7.445865206390774e-06,2.9783460825563096e-05,2.9783460825563095e-09,9.009496899732836e-08,1.906141492836038e-07,4.288818358881086e-07,1.1913384330225238e-06,7.445865206390774e-06,2.9783460825563096e-05
32,-6432567624025632805,original,False,False,14672,-0.002700933345632766,-0.002700933458097304,-0.002700933345632766,0.038200258464636906,590969,1.1278829004714055e-10,1.9170116660743236e-14,-3.032714975369819e-09,0.00019673266508836223,0,9.756822481704321e-05,0.002951438800715557,0.006244366388290765,0.014049824373654221,0.03902728992681728,0.243920562042608,0.975682248170432,7.523584784022833e-09,2.275884397166907e-07,4.815094261774613e-07,1.083396208899288e-06,3.009433913609133e-06,1.8808961960057082e-05,7.523584784022833e-05,7.519176061676622e-09,2.2745507586571783e-07,4.812272679473038e-07,1.0827613528814335e-06,3.007670424670649e-06,1.8797940154191555e-05,7.519176061676622e-05
33,-5618127328813921170,original,False,False,19760,-0.002724731851371922,-0.002724731937126869,-0.002724731851371922,0.04020060426787125,590590,8.59809313274957e-11,-8.31345475359089e-15,5.7807049568823786e-08,9.069830109899715e-05,0,0.00010776373283541883,0.0032598529182714196,0.006896878901466805,0.015517977528300312,0.04310549313416753,0.26940933208854706,1.0776373283541882,2.50380777076267e-09,7.574018506557076e-08,1.6024369732881089e-07,3.605483189898245e-07,1.001523108305068e-06,6.259519426906675e-06,2.50380777076267e-05,2.50189111893723e-09,7.568220634785121e-08,1.6012103161198272e-07,3.602723211269611e-07,1.000756447574892e-06,6.254727797343075e-06,2.50189111893723e-05
34,9106676396349373387,original,False,False,25704,-0.002744610441627186,-0.0027446102683308152,-0.002744610441627186,0.0382067696482223,590257,-1.7377011869063655e-10,3.19230890161402e-15,-1.2394927407526693e-08,0.00011659143248875073,0,9.780151023916122e-05,0.002958495684734627,0.006259296655306318,0.014083417474439216,0.03912060409566449,0.24450377559790304,0.9780151023916122,4.0784173888318376e-09,1.2337212601216308e-07,2.610187128852376e-07,5.872921039917846e-07,1.631366955532735e-06,1.0196043472079594e-05,4.078417388831838e-05,4.072171754910463e-09,1.231831955860415e-07,2.606189923142696e-07,5.863927327071066e-07,1.628868701964185e-06,1.0180429387276156e-05,4.0721717549104626e-05
35,6942317604876178501,original,False,False,31090,-0.002787488450963503,-0.0027874884956623934,-0.002787488450963503,0.040013172834096736,589928,4.4817517058618685e-11,-6.319334505926746e-15,-4.9896424078310646e-08,0.00018571284360833907,0,0.0001069480925775813,0.003235179800471834,0.006844677924965203,0.015400525331171706,0.04277923703103252,0.2673702314439532,1.0694809257758129,4.844911300527893e-09,1.4655856684096877e-07,3.1007432323378515e-07,6.976672272760166e-07,1.9379645202111572e-06,1.2112278251319733e-05,4.844911300527893e-05,4.847486342532512e-09,1.4663646186160847e-07,3.1023912592208076e-07,6.980380333246817e-07,1.938994537013005e-06,1.211871585633128e-05,4.847486342532512e-05
36,-8862596661412438840,original,False,False,64701,-0.002786183240425926,-0.002786183343744808,-0.002786183240425926,0.043888285116753245,589609,1.0359089978277727e-10,-1.6651870173530023e-14,-3.9995530139101443e-08,0.00011678958969162201,0,0.00012866753398773032,0.003892192903128842,0.00823472217521474,0.018528124894233167,0.05146701359509213,0.3216688349693258,1.2866753398773032,3.0996673645851446e-09,9.376493777870062e-08,1.9837871133344925e-07,4.463521005002608e-07,1.239866945834058e-06,7.749168411462862e-06,3.099667364585145e-05,3.0996673645851446e-09,9.376493777870062e-08,1.9837871133344925e-07,4.463521005002608e-07,1.239866945834058e-06,7.749168411462862e-06,3.099667364585145e-05
37,1872795003767682091,original,False,False,90146,-0.0027861928873657237,-0.0027861929971100207,-0.0027861928873657237,0.0469640994906485,589254,1.1003960752308974e-10,-1.1312422010785848e-14,-4.5067504967305046e-08,0.00011414447461956085,0,0.00014866392498206248,0.00449708373070739,0.009514491198851999,0.021407605197417,0.05946556999282499,0.3716598124551562,1.486639249820625,3.19646339493113e-09,9.669301769666668e-08,2.0457365727559232e-07,4.602907288700827e-07,1.2785853579724521e-06,7.991158487327825e-06,3.19646339493113e-05,3.195473611022753e-09,9.666307673343828e-08,2.045103111054562e-07,4.6014819998727644e-07,1.2781894444091012e-06,7.988684027556884e-06,3.1954736110227534e-05
38,1773073549042782085,original,False,False,267722,-0.002818977658620983,-0.002818977619835164,-0.002818977658620983,0.04228239117725317,588863,-3.8888695556224604e-11,6.769070909259818e-15,-4.04340200096999e-08,0.00012886967470659413,0,0.00011919801278036515,0.0036057398866060457,0.00762867281794337,0.017164513840372583,0.04767920511214606,0.29799503195091287,1.1919801278036515,1.884709310394585e-09,5.701245663943619e-08,1.2062139586525343e-07,2.713981406968202e-07,7.538837241578339e-07,4.711773275986462e-06,1.884709310394585e-05,1.8887203522382165e-09,5.713379065520605e-08,1.2087810254324586e-07,2.7197573072230316e-07,7.554881408952866e-07,4.721800880595541e-06,1.8887203522382165e-05
39,4526166906012282524,original,False,False,16193,-0.002811965360472972,-0.0028119655178240033,-0.002811965360472972,0.03917804287713281,589225,1.5780225020536776e-10,7.50509129657188e-15,1.6060061553806273e-08,0.00012468666203187842,0,0.0001027563214619259,0.0031083787242232584,0.006576404573563258,0.01479691029051733,0.04110252858477036,0.25689080365481476,1.027563214619259,1.6729127425412862e-09,5.060561046187391e-08,1.0706641552264231e-07,2.408994349259452e-07,6.691650970165145e-07,4.182281856353215e-06,1.672912742541286e-05,1.6729127425412862e-09,5.060561046187391e-08,1.0706641552264231e-07,2.408994349259452e-07,6.691650970165145e-07,4.182281856353215e-06,1.672912742541286e-05
40,-7672600518357126720,original,False,False,23762,-0.002785012841305725,-0.0027850127652627246,-0.002785012841305725,0.04045813106530698,588929,-7.625056700369386e-11,4.8052751232463685e-15,-5.88872684502704e-09,0.00012849596691628462,0,0.00010923854837873676,0.003304466088456787,0.006991267096239153,0.015730350966538093,0.04369541935149471,0.2730963709468419,1.0923854837873677,2.5028932334451166e-09,7.571252031171477e-08,1.6018516694048746e-07,3.604166256160968e-07,1.0011572933780467e-06,6.257233083612792e-06,2.5028932334451167e-05,2.5028932334451166e-09,7.571252031171477e-08,1.6018516694048746e-07,3.604166256160968e-07,1.0011572933780467e-06,6.257233083612792e-06,2.5028932334451167e-05
41,3112056692470282087,original,False,False,26489,-0.0027782226938907273,-0.0027782225206143814,-0.0027782226938907273,0.03866950597520429,588470,-1.7376157025373943e-10,-2.4826503520640843e-15,2.808275709863524e-08,0.00017515275720579886,0,0.00010030581428706492,0.0030342508821837137,0.006419572114372155,0.01444403725733735,0.04012232571482597,0.25076453571766233,1.0030581428706493,4.9130310062966385e-09,1.486191879404733e-07,3.1443398440298486e-07,7.074764649067159e-07,1.9652124025186554e-06,1.2282577515741596e-05,4.913031006296638e-05,4.9130310062966385e-09,1.486191879404733e-07,3.1443398440298486e-07,7.074764649067159e-07,1.9652124025186554e-06,1.2282577515741596e-05,4.913031006296638e-05
42,-5008805154614134207,original,False,False,34712,-0.002771409435138173,-0.002771409565999165,-0.002771409435138173,0.039352034777008424,587955,1.312182093273461e-10,-6.459948051020277e-15,5.264563768707014e-08,0.00021071208479756174,0,0.00010353995625916808,0.0031320836768398345,0.006626557200586757,0.014909753701320205,0.04141598250366723,0.2588498906479202,1.0353995625916808,5.649706898406607e-09,1.7090363367679986e-07,3.6158124149802286e-07,8.135577933705514e-07,2.2598827593626427e-06,1.4124267246016518e-05,5.649706898406607e-05,5.63987463394903e-09,1.7060620767695815e-07,3.6095197657273793e-07,8.121419472886604e-07,2.255949853579612e-06,1.4099686584872576e-05,5.63987463394903e-05
43,5226139379511081110,original,False,False,73809,-0.0027664951703639763,-0.0027664952764447043,-0.0027664951703639763,0.04392669266144289,587252,1.0635100919132797e-10,-2.400469685267225e-14,-1.5170604109125485e-08,0.00018834907444615156,0,0.00012902200279325961,0.0039029155844961033,0.008257408178768615,0.018579168402229385,0.05160880111730384,0.32255500698314904,1.2902200279325962,5.422210699257188e-09,1.6402187365252994e-07,3.4702148475246005e-07,7.807983406930351e-07,2.1688842797028755e-06,1.355552674814297e-05,5.422210699257188e-05,5.425033926101484e-09,1.641072762645699e-07,3.4720217127049497e-07,7.812048853586137e-07,2.1700135704405934e-06,1.356258481525371e-05,5.425033926101484e-05
44,-5081789286743461712,original,False,False,398394,-0.0027658760256723766,-0.0027658760752205733,-0.0027658760256723766,0.0410815834538118,586582,4.970636481652848e-11,2.07436729376432e-14,-3.320220899103415e-08,0.0002138577778913452,0,0.00011252630778438157,0.0034039208104775427,0.007201683698200421,0.016203788320950947,0.04501052311375263,0.28131576946095393,1.1252630778438157,6.704863035803468e-09,2.028221068330549e-07,4.2911123429142194e-07,9.655002771556994e-07,2.681945214321387e-06,1.676215758950867e-05,6.704863035803468e-05,6.705972389870807e-09,2.0285566479359192e-07,4.2918223295173165e-07,9.656600241413962e-07,2.6823889559483226e-06,1.676493097467702e-05,6.705972389870808e-05
45,-1012192508886407582,original,False,False,26741,-0.0027097152286162315,-0.002709715283652567,-0.0027097152286162315,0.04098080482247724,585980,5.518047251642394e-11,-5.401181792659057e-15,-4.400767492642309e-08,0.00024230763669479084,0,0.00011196898512385789,0.003387061799996701,0.007166015047926905,0.016123533857835538,0.044787594049543154,0.2799224628096447,1.119689851238579,8.883551899607938e-09,2.6872744496314014e-07,5.68547321574908e-07,1.279231473543543e-06,3.553420759843175e-06,2.2208879749019844e-05,8.883551899607937e-05,8.884312395775239e-09,2.6875044997220097e-07,5.685959933296153e-07,1.2793409849916344e-06,3.5537249583100954e-06,2.2210780989438098e-05,8.884312395775239e-05
46,2492132262126835678,original,False,False,8821,-0.0026862027102880566,-0.002686202489264947,-0.0026862027102880566,0.04087711907670816,585258,-2.216247655308656e-10,-6.3442563906056244e-15,1.7266413833118002e-08,0.00018022233154416415,0,0.00011141439368701375,0.003370285409032166,0.00713052119596888,0.01604367269092998,0.0445657574748055,0.2785359842175344,1.1141439368701376,5.0332350518563264e-09,1.5225536031865387e-07,3.221270433188049e-07,7.24785847467311e-07,2.0132940207425304e-06,1.2583087629640816e-05,5.033235051856326e-05,5.0332350518563264e-09,1.5225536031865387e-07,3.221270433188049e-07,7.24785847467311e-07,2.0132940207425304e-06,1.2583087629640816e-05,5.033235051856326e-05
47,-6773800051858618530,original,False,False,5309,-0.002690619370010857,-0.002690619317282428,-0.002690619370010857,0.0404840980675483,584576,-5.28654703929105e-11,5.213579905695672e-15,-5.552001456125204e-09,0.0002323372304087386,0,0.00010927831964030045,0.0033056691691190888,0.006993812456979229,0.015736078028203267,0.04371132785612018,0.27319579910075115,1.0927831964030046,6.799328028258995e-09,2.056796728548346e-07,4.351569938085757e-07,9.791032360692953e-07,2.719731211303598e-06,1.699832007064749e-05,6.799328028258995e-05,6.799328028258995e-09,2.056796728548346e-07,4.351569938085757e-07,9.791032360692953e-07,2.719731211303598e-06,1.699832007064749e-05,6.799328028258995e-05
48,5907254707152864449,original,False,False,32872,-0.002654234299148834,-0.002654234389434695,-0.002654234299148834,0.03806770479130636,585335,9.051822833823416e-11,-7.910545877549311e-15,3.0978285380081705e-08,0.0002531304150642117,0,9.679800576421837e-05,0.0029281396743676058,0.006195072368909976,0.013938912830047445,0.03871920230568735,0.24199501441054594,0.9679800576421838,8.684392954664793e-09,2.6270288687861e-07,5.558011490985468e-07,1.2505525854717302e-06,3.4737571818659172e-06,2.1710982386661982e-05,8.684392954664793e-05,8.684392954664793e-09,2.6270288687861e-07,5.558011490985468e-07,1.2505525854717302e-06,3.4737571818659172e-06,2.1710982386661982e-05,8.684392954664793e-05
49,1151654211523979201,original,False,False,44003,-0.002625650360903962,-0.0026256504795463416,-0.002625650360903962,0.03855998197298084,584709,1.1895424956303388e-10,-4.635611115611233e-16,3.6018712558105185e-08,0.00013202351923861501,0,9.917783051678993e-05,0.0030001293731328955,0.006347381153074556,0.01428160759441775,0.039671132206715976,0.24794457629197483,0.9917783051678993,3.0230414955844652e-09,9.144700524143007e-08,1.9347465571740577e-07,4.35317975364163e-07,1.209216598233786e-06,7.557603738961163e-06,3.0230414955844652e-05,3.0197937644812085e-09,9.134876137555655e-08,1.9326680092679735e-07,4.3485030208529404e-07,1.2079175057924834e-06,7.549484411203022e-06,3.0197937644812087e-05
50,8700704823050918063,original,False,False,76589,-0.0026166809524842552,-0.0026166808253984108,-0.0026166809524842552,0.0424031830153916,583787,-1.2741953740648074e-10,-2.77081554363867e-16,-6.0454058249768435e-09,0.00016696469135760983,0,0.00012048931552697142,0.003644801794690885,0.007711316193726171,0.017350461435883886,0.04819572621078857,0.30122328881742855,1.2048931552697142,6.43192993502122e-09,1.945658805343919e-07,4.116435158413581e-07,9.261979106430557e-07,2.572771974008488e-06,1.607982483755305e-05,6.43192993502122e-05,6.429991371934057e-09,1.9450723900100522e-07,4.1151944780377966e-07,9.259187575585043e-07,2.571996548773623e-06,1.6074978429835144e-05,6.429991371934058e-05
51,-1332058827206336129,original,False,False,185080,-0.0025889714444715384,-0.0025889714834452333,-0.0025889714444715384,0.03833137257751307,582899,3.90776002290374e-11,2.741386078769848e-15,-4.169396280180348e-08,0.0001827755961452253,0,9.796473848295029e-05,0.002963433339109246,0.006269743262908818,0.014106922341544842,0.03918589539318011,0.24491184620737572,0.9796473848295029,4.473874018910701e-09,1.353346890720487e-07,2.8632793721028485e-07,6.44237858723141e-07,1.7895496075642803e-06,1.1184685047276751e-05,4.4738740189107006e-05,4.473601133947492e-09,1.3532643430191162e-07,2.863104725726395e-07,6.441985632884388e-07,1.7894404535789966e-06,1.118400283486873e-05,4.473601133947492e-05
52,-6633315965868948702,original,False,False,7998,-0.0025089392321197986,-0.002508939166991329,-0.0025089392321197986,0.037321942073060436,581801,-6.529543715087628e-11,-3.1531849367746507e-15,-8.51235368929535e-09,0.0002442862937478998,0,9.286903982886255e-05,0.002809288454823092,0.005943618549047203,0.013373141735356206,0.03714761593154502,0.23217259957215636,0.9286903982886254,9.248406961241455e-09,2.79764310577554e-07,5.918980455194531e-07,1.3317706024187695e-06,3.699362784496582e-06,2.3121017403103638e-05,9.248406961241455e-05,9.248406961241455e-09,2.79764310577554e-07,5.918980455194531e-07,1.3317706024187695e-06,3.699362784496582e-06,2.3121017403103638e-05,9.248406961241455e-05
53,1786736971323122058,original,False,False,28114,-0.002497061040687079,-0.002497060931081235,-0.002497061040687079,0.03834031754530998,582977,-1.098947632213705e-10,-1.454095699780904e-14,-9.325733755162162e-09,0.00013435376214149104,0,9.804862152142674e-05,0.002965970801023159,0.006275111777371311,0.01411900149908545,0.0392194486085707,0.24512155380356684,0.9804862152142674,3.733398612282644e-09,1.1293530802154999e-07,2.3893751118608924e-07,5.376094001687007e-07,1.4933594449130577e-06,9.333496530706611e-06,3.7333986122826446e-05,3.733398612282644e-09,1.1293530802154999e-07,2.3893751118608924e-07,5.376094001687007e-07,1.4933594449130577e-06,9.333496530706611e-06,3.7333986122826446e-05
54,-3450433820142257983,original,False,False,30600,-0.002455556288096738,-0.0024555564432470547,-0.002455556288096738,0.03759369651921533,581982,1.555385841361649e-10,6.348977673568491e-15,2.203037016192416e-08,0.00023905581750224063,0,9.425670920268884e-05,0.0028512654533813376,0.006032429388972086,0.013572966125187193,0.03770268368107554,0.23564177300672212,0.9425670920268885,5.872947005564032e-09,1.77656646918312e-07,3.758686083560981e-07,8.457043688012207e-07,2.349178802225613e-06,1.4682367513910081e-05,5.8729470055640326e-05,5.872947005564032e-09,1.77656646918312e-07,3.758686083560981e-07,8.457043688012207e-07,2.349178802225613e-06,1.4682367513910081e-05,5.8729470055640326e-05
55,-5737400338547564217,original,False,False,45334,-0.00244203024169667,-0.002442030241801632,-0.00244203024169667,0.03715260542306658,580853,1.010003684994987e-13,-4.21824651482092e-15,-2.5177166880473187e-08,0.00021447288626819469,0,9.205200373112791e-05,0.002784573112866619,0.005891328238792186,0.01325548853728242,0.03682080149245116,0.23013000932781977,0.9205200373112791,4.149759315310415e-09,1.2553021928814005e-07,2.6558459617986657e-07,5.975653414046998e-07,1.659903726124166e-06,1.0374398288276039e-05,4.1497593153104154e-05,4.148815327691706e-09,1.255016636626741e-07,2.655241809722692e-07,5.974294071876057e-07,1.6595261310766823e-06,1.0372038319229264e-05,4.148815327691706e-05
56,3204456359059144526,original,False,False,86037,-0.0024048635213598005,-0.0024048634345684478,-0.0024048635213598005,0.04150904211804998,579749,-8.70094162886229e-11,-8.838892132143744e-15,2.3226270040334454e-08,0.0002200241990189638,0,0.00011659348319398886,0.003526952866618163,0.007461982924415287,0.016789461579934398,0.04663739327759554,0.29148370798497214,1.1659348319398886,9.138027395244086e-09,2.764253287061336e-07,5.848337532956215e-07,1.3158759449151483e-06,3.6552109580976344e-06,2.2845068488110215e-05,9.138027395244086e-05,9.136625074238226e-09,2.7638290849570634e-07,5.847440047512465e-07,1.3156740106903047e-06,3.6546500296952906e-06,2.2841562685595567e-05,9.136625074238227e-05
57,-5963460109972533451,original,False,False,229538,-0.0023600886277465043,-0.0023600888017748386,-0.0023600886277465043,0.03504024012118045,578551,1.7443416207015466e-10,-5.8661843708906265e-15,2.2336858715498982e-08,0.00016250908724190375,0,8.187185948192685e-05,0.002476623749328287,0.005239799006843318,0.011789547765397467,0.03274874379277074,0.2046796487048171,0.8187185948192685,3.2168923852070766e-09,9.731099465251406e-08,2.058811126532529e-07,4.6323250346981903e-07,1.2867569540828307e-06,8.042230963017692e-06,3.2168923852070766e-05,3.216186941082662e-09,9.728965496775052e-08,2.0583596422929036e-07,4.631309195159033e-07,1.2864747764330647e-06,8.040467352706654e-06,3.2161869410826615e-05
58,1447113914755636717,original,False,False,7713,-0.0022821519492003317,-0.002282152067725071,-0.0022821519492003317,0.034439364250352336,577141,1.188010037178455e-10,5.1542901587470865e-15,2.9350529214194556e-08,0.0001353028126160137,0,7.907508766713364e-05,0.0023920214019307927,0.005060805610696553,0.011386812624067244,0.031630035066853454,0.1976877191678341,0.7907508766713364,3.869007563735443e-09,1.1703747880299715e-07,2.4761648407906835e-07,5.571370891779038e-07,1.547603025494177e-06,9.672518909338607e-06,3.869007563735443e-05,3.867693808709964e-09,1.1699773771347642e-07,2.475324037574377e-07,5.569479084542348e-07,1.5470775234839856e-06,9.66923452177491e-06,3.867693808709964e-05
59,7887518109891382171,original,False,False,15675,-0.0026905093064976474,-0.00269050930457314,-0.0026905093064976474,0.038850922957309277,591402,-1.9389299977182103e-12,-9.230972004605823e-15,-2.7078219592538715e-08,0.00019995485190318313,0,0.00010074466032599572,0.0030475259748613706,0.006447658260863726,0.014507231086943384,0.040297864130398285,0.2518616508149893,1.0074466032599572,4.908078423327734e-09,1.4846937230566397e-07,3.14117019092975e-07,7.067632929591938e-07,1.9632313693310936e-06,1.2270196058319335e-05,4.908078423327734e-05,4.908078423327734e-09,1.4846937230566397e-07,3.14117019092975e-07,7.067632929591938e-07,1.9632313693310936e-06,1.2270196058319335e-05,4.908078423327734e-05
60,4540007197908059021,original,False,False,22172,-0.00270585034461136,-0.0027058503599765083,-0.00270585034461136,0.0404072993862539,590922,1.5393637315803235e-11,-1.3199692250874325e-14,1.9549928327083778e-08,0.00015018967831868628,0,0.00010885297366898396,0.0032928024534867647,0.0069665903148149735,0.01567482820833369,0.04354118946759358,0.2721324341724599,1.0885297366898397,4.732750760606144e-09,1.4316571050833584e-07,3.028960486787932e-07,6.815161095272847e-07,1.8931003042424574e-06,1.1831876901515359e-05,4.7327507606061435e-05,4.732750760606144e-09,1.4316571050833584e-07,3.028960486787932e-07,6.815161095272847e-07,1.8931003042424574e-06,1.1831876901515359e-05,4.7327507606061435e-05
61,-5634044523690773161,original,False,False,26893,-0.002723839012728312,-0.0027238390803698592,-0.002723839012728312,0.03816168510122404,590550,6.782001653713837e-11,-6.2785917252118894e-15,-5.460941525772753e-08,0.00013177445641343385,0,9.746676487096723e-05,0.0029483696373467584,0.0062378729517419025,0.01403521414141928,0.03898670594838689,0.24366691217741807,0.9746676487096723,3.060827813264225e-09,9.25900413512428e-08,1.958929800489104e-07,4.4075920511004844e-07,1.22433112530569e-06,7.652069533160563e-06,3.060827813264225e-05,3.060827813264225e-09,9.25900413512428e-08,1.958929800489104e-07,4.4075920511004844e-07,1.22433112530569e-06,7.652069533160563e-06,3.060827813264225e-05
62,-5361908292504102697,original,False,False,36222,-0.00274358920815755,-0.0027435890615365717,-0.00274358920815755,0.0400472709137512,590261,-1.47024881538139e-10,-5.289006489114908e-16,3.583101490978935e-08,0.0001283540061354482,0,0.0001069906894376906,0.003236468355490141,0.006847404124012199,0.015406659279027447,0.04279627577507624,0.26747672359422653,1.0699068943769061,3.343311092667859e-09,1.0113516055320273e-07,2.1397190993074298e-07,4.814367973441718e-07,1.3373244370671436e-06,8.358277731669648e-06,3.343311092667859e-05,3.340977680078784e-09,1.0106457482238322e-07,2.138225715250422e-07,4.811007859313449e-07,1.3363910720315137e-06,8.35244420019696e-06,3.340977680078784e-05
63,3860639301181423368,original,False,False,63305,-0.002790127299309752,-0.002790127488225253,-0.002790127299309752,0.04392856509648157,589930,1.894350447213164e-10,-9.029076869410012e-15,-1.6148585031577648e-08,0.0001267528207536674,0,0.0001288782141801234,0.0038985659789487325,0.008248205707527897,0.018558462841937767,0.051551285672049356,0.3221955354503085,1.288782141801234,4.766387964902467e-09,1.4418323593829963e-07,3.0504882975375787e-07,6.863598669459552e-07,1.9065551859609867e-06,1.1915969912256167e-05,4.766387964902467e-05,4.766387964902467e-09,1.4418323593829963e-07,3.0504882975375787e-07,6.863598669459552e-07,1.9065551859609867e-06,1.1915969912256167e-05,4.766387964902467e-05
64,4572226950066659782,original,False,False,441969,-0.0027847278071627115,-0.0027847281035948642,-0.0027847278071627115,0.041962270095506675,589625,2.972640961577362e-10,4.155450880438564e-15,1.7811034939148105e-08,0.00021269371605734045,0,0.00011739298893361626,0.003551137915241892,0.007513151291751441,0.016904590406440743,0.046957195573446506,0.2934824723340407,1.1739298893361627,7.763163597649519e-09,2.3483569882889796e-07,4.968424702495692e-07,1.1178955580615307e-06,3.1052654390598076e-06,1.9407908994123796e-05,7.763163597649518e-05,7.761405244657882e-09,2.3478250865090094e-07,4.967299356581045e-07,1.117642355230735e-06,3.1045620978631528e-06,1.9403513111644706e-05,7.761405244657882e-05
65,-2952539761950655948,original,False,False,15324,-0.0027668257673113214,-0.0027668257394966463,-0.0027668257673113214,0.041798410632582064,589232,-2.7879290094634065e-11,1.2556586740135946e-14,1.6899881664767413e-08,0.00013904563974490171,0,0.00011648471336949528,0.003523662579427232,0.007455021655647698,0.01677379872520732,0.04659388534779811,0.2912117834237382,1.1648471336949529,4.612786627866267e-09,1.3953679549295458e-07,2.9521834418344107e-07,6.642412744127424e-07,1.8451146511465066e-06,1.1531966569665667e-05,4.612786627866267e-05,4.612786627866267e-09,1.3953679549295458e-07,2.9521834418344107e-07,6.642412744127424e-07,1.8451146511465066e-06,1.1531966569665667e-05,4.612786627866267e-05
66,-293378061785645824,original,False,False,8321,-0.0027825536814681776,-0.002782553787873199,-0.0027825536814681776,0.04185929123933839,588857,1.0669335802516487e-10,-8.56754761335293e-15,-1.1009184096498368e-08,0.00022715818747539514,0,0.00011682040729308275,0.003533817320615753,0.007476506066757296,0.016822138650203915,0.0467281629172331,0.29205101823270685,1.1682040729308274,7.031113332191242e-09,2.1269117829878507e-07,4.499912532602395e-07,1.0124803198355388e-06,2.812445332876497e-06,1.7577783330478107e-05,7.031113332191243e-05,7.035172148286342e-09,2.1281395748566187e-07,4.502510174903259e-07,1.0130647893532332e-06,2.814068859314537e-06,1.7587930370715855e-05,7.035172148286342e-05
67,7372174496825699567,original,False,False,16601,-0.002807795689331349,-0.002807795757040233,-0.002807795689331349,0.03958692156610902,589435,6.788279050478513e-11,-1.674166069362437e-14,5.974724636659907e-09,0.00012075497929644438,0,0.00010483535366094548,0.0031712694482436007,0.006709462634300511,0.01509629092717615,0.04193414146437819,0.2620883841523637,1.0483535366094547,4.131524409157396e-09,1.249786133770112e-07,2.644175621860733e-07,5.949395149186649e-07,1.6526097636629583e-06,1.032881102289349e-05,4.131524409157396e-05,4.085092267903981e-09,1.2357404110409543e-07,2.614459051458548e-07,5.882532865781734e-07,1.6340369071615926e-06,1.0212730669759953e-05,4.085092267903981e-05
68,4296662172407813850,original,False,False,11237,-0.002798393507246545,-0.002798393565768816,-0.002798393507246545,0.041157933284775225,589787,5.868031455021248e-11,-6.184474820886158e-15,3.7378696992189985e-08,0.00011745313975357487,0,0.00011296308312561763,0.0034171332645499333,0.007229637320039528,0.01626668397008894,0.04518523325024705,0.28240770781404406,1.1296308312561762,2.8756909231923414e-09,8.698965042656833e-08,1.8404421908430985e-07,4.140994929396972e-07,1.1502763692769365e-06,7.189227307980854e-06,2.8756909231923415e-05,2.8756909231923414e-09,8.698965042656833e-08,1.8404421908430985e-07,4.140994929396972e-07,1.1502763692769365e-06,7.189227307980854e-06,2.8756909231923415e-05
69,4330850245530450094,original,False,False,11860,-0.0027963190198255607,-0.002796318959069713,-0.0027963190198255607,0.04099785418370154,589420,-6.090968849496249e-11,1.6528738746178008e-14,3.7401999769513395e-08,0.00019713637380086262,0,0.00011210677410525102,0.0033912299166838434,0.0071748335427360655,0.016143375471156147,0.04484270964210041,0.28026693526312757,1.1210677410525103,4.088185948454067e-09,1.2366762494073552e-07,2.616439007010603e-07,5.886987765773856e-07,1.6352743793816268e-06,1.0220464871135168e-05,4.088185948454067e-05,4.088185948454067e-09,1.2366762494073552e-07,2.616439007010603e-07,5.886987765773856e-07,1.6352743793816268e-06,1.0220464871135168e-05,4.088185948454067e-05
70,-8173602553825402712,original,False,False,12107,-0.002781337598589034,-0.0027813377109152343,-0.002781337598589034,0.039381431958974325,589135,1.126358419193019e-10,-3.647121079501067e-15,-9.51421568497319e-09,0.00011235600820265449,0,0.00010370437597617998,0.003137057373279444,0.006637080062475519,0.014933430140569918,0.04148175039047199,0.25926093994044996,1.0370437597617999,2.786410714207886e-09,8.428892410478856e-08,1.783302857093047e-07,4.012431428459356e-07,1.1145642856831545e-06,6.966026785519716e-06,2.7864107142078863e-05,2.786410714207886e-09,8.428892410478856e-08,1.783302857093047e-07,4.012431428459356e-07,1.1145642856831545e-06,6.966026785519716e-06,2.7864107142078863e-05
71,611921118802399641,original,False,False,13361,-0.0027872781440881154,-0.002787278179700136,-0.0027872781440881154,0.03824763589877792,588765,3.572047666097498e-11,8.917636492110239e-15,2.0694269356385873e-08,0.00014995761451642078,0,9.828287977698395e-05,0.0029730571132537643,0.006290104305726973,0.01415273468788569,0.03931315191079358,0.24570719944245986,0.9828287977698394,3.1366987700256544e-09,9.488513779327604e-08,2.0074872128164188e-07,4.5168462288369424e-07,1.2546795080102618e-06,7.841746925064135e-06,3.136698770025654e-05,3.128842029426464e-09,9.464747139015054e-08,2.0024588988329369e-07,4.505532522374108e-07,1.2515368117705855e-06,7.82210507356616e-06,3.128842029426464e-05
72,-2524093064257970787,original,False,False,15456,-0.0027503811359269074,-0.0027503812753640186,-0.0027503811359269074,0.038364510119991015,588208,1.3981696006416649e-10,-4.713967907043649e-15,5.127566738567626e-08,0.0001334919832348645,0,9.865165991052975e-05,0.002984212712293525,0.006313706234273904,0.014205839027116283,0.0394606639642119,0.24662914977632436,0.9865165991052974,3.3910928319658606e-09,1.0258055816696729e-07,2.1702994124581508e-07,4.88317367803084e-07,1.3564371327863442e-06,8.477732079914651e-06,3.3910928319658604e-05,3.3910928319658606e-09,1.0258055816696729e-07,2.1702994124581508e-07,4.88317367803084e-07,1.3564371327863442e-06,8.477732079914651e-06,3.3910928319658604e-05
73,7228232495596824406,original,False,False,23547,-0.002759712571578193,-0.002759712434703532,-0.002759712571578193,0.03972205080160781,587608,-1.3725254635411897e-10,8.945246065426277e-16,2.4675210385139222e-08,0.00012449315934117222,0,0.00010532767980018314,0.0031861623139555397,0.006740971507211721,0.015167185891226372,0.04213107192007325,0.26331919950045785,1.0532767980018314,3.3721412214866954e-09,1.0200727194997254e-07,2.158170381751485e-07,4.855883358940841e-07,1.3488564885946782e-06,8.430353053716739e-06,3.3721412214866954e-05,3.398198091291204e-09,1.0279549226155893e-07,2.1748467784263707e-07,4.893405251459334e-07,1.3592792365164816e-06,8.49549522822801e-06,3.398198091291204e-05
74,93038011929850331,original,False,False,26458,-0.002736271888249166,-0.0027362718880802545,-0.002736271888249166,0.03855296567888851,586924,-1.537298952271157e-13,1.56452027151399e-14,-5.3710377980309314e-08,0.0002257264666986721,0,9.943372046674427e-05,0.003007870044119014,0.006363758109871633,0.014318455747211176,0.03977348818669771,0.24858430116686067,0.9943372046674427,5.581472799268343e-09,1.6883955217786737e-07,3.5721425915317394e-07,8.037320830946414e-07,2.2325891197073374e-06,1.3953681998170857e-05,5.581472799268343e-05,5.586593078276645e-09,1.689944406178685e-07,3.5754195700970527e-07,8.044694032718369e-07,2.234637231310658e-06,1.3966482695691612e-05,5.586593078276645e-05
75,3823406381110902376,original,False,False,43365,-0.002704170227320094,-0.002704170279804315,-0.002704170227320094,0.03942567567433197,586249,5.262964856384947e-11,3.1167135789947177e-15,4.267798746185104e-08,0.00011101150991295714,0,0.00010372916991553108,0.003137807389944815,0.006638666874593989,0.014937000467836475,0.04149166796621243,0.2593229247888277,1.0372916991553107,3.842342648035415e-09,1.1623086510307131e-07,2.459099294742666e-07,5.532973413170998e-07,1.536937059214166e-06,9.605856620088538e-06,3.842342648035415e-05,3.842342648035415e-09,1.1623086510307131e-07,2.459099294742666e-07,5.532973413170998e-07,1.536937059214166e-06,9.605856620088538e-06,3.842342648035415e-05
76,-2396845279056789099,original,False,False,72003,-0.0026875790950493914,-0.002687579330703349,-0.0026875790950493914,0.04267477903074245,585528,2.362950964614133e-10,6.0934536074850954e-15,2.29505831216209e-08,0.00016707403200352057,0,0.00012173486295626355,0.0036824796044269722,0.007791031229200867,0.01752982026570195,0.048693945182505416,0.30433715739065886,1.2173486295626355,3.6531575237243083e-09,1.1050801509266032e-07,2.3380208151835573e-07,5.260546834163004e-07,1.4612630094897234e-06,9.132893809310771e-06,3.6531575237243086e-05,3.650273469139678e-09,1.1042077244147525e-07,2.336175020249394e-07,5.256393795561137e-07,1.4601093876558712e-06,9.125683672849195e-06,3.650273469139678e-05
77,3535868661216618537,original,False,False,407633,-0.0026610088263981763,-0.002661008852319249,-0.0026610088263981763,0.039967947372540176,584932,2.598813305410555e-11,-2.0998019590996675e-15,2.5387298974544536e-08,0.00018913959281913214,0,0.00010650221434216047,0.003221691983850354,0.00681614171789827,0.015336318865271106,0.042600885736864186,0.2662555358554012,1.0650221434216047,5.433718518267932e-09,1.6436998517760495e-07,3.4775798516914764e-07,7.824554666305822e-07,2.173487407307173e-06,1.358429629566983e-05,5.433718518267932e-05,5.432541089125392e-09,1.643343679460431e-07,3.476826297040251e-07,7.822859168340565e-07,2.173016435650157e-06,1.358135272281348e-05,5.432541089125392e-05
78,-1881883666307682195,original,False,False,15746,-0.0026406539726048965,-0.0026406540780579573,-0.0026406539726048965,0.03976213083974844,584110,1.0574056073748245e-10,8.297654183785956e-15,4.163209455220149e-08,0.00020670474912516922,0,0.00010540888277297273,0.003188618703882425,0.0067461684974702545,0.015178879119308073,0.04216355310918909,0.26352220693243184,1.0540888277297273,4.295033274041241e-09,1.2992475653974753e-07,2.748821295386394e-07,6.184847914619386e-07,1.7180133096164962e-06,1.0737583185103101e-05,4.2950332740412406e-05,4.295033274041241e-09,1.2992475653974753e-07,2.748821295386394e-07,6.184847914619386e-07,1.7180133096164962e-06,1.0737583185103101e-05,4.2950332740412406e-05
79,-6205669181900458004,original,False,False,7301,-0.002622434918069961,-0.0026224350588728855,-0.002622434918069961,0.03916484357840225,583196,1.4117551915693493e-10,2.3774305651495534e-15,2.28883848654161e-08,0.00010219206154252085,0,0.00010226367764622892,0.003093476248798425,0.006544875369358651,0.014725969581056965,0.040905471058491565,0.2556591941155723,1.0226367764622892,2.599657921219014e-09,7.863965211687517e-08,1.663781069580169e-07,3.74350740655538e-07,1.0398631684876055e-06,6.499144803047535e-06,2.599657921219014e-05,2.599657921219014e-09,7.863965211687517e-08,1.663781069580169e-07,3.74350740655538e-07,1.0398631684876055e-06,6.499144803047535e-06,2.599657921219014e-05
80,5199743265334623982,original,False,False,4415,-0.0025518784869295675,-0.0025518784645162332,-0.0025518784869295675,0.037991100181295305,582138,-2.2475697204661997e-11,-5.020484446565e-15,7.101847400982065e-09,0.00011917660679704237,0,9.6228386595385e-05,0.0029109086945103965,0.00615861674210464,0.01385688766973544,0.038491354638154,0.24057096648846252,0.9622838659538501,3.2044472377378287e-09,9.693452894156931e-08,2.0508462321522104e-07,4.6144040223424734e-07,1.2817788950951315e-06,8.011118094344572e-06,3.204447237737829e-05,3.2044472377378287e-09,9.693452894156931e-08,2.0508462321522104e-07,4.6144040223424734e-07,1.2817788950951315e-06,8.011118094344572e-06,3.204447237737829e-05
81,-6646748140279680906,original,False,False,3207,-0.002480386357353116,-0.0024803862272384965,-0.002480386357353116,0.03701213291085516,580932,-1.3044905631802897e-10,-1.0899714813698807e-14,-2.7895571841693645e-08,0.00017277383207704987,0,9.133129436356343e-05,0.002762771654497794,0.005845202839268059,0.013151706388353133,0.036532517745425375,0.22832823590890858,0.9133129436356343,4.205505943249065e-09,1.272165547832842e-07,2.6915238036794016e-07,6.055928558278653e-07,1.682202377299626e-06,1.0513764858122662e-05,4.205505943249065e-05,4.205505943249065e-09,1.272165547832842e-07,2.6915238036794016e-07,6.055928558278653e-07,1.682202377299626e-06,1.0513764858122662e-05,4.205505943249065e-05
82,1696241702584672999,original,False,False,79325,-0.0024928998725187415,-0.002492900054708731,-0.0024928998725187415,0.041912584937810825,582162,1.826309398481947e-10,-1.436622865241637e-14,4.292875171880836e-08,0.00016783801160964962,0,0.00011835523706616408,0.0035802459212514633,0.007574735172234501,0.017043154137527626,0.04734209482646563,0.2958880926654102,1.1835523706616409,4.717484265998826e-09,1.4270389904646448e-07,3.0191899302392486e-07,6.793177343038309e-07,1.8869937063995303e-06,1.1793710664997065e-05,4.717484265998826e-05,4.716018823244291e-09,1.4265956940313978e-07,3.018252046876346e-07,6.791067105471779e-07,1.8864075292977161e-06,1.1790047058110727e-05,4.716018823244291e-05
83,5449647063074571423,original,False,False,83284,-0.0024235226346967435,-0.00242352253634695,-0.0024235226346967435,0.03634472574165615,580967,-9.859663806584059e-11,-7.9122114089742e-15,1.102168034287115e-08,9.768904044031514e-05,0,8.807140390936746e-05,0.002664159968258366,0.005636569850199518,0.012682282162948914,0.035228561563746985,0.22017850977341866,0.8807140390936746,2.3870533852087415e-09,7.220836490256443e-08,1.5277141665335946e-07,3.4373568747005877e-07,9.548213540834966e-07,5.967633463021854e-06,2.3870533852087415e-05,2.3848650726008337e-09,7.214216844617523e-08,1.5263136464645336e-07,3.4342057045452004e-07,9.539460290403335e-07,5.962162681502085e-06,2.384865072600834e-05
84,6637476413304378774,original,False,False,9364,-0.0024279902209197314,-0.0024279903872634553,-0.0024279902209197314,0.036038899607302034,579928,1.6676161305244878e-10,1.3024834296407289e-14,-4.219899745055558e-08,0.0002202375217104281,0,8.660126302133065e-05,0.0026196882063952522,0.005542480833365161,0.012470581875071614,0.034640505208532256,0.2165031575533266,0.8660126302133064,4.723573183653871e-09,1.4288808880552958e-07,3.0230868375384773e-07,6.801945384461574e-07,1.8894292734615483e-06,1.1808932959134677e-05,4.723573183653871e-05,4.730884939845491e-09,1.431092694303261e-07,3.0277663615011143e-07,6.812474313377507e-07,1.8923539759381965e-06,1.1827212349613729e-05,4.7308849398454914e-05
85,4103826533767174417,original,False,False,4329,-0.0023664620315506455,-0.0023664620547158835,-0.0023664620315506455,0.035507628048188654,578747,2.3226575334230224e-11,6.38777948964218e-15,-1.6324218728443538e-08,0.00013498602539877813,0,8.405689010024782e-05,0.0025427209255324966,0.00537964096641586,0.012104192174435686,0.03362275604009913,0.21014222525061954,0.8405689010024782,2.511653760358201e-09,7.597752625083558e-08,1.6074584066292486e-07,3.6167814149158094e-07,1.0046615041432803e-06,6.279134400895503e-06,2.511653760358201e-05,2.511653760358201e-09,7.597752625083558e-08,1.6074584066292486e-07,3.6167814149158094e-07,1.0046615041432803e-06,6.279134400895503e-06,2.511653760358201e-05
86,-5088098278461408873,original,False,False,28370,-0.002408103356304983,-0.00240810333099314,-0.002408103356304983,0.03669253533375725,580322,-2.537063819663516e-11,2.305405734843678e-15,1.5629421663146785e-08,0.00020099722798829988,0,8.97996607837294e-05,0.0027164397387078143,0.005747178290158681,0.012931151152857033,0.035919864313491756,0.2244991519593235,0.897996607837294,5.03880483979671e-09,1.5242384640385047e-07,3.2248350974698945e-07,7.255878969307263e-07,2.015521935918684e-06,1.2597012099491774e-05,5.03880483979671e-05,5.035709687983238e-09,1.5233021806149296e-07,3.2228542003092726e-07,7.251421950695863e-07,2.0142838751932954e-06,1.2589274219958096e-05,5.035709687983238e-05
87,6016347462800880788,original,False,False,42180,-0.0023820995265069686,-0.002382099546119745,-0.0023820995265069686,0.03615366132399112,579159,1.9650196627147853e-11,-9.410631723447055e-15,-3.638855642584688e-08,0.00011918411055433941,0,8.714865675043511e-05,0.002636246866700662,0.005577514032027847,0.012549406572062655,0.034859462700174045,0.21787164187608776,0.871486567504351,2.3783654594170883e-09,7.194555514736693e-08,1.5221538940269365e-07,3.424846261560607e-07,9.513461837668353e-07,5.945913648542721e-06,2.3783654594170883e-05,2.3808376727730605e-09,7.202033960138509e-08,1.5237361105747587e-07,3.4284062487932074e-07,9.523350691092242e-07,5.952094181932651e-06,2.3808376727730605e-05
88,5210058391345512699,original,False,False,441840,-0.0023136965829413016,-0.0023136967003475183,-0.0023136965829413016,0.0354966794884635,577872,1.1767645654892912e-10,-2.032257389638815e-15,-1.887634223308551e-08,0.00018096538541763398,0,8.405297291455747e-05,0.0025426024306653633,0.005379390266531678,0.012103628099696275,0.03362118916582299,0.21013243228639367,0.8405297291455747,3.3963794791143836e-09,1.027404792432101e-07,2.1736828666332055e-07,4.890786449924712e-07,1.3585517916457535e-06,8.490948697785959e-06,3.3963794791143835e-05,3.397501037935084e-09,1.027744063975363e-07,2.174400664278454e-07,4.892401494626521e-07,1.3590004151740337e-06,8.49375259483771e-06,3.397501037935084e-05
89,1871134943360026347,original,False,False,306706,-0.0022372826870593705,-0.002237282622140014,-0.0022372826870593705,0.03338481539595352,576315,-6.506687524078398e-11,-1.9504075752560857e-15,-3.68589328903114e-08,0.0002108519539439518,0,7.430939161497166e-05,0.0022478590963528927,0.004755801063358186,0.010700552392555919,0.029723756645988666,0.18577347903742916,0.7430939161497166,8.149722312444872e-09,2.465290999514574e-07,5.215822279964718e-07,1.1735600129920616e-06,3.2598889249779486e-06,2.037430578111218e-05,8.149722312444872e-05,8.153674339960639e-09,2.466486487838093e-07,5.218351577574809e-07,1.174129104954332e-06,3.2614697359842557e-06,2.0384185849901597e-05,8.153674339960639e-05
90,9097055892402355150,original,False,False,7269,-0.002195264597739687,-0.002195264436620339,-0.002195264597739687,0.033120743396087705,574916,-1.6147950267767072e-10,-5.6767927506232175e-15,4.198677711441884e-08,0.00024416228782203213,0,7.314433389989328e-05,0.0022126161004717717,0.00468123736959317,0.010532784081584631,0.02925773355995731,0.1828608347497332,0.7314433389989328,6.433291206397093e-09,1.9460705899351206e-07,4.1173063720941394e-07,9.263939337211814e-07,2.573316482558837e-06,1.6083228015992733e-05,6.433291206397093e-05,6.433291206397093e-09,1.9460705899351206e-07,4.1173063720941394e-07,9.263939337211814e-07,2.573316482558837e-06,1.6083228015992733e-05,6.433291206397093e-05
91,4155151127845813381,original,False,False,5296,-0.0021378534263326748,-0.00213785347507728,-0.0021378534263326748,0.032338811702063784,573406,4.884833568754321e-11,-7.018420502648373e-16,3.684779503058688e-08,0.00017363459810578103,0,6.97247044980558e-05,0.002109172311066188,0.004462381087875571,0.010040357447720034,0.02788988179922232,0.1743117612451395,0.697247044980558,6.410920383734344e-09,1.9393034160796392e-07,4.10298904558998e-07,9.231725352577456e-07,2.5643681534937376e-06,1.602730095933586e-05,6.410920383734344e-05,6.410920383734344e-09,1.9393034160796392e-07,4.10298904558998e-07,9.231725352577456e-07,2.5643681534937376e-06,1.602730095933586e-05,6.410920383734344e-05
92,-403402004913855485,original,False,False,3198,-0.002073040478382192,-0.002073040348477018,-0.002073040478382192,0.03129234946951835,571605,-1.3017074165537668e-10,4.289967519266711e-15,4.319781491105463e-08,0.00021625155879838746,0,6.528520718931721e-05,0.0019748775174768455,0.004178253260116302,0.009401069835261679,0.026114082875726884,0.16321301797329302,0.6528520718931721,8.516961815285044e-09,2.576380949123726e-07,5.450855561782428e-07,1.2264425014010463e-06,3.406784726114018e-06,2.129240453821261e-05,8.516961815285044e-05,8.516961815285044e-09,2.576380949123726e-07,5.450855561782428e-07,1.2264425014010463e-06,3.406784726114018e-06,2.129240453821261e-05,8.516961815285044e-05
93,8729611494346835773,original,False,False,2304,-0.0020315431264405774,-0.002031543165214049,-0.0020315431264405774,0.03057902596909906,569800,3.8846053626118005e-11,-6.3481956637766464e-15,7.254716528946526e-09,0.00012139389310285473,0,6.234298839031296e-05,0.001885875398806967,0.0039899512569800295,0.008977390328205066,0.024937195356125184,0.1558574709757824,0.6234298839031296,3.7061125926385055e-09,1.1210990592731479e-07,2.3719120592886435e-07,5.336802133399448e-07,1.482445037055402e-06,9.265281481596263e-06,3.706112592638505e-05,3.7061125926385055e-09,1.1210990592731479e-07,2.3719120592886435e-07,5.336802133399448e-07,1.482445037055402e-06,9.265281481596263e-06,3.706112592638505e-05
94,-5558029548129023447,original,False,False,2039,-0.0019797613911595115,-0.0019797612374512223,-0.0019797613911595115,0.029857855467123644,567784,-1.5401226176168779e-10,9.36690708081429e-16,-3.790897027332114e-08,0.00020873796348152649,0,5.9436776534977716e-05,0.001797962490183076,0.003803953698238574,0.008558895821036791,0.023774710613991088,0.1485919413374443,0.5943677653497772,4.156897799912476e-09,1.2574615844735241e-07,2.6604145919439847e-07,5.985932831873966e-07,1.6627591199649904e-06,1.039224449978119e-05,4.156897799912476e-05,4.156897799912476e-09,1.2574615844735241e-07,2.6604145919439847e-07,5.985932831873966e-07,1.6627591199649904e-06,1.039224449978119e-05,4.156897799912476e-05
95,-3160514301160428050,original,False,False,1540,-0.0019414198027781376,-0.0019414200374673002,-0.0019414198027781376,0.029098368660858964,565875,2.3514809908116475e-10,2.4199203636667442e-15,4.5300363867642306e-08,0.0001634824281571524,0,5.644954116209815e-05,0.0017075986201534692,0.003612770634374282,0.008128733927342134,0.02257981646483926,0.14112385290524537,0.5644954116209815,3.727889298310397e-09,1.1276865127388952e-07,2.3858491509186543e-07,5.368160589566973e-07,1.4911557193241589e-06,9.319723245775994e-06,3.727889298310398e-05,3.7172801435611453e-09,1.1244772434272465e-07,2.379059291879133e-07,5.352883406728049e-07,1.486912057424458e-06,9.293200358902863e-06,3.7172801435611454e-05
96,5740773072795659309,original,False,False,1333,-0.0018956450268438146,-0.001895645105761235,-0.0018956450268438146,0.028285830292162556,563948,7.90677457388483e-11,4.4198197747024764e-16,2.7820913082664136e-08,0.00019608626388419723,0,5.334568465999309e-05,0.0016137069609647912,0.003414123818239558,0.007681778591039005,0.021338273863997236,0.13336421164998274,0.533456846599931,9.873123082940902e-09,2.986619732589623e-07,6.318798773082177e-07,1.42172972394349e-06,3.94924923317636e-06,2.4682807707352253e-05,9.873123082940901e-05,9.885865265461785e-09,2.99047424280219e-07,6.326953769895542e-07,1.423564598226497e-06,3.954346106184714e-06,2.471466316365446e-05,9.885865265461784e-05
97,-4338934195208273580,original,False,False,3313,-0.001944713253575051,-0.0019447131718315993,-0.001944713253575051,0.02917856531223281,566163,-8.190843504787989e-11,-5.7059913485136985e-15,3.273354653996832e-08,9.591784386338399e-05,0,5.676269709789227e-05,0.0017170715872112411,0.0036328126142651054,0.008173828382096487,0.022705078839156907,0.14190674274473067,0.5676269709789227,1.1213547450538325e-09,3.3920981037878434e-08,7.176670368344528e-08,1.6147508328775188e-07,4.4854189802153303e-07,2.803386862634581e-06,1.1213547450538324e-05,1.1213547450538325e-09,3.3920981037878434e-08,7.176670368344528e-08,1.6147508328775188e-07,4.4854189802153303e-07,2.803386862634581e-06,1.1213547450538324e-05
98,-2352418615387496209,original,False,False,2408,-0.0018998678582289636,-0.0018998677266239424,-0.0018998678582289636,0.028496089888380323,564297,-1.3185953942252378e-10,-4.010029543116893e-15,-8.433029579330588e-09,9.469608711547953e-05,0,5.413961441275043e-05,0.0016377233359857006,0.0034649353224160276,0.007796104475436062,0.021655845765100174,0.1353490360318761,0.5413961441275044,3.0245803807221357e-09,9.14935565168446e-08,1.9357314436621668e-07,4.3553957482398755e-07,1.2098321522888543e-06,7.5614509518053394e-06,3.0245803807221358e-05,3.0245803807221357e-09,9.14935565168446e-08,1.9357314436621668e-07,4.3553957482398755e-07,1.2098321522888543e-06,7.5614509518053394e-06,3.0245803807221358e-05
99,-362962408713874235,original,False,False,1834,-0.0018555818090218187,-0.0018555819584164196,-0.0018555818090218187,0.027988603854154026,562415,1.4967226567426839e-10,-6.445071365065799e-17,2.304076543711138e-08,0.00012953556212107762,0,5.2228239791815644e-05,0.0015799042537024232,0.0033426073466762012,0.007520866530021453,0.020891295916726258,0.1305705994795391,0.5222823979181564,2.2431142845798387e-09,6.785420710854012e-08,1.4355931421310967e-07,3.2300845697949677e-07,8.972457138319354e-07,5.607785711449597e-06,2.2431142845798388e-05,2.2431142845798387e-09,6.785420710854012e-08,1.4355931421310967e-07,3.2300845697949677e-07,8.972457138319354e-07,5.607785711449597e-06,2.2431142845798388e-05
100,7251489460485994900,original,False,False,1534,-0.0018238307602223534,-0.0018238309064777184,-0.0018238307602223534,0.027290708818052446,560478,1.4652151502675402e-10,-1.0824727891995577e-15,-3.487101232206239e-08,0.00020243170629409047,0,4.9656656296180786e-05,0.0015021138529594687,0.0031780260029555703,0.007150558506650033,0.019862662518472313,0.12414164074045196,0.49656656296180784,3.8677023357449175e-09,1.1699799565628376e-07,2.475329494876747e-07,5.569491363472681e-07,1.547080934297967e-06,9.669255839362294e-06,3.8677023357449176e-05,3.8677023357449175e-09,1.1699799565628376e-07,2.475329494876747e-07,5.569491363472681e-07,1.547080934297967e-06,9.669255839362294e-06,3.8677023357449176e-05
101,-1797987997730584964,original,False,False,1333,-0.0017941766381604205,-0.0017941767779542767,-0.0017941766381604205,0.026803374252549923,558606,1.400419088960657e-10,-3.2129195468547242e-15,-1.0757820880460454e-08,0.00020977222492245728,0,4.790057005099645e-05,0.0014489922440426425,0.003065636483263773,0.006897682087343489,0.01916022802039858,0.11975142512749112,0.4790057005099645,5.323771985758612e-09,1.61044102569198e-07,3.4072140708855117e-07,7.666231659492401e-07,2.129508794303445e-06,1.330942996439653e-05,5.323771985758612e-05,5.323771985758612e-09,1.61044102569198e-07,3.4072140708855117e-07,7.666231659492401e-07,2.129508794303445e-06,1.330942996439653e-05,5.323771985758612e-05
102,3322685432282494912,original,False,False,1143,-0.001756232763353499,-0.0017562327508226176,-0.001756232763353499,0.02633900964778415,556618,-1.2554817403272247e-11,-1.890149001338518e-15,6.572419377619068e-09,0.00013672934550159184,0,4.625366896046269e-05,0.0013991734860539964,0.0029602348134696124,0.006660528330306628,0.018501467584185076,0.11563417240115674,0.46253668960462696,3.372529405702558e-09,1.0201901452250238e-07,2.158418819649637e-07,4.856442344211683e-07,1.349011762281023e-06,8.431323514256394e-06,3.3725294057025576e-05,3.372529405702558e-09,1.0201901452250238e-07,2.158418819649637e-07,4.856442344211683e-07,1.349011762281023e-06,8.431323514256394e-06,3.3725294057025576e-05
103,-2407230472408506340,original,False,False,1008,-0.001707891713544863,-0.0017078917499585772,-0.001707891713544863,0.025766700295921905,554607,3.647922439107465e-11,3.2129468153301975e-15,-3.7862353473533486e-08,0.00015233137692878085,0,4.426895201890311e-05,0.001339135798571819,0.002833212929209799,0.006374729090722047,0.017707580807561244,0.11067238004725777,0.44268952018903107,2.779174110110687e-09,8.407001683084828e-08,1.7786714304708397e-07,4.0020107185593893e-07,1.1116696440442747e-06,6.947935275276717e-06,2.779174110110687e-05,2.779174110110687e-09,8.407001683084828e-08,1.7786714304708397e-07,4.0020107185593893e-07,1.1116696440442747e-06,6.947935275276717e-06,2.779174110110687e-05
104,666200130799432153,original,False,False,895,-0.0016919476221539346,-0.0016919476093782502,-0.0016919476221539346,0.0253245711825706,552747,-1.279726113271488e-11,7.564622669400289e-17,3.768024502424215e-08,0.00016617357451136826,0,4.2761245775262825e-05,0.0012935276847017005,0.002736719729616821,0.006157619391637847,0.017104498310105132,0.10690311443815706,0.42761245775262824,5.1526485479498985e-09,1.5586761857548442e-07,3.297695070687935e-07,7.419813909047854e-07,2.0610594191799593e-06,1.2881621369874746e-05,5.152648547949898e-05,5.1526485479498985e-09,1.5586761857548442e-07,3.297695070687935e-07,7.419813909047854e-07,2.0610594191799593e-06,1.2881621369874746e-05,5.152648547949898e-05
105,9009166845519592197,original,False,False,1459,-0.0017174471623157494,-0.001717447217580007,-0.0017174471623157494,0.02588426531185971,555327,5.536096516776685e-11,1.630769210081961e-15,2.5008364657931748e-08,0.00013536521072994595,0,4.4668158448054854e-05,0.0013512117930536594,0.0028587621406755107,0.006432214816519899,0.017867263379221943,0.11167039612013714,0.44668158448054857,3.636195854443076e-09,1.0999492459690305e-07,2.3271653468435686e-07,5.23612203039803e-07,1.4544783417772303e-06,9.09048963610769e-06,3.636195854443076e-05,3.636195854443076e-09,1.0999492459690305e-07,2.3271653468435686e-07,5.23612203039803e-07,1.4544783417772303e-06,9.09048963610769e-06,3.636195854443076e-05
106,2706234061175238719,original,False,False,1160,-0.001683650319616466,-0.0016836503919303992,-0.001683650319616466,0.025231494372638146,553304,7.243512182624425e-11,-7.680286166992299e-16,1.0667695217499559e-08,8.780505405594772e-05,0,4.244431659021917e-05,0.00128394057685413,0.002716436261774027,0.006111981588991561,0.016977726636087667,0.10611079147554793,0.4244431659021917,1.995349795425186e-09,6.035933131161187e-08,1.277023869072119e-07,2.873303705412268e-07,7.981399181700744e-07,4.9883744885629645e-06,1.9953497954251858e-05,1.995349795425186e-09,6.035933131161187e-08,1.277023869072119e-07,2.873303705412268e-07,7.981399181700744e-07,4.9883744885629645e-06,1.9953497954251858e-05
107,5173167354145275339,original,False,False,1039,-0.0016272725161302585,-0.0016272724367224056,-0.0016272725161302585,0.02449852093435826,551717,-7.953485600099009e-11,2.4256776542349682e-15,3.761218986554447e-08,0.00020392456221695804,0,4.0015646088085344e-05,0.0012104732941645817,0.002561001349637462,0.0057622530366842895,0.01600625843523414,0.10003911522021336,0.40015646088085344,5.5618765862590345e-09,1.682467667343358e-07,3.559601015205782e-07,8.009102284213009e-07,2.2247506345036137e-06,1.3904691465647585e-05,5.561876586259034e-05,5.5618765862590345e-09,1.682467667343358e-07,3.559601015205782e-07,8.009102284213009e-07,2.2247506345036137e-06,1.3904691465647585e-05,5.561876586259034e-05
108,-4126032821099873366,original,False,False,13214,-0.0027703699468522463,-0.0027703698369184035,-0.0027703699468522463,0.03770020715682049,589284,-1.1022912308066024e-10,1.012322704809587e-14,-5.521009021898235e-08,0.000112640822428589,0,9.561778963677809e-05,0.002892438136512537,0.0061195385367537975,0.013768961707696044,0.03824711585471124,0.2390444740919452,0.9561778963677808,2.6297960995068417e-09,7.955133201008196e-08,1.6830695036843787e-07,3.786906383289852e-07,1.0519184398027366e-06,6.574490248767104e-06,2.6297960995068416e-05,2.6297960995068417e-09,7.955133201008196e-08,1.6830695036843787e-07,3.786906383289852e-07,1.0519184398027366e-06,6.574490248767104e-06,2.6297960995068416e-05
109,4228864164581475751,original,False,False,13516,-0.0027675549215236146,-0.0027675547431052967,-0.0027675549215236146,0.03777307370730945,588933,-1.7891831208512383e-10,-4.8413988637010896e-15,-1.863282253801901e-08,0.0001320191644485521,0,9.602341597368651e-05,0.002904708333204017,0.006145498622315937,0.013827371900210857,0.038409366389474606,0.24005853993421628,0.9602341597368651,3.763972616898308e-09,1.1386017166117383e-07,2.4089424748149173e-07,5.420120568333564e-07,1.5055890467593234e-06,9.40993154224577e-06,3.763972616898308e-05,3.772550738557415e-09,1.1411965984136181e-07,2.414432472676746e-07,5.432473063522678e-07,1.5090202954229662e-06,9.43137684639354e-06,3.772550738557416e-05
110,-968096554619096481,original,False,False,20918,-0.002771223453126737,-0.002771223509781645,-0.002771223453126737,0.03971718295364597,588430,5.6809822669456485e-11,-2.5251361004957913e-15,-4.987942138183697e-09,9.859307686079972e-05,0,0.00010537459836179127,0.003187581600444186,0.006743974295154641,0.015173942164097943,0.04214983934471651,0.26343649590447815,1.0537459836179126,2.3912775386339503e-09,7.2336145543677e-08,1.5304176247257282e-07,3.4434396556328883e-07,9.565110154535801e-07,5.978193846584876e-06,2.3912775386339504e-05,2.3912775386339503e-09,7.2336145543677e-08,1.5304176247257282e-07,3.4434396556328883e-07,9.565110154535801e-07,5.978193846584876e-06,2.3912775386339504e-05
111,3997085991940404751,original,False,False,11863,-0.0027436711111012875,-0.0027436711028249934,-0.0027436711111012875,0.04085685679591495,588804,-8.31175672698749e-12,-1.2692599253435871e-14,-3.5871105644190336e-08,0.0001092649017037891,0,0.00011129726106459642,0.0033667421472040417,0.007123024708134171,0.016026805593301885,0.044518904425838564,0.278243152661491,1.112972610645964,1.8080118835905784e-09,5.4692359478615e-08,1.1571276054979702e-07,2.6035371123704327e-07,7.232047534362314e-07,4.520029708976446e-06,1.8080118835905783e-05,1.8080118835905784e-09,5.4692359478615e-08,1.1571276054979702e-07,2.6035371123704327e-07,7.232047534362314e-07,4.520029708976446e-06,1.8080118835905783e-05
112,-6857612959622133422,original,False,False,11414,-0.0027701106149014684,-0.0027701107538090153,-0.0027701106149014684,0.03930739088497241,588200,1.392912355062819e-10,-2.1696822664705746e-15,2.687004521184077e-08,0.00010546313493853387,0,0.0001032384667373875,0.0031229636188059716,0.0066072618711928,0.0148663392101838,0.041295386694955,0.25809616684346876,1.032384667373875,3.2961898327690572e-09,9.970974244126399e-08,2.1095614929721966e-07,4.7465133591874424e-07,1.318475933107623e-06,8.240474581922643e-06,3.2961898327690574e-05,3.2961898327690572e-09,9.970974244126399e-08,2.1095614929721966e-07,4.7465133591874424e-07,1.318475933107623e-06,8.240474581922643e-06,3.2961898327690574e-05
113,-3254988791568075893,original,False,False,13480,-0.0027104494130472507,-0.002710449658556215,-0.0027104494130472507,0.03794582998369211,587438,2.4617511255878076e-10,-1.100088847236145e-15,-4.565823018318251e-08,0.00013500400020634203,0,9.65085381025684e-05,0.002919383277602694,0.006176546438564377,0.013897229486769849,0.03860341524102736,0.241271345256421,0.965085381025684,4.18035911553419e-09,1.2645586324490924e-07,2.6754298339418816e-07,6.019717126369234e-07,1.6721436462136761e-06,1.0450897788835475e-05,4.18035911553419e-05,4.18035911553419e-09,1.2645586324490924e-07,2.6754298339418816e-07,6.019717126369234e-07,1.6721436462136761e-06,1.0450897788835475e-05,4.18035911553419e-05
114,6107395767688570041,original,False,False,14710,-0.002696049280013871,-0.002696049304697122,-0.002696049280013871,0.03753890076692287,586666,2.4751668320368504e-11,1.6899835496321968e-15,-3.926645893691076e-08,0.00014213315414206084,0,9.446095046725228e-05,0.0028574437516343813,0.006045500829904146,0.013602376867284329,0.03778438018690091,0.2361523761681307,0.9446095046725228,3.4180912041799414e-09,1.0339725892644323e-07,2.1875783706751625e-07,4.922051334019115e-07,1.3672364816719765e-06,8.545228010449853e-06,3.418091204179941e-05,3.415156116967325e-09,1.0330847253826158e-07,2.185699914859088e-07,4.917824808432949e-07,1.3660624467869301e-06,8.537890292418312e-06,3.415156116967325e-05
115,5045868582411835752,original,False,False,23741,-0.0026981821403100972,-0.002698182299590811,-0.0026981821403100972,0.039371446967702124,585910,1.5970877932869106e-10,-2.86533187084397e-15,2.0484706801785767e-08,0.0001209531136798993,0,0.00010341043919614842,0.0031281657856834896,0.006618268108553499,0.014891103244245371,0.04136417567845937,0.258526097990371,1.034104391961484,2.5702478852160764e-09,7.77499985277863e-08,1.644958646538289e-07,3.70115695471115e-07,1.0280991540864307e-06,6.425619713040191e-06,2.5702478852160763e-05,2.5650785316075112e-09,7.759362558112722e-08,1.6416502602288072e-07,3.693713085514816e-07,1.0260314126430045e-06,6.412696329018778e-06,2.5650785316075112e-05
116,-6567042328987826803,original,False,False,33967,-0.0026435547450415608,-0.002643554796770108,-0.0026435547450415608,0.0377662533811387,585134,5.185422543503595e-11,-1.1431506857384838e-14,-1.4796160080430252e-08,0.00014817412924807022,0,9.525768393559467e-05,0.002881544939051739,0.006096491771878059,0.013717106486725632,0.03810307357423787,0.23814420983898668,0.9525768393559467,5.415805590269683e-09,1.6382811910565792e-07,3.466115577772597e-07,7.798760049988343e-07,2.166322236107873e-06,1.3539513975674208e-05,5.415805590269683e-05,5.412764036368551e-09,1.6373611210014866e-07,3.4641689832758726e-07,7.794380212370714e-07,2.1651056145474205e-06,1.3531910090921378e-05,5.412764036368551e-05
117,-4696915521134859180,original,False,False,50986,-0.0025938140250673382,-0.0025938140677737326,-0.0025938140250673382,0.03899136230591263,584276,4.281608350153272e-11,-1.3714774967417998e-15,2.7063011127390336e-08,0.00010144343802342572,0,0.00010135891894335496,0.0030661072980364876,0.006486970812374718,0.014595684327843115,0.04054356757734198,0.2533972973583874,1.0135891894335496,2.126784272940996e-09,6.433522425646513e-08,1.3611419346822376e-07,3.0625693530350344e-07,8.507137091763985e-07,5.316960682352491e-06,2.1267842729409962e-05,2.123863025371784e-09,6.424685651749647e-08,1.3592723362379418e-07,3.0583627565353693e-07,8.495452101487136e-07,5.30965756342946e-06,2.123863025371784e-05
118,2192684520582052707,original,False,False,453670,-0.0025718225128089018,-0.0025718226721071795,-0.0025718225128089018,0.03913611831263525,583298,1.5970448733763348e-10,-4.533709462338287e-15,2.2109717663138154e-08,0.00023830561428373137,0,0.00010212883671476985,0.003089397310621788,0.0065362455497452706,0.01470655248692686,0.04085153468590794,0.2553220917869246,1.0212883671476984,7.436487113547654e-09,2.2495373518481654e-07,4.759351752670499e-07,1.0708541443508623e-06,2.9745948454190616e-06,1.8591217783869137e-05,7.436487113547655e-05,7.435838896423456e-09,2.2493412661680953e-07,4.7589368937110117e-07,1.0707608010849777e-06,2.9743355585693824e-06,1.858959724105864e-05,7.435838896423455e-05
119,-8490277517534077435,original,False,False,16522,-0.0025027652998800645,-0.00250276548914807,-0.0025027652998800645,0.0372794682739663,582251,1.89745563671685e-10,2.6763553350579265e-15,-1.2210652372970622e-08,0.00013734544973643495,0,9.265994760110907e-05,0.0028029634149335492,0.00593023664647098,0.013343032454559705,0.037063979040443625,0.23164986900277268,0.9265994760110907,3.428258905977219e-09,1.0370483190581088e-07,2.1940856998254202e-07,4.936692824607195e-07,1.3713035623908876e-06,8.570647264943048e-06,3.4282589059772194e-05,3.428258905977219e-09,1.0370483190581088e-07,2.1940856998254202e-07,4.936692824607195e-07,1.3713035623908876e-06,8.570647264943048e-06,3.4282589059772194e-05
120,8864408550179832550,original,False,False,5313,-0.0024230528704266715,-0.00242305278566346,-0.0024230528704266715,0.036313657290231297,580901,-8.497584948026621e-11,-6.753297522052736e-15,-3.2120108053266054e-09,0.00012603613450179335,0,8.792437495733151e-05,0.0026597123424592782,0.0056271599972692165,0.012661109993855738,0.035169749982932604,0.21981093739332877,0.8792437495733151,3.4521866184939945e-09,1.0442864520944333e-07,2.2093994358361565e-07,4.971148730631352e-07,1.3808746473975977e-06,8.630466546234987e-06,3.4521866184939946e-05,3.4521866184939945e-09,1.0442864520944333e-07,2.2093994358361565e-07,4.971148730631352e-07,1.3808746473975977e-06,8.630466546234987e-06,3.4521866184939946e-05
121,6912306963145366519,original,False,False,4412,-0.0024383244470664012,-0.002438324554248219,-0.0024383244470664012,0.0361237312446093,579751,1.0744682914062174e-10,3.0284859832816404e-15,-4.675895337146884e-08,0.00010053669544655767,0,8.70060008441298e-05,0.0026319315255349265,0.005568384054024308,0.012528864121554692,0.034802400337651924,0.2175150021103245,0.870060008441298,2.7508557316825374e-09,8.321338588339676e-08,1.760547668276824e-07,3.961232253622854e-07,1.100342292673015e-06,6.877139329206344e-06,2.7508557316825374e-05,2.7508557316825374e-09,8.321338588339676e-08,1.760547668276824e-07,3.961232253622854e-07,1.100342292673015e-06,6.877139329206344e-06,2.7508557316825374e-05
122,3965429967274226491,original,False,False,3032,-0.0023571781931893657,-0.002357178362939512,-0.0023571781931893657,0.03547836572506516,578404,1.701552715648584e-10,4.0482331987438874e-15,-4.268987210229525e-08,0.000183604090860481,0,8.391963600842433e-05,0.002538568989254836,0.005370856704539157,0.012084427585213104,0.033567854403369735,0.20979909002106084,0.8391963600842434,5.661609821774583e-09,1.7126369710868113e-07,3.623430285935733e-07,8.152718143355399e-07,2.264643928709833e-06,1.4154024554436457e-05,5.661609821774583e-05,5.661609821774583e-09,1.7126369710868113e-07,3.623430285935733e-07,8.152718143355399e-07,2.264643928709833e-06,1.4154024554436457e-05,5.661609821774583e-05
123,-3423772321637888114,original,False,False,68735,-0.0024173876399925897,-0.002417387648110063,-0.0024173876399925897,0.03936682928812988,580119,8.123930606976516e-12,-1.3213474469983313e-14,4.243772251434409e-08,0.0002261928111535936,0,0.00010394958705720102,0.003144475008480331,0.006652773571660865,0.014968740536236947,0.041579834822880406,0.2598739676430025,1.03949587057201,7.010173070226428e-09,2.1205773537434944e-07,4.486510764944914e-07,1.0094649221126057e-06,2.8040692280905713e-06,1.752543267556607e-05,7.010173070226428e-05,7.008486471731137e-09,2.120067157698669e-07,4.4854313419079275e-07,1.0092220519292837e-06,2.8033945886924545e-06,1.752121617932784e-05,7.008486471731136e-05
124,4063722615531064318,original,False,False,89516,-0.0023647493266417364,-0.002364749256762625,-0.0023647493266417364,0.04109665608821722,578815,-7.004500176545285e-11,-2.5187597420262753e-16,2.3256616521724767e-09,0.00014541519970623492,0,0.00011438353393201596,0.0034601019014434825,0.007320546171649021,0.016471228886210297,0.045753413572806385,0.28595883483003987,1.1438353393201595,5.29631307100391e-09,1.6021347039786828e-07,3.3896403654425026e-07,7.62669082224563e-07,2.118525228401564e-06,1.3240782677509777e-05,5.296313071003911e-05,5.29631307100391e-09,1.6021347039786828e-07,3.3896403654425026e-07,7.62669082224563e-07,2.118525228401564e-06,1.3240782677509777e-05,5.296313071003911e-05
125,942836133678390729,original,False,False,9997,-0.0022907546084379874,-0.0022907546782100375,-0.0022907546084379874,0.03432011396783546,577325,6.993577179630385e-11,3.5241456910355983e-15,2.1086955090691815e-08,0.00019139877828496316,0,7.85296181963676e-05,0.0023755209504401197,0.005025895564567526,0.011308265020276934,0.03141184727854704,0.196324045490919,0.785296181963676,8.28710820902672e-09,2.506850233230583e-07,5.303749253777101e-07,1.1933435820998478e-06,3.3148432836106883e-06,2.07177705225668e-05,8.28710820902672e-05,8.28710820902672e-09,2.506850233230583e-07,5.303749253777101e-07,1.1933435820998478e-06,3.3148432836106883e-06,2.07177705225668e-05,8.28710820902672e-05
126,5771367954622892896,original,False,False,27473,-0.00233883241263709,-0.002338832307286263,-0.00233883241263709,0.03676832356794565,578462,-1.0559901233072775e-10,-1.2099251176548067e-15,3.968248439325241e-08,0.00014507814334586795,0,9.031756777169184e-05,0.0027321064250936783,0.005780324337388278,0.013005729759123626,0.03612702710867673,0.2257939194292296,0.9031756777169184,4.427605409416382e-09,1.3393506363484553e-07,2.8336674620264843e-07,6.37575178955959e-07,1.7710421637665528e-06,1.1069013523540954e-05,4.4276054094163815e-05,4.427605409416382e-09,1.3393506363484553e-07,2.8336674620264843e-07,6.37575178955959e-07,1.7710421637665528e-06,1.1069013523540954e-05,4.4276054094163815e-05
127,-7181991947907977315,original,False,False,33445,-0.002263624021777174,-0.0022636241332446216,-0.002263624021777174,0.0338470847741408,576869,1.1172472182938062e-10,4.38116548433288e-15,8.388370369912573e-09,0.00015211817829400174,0,7.638343834922637e-05,0.002310599010064098,0.004888540054350488,0.010999215122288597,0.03055337533969055,0.19095859587306593,0.7638343834922637,4.531221988362552e-09,1.370694651479672e-07,2.8999820725520333e-07,6.524959663242074e-07,1.8124887953450208e-06,1.1328054970906381e-05,4.5312219883625524e-05,4.530452393904319e-09,1.3704618491560567e-07,2.8994895320987643e-07,6.52385144722222e-07,1.8121809575617277e-06,1.1326130984760798e-05,4.530452393904319e-05
128,-3939799769031875233,original,False,False,90799,-0.0021817511184910885,-0.00218175114353803,-0.0021817511184910885,0.03226277767252384,575322,2.510401643423625e-11,2.3095614875003496e-15,2.2076965270162765e-08,0.00017316561189539034,0,6.940633419059483e-05,0.0020995416092654934,0.004442005388198069,0.009994512123445655,0.02776253367623793,0.17351583547648708,0.6940633419059483,6.1358715844332375e-09,1.8561011542910543e-07,3.926957814037272e-07,8.835655081583862e-07,2.454348633773295e-06,1.5339678961083092e-05,6.135871584433237e-05,6.134812782935893e-09,1.8557808668381077e-07,3.926280181078972e-07,8.834130407427687e-07,2.4539251131743573e-06,1.5337031957339734e-05,6.134812782935894e-05
129,-5017837011853993810,original,False,False,16256,-0.0021096264327104645,-0.002109626359623769,-0.0021096264327104645,0.03183050637875209,573685,-7.324040885944311e-11,7.98124400852627e-16,9.439845226544109e-09,0.00016063984934381486,0,6.755049212516763e-05,0.002043402386786321,0.0043232314960107284,0.00972727086602414,0.02702019685006705,0.16887623031291907,0.6755049212516763,4.2985102773299105e-09,1.3002993588922978e-07,2.7510465774911427e-07,6.189854799355071e-07,1.7194041109319642e-06,1.0746275693324776e-05,4.2985102773299104e-05,4.2985102773299105e-09,1.3002993588922978e-07,2.7510465774911427e-07,6.189854799355071e-07,1.7194041109319642e-06,1.0746275693324776e-05,4.2985102773299104e-05
130,6527918924170454547,original,False,False,7173,-0.0020780373369856187,-0.0020780376283335523,-0.0020780373369856187,0.031299258384289305,571754,2.919631036316127e-10,8.477306543859631e-15,-6.851427167206027e-09,0.00016449433677783235,0,6.531525102521546e-05,0.0019757863435127675,0.004180176065613789,0.009405396147631025,0.026126100410086183,0.16328812756303865,0.6531525102521546,6.597208785051411e-09,1.995655657478052e-07,4.222213622432903e-07,9.499980650474032e-07,2.6388835140205642e-06,1.6493021962628527e-05,6.59720878505141e-05,6.597208785051411e-09,1.995655657478052e-07,4.222213622432903e-07,9.499980650474032e-07,2.6388835140205642e-06,1.6493021962628527e-05,6.59720878505141e-05
131,4010850978256098064,original,False,False,4334,-0.0020252827715007706,-0.002025283054880494,-0.0020252827715007706,0.03056469998964866,569863,2.8395486269144163e-10,5.0423838434780815e-17,-1.2259233052116768e-08,0.00012586161857380105,0,6.228302357083155e-05,0.0018840614630176544,0.003986113508533219,0.008968755394199744,0.02491320942833262,0.15570755892707888,0.6228302357083155,3.345308270961888e-09,1.0119557519659711e-07,2.1409972934156084e-07,4.817243910185118e-07,1.3381233083847552e-06,8.36327067740472e-06,3.345308270961888e-05,3.345308270961888e-09,1.0119557519659711e-07,2.1409972934156084e-07,4.817243910185118e-07,1.3381233083847552e-06,8.36327067740472e-06,3.345308270961888e-05
132,7282966014585964718,original,False,False,2875,-0.0019782463619285964,-0.0019782466234409346,-0.0019782463619285964,0.029656605955341152,567684,2.6203156726863146e-10,8.675049285090648e-16,-2.6178097120658482e-08,0.00015496567093760877,0,5.864152542374604e-05,0.0017739061440683176,0.0037530576271197465,0.00844437966101943,0.023456610169498415,0.1466038135593651,0.5864152542374604,3.9523579490757245e-09,1.1955882795954065e-07,2.5295090874084637e-07,5.691395446669044e-07,1.5809431796302897e-06,9.880894872689312e-06,3.952357949075725e-05,3.9523579490757245e-09,1.1955882795954065e-07,2.5295090874084637e-07,5.691395446669044e-07,1.5809431796302897e-06,9.880894872689312e-06,3.952357949075725e-05
133,-8295942972910028388,original,False,False,2242,-0.0019400847860621873,-0.0019400848567660914,-0.0019400847860621873,0.028969791867563193,565646,7.084659553998047e-11,5.2530924270957185e-15,-1.4640300128686662e-08,0.00014510397354681852,0,5.595537433846331e-05,0.0016926500737385153,0.003581143957661652,0.008057573904738716,0.022382149735385326,0.1398884358461583,0.5595537433846332,3.8444901608872704e-09,1.1629582736683993e-07,2.460473702967853e-07,5.53606583167767e-07,1.5377960643549081e-06,9.611225402218176e-06,3.8444901608872705e-05,3.8444901608872704e-09,1.1629582736683993e-07,2.460473702967853e-07,5.53606583167767e-07,1.5377960643549081e-06,9.611225402218176e-06,3.8444901608872705e-05
134,205451278157565148,original,False,False,1794,-0.0018912389268381212,-0.0018912391063807014,-0.0018912389268381212,0.028317795242374887,563626,1.7988516725312548e-10,2.385739559053321e-15,-1.2052182324391442e-08,0.00019513485896731716,0,5.3464510389041294e-05,0.0016173014392684992,0.003421728664898643,0.007698889496021946,0.021385804155616518,0.13366127597260324,0.534645103890413,4.125846087609424e-09,1.2480684415018509e-07,2.6405414960700313e-07,5.94121836615757e-07,1.6503384350437697e-06,1.0314615219023559e-05,4.1258460876094236e-05,4.125846087609424e-09,1.2480684415018509e-07,2.6405414960700313e-07,5.94121836615757e-07,1.6503384350437697e-06,1.0314615219023559e-05,4.1258460876094236e-05
135,-994535447820711255,original,False,False,1444,-0.0018484272261651594,-0.0018484271823389306,-0.0018484272261651594,0.02763363698804973,561564,-4.3905241746051946e-11,2.146806695338084e-15,-1.467134579010502e-08,0.00015210426558818528,0,5.091482077902788e-05,0.0015401733285655935,0.0032585485298577844,0.007331734192180014,0.020365928311611152,0.1272870519475697,0.5091482077902788,4.773951571896294e-09,1.444120350498629e-07,3.0553290060136284e-07,6.874490263530664e-07,1.909580628758518e-06,1.1934878929740735e-05,4.773951571896294e-05,4.773951571896294e-09,1.444120350498629e-07,3.0553290060136284e-07,6.874490263530664e-07,1.909580628758518e-06,1.1934878929740735e-05,4.773951571896294e-05
136,6093028958515031233,original,False,False,1228,-0.0017999942056447123,-0.0017999941875445952,-0.0017999942056447123,0.026949123337375952,559410,-1.8130035962406536e-11,2.72005598894117e-15,-3.845377449395775e-08,8.964770328209179e-05,0,4.842282874746478e-05,0.0014647905696108098,0.003099061039837746,0.006972887339634928,0.019369131498985913,0.12105707186866196,0.48422828747464786,2.4188654466147606e-09,7.31706797600965e-08,1.5480738858334468e-07,3.4831662431252553e-07,9.675461786459042e-07,6.047163616536902e-06,2.4188654466147606e-05,2.4188654466147606e-09,7.31706797600965e-08,1.5480738858334468e-07,3.4831662431252553e-07,9.675461786459042e-07,6.047163616536902e-06,2.4188654466147606e-05
137,-3110603659142667602,original,False,False,1074,-0.0017557368049380322,-0.0017557367870197952,-0.0017557368049380322,0.026382757303379065,557322,-1.7954006650829847e-11,-4.254455168691505e-15,2.8039793507935852e-08,0.00010389567759093382,0,4.6406825234481284e-05,0.0014038064633430589,0.002970036815006802,0.0066825828337653045,0.018562730093792515,0.11601706308620321,0.46406825234481286,2.5976350049564197e-09,7.85784588999317e-08,1.6624864031721086e-07,3.7405944071372445e-07,1.0390540019825678e-06,6.4940875123910495e-06,2.5976350049564198e-05,2.5976350049564197e-09,7.85784588999317e-08,1.6624864031721086e-07,3.7405944071372445e-07,1.0390540019825678e-06,6.4940875123910495e-06,2.5976350049564198e-05
138,402784551438858139,original,False,False,924,-0.0017318939625887333,-0.001731894141028606,-0.0017318939625887333,0.025820930191267893,555151,1.787536093379453e-10,4.16153151657998e-15,-1.203652401347607e-08,0.0001121796498106505,0,4.445207859423228e-05,0.0013446753774755264,0.002844933030030866,0.0064010993175694485,0.01778083143769291,0.1111301964855807,0.4445207859423228,3.694733049636379e-09,1.1176567475150047e-07,2.3646291517672826e-07,5.320415591476386e-07,1.4778932198545516e-06,9.236832624090948e-06,3.6947330496363794e-05,3.694733049636379e-09,1.1176567475150047e-07,2.3646291517672826e-07,5.320415591476386e-07,1.4778932198545516e-06,9.236832624090948e-06,3.6947330496363794e-05
139,-8900663754632545598,original,False,False,1110,-0.0016932960061229489,-0.001693296127601472,-0.0016932960061229489,0.025506967205428485,553104,1.2168185492024108e-10,-2.7162664132045424e-15,2.4175034457068826e-08,0.00024164102328998402,0,4.3381660071268894e-05,0.001312295217155884,0.002776426244561209,0.006246959050262721,0.017352664028507558,0.10845415017817224,0.43381660071268896,6.92083346649369e-09,2.093552123614341e-07,4.4293334185559614e-07,9.966000191750913e-07,2.768333386597476e-06,1.7302083666234224e-05,6.92083346649369e-05,6.92083346649369e-09,2.093552123614341e-07,4.4293334185559614e-07,9.966000191750913e-07,2.768333386597476e-06,1.7302083666234224e-05,6.92083346649369e-05
140,4548903162082067121,original,False,False,1308,-0.0017243561804688222,-0.0017243560433617944,-0.0017243561804688222,0.025989300635255203,555222,-1.3734551430883246e-10,-1.6569287755967694e-15,1.4619275454528064e-08,0.000167806063689521,0,4.5032639057265295e-05,0.001362237331482275,0.002882088899664979,0.006484700024246203,0.01801305562290612,0.11258159764316324,0.45032639057265295,3.84759616249885e-09,1.1638978391559021e-07,2.462461543999264e-07,5.540538473998344e-07,1.53903846499954e-06,9.618990406247125e-06,3.84759616249885e-05,3.84759616249885e-09,1.1638978391559021e-07,2.462461543999264e-07,5.540538473998344e-07,1.53903846499954e-06,9.618990406247125e-06,3.84759616249885e-05
141,4641366874216406973,original,False,False,1095,-0.0016851514668897146,-0.001685151516563069,-0.0016851514668897146,0.025308387504996085,553194,4.9753172403820746e-11,-4.030400114893089e-15,1.8433912500229974e-08,0.0002059611145717242,0,4.2703016096524925e-05,0.001291766236919879,0.002732993030177595,0.006149234317899589,0.01708120643860997,0.10675754024131232,0.42703016096524926,5.073487081585848e-09,1.534729842179719e-07,3.2470317322149426e-07,7.30582139748362e-07,2.029394832634339e-06,1.2683717703964619e-05,5.0734870815858475e-05,5.073487081585848e-09,1.534729842179719e-07,3.2470317322149426e-07,7.30582139748362e-07,2.029394832634339e-06,1.2683717703964619e-05,5.0734870815858475e-05
142,6198170835570717217,original,False,False,2149,-0.0017309948351801815,-0.0017309947926102134,-0.0017309948351801815,0.02604727463398871,556142,-4.26459380367107e-11,-2.15377301723383e-15,1.5325467805924775e-10,0.0001000608615846756,0,4.523687155177489e-05,0.0013684153644411903,0.002895159779313593,0.006514109503455584,0.018094748620709956,0.11309217887943722,0.4523687155177489,1.87287258797799e-09,5.665439578633419e-08,1.1986384563059135e-07,2.6969365266883054e-07,7.491490351911959e-07,4.682181469944975e-06,1.87287258797799e-05,1.87287258797799e-09,5.665439578633419e-08,1.1986384563059135e-07,2.6969365266883054e-07,7.491490351911959e-07,4.682181469944975e-06,1.87287258797799e-05
143,8171021383260206400,original,False,False,1611,-0.001677857996741459,-0.0016778581318060185,-0.001677857996741459,0.02512727248560111,553971,1.3529070354850993e-10,-8.560674575834404e-16,-3.160445448399094e-08,0.00017385250018612364,0,4.2094636880675666e-05,0.001273362765640439,0.0026940567603632426,0.006061627710817296,0.016837854752270266,0.10523659220168917,0.4209463688067567,4.3463150432775156e-09,1.3147603005914485e-07,2.78164162769761e-07,6.258693662319623e-07,1.7385260173110061e-06,1.086578760819379e-05,4.346315043277516e-05,4.3463150432775156e-09,1.3147603005914485e-07,2.78164162769761e-07,6.258693662319623e-07,1.7385260173110061e-06,1.086578760819379e-05,4.346315043277516e-05
144,-1630956529880007905,original,False,False,1296,-0.0016258989432776727,-0.001625898977986135,-0.0016258989432776727,0.024465126412588373,552110,3.476020481815574e-11,-4.781644799145114e-15,1.811323273403721e-08,0.0001269744302545123,0,3.990858453882808e-05,0.0012072346822995493,0.002554149410484997,0.005746836173591244,0.015963433815531232,0.0997714613470702,0.3990858453882808,3.6470744333809204e-09,1.1032400160977284e-07,2.334127637363789e-07,5.251787184068525e-07,1.4588297733523683e-06,9.1176860834523e-06,3.64707443338092e-05,3.6470744333809204e-09,1.1032400160977284e-07,2.334127637363789e-07,5.251787184068525e-07,1.4588297733523683e-06,9.1176860834523e-06,3.64707443338092e-05
145,-8661556660204741982,original,False,False,1065,-0.0015984279865260864,-0.00159842814938331,-0.0015984279865260864,0.02395225282829561,550256,1.631177937018029e-10,-1.6222105775539915e-16,2.480284055603058e-08,0.0002099179326388462,0,3.825023908868533e-05,0.0011570697324327312,0.002448015301675861,0.0055080344287706876,0.015300095635474131,0.09562559772171332,0.3825023908868533,5.034568112746164e-09,1.5229568541057145e-07,3.222123592157545e-07,7.249778082354476e-07,2.0138272450984656e-06,1.2586420281865409e-05,5.0345681127461636e-05,5.034568112746164e-09,1.5229568541057145e-07,3.222123592157545e-07,7.249778082354476e-07,2.0138272450984656e-06,1.2586420281865409e-05,5.0345681127461636e-05
146,7367851333389146665,original,False,False,960,-0.0015427243188236646,-0.0015427243026039505,-0.0015427243188236646,0.023317849079595773,548503,-1.6244630984349344e-11,1.4441845335286535e-16,-3.4255705607936796e-08,9.817123116818937e-05,0,3.625354170007052e-05,0.0010966696364271332,0.0023202266688045134,0.005220510004810155,0.014501416680028209,0.09063385425017631,0.36253541700070524,1.969871801984506e-09,5.958862201003131e-08,1.260717953270084e-07,2.8366153948576885e-07,7.879487207938025e-07,4.924679504961265e-06,1.969871801984506e-05,1.969871801984506e-09,5.958862201003131e-08,1.260717953270084e-07,2.8366153948576885e-07,7.879487207938025e-07,4.924679504961265e-06,1.969871801984506e-05
147,-6117860496939524873,original,False,False,843,-0.001538188464919994,-0.0015381883459198052,-0.001538188464919994,0.02294953291748172,546569,-1.1918341161019755e-10,1.0390338137271622e-16,3.4334800011946664e-08,0.00019822168809211695,0,3.511872858399218e-05,0.0010623415396657635,0.0022475986293754996,0.005057096916094874,0.014047491433596872,0.08779682145998045,0.3511872858399218,5.4080848966116284e-09,1.6359456812250177e-07,3.461174333831442e-07,7.787642251120745e-07,2.1632339586446514e-06,1.352021224152907e-05,5.408084896611628e-05,5.4080848966116284e-09,1.6359456812250177e-07,3.461174333831442e-07,7.787642251120745e-07,2.1632339586446514e-06,1.352021224152907e-05,5.408084896611628e-05
148,6879701643023291349,original,False,False,1031,-0.0014826313144388791,-0.0014826311275456109,-0.0014826313144388791,0.022478052686588743,544573,-1.871716105919638e-10,-8.371851676010214e-16,-1.0415654853097661e-09,0.00015522654018334316,0,3.3689828228221285e-05,0.0010191173039036938,0.0021561490066061622,0.004851335264863865,0.013475931291288514,0.08422457057055321,0.33689828228221286,4.014850610047687e-09,1.2144923095394254e-07,2.5695043904305197e-07,5.781384878468669e-07,1.6059402440190748e-06,1.0037126525119218e-05,4.014850610047687e-05,4.014850610047687e-09,1.2144923095394254e-07,2.5695043904305197e-07,5.781384878468669e-07,1.6059402440190748e-06,1.0037126525119218e-05,4.014850610047687e-05
149,5158907012211574933,original,False,False,760,-0.001465192124004673,-0.0014651920976269815,-0.001465192124004673,0.0221183162141424,542871,-2.641661802784368e-11,-2.214658323736863e-16,-3.542276115204226e-08,0.00017000728058733374,0,3.26229322102465e-05,0.0009868436993599567,0.002087867661455776,0.004697702238275496,0.013049172884098601,0.08155733052561626,0.326229322102465,4.020750038757237e-09,1.2162768867240643e-07,2.573280024804632e-07,5.789880055810421e-07,1.608300015502895e-06,1.0051875096893093e-05,4.020750038757237e-05,4.020750038757237e-09,1.2162768867240643e-07,2.573280024804632e-07,5.789880055810421e-07,1.608300015502895e-06,1.0051875096893093e-05,4.020750038757237e-05
150,-3382025032688172033,original,False,False,819,-0.0014303070396515824,-0.0014303073741267823,-0.0014303070396515824,0.02161106688192804,541215,3.3495583032556364e-10,1.5428066861273117e-15,6.300095608917787e-09,0.00012965537140763208,0,3.1140677893842795e-05,0.0009420055062887445,0.001993003385205939,0.004484257616713363,0.012456271157537118,0.07785169473460699,0.31140677893842794,4.6857699199857755e-09,1.4174454007956972e-07,2.9988927487908963e-07,6.747508684779516e-07,1.8743079679943102e-06,1.171442479996444e-05,4.685769919985776e-05,4.6857699199857755e-09,1.4174454007956972e-07,2.9988927487908963e-07,6.747508684779516e-07,1.8743079679943102e-06,1.171442479996444e-05,4.685769919985776e-05
151,-3514334480441128962,original,False,False,964,-0.0014274274016569174,-0.0014274273667065592,-0.0014274274016569174,0.021295010852566264,539959,-3.500070775074972e-11,-3.8915068393894066e-16,2.0903506826542775e-08,0.0001420972922074757,0,3.0234883701250328e-05,0.0009146052319628224,0.001935032556880021,0.004353823252980047,0.01209395348050013,0.07558720925312581,0.30234883701250326,3.92415362346073e-09,1.1870564710968708e-07,2.511458319014867e-07,5.650781217783452e-07,1.569661449384292e-06,9.810384058651825e-06,3.92415362346073e-05,3.92415362346073e-09,1.1870564710968708e-07,2.511458319014867e-07,5.650781217783452e-07,1.569661449384292e-06,9.810384058651825e-06,3.92415362346073e-05
152,-4736915277332792590,original,False,False,916,-0.0014250882079262376,-0.0014250882884345656,-0.0014250882079262376,0.021326756083802294,538506,8.062375999018849e-11,5.367331974717095e-16,-2.6200422913279237e-08,0.000241852790072822,0,3.032489059356291e-05,0.000917327940455278,0.0019407929979880262,0.004366784245473059,0.012129956237425164,0.07581222648390727,0.3032489059356291,6.563017440232959e-09,1.9853127756704702e-07,4.200331161749094e-07,9.450745113935462e-07,2.6252069760931836e-06,1.64075436005824e-05,6.56301744023296e-05,6.563017440232959e-09,1.9853127756704702e-07,4.200331161749094e-07,9.450745113935462e-07,2.6252069760931836e-06,1.64075436005824e-05,6.56301744023296e-05
153,-8951667395334221029,original,False,False,1030,-0.0014000492564273728,-0.0014000492587556556,-0.0014000492564273728,0.020978560947709616,537026,2.333240321224258e-12,1.6931367936023634e-15,2.033049013651915e-08,0.0001785140637208498,0,2.9347697808534614e-05,0.0008877678587081721,0.0018782526597462153,0.004226068484428984,0.011739079123413846,0.07336924452133653,0.2934769780853461,5.494942857289031e-09,1.6622202143299317e-07,3.51676342866498e-07,7.912717714496205e-07,2.1979771429156124e-06,1.3737357143222577e-05,5.494942857289031e-05,5.494942857289031e-09,1.6622202143299317e-07,3.51676342866498e-07,7.912717714496205e-07,2.1979771429156124e-06,1.3737357143222577e-05,5.494942857289031e-05
154,-6459996376046776568,original,False,False,835,-0.0013432614420049623,-0.0013432613253239185,-0.0013432614420049623,0.02041785399243514,535775,-1.1684302608659083e-10,-5.038493157043719e-15,3.6285588870049836e-08,0.0001555154993188707,0,2.7796131374271924e-05,0.0008408329740717257,0.0017789524079534031,0.004002642917895157,0.011118452549708769,0.06949032843567982,0.27796131374271926,3.0655811405678084e-09,9.27338295021762e-08,1.9619719299633974e-07,4.414436842417644e-07,1.2262324562271234e-06,7.663952851419521e-06,3.0655811405678084e-05,3.0655811405678084e-09,9.27338295021762e-08,1.9619719299633974e-07,4.414436842417644e-07,1.2262324562271234e-06,7.663952851419521e-06,3.0655811405678084e-05
155,6017801573356479305,original,False,False,812,-0.0013770266456462935,-0.0013770266364105499,-0.0013770266456462935,0.020815173714065313,537781,-9.245679983855193e-12,2.799103582607559e-15,-3.229091187481523e-08,0.00016184623473263328,0,2.888899100538318e-05,0.0008738919779128411,0.0018488954243445234,0.0041600147047751775,0.011555596402153272,0.07222247751345795,0.2888899100538318,2.8564936076731617e-09,8.640893163211314e-08,1.8281559089108235e-07,4.1133507950493526e-07,1.1425974430692647e-06,7.141234019182904e-06,2.8564936076731617e-05,2.8564936076731617e-09,8.640893163211314e-08,1.8281559089108235e-07,4.1133507950493526e-07,1.1425974430692647e-06,7.141234019182904e-06,2.8564936076731617e-05
156,-8703920638929076228,original,False,False,818,-0.0013587098523913312,-0.0013587097461014823,-0.0013587098523913312,0.020301464922453796,536243,-1.0643623358960339e-10,-1.7711871990422992e-15,-2.1607768723433945e-08,0.00015894383936544267,0,2.748109265439211e-05,0.0008313030527953613,0.001758789929881095,0.003957277342232464,0.010992437061756843,0.06870273163598027,0.2748109265439211,3.981214680395865e-09,1.2043174408197492e-07,2.5479773954533536e-07,5.732949139770046e-07,1.592485872158346e-06,9.953036700989662e-06,3.981214680395865e-05,3.981214680395865e-09,1.2043174408197492e-07,2.5479773954533536e-07,5.732949139770046e-07,1.592485872158346e-06,9.953036700989662e-06,3.981214680395865e-05
157,-5477346001834174796,original,False,False,14335,-0.0026909683290461703,-0.002690968290708419,-0.0026909683290461703,0.03736785050411037,586920,-3.844265656571634e-11,-1.4609616130323842e-15,2.3615545932341085e-08,0.0001696014682895595,0,9.364195830323105e-05,0.002832669238672739,0.005993085331406787,0.01348444199566527,0.03745678332129242,0.2341048957580776,0.9364195830323104,4.034901613587867e-09,1.2205577381103298e-07,2.582337032696235e-07,5.810258323566529e-07,1.6139606454351469e-06,1.0087254033969668e-05,4.0349016135878674e-05,4.034901613587867e-09,1.2205577381103298e-07,2.582337032696235e-07,5.810258323566529e-07,1.6139606454351469e-06,1.0087254033969668e-05,4.0349016135878674e-05
158,5772248185185181402,original,False,False,24257,-0.0026942449290826257,-0.0026942448932274574,-0.0026942449290826257,0.03945614727820863,586066,-3.594744011607512e-11,4.591745873021659e-15,-1.1258165458371443e-08,0.00011205792578860837,0,0.00010384494932795619,0.0031413097171706745,0.006646076756989196,0.01495367270322569,0.04153797973118248,0.25961237331989045,1.0384494932795618,2.896134315816731e-09,8.760806305345612e-08,1.853525962122708e-07,4.170433414776093e-07,1.1584537263266924e-06,7.2403357895418276e-06,2.896134315816731e-05,2.896134315816731e-09,8.760806305345612e-08,1.853525962122708e-07,4.170433414776093e-07,1.1584537263266924e-06,7.2403357895418276e-06,2.896134315816731e-05
159,1097064344017385559,original,False,False,30957,-0.002639112214156433,-0.0026391120817872487,-0.002639112214156433,0.0379526143574268,585186,-1.3271291814041418e-10,6.527321294433338e-15,4.5210102226277426e-08,0.00010035625762992094,0,9.617961644221736e-05,0.002909433397377075,0.006155495452301911,0.013849864767679299,0.038471846576886945,0.24044904110554338,0.9617961644221735,2.408747990195918e-09,7.286462670342652e-08,1.5415987137253876e-07,3.468597105882122e-07,9.634991960783673e-07,6.021869975489795e-06,2.408747990195918e-05,2.405480208899492e-09,7.276577631920963e-08,1.539507333695675e-07,3.463891500815269e-07,9.62192083559797e-07,6.01370052224873e-06,2.405480208899492e-05
160,2417303751941528151,original,False,False,60290,-0.0026116840456011396,-0.0026116840361282323,-0.0026116840456011396,0.0401816956585814,584214,-9.501639154151336e-12,-3.926549430803096e-15,4.115052083367828e-08,0.00017712204557022686,0,0.00010770802689134109,0.003258167813463068,0.00689331372104583,0.015509955872353117,0.043083210756536434,0.2692700672283527,1.077080268913411,3.924929104678764e-09,1.187291054165326e-07,2.5119546269944087e-07,5.65189791073742e-07,1.5699716418715054e-06,9.81232276169691e-06,3.924929104678764e-05,3.921239068970035e-09,1.1861748183634356e-07,2.5095930041408224e-07,5.64658425931685e-07,1.568495627588014e-06,9.803097672425087e-06,3.921239068970035e-05
161,-7184105777832072214,original,False,False,11895,-0.002587383133727296,-0.0025873832435942927,-0.002587383133727296,0.03789286911119681,585242,1.1014079254529571e-10,-1.120970849678399e-14,-5.119809233933077e-08,0.0001393242267556508,0,9.578043376333412e-05,0.002897358121340857,0.006129947760853384,0.013792382461920114,0.03831217350533365,0.23945108440833532,0.9578043376333413,3.959307207900358e-09,1.1976904303898582e-07,2.533956613056229e-07,5.701402379376515e-07,1.583722883160143e-06,9.898268019750895e-06,3.959307207900358e-05,3.959307207900358e-09,1.1976904303898582e-07,2.533956613056229e-07,5.701402379376515e-07,1.583722883160143e-06,9.898268019750895e-06,3.959307207900358e-05
162,-1687024759190033225,original,False,False,13686,-0.0024925965428147087,-0.0024925965108080236,-0.0024925965428147087,0.03664905678681118,584333,-3.2092510959725013e-11,-5.8469465986745866e-15,-3.0743749767572827e-09,0.00017708995989642454,0,8.958468501512832e-05,0.0027099367217076316,0.005733419840968213,0.012900194642178479,0.03583387400605133,0.2239617125378208,0.8958468501512832,3.224150708151552e-09,9.753055892158445e-08,2.0634564532169932e-07,4.6427770197382345e-07,1.2896602832606208e-06,8.06037677037888e-06,3.224150708151552e-05,3.224150708151552e-09,9.753055892158445e-08,2.0634564532169932e-07,4.6427770197382345e-07,1.2896602832606208e-06,8.06037677037888e-06,3.224150708151552e-05
163,-5617688168032174143,original,False,False,15729,-0.0024494333870532523,-0.0024494331530800655,-0.0024494333870532523,0.036788321304259346,583232,-2.3454396676629286e-10,3.7288809354731996e-15,6.047270329131773e-09,0.0001524554155429562,0,9.023475001794225e-05,0.002729601188042753,0.005775024001148304,0.012993804002583684,0.036093900007176896,0.2255868750448556,0.9023475001794224,2.0770308849358454e-09,6.283018426930933e-08,1.329299766358941e-07,2.990924474307617e-07,8.308123539743382e-07,5.192577212339614e-06,2.0770308849358454e-05,2.0770308849358454e-09,6.283018426930933e-08,1.329299766358941e-07,2.990924474307617e-07,8.308123539743382e-07,5.192577212339614e-06,2.0770308849358454e-05
164,7904179219467471799,original,False,False,28203,-0.002450696879832984,-0.0024506969842120496,-0.002450696879832984,0.03763441957251183,581892,1.046295420249754e-10,-5.953450515664993e-15,-4.423684520131385e-08,0.00015841371595514656,0,9.449541176978114e-05,0.0028584862060358793,0.006047706353265993,0.013607339294848484,0.03779816470791245,0.23623852942445284,0.9449541176978113,3.9908676871947734e-09,1.207237475376419e-07,2.554155319804655e-07,5.746849469560474e-07,1.5963470748779094e-06,9.977169217986934e-06,3.990867687194774e-05,3.9933693447743965e-09,1.207994226794255e-07,2.555756380655614e-07,5.750451856475131e-07,1.5973477379097587e-06,9.983423361935992e-06,3.993369344774397e-05
165,5147047235502520025,original,False,False,32730,-0.0023955984559378657,-0.002395598472188803,-0.0023955984559378657,0.03613589596880905,580562,1.630138214488896e-11,1.142053821202863e-14,-1.377227415627922e-09,0.0001695534614143642,0,8.706066331700242e-05,0.0026335850653393233,0.005571882452288155,0.012536735517648348,0.03482426532680097,0.21765165829250605,0.8706066331700242,5.716810404389996e-09,1.729335147327974e-07,3.6587586588095977e-07,8.232206982321595e-07,2.2867241617559984e-06,1.4292026010974991e-05,5.7168104043899966e-05,5.77256055656196e-09,1.7461995683599927e-07,3.694438756199654e-07,8.312487201449221e-07,2.309024222624784e-06,1.4431401391404899e-05,5.7725605565619595e-05
166,2436085802918379483,original,False,False,85485,-0.0023694111518321502,-0.002369411065988101,-0.0023694111518321502,0.035287370404825186,579143,-8.604878568928498e-11,-8.534817417929484e-16,1.1120072402380546e-08,0.00018060368686211291,0,8.301877722637791e-05,0.002511318011097932,0.005313201742488186,0.01195470392059842,0.03320751089055116,0.2075469430659448,0.8301877722637792,4.917426719537751e-09,1.4875215826601697e-07,3.1471531005041607e-07,7.081094476134362e-07,1.9669706878151003e-06,1.2293566798844378e-05,4.917426719537751e-05,4.916992245011059e-09,1.4873901541158453e-07,3.1468750368070777e-07,7.080468832815925e-07,1.9667968980044236e-06,1.2292480612527647e-05,4.916992245011059e-05
167,7101195757876814350,original,False,False,23344,-0.0022962545246905755,-0.002296254492942422,-0.0022962545246905755,0.03406923004653934,577488,-3.1823208529201925e-11,-1.985240504104065e-15,-3.370848078629937e-08,0.00015670024898405496,0,7.739075143242506e-05,0.002341070230830858,0.004953008091675204,0.011144268206269209,0.030956300572970025,0.19347687858106266,0.7739075143242506,6.741137606659595e-09,2.0391941260145276e-07,4.314328068262141e-07,9.707238153589816e-07,2.696455042663838e-06,1.6852844016648988e-05,6.741137606659595e-05,6.7423831481700836e-09,2.0395709023214504e-07,4.3151252148288535e-07,9.70903173336492e-07,2.6969532592680336e-06,1.685595787042521e-05,6.742383148170084e-05
168,8379991454556744001,original,False,False,6002,-0.0022118352725502494,-0.0022118351059507613,-0.0022118352725502494,0.033506445760646826,575705,-1.66965466153991e-10,3.3291130119619326e-15,1.0668865225760954e-09,8.7821800506384e-05,0,7.485892487978868e-05,0.0022644824776136075,0.004790971192306475,0.010779685182689569,0.02994356995191547,0.1871473121994717,0.7485892487978868,1.7679781799489012e-09,5.348133994345426e-08,1.1315060351672968e-07,2.545888579126418e-07,7.071912719795604e-07,4.419945449872253e-06,1.7679781799489013e-05,1.7679781799489012e-09,5.348133994345426e-08,1.1315060351672968e-07,2.545888579126418e-07,7.071912719795604e-07,4.419945449872253e-06,1.7679781799489013e-05
169,301012290643506225,original,False,False,52408,-0.0022245504293724925,-0.0022245504103768484,-0.0022245504293724925,0.03480492467037372,576513,-1.9034311139503272e-11,3.683781892121088e-15,1.4005552488662766e-08,0.00019032995174933731,0,8.092273147310695e-05,0.002447912627061485,0.005179054814278845,0.0116528733321274,0.03236909258924278,0.20230682868276736,0.8092273147310695,5.7440679737475565e-09,1.7375805620586358e-07,3.676203503198436e-07,8.271457882196481e-07,2.2976271894990228e-06,1.4360169934368892e-05,5.744067973747557e-05,5.742193223951963e-09,1.737013450245469e-07,3.6750036633292564e-07,8.268758242490827e-07,2.296877289580785e-06,1.4355483059879909e-05,5.7421932239519634e-05
170,-3586887046219042361,original,False,False,80733,-0.0021441699047524314,-0.002144170158454431,-0.0021441699047524314,0.03774003237921952,574839,2.5423829740116914e-10,-8.850934070930143e-15,5.047226443769337e-09,0.00014129082916848355,0,9.661846112634086e-05,0.002922708449071811,0.006183581512085815,0.013913058402193083,0.038647384450536344,0.24154615281585215,0.9661846112634086,3.7820677403198184e-09,1.144075491446745e-07,2.420523353804684e-07,5.446177546060538e-07,1.5128270961279274e-06,9.455169350799546e-06,3.7820677403198185e-05,6.528194286070556e-09,1.9747787715363433e-07,4.178044343085156e-07,9.400599771941601e-07,2.6112777144282223e-06,1.6320485715176392e-05,6.528194286070557e-05
171,4741900940837093014,original,False,False,23423,-0.002101053351605542,-0.0021010535273840157,-0.002101053351605542,0.03140572705146586,572914,1.7615228170871144e-10,3.7102154495494435e-15,2.0002283037449077e-08,0.00024391775852438975,0,6.576012933136806e-05,0.001989243912273884,0.004208648277207556,0.009469458623717002,0.026304051732547226,0.16440032332842017,0.6576012933136807,7.670654199268304e-09,2.320372895278662e-07,4.909218687531715e-07,1.1045742046946358e-06,3.068261679707322e-06,1.917663549817076e-05,7.670654199268304e-05,7.670654199268304e-09,2.320372895278662e-07,4.909218687531715e-07,1.1045742046946358e-06,3.068261679707322e-06,1.917663549817076e-05,7.670654199268304e-05
172,-6152001905146147359,original,False,False,4838,-0.002045289011258032,-0.002045289130756282,-0.002045289011258032,0.030855468567495294,570717,1.197437479475111e-10,5.88001524529007e-16,-4.5770822392658974e-08,9.22733343663149e-05,0,6.347650469309869e-05,0.0019201642669662354,0.004062496300358316,0.00914061667580621,0.025390601877239474,0.15869126173274672,0.6347650469309869,2.433009397248962e-09,7.35985342667811e-08,1.5571260142393358e-07,3.5035335320385055e-07,9.73203758899585e-07,6.082523493122406e-06,2.4330093972489623e-05,2.433009397248962e-09,7.35985342667811e-08,1.5571260142393358e-07,3.5035335320385055e-07,9.73203758899585e-07,6.082523493122406e-06,2.4330093972489623e-05
173,-3794963383621590559,original,False,False,3390,-0.00198673480922562,-0.001986734680783805,-0.00198673480922562,0.029972249797896845,568404,-1.2870241475571202e-10,-4.912149288885254e-15,4.69995925686022e-09,0.00015493121226540382,0,5.9895905386632665e-05,0.0018118511379456382,0.0038333379447444906,0.008625010375675105,0.023958362154653065,0.14973976346658166,0.5989590538663266,4.86556591948877e-09,1.471833690645353e-07,3.113962188472813e-07,7.006414924063829e-07,1.946226367795508e-06,1.2163914798721926e-05,4.86556591948877e-05,4.86556591948877e-09,1.471833690645353e-07,3.113962188472813e-07,7.006414924063829e-07,1.946226367795508e-06,1.2163914798721926e-05,4.86556591948877e-05
174,4845319676883197567,original,False,False,2370,-0.0019386373359436214,-0.0019386372880848136,-0.0019386373359436214,0.029132899070668287,566073,-4.795417557013025e-11,-2.406527574607414e-15,3.6718146268565215e-08,0.00011687696468904132,0,5.658734857444251e-05,0.0017117672943768858,0.0036215903087643206,0.008148578194719721,0.022634939429777005,0.14146837143610627,0.5658734857444251,3.4458747205738513e-09,1.04237710297359e-07,2.2053598211672648e-07,4.962059597626346e-07,1.3783498882295406e-06,8.614686801434628e-06,3.4458747205738514e-05,3.4458747205738513e-09,1.04237710297359e-07,2.2053598211672648e-07,4.962059597626346e-07,1.3783498882295406e-06,8.614686801434628e-06,3.4458747205738514e-05
175,7692725373477678985,original,False,False,1738,-0.0018870000910119011,-0.0018870001987250247,-0.0018870000910119011,0.028341753516592964,563858,1.0791205550563091e-10,-4.707016399063232e-15,8.329557326605935e-10,0.0001753930373943491,0,5.355631098366073e-05,0.0016200784072557372,0.003427603902954287,0.007712108781647145,0.021422524393464294,0.13389077745915182,0.5355631098366073,3.381465634799112e-09,1.0228933545267314e-07,2.1641380062714318e-07,4.869310514110721e-07,1.3525862539196448e-06,8.45366408699778e-06,3.381465634799112e-05,3.381465634799112e-09,1.0228933545267314e-07,2.1641380062714318e-07,4.869310514110721e-07,1.3525862539196448e-06,8.45366408699778e-06,3.381465634799112e-05
176,4682520894050994598,original,False,False,1408,-0.0018452250197094028,-0.0018452249661428043,-0.0018452250197094028,0.027595487991532587,561619,-5.366900581735085e-11,-3.3822827290936403e-15,9.117875787899523e-09,0.00017012693272464607,0,5.077678501334988e-05,0.001535997746653834,0.0032497142408543923,0.007311857041922383,0.02031071400533995,0.1269419625333747,0.5077678501334988,2.500586932612778e-09,7.564275471153653e-08,1.6003756368721778e-07,3.6008451829624004e-07,1.000234773045111e-06,6.251467331531945e-06,2.500586932612778e-05,2.500586932612778e-09,7.564275471153653e-08,1.6003756368721778e-07,3.6008451829624004e-07,1.000234773045111e-06,6.251467331531945e-06,2.500586932612778e-05
177,5308969469030678964,original,False,False,1281,-0.0017894049406114714,-0.0017894048241508139,-0.0017894049406114714,0.026918498452094305,559241,-1.1667230811391064e-10,-2.881902197612793e-15,4.150993102941808e-08,0.0002009528898689174,0,4.831018529521834e-05,0.0014613831051803548,0.003091851858893974,0.006956666682511441,0.019324074118087335,0.12077546323804585,0.4831018529521834,4.62003874168836e-09,1.397561719360729e-07,2.9568247946805506e-07,6.652855788031239e-07,1.848015496675344e-06,1.1550096854220902e-05,4.6200387416883606e-05,4.62003874168836e-09,1.397561719360729e-07,2.9568247946805506e-07,6.652855788031239e-07,1.848015496675344e-06,1.1550096854220902e-05,4.6200387416883606e-05
178,1986351639798451212,original,False,False,1084,-0.0017634087110210306,-0.0017634087722500774,-0.0017634087110210306,0.026447365680690962,557044,6.133433198740667e-11,-2.8775033565867843e-15,2.6700462683099947e-08,8.523046200039077e-05,0,4.6638622435607386e-05,0.0014108183286771234,0.0029848718358788727,0.006715961630727464,0.018655448974242955,0.11659655608901846,0.46638622435607385,1.0696184258832262e-09,3.2355957382967595e-08,6.845557925652648e-08,1.5402505332718457e-07,4.278473703532905e-07,2.6740460647080657e-06,1.0696184258832263e-05,1.0696184258832262e-09,3.2355957382967595e-08,6.845557925652648e-08,1.5402505332718457e-07,4.278473703532905e-07,2.6740460647080657e-06,1.0696184258832263e-05
179,4848993322037226088,original,False,False,970,-0.001719290671490855,-0.0017192906791841107,-0.001719290671490855,0.02569935080603625,554591,7.706881242111897e-12,3.7587909152194522e-16,-1.4657484407552145e-08,0.00021977451909559875,0,4.4031717671087366e-05,0.0013319594595503927,0.0028180299309495914,0.006340567344636581,0.017612687068434947,0.11007929417771842,0.44031717671087367,4.65592776510568e-09,1.4084181489444683e-07,2.9797937696676353e-07,6.70453598175218e-07,1.862371106042272e-06,1.16398194127642e-05,4.65592776510568e-05,4.65592776510568e-09,1.4084181489444683e-07,2.9797937696676353e-07,6.70453598175218e-07,1.862371106042272e-06,1.16398194127642e-05,4.65592776510568e-05
180,-7424029239143568537,original,False,False,1737,-0.001759616481050718,-0.0017596164557978709,-0.001759616481050718,0.026520742068955817,557646,-2.5300275306330772e-11,-2.9143962088759206e-15,3.0538146861332126e-08,0.00010378235024830405,0,4.689302256654629e-05,0.0014185139326380251,0.0030011534442589624,0.006752595249582665,0.018757209026618517,0.11723255641636572,0.4689302256654629,3.155678376243804e-09,9.545927088137507e-08,2.0196341607960346e-07,4.544176861791078e-07,1.2622713504975215e-06,7.88919594060951e-06,3.155678376243804e-05,3.155678376243804e-09,9.545927088137507e-08,2.0196341607960346e-07,4.544176861791078e-07,1.2622713504975215e-06,7.88919594060951e-06,3.155678376243804e-05
181,1360093079000996977,original,False,False,1392,-0.0017335144287925486,-0.001733514599224235,-0.0017335144287925486,0.02585986499235201,555245,1.7072266275855505e-10,-4.982438631577942e-15,1.9386833119459548e-08,0.00016059957579600296,0,4.458991978880966e-05,0.0013488450736114923,0.0028537548664838183,0.006420948449588591,0.017835967915523863,0.11147479947202416,0.4458991978880966,5.044116026742323e-09,1.5258450980895527e-07,3.228234257115087e-07,7.263527078508946e-07,2.0176464106969294e-06,1.2610290066855809e-05,5.0441160267423234e-05,5.044116026742323e-09,1.5258450980895527e-07,3.228234257115087e-07,7.263527078508946e-07,2.0176464106969294e-06,1.2610290066855809e-05,5.0441160267423234e-05
182,-6744844498101754097,original,False,False,1149,-0.0016707238137080023,-0.0016707238535652973,-0.0016707238137080023,0.025049745132303198,552994,3.992557599330055e-11,1.5788997385501099e-15,3.219862220302885e-08,0.00019485426126888823,0,4.1836220269048224e-05,0.0012655456631387087,0.0026775180972190863,0.0060244157187429445,0.01673448810761929,0.10459055067262056,0.41836220269048224,4.856559588979783e-09,1.4691092756663845e-07,3.108198136947061e-07,6.993445808130888e-07,1.9426238355919134e-06,1.2141398972449458e-05,4.856559588979783e-05,4.856559588979783e-09,1.4691092756663845e-07,3.108198136947061e-07,6.993445808130888e-07,1.9426238355919134e-06,1.2141398972449458e-05,4.856559588979783e-05
183,292507041026089918,original,False,False,1885,-0.0016977436028534053,-0.0016977435773913405,-0.0016977436028534053,0.025209330467116764,554728,-2.5504443758854743e-11,9.226643674878574e-16,-2.1701798929818986e-08,0.00022469406236887864,0,4.237450237159523e-05,0.0012818286967407556,0.0027119681517820946,0.006101928341509713,0.016949800948638093,0.10593625592898807,0.4237450237159523,6.0314145947788056e-09,1.8245029149205888e-07,3.8601053406584356e-07,8.68523701648148e-07,2.4125658379115223e-06,1.5078536486947013e-05,6.0314145947788054e-05,6.0314145947788056e-09,1.8245029149205888e-07,3.8601053406584356e-07,8.68523701648148e-07,2.4125658379115223e-06,1.5078536486947013e-05,6.0314145947788054e-05
184,-494362738084964459,original,False,False,1488,-0.0016336881193458844,-0.0016336880103791861,-0.0016336881193458844,0.024635792052183768,552723,-1.0914635233440178e-10,-1.3452320950034998e-15,-3.2599982180687766e-08,0.00014330781123279984,0,4.0463808385239616e-05,0.0012240302036534984,0.0025896837366553354,0.005826788407474505,0.016185523354095847,0.10115952096309903,0.40463808385239614,3.4544925520896594e-09,1.0449839970071219e-07,2.210875233337382e-07,4.974469275009109e-07,1.3817970208358638e-06,8.636231380224149e-06,3.4544925520896596e-05,3.4544925520896594e-09,1.0449839970071219e-07,2.210875233337382e-07,4.974469275009109e-07,1.3817970208358638e-06,8.636231380224149e-06,3.4544925520896596e-05
185,4286203821752860447,original,False,False,1215,-0.0016040644549327606,-0.001604064574961944,-0.0016040644549327606,0.024061732139545745,550908,1.2022560318747737e-10,3.5758775804578435e-15,2.8249207680517888e-09,0.0001979761244857118,0,3.860057159770882e-05,0.0011676672908306918,0.0024704365822533643,0.0055584823100700695,0.015440228639083528,0.09650142899427204,0.38600571597708816,5.732938586704546e-09,1.734213922478125e-07,3.6690806954909094e-07,8.255431564854546e-07,2.2931754346818183e-06,1.4332346466761365e-05,5.732938586704546e-05,5.732938586704546e-09,1.734213922478125e-07,3.6690806954909094e-07,8.255431564854546e-07,2.2931754346818183e-06,1.4332346466761365e-05,5.732938586704546e-05
186,9059421408528824695,original,False,False,979,-0.0015448004590760712,-0.001544800602914805,-0.0015448004590760712,0.023291982957709574,548633,1.4406177589584972e-10,4.962572613433309e-16,1.7996600078219536e-08,0.00015418079322226645,0,3.617502645205763e-05,0.0010942945501747434,0.0023152016929316884,0.0052092038090962986,0.014470010580823053,0.09043756613014407,0.3617502645205763,3.870481610679875e-09,1.1708206872306622e-07,2.47710823083512e-07,5.57349351937902e-07,1.54819264427195e-06,9.676204026699688e-06,3.870481610679875e-05,3.870481610679875e-09,1.1708206872306622e-07,2.47710823083512e-07,5.57349351937902e-07,1.54819264427195e-06,9.676204026699688e-06,3.870481610679875e-05
187,-911277498008083086,original,False,False,885,-0.0015467362960821997,-0.001546736204610843,-0.0015467362960821997,0.022914466202792323,546642,-9.161309319127077e-11,-3.507194893691161e-17,2.8998779324847306e-08,0.00016459909031464956,0,3.501667371814549e-05,0.0010592543799739012,0.0022410671179613115,0.005042401015412951,0.014006669487258197,0.08754168429536373,0.3501667371814549,5.949697691112897e-09,1.7997835515616515e-07,3.807806522312254e-07,8.567564675202572e-07,2.3798790764451588e-06,1.4874244227782243e-05,5.949697691112897e-05,5.949697691112897e-09,1.7997835515616515e-07,3.807806522312254e-07,8.567564675202572e-07,2.3798790764451588e-06,1.4874244227782243e-05,5.949697691112897e-05
188,7989398146552021048,original,False,False,803,-0.0014782860776118517,-0.0014782860342364972,-0.0014782860776118517,0.022438506997036263,544653,-4.343867572258898e-11,8.950002164447586e-16,6.61087564656422e-09,0.00022598491647669858,0,3.357153605834192e-05,0.0010155389657648432,0.002148578307733883,0.0048343011924012365,0.013428614423336769,0.0839288401458548,0.3357153605834192,6.294529102266974e-09,1.9040950534357597e-07,4.0284986254508636e-07,9.064121907264443e-07,2.5178116409067896e-06,1.5736322755667437e-05,6.294529102266975e-05,6.294529102266974e-09,1.9040950534357597e-07,4.0284986254508636e-07,9.064121907264443e-07,2.5178116409067896e-06,1.5736322755667437e-05,6.294529102266975e-05
189,7965867826821170939,original,False,False,819,-0.0014710022916280313,-0.0014710022828868577,-0.0014710022916280313,0.021927531381833645,542714,-8.754340397628246e-12,-2.895359664867775e-16,9.845767240016968e-09,0.00010947487630536347,0,3.205737293260529e-05,0.0009697355312113101,0.0020516718676867386,0.004616261702295162,0.012822949173042116,0.08014343233151322,0.3205737293260529,3.0279341628203983e-09,9.159500842531705e-08,1.937877864205055e-07,4.360225194461373e-07,1.2111736651281593e-06,7.569835407050996e-06,3.0279341628203983e-05,3.0279341628203983e-09,9.159500842531705e-08,1.937877864205055e-07,4.360225194461373e-07,1.2111736651281593e-06,7.569835407050996e-06,3.0279341628203983e-05
190,438580773431127471,original,False,False,764,-0.0014279345842603166,-0.0014279345599487177,-0.0014279345842603166,0.021419592046174347,541040,-2.434591819284455e-11,4.457496877298388e-16,2.1912085582580985e-08,0.00024439262183648217,0,3.059025582458786e-05,0.0009253552386937828,0.001957776372773623,0.004404996838740652,0.012236102329835146,0.07647563956146966,0.30590255824587864,6.900756328917681e-09,2.0874787894975985e-07,4.416484050507316e-07,9.93708911364146e-07,2.7603025315670725e-06,1.72518908222942e-05,6.90075632891768e-05,6.900756328917681e-09,2.0874787894975985e-07,4.416484050507316e-07,9.93708911364146e-07,2.7603025315670725e-06,1.72518908222942e-05,6.90075632891768e-05
191,-6778631209492961865,original,False,False,839,-0.0014313682639627802,-0.0014313682069417588,-0.0014313682639627802,0.02134260188089443,539599,-5.710105268239384e-11,1.7037857643315956e-15,-7.080554181527542e-09,0.00014225811679140205,0,3.0373513191355163e-05,0.0009187987740384936,0.0019439048442467305,0.004373785899555144,0.012149405276542066,0.0759337829783879,0.3037351319135516,2.614853469705564e-09,7.909931745859331e-08,1.673506220611561e-07,3.7653889963760123e-07,1.0459413878822256e-06,6.5371336742639105e-06,2.6148534697055642e-05,2.6414440817951473e-09,7.99036834743032e-08,1.6905242123488943e-07,3.803679477785012e-07,1.056577632718059e-06,6.603610204487868e-06,2.6414440817951472e-05
192,4595997005430850794,original,False,False,831,-0.0014185137409721653,-0.001418513826903426,-0.0014185137409721653,0.021225022801157623,538144,8.605207637120964e-11,-1.2521157887498682e-15,-1.328488280430518e-08,0.00013098255458889385,0,3.0036374286540002e-05,0.000908600322167835,0.0019223279543385602,0.0043252378972617606,0.012014549714616001,0.07509093571635,0.3003637428654,2.9772854699142694e-09,9.006288546490664e-08,1.9054627007451324e-07,4.287291076676548e-07,1.1909141879657078e-06,7.4432136747856735e-06,2.9772854699142694e-05,2.9772854699142694e-09,9.006288546490664e-08,1.9054627007451324e-07,4.287291076676548e-07,1.1909141879657078e-06,7.4432136747856735e-06,2.9772854699142694e-05
193,5135890857233452995,original,False,False,848,-0.0013492528012520229,-0.0013492528677824,-0.0013492528012520229,0.02054638972220294,536558,6.662086463385429e-11,5.998182643595805e-16,-1.1694781352086939e-08,0.0001801139969405487,0,2.8150563064925438e-05,0.0008515545327139945,0.001801636036155228,0.004053681081349263,0.011260225225970175,0.0703764076623136,0.2815056306492544,6.156666249711066e-09,1.8623915405375976e-07,3.9402663998150824e-07,8.865599399583936e-07,2.4626664998844263e-06,1.5391665624277666e-05,6.156666249711066e-05,6.156666249711066e-09,1.8623915405375976e-07,3.9402663998150824e-07,8.865599399583936e-07,2.4626664998844263e-06,1.5391665624277666e-05,6.156666249711066e-05
194,7362945564587470163,original,False,False,880,-0.0013391073850188128,-0.0013391073524516533,-0.0013391073850188128,0.020142798661627912,535093,-3.2607225181032334e-11,3.603769985470527e-15,-1.7539711957305835e-08,0.00021812151860647593,0,2.7050867285359798e-05,0.0008182887353821339,0.001731255506263027,0.003895324889091811,0.010820346914143918,0.0676271682133995,0.270508672853598,5.92515436230761e-09,1.792359194598052e-07,3.7920987918768705e-07,8.532222281722958e-07,2.370061744923044e-06,1.4812885905769025e-05,5.92515436230761e-05,5.914563948190622e-09,1.789155594327663e-07,3.785320926841998e-07,8.516972085394496e-07,2.365825579276249e-06,1.4786409870476555e-05,5.914563948190622e-05
195,-8545056939643700494,original,False,False,891,-0.001329019389990013,-0.0013290193214115704,-0.001329019389990013,0.020093441253891647,533733,-6.866811189363104e-11,1.593962672039597e-15,1.960855481896827e-08,0.00012125003285469032,0,2.6920810147586637e-05,0.0008143545069644958,0.0017229318494455447,0.003876596661252476,0.010768324059034655,0.0673020253689666,0.2692081014758664,3.664687185300628e-09,1.10856787355344e-07,2.3453997985924019e-07,5.277149546832904e-07,1.465874874120251e-06,9.16171796325157e-06,3.664687185300628e-05,3.664687185300628e-09,1.10856787355344e-07,2.3453997985924019e-07,5.277149546832904e-07,1.465874874120251e-06,9.16171796325157e-06,3.664687185300628e-05
196,-6565366494966343500,original,False,False,886,-0.0013290705112917116,-0.0013290705951641865,-0.0013290705112917116,0.019829880250459616,532558,8.398442025105163e-11,3.2464241959271757e-16,-2.364875196664284e-08,0.00018523474318514962,0,2.6220513455533373e-05,0.0007931705320298845,0.001678112861154136,0.003775753937596806,0.01048820538221335,0.06555128363883343,0.26220513455533373,4.430036374128437e-09,1.3400860031738523e-07,2.8352232794422e-07,6.37925237874495e-07,1.772014549651375e-06,1.1075090935321093e-05,4.430036374128437e-05,4.430036374128437e-09,1.3400860031738523e-07,2.8352232794422e-07,6.37925237874495e-07,1.772014549651375e-06,1.1075090935321093e-05,4.430036374128437e-05
197,9134522288443198981,original,False,False,880,-0.0012977570696631985,-0.0012977571263354418,-0.0012977570696631985,0.019417053650626785,531385,5.674584941039832e-11,-3.626507128622387e-17,-1.1675347095920016e-08,0.00018307747189366674,0,2.514321846890928e-05,0.0007605823586845057,0.001609165982010194,0.0036206234595229365,0.010057287387563712,0.0628580461722732,0.2514321846890928,4.489586035595151e-09,1.3580997757675333e-07,2.873335062780897e-07,6.465003891257018e-07,1.7958344142380604e-06,1.1223965088987878e-05,4.489586035595151e-05,4.489586035595151e-09,1.3580997757675333e-07,2.873335062780897e-07,6.465003891257018e-07,1.7958344142380604e-06,1.1223965088987878e-05,4.489586035595151e-05
198,-5877009095202497638,original,False,False,878,-0.0012993706377901458,-0.001299370752074858,-0.0012993706377901458,0.019474057472164193,532814,1.1443178189163836e-10,-1.6215881814291145e-15,1.4645030853863511e-08,9.391678674694674e-05,0,2.5284569986818534e-05,0.0007648582421012607,0.0016182124791563862,0.0036409780781018687,0.010113827994727414,0.06321142496704633,0.25284569986818534,2.071602370285599e-09,6.266597170113937e-08,1.3258255169827835e-07,2.983107413211263e-07,8.286409481142396e-07,5.179005925713998e-06,2.0716023702855992e-05,2.071602370285599e-09,6.266597170113937e-08,1.3258255169827835e-07,2.983107413211263e-07,8.286409481142396e-07,5.179005925713998e-06,2.0716023702855992e-05
199,8368821859516626255,original,False,False,900,-0.0012971386008677078,-0.0012971385063987133,-0.0012971386008677078,0.019584876378769978,534794,-9.458980475686708e-11,1.888268597422935e-15,-1.093010257318058e-08,7.072088376152838e-05,0,2.557952515919491e-05,0.000773780636065646,0.0016370896101884742,0.003683451622924067,0.010231810063677963,0.06394881289798728,0.2557952515919491,1.0251088237379369e-09,3.100954191807259e-08,6.560696471922796e-08,1.476156706182629e-07,4.1004352949517475e-07,2.562772059344842e-06,1.0251088237379369e-05,1.0251088237379369e-09,3.100954191807259e-08,6.560696471922796e-08,1.476156706182629e-07,4.1004352949517475e-07,2.562772059344842e-06,1.0251088237379369e-05
200,4284899759948700515,original,False,False,949,-0.0013156916808076142,-0.0013156916951868284,-0.0013156916808076142,0.019495961051690706,533526,1.4399947751205954e-11,1.7900798321629916e-15,-2.80808729444954e-08,0.0001829234870871063,0,2.5344379813277492e-05,0.0007666674893516441,0.0016220403080497595,0.0036495906931119588,0.010137751925310997,0.06336094953319373,0.2534437981327749,4.430668810331781e-09,1.3402773151253637e-07,2.8356280386123397e-07,6.380163086877764e-07,1.7722675241327124e-06,1.1076672025829452e-05,4.430668810331781e-05,4.430668810331781e-09,1.3402773151253637e-07,2.8356280386123397e-07,6.380163086877764e-07,1.7722675241327124e-06,1.1076672025829452e-05,4.430668810331781e-05
201,3373050437647271225,original,False,False,808,-0.0012773727687518414,-0.0012773728696252352,-0.0012773727687518414,0.01917958951331907,532335,1.0100255930991644e-10,1.4774190404746654e-16,2.7316100920265245e-08,0.00020415856384279872,0,2.4527949728558083e-05,0.000741970479288882,0.0015697887826277173,0.003532024760912364,0.009811179891423234,0.061319874321395205,0.24527949728558082,4.681925786563235e-09,1.4162825504353787e-07,2.9964325034004703e-07,6.741973132651058e-07,1.8727703146252939e-06,1.1704814466408088e-05,4.681925786563235e-05,4.681925786563235e-09,1.4162825504353787e-07,2.9964325034004703e-07,6.741973132651058e-07,1.8727703146252939e-06,1.1704814466408088e-05,4.681925786563235e-05
202,-8495990311239672876,original,False,False,856,-0.0012796322945029866,-0.0012796322656227958,-0.0012796322945029866,0.019093632780803,531253,-2.8917838422273358e-11,-6.443933825570306e-16,3.1406427004655705e-11,9.645926313148133e-05,0,2.4309284402496295e-05,0.0007353558531755129,0.0015557942017597629,0.0035005369539594664,0.009723713760998518,0.06077321100624074,0.24309284402496295,2.672801901854308e-09,8.085225753109282e-08,1.7105932171867571e-07,3.8488347386702037e-07,1.0691207607417232e-06,6.68200475463577e-06,2.672801901854308e-05,2.672801901854308e-09,8.085225753109282e-08,1.7105932171867571e-07,3.8488347386702037e-07,1.0691207607417232e-06,6.68200475463577e-06,2.672801901854308e-05
203,3028182655278719879,original,False,False,852,-0.0012693471820385124,-0.001269347024745511,-0.0012693471820385124,0.01899597660901055,530275,-1.5749178712915517e-10,1.1274382682410596e-15,3.830823949315427e-09,0.00017452675397842124,0,2.4063784763706323e-05,0.0007279294891021162,0.0015400822248772047,0.0034651850059737106,0.00962551390548253,0.060159461909265806,0.24063784763706322,3.8045936723737106e-09,1.1508895858930475e-07,2.434939950319175e-07,5.478614888218144e-07,1.5218374689494843e-06,9.511484180934276e-06,3.80459367237371e-05,3.8045936723737106e-09,1.1508895858930475e-07,2.434939950319175e-07,5.478614888218144e-07,1.5218374689494843e-06,9.511484180934276e-06,3.80459367237371e-05
204,-2873349777082751080,original,False,False,814,-0.0012277219563758158,-0.0012277219898320392,-0.0012277219563758158,0.018356747425110932,529154,3.3499381188524186e-11,2.0322357518036844e-15,-6.265305906075093e-09,0.00013339291922197946,0,2.2470574999645784e-05,0.0006797348937392849,0.0014381167999773302,0.003235762799948993,0.008988229999858313,0.05617643749911446,0.22470574999645784,4.216441044682607e-09,1.2754734160164887e-07,2.6985222685968685e-07,6.071675104342954e-07,1.6865764178730428e-06,1.0541102611706517e-05,4.216441044682607e-05,4.216441044682607e-09,1.2754734160164887e-07,2.6985222685968685e-07,6.071675104342954e-07,1.6865764178730428e-06,1.0541102611706517e-05,4.216441044682607e-05
205,6132911144482525106,original,False,False,878,-0.0011894388754829103,-0.0011894389771829907,-0.0011894388754829103,0.017862300305695578,528180,1.0181851344531947e-10,-2.677202274412977e-15,2.6520295393446182e-08,9.447316880222468e-05,0,2.12743523358355e-05,0.0006435491581590238,0.001361558549493472,0.003063506736360312,0.008509740934334199,0.053185880839588744,0.21274352335835497,2.2844980635955764e-09,6.910606642376619e-08,1.462078760701169e-07,3.28967721157763e-07,9.137992254382306e-07,5.711245158988941e-06,2.2844980635955763e-05,2.2844980635955764e-09,6.910606642376619e-08,1.462078760701169e-07,3.28967721157763e-07,9.137992254382306e-07,5.711245158988941e-06,2.2844980635955763e-05
206,2381010480040999267,original,False,False,1064,-0.0011533263686768313,-0.0011533266092350375,-0.0011533263686768313,0.017457366462789885,527057,2.4083777202222774e-10,1.8031947900484088e-15,-9.853269446132371e-09,0.0001785861724962085,0,2.0324829571073298e-05,0.0006148260945249672,0.001300789092548691,0.002926775458234555,0.008129931828429318,0.05081207392768324,0.20324829571073297,4.458940003562372e-09,1.3488293510776176e-07,2.853721602279918e-07,6.420873605129815e-07,1.7835760014249488e-06,1.1147350008905929e-05,4.4589400035623716e-05,4.458940003562372e-09,1.3488293510776176e-07,2.853721602279918e-07,6.420873605129815e-07,1.7835760014249488e-06,1.1147350008905929e-05,4.4589400035623716e-05
207,-1731295501536661983,original,False,False,15847,-0.002497522643390626,-0.0024975226023824346,-0.002497522643390626,0.03669182925529921,584063,-4.11180660784999e-11,-7.198788236202962e-15,4.814554360083936e-08,8.35073630844566e-05,0,8.97926348560785e-05,0.0027162272043963747,0.005746728630789024,0.012930139419275304,0.0359170539424314,0.22448158714019625,0.897926348560785,1.5607109047652433e-09,4.7211504869148614e-08,9.988549790497557e-08,2.2474237028619505e-07,6.242843619060973e-07,3.901777261913108e-06,1.5607109047652433e-05,1.5539139823124506e-09,4.7005897964951634e-08,9.945049486799684e-08,2.237636134529929e-07,6.215655929249802e-07,3.884784955781126e-06,1.5539139823124506e-05
208,-5053559244105775875,original,False,False,28358,-0.0024727317545654008,-0.0024727317750416777,-0.0024727317545654008,0.0385081975856321,582833,2.0534352604957782e-11,7.317833782850043e-15,2.31794167066882e-08,0.00012616520072981596,0,9.898074011621935e-05,0.0029941673885156353,0.006334767367438038,0.014253226576735585,0.039592296046487736,0.24745185029054836,0.9898074011621935,3.57442673491219e-09,1.0812640873109375e-07,2.2876331103438015e-07,5.147174498273553e-07,1.429770693964876e-06,8.936066837280475e-06,3.57442673491219e-05,3.572914793207938e-09,1.0808067249454013e-07,2.2866654676530804e-07,5.144997302219432e-07,1.4291659172831753e-06,8.932286983019846e-06,3.5729147932079384e-05
209,4127491483248866129,original,False,False,45850,-0.0024285986703943933,-0.0024285987348964524,-0.0024285986703943933,0.037066187723664636,581238,6.465374519650887e-11,-5.345052980432353e-15,2.6265048051041715e-08,0.00017909754276806698,0,9.16286211326341e-05,0.0027717657892621815,0.005864231752488582,0.01319452144309931,0.03665144845305364,0.22907155283158523,0.9162862113263409,4.8445615324081015e-09,1.4654798635534506e-07,3.100519380741185e-07,6.976168606667666e-07,1.9378246129632406e-06,1.2111403831020254e-05,4.8445615324081016e-05,4.84215951609774e-09,1.4647532536195664e-07,3.098982090302554e-07,6.972709703180747e-07,1.936863806439096e-06,1.210539879024435e-05,4.84215951609774e-05
210,2624850498654300649,original,False,False,452125,-0.002395220701491296,-0.0023952207703923484,-0.002395220701491296,0.0365263820791153,579696,6.907181392679612e-11,5.331919580173102e-15,2.6786684269010225e-08,0.0001798551775113662,0,8.898128589107021e-05,0.002691683898204874,0.0056948022970284935,0.01281330516831411,0.03559251435642809,0.2224532147276755,0.889812858910702,5.3527901113221415e-09,1.6192190086749477e-07,3.4257856712461705e-07,7.708017760303883e-07,2.1411160445288568e-06,1.3381975278305353e-05,5.352790111322141e-05,5.351275601887786e-09,1.6187608695710552e-07,3.424816385208183e-07,7.705836866718412e-07,2.1405102407551146e-06,1.3378189004719466e-05,5.3512756018877864e-05
211,-2027716730589444835,original,False,False,10746,-0.0022974008841188916,-0.002297400852003188,-0.0022974008841188916,0.034529872086672006,577949,-3.218659293505204e-11,3.06364823569653e-15,-2.888790099938901e-09,6.406010147412878e-05,0,7.949037080170367e-05,0.0024045837167515362,0.005087383731309035,0.011446613395445329,0.03179614832068147,0.19872592700425917,0.7949037080170367,1.183259612226256e-09,3.579360326984424e-08,7.572861518248038e-08,1.7038938416058084e-07,4.7330384489050236e-07,2.95814903056564e-06,1.183259612226256e-05,1.183259612226256e-09,3.579360326984424e-08,7.572861518248038e-08,1.7038938416058084e-07,4.7330384489050236e-07,2.95814903056564e-06,1.183259612226256e-05
212,558745826743862378,original,False,False,30359,-0.0023111753014260603,-0.002311175443103544,-0.0023111753014260603,0.035067773364275155,578378,1.4200816276613806e-10,2.4791098884998526e-15,3.5047741171281613e-08,0.00021156993845801894,0,8.199533562095794e-05,0.0024803589025339775,0.005247701479741308,0.011807328329417943,0.032798134248383175,0.20498833905239483,0.8199533562095793,4.467991359319522e-09,1.3515673861941553e-07,2.859514469964494e-07,6.433907557420111e-07,1.7871965437278087e-06,1.1169978398298805e-05,4.467991359319522e-05,4.465621639459353e-09,1.3508505459364543e-07,2.8579978492539857e-07,6.430495160821468e-07,1.786248655783741e-06,1.1164054098648382e-05,4.465621639459353e-05
213,3012439509419244002,original,False,False,70655,-0.0022169079676686763,-0.0022169078959615833,-0.0022169079676686763,0.03732828768523122,576377,-7.185638529577329e-11,1.002889478050143e-14,-2.3306295540560223e-08,0.0001231332467820816,0,9.389674501149391e-05,0.0028403765365976907,0.0060093916807356105,0.013521131281655123,0.03755869800459757,0.23474186252873477,0.9389674501149391,2.3543676722212887e-09,7.121962208469398e-08,1.5067953102216247e-07,3.3902894479986557e-07,9.417470688885154e-07,5.885919180553221e-06,2.3543676722212885e-05,2.3556086410920273e-09,7.125716139303382e-08,1.5075895302988975e-07,3.392076443172519e-07,9.422434564368109e-07,5.889021602730068e-06,2.3556086410920272e-05
214,2773674355113755704,original,False,False,9740,-0.002130381240728235,-0.0021303813019624917,-0.002130381240728235,0.03228294212486074,574469,6.136528895840669e-11,3.0135074759921417e-16,4.180821245262704e-08,0.0001141591649863193,0,6.948719152560814e-05,0.002101987543649646,0.004447180257638921,0.010006155579687571,0.027794876610243255,0.17371797881402035,0.6948719152560814,2.7545007423216693e-09,8.33236474552305e-08,1.7628804750858683e-07,3.9664810689432037e-07,1.1018002969286676e-06,6.886251855804173e-06,2.7545007423216692e-05,2.7500939739740504e-09,8.319034271271502e-08,1.7600601433433922e-07,3.9601353225226326e-07,1.1000375895896202e-06,6.875234934935126e-06,2.7500939739740503e-05
215,6004664025763435665,original,False,False,5312,-0.0020970831950688803,-0.0020970831290266444,-0.0020970831950688803,0.03141062551242016,572123,-6.618585429075192e-11,-4.8311574703967874e-15,2.731128948999553e-08,7.157265931167371e-05,0,6.578103892529429e-05,0.001989876427490152,0.0042099864912188345,0.009472469605242378,0.026312415570117716,0.16445259731323572,0.6578103892529429,1.8704392315575258e-09,5.6580786754615155e-08,1.1970811081968165e-07,2.693432493442837e-07,7.481756926230103e-07,4.676098078893815e-06,1.870439231557526e-05,1.8704392315575258e-09,5.6580786754615155e-08,1.1970811081968165e-07,2.693432493442837e-07,7.481756926230103e-07,4.676098078893815e-06,1.870439231557526e-05
216,-1024630795915434097,original,False,False,3115,-0.002022100947067808,-0.0020221009285049207,-0.002022100947067808,0.03044301891579008,569750,-1.8603034195493862e-11,-2.5346844814192424e-15,1.7036735268926655e-08,0.00015675816468927224,0,6.179036608988549e-05,0.001869158574219036,0.003954583429752671,0.00889781271694351,0.024716146435954194,0.1544759152247137,0.6179036608988548,4.056127802369101e-09,1.226978660216653e-07,2.5959217935162246e-07,5.840824035411506e-07,1.6224511209476404e-06,1.0140319505922753e-05,4.056127802369101e-05,4.056127802369101e-09,1.226978660216653e-07,2.5959217935162246e-07,5.840824035411506e-07,1.6224511209476404e-06,1.0140319505922753e-05,4.056127802369101e-05
217,3842458290801568324,original,False,False,2267,-0.0019662084071283103,-0.001966208380014374,-0.0019662084071283103,0.02941620664952493,567050,-2.716189069409541e-11,5.4623905548157275e-15,-3.2080268521658356e-08,0.00021588101210844894,0,5.7690479452613406e-05,0.0017451370034415555,0.003692190684967258,0.008307429041176331,0.023076191781045363,0.14422619863153352,0.5769047945261341,5.862689383968346e-09,1.7734635386504247e-07,3.7521212057397414e-07,8.442272712914418e-07,2.3450757535873384e-06,1.4656723459920865e-05,5.862689383968346e-05,5.862689383968346e-09,1.7734635386504247e-07,3.7521212057397414e-07,8.442272712914418e-07,2.3450757535873384e-06,1.4656723459920865e-05,5.862689383968346e-05
218,2209778226483790798,original,False,False,74325,-0.002009259813418668,-0.0020092599853027463,-0.002009259813418668,0.03172997788772304,570060,1.722318966974225e-10,1.7631648970032032e-15,-5.919750963260772e-09,0.000147732967667436,0,6.723614621133186e-05,0.002033893422892789,0.004303113357525239,0.00968200505443179,0.026894458484532747,0.16809036552832965,0.6723614621133186,2.5738657537802433e-09,7.785943905185237e-08,1.6472740824193557e-07,3.7063666854435507e-07,1.0295463015120973e-06,6.434664384450608e-06,2.5738657537802432e-05,2.5732751544664636e-09,7.784157342261052e-08,1.6468960988585367e-07,3.7055162224317077e-07,1.0293100617865855e-06,6.433187886166159e-06,2.5732751544664636e-05
219,-4291463142835238211,original,False,False,10318,-0.0019760838412376286,-0.0019760840362842928,-0.0019760838412376286,0.02943743396967104,567484,1.9543594918548326e-10,3.0931286491118575e-15,3.3760329992933864e-08,0.00022334571468257854,0,5.777389803548043e-05,0.0017476604155732829,0.0036975294742707474,0.008319441317109181,0.023109559214192173,0.14443474508870108,0.5777389803548043,6.666778584441876e-09,2.0167005217936675e-07,4.2667382940428005e-07,9.6001611615963e-07,2.6667114337767505e-06,1.666694646110469e-05,6.666778584441876e-05,6.666778584441876e-09,2.0167005217936675e-07,4.2667382940428005e-07,9.6001611615963e-07,2.6667114337767505e-06,1.666694646110469e-05,6.666778584441876e-05
220,-4413337382608551205,original,False,False,4079,-0.001912980994220619,-0.001912981171286785,-0.001912980994220619,0.02856923109230558,564928,1.7740456321625017e-10,-9.762656786175613e-16,-3.403391468081884e-08,0.00011577798909583147,0,5.442032737776932e-05,0.001646214903177522,0.0034829009521772365,0.007836527142398781,0.021768130951107727,0.1360508184444233,0.5442032737776932,3.5450801977413887e-09,1.0723867598167701e-07,2.2688513265544888e-07,5.104915484747599e-07,1.4180320790965554e-06,8.862700494353472e-06,3.545080197741389e-05,3.5450801977413887e-09,1.0723867598167701e-07,2.2688513265544888e-07,5.104915484747599e-07,1.4180320790965554e-06,8.862700494353472e-06,3.545080197741389e-05
221,-3190827822836241740,original,False,False,2678,-0.0018449679066640337,-0.0018449677768555598,-0.0018449679066640337,0.027790015286078572,562497,-1.3005356743706293e-10,-5.1585329978328e-15,-9.691987132705126e-09,0.00019134087993868119,0,5.148907630095791e-05,0.0015575445581039768,0.0032953008832613062,0.007414426987337939,0.020595630520383164,0.12872269075239479,0.5148907630095791,5.588915535537078e-09,1.6906469494999662e-07,3.57690594274373e-07,8.048038371173392e-07,2.235566214214831e-06,1.3972288838842695e-05,5.588915535537078e-05,5.588915535537078e-09,1.6906469494999662e-07,3.57690594274373e-07,8.048038371173392e-07,2.235566214214831e-06,1.3972288838842695e-05,5.588915535537078e-05
222,-941452816083932425,original,False,False,2017,-0.0018183716921152703,-0.0018183716750026031,-0.0018183716921152703,0.027026228033459877,559762,-1.7142119777946794e-11,1.7212417669902322e-15,2.9592687864638043e-08,0.00013713251506009515,0,4.8697990016601744e-05,0.0014731141980022027,0.0031166713610625116,0.007012510562390651,0.0194791960066407,0.12174497504150436,0.48697990016601744,4.66105411342103e-09,1.4099688693098615e-07,2.983074632589459e-07,6.711917923326283e-07,1.8644216453684118e-06,1.1652635283552575e-05,4.66105411342103e-05,4.6121653712813694e-09,1.3951800248126144e-07,2.9517858376200764e-07,6.641518134645172e-07,1.8448661485125478e-06,1.1530413428203423e-05,4.612165371281369e-05
223,8116644692213150786,original,False,False,1521,-0.001761859144214705,-0.0017618590981800543,-0.001761859144214705,0.02647318674077801,557382,-4.611772611574127e-11,-1.825793533725445e-15,-3.447110507114436e-08,0.00022560409271825345,0,4.672616093283564e-05,0.001413466368218278,0.002990474299701481,0.0067285671743283326,0.018690464373134257,0.1168154023320891,0.4672616093283564,6.133907297477909e-09,1.8555069574870674e-07,3.9257006703858617e-07,8.832826508368188e-07,2.4535629189911637e-06,1.533476824369477e-05,6.133907297477908e-05,6.133907297477909e-09,1.8555069574870674e-07,3.9257006703858617e-07,8.832826508368188e-07,2.4535629189911637e-06,1.533476824369477e-05,6.133907297477908e-05
224,-8487416300262662024,original,False,False,1153,-0.0017238345722856059,-0.0017238345112801908,-0.0017238345722856059,0.025604993141976642,554710,-6.111600122728242e-11,-5.2413775850696284e-15,-3.142680893333438e-08,0.00015578418816072115,0,4.3713245787462214e-05,0.001322325685070732,0.0027976477303975817,0.006294707393394559,0.017485298314984885,0.10928311446865553,0.4371324578746221,3.4374316778533694e-09,1.0398230825506443e-07,2.1999562738261564e-07,4.949901616108852e-07,1.3749726711413478e-06,8.593579194633424e-06,3.4374316778533695e-05,3.4374316778533694e-09,1.0398230825506443e-07,2.1999562738261564e-07,4.949901616108852e-07,1.3749726711413478e-06,8.593579194633424e-06,3.4374316778533695e-05
225,7644706596313879549,original,False,False,1019,-0.0016440072975879472,-0.00164400723511892,-0.0016440072975879472,0.02469992418089603,552407,-6.257416866472348e-11,-2.2728275341175663e-15,-1.9501654634045332e-08,0.0002092540707746248,0,4.067715122684981e-05,0.0012304838246122067,0.002603337678518388,0.005857509776666373,0.016270860490739926,0.10169287806712453,0.4067715122684981,5.581796025467058e-09,1.688493297703785e-07,3.5723494562989173e-07,8.037786276672564e-07,2.232718410186823e-06,1.3954490063667646e-05,5.581796025467058e-05,5.581796025467058e-09,1.688493297703785e-07,3.5723494562989173e-07,8.037786276672564e-07,2.232718410186823e-06,1.3954490063667646e-05,5.581796025467058e-05
226,-3769364983360661655,original,False,False,876,-0.001582582393943629,-0.0015825824043589384,-0.001582582393943629,0.023971010653517196,550085,1.042934877754731e-11,-2.469813798485781e-15,2.9794996293942497e-08,0.00018138957193391102,0,3.831206189513235e-05,0.0011589398723277538,0.0024519719612884705,0.0055169369128990585,0.01532482475805294,0.09578015473783089,0.38312061895132354,3.993660975825305e-09,1.2080824451871548e-07,2.5559430245281954e-07,5.75087180518844e-07,1.5974643903301221e-06,9.984152439563263e-06,3.993660975825305e-05,3.993660975825305e-09,1.2080824451871548e-07,2.5559430245281954e-07,5.75087180518844e-07,1.5974643903301221e-06,9.984152439563263e-06,3.993660975825305e-05
227,2751584180605273171,original,False,False,1247,-0.0016087419099684221,-0.0016087421373020792,-0.0016087419099684221,0.024193338450496694,551565,2.277022099340658e-10,2.2422478302731373e-15,3.454051710105563e-08,0.00012924595188090632,0,3.902447460717595e-05,0.0011804903568670725,0.002497566374859261,0.005619524343433337,0.01560978984287038,0.09756118651793988,0.3902447460717595,5.4799554277610134e-09,1.6576865168977065e-07,3.5071714737670486e-07,7.891135815975859e-07,2.1919821711044054e-06,1.3699888569402533e-05,5.479955427761013e-05,5.470766922403293e-09,1.654906994026996e-07,3.5012908303381073e-07,7.877904368260741e-07,2.188306768961317e-06,1.3676917306008232e-05,5.470766922403293e-05
228,-2835359038093186969,original,False,False,952,-0.0015632705354422078,-0.0015632706962492627,-0.0015632705354422078,0.02343613010182259,549331,1.6106111302887863e-10,2.2795833483343715e-15,-3.9503619617395475e-08,0.0001922409982177852,0,3.6622625603712046e-05,0.0011078344245122893,0.002343848038637571,0.005273658086934535,0.014649050241484819,0.09155656400928011,0.36622625603712045,5.971319803412851e-09,1.8063242405323875e-07,3.8216446741842245e-07,8.598700516914505e-07,2.3885279213651403e-06,1.4928299508532127e-05,5.9713198034128506e-05,5.971319803412851e-09,1.8063242405323875e-07,3.8216446741842245e-07,8.598700516914505e-07,2.3885279213651403e-06,1.4928299508532127e-05,5.9713198034128506e-05
229,4584227300182927455,original,False,False,841,-0.001548734676403472,-0.0015487346946460275,-0.001548734676403472,0.023042239375989752,547056,1.8269615186772312e-11,-1.2369559617984986e-15,-3.213876766988359e-08,0.00013039138231628293,0,3.540120802494064e-05,0.0010708865427544543,0.002265677313596201,0.005097773955591452,0.014160483209976255,0.0885030200623516,0.3540120802494064,5.4391061908849054e-09,1.645329622742684e-07,3.4810279621663395e-07,7.832312914874264e-07,2.1756424763539623e-06,1.3597765477212264e-05,5.4391061908849054e-05,5.4391061908849054e-09,1.645329622742684e-07,3.4810279621663395e-07,7.832312914874264e-07,2.1756424763539623e-06,1.3597765477212264e-05,5.4391061908849054e-05
230,1166511448714078231,original,False,False,1016,-0.0014823335721236436,-0.001482333599337119,-0.0014823335721236436,0.022486804635963028,544824,2.72509428720299e-11,-2.931708825845594e-15,-3.4135594044489795e-08,0.00013744017856317625,0,3.371498179319512e-05,0.0010198781992441523,0.0021577588347644876,0.004854957378220098,0.013485992717278048,0.0842874544829878,0.3371498179319512,3.286637113481674e-09,9.942077268282064e-08,2.1034477526282712e-07,4.7327574434136103e-07,1.3146548453926695e-06,8.216592783704185e-06,3.286637113481674e-05,3.286637113481674e-09,9.942077268282064e-08,2.1034477526282712e-07,4.7327574434136103e-07,1.3146548453926695e-06,8.216592783704185e-06,3.286637113481674e-05
231,7543693410447553178,original,False,False,748,-0.001467995911031699,-0.0014679958097367335,-0.001467995911031699,0.021863092389255545,542688,-1.0144455054965033e-10,-6.659148146186417e-16,1.2417972935106174e-08,0.00017592640673905216,0,3.1869485849091274e-05,0.000964051946935011,0.0020396470943418415,0.0045892059622691436,0.01274779433963651,0.07967371462272818,0.3186948584909127,4.856388140293545e-09,1.4690574124387976e-07,3.108088409787869e-07,6.993198922022705e-07,1.942555256117418e-06,1.2140970350733864e-05,4.8563881402935456e-05,4.856388140293545e-09,1.4690574124387976e-07,3.108088409787869e-07,6.993198922022705e-07,1.942555256117418e-06,1.2140970350733864e-05,4.8563881402935456e-05
232,272016774917937637,original,False,False,799,-0.0014243519443690907,-0.0014243519799288118,-0.0014243519443690907,0.021370360034686234,540873,3.561318286609583e-11,2.7398486423830557e-15,-2.951610662124355e-09,0.00015431153166226317,0,3.045253558249997e-05,0.000921189201370624,0.001948962277279998,0.004385165123879996,0.012181014232999988,0.07613133895624992,0.3045253558249997,4.279637908920369e-09,1.2945904674484118e-07,2.738968261709036e-07,6.162678588845331e-07,1.7118551635681477e-06,1.0699094772300924e-05,4.2796379089203694e-05,4.279637908920369e-09,1.2945904674484118e-07,2.738968261709036e-07,6.162678588845331e-07,1.7118551635681477e-06,1.0699094772300924e-05,4.2796379089203694e-05
233,7845801432670644342,original,False,False,946,-0.0014174741971070112,-0.001417474205594499,-0.0014174741971070112,0.021368357182173576,539259,8.496866325914102e-12,-2.6694438448155327e-15,-3.0571718096258075e-08,0.0002668950716609778,0,3.0445596736832044e-05,0.0009209793012891693,0.0019485181911572508,0.004384165930103814,0.012178238694732817,0.0761139918420801,0.3044559673683204,7.870925944002893e-09,2.3809550980608752e-07,5.037392604161851e-07,1.1334133359364165e-06,3.1483703776011573e-06,1.9677314860007233e-05,7.870925944002893e-05,7.870925944002893e-09,2.3809550980608752e-07,5.037392604161851e-07,1.1334133359364165e-06,3.1483703776011573e-06,1.9677314860007233e-05,7.870925944002893e-05
234,7117523013549854810,original,False,False,998,-0.0014110692628218346,-0.0014110691856774546,-0.0014110692628218346,0.02106935131889229,537690,-7.725503511758907e-11,-1.645226406437075e-15,-1.6973036824545256e-08,0.0002571845451358983,0,2.9598179484261343e-05,0.0008953449293989057,0.001894283486992726,0.004262137845733633,0.011839271793704538,0.07399544871065336,0.29598179484261344,7.117696332895737e-09,2.1531031407009604e-07,4.5553256530532715e-07,1.0249482719369862e-06,2.8470785331582945e-06,1.7794240832239343e-05,7.117696332895737e-05,7.117696332895737e-09,2.1531031407009604e-07,4.5553256530532715e-07,1.0249482719369862e-06,2.8470785331582945e-06,1.7794240832239343e-05,7.117696332895737e-05
235,-2990628234003044567,original,False,False,822,-0.0013458556633682637,-0.0013458557217620765,-0.0013458556633682637,0.02034234311520755,536112,5.847452325560355e-11,2.01497907229632e-15,8.661864297121918e-09,0.00013329528503052833,0,2.7590059577651188e-05,0.0008345993022239484,0.001765763812969676,0.003972968579181771,0.011036023831060475,0.06897514894412797,0.2759005957765119,2.859595738882759e-09,8.650277110120346e-08,1.8301412728849657e-07,4.117817863991173e-07,1.1438382955531037e-06,7.148989347206897e-06,2.859595738882759e-05,2.859595738882759e-09,8.650277110120346e-08,1.8301412728849657e-07,4.117817863991173e-07,1.1438382955531037e-06,7.148989347206897e-06,2.859595738882759e-05
236,-8152075341302238326,original,False,False,897,-0.0013526096835763193,-0.0013526097840931366,-0.0013526096835763193,0.020204777848488904,534452,1.0065166244584921e-10,-1.2991981812925808e-15,-2.394108299386033e-08,0.00017856707202213405,0,2.7217893332398337e-05,0.0008233412733050497,0.0017419451732734936,0.003919376639865361,0.010887157332959335,0.06804473333099584,0.27217893332398335,6.426049017326524e-09,1.9438798277412733e-07,4.112671371088975e-07,9.253510584950194e-07,2.5704196069306094e-06,1.606512254331631e-05,6.426049017326524e-05,6.426049017326524e-09,1.9438798277412733e-07,4.112671371088975e-07,9.253510584950194e-07,2.5704196069306094e-06,1.606512254331631e-05,6.426049017326524e-05
237,-3564670660655344903,original,False,False,775,-0.0013472906697762032,-0.0013472906438554064,-0.0013472906697762032,0.02028907871702594,536563,-2.595531556915541e-11,4.511801184063861e-16,-9.47823413308282e-10,0.0001324679476835007,0,2.7450655172575934e-05,0.000830382318970422,0.0017568419310448598,0.0039528943448509345,0.010980262069030374,0.06862663793143983,0.27450655172575933,3.4511880224833007e-09,1.0439843768011984e-07,2.2087603343893124e-07,4.969710752375952e-07,1.3804752089933202e-06,8.627970056208252e-06,3.4511880224833006e-05,3.4511880224833007e-09,1.0439843768011984e-07,2.2087603343893124e-07,4.969710752375952e-07,1.3804752089933202e-06,8.627970056208252e-06,3.4511880224833006e-05
238,4917576617425171381,original,False,False,1031,-0.001336192455835728,-0.0013361925291473322,-0.001336192455835728,0.02002562909641266,534969,7.34092880351141e-11,-4.0558453008212145e-16,-1.7937917034940852e-08,0.00021557919238546496,0,2.6739260676175177e-05,0.0008088626354542991,0.0017113126832752114,0.0038504535373692257,0.01069570427047007,0.06684815169043794,0.26739260676175175,5.450635380856858e-09,1.6488172027091996e-07,3.4884066437483894e-07,7.848914948433876e-07,2.1802541523427432e-06,1.3626588452142147e-05,5.450635380856859e-05,5.450635380856858e-09,1.6488172027091996e-07,3.4884066437483894e-07,7.848914948433876e-07,2.1802541523427432e-06,1.3626588452142147e-05,5.450635380856859e-05
239,8848920059399090324,original,False,False,790,-0.0013157226370602018,-0.0013157225207937717,-0.0013157226370602018,0.019694214998075377,533659,-1.1642203532787688e-10,-2.4293402018625642e-15,-1.637379735556652e-08,0.0001677156376969674,0,2.5862285868826563e-05,0.0007823341475320035,0.0016551862956049,0.003724169165111025,0.010344914347530626,0.0646557146720664,0.2586228586882656,3.933884290781583e-09,1.1899999979614288e-07,2.517685946100213e-07,5.664793378725479e-07,1.573553716312633e-06,9.834710726953957e-06,3.933884290781583e-05,3.933884290781583e-09,1.1899999979614288e-07,2.517685946100213e-07,5.664793378725479e-07,1.573553716312633e-06,9.834710726953957e-06,3.933884290781583e-05
240,1197656198572114558,original,False,False,824,-0.0012944022021471602,-0.0012944022187774038,-0.0012944022021471602,0.019264226125789624,532268,1.6650836836884824e-11,-9.61029202968469e-16,3.4372743234016e-08,0.00021727393342945505,0,2.4745436504050886e-05,0.0007485494542475393,0.0015837079362592567,0.0035633428565833274,0.009898174601620355,0.061863591260127214,0.24745436504050886,3.6755203733701645e-09,1.1118449129444748e-07,2.3523330389569053e-07,5.292749337653037e-07,1.4702081493480659e-06,9.188800933425411e-06,3.6755203733701645e-05,5.308094487022885e-09,1.6056985823244228e-07,3.3971804716946465e-07,7.643656061312954e-07,2.123237794809154e-06,1.3270236217557213e-05,5.308094487022885e-05
241,-9182911012498157318,original,False,False,949,-0.0013121193403207152,-0.0013121193201007981,-0.0013121193403207152,0.01952591427134313,533688,-2.0247036467126372e-11,-5.536417507369757e-16,-4.606973892177364e-09,0.00022502238308363032,0,2.5428212518440154e-05,0.0007692034286828146,0.0016274056011801698,0.003661662602655382,0.010171285007376062,0.06357053129610038,0.2542821251844015,5.357150836491246e-09,1.620538128038602e-07,3.4285765353543975e-07,7.714297204547394e-07,2.1428603345964986e-06,1.3392877091228115e-05,5.357150836491246e-05,5.357150836491246e-09,1.620538128038602e-07,3.4285765353543975e-07,7.714297204547394e-07,2.1428603345964986e-06,1.3392877091228115e-05,5.357150836491246e-05
242,-291345402897050286,original,False,False,774,-0.0012681753801605576,-0.0012681753085530757,-0.0012681753801605576,0.019098927427920027,532277,-7.169875398994766e-11,-3.459087230679498e-16,-1.2065435410518446e-08,0.00017679781534922137,0,2.432230390957882e-05,0.0007357496932647592,0.0015566274502130445,0.0035024117629793503,0.009728921563831528,0.060805759773947046,0.24322303909578818,3.900806164644412e-09,1.1799938648049346e-07,2.496515945372424e-07,5.617160877087953e-07,1.5603224658577648e-06,9.752015411611031e-06,3.9008061646444124e-05,3.900806164644412e-09,1.1799938648049346e-07,2.496515945372424e-07,5.617160877087953e-07,1.5603224658577648e-06,9.752015411611031e-06,3.9008061646444124e-05
243,-7046606411561645116,original,False,False,858,-0.0012834931326171325,-0.001283493115910759,-0.0012834931326171325,0.019110235639365186,531238,-1.6729241611225114e-11,-1.3980557036908816e-15,1.3055398306951639e-08,0.00011342337140256592,0,2.4349338534517053e-05,0.0007365674906691409,0.0015583576662090914,0.0035063047489704556,0.009739735413806822,0.060873346336292634,0.24349338534517054,2.3848495037110502e-09,7.214169748725927e-08,1.5263036823750721e-07,3.4341832853439124e-07,9.5393980148442e-07,5.962123759277626e-06,2.3848495037110502e-05,2.3848495037110502e-09,7.214169748725927e-08,1.5263036823750721e-07,3.4341832853439124e-07,9.5393980148442e-07,5.962123759277626e-06,2.3848495037110502e-05
244,-8813937367194466122,original,False,False,856,-0.0012687110122427904,-0.0012687109008137538,-0.0012687110122427904,0.018947395549931377,530240,-1.1157110819824946e-10,-5.20830560628947e-16,8.03552520047351e-10,0.00019366998922865935,0,2.3937934485518458e-05,0.0007241225181869334,0.0015320278070731813,0.003447062565914658,0.009575173794207383,0.059844836213796146,0.23937934485518458,6.868376908575296e-09,2.0776840148440272e-07,4.3957612214881896e-07,9.890462748348426e-07,2.7473507634301186e-06,1.717094227143824e-05,6.868376908575296e-05,6.868376908575296e-09,2.0776840148440272e-07,4.3957612214881896e-07,9.890462748348426e-07,2.7473507634301186e-06,1.717094227143824e-05,6.868376908575296e-05
245,-1978757719942889490,original,False,False,838,-0.0012143607094519157,-0.001214360626202156,-0.0012143607094519157,0.018253634346882344,529035,-8.335194014708907e-11,-9.622398549150253e-16,-2.0305271013094702e-08,9.872129431423014e-05,0,2.2217774823987856e-05,0.0006720876884256326,0.0014219375887352228,0.003199359574654251,0.008887109929595143,0.055544437059969635,0.22217774823987854,2.1127854376052137e-09,6.391175948755772e-08,1.3521826800673368e-07,3.042411030151508e-07,8.451141750420855e-07,5.2819635940130344e-06,2.1127854376052138e-05,2.1127854376052137e-09,6.391175948755772e-08,1.3521826800673368e-07,3.042411030151508e-07,8.451141750420855e-07,5.2819635940130344e-06,2.1127854376052138e-05
246,-3116202252327333512,original,False,False,856,-0.0011771145132586584,-0.0011771146630767892,-0.0011771145132586584,0.017686736174303348,527945,1.4999514502286928e-10,4.533477969360871e-16,-2.787913680814492e-08,8.270873240662826e-05,0,2.0858710375595515e-05,0.0006309759888617644,0.001334957464038113,0.003003654294085754,0.008343484150238206,0.05214677593898879,0.20858710375595516,1.7291887764348483e-09,5.230796048715416e-08,1.1066808169183029e-07,2.4900318380661817e-07,6.916755105739393e-07,4.3229719410871204e-06,1.7291887764348482e-05,1.7291887764348483e-09,5.230796048715416e-08,1.1066808169183029e-07,2.4900318380661817e-07,6.916755105739393e-07,4.3229719410871204e-06,1.7291887764348482e-05
247,-1918069204722701340,original,False,False,1069,-0.0011581832414121753,-0.0011581830862761918,-0.0011581832414121753,0.01734807067918148,526872,-1.553144034756711e-10,1.4642179846770073e-15,-3.117353955353771e-08,0.00011320790357827644,0,2.0074193897238842e-05,0.0006072443653914749,0.001284748409423286,0.0028906839212023932,0.008029677558895536,0.05018548474309711,0.20074193897238843,2.04348275361804e-09,6.181535329694571e-08,1.3078289623155457e-07,2.9426151652099777e-07,8.173931014472161e-07,5.1087068840451e-06,2.04348275361804e-05,2.04348275361804e-09,6.181535329694571e-08,1.3078289623155457e-07,2.9426151652099777e-07,8.173931014472161e-07,5.1087068840451e-06,2.04348275361804e-05
248,1406555685675583191,original,False,False,912,-0.0011264873422605016,-0.0011264874286310053,-0.0011264873422605016,0.016909994851298054,525709,8.646877652543264e-11,8.678586266664387e-16,-1.8362772112285e-08,0.00015999262538082384,0,1.9070031928201347e-05,0.0005768684658280907,0.0012204820434048862,0.002746084597660994,0.0076280127712805386,0.04767507982050337,0.19070031928201348,3.5071887448333664e-09,1.0609245953120933e-07,2.2446007966933545e-07,5.050351792560048e-07,1.4028754979333466e-06,8.767971862083415e-06,3.507188744833366e-05,3.5071887448333664e-09,1.0609245953120933e-07,2.2446007966933545e-07,5.050351792560048e-07,1.4028754979333466e-06,8.767971862083415e-06,3.507188744833366e-05
249,2035270066131736400,original,False,False,949,-0.0011031484672714906,-0.001103148549673924,-0.0011031484672714906,0.01641135623826024,524487,8.249337950632927e-11,-5.645876638457736e-17,-2.7363819235526386e-08,0.00021170957701301045,0,1.7960860038908977e-05,0.0005433160161769966,0.0011494950424901745,0.0025863638456028928,0.007184344015563591,0.04490215009727244,0.17960860038908977,5.165539604526587e-09,1.5625757303692927e-07,3.305945346897016e-07,7.438377030518285e-07,2.066215841810635e-06,1.2913849011316468e-05,5.165539604526587e-05,5.165539604526587e-09,1.5625757303692927e-07,3.305945346897016e-07,7.438377030518285e-07,2.066215841810635e-06,1.2913849011316468e-05,5.165539604526587e-05
250,-6326733103782239593,original,False,False,1034,-0.001038897878245678,-0.0010388980262882087,-0.001038897878245678,0.015742579749282653,523235,1.4819594134010176e-10,-5.504647838048316e-16,2.020101420213361e-08,0.0002079584363351619,0,1.652924532276379e-05,0.0005000096710136046,0.0010578717006568825,0.0023802113264779854,0.006611698129105515,0.04132311330690947,0.1652924532276379,7.547574177545887e-09,2.2831411887076307e-07,4.830447473629368e-07,1.0868506815666077e-06,3.0190296710183548e-06,1.8868935443864716e-05,7.547574177545887e-05,7.547574177545887e-09,2.2831411887076307e-07,4.830447473629368e-07,1.0868506815666077e-06,3.0190296710183548e-06,1.8868935443864716e-05,7.547574177545887e-05
251,-7541768558499997913,original,False,False,1028,-0.001003120079199136,-0.0010031201676961711,-0.001003120079199136,0.014777221541762666,525201,8.858610531103115e-11,2.0799650698687131e-16,8.938751476342497e-09,0.00014332861200065452,0,1.4567114617088943e-05,0.00044065521716694055,0.0009322953354936924,0.0020976645048608076,0.005826845846835577,0.03641778654272236,0.14567114617088944,3.9822806899539145e-09,1.2046399087110592e-07,2.548659641570505e-07,5.734484193533637e-07,1.5929122759815657e-06,9.955701724884785e-06,3.982280689953914e-05,3.9822806899539145e-09,1.2046399087110592e-07,2.548659641570505e-07,5.734484193533637e-07,1.5929122759815657e-06,9.955701724884785e-06,3.982280689953914e-05
252,-7002260799160351892,original,False,False,2722,-0.00217728458818562,-0.00217728460839757,-0.00217728458818562,0.03286326294803658,599150,2.0237832454944825e-11,-1.8220719534009125e-14,-2.3334195577531454e-08,0.0002148820290640918,0,7.200643158444748e-05,0.002178194555429536,0.0046084116214046384,0.010368926148160436,0.02880257263377899,0.18001607896111868,0.7200643158444747,5.430212265345948e-09,1.6426392102671492e-07,3.4753358498214065e-07,7.819505662098164e-07,2.172084906138379e-06,1.3575530663364869e-05,5.4302122653459474e-05,5.430212265345948e-09,1.6426392102671492e-07,3.4753358498214065e-07,7.819505662098164e-07,2.172084906138379e-06,1.3575530663364869e-05,5.4302122653459474e-05
253,8628886112145274835,original,False,False,2583,-0.0021769117182354226,-0.0021769120472207595,-0.0021769117182354226,0.03274416060091555,599002,3.297133477925547e-10,1.0276394798389276e-14,1.8034900406541874e-08,0.00017207996864638695,0,7.148591673739865e-05,0.002162448981306309,0.004575098671193514,0.010293972010185407,0.02859436669495946,0.17871479184349662,0.7148591673739865,3.7450989613361926e-09,1.1328924358041982e-07,2.396863335255163e-07,5.392942504324118e-07,1.498039584534477e-06,9.362747403340482e-06,3.745098961336193e-05,3.7450989613361926e-09,1.1328924358041982e-07,2.396863335255163e-07,5.392942504324118e-07,1.498039584534477e-06,9.362747403340482e-06,3.745098961336193e-05
254,4312186905714310905,original,False,False,2730,-0.0021211471445245567,-0.0021211472406733782,-0.0021211471445245567,0.03179942250928688,598437,9.634400023978673e-11,-9.200338204290602e-15,-2.98028970654986e-08,0.00015480457611349112,0,6.742168297186456e-05,0.002039505909898903,0.004314987710199332,0.009708722347948496,0.026968673188745823,0.1685542074296614,0.6742168297186456,3.9637576518016346e-09,1.1990366896699944e-07,2.536804897153046e-07,5.707811018594354e-07,1.585503060720654e-06,9.909394129504086e-06,3.9637576518016344e-05,3.9637576518016346e-09,1.1990366896699944e-07,2.536804897153046e-07,5.707811018594354e-07,1.585503060720654e-06,9.909394129504086e-06,3.9637576518016344e-05
255,3618576297460980479,original,False,False,2993,-0.002129919615679342,-0.0021299197028966446,-0.002129919615679342,0.03215804237108519,597833,8.739157460635729e-11,-1.1890591615487764e-14,-1.11925645156338e-08,0.00023973850393355022,0,6.895485417684574e-05,0.0020858843388495835,0.0044131106673181274,0.009929499001465787,0.027581941670738297,0.17238713544211434,0.6895485417684574,7.447402335933199e-09,2.2528392066197925e-07,4.766337494997247e-07,1.0724259363743807e-06,2.9789609343732795e-06,1.8618505839832996e-05,7.447402335933198e-05,7.447402335933199e-09,2.2528392066197925e-07,4.766337494997247e-07,1.0724259363743807e-06,2.9789609343732795e-06,1.8618505839832996e-05,7.447402335933198e-05
256,6637547548569117386,original,False,False,17350,-0.001745037798791034,-0.0017450378571212707,-0.001745037798791034,0.02680853926006753,585283,5.843774250184728e-11,5.539374462716849e-15,-2.7477328467563888e-08,0.00020306068129361183,0,4.793656340675099e-05,0.0014500810430542175,0.0030679400580320634,0.006902865130572143,0.019174625362700398,0.11984140851687748,0.4793656340675099,5.5385049765895175e-09,1.675397755418329e-07,3.544643185017291e-07,7.975447166288905e-07,2.215401990635807e-06,1.3846262441473793e-05,5.538504976589517e-05,5.5385049765895175e-09,1.675397755418329e-07,3.544643185017291e-07,7.975447166288905e-07,2.215401990635807e-06,1.3846262441473793e-05,5.538504976589517e-05
257,1260664243110379185,original,False,False,28629,-0.0017864644208445493,-0.0017864643940486346,-0.0017864644208445493,0.027374570512569966,584707,-2.684538310970979e-11,-1.5126214099341035e-15,2.423572824602565e-08,0.00010080553182650662,0,4.997784783553366e-05,0.001511829897024893,0.003198582261474154,0.0071968100883168466,0.019991139134213465,0.12494461958883414,0.49977847835533656,2.445774387218766e-09,7.398467521336767e-08,1.5652956078200102e-07,3.5219151175950226e-07,9.783097548875063e-07,6.114435968046915e-06,2.445774387218766e-05,2.4421319284102505e-09,7.387449083441007e-08,1.5629644341825603e-07,3.5166699769107606e-07,9.768527713641003e-07,6.1053298210256264e-06,2.4421319284102506e-05
258,6960842148949500855,original,False,False,2694,-0.001166624346255369,-0.0011666241439802774,-0.001166624346255369,0.01727335306353593,522052,-2.0251221894534714e-10,-8.725866721413454e-16,1.2956987343287027e-08,0.0002234518864114918,0,1.989879305447154e-05,0.0006019384898977642,0.0012735227554861786,0.0028654261998439018,0.007959517221788616,0.049746982636178855,0.19898793054471542,6.431395246163957e-09,1.9454970619645968e-07,4.116092957544932e-07,9.261209154476098e-07,2.5725580984655827e-06,1.607848811540989e-05,6.431395246163957e-05,6.431395246163957e-09,1.9454970619645968e-07,4.116092957544932e-07,9.261209154476098e-07,2.5725580984655827e-06,1.607848811540989e-05,6.431395246163957e-05
259,-8616817622438516598,original,False,False,4753,-0.0011381599669346913,-0.0011381603265692563,-0.0011381599669346913,0.016768907947483147,520776,3.600440314478352e-10,-3.2169817662967916e-16,8.889482385644751e-09,0.0001174802060740473,0,1.8751943617581053e-05,0.0005672462944318269,0.0012001243915251874,0.0027002798809316717,0.007500777447032421,0.04687985904395263,0.18751943617581052,2.1721613354569692e-09,6.570788039757332e-08,1.3901832546924603e-07,3.1279123230580357e-07,8.688645341827877e-07,5.430403338642423e-06,2.1721613354569694e-05,2.1721613354569692e-09,6.570788039757332e-08,1.3901832546924603e-07,3.1279123230580357e-07,8.688645341827877e-07,5.430403338642423e-06,2.1721613354569694e-05
260,5619976736944983879,original,False,False,932,-0.001624679323030078,-0.0016246793437931183,-0.001624679323030078,0.024587146530307344,591163,2.0802949043164874e-11,6.120589454388027e-15,2.8423847429261552e-08,0.00022625544649139284,0,4.0311713129727214e-05,0.0012194293221742482,0.0025799496403025417,0.005804886690680719,0.016124685251890886,0.10077928282431803,0.4031171312972721,6.839244055309191e-09,2.0688713267310304e-07,4.377116195397882e-07,9.848511439645236e-07,2.7356976221236765e-06,1.7098110138272978e-05,6.839244055309191e-05,6.839244055309191e-09,2.0688713267310304e-07,4.377116195397882e-07,9.848511439645236e-07,2.7356976221236765e-06,1.7098110138272978e-05,6.839244055309191e-05
261,-1925867763368015919,original,False,False,1017,-0.0016811657409290172,-0.0016811658280234086,-0.0016811657409290172,0.025240195282545036,589826,8.723906337134515e-11,-1.9947093938895944e-15,-1.960652200253045e-08,0.00023714655000772376,0,4.24752153669885e-05,0.001284875264851402,0.002718413783487264,0.006116431012846344,0.0169900861467954,0.10618803841747125,0.424752153669885,6.765821458821886e-09,2.0466609912936205e-07,4.3301257336460073e-07,9.742782900703515e-07,2.7063285835287547e-06,1.6914553647054717e-05,6.765821458821887e-05,6.765821458821886e-09,2.0466609912936205e-07,4.3301257336460073e-07,9.742782900703515e-07,2.7063285835287547e-06,1.6914553647054717e-05,6.765821458821887e-05
262,2212190759553504900,original,False,False,2119,-0.001721026240129705,-0.0017210263377775243,-0.001721026240129705,0.025964627278102777,563749,9.781617701603066e-11,1.3465082725098875e-17,-1.8779071416992906e-08,0.00014787861242937742,0,4.495866915328269e-05,0.0013599997418868013,0.002877354825810092,0.006474048358072707,0.017983467661313077,0.11239667288320672,0.4495866915328269,3.140342599680535e-09,9.499536364033619e-08,2.0098192637955424e-07,4.5220933435399706e-07,1.2561370398722139e-06,7.850856499201337e-06,3.140342599680535e-05,3.140342599680535e-09,9.499536364033619e-08,2.0098192637955424e-07,4.5220933435399706e-07,1.2561370398722139e-06,7.850856499201337e-06,3.140342599680535e-05
263,-693574943151888723,original,False,False,2657,-0.001652921214513591,-0.0016529212980105241,-0.001652921214513591,0.024892734161357177,559353,8.363663320770182e-11,1.457672273261646e-15,-2.4373841341822494e-08,0.00019594512096491457,0,4.131466441953341e-05,0.0012497685986908856,0.002644138522850138,0.005949311676412811,0.016525865767813362,0.10328666104883352,0.4131466441953341,7.10264951116504e-09,2.1485514771274244e-07,4.5456956871456255e-07,1.0227815296077658e-06,2.841059804466016e-06,1.77566237779126e-05,7.10264951116504e-05,7.1209382326850525e-09,2.1540838153872283e-07,4.5574004689184336e-07,1.0254151055066475e-06,2.848375293074021e-06,1.780234558171263e-05,7.120938232685052e-05
264,-3021755972813798441,original,False,False,2274,-0.004087284226004001,-0.004087284276678242,-0.004087284226004001,0.061324174208188344,728621,5.0886229078695074e-11,4.018241065970309e-15,-1.2779609928030032e-08,0.00014703019601681596,0,0.00025071925985545594,0.007584257610627542,0.01604603263074918,0.03610357341918566,0.10028770394218238,0.6267981496386399,2.5071925985545596,3.2919972034955025e-09,9.958291540573895e-08,2.1068782102371216e-07,4.7404759730335236e-07,1.3167988813982009e-06,8.229993008738756e-06,3.2919972034955024e-05,3.2919972034955025e-09,9.958291540573895e-08,2.1068782102371216e-07,4.7404759730335236e-07,1.3167988813982009e-06,8.229993008738756e-06,3.2919972034955024e-05
265,1566472787125737745,original,False,False,2247,-0.004029472414914066,-0.004029472433374608,-0.004029472414914066,0.060370339656598805,727831,1.8525558047421907e-11,-9.672006985783478e-15,3.9507659751355824e-08,0.0001260813909928635,0,0.00024298192120655038,0.007350203116498149,0.015550842957219225,0.03498939665374325,0.09719276848262015,0.607454803016376,2.429819212065504,4.483616652916986e-09,1.3562940375073884e-07,2.869514657866871e-07,6.456407980200461e-07,1.7934466611667946e-06,1.1209041632292466e-05,4.4836166529169864e-05,4.483616652916986e-09,1.3562940375073884e-07,2.869514657866871e-07,6.456407980200461e-07,1.7934466611667946e-06,1.1209041632292466e-05,4.4836166529169864e-05
266,-4932752867818623925,original,False,False,3688,-0.002840135467576414,-0.0028401353958119315,-0.002840135467576414,0.04295477266190885,580122,-7.196752803122722e-11,1.3556992192476117e-15,-4.3918572946893116e-08,0.00011095684729785885,0,0.000123013224669297,0.003721150046246234,0.007872846378835008,0.017713904352378768,0.0492052898677188,0.3075330616732425,1.23013224669297,2.9880850899622264e-09,9.038957397135735e-08,1.912374457575825e-07,4.302842529545606e-07,1.1952340359848906e-06,7.470212724905566e-06,2.9880850899622265e-05,2.9880850899622264e-09,9.038957397135735e-08,1.912374457575825e-07,4.302842529545606e-07,1.1952340359848906e-06,7.470212724905566e-06,2.9880850899622265e-05
267,966843580596598048,original,False,False,3820,-0.0028442524725041884,-0.0028442525081399175,-0.0028442524725041884,0.04295763279897959,578781,3.573974117336218e-11,2.3657392937871885e-15,1.026559603603039e-08,0.0001575187933565316,0,0.00012302973358403876,0.0037216494409171726,0.00787390294937848,0.01771628163610158,0.049211893433615504,0.3075743339600969,1.2302973358403877,5.093591437374178e-09,1.5408114098056888e-07,3.259898519919474e-07,7.334771669818816e-07,2.037436574949671e-06,1.2733978593435444e-05,5.0935914373741775e-05,5.093591437374178e-09,1.5408114098056888e-07,3.259898519919474e-07,7.334771669818816e-07,2.037436574949671e-06,1.2733978593435444e-05,5.0935914373741775e-05
268,4550056397018417685,original,False,False,3535,-0.005555832317969645,-0.005555832612000645,-0.005555832317969645,0.08346519677780491,726203,2.956622511245144e-10,-1.1462867578694134e-14,-3.9472792807688484e-08,0.00019580670600795528,0,0.0004644369607497565,0.014049218062680134,0.029723965487984415,0.06687892234796493,0.1857747842999026,1.1610924018743911,4.6443696074975644,7.646403930056541e-09,2.313037188842104e-07,4.893698515236187e-07,1.101082165928142e-06,3.0585615720226164e-06,1.9116009825141353e-05,7.646403930056541e-05,7.646403930056541e-09,2.313037188842104e-07,4.893698515236187e-07,1.101082165928142e-06,3.0585615720226164e-06,1.9116009825141353e-05,7.646403930056541e-05
269,-9089864996530750207,original,False,False,3532,-0.005508369550754419,-0.005508369502430346,-0.005508369550754419,0.08261460191726026,725167,-4.8572069102346804e-11,1.966373329261252e-14,-1.605960516459722e-08,9.05656396836149e-05,0,0.00045502164453935007,0.013764404747315339,0.029121385250518404,0.0655231168136664,0.18200865781574002,1.1375541113483751,4.550216445393501,1.882548620513083e-09,5.6947095770520766e-08,1.2048311171283732e-07,2.7108700135388396e-07,7.530194482052333e-07,4.706371551282708e-06,1.882548620513083e-05,1.882548620513083e-09,5.6947095770520766e-08,1.2048311171283732e-07,2.7108700135388396e-07,7.530194482052333e-07,4.706371551282708e-06,1.882548620513083e-05
270,6361075354752035920,original,False,False,25743,-0.00412977036587239,-0.0041297703257686495,-0.00412977036587239,0.057590696560351026,584319,-4.026906904230758e-11,9.77747870709994e-16,2.520837184135335e-08,0.00016694417195795678,0,0.00022235364652447285,0.006726197807365304,0.014230633377566262,0.03201892509952409,0.08894145860978914,0.5558841163111822,2.2235364652447287,3.953692389259369e-09,1.195991947750959e-07,2.530363129125996e-07,5.693317040533491e-07,1.5814769557037475e-06,9.884230973148423e-06,3.953692389259369e-05,3.951636535505627e-09,1.195370051990452e-07,2.5290473827236014e-07,5.690356611128103e-07,1.5806546142022508e-06,9.879091338764068e-06,3.951636535505627e-05
271,1116806153332344254,original,False,False,121010,-0.004131015950141448,-0.0041310160279252744,-0.004131015950141448,0.06201459163276502,583524,7.810439248701564e-11,-2.0924507764189026e-15,-6.640626849775274e-10,0.000128630334451229,0,0.00025639024609298605,0.007755804944312828,0.016408975749951107,0.03692019543738999,0.10255609843719442,0.6409756152324652,2.5639024609298606,4.3362178395593584e-09,1.3117058964667058e-07,2.7751794173179894e-07,6.244153688965476e-07,1.7344871358237435e-06,1.0840544598898395e-05,4.336217839559358e-05,4.3362178395593584e-09,1.3117058964667058e-07,2.7751794173179894e-07,6.244153688965476e-07,1.7344871358237435e-06,1.0840544598898395e-05,4.336217839559358e-05
272,-624884161206190921,original,False,False,5478,-0.0017955943061710826,-0.0017955943707101923,-0.0017955943061710826,0.026963840743691844,581954,6.465706706483273e-11,1.8627514250345362e-15,-3.692265427321086e-08,0.0001327775882800101,0,4.8476208612376066e-05,0.001466405310524376,0.0031024773511920682,0.006980574040182153,0.019390483444950427,0.12119052153094016,0.48476208612376065,4.3475167641576264e-09,1.315123821157682e-07,2.782410729060881e-07,6.260424140386982e-07,1.7390067056630505e-06,1.0868791910394067e-05,4.3475167641576266e-05,3.867904273789288e-09,1.1700410428212596e-07,2.4754587352251443e-07,5.569782154256574e-07,1.5471617095157153e-06,9.66976068447322e-06,3.867904273789288e-05
273,-6514814985332751899,original,False,False,1044,-0.001755883951481246,-0.0017558838922505913,-0.001755883951481246,0.02634471370185574,571231,-5.93363904924293e-11,-1.5507747060738147e-15,3.1907669160261433e-08,0.00016645143132790744,0,4.6273902285295506e-05,0.001399785544130189,0.0029615297462589124,0.006663441929082553,0.018509560914118203,0.11568475571323876,0.46273902285295504,4.8275881484612155e-09,1.4603454149095176e-07,3.089656415015178e-07,6.95172693378415e-07,1.9310352593844864e-06,1.2068970371153038e-05,4.827588148461215e-05,4.8275881484612155e-09,1.4603454149095176e-07,3.089656415015178e-07,6.95172693378415e-07,1.9310352593844864e-06,1.2068970371153038e-05,4.827588148461215e-05
274,-8535462630511987836,original,False,False,854,-0.0014641269325346585,-0.0014641269343827537,-0.0014641269325346585,0.021773408708498674,552209,1.8489642120845468e-12,-1.8408667022243094e-15,-8.628418941654502e-09,0.00010712291353138903,0,3.1608666394873616e-05,0.0009561621584449269,0.0020229546492719114,0.0045516479608618005,0.012643466557949446,0.07902166598718403,0.31608666394873614,2.3137028994234647e-09,6.998951270755981e-08,1.4807698556310174e-07,3.331732175169789e-07,9.254811597693859e-07,5.784257248558662e-06,2.3137028994234648e-05,2.3137028994234647e-09,6.998951270755981e-08,1.4807698556310174e-07,3.331732175169789e-07,9.254811597693859e-07,5.784257248558662e-06,2.3137028994234648e-05
275,-789698687932852664,original,False,False,1720,-0.0019325895484097958,-0.0019325896379025727,-0.0019325895484097958,0.02901709071473686,607668,8.966010813239336e-11,-5.956342551594839e-15,-1.3247171337697489e-09,0.00023079160855106386,0,5.6139441510921965e-05,0.0016982181057053894,0.0035929242566990057,0.008084079577572763,0.022455776604368784,0.1403486037773049,0.5613944151092196,5.358399067414528e-09,1.6209157178928947e-07,3.429375403145298e-07,7.716094657076921e-07,2.143359626965811e-06,1.339599766853632e-05,5.358399067414528e-05,5.358399067414528e-09,1.6209157178928947e-07,3.429375403145298e-07,7.716094657076921e-07,2.143359626965811e-06,1.339599766853632e-05,5.358399067414528e-05
276,-1659164432337637645,original,False,False,2393,-0.0019374349178744436,-0.0019374348791672236,-0.0019374349178744436,0.028983268242914247,601410,-3.879735188970495e-11,-1.4993726989523475e-14,-5.782667070060176e-08,0.00014542013656298043,0,5.601043148442308e-05,0.0016943155524037983,0.0035846676150030773,0.008065502133756924,0.02240417259376923,0.1400260787110577,0.5601043148442308,6.495138180481402e-09,1.9647792995956241e-07,4.156888435508097e-07,9.352998979893219e-07,2.5980552721925608e-06,1.6237845451203506e-05,6.495138180481402e-05,6.495138180481402e-09,1.9647792995956241e-07,4.156888435508097e-07,9.352998979893219e-07,2.5980552721925608e-06,1.6237845451203506e-05,6.495138180481402e-05
277,49837305221464261,original,False,False,6667,-0.002003349801528703,-0.0020033498193539113,-0.002003349801528703,0.030557609169073175,596200,1.7860871402824262e-11,-1.187791183014377e-16,1.2763396901819747e-08,0.0002241944077824117,0,6.226302881236655e-05,0.0018834566215740881,0.003984833843991459,0.008965876148980784,0.02490521152494662,0.15565757203091637,0.6226302881236655,5.459961844864707e-09,1.651638458071574e-07,3.4943755807134126e-07,7.862345056605179e-07,2.1839847379458827e-06,1.3649904612161769e-05,5.4599618448647075e-05,5.459961844864707e-09,1.651638458071574e-07,3.4943755807134126e-07,7.862345056605179e-07,2.1839847379458827e-06,1.3649904612161769e-05,5.4599618448647075e-05
278,6555151911501386125,original,False,False,31969,-0.0020615631831718533,-0.00206156320983489,-0.0020615631831718533,0.03251665399222651,591856,2.6716950419140187e-11,-1.1673699905402343e-15,1.0896978931305414e-08,0.00013647236493945458,0,7.066115120861906e-05,0.0021374998240607265,0.00452231367735162,0.010175205774041145,0.028264460483447627,0.17665287802154767,0.7066115120861907,3.673453124665304e-09,1.1112195702112544e-07,2.3510099997857945e-07,5.289772499518037e-07,1.4693812498661216e-06,9.183632811663259e-06,3.6734531246653037e-05,3.672488856140078e-09,1.1109278789823737e-07,2.35039286792965e-07,5.288383952841713e-07,1.4689955424560313e-06,9.181222140350196e-06,3.6724888561400785e-05
279,8771200564907710175,original,False,False,1676,-0.0022162340506972143,-0.0022162338696981162,-0.0022162340506972143,0.033228000432814424,587763,-1.814020797519393e-10,-9.545209625848627e-16,-3.039062599483493e-08,0.00011396813880385452,0,7.36116002728409e-05,0.0022267509082534373,0.0047111424174618175,0.010600070439289089,0.02944464010913636,0.18402900068210223,0.7361160027284089,4.422884316790342e-09,1.3379225058290784e-07,2.8306459627458187e-07,6.368953416178092e-07,1.7691537267161367e-06,1.1057210791975854e-05,4.4228843167903414e-05,4.422884316790342e-09,1.3379225058290784e-07,2.8306459627458187e-07,6.368953416178092e-07,1.7691537267161367e-06,1.1057210791975854e-05,4.4228843167903414e-05
280,5007877465411845487,original,False,False,1284,-0.0023594005406244126,-0.002359400598208826,-0.0023594005406244126,0.03542528296692071,584357,5.771881859581108e-11,-1.780562088303988e-15,6.241287954465372e-09,9.168277771747413e-05,0,8.366585987506437e-05,0.0025308922612206973,0.00535461503200412,0.01204788382200927,0.03346634395002575,0.20916464968766094,0.8366585987506437,1.547141489054925e-09,4.680103004391148e-08,9.90170552995152e-08,2.227883744239092e-07,6.1885659562197e-07,3.867853722637312e-06,1.547141489054925e-05,1.547141489054925e-09,4.680103004391148e-08,9.90170552995152e-08,2.227883744239092e-07,6.1885659562197e-07,3.867853722637312e-06,1.547141489054925e-05
281,-3147409681897922532,original,False,False,4657,-0.0015919112490408052,-0.0015919112161644762,-0.0015919112490408052,0.023835956143043992,602919,-3.2912186673461543e-11,1.6561913887185204e-14,-2.5410953458807287e-08,0.00015534028208711987,0,3.788372793497234e-05,0.0011459827700329133,0.0024245585878382298,0.005455256822636017,0.015153491173988936,0.09470931983743085,0.3788372793497234,6.3333358265912104e-09,1.915834087543841e-07,4.0533349290183747e-07,9.120003590291343e-07,2.533334330636484e-06,1.5833339566478027e-05,6.33333582659121e-05,6.3333358265912104e-09,1.915834087543841e-07,4.0533349290183747e-07,9.120003590291343e-07,2.533334330636484e-06,1.5833339566478027e-05,6.33333582659121e-05
282,7840955492635775745,original,False,False,1329,-0.0016763334154724688,-0.0016763333372363165,-0.0016763334154724688,0.025095436442977972,597035,-7.836554032605669e-11,1.9820786159747078e-15,-2.085214733186588e-08,0.00015998430152807787,0,4.199073758149291e-05,0.0012702198118401604,0.002687407205215546,0.0060466662117349785,0.016796295032597164,0.10497684395373227,0.4199073758149291,4.437071473937194e-09,1.3422141208660013e-07,2.839725743319804e-07,6.38938292246956e-07,1.7748285895748776e-06,1.1092678684842985e-05,4.437071473937194e-05,4.437071473937194e-09,1.3422141208660013e-07,2.839725743319804e-07,6.38938292246956e-07,1.7748285895748776e-06,1.1092678684842985e-05,4.437071473937194e-05
283,-1331467957154055833,original,False,False,866,-0.001726767591394542,-0.0017267676332736273,-0.001726767591394542,0.026065993517078292,592040,4.195616060130977e-11,4.63472501610759e-15,-1.3859128241920842e-08,0.00021374351329556612,0,4.5305374691947195e-05,0.0013704875844314027,0.0028995439802846205,0.006523973955640396,0.01812214987677888,0.113263436729868,0.453053746919472,7.429188575767859e-09,2.2473295441697775e-07,4.75468068849143e-07,1.0698031549105718e-06,2.9716754303071438e-06,1.857297143941965e-05,7.42918857576786e-05,7.436146951074049e-09,2.2494344526998998e-07,4.759134048687391e-07,1.070805160954663e-06,2.9744587804296194e-06,1.859036737768512e-05,7.436146951074048e-05
284,-2749175407807659317,original,False,False,988,-0.0018775995095671474,-0.001877599405939251,-0.0018775995095671474,0.0281179705041065,586888,-1.0381839238333879e-10,4.4416987023163905e-15,-3.166301182389635e-08,0.0001519657334402764,0,5.271323124211644e-05,0.0015945752450740223,0.003373646799495452,0.007590705298864768,0.021085292496846576,0.1317830781052911,0.5271323124211644,4.514360933757554e-09,1.3655941824616602e-07,2.889190997604835e-07,6.500679744610878e-07,1.8057443735030218e-06,1.1285902334393886e-05,4.5143609337575546e-05,4.514360933757554e-09,1.3655941824616602e-07,2.889190997604835e-07,6.500679744610878e-07,1.8057443735030218e-06,1.1285902334393886e-05,4.5143609337575546e-05
285,1157385120274370809,original,False,False,1230,-0.0019148807624382637,-0.001914880893301647,-0.0019148807624382637,0.02877066093551436,583644,1.3111788435236364e-10,3.4324653055663323e-15,1.2844896201932481e-08,0.00022003470082026277,0,5.518974157412901e-05,0.0016694896826174026,0.0035321434607442567,0.007947322786674578,0.022075896629651606,0.13797435393532254,0.5518974157412901,5.3689531407785665e-09,1.6241083250855163e-07,3.4361300100982825e-07,7.731292522721135e-07,2.1475812563114267e-06,1.3422382851946415e-05,5.368953140778566e-05,5.3689531407785665e-09,1.6241083250855163e-07,3.4361300100982825e-07,7.731292522721135e-07,2.1475812563114267e-06,1.3422382851946415e-05,5.368953140778566e-05
286,-3774626544830718609,original,False,False,1721,-0.0019436354667660546,-0.0019436352372487148,-0.0019436354667660546,0.028984550465398842,580060,-2.2996416809236208e-10,1.384450878403972e-16,-1.3161366155842876e-08,0.0002654122504542739,0,5.601165177547193e-05,0.0016943524662080258,0.0035847457136302034,0.008065677855667957,0.022404660710188772,0.14002912943867982,0.5601165177547193,6.552426005514239e-09,1.9821088666680573e-07,4.193552643529113e-07,9.435493447940504e-07,2.6209704022056956e-06,1.6381065013785596e-05,6.552426005514238e-05,6.552426005514239e-09,1.9821088666680573e-07,4.193552643529113e-07,9.435493447940504e-07,2.6209704022056956e-06,1.6381065013785596e-05,6.552426005514238e-05
287,151601460963325328,original,False,False,2857,-0.0017917069164676387,-0.0017917069573381266,-0.0017917069164676387,0.027095555572599878,572363,4.094700334691703e-11,3.156074631502614e-15,-4.560852469609373e-09,0.000186187895969824,0,4.895199138492791e-05,0.0014807977393940693,0.0031329274486353864,0.007049086759429619,0.019580796553971165,0.12237997846231978,0.4895199138492791,4.827235653347022e-09,1.4602387851374742e-07,3.0894308181420943e-07,6.951219340819713e-07,1.9308942613388088e-06,1.2068089133367556e-05,4.827235653347022e-05,4.827235653347022e-09,1.4602387851374742e-07,3.0894308181420943e-07,6.951219340819713e-07,1.9308942613388088e-06,1.2068089133367556e-05,4.827235653347022e-05
288,-6953501222080150689,original,False,False,6838,-0.0015297277009515909,-0.0015297277698295066,-0.0015297277009515909,0.022579517110734398,556544,6.898469137785576e-11,1.249840047481556e-15,1.9682832139325363e-08,0.0001437352703405912,0,3.4004734746971423e-05,0.0010286432260958856,0.002176303023806171,0.004896681803563885,0.01360189389878857,0.08501183686742855,0.3400473474697142,4.75645841325762e-09,1.43882867001043e-07,3.044133384484877e-07,6.849300115090973e-07,1.902583365303048e-06,1.189114603314405e-05,4.75645841325762e-05,4.75645841325762e-09,1.43882867001043e-07,3.044133384484877e-07,6.849300115090973e-07,1.902583365303048e-06,1.189114603314405e-05,4.75645841325762e-05
289,4527608311120167856,original,False,False,2107,-0.0015302650841044936,-0.0015302649759782198,-0.0015302650841044936,0.023082772846161694,588712,-1.0829127381287624e-10,7.152734697626297e-16,-2.817417215207268e-08,0.00012706579451180023,0,3.552542795158067e-05,0.0010746441955353152,0.002273627388901163,0.005115661625027616,0.014210171180632268,0.08881356987895167,0.3552542795158067,4.387100529320214e-09,1.3270979101193648e-07,2.807744338764937e-07,6.317424762221108e-07,1.7548402117280856e-06,1.0967751323300534e-05,4.3871005293202136e-05,4.387100529320214e-09,1.3270979101193648e-07,2.807744338764937e-07,6.317424762221108e-07,1.7548402117280856e-06,1.0967751323300534e-05,4.3871005293202136e-05
290,5618120957212666908,original,False,False,4105,-0.001624109929851871,-0.00162411003394402,-0.001624109929851871,0.024119734000696856,583856,1.0426289399110093e-10,1.4127265553167354e-15,-6.770188719840454e-09,0.00019317990946607762,0,3.879036227597144e-05,0.001173408458848136,0.0024825831856621723,0.005585812167739888,0.015516144910388576,0.0969759056899286,0.3879036227597144,6.536107719169331e-09,1.9771725850487227e-07,4.183108940268372e-07,9.411995115603837e-07,2.614443087667732e-06,1.6340269297923326e-05,6.53610771916933e-05,6.536107719169331e-09,1.9771725850487227e-07,4.183108940268372e-07,9.411995115603837e-07,2.614443087667732e-06,1.6340269297923326e-05,6.53610771916933e-05
291,662925771617594785,original,False,False,12354,-0.0016229263034687313,-0.001622926467357042,-0.0016229263034687313,0.02339967747750079,579730,1.641528038976245e-10,-1.9176827920582903e-15,-1.1861224227143933e-08,0.0001862401994817637,0,3.655239014479157e-05,0.0011057098018799451,0.0023393529692666607,0.005263544180849986,0.014620956057916629,0.09138097536197894,0.36552390144791574,4.144475717764853e-09,1.253703904623868e-07,2.6524644593695057e-07,5.968045033581387e-07,1.657790287105941e-06,1.0361189294412132e-05,4.144475717764853e-05,4.139492209264261e-09,1.252196393302439e-07,2.649275013929127e-07,5.960868781340536e-07,1.6557968837057046e-06,1.0348730523160654e-05,4.1394922092642615e-05
292,7004981434830448376,original,False,False,6670,-0.0015729950347815442,-0.0015729950610185344,-0.0015729950347815442,0.02368345171087756,577253,2.628073510169268e-11,2.4092876676263114e-15,-1.6788054129901706e-08,0.00025665508514610257,0,3.740022346165057e-05,0.0011313567597149299,0.0023936143015456366,0.005385632178477683,0.014960089384660228,0.09350055865412643,0.3740022346165057,9.900017247949345e-09,2.994755217504677e-07,6.336011038687581e-07,1.4256024837047058e-06,3.960006899179739e-06,2.4750043119873363e-05,9.900017247949345e-05,9.900017247949345e-09,2.994755217504677e-07,6.336011038687581e-07,1.4256024837047058e-06,3.960006899179739e-06,2.4750043119873363e-05,9.900017247949345e-05
293,1686522388696300406,original,False,False,1628,-0.0015556506716852927,-0.0015556506276822087,-0.0015556506716852927,0.02342513554075946,569530,-4.4071827586803236e-11,-1.8355023693814753e-16,2.146813538236061e-08,0.00027326564749540904,0,3.658855166753095e-05,0.0011068036879428112,0.0023416673067219807,0.005268751440124456,0.014635420667012379,0.09147137916882737,0.3658855166753095,1.0855334882531914e-08,3.283738801965904e-07,6.947414324820425e-07,1.5631682230845955e-06,4.342133953012766e-06,2.7138337206329784e-05,0.00010855334882531914,1.0855334882531914e-08,3.283738801965904e-07,6.947414324820425e-07,1.5631682230845955e-06,4.342133953012766e-06,2.7138337206329784e-05,0.00010855334882531914
294,7665186156483213818,original,False,False,3231,-0.0017876711139368313,-0.0017876713280605284,-0.0017876711139368313,0.026563250378097533,601686,2.1448667880993654e-10,-2.048658384610482e-14,2.6760968794228596e-08,0.00012114992491641695,0,4.705598777666727e-05,0.0014234436302441851,0.0030115832177067055,0.006776062239840087,0.01882239511066691,0.11763996944166819,0.47055987776667274,4.483009107832159e-09,1.356110255119228e-07,2.8691258290125816e-07,6.455533115278309e-07,1.7932036431328635e-06,1.1207522769580396e-05,4.4830091078321584e-05,4.483009107832159e-09,1.356110255119228e-07,2.8691258290125816e-07,6.455533115278309e-07,1.7932036431328635e-06,1.1207522769580396e-05,4.4830091078321584e-05
295,-1906928442344696145,original,False,False,20725,-0.001894133048134908,-0.0018941330048998818,-0.001894133048134908,0.028749190447706394,595324,-4.330365881449745e-11,1.3415663124290477e-14,-4.001674793258907e-08,0.0002155465713646113,0,5.511071704959479e-05,0.0016670991907502424,0.0035270858911740665,0.00793594325514165,0.022044286819837916,0.13777679262398698,0.5511071704959479,7.202312914158933e-09,2.178699656533077e-07,4.609480265061717e-07,1.0371330596388864e-06,2.880925165663573e-06,1.800578228539733e-05,7.202312914158932e-05,7.202312914158933e-09,2.178699656533077e-07,4.609480265061717e-07,1.0371330596388864e-06,2.880925165663573e-06,1.800578228539733e-05,7.202312914158932e-05
296,3995803337867685182,original,False,False,1613,-0.002057620528091473,-0.002057620540957172,-0.002057620528091473,0.030792381934638575,589502,1.2887657606693525e-11,-4.568859751801108e-15,4.68409612254447e-08,0.000229105059077945,0,6.321533812102082e-05,0.0019122639781608798,0.004045781639745332,0.009103008689426997,0.025286135248408326,0.15803834530255204,0.6321533812102081,1.3486853839918762e-08,4.0797732865754254e-07,8.631586457548008e-07,1.942106952948302e-06,5.3947415359675045e-06,3.371713459979691e-05,0.00013486853839918763,1.3486853839918762e-08,4.0797732865754254e-07,8.631586457548008e-07,1.942106952948302e-06,5.3947415359675045e-06,3.371713459979691e-05,0.00013486853839918763
297,-4998367400819783185,original,False,False,1205,-0.002258686580039231,-0.002258686445642437,-0.002258686580039231,0.033665850513613066,584979,-1.3470542779327124e-10,-4.3867613781761915e-15,9.557551816411243e-09,0.00013457029511121458,0,7.557083164012056e-05,0.002286017657113647,0.004836533224967716,0.01088219975617736,0.030228332656048226,0.1889270791003014,0.7557083164012056,2.8360641675496437e-09,8.579094106837672e-08,1.815081067231772e-07,4.0839324012714866e-07,1.1344256670198576e-06,7.090160418874109e-06,2.8360641675496435e-05,2.8360641675496437e-09,8.579094106837672e-08,1.815081067231772e-07,4.0839324012714866e-07,1.1344256670198576e-06,7.090160418874109e-06,2.8360641675496435e-05
298,4455807630672617521,original,False,False,8734,-0.00178648837896675,-0.001786488217896638,-0.00178648837896675,0.025607818389046355,615832,-1.6135206007873864e-10,6.3168624495229926e-15,3.46130362775861e-08,0.00020942681806854734,0,4.3800560187513185e-05,0.001324966945672274,0.002803235852000844,0.006307280667001898,0.017520224075005274,0.10950140046878297,0.4380056018751319,7.096815160202485e-09,2.1467865859612518e-07,4.5419617025295904e-07,1.021941383069158e-06,2.838726064080994e-06,1.7742037900506214e-05,7.096815160202485e-05,7.096815160202485e-09,2.1467865859612518e-07,4.5419617025295904e-07,1.021941383069158e-06,2.838726064080994e-06,1.7742037900506214e-05,7.096815160202485e-05
299,-5119119648623851928,original,False,False,2642,-0.0014841008852061858,-0.0014841009041733967,-0.0014841008852061858,0.022193198838415633,606018,1.900244514981782e-11,7.043323206225211e-15,-4.562265790931305e-08,0.0001428010489369683,0,3.283925244599064e-05,0.000993387386491217,0.002101712156543401,0.0047288523522226525,0.013135700978396257,0.0820981311149766,0.3283925244599064,4.12007994487819e-09,1.2463241833256523e-07,2.6368511647220416e-07,5.932915120624594e-07,1.648031977951276e-06,1.0300199862195475e-05,4.12007994487819e-05,4.12007994487819e-09,1.2463241833256523e-07,2.6368511647220416e-07,5.932915120624594e-07,1.648031977951276e-06,1.0300199862195475e-05,4.12007994487819e-05
300,385433975249051751,original,False,False,860,-0.0015627053659217499,-0.0015627051697986501,-0.0015627053659217499,0.02320798517358675,598215,-1.9643367457517645e-10,-3.6125203307348095e-15,3.157424257417806e-08,0.0002674964287917794,0,3.591520620685072e-05,0.0010864349877572343,0.002298573197238446,0.0051717896937865035,0.014366082482740287,0.0897880155171268,0.3591520620685072,9.042098366703475e-09,2.735234755927801e-07,5.786942954690224e-07,1.3020621648053004e-06,3.6168393466813898e-06,2.260524591675869e-05,9.042098366703475e-05,9.042098366703475e-09,2.735234755927801e-07,5.786942954690224e-07,1.3020621648053004e-06,3.6168393466813898e-06,2.260524591675869e-05,9.042098366703475e-05
301,-3743808214458113221,original,False,False,837,-0.001612111707320806,-0.001612111700887371,-0.001612111707320806,0.02431839559597813,591585,-6.445085673874372e-12,-1.2624784003584549e-15,-4.063761446159962e-08,0.00018201322016494828,0,3.94342164371043e-05,0.001192885047222405,0.002523789851974675,0.005678527166943019,0.015773686574841718,0.09858554109276074,0.39434216437104297,7.59058337956174e-09,2.2961514723174261e-07,4.857973362919513e-07,1.0930440066568905e-06,3.036233351824696e-06,1.897645844890435e-05,7.59058337956174e-05,7.59058337956174e-09,2.2961514723174261e-07,4.857973362919513e-07,1.0930440066568905e-06,3.036233351824696e-06,1.897645844890435e-05,7.59058337956174e-05
302,138769219286326545,original,False,False,1245,-0.001751464333519921,-0.0017514645168644997,-0.001751464333519921,0.02616180948135169,585601,1.8366935412102487e-10,3.0904987963578965e-15,-1.452014239060981e-08,0.00017591472846154933,0,4.563634096251175e-05,0.0013804993141159805,0.002920725821600752,0.006571633098601692,0.0182545363850047,0.11409085240627938,0.4563634096251175,7.120489595764188e-09,2.153948102718667e-07,4.5571133412890806e-07,1.0253505017900432e-06,2.848195838305675e-06,1.7801223989410473e-05,7.120489595764189e-05,7.120489595764188e-09,2.153948102718667e-07,4.5571133412890806e-07,1.0253505017900432e-06,2.848195838305675e-06,1.7801223989410473e-05,7.120489595764189e-05
303,5505226202437040045,original,False,False,2327,-0.0018597122215130517,-0.0018597121861573334,-0.0018597122215130517,0.027811561208211173,581418,-3.542229287655425e-11,-7.005654205753768e-16,-3.451994242036201e-08,0.0001907833916752262,0,5.156920051743953e-05,0.0015599683156525459,0.00330042883311613,0.0074259648745112926,0.020627680206975814,0.12892300129359882,0.5156920051743953,5.7487342313201e-09,1.7389921049743302e-07,3.679189908044864e-07,8.278177293100944e-07,2.29949369252804e-06,1.437183557830025e-05,5.7487342313201e-05,5.7487342313201e-09,1.7389921049743302e-07,3.679189908044864e-07,8.278177293100944e-07,2.29949369252804e-06,1.437183557830025e-05,5.7487342313201e-05
304,-4055176971796855720,original,False,False,4477,-0.0017568932613634776,-0.0017568930379590652,-0.0017568932613634776,0.02657738837736015,575681,-2.2379882979777184e-10,-1.2290129269701074e-15,-3.090908870643484e-08,0.00021122510747831075,0,4.709903430004765e-05,0.0014247457875764414,0.0030143381952030496,0.006782260939206862,0.01883961372001906,0.11774758575011912,0.4709903430004765,6.801108985101204e-09,2.0573354679931143e-07,4.3527097504647706e-07,9.793596938545733e-07,2.7204435940404816e-06,1.700277246275301e-05,6.801108985101204e-05,6.801108985101204e-09,2.0573354679931143e-07,4.3527097504647706e-07,9.793596938545733e-07,2.7204435940404816e-06,1.700277246275301e-05,6.801108985101204e-05
305,-2756392075699582131,original,False,False,13902,-0.0015979972796458801,-0.0015979972985228521,-0.0015979972796458801,0.02462184836148121,563895,1.8905641500271568e-11,-1.5442686089012268e-15,2.5929195391101257e-08,0.00013953114510715665,0,4.0450097822252876e-05,0.0012236154591231494,0.002588806260624184,0.005824814086404414,0.01618003912890115,0.1011252445556322,0.4045009782225288,5.184652082751041e-09,1.56835725503219e-07,3.318177332960666e-07,7.465898999161499e-07,2.073860833100416e-06,1.2961630206877601e-05,5.1846520827510404e-05,5.1809689153131135e-09,1.5672430968822168e-07,3.3158201058003926e-07,7.460595238050884e-07,2.0723875661252455e-06,1.2952422288282783e-05,5.180968915313113e-05
306,5302488455982228529,original,False,False,730,-0.0014305286919407078,-0.0014305287970880402,-0.0014305286919407078,0.021537012309723456,596618,1.052976403622449e-10,-3.2379662633743446e-16,-2.291782180161532e-08,0.000245794732530854,0,3.0928408787875965e-05,0.000935584365833248,0.0019794181624240618,0.004453690865454139,0.012371363515150386,0.07732102196968992,0.30928408787875966,1.0037170643572009e-08,3.036244119680533e-07,6.423789211886086e-07,1.4453525726743694e-06,4.0148682574288035e-06,2.5092926608930023e-05,0.0001003717064357201,1.0037170643572009e-08,3.036244119680533e-07,6.423789211886086e-07,1.4453525726743694e-06,4.0148682574288035e-06,2.5092926608930023e-05,0.0001003717064357201
307,1598055406485528054,original,False,False,1148,-0.0015194521428945728,-0.0015194522249264981,-0.0015194521428945728,0.022507419602491165,589794,8.21535396289664e-11,-3.219045468699996e-15,-3.2297852211071e-08,0.0002179575819754597,0,3.3779321197433054e-05,0.00102182446622235,0.0021618765566357155,0.00486422225243036,0.013511728478973221,0.08444830299358264,0.33779321197433054,7.038620517022326e-09,2.1291827063992535e-07,4.5047171308942884e-07,1.013561354451215e-06,2.8154482068089304e-06,1.7596551292555815e-05,7.038620517022326e-05,7.038620517022326e-09,2.1291827063992535e-07,4.5047171308942884e-07,1.013561354451215e-06,2.8154482068089304e-06,1.7596551292555815e-05,7.038620517022326e-05
308,5023364859894799627,original,False,False,2170,-0.0015680878887988844,-0.0015680881155789878,-0.0015680878887988844,0.023404628113569706,583525,2.271370745182461e-10,8.015914725457477e-16,-2.067167943413615e-08,0.00023361385453319613,0,3.652665814957968e-05,0.0011049314090247854,0.0023377061215730994,0.005259838773539474,0.01461066325983187,0.09131664537394919,0.36526658149579677,4.803470695657973e-09,1.453049885436537e-07,3.0742212452211027e-07,6.916997801747481e-07,1.921388278263189e-06,1.2008676739144933e-05,4.803470695657973e-05,4.803470695657973e-09,1.453049885436537e-07,3.0742212452211027e-07,6.916997801747481e-07,1.921388278263189e-06,1.2008676739144933e-05,4.803470695657973e-05
309,-6939617068025499413,original,False,False,9371,-0.0015591840763703058,-0.0015591841345710422,-0.0015591840763703058,0.023725353185406958,578420,5.829101244144709e-11,-6.112820581203048e-16,9.105855033541493e-09,0.00018470365087942288,0,3.754339708649148e-05,0.0011356877618663673,0.0024027774135354546,0.005406249180454773,0.015017358834596591,0.09385849271622869,0.37543397086491476,6.182537574769202e-09,1.8702176163676835e-07,3.956824047852289e-07,8.90285410766765e-07,2.4730150299076806e-06,1.5456343936923005e-05,6.182537574769202e-05,6.182537574769202e-09,1.8702176163676835e-07,3.956824047852289e-07,8.90285410766765e-07,2.4730150299076806e-06,1.5456343936923005e-05,6.182537574769202e-05
310,-510003994118919637,original,False,False,2443,-0.0015489793339919804,-0.0015489794014695156,-0.0015489793339919804,0.023219364971412002,573651,6.75827190535886e-11,5.003041760972031e-16,4.674181212398586e-08,0.00021722480002199588,0,3.595320419060188e-05,0.001087584426765707,0.0023010050681985202,0.005177261403446671,0.014381281676240752,0.0898830104765047,0.3595320419060188,7.227028546070543e-09,2.1861761351863394e-07,4.6252982694851475e-07,1.0406921106341581e-06,2.890811418428217e-06,1.8067571365176358e-05,7.227028546070543e-05,7.193473300415146e-09,2.1760256733755818e-07,4.6038229122656935e-07,1.035860155259781e-06,2.8773893201660582e-06,1.7983683251037864e-05,7.193473300415146e-05
311,8500094789607202888,original,False,False,962,-0.0014969267116213846,-0.0014969266258624465,-0.0014969267116213846,0.0224506523340701,564748,-8.588960586538222e-11,-2.100505321289679e-15,1.8142476068222863e-08,0.0001636439486769695,0,3.360764861269253e-05,0.001016631370533949,0.002150889511212322,0.004839501400227725,0.013443059445077014,0.08401912153173133,0.3360764861269253,3.5820998268042544e-09,1.083585197608287e-07,2.2925438891547228e-07,5.158223750598127e-07,1.4328399307217018e-06,8.955249567010636e-06,3.582099826804254e-05,3.5820998268042544e-09,1.083585197608287e-07,2.2925438891547228e-07,5.158223750598127e-07,1.4328399307217018e-06,8.955249567010636e-06,3.582099826804254e-05
312,-6831982391799909377,original,False,False,505,-0.0011941301457239247,-0.0011941302273072954,-0.0011941301457239247,0.017882660290530275,544936,8.16784545088152e-11,-2.4537666124091065e-15,-1.217023042162196e-08,0.00017910799770487381,0,2.1330344709812043e-05,0.0006452429274718143,0.0013651420614279707,0.003071569638212934,0.008532137883924817,0.05332586177453011,0.21330344709812044,5.658037393793464e-09,1.711556311622523e-07,3.621143932027817e-07,8.147573847062588e-07,2.2632149575173857e-06,1.4145093484483661e-05,5.6580373937934643e-05,5.658037393793464e-09,1.711556311622523e-07,3.621143932027817e-07,8.147573847062588e-07,2.2632149575173857e-06,1.4145093484483661e-05,5.6580373937934643e-05
313,3791250399170510886,original,False,False,602,-0.0010352990064105363,-0.0010352989814172338,-0.0010352990064105363,0.015554576421873235,527520,-2.501725740127888e-11,1.947565172240108e-15,2.174227007579833e-09,0.00018358312350156712,0,1.6134776457225557e-05,0.0004880769878310731,0.0010326256932624356,0.0023234078098404803,0.006453910582890222,0.040336941143063895,0.16134776457225558,7.437988611447394e-09,2.2499915549628367e-07,4.760312711326332e-07,1.0710703600484247e-06,2.9751954445789575e-06,1.8594971528618485e-05,7.437988611447394e-05,7.437988611447394e-09,2.2499915549628367e-07,4.760312711326332e-07,1.0710703600484247e-06,2.9751954445789575e-06,1.8594971528618485e-05,7.437988611447394e-05
314,3137770323868241004,original,False,False,827,-0.0009734408193218724,-0.0009734408258369719,-0.0009734408193218724,0.014574507740514196,516253,6.521879552648144e-12,4.3172892179431527e-16,1.1308362055120309e-08,0.00017925765311493672,0,1.4171622340884674e-05,0.0004286915758117614,0.0009069838298166192,0.002040713617087393,0.0056686489363538695,0.035429055852211684,0.14171622340884674,3.7031503940811353e-09,1.1202029942095434e-07,2.3700162522119266e-07,5.332536567476835e-07,1.4812601576324542e-06,9.257875985202838e-06,3.7031503940811354e-05,3.7031503940811353e-09,1.1202029942095434e-07,2.3700162522119266e-07,5.332536567476835e-07,1.4812601576324542e-06,9.257875985202838e-06,3.7031503940811354e-05
315,8063474750895740963,original,False,False,930,-0.0016303720079274124,-0.0016303720809912622,-0.0016303720079274124,0.024300682193250735,577071,7.318115003509309e-11,-2.0157244863443025e-15,-2.5052376484602292e-08,0.00024627410871402096,0,3.937223149101312e-05,0.0011910100026031468,0.0025198228154248398,0.0056696013347058895,0.01574889259640525,0.0984305787275328,0.3937223149101312,6.2020515501641935e-09,1.8761205939246684e-07,3.969312992105084e-07,8.930954232236439e-07,2.4808206200656775e-06,1.5505128875410484e-05,6.202051550164194e-05,6.2020515501641935e-09,1.8761205939246684e-07,3.969312992105084e-07,8.930954232236439e-07,2.4808206200656775e-06,1.5505128875410484e-05,6.202051550164194e-05
316,-2082458261816221582,original,False,False,2258,-0.0015498480387316329,-0.0015498482159774926,-0.0015498480387316329,0.023259392880334122,572393,1.775184585207672e-10,-2.5317561663319595e-15,-1.2905957228493076e-08,0.000214764650883014,0,3.606938842559322e-05,0.001091098999874195,0.002308440859237966,0.005193991933285424,0.014427755370237287,0.09017347106398305,0.3606938842559322,5.143282651037103e-09,1.5558430019387237e-07,3.291700896663746e-07,7.406327017493429e-07,2.0573130604148413e-06,1.2858206627592758e-05,5.143282651037103e-05,5.143282651037103e-09,1.5558430019387237e-07,3.291700896663746e-07,7.406327017493429e-07,2.0573130604148413e-06,1.2858206627592758e-05,5.143282651037103e-05
317,-5602829172905488131,original,False,False,1495,-0.0017909536193205313,-0.001790953500892254,-0.0017909536193205313,0.026739264950411182,614091,-1.186397157323824e-10,1.0418318131943245e-15,-4.8075113027978105e-08,0.00010748915836421711,0,4.767162450644877e-05,0.0014420666413200753,0.0030509839684127213,0.006864713928928623,0.019068649802579506,0.11917906126612192,0.4767162450644877,1.9973792772263766e-09,6.042072313609789e-08,1.278322737424881e-07,2.876226159205982e-07,7.989517108905507e-07,4.993448193065942e-06,1.9973792772263767e-05,1.9973792772263766e-09,6.042072313609789e-08,1.278322737424881e-07,2.876226159205982e-07,7.989517108905507e-07,4.993448193065942e-06,1.9973792772263767e-05
318,8858464004521561015,original,False,False,4466,-0.0015235774588268983,-0.0015235776035342915,-0.0015235774588268983,0.022593508231554572,604147,1.449367310595904e-10,8.528633466466223e-15,-4.416134009133319e-08,0.00025601491635339176,0,3.403874181571732e-05,0.001029671939925449,0.0021784794762059086,0.004901578821463294,0.013615496726286928,0.0850968545392933,0.3403874181571732,1.4792048395582564e-08,4.4745946396637255e-07,9.466910973172841e-07,2.130054968963889e-06,5.9168193582330255e-06,3.698012098895641e-05,0.00014792048395582564,1.4792048395582564e-08,4.4745946396637255e-07,9.466910973172841e-07,2.130054968963889e-06,5.9168193582330255e-06,3.698012098895641e-05,0.00014792048395582564
319,3463602161817361454,original,False,False,1613,-0.001548857128800781,-0.0015488571865420926,-0.001548857128800781,0.023427968883641556,594876,5.783592964512184e-11,5.046399307185515e-15,-3.927422884297293e-09,0.00013111615928128315,0,3.6597617296791925e-05,0.0011070779232279558,0.002342247506994683,0.0052700568907380375,0.01463904691871677,0.09149404324197981,0.36597617296791923,4.741239051878975e-09,1.43422481319339e-07,3.034392993202544e-07,6.827384234705724e-07,1.8964956207515899e-06,1.1853097629697437e-05,4.741239051878975e-05,4.741239051878975e-09,1.43422481319339e-07,3.034392993202544e-07,6.827384234705724e-07,1.8964956207515899e-06,1.1853097629697437e-05,4.741239051878975e-05
320,-8810182914505647048,original,False,False,878,-0.0017318284875521871,-0.0017318284273222188,-0.0017318284875521871,0.02574488090960445,587495,-6.033610372361742e-11,-1.6464285326795223e-15,-2.57580061772728e-08,0.0001788523790220996,0,4.41942004909075e-05,0.0013368745648499518,0.00282842883141808,0.00636396487069068,0.017677680196363,0.11048550122726875,0.441942004909075,5.063824127249956e-09,1.5318067984931115e-07,3.2408474414399717e-07,7.291906743239936e-07,2.0255296508999824e-06,1.265956031812489e-05,5.063824127249956e-05,5.063824127249956e-09,1.5318067984931115e-07,3.2408474414399717e-07,7.291906743239936e-07,2.0255296508999824e-06,1.265956031812489e-05,5.063824127249956e-05
321,-5934879221955148907,original,False,False,1633,-0.0018269576088433786,-0.0018269577795562006,-0.0018269576088433786,0.027275372523181934,581745,1.7102515315389503e-10,-1.246557692279964e-16,-3.873828732378973e-09,0.00030551559954784493,0,4.960609302897926e-05,0.0015005843141266226,0.0031747899538546727,0.007143277396173014,0.019842437211591703,0.12401523257244815,0.4960609302897926,1.0331237518466545e-08,3.12519934933613e-07,6.611992011818589e-07,1.4876982026591824e-06,4.132495007386618e-06,2.5828093796166364e-05,0.00010331237518466546,1.0331237518466545e-08,3.12519934933613e-07,6.611992011818589e-07,1.4876982026591824e-06,4.132495007386618e-06,2.5828093796166364e-05,0.00010331237518466546
322,7652499386722305602,original,False,False,3678,-0.0017432866435499882,-0.0017432869606087038,-0.0017432866435499882,0.026361511542364803,575804,3.1761162255699636e-10,-7.826942194188896e-16,7.952239861908503e-09,0.00013847347790015555,0,4.633363165664874e-05,0.0014015923576136244,0.002965352426025519,0.006672042958557418,0.018533452662659496,0.11583407914162185,0.4633363165664874,3.95518063472036e-09,1.1964421420029088e-07,2.53131560622103e-07,5.695460113997317e-07,1.5820722538881438e-06,9.887951586800899e-06,3.9551806347203595e-05,3.95518063472036e-09,1.1964421420029088e-07,2.53131560622103e-07,5.695460113997317e-07,1.5820722538881438e-06,9.887951586800899e-06,3.9551806347203595e-05
323,5451446987749980443,original,False,False,80619,-0.001496109743354578,-0.0014961097892252646,-0.001496109743354578,0.022385499712275117,557237,4.594186290543977e-11,2.4458877983686522e-15,-1.8983037044679146e-08,0.00021211603395752702,0,3.341325204038447e-05,0.0010107508742216301,0.002138448130584606,0.0048115082938153635,0.013365300816153787,0.08353313010096117,0.33413252040384467,4.397198128861465e-09,1.330152433980593e-07,2.8142068024713374e-07,6.331965305560509e-07,1.7588792515445859e-06,1.0992995322153661e-05,4.3971981288614645e-05,4.397198128861465e-09,1.330152433980593e-07,2.8142068024713374e-07,6.331965305560509e-07,1.7588792515445859e-06,1.0992995322153661e-05,4.3971981288614645e-05
324,-3860556312513742811,original,False,False,3215,-0.0016148688857938686,-0.0016148689114929998,-0.0016148688857938686,0.02432010830330361,602933,2.5738731061991698e-11,-1.967887752422962e-15,2.3939443758734493e-08,0.00015652146444679668,0,3.943529650606725e-05,0.0011929177193085343,0.002523858976388304,0.005678682696873684,0.0157741186024269,0.09858824126516812,0.39435296506067247,4.863907205433611e-09,1.4713319296436674e-07,3.112900611477511e-07,7.0040263758244e-07,1.9455628821734447e-06,1.2159768013584027e-05,4.863907205433611e-05,4.863907205433611e-09,1.4713319296436674e-07,3.112900611477511e-07,7.0040263758244e-07,1.9455628821734447e-06,1.2159768013584027e-05,4.863907205433611e-05
325,1538958414690709134,original,False,False,911,-0.0016564625140933797,-0.0016564625373575736,-0.0016564625140933797,0.024883352370055862,594819,2.3303455794395965e-11,6.617289379739821e-16,-3.6881229231978046e-08,0.0001581321893435553,0,4.128471957547826e-05,0.0012488627671582173,0.0026422220528306084,0.005944999618868869,0.016513887830191303,0.10321179893869564,0.41284719575478257,4.006718734069496e-09,1.2120324170560225e-07,2.5642999898044775e-07,5.769674977060075e-07,1.6026874936277983e-06,1.001679683517374e-05,4.006718734069496e-05,4.006718734069496e-09,1.2120324170560225e-07,2.5642999898044775e-07,5.769674977060075e-07,1.6026874936277983e-06,1.001679683517374e-05,4.006718734069496e-05
326,8453499496214178737,original,False,False,2481,-0.0016982046449613986,-0.0016982047602222587,-0.0016982046449613986,0.02556011919962301,587300,1.1545833981250846e-10,1.410035026056321e-15,6.2028882254782375e-09,0.00013103184789365648,0,4.3556510035601557e-05,0.001317584428576947,0.0027876166422784996,0.0062721374451266245,0.017422604014240624,0.1088912750890039,0.4355651003560156,4.527678944196526e-09,1.3696228806194491e-07,2.8977145242857766e-07,6.519857679642998e-07,1.8110715776786104e-06,1.1319197360491315e-05,4.527678944196526e-05,4.527678944196526e-09,1.3696228806194491e-07,2.8977145242857766e-07,6.519857679642998e-07,1.8110715776786104e-06,1.1319197360491315e-05,4.527678944196526e-05
327,-3099051164208296409,original,False,False,1074,-0.0016997218089743746,-0.0016997218305954641,-0.0016997218089743746,0.02551629347026588,580424,2.1656795145754353e-11,-1.1066053104935914e-15,2.145383434575603e-08,0.00011136478214435106,0,4.341177046113337e-05,0.0013132060564492844,0.0027783533095125357,0.006251294946403205,0.017364708184453348,0.10852942615283342,0.4341177046113337,2.4042093497656388e-09,7.272733283041057e-08,1.5386939838500088e-07,3.46206146366252e-07,9.616837399062554e-07,6.010523374414097e-06,2.404209349765639e-05,2.4042093497656388e-09,7.272733283041057e-08,1.5386939838500088e-07,3.46206146366252e-07,9.616837399062554e-07,6.010523374414097e-06,2.404209349765639e-05
328,-6478920781094447007,original,False,False,1356,-0.0016158600781959254,-0.0016158602415408281,-0.0016158600781959254,0.024199187224482683,575100,1.636103651413482e-10,1.092767569744492e-15,-2.033379660808334e-08,0.00022234500205265867,0,3.9044918854812097e-05,0.001181108795358066,0.002498874806707974,0.005622468315092942,0.015617967541924838,0.09761229713703024,0.39044918854812094,7.354275561856934e-09,2.2246683574617225e-07,4.7067363595884375e-07,1.0590156809073985e-06,2.9417102247427733e-06,1.8385688904642334e-05,7.354275561856934e-05,7.354275561856934e-09,2.2246683574617225e-07,4.7067363595884375e-07,1.0590156809073985e-06,2.9417102247427733e-06,1.8385688904642334e-05,7.354275561856934e-05
329,-7587424056583975574,original,False,False,15452,-0.0015203513958653534,-0.0015203511554345054,-0.0015203513958653534,0.022976276850059606,563261,-2.407979255654442e-10,-9.815578185688658e-16,-1.2938734880062238e-08,0.0002508573524046278,0,3.520100008268639e-05,0.0010648302525012633,0.002252864005291929,0.005068944011906841,0.014080400033074557,0.08800250020671598,0.3520100008268639,6.766271023867944e-09,2.046796984720053e-07,4.330413455275484e-07,9.74343027436984e-07,2.7065084095471775e-06,1.691567755966986e-05,6.766271023867944e-05,6.766271023867944e-09,2.046796984720053e-07,4.330413455275484e-07,9.74343027436984e-07,2.7065084095471775e-06,1.691567755966986e-05,6.766271023867944e-05
330,-9179967720677822563,original,False,False,680,-0.0011740963745512543,-0.0011740964391805855,-0.0011740963745512543,0.017674863156521826,539493,6.470538334987483e-11,8.201268336375358e-17,-3.644322574059346e-08,0.00020603740385098998,0,2.0832480579159184e-05,0.0006301825375195653,0.0013332787570661878,0.0029998772033989225,0.008332992231663673,0.05208120144789796,0.20832480579159185,6.52585078774076e-09,1.97406986329158e-07,4.1765445041540865e-07,9.397225134346695e-07,2.6103403150963043e-06,1.63146269693519e-05,6.52585078774076e-05,6.52585078774076e-09,1.97406986329158e-07,4.1765445041540865e-07,9.397225134346695e-07,2.6103403150963043e-06,1.63146269693519e-05,6.52585078774076e-05
331,-8660435872545199746,original,False,False,512,-0.0010354597338111699,-0.0010354597320988927,-0.0010354597338111699,0.015537766432973058,523993,-1.7135395317043248e-12,5.125856183440785e-16,-2.218099754847338e-08,0.00024294291428946573,0,1.6101041954364943e-05,0.00048705651911953954,0.0010304666850793564,0.002318550041428552,0.006440416781745977,0.04025260488591236,0.16101041954364945,1.0600622437967303e-08,3.206688287485109e-07,6.784398360299074e-07,1.5264896310672916e-06,4.2402489751869215e-06,2.6501556094918258e-05,0.00010600622437967303,1.0600622437967303e-08,3.206688287485109e-07,6.784398360299074e-07,1.5264896310672916e-06,4.2402489751869215e-06,2.6501556094918258e-05,0.00010600622437967303
332,4451990931861363421,original,False,False,7267,-0.002170215351776008,-0.0021702153444646574,-0.002170215351776008,0.03280994202101484,590176,-7.326581794375328e-12,6.709073697108262e-16,-2.995924577021107e-08,7.87210881915677e-05,0,7.17772590674307e-05,0.0021712620867897787,0.004593744580315565,0.01033592530571002,0.028710903626972283,0.17944314766857675,0.717772590674307,2.189406297747048e-09,6.62295405068482e-08,1.4012200305581108e-07,3.152745068755749e-07,8.757625190988192e-07,5.4735157443676205e-06,2.1894062977470482e-05,2.189406297747048e-09,6.62295405068482e-08,1.4012200305581108e-07,3.152745068755749e-07,8.757625190988192e-07,5.4735157443676205e-06,2.1894062977470482e-05
333,8392550104231525737,original,False,False,2094,-0.002240882451321713,-0.0022408826225211813,-0.002240882451321713,0.03349060798022167,582445,1.7158659704040552e-10,2.6292723792740608e-15,1.56268448493936e-08,0.00010137487216116375,0,7.477857205071334e-05,0.0022620518045340784,0.004785828611245654,0.010768114375302722,0.029911428820285337,0.18694643012678336,0.7477857205071334,3.0610931473998806e-09,9.259806770884639e-08,1.9590996143359236e-07,4.407974132255828e-07,1.2244372589599523e-06,7.652732868499701e-06,3.0610931473998804e-05,3.0610931473998806e-09,9.259806770884639e-08,1.9590996143359236e-07,4.407974132255828e-07,1.2244372589599523e-06,7.652732868499701e-06,3.0610931473998804e-05
334,4791896284440754142,original,False,False,2683,-0.0021739453484429503,-0.002173945171611064,-0.0021739453484429503,0.03229143027174451,575994,-1.7721631771989753e-10,8.288612273214235e-16,3.351209227358348e-08,0.00012680746784453608,0,6.951865103177499e-05,0.0021029391937111936,0.0044491936660335995,0.0100106857485756,0.027807460412709997,0.17379662757943748,0.6951865103177499,4.895880367976689e-09,1.4810038113129483e-07,3.133363435505081e-07,7.050067729886432e-07,1.9583521471906755e-06,1.2239700919941722e-05,4.895880367976689e-05,4.895880367976689e-09,1.4810038113129483e-07,3.133363435505081e-07,7.050067729886432e-07,1.9583521471906755e-06,1.2239700919941722e-05,4.895880367976689e-05
335,7864863702871242992,original,False,False,7792,-0.0034559469706497807,-0.003455946852882931,-0.0034559469706497807,0.05190045923118979,627986,-1.1816983175999548e-10,5.4255555180703916e-15,1.1571417036308872e-08,0.0001422318838807636,0,0.00017958324086794823,0.005432393036255434,0.011493327415548687,0.025859986684984546,0.07183329634717929,0.4489581021698706,1.7958324086794824,4.424540699369206e-09,1.3384235615591847e-07,2.831706047596292e-07,6.371338607091656e-07,1.7698162797476824e-06,1.1061351748423015e-05,4.424540699369206e-05,4.424540699369206e-09,1.3384235615591847e-07,2.831706047596292e-07,6.371338607091656e-07,1.7698162797476824e-06,1.1061351748423015e-05,4.424540699369206e-05
336,1790947793027560158,original,False,False,2796,-0.0026830737558038815,-0.002683073808321861,-0.0026830737558038815,0.040264156492993114,613713,5.2654917590103665e-11,-4.350617715589795e-15,-2.4391060482952063e-08,0.0001359230540113709,0,0.00010808779959072808,0.0032696559376195248,0.0069176191738065974,0.015564643141064843,0.04323511983629123,0.27021949897682024,1.080877995907281,2.8614780295436507e-09,8.655971039369543e-08,1.8313459389079364e-07,4.120528362542857e-07,1.1445912118174603e-06,7.153695073859127e-06,2.8614780295436508e-05,2.8614780295436507e-09,8.655971039369543e-08,1.8313459389079364e-07,4.120528362542857e-07,1.1445912118174603e-06,7.153695073859127e-06,2.8614780295436508e-05
337,3639905339560919178,original,False,False,982,-0.002038004376257882,-0.002038004328101565,-0.002038004376257882,0.030411294155067194,602239,-4.825918090208917e-11,-4.520466066247314e-15,1.2497958937121236e-08,0.00020975493513987259,0,6.166682677851784e-05,0.0018654215100501648,0.003946676913825142,0.00888002305610657,0.024666730711407136,0.15416706694629462,0.6166682677851785,7.994422560490574e-09,2.418312824548399e-07,5.116430438713968e-07,1.1511968487106427e-06,3.1977690241962296e-06,1.9986056401226437e-05,7.994422560490575e-05,7.994422560490574e-09,2.418312824548399e-07,5.116430438713968e-07,1.1511968487106427e-06,3.1977690241962296e-06,1.9986056401226437e-05,7.994422560490575e-05
338,-2368508765201337672,original,False,False,13786,-0.0017629581209261658,-0.001762958268033608,-0.0017629581209261658,0.028867323520731344,595416,1.4736658226409887e-10,-6.621668595503405e-16,-4.573704484572514e-08,0.000249659798590113,0,5.59340152409147e-05,0.0016920039610376697,0.003579776975418541,0.008054498194691718,0.02237360609636588,0.13983503810228676,0.559340152409147,8.79143578406659e-09,2.6594093246801435e-07,5.626518901802617e-07,1.2659667529055889e-06,3.516574313626636e-06,2.1978589460166474e-05,8.79143578406659e-05,8.79143578406659e-09,2.6594093246801435e-07,5.626518901802617e-07,1.2659667529055889e-06,3.516574313626636e-06,2.1978589460166474e-05,8.79143578406659e-05
339,9198196542872910153,original,False,False,1179,-0.0018244391457182933,-0.0018244393561045007,-0.0018244391457182933,0.027558371353520857,584170,2.1076976111204458e-10,-9.846925775509931e-16,-1.8810598790807294e-08,0.00016360406081134955,0,5.0638937179840275e-05,0.0015318278496901684,0.0032408919795097776,0.007292006953897,0.02025557487193611,0.12659734294960068,0.5063893717984027,4.57312881925138e-09,1.3833714678235426e-07,2.926802444320883e-07,6.585305499721987e-07,1.829251527700552e-06,1.143282204812845e-05,4.57312881925138e-05,4.57312881925138e-09,1.3833714678235426e-07,2.926802444320883e-07,6.585305499721987e-07,1.829251527700552e-06,1.143282204812845e-05,4.57312881925138e-05
340,7357069286191555035,original,False,False,1606,-0.0018075985633205765,-0.0018075985961942627,-0.0018075985633205765,0.02727935242290417,578401,3.293313098279724e-11,-8.521363729370535e-17,3.009341519091103e-08,0.0002463322282847041,0,4.961575483415455e-05,0.0015008765837331752,0.0031754083093858913,0.007144668696118255,0.01984630193366182,0.12403938708538638,0.4961575483415455,9.148449899300655e-09,2.767406094538448e-07,5.855007935552419e-07,1.3173767854992944e-06,3.659379959720262e-06,2.2871124748251637e-05,9.148449899300655e-05,9.148449899300655e-09,2.767406094538448e-07,5.855007935552419e-07,1.3173767854992944e-06,3.659379959720262e-06,2.2871124748251637e-05,9.148449899300655e-05
341,-4875308689459093266,original,False,False,10425,-0.0037523713555351044,-0.0037523710796648615,-0.0037523713555351044,0.05623426610006123,640814,-2.7691109238694337e-10,-1.7832349946680847e-15,3.232791966850542e-08,0.0001091827586664872,0,0.00021082627344722995,0.006377494771778706,0.013492881500622717,0.030358983376401114,0.08433050937889199,0.5270656836180749,2.1082627344722997,3.1760118975666293e-09,9.607435990139054e-08,2.0326476144426427e-07,4.5734571324959463e-07,1.2704047590266516e-06,7.940029743916574e-06,3.1760118975666295e-05,3.1760118975666293e-09,9.607435990139054e-08,2.0326476144426427e-07,4.5734571324959463e-07,1.2704047590266516e-06,7.940029743916574e-06,3.1760118975666295e-05
342,2419023279438696577,original,False,False,2535,-0.002845196962492336,-0.0028451969421752358,-0.002845196962492336,0.04257640924094076,622157,-2.037965368821311e-11,-4.582267490484864e-15,1.9093596845835715e-08,0.0001698487043603645,0,0.00012085456179995028,0.003655850494448496,0.007734691955196818,0.01740305689919284,0.04834182471998011,0.30213640449987567,1.2085456179995027,5.183904417793016e-09,1.5681310863823873e-07,3.3176988273875303e-07,7.464822361621943e-07,2.0735617671172063e-06,1.295976104448254e-05,5.183904417793016e-05,5.183904417793016e-09,1.5681310863823873e-07,3.3176988273875303e-07,7.464822361621943e-07,2.0735617671172063e-06,1.295976104448254e-05,5.183904417793016e-05
343,-1563200761450303736,original,False,False,19187,-0.0020775243432821925,-0.0020775246003133315,-0.0020775243432821925,0.030986058048072432,606252,2.575672260712988e-10,9.869918933593444e-16,-3.4638239677919e-08,0.00011781991710259946,0,6.401422928667728e-05,0.0019364304359219876,0.004096910674347346,0.009218049017281528,0.025605691714670913,0.1600355732166932,0.6401422928667728,3.5755148578605932e-09,1.0815932445028295e-07,2.2883295090307797e-07,5.148741395319254e-07,1.4302059431442374e-06,8.938787144651483e-06,3.5755148578605933e-05,3.578629201106628e-09,1.082535333334755e-07,2.290322688708242e-07,5.153226049593544e-07,1.4314516804426512e-06,8.94657300276657e-06,3.578629201106628e-05
344,-2741734447213230743,original,False,False,5214,-0.002181197782379448,-0.0021811977791435936,-0.002181197782379448,0.03249253499527242,596048,-3.240410418786396e-12,2.5175155426352257e-15,-8.125954706637288e-10,0.00010572089061899382,0,7.039088683090971e-05,0.0021293243266350187,0.004505016757178222,0.010136287703651,0.028156354732363886,0.1759772170772743,0.7039088683090972,2.5502149220705683e-09,7.71440013926347e-08,1.6321375501251637e-07,3.6723094877816185e-07,1.0200859688282272e-06,6.375537305176421e-06,2.5502149220705685e-05,2.5502149220705683e-09,7.71440013926347e-08,1.6321375501251637e-07,3.6723094877816185e-07,1.0200859688282272e-06,6.375537305176421e-06,2.5502149220705685e-05
345,-6464674219217240354,original,False,False,3904,-0.0021643246177987297,-0.0021643245257520847,-0.0021643246177987297,0.032767879603713836,586148,-9.224633144177161e-11,-3.5228801992226223e-17,-3.569198428256589e-08,0.00011069437534734019,0,7.15879081901595e-05,0.002165534222752325,0.004581626124170208,0.010308658779382968,0.028635163276063802,0.17896977047539875,0.715879081901595,2.5431272245977032e-09,7.692959854408052e-08,1.62760142374253e-07,3.6621032034206927e-07,1.0172508898390812e-06,6.357818061494258e-06,2.543127224597703e-05,2.5431272245977032e-09,7.692959854408052e-08,1.62760142374253e-07,3.6621032034206927e-07,1.0172508898390812e-06,6.357818061494258e-06,2.543127224597703e-05
346,5652503189885080178,original,False,False,3932,-0.0020017469052063274,-0.002001746990177719,-0.0020017469052063274,0.03009656192914247,579094,8.514256422094681e-11,7.403609770002118e-16,1.9680789463494104e-08,0.00017105461376727514,0,6.0389649081983055e-05,0.0018267868847299874,0.0038649375412469155,0.00869610946780556,0.024155859632793222,0.15097412270495764,0.6038964908198305,3.364264416653748e-09,1.0176899860377588e-07,2.1531292266583987e-07,4.844540759981397e-07,1.3457057666614991e-06,8.41066104163437e-06,3.364264416653748e-05,4.935007769742551e-09,1.4928398503471218e-07,3.158404972635233e-07,7.106411188429274e-07,1.9740031078970206e-06,1.2337519424356378e-05,4.935007769742551e-05
347,2127205301066534152,original,False,False,3081,-0.0018001713193374633,-0.0018001714369110873,-0.0018001713193374633,0.027027415531107733,568478,1.1778677594409098e-10,1.1175835024483e-15,-3.323639008177622e-08,0.00021068885129705458,0,4.8705558375901636e-05,0.0014733431408710245,0.0031171557360577047,0.0070136004061298355,0.019482223350360654,0.12176389593975409,0.48705558375901636,6.560346716858564e-09,1.9845048818497156e-07,4.198621898789481e-07,9.446899272276332e-07,2.6241386867434255e-06,1.640086679214641e-05,6.560346716858564e-05,6.560346716858564e-09,1.9845048818497156e-07,4.198621898789481e-07,9.446899272276332e-07,2.6241386867434255e-06,1.640086679214641e-05,6.560346716858564e-05
348,4620770771193223007,original,False,False,1206,-0.0013185278445850305,-0.0013185280309985106,-0.0013185278445850305,0.01965662669956352,542542,1.8665844608788758e-10,-1.1497858328567504e-15,-3.26125198471335e-08,0.0001324834139813297,0,2.5768412470600516e-05,0.0007794944772356656,0.001649178398118433,0.0037106513957664744,0.010307364988240206,0.06442103117650129,0.25768412470600516,3.604954364245105e-09,1.0904986951841442e-07,2.3071707931168672e-07,5.191134284512952e-07,1.441981745698042e-06,9.012385910612763e-06,3.604954364245105e-05,3.604954364245105e-09,1.0904986951841442e-07,2.3071707931168672e-07,5.191134284512952e-07,1.441981745698042e-06,9.012385910612763e-06,3.604954364245105e-05
349,8220984004809970273,original,False,False,2467,-0.0028213693220962956,-0.0028213695183785994,-0.0028213693220962956,0.04216937772454446,618116,1.9683699021686245e-10,-6.651735892472611e-16,-1.4892321069102093e-08,0.00016225718747067878,0,0.0001185569318528112,0.003586347188547539,0.007587643638579917,0.017072198186804815,0.04742277274112448,0.296392329632028,1.185569318528112,6.1117820703048674e-09,1.8488140762672224e-07,3.911540524995115e-07,8.800966181239009e-07,2.444712828121947e-06,1.5279455175762168e-05,6.111782070304867e-05,6.1117820703048674e-09,1.8488140762672224e-07,3.911540524995115e-07,8.800966181239009e-07,2.444712828121947e-06,1.5279455175762168e-05,6.111782070304867e-05
350,3574307990022738290,original,False,False,4639,-0.0026535529099855895,-0.002653553083014126,-0.0026535529099855895,0.039556959974275434,606463,1.7348559336105694e-10,-3.3050504377118343e-15,2.8724884653975957e-08,0.00018476069557239784,0,0.00010432554804647981,0.003155847828406014,0.006676835074974708,0.015022878918693092,0.04173021921859192,0.2608138701161995,1.043255480464798,6.55993330643796e-09,1.984379825197483e-07,4.1983573161202943e-07,9.446303961270662e-07,2.623973322575184e-06,1.63998332660949e-05,6.55993330643796e-05,6.55993330643796e-09,1.984379825197483e-07,4.1983573161202943e-07,9.446303961270662e-07,2.623973322575184e-06,1.63998332660949e-05,6.55993330643796e-05
351,-438450495685885192,original,False,False,96496,-0.00283431822225495,-0.0028343181954857736,-0.00283431822225495,0.043498570429310435,597507,-2.6841795211064475e-11,3.469102829878012e-15,5.494942273892959e-08,0.00013416037630351372,0,0.00012620885710809478,0.003817817927519867,0.008077366854918066,0.01817407542356565,0.05048354284323791,0.31552214277023694,1.2620885710809477,3.1067214553380296e-09,9.39783240239754e-08,1.988301731416339e-07,4.4736788956867625e-07,1.242688582135212e-06,7.766803638345074e-06,3.10672145533803e-05,3.104732378184761e-09,9.391815444008901e-08,1.987028722038247e-07,4.4708146245860557e-07,1.2418929512739045e-06,7.761830945461902e-06,3.104732378184761e-05
352,752337461051686027,original,False,False,3742,-0.0028735106577769814,-0.0028735106115628786,-0.0028735106577769814,0.0430614648831268,588627,-4.634647060347511e-11,8.117381102408666e-16,-2.6091893011121657e-08,0.00014297520126700623,0,0.00012362383404525667,0.003739620979869014,0.007911925378896427,0.01780183210251696,0.04944953361810266,0.3090595851131417,1.2362383404525668,2.842147009646851e-09,8.597494704181724e-08,1.8189740861739845e-07,4.0926916938914654e-07,1.1368588038587402e-06,7.105367524117127e-06,2.8421470096468508e-05,2.842147009646851e-09,8.597494704181724e-08,1.8189740861739845e-07,4.0926916938914654e-07,1.1368588038587402e-06,7.105367524117127e-06,2.8421470096468508e-05
353,-6778385354148379921,original,False,False,3514,-0.004866913547087757,-0.004866913456778096,-0.004866913547087757,0.07310554517547267,640436,-9.073352893056552e-11,1.7810724820417327e-14,-1.0484328341720883e-08,0.00010334196601363558,0,0.0003563004199694111,0.010778087704074686,0.022803226878042312,0.0513072604755952,0.14252016798776446,0.8907510499235278,3.5630041996941113,2.043172134965009e-09,6.180595708269152e-08,1.3076301663776056e-07,2.9421678743496125e-07,8.172688539860035e-07,5.107930337412522e-06,2.0431721349650088e-05,2.043172134965009e-09,6.180595708269152e-08,1.3076301663776056e-07,2.9421678743496125e-07,8.172688539860035e-07,5.107930337412522e-06,2.0431721349650088e-05
354,6227862140491667656,original,False,False,2586,-0.003942864455125117,-0.003942864451408057,-0.003942864455125117,0.05914049001106652,622657,-3.718494095469853e-12,1.3280064332556345e-14,2.9013303144597885e-08,7.807060902517354e-05,0,0.00023317848401460653,0.007053649141441847,0.014923422976934818,0.03357770169810334,0.09327139360584262,0.5829462100365164,2.3317848401460655,1.388295239564797e-09,4.199593099683511e-08,8.885089533214701e-08,1.9991451449733077e-07,5.553180958259188e-07,3.4707380989119927e-06,1.3882952395647971e-05,1.388295239564797e-09,4.199593099683511e-08,8.885089533214701e-08,1.9991451449733077e-07,5.553180958259188e-07,3.4707380989119927e-06,1.3882952395647971e-05
355,7816225487043857622,original,False,False,2816,-0.002917359033296154,-0.0029173588794057102,-0.002917359033296154,0.043570555559944754,607319,-1.5434503414190103e-10,-4.323086883862036e-15,4.7935744129079555e-09,0.00011446059648253127,0,0.0001265653472534425,0.003828601754416636,0.00810018222422032,0.01822541000449572,0.050626138901377,0.31641336813360627,1.265653472534425,2.1011536433193323e-09,6.355989771040981e-08,1.3447383317243727e-07,3.0256612463798385e-07,8.404614573277329e-07,5.252884108298331e-06,2.1011536433193322e-05,1.893247882565657e-09,5.727074844761112e-08,1.2116786448420204e-07,2.726276950894546e-07,7.572991530262628e-07,4.733119706414142e-06,1.893247882565657e-05
356,8006929118729953939,original,False,False,9456,-0.0022288846463054952,-0.002228884580142905,-0.0022288846463054952,0.03380578756793866,595582,-6.631272546764513e-11,-2.3373227741038865e-15,-4.68357356035692e-08,9.63160621541088e-05,0,7.619821150497226e-05,0.0023049958980254108,0.004876685536318225,0.010972542456716005,0.030479284601988905,0.19049552876243064,0.7619821150497226,3.3982006123121648e-09,1.0279556852244298e-07,2.1748483918797854e-07,4.893408881729517e-07,1.359280244924866e-06,8.495501530780413e-06,3.398200612312165e-05,3.3982006123121648e-09,1.0279556852244298e-07,2.1748483918797854e-07,4.893408881729517e-07,1.359280244924866e-06,8.495501530780413e-06,3.398200612312165e-05
357,-2546444277676336669,original,False,False,1632,-0.002049751932877507,-0.0020497518397305666,-0.002049751932877507,0.030913367947831616,588655,-9.333628409917382e-11,1.9762687690431724e-15,3.006726470599773e-08,0.0001730925515293318,0,6.371167367003683e-05,0.001927278128518614,0.004077547114882357,0.009174481008485303,0.025484669468014733,0.15927918417509207,0.6371167367003683,3.2885464728287194e-09,9.947853080306876e-08,2.1046697426103804e-07,4.735506920873356e-07,1.3154185891314878e-06,8.221366182071798e-06,3.288546472828719e-05,3.2885464728287194e-09,9.947853080306876e-08,2.1046697426103804e-07,4.735506920873356e-07,1.3154185891314878e-06,8.221366182071798e-06,3.288546472828719e-05
358,2144079200026990086,original,False,False,11461,-0.005855354051700156,-0.005855354009215768,-0.005855354051700156,0.0877579207237504,677913,-4.273226546429791e-11,2.3494597133669974e-15,-3.3317822802451324e-08,0.00017632237731538317,0,0.0005134356211056468,0.015531427538445814,0.03285987975076139,0.07393472943921313,0.2053742484422587,1.283589052764117,5.134356211056468,5.586493992083954e-09,1.689914432605396e-07,3.5753561549337307e-07,8.044551348600894e-07,2.2345975968335816e-06,1.3966234980209886e-05,5.5864939920839544e-05,5.586493992083954e-09,1.689914432605396e-07,3.5753561549337307e-07,8.044551348600894e-07,2.2345975968335816e-06,1.3966234980209886e-05,5.5864939920839544e-05
359,526597391677075273,original,False,False,21246,-0.005828881670762348,-0.005828881863645379,-0.005828881670762348,0.0871971073535646,666023,1.9401494988451324e-10,1.0341738066779552e-15,-4.6778691591201385e-08,0.00011258373630718202,0,0.000506899438089938,0.015333708002220624,0.032441564037756034,0.07299351908495108,0.20275977523597521,1.2672485952248451,5.0689943808993805,2.6560849251637686e-09,8.0346568986204e-08,1.699894352104812e-07,3.824762292235827e-07,1.0624339700655074e-06,6.640212312909421e-06,2.6560849251637685e-05,2.6560849251637686e-09,8.0346568986204e-08,1.699894352104812e-07,3.824762292235827e-07,1.0624339700655074e-06,6.640212312909421e-06,2.6560849251637685e-05
360,-7165348744408480873,original,False,False,158999,-0.005183237894116436,-0.005183237745851402,-0.005183237894116436,0.07465887308607161,647413,-1.490529122619565e-10,-1.5381216908651556e-14,4.416380459253915e-08,0.00016691724187747051,0,0.00037207623787131004,0.011255306195607129,0.023812879223763843,0.05357897825346865,0.148830495148524,0.9301905946782751,3.7207623787131006,5.240909996776783e-09,1.5853752740249769e-07,3.354182397937141e-07,7.546910395358567e-07,2.096363998710713e-06,1.3102274991941957e-05,5.240909996776783e-05,5.2406173454037734e-09,1.5852867469846415e-07,3.353995101058415e-07,7.546488977381433e-07,2.0962469381615094e-06,1.3101543363509433e-05,5.240617345403773e-05
361,-2725569140561696380,original,False,False,2584,-0.0030675321264665746,-0.0030675321847165493,-0.0030675321264665746,0.04543465410645622,630604,5.8439255995173e-11,1.0048128801100142e-14,-3.547177102239844e-08,0.00025241994900317957,0,0.00013763374136085233,0.004163420676165783,0.00880855944709455,0.019819258755962736,0.055053496544340934,0.34408435340213084,1.3763374136085234,7.748001083035707e-09,2.3437703276183013e-07,4.958720693142852e-07,1.1157121559571416e-06,3.0992004332142825e-06,1.9370002707589265e-05,7.748001083035706e-05,7.748001083035707e-09,2.3437703276183013e-07,4.958720693142852e-07,1.1157121559571416e-06,3.0992004332142825e-06,1.9370002707589265e-05,7.748001083035706e-05
362,-5068799083018846134,original,False,False,12022,-0.002546211934319948,-0.002546211783963103,-0.002546211934319948,0.038312183119124696,612684,-1.5073894480234322e-10,1.7178896570754308e-15,1.9329303586052734e-08,0.00011831071095289067,0,9.785848194613086e-05,0.0029602190788704584,0.006262942844552375,0.014091621400242843,0.03914339277845234,0.24464620486532715,0.9785848194613086,3.698198280349643e-09,1.118704979805767e-07,2.3668468994237716e-07,5.325405523703487e-07,1.4792793121398573e-06,9.245495700874108e-06,3.698198280349643e-05,3.698198280349643e-09,1.118704979805767e-07,2.3668468994237716e-07,5.325405523703487e-07,1.4792793121398573e-06,9.245495700874108e-06,3.698198280349643e-05
363,-3944899347819799162,original,False,False,4119,-0.002713437205395995,-0.002713437385950694,-0.002713437205395995,0.04068031232201477,598857,1.8104341145994653e-10,-2.5447504114054343e-15,2.652926296399979e-08,0.00013507945906139862,0,0.0001103314810846122,0.003337527302809519,0.0070612147894151805,0.015887733276184157,0.044132592433844875,0.2758287027115305,1.103314810846122,4.21948131524039e-09,1.276393097860218e-07,2.7004680417538496e-07,6.076053093946161e-07,1.687792526096156e-06,1.0548703288100975e-05,4.21948131524039e-05,4.21948131524039e-09,1.276393097860218e-07,2.7004680417538496e-07,6.076053093946161e-07,1.687792526096156e-06,1.0548703288100975e-05,4.21948131524039e-05
364,8373018130453652507,original,False,False,6333,-0.002661570833733019,-0.0026615707221943003,-0.002661570833733019,0.040167119525327574,587474,-1.1183910559896743e-10,-2.726119370082304e-15,-3.3587607721340285e-08,0.00017150729212574118,0,0.00010756652670444034,0.00325388743280932,0.0068842577090841815,0.01548957984543941,0.043026610681776135,0.26891631676110084,1.0756652670444034,3.3284166711937253e-09,1.0068460430361018e-07,2.1301866695639842e-07,4.792920006518965e-07,1.3313666684774901e-06,8.321041677984313e-06,3.328416671193725e-05,3.3284166711937253e-09,1.0068460430361018e-07,2.1301866695639842e-07,4.792920006518965e-07,1.3313666684774901e-06,8.321041677984313e-06,3.328416671193725e-05
365,5166032482773100518,original,False,False,1753,-0.002434536890935135,-0.002434536889318805,-0.002434536890935135,0.03654053048834865,577063,-1.6228395219619592e-12,-2.5651394000634033e-15,-4.433079741964456e-08,0.00013489569566251636,0,8.901824661407036e-05,0.0026928019600756282,0.005697167783300503,0.012818627512426132,0.035607298645628144,0.2225456165351759,0.8901824661407036,4.081522512206803e-09,1.234660559942558e-07,2.612174407812354e-07,5.877392417577796e-07,1.6326090048827213e-06,1.0203806280517009e-05,4.0815225122068036e-05,4.081522512206803e-09,1.234660559942558e-07,2.612174407812354e-07,5.877392417577796e-07,1.6326090048827213e-06,1.0203806280517009e-05,4.0815225122068036e-05
366,-7939419830041329782,original,False,False,2987,-0.0016793805541123208,-0.0016793807169505764,-0.0016793805541123208,0.025116045975729088,549822,1.6311267947306087e-10,4.963049836792467e-16,2.1008725017047694e-08,0.00016948942773311313,0,4.205797382384749e-05,0.0012722537081713866,0.0026917103247262393,0.006056348230634038,0.016823189529538995,0.10514493455961872,0.4205797382384749,3.4416527331174253e-09,1.0410999517680212e-07,2.2026577491951522e-07,4.955979935689092e-07,1.3766610932469701e-06,8.604131832793564e-06,3.4416527331174255e-05,3.4416527331174253e-09,1.0410999517680212e-07,2.2026577491951522e-07,4.955979935689092e-07,1.3766610932469701e-06,8.604131832793564e-06,3.4416527331174255e-05
367,187382032970812913,original,False,False,3616,-0.0036040888688387593,-0.003604089044539979,-0.0036040888688387593,0.05460759456352605,656444,1.7633528137576752e-10,-1.4718944807832934e-15,1.1353846953828529e-09,0.00018926264430917951,0,0.00019881273279907243,0.006014085167171941,0.012724014899140636,0.02862903352306643,0.07952509311962898,0.4970318319976811,1.9881273279907243,8.358189769482533e-09,2.5283524052684663e-07,5.349241452468821e-07,1.2035793268054847e-06,3.343275907793013e-06,2.0895474423706333e-05,8.358189769482533e-05,8.358189769482533e-09,2.5283524052684663e-07,5.349241452468821e-07,1.2035793268054847e-06,3.343275907793013e-06,2.0895474423706333e-05,8.358189769482533e-05
368,-6951416969390104605,original,False,False,3351,-0.002832330461023079,-0.002832330464927613,-0.002832330461023079,0.04267995227761848,636627,3.9017898914298806e-12,-1.3834035106423799e-14,-3.323942438297404e-08,0.00015906985892320339,0,0.00012144168819366322,0.0036736110678583125,0.007772268044394446,0.017487603099887505,0.04857667527746529,0.303604220484158,1.214416881936632,7.227041778548919e-09,2.1861801380110478e-07,4.625306738271308e-07,1.0406940161110443e-06,2.8908167114195677e-06,1.8067604446372296e-05,7.227041778548918e-05,7.227041778548919e-09,2.1861801380110478e-07,4.625306738271308e-07,1.0406940161110443e-06,2.8908167114195677e-06,1.8067604446372296e-05,7.227041778548918e-05
369,3601141310485453327,original,False,False,3977,-0.0026598984304812604,-0.0026598985065194895,-0.0026598984304812604,0.039821306780051975,620829,7.623428437557373e-11,-6.738011652106891e-15,2.0596985290985398e-08,0.000158683814989661,0,0.00010572550845180037,0.003198196630666961,0.006766432540915223,0.015224473217059253,0.04229020338072015,0.26431377112950094,1.0572550845180038,5.681364411978757e-09,1.718612734623574e-07,3.6360732236664047e-07,8.181164753249411e-07,2.272545764791503e-06,1.4203411029946894e-05,5.681364411978758e-05,5.681364411978757e-09,1.718612734623574e-07,3.6360732236664047e-07,8.181164753249411e-07,2.272545764791503e-06,1.4203411029946894e-05,5.681364411978758e-05
370,-2126366565482007403,original,False,False,8386,-0.0030674014280051625,-0.0030674014679113065,-0.0030674014280051625,0.04538004349638655,607479,4.002953729955318e-11,6.0885961872483205e-16,-4.863485444527582e-08,0.00014201051483851685,0,0.0001373192556480616,0.004153907483353863,0.008788432361475942,0.01977397281332087,0.05492770225922464,0.343298139120154,1.373192556480616,2.758479694564831e-09,8.344401076058614e-08,1.765427004521492e-07,3.972210760173357e-07,1.1033918778259325e-06,6.896199236412078e-06,2.758479694564831e-05,2.758479694564831e-09,8.344401076058614e-08,1.765427004521492e-07,3.972210760173357e-07,1.1033918778259325e-06,6.896199236412078e-06,2.758479694564831e-05
371,-6926623260140057181,original,False,False,6501,-0.003233676778214531,-0.0032336770225033958,-0.003233676778214531,0.048193437589387586,597189,2.4507999273817804e-10,-1.3857981861933869e-15,-3.176829478810045e-08,0.00021217955155466555,0,0.00015485317348613699,0.004684308497955644,0.009910603103112767,0.022298856982003727,0.061941269394454795,0.38713293371534246,1.5485317348613699,1.3660559725365463e-08,4.1323193169230525e-07,8.742758224233896e-07,1.967120600452627e-06,5.464223890146185e-06,3.415139931341366e-05,0.00013660559725365464,1.366121165145945e-08,4.1325165245664836e-07,8.743175456934048e-07,1.967214477810161e-06,5.46448466058378e-06,3.415302912864863e-05,0.0001366121165145945
372,-1319187368495281156,original,False,False,7318,-0.005051097792578525,-0.0050510978989918515,-0.005051097792578525,0.07516385533195226,639328,1.0693640563776982e-10,-1.7153356324271682e-14,-3.696888321379828e-08,0.00021854912377060104,0,0.00037665311353024425,0.011393756684289888,0.024105799265935632,0.054238048348355175,0.1506612454120977,0.9416327838256107,3.7665311353024427,7.090904892940989e-09,2.144998730114649e-07,4.5381791314822327e-07,1.0210903045835024e-06,2.8363619571763955e-06,1.7727262232352472e-05,7.090904892940989e-05,7.090904892940989e-09,2.144998730114649e-07,4.5381791314822327e-07,1.0210903045835024e-06,2.8363619571763955e-06,1.7727262232352472e-05,7.090904892940989e-05
373,-8102532839471158741,original,False,False,3944,-0.0038319755698718073,-0.003831975382582485,-0.0038319755698718073,0.05780561364206455,617834,-1.880098789990306e-10,-1.0768361324222855e-16,-5.541684008157281e-09,9.431398482773767e-05,0,0.00022277702985990194,0.0067390051532620334,0.014257729911033724,0.03207989229982588,0.08911081194396078,0.5569425746497548,2.2277702985990193,2.7043899520081786e-09,8.180779604824741e-08,1.7308095692852343e-07,3.8943215308917773e-07,1.0817559808032714e-06,6.760974880020446e-06,2.7043899520081785e-05,2.7043899520081786e-09,8.180779604824741e-08,1.7308095692852343e-07,3.8943215308917773e-07,1.0817559808032714e-06,6.760974880020446e-06,2.7043899520081785e-05
374,-2791773086816108155,original,False,False,25611,-0.0029902977338601283,-0.002990297960943733,-0.0029902977338601283,0.05085971334370837,601869,2.2777409464618698e-10,9.40560248997812e-15,-3.417005219371517e-08,0.0001393964974291269,0,0.00017454519492856576,0.005279992146589114,0.011170892475428209,0.02513450806971347,0.0698180779714263,0.43636298732141443,1.7454519492856577,3.272640289541908e-09,9.899736875864272e-08,2.0944897853068211e-07,4.7126020169403475e-07,1.3090561158167632e-06,8.18160072385477e-06,3.272640289541908e-05,3.276072441854042e-09,9.910119136608478e-08,2.096686362786587e-07,4.7175443162698205e-07,1.3104289767416168e-06,8.190181104635106e-06,3.2760724418540425e-05
375,3932247979629545737,original,False,False,1694,-0.0023979628732509026,-0.0023979628447040294,-0.0023979628732509026,0.03605356634134444,648826,-2.859853292541807e-11,1.6959473111041892e-14,-1.5159634776975243e-08,0.0001837570534825637,0,8.666565591952698e-05,0.0026216360915656913,0.005546601978849727,0.012479854452411886,0.03466626236781079,0.21666413979881746,0.8666565591952698,4.6524477772161626e-09,1.407365452607889e-07,2.977566577418344e-07,6.699524799191274e-07,1.860979110886465e-06,1.1631119443040407e-05,4.652447777216163e-05,4.6524477772161626e-09,1.407365452607889e-07,2.977566577418344e-07,6.699524799191274e-07,1.860979110886465e-06,1.1631119443040407e-05,4.652447777216163e-05
376,-4695993811833931683,original,False,False,4224,-0.006064894005794788,-0.006064893821049006,-0.006064894005794788,0.09074285978851251,711957,-1.8588219737135584e-10,-9.11522496255856e-15,-1.6398798263282757e-08,0.00017850222199012334,0,0.0005489568805791151,0.016605945637518233,0.03513324035706337,0.07904979080339258,0.21958275223164606,1.3723922014477878,5.489568805791151,6.737007012423243e-09,2.037944621258031e-07,4.3116844879508754e-07,9.70129009788947e-07,2.694802804969297e-06,1.6842517531058108e-05,6.737007012423243e-05,6.737007012423243e-09,2.037944621258031e-07,4.3116844879508754e-07,9.70129009788947e-07,2.694802804969297e-06,1.6842517531058108e-05,6.737007012423243e-05
377,4917293204723728667,original,False,False,4749,-0.005887509298127815,-0.005887509236686274,-0.005887509298127815,0.08832640196326504,701160,-6.17862848313531e-11,1.9136009892501148e-14,5.134499986719763e-09,0.00017513850737979083,0,0.0005201117263799293,0.01573337972299286,0.03328715048831547,0.07489608859870982,0.2080446905519717,1.3002793159498232,5.201117263799293,6.769746849977717e-09,2.0478484221182595e-07,4.332637983985739e-07,9.748435463967913e-07,2.707898739991087e-06,1.6924367124944295e-05,6.769746849977718e-05,6.769746849977717e-09,2.0478484221182595e-07,4.332637983985739e-07,9.748435463967913e-07,2.707898739991087e-06,1.6924367124944295e-05,6.769746849977718e-05
378,7876195966126462581,original,False,False,5196,-0.0058174608630468345,-0.005817460925358703,-0.0058174608630468345,0.08755021802180335,683859,6.269908056342412e-11,2.2594534463050048e-14,-2.146628284228842e-08,0.00019515968102988652,0,0.0005110100386183791,0.015458053668205967,0.03270464247157626,0.0735854455610466,0.20440401544735165,1.2775250965459477,5.110100386183791,7.094052608730868e-09,2.1459509141410875e-07,4.5401936695877556e-07,1.021543575657245e-06,2.837621043492347e-06,1.773513152182717e-05,7.094052608730868e-05,7.094052608730868e-09,2.1459509141410875e-07,4.5401936695877556e-07,1.021543575657245e-06,2.837621043492347e-06,1.773513152182717e-05,7.094052608730868e-05
379,25732923710508636,original,False,False,5541,-0.004881892916438405,-0.0048818928974899995,-0.004881892916438405,0.07335177882888584,660469,-1.9024157463355607e-11,1.7205218989354312e-14,-1.818748141651981e-08,8.074399010242328e-05,0,0.00035870515104797747,0.010850830819201318,0.022957129667070558,0.051653541750908756,0.14348206041919098,0.8967628776199437,3.5870515104797747,2.7193537397113924e-09,8.226045062626961e-08,1.740386393415291e-07,3.9158693851844053e-07,1.087741495884557e-06,6.798384349278481e-06,2.7193537397113922e-05,2.7193537397113924e-09,8.226045062626961e-08,1.740386393415291e-07,3.9158693851844053e-07,1.087741495884557e-06,6.798384349278481e-06,2.7193537397113922e-05
380,1441363706277974161,original,False,False,6309,-0.004061762456390148,-0.004061762328367896,-0.004061762456390148,0.06085214543916045,638203,-1.2853538919769885e-10,8.979006760830886e-15,-2.3977970937063767e-08,0.00014363142489827934,0,0.0002468712563817279,0.007467855505547268,0.015799760408430584,0.035549460918968816,0.09874850255269114,0.6171781409543197,2.4687125638172787,5.706052936704527e-09,1.7260810133531194e-07,3.651873879490897e-07,8.216716228854519e-07,2.2824211746818106e-06,1.4265132341761317e-05,5.706052936704527e-05,5.706052936704527e-09,1.7260810133531194e-07,3.651873879490897e-07,8.216716228854519e-07,2.2824211746818106e-06,1.4265132341761317e-05,5.706052936704527e-05
381,-5178096382281007317,original,False,False,12705,-0.0035655501955965075,-0.0035655502351567897,-0.0035655501955965075,0.053167598712220585,618702,3.968525376414258e-11,-1.6587334733881136e-14,2.918920178564495e-09,0.00014818853761631247,0,0.00018849348949797294,0.005701928057313682,0.012063583327870268,0.027143062487708106,0.07539739579918918,0.47123372374493233,1.8849348949797293,4.5298390401165506e-09,1.3702763096352566e-07,2.8990969856745924e-07,6.522968217767833e-07,1.8119356160466203e-06,1.1324597600291376e-05,4.52983904011655e-05,4.5298390401165506e-09,1.3702763096352566e-07,2.8990969856745924e-07,6.522968217767833e-07,1.8119356160466203e-06,1.1324597600291376e-05,4.52983904011655e-05
382,-1992582095271655092,original,False,False,4015,-0.0039031552504094876,-0.0039031553292123836,-0.0039031552504094876,0.05879414546404214,602573,7.911282626533452e-11,1.1449948345661654e-15,-5.689737459658839e-09,0.0001389073816267355,0,0.00023045483085027936,0.006971258633220951,0.01474910917441788,0.03318549564244023,0.09218193234011174,0.5761370771256984,2.3045483085027936,4.26753293917369e-09,1.2909287141000414e-07,2.731221081071162e-07,6.145247432410114e-07,1.7070131756694762e-06,1.0668832347934226e-05,4.26753293917369e-05,4.26753293917369e-09,1.2909287141000414e-07,2.731221081071162e-07,6.145247432410114e-07,1.7070131756694762e-06,1.0668832347934226e-05,4.26753293917369e-05
383,7129199098092931097,original,False,False,3917,-0.0041914217711574615,-0.004191421693742943,-0.0041914217711574615,0.06258444881023473,588747,-7.773813565112313e-11,2.2257791195305763e-15,1.0111840594503987e-08,0.0001606009730772504,0,0.0002611258000855801,0.007899055452588798,0.016712051205477127,0.03760211521232354,0.10445032003423205,0.6528145002139503,2.611258000855801,3.681650197374823e-09,1.1136991847058839e-07,2.3562561263198866e-07,5.301576284219745e-07,1.4726600789499292e-06,9.204125493437057e-06,3.681650197374823e-05,3.681650197374823e-09,1.1136991847058839e-07,2.3562561263198866e-07,5.301576284219745e-07,1.4726600789499292e-06,9.204125493437057e-06,3.681650197374823e-05
0,3833317720381408592,proposed,True,True,5133,-0.0012535496545089632,-0.0012535495552889347,-0.0012535496545089632,0.018273851094662893,524065,-9.934171757665964e-11,2.8442547475283737e-15,4.922439931110091e-09,0.00010802348052717459,0,2.2274378801828714e-05,0.0006737999587553186,0.0014255602433170377,0.003207510547463335,0.008909751520731486,0.05568594700457179,0.22274378801828715,1.695704688425147e-09,5.12950668248607e-08,1.0852510005920941e-07,2.441814751332212e-07,6.782818753700588e-07,4.239261721062867e-06,1.695704688425147e-05,1.6927426308100816e-09,5.120546458200497e-08,1.0833552837184522e-07,2.437549388366517e-07,6.770970523240326e-07,4.231856577025204e-06,1.6927426308100816e-05
1,-6413357392576467902,proposed,True,True,12310,-0.001224082132553595,-0.0012240820865654497,-0.001224082132553595,0.017408708556505604,522534,-4.604534355935877e-11,-8.360642775804203e-16,1.6466757653910295e-08,0.00011334079218199248,0,2.025799961943883e-05,0.0006128044884880245,0.001296511975644085,0.0029171519451991913,0.008103199847775532,0.050644999048597074,0.2025799961943883,2.7376636094456037e-09,8.281432418572951e-08,1.7521047100451864e-07,3.9422355976016695e-07,1.0950654437782414e-06,6.844159023614009e-06,2.7376636094456035e-05,2.731888289891343e-09,8.263962076921312e-08,1.7484085055304595e-07,3.933919137443534e-07,1.092755315956537e-06,6.829720724728357e-06,2.731888289891343e-05
2,-6983633448227792462,proposed,True,True,2040,-0.0012130539165527388,-0.001213054052109459,-0.0012130539165527388,0.018086156710226415,521160,1.3572000697195585e-10,-1.3506518057112216e-15,-8.388113375084986e-09,6.353655308614106e-05,0,2.181391443526753e-05,0.0006598709116668428,0.001396090523857122,0.0031412036786785244,0.008725565774107012,0.05453478608816883,0.2181391443526753,1.1301900657271602e-09,3.41882494882466e-08,7.233216420653825e-08,1.6274736946471106e-07,4.5207602629086407e-07,2.8254751643179004e-06,1.1301900657271601e-05,1.1301900657271602e-09,3.41882494882466e-08,7.233216420653825e-08,1.6274736946471106e-07,4.5207602629086407e-07,2.8254751643179004e-06,1.1301900657271601e-05
3,448379470406034306,proposed,True,True,7600,-0.002437878291920936,-0.0024378782890244538,-0.002437878291920936,0.03683587914537708,584820,-2.9122626868879476e-12,-8.70210063626663e-15,-4.9557023226612226e-08,0.00011266021327725818,0,9.047519874605275e-05,0.002736874762068096,0.005790412719747376,0.013028428619431596,0.0361900794984211,0.22618799686513189,0.9047519874605275,2.0815743622535227e-09,6.296762445816907e-08,1.3322075918422546e-07,2.997467081645073e-07,8.326297449014091e-07,5.203935905633807e-06,2.081574362253523e-05,2.0815743622535227e-09,6.296762445816907e-08,1.3322075918422546e-07,2.997467081645073e-07,8.326297449014091e-07,5.203935905633807e-06,2.081574362253523e-05
4,5376643164617863838,proposed,True,True,12185,-0.002441166556849213,-0.0024411666694090805,-0.002441166556849213,0.0374704017132728,583439,1.1283788242219872e-10,2.564879814455881e-15,4.156266940838594e-08,0.0001892620207569771,0,9.365045369693073e-05,0.0028329262243321548,0.005993629036603567,0.013485665332358026,0.037460181478772295,0.23412613424232684,0.9365045369693074,6.1758412650172225e-09,1.86819198266771e-07,3.9525384096110224e-07,8.8932114216248e-07,2.470336506006889e-06,1.5439603162543056e-05,6.175841265017223e-05,6.166397107756576e-09,1.865335125096364e-07,3.9464941489642084e-07,8.879611835169469e-07,2.4665588431026304e-06,1.5415992769391438e-05,6.166397107756575e-05
5,-421728721160151110,proposed,True,True,23667,-0.0024424698066501807,-0.002442469707260804,-0.0024424698066501807,0.0377771701731587,582077,-9.963308285768991e-11,-3.5593252910099393e-16,3.3853691526069536e-08,0.00014774892924588587,0,9.522631952395806e-05,0.0028805961655997314,0.006094484449533316,0.013712590011449961,0.038090527809583226,0.23806579880989515,0.9522631952395806,2.995220392652983e-09,9.060541687775274e-08,1.9169410512979092e-07,4.313117365420296e-07,1.1980881570611932e-06,7.488050981632458e-06,2.995220392652983e-05,2.9889288091950158e-09,9.041509647814922e-08,1.91291443788481e-07,4.304057485240823e-07,1.1955715236780062e-06,7.47232202298754e-06,2.988928809195016e-05
6,-53190396181123398,proposed,True,True,11787,-0.002413840801044067,-0.0024138408112684175,-0.002413840801044067,0.03583897833982182,580203,1.0255329792338292e-11,6.239716616736067e-15,-3.0438279541313654e-08,7.626942324189461e-05,0,8.564220161438605e-05,0.002590676598835178,0.005481100903320707,0.012332477032471591,0.03425688064575442,0.21410550403596512,0.8564220161438605,1.8602999393768644e-09,5.627407316615015e-08,1.1905919612011932e-07,2.678831912702685e-07,7.441199757507458e-07,4.650749848442161e-06,1.8602999393768645e-05,1.8602999393768644e-09,5.627407316615015e-08,1.1905919612011932e-07,2.678831912702685e-07,7.441199757507458e-07,4.650749848442161e-06,1.8602999393768645e-05
7,1522989468805120761,proposed,True,True,1873,-0.0020846018956270605,-0.002084601949081487,-0.0020846018956270605,0.03117131145278445,600288,5.356346215717659e-11,-2.628654704816777e-15,1.736947018246437e-08,0.00014353974041920092,0,6.478307665583361e-05,0.001959688068838967,0.004146116905973351,0.00932876303844004,0.025913230662333444,0.16195769163958404,0.6478307665583362,3.2765841810715888e-09,9.911667147741556e-08,2.0970138758858168e-07,4.718281220743088e-07,1.3106336724286355e-06,8.191460452678973e-06,3.276584181071589e-05,3.2765841810715888e-09,9.911667147741556e-08,2.0970138758858168e-07,4.718281220743088e-07,1.3106336724286355e-06,8.191460452678973e-06,3.276584181071589e-05
8,-1105769880650941106,proposed,True,True,2618,-0.002090568821465598,-0.0020905685962211385,-0.002090568821465598,0.03147777131392546,598910,-2.257204208157599e-10,-4.085822216690749e-15,-5.916793670781949e-09,9.9178663991839e-05,0,6.606033291646179e-05,0.001998325070722969,0.004227861306653554,0.009512687939970498,0.026424133166584714,0.16515083229115446,0.6606033291646178,1.7788896601965701e-09,5.3811412220946245e-08,1.1384893825258049e-07,2.561601110683061e-07,7.11555864078628e-07,4.447224150491426e-06,1.7788896601965703e-05,1.7788896601965701e-09,5.3811412220946245e-08,1.1384893825258049e-07,2.561601110683061e-07,7.11555864078628e-07,4.447224150491426e-06,1.7788896601965703e-05
9,1242816600780320219,proposed,True,True,3085,-0.002116886221589942,-0.002116886141326931,-0.002116886221589942,0.03195782198582284,597595,-8.043130644687558e-11,1.97239404430699e-15,5.177565652188513e-09,0.00015082336412121358,0,6.809354343166122e-05,0.0020598296888077517,0.004357986779626318,0.009805470254159215,0.027237417372664486,0.17023385857915305,0.6809354343166122,4.078231471651759e-09,1.233665020174657e-07,2.6100681418571257e-07,5.872653319178533e-07,1.6312925886607037e-06,1.0195578679129397e-05,4.078231471651759e-05,4.078231471651759e-09,1.233665020174657e-07,2.6100681418571257e-07,5.872653319178533e-07,1.6312925886607037e-06,1.0195578679129397e-05,4.078231471651759e-05
10,2900437477845990488,proposed,True,True,4852,-0.0011656527035169935,-0.001165652653892622,-0.0011656527035169935,0.0173673088097262,522195,-4.9681761506366346e-11,5.222839299456155e-16,2.713955937154022e-09,0.0001957895660815948,0,2.011487073549376e-05,0.0006084748397486862,0.0012873517270716006,0.002896541385911101,0.008045948294197504,0.0502871768387344,0.2011487073549376,5.8961143912002256e-09,1.7835746033380683e-07,3.7735132103681444e-07,8.490404723328325e-07,2.3584457564800903e-06,1.4740285978000564e-05,5.8961143912002256e-05,5.8961143912002256e-09,1.7835746033380683e-07,3.7735132103681444e-07,8.490404723328325e-07,2.3584457564800903e-06,1.4740285978000564e-05,5.8961143912002256e-05
11,-530339971158296264,proposed,True,True,4706,-0.0011079102092173432,-0.0011079100234195807,-0.0011079102092173432,0.01665417757564523,520679,-1.8600336072690715e-10,4.775130414309947e-16,7.937136965351334e-09,0.00014249906587383032,0,1.8492923137700544e-05,0.0005594109249154414,0.0011835470808128348,0.0026629809318288785,0.007397169255080218,0.04623230784425136,0.18492923137700543,3.705081145051913e-09,1.1207870463782037e-07,2.3712519328332242e-07,5.335316848874755e-07,1.4820324580207652e-06,9.262702862629782e-06,3.705081145051913e-05,3.705081145051913e-09,1.1207870463782037e-07,2.3712519328332242e-07,5.335316848874755e-07,1.4820324580207652e-06,9.262702862629782e-06,3.705081145051913e-05
12,4704560701694357972,proposed,True,True,4618,-0.0010733641261425324,-0.001073364066541516,-0.0010733641261425324,0.016304753097499514,519339,-5.966370071738136e-11,1.3580802972475705e-15,-1.982877183664954e-09,0.00017316118522433814,0,1.773024834881986e-05,0.0005363400125518008,0.001134735894324471,0.00255315576223006,0.007092099339527944,0.04432562087204965,0.1773024834881986,6.820521251090725e-09,2.0632076784549443e-07,4.365133600698064e-07,9.821550601570644e-07,2.72820850043629e-06,1.7051303127726814e-05,6.820521251090726e-05,6.820521251090725e-09,2.0632076784549443e-07,4.365133600698064e-07,9.821550601570644e-07,2.72820850043629e-06,1.7051303127726814e-05,6.820521251090726e-05
13,2626815698835815281,proposed,True,True,4658,-0.0010647787409620185,-0.0010647787867081291,-0.0010647787409620185,0.015885519418963177,518131,4.5795235045313925e-11,3.6277282285731056e-16,5.614595799963308e-09,8.650218367978963e-05,0,1.682708130463557e-05,0.000509019209465226,0.0010769332034966765,0.002423099707867522,0.006730832521854228,0.04206770326158893,0.16827081304635572,2.3841902530079677e-09,7.212175515349103e-08,1.5258817619250994e-07,3.4332339643314736e-07,9.53676101203187e-07,5.9604756325199195e-06,2.3841902530079678e-05,2.3841902530079677e-09,7.212175515349103e-08,1.5258817619250994e-07,3.4332339643314736e-07,9.53676101203187e-07,5.9604756325199195e-06,2.3841902530079678e-05
14,3594309516727455402,proposed,True,True,5565,-0.0010114438347798393,-0.0010114439632796005,-0.0010114438347798393,0.015747587358541627,517041,1.2862968423498495e-10,-1.7882164573305234e-16,1.4049667818702858e-08,0.00016853538920979255,0,1.6542403212959656e-05,0.0005004076971920296,0.001058713805629418,0.0023821060626661905,0.006616961285183862,0.04135600803239914,0.16542403212959655,4.62886586359628e-09,1.4002319237378748e-07,2.962474152701619e-07,6.665566843578643e-07,1.851546345438512e-06,1.15721646589907e-05,4.62886586359628e-05,4.621296547993352e-09,1.397942205767989e-07,2.9576297907157455e-07,6.654667029110427e-07,1.848518619197341e-06,1.155324136998338e-05,4.621296547993352e-05
15,-9040857422899878773,proposed,True,True,5830,-0.0009835173709848756,-0.0009835172761520218,-0.0009835173709848756,0.015295330319404736,516040,-9.492817833376484e-11,-1.9629152660416936e-15,1.676343227044898e-08,0.00019790617688621021,0,1.5629679108413498e-05,0.00047279779302950833,0.0010002994629384639,0.0022506737916115436,0.006251871643365399,0.03907419777103375,0.156296791084135,6.848598177040115e-09,2.0717009485546348e-07,4.3831028333056735e-07,9.861981374937765e-07,2.739439270816046e-06,1.7121495442600287e-05,6.848598177040115e-05,6.848598177040115e-09,2.0717009485546348e-07,4.3831028333056735e-07,9.861981374937765e-07,2.739439270816046e-06,1.7121495442600287e-05,6.848598177040115e-05
16,-6050169906577616784,proposed,True,True,6288,-0.0009324290038055647,-0.000932429138183138,-0.0009324290038055647,0.014732646333406275,515003,1.3450489125863553e-10,1.9034833108189505e-15,1.917875417759289e-08,0.0001238801425975058,0,1.4503092259713202e-05,0.00043871854085632435,0.0009281979046216449,0.002088445285398701,0.00580123690388528,0.036257730649283004,0.14503092259713202,2.4925479462101713e-09,7.539957537285768e-08,1.5952306855745096e-07,3.5892690425426467e-07,9.970191784840686e-07,6.2313698655254285e-06,2.4925479462101714e-05,2.4925479462101713e-09,7.539957537285768e-08,1.5952306855745096e-07,3.5892690425426467e-07,9.970191784840686e-07,6.2313698655254285e-06,2.4925479462101714e-05
17,3176371978044338094,proposed,True,True,17468,-0.0025879375906973207,-0.0025879376507407874,-0.0025879375906973207,0.03946293719718318,595800,6.019631803046435e-11,-2.940626972809873e-15,-3.142596750423892e-08,0.00010077980830402552,0,0.00010384232314907782,0.0031412302752596042,0.006645908681540981,0.014953294533467207,0.04153692925963113,0.25960580787269455,1.0384232314907782,1.692059459117374e-09,5.1184798638300563e-08,1.0829180538351194e-07,2.4365656211290184e-07,6.768237836469496e-07,4.230148647793435e-06,1.692059459117374e-05,1.6945733880996306e-09,5.1260844990013824e-08,1.0845269683837636e-07,2.440185678863468e-07,6.778293552398523e-07,4.236433470249076e-06,1.6945733880996305e-05
18,5461946332450954582,proposed,True,True,23351,-0.002507634489056507,-0.002507634509150881,-0.002507634489056507,0.038906664506632584,595578,2.0145489433344546e-11,5.992843884261502e-16,3.64996604128456e-10,0.00017240001949784484,0,0.00010102907737073587,0.0030561295904647603,0.006465860951727096,0.014548187141385966,0.04041163094829435,0.2525726934268397,1.0102907737073588,4.001806367968144e-09,1.2105464263103636e-07,2.5611560754996123e-07,5.762601169874127e-07,1.6007225471872577e-06,1.0004515919920361e-05,4.0018063679681444e-05,4.001806367968144e-09,1.2105464263103636e-07,2.5611560754996123e-07,5.762601169874127e-07,1.6007225471872577e-06,1.0004515919920361e-05,4.0018063679681444e-05
19,3897627953952523671,proposed,True,True,28053,-0.0025272155756173183,-0.002527215653303403,-0.0025272155756173183,0.038120260862796705,595111,7.787420173037404e-11,-8.709679850299231e-15,-8.202324077778847e-09,0.00018804502250141267,0,9.688622373902456e-05,0.002930808268105493,0.006200718319297572,0.013951616218419536,0.03875448949560983,0.2422155593475614,0.9688622373902456,4.483227303696409e-09,1.3561762593681636e-07,2.8692654743657016e-07,6.455847317322828e-07,1.7932909214785635e-06,1.1208068259241021e-05,4.4832273036964085e-05,4.483227303696409e-09,1.3561762593681636e-07,2.8692654743657016e-07,6.455847317322828e-07,1.7932909214785635e-06,1.1208068259241021e-05,4.4832273036964085e-05
20,5415999681884964950,proposed,True,True,34543,-0.002500089528985828,-0.002500089531225146,-0.002500089528985828,0.04009051920930037,594610,2.2394388570401368e-12,-5.491881821102037e-15,2.6612736610021264e-08,0.00015570540277933537,0,0.00010754534065537237,0.0032532465548250145,0.006882901801943832,0.015486529054373623,0.04301813626214895,0.26886335163843095,1.0754534065537238,4.409744258077579e-09,1.3339476380684676e-07,2.8222363251696505e-07,6.350031731631714e-07,1.7638977032310316e-06,1.1024360645193947e-05,4.409744258077579e-05,4.40938386985922e-09,1.333838620632414e-07,2.822005676709901e-07,6.349512772597276e-07,1.763753547943688e-06,1.1023459674648051e-05,4.4093838698592204e-05
21,3924107200927265326,proposed,True,True,62656,-0.002498408146410454,-0.002498408116052373,-0.002498408146410454,0.04405621591461523,594208,-3.0417168227107384e-11,1.694964616040788e-14,3.28676191442632e-09,0.00019289115002058511,0,0.00013190037158444502,0.003989986240429462,0.008441623781404482,0.018993653508160083,0.05276014863377801,0.3297509289611126,1.3190037158444503,5.534323367677301e-09,1.6741328187223835e-07,3.5419669553134727e-07,7.969425649455314e-07,2.2137293470709203e-06,1.3835808419193252e-05,5.534323367677301e-05,5.536972364603634e-09,1.6749341402925993e-07,3.543662313346326e-07,7.973240205029233e-07,2.214788945841454e-06,1.3842430911509085e-05,5.536972364603634e-05
22,2005056965311648235,proposed,True,True,107733,-0.0025514286326958524,-0.0025514286516071455,-0.0025514286326958524,0.04999135684542771,593767,1.896682413640641e-11,7.156931545604184e-15,1.3261057123648785e-08,0.00019589568219170647,0,0.00017483661276570142,0.005288807536162468,0.011189543217004891,0.025176472238261006,0.06993464510628057,0.43709153191425354,1.7483661276570142,5.1183334297027425e-09,1.5482958624850795e-07,3.275733395009755e-07,7.370400138771949e-07,2.047333371881097e-06,1.2795833574256856e-05,5.1183334297027425e-05,5.119596404313434e-09,1.548677912304814e-07,3.276541698760598e-07,7.372218822211346e-07,2.0478385617253737e-06,1.2798991010783586e-05,5.1195964043134344e-05
23,7898529154250901079,proposed,True,True,348590,-0.0025716171092355434,-0.0025716170280628285,-0.0025716171092355434,0.03851636190428316,593350,-8.137964569061637e-11,2.3526782351279707e-15,-1.9350409234612786e-08,8.375981351739784e-05,0,9.89075998817516e-05,0.002991954896422986,0.006330086392432103,0.01424269438297223,0.03956303995270064,0.24726899970437902,0.9890759988175161,2.150405950407236e-09,6.504977999981889e-08,1.376259808260631e-07,3.09658456858642e-07,8.601623801628944e-07,5.37601487601809e-06,2.150405950407236e-05,2.154541506117323e-09,6.517488056004903e-08,1.3789065639150868e-07,3.1025397688089456e-07,8.618166024469292e-07,5.386353765293308e-06,2.154541506117323e-05
24,-1894673838096942278,proposed,True,True,14621,-0.0025343566130832046,-0.002534356539313885,-0.0025343566130832046,0.03824163391364658,593682,-7.397217914813397e-11,-1.5426529931633872e-14,1.5408526826021594e-08,0.0001326066798784656,0,9.749986503795378e-05,0.0029493709173981017,0.006239991362429042,0.014039980565465345,0.03899994601518151,0.24374966259488445,0.9749986503795378,3.3203322742885905e-09,1.0044005129722986e-07,2.125012655544698e-07,4.78127847497557e-07,1.328132909715436e-06,8.300830685721476e-06,3.3203322742885904e-05,3.3203322742885905e-09,1.0044005129722986e-07,2.125012655544698e-07,4.78127847497557e-07,1.328132909715436e-06,8.300830685721476e-06,3.3203322742885904e-05
25,-2583830201388198971,proposed,True,True,19153,-0.002586347255497399,-0.002586347353487457,-0.002586347255497399,0.04018698974245441,593270,9.82514662346549e-11,7.314655215999892e-15,9.07356068297915e-09,0.00014398210785841742,0,0.00010779792023010895,0.003260887086960796,0.006899066894726973,0.01552290051313569,0.04311916809204358,0.26949480057527236,1.0779792023010895,3.74802386582966e-09,1.1337772194134723e-07,2.3987352741309826e-07,5.397154366794711e-07,1.4992095463318642e-06,9.37005966457415e-06,3.74802386582966e-05,3.74802386582966e-09,1.1337772194134723e-07,2.3987352741309826e-07,5.397154366794711e-07,1.4992095463318642e-06,9.37005966457415e-06,3.74802386582966e-05
26,5161845493166695895,proposed,True,True,24552,-0.002571280576998418,-0.0025712805542499784,-0.002571280576998418,0.03863807530629439,592766,-2.2808599105682074e-11,-1.516231199747311e-15,-3.078210286602386e-08,0.00022499571298925888,0,9.953088663691167e-05,0.003010809320766578,0.006369976744762347,0.01433244767571528,0.03981235465476467,0.24882721659227916,0.9953088663691166,5.9445492964928434e-09,1.798226162189085e-07,3.80451154975542e-07,8.560150986949694e-07,2.3778197185971376e-06,1.486137324123211e-05,5.944549296492844e-05,5.9484993889543935e-09,1.799421065158704e-07,3.807039608930812e-07,8.565839120094326e-07,2.3793997555817576e-06,1.4871248472385984e-05,5.9484993889543936e-05
27,6580866740621546209,proposed,True,True,33160,-0.002615741923614446,-0.00261574204176551,-0.002615741923614446,0.0399646097802958,592288,1.184384752871622e-10,-2.2451876135046302e-14,1.0199757469971722e-08,0.00019586628727786152,0,0.00010652513589241473,0.0032223853607455453,0.0068176086971145425,0.01533961956850772,0.04261005435696589,0.2663128397310368,1.0652513589241472,5.132959428415712e-09,1.552720227095753e-07,3.2850940341860556e-07,7.391461576918625e-07,2.0531837713662848e-06,1.283239857103928e-05,5.132959428415712e-05,5.132959428415712e-09,1.552720227095753e-07,3.2850940341860556e-07,7.391461576918625e-07,2.0531837713662848e-06,1.283239857103928e-05,5.132959428415712e-05
28,7971760071301835655,proposed,True,True,48310,-0.002604297164212069,-0.0026042971448161484,-0.002604297164212069,0.04162748544344616,591844,-1.9464521069953086e-11,-1.7955914047102147e-14,-1.1755592576428073e-08,0.00011481775800304105,0,0.00011585024348077747,0.0035044698652935188,0.007414415582769758,0.016682435061231956,0.04634009739231099,0.2896256087019437,1.1585024348077748,3.610964105529534e-09,1.092316641922684e-07,2.3110170275389017e-07,5.199788311962528e-07,1.4443856422118136e-06,9.027410263823834e-06,3.610964105529534e-05,3.614071479316703e-09,1.0932566224933026e-07,2.31300574676269e-07,5.204262930216053e-07,1.4456285917266812e-06,9.035178698291757e-06,3.614071479316703e-05
29,5694905445954343213,proposed,True,True,11189,-0.0025659036610046248,-0.0025659037625972905,-0.0025659036610046248,0.03851185194814443,592403,1.0186057062496371e-10,6.5573534296599474e-15,3.037992879816186e-08,7.89850952717886e-05,0,9.888095957131993e-05,0.002991149027032428,0.006328381412564476,0.01423885817827007,0.03955238382852797,0.24720239892829984,0.9888095957131994,1.3411636281613167e-09,4.0570199751879826e-08,8.583447220232427e-08,1.931275624552296e-07,5.364654512645267e-07,3.3529090704032916e-06,1.3411636281613167e-05,1.3309768249081514e-09,4.026204895347158e-08,8.518251679412169e-08,1.916606627867738e-07,5.323907299632606e-07,3.3274420622703784e-06,1.3309768249081514e-05
30,1692951192463016022,proposed,True,True,11987,-0.002624181723322298,-0.0026241816652378567,-0.002624181723322298,0.03797969881649898,591855,-5.823755324868311e-11,-2.869505181760377e-16,-1.3652287584452308e-08,0.00022681576237708258,0,9.628943817978712e-05,0.0029127555049385605,0.0061625240435063755,0.013865679097889345,0.03851577527191485,0.24072359544946778,0.9628943817978711,9.734466584070258e-09,2.944676141681253e-07,6.230058613804965e-07,1.401763188106117e-06,3.893786633628103e-06,2.4336166460175646e-05,9.734466584070258e-05,9.734466584070258e-09,2.944676141681253e-07,6.230058613804965e-07,1.401763188106117e-06,3.893786633628103e-06,2.4336166460175646e-05,9.734466584070258e-05
31,3308213848688847356,proposed,True,True,13097,-0.0026873087370537486,-0.002687308789398562,-0.0026873087370537486,0.03757767752807672,591491,5.24802418663783e-11,-5.6170549957637806e-15,5.643052975117704e-09,9.380819674793188e-05,0,9.458082485697114e-05,0.0028610699519233773,0.006053172790846153,0.013619638779403845,0.037832329942788456,0.23645206214242787,0.9458082485697115,2.7547701955172883e-09,8.333179841439797e-08,1.7630529251310645e-07,3.966869081544895e-07,1.1019080782069154e-06,6.88692548879322e-06,2.754770195517288e-05,2.7547701955172883e-09,8.333179841439797e-08,1.7630529251310645e-07,3.966869081544895e-07,1.1019080782069154e-06,6.88692548879322e-06,2.754770195517288e-05
32,-6432567624025632805,proposed,True,True,14672,-0.0026998765421061997,-0.0026998765889204505,-0.0026998765421061997,0.03820384996890389,590969,4.6942594179846946e-11,1.6082369785518208e-15,2.7508446033155577e-08,0.00018342958290548287,0,9.758456756832501e-05,0.0029519331689418318,0.006245412324372801,0.014052177729838801,0.039033827027330006,0.24396141892081252,0.9758456756832501,5.537269862565528e-09,1.6750241334260723e-07,3.543852712041938e-07,7.97366860209436e-07,2.214907945026211e-06,1.384317465641382e-05,5.537269862565528e-05,5.537269862565528e-09,1.6750241334260723e-07,3.543852712041938e-07,7.97366860209436e-07,2.214907945026211e-06,1.384317465641382e-05,5.537269862565528e-05
33,-5618127328813921170,proposed,True,True,19792,-0.0027273988122356605,-0.0027273988730837375,-0.0027273988122356605,0.04018727814506976,590590,6.099906474849491e-11,-1.5422874980249616e-14,-9.139673427360421e-09,9.81245332838209e-05,0,0.00010768800386171129,0.0032575621168167666,0.006892032247149522,0.015507072556086425,0.04307520154468451,0.2692200096542782,1.076880038617113,3.024922361533394e-09,9.150390143638518e-08,1.9359503113813722e-07,4.355888200608087e-07,1.2099689446133576e-06,7.562305903833485e-06,3.024922361533394e-05,3.024922361533394e-09,9.150390143638518e-08,1.9359503113813722e-07,4.355888200608087e-07,1.2099689446133576e-06,7.562305903833485e-06,3.024922361533394e-05
34,9106676396349373387,proposed,True,True,25697,-0.0027440044490006687,-0.0027440042110472547,-0.0027440044490006687,0.038217849388465334,590258,-2.3859688240783523e-10,1.1273381233203715e-14,-2.5273372756842492e-09,0.00011669872949446467,0,9.785566800635385e-05,0.0029601339571922037,0.006262762752406646,0.014091216192914955,0.03914226720254154,0.24463917001588462,0.9785566800635385,4.203227758224647e-09,1.271476396862956e-07,2.690065765263774e-07,6.052647971843491e-07,1.6812911032898588e-06,1.0508069395561619e-05,4.2032277582246475e-05,4.203227758224647e-09,1.271476396862956e-07,2.690065765263774e-07,6.052647971843491e-07,1.6812911032898588e-06,1.0508069395561619e-05,4.2032277582246475e-05
35,6942317604876178501,proposed,True,True,31111,-0.0027877408675131723,-0.0027877409025163706,-0.0027877408675131723,0.03998455732199255,589928,3.5109432283171696e-11,8.381459047290348e-15,3.749429641838521e-08,0.00021710407812271452,0,0.00010679164836940199,0.0032304473631744103,0.0068346654956417275,0.015377997365193886,0.042716659347760796,0.26697912092350495,1.0679164836940198,6.626018011298145e-09,2.0043704484176889e-07,4.2406515272308127e-07,9.54146593626933e-07,2.650407204519258e-06,1.6565045028245362e-05,6.626018011298145e-05,6.621246678900069e-09,2.0029271203672708e-07,4.237597874496044e-07,9.534595217616099e-07,2.6484986715600273e-06,1.6553116697250173e-05,6.621246678900069e-05
36,-8862596661412438840,proposed,True,True,64748,-0.0027847528224213655,-0.00278475275675553,-0.0027847528224213655,0.043849225562809305,589609,-6.584349363532493e-11,5.715677678737899e-15,1.375962385724221e-10,0.0001243060457403809,0,0.0001284422447800378,0.003885377904596144,0.00822030366592242,0.018495683248325442,0.05137689791201512,0.3211056119500945,1.284422447800378,4.5732291568856666e-09,1.3834018199579142e-07,2.9268666604068266e-07,6.585449985915359e-07,1.8292916627542666e-06,1.1433072892214167e-05,4.5732291568856666e-05,4.5732291568856666e-09,1.3834018199579142e-07,2.9268666604068266e-07,6.585449985915359e-07,1.8292916627542666e-06,1.1433072892214167e-05,4.5732291568856666e-05
37,1872795003767682091,proposed,True,True,90270,-0.0027876626016911494,-0.002787662544714717,-0.0027876626016911494,0.046947745762552076,589255,-5.714481091377802e-11,-9.103232779554906e-15,-4.10885848720695e-08,0.00010030218871342439,0,0.000148571201711164,0.0044942788517627116,0.009508556909514496,0.021394253046407616,0.0594284806844656,0.37142800427791,1.48571201711164,2.819403311985808e-09,8.528695018757069e-08,1.804418119670917e-07,4.0599407692595637e-07,1.1277613247943233e-06,7.04850827996452e-06,2.819403311985808e-05,2.8242869770300545e-09,8.543468105515915e-08,1.807543665299235e-07,4.066973246923279e-07,1.1297147908120217e-06,7.060717442575137e-06,2.8242869770300546e-05
38,1773073549042782085,proposed,True,True,266463,-0.002818778172867886,-0.0028187782153517174,-0.002818778172867886,0.04228191869433169,588863,4.2609618455820127e-11,5.696054524542593e-15,3.673140911388383e-08,0.00013402088073571469,0,0.00011919438956578684,0.0036056302843650518,0.007628440932210358,0.017163992097473303,0.047677755826314734,0.2979859739144671,1.1919438956578683,3.4761838773492855e-09,1.0515456228981589e-07,2.2247576815035427e-07,5.005704783382971e-07,1.3904735509397143e-06,8.690459693373214e-06,3.4761838773492856e-05,3.4734060953823543e-09,1.0507053438531622e-07,2.2229799010447067e-07,5.00170477735059e-07,1.3893624381529416e-06,8.683515238455885e-06,3.473406095382354e-05
39,4526166906012282524,proposed,True,True,16204,-0.0028129523969292153,-0.002812952499914436,-0.0028129523969292153,0.039205191947665904,589225,1.0327466212040521e-10,-1.0685116883237853e-15,4.085113224912729e-08,0.00015995608478499074,0,0.00010288925201309286,0.003112399873396059,0.006584912128837943,0.014816052289885372,0.041155700805237144,0.2572231300327322,1.0288925201309287,3.924669992659146e-09,1.1872126727793917e-07,2.5117887953018536e-07,5.651524789429171e-07,1.5698679970636584e-06,9.811674981647865e-06,3.924669992659146e-05,3.924669992659146e-09,1.1872126727793917e-07,2.5117887953018536e-07,5.651524789429171e-07,1.5698679970636584e-06,9.811674981647865e-06,3.924669992659146e-05
40,-7672600518357126720,proposed,True,True,23756,-0.002783107759548713,-0.0027831078104561605,-0.002783107759548713,0.0404464863570151,588929,5.107067397263085e-11,2.1150050373875733e-14,-2.030376481510777e-08,0.00010136833490398032,0,0.0001091784819452934,0.0033026490788451253,0.006987422844498777,0.01572170140012225,0.04367139277811736,0.2729462048632335,1.091784819452934,1.8549580772792784e-09,5.611248183769817e-08,1.1871731694587382e-07,2.671139631282161e-07,7.419832309117113e-07,4.637395193198196e-06,1.8549580772792784e-05,1.857043497576378e-09,5.617556580168544e-08,1.188507838448882e-07,2.6741426365099844e-07,7.428173990305512e-07,4.6426087439409455e-06,1.8570434975763782e-05
41,3112056692470282087,proposed,True,True,26498,-0.0027781503657435284,-0.002778150274192908,-0.0027781503657435284,0.03868114960334501,588470,-9.179865068100665e-11,7.0196544084181355e-15,-2.0041926663581845e-08,0.00018597579209094552,0,0.0001003624327060437,0.0030359635893578217,0.006423195693186797,0.014452190309670293,0.040144973082417476,0.25090608176510926,1.003624327060437,5.662656804137271e-09,1.7129536832515245e-07,3.6241003546478534e-07,8.15422579795767e-07,2.2650627216549084e-06,1.4156642010343178e-05,5.662656804137271e-05,5.662656804137271e-09,1.7129536832515245e-07,3.6241003546478534e-07,8.15422579795767e-07,2.2650627216549084e-06,1.4156642010343178e-05,5.662656804137271e-05
42,-5008805154614134207,proposed,True,True,34737,-0.0027706113237078974,-0.002770611360506035,-0.0027706113237078974,0.039309730129383505,587955,3.6898542980564e-11,-1.830882445708397e-15,-4.03225004660071e-08,0.00019700634656562044,0,0.00010332051886581602,0.0031254456956909342,0.006612513207412225,0.014878154716677507,0.041328207546326406,0.25830129716454003,1.0332051886581601,7.4169751508617666e-09,2.2436349831356844e-07,4.7468640965515306e-07,1.0680444217240944e-06,2.9667900603447065e-06,1.8542437877154416e-05,7.416975150861767e-05,7.418581883194741e-09,2.2441210196664092e-07,4.747892405244634e-07,1.0682757911800427e-06,2.967432753277896e-06,1.854645470798685e-05,7.41858188319474e-05
43,5226139379511081110,proposed,True,True,73896,-0.0027664051176830816,-0.0027664051030509957,-0.0027664051176830816,0.043962294314804876,587252,-1.46595415957394e-11,1.3135229276516238e-14,-4.3351521086855e-08,0.00022926182267030682,0,0.0001292366886843432,0.003909409832701382,0.008271148075797964,0.018610083170545418,0.051694675473737274,0.323091721710858,1.292366886843432,6.951124338087432e-09,2.1027151122714482e-07,4.448719576375956e-07,1.0009619046845901e-06,2.7804497352349726e-06,1.7377810845218578e-05,6.951124338087431e-05,6.953002506533444e-09,2.103283258226367e-07,4.449921604181404e-07,1.001232360940816e-06,2.781201002613378e-06,1.738250626633361e-05,6.953002506533444e-05
44,-5081789286743461712,proposed,True,True,397850,-0.0027675553091559457,-0.0027675552357181526,-0.0027675553091559457,0.04107384040596765,586582,-7.364837310157891e-11,-6.77290027513999e-15,7.479638896678586e-09,0.00019991409266600175,0,0.00011248057634895034,0.003402537434555748,0.007198756886332822,0.01619720299424885,0.04499223053958014,0.28120144087237586,1.1248057634895035,6.489234301972323e-09,1.962993376346628e-07,4.153109953262287e-07,9.344497394840145e-07,2.5956937207889295e-06,1.622308575493081e-05,6.489234301972324e-05,6.488882947123725e-09,1.9628870915049268e-07,4.152885086159184e-07,9.343991443858165e-07,2.59555317884949e-06,1.6222207367809313e-05,6.488882947123725e-05
45,-1012192508886407582,proposed,True,True,26603,-0.0027118444567512823,-0.0027118443448572414,-0.0027118444567512823,0.04096489679509791,585980,-1.1220755741795058e-10,-9.252154193261836e-15,-4.0703597958650865e-08,0.00022818242020138492,0,0.00011188383228514885,0.0033844859266257527,0.007160565266249527,0.016111271849061436,0.04475353291405954,0.2797095807128721,1.1188383228514884,6.688236393498771e-09,2.023191509033378e-07,4.2804712918392133e-07,9.63106040663823e-07,2.6752945573995083e-06,1.6720590983746928e-05,6.688236393498771e-05,6.690030930261541e-09,2.0237343564041162e-07,4.2816197953673865e-07,9.633644539576619e-07,2.6760123721046165e-06,1.6725077325653852e-05,6.690030930261541e-05
46,2492132262126835678,proposed,True,True,8807,-0.002687822746735272,-0.0026878225528152067,-0.002687822746735272,0.040875917993506004,585258,-1.9444669329678662e-10,-4.000754428377117e-15,-2.1287756809869178e-08,0.00016916739021117914,0,0.00011140612260679276,0.003370035208855481,0.0071299918468347365,0.01604248165537816,0.044562449042717105,0.2785153065169819,1.1140612260679277,4.9611151172919626e-09,1.5007373229808186e-07,3.175113675066856e-07,7.144005768900426e-07,1.9844460469167852e-06,1.2402787793229906e-05,4.9611151172919624e-05,4.9611151172919626e-09,1.5007373229808186e-07,3.175113675066856e-07,7.144005768900426e-07,1.9844460469167852e-06,1.2402787793229906e-05,4.9611151172919624e-05
47,-6773800051858618530,proposed,True,True,5309,-0.002689014194046866,-0.0026890142693143525,-0.002689014194046866,0.04047608995302914,584576,7.547191795865886e-11,1.4902847211838179e-15,1.6395863256755912e-08,0.00024233060659752752,0,0.00010923701698295352,0.003304419763734344,0.006991169086909025,0.015730130445545307,0.043694806793181405,0.2730925424573838,1.0923701698295352,1.0223986330463259e-08,3.0927558649651356e-07,6.543351251496486e-07,1.4722540315867093e-06,4.0895945321853035e-06,2.5559965826158146e-05,0.00010223986330463258,1.0223986330463259e-08,3.0927558649651356e-07,6.543351251496486e-07,1.4722540315867093e-06,4.0895945321853035e-06,2.5559965826158146e-05,0.00010223986330463258
48,5907254707152864449,proposed,True,True,32895,-0.0026536125424149377,-0.0026536125744339683,-0.0026536125424149377,0.03803281368976869,585335,3.2097708989251286e-11,-6.5137448427933414e-15,1.144001412384035e-08,0.00012720332011378844,0,9.662067791809237e-05,0.0029227755070222942,0.006183723386757912,0.013913377620205301,0.038648271167236944,0.24155169479523092,0.9662067791809237,2.045789033623729e-09,6.18851182671178e-08,1.3093049815191864e-07,2.9459362084181697e-07,8.183156134494915e-07,5.114472584059322e-06,2.045789033623729e-05,2.0484762617587277e-09,6.196640691820151e-08,1.3110248075255857e-07,2.9498058169325676e-07,8.19390504703491e-07,5.121190654396819e-06,2.0484762617587277e-05
49,1151654211523979201,proposed,True,True,44045,-0.0026260095878291104,-0.0026260097506065616,-0.0026260095878291104,0.03852714790648295,584707,1.631968065553496e-10,-9.225567617992444e-15,-1.833130378466793e-08,0.00012651804353304219,0,9.900899518924998e-05,0.0029950221044748116,0.0063365756921119985,0.014257295307251996,0.03960359807569999,0.24752248797312493,0.9900899518924997,3.9430456661616134e-09,1.192771314013888e-07,2.5235492263434326e-07,5.677985759272723e-07,1.5772182664646453e-06,9.857614165404034e-06,3.9430456661616135e-05,3.9430456661616134e-09,1.192771314013888e-07,2.5235492263434326e-07,5.677985759272723e-07,1.5772182664646453e-06,9.857614165404034e-06,3.9430456661616135e-05
50,8700704823050918063,proposed,True,True,76685,-0.0026166644823851777,-0.0026166643743827434,-0.0026166644823851777,0.04237875403812994,583787,-1.0829307674795068e-10,-7.294825464153001e-15,1.7801825449089413e-09,0.000197810525354416,0,0.00012035200541014949,0.003640648163657022,0.007702528346249567,0.017330688779061527,0.0481408021640598,0.30088001352537375,1.203520054101495,5.906220524903007e-09,1.7866317087831596e-07,3.7799811359379244e-07,8.50495755586033e-07,2.362488209961203e-06,1.4765551312257518e-05,5.906220524903007e-05,5.9048470726109645e-09,1.786216239464817e-07,3.7791021264710173e-07,8.502979784559789e-07,2.3619388290443857e-06,1.476211768152741e-05,5.904847072610964e-05
51,-1332058827206336129,proposed,True,True,183174,-0.0025873592351016157,-0.0025873591744956653,-0.0025873592351016157,0.03836232116606271,582899,-6.07544843494457e-11,8.68236264937747e-15,2.524129820591204e-08,0.00016868545506915956,0,9.812009751068754e-05,0.0029681329496982984,0.006279686240684003,0.014129294041539005,0.039248039004275016,0.24530024377671886,0.9812009751068754,4.644655882218556e-09,1.405008404371113e-07,2.9725797646198756e-07,6.68830447039472e-07,1.8578623528874223e-06,1.1611639705546389e-05,4.6446558822185556e-05,4.642512387809925e-09,1.4043599973125024e-07,2.971207928198352e-07,6.685217838446292e-07,1.85700495512397e-06,1.1606280969524812e-05,4.642512387809925e-05
52,-6633315965868948702,proposed,True,True,7993,-0.002508302288381287,-0.0025083021927307415,-0.002508302288381287,0.03733559850063574,581800,-9.589770131934757e-11,-6.6320115791183225e-15,1.1815999072534336e-08,0.00023002969692907308,0,9.29358671300799e-05,0.002811309980684917,0.005947895496325114,0.013382764866731506,0.03717434685203196,0.23233966782519974,0.929358671300799,7.26958948636764e-09,2.1990508196262111e-07,4.6525372712752894e-07,1.0468208860369402e-06,2.9078357945470558e-06,1.81739737159191e-05,7.26958948636764e-05,7.260977039378655e-09,2.196445554412043e-07,4.647025305202339e-07,1.0455806936705263e-06,2.904390815751462e-06,1.8152442598446637e-05,7.260977039378655e-05
53,1786736971323122058,proposed,True,True,28115,-0.0024968710679728625,-0.0024968711673865793,-0.0024968710679728625,0.03834728689876587,582977,9.966296349395815e-11,4.019004789262511e-16,-3.1132500823993966e-08,0.00011984073964307933,0,9.808239240037387e-05,0.0029669923701113095,0.006277273113623928,0.014123864505653838,0.03923295696014955,0.2452059810009347,0.9808239240037387,3.3780141823097447e-09,1.0218492901486977e-07,2.1619290766782366e-07,4.864340422526033e-07,1.351205672923898e-06,8.445035455774362e-06,3.378014182309745e-05,3.3780141823097447e-09,1.0218492901486977e-07,2.1619290766782366e-07,4.864340422526033e-07,1.351205672923898e-06,8.445035455774362e-06,3.378014182309745e-05
54,-3450433820142257983,proposed,True,True,30608,-0.002455304236376832,-0.002455304196112995,-0.002455304236376832,0.03761601202058093,581982,-4.036669903243809e-11,-3.7585457307695925e-15,-3.662252253840347e-08,0.00011841456638578253,0,9.437666240296227e-05,0.0028548940376896086,0.006040106393789585,0.013590239386026567,0.037750664961184906,0.23594165600740566,0.9437666240296226,2.5623495630018997e-09,7.751107428080746e-08,1.6399037203212158e-07,3.689783370722736e-07,1.0249398252007598e-06,6.405873907504749e-06,2.5623495630018996e-05,2.5635707788469067e-09,7.754801606011892e-08,1.6406852984620203e-07,3.6915419215395454e-07,1.0254283115387628e-06,6.408926947117267e-06,2.5635707788469067e-05
55,-5737400338547564217,proposed,True,True,45389,-0.00244311935159614,-0.002443119373502038,-0.00244311935159614,0.037127821144681064,580853,2.1950616288739503e-11,-8.931642735103115e-15,-2.3235844242305283e-08,0.00020062865795811652,0,9.193058686468426e-05,0.0027809002526566987,0.0058835575593397926,0.013238004508514534,0.036772234745873704,0.22982646716171065,0.9193058686468426,5.511337526155484e-09,1.667179601662034e-07,3.5272560167395096e-07,7.936326037663897e-07,2.2045350104621937e-06,1.377834381538871e-05,5.511337526155484e-05,5.511337526155484e-09,1.667179601662034e-07,3.5272560167395096e-07,7.936326037663897e-07,2.2045350104621937e-06,1.377834381538871e-05,5.511337526155484e-05
56,3204456359059144526,proposed,True,True,86155,-0.0024060839868910913,-0.0024060839266265783,-0.0024060839868910913,0.04154958457811043,579749,-6.040729808496182e-11,2.5660663512521772e-15,-1.818075553394608e-08,0.00020603167166860365,0,0.0001168234127810421,0.0035339082366265236,0.007476698417986694,0.01682257144047006,0.04672936511241684,0.2920585319526052,1.168234127810421,7.367024891508261e-09,2.228525029681249e-07,4.714895930565287e-07,1.0608515843771895e-06,2.9468099566033043e-06,1.8417562228770654e-05,7.367024891508261e-05,7.365957283504805e-09,2.2282020782602035e-07,4.7142126614430753e-07,1.060697848824692e-06,2.9463829134019222e-06,1.8414893208762013e-05,7.365957283504805e-05
57,-5963460109972533451,proposed,True,True,227979,-0.002357516017144522,-0.0023575161074154685,-0.002357516017144522,0.035058674119214456,578550,9.047659209987788e-11,-7.672262923591529e-15,3.968845786880097e-08,0.00024052897206277337,0,8.195574667263615e-05,0.002479161336847244,0.005245167787048714,0.011801627520859606,0.03278229866905446,0.20488936668159038,0.8195574667263615,5.867387954527439e-09,1.7748848562445502e-07,3.755128290897561e-07,8.449038654519513e-07,2.3469551818109757e-06,1.4668469886318598e-05,5.8673879545274394e-05,5.866337792825772e-09,1.774567182329796e-07,3.754456187408494e-07,8.447526421669111e-07,2.346535117130309e-06,1.466584448206443e-05,5.866337792825772e-05
58,1447113914755636717,proposed,True,True,7711,-0.0022809130434581913,-0.0022809132593595884,-0.0022809130434581913,0.03445964133384386,577141,2.1639439192861826e-10,-5.832596791437208e-16,1.715984231233712e-10,0.00013163314136300572,0,7.916878262237249e-05,0.002394855674326768,0.0050668020878318395,0.01140030469762164,0.031667513048949,0.19792195655593123,0.7916878262237249,5.583335474550834e-09,1.6889589810516275e-07,3.573334703712534e-07,8.040003083353201e-07,2.2333341898203337e-06,1.3958338686377086e-05,5.5833354745508345e-05,5.583335474550834e-09,1.6889589810516275e-07,3.573334703712534e-07,8.040003083353201e-07,2.2333341898203337e-06,1.3958338686377086e-05,5.5833354745508345e-05
59,7887518109891382171,proposed,True,True,15670,-0.002687182118053629,-0.002687181967711108,-0.002687182118053629,0.038886387036943505,591403,-1.5075360784879457e-10,-6.000471884750617e-15,-2.9195536364634965e-08,0.0001866077138716988,0,0.00010092727137449481,0.003053049959078468,0.006459345367967668,0.014533527077927252,0.04037090854979792,0.252318178436237,1.009272713744948,4.91392568888858e-09,1.4864625208887955e-07,3.1449124408886913e-07,7.076052991999555e-07,1.965570275555432e-06,1.228481422222145e-05,4.91392568888858e-05,4.91392568888858e-09,1.4864625208887955e-07,3.1449124408886913e-07,7.076052991999555e-07,1.965570275555432e-06,1.228481422222145e-05,4.91392568888858e-05
60,4540007197908059021,proposed,True,True,22168,-0.0027052215628588635,-0.002705221651364451,-0.0027052215628588635,0.04041765880059505,590921,8.875567889512654e-11,1.0014881995020651e-14,-1.8818712246575654e-08,0.00016101927224885357,0,0.00010891040536230355,0.0032945397622096825,0.006970265943187427,0.01568309837217171,0.04356416214492142,0.27227601340575885,1.0891040536230354,5.242043944386267e-09,1.5857182931768456e-07,3.3549081244072107e-07,7.548543279916224e-07,2.0968175777545066e-06,1.3105109860965667e-05,5.242043944386267e-05,5.242043944386267e-09,1.5857182931768456e-07,3.3549081244072107e-07,7.548543279916224e-07,2.0968175777545066e-06,1.3105109860965667e-05,5.242043944386267e-05
61,-5634044523690773161,proposed,True,True,26907,-0.002724027445524589,-0.00272402743684921,-0.002724027445524589,0.038185101100786704,590550,-8.692783542888971e-12,6.2922689652438134e-15,-1.4798126146632613e-08,0.0001408275031201583,0,9.758017200476599e-05,0.0029518002031441713,0.0062451310083050235,0.014051544768686303,0.0390320688019064,0.24395043001191496,0.9758017200476599,3.3400787693959555e-09,1.0103738277422765e-07,2.1376504124134115e-07,4.809713427930176e-07,1.336031507758382e-06,8.35019692348989e-06,3.340078769395956e-05,3.3459048677239325e-09,1.0121362224864896e-07,2.1413791153433168e-07,4.818103009522463e-07,1.338361947089573e-06,8.36476216930983e-06,3.345904867723932e-05
62,-5361908292504102697,proposed,True,True,36273,-0.0027454599018052112,-0.0027454597229545474,-0.0027454599018052112,0.040028769956364424,590261,-1.7934426165001894e-10,-1.2186369486604134e-15,3.6185816780044564e-08,0.0001148831105922032,0,0.00010689358022246283,0.0032335308017295006,0.006841189134237621,0.015392675552034647,0.04275743208898513,0.26723395055615706,1.0689358022246283,2.1749082712454013e-09,6.579097520517339e-08,1.3919412935970568e-07,3.131867910593378e-07,8.699633084981605e-07,5.4372706781135034e-06,2.1749082712454014e-05,2.1749082712454013e-09,6.579097520517339e-08,1.3919412935970568e-07,3.131867910593378e-07,8.699633084981605e-07,5.4372706781135034e-06,2.1749082712454014e-05
63,3860639301181423368,proposed,True,True,63368,-0.002791670345174149,-0.0027916704122514188,-0.002791670345174149,0.043968244384390384,589930,6.725710342253895e-11,-7.948636524063922e-15,-5.482255689766072e-08,0.00011764560251191187,0,0.000129111020857046,0.0039056083809256414,0.008263105334850944,0.018591987003414624,0.051644408342818394,0.322777552142615,1.29111020857046,4.204221022508859e-09,1.27177685930893e-07,2.69070145440567e-07,6.054078272412757e-07,1.6816884090035437e-06,1.0510552556272148e-05,4.2042210225088593e-05,4.269577429608257e-09,1.2915471724564977e-07,2.7325295549492846e-07,6.14819149863589e-07,1.7078309718433028e-06,1.0673943574020642e-05,4.269577429608257e-05
64,4572226950066659782,proposed,True,True,441325,-0.00278548961184002,-0.002785489740820256,-0.00278548961184002,0.04195298961434388,589625,1.2932748148363032e-10,-1.3031488612730851e-14,5.413053186790555e-08,0.00019878861162623524,0,0.00011733990019873517,0.0035495319810117387,0.007509753612719051,0.016896945628617866,0.04693596007949407,0.2933497504968379,1.1733990019873517,6.665383781617312e-09,2.0162785939392369e-07,4.2658456202350795e-07,9.59815264552893e-07,2.6661535126469247e-06,1.666345945404328e-05,6.665383781617311e-05,5.964657626898184e-09,1.8043089321367006e-07,3.8173808812148377e-07,8.589106982733385e-07,2.3858630507592735e-06,1.491164406724546e-05,5.964657626898184e-05
65,-2952539761950655948,proposed,True,True,15283,-0.002768764350442334,-0.002768764246703061,-0.002768764350442334,0.04180718774618781,589232,-1.0402130168639126e-10,5.997873780807583e-15,1.1012990856906245e-08,0.0001456438749199489,0,0.00011653225848477642,0.0035251008191644864,0.007458064543025691,0.016780645221807805,0.04661290339391057,0.29133064621194105,1.1653225848477642,5.185000302538951e-09,1.5684625915180327e-07,3.318400193624929e-07,7.46640043565609e-07,2.0740001210155806e-06,1.2962500756347379e-05,5.1850003025389516e-05,5.185000302538951e-09,1.5684625915180327e-07,3.318400193624929e-07,7.46640043565609e-07,2.0740001210155806e-06,1.2962500756347379e-05,5.1850003025389516e-05
66,-293378061785645824,proposed,True,True,8314,-0.0027820219817545665,-0.0027820220362415084,-0.0027820219817545665,0.041871774863740725,588857,5.464112629047584e-11,2.1775546093757338e-15,-5.458124475495363e-08,0.00021291852652392476,0,0.00011688943890266478,0.0035359055268056098,0.007480924089770546,0.016832079201983728,0.046755775561065915,0.29222359725666197,1.1688943890266479,5.815685783653004e-09,1.7592449495550338e-07,3.7220389015379227e-07,8.374587528460326e-07,2.3262743134612018e-06,1.453921445913251e-05,5.815685783653004e-05,5.826542905020998e-09,1.7625292287688519e-07,3.7289874592134385e-07,8.390221783230237e-07,2.330617162008399e-06,1.4566357262552494e-05,5.826542905020998e-05
67,7372174496825699567,proposed,True,True,16625,-0.0028089991960676686,-0.002808999339192016,-0.0028089991960676686,0.039566833343016465,589435,1.4352008772365538e-10,-7.428468937946608e-15,4.835436019199137e-08,0.00012816891691724874,0,0.0001047335703154956,0.0031681905020437416,0.006702948500191718,0.015081634125431367,0.041893428126198236,0.261833925788739,1.047335703154956,4.105910568484546e-09,1.2420379469665753e-07,2.6277827638301096e-07,5.912511218617747e-07,1.6423642273938185e-06,1.0264776421211365e-05,4.105910568484546e-05,4.101554633751484e-09,1.2407202767098238e-07,2.62499496560095e-07,5.906238672602137e-07,1.6406218535005937e-06,1.025388658437871e-05,4.101554633751484e-05
68,4296662172407813850,proposed,True,True,11240,-0.002798517020902705,-0.0027985169581173862,-0.002798517020902705,0.04118458614244619,589786,-6.297239957356658e-11,-1.0882199885575e-14,1.9331394203910585e-08,0.00013368587038487727,0,0.00011311107819146319,0.0034216101152917612,0.007239109004253644,0.016287995259570698,0.04524443127658528,0.28277769547865794,1.1311107819146318,2.40308199147279e-09,7.26932302420519e-08,1.5379724745425856e-07,3.460438067720818e-07,9.61232796589116e-07,6.007704978681975e-06,2.40308199147279e-05,2.40308199147279e-09,7.26932302420519e-08,1.5379724745425856e-07,3.460438067720818e-07,9.61232796589116e-07,6.007704978681975e-06,2.40308199147279e-05
69,4330850245530450094,proposed,True,True,11852,-0.0027953526952857344,-0.0027953526514754275,-0.0027953526952857344,0.040993804678391955,589420,-4.3946164168280825e-11,-1.3048896961341406e-14,-2.5182704261370253e-08,0.00011591403658770944,0,0.00011208516365048088,0.0033905762004270467,0.007173450473630777,0.016140263565669246,0.044834065460192356,0.2802129091262022,1.120851636504809,2.3879251009648976e-09,7.223473430418815e-08,1.5282720646175345e-07,3.4386121453894527e-07,9.55170040385959e-07,5.969812752412244e-06,2.3879251009648975e-05,2.403344852947326e-09,7.270118180165662e-08,1.5381407058862886e-07,3.4608165882441496e-07,9.613379411789303e-07,6.008362132368315e-06,2.403344852947326e-05
70,-8173602553825402712,proposed,True,True,12107,-0.0027823278205499737,-0.0027823279179598156,-0.0027823278205499737,0.03939618515206997,589135,9.768736406154229e-11,5.739704543354147e-15,1.6079556527594869e-09,0.0001483736573412989,0,0.00010377947067520126,0.003139328987924838,0.0066418861232128805,0.014944243777228982,0.0415117882700805,0.25944867668800314,1.0377947067520126,4.551727891286768e-09,1.3768976871142474e-07,2.9131058504235317e-07,6.554488163452946e-07,1.8206911565147073e-06,1.137931972821692e-05,4.551727891286768e-05,4.551727891286768e-09,1.3768976871142474e-07,2.9131058504235317e-07,6.554488163452946e-07,1.8206911565147073e-06,1.137931972821692e-05,4.551727891286768e-05
71,611921118802399641,proposed,True,True,13360,-0.0027872962997983934,-0.0027872963926294995,-0.0027872962997983934,0.03820385639839554,588765,9.308344916952008e-11,-7.128177873825415e-15,-6.528510260139064e-09,0.00013671172908759282,0,9.805484740807734e-05,0.0029661591340943393,0.0062755102341169496,0.014119898026763136,0.03922193896323094,0.24513711852019335,0.9805484740807734,2.714401011396552e-09,8.21106305947457e-08,1.7372166472937933e-07,3.908737456411035e-07,1.0857604045586208e-06,6.78600252849138e-06,2.714401011396552e-05,2.714401011396552e-09,8.21106305947457e-08,1.7372166472937933e-07,3.908737456411035e-07,1.0857604045586208e-06,6.78600252849138e-06,2.714401011396552e-05
72,-2524093064257970787,proposed,True,True,15457,-0.0027471390353483015,-0.002747139156009551,-0.0027471390353483015,0.03836063648107699,588208,1.209835953831972e-10,-1.0040634743009198e-14,-1.914814559337915e-08,0.00012012138030124752,0,9.863125422124553e-05,0.0029835954401926774,0.006312400270159714,0.014202900607859358,0.03945250168849821,0.24657813555311384,0.9863125422124553,3.509035723742432e-09,1.0614833064320856e-07,2.2457828631951564e-07,5.053011442189102e-07,1.4036142894969727e-06,8.77258930935608e-06,3.509035723742432e-05,3.509035723742432e-09,1.0614833064320856e-07,2.2457828631951564e-07,5.053011442189102e-07,1.4036142894969727e-06,8.77258930935608e-06,3.509035723742432e-05
73,7228232495596824406,proposed,True,True,23593,-0.0027638492724296284,-0.002763849243739718,-0.0027638492724296284,0.039724598194353096,587608,-2.8757815442985147e-11,1.1609040242612095e-14,2.3823888440911863e-08,0.00011099919739739726,0,0.00010533904097406813,0.003186505989465561,0.006741698622340361,0.015168821900265812,0.042135616389627255,0.26334760243517036,1.0533904097406814,3.0268921849589795e-09,9.156348859500913e-08,1.937210998373747e-07,4.35872474634093e-07,1.2107568739835919e-06,7.567230462397449e-06,3.0268921849589796e-05,3.0268921849589795e-09,9.156348859500913e-08,1.937210998373747e-07,4.35872474634093e-07,1.2107568739835919e-06,7.567230462397449e-06,3.0268921849589796e-05
74,93038011929850331,proposed,True,True,26467,-0.0027366217261668335,-0.0027366216921620554,-0.0027366217261668335,0.038566052430926284,586924,-3.407987267011285e-11,1.821888081533878e-14,1.9981563879949838e-08,0.0002121225221796149,0,9.95051690828397e-05,0.003010031364755901,0.006368330821301741,0.014328744347928917,0.03980206763313588,0.24876292270709927,0.9950516908283971,6.101411448464069e-09,1.8456769631603808e-07,3.904903327017004e-07,8.786032485788259e-07,2.4405645793856273e-06,1.5253528621160172e-05,6.101411448464069e-05,6.101411448464069e-09,1.8456769631603808e-07,3.904903327017004e-07,8.786032485788259e-07,2.4405645793856273e-06,1.5253528621160172e-05,6.101411448464069e-05
75,3823406381110902376,proposed,True,True,43418,-0.0027047785884018313,-0.002704778542742655,-0.0027047785884018313,0.03945650491882026,586248,-4.5784678961736986e-11,-1.670065641126122e-15,-3.96083234086536e-08,0.00010733412345297511,0,0.00010389167408750276,0.0031427231411469583,0.006649067141600177,0.014960401068600398,0.041556669635001105,0.25972918521875693,1.0389167408750277,2.7541066505792013e-09,8.331172618002084e-08,1.7626282563706888e-07,3.9659135768340495e-07,1.1016426602316806e-06,6.885266626448003e-06,2.7541066505792013e-05,2.754660873830776e-09,8.332849143338098e-08,1.7629829592516966e-07,3.966711658316317e-07,1.1018643495323104e-06,6.88665218457694e-06,2.754660873830776e-05
76,-2396845279056789099,proposed,True,True,72100,-0.0026873743561868784,-0.0026873744135494535,-0.0026873743561868784,0.04265187812788919,585528,5.7510117733139366e-11,-7.027318512007718e-15,6.861308617871086e-09,0.000153244565008882,0,0.00012160502073345687,0.0036785518771870703,0.00778272132694124,0.01751112298561779,0.04864200829338275,0.3040125518336422,1.2160502073345687,3.5615211124128785e-09,1.0773601365048958e-07,2.2793735119442422e-07,5.128590401874545e-07,1.4246084449651515e-06,8.903802781032196e-06,3.561521112412878e-05,3.5597509791733153e-09,1.0768246711999279e-07,2.2782406266709218e-07,5.126041410009574e-07,1.4239003916693262e-06,8.899377447933288e-06,3.559750979173315e-05
77,3535868661216618537,proposed,True,True,407130,-0.002659479672019261,-0.0026594797077423064,-0.002659479672019261,0.039942449508349416,584932,3.582386952416522e-11,5.566061129902124e-15,-2.927163082948015e-08,0.0001591380104280174,0,0.00010636421501327017,0.0032175175041514225,0.006807309760849291,0.015316446961910904,0.042545686005308066,0.2659105375331754,1.0636421501327016,4.461385077969558e-09,1.3495689860857913e-07,2.855286449900517e-07,6.424394512276163e-07,1.7845540311878232e-06,1.1153462694923894e-05,4.4613850779695576e-05,4.4624733364331726e-09,1.3498981842710347e-07,2.8559829353172304e-07,6.425961604463769e-07,1.784989334573269e-06,1.1156183341082931e-05,4.4624733364331724e-05
78,-1881883666307682195,proposed,True,True,15705,-0.002639700841125845,-0.0026397008543979916,-0.002639700841125845,0.03975767701437038,584110,1.3305659799808602e-11,-1.614052662523487e-15,5.0101147961871474e-08,0.0001925262834746854,0,0.00010538723305290144,0.0031879637998502687,0.006744782915385692,0.015175761559617806,0.042154893221160575,0.2634680826322536,1.0538723305290143,4.772847176605711e-09,1.4437862709232275e-07,3.054622193027655e-07,6.872899934312223e-07,1.9091388706422846e-06,1.1932117941514277e-05,4.772847176605711e-05,4.772066916205308e-09,1.4435502421521056e-07,3.054122826371397e-07,6.871776359335644e-07,1.9088267664821233e-06,1.1930167290513271e-05,4.7720669162053084e-05
79,-6205669181900458004,proposed,True,True,7291,-0.0026232829065030304,-0.0026232828269057056,-0.0026232829065030304,0.03916561480797905,583196,-7.980761708490097e-11,-9.366938467430619e-16,-9.904254670974635e-09,0.00025024097626616816,0,0.0001022671216324201,0.003093580429380708,0.006545095784474886,0.014726465515068494,0.040906848652968036,0.2556678040810502,1.0226712163242009,8.30652464025761e-09,2.512723703677927e-07,5.31617576976487e-07,1.1961395481970958e-06,3.322609856103044e-06,2.0766311600644024e-05,8.30652464025761e-05,8.30652464025761e-09,2.512723703677927e-07,5.31617576976487e-07,1.1961395481970958e-06,3.322609856103044e-06,2.0766311600644024e-05,8.30652464025761e-05
80,5199743265334623982,proposed,True,True,4412,-0.002552559475333646,-0.0025525592953366265,-0.002552559475333646,0.03799742837865273,582138,-1.804539726870109e-10,3.67579226183124e-15,3.1145648726645306e-08,0.00011304267389237507,0,9.62595689540578e-05,0.0029118519608602486,0.0061606124130596995,0.013861377929384324,0.03850382758162312,0.24064892238514451,0.9625956895405781,2.637588877887198e-09,7.978706355608775e-08,1.6880568818478068e-07,3.7981279841575654e-07,1.0550355511548793e-06,6.5939721947179956e-06,2.6375888778871982e-05,2.637588877887198e-09,7.978706355608775e-08,1.6880568818478068e-07,3.7981279841575654e-07,1.0550355511548793e-06,6.5939721947179956e-06,2.6375888778871982e-05
81,-6646748140279680906,proposed,True,True,3210,-0.002478885518318413,-0.002478885537711145,-0.002478885518318413,0.0370256444054501,580932,1.9453085039172196e-11,1.2161410138374936e-14,-4.888361186219118e-08,0.00020200670955880553,0,9.139679835230195e-05,0.002764753150157134,0.005849395094547325,0.01316113896273148,0.03655871934092078,0.2284919958807549,0.9139679835230196,5.253496178216731e-09,1.5891825939105611e-07,3.362237554058708e-07,7.565034496632093e-07,2.1013984712866927e-06,1.3133740445541828e-05,5.253496178216731e-05,5.2382713048329714e-09,1.5845770697119738e-07,3.3524936350931017e-07,7.543110678959479e-07,2.0953085219331884e-06,1.3095678262082428e-05,5.238271304832971e-05
82,1696241702584672999,proposed,True,True,79383,-0.0024904174942447697,-0.0024904176893052955,-0.0024904174942447697,0.04193460382048501,582162,1.9554850185914418e-10,9.810169033447106e-16,-1.7327671156287408e-08,0.00015387511554470137,0,0.00011848798350435503,0.0035842615010067396,0.007583230944278722,0.017062269624627126,0.04739519340174201,0.2962199587608876,1.1848798350435503,3.943170987796978e-09,1.192809223808586e-07,2.523629432190066e-07,5.678166222427649e-07,1.5772683951187914e-06,9.857927469492446e-06,3.9431709877969784e-05,3.945572780318654e-09,1.1935357660463927e-07,2.5251665794039386e-07,5.681624803658862e-07,1.5782291121274616e-06,9.863931950796635e-06,3.945572780318654e-05
83,5449647063074571423,proposed,True,True,80962,-0.002424219690345134,-0.0024242197881777445,-0.002424219690345134,0.036347277823501056,580967,9.806431672910058e-11,-6.037999153154201e-15,8.520310998744587e-09,9.313419373780381e-05,0,8.808285010287011e-05,0.002664506215611821,0.005637302406583687,0.012683930414813296,0.035233140041148046,0.22020712525717528,0.8808285010287011,2.326014124510386e-09,7.036192726643918e-08,1.488649039686647e-07,3.349460339294956e-07,9.304056498041544e-07,5.815035311275965e-06,2.326014124510386e-05,2.3250124500792426e-09,7.033162661489709e-08,1.4880079680507153e-07,3.348017928114109e-07,9.300049800316971e-07,5.812531125198107e-06,2.3250124500792426e-05
84,6637476413304378774,proposed,True,True,9348,-0.002428522630712385,-0.002428522919532424,-0.002428522630712385,0.03603889165439584,579928,2.895270014670079e-10,3.848796719015463e-15,1.3768690601951416e-08,0.0002058901052950803,0,8.65991602921632e-05,0.002619624598837937,0.005542346258698445,0.0124702790820715,0.03463966411686528,0.216497900730408,0.865991602921632,5.1195307814227814e-09,1.5486580613803915e-07,3.27649970011058e-07,7.372124325248805e-07,2.0478123125691124e-06,1.2798826953556954e-05,5.1195307814227815e-05,5.1195307814227814e-09,1.5486580613803915e-07,3.27649970011058e-07,7.372124325248805e-07,2.0478123125691124e-06,1.2798826953556954e-05,5.1195307814227815e-05
85,4103826533767174417,proposed,True,True,4331,-0.0023635975125906425,-0.002363597554190002,-0.0023635975125906425,0.035501701460862546,578746,4.1693979177097065e-11,-3.937469289601098e-15,-1.0832482081421994e-08,0.00012490944273844205,0,8.402936169896309e-05,0.0025418881913936335,0.005377879148733638,0.012100228084650685,0.033611744679585234,0.21007340424740772,0.8402936169896309,2.394043016825295e-09,7.241980125896517e-08,1.5321875307681887e-07,3.4474219442284247e-07,9.57617206730118e-07,5.985107542063237e-06,2.3940430168252948e-05,2.394043016825295e-09,7.241980125896517e-08,1.5321875307681887e-07,3.4474219442284247e-07,9.57617206730118e-07,5.985107542063237e-06,2.3940430168252948e-05
86,-5088098278461408873,proposed,True,True,28359,-0.002405538324049402,-0.002405538268206127,-0.002405538324049402,0.036705097904227504,580322,-5.5986542879588895e-11,-8.610853007166238e-15,-8.58447934799189e-10,0.0001873014918492557,0,8.986247471933674e-05,0.0027183398602599364,0.005751198382037552,0.012940196359584492,0.035944989887734695,0.22465618679834187,0.8986247471933675,4.304675218239164e-09,1.302164253517347e-07,2.754992139673065e-07,6.198732314264396e-07,1.7218700872956655e-06,1.0761688045597909e-05,4.3046752182391636e-05,4.304675218239164e-09,1.302164253517347e-07,2.754992139673065e-07,6.198732314264396e-07,1.7218700872956655e-06,1.0761688045597909e-05,4.3046752182391636e-05
87,6016347462800880788,proposed,True,True,42215,-0.0023816622992949995,-0.0023816622958311136,-0.0023816622992949995,0.03616927335230381,579159,-3.475219571154536e-12,-3.0642294900187214e-15,1.0123207582881406e-09,0.00012663839115900806,0,8.722529983488723e-05,0.002638565320005339,0.005582419189432783,0.01256044317622376,0.03489011993395489,0.21806324958721807,0.8722529983488723,3.017724954220073e-09,9.12861798651572e-08,1.9313439707008467e-07,4.345523934076905e-07,1.2070899816880292e-06,7.544312385550182e-06,3.0177249542200728e-05,3.017724954220073e-09,9.12861798651572e-08,1.9313439707008467e-07,4.345523934076905e-07,1.2070899816880292e-06,7.544312385550182e-06,3.0177249542200728e-05
88,5210058391345512699,proposed,True,True,441282,-0.0023181594982583536,-0.0023181594938925755,-0.0023181594982583536,0.03549135297147783,577872,-4.3695709521149535e-12,6.351334286728578e-15,-3.094540384082279e-08,0.00016701132727247757,0,8.402848748141715e-05,0.0025418617463128686,0.005377823198810697,0.012100102197324068,0.03361139499256686,0.21007121870354287,0.8402848748141715,3.335564088077381e-09,1.0090081366434077e-07,2.1347610163695239e-07,4.803212286831429e-07,1.3342256352309524e-06,8.338910220193453e-06,3.335564088077381e-05,3.3374983017412698e-09,1.0095932362767341e-07,2.1359989131144126e-07,4.805997554507428e-07,1.334999320696508e-06,8.343745754353175e-06,3.33749830174127e-05
89,1871134943360026347,proposed,True,True,305650,-0.002235686596472317,-0.002235686568453147,-0.002235686596472317,0.03339207391857213,576317,-2.8080823539187486e-11,1.12887594014444e-15,1.4000313091541562e-08,0.00019664611046766702,0,7.434057098063109e-05,0.00224880227216409,0.0047577965427603895,0.010705042221210876,0.029736228392252435,0.1858514274515777,0.7434057098063108,5.9300543746301696e-09,1.7938414483256264e-07,3.7952347997633085e-07,8.539278299467444e-07,2.3720217498520676e-06,1.4825135936575425e-05,5.93005437463017e-05,5.927827493882134e-09,1.7931678168993456e-07,3.7938095960845657e-07,8.536071591190273e-07,2.3711309975528535e-06,1.4819568734705335e-05,5.927827493882134e-05
90,9097055892402355150,proposed,True,True,7268,-0.0021940192584603193,-0.0021940191468094493,-0.0021940192584603193,0.033124651714585424,574916,-1.1189624289031207e-10,1.2989616779291515e-16,4.387856621438923e-08,0.0002297727661164199,0,7.316019698393606e-05,0.002213095958764066,0.004682252606971908,0.010535068365686793,0.029264078793574427,0.18290049245984016,0.7316019698393607,5.888560114267575e-09,1.7812894345659417e-07,3.768678473131248e-07,8.479526564545309e-07,2.35542404570703e-06,1.4721400285668939e-05,5.8885601142675754e-05,5.888560114267575e-09,1.7812894345659417e-07,3.768678473131248e-07,8.479526564545309e-07,2.35542404570703e-06,1.4721400285668939e-05,5.8885601142675754e-05
91,4155151127845813381,proposed,False,False,5285,-0.0021412729094613704,-0.0021412729805500652,-0.0021412729094613704,0.032324953048873145,573406,7.124284235350257e-11,1.600629924414182e-15,2.658692214677461e-09,0.0001589518270147023,0,6.966541779018325e-05,0.0021073788881530433,0.004458586738571728,0.010031820161786387,0.027866167116073298,0.17416354447545812,0.6966541779018325,2.7009830881590527e-09,8.170473841681134e-08,1.7286291764217937e-07,3.889415646949036e-07,1.080393235263621e-06,6.752457720397632e-06,2.700983088159053e-05,2.6888704645833855e-09,8.133833155364741e-08,1.7208770973333667e-07,3.8719734690000753e-07,1.0755481858333541e-06,6.722176161458463e-06,2.6888704645833853e-05
92,-403402004913855485,proposed,True,True,3192,-0.0020760995001485945,-0.002076099410938638,-0.0020760995001485945,0.03129982494564682,571606,-8.94003493195034e-11,-4.79865466248087e-15,-3.870808779117504e-08,0.00020134115128095086,0,6.53179287777237e-05,0.001975867345526142,0.004180347441774317,0.009405781743992214,0.02612717151108948,0.16329482194430925,0.653179287777237,6.775871008931e-09,2.0497009802016275e-07,4.33655744571584e-07,9.75725425286064e-07,2.7103484035724e-06,1.69396775223275e-05,6.775871008931e-05,6.775871008931e-09,2.0497009802016275e-07,4.33655744571584e-07,9.75725425286064e-07,2.7103484035724e-06,1.69396775223275e-05,6.775871008931e-05
93,8729611494346835773,proposed,True,True,2301,-0.002032958143239432,-0.002032958191022623,-0.002032958143239432,0.03057988802776323,569800,4.788055711363791e-11,2.6927479830956397e-17,-3.107727636082308e-08,0.00011879862887368225,0,6.234781268862548e-05,0.0018860213338309207,0.003990260012072031,0.00897808502716207,0.02493912507545019,0.1558695317215637,0.6234781268862548,3.382093465151094e-09,1.0230832732082058e-07,2.1645398176967e-07,4.870214589817575e-07,1.3528373860604376e-06,8.455233662877736e-06,3.382093465151094e-05,3.382093465151094e-09,1.0230832732082058e-07,2.1645398176967e-07,4.870214589817575e-07,1.3528373860604376e-06,8.455233662877736e-06,3.382093465151094e-05
94,-5558029548129023447,proposed,True,True,2035,-0.0019814755734236813,-0.001981475515566507,-0.0019814755734236813,0.029854697618121602,567784,-5.7972817039944635e-11,-7.723972469191682e-16,-2.1841206545736885e-08,0.00019335669039636873,0,5.942369563777184e-05,0.0017975667930425982,0.003803116520817398,0.008557012171839145,0.023769478255108736,0.1485592390944296,0.5942369563777185,4.332857169106622e-09,1.3106892936547532e-07,2.773028588228238e-07,6.239314323513536e-07,1.733142867642649e-06,1.0832142922766555e-05,4.332857169106622e-05,4.332857169106622e-09,1.3106892936547532e-07,2.773028588228238e-07,6.239314323513536e-07,1.733142867642649e-06,1.0832142922766555e-05,4.332857169106622e-05
95,-3160514301160428050,proposed,False,False,1539,-0.001941626790128918,-0.0019416269427052421,-0.001941626790128918,0.029088367866480076,565874,1.5286805589403015e-10,-5.0908635311709885e-15,1.2631380574877373e-08,0.00014794945775498358,0,5.641121782483022e-05,0.0017064393392011142,0.003610317940789134,0.008123215366775552,0.022564487129932087,0.14102804456207554,0.5641121782483022,3.100006914624796e-09,9.377520916740008e-08,1.9840044253598696e-07,4.4640099570597066e-07,1.2400027658499185e-06,7.75001728656199e-06,3.100006914624796e-05,3.100006914624796e-09,9.377520916740008e-08,1.9840044253598696e-07,4.4640099570597066e-07,1.2400027658499185e-06,7.75001728656199e-06,3.100006914624796e-05
96,5740773072795659309,proposed,True,True,1333,-0.0018935641289026443,-0.0018935642553438796,-0.0018935641289026443,0.02827337943852229,563948,1.266848174938039e-10,3.7033174580350185e-15,4.2371915405370176e-08,0.00018041674307590842,0,5.3298535451919495e-05,0.0016122806974205647,0.0034111062689228477,0.007674989105076407,0.0213194141807678,0.13324633862979873,0.5329853545191949,8.38371580373905e-09,2.5360740306310624e-07,5.365578114392992e-07,1.207255075738423e-06,3.3534863214956197e-06,2.0959289509347624e-05,8.38371580373905e-05,8.359462028964921e-09,2.5287372637618886e-07,5.350055698537549e-07,1.2037625321709487e-06,3.343784811585968e-06,2.0898655072412302e-05,8.359462028964921e-05
97,-4338934195208273580,proposed,True,True,3314,-0.001943548909745276,-0.0019435488739160888,-0.001943548909745276,0.029173589226778908,566163,-3.590418913755333e-11,-5.2305564432184414e-15,2.0565920375108774e-08,8.09110969343219e-05,0,5.674407886498415e-05,0.0017165083856657704,0.0036316210473589855,0.008171147356557718,0.02269763154599366,0.14186019716246037,0.5674407886498415,1.3436614013775675e-09,4.0645757391671414e-08,8.599432968816432e-08,1.934872417983697e-07,5.37464560551027e-07,3.359153503443919e-06,1.3436614013775676e-05,1.3436614013775675e-09,4.0645757391671414e-08,8.599432968816432e-08,1.934872417983697e-07,5.37464560551027e-07,3.359153503443919e-06,1.3436614013775676e-05
98,-2352418615387496209,proposed,True,True,2406,-0.001900277571325812,-0.0019002775758862629,-0.001900277571325812,0.028483330190616933,564298,4.574929968889228e-12,5.7965751034392246e-15,2.0847380629115755e-08,0.00010325124411541906,0,5.4091947836360615e-05,0.0016362814220499085,0.0034618846615270794,0.007789240488435928,0.021636779134544246,0.13522986959090152,0.5409194783636061,2.4047410990065346e-09,7.274341824494767e-08,1.5390343033641822e-07,3.46282718256941e-07,9.61896439602614e-07,6.011852747516337e-06,2.4047410990065347e-05,2.4029029313590396e-09,7.268781367361095e-08,1.5378578760697854e-07,3.4601802211570173e-07,9.611611725436158e-07,6.007257328397599e-06,2.4029029313590397e-05
99,-362962408713874235,proposed,True,True,1835,-0.0018552414466574717,-0.0018552414844085485,-0.0018552414466574717,0.02799198588606664,562415,3.782249617140595e-11,1.2519749452360372e-15,4.596368561614233e-09,0.00011412332272541837,0,5.224191788659276e-05,0.001580318016069431,0.0033434827447419366,0.007522836175669357,0.020896767154637105,0.1306047947164819,0.5224191788659276,2.5635028701481363e-09,7.754596182198113e-08,1.6406418368948072e-07,3.691444133013316e-07,1.0254011480592545e-06,6.408757175370341e-06,2.5635028701481365e-05,2.5635028701481363e-09,7.754596182198113e-08,1.6406418368948072e-07,3.691444133013316e-07,1.0254011480592545e-06,6.408757175370341e-06,2.5635028701481365e-05
100,7251489460485994900,proposed,True,True,1532,-0.0018258039741035996,-0.0018258040920574089,-0.0018258039741035996,0.027286286111868677,560478,1.1816642193367837e-10,-3.1418607057989777e-15,-5.856298041074576e-09,0.00018683664394997593,0,4.9640284452363484e-05,0.0015016186046839955,0.003176978204951263,0.007148200961140341,0.019856113780945393,0.12410071113090872,0.49640284452363487,4.440992639705152e-09,1.3434002735108083e-07,2.842235289411297e-07,6.395029401175419e-07,1.7763970558820606e-06,1.110248159926288e-05,4.440992639705152e-05,4.440992639705152e-09,1.3434002735108083e-07,2.842235289411297e-07,6.395029401175419e-07,1.7763970558820606e-06,1.110248159926288e-05,4.440992639705152e-05
101,-1797987997730584964,proposed,True,True,1333,-0.0017934062017450196,-0.0017934062118259988,-0.0017934062017450196,0.026799301080925736,558604,1.0102632277816559e-11,3.541183433966005e-15,-2.4661950149669696e-08,0.0001940677306025051,0,4.788405849138436e-05,0.001448492769364377,0.003064579743448599,0.006895304422759348,0.019153623396553743,0.1197101462284609,0.4788405849138436,5.9534397267022215e-09,1.800915517327422e-07,3.810201425089422e-07,8.572953206451199e-07,2.3813758906808885e-06,1.4883599316755553e-05,5.953439726702221e-05,5.9534397267022215e-09,1.800915517327422e-07,3.810201425089422e-07,8.572953206451199e-07,2.3813758906808885e-06,1.4883599316755553e-05,5.953439726702221e-05
102,3322685432282494912,proposed,True,True,1143,-0.0017559424462967005,-0.0017559424366067496,-0.0017559424462967005,0.02633134583086516,556618,-9.707147020476416e-12,-1.5113976881850842e-16,3.407643563433372e-08,0.0001605729908039169,0,4.6225515139578725e-05,0.0013983218329722564,0.0029584329689330384,0.006656474180099336,0.01849020605583149,0.11556378784894682,0.46225515139578727,3.856090061031217e-09,1.1664672434619431e-07,2.4678976390599786e-07,5.552769687884952e-07,1.5424360244124867e-06,9.640225152578042e-06,3.856090061031217e-05,3.7531537586401455e-09,1.135329011988644e-07,2.402018405529693e-07,5.404541412441809e-07,1.5012615034560581e-06,9.382884396600364e-06,3.753153758640146e-05
103,-2407230472408506340,proposed,True,True,1006,-0.0017114635901006303,-0.0017114635795594593,-0.0017114635901006303,0.025763718983279296,554607,-1.0554821469071154e-11,4.421332761097814e-15,2.8979632176845068e-08,0.00014837738416335954,0,4.425569851347648e-05,0.0013387348800326636,0.0028323647048624947,0.006372820585940613,0.01770227940539059,0.1106392462836912,0.4425569851347648,2.5515830807822983e-09,7.718538819366452e-08,1.633013171700671e-07,3.6742796363265094e-07,1.0206332323129192e-06,6.378957701955745e-06,2.551583080782298e-05,2.5515830807822983e-09,7.718538819366452e-08,1.633013171700671e-07,3.6742796363265094e-07,1.0206332323129192e-06,6.378957701955745e-06,2.551583080782298e-05
104,666200130799432153,proposed,True,True,895,-0.0016916738260481662,-0.0016916739177316423,-0.0016916738260481662,0.025325886838632277,552748,9.183592551438541e-11,-2.911912227645361e-15,-2.9689681237813993e-08,0.00017121026913976346,0,4.2763327278804444e-05,0.0012935906501838344,0.0027368529458434844,0.00615791912814784,0.017105330911521777,0.1069083181970111,0.4276332727880444,5.434319127647344e-09,1.6438815361133216e-07,3.4779642416943e-07,7.825419543812175e-07,2.1737276510589375e-06,1.358579781911836e-05,5.434319127647344e-05,5.434319127647344e-09,1.6438815361133216e-07,3.4779642416943e-07,7.825419543812175e-07,2.1737276510589375e-06,1.358579781911836e-05,5.434319127647344e-05
105,9009166845519592197,proposed,True,True,1457,-0.0017195552861968698,-0.0017195554070297348,-0.0017195552861968698,0.02588171772128886,555325,1.2104349132485177e-10,2.4896330953541288e-15,1.747354485455675e-08,0.00010820734122969781,0,4.465976760889091e-05,0.00135095797016895,0.002858225126969018,0.0064310065356802905,0.01786390704355636,0.11164941902222726,0.44659767608890905,3.3792185561188566e-09,1.0222136132259541e-07,2.1626998759160682e-07,4.866074720811154e-07,1.3516874224475426e-06,8.448046390297141e-06,3.3792185561188564e-05,3.3792185561188566e-09,1.0222136132259541e-07,2.1626998759160682e-07,4.866074720811154e-07,1.3516874224475426e-06,8.448046390297141e-06,3.3792185561188564e-05
106,2706234061175238719,proposed,True,True,1160,-0.0016845342075649146,-0.0016845341436677623,-0.0016845342075649146,0.02524419039378814,553304,-6.40055259955619e-11,-5.55131931495379e-16,3.80495538687575e-08,9.010270030703363e-05,0,4.248876439816035e-05,0.0012852851230443507,0.0027192809214822626,0.006118382073335091,0.016995505759264142,0.10622191099540088,0.4248876439816035,2.14146591944549e-09,6.477934406322608e-08,1.3705381884451136e-07,3.083710924001506e-07,8.56586367778196e-07,5.353664798613725e-06,2.14146591944549e-05,2.14146591944549e-09,6.477934406322608e-08,1.3705381884451136e-07,3.083710924001506e-07,8.56586367778196e-07,5.353664798613725e-06,2.14146591944549e-05
107,5173167354145275339,proposed,True,True,1039,-0.0016279410882696986,-0.0016279410586278013,-0.0016279410882696986,0.024496024278380445,551717,-2.9689004151146955e-11,1.2269566488745938e-15,2.424153097934661e-08,0.00022801605079781191,0,4.0007403580497944e-05,0.0012102239583100629,0.0025604738291518684,0.005761066115591704,0.01600296143219918,0.10001850895124487,0.40007403580497947,6.247596263639233e-09,1.889897869750868e-07,3.9984616087291093e-07,8.996538619640496e-07,2.4990385054556935e-06,1.5618990659098085e-05,6.247596263639234e-05,6.247596263639233e-09,1.889897869750868e-07,3.9984616087291093e-07,8.996538619640496e-07,2.4990385054556935e-06,1.5618990659098085e-05,6.247596263639234e-05
108,-4126032821099873366,proposed,True,True,13226,-0.0027713560931378798,-0.002771356062601071,-0.0027713560931378798,0.03767784765628113,589284,-3.06282946470447e-11,-6.6226100398457096e-15,-3.4075409265568176e-08,0.00012002398070743324,0,9.550101530802681e-05,0.002888905713067811,0.006112064979713716,0.01375214620435586,0.038200406123210726,0.23875253827006704,0.9550101530802682,2.2500382783097797e-09,6.806365791887084e-08,1.440024498118259e-07,3.240055120766083e-07,9.000153113239119e-07,5.625095695774449e-06,2.2500382783097796e-05,2.2578395886670156e-09,6.829964755717723e-08,1.44501733674689e-07,3.2512890076805023e-07,9.031358354668063e-07,5.644598971667539e-06,2.2578395886670156e-05
109,4228864164581475751,proposed,True,True,13522,-0.002768234970846712,-0.0027682348661923098,-0.002768234970846712,0.03778641237109929,588933,-1.0494790379018019e-10,-2.989341752634919e-15,-3.6791153093224957e-08,0.00011862204467238061,0,9.608113944315672e-05,0.0029064544681554907,0.00614919292436203,0.013835684079814567,0.03843245577726269,0.2402028486078918,0.9608113944315672,2.535507691190509e-09,7.66991076585129e-08,1.6227249223619257e-07,3.6511310753143325e-07,1.0142030764762035e-06,6.338769227976272e-06,2.5355076911905088e-05,2.535507691190509e-09,7.66991076585129e-08,1.6227249223619257e-07,3.6511310753143325e-07,1.0142030764762035e-06,6.338769227976272e-06,2.5355076911905088e-05
110,-968096554619096481,proposed,True,True,20930,-0.0027702835766049774,-0.002770283503558313,-0.0027702835766049774,0.03973057237441376,588430,-7.325527588610537e-11,-5.689182224821269e-15,4.105184513160067e-08,0.0001234270970991399,0,0.0001054407124597637,0.0031895815519078522,0.006748205597424877,0.015183462594205974,0.04217628498390548,0.26360178114940924,1.054407124597637,2.946643115186173e-09,8.913595423438174e-08,1.8858515937191508e-07,4.243166085868089e-07,1.1786572460744692e-06,7.366607787965433e-06,2.9466431151861733e-05,2.946643115186173e-09,8.913595423438174e-08,1.8858515937191508e-07,4.243166085868089e-07,1.1786572460744692e-06,7.366607787965433e-06,2.9466431151861733e-05
111,3997085991940404751,proposed,True,True,11867,-0.002743353653037871,-0.0027433537453274044,-0.002743353653037871,0.040881781087887904,588804,9.253050530437879e-11,-1.2907037763974484e-14,5.128340251707286e-08,0.00022992718701152242,0,0.00011143308536537287,0.0033708508323025293,0.0071317174633838635,0.016046364292613694,0.044573234146149145,0.27858271341343216,1.1143308536537286,5.734726923974643e-09,1.7347548945023296e-07,3.670225231343772e-07,8.258006770523487e-07,2.2938907695898573e-06,1.4336817309936609e-05,5.7347269239746436e-05,5.734726923974643e-09,1.7347548945023296e-07,3.670225231343772e-07,8.258006770523487e-07,2.2938907695898573e-06,1.4336817309936609e-05,5.7347269239746436e-05
112,-6857612959622133422,proposed,True,True,11420,-0.002769074731437761,-0.0027690748943476847,-0.002769074731437761,0.03931724561329132,588200,1.633711681689609e-10,8.88201145875471e-15,-4.149329338378648e-08,0.00023047531853586826,0,0.00010328509875243727,0.0031243742372612272,0.006610246320155985,0.014873054220350967,0.04131403950097491,0.2582127468810932,1.0328509875243728,7.233207320427811e-09,2.1880452144294128e-07,4.629252685073799e-07,1.0415818541416048e-06,2.893282928171124e-06,1.808301830106953e-05,7.233207320427811e-05,7.233207320427811e-09,2.1880452144294128e-07,4.629252685073799e-07,1.0415818541416048e-06,2.893282928171124e-06,1.808301830106953e-05,7.233207320427811e-05
113,-3254988791568075893,proposed,True,True,13478,-0.0027094689057898394,-0.002709469064902448,-0.0027094689057898394,0.037894858885538625,587438,1.5952740915915205e-10,-1.7480928491657495e-14,-4.924603029837635e-08,0.0001737954645987701,0,9.625567053180818e-05,0.0029117340335871977,0.006160362914035724,0.013860816556580379,0.038502268212723276,0.24063917632952045,0.9625567053180818,5.4545952226095195e-09,1.6500150548393797e-07,3.4909409424700925e-07,7.854617120557708e-07,2.1818380890438077e-06,1.3636488056523799e-05,5.4545952226095196e-05,5.4545952226095195e-09,1.6500150548393797e-07,3.4909409424700925e-07,7.854617120557708e-07,2.1818380890438077e-06,1.3636488056523799e-05,5.4545952226095196e-05
114,6107395767688570041,proposed,True,True,14713,-0.002695229663214976,-0.002695229786308704,-0.002695229663214976,0.037497174878831065,586666,1.2343198898581666e-10,5.59874689475496e-15,2.1176102254989885e-08,0.0001143707193825092,0,9.424550704663232e-05,0.0028509265881606276,0.006031712450984468,0.013571353014715053,0.03769820281865293,0.2356137676165808,0.9424550704663232,1.9212575529709198e-09,5.8118040977370325e-08,1.2296048339013886e-07,2.7666108762781247e-07,7.685030211883679e-07,4.8031438824273e-06,1.92125755297092e-05,1.9212575529709198e-09,5.8118040977370325e-08,1.2296048339013886e-07,2.7666108762781247e-07,7.685030211883679e-07,4.8031438824273e-06,1.92125755297092e-05
115,5045868582411835752,proposed,True,True,23782,-0.002701766716392904,-0.0027017667410293633,-0.002701766716392904,0.039367279466168484,585910,2.4695924796283386e-11,-7.276916107997948e-15,3.2439221339937785e-08,0.00010736053404122367,0,0.00010338846695123611,0.0031275011252748924,0.006616861884879111,0.014887939240977999,0.04135538678049444,0.2584711673780903,1.0338846695123611,2.9673682636772798e-09,8.976288997623771e-08,1.899115688753459e-07,4.273010299695283e-07,1.186947305470912e-06,7.418420659193199e-06,2.9673682636772798e-05,2.9673682636772798e-09,8.976288997623771e-08,1.899115688753459e-07,4.273010299695283e-07,1.186947305470912e-06,7.418420659193199e-06,2.9673682636772798e-05
116,-6567042328987826803,proposed,True,True,34001,-0.002642958197419874,-0.002642958079043011,-0.002642958197419874,0.03773274621039454,585134,-1.1868019971059616e-10,1.035722564478236e-14,4.912826322197044e-08,0.0001454466852920032,0,9.508978361124112e-05,0.0028764659542400437,0.006085746151119432,0.013692928840018721,0.038035913444496444,0.2377244590281028,0.9508978361124112,4.0484684775968054e-09,1.2246617144730337e-07,2.5910198256619555e-07,5.829794607739399e-07,1.6193873910387221e-06,1.0121171193992013e-05,4.0484684775968054e-05,4.044537629319817e-09,1.2234726328692447e-07,2.588504082764683e-07,5.824134186220537e-07,1.6178150517279268e-06,1.0111344073299542e-05,4.044537629319817e-05
117,-4696915521134859180,proposed,True,True,51021,-0.002593574811450113,-0.00259357479347463,-0.002593574811450113,0.03895868764892104,584276,-1.8013867892941307e-11,8.356416732200143e-15,5.021826027353518e-08,9.184679760966073e-05,0,0.00010118981184057549,0.0030609918081774086,0.006476147957796831,0.01457133290504287,0.0404759247362302,0.25297452960143874,1.011898118405755,2.5543075007875707e-09,7.726780189882402e-08,1.6347568005040453e-07,3.6782028011341017e-07,1.0217230003150284e-06,6.385768751968927e-06,2.5543075007875707e-05,2.547513062254251e-09,7.706227013319109e-08,1.6304083598427205e-07,3.6684188096461214e-07,1.0190052249017002e-06,6.368782655635627e-06,2.547513062254251e-05
118,2192684520582052707,proposed,True,True,453337,-0.0025700953572839694,-0.0025700954343888154,-0.0025700953572839694,0.03912756216973753,583297,7.729169812865119e-11,-1.1825154661975495e-14,-3.418336768927211e-09,0.00022430927592262617,0,0.00010208119662542673,0.0030879561979191587,0.006533196584027311,0.014699692314061449,0.040832478650170694,0.25520299156356685,1.0208119662542674,5.237130925614799e-09,1.5842321049984765e-07,3.351763792393471e-07,7.54146853288531e-07,2.0948523702459194e-06,1.3092827314036996e-05,5.2371309256147983e-05,5.238259977747653e-09,1.5845736432686652e-07,3.352486385758498e-07,7.54309436795662e-07,2.095303991099061e-06,1.3095649944369133e-05,5.238259977747653e-05
119,-8490277517534077435,proposed,True,True,16482,-0.002501711022664082,-0.0025017111324297588,-0.002501711022664082,0.03728062624819665,582251,1.1004629531670774e-10,5.328043561213044e-15,1.8695192631804573e-08,0.00012313370942363357,0,9.266684077376892e-05,0.0028031719334065098,0.005930677809521211,0.013344025071422724,0.03706673630950757,0.2316671019344223,0.9266684077376892,2.460004763199549e-09,7.441514408678636e-08,1.5744030484477113e-07,3.5424068590073507e-07,9.840019052798195e-07,6.150011907998873e-06,2.460004763199549e-05,2.458578546665944e-09,7.43720010366448e-08,1.573490269866204e-07,3.5403531071989594e-07,9.834314186663776e-07,6.14644636666486e-06,2.458578546665944e-05
120,8864408550179832550,proposed,True,True,5310,-0.002422565421872649,-0.0024225652300819698,-0.002422565421872649,0.03630763822820512,580902,-1.922472625433946e-10,9.17058711805844e-15,-2.537818131001227e-08,0.0001546264864273979,0,8.789445847934338e-05,0.0026588073690001373,0.005625245342677976,0.012656802021025447,0.03515778339173735,0.21973614619835846,0.8789445847934338,5.120264200313692e-09,1.548879920594892e-07,3.276969088200763e-07,7.373180448451716e-07,2.0481056801254767e-06,1.280066050078423e-05,5.120264200313692e-05,5.120264200313692e-09,1.548879920594892e-07,3.276969088200763e-07,7.373180448451716e-07,2.0481056801254767e-06,1.280066050078423e-05,5.120264200313692e-05
121,6912306963145366519,proposed,True,True,4415,-0.0024361884914582653,-0.002436188680988682,-0.0024361884914582653,0.03613816331519871,579751,1.8999317341884326e-10,-1.0264794719046251e-16,-5.3073059693512526e-09,9.566364628161596e-05,0,8.707629965250202e-05,0.002634058064488186,0.005572883177760129,0.01253898714996029,0.03483051986100081,0.21769074913125505,0.8707629965250202,2.3186420195115735e-09,7.01389210902251e-08,1.483930892487407e-07,3.338844508096666e-07,9.274568078046293e-07,5.796605048778933e-06,2.3186420195115734e-05,2.3186420195115735e-09,7.01389210902251e-08,1.483930892487407e-07,3.338844508096666e-07,9.274568078046293e-07,5.796605048778933e-06,2.3186420195115734e-05
122,3965429967274226491,proposed,True,True,3030,-0.0023569873430609642,-0.0023569874446981625,-0.0023569873430609642,0.03546908922712548,578404,1.0187473078465282e-10,-2.5910963594232887e-15,4.205261353463514e-08,0.0001822168713351038,0,8.387695472851812e-05,0.0025372778805376733,0.00536812510262516,0.01207828148090661,0.03355078189140725,0.2096923868212953,0.8387695472851812,5.446776158979834e-09,1.6476497880913998e-07,3.485936741747094e-07,7.843357668930962e-07,2.1787104635919337e-06,1.3616940397449586e-05,5.4467761589798345e-05,5.446776158979834e-09,1.6476497880913998e-07,3.485936741747094e-07,7.843357668930962e-07,2.1787104635919337e-06,1.3616940397449586e-05,5.4467761589798345e-05
123,-3423772321637888114,proposed,True,True,68796,-0.002416633124292838,-0.002416633116207268,-0.002416633124292838,0.03939800122268135,580119,-8.102758283292091e-12,2.3990061138054806e-15,-6.775339723966848e-10,0.00021235289467383885,0,0.00010412294053254601,0.003149718951109517,0.006663868194082945,0.014993703436686627,0.041649176213018405,0.260307351331365,1.04122940532546,4.897211460565662e-09,1.4814064668211128e-07,3.1342153347620236e-07,7.051984503214553e-07,1.958884584226265e-06,1.2243028651414155e-05,4.897211460565662e-05,4.8961770559653625e-09,1.481093559429522e-07,3.133553315817832e-07,7.050494960590122e-07,1.958470822386145e-06,1.2240442639913406e-05,4.896177055965362e-05
124,4063722615531064318,proposed,True,True,89359,-0.0023621808814290116,-0.0023621806795601405,-0.0023621808814290116,0.04102302968947129,578815,-2.0235067039765321e-10,-3.8193947987405534e-15,2.0426251862268252e-08,0.00012363618281941037,0,0.00011394037785550354,0.0034466964301289823,0.007292184182752227,0.01640741441119251,0.04557615114220142,0.2848509446387589,1.1394037785550355,4.342154396016048e-09,1.3135017047948545e-07,2.778978813450271e-07,6.252702330263109e-07,1.7368617584064191e-06,1.085538599004012e-05,4.342154396016048e-05,4.343401613355552e-09,1.3138789880400543e-07,2.779777032547553e-07,6.254498323231994e-07,1.7373606453422207e-06,1.0858504033388879e-05,4.3434016133555515e-05
125,942836133678390729,proposed,True,True,9976,-0.002291846210557463,-0.002291846267260181,-0.002291846210557463,0.03432154117773239,577325,5.682768668370521e-11,-5.2837403588715756e-15,-1.525721373238804e-08,0.000177147101269707,0,7.853564835364567e-05,0.0023757033626977814,0.005026281494633323,0.011309133362924976,0.031414259341458264,0.19633912088411418,0.7853564835364567,7.24907244262586e-09,2.1928444138943227e-07,4.6394063632805505e-07,1.043866431738124e-06,2.899628977050344e-06,1.812268110656465e-05,7.24907244262586e-05,7.24907244262586e-09,2.1928444138943227e-07,4.6394063632805505e-07,1.043866431738124e-06,2.899628977050344e-06,1.812268110656465e-05,7.24907244262586e-05
126,5771367954622892896,proposed,True,True,27477,-0.0023392005816194206,-0.0023392004469866825,-0.0023392005816194206,0.0367229586435903,578462,-1.3494973217590568e-10,-1.322685022672504e-15,-4.557179051021926e-08,0.00016670325239471643,0,9.009371320176824e-05,0.0027253348243534894,0.005765997644913167,0.012973494701054626,0.0360374852807073,0.2252342830044206,0.9009371320176824,3.891323866596969e-09,1.1771254696455832e-07,2.4904472746220603e-07,5.603506367899636e-07,1.5565295466387876e-06,9.728309666492422e-06,3.891323866596969e-05,3.897389557788001e-09,1.1789603412308702e-07,2.4943293169843205e-07,5.612240963214721e-07,1.5589558231152003e-06,9.743473894470001e-06,3.8973895577880005e-05
127,-7181991947907977315,proposed,True,True,33460,-0.0022623095081549245,-0.0022623095591601562,-0.0022623095081549245,0.03386383466680284,576870,5.111151915792298e-11,-9.3641013991594e-15,-2.6129063080651253e-08,0.00013826686159038943,0,7.646160128374787e-05,0.002312963438833373,0.004893542482159864,0.011010470584859693,0.03058464051349915,0.19115400320936968,0.7646160128374787,4.195854894872945e-09,1.269246105699066e-07,2.685347132718685e-07,6.042031048617041e-07,1.678341957949178e-06,1.0489637237182363e-05,4.195854894872945e-05,4.195854894872945e-09,1.269246105699066e-07,2.685347132718685e-07,6.042031048617041e-07,1.678341957949178e-06,1.0489637237182363e-05,4.195854894872945e-05
128,-3939799769031875233,proposed,True,True,90583,-0.0021820210535525935,-0.0021820209741596885,-0.0021820210535525935,0.03212409249544832,575323,-7.956254047986611e-11,3.980492810026556e-15,2.897393685671647e-08,0.00015918554509969179,0,6.881819818509392e-05,0.0020817504950990913,0.004404364683846011,0.009909820538653524,0.02752727927403757,0.17204549546273482,0.6881819818509393,4.089422637149086e-09,1.2370503477375986e-07,2.617230487775415e-07,5.888768597494684e-07,1.6357690548596343e-06,1.0223556592872715e-05,4.089422637149086e-05,4.086863066539304e-09,1.2362760776281395e-07,2.6155923625851546e-07,5.885082815816598e-07,1.6347452266157217e-06,1.021715766634826e-05,4.086863066539304e-05
129,-5017837011853993810,proposed,True,True,16193,-0.00211087549084803,-0.0021108753748009046,-0.00211087549084803,0.03182765003389978,573685,-1.1628725216888199e-10,5.352682020914212e-15,-2.8586141699422912e-08,0.00019151796026089921,0,6.753764498061841e-05,0.0020430137606637067,0.004322409278759578,0.00972542087720905,0.027015057992247363,0.168844112451546,0.675376449806184,4.4819285849364385e-09,1.3557833969432726e-07,2.8684342943593206e-07,6.453977162308472e-07,1.7927714339745754e-06,1.1204821462341097e-05,4.481928584936439e-05,4.484623425578854e-09,1.3565985862376033e-07,2.8701589923704666e-07,6.45785773283355e-07,1.7938493702315416e-06,1.1211558563947135e-05,4.484623425578854e-05
130,6527918924170454547,proposed,True,True,7154,-0.002080985797477663,-0.002080985984547333,-0.002080985797477663,0.031281987108473165,571754,1.8746205509319706e-10,2.2840217415204356e-15,6.115762303400889e-09,0.0001501323164297533,0,6.524249348828937e-05,0.0019735854280207533,0.00417551958325052,0.00939491906231367,0.02609699739531575,0.16310623372072344,0.6524249348828938,4.991926695999782e-09,1.510057825539934e-07,3.1948330854398603e-07,7.188374442239685e-07,1.996770678399913e-06,1.2479816739999454e-05,4.991926695999782e-05,4.991926695999782e-09,1.510057825539934e-07,3.1948330854398603e-07,7.188374442239685e-07,1.996770678399913e-06,1.2479816739999454e-05,4.991926695999782e-05
131,4010850978256098064,proposed,True,True,4324,-0.0020274194576904935,-0.002027419747839671,-0.0020274194576904935,0.030550873900569056,569861,2.907368434644796e-10,-1.783528625523295e-15,-4.452359764029736e-08,6.209716074515499e-05,0,6.222650224463547e-05,0.001882351692900223,0.00398249614365667,0.008960616323227508,0.02489060089785419,0.15556625561158868,0.6222650224463547,1.648612479716346e-09,4.9870527511419464e-08,1.0551119870184614e-07,2.3740019707915382e-07,6.594449918865384e-07,4.121531199290865e-06,1.648612479716346e-05,2.6062120702553057e-09,7.8837915125223e-08,1.6679757249633957e-07,3.7529453811676404e-07,1.0424848281021223e-06,6.515530175638264e-06,2.6062120702553057e-05
132,7282966014585964718,proposed,True,True,2875,-0.001977047365823399,-0.0019770475216217558,-0.001977047365823399,0.029655222188704044,567684,1.5611404856077536e-10,7.060924701553872e-15,-1.428584531100359e-08,0.00013993071223864116,0,5.8633303504864164e-05,0.001773657431022141,0.0037525314243113065,0.00844319570470044,0.023453321401945667,0.1465832587621604,0.5863330350486416,3.756855426135908e-09,1.1364487664061123e-07,2.4043874727269814e-07,5.409871813635709e-07,1.5027421704543634e-06,9.39213856533977e-06,3.756855426135908e-05,3.756855426135908e-09,1.1364487664061123e-07,2.4043874727269814e-07,5.409871813635709e-07,1.5027421704543634e-06,9.39213856533977e-06,3.756855426135908e-05
133,-8295942972910028388,proposed,True,True,2241,-0.0019403836295684709,-0.0019403836836485073,-0.0019403836295684709,0.028956855664373917,565646,5.418248002739612e-11,-2.6964694584536085e-15,3.930294044957836e-08,0.0002331601565707555,0,5.5902760258288955e-05,0.001691058497813241,0.003577776656530493,0.008049997477193609,0.02236110410331558,0.13975690064572238,0.5590276025828895,6.8226260264573256e-09,2.063844373003341e-07,4.3664806569326884e-07,9.824581478098548e-07,2.7290504105829304e-06,1.7056565066143315e-05,6.822626026457326e-05,6.8226260264573256e-09,2.063844373003341e-07,4.3664806569326884e-07,9.824581478098548e-07,2.7290504105829304e-06,1.7056565066143315e-05,6.822626026457326e-05
134,205451278157565148,proposed,True,True,1793,-0.001890780046033757,-0.001890780088457345,-0.001890780046033757,0.02831465876174918,563625,4.250484291678699e-11,8.89212503853376e-16,-3.993613290503467e-09,0.00017963750314856392,0,5.345312743709199e-05,0.0016169571049720328,0.0034210001559738874,0.007697250350941247,0.021381250974836796,0.13363281859273,0.53453127437092,4.1597455482535145e-09,1.258323028346688e-07,2.6622371508822493e-07,5.990033589485061e-07,1.6638982193014057e-06,1.0399363870633787e-05,4.159745548253515e-05,4.1597455482535145e-09,1.258323028346688e-07,2.6622371508822493e-07,5.990033589485061e-07,1.6638982193014057e-06,1.0399363870633787e-05,4.159745548253515e-05
135,-994535447820711255,proposed,True,True,1447,-0.0018449436935230215,-0.001844943617056322,-0.0018449436935230215,0.027638960274268647,561564,-7.661144354196372e-11,-3.4066165842112944e-15,3.328589263905151e-08,0.00013645993686234014,0,5.093585206582717e-05,0.0015408095249912718,0.003259894532212939,0.0073347626974791125,0.020374340826330866,0.12733963016456792,0.5093585206582717,4.68964620428671e-09,1.4186179767967298e-07,3.0013735707434946e-07,6.753090534172863e-07,1.8758584817146842e-06,1.1724115510716775e-05,4.68964620428671e-05,4.68964620428671e-09,1.4186179767967298e-07,3.0013735707434946e-07,6.753090534172863e-07,1.8758584817146842e-06,1.1724115510716775e-05,4.68964620428671e-05
136,6093028958515031233,proposed,True,True,1227,-0.001801205460379544,-0.0018012054270171443,-0.001801205460379544,0.026931239510751777,559410,-3.342722238298628e-11,-4.621769005762274e-15,-3.781012633340571e-08,0.00022836548625700917,0,4.835665596047117e-05,0.0014627888428042528,0.003094825981470155,0.0069633584583078485,0.01934266238418847,0.12089163990117793,0.48356655960471173,7.591036718949499e-09,2.2962886074822234e-07,4.858263500127679e-07,1.0931092875287278e-06,3.0364146875797994e-06,1.8977591797373745e-05,7.591036718949498e-05,7.591036718949499e-09,2.2962886074822234e-07,4.858263500127679e-07,1.0931092875287278e-06,3.0364146875797994e-06,1.8977591797373745e-05,7.591036718949498e-05
137,-3110603659142667602,proposed,True,True,1074,-0.0017555209182484616,-0.001755520877607175,-0.0017555209182484616,0.026383413049116126,557319,-4.07090136353073e-11,3.7450097827831365e-15,-2.021263507210355e-08,0.0001280485181288644,0,4.641209328265703e-05,0.0014039658218003752,0.00297037397009005,0.006683341432702612,0.018564837313062812,0.11603023320664257,0.4641209328265703,2.6316286632346267e-09,7.960676706284746e-08,1.684242344470161e-07,3.7895452750578624e-07,1.0526514652938507e-06,6.5790716580865665e-06,2.6316286632346266e-05,2.6316286632346267e-09,7.960676706284746e-08,1.684242344470161e-07,3.7895452750578624e-07,1.0526514652938507e-06,6.5790716580865665e-06,2.6316286632346266e-05
138,402784551438858139,proposed,True,True,923,-0.001733094457557823,-0.0017330946088133055,-0.001733094457557823,0.025829886186948956,555151,1.5151283152611837e-10,-5.2462627194809955e-15,-2.763203045981508e-08,0.0001319843120364178,0,4.4482748022890935e-05,0.0013456031276924507,0.00284689587346502,0.006405515715296295,0.017793099209156372,0.11120687005722733,0.44482748022890933,4.679530577384002e-09,1.4155579996586607e-07,2.9948995695257615e-07,6.738524031432963e-07,1.871812230953601e-06,1.1698826443460007e-05,4.679530577384003e-05,4.679530577384002e-09,1.4155579996586607e-07,2.9948995695257615e-07,6.738524031432963e-07,1.871812230953601e-06,1.1698826443460007e-05,4.679530577384003e-05
139,-8900663754632545598,proposed,True,True,1111,-0.0016925873079252018,-0.0016925874255177332,-0.0016925873079252018,0.025502526248053423,553104,1.1779174798538379e-10,-1.5648902532463974e-16,-3.12793059818021e-08,0.0002258392024304216,0,4.336428033095264e-05,0.0013117694800113173,0.002775313941180969,0.00624445636765718,0.017345712132381057,0.10841070082738159,0.43364280330952637,5.868748466001902e-09,1.7752964109655754e-07,3.755999018241217e-07,8.450997791042739e-07,2.3474993864007606e-06,1.4671871165004756e-05,5.868748466001902e-05,5.868748466001902e-09,1.7752964109655754e-07,3.755999018241217e-07,8.450997791042739e-07,2.3474993864007606e-06,1.4671871165004756e-05,5.868748466001902e-05
140,4548903162082067121,proposed,True,True,1308,-0.0017252855651854904,-0.001725285326826862,-0.0017252855651854904,0.02600000405147184,555222,-2.387716049823442e-10,-1.0291877897545073e-15,9.018116772720486e-09,0.00019136121440801595,0,4.5071248214086284e-05,0.0013634052584761101,0.002884559885701522,0.006490259742828425,0.018028499285634512,0.11267812053521571,0.45071248214086285,4.183201102088305e-09,1.2654183333817123e-07,2.677248705336515e-07,6.02380958700716e-07,1.673280440835322e-06,1.0458002755220762e-05,4.183201102088305e-05,4.183201102088305e-09,1.2654183333817123e-07,2.677248705336515e-07,6.02380958700716e-07,1.673280440835322e-06,1.0458002755220762e-05,4.183201102088305e-05
141,4641366874216406973,proposed,True,True,1096,-0.0016838621693597287,-0.0016838622224391183,-0.0016838621693597287,0.025316458131041185,553193,5.317054805967199e-11,1.6292938227379167e-15,-3.569268822899578e-08,0.00019018253714923024,0,4.273121266137674e-05,0.0012926191830066464,0.002734797610328111,0.00615329462323825,0.017092485064550696,0.10682803165344185,0.4273121266137674,8.590803332315878e-09,2.598718008025553e-07,5.498114132682162e-07,1.2370756798534864e-06,3.436321332926351e-06,2.1477008330789693e-05,8.590803332315877e-05,8.590803332315878e-09,2.598718008025553e-07,5.498114132682162e-07,1.2370756798534864e-06,3.436321332926351e-06,2.1477008330789693e-05,8.590803332315877e-05
142,6198170835570717217,proposed,True,True,2149,-0.001730906523579005,-0.0017309065437231923,-0.001730906523579005,0.026044507547708394,556142,2.0183373469952174e-11,4.258157427011892e-15,-1.2536492851534394e-09,0.00023424805186981064,0,4.522554647734169e-05,0.0013680727809395861,0.0028944349745498683,0.006512478692737204,0.018090218590936676,0.11306386619335423,0.45225546477341694,6.6333488881715605e-09,2.006588038671897e-07,4.245343288429799e-07,9.552022398967048e-07,2.6533395552686243e-06,1.65833722204289e-05,6.63334888817156e-05,6.6333488881715605e-09,2.006588038671897e-07,4.245343288429799e-07,9.552022398967048e-07,2.6533395552686243e-06,1.65833722204289e-05,6.63334888817156e-05
143,8171021383260206400,proposed,True,True,1613,-0.0016772381579633249,-0.001677238298896841,-0.0016772381579633249,0.025135696860083524,553972,1.4117261863830135e-10,2.3262460147101857e-15,1.5597835135074847e-09,0.00015828595604259658,0,4.212715608712115e-05,0.001274346471635415,0.0026961379895757537,0.006066310476545446,0.01685086243484846,0.10531789021780288,0.42127156087121154,4.261584947369578e-09,1.289129446579297e-07,2.7274143663165297e-07,6.136682324212192e-07,1.704633978947831e-06,1.0653962368423944e-05,4.2615849473695776e-05,4.261584947369578e-09,1.289129446579297e-07,2.7274143663165297e-07,6.136682324212192e-07,1.704633978947831e-06,1.0653962368423944e-05,4.2615849473695776e-05
144,-1630956529880007905,proposed,True,True,1297,-0.0016236892661807547,-0.0016236893525196168,-0.0016236892661807547,0.02445618746167863,552110,8.647623444840126e-11,-3.043051529463445e-15,4.5806742928353985e-09,0.00011128300279928019,0,3.987853629671177e-05,0.001206325722975531,0.0025522263229895534,0.005742509226726495,0.01595141451868471,0.09969634074177942,0.3987853629671177,3.524145265295335e-09,1.0660539427518389e-07,2.2554529697890143e-07,5.074769182025283e-07,1.4096581061181339e-06,8.810363163238338e-06,3.524145265295335e-05,3.524145265295335e-09,1.0660539427518389e-07,2.2554529697890143e-07,5.074769182025283e-07,1.4096581061181339e-06,8.810363163238338e-06,3.524145265295335e-05
145,-8661556660204741982,proposed,True,True,1066,-0.0015958877309065929,-0.0015958876459545783,-0.0015958877309065929,0.023942166175037055,550255,-8.508782675764252e-11,-2.1570304230394806e-17,-3.946868459956989e-08,0.00019416103991075456,0,3.822022415014474e-05,0.0011561617805418783,0.002446094345609263,0.005503712277620842,0.015288089660057895,0.09555056037536185,0.3822022415014474,4.169080520613554e-09,1.2611468574856e-07,2.6682115331926747e-07,6.003475949683518e-07,1.6676322082454217e-06,1.0422701301533885e-05,4.169080520613554e-05,4.572816013950621e-09,1.3832768442200628e-07,2.9266022489283974e-07,6.584855060088895e-07,1.8291264055802484e-06,1.1432040034876552e-05,4.572816013950621e-05
146,7367851333389146665,proposed,True,True,960,-0.001541778855171828,-0.0015417788914542211,-0.001541778855171828,0.023298269594536875,548503,3.6338249360747053e-11,-1.6958502303448166e-16,2.1113575806688715e-08,0.000234921737343255,0,3.6193401251575766e-05,0.001094850387860167,0.002316377680100849,0.00521184978022691,0.014477360500630306,0.09048350312893941,0.36193401251575763,7.463512719321156e-09,2.2577125975946496e-07,4.77664814036554e-07,1.0747458315822464e-06,2.9854050877284625e-06,1.865878179830289e-05,7.463512719321156e-05,7.463512719321156e-09,2.2577125975946496e-07,4.77664814036554e-07,1.0747458315822464e-06,2.9854050877284625e-06,1.865878179830289e-05,7.463512719321156e-05
147,-6117860496939524873,proposed,True,True,844,-0.0015365082574668322,-0.0015365083731387731,-0.0015365082574668322,0.022951328426105817,546568,1.158517363363273e-10,1.7908800871425667e-15,3.8608219465853865e-08,0.00016270187968701002,0,3.5121926671642515e-05,0.001062438281817186,0.002247803306985121,0.005057557440716522,0.014048770668657007,0.08780481667910629,0.35121926671642517,5.469287039626322e-09,1.6544593294869623e-07,3.500343705360846e-07,7.875773337061903e-07,2.187714815850529e-06,1.3673217599065805e-05,5.469287039626322e-05,5.469287039626322e-09,1.6544593294869623e-07,3.500343705360846e-07,7.875773337061903e-07,2.187714815850529e-06,1.3673217599065805e-05,5.469287039626322e-05
148,6879701643023291349,proposed,True,True,1029,-0.0014842446111181001,-0.001484244465891026,-0.0014842446111181001,0.022471720591523036,544574,-1.4544381425208356e-10,-8.674625974093484e-16,3.3449200589537394e-08,0.00013945450600090397,0,3.367118353203382e-05,0.001018553301844023,0.0021549557460501644,0.00484865042861287,0.013468473412813528,0.08417795883008455,0.3367118353203382,3.3621133097635063e-09,1.0170392762034607e-07,2.151752518248644e-07,4.841443166059449e-07,1.3448453239054026e-06,8.405283274408765e-06,3.362113309763506e-05,3.3621133097635063e-09,1.0170392762034607e-07,2.151752518248644e-07,4.841443166059449e-07,1.3448453239054026e-06,8.405283274408765e-06,3.362113309763506e-05
149,5158907012211574933,proposed,True,True,760,-0.0014648059377930945,-0.0014648058468707812,-0.0014648059377930945,0.022115655532181398,542871,-9.10563446228682e-11,-6.524854394863704e-16,3.394178870284337e-08,0.00019587041504732665,0,3.261497404325282e-05,0.0009866029648083977,0.0020873583387681803,0.004696556262228406,0.013045989617301126,0.08153743510813204,0.32614974043252815,5.339581223195737e-09,1.6152233200167106e-07,3.417331982845272e-07,7.688996961401862e-07,2.1358324892782948e-06,1.3348953057989343e-05,5.339581223195737e-05,5.339581223195737e-09,1.6152233200167106e-07,3.417331982845272e-07,7.688996961401862e-07,2.1358324892782948e-06,1.3348953057989343e-05,5.339581223195737e-05
150,-3382025032688172033,proposed,True,True,819,-0.0014308243953081853,-0.001430824574904587,-0.0014308243953081853,0.02162014364074245,541216,1.798528927131813e-10,-8.481691752055123e-16,2.3601268536399403e-08,0.00014699992819794343,0,3.116614069658876e-05,0.00094277575607181,0.0019946330045816805,0.004487924260308781,0.012466456278635503,0.07791535174147189,0.31166140696588757,3.6639079025422728e-09,1.1083321405190375e-07,2.3449010576270546e-07,5.276027379660873e-07,1.4655631610169092e-06,9.159769756355682e-06,3.663907902542273e-05,3.6639079025422728e-09,1.1083321405190375e-07,2.3449010576270546e-07,5.276027379660873e-07,1.4655631610169092e-06,9.159769756355682e-06,3.663907902542273e-05
151,-3514334480441128962,proposed,True,True,964,-0.0014288988175708759,-0.0014288988690066829,-0.0014288988175708759,0.02129121913450194,539960,5.1509517324635695e-11,1.0844804003434254e-16,-5.0319220074566345e-09,0.00026749346001857265,0,3.0223870645882468e-05,0.0009142720870379447,0.001934327721336478,0.004352237373007075,0.012089548258352987,0.07555967661470617,0.30223870645882467,1.0094675736572495e-08,3.0536394103131796e-07,6.460592471406397e-07,1.4536333060664392e-06,4.037870294628998e-06,2.5236689341431238e-05,0.00010094675736572495,1.0094675736572495e-08,3.0536394103131796e-07,6.460592471406397e-07,1.4536333060664392e-06,4.037870294628998e-06,2.5236689341431238e-05,0.00010094675736572495
152,-4736915277332792590,proposed,True,True,921,-0.0014268198944277723,-0.0014268201192485562,-0.0014268198944277723,0.02134765917498172,538506,2.251443312591457e-10,2.3099916466888285e-15,-2.5791595944585507e-08,0.00022740102554932455,0,3.0385086322278543e-05,0.000919148861248926,0.0019446455246258268,0.00437545243040811,0.012154034528911417,0.07596271580569636,0.30385086322278543,6.275965744264206e-09,1.898479637639922e-07,4.0166180763290916e-07,9.037390671740457e-07,2.510386297705682e-06,1.5689914360660515e-05,6.275965744264206e-05,6.275965744264206e-09,1.898479637639922e-07,4.0166180763290916e-07,9.037390671740457e-07,2.510386297705682e-06,1.5689914360660515e-05,6.275965744264206e-05
153,-8951667395334221029,proposed,True,True,1030,-0.0013979157673714832,-0.0013979156466772283,-0.0013979157673714832,0.020973882426305813,537026,-1.2086238194629018e-10,8.293552404387641e-16,-2.0073516631635466e-08,0.00017365305051853249,0,2.93331904697161e-05,0.000887329011708912,0.0018773241900618303,0.004223979427639118,0.01173327618788644,0.07333297617429024,0.293331904697161,4.799221318351005e-09,1.451764448801179e-07,3.071501643744643e-07,6.910878698425447e-07,1.9196885273404022e-06,1.1998053295877513e-05,4.7992213183510054e-05,4.799221318351005e-09,1.451764448801179e-07,3.071501643744643e-07,6.910878698425447e-07,1.9196885273404022e-06,1.1998053295877513e-05,4.7992213183510054e-05
154,-6459996376046776568,proposed,True,True,834,-0.0013422354783740134,-0.0013422355589014197,-0.0013422354783740134,0.02041769285810606,535776,8.06338485079358e-11,-1.789761517693264e-15,2.129281858196023e-08,0.00014218194093477027,0,2.7798506848301973e-05,0.0008409048321611347,0.0017791044382913263,0.004002984986155484,0.011119402739320789,0.06949626712075493,0.27798506848301974,3.3716586802624866e-09,1.0199267507794022e-07,2.1578615553679914e-07,4.855188499577981e-07,1.3486634721049946e-06,8.429146700656216e-06,3.371658680262486e-05,3.3716586802624866e-09,1.0199267507794022e-07,2.1578615553679914e-07,4.855188499577981e-07,1.3486634721049946e-06,8.429146700656216e-06,3.371658680262486e-05
155,6017801573356479305,proposed,True,True,815,-0.001378405452710528,-0.0013784054590559518,-0.001378405452710528,0.020826779737324056,537779,6.355453495801129e-12,1.2711252373713298e-15,-6.078307867273592e-09,0.00018687155240743964,0,2.892033982778731e-05,0.0008748402797905661,0.0018509017489783878,0.004164528935201373,0.011568135931114923,0.07230084956946828,0.2892033982778731,6.232186029611678e-09,1.8852362739575325e-07,3.9885990589514737e-07,8.974347882640815e-07,2.492874411844671e-06,1.5580465074029194e-05,6.232186029611678e-05,6.230287767954769e-09,1.8846620498063176e-07,3.9873841714910523e-07,8.971614385854868e-07,2.4921151071819076e-06,1.5575719419886923e-05,6.230287767954769e-05
156,-8703920638929076228,proposed,True,True,818,-0.0013585841486531242,-0.0013585840296277936,-0.0013585841486531242,0.020303935103549862,536242,-1.1918642242493307e-10,8.339994850071566e-16,2.5991977439281436e-08,0.0001446337850939169,0,2.7487252436552113e-05,0.0008314893862057015,0.0017591841559393352,0.003958164350863504,0.010994900974620846,0.06871813109138028,0.2748725243655211,3.586908403215723e-09,1.0850397919727562e-07,2.2956213780580626e-07,5.165148100630641e-07,1.434763361286289e-06,8.967271008039307e-06,3.586908403215723e-05,3.586908403215723e-09,1.0850397919727562e-07,2.2956213780580626e-07,5.165148100630641e-07,1.434763361286289e-06,8.967271008039307e-06,3.586908403215723e-05
157,-5477346001834174796,proposed,True,True,14337,-0.002690678149420998,-0.002690678079507429,-0.002690678149420998,0.03737396604806338,586920,-7.009533794693442e-11,6.853169553930912e-15,-1.7287106944831522e-08,0.00018066150294828204,0,9.367772163782761e-05,0.002833751079544285,0.005995374184820967,0.013489591915847176,0.037471088655131046,0.23419430409456904,0.9367772163782762,4.499241249154938e-09,1.3610204778693685e-07,2.87951439945916e-07,6.478907398783111e-07,1.799696499661975e-06,1.1248103122887345e-05,4.499241249154938e-05,4.499241249154938e-09,1.3610204778693685e-07,2.87951439945916e-07,6.478907398783111e-07,1.799696499661975e-06,1.1248103122887345e-05,4.499241249154938e-05
158,5772248185185181402,proposed,True,True,24292,-0.0026979364222738163,-0.002697936472291606,-0.0026979364222738163,0.03945335903652071,586066,5.0178572871264645e-11,2.5473198684280172e-14,1.3754698486211445e-09,0.0002207945635865338,0,0.00010383006011230233,0.0031408593183971456,0.006645123847187349,0.014951528656171536,0.04153202404492093,0.25957515028075584,1.0383006011230234,5.517747497083899e-09,1.6691186178678795e-07,3.531358398133695e-07,7.945556395800814e-07,2.2070989988335596e-06,1.3794368742709747e-05,5.517747497083899e-05,5.517747497083899e-09,1.6691186178678795e-07,3.531358398133695e-07,7.945556395800814e-07,2.2070989988335596e-06,1.3794368742709747e-05,5.517747497083899e-05
159,1097064344017385559,proposed,True,True,30971,-0.0026391443604012257,-0.002639144413713764,-0.0026391443604012257,0.03797934332339519,585186,5.344260424634789e-11,-1.100605340661199e-14,4.3858614355304605e-09,0.00011889936412688656,0,9.631455068028792e-05,0.0029135151580787096,0.006164131243538427,0.013869295297961461,0.038525820272115166,0.2407863767007198,0.9631455068028792,2.9551044441271997e-09,8.939190943484779e-08,1.8912668442414078e-07,4.2553503995431675e-07,1.18204177765088e-06,7.3877611103179994e-06,2.9551044441271998e-05,2.9551044441271997e-09,8.939190943484779e-08,1.8912668442414078e-07,4.2553503995431675e-07,1.18204177765088e-06,7.3877611103179994e-06,2.9551044441271998e-05
160,2417303751941528151,proposed,True,True,60356,-0.002613113195456939,-0.0026131131582798153,-0.002613113195456939,0.040165047679049014,584214,-3.7271629072676206e-11,2.8969862088583598e-15,-5.1705432031354523e-08,0.00020931861835998497,0,0.0001076206218859724,0.0032555238120506647,0.006887719800702233,0.015497369551580025,0.04304824875438896,0.269051554714931,1.076206218859724,7.722522581917062e-09,2.3360630810299112e-07,4.942414452426919e-07,1.1120432517960568e-06,3.0890090327668246e-06,1.9306306454792655e-05,7.722522581917062e-05,7.722522581917062e-09,2.3360630810299112e-07,4.942414452426919e-07,1.1120432517960568e-06,3.0890090327668246e-06,1.9306306454792655e-05,7.722522581917062e-05
161,-7184105777832072214,proposed,True,True,11899,-0.002587606963133558,-0.00258760699385348,-0.002587606963133558,0.03791001626505338,585242,3.0798602920600776e-11,-1.0169735834656568e-15,2.8276439037791002e-08,0.0001513729262418506,0,9.5868049525489e-05,0.002900008498146042,0.006135555169631296,0.013804999131670416,0.0383472198101956,0.2396701238137225,0.95868049525489,4.853141668360528e-09,1.4680753546790596e-07,3.106010667750738e-07,6.98852400243916e-07,1.9412566673442113e-06,1.213285417090132e-05,4.853141668360528e-05,4.853141668360528e-09,1.4680753546790596e-07,3.106010667750738e-07,6.98852400243916e-07,1.9412566673442113e-06,1.213285417090132e-05,4.853141668360528e-05
162,-1687024759190033225,proposed,True,True,13650,-0.0024908188509084597,-0.002490818811522872,-0.0024908188509084597,0.036686851893976434,584333,-3.947775495480112e-11,6.180248518058194e-15,2.228232501595705e-08,0.00016373604147139846,0,8.977126721708729e-05,0.0027155808333168903,0.0057453611018935865,0.01292706247926057,0.03590850688683492,0.22442816804271823,0.8977126721708729,3.3115700469792596e-09,1.001749939211226e-07,2.1194048300667262e-07,4.768660867650134e-07,1.3246280187917039e-06,8.27892511744815e-06,3.31157004697926e-05,3.3115700469792596e-09,1.001749939211226e-07,2.1194048300667262e-07,4.768660867650134e-07,1.3246280187917039e-06,8.27892511744815e-06,3.31157004697926e-05
163,-5617688168032174143,proposed,True,True,15742,-0.002449750883425788,-0.002449750894012433,-0.002449750883425788,0.036812691450516126,583232,1.0617800253371754e-11,5.156555523000618e-15,-1.5136937739941098e-08,0.00022460738030366433,0,9.035790351707702e-05,0.0027333265813915797,0.005782905825092929,0.013011538106459091,0.03614316140683081,0.22589475879269255,0.9035790351707702,4.1899256868334205e-09,1.2674525202671097e-07,2.681552439573389e-07,6.033492989040125e-07,1.6759702747333682e-06,1.0474814217083552e-05,4.1899256868334206e-05,4.1899256868334205e-09,1.2674525202671097e-07,2.681552439573389e-07,6.033492989040125e-07,1.6759702747333682e-06,1.0474814217083552e-05,4.1899256868334206e-05
164,7904179219467471799,proposed,True,True,28217,-0.002451466705581545,-0.002451466862754739,-0.002451466705581545,0.0376051918443153,581891,1.5756191073324407e-10,2.4649018376634606e-15,-2.1043041917606996e-08,0.00016967277190720937,0,9.435042735183043e-05,0.0028541004273928703,0.006038427350517147,0.013586461538663582,0.03774017094073217,0.23587606837957606,0.9435042735183042,4.9007260508451005e-09,1.482469630380643e-07,3.1364646725408643e-07,7.057045513216945e-07,1.9602904203380403e-06,1.2251815127112752e-05,4.9007260508451006e-05,4.9007260508451005e-09,1.482469630380643e-07,3.1364646725408643e-07,7.057045513216945e-07,1.9602904203380403e-06,1.2251815127112752e-05,4.9007260508451006e-05
165,5147047235502520025,proposed,True,True,32778,-0.0023975948661357467,-0.0023975949724896507,-0.0023975948661357467,0.036114700269762545,580562,1.0660908110292492e-10,-4.2930964004458266e-16,-2.6091008313089653e-08,0.00016730195284167694,0,8.695787059181992e-05,0.0026304755854025526,0.005565303717876475,0.012521933365222069,0.03478314823672797,0.2173946764795498,0.8695787059181992,4.058383744943949e-09,1.2276610828455447e-07,2.5973655967641275e-07,5.844072592719287e-07,1.6233534979775798e-06,1.0145959362359873e-05,4.0583837449439494e-05,4.059547677203117e-09,1.228013172353943e-07,2.5981105134099947e-07,5.845748655172488e-07,1.6238190708812467e-06,1.0148869193007793e-05,4.059547677203117e-05
166,2436085802918379483,proposed,True,True,85684,-0.00236880349412702,-0.002368803466845695,-0.00236880349412702,0.03532298726006614,579143,-2.7348658225208305e-11,-2.55555161581674e-15,2.4986236358138343e-08,0.000166637588348945,0,8.318574084363347e-05,0.0025163686605199124,0.005323887413992542,0.011978746681483219,0.033274296337453386,0.20796435210908368,0.8318574084363347,5.323662726499821e-09,1.610407974766196e-07,3.4071441449598857e-07,7.666074326159743e-07,2.1294650905999288e-06,1.3309156816249553e-05,5.323662726499821e-05,5.322847847253304e-09,1.6101614737941244e-07,3.4066226222421146e-07,7.664900900044758e-07,2.129139138901322e-06,1.330711961813326e-05,5.322847847253304e-05
167,7101195757876814350,proposed,True,True,23247,-0.0022959922733035197,-0.0022959921362502547,-0.0022959922733035197,0.03406529907286874,577488,-1.3737489283250263e-10,-6.2305019594279096e-15,2.7861657236900866e-08,0.0001454956672240842,0,7.737047311010335e-05,0.0023404568115806264,0.004951710279046615,0.011141348127854884,0.03094818924404134,0.1934261827752584,0.7737047311010335,5.166147625826777e-09,1.5627596568126e-07,3.3063344805291373e-07,7.439252581190559e-07,2.066459050330711e-06,1.2915369064566943e-05,5.1661476258267773e-05,5.164231958021349e-09,1.5621801673014582e-07,3.3051084531336636e-07,7.436494019550743e-07,2.0656927832085397e-06,1.2910579895053373e-05,5.1642319580213493e-05
168,8379991454556744001,proposed,True,True,5989,-0.002214299807025393,-0.002214299657935142,-0.002214299807025393,0.03348928854279828,575704,-1.4942599510415245e-10,-4.880844596133879e-15,7.940986401617529e-09,0.00011864231974366487,0,7.478228352117272e-05,0.0022621640765154746,0.004786066145355054,0.01076864882704887,0.029912913408469088,0.1869557088029318,0.7478228352117272,2.377146380523809e-09,7.190867801084522e-08,1.5213736835352378e-07,3.423090787954285e-07,9.508585522095236e-07,5.942865951309523e-06,2.3771463805238092e-05,2.3605664155497274e-09,7.140713407037925e-08,1.5107625059518255e-07,3.399215638391607e-07,9.442265662198909e-07,5.901416038874318e-06,2.3605664155497273e-05
169,301012290643506225,proposed,True,True,52463,-0.0022246967424383282,-0.002224696679292459,-0.0022246967424383282,0.0347773804493635,576513,-6.327508441292566e-11,1.1578775021525846e-14,-4.438060104690889e-08,0.00017648337027461987,0,8.079632682352231e-05,0.0024440888864115497,0.005170964916705428,0.011634671062587212,0.03231853072940893,0.20199081705880578,0.8079632682352231,5.742665848000726e-09,1.7371564190202197e-07,3.6753061427204646e-07,8.269438821121045e-07,2.2970663392002902e-06,1.4356664620001814e-05,5.742665848000726e-05,5.745241845537295e-09,1.7379356582750316e-07,3.676954781143869e-07,8.273148257573705e-07,2.298096738214918e-06,1.4363104613843238e-05,5.745241845537295e-05
170,-3586887046219042361,proposed,True,True,80744,-0.0021429463418813155,-0.002142946533375021,-0.0021429463418813155,0.037739222913692125,574838,1.918966524485585e-10,-8.294734592162212e-15,-3.3948952069125938e-09,0.00019338937199548905,0,9.660830867866883e-05,0.002922401337529732,0.006182931755434805,0.013911596449728312,0.03864332347146753,0.24152077169667208,0.9660830867866883,5.3738579669244115e-09,1.6255920349946345e-07,3.4392690988316234e-07,7.738355472371152e-07,2.1495431867697646e-06,1.3434644917311029e-05,5.3738579669244116e-05,5.374210454216898e-09,1.6256986624006118e-07,3.439494690698815e-07,7.738863054072333e-07,2.149684181686759e-06,1.3435526135542246e-05,5.3742104542168984e-05
171,4741900940837093014,proposed,True,True,23326,-0.0020987774763437652,-0.0020987777196328724,-0.0020987774763437652,0.031408443654759526,572913,2.4379494296413025e-10,-5.847812644896389e-15,-3.888686281197476e-08,0.00022957723252418674,0,6.577040921543514e-05,0.001989554878766913,0.004209306189787849,0.00947093892702266,0.026308163686174058,0.16442602303858786,0.6577040921543514,7.520426205981582e-09,2.2749289273094286e-07,4.813072771828212e-07,1.0829413736613477e-06,3.008170482392633e-06,1.8801065514953954e-05,7.520426205981582e-05,7.520426205981582e-09,2.2749289273094286e-07,4.813072771828212e-07,1.0829413736613477e-06,3.008170482392633e-06,1.8801065514953954e-05,7.520426205981582e-05
172,-6152001905146147359,proposed,True,True,4831,-0.0020456736797993653,-0.002045673791187411,-0.0020456736797993653,0.030863667252345083,570717,1.1161773549327599e-10,1.3589026055138555e-15,2.2306868543993193e-08,0.00014117707264613393,0,6.350797669047145e-05,0.0019211162948867613,0.004064510508190173,0.009145148643427888,0.02540319067618858,0.15876994172617862,0.6350797669047145,3.4961246536943925e-09,1.0575777077425537e-07,2.2375197783644112e-07,5.034419501319926e-07,1.398449861477757e-06,8.74031163423598e-06,3.496124653694392e-05,3.4794698522426655e-09,1.0525396303034064e-07,2.226860705435306e-07,5.010436587229438e-07,1.3917879408970662e-06,8.698674630606664e-06,3.4794698522426654e-05
173,-3794963383621590559,proposed,True,True,3385,-0.001987799377780456,-0.0019877993873646015,-0.001987799377780456,0.029973573083172507,568404,9.595416395318631e-12,-7.8185663069899e-15,2.400247432813682e-08,0.00016336586589237528,0,5.9899193477604784e-05,0.0018119506026975448,0.003833548382566706,0.008625483860775088,0.023959677391041913,0.14974798369401196,0.5989919347760478,5.4070600091528545e-09,1.6356356527687385e-07,3.460518405857827e-07,7.786166413180111e-07,2.1628240036611416e-06,1.3517650022882137e-05,5.407060009152855e-05,5.4070600091528545e-09,1.6356356527687385e-07,3.460518405857827e-07,7.786166413180111e-07,2.1628240036611416e-06,1.3517650022882137e-05,5.407060009152855e-05
174,4845319676883197567,proposed,True,True,2372,-0.00193651055394609,-0.0019365104251357634,-0.00193651055394609,0.029127161254948707,566073,-1.2905451993308606e-10,5.733058733725744e-15,2.420287543732749e-09,0.00013612079143166949,0,5.656126003349476e-05,0.0017109781160132165,0.0036199206421436646,0.008144821444823246,0.022624504013397904,0.1414031500837369,0.5656126003349476,3.087347305881986e-09,9.339225600293007e-08,1.975902275764471e-07,4.4457801204700595e-07,1.2349389223527943e-06,7.718368264704965e-06,3.087347305881986e-05,3.087347305881986e-09,9.339225600293007e-08,1.975902275764471e-07,4.4457801204700595e-07,1.2349389223527943e-06,7.718368264704965e-06,3.087347305881986e-05
175,7692725373477678985,proposed,True,True,1738,-0.001885840393451199,-0.0018858403115545278,-0.001885840393451199,0.028342448358571592,563858,-8.205091199250746e-11,4.951851025666254e-16,1.403855772482306e-09,0.00015999329335021197,0,5.3558575808637144e-05,0.0016201469182112736,0.0034277488517527772,0.007712434916443749,0.021423430323454857,0.13389643952159286,0.5355857580863714,3.804880849054739e-09,1.1509764568390585e-07,2.4351237433950327e-07,5.479028422638823e-07,1.5219523396218954e-06,9.512202122636846e-06,3.8048808490547384e-05,3.804880849054739e-09,1.1509764568390585e-07,2.4351237433950327e-07,5.479028422638823e-07,1.5219523396218954e-06,9.512202122636846e-06,3.8048808490547384e-05
176,4682520894050994598,proposed,True,True,1409,-0.0018431671941449021,-0.0018431672956046921,-0.0018431671941449021,0.027603466255528702,561617,1.0164392778746221e-10,-3.214911025726917e-15,-4.231924352240838e-08,0.00015453604435113264,0,5.080253124447533e-05,0.0015367765701453787,0.003251361999646421,0.007315564499204448,0.02032101249779013,0.12700632811118834,0.5080253124447534,2.689203987704175e-09,8.134842062805129e-08,1.721090552130672e-07,3.872453742294012e-07,1.07568159508167e-06,6.723009969260438e-06,2.6892039877041752e-05,2.689203987704175e-09,8.134842062805129e-08,1.721090552130672e-07,3.872453742294012e-07,1.07568159508167e-06,6.723009969260438e-06,2.6892039877041752e-05
177,5308969469030678964,proposed,True,True,1281,-0.0017894054079065215,-0.001789405299593036,-0.0017894054079065215,0.026935252520270053,559241,-1.0850850005122416e-10,-8.504125873024781e-16,3.497987039640754e-08,0.0001852329070865414,0,4.836937190367956e-05,0.0014631735000863067,0.003095639801835492,0.006965189554129857,0.019347748761471825,0.12092342975919891,0.48369371903679564,4.980486099771571e-09,1.5065970451809002e-07,3.1875111038538053e-07,7.171899983671062e-07,1.9921944399086283e-06,1.2451215249428927e-05,4.980486099771571e-05,4.900438913558936e-09,1.4823827713515782e-07,3.136280904677719e-07,7.056632035524869e-07,1.9601755654235746e-06,1.2251097283897342e-05,4.9004389135589366e-05
178,1986351639798451212,proposed,True,True,1083,-0.0017629477888994527,-0.0017629477394514425,-0.0017629477888994527,0.026433334884308032,557044,-4.9535856228992264e-11,-5.178521933017419e-16,-3.257011832498011e-08,6.944635291559274e-05,0,4.6586491388402995e-05,0.0014092413644991907,0.0029815354488577916,0.006708454759930031,0.018634596555361198,0.11646622847100749,0.46586491388402995,1.144753508173073e-09,3.4628793622235454e-08,7.326422452307667e-08,1.648445051769225e-07,4.5790140326922916e-07,2.861883770432682e-06,1.1447535081730728e-05,1.144753508173073e-09,3.4628793622235454e-08,7.326422452307667e-08,1.648445051769225e-07,4.5790140326922916e-07,2.861883770432682e-06,1.1447535081730728e-05
179,4848993322037226088,proposed,True,True,969,-0.001720327641078295,-0.0017203275264435084,-0.001720327641078295,0.02570251398865219,554590,-1.1482950311183511e-10,2.832639810832896e-15,-4.12296390596336e-08,0.0002039642496863362,0,4.405010565199277e-05,0.0013325156959727812,0.0028192067617275373,0.006343215213886959,0.01762004226079711,0.11012526412998193,0.4405010565199277,4.368313561585292e-09,1.321414852379551e-07,2.795720679414587e-07,6.290371528682821e-07,1.7473254246341167e-06,1.092078390396323e-05,4.368313561585292e-05,4.368313561585292e-09,1.321414852379551e-07,2.795720679414587e-07,6.290371528682821e-07,1.7473254246341167e-06,1.092078390396323e-05,4.368313561585292e-05
180,-7424029239143568537,proposed,True,True,1735,-0.001760854323303435,-0.0017608542440083453,-0.001760854323303435,0.026519487509514186,557645,-7.944029489241373e-11,-5.331624574274903e-15,-2.3079514203923823e-08,9.905409082222221e-05,0,4.6894143559507085e-05,0.0014185478426750892,0.0030012251878084534,0.00675275667256902,0.018757657423802834,0.11723535889876771,0.46894143559507084,2.968148412876927e-09,8.978648948952703e-08,1.8996149842412332e-07,4.2741337145427747e-07,1.1872593651507707e-06,7.420371032192317e-06,2.968148412876927e-05,2.9593918781985307e-09,8.952160431550555e-08,1.8940108020470596e-07,4.261524304605884e-07,1.1837567512794122e-06,7.398479695496327e-06,2.9593918781985307e-05
181,1360093079000996977,proposed,True,True,1394,-0.001731679415600292,-0.0017316796529706121,-0.001731679415600292,0.025862498423871987,555244,2.377864594106595e-10,4.3769586792860275e-15,-1.988683801558032e-10,0.0001560147766487008,0,4.459824469442297e-05,0.001349096902006295,0.00285428766044307,0.006422147235996907,0.017839297877769188,0.11149561173605743,0.4459824469442297,4.1110853811689566e-09,1.2436033278036094e-07,2.631094643948132e-07,5.919962948883297e-07,1.6444341524675826e-06,1.0277713452922392e-05,4.111085381168957e-05,4.1110853811689566e-09,1.2436033278036094e-07,2.631094643948132e-07,5.919962948883297e-07,1.6444341524675826e-06,1.0277713452922392e-05,4.111085381168957e-05
182,-6744844498101754097,proposed,True,True,1149,-0.0016712065510271184,-0.0016712065513705726,-0.0016712065510271184,0.0250416735933688,552991,3.4230389358938766e-13,-1.7252449293899842e-15,-4.105493020633371e-08,0.00021890936221659522,0,4.180978071675488e-05,0.001264745866681835,0.0026758259658723124,0.006020608423212703,0.016723912286701954,0.1045244517918872,0.4180978071675488,5.046790829754463e-09,1.5266542260007252e-07,3.2299461310428565e-07,7.267378794846428e-07,2.0187163319017855e-06,1.2616977074386159e-05,5.0467908297544636e-05,5.046790829754463e-09,1.5266542260007252e-07,3.2299461310428565e-07,7.267378794846428e-07,2.0187163319017855e-06,1.2616977074386159e-05,5.0467908297544636e-05
183,292507041026089918,proposed,True,True,1883,-0.0016994394414437516,-0.0016994394385577327,-0.0016994394414437516,0.025206789394611386,554728,-2.887465708718415e-12,3.466211899104513e-15,2.097961509704729e-08,0.00011289614118242369,0,4.236581367883947e-05,0.0012815658637848938,0.002711412075445726,0.006100677169752883,0.016946325471535788,0.10591453419709866,0.42365813678839465,2.7466344789893496e-09,8.308569298942783e-08,1.7578460665531838e-07,3.9551536497446636e-07,1.0986537915957398e-06,6.866586197473374e-06,2.7466344789893496e-05,2.7466344789893496e-09,8.308569298942783e-08,1.7578460665531838e-07,3.9551536497446636e-07,1.0986537915957398e-06,6.866586197473374e-06,2.7466344789893496e-05
184,-494362738084964459,proposed,True,True,1486,-0.0016344256249057455,-0.0016344255479021597,-0.0016344256249057455,0.0246182147540904,552722,-7.712782691683871e-11,1.821635851461474e-15,-3.610924239555846e-08,0.00014935077641324443,0,4.040633646726643e-05,0.0012222916781348095,0.0025860055339050514,0.0058185124512863656,0.01616253458690657,0.10101584116816607,0.4040633646726643,3.276632390756614e-09,9.911812982038757e-08,2.097044730084233e-07,4.718350642689524e-07,1.3106529563026455e-06,8.191580976891534e-06,3.276632390756614e-05,3.276632390756614e-09,9.911812982038757e-08,2.097044730084233e-07,4.718350642689524e-07,1.3106529563026455e-06,8.191580976891534e-06,3.276632390756614e-05
185,4286203821752860447,proposed,True,True,1216,-0.001603952783973877,-0.0016039526037476784,-0.001603952783973877,0.02406032457228536,550909,-1.8051771394429492e-10,-1.976645429513889e-15,2.7854740191412175e-08,0.000221582948619198,0,3.8600482191079325e-05,0.0011676645862801495,0.002470430860229077,0.005558469435515423,0.01544019287643173,0.09650120547769832,0.38600482191079327,6.79196211156693e-09,2.0545685387489962e-07,4.346855751402835e-07,9.780425440656378e-07,2.716784844626772e-06,1.6979905278917325e-05,6.79196211156693e-05,7.127597297386202e-09,2.156098182459326e-07,4.561662270327169e-07,1.0263740108236131e-06,2.8510389189544806e-06,1.7818993243465503e-05,7.127597297386201e-05
186,9059421408528824695,proposed,True,True,979,-0.001544905852186611,-0.0015449061951548126,-0.001544905852186611,0.023294184295646857,548633,3.43497234198512e-10,-1.641051001044311e-15,-1.2419761252021178e-08,0.0001783941272838518,0,3.618134657316673e-05,0.0010944857338382936,0.0023156061806826706,0.005210113906536009,0.014472538629266691,0.09045336643291682,0.3618134657316673,3.3666419149640088e-09,1.0184091792766127e-07,2.1546508255769656e-07,4.847964357548173e-07,1.3466567659856034e-06,8.416604787410021e-06,3.3666419149640085e-05,3.3666419149640088e-09,1.0184091792766127e-07,2.1546508255769656e-07,4.847964357548173e-07,1.3466567659856034e-06,8.416604787410021e-06,3.3666419149640085e-05
187,-911277498008083086,proposed,True,True,885,-0.0015455404495354477,-0.001545540358097282,-0.0015455404495354477,0.02291987600370987,546643,-9.157982331198152e-11,-1.1748341169626151e-16,2.938698113246084e-08,0.00013856277322269703,0,3.5027831719299825e-05,0.0010595919095088197,0.002241781230035189,0.005044007767579175,0.01401113268771993,0.08756957929824956,0.35027831719299823,4.1583763593820926e-09,1.257908848713083e-07,2.661360870004539e-07,5.988061957510214e-07,1.663350543752837e-06,1.0395940898455231e-05,4.1583763593820923e-05,4.1583763593820926e-09,1.257908848713083e-07,2.661360870004539e-07,5.988061957510214e-07,1.663350543752837e-06,1.0395940898455231e-05,4.1583763593820923e-05
188,7989398146552021048,proposed,True,True,801,-0.0014793474698054341,-0.0014793474679447014,-0.0014793474698054341,0.022431694102832214,544652,-1.8620586426042903e-12,1.430881697938255e-15,3.914271834855228e-08,0.00021022131404787456,0,3.355121053978443e-05,0.001014924118828479,0.0021472774745462035,0.004831374317728958,0.013420484215913771,0.08387802634946108,0.3355121053978443,5.5887788182931665e-09,1.6906055925336828e-07,3.5768184437076266e-07,8.04784149834216e-07,2.235511527317267e-06,1.3971947045732916e-05,5.5887788182931664e-05,6.617589237684668e-09,2.001820744399612e-07,4.2352571121181873e-07,9.529328502265922e-07,2.647035695073867e-06,1.654397309421167e-05,6.617589237684668e-05
189,7965867826821170939,proposed,True,True,817,-0.001472104593948226,-0.001472104559264894,-0.001472104593948226,0.02192359693150895,542714,-3.473031235967034e-11,4.152282919433415e-15,-1.126555326874113e-08,0.0001316814593911031,0,3.2051847670317574e-05,0.0009695683920271066,0.0020513182509003247,0.004615466064525731,0.01282073906812703,0.08012961917579393,0.32051847670317574,3.754376106921174e-09,1.1356987723436551e-07,2.4028007084295514e-07,5.406301593966491e-07,1.5017504427684696e-06,9.385940267302934e-06,3.754376106921174e-05,3.754376106921174e-09,1.1356987723436551e-07,2.4028007084295514e-07,5.406301593966491e-07,1.5017504427684696e-06,9.385940267302934e-06,3.754376106921174e-05
190,438580773431127471,proposed,True,True,765,-0.0014293029628675896,-0.0014293030067195338,-0.0014293029628675896,0.02142064243877317,541039,4.391501760338942e-11,3.059370732404509e-16,3.005650256635301e-08,0.0002290519913185639,0,3.059440134609803e-05,0.0009254806407194654,0.001958041686150274,0.004405593793838116,0.012237760538439212,0.07648600336524508,0.3059440134609803,5.867519084559165e-09,1.7749245230791472e-07,3.7552122141178655e-07,8.449227481765197e-07,2.347007633823666e-06,1.4668797711397911e-05,5.8675190845591646e-05,5.867519084559165e-09,1.7749245230791472e-07,3.7552122141178655e-07,8.449227481765197e-07,2.347007633823666e-06,1.4668797711397911e-05,5.8675190845591646e-05
191,-6778631209492961865,proposed,True,True,839,-0.0014304227185100759,-0.0014304227749160452,-0.0014304227185100759,0.0213466645335929,539599,5.6486567161776125e-11,-2.0215740744278157e-16,2.317435757708999e-08,0.00012733310598678715,0,3.038739415709779e-05,0.0009192186732522082,0.0019447932260542586,0.004375784758622082,0.012154957662839116,0.07596848539274448,0.3038739415709779,2.494105180080662e-09,7.544668169744003e-08,1.5962273152516236e-07,3.5915114593161534e-07,9.976420720322647e-07,6.235262950201655e-06,2.494105180080662e-05,2.494105180080662e-09,7.544668169744003e-08,1.5962273152516236e-07,3.5915114593161534e-07,9.976420720322647e-07,6.235262950201655e-06,2.494105180080662e-05
192,4595997005430850794,proposed,True,True,831,-0.0014180044646551577,-0.0014180044864896587,-0.0014180044646551577,0.021238758657048284,538144,2.1866083945113367e-11,5.775459544992505e-16,-3.4051615082786306e-08,0.00025451324750364843,0,3.0074825168545113e-05,0.0009097634613484896,0.0019247888107868873,0.004330774824270496,0.012029930067418045,0.07518706292136278,0.3007482516854511,6.9923030530010945e-09,2.1151716735328312e-07,4.4750739539207005e-07,1.0068916396321575e-06,2.7969212212004377e-06,1.7480757632502737e-05,6.992303053001095e-05,6.9923030530010945e-09,2.1151716735328312e-07,4.4750739539207005e-07,1.0068916396321575e-06,2.7969212212004377e-06,1.7480757632502737e-05,6.992303053001095e-05
193,5135890857233452995,proposed,True,True,848,-0.00134932727680623,-0.001349327408901282,-0.00134932727680623,0.020543985964009467,536557,1.3227281567968302e-10,-7.166529783000412e-16,-1.679024178391513e-08,0.00016612005598826084,0,2.814321847631283e-05,0.0008513323589084632,0.0018011659824840212,0.004052623460589048,0.011257287390525133,0.07035804619078208,0.2814321847631283,4.939691726198232e-09,1.4942567471749653e-07,3.1614027047668685e-07,7.113156085725454e-07,1.9758766904792927e-06,1.234922931549558e-05,4.939691726198232e-05,4.939691726198232e-09,1.4942567471749653e-07,3.1614027047668685e-07,7.113156085725454e-07,1.9758766904792927e-06,1.234922931549558e-05,4.939691726198232e-05
194,7362945564587470163,proposed,True,True,879,-0.0013388647142374651,-0.0013388646088292086,-0.0013388647142374651,0.020121428966874345,535093,-1.055469427198737e-10,2.6303776839414417e-15,6.231373260834475e-10,0.0002046712752577017,0,2.6994627470216864e-05,0.0008165874809740602,0.0017276561580938793,0.0038872263557112284,0.010797850988086746,0.06748656867554216,0.26994627470216864,5.081606422728321e-09,1.537185942875317e-07,3.2522281105461253e-07,7.317513248728782e-07,2.0326425690913283e-06,1.2704016056820803e-05,5.081606422728321e-05,5.081606422728321e-09,1.537185942875317e-07,3.2522281105461253e-07,7.317513248728782e-07,2.0326425690913283e-06,1.2704016056820803e-05,5.081606422728321e-05
195,-8545056939643700494,proposed,True,True,890,-0.0013278872753851518,-0.0013278873415778368,-0.0013278872753851518,0.020091391603313292,533733,6.627631598692046e-11,-4.38222844491412e-15,-1.2532315153401618e-08,0.00011998701813434165,0,2.691594838288037e-05,0.0008142074385821312,0.0017226206965043436,0.003875896567134773,0.010766379353152148,0.06728987095720092,0.26915948382880367,3.2665942986257975e-09,9.881447753343038e-08,2.0906203511205104e-07,4.7038957900211486e-07,1.306637719450319e-06,8.166485746564494e-06,3.2665942986257974e-05,3.2665942986257975e-09,9.881447753343038e-08,2.0906203511205104e-07,4.7038957900211486e-07,1.306637719450319e-06,8.166485746564494e-06,3.2665942986257974e-05
196,-6565366494966343500,proposed,True,True,887,-0.0013304294215441207,-0.0013304294293212616,-0.0013304294215441207,0.019839434905972245,532557,7.789137829285315e-12,1.636259919601151e-15,-2.374433763809174e-08,0.00017243304935466794,0,2.6243290576194907e-05,0.000793859539929896,0.001679570596876474,0.0037790338429720665,0.010497316230477963,0.06560822644048726,0.26243290576194905,3.4974389824501415e-09,1.0579752921911679e-07,2.2383609487680906e-07,5.036312134728203e-07,1.3989755929800566e-06,8.743597456125354e-06,3.4974389824501415e-05,3.4974389824501415e-09,1.0579752921911679e-07,2.2383609487680906e-07,5.036312134728203e-07,1.3989755929800566e-06,8.743597456125354e-06,3.4974389824501415e-05
197,9134522288443198981,proposed,True,True,879,-0.0012961772249543875,-0.001296177277643495,-0.0012961772249543875,0.019408508793866117,531384,5.275777173587842e-11,2.8121463039279967e-16,2.6910584147521052e-09,0.00017030983505007485,0,2.511908515316928e-05,0.0007598523258833707,0.001607621449802834,0.0036171482620563763,0.010047634061267713,0.0627977128829232,0.2511908515316928,5.136139398173751e-09,1.5536821679475596e-07,3.2871292148312006e-07,7.396040733370202e-07,2.0544557592695e-06,1.2840348495434378e-05,5.136139398173751e-05,5.136139398173751e-09,1.5536821679475596e-07,3.2871292148312006e-07,7.396040733370202e-07,2.0544557592695e-06,1.2840348495434378e-05,5.136139398173751e-05
198,-5877009095202497638,proposed,True,True,877,-0.0012989667623101787,-0.0012989668715473685,-0.0012989667623101787,0.019459923535602858,532814,1.0937908516053399e-10,-1.848165085101785e-16,-1.189666061034138e-08,0.00011237129643009373,0,2.5247635603881177e-05,0.0007637409770174056,0.0016158486786483953,0.0036356595269588896,0.01009905424155247,0.06311908900970294,0.25247635603881174,2.647080150175579e-09,8.007417454281126e-08,1.6941312961123705e-07,3.811795416252834e-07,1.0588320600702315e-06,6.617700375438947e-06,2.647080150175579e-05,2.647080150175579e-09,8.007417454281126e-08,1.6941312961123705e-07,3.811795416252834e-07,1.0588320600702315e-06,6.617700375438947e-06,2.647080150175579e-05
199,8368821859516626255,proposed,True,True,900,-0.0012973286559309599,-0.001297328613087995,-0.0012973286559309599,0.019597916693880873,534794,-4.289951632441004e-11,-8.979573879555391e-16,8.125863063594331e-09,9.54274743237172e-05,0,2.5614197943470723e-05,0.0007748294877899894,0.0016393086683821262,0.003688444503859784,0.010245679177388289,0.06403549485867681,0.25614197943470723,1.4195260044603757e-09,4.294066163492636e-08,9.084966428546405e-08,2.0441174464229411e-07,5.678104017841503e-07,3.5488150111509393e-06,1.4195260044603757e-05,1.4195260044603757e-09,4.294066163492636e-08,9.084966428546405e-08,2.0441174464229411e-07,5.678104017841503e-07,3.5488150111509393e-06,1.4195260044603757e-05
200,4284899759948700515,proposed,True,True,949,-0.001314592189522883,-0.0013145920817607163,-0.001314592189522883,0.019496718928172226,533527,-1.0790540686639747e-10,-1.3904647109891084e-15,1.0470151042406753e-08,0.00016937494956823987,0,2.534564380668309e-05,0.0007667057251521635,0.0016221212036277178,0.003649772708162365,0.010138257522673236,0.06336410951670772,0.2534564380668309,5.046652856675625e-09,1.5266124891443768e-07,3.2298578282724e-07,7.2671801136129e-07,2.01866114267025e-06,1.2616632141689064e-05,5.0466528566756256e-05,5.046652856675625e-09,1.5266124891443768e-07,3.2298578282724e-07,7.2671801136129e-07,2.01866114267025e-06,1.2616632141689064e-05,5.0466528566756256e-05
201,3373050437647271225,proposed,True,True,808,-0.0012774502115914987,-0.0012774501816517638,-0.0012774502115914987,0.01918593465043725,532335,-2.99784188569486e-11,-3.8861306691819576e-16,1.5066925905646414e-08,0.00019104170486613023,0,2.4546168141785097e-05,0.0007425215862889992,0.0015709547610742462,0.003534648212417054,0.009818467256714038,0.06136542035446274,0.24546168141785096,3.878446604165753e-09,1.1732300977601403e-07,2.482205826666082e-07,5.584963109998684e-07,1.5513786416663011e-06,9.696116510414382e-06,3.878446604165753e-05,3.878446604165753e-09,1.1732300977601403e-07,2.482205826666082e-07,5.584963109998684e-07,1.5513786416663011e-06,9.696116510414382e-06,3.878446604165753e-05
202,-8495990311239672876,proposed,True,True,859,-0.0012817571082480326,-0.0012817570307971703,-0.0012817571082480326,0.019090771276186365,531253,-7.755393232824646e-11,-3.669306694631308e-15,6.887870586696617e-09,0.00010159375486843442,0,2.4300759888240308e-05,0.0007350979866192693,0.0015552486328473797,0.003499309423906604,0.009720303955296123,0.06075189972060077,0.2430075988824031,3.093960192609611e-09,9.359229582644074e-08,1.980134523270151e-07,4.4553026773578397e-07,1.2375840770438445e-06,7.734900481524027e-06,3.093960192609611e-05,3.093960192609611e-09,9.359229582644074e-08,1.980134523270151e-07,4.4553026773578397e-07,1.2375840770438445e-06,7.734900481524027e-06,3.093960192609611e-05
203,3028182655278719879,proposed,True,True,853,-0.0012696583054382367,-0.001269658209866337,-0.0012696583054382367,0.01898467560175212,530275,-9.569324209690094e-11,1.5542053178687008e-16,2.9059280434304605e-08,0.000161757584188582,0,2.4035172934269196e-05,0.0007270639812616431,0.0015382510677932285,0.003461064902534764,0.009614069173707678,0.060087932335672986,0.24035172934269194,2.8188436278031394e-09,8.527001974104497e-08,1.8040599217940092e-07,4.0591348240365206e-07,1.1275374511212557e-06,7.047109069507848e-06,2.8188436278031393e-05,2.8188436278031394e-09,8.527001974104497e-08,1.8040599217940092e-07,4.0591348240365206e-07,1.1275374511212557e-06,7.047109069507848e-06,2.8188436278031393e-05
204,-2873349777082751080,proposed,True,True,814,-0.0012255799995260176,-0.001225580193692619,-0.0012255799995260176,0.01835832175162669,529154,1.9440541993734169e-10,5.597707620858024e-16,-2.7016170053519902e-08,0.00012063988417835851,0,2.2473786924608924e-05,0.00067983205446942,0.0014383223631749711,0.003236225317143685,0.00898951476984357,0.05618446731152231,0.22473786924608924,4.413167607758761e-09,1.334983201347025e-07,2.824427268965607e-07,6.354961355172616e-07,1.7652670431035043e-06,1.1032919019396901e-05,4.4131676077587605e-05,4.413167607758761e-09,1.334983201347025e-07,2.824427268965607e-07,6.354961355172616e-07,1.7652670431035043e-06,1.1032919019396901e-05,4.4131676077587605e-05
205,6132911144482525106,proposed,True,True,879,-0.0011894447851908728,-0.0011894446922294873,-0.0011894447851908728,0.017850804138742758,528180,-9.307140956055784e-11,6.800356001238733e-16,1.6393662864248722e-08,0.00010294829641372129,0,2.1247459712441476e-05,0.0006427356563013547,0.0013598374215962545,0.0030596341985915723,0.00849898388497659,0.05311864928110369,0.21247459712441477,2.3814413392957924e-09,7.203860051369772e-08,1.524122457149307e-07,3.4292755285859413e-07,9.52576535718317e-07,5.953603348239481e-06,2.3814413392957923e-05,2.3814413392957924e-09,7.203860051369772e-08,1.524122457149307e-07,3.4292755285859413e-07,9.52576535718317e-07,5.953603348239481e-06,2.3814413392957923e-05
206,2381010480040999267,proposed,True,True,1064,-0.0011541126877664093,-0.001154112781298979,-0.0011541126877664093,0.01745720324413771,527056,9.363709241657357e-11,-3.5490489053585063e-15,-9.07326196791091e-09,0.00015381042258998947,0,2.032513840474053e-05,0.0006148354367434011,0.001300808857903394,0.0029268199302826367,0.008130055361896213,0.05081284601185133,0.2032513840474053,4.318806624648198e-09,1.30643900395608e-07,2.764036239774847e-07,6.219081539493405e-07,1.7275226498592792e-06,1.0797016561620495e-05,4.318806624648198e-05,4.318806624648198e-09,1.30643900395608e-07,2.764036239774847e-07,6.219081539493405e-07,1.7275226498592792e-06,1.0797016561620495e-05,4.318806624648198e-05
207,-1731295501536661983,proposed,True,True,15849,-0.0024969940546810984,-0.0024969941011702035,-0.0024969940546810984,0.03671852060313892,584062,4.660941850906778e-11,3.939821686508764e-15,-4.5733091446342545e-08,7.793129555882838e-05,0,8.99244756758228e-05,0.0027202153891936398,0.005755166443252659,0.012949124497318484,0.03596979027032912,0.224811189189557,0.899244756758228,1.7705192547121882e-09,5.3558207455043694e-08,1.1331323230158004e-07,2.549547726785551e-07,7.082077018848752e-07,4.426298136780471e-06,1.7705192547121883e-05,1.7705192547121882e-09,5.3558207455043694e-08,1.1331323230158004e-07,2.549547726785551e-07,7.082077018848752e-07,4.426298136780471e-06,1.7705192547121883e-05
208,-5053559244105775875,proposed,True,True,28362,-0.0024726739001146216,-0.0024726738545233487,-0.0024726739001146216,0.03846052541872264,582834,-4.5701031942339426e-11,3.2524211038199677e-15,-2.8025257122658865e-08,0.00014823351961157371,0,9.873449754971815e-05,0.002986718550878974,0.0063190078431819615,0.014217767647159414,0.03949379901988726,0.24683624387429537,0.9873449754971815,4.118056587065509e-09,1.2457121175873165e-07,2.635556215721926e-07,5.930001485374333e-07,1.6472226348262036e-06,1.0295141467663773e-05,4.118056587065509e-05,4.118056587065509e-09,1.2457121175873165e-07,2.635556215721926e-07,5.930001485374333e-07,1.6472226348262036e-06,1.0295141467663773e-05,4.118056587065509e-05
209,4127491483248866129,proposed,True,True,45905,-0.0024296967155664558,-0.002429696807060555,-0.0024296967155664558,0.03710315192027796,581239,9.171998392806929e-11,3.0405477883993776e-15,1.494999411410485e-08,0.00011316677681752951,0,9.181111816539776e-05,0.0027772863245032822,0.005875911562585457,0.013220801015817277,0.0367244472661591,0.2295277954134944,0.9181111816539776,2.54698420042153e-09,7.704627206275128e-08,1.6300698882697791e-07,3.667657248607003e-07,1.018793680168612e-06,6.367460501053825e-06,2.54698420042153e-05,2.2882048761123544e-09,6.921819750239872e-08,1.4644511207119068e-07,3.2950150216017904e-07,9.152819504449418e-07,5.7205121902808855e-06,2.2882048761123542e-05
210,2624850498654300649,proposed,True,True,451821,-0.0023948910633173844,-0.0023948910907011216,-0.0023948910633173844,0.03652429504639976,579697,2.745643141611908e-11,6.955927507113535e-15,-4.4035074198892376e-08,0.00017944957200303284,0,8.897492161418872e-05,0.0026914913788292087,0.005694394983308078,0.012812388712443177,0.03558996864567549,0.22243730403547182,0.8897492161418873,3.945524449778287e-09,1.1935211460579316e-07,2.5251356478581035e-07,5.681555207680733e-07,1.5782097799113147e-06,9.863811124445717e-06,3.945524449778287e-05,3.94850123587382e-09,1.1944216238518304e-07,2.527040790959245e-07,5.685841779658301e-07,1.5794004943495279e-06,9.87125308968455e-06,3.94850123587382e-05
211,-2027716730589444835,proposed,True,True,10725,-0.0022976180583174355,-0.0022976181412621226,-0.0022976180583174355,0.03452627949353464,577948,8.313702302964957e-11,1.3214640636265658e-15,-3.4108673754789136e-08,7.532610224277985e-05,0,7.947300691500122e-05,0.002404058459178787,0.005086272442560078,0.011444112995760175,0.03178920276600049,0.19868251728750305,0.7947300691500122,1.4821449533775833e-09,4.4834884839671894e-08,9.485727701616533e-08,2.13428873286372e-07,5.928579813510333e-07,3.705362383443958e-06,1.4821449533775832e-05,1.4874437260731925e-09,4.499517271371407e-08,9.519639846868432e-08,2.1419189655453972e-07,5.94977490429277e-07,3.7186093151829814e-06,1.4874437260731926e-05
212,558745826743862378,proposed,True,True,30390,-0.002312233278176427,-0.00231223344129937,-0.002312233278176427,0.0351068041439139,578378,1.635032724163517e-10,2.2773858981215136e-15,3.2050827578374877e-08,0.0001977355711819662,0,8.217651997300853e-05,0.002485839729183508,0.005259297278272546,0.011833418876113229,0.03287060798920341,0.20544129993252133,0.8217651997300853,4.551636805564382e-09,1.3768701336832256e-07,2.9130475555612045e-07,6.55435700001271e-07,1.8206547222257528e-06,1.1379092013910955e-05,4.551636805564382e-05,4.550223416392671e-09,1.376442583458783e-07,2.9121429864913095e-07,6.552321719605447e-07,1.8200893665570685e-06,1.1375558540981678e-05,4.550223416392671e-05
213,3012439509419244002,proposed,True,True,70727,-0.0022156325334644145,-0.0022156325156038764,-0.0022156325334644145,0.03729820781402751,576377,-1.7902936292060568e-11,-2.7379322504261398e-15,6.430036481698095e-09,0.00013060547106293462,0,9.37586986768938e-05,0.0028362006349760376,0.006000556715321203,0.013501252609472707,0.03750347947075752,0.2343967466922345,0.937586986768938,3.5191230304162094e-09,1.0645347167009033e-07,2.252238739466374e-07,5.067537163799342e-07,1.4076492121664838e-06,8.797807576040524e-06,3.5191230304162096e-05,3.51687807093461e-09,1.0638556164577196e-07,2.2508019653981505e-07,5.064304422145839e-07,1.406751228373844e-06,8.792195177336525e-06,3.51687807093461e-05
214,2773674355113755704,proposed,True,True,9722,-0.0021298465886358353,-0.002129846568065623,-0.0021298465886358353,0.03227430760669518,574469,-2.0614737582679715e-11,-6.206268158383634e-16,6.205582603801488e-09,0.00012168660987294356,0,6.94501840734181e-05,0.0021008680682208973,0.004444811780698758,0.010000826506572205,0.027780073629367238,0.17362546018354524,0.694501840734181,2.3496722824183767e-09,7.10775865431559e-08,1.503790260747761e-07,3.3835280866824624e-07,9.398689129673507e-07,5.874180706045942e-06,2.3496722824183768e-05,2.3496722824183767e-09,7.10775865431559e-08,1.503790260747761e-07,3.3835280866824624e-07,9.398689129673507e-07,5.874180706045942e-06,2.3496722824183768e-05
215,6004664025763435665,proposed,True,True,5304,-0.002098091303578056,-0.002098091062806563,-0.002098091303578056,0.0314111049403539,572123,-2.4127716561570197e-10,5.499051978834202e-16,3.166620989406139e-08,7.912585590103752e-05,0,6.578223094942462e-05,0.001989912486220095,0.004210062780763176,0.009472641256717146,0.02631289237976985,0.16445557737356156,0.6578223094942462,1.9243582186551955e-09,5.821183611431966e-08,1.231589259939325e-07,2.7710758348634815e-07,7.697432874620782e-07,4.810895546637989e-06,1.9243582186551957e-05,1.9243582186551955e-09,5.821183611431966e-08,1.231589259939325e-07,2.7710758348634815e-07,7.697432874620782e-07,4.810895546637989e-06,1.9243582186551957e-05
216,-1024630795915434097,proposed,True,True,3109,-0.0020245254760928966,-0.002024525442287549,-0.0020245254760928966,0.030432270932265394,569750,-3.387739453483648e-11,-3.4686528025050144e-15,-3.7131617126602406e-08,0.00012497010464887904,0,6.174659829707965e-05,0.0018678345984866594,0.003951782291013097,0.008891510154779469,0.024698639318831858,0.15436649574269912,0.6174659829707965,3.2869487759978066e-09,9.943020047393364e-08,2.1036472166385962e-07,4.7332062374368417e-07,1.3147795103991227e-06,8.217371939994516e-06,3.2869487759978064e-05,3.2869487759978066e-09,9.943020047393364e-08,2.1036472166385962e-07,4.7332062374368417e-07,1.3147795103991227e-06,8.217371939994516e-06,3.2869487759978064e-05
217,3842458290801568324,proposed,True,True,2265,-0.001966944921672297,-0.0019669448906444037,-0.001966944921672297,0.02942267036104395,567050,-3.10834611868902e-11,5.5826425146383e-15,3.6633915375095695e-08,0.00020065942868022996,0,5.7714319355051217e-05,0.0017458581604902993,0.003693716438723278,0.008310861987127376,0.023085727742020487,0.14428579838762803,0.5771431935505121,4.904481943956489e-09,1.4836057880468378e-07,3.138868444132153e-07,7.062453999297344e-07,1.9617927775825956e-06,1.2261204859891222e-05,4.904481943956489e-05,4.904481943956489e-09,1.4836057880468378e-07,3.138868444132153e-07,7.062453999297344e-07,1.9617927775825956e-06,1.2261204859891222e-05,4.904481943956489e-05
218,2209778226483790798,proposed,True,True,74517,-0.0020120182812105227,-0.0020120183691633322,-0.0020120182812105227,0.03172023791366733,570060,8.81327487044134e-11,2.6197012099070352e-15,3.618797537240529e-08,0.00013351562070141438,0,6.719765503262673e-05,0.0020327290647369585,0.004300649922088111,0.00967646232469825,0.026879062013050695,0.16799413758156684,0.6719765503262674,2.420526683352234e-09,7.322093217140508e-08,1.5491370773454298e-07,3.485558424027217e-07,9.682106733408937e-07,6.051316708380585e-06,2.420526683352234e-05,2.4195357792905958e-09,7.319095732354053e-08,1.5485028987459813e-07,3.484131522178458e-07,9.678143117162384e-07,6.048839448226489e-06,2.4195357792905957e-05
219,-4291463142835238211,proposed,True,True,10297,-0.0019752894297894647,-0.001975289581164139,-0.0019752894297894647,0.029426206829745546,567484,1.5168569750047665e-10,1.1422807648471373e-14,1.743752609961431e-08,3.67508469795909e-05,0,5.7734281957584545e-05,0.0017464620292169325,0.003694994045285411,0.008313736601892174,0.023093712783033817,0.14433570489396136,0.5773428195758454,4.982534157503937e-10,1.507216582644941e-08,3.1888218608025195e-08,7.174849186805668e-08,1.9930136630015748e-07,1.2456335393759842e-06,4.982534157503937e-06,4.982534157503937e-10,1.507216582644941e-08,3.1888218608025195e-08,7.174849186805668e-08,1.9930136630015748e-07,1.2456335393759842e-06,4.982534157503937e-06
220,-4413337382608551205,proposed,True,True,4075,-0.0019125204690566633,-0.0019125204825329097,-0.0019125204690566633,0.028578034796036517,564928,1.3497135221759257e-11,-4.934230404726689e-15,-2.0681620349424067e-08,0.00011743105130619288,0,5.445524464831986e-05,0.0016472711506116758,0.003485135657492471,0.00784155522935806,0.021782097859327942,0.13613811162079964,0.5445524464831986,3.784492806552227e-09,1.1448090739820486e-07,2.422075396193425e-07,5.449669641435206e-07,1.5137971226208908e-06,9.461232016380566e-06,3.7844928065522265e-05,3.784492806552227e-09,1.1448090739820486e-07,2.422075396193425e-07,5.449669641435206e-07,1.5137971226208908e-06,9.461232016380566e-06,3.7844928065522265e-05
221,-3190827822836241740,proposed,True,True,2678,-0.0018448295566538364,-0.0018448296745963188,-0.0018448295566538364,0.027789017804642532,562497,1.1815754276300613e-10,-2.925570563476293e-15,3.544464036641449e-08,0.00019911838377541469,0,5.1491277654801595e-05,0.0015576111490577483,0.003295441769907302,0.007414743982291429,0.020596511061920637,0.12872819413700398,0.5149127765480159,5.350176404329323e-09,1.61842836230962e-07,3.4241128987707665e-07,7.704254022234224e-07,2.140070561731729e-06,1.3375441010823307e-05,5.350176404329323e-05,5.350176404329323e-09,1.61842836230962e-07,3.4241128987707665e-07,7.704254022234224e-07,2.140070561731729e-06,1.3375441010823307e-05,5.350176404329323e-05
222,-941452816083932425,proposed,True,True,2016,-0.0018186366864010044,-0.0018186365947770935,-0.0018186366864010044,0.02703284097974144,559760,-9.178691169415363e-11,3.9335171303402955e-15,1.6155338334498472e-08,0.00012169710611503577,0,4.8723871114546295e-05,0.0014738971012150253,0.003118327751330963,0.007016237440494667,0.019489548445818516,0.12180967778636574,0.48723871114546297,3.5693525322608862e-09,1.079729141008918e-07,2.2843856206469672e-07,5.139867646455676e-07,1.4277410129043544e-06,8.923381330652216e-06,3.5693525322608864e-05,3.5693525322608862e-09,1.079729141008918e-07,2.2843856206469672e-07,5.139867646455676e-07,1.4277410129043544e-06,8.923381330652216e-06,3.5693525322608864e-05
223,8116644692213150786,proposed,True,True,1523,-0.00176022626654803,-0.0017602261940331374,-0.00176022626654803,0.02648392674545368,557382,-7.264255572535171e-11,2.045276719027661e-16,-1.8676667269930265e-08,0.00020997324999557602,0,4.676343829144561e-05,0.0014145940083162298,0.002992860050652519,0.006733935113968168,0.018705375316578243,0.11690859572861402,0.4676343829144561,5.595310114268591e-09,1.692581309566249e-07,3.5809984731318983e-07,8.057246564546772e-07,2.2381240457074365e-06,1.3988275285671478e-05,5.595310114268591e-05,5.595310114268591e-09,1.692581309566249e-07,3.5809984731318983e-07,8.057246564546772e-07,2.2381240457074365e-06,1.3988275285671478e-05,5.595310114268591e-05
224,-8487416300262662024,proposed,True,True,1157,-0.0017194453969127702,-0.0017194453497878437,-0.0017194453969127702,0.02560626909134649,554710,-4.721154645426465e-11,-5.451543457352934e-15,4.155613146985488e-09,0.00022066725872308345,0,4.3715988466563494e-05,0.0013224086511135456,0.0027978232618600636,0.006295102339185143,0.017486395386625397,0.10928997116640873,0.43715988466563493,5.351578936090201e-09,1.6188526281672856e-07,3.4250105190977284e-07,7.706273667969889e-07,2.1406315744360804e-06,1.3378947340225501e-05,5.3515789360902006e-05,5.351578936090201e-09,1.6188526281672856e-07,3.4250105190977284e-07,7.706273667969889e-07,2.1406315744360804e-06,1.3378947340225501e-05,5.3515789360902006e-05
225,7644706596313879549,proposed,True,True,1017,-0.0016455031741375394,-0.0016455032071919895,-0.0016455031741375394,0.02470864503511736,552407,3.311173402680943e-11,2.8031394097097873e-15,-3.327982135434945e-08,0.000193461710222126,0,4.070484421753375e-05,0.001231321537580396,0.00260511002992216,0.00586149756732486,0.0162819376870135,0.10176211054383438,0.40704844217533753,4.217950797232251e-09,1.275930116162756e-07,2.699488510228641e-07,6.073849148014442e-07,1.6871803188929005e-06,1.0544876993080629e-05,4.2179507972322514e-05,4.217950797232251e-09,1.275930116162756e-07,2.699488510228641e-07,6.073849148014442e-07,1.6871803188929005e-06,1.0544876993080629e-05,4.2179507972322514e-05
226,-3769364983360661655,proposed,True,True,874,-0.0015846899542731486,-0.0015846899854595796,-0.0015846899542731486,0.02398239613653552,550085,3.123526272832058e-11,-6.67474872882987e-16,3.6970923970720476e-08,0.00020668873884894108,0,3.834798937545965e-05,0.0011600266786076544,0.0024542713200294175,0.005522110470066189,0.01533919575018386,0.09586997343864913,0.3834798937545965,4.367480566389446e-09,1.3211628713328074e-07,2.7951875624892455e-07,6.289172015600803e-07,1.7469922265557785e-06,1.0918701415973615e-05,4.367480566389446e-05,4.367480566389446e-09,1.3211628713328074e-07,2.7951875624892455e-07,6.289172015600803e-07,1.7469922265557785e-06,1.0918701415973615e-05,4.367480566389446e-05
227,2751584180605273171,proposed,True,True,1248,-0.0016065791484652578,-0.0016065793669995758,-0.0016065791484652578,0.02419276127130255,551565,2.1888696769743384e-10,9.918556329022103e-16,-9.149384467930568e-09,0.00013860184704231985,0,3.902289422265453e-05,0.0011804425502352995,0.00249746523024989,0.005619296768062252,0.015609157689061811,0.09755723555663633,0.3902289422265453,3.628296796616347e-09,1.097559780976445e-07,2.3221099498344622e-07,5.22474738712754e-07,1.4513187186465389e-06,9.070741991540868e-06,3.628296796616347e-05,3.628296796616347e-09,1.097559780976445e-07,2.3221099498344622e-07,5.22474738712754e-07,1.4513187186465389e-06,9.070741991540868e-06,3.628296796616347e-05
228,-2835359038093186969,proposed,True,True,953,-0.0015623251634164564,-0.001562325234669052,-0.0015623251634164564,0.023441010916247153,549331,7.136443967662385e-11,3.5029890257571555e-16,1.6054468170220955e-08,9.720191543852374e-05,0,3.66367937188452e-05,0.0011082630099950672,0.0023447547980060927,0.005275698295513709,0.01465471748753808,0.091591984297113,0.366367937188452,2.2324844803731406e-09,6.75326555312875e-08,1.42879006743881e-07,3.2147776517373226e-07,8.929937921492562e-07,5.581211200932852e-06,2.2324844803731407e-05,2.2324844803731406e-09,6.75326555312875e-08,1.42879006743881e-07,3.2147776517373226e-07,8.929937921492562e-07,5.581211200932852e-06,2.2324844803731407e-05
229,4584227300182927455,proposed,True,True,843,-0.0015472219568306445,-0.0015472220467149988,-0.0015472219568306445,0.023043065229821597,547056,9.002431368850566e-11,6.72744607526759e-16,-3.3308829957560906e-08,0.00023571863147550895,0,3.540290902796644e-05,0.0010709379980959847,0.002265786177789852,0.005098018900027167,0.014161163611186574,0.0885072725699161,0.3540290902796644,8.499435918613028e-09,2.571079365380441e-07,5.439638987912338e-07,1.2239187722802762e-06,3.3997743674452114e-06,2.124858979653257e-05,8.499435918613028e-05,8.499435918613028e-09,2.571079365380441e-07,5.439638987912338e-07,1.2239187722802762e-06,3.3997743674452114e-06,2.124858979653257e-05,8.499435918613028e-05
230,1166511448714078231,proposed,True,True,1017,-0.001481202694529247,-0.001481202825432644,-0.001481202694529247,0.022494237647137136,544823,1.3109545636038683e-10,-2.1226441424604538e-15,-7.1467237601046165e-09,0.00012557069203108124,0,3.373695601629385e-05,0.0010205429194928889,0.0021591651850428064,0.004858121666346314,0.01349478240651754,0.08434239004073463,0.3373695601629385,3.882395563858878e-09,1.1744246580673105e-07,2.4847331608696817e-07,5.590649611956784e-07,1.552958225543551e-06,9.705988909647194e-06,3.8823955638588774e-05,3.882395563858878e-09,1.1744246580673105e-07,2.4847331608696817e-07,5.590649611956784e-07,1.552958225543551e-06,9.705988909647194e-06,3.8823955638588774e-05
231,7543693410447553178,proposed,True,True,747,-0.0014663074472137877,-0.0014663073616216998,-0.0014663074472137877,0.02187070051809314,542689,-8.571985223778827e-11,-2.0756319867957608e-15,-1.0873272341363808e-08,0.00016036960377492784,0,3.189132869764202e-05,0.0009647126931036711,0.002041045036649089,0.00459235133246045,0.012756531479056808,0.07972832174410505,0.3189132869764202,4.155152062938868e-09,1.2569334990390076e-07,2.6592973202808754e-07,5.98341897063197e-07,1.6620608251755472e-06,1.038788015734717e-05,4.155152062938868e-05,4.155152062938868e-09,1.2569334990390076e-07,2.6592973202808754e-07,5.98341897063197e-07,1.6620608251755472e-06,1.038788015734717e-05,4.155152062938868e-05
232,272016774917937637,proposed,True,True,800,-0.0014261931177371077,-0.0014261930854292594,-0.0014261931177371077,0.021371255046337287,540873,-3.235554786132847e-11,-1.556483160735214e-15,-1.2069427023562962e-08,0.00017418003540745322,0,3.045433797082801e-05,0.0009212437236175474,0.0019490776301329927,0.004385424667799233,0.012181735188331204,0.07613584492707003,0.3045433797082801,5.423418483522061e-09,1.6405840912654236e-07,3.470987829454119e-07,7.809722616271768e-07,2.1693673934088244e-06,1.3558546208805153e-05,5.423418483522061e-05,5.423418483522061e-09,1.6405840912654236e-07,3.470987829454119e-07,7.809722616271768e-07,2.1693673934088244e-06,1.3558546208805153e-05,5.423418483522061e-05
233,7845801432670644342,proposed,True,True,946,-0.0014183600720869846,-0.0014183602564694512,-0.0014183600720869846,0.02135521509549534,539258,1.8464662592372773e-10,2.267202342565625e-15,-1.3227015817974845e-08,0.000252178507209623,0,3.040755128289733e-05,0.0009198284263076443,0.0019460832821054292,0.004378687384737216,0.012163020513158932,0.07601887820724333,0.3040755128289733,8.001851895251534e-09,2.4205601983135886e-07,5.121185212960981e-07,1.152266672916221e-06,3.2007407581006135e-06,2.0004629738128835e-05,8.001851895251534e-05,8.001851895251534e-09,2.4205601983135886e-07,5.121185212960981e-07,1.152266672916221e-06,3.2007407581006135e-06,2.0004629738128835e-05,8.001851895251534e-05
234,7117523013549854810,proposed,True,True,998,-0.0014113274316604634,-0.0014113274148246813,-0.0014113274316604634,0.021062005861214633,537690,-1.6858688536954943e-11,8.878752954991302e-16,1.894969032256044e-08,0.00024306047389242223,0,2.957640775253231e-05,0.0008946863345141024,0.0018928900961620678,0.004259002716364653,0.011830563101012924,0.07394101938133077,0.2957640775253231,5.90338036248285e-09,1.7857725596510621e-07,3.778163431989024e-07,8.500867721975304e-07,2.3613521449931398e-06,1.4758450906207124e-05,5.9033803624828496e-05,5.90338036248285e-09,1.7857725596510621e-07,3.778163431989024e-07,8.500867721975304e-07,2.3613521449931398e-06,1.4758450906207124e-05,5.9033803624828496e-05
235,-2990628234003044567,proposed,True,True,823,-0.0013470529189758941,-0.0013470530201292405,-0.0013470529189758941,0.020340453572000476,536112,1.0129328319342345e-10,3.4943372986356063e-15,-1.1936099809971825e-08,0.00015720897038029634,0,2.75850053302e-05,0.00083444641123855,0.0017654403411328,0.0039722407675488,0.01103400213208,0.0689625133255,0.275850053302,2.8641822353564032e-09,8.664151261953119e-08,1.833076630628098e-07,4.1244224189132206e-07,1.1456728941425614e-06,7.160455588391008e-06,2.864182235356403e-05,2.8641822353564032e-09,8.664151261953119e-08,1.833076630628098e-07,4.1244224189132206e-07,1.1456728941425614e-06,7.160455588391008e-06,2.864182235356403e-05
236,-8152075341302238326,proposed,True,True,898,-0.0013539885249258428,-0.0013539886037793034,-0.0013539885249258428,0.020200576372521598,534453,7.896159681265401e-11,1.2246562656854264e-15,-2.09274858687028e-08,0.00016549814529894741,0,2.7205958042210903e-05,0.0008229802307768798,0.0017411813147014978,0.00391765795807837,0.010882383216884362,0.06801489510552726,0.27205958042210904,5.3276541285034995e-09,1.6116153738723086e-07,3.4096986422422397e-07,7.671821945045039e-07,2.1310616514013997e-06,1.3319135321258748e-05,5.327654128503499e-05,5.339939759396085e-09,1.6153317772173158e-07,3.4175614460134945e-07,7.689513253530362e-07,2.135975903758434e-06,1.3349849398490212e-05,5.339939759396085e-05
237,-3564670660655344903,proposed,True,True,775,-0.001347397224527262,-0.0013473972280286246,-0.001347397224527262,0.02029616883837881,536563,3.507716980613848e-12,1.630366543504682e-15,3.3876735979621434e-08,0.00025686628108332026,0,2.7468031824441383e-05,0.0008309079626893518,0.0017579540367642485,0.003955396582719559,0.010987212729776553,0.06867007956110345,0.2746803182444138,9.756275698676595e-09,2.95127339884967e-07,6.244016447153021e-07,1.4049037006094298e-06,3.902510279470638e-06,2.439068924669149e-05,9.756275698676595e-05,9.756275698676595e-09,2.95127339884967e-07,6.244016447153021e-07,1.4049037006094298e-06,3.902510279470638e-06,2.439068924669149e-05,9.756275698676595e-05
238,4917576617425171381,proposed,True,True,1030,-0.001336711147801181,-0.0013367112625780754,-0.001336711147801181,0.02001622283924888,534969,1.1492882143737766e-10,-1.7017684641357363e-15,3.617628244257574e-08,0.00020177307822547293,0,2.6714303265403365e-05,0.0008081076737784518,0.0017097154089858154,0.0038468596702180844,0.010685721306161347,0.06678575816350842,0.26714303265403366,4.553878956878634e-09,1.3775483844557866e-07,2.9144825324023257e-07,6.557585697905232e-07,1.8215515827514535e-06,1.1384697392196585e-05,4.553878956878634e-05,4.553878956878634e-09,1.3775483844557866e-07,2.9144825324023257e-07,6.557585697905232e-07,1.8215515827514535e-06,1.1384697392196585e-05,4.553878956878634e-05
239,8848920059399090324,proposed,True,True,790,-0.00131742878666059,-0.0013174287730634004,-0.00131742878666059,0.019689954964696207,533657,-1.361473287821998e-11,3.9368257543656943e-16,-1.452567405592571e-08,0.00013739299587848776,0,2.58518290295068e-05,0.0007820178281425807,0.0016545170578884352,0.003722663380248979,0.01034073161180272,0.064629572573767,0.258518290295068,3.290567113627616e-09,9.953965518723538e-08,2.1059629527216744e-07,4.7384166436237675e-07,1.3162268454510464e-06,8.22641778406904e-06,3.290567113627616e-05,3.290567113627616e-09,9.953965518723538e-08,2.1059629527216744e-07,4.7384166436237675e-07,1.3162268454510464e-06,8.22641778406904e-06,3.290567113627616e-05
240,1197656198572114558,proposed,True,True,824,-0.0012941017046830673,-0.0012941017134998,-0.0012941017046830673,0.019272564706667095,532268,8.830520758845665e-12,2.3636595015549505e-15,-2.203330570953292e-08,0.00020434289645810088,0,2.476991513108178e-05,0.0007492899327152238,0.001585274568389234,0.0035668677788757764,0.009907966052432712,0.06192478782770445,0.2476991513108178,7.755505091043763e-09,2.3460402900407383e-07,4.963523258268008e-07,1.1167927331103017e-06,3.102202036417505e-06,1.9388762727609405e-05,7.755505091043762e-05,7.755505091043763e-09,2.3460402900407383e-07,4.963523258268008e-07,1.1167927331103017e-06,3.102202036417505e-06,1.9388762727609405e-05,7.755505091043762e-05
241,-9182911012498157318,proposed,True,True,948,-0.0013102413262484512,-0.0013102413589496959,-0.0013102413262484512,0.019527861212425973,533688,3.2745214980998434e-11,1.067669850275528e-15,-3.389459606909264e-08,0.0002113907178978169,0,2.543472377417376e-05,0.0007694003941687563,0.0016278223215471207,0.0036626002234810212,0.010173889509669505,0.0635868094354344,0.2543472377417376,4.6861011227339595e-09,1.4175455896270228e-07,2.999104718549734e-07,6.747985616736901e-07,1.8744404490935839e-06,1.17152528068349e-05,4.68610112273396e-05,4.6861011227339595e-09,1.4175455896270228e-07,2.999104718549734e-07,6.747985616736901e-07,1.8744404490935839e-06,1.17152528068349e-05,4.68610112273396e-05
242,-291345402897050286,proposed,True,True,775,-0.0012674914463544301,-0.0012674912908184112,-0.0012674914463544301,0.019093010595344843,532277,-1.5573498208973303e-10,-1.572283858920476e-15,-2.863018318041088e-08,0.00024859076214027177,0,2.43069011985927e-05,0.0007352837612574292,0.0015556416767099328,0.003500193772597349,0.00972276047943708,0.06076725299648175,0.243069011985927,5.331594522895271e-09,1.6128073431758194e-07,3.4122204946529733e-07,7.67749611296919e-07,2.1326378091581084e-06,1.3328986307238177e-05,5.3315945228952706e-05,5.331594522895271e-09,1.6128073431758194e-07,3.4122204946529733e-07,7.67749611296919e-07,2.1326378091581084e-06,1.3328986307238177e-05,5.3315945228952706e-05
243,-7046606411561645116,proposed,True,True,857,-0.0012836240712147528,-0.001283624075754445,-0.0012836240712147528,0.019095243537090238,531238,4.547013342332909e-12,1.4865794070722523e-15,1.5291398713446765e-08,0.00016050638747811533,0,2.431112220637367e-05,0.0007354114467428035,0.001555911821207915,0.0035008015977178084,0.009724448882549468,0.060777805515934175,0.2431112220637367,4.981528524007207e-09,1.5069123785121803e-07,3.1881782553646127e-07,7.173401074570378e-07,1.992611409602883e-06,1.2453821310018018e-05,4.981528524007207e-05,4.981528524007207e-09,1.5069123785121803e-07,3.1881782553646127e-07,7.173401074570378e-07,1.992611409602883e-06,1.2453821310018018e-05,4.981528524007207e-05
244,-8813937367194466122,proposed,True,True,856,-0.0012674631359081737,-0.0012674629339307114,-0.0012674631359081737,0.018959615655351335,530240,-2.0223400435328317e-10,-2.1826029132247888e-16,1.9132155993031042e-08,0.00012936150737748793,0,2.39672349987086e-05,0.0007250088587109351,0.0015339030399173503,0.0034512818398140382,0.00958689399948344,0.059918087496771494,0.23967234998708598,3.710935298553265e-09,1.1225579278123627e-07,2.3749985910740896e-07,5.343746829916702e-07,1.484374119421306e-06,9.277338246383162e-06,3.710935298553265e-05,3.710935298553265e-09,1.1225579278123627e-07,2.3749985910740896e-07,5.343746829916702e-07,1.484374119421306e-06,9.277338246383162e-06,3.710935298553265e-05
245,-1978757719942889490,proposed,True,True,837,-0.001214935062595407,-0.0012149349616623988,-0.001214935062595407,0.018242211219385233,529035,-1.0105638591602071e-10,-6.015506156556992e-16,5.997364361217111e-09,7.570823143539482e-05,0,2.2190439872071512e-05,0.0006712608061301633,0.0014201881518125768,0.003195423341578298,0.008876175948828604,0.05547609968017878,0.22190439872071513,1.0927676330562352e-09,3.305622089995112e-08,6.993712851559905e-08,1.5735853916009788e-07,4.371070532224941e-07,2.731919082640588e-06,1.0927676330562353e-05,1.0927676330562352e-09,3.305622089995112e-08,6.993712851559905e-08,1.5735853916009788e-07,4.371070532224941e-07,2.731919082640588e-06,1.0927676330562353e-05
246,-3116202252327333512,proposed,False,False,855,-0.0011769327560767287,-0.0011769328030671756,-0.0011769327560767287,0.01769791348720983,527945,4.704432166924122e-11,-1.4951048834800659e-15,1.6692053185019523e-08,9.796530060282498e-05,0,2.0889870729848127e-05,0.0006319185895779059,0.0013369517267102801,0.0030081413850981302,0.00835594829193925,0.052224676824620314,0.20889870729848126,1.9361510874065417e-09,5.856857039404789e-08,1.2391366959401867e-07,2.78805756586542e-07,7.744604349626167e-07,4.840377718516354e-06,1.9361510874065416e-05,1.9361510874065417e-09,5.856857039404789e-08,1.2391366959401867e-07,2.78805756586542e-07,7.744604349626167e-07,4.840377718516354e-06,1.9361510874065416e-05
247,-1918069204722701340,proposed,True,True,1070,-0.0011590453571382272,-0.001159045294705448,-0.0011590453571382272,0.017345621648648137,526872,-6.250664753432155e-11,-1.4218333269463812e-15,2.2690668309247263e-08,0.00012610606588995098,0,2.0066901662636374e-05,0.0006070237752947503,0.001284281706408728,0.002889633839419638,0.008026760665054549,0.050167254156590936,0.20066901662636374,2.7316896475643195e-09,8.263361183882066e-08,1.7482813744411645e-07,3.93363309249262e-07,1.092675859025728e-06,6.829224118910799e-06,2.7316896475643195e-05,3.0076857102899935e-09,9.09824927362723e-08,1.9249188545855958e-07,4.331067422817591e-07,1.2030742841159974e-06,7.519214275724984e-06,3.0076857102899937e-05
248,1406555685675583191,proposed,True,True,911,-0.0011255088468123207,-0.001125508856638732,-0.0011255088468123207,0.016934511693034247,525709,9.836106754873485e-12,-1.3768918519424675e-15,-1.8512317806529108e-08,8.007146775987842e-05,0,1.9124598782900154e-05,0.0005785191131827297,0.0012239743221056098,0.0027539422247376223,0.007649839513160062,0.047811496957250385,0.19124598782900154,1.2733737333386935e-09,3.851955543349548e-08,8.149591893367638e-08,1.8336581760077186e-07,5.093494933354774e-07,3.1834343333467336e-06,1.2733737333386934e-05,1.2733737333386935e-09,3.851955543349548e-08,8.149591893367638e-08,1.8336581760077186e-07,5.093494933354774e-07,3.1834343333467336e-06,1.2733737333386934e-05
249,2035270066131736400,proposed,True,True,950,-0.0011037721138885198,-0.0011037723749304017,-0.0011037721138885198,0.016415416022161348,524487,2.613296229157703e-10,-7.082452164765588e-16,-1.234615473879651e-08,0.00019888904959092886,0,1.7972569740881545e-05,0.0005436702346616667,0.0011502444634164189,0.0025880500426869422,0.007189027896352618,0.04493142435220386,0.17972569740881544,4.1220358915979356e-09,1.2469158572083755e-07,2.638102970622679e-07,5.935731683901027e-07,1.6488143566391742e-06,1.030508972899484e-05,4.122035891597936e-05,4.1220358915979356e-09,1.2469158572083755e-07,2.638102970622679e-07,5.935731683901027e-07,1.6488143566391742e-06,1.030508972899484e-05,4.122035891597936e-05
250,-6326733103782239593,proposed,True,True,1037,-0.0010412273362578731,-0.0010412274436854675,-0.0010412273362578731,0.01576110838528285,523235,1.0754132704443662e-10,1.7594727750364945e-15,-2.88344653794755e-08,0.00020645867184095905,0,1.6569691218459308e-05,0.000501233159358394,0.0010604602379813957,0.0023860355354581404,0.006627876487383723,0.04142422804614827,0.1656969121845931,7.487966961056683e-09,2.2651100057196464e-07,4.792298855076277e-07,1.0782672423921624e-06,2.995186784422673e-06,1.8719917402641706e-05,7.487966961056682e-05,7.487966961056683e-09,2.2651100057196464e-07,4.792298855076277e-07,1.0782672423921624e-06,2.995186784422673e-06,1.8719917402641706e-05,7.487966961056682e-05
251,-7541768558499997913,proposed,True,True,1027,-0.0010022709282355095,-0.0010022710347298684,-0.0010022709282355095,0.014771614477783116,525196,1.0657457077301294e-10,-2.6631509262011774e-14,-2.464272400729349e-08,0.0001299017382242862,0,1.4552561513397191e-05,0.00044021498578026506,0.0009313639368574202,0.0020955688579291955,0.005821024605358877,0.03638140378349298,0.14552561513397191,2.670338779947541e-09,8.077774809341312e-08,1.7090168191664263e-07,3.845287843124459e-07,1.0681355119790165e-06,6.675846949868853e-06,2.6703387799475412e-05,2.670338779947541e-09,8.077774809341312e-08,1.7090168191664263e-07,3.845287843124459e-07,1.0681355119790165e-06,6.675846949868853e-06,2.6703387799475412e-05
252,-7002260799160351892,proposed,True,True,2722,-0.002177926855589574,-0.0021779268187979827,-0.002177926855589574,0.03286478046273573,599150,-3.688372643050431e-11,-1.1830817146053329e-14,8.90729207189135e-09,0.00020111525125869156,0,7.201466749075693e-05,0.0021784436915953972,0.004608938719408443,0.010370112118668997,0.028805866996302772,0.1800366687268923,0.7201466749075692,4.1492754591937334e-09,1.2551558264061043e-07,2.6555362938839894e-07,5.974956661238976e-07,1.6597101836774933e-06,1.0373188647984333e-05,4.149275459193733e-05,4.1492754591937334e-09,1.2551558264061043e-07,2.6555362938839894e-07,5.974956661238976e-07,1.6597101836774933e-06,1.0373188647984333e-05,4.149275459193733e-05
253,8628886112145274835,proposed,True,True,2584,-0.0021760002051495497,-0.0021760004260771636,-0.0021760002051495497,0.032748563176739465,599002,2.2139921052220217e-10,-1.0190600122799747e-14,8.141805154973081e-10,0.00024108169417911827,0,7.150526188361276e-05,0.002163034171979286,0.004576336760551217,0.010296757711240239,0.028602104753445105,0.17876315470903192,0.7150526188361277,7.539475842780635e-09,2.280691442441142e-07,4.825264539379606e-07,1.0856845213604114e-06,3.015790337112254e-06,1.8848689606951587e-05,7.539475842780635e-05,7.539475842780635e-09,2.280691442441142e-07,4.825264539379606e-07,1.0856845213604114e-06,3.015790337112254e-06,1.8848689606951587e-05,7.539475842780635e-05
254,4312186905714310905,proposed,True,True,2729,-0.002120306121790514,-0.002120306170351945,-0.002120306121790514,0.03179652450614976,598437,4.866912763643828e-11,4.513088469602173e-15,1.5087036229992487e-08,0.00014032150498744645,0,6.740953814618494e-05,0.0020391385289220943,0.004314210441355836,0.009706973493050632,0.026963815258473977,0.16852384536546236,0.6740953814618494,2.660710419222884e-09,8.048649018149224e-08,1.7028546683026457e-07,3.831423003680953e-07,1.0642841676891536e-06,6.651776048057209e-06,2.6607104192228838e-05,2.660710419222884e-09,8.048649018149224e-08,1.7028546683026457e-07,3.831423003680953e-07,1.0642841676891536e-06,6.651776048057209e-06,2.6607104192228838e-05
255,3618576297460980479,proposed,True,True,2994,-0.0021303950694444647,-0.002130395211118396,-0.0021303950694444647,0.03216741250464151,597833,1.4199499890062305e-10,1.8601885124848398e-14,-1.420407292372967e-08,0.00022498518741073323,0,6.899498391235972e-05,0.0020870982633488817,0.004415678970391022,0.0099352776833798,0.027597993564943888,0.1724874597808993,0.6899498391235972,6.836210085342262e-09,2.0679535508160343e-07,4.3751744546190476e-07,9.844142522892858e-07,2.734484034136905e-06,1.7090525213355653e-05,6.836210085342261e-05,6.836210085342262e-09,2.0679535508160343e-07,4.3751744546190476e-07,9.844142522892858e-07,2.734484034136905e-06,1.7090525213355653e-05,6.836210085342261e-05
256,6637547548569117386,proposed,True,True,17376,-0.0017456131770225128,-0.001745613130316109,-0.0017456131770225128,0.02683928837262604,585283,-4.6791847833492725e-11,-3.770112491382208e-15,8.438033256097387e-09,0.0001704234054455517,0,4.804578727395388e-05,0.0014533850650371048,0.0030749303855330482,0.006918593367449358,0.019218314909581553,0.12011446818488469,0.48045787273953877,4.119958902276832e-09,1.2462875679387418e-07,2.6367736974571725e-07,5.932740819278638e-07,1.6479835609107328e-06,1.029989725569208e-05,4.119958902276832e-05,4.119958902276832e-09,1.2462875679387418e-07,2.6367736974571725e-07,5.932740819278638e-07,1.6479835609107328e-06,1.029989725569208e-05,4.119958902276832e-05
257,1260664243110379185,proposed,True,True,28639,-0.0017869858261058665,-0.0017869858763857466,-0.0017869858261058665,0.02733688299169657,584707,5.036727030025278e-11,-2.6202386295983724e-15,3.4560514617975384e-08,0.0001321733357404608,0,4.984122299786003e-05,0.001507696995685266,0.003189838271863042,0.007177136111691845,0.019936489199144012,0.12460305749465007,0.4984122299786003,4.6361967228274725e-09,1.4024495086553104e-07,2.9671659026095824e-07,6.676123280871561e-07,1.854478689130989e-06,1.1590491807068682e-05,4.6361967228274726e-05,4.481694822079751e-09,1.3557126836791248e-07,2.868284686131041e-07,6.453640543794841e-07,1.7926779288319005e-06,1.1204237055199379e-05,4.4816948220797514e-05
258,6960842148949500855,proposed,True,True,2692,-0.0011654380125967938,-0.0011654376815711384,-0.0011654380125967938,0.017279742681157194,522052,-3.3141095619609284e-10,9.393018838001047e-16,2.1402019543976854e-09,0.00020840638839902156,0,1.991745665113399e-05,0.0006025030636968032,0.0012747172256725753,0.0028681137577632946,0.007966982660453596,0.04979364162783497,0.19917456651133988,5.503596564757323e-09,1.6648379608390901e-07,3.5223018014446866e-07,7.925179053250545e-07,2.201438625902929e-06,1.3758991411893307e-05,5.5035965647573226e-05,5.503596564757323e-09,1.6648379608390901e-07,3.5223018014446866e-07,7.925179053250545e-07,2.201438625902929e-06,1.3758991411893307e-05,5.5035965647573226e-05
259,-8616817622438516598,proposed,True,True,4760,-0.0011391622164809493,-0.0011391625525356687,-0.0011391622164809493,0.016800324298509625,520776,3.364372922648631e-10,-6.846570111449021e-16,-1.4202618845616029e-08,0.00015391691077658076,0,1.8821745848001292e-05,0.000569357811902039,0.0012045917342720827,0.002710331402112186,0.007528698339200517,0.04705436462000323,0.18821745848001292,2.8659926138186993e-09,8.669627656801566e-08,1.8342352728439676e-07,4.127029363898927e-07,1.1463970455274797e-06,7.164981534546748e-06,2.8659926138186992e-05,2.8659926138186993e-09,8.669627656801566e-08,1.8342352728439676e-07,4.127029363898927e-07,1.1463970455274797e-06,7.164981534546748e-06,2.8659926138186992e-05
260,5619976736944983879,proposed,True,True,933,-0.0016267514401022204,-0.0016267513750207162,-0.0016267514401022204,0.024588331647880938,591163,-6.51883656689417e-11,-8.174608510714223e-16,1.2144307710784245e-08,0.0002278799477573215,0,4.031222183577945e-05,0.0012194447105323284,0.002579982197489885,0.005804959944352241,0.016124888734311782,0.10078055458944862,0.4031222183577945,7.0407432541764176e-09,2.1298248343883663e-07,4.506075682672907e-07,1.0138670286014042e-06,2.816297301670567e-06,1.7601858135441043e-05,7.040743254176417e-05,7.0407432541764176e-09,2.1298248343883663e-07,4.506075682672907e-07,1.0138670286014042e-06,2.816297301670567e-06,1.7601858135441043e-05,7.040743254176417e-05
261,-1925867763368015919,proposed,True,True,1017,-0.0016811202317382464,-0.0016811203211326653,-0.0016811202317382464,0.02523098363095249,589826,8.95466225678915e-11,1.6678503887188952e-15,1.906768358781699e-08,0.00021953715400250246,0,4.2443158334486866e-05,0.0012839055396182276,0.0027163621334071594,0.006111814800166109,0.016977263333794745,0.10610789583621716,0.42443158334486863,6.3717439241238525e-09,1.9274525370474654e-07,4.0779161114392656e-07,9.175311250738347e-07,2.548697569649541e-06,1.5929359810309632e-05,6.371743924123853e-05,6.3717439241238525e-09,1.9274525370474654e-07,4.0779161114392656e-07,9.175311250738347e-07,2.548697569649541e-06,1.5929359810309632e-05,6.371743924123853e-05
262,2212190759553504900,proposed,True,True,2120,-0.0017221203314596223,-0.0017221204543883682,-0.0017221203314596223,0.025977160567501167,563749,1.2313933841950056e-10,-1.4707106162037269e-15,1.2936450282378918e-08,0.00015708500408475855,0,4.4993746727145274e-05,0.0013610608384961446,0.0028795997905372976,0.00647909952870892,0.01799749869085811,0.11248436681786318,0.44993746727145273,5.449411063522191e-09,1.6484468467154629e-07,3.4876230806542023e-07,7.847151931471955e-07,2.1797644254088767e-06,1.3623527658805479e-05,5.4494110635221914e-05,5.4054810858642424e-09,1.6351580284739332e-07,3.459507894953115e-07,7.78389276364451e-07,2.162192434345697e-06,1.3513702714660606e-05,5.4054810858642425e-05
263,-693574943151888723,proposed,True,True,2660,-0.001653710357000074,-0.0016537105692233823,-0.001653710357000074,0.024865948842594535,559353,2.1257364397544742e-10,-1.2016850547543952e-15,7.103692518289386e-10,0.00017591208016706197,0,4.122329115275794e-05,0.0012470045573709275,0.002638290633776508,0.005936153925997143,0.016489316461103173,0.10305822788189484,0.41223291152757935,4.49095424143163e-09,1.3585136580330682e-07,2.8742107145162434e-07,6.466974107661548e-07,1.7963816965726522e-06,1.1227385603579076e-05,4.49095424143163e-05,4.49095424143163e-09,1.3585136580330682e-07,2.8742107145162434e-07,6.466974107661548e-07,1.7963816965726522e-06,1.1227385603579076e-05,4.49095424143163e-05
264,-3021755972813798441,proposed,True,True,2274,-0.00408770873184611,-0.004087708633802807,-0.00408770873184611,0.06132605439240451,728622,-9.844101144443397e-11,4.709210750110929e-15,-2.0813492018071055e-08,0.00015194326947539616,0,0.00025074164866157196,0.007584934872012551,0.016047465514340605,0.03610679740726636,0.10029665946462878,0.6268541216539298,2.5074164866157194,3.411068214337912e-09,1.0318481348372185e-07,2.1830836571762638e-07,4.911938228646594e-07,1.3644272857351649e-06,8.52767053584478e-06,3.411068214337912e-05,3.411068214337912e-09,1.0318481348372185e-07,2.1830836571762638e-07,4.911938228646594e-07,1.3644272857351649e-06,8.52767053584478e-06,3.411068214337912e-05
265,1566472787125737745,proposed,True,True,2247,-0.004029317728923175,-0.004029317775037399,-0.004029317728923175,0.0603722130581233,727831,4.631220669060587e-11,1.1422168769258216e-14,3.074614321931554e-08,0.000130988009699492,0,0.00024299707205085972,0.007350661429538507,0.015551812611255022,0.0349915783753238,0.09719882882034389,0.6074926801271493,2.429970720508597,4.5684629525017485e-09,1.381960043131779e-07,2.923816289601119e-07,6.578586651602518e-07,1.8273851810006994e-06,1.1421157381254372e-05,4.568462952501749e-05,4.5684629525017485e-09,1.381960043131779e-07,2.923816289601119e-07,6.578586651602518e-07,1.8273851810006994e-06,1.1421157381254372e-05,4.568462952501749e-05
266,-4932752867818623925,proposed,True,True,3689,-0.002840537072187135,-0.0028405370080131385,-0.002840537072187135,0.04296742064144717,580122,-6.435384181799607e-11,2.9625189416391674e-15,-1.8866725255683706e-08,0.0001782755891714367,0,0.00012308607746498658,0.0037233538433158442,0.007877508957759141,0.017724395154958068,0.04923443098599463,0.30771519366246647,1.2308607746498659,4.9070725261371335e-09,1.4843894391564828e-07,3.1405264167277655e-07,7.066184437637472e-07,1.9628290104548534e-06,1.2267681315342834e-05,4.9070725261371334e-05,4.9070725261371335e-09,1.4843894391564828e-07,3.1405264167277655e-07,7.066184437637472e-07,1.9628290104548534e-06,1.2267681315342834e-05,4.9070725261371334e-05
267,966843580596598048,proposed,True,True,3821,-0.0028457395612512663,-0.0028457397240682215,-0.0028457395612512663,0.04294854826732882,578781,1.6328000574997119e-10,-1.6062088783263627e-15,2.0192068265284034e-08,0.00015961092894363786,0,0.0001229771674195929,0.003720059314442685,0.007870538714853945,0.017708712108421377,0.04919086696783716,0.3074429185489822,1.2297716741959288,5.000328338737995e-09,1.5125993224682435e-07,3.200210136792317e-07,7.200472807782713e-07,2.000131335495198e-06,1.2500820846844988e-05,5.000328338737995e-05,5.008591063594922e-09,1.515098796737464e-07,3.20549828070075e-07,7.212371131576688e-07,2.0034364254379686e-06,1.2521477658987304e-05,5.0085910635949215e-05
268,4550056397018417685,proposed,True,True,3535,-0.005555460663600162,-0.005555460750351667,-0.005555460663600162,0.08346695072598861,726202,8.73070183182131e-11,7.08763362657138e-14,3.233335146563646e-08,0.00019560098989824878,0,0.00046445572990486724,0.014049785829622234,0.029725166713911504,0.06688162510630088,0.1857822919619469,1.1611393247621682,4.644557299048673,7.721515637131047e-09,2.3357584802321416e-07,4.94177000776387e-07,1.1118982517468707e-06,3.088606254852419e-06,1.9303789092827618e-05,7.721515637131047e-05,7.721515637131047e-09,2.3357584802321416e-07,4.94177000776387e-07,1.1118982517468707e-06,3.088606254852419e-06,1.9303789092827618e-05,7.721515637131047e-05
269,-9089864996530750207,proposed,True,True,3532,-0.0055084024696688254,-0.0055084024144195715,-0.0055084024696688254,0.08261634273508192,725167,-5.5542149330794157e-11,1.3125269777280607e-14,-4.6379222716300565e-08,9.130333425686103e-05,0,0.00045504094711093046,0.013764988650105647,0.02912262061509955,0.06552589638397399,0.1820163788443722,1.1376023677773262,4.550409471109305,1.9163542134872676e-09,5.7969714957989847e-08,1.2264666966318512e-07,2.7595500674216654e-07,7.66541685394907e-07,4.790885533718169e-06,1.9163542134872675e-05,1.9163542134872676e-09,5.7969714957989847e-08,1.2264666966318512e-07,2.7595500674216654e-07,7.66541685394907e-07,4.790885533718169e-06,1.9163542134872675e-05
270,6361075354752035920,proposed,True,True,25752,-0.004130476074921288,-0.004130475881871902,-0.004130476074921288,0.057585111288072525,584319,-1.938499732431661e-10,1.0624674213798789e-16,7.770646290019376e-09,6.913481726875989e-05,0,0.00022231321359097805,0.006724974711127086,0.014228045669822595,0.03201310275710084,0.08892528543639122,0.5557830339774451,2.2231321359097804,1.365122633667663e-09,4.129495966844681e-08,8.736784855473044e-08,1.9657765924814347e-07,5.460490534670652e-07,3.4128065841691575e-06,1.365122633667663e-05,1.365122633667663e-09,4.129495966844681e-08,8.736784855473044e-08,1.9657765924814347e-07,5.460490534670652e-07,3.4128065841691575e-06,1.365122633667663e-05
271,1116806153332344254,proposed,True,True,121078,-0.004131432352973431,-0.004131432568031864,-0.004131432352973431,0.06200740571393126,583524,2.1595081849724133e-10,2.0012562051859295e-16,-1.041454118388109e-08,0.00012624450771844969,0,0.0002563319410567942,0.007754041216968026,0.01640524422763483,0.03691179951217837,0.10253277642271769,0.6408298526419856,2.563319410567942,3.704330294243757e-09,1.1205599140087366e-07,2.3707713883160045e-07,5.33423562371101e-07,1.481732117697503e-06,9.260825735609393e-06,3.704330294243757e-05,3.7059613193731476e-09,1.1210532991103772e-07,2.3718152443988145e-07,5.336584299897333e-07,1.482384527749259e-06,9.264903298432868e-06,3.7059613193731474e-05
272,-624884161206190921,proposed,True,True,5476,-0.0017953494460570055,-0.0017953494943620664,-0.0017953494460570055,0.026980699112250216,581954,4.8390731360744983e-11,-1.209932902819254e-15,-2.0949022379658946e-08,0.00021727273951721365,0,4.8536195345774635e-05,0.0014682199092096828,0.0031063165021295767,0.006989212129791547,0.019414478138309856,0.12134048836443659,0.48536195345774635,7.475855930834693e-09,2.2614464190774947e-07,4.784547795734204e-07,1.0765232540401958e-06,2.9903423723338775e-06,1.8689639827086732e-05,7.475855930834693e-05,7.475855930834693e-09,2.2614464190774947e-07,4.784547795734204e-07,1.0765232540401958e-06,2.9903423723338775e-06,1.8689639827086732e-05,7.475855930834693e-05
273,-6514814985332751899,proposed,True,True,1043,-0.001755994604923395,-0.0017559946113182108,-0.001755994604923395,0.026361267797323003,571231,6.406503649503452e-12,4.3897508708919243e-16,-1.4726444965644058e-08,0.00015128569930076416,0,4.632995214732276e-05,0.0014014810524565135,0.0029651169374286567,0.006671513109214477,0.018531980858929105,0.1158248803683069,0.4632995214732276,4.318814392410232e-09,1.306441353704095e-07,2.764041211142548e-07,6.219092725070734e-07,1.7275257569640927e-06,1.079703598102558e-05,4.318814392410232e-05,4.318814392410232e-09,1.306441353704095e-07,2.764041211142548e-07,6.219092725070734e-07,1.7275257569640927e-06,1.079703598102558e-05,4.318814392410232e-05
274,-8535462630511987836,proposed,True,True,852,-0.0014615412737106759,-0.001461541155739298,-0.0014615412737106759,0.021788201638653557,552209,-1.181440055926868e-10,4.4752713625916e-17,-5.144732772207456e-10,0.00012872991236597607,0,3.165244390563781e-05,0.0009574864281455437,0.0020257564099608197,0.004557951922411844,0.012660977562255123,0.07913110976409451,0.31652443905637806,2.7197145903534757e-09,8.227136635819264e-08,1.7406173378262244e-07,3.916389010109005e-07,1.0878858361413902e-06,6.799286475883689e-06,2.7197145903534755e-05,2.7197145903534757e-09,8.227136635819264e-08,1.7406173378262244e-07,3.916389010109005e-07,1.0878858361413902e-06,6.799286475883689e-06,2.7197145903534755e-05
275,-789698687932852664,proposed,True,True,1718,-0.001930439610521491,-0.0019304395879845247,-0.001930439610521491,0.028996289353329745,607669,-2.259956549309049e-11,-1.900899017032894e-14,2.9394301303276767e-08,0.00021780688150857942,0,5.605939533633671e-05,0.0016957967089241855,0.0035878013015255496,0.008072552928432487,0.022423758134534684,0.1401484883408418,0.5605939533633671,4.532215552077122e-09,1.3709952045033294e-07,2.900617953329358e-07,6.526390394991056e-07,1.812886220830849e-06,1.1330538880192805e-05,4.532215552077122e-05,4.532215552077122e-09,1.3709952045033294e-07,2.900617953329358e-07,6.526390394991056e-07,1.812886220830849e-06,1.1330538880192805e-05,4.532215552077122e-05
276,-1659164432337637645,proposed,True,True,2393,-0.0019362934249593552,-0.001936293294377165,-0.0019362934249593552,0.0289668384861463,601410,-1.3082566689227939e-10,9.85939791597827e-15,2.3845042833170693e-08,0.00014934795167108995,0,5.59453991321399e-05,0.0016923483237472321,0.003580505544456954,0.008056137475028147,0.022378159652855962,0.13986349783034976,0.5594539913213991,4.555310925001512e-09,1.3779815548129572e-07,2.9153989920009674e-07,6.559647732002177e-07,1.8221243700006046e-06,1.138827731250378e-05,4.555310925001512e-05,4.555310925001512e-09,1.3779815548129572e-07,2.9153989920009674e-07,6.559647732002177e-07,1.8221243700006046e-06,1.138827731250378e-05,4.555310925001512e-05
277,49837305221464261,proposed,True,True,6671,-0.0020053328421365257,-0.0020053326771404508,-0.0020053328421365257,0.030536114213250195,596200,-1.6532294352511525e-10,4.668422466436206e-15,4.3078213913804155e-09,0.0002096082778178945,0,6.217435851375218e-05,0.0018807743450410034,0.003979158944880139,0.008953107625980315,0.024869743405500872,0.15543589628438045,0.6217435851375218,4.738287797936223e-09,1.4333320588757076e-07,3.032504190679183e-07,6.823134429028162e-07,1.8953151191744892e-06,1.1845719494840557e-05,4.738287797936223e-05,4.738287797936223e-09,1.4333320588757076e-07,3.032504190679183e-07,6.823134429028162e-07,1.8953151191744892e-06,1.1845719494840557e-05,4.738287797936223e-05
278,6555151911501386125,proposed,True,True,31982,-0.002060364687124905,-0.0020603647636854173,-0.002060364687124905,0.03253177797424132,591856,7.672123159630363e-11,2.6510745811115215e-15,-5.1526679213725056e-08,0.00027865614642853494,0,7.072385378833131e-05,0.002139396577097022,0.004526326642453204,0.01018423494551971,0.028289541515332525,0.1768096344708283,0.7072385378833131,1.3814146583513246e-08,4.178779341512757e-07,8.841053813448477e-07,1.9892371080259072e-06,5.525658633405298e-06,3.453536645878311e-05,0.00013814146583513245,1.3814146583513246e-08,4.178779341512757e-07,8.841053813448477e-07,1.9892371080259072e-06,5.525658633405298e-06,3.453536645878311e-05,0.00013814146583513245
279,8771200564907710175,proposed,True,True,1678,-0.002213668404477513,-0.002213668258248662,-0.002213668404477513,0.03322641018411792,587763,-1.4655703026596823e-10,-3.758796511786616e-15,-2.52969271677981e-08,0.00014925036281769543,0,7.360362964071814e-05,0.0022265097966317235,0.004710632297005961,0.010598922668263412,0.029441451856287257,0.18400907410179534,0.7360362964071814,4.631039624452987e-09,1.4008894863970287e-07,2.963865359649912e-07,6.668697059212301e-07,1.8524158497811948e-06,1.1577599061132468e-05,4.631039624452987e-05,4.631039624452987e-09,1.4008894863970287e-07,2.963865359649912e-07,6.668697059212301e-07,1.8524158497811948e-06,1.1577599061132468e-05,4.631039624452987e-05
280,5007877465411845487,proposed,True,True,1283,-0.00235861676107804,-0.002358616686626009,-0.00235861676107804,0.03542647153092018,584357,-7.462457208895251e-11,3.4777315356559946e-15,4.270178653929681e-08,0.0002489413788018655,0,8.36733964796811e-05,0.0025311202435103534,0.0053550973746995904,0.01204896909307408,0.03346935859187244,0.20918349119920276,0.8367339647968111,6.8718412337845015e-09,2.0787319732198118e-07,4.397978389622081e-07,9.895451376649682e-07,2.7487364935138006e-06,1.7179603084461252e-05,6.871841233784501e-05,6.8718412337845015e-09,2.0787319732198118e-07,4.397978389622081e-07,9.895451376649682e-07,2.7487364935138006e-06,1.7179603084461252e-05,6.871841233784501e-05
281,-3147409681897922532,proposed,True,True,4661,-0.0015890650691536363,-0.0015890651175928326,-0.0015890650691536363,0.02384522495681603,602920,4.852632991704295e-11,1.0038086918600305e-14,-3.872076785108281e-08,0.00017684898206358192,0,3.7914814321967425e-05,0.0011469231332395147,0.002426548116605915,0.0054597332623633095,0.01516592572878697,0.09478703580491857,0.37914814321967427,4.45305859663255e-09,1.3470502254813465e-07,2.849957501844832e-07,6.412404379150872e-07,1.7812234386530201e-06,1.1132646491581375e-05,4.45305859663255e-05,4.45305859663255e-09,1.3470502254813465e-07,2.849957501844832e-07,6.412404379150872e-07,1.7812234386530201e-06,1.1132646491581375e-05,4.45305859663255e-05
282,7840955492635775745,proposed,True,True,1329,-0.0016761263723512542,-0.0016761263988745367,-0.0016761263723512542,0.02510889105993629,597035,2.6561985441968222e-11,-5.828060151149993e-15,-7.287209920420667e-09,0.00016091106821487027,0,4.2033828415332245e-05,0.0012715233095638005,0.0026901650185812637,0.006052871291807843,0.016813531366132898,0.10508457103833062,0.4203382841533225,3.958057787617027e-09,1.1973124807541505e-07,2.533156984074897e-07,5.699603214168518e-07,1.5832231150468107e-06,9.895144469042567e-06,3.9580577876170266e-05,3.958057787617027e-09,1.1973124807541505e-07,2.533156984074897e-07,5.699603214168518e-07,1.5832231150468107e-06,9.895144469042567e-06,3.9580577876170266e-05
283,-1331467957154055833,proposed,True,True,866,-0.0017279837501558658,-0.0017279838982496626,-0.0017279837501558658,0.026062641919999296,592040,1.483527622383225e-10,2.6189252887625658e-15,5.829667242412277e-09,0.00019637426691929624,0,4.528993927796968e-05,0.0013700206631585827,0.0028985561137900595,0.006521751256027634,0.018115975711187872,0.11322484819492419,0.45289939277969676,6.412704280413401e-09,1.939843044825054e-07,4.104130739464577e-07,9.234294163795297e-07,2.5650817121653607e-06,1.6031760701033502e-05,6.412704280413401e-05,6.412704280413401e-09,1.939843044825054e-07,4.104130739464577e-07,9.234294163795297e-07,2.5650817121653607e-06,1.6031760701033502e-05,6.412704280413401e-05
284,-2749175407807659317,proposed,True,True,986,-0.0018759840341765646,-0.0018759841118209462,-0.0018759840341765646,0.0281154664445121,586888,7.778983544999243e-11,-4.7943995352574e-16,-2.5282569902000654e-08,0.00015360754595051962,0,5.270339039522301e-05,0.001594277559455496,0.0033730169852942728,0.007589288216912114,0.021081356158089204,0.13175847598805754,0.5270339039522302,4.991374087286898e-09,1.5098906614042867e-07,3.194479415863615e-07,7.187578685693134e-07,1.9965496349147593e-06,1.2478435218217246e-05,4.991374087286898e-05,4.991374087286898e-09,1.5098906614042867e-07,3.194479415863615e-07,7.187578685693134e-07,1.9965496349147593e-06,1.2478435218217246e-05,4.991374087286898e-05
285,1157385120274370809,proposed,True,True,1230,-0.001914531345788415,-0.001914531525018885,-0.001914531345788415,0.02876655056735012,583644,1.7957522996710302e-10,9.59157781171728e-16,3.2167697612964114e-08,0.00020233953323371733,0,5.51817650574668e-05,0.0016692483929883707,0.003531632963677875,0.007946174168275219,0.02207270602298672,0.137954412643667,0.551817650574668,4.753188497617599e-09,1.4378395205293238e-07,3.0420406384752635e-07,6.844591436569343e-07,1.9012753990470397e-06,1.1882971244043997e-05,4.753188497617599e-05,4.753188497617599e-09,1.4378395205293238e-07,3.0420406384752635e-07,6.844591436569343e-07,1.9012753990470397e-06,1.1882971244043997e-05,4.753188497617599e-05
286,-3774626544830718609,proposed,True,True,1719,-0.0019430402795048878,-0.00194304005744163,-0.0019430402795048878,0.02902050500137542,580059,-2.2249762275850928e-10,-2.047169962752333e-15,-3.79958887762318e-08,0.0002464604773001933,0,5.615362014615962e-05,0.0016986470094213285,0.0035938316893542157,0.008086121301046986,0.022461448058463847,0.14038405036539905,0.5615362014615962,6.131874765703397e-09,1.8548921166252776e-07,3.924399850050174e-07,8.829899662612891e-07,2.4527499062813587e-06,1.532968691425849e-05,6.131874765703397e-05,6.131874765703397e-09,1.8548921166252776e-07,3.924399850050174e-07,8.829899662612891e-07,2.4527499062813587e-06,1.532968691425849e-05,6.131874765703397e-05
287,151601460963325328,proposed,True,True,2854,-0.001790200292306995,-0.0017902001772917406,-0.001790200292306995,0.02709792109366885,572363,-1.1522106114840436e-10,4.628309530513049e-16,-2.8262901309082787e-08,0.00016591190362505456,0,4.8960384409693014e-05,0.0014810516283932137,0.003133464602220353,0.007050295354995794,0.019584153763877205,0.12240096102423254,0.48960384409693014,4.663291302445122e-09,1.4106456189896496e-07,2.984506433564878e-07,6.715139475520976e-07,1.865316520978049e-06,1.1658228256112805e-05,4.663291302445122e-05,4.663291302445122e-09,1.4106456189896496e-07,2.984506433564878e-07,6.715139475520976e-07,1.865316520978049e-06,1.1658228256112805e-05,4.663291302445122e-05
288,-6953501222080150689,proposed,True,True,6841,-0.0015309960133623325,-0.0015309958043631566,-0.0015309960133623325,0.022544824318316378,556544,-2.093197544460583e-10,-1.1098797152746777e-16,-1.699906568801819e-08,0.00017446842371311142,0,3.390042236740334e-05,0.001025487776613951,0.0021696270315138136,0.00488166082090608,0.013560168946961335,0.08475105591850834,0.3390042236740334,5.273500750054573e-09,1.5952339768915083e-07,3.3750404800349265e-07,7.593841080078585e-07,2.109400300021829e-06,1.3183751875136431e-05,5.2735007500545726e-05,5.273500750054573e-09,1.5952339768915083e-07,3.3750404800349265e-07,7.593841080078585e-07,2.109400300021829e-06,1.3183751875136431e-05,5.2735007500545726e-05
289,4527608311120167856,proposed,True,True,2105,-0.0015298927288011845,-0.0015298926479689746,-0.0015298927288011845,0.023100899632377155,588712,-8.095559036769813e-11,4.73651831626552e-16,-2.568947863956734e-08,0.00013320361942191554,0,3.558105028501838e-05,0.001076326771121806,0.0022771872182411764,0.0051236712410426466,0.014232420114007353,0.08895262571254595,0.3558105028501838,4.139871286933091e-09,1.25231106429726e-07,2.6495176236371784e-07,5.961414653183651e-07,1.6559485147732366e-06,1.0349678217332728e-05,4.1398712869330913e-05,4.139871286933091e-09,1.25231106429726e-07,2.6495176236371784e-07,5.961414653183651e-07,1.6559485147732366e-06,1.0349678217332728e-05,4.1398712869330913e-05
290,5618120957212666908,proposed,True,True,4112,-0.001625878450558932,-0.001625878694927204,-0.001625878450558932,0.02410051098936882,583856,2.44766613613129e-10,3.814043012867715e-16,1.8786458724186525e-08,0.00019364721897640518,0,3.872772314725104e-05,0.001171513625204344,0.0024785742814240667,0.00557679213320415,0.015491089258900416,0.0968193078681276,0.3872772314725104,5.9833653496569644e-09,1.8099680182712318e-07,3.829353823780457e-07,8.616046103506029e-07,2.393346139862786e-06,1.4958413374142411e-05,5.9833653496569644e-05,5.9833653496569644e-09,1.8099680182712318e-07,3.829353823780457e-07,8.616046103506029e-07,2.393346139862786e-06,1.4958413374142411e-05,5.9833653496569644e-05
291,662925771617594785,proposed,True,True,12362,-0.0016225571529031,-0.0016225572778639876,-0.0016225571529031,0.023431500683268134,579730,1.2516357989222135e-10,-3.933106198881429e-16,2.0155241147600098e-08,0.0001667795924015385,0,3.665347493642007e-05,0.0011087676168267072,0.0023458223959308844,0.0052781003908444896,0.014661389974568027,0.09163368734105018,0.3665347493642007,5.2193730176747644e-09,1.5788603378466163e-07,3.340398731311849e-07,7.515897145451661e-07,2.087749207069906e-06,1.3048432544186911e-05,5.2193730176747645e-05,5.2193730176747644e-09,1.5788603378466163e-07,3.340398731311849e-07,7.515897145451661e-07,2.087749207069906e-06,1.3048432544186911e-05,5.2193730176747645e-05
292,7004981434830448376,proposed,True,True,6665,-0.001571085282361203,-0.0015710852678834236,-0.001571085282361203,0.02370016338341425,577253,-1.4498275127470695e-11,2.285863337938312e-15,-1.439653086039037e-08,0.0002378297558835434,0,3.74537579641046e-05,0.0011329761784141643,0.0023970405097026946,0.005393341146831062,0.01498150318564184,0.0936343949102615,0.374537579641046,9.937673379710862e-09,3.006146197362536e-07,6.360110963014952e-07,1.4310249666783642e-06,3.9750693518843445e-06,2.4844183449277156e-05,9.937673379710863e-05,9.937673379710862e-09,3.006146197362536e-07,6.360110963014952e-07,1.4310249666783642e-06,3.9750693518843445e-06,2.4844183449277156e-05,9.937673379710863e-05
293,1686522388696300406,proposed,True,True,1627,-0.001554569269486869,-0.001554569128779111,-0.001554569269486869,0.023428160535116687,569529,-1.4092563031575557e-10,1.2080739545294121e-15,8.363724408891372e-09,0.000283662444136329,0,3.65967004817589e-05,0.0011070501895732068,0.0023421888308325697,0.005269924869373282,0.01463868019270356,0.09149175120439726,0.36596700481758904,1.0918668452776001e-08,3.30289720696474e-07,6.987947809776641e-07,1.5722882571997442e-06,4.3674673811104e-06,2.729667113194e-05,0.00010918668452776,1.0918668452776001e-08,3.30289720696474e-07,6.987947809776641e-07,1.5722882571997442e-06,4.3674673811104e-06,2.729667113194e-05,0.00010918668452776
294,7665186156483213818,proposed,True,True,3234,-0.0017889357091387748,-0.001788935844332523,-0.0017889357091387748,0.0265384100455062,601687,1.3542938806539832e-10,-6.6463768908925475e-15,-2.480599819875934e-08,0.00013894511498274025,0,4.696534475843977e-05,0.001420701678942803,0.003005782064540145,0.006763009645215327,0.018786137903375907,0.11741336189609942,0.4696534475843977,4.836670847470336e-09,1.4630929313597766e-07,3.095469342381015e-07,6.964806020357283e-07,1.9346683389881342e-06,1.209167711867584e-05,4.836670847470336e-05,4.836670847470336e-09,1.4630929313597766e-07,3.095469342381015e-07,6.964806020357283e-07,1.9346683389881342e-06,1.209167711867584e-05,4.836670847470336e-05
295,-1906928442344696145,proposed,True,True,20759,-0.0018957575497774374,-0.0018957575330094145,-0.0018957575497774374,0.02872381338865631,595324,-1.6804688143078408e-11,-4.816560187542121e-15,-1.1168805621336733e-08,0.00019986583005472295,0,5.501346727045133e-05,0.0016641573849311528,0.0035208619053088853,0.007921939286944991,0.022005386908180533,0.13753366817612833,0.5501346727045133,8.536604285435886e-09,2.582322796344355e-07,5.463426742678967e-07,1.2292710171027676e-06,3.4146417141743543e-06,2.1341510713589713e-05,8.536604285435885e-05,8.53312285367459e-09,2.5812696632365637e-07,5.461198626351738e-07,1.228769690929141e-06,3.413249141469836e-06,2.1332807134186478e-05,8.533122853674591e-05
296,3995803337867685182,proposed,True,True,1611,-0.002058521820923529,-0.0020585218157681703,-0.002058521820923529,0.030794685247211014,589502,-5.15795718687971e-12,8.036198716417602e-15,1.0734108192353498e-08,0.00021255885565180387,0,6.322417766051698e-05,0.0019125313742306387,0.004046347370273087,0.009104281583114446,0.025289671064206792,0.15806044415129247,0.6322417766051699,5.909200159946804e-09,1.7875330483839083e-07,3.7818881023659546e-07,8.509248230323398e-07,2.3636800639787217e-06,1.477300039986701e-05,5.909200159946804e-05,5.909200159946804e-09,1.7875330483839083e-07,3.7818881023659546e-07,8.509248230323398e-07,2.3636800639787217e-06,1.477300039986701e-05,5.909200159946804e-05
297,-4998367400819783185,proposed,True,True,1207,-0.002261163758491365,-0.0022611636074357923,-0.002261163758491365,0.03364979885129612,584979,-1.5139763499938789e-10,2.7302255332207e-16,-2.950383655806765e-08,0.00011295249702984381,0,7.549673401607037e-05,0.0022837762039861287,0.004831790977028504,0.010871529698314134,0.03019869360642815,0.18874183504017594,0.7549673401607038,2.241891018982608e-09,6.78172033242239e-08,1.434810252148869e-07,3.228323067334955e-07,8.967564075930432e-07,5.60472754745652e-06,2.241891018982608e-05,2.241891018982608e-09,6.78172033242239e-08,1.434810252148869e-07,3.228323067334955e-07,8.967564075930432e-07,5.60472754745652e-06,2.241891018982608e-05
298,4455807630672617521,proposed,True,True,8740,-0.0017867346457676539,-0.0017867344722013712,-0.0017867346457676539,0.025569049723591118,615832,-1.7388283896669653e-10,-5.8843956591359274e-15,-1.8041766184326696e-08,0.00019025836683328747,0,4.3669799805514906e-05,0.001321011444116826,0.002794867187552954,0.006288451171994147,0.017467919922205963,0.10917449951378727,0.4366979980551491,6.087916202232834e-09,1.841594651175432e-07,3.8962663694290136e-07,8.766599331215281e-07,2.4351664808931335e-06,1.5219790505582085e-05,6.087916202232834e-05,6.077535864754527e-09,1.8384545990882444e-07,3.8896229534428975e-07,8.751651645246519e-07,2.431014345901811e-06,1.5193839661886319e-05,6.0775358647545276e-05
299,-5119119648623851928,proposed,True,True,2645,-0.0014825756381061782,-0.0014825757628836034,-0.0014825756381061782,0.022198042788399916,606018,1.2497155284454202e-10,8.861048012877094e-15,-3.321602674599418e-08,0.00018246213281545432,0,3.285433820623671e-05,0.0009938437307386605,0.0021026776451991496,0.004731024701698086,0.013141735282494686,0.08213584551559178,0.3285433820623671,5.787322483534654e-09,1.7506650512692327e-07,3.7038863894621786e-07,8.333744376289902e-07,2.3149289934138617e-06,1.4468306208836635e-05,5.787322483534654e-05,5.787322483534654e-09,1.7506650512692327e-07,3.7038863894621786e-07,8.333744376289902e-07,2.3149289934138617e-06,1.4468306208836635e-05,5.787322483534654e-05
300,385433975249051751,proposed,True,True,860,-0.0015642428478256608,-0.0015642426397493466,-0.0015642428478256608,0.02321841838513122,598215,-2.0840432600124687e-10,-2.0199392404027296e-15,-4.8316057475365005e-09,0.0002507971527584846,0,3.5946610433086374e-05,0.0010873849656008628,0.002300583067717528,0.005176311902364438,0.01437864417323455,0.08986652608271593,0.35946610433086373,6.3981030313964675e-09,1.9354261669974314e-07,4.094785940093739e-07,9.213268365210913e-07,2.559241212558587e-06,1.5995257578491168e-05,6.398103031396467e-05,6.3981030313964675e-09,1.9354261669974314e-07,4.094785940093739e-07,9.213268365210913e-07,2.559241212558587e-06,1.5995257578491168e-05,6.398103031396467e-05
301,-3743808214458113221,proposed,True,True,837,-0.0016136242937209151,-0.0016136243602996145,-0.0016136242937209151,0.024312937448106035,591583,6.668447362418913e-11,-1.8324584166151297e-15,2.688419767003429e-08,0.00016424698990538615,0,3.9423892855278784e-05,0.0011925727588721832,0.002523129142737842,0.005677040571160145,0.015769557142111514,0.09855973213819696,0.39423892855278786,5.4980093290233775e-09,1.6631478220295716e-07,3.5187259705749616e-07,7.917133433793664e-07,2.199203731609351e-06,1.3745023322558443e-05,5.498009329023377e-05,5.4980093290233775e-09,1.6631478220295716e-07,3.5187259705749616e-07,7.917133433793664e-07,2.199203731609351e-06,1.3745023322558443e-05,5.498009329023377e-05
302,138769219286326545,proposed,True,True,1244,-0.0017509205583295328,-0.0017509206806324716,-0.0017509205583295328,0.026155091920499366,585601,1.2252021761051063e-10,2.7604161133352754e-15,-2.9005293697877507e-08,0.0001364096885396676,0,4.561164562425686e-05,0.0013797522801337698,0.002919145319952439,0.006568076969892987,0.01824465824970274,0.11402911406064214,0.4561164562425686,3.3638060248823705e-09,1.017551322526917e-07,2.1528358559247171e-07,4.843880675830614e-07,1.3455224099529482e-06,8.409515062205926e-06,3.3638060248823704e-05,3.3638060248823705e-09,1.017551322526917e-07,2.1528358559247171e-07,4.843880675830614e-07,1.3455224099529482e-06,8.409515062205926e-06,3.3638060248823704e-05
303,5505226202437040045,proposed,True,True,2327,-0.0018586214311612456,-0.0018586212560002464,-0.0018586214311612456,0.027809598848535882,581419,-1.7548600477920602e-10,1.158508267464741e-15,8.768675746367258e-09,0.00019699067454658124,0,5.1565913269788595e-05,0.001559868876411105,0.00330021844926647,0.007425491510849558,0.020626365307915437,0.1289147831744715,0.515659132697886,5.8380899969784586e-09,1.7660222240859836e-07,3.7363775980662135e-07,8.40684959564898e-07,2.3352359987913833e-06,1.4595224992446147e-05,5.838089996978459e-05,5.8380899969784586e-09,1.7660222240859836e-07,3.7363775980662135e-07,8.40684959564898e-07,2.3352359987913833e-06,1.4595224992446147e-05,5.838089996978459e-05
304,-4055176971796855720,proposed,True,True,4478,-0.001756251871535397,-0.0017562515927678165,-0.001756251871535397,0.02659180601874456,575681,-2.7925797907344876e-10,4.881364106026403e-17,-2.762361565755597e-08,0.00019464544530494663,0,4.714913885153195e-05,0.0014262614502588413,0.0030175448864980447,0.006789475994620601,0.01885965554061278,0.11787284712882987,0.47149138851531947,7.490692099754197e-09,2.2659343601756446e-07,4.794042943842686e-07,1.0786596623646044e-06,2.996276839901679e-06,1.8726730249385494e-05,7.490692099754197e-05,7.490692099754197e-09,2.2659343601756446e-07,4.794042943842686e-07,1.0786596623646044e-06,2.996276839901679e-06,1.8726730249385494e-05,7.490692099754197e-05
305,-2756392075699582131,proposed,True,True,13911,-0.0015967948530406725,-0.0015967948113033048,-0.0015967948530406725,0.024580308889186397,563895,-4.180487096744531e-11,-7.507451423548282e-16,2.2419325848366066e-08,0.00014800019368140213,0,4.031480011613945e-05,0.0012195227035132184,0.0025801472074329247,0.00580533121672408,0.01612592004645578,0.10078700029034862,0.4031480011613945,5.068219053636194e-09,1.5331362637249487e-07,3.243660194327164e-07,7.298235437236119e-07,2.0272876214544776e-06,1.2670547634090484e-05,5.0682190536361937e-05,5.068219053636194e-09,1.5331362637249487e-07,3.243660194327164e-07,7.298235437236119e-07,2.0272876214544776e-06,1.2670547634090484e-05,5.0682190536361937e-05
306,5302488455982228529,proposed,True,True,730,-0.0014295260048590652,-0.0014295260626296371,-0.0014295260048590652,0.021517515683688256,596618,5.785183067847049e-11,-1.4440005250148804e-15,-9.839917386429138e-09,0.00022858242818689497,0,3.0872291787378715e-05,0.0009338868265682061,0.0019758266743922378,0.004445610017382535,0.012348916714951487,0.07718072946844678,0.30872291787378714,8.464638306490711e-09,2.5605530877134405e-07,5.417368516154055e-07,1.2189079161346624e-06,3.3858553225962845e-06,2.1161595766226777e-05,8.464638306490711e-05,8.464638306490711e-09,2.5605530877134405e-07,5.417368516154055e-07,1.2189079161346624e-06,3.3858553225962845e-06,2.1161595766226777e-05,8.464638306490711e-05
307,1598055406485528054,proposed,True,True,1148,-0.0015189129332696474,-0.001518913070156693,-0.0015189129332696474,0.022505986125473696,589794,1.370944409723981e-10,-8.405135804561249e-16,2.1457077054149734e-09,0.00020031028254417627,0,3.3780573797354085e-05,0.001021862357369961,0.0021619567230306614,0.0048644026268189885,0.013512229518941633,0.08445143449338521,0.33780573797354085,6.580621856182049e-09,1.9906381114950697e-07,4.2115979879565114e-07,9.47609547290215e-07,2.6322487424728197e-06,1.645155464045512e-05,6.580621856182048e-05,6.580621856182049e-09,1.9906381114950697e-07,4.2115979879565114e-07,9.47609547290215e-07,2.6322487424728197e-06,1.645155464045512e-05,6.580621856182048e-05
308,5023364859894799627,proposed,True,True,2172,-0.0015689910902381826,-0.0015689911137566693,-0.0015689910902381826,0.023373129803721242,583525,2.3554104991459926e-11,-1.3400036703415009e-15,7.946699944168108e-09,0.0002142590874318936,0,3.642764321328576e-05,0.001101936207201894,0.0023313691656502884,0.005245580622713149,0.014571057285314302,0.09106910803321439,0.36427643213285754,4.719838307529063e-09,1.4277510880275417e-07,3.0206965168186005e-07,6.796567162841851e-07,1.8879353230116254e-06,1.1799595768822657e-05,4.719838307529063e-05,4.719838307529063e-09,1.4277510880275417e-07,3.0206965168186005e-07,6.796567162841851e-07,1.8879353230116254e-06,1.1799595768822657e-05,4.719838307529063e-05
309,-6939617068025499413,proposed,True,True,9387,-0.0015610061463957328,-0.0015610061569368895,-0.0015610061463957328,0.023708104140589065,578420,1.055533432747134e-11,-2.302989102876079e-15,1.067393418156479e-08,0.0001986891780684156,0,3.748754475825764e-05,0.0011339982289372936,0.0023992028645284887,0.0053982064451891,0.014995017903303055,0.09371886189564409,0.37487544758257635,5.942186651722902e-09,1.7975114621461777e-07,3.802999457102657e-07,8.556748778480978e-07,2.376874660689161e-06,1.4855466629307254e-05,5.9421866517229015e-05,5.942186651722902e-09,1.7975114621461777e-07,3.802999457102657e-07,8.556748778480978e-07,2.376874660689161e-06,1.4855466629307254e-05,5.9421866517229015e-05
310,-510003994118919637,proposed,True,True,2440,-0.0015510921014438692,-0.0015510920827215278,-0.0015510921014438692,0.023234688957756152,573651,-1.8750792079233593e-11,6.344448446385374e-16,-4.9117686627004336e-08,0.00019822888578380885,0,3.5998953256089756e-05,0.001088968335996715,0.0023039330083897444,0.005183849268876925,0.014399581302435903,0.08999738314022439,0.35998953256089755,7.002304514614395e-09,2.1181971156708547e-07,4.481474889353213e-07,1.008331850104473e-06,2.800921805845758e-06,1.7505761286535987e-05,7.002304514614395e-05,7.002304514614395e-09,2.1181971156708547e-07,4.481474889353213e-07,1.008331850104473e-06,2.800921805845758e-06,1.7505761286535987e-05,7.002304514614395e-05
311,8500094789607202888,proposed,True,True,962,-0.0014962790888114342,-0.0014962787786241098,-0.0014962790888114342,0.02245524126487922,564748,-3.106509238117097e-10,1.22291334481826e-15,-1.9936356483770323e-08,0.0001692224063235123,0,3.362901391265112e-05,0.0010172776708576965,0.0021522568904096717,0.004842578003421761,0.013451605565060448,0.08407253478162781,0.33629013912651123,4.26141651192246e-09,1.289078494856544e-07,2.7273065676303743e-07,6.136439777168343e-07,1.7045666047689839e-06,1.065354127980615e-05,4.26141651192246e-05,4.26141651192246e-09,1.289078494856544e-07,2.7273065676303743e-07,6.136439777168343e-07,1.7045666047689839e-06,1.065354127980615e-05,4.26141651192246e-05
312,-6831982391799909377,proposed,True,True,510,-0.0011933095162470705,-0.0011933096690672144,-0.0011933095162470705,0.01788779571148072,544936,1.5300185527412725e-10,-8.681890722772946e-16,-5.2795927972308146e-08,0.00016159620272152808,0,2.134205935126176e-05,0.0006455972953756682,0.0013658917984807526,0.0030732565465816934,0.008536823740504703,0.053355148378154395,0.21342059351261758,5.48909824531842e-09,1.660452219208822e-07,3.513022877003789e-07,7.904301473258525e-07,2.195639298127368e-06,1.372274561329605e-05,5.48909824531842e-05,5.48909824531842e-09,1.660452219208822e-07,3.513022877003789e-07,7.904301473258525e-07,2.195639298127368e-06,1.372274561329605e-05,5.48909824531842e-05
313,3791250399170510886,proposed,True,True,603,-0.0010368680032579816,-0.0010368681235935608,-0.0010368680032579816,0.015531107032239465,527520,1.204585371555963e-10,-1.943688887077005e-15,4.826888240138148e-08,0.0001670629195847944,0,1.6088141628790973e-05,0.0004866662842709269,0.0010296410642426223,0.0023166923945459003,0.006435256651516389,0.04022035407197743,0.16088141628790972,5.545309307816223e-09,1.6774560656144073e-07,3.5489979570023825e-07,7.985245403255361e-07,2.218123723126489e-06,1.3863273269540557e-05,5.545309307816223e-05,5.545309307816223e-09,1.6774560656144073e-07,3.5489979570023825e-07,7.985245403255361e-07,2.218123723126489e-06,1.3863273269540557e-05,5.545309307816223e-05
314,3137770323868241004,proposed,True,True,823,-0.0009690108120543904,-0.000969010715120212,-0.0009690108120543904,0.014589537857023447,516253,-9.703018138083021e-11,-1.9815828590129473e-15,2.550630785873975e-08,0.00016290480675087673,0,1.4196017144243366e-05,0.00042942951861336183,0.0009085450972315754,0.0020442264687710447,0.005678406857697346,0.03549004286060842,0.14196017144243367,4.467479052132854e-09,1.3514124132701883e-07,2.8591865933650265e-07,6.433169835071309e-07,1.7869916208531416e-06,1.1168697630332135e-05,4.467479052132854e-05,4.467479052132854e-09,1.3514124132701883e-07,2.8591865933650265e-07,6.433169835071309e-07,1.7869916208531416e-06,1.1168697630332135e-05,4.467479052132854e-05
315,8063474750895740963,proposed,True,True,931,-0.0016309945251763462,-0.001630994629394623,-0.0016309945251763462,0.024301389636235363,577071,1.043872988463909e-10,-1.235076664250375e-15,1.2185580860217793e-08,0.00023030263655340297,0,3.937414493401258e-05,0.0011910678842538805,0.002519945275776805,0.005669876870497812,0.01574965797360503,0.09843536233503145,0.3937414493401258,9.681056148782726e-09,2.9285194850067747e-07,6.195875935220944e-07,1.3940720854247125e-06,3.87242245951309e-06,2.4202640371956813e-05,9.681056148782725e-05,9.681056148782726e-09,2.9285194850067747e-07,6.195875935220944e-07,1.3940720854247125e-06,3.87242245951309e-06,2.4202640371956813e-05,9.681056148782725e-05
316,-2082458261816221582,proposed,True,True,2256,-0.0015470331517742453,-0.0015470333603607093,-0.0015470331517742453,0.02325618698556404,572393,2.0890978050949754e-10,1.2610305653932074e-16,-6.614955991064293e-09,0.0002990526184927825,0,3.6058322926388144e-05,0.0010907642685232413,0.002307732667288841,0.005192398501399893,0.014423329170555258,0.09014580731597036,0.3605832292638814,7.953016128983997e-09,2.405787379017659e-07,5.089930322549758e-07,1.1452343225736957e-06,3.181206451593599e-06,1.9882540322459992e-05,7.953016128983997e-05,7.953016128983997e-09,2.405787379017659e-07,5.089930322549758e-07,1.1452343225736957e-06,3.181206451593599e-06,1.9882540322459992e-05,7.953016128983997e-05
317,-5602829172905488131,proposed,True,True,1495,-0.0017901008262731007,-0.0017901009813320158,-0.0017901008262731007,0.02677528787980522,614091,1.553434942960139e-10,6.510149777317993e-15,-3.2730677594303427e-09,0.00011519728447322662,0,4.779758218436314e-05,0.001445876861076985,0.003059045259799241,0.006882851834548292,0.019119032873745258,0.11949395546090785,0.4779758218436314,2.6909050303816497e-09,8.13998771690449e-08,1.7221792194442558e-07,3.8749032437495755e-07,1.07636201215266e-06,6.727262575954124e-06,2.6909050303816498e-05,2.6909050303816497e-09,8.13998771690449e-08,1.7221792194442558e-07,3.8749032437495755e-07,1.07636201215266e-06,6.727262575954124e-06,2.6909050303816498e-05
318,8858464004521561015,proposed,True,True,4470,-0.0015245085448843327,-0.0015245085886068568,-0.0015245085448843327,0.022564140483241128,604147,4.3791975529846187e-11,2.694460050719196e-15,4.0089744263471347e-08,0.00024098849626177452,0,3.395224023060275e-05,0.0010270552669757332,0.002172943374758576,0.004889122593206795,0.013580896092241099,0.08488060057650687,0.3395224023060275,1.3337318308005301e-08,4.034538788171604e-07,8.535883717123393e-07,1.9205738363527632e-06,5.33492732320212e-06,3.3343295770013254e-05,0.00013337318308005302,1.3337318308005301e-08,4.034538788171604e-07,8.535883717123393e-07,1.9205738363527632e-06,5.33492732320212e-06,3.3343295770013254e-05,0.00013337318308005302
319,3463602161817361454,proposed,True,True,1613,-0.0015491099876417537,-0.0015491099900667735,-0.0015491099876417537,0.02344002186152312,594876,2.4335718999966775e-12,4.789519225802363e-15,-4.93779465822341e-09,0.0001196761139200739,0,3.663344532196403e-05,0.001108161720989412,0.002344540500605698,0.0052752161263628205,0.014653378128785612,0.09158361330491008,0.3663344532196403,2.6124957659838377e-09,7.90279969210111e-08,1.6719972902296562e-07,3.7619939030167264e-07,1.044998306393535e-06,6.531239414959595e-06,2.612495765983838e-05,2.6124957659838377e-09,7.90279969210111e-08,1.6719972902296562e-07,3.7619939030167264e-07,1.044998306393535e-06,6.531239414959595e-06,2.612495765983838e-05
320,-8810182914505647048,proposed,True,True,879,-0.0017339954276614385,-0.001733995490938646,-0.0017339954276614385,0.025754405806208153,587495,6.338741756625017e-11,2.970550718278117e-16,3.3084168671395115e-08,0.00015020604660740175,0,4.423215531876773e-05,0.0013380226983927238,0.0028308579404011346,0.006369430365902553,0.017692862127507092,0.11058038829691932,0.4423215531876773,5.0289953132790415e-09,1.52127108226691e-07,3.2185570004985865e-07,7.241753251121819e-07,2.0115981253116164e-06,1.2572488283197603e-05,5.028995313279041e-05,5.0289953132790415e-09,1.52127108226691e-07,3.2185570004985865e-07,7.241753251121819e-07,2.0115981253116164e-06,1.2572488283197603e-05,5.028995313279041e-05
321,-5934879221955148907,proposed,True,True,1631,-0.0018255970243782607,-0.0018255971340301945,-0.0018255970243782607,0.0272723084807522,581745,1.0985732275088684e-10,4.842532828176688e-15,1.4156599300725979e-08,0.0002874196002971217,0,4.959828571826745e-05,0.0015003481429775904,0.0031742902859691166,0.007142153143430512,0.01983931428730698,0.12399571429566862,0.4959828571826745,1.007402303634265e-08,3.0473919684936516e-07,6.447374743259296e-07,1.4506593172333418e-06,4.0296092145370605e-06,2.5185057590856627e-05,0.00010074023036342651,1.007402303634265e-08,3.0473919684936516e-07,6.447374743259296e-07,1.4506593172333418e-06,4.0296092145370605e-06,2.5185057590856627e-05,0.00010074023036342651
322,7652499386722305602,proposed,True,True,3678,-0.0017431044272838744,-0.0017431044241303,-0.0017431044272838744,0.0263799050702354,575804,-3.157751841991755e-12,1.3293101841177069e-15,-2.472796384171778e-08,0.00019453851549627158,0,4.640060825435949e-05,0.0014036183996943745,0.002969638928279007,0.006681687588627766,0.018560243301743794,0.11600152063589872,0.4640060825435949,5.4895498259375884e-09,1.6605888223461205e-07,3.5133118886000566e-07,7.904951749350127e-07,2.195819930375035e-06,1.3723874564843971e-05,5.4895498259375886e-05,5.4895498259375884e-09,1.6605888223461205e-07,3.5133118886000566e-07,7.904951749350127e-07,2.195819930375035e-06,1.3723874564843971e-05,5.4895498259375886e-05
323,5451446987749980443,proposed,True,True,78449,-0.0014973642659924,-0.0014973643070676965,-0.0014973642659924,0.02238005204840212,557237,4.1136438943181525e-11,-4.546371037292523e-16,1.1646206754356482e-08,0.00019286764330690852,0,3.33969927384898e-05,0.0010102590303393165,0.002137407535263347,0.004809166954342531,0.013358797095395919,0.0834924818462245,0.333969927384898,4.6401346639436e-09,1.4036407358429391e-07,2.969686184923904e-07,6.681793916078785e-07,1.85605386557744e-06,1.1600336659859001e-05,4.6401346639436005e-05,4.640389136423145e-09,1.4037177137680014e-07,2.969849047310813e-07,6.682160356449328e-07,1.856155654569258e-06,1.1600972841057863e-05,4.640389136423145e-05
324,-3860556312513742811,proposed,True,True,3219,-0.0016163514106255967,-0.0016163515138995588,-0.0016163514106255967,0.024299414132466304,602933,1.0344069121650417e-10,-4.681085278553417e-16,-3.3770742138750336e-09,0.00015434126474208403,0,3.936838097113734e-05,0.0011908935243769045,0.00251957638215279,0.005669046859843777,0.015747352388454938,0.09842095242784335,0.3936838097113734,4.667683330781823e-09,1.4119742075615016e-07,2.987317331700367e-07,6.721463996325826e-07,1.8670733323127293e-06,1.1669208326954559e-05,4.6676833307818235e-05,4.667683330781823e-09,1.4119742075615016e-07,2.987317331700367e-07,6.721463996325826e-07,1.8670733323127293e-06,1.1669208326954559e-05,4.6676833307818235e-05
325,1538958414690709134,proposed,True,True,910,-0.0016563104322055659,-0.0016563105775812552,-0.0016563104322055659,0.024867838110194218,594819,1.4561581316820122e-10,-1.0630708211054126e-15,2.6072902312611465e-08,0.00015049403045293587,0,4.1232493163639525e-05,0.0012472829182000955,0.0026388795624729296,0.0059374790155640915,0.01649299726545581,0.1030812329090988,0.4123249316363952,4.13994216326475e-09,1.252332504387587e-07,2.64956298448944e-07,5.96151671510124e-07,1.6559768653059e-06,1.0349855408161875e-05,4.13994216326475e-05,4.13994216326475e-09,1.252332504387587e-07,2.64956298448944e-07,5.96151671510124e-07,1.6559768653059e-06,1.0349855408161875e-05,4.13994216326475e-05
326,8453499496214178737,proposed,True,True,2487,-0.0017028351849785832,-0.0017028353515086418,-0.0017028351849785832,0.025563268358798647,587300,1.6681694263688524e-10,2.827065464784162e-15,-2.3937087076283442e-08,0.00025630930349172576,0,4.356717262804925e-05,0.00131790697199849,0.002788299048195152,0.006273672858439092,0.0174268690512197,0.10891793157012312,0.4356717262804925,1.1165614025198831e-08,3.3775982426226467e-07,7.145992976127252e-07,1.6078484196286317e-06,4.466245610079533e-06,2.791403506299708e-05,0.00011165614025198832,1.1165614025198831e-08,3.3775982426226467e-07,7.145992976127252e-07,1.6078484196286317e-06,4.466245610079533e-06,2.791403506299708e-05,0.00011165614025198832
327,-3099051164208296409,proposed,True,True,1073,-0.0017015759570050606,-0.0017015758478816797,-0.0017015759570050606,0.02551789881822508,580424,-1.0931032130709955e-10,-9.421593513112306e-16,1.0614439185450908e-08,0.00011227264630281362,0,4.3414987665621077e-05,0.0013133033768850375,0.002778559210599749,0.006251758223849435,0.01736599506624843,0.10853746916405269,0.43414987665621074,2.6711594708801955e-09,8.080257399412591e-08,1.709542061363325e-07,3.8464696380674815e-07,1.068463788352078e-06,6.677898677200489e-06,2.6711594708801955e-05,2.6711594708801955e-09,8.080257399412591e-08,1.709542061363325e-07,3.8464696380674815e-07,1.068463788352078e-06,6.677898677200489e-06,2.6711594708801955e-05
328,-6478920781094447007,proposed,True,True,1355,-0.0016130710175719554,-0.001613070981248157,-0.0016130710175719554,0.024192527032077887,575100,-3.6386263225470104e-11,-3.777375547358388e-15,1.3679759234128997e-08,0.00015697606198561726,0,3.9028531793285704e-05,0.0011806130867468925,0.002497826034770285,0.0056201085782331415,0.01561141271731428,0.09757132948321426,0.39028531793285703,5.192123599112661e-09,1.57061738873158e-07,3.322959103432103e-07,7.476657982722231e-07,2.0768494396450643e-06,1.2980308997781653e-05,5.192123599112661e-05,5.192123599112661e-09,1.57061738873158e-07,3.322959103432103e-07,7.476657982722231e-07,2.0768494396450643e-06,1.2980308997781653e-05,5.192123599112661e-05
329,-7587424056583975574,proposed,True,True,15470,-0.001519717506697218,-0.0015197174134851722,-0.001519717506697218,0.023009913745396158,563260,-9.335442369829772e-11,-5.063429688854145e-16,4.200583807858614e-08,0.00023040106677539818,0,3.5305734353521265e-05,0.0010679984641940182,0.002259566998625361,0.005084025746907062,0.014122293741408507,0.08826433588380317,0.3530573435352127,8.217095835335148e-09,2.4856714901888824e-07,5.258941334614495e-07,1.1832618002882613e-06,3.2868383341340594e-06,2.054273958833787e-05,8.217095835335148e-05,8.217095835335148e-09,2.4856714901888824e-07,5.258941334614495e-07,1.1832618002882613e-06,3.2868383341340594e-06,2.054273958833787e-05,8.217095835335148e-05
330,-9179967720677822563,proposed,True,True,679,-0.0011748429586683766,-0.0011748432018084012,-0.0011748429586683766,0.017668886286814726,539493,2.434261323072506e-10,1.2032323634127846e-16,-4.7397036386849856e-08,0.00019458418606715626,0,2.0816942735697587e-05,0.0006297125177548521,0.0013322843350846456,0.0029976397539404525,0.008326777094279035,0.052042356839243964,0.20816942735697586,6.368934359540006e-09,1.9266026437608518e-07,4.076117990105604e-07,9.171265477737608e-07,2.5475737438160024e-06,1.5922335898850016e-05,6.368934359540006e-05,6.368934359540006e-09,1.9266026437608518e-07,4.076117990105604e-07,9.171265477737608e-07,2.5475737438160024e-06,1.5922335898850016e-05,6.368934359540006e-05
331,-8660435872545199746,proposed,True,True,512,-0.0010361582894077564,-0.0010361581659607147,-0.0010361582894077564,0.015531191007347624,523994,-1.2357457259133955e-10,5.124028515021332e-16,-3.1148030884690144e-08,0.00022560502294051088,0,1.608805925044905e-05,0.00048666379232608373,0.0010296357920287391,0.002316680532064663,0.0064352237001796195,0.04022014812612262,0.1608805925044905,1.1487106788407504e-08,3.4748498034932697e-07,7.351748344580802e-07,1.6541433775306806e-06,4.5948427153630016e-06,2.871776697101876e-05,0.00011487106788407503,1.1487106788407504e-08,3.4748498034932697e-07,7.351748344580802e-07,1.6541433775306806e-06,4.5948427153630016e-06,2.871776697101876e-05,0.00011487106788407503
332,4451990931861363421,proposed,True,True,7269,-0.0021707801164498265,-0.0021707802129990244,-0.0021707801164498265,0.032782150603992484,590176,9.675537640609879e-11,-3.86454904563897e-15,4.298582797137468e-08,8.799077915408781e-05,0,7.165340930759764e-05,0.0021675156315548285,0.004585818195686249,0.01031809094029406,0.028661363723039054,0.1791335232689941,0.7165340930759764,2.9499089494136173e-09,8.923474571976193e-08,1.887941727624715e-07,4.247868887155609e-07,1.179963579765447e-06,7.374772373534043e-06,2.9499089494136172e-05,2.9499089494136173e-09,8.923474571976193e-08,1.887941727624715e-07,4.247868887155609e-07,1.179963579765447e-06,7.374772373534043e-06,2.9499089494136172e-05
333,8392550104231525737,proposed,True,True,2095,-0.0022428008738278327,-0.002242800832369403,-0.0022428008738278327,0.03350008575875002,582445,-4.155396240463116e-11,-2.3409663528461294e-15,1.3292588399165916e-08,0.00010386637479534825,0,7.481911385241608e-05,0.0022632781940355863,0.004788423286554629,0.010773952394747915,0.02992764554096643,0.1870477846310402,0.7481911385241607,2.416589633370852e-09,7.310183640946828e-08,1.5466173653573453e-07,3.4798890720540267e-07,9.666358533483407e-07,6.04147408342713e-06,2.416589633370852e-05,2.416589633370852e-09,7.310183640946828e-08,1.5466173653573453e-07,3.4798890720540267e-07,9.666358533483407e-07,6.04147408342713e-06,2.416589633370852e-05
334,4791896284440754142,proposed,True,True,2677,-0.0021764754491246287,-0.0021764753194848515,-0.0021764754491246287,0.032294529297910976,575994,-1.299215209304476e-10,1.029489049655202e-15,-1.3501131893557696e-08,0.0001333872494852751,0,6.953256455315443e-05,0.0021033600777329215,0.004450084131401883,0.010012689295654237,0.027813025821261772,0.17383141138288608,0.6953256455315443,5.780652204687265e-09,1.7486472919178977e-07,3.6996174109998496e-07,8.324139174749662e-07,2.312260881874906e-06,1.4451630511718163e-05,5.780652204687265e-05,5.780652204687265e-09,1.7486472919178977e-07,3.6996174109998496e-07,8.324139174749662e-07,2.312260881874906e-06,1.4451630511718163e-05,5.780652204687265e-05
335,7864863702871242992,proposed,True,True,7792,-0.003455907106886659,-0.0034559070843396683,-0.003455907106886659,0.05191153884357668,627986,-2.263024439171145e-11,-5.063064209375509e-15,-2.6346663811673937e-08,0.00012746662720650542,0,0.00017966000889653322,0.0054347152691201295,0.011498240569378126,0.025871041281100782,0.07186400355861329,0.44915002224133305,1.7966000889653322,3.439879642395561e-09,1.0405635918246571e-07,2.201522971133159e-07,4.953426685049607e-07,1.3759518569582243e-06,8.599699105988903e-06,3.439879642395561e-05,3.439879642395561e-09,1.0405635918246571e-07,2.201522971133159e-07,4.953426685049607e-07,1.3759518569582243e-06,8.599699105988903e-06,3.439879642395561e-05
336,1790947793027560158,proposed,True,True,2797,-0.0026843652318241503,-0.002684365162252454,-0.0026843652318241503,0.040259726405810214,613713,-6.976290519138147e-11,-3.950323991006201e-15,-1.9473509858941197e-08,0.0001636218776439295,0,0.0001080633582008331,0.0032689165855752014,0.0069160549248533185,0.015561123580919966,0.04322534328033324,0.27015839550208276,1.080633582008331,3.6878561724695686e-09,1.1155764921720446e-07,2.360227950380524e-07,5.310512888356179e-07,1.4751424689878274e-06,9.219640431173921e-06,3.6878561724695683e-05,3.6878561724695686e-09,1.1155764921720446e-07,2.360227950380524e-07,5.310512888356179e-07,1.4751424689878274e-06,9.219640431173921e-06,3.6878561724695683e-05
337,3639905339560919178,proposed,True,True,982,-0.002038315509208414,-0.0020383154707792174,-0.002038315509208414,0.030397992829939567,602240,-3.8509405047193036e-11,-1.7175922143177838e-15,6.244976549868986e-09,0.00019596542191032329,0,6.161314172776194e-05,0.0018637975372647988,0.003943241070576764,0.00887229240879772,0.024645256691104775,0.15403285431940486,0.6161314172776194,6.673717519663629e-09,2.0187995496982477e-07,4.2711792125847227e-07,9.610153228315626e-07,2.6694870078654517e-06,1.668429379915907e-05,6.673717519663629e-05,6.673717519663629e-09,2.0187995496982477e-07,4.2711792125847227e-07,9.610153228315626e-07,2.6694870078654517e-06,1.668429379915907e-05,6.673717519663629e-05
338,-2368508765201337672,proposed,True,True,13799,-0.0017630567791548808,-0.0017630568312329482,-0.0017630567791548808,0.028897015162849107,595416,5.217120337879221e-11,1.157218621903088e-15,3.4629010832217416e-08,0.0002876602746879126,0,5.604504503029229e-05,0.0016953626121663417,0.0035868828819387065,0.00807048648436209,0.022418018012116916,0.1401126125757307,0.5604504503029228,1.1585990478168784e-08,3.504762119646057e-07,7.415033906028021e-07,1.6683826288563049e-06,4.634396191267514e-06,2.896497619542196e-05,0.00011585990478168783,1.1584009105289963e-08,3.504162754350214e-07,7.413765827385576e-07,1.6680973111617548e-06,4.633603642115985e-06,2.896002276322491e-05,0.00011584009105289964
339,9198196542872910153,proposed,True,True,1179,-0.001823143775124275,-0.001823143857592499,-0.001823143775124275,0.027552741371073098,584170,8.261710503566097e-11,-1.7449445130327068e-15,-7.483550976314545e-09,0.00014738113293824966,0,5.061946243200753e-05,0.001531238738568228,0.003239645595648482,0.0072892025902090846,0.020247784972803013,0.12654865608001883,0.5061946243200753,4.328760806429476e-09,1.3094501439449163e-07,2.7704069161148644e-07,6.233415561258445e-07,1.7315043225717903e-06,1.082190201607369e-05,4.328760806429476e-05,4.328760806429476e-09,1.3094501439449163e-07,2.7704069161148644e-07,6.233415561258445e-07,1.7315043225717903e-06,1.082190201607369e-05,4.328760806429476e-05
340,7357069286191555035,proposed,True,True,1608,-0.0018095923127931677,-0.0018095924504222328,-0.0018095923127931677,0.027259831782788287,578401,1.378781229751421e-10,-4.4608165035728e-16,-1.0064519752477713e-08,0.0002357757887103927,0,4.954374404999942e-05,0.0014986982575124824,0.0031707996191999628,0.0071342991431999165,0.019817497619999767,0.12385936012499854,0.49543744049999416,7.988282165890867e-09,2.416455355181987e-07,5.112500586170155e-07,1.150312631888285e-06,3.1953128663563468e-06,1.9970705414727167e-05,7.988282165890867e-05,7.988282165890867e-09,2.416455355181987e-07,5.112500586170155e-07,1.150312631888285e-06,3.1953128663563468e-06,1.9970705414727167e-05,7.988282165890867e-05
341,-4875308689459093266,proposed,True,True,10425,-0.003751526372312742,-0.0037515260904254287,-0.003751526372312742,0.05620484986182925,640814,-2.829514864117813e-10,-2.682894710490362e-15,3.148360791738586e-08,0.00011498405083596865,0,0.00021060585777438084,0.00637082719767502,0.013478774897560374,0.03032724351951084,0.08424234310975234,0.5265146444359521,2.1060585777438083,3.3589364185418214e-09,1.016078266608901e-07,2.1497193078667657e-07,4.836868442700223e-07,1.3435745674167285e-06,8.397341046354553e-06,3.358936418541821e-05,3.3492325649872583e-09,1.0131428509086456e-07,2.1435088415918453e-07,4.822894893581652e-07,1.3396930259949034e-06,8.373081412468146e-06,3.3492325649872584e-05
342,2419023279438696577,proposed,True,True,2535,-0.002844594517932786,-0.0028445945305303443,-0.002844594517932786,0.04255922225517015,622157,1.2622843450229185e-11,-1.0652300208793417e-14,-2.3521093699369177e-08,0.00016838174263640867,0,0.00012076045125859701,0.0036530036505725595,0.0077286688805502084,0.01738950498123797,0.0483041805034388,0.3019011281464925,1.20760451258597,5.314059269873442e-09,1.6075029291367163e-07,3.400997932719003e-07,7.652245348617757e-07,2.1256237079493767e-06,1.3285148174683605e-05,5.314059269873442e-05,5.314059269873442e-09,1.6075029291367163e-07,3.400997932719003e-07,7.652245348617757e-07,2.1256237079493767e-06,1.3285148174683605e-05,5.314059269873442e-05
343,-1563200761450303736,proposed,True,True,19094,-0.002078255860382324,-0.0020782563784066408,-0.002078255860382324,0.030997654418620534,606252,5.191065653520881e-10,3.4193296785397612e-15,4.273842126547159e-08,0.00013207092554399643,0,6.4063953137498e-05,0.0019379345824093147,0.004100093000799872,0.009225209251799713,0.0256255812549992,0.16015988284374502,0.6406395313749801,3.993296292037921e-09,1.207972128341471e-07,2.5557096269042693e-07,5.750346660534606e-07,1.5973185168151684e-06,9.983240730094801e-06,3.9932962920379205e-05,3.99089240987716e-09,1.2072449539878408e-07,2.5541711423213823e-07,5.74688507022311e-07,1.5963569639508639e-06,9.977231024692899e-06,3.9908924098771596e-05
344,-2741734447213230743,proposed,True,True,5214,-0.0021813654755318723,-0.0021813654039905964,-0.0021813654755318723,0.03245972046610363,596048,-7.16940861719151e-11,3.588565992061712e-15,3.561396232117609e-08,0.00010844158164200282,0,7.024896046422143e-05,0.002125031054042698,0.0044959334697101715,0.010115850306847887,0.028099584185688573,0.17562240116055358,0.7024896046422143,2.5528831107789245e-09,7.722471410106247e-08,1.6338451908985117e-07,3.6761516795216514e-07,1.0211532443115697e-06,6.382207776947311e-06,2.5528831107789246e-05,2.5528831107789245e-09,7.722471410106247e-08,1.6338451908985117e-07,3.6761516795216514e-07,1.0211532443115697e-06,6.382207776947311e-06,2.5528831107789246e-05
345,-6464674219217240354,proposed,True,True,3906,-0.002165666097302941,-0.002165666020071546,-0.002165666097302941,0.032793785280186095,586148,-7.739684330262834e-11,2.172049744720962e-15,-1.2138750486731492e-08,0.00011709690313680234,0,7.169687134842501e-05,0.0021688303582898566,0.004588599766299201,0.010324349474173202,0.028678748539370004,0.17924217837106254,0.7169687134842502,2.44462267282123e-09,7.394983585284221e-08,1.5645585106055872e-07,3.5202566488625714e-07,9.77849069128492e-07,6.111556682053075e-06,2.44462267282123e-05,2.44462267282123e-09,7.394983585284221e-08,1.5645585106055872e-07,3.5202566488625714e-07,9.77849069128492e-07,6.111556682053075e-06,2.44462267282123e-05
346,5652503189885080178,proposed,True,True,3934,-0.0020020795745544708,-0.0020020796870068485,-0.0020020795745544708,0.030109926920509122,579094,1.1267317999435815e-10,-4.788172636191321e-15,-4.656212565552148e-09,0.00017031455318304348,0,6.044402349887767e-05,0.0018284317108410494,0.0038684175039281708,0.008703939383838384,0.02417760939955107,0.15111005874719416,0.6044402349887766,3.44742367500234e-09,1.0428456616882078e-07,2.2063511520014977e-07,4.96429009200337e-07,1.378969470000936e-06,8.618559187505851e-06,3.4474236750023403e-05,3.44742367500234e-09,1.0428456616882078e-07,2.2063511520014977e-07,4.96429009200337e-07,1.378969470000936e-06,8.618559187505851e-06,3.4474236750023403e-05
347,2127205301066534152,proposed,True,True,3080,-0.0017990206511541596,-0.0017990206411864463,-0.0017990206511541596,0.02698016613069807,568477,-9.985276465757537e-12,4.0114313726361623e-16,-3.355744989158085e-08,0.00010422542379414793,0,4.853409086350755e-05,0.0014681562486211033,0.003106181815264483,0.006988909084345087,0.01941363634540302,0.12133522715876886,0.48534090863507545,1.9615706363167457e-09,5.933751174858156e-08,1.2554052072427173e-07,2.824661716296114e-07,7.846282545266983e-07,4.903926590791865e-06,1.961570636316746e-05,1.9615706363167457e-09,5.933751174858156e-08,1.2554052072427173e-07,2.824661716296114e-07,7.846282545266983e-07,4.903926590791865e-06,1.961570636316746e-05
348,4620770771193223007,proposed,True,True,1206,-0.0013178620337452845,-0.0013178620514173074,-0.0013178620337452845,0.019664101077690756,542541,1.7696128559035847e-11,7.857468199534224e-16,5.0248827948928744e-08,0.00014199615984156948,0,2.578739248920191e-05,0.0007800686227983578,0.0016503931193089223,0.003713384518445075,0.010314956995680765,0.06446848122300478,0.2578739248920191,4.341679348415632e-09,1.3133580028957287e-07,2.7786747829860044e-07,6.25201826171851e-07,1.7366717393662527e-06,1.0854198371039079e-05,4.3416793484156316e-05,4.341679348415632e-09,1.3133580028957287e-07,2.7786747829860044e-07,6.25201826171851e-07,1.7366717393662527e-06,1.0854198371039079e-05,4.3416793484156316e-05
349,8220984004809970273,proposed,True,True,2468,-0.0028214876591532855,-0.002821487754425323,-0.0028214876591532855,0.04216966764812052,618116,9.552830724275446e-11,-1.3299956021139875e-14,-7.088944993041928e-09,0.0001614191367560759,0,0.00011855863328068005,0.0035863986567405714,0.007587752529963523,0.01707244319241793,0.04742345331227202,0.29639658320170015,1.1855863328068006,4.6583305956818754e-09,1.4091450051937673e-07,2.9813315812364003e-07,6.707996057781901e-07,1.8633322382727502e-06,1.1645826489204689e-05,4.6583305956818756e-05,4.6583305956818754e-09,1.4091450051937673e-07,2.9813315812364003e-07,6.707996057781901e-07,1.8633322382727502e-06,1.1645826489204689e-05,4.6583305956818756e-05
350,3574307990022738290,proposed,True,True,4638,-0.0026525043720054694,-0.0026525045234202568,-0.0026525043720054694,0.0395602923748306,606463,1.5181808064183273e-10,5.96766070731005e-16,-5.406291733723264e-08,0.00010730146144590744,0,0.00010434151164718825,0.0031563307273274445,0.006677856745420048,0.015025177677195108,0.0417366046588753,0.26085377911797064,1.0434151164718826,2.5858104382610042e-09,7.822076575739537e-08,1.6549186804870427e-07,3.723567031095846e-07,1.0343241753044017e-06,6.46452609565251e-06,2.585810438261004e-05,2.5858104382610042e-09,7.822076575739537e-08,1.6549186804870427e-07,3.723567031095846e-07,1.0343241753044017e-06,6.46452609565251e-06,2.585810438261004e-05
351,-438450495685885192,proposed,True,True,96537,-0.002835043834917291,-0.0028350437577129802,-0.002835043834917291,0.0435356804751581,597507,-7.742070388422826e-11,3.106718218659983e-15,-3.187374711280038e-09,0.0001368989683621503,0,0.00012642375437282196,0.0038243185697778644,0.008091120279860605,0.01820502062968636,0.05056950174912878,0.3160593859320549,1.2642375437282196,3.179272119208441e-09,9.617298160605534e-08,2.0347341562934022e-07,4.578151851660155e-07,1.2717088476833763e-06,7.948180298021102e-06,3.179272119208441e-05,3.180233018113289e-09,9.620204879792699e-08,2.0353491315925048e-07,4.5795355460831357e-07,1.2720932072453154e-06,7.950582545283222e-06,3.180233018113289e-05
352,752337461051686027,proposed,True,True,3740,-0.002871611318513709,-0.0028716111628336984,-0.002871611318513709,0.04306455768282415,588627,-1.5612816193067365e-10,1.8830215227483226e-16,2.0607615131205028e-08,0.000144530167650648,0,0.00012364200494069472,0.0037401706494560156,0.007913088316204462,0.01780444871146004,0.04945680197627789,0.3091050123517368,1.2364200494069473,2.977753652961841e-09,9.007704800209569e-08,1.9057623378955781e-07,4.2879652602650506e-07,1.1911014611847364e-06,7.444384132404602e-06,2.977753652961841e-05,2.977753652961841e-09,9.007704800209569e-08,1.9057623378955781e-07,4.2879652602650506e-07,1.1911014611847364e-06,7.444384132404602e-06,2.977753652961841e-05
353,-6778385354148379921,proposed,True,True,3514,-0.004867193437445311,-0.004867193430950768,-0.004867193437445311,0.07311691353134171,640435,-6.516296530493897e-12,1.0011191329981978e-14,-1.5325193118731935e-08,0.000135777594351391,0,0.00035641212324992954,0.010781466728310369,0.02281037588799549,0.05132334574798986,0.14256484929997182,0.8910303081248239,3.5641212324992955,3.090214348948264e-09,9.347898405568499e-08,1.9777371833268888e-07,4.4499086624855e-07,1.2360857395793055e-06,7.725535872370659e-06,3.0902143489482635e-05,3.090214348948264e-09,9.347898405568499e-08,1.9777371833268888e-07,4.4499086624855e-07,1.2360857395793055e-06,7.725535872370659e-06,3.0902143489482635e-05
354,6227862140491667656,proposed,True,True,2587,-0.003944153243428761,-0.003944153310936984,-0.003944153243428761,0.05913440361924713,622657,6.778010030109579e-11,4.560339585725784e-15,-2.3812199815922402e-08,0.00016500337996911348,0,0.00023312943823491745,0.007052165506606253,0.014920284047034717,0.033570639105828116,0.09325177529396698,0.5828235955872937,2.3312943823491747,3.3561268927982487e-09,1.0152283850714702e-07,2.1479212113908792e-07,4.832822725629478e-07,1.3424507571192996e-06,8.390317231995622e-06,3.356126892798249e-05,3.3561268927982487e-09,1.0152283850714702e-07,2.1479212113908792e-07,4.832822725629478e-07,1.3424507571192996e-06,8.390317231995622e-06,3.356126892798249e-05
355,7816225487043857622,proposed,True,True,2817,-0.002917823790799198,-0.002917823773404854,-0.002917823790799198,0.04357282091468499,607319,-1.744422246709875e-11,1.0238030021962016e-15,3.296734536113243e-08,0.00010974833164273932,0,0.0001265791335597268,0.0038290187901817356,0.008101064547822515,0.018227395232600658,0.05063165342389071,0.31644783389931697,1.2657913355972679,2.3154475347624517e-09,7.004228792656416e-08,1.481886422247969e-07,3.33424445005793e-07,9.261790139049807e-07,5.78861883690613e-06,2.315447534762452e-05,2.3154475347624517e-09,7.004228792656416e-08,1.481886422247969e-07,3.33424445005793e-07,9.261790139049807e-07,5.78861883690613e-06,2.315447534762452e-05
356,8006929118729953939,proposed,True,True,9445,-0.0022245614954560064,-0.002224561487422212,-0.0022245614954560064,0.03378881200864967,595582,-8.052903036896914e-12,-1.1970798598348728e-15,4.3385940036724896e-08,9.846579367635666e-05,0,7.61212249415846e-05,0.0023026670544829342,0.004871758396261415,0.010961456391588183,0.030448489976633842,0.19030306235396152,0.7612122494158461,3.7386286390104964e-09,1.1309351633006752e-07,2.3927223289667177e-07,5.383625240175115e-07,1.4954514556041987e-06,9.346571597526242e-06,3.738628639010497e-05,3.7386286390104964e-09,1.1309351633006752e-07,2.3927223289667177e-07,5.383625240175115e-07,1.4954514556041987e-06,9.346571597526242e-06,3.738628639010497e-05
357,-2546444277676336669,proposed,True,True,1633,-0.0020486556518727896,-0.00204865573154577,-0.0020486556518727896,0.030903474345333574,588655,7.983685589205103e-11,3.1772863860038044e-16,3.4981906926185746e-08,0.00015716188557237797,0,6.367066125312984e-05,0.0019260375029071777,0.00407492232020031,0.009168575220450698,0.025468264501251937,0.1591766531328246,0.6367066125312985,7.481336598285983e-09,2.26310432098151e-07,4.788055422903029e-07,1.0773124701531816e-06,2.9925346393143933e-06,1.8703341495714956e-05,7.481336598285983e-05,7.481336598285983e-09,2.26310432098151e-07,4.788055422903029e-07,1.0773124701531816e-06,2.9925346393143933e-06,1.8703341495714956e-05,7.481336598285983e-05
358,2144079200026990086,proposed,True,True,11464,-0.0058563726252119875,-0.005856372586073117,-0.0058563726252119875,0.08778065729264534,677914,-3.936100782430223e-11,8.424659366984219e-15,2.7204031630620473e-08,0.00017664135388491026,0,0.0005137013594197809,0.015539466122448373,0.03287688700286598,0.07397299575644845,0.20548054376791236,1.2842533985494522,5.137013594197809,5.5302560212996024e-09,1.6729024464431297e-07,3.5393638536317456e-07,7.963568670671427e-07,2.212102408519841e-06,1.3825640053249005e-05,5.530256021299602e-05,5.5302560212996024e-09,1.6729024464431297e-07,3.5393638536317456e-07,7.963568670671427e-07,2.212102408519841e-06,1.3825640053249005e-05,5.530256021299602e-05
359,526597391677075273,proposed,True,True,21249,-0.005829208810898291,-0.005829209040595263,-0.005829208810898291,0.08720283501407618,666022,2.310264995968927e-10,-1.7275262840852883e-14,3.6586465213388736e-08,0.00011773052541491652,0,0.0005069661402471295,0.015335725742475667,0.03244583297581629,0.07300312419558665,0.20278645609885182,1.2674153506178238,5.069661402471295,2.7315673958485136e-09,8.262991372441754e-08,1.7482031333430487e-07,3.93345705002186e-07,1.0926269583394053e-06,6.828918489621284e-06,2.7315673958485135e-05,2.7315673958485136e-09,8.262991372441754e-08,1.7482031333430487e-07,3.93345705002186e-07,1.0926269583394053e-06,6.828918489621284e-06,2.7315673958485135e-05
360,-7165348744408480873,proposed,True,True,159031,-0.005184038412858342,-0.005184038351160851,-0.005184038412858342,0.07466673151513226,647414,-6.201414433271051e-11,4.856300497943904e-15,2.1022263610038918e-08,0.00013423996053259034,0,0.0003721547592574202,0.01125768146753696,0.023817904592474893,0.05359028533306851,0.1488619037029681,0.9303868981435505,3.721547592574202,3.633590369101678e-09,1.0991610866532576e-07,2.325497836225074e-07,5.232370131506417e-07,1.4534361476406712e-06,9.083975922754194e-06,3.633590369101678e-05,8.857198299599611e-09,2.679302485628882e-07,5.668606911743751e-07,1.2754365551423441e-06,3.5428793198398446e-06,2.214299574899903e-05,8.857198299599611e-05
361,-2725569140561696380,proposed,True,True,2583,-0.0030666041385283356,-0.0030666042335557113,-0.0030666041385283356,0.04541741256013016,630604,9.532584602976125e-11,6.162331263605741e-15,-1.2491232756482812e-09,0.0002510384045892745,0,0.00013752869486027011,0.004160243019523171,0.008801836471057287,0.019804132059878896,0.055011477944108045,0.34382173715067527,1.375286948602701,7.829983186380267e-09,2.3685699138800306e-07,5.011189239283371e-07,1.1275175788387585e-06,3.131993274552107e-06,1.9574957965950668e-05,7.829983186380267e-05,7.829983186380267e-09,2.3685699138800306e-07,5.011189239283371e-07,1.1275175788387585e-06,3.131993274552107e-06,1.9574957965950668e-05,7.829983186380267e-05
362,-5068799083018846134,proposed,True,True,12024,-0.0025470682418735425,-0.002547068097842795,-0.0025470682418735425,0.03830900795174806,612684,-1.4440174022647084e-10,-3.1997637488536304e-15,-1.8428028153883096e-08,0.00011982425456473402,0,9.784219245541225e-05,0.0029597263217762204,0.006261900317146384,0.014089275713579364,0.0391368769821649,0.24460548113853062,0.9784219245541225,3.4393531225200785e-09,1.0404043195623238e-07,2.2011859984128502e-07,4.952668496428913e-07,1.3757412490080314e-06,8.598382806300196e-06,3.4393531225200785e-05,3.4531679711674296e-09,1.0445833112781475e-07,2.210027501547155e-07,4.972561878481098e-07,1.3812671884669718e-06,8.632919927918573e-06,3.453167971167429e-05
363,-3944899347819799162,proposed,True,True,4120,-0.0027134604673915677,-0.002713460612735874,-0.0027134604673915677,0.040703016705904024,598857,1.4573952027465101e-10,-2.452102152295919e-16,1.0281983738255528e-09,0.00014067533592759232,0,0.0001104537534170975,0.0033412260408671995,0.00706904021869424,0.01590534049206204,0.044181501366839,0.2761343835427438,1.104537534170975,4.251774877779127e-09,1.2861619005281859e-07,2.7211359217786413e-07,6.122555824001943e-07,1.7007099511116509e-06,1.0629437194447817e-05,4.251774877779127e-05,4.251774877779127e-09,1.2861619005281859e-07,2.7211359217786413e-07,6.122555824001943e-07,1.7007099511116509e-06,1.0629437194447817e-05,4.251774877779127e-05
364,8373018130453652507,proposed,True,True,6330,-0.002660602159437949,-0.0026606020832165888,-0.002660602159437949,0.04016887155776988,587475,-7.642305701019428e-11,1.6389536916374775e-15,-3.59214104455228e-08,0.0001737093492543999,0,0.00010757543734557821,0.0032541569797037407,0.006884827990117005,0.015490862977763262,0.04303017493823128,0.26893859336394554,1.0757543734557822,3.8614762510796264e-09,1.168096565951587e-07,2.471344800690961e-07,5.560525801554662e-07,1.5445905004318505e-06,9.653690627699066e-06,3.8614762510796264e-05,3.8614762510796264e-09,1.168096565951587e-07,2.471344800690961e-07,5.560525801554662e-07,1.5445905004318505e-06,9.653690627699066e-06,3.8614762510796264e-05
365,5166032482773100518,proposed,True,True,1752,-0.0024327879989274825,-0.002432788048942128,-0.0024327879989274825,0.03653771229329172,577063,5.013881791267874e-11,2.2007825248081315e-15,-3.9872110463391995e-09,0.00014111316011656844,0,8.900450984288982e-05,0.002692386422747417,0.0056962886299449485,0.012816649417376135,0.03560180393715593,0.22251127460722456,0.8900450984288982,4.2071014315964855e-09,1.272648183057937e-07,2.6925449162217507e-07,6.05822606149894e-07,1.6828405726385942e-06,1.0517753578991213e-05,4.2071014315964854e-05,4.2071014315964855e-09,1.272648183057937e-07,2.6925449162217507e-07,6.05822606149894e-07,1.6828405726385942e-06,1.0517753578991213e-05,4.2071014315964854e-05
366,-7939419830041329782,proposed,True,True,2985,-0.0016803296286919454,-0.0016803298206567532,-0.0016803296286919454,0.025116447793731397,549821,1.922887188004541e-10,8.037830434319834e-16,-5.580466023415417e-09,0.00016729437375476505,0,4.205937546198046e-05,0.0012722961077249089,0.0026918000295667495,0.006056550066525186,0.016823750184792183,0.10514843865495115,0.4205937546198046,3.0517755871920266e-09,9.23162115125588e-08,1.953136375802897e-07,4.394556845556518e-07,1.2207102348768107e-06,7.629438967980066e-06,3.0517755871920264e-05,3.0517755871920266e-09,9.23162115125588e-08,1.953136375802897e-07,4.394556845556518e-07,1.2207102348768107e-06,7.629438967980066e-06,3.0517755871920264e-05
367,187382032970812913,proposed,True,True,3616,-0.003603840871378104,-0.003603840903212598,-0.003603840871378104,0.05461072327890743,656444,3.19686486891303e-11,1.901299385215284e-14,-3.0840773608572554e-08,0.0001691352438528908,0,0.00019883787030213835,0.006014845576639685,0.012725623699336854,0.028632653323507923,0.07953514812085534,0.4970946757553459,1.9883787030213835,7.135741687608263e-09,2.1585618605014997e-07,4.5668746800692886e-07,1.02754680301559e-06,2.8542966750433052e-06,1.7839354219020658e-05,7.135741687608263e-05,7.135741687608263e-09,2.1585618605014997e-07,4.5668746800692886e-07,1.02754680301559e-06,2.8542966750433052e-06,1.7839354219020658e-05,7.135741687608263e-05
368,-6951416969390104605,proposed,True,True,3351,-0.002833265319952254,-0.002833265252156819,-0.002833265319952254,0.042683493430195854,636627,-6.799864359346785e-11,-1.058005425723137e-14,3.188701436417161e-08,0.00011659114100199823,0,0.00012146190594818184,0.0036742226549325006,0.007773561980683638,0.017490514456538184,0.048584762379272735,0.3036547648704546,1.2146190594818185,4.951811309291214e-09,1.4979229210605921e-07,3.169159237946377e-07,7.130608285379348e-07,1.9807245237164858e-06,1.2379528273228035e-05,4.951811309291214e-05,4.951811309291214e-09,1.4979229210605921e-07,3.169159237946377e-07,7.130608285379348e-07,1.9807245237164858e-06,1.2379528273228035e-05,4.951811309291214e-05
369,3601141310485453327,proposed,True,True,3977,-0.002659829056181535,-0.002659829085478449,-0.002659829056181535,0.039816038060506924,620830,2.9384554589466196e-11,9.50821753060199e-15,2.742854699861599e-08,0.00015877169259288294,0,0.00010569705799762923,0.003197336004428284,0.006764611711848271,0.01522037635165861,0.04227882319905169,0.2642426449940731,1.0569705799762923,5.285095681993063e-09,1.5987414438029014e-07,3.38246123647556e-07,7.61053778207001e-07,2.1140382727972252e-06,1.3212739204982657e-05,5.285095681993063e-05,5.263716034017771e-09,1.5922741002903757e-07,3.3687782617713734e-07,7.57975108898559e-07,2.1054864136071085e-06,1.3159290085044428e-05,5.263716034017771e-05
370,-2126366565482007403,proposed,True,True,8386,-0.003067429220636648,-0.0030674294533905044,-0.003067429220636648,0.04537875325618265,607478,2.334607745916534e-10,-9.234804462661061e-15,4.280257479350682e-08,0.0001426411638069516,0,0.00013731159566398479,0.004153675768835539,0.008787942122495026,0.019772869775613808,0.05492463826559391,0.34327898915996197,1.3731159566398479,2.8005997618277033e-09,8.471814279528803e-08,1.79238384756973e-07,4.032863657031893e-07,1.1202399047310813e-06,7.001499404569258e-06,2.8005997618277034e-05,2.8005997618277033e-09,8.471814279528803e-08,1.79238384756973e-07,4.032863657031893e-07,1.1202399047310813e-06,7.001499404569258e-06,2.8005997618277034e-05
371,-6926623260140057181,proposed,True,True,6482,-0.0032338442292102715,-0.003233844317872717,-0.0032338442292102715,0.04819528237281343,597188,8.895061924683734e-11,5.234107604739901e-16,2.418064247663495e-08,0.000211307254605844,0,0.00015486533357396453,0.004684676340612427,0.00991138134873373,0.022300608034650893,0.06194613342958581,0.3871633339349113,1.5486533357396453,1.2188832777918649e-08,3.687121915320391e-07,7.800852977867935e-07,1.7551919200202854e-06,4.87553311116746e-06,3.0472081944796623e-05,0.00012188832777918649,1.3851958282347189e-08,4.1902173804100244e-07,8.865253300702201e-07,1.994681992657995e-06,5.540783312938876e-06,3.462989570586797e-05,0.0001385195828234719
372,-1319187368495281156,proposed,True,True,7315,-0.005049318918545633,-0.005049318888986103,-0.005049318918545633,0.07516532453338792,639328,-2.970910437280934e-11,4.386714273436189e-16,-1.8366061370886012e-08,0.00014810544889439861,0,0.0003766666054607923,0.011394164815188967,0.024106662749490707,0.054239991186354086,0.1506666421843169,0.9416665136519807,3.766666054607923,4.838332233908765e-09,1.4635955007574013e-07,3.0965326297016094e-07,6.967198416828621e-07,1.9353328935635057e-06,1.2095830584771912e-05,4.8383322339087646e-05,4.838332233908765e-09,1.4635955007574013e-07,3.0965326297016094e-07,6.967198416828621e-07,1.9353328935635057e-06,1.2095830584771912e-05,4.8383322339087646e-05
373,-8102532839471158741,proposed,True,True,3944,-0.0038326815680350982,-0.0038326814135324263,-0.0038326815680350982,0.057809191652940205,617834,-1.5508733022441565e-10,9.779476809489153e-15,3.039407362456621e-08,9.334091360709368e-05,0,0.00022280201128026825,0.006739760841228115,0.014259328721937168,0.03208348962435863,0.0891208045121073,0.5570050282006707,2.2280201128026826,1.5192572163895467e-09,4.5957530795783784e-08,9.723246184893099e-08,2.187730391600947e-07,6.077028865558187e-07,3.7981430409738668e-06,1.5192572163895467e-05,1.5192572163895467e-09,4.5957530795783784e-08,9.723246184893099e-08,2.187730391600947e-07,6.077028865558187e-07,3.7981430409738668e-06,1.5192572163895467e-05
374,-2791773086816108155,proposed,True,True,25621,-0.0029897628316368696,-0.0029897629794769023,-0.0029897628316368696,0.05084055923434724,601868,1.4828253613169563e-10,-8.286430411809501e-16,2.070305550615378e-08,0.00014516171197092177,0,0.0001744232043616923,0.005276301931941192,0.011163085079148307,0.02511694142808369,0.06976928174467692,0.43605801090423074,1.744232043616923,3.179141318613992e-09,9.616902488807326e-08,2.0346504439129548e-07,4.577963498804148e-07,1.2716565274455967e-06,7.94785329653498e-06,3.179141318613992e-05,3.0991088975690433e-09,9.374804415146356e-08,1.9834296944441877e-07,4.462716812499422e-07,1.2396435590276174e-06,7.747772243922608e-06,3.099108897569043e-05
375,3932247979629545737,proposed,True,True,1694,-0.0023984850037452,-0.002398484672867236,-0.0023984850037452,0.03605561790295276,648827,-3.3166666843082194e-10,6.80928021397513e-15,5.596484696200805e-08,0.00018473805995628892,0,8.667560675555688e-05,0.0026219371043555957,0.0055472388323556405,0.01248128737280019,0.034670242702222756,0.2166890168888922,0.8667560675555688,4.781401435367602e-09,1.4463739341986997e-07,3.0600969186352655e-07,6.885218066929347e-07,1.9125605741470407e-06,1.1953503588419006e-05,4.7814014353676024e-05,4.781401435367602e-09,1.4463739341986997e-07,3.0600969186352655e-07,6.885218066929347e-07,1.9125605741470407e-06,1.1953503588419006e-05,4.7814014353676024e-05
376,-4695993811833931683,proposed,True,True,4224,-0.006065742353014821,-0.006065742203161327,-0.006065742353014821,0.09074509542460286,711958,-1.5082133076272759e-10,-5.3316308083047605e-14,4.156877955367355e-08,0.00017792943217928285,0,0.0005489840315596624,0.01660676695467979,0.035134978019818394,0.07905370054459139,0.21959361262386495,1.372460078899156,5.489840315596624,6.877181437307026e-09,2.0803473847853754e-07,4.4013961198764967e-07,9.903141269722118e-07,2.7508725749228102e-06,1.7192953593267566e-05,6.877181437307026e-05,6.877181437307026e-09,2.0803473847853754e-07,4.4013961198764967e-07,9.903141269722118e-07,2.7508725749228102e-06,1.7192953593267566e-05,6.877181437307026e-05
377,4917293204723728667,proposed,True,True,4749,-0.005887145430786329,-0.0058871454560889235,-0.005887145430786329,0.08832880395937064,701160,2.5428651146765308e-11,-2.3785416662031797e-14,4.6656531828518354e-08,0.00017578111229080363,0,0.0005201400576443693,0.01573423674374217,0.033288963689239635,0.07490016830078917,0.20805602305774773,1.3003501441109233,5.201400576443693,6.5310404984651055e-09,1.9756397507856945e-07,4.1798659190176676e-07,9.404698317789752e-07,2.6124161993860422e-06,1.6327601246162762e-05,6.531040498465105e-05,6.5310404984651055e-09,1.9756397507856945e-07,4.1798659190176676e-07,9.404698317789752e-07,2.6124161993860422e-06,1.6327601246162762e-05,6.531040498465105e-05
378,7876195966126462581,proposed,True,True,5195,-0.005816930856295034,-0.005816930916397741,-0.005816930856295034,0.08754005698783343,683859,6.047350922427799e-11,1.9142999444333753e-14,-5.571046082810616e-09,0.00020005080265591662,0,0.0005108917041501705,0.01545447405054266,0.032697069065610915,0.07356840539762456,0.2043566816600682,1.2772292603754263,5.108917041501705,7.176518553188852e-09,2.1708968623396277e-07,4.5929718740408655e-07,1.0334186716591947e-06,2.870607421275541e-06,1.794129638297213e-05,7.176518553188852e-05,7.176518553188852e-09,2.1708968623396277e-07,4.5929718740408655e-07,1.0334186716591947e-06,2.870607421275541e-06,1.794129638297213e-05,7.176518553188852e-05
379,25732923710508636,proposed,True,True,5540,-0.004880344232837115,-0.00488034413389933,-0.004880344232837115,0.07332503679423957,660469,-9.943883383159799e-11,-1.583004373449359e-14,-4.1771776573811584e-08,8.114086737367855e-05,0,0.00035844302435355895,0.010842901486695158,0.022940353558627773,0.05161579550691249,0.14337720974142357,0.8961075608838973,3.5844302435355893,2.762761587826275e-09,8.357353803174482e-08,1.768167416208816e-07,3.9783766864698365e-07,1.10510463513051e-06,6.906903969565688e-06,2.762761587826275e-05,2.762761587826275e-09,8.357353803174482e-08,1.768167416208816e-07,3.9783766864698365e-07,1.10510463513051e-06,6.906903969565688e-06,2.762761587826275e-05
380,1441363706277974161,proposed,True,True,6310,-0.004062321378345691,-0.00406232129803243,-0.004062321378345691,0.06086790062542432,638203,-8.064177880684351e-11,-9.284176485198546e-16,-2.1659865480768685e-08,0.0001354528335196411,0,0.0002469991152884237,0.007471723237474816,0.015807943378459116,0.03556787260153301,0.09879964611536948,0.6174977882210593,2.469991152884237,3.584839838081196e-09,1.0844140510195618e-07,2.2942974963719655e-07,5.162169366836922e-07,1.4339359352324785e-06,8.96209959520299e-06,3.584839838081196e-05,3.584839838081196e-09,1.0844140510195618e-07,2.2942974963719655e-07,5.162169366836922e-07,1.4339359352324785e-06,8.96209959520299e-06,3.584839838081196e-05
381,-5178096382281007317,proposed,True,True,12706,-0.003565392995263454,-0.0035653929855650516,-0.003565392995263454,0.05317278303576199,618702,-9.75036816530515e-12,-1.7263592078885567e-14,-1.6102827496435227e-08,0.00015051990900261076,0,0.00018853034827175325,0.005703043035220535,0.012065942289392208,0.027148370151132466,0.0754121393087013,0.47132587067938314,1.8853034827175326,4.815864393331626e-09,1.4567989789828168e-07,3.0821532117322407e-07,6.934844726397541e-07,1.9263457573326505e-06,1.2039660983329066e-05,4.8158643933316264e-05,4.815864393331626e-09,1.4567989789828168e-07,3.0821532117322407e-07,6.934844726397541e-07,1.9263457573326505e-06,1.2039660983329066e-05,4.8158643933316264e-05
382,-1992582095271655092,proposed,True,True,4016,-0.0039033204787695948,-0.0039033206934813267,-0.0039033204787695948,0.05880550407576309,602572,2.155533221121268e-10,2.1715030224689123e-16,-7.695060432755364e-09,0.00013770063802654226,0,0.00023054496512733692,0.006973985195101942,0.014754877768149563,0.033198474978336515,0.09221798605093477,0.5763624128183423,2.3054496512733693,4.345810428233957e-09,1.314607654540772e-07,2.7813186740697324e-07,6.257967016656898e-07,1.7383241712935827e-06,1.0864526070584892e-05,4.345810428233957e-05,4.345810428233957e-09,1.314607654540772e-07,2.7813186740697324e-07,6.257967016656898e-07,1.7383241712935827e-06,1.0864526070584892e-05,4.345810428233957e-05
383,7129199098092931097,proposed,True,True,3918,-0.004192210991801125,-0.004192211074842758,-0.004192210991801125,0.06258457183171982,588747,8.33945678291415e-11,3.3406960673805045e-15,2.2991125319885967e-08,0.0001594264258277875,0,0.00026112719456888167,0.00789909763570867,0.016712140452408427,0.03760231601791896,0.10445087782755266,0.6528179864222042,2.611271945688817,3.850067210102707e-09,1.164645331056069e-07,2.4640430144657326e-07,5.544096782547898e-07,1.540026884041083e-06,9.625168025256767e-06,3.850067210102707e-05,3.850067210102707e-09,1.164645331056069e-07,2.4640430144657326e-07,5.544096782547898e-07,1.540026884041083e-06,9.625168025256767e-06,3.850067210102707e-05
