2026-09-08T20:43:38.034+01:00 INFO : Running with Torch support on device cpu
2026-09-08T20:43:38.034+01:00 INFO : Reading Frames
2026-09-08T20:43:41.454+01:00 INFO : Highpass Filtering
2026-09-08T20:43:41.912+01:00 INFO : Resampling data
2026-09-08T20:43:41.924+01:00 INFO : Converting to float32
/home/xangma/pycbc-torch-parity-fix-v2-20260908/proposed/pycbc/types/array.py:874: RuntimeWarning: divide by zero encountered in divide
  return self._data.__rtruediv__(other)
2026-09-08T20:43:47.033+01:00 INFO : Highpass Filtering
2026-09-08T20:43:47.513+01:00 INFO : Remove Padding
2026-09-08T20:43:47.562+01:00 INFO : Making frequency-domain data segments
/home/xangma/pycbc-torch-parity-fix-v2-20260908/proposed/pycbc/types/array.py:874: RuntimeWarning: divide by zero encountered in divide
  return self._data.__rtruediv__(other)
2026-09-08T20:43:49.681+01:00 INFO : Overwhitening frequency-domain data segments
2026-09-08T20:43:49.710+01:00 INFO : Read in template bank
2026-09-08T20:43:49.726+01:00 INFO : Full template bank size: 384
2026-09-08T20:43:49.727+01:00 INFO : Template bank size after thinning: 384
2026-09-08T20:43:49.730+01:00 INFO : 0: generating IMRPhenomD from 30.0 Hz
2026-09-08T20:43:49.732+01:00 INFO : Decompressing waveform using inline_linear
2026-09-08T20:43:49.740+01:00 INFO : Filtering template 1/384 segment 1/5
2026-09-08T20:43:49.802+01:00 INFO : 1 points above threshold
2026-09-08T20:43:49.831+01:00 INFO : Filtering template 1/384 segment 2/5
2026-09-08T20:43:49.869+01:00 INFO : Filtering template 1/384 segment 3/5
2026-09-08T20:43:49.906+01:00 INFO : 1 points above threshold
2026-09-08T20:43:49.912+01:00 INFO : Filtering template 1/384 segment 4/5
2026-09-08T20:43:49.950+01:00 INFO : Filtering template 1/384 segment 5/5
2026-09-08T20:43:49.987+01:00 INFO : 1 points above threshold
2026-09-08T20:43:49.993+01:00 INFO : 1: generating IMRPhenomD from 30.0 Hz
2026-09-08T20:43:49.996+01:00 INFO : Decompressing waveform using inline_linear
2026-09-08T20:43:50.001+01:00 INFO : Filtering template 2/384 segment 1/5
2026-09-08T20:43:50.042+01:00 INFO : 1 points above threshold
2026-09-08T20:43:50.057+01:00 INFO : Filtering template 2/384 segment 2/5
2026-09-08T20:43:50.094+01:00 INFO : 1 points above threshold
2026-09-08T20:43:50.100+01:00 INFO : Filtering template 2/384 segment 3/5
2026-09-08T20:43:50.138+01:00 INFO : 2 points above threshold
2026-09-08T20:43:50.144+01:00 INFO : Filtering template 2/384 segment 4/5
2026-09-08T20:43:50.181+01:00 INFO : Filtering template 2/384 segment 5/5
2026-09-08T20:43:50.218+01:00 INFO : 1 points above threshold
2026-09-08T20:43:50.224+01:00 INFO : 2: generating IMRPhenomD from 30.0 Hz
2026-09-08T20:43:50.227+01:00 INFO : Decompressing waveform using inline_linear
2026-09-08T20:43:50.232+01:00 INFO : Filtering template 3/384 segment 1/5
2026-09-08T20:43:50.272+01:00 INFO : 3 points above threshold
2026-09-08T20:43:50.292+01:00 INFO : Filtering template 3/384 segment 2/5
2026-09-08T20:43:50.329+01:00 INFO : Filtering template 3/384 segment 3/5
2026-09-08T20:43:50.367+01:00 INFO : 1 points above threshold
2026-09-08T20:43:50.373+01:00 INFO : Filtering template 3/384 segment 4/5
2026-09-08T20:43:50.410+01:00 INFO : 1 points above threshold
2026-09-08T20:43:50.416+01:00 INFO : Filtering template 3/384 segment 5/5
2026-09-08T20:43:50.453+01:00 INFO : 3: generating IMRPhenomD from 30.0 Hz
2026-09-08T20:43:50.456+01:00 INFO : Decompressing waveform using inline_linear
2026-09-08T20:43:50.461+01:00 INFO : Filtering template 4/384 segment 1/5
2026-09-08T20:43:50.501+01:00 INFO : 1 points above threshold
2026-09-08T20:43:50.519+01:00 INFO : Filtering template 4/384 segment 2/5
2026-09-08T20:43:50.556+01:00 INFO : 1 points above threshold
2026-09-08T20:43:50.562+01:00 INFO : Filtering template 4/384 segment 3/5
2026-09-08T20:43:50.599+01:00 INFO : 2 points above threshold
2026-09-08T20:43:50.605+01:00 INFO : Filtering template 4/384 segment 4/5
2026-09-08T20:43:50.642+01:00 INFO : 2 points above threshold
2026-09-08T20:43:50.648+01:00 INFO : Filtering template 4/384 segment 5/5
2026-09-08T20:43:50.685+01:00 INFO : 2 points above threshold
2026-09-08T20:43:50.691+01:00 INFO : 4: generating IMRPhenomD from 30.0 Hz
2026-09-08T20:43:50.694+01:00 INFO : Decompressing waveform using inline_linear
2026-09-08T20:43:50.699+01:00 INFO : Filtering template 5/384 segment 1/5
2026-09-08T20:43:50.739+01:00 INFO : 1 points above threshold
2026-09-08T20:43:50.757+01:00 INFO : Filtering template 5/384 segment 2/5
2026-09-08T20:43:50.794+01:00 INFO : 2 points above threshold
2026-09-08T20:43:50.800+01:00 INFO : Filtering template 5/384 segment 3/5
2026-09-08T20:43:50.837+01:00 INFO : 2 points above threshold
2026-09-08T20:43:50.843+01:00 INFO : Filtering template 5/384 segment 4/5
2026-09-08T20:43:50.880+01:00 INFO : 2 points above threshold
2026-09-08T20:43:50.886+01:00 INFO : Filtering template 5/384 segment 5/5
2026-09-08T20:43:50.924+01:00 INFO : 5: generating IMRPhenomD from 30.0 Hz
2026-09-08T20:43:50.927+01:00 INFO : Decompressing waveform using inline_linear
2026-09-08T20:43:50.932+01:00 INFO : Filtering template 6/384 segment 1/5
2026-09-08T20:43:50.972+01:00 INFO : 1 points above threshold
2026-09-08T20:43:50.990+01:00 INFO : Filtering template 6/384 segment 2/5
2026-09-08T20:43:51.027+01:00 INFO : Filtering template 6/384 segment 3/5
2026-09-08T20:43:51.065+01:00 INFO : Filtering template 6/384 segment 4/5
2026-09-08T20:43:51.102+01:00 INFO : Filtering template 6/384 segment 5/5
2026-09-08T20:43:51.139+01:00 INFO : 1 points above threshold
2026-09-08T20:43:51.145+01:00 INFO : 6: generating IMRPhenomD from 30.0 Hz
2026-09-08T20:43:51.148+01:00 INFO : Decompressing waveform using inline_linear
2026-09-08T20:43:51.153+01:00 INFO : Filtering template 7/384 segment 1/5
2026-09-08T20:43:51.193+01:00 INFO : 2 points above threshold
2026-09-08T20:43:51.211+01:00 INFO : Filtering template 7/384 segment 2/5
2026-09-08T20:43:51.248+01:00 INFO : Filtering template 7/384 segment 3/5
2026-09-08T20:43:51.286+01:00 INFO : Filtering template 7/384 segment 4/5
2026-09-08T20:43:51.323+01:00 INFO : 1 points above threshold
2026-09-08T20:43:51.329+01:00 INFO : Filtering template 7/384 segment 5/5
2026-09-08T20:43:51.366+01:00 INFO : 7: generating IMRPhenomD from 30.0 Hz
2026-09-08T20:43:51.369+01:00 INFO : Decompressing waveform using inline_linear
2026-09-08T20:43:51.374+01:00 INFO : Filtering template 8/384 segment 1/5
2026-09-08T20:43:51.414+01:00 INFO : 2 points above threshold
2026-09-08T20:43:51.432+01:00 INFO : Filtering template 8/384 segment 2/5
2026-09-08T20:43:51.469+01:00 INFO : 1 points above threshold
2026-09-08T20:43:51.475+01:00 INFO : Filtering template 8/384 segment 3/5
2026-09-08T20:43:51.512+01:00 INFO : 4 points above threshold
2026-09-08T20:43:51.518+01:00 INFO : Filtering template 8/384 segment 4/5
2026-09-08T20:43:51.555+01:00 INFO : Filtering template 8/384 segment 5/5
2026-09-08T20:43:51.593+01:00 INFO : 8: generating IMRPhenomD from 30.0 Hz
2026-09-08T20:43:51.595+01:00 INFO : Decompressing waveform using inline_linear
2026-09-08T20:43:51.600+01:00 INFO : Filtering template 9/384 segment 1/5
2026-09-08T20:43:51.641+01:00 INFO : Filtering template 9/384 segment 2/5
2026-09-08T20:43:51.678+01:00 INFO : 1 points above threshold
2026-09-08T20:43:51.693+01:00 INFO : Filtering template 9/384 segment 3/5
2026-09-08T20:43:51.730+01:00 INFO : 2 points above threshold
2026-09-08T20:43:51.736+01:00 INFO : Filtering template 9/384 segment 4/5
2026-09-08T20:43:51.773+01:00 INFO : 1 points above threshold
2026-09-08T20:43:51.779+01:00 INFO : Filtering template 9/384 segment 5/5
2026-09-08T20:43:51.816+01:00 INFO : 3 points above threshold
2026-09-08T20:43:51.825+01:00 INFO : 9: generating IMRPhenomD from 30.0 Hz
2026-09-08T20:43:51.827+01:00 INFO : Decompressing waveform using inline_linear
2026-09-08T20:43:51.832+01:00 INFO : Filtering template 10/384 segment 1/5
2026-09-08T20:43:51.873+01:00 INFO : 1 points above threshold
2026-09-08T20:43:51.891+01:00 INFO : Filtering template 10/384 segment 2/5
2026-09-08T20:43:51.928+01:00 INFO : 1 points above threshold
2026-09-08T20:43:51.934+01:00 INFO : Filtering template 10/384 segment 3/5
2026-09-08T20:43:51.971+01:00 INFO : Filtering template 10/384 segment 4/5
2026-09-08T20:43:52.008+01:00 INFO : 2 points above threshold
2026-09-08T20:43:52.014+01:00 INFO : Filtering template 10/384 segment 5/5
2026-09-08T20:43:52.051+01:00 INFO : 1 points above threshold
2026-09-08T20:43:52.057+01:00 INFO : 10: generating IMRPhenomD from 30.0 Hz
2026-09-08T20:43:52.060+01:00 INFO : Decompressing waveform using inline_linear
2026-09-08T20:43:52.065+01:00 INFO : Filtering template 11/384 segment 1/5
2026-09-08T20:43:52.106+01:00 INFO : 2 points above threshold
2026-09-08T20:43:52.121+01:00 INFO : Filtering template 11/384 segment 2/5
2026-09-08T20:43:52.158+01:00 INFO : Filtering template 11/384 segment 3/5
2026-09-08T20:43:52.196+01:00 INFO : 1 points above threshold
2026-09-08T20:43:52.202+01:00 INFO : Filtering template 11/384 segment 4/5
2026-09-08T20:43:52.239+01:00 INFO : 1 points above threshold
2026-09-08T20:43:52.245+01:00 INFO : Filtering template 11/384 segment 5/5
2026-09-08T20:43:52.282+01:00 INFO : 1 points above threshold
2026-09-08T20:43:52.288+01:00 INFO : 11: generating IMRPhenomD from 30.0 Hz
2026-09-08T20:43:52.290+01:00 INFO : Decompressing waveform using inline_linear
2026-09-08T20:43:52.295+01:00 INFO : Filtering template 12/384 segment 1/5
2026-09-08T20:43:52.336+01:00 INFO : Filtering template 12/384 segment 2/5
2026-09-08T20:43:52.373+01:00 INFO : 1 points above threshold
2026-09-08T20:43:52.392+01:00 INFO : Filtering template 12/384 segment 3/5
2026-09-08T20:43:52.429+01:00 INFO : Filtering template 12/384 segment 4/5
2026-09-08T20:43:52.466+01:00 INFO : 1 points above threshold
2026-09-08T20:43:52.472+01:00 INFO : Filtering template 12/384 segment 5/5
2026-09-08T20:43:52.509+01:00 INFO : 1 points above threshold
2026-09-08T20:43:52.515+01:00 INFO : 12: generating IMRPhenomD from 30.0 Hz
2026-09-08T20:43:52.518+01:00 INFO : Decompressing waveform using inline_linear
2026-09-08T20:43:52.523+01:00 INFO : Filtering template 13/384 segment 1/5
2026-09-08T20:43:52.563+01:00 INFO : 1 points above threshold
2026-09-08T20:43:52.578+01:00 INFO : Filtering template 13/384 segment 2/5
2026-09-08T20:43:52.616+01:00 INFO : Filtering template 13/384 segment 3/5
2026-09-08T20:43:52.653+01:00 INFO : 2 points above threshold
2026-09-08T20:43:52.659+01:00 INFO : Filtering template 13/384 segment 4/5
2026-09-08T20:43:52.696+01:00 INFO : Filtering template 13/384 segment 5/5
2026-09-08T20:43:52.733+01:00 INFO : 2 points above threshold
2026-09-08T20:43:52.739+01:00 INFO : 13: generating IMRPhenomD from 30.0 Hz
2026-09-08T20:43:52.741+01:00 INFO : Decompressing waveform using inline_linear
2026-09-08T20:43:52.746+01:00 INFO : Filtering template 14/384 segment 1/5
2026-09-08T20:43:52.788+01:00 INFO : 2 points above threshold
2026-09-08T20:43:52.808+01:00 INFO : Filtering template 14/384 segment 2/5
2026-09-08T20:43:52.848+01:00 INFO : 1 points above threshold
2026-09-08T20:43:52.854+01:00 INFO : Filtering template 14/384 segment 3/5
2026-09-08T20:43:52.896+01:00 INFO : 2 points above threshold
2026-09-08T20:43:52.902+01:00 INFO : Filtering template 14/384 segment 4/5
2026-09-08T20:43:52.939+01:00 INFO : 2 points above threshold
2026-09-08T20:43:52.945+01:00 INFO : Filtering template 14/384 segment 5/5
2026-09-08T20:43:52.982+01:00 INFO : 3 points above threshold
2026-09-08T20:43:52.990+01:00 INFO : 14: generating IMRPhenomD from 30.0 Hz
2026-09-08T20:43:52.992+01:00 INFO : Decompressing waveform using inline_linear
2026-09-08T20:43:52.997+01:00 INFO : Filtering template 15/384 segment 1/5
2026-09-08T20:43:53.038+01:00 INFO : Filtering template 15/384 segment 2/5
2026-09-08T20:43:53.076+01:00 INFO : 3 points above threshold
2026-09-08T20:43:53.096+01:00 INFO : Filtering template 15/384 segment 3/5
2026-09-08T20:43:53.133+01:00 INFO : 1 points above threshold
2026-09-08T20:43:53.139+01:00 INFO : Filtering template 15/384 segment 4/5
2026-09-08T20:43:53.176+01:00 INFO : Filtering template 15/384 segment 5/5
2026-09-08T20:43:53.214+01:00 INFO : 1 points above threshold
2026-09-08T20:43:53.220+01:00 INFO : 15: generating IMRPhenomD from 30.0 Hz
2026-09-08T20:43:53.223+01:00 INFO : Decompressing waveform using inline_linear
2026-09-08T20:43:53.228+01:00 INFO : Filtering template 16/384 segment 1/5
2026-09-08T20:43:53.268+01:00 INFO : 3 points above threshold
2026-09-08T20:43:53.288+01:00 INFO : Filtering template 16/384 segment 2/5
2026-09-08T20:43:53.326+01:00 INFO : 1 points above threshold
2026-09-08T20:43:53.332+01:00 INFO : Filtering template 16/384 segment 3/5
2026-09-08T20:43:53.369+01:00 INFO : 3 points above threshold
2026-09-08T20:43:53.376+01:00 INFO : Filtering template 16/384 segment 4/5
2026-09-08T20:43:53.413+01:00 INFO : Filtering template 16/384 segment 5/5
2026-09-08T20:43:53.451+01:00 INFO : 16: generating IMRPhenomD from 30.0 Hz
2026-09-08T20:43:53.454+01:00 INFO : Decompressing waveform using inline_linear
2026-09-08T20:43:53.459+01:00 INFO : Filtering template 17/384 segment 1/5
2026-09-08T20:43:53.499+01:00 INFO : 1 points above threshold
2026-09-08T20:43:53.517+01:00 INFO : Filtering template 17/384 segment 2/5
2026-09-08T20:43:53.554+01:00 INFO : 1 points above threshold
2026-09-08T20:43:53.560+01:00 INFO : Filtering template 17/384 segment 3/5
2026-09-08T20:43:53.597+01:00 INFO : 2 points above threshold
2026-09-08T20:43:53.603+01:00 INFO : Filtering template 17/384 segment 4/5
2026-09-08T20:43:53.640+01:00 INFO : 1 points above threshold
2026-09-08T20:43:53.646+01:00 INFO : Filtering template 17/384 segment 5/5
2026-09-08T20:43:53.684+01:00 INFO : 1 points above threshold
2026-09-08T20:43:53.690+01:00 INFO : 17: generating IMRPhenomD from 30.0 Hz
2026-09-08T20:43:53.692+01:00 INFO : Decompressing waveform using inline_linear
2026-09-08T20:43:53.697+01:00 INFO : Filtering template 18/384 segment 1/5
2026-09-08T20:43:53.738+01:00 INFO : 1 points above threshold
2026-09-08T20:43:53.753+01:00 INFO : Filtering template 18/384 segment 2/5
2026-09-08T20:43:53.790+01:00 INFO : 1 points above threshold
2026-09-08T20:43:53.796+01:00 INFO : Filtering template 18/384 segment 3/5
2026-09-08T20:43:53.833+01:00 INFO : 1 points above threshold
2026-09-08T20:43:53.839+01:00 INFO : Filtering template 18/384 segment 4/5
2026-09-08T20:43:53.877+01:00 INFO : 1 points above threshold
2026-09-08T20:43:53.882+01:00 INFO : Filtering template 18/384 segment 5/5
2026-09-08T20:43:53.920+01:00 INFO : 1 points above threshold
2026-09-08T20:43:53.926+01:00 INFO : 18: generating IMRPhenomD from 30.0 Hz
2026-09-08T20:43:53.928+01:00 INFO : Decompressing waveform using inline_linear
2026-09-08T20:43:53.933+01:00 INFO : Filtering template 19/384 segment 1/5
2026-09-08T20:43:53.974+01:00 INFO : 2 points above threshold
2026-09-08T20:43:53.989+01:00 INFO : Filtering template 19/384 segment 2/5
2026-09-08T20:43:54.026+01:00 INFO : 2 points above threshold
2026-09-08T20:43:54.032+01:00 INFO : Filtering template 19/384 segment 3/5
2026-09-08T20:43:54.069+01:00 INFO : 4 points above threshold
2026-09-08T20:43:54.075+01:00 INFO : Filtering template 19/384 segment 4/5
2026-09-08T20:43:54.112+01:00 INFO : Filtering template 19/384 segment 5/5
2026-09-08T20:43:54.149+01:00 INFO : 1 points above threshold
2026-09-08T20:43:54.156+01:00 INFO : 19: generating IMRPhenomD from 30.0 Hz
2026-09-08T20:43:54.158+01:00 INFO : Decompressing waveform using inline_linear
2026-09-08T20:43:54.163+01:00 INFO : Filtering template 20/384 segment 1/5
2026-09-08T20:43:54.204+01:00 INFO : Filtering template 20/384 segment 2/5
2026-09-08T20:43:54.241+01:00 INFO : 1 points above threshold
2026-09-08T20:43:54.256+01:00 INFO : Filtering template 20/384 segment 3/5
2026-09-08T20:43:54.293+01:00 INFO : 1 points above threshold
2026-09-08T20:43:54.299+01:00 INFO : Filtering template 20/384 segment 4/5
2026-09-08T20:43:54.337+01:00 INFO : 1 points above threshold
2026-09-08T20:43:54.342+01:00 INFO : Filtering template 20/384 segment 5/5
2026-09-08T20:43:54.380+01:00 INFO : 20: generating IMRPhenomD from 30.0 Hz
2026-09-08T20:43:54.383+01:00 INFO : Decompressing waveform using inline_linear
2026-09-08T20:43:54.388+01:00 INFO : Filtering template 21/384 segment 1/5
2026-09-08T20:43:54.428+01:00 INFO : Filtering template 21/384 segment 2/5
2026-09-08T20:43:54.465+01:00 INFO : Filtering template 21/384 segment 3/5
2026-09-08T20:43:54.502+01:00 INFO : 3 points above threshold
2026-09-08T20:43:54.519+01:00 INFO : Filtering template 21/384 segment 4/5
2026-09-08T20:43:54.557+01:00 INFO : 1 points above threshold
2026-09-08T20:43:54.562+01:00 INFO : Filtering template 21/384 segment 5/5
2026-09-08T20:43:54.600+01:00 INFO : 1 points above threshold
2026-09-08T20:43:54.606+01:00 INFO : 21: generating IMRPhenomD from 30.0 Hz
2026-09-08T20:43:54.608+01:00 INFO : Decompressing waveform using inline_linear
2026-09-08T20:43:54.613+01:00 INFO : Filtering template 22/384 segment 1/5
2026-09-08T20:43:54.654+01:00 INFO : Filtering template 22/384 segment 2/5
2026-09-08T20:43:54.691+01:00 INFO : 2 points above threshold
2026-09-08T20:43:54.706+01:00 INFO : Filtering template 22/384 segment 3/5
2026-09-08T20:43:54.744+01:00 INFO : 2 points above threshold
2026-09-08T20:43:54.749+01:00 INFO : Filtering template 22/384 segment 4/5
2026-09-08T20:43:54.787+01:00 INFO : 1 points above threshold
2026-09-08T20:43:54.792+01:00 INFO : Filtering template 22/384 segment 5/5
2026-09-08T20:43:54.830+01:00 INFO : 1 points above threshold
2026-09-08T20:43:54.836+01:00 INFO : 22: generating IMRPhenomD from 30.0 Hz
2026-09-08T20:43:54.838+01:00 INFO : Decompressing waveform using inline_linear
2026-09-08T20:43:54.843+01:00 INFO : Filtering template 23/384 segment 1/5
2026-09-08T20:43:54.884+01:00 INFO : Filtering template 23/384 segment 2/5
2026-09-08T20:43:54.921+01:00 INFO : 3 points above threshold
2026-09-08T20:43:54.938+01:00 INFO : Filtering template 23/384 segment 3/5
2026-09-08T20:43:54.975+01:00 INFO : 1 points above threshold
2026-09-08T20:43:54.981+01:00 INFO : Filtering template 23/384 segment 4/5
2026-09-08T20:43:55.018+01:00 INFO : Filtering template 23/384 segment 5/5
2026-09-08T20:43:55.056+01:00 INFO : 23: generating IMRPhenomD from 30.0 Hz
2026-09-08T20:43:55.059+01:00 INFO : Decompressing waveform using inline_linear
2026-09-08T20:43:55.064+01:00 INFO : Filtering template 24/384 segment 1/5
2026-09-08T20:43:55.104+01:00 INFO : 3 points above threshold
2026-09-08T20:43:55.125+01:00 INFO : Filtering template 24/384 segment 2/5
2026-09-08T20:43:55.162+01:00 INFO : 1 points above threshold
2026-09-08T20:43:55.168+01:00 INFO : Filtering template 24/384 segment 3/5
2026-09-08T20:43:55.205+01:00 INFO : 3 points above threshold
2026-09-08T20:43:55.214+01:00 INFO : Filtering template 24/384 segment 4/5
2026-09-08T20:43:55.251+01:00 INFO : 2 points above threshold
2026-09-08T20:43:55.257+01:00 INFO : Filtering template 24/384 segment 5/5
2026-09-08T20:43:55.294+01:00 INFO : 24: generating IMRPhenomD from 30.0 Hz
2026-09-08T20:43:55.297+01:00 INFO : Decompressing waveform using inline_linear
2026-09-08T20:43:55.302+01:00 INFO : Filtering template 25/384 segment 1/5
2026-09-08T20:43:55.342+01:00 INFO : 3 points above threshold
2026-09-08T20:43:55.362+01:00 INFO : Filtering template 25/384 segment 2/5
2026-09-08T20:43:55.400+01:00 INFO : Filtering template 25/384 segment 3/5
2026-09-08T20:43:55.437+01:00 INFO : Filtering template 25/384 segment 4/5
2026-09-08T20:43:55.474+01:00 INFO : 2 points above threshold
2026-09-08T20:43:55.480+01:00 INFO : Filtering template 25/384 segment 5/5
2026-09-08T20:43:55.517+01:00 INFO : 25: generating IMRPhenomD from 30.0 Hz
2026-09-08T20:43:55.520+01:00 INFO : Decompressing waveform using inline_linear
2026-09-08T20:43:55.525+01:00 INFO : Filtering template 26/384 segment 1/5
2026-09-08T20:43:55.565+01:00 INFO : 2 points above threshold
2026-09-08T20:43:55.584+01:00 INFO : Filtering template 26/384 segment 2/5
2026-09-08T20:43:55.621+01:00 INFO : 1 points above threshold
2026-09-08T20:43:55.627+01:00 INFO : Filtering template 26/384 segment 3/5
2026-09-08T20:43:55.664+01:00 INFO : 2 points above threshold
2026-09-08T20:43:55.670+01:00 INFO : Filtering template 26/384 segment 4/5
2026-09-08T20:43:55.707+01:00 INFO : Filtering template 26/384 segment 5/5
2026-09-08T20:43:55.744+01:00 INFO : 1 points above threshold
2026-09-08T20:43:55.750+01:00 INFO : 26: generating IMRPhenomD from 30.0 Hz
2026-09-08T20:43:55.753+01:00 INFO : Decompressing waveform using inline_linear
2026-09-08T20:43:55.758+01:00 INFO : Filtering template 27/384 segment 1/5
2026-09-08T20:43:55.798+01:00 INFO : 1 points above threshold
2026-09-08T20:43:55.817+01:00 INFO : Filtering template 27/384 segment 2/5
2026-09-08T20:43:55.854+01:00 INFO : 4 points above threshold
2026-09-08T20:43:55.860+01:00 INFO : Filtering template 27/384 segment 3/5
2026-09-08T20:43:55.897+01:00 INFO : 1 points above threshold
2026-09-08T20:43:55.903+01:00 INFO : Filtering template 27/384 segment 4/5
2026-09-08T20:43:55.940+01:00 INFO : 1 points above threshold
2026-09-08T20:43:55.946+01:00 INFO : Filtering template 27/384 segment 5/5
2026-09-08T20:43:55.983+01:00 INFO : 27: generating IMRPhenomD from 30.0 Hz
2026-09-08T20:43:55.986+01:00 INFO : Decompressing waveform using inline_linear
2026-09-08T20:43:55.991+01:00 INFO : Filtering template 28/384 segment 1/5
2026-09-08T20:43:56.032+01:00 INFO : 2 points above threshold
2026-09-08T20:43:56.047+01:00 INFO : Filtering template 28/384 segment 2/5
2026-09-08T20:43:56.085+01:00 INFO : 1 points above threshold
2026-09-08T20:43:56.090+01:00 INFO : Filtering template 28/384 segment 3/5
2026-09-08T20:43:56.127+01:00 INFO : 1 points above threshold
2026-09-08T20:43:56.134+01:00 INFO : Filtering template 28/384 segment 4/5
2026-09-08T20:43:56.171+01:00 INFO : 1 points above threshold
2026-09-08T20:43:56.177+01:00 INFO : Filtering template 28/384 segment 5/5
2026-09-08T20:43:56.215+01:00 INFO : 28: generating IMRPhenomD from 30.0 Hz
2026-09-08T20:43:56.217+01:00 INFO : Decompressing waveform using inline_linear
2026-09-08T20:43:56.222+01:00 INFO : Filtering template 29/384 segment 1/5
2026-09-08T20:43:56.263+01:00 INFO : 2 points above threshold
2026-09-08T20:43:56.278+01:00 INFO : Filtering template 29/384 segment 2/5
2026-09-08T20:43:56.315+01:00 INFO : Filtering template 29/384 segment 3/5
2026-09-08T20:43:56.352+01:00 INFO : 2 points above threshold
2026-09-08T20:43:56.358+01:00 INFO : Filtering template 29/384 segment 4/5
2026-09-08T20:43:56.396+01:00 INFO : Filtering template 29/384 segment 5/5
2026-09-08T20:43:56.433+01:00 INFO : 1 points above threshold
2026-09-08T20:43:56.439+01:00 INFO : 29: generating IMRPhenomD from 30.0 Hz
2026-09-08T20:43:56.442+01:00 INFO : Decompressing waveform using inline_linear
2026-09-08T20:43:56.447+01:00 INFO : Filtering template 30/384 segment 1/5
2026-09-08T20:43:56.487+01:00 INFO : 1 points above threshold
2026-09-08T20:43:56.502+01:00 INFO : Filtering template 30/384 segment 2/5
2026-09-08T20:43:56.540+01:00 INFO : 2 points above threshold
2026-09-08T20:43:56.545+01:00 INFO : Filtering template 30/384 segment 3/5
2026-09-08T20:43:56.583+01:00 INFO : Filtering template 30/384 segment 4/5
2026-09-08T20:43:56.621+01:00 INFO : 3 points above threshold
2026-09-08T20:43:56.629+01:00 INFO : Filtering template 30/384 segment 5/5
2026-09-08T20:43:56.666+01:00 INFO : 2 points above threshold
2026-09-08T20:43:56.672+01:00 INFO : 30: generating IMRPhenomD from 30.0 Hz
2026-09-08T20:43:56.675+01:00 INFO : Decompressing waveform using inline_linear
2026-09-08T20:43:56.680+01:00 INFO : Filtering template 31/384 segment 1/5
2026-09-08T20:43:56.722+01:00 INFO : Filtering template 31/384 segment 2/5
2026-09-08T20:43:56.759+01:00 INFO : 1 points above threshold
2026-09-08T20:43:56.774+01:00 INFO : Filtering template 31/384 segment 3/5
2026-09-08T20:43:56.811+01:00 INFO : 2 points above threshold
2026-09-08T20:43:56.817+01:00 INFO : Filtering template 31/384 segment 4/5
2026-09-08T20:43:56.854+01:00 INFO : 1 points above threshold
2026-09-08T20:43:56.860+01:00 INFO : Filtering template 31/384 segment 5/5
2026-09-08T20:43:56.897+01:00 INFO : 2 points above threshold
2026-09-08T20:43:56.903+01:00 INFO : 31: generating IMRPhenomD from 30.0 Hz
2026-09-08T20:43:56.906+01:00 INFO : Decompressing waveform using inline_linear
2026-09-08T20:43:56.911+01:00 INFO : Filtering template 32/384 segment 1/5
2026-09-08T20:43:56.952+01:00 INFO : Filtering template 32/384 segment 2/5
2026-09-08T20:43:56.989+01:00 INFO : Filtering template 32/384 segment 3/5
2026-09-08T20:43:57.026+01:00 INFO : 2 points above threshold
2026-09-08T20:43:57.041+01:00 INFO : Filtering template 32/384 segment 4/5
2026-09-08T20:43:57.079+01:00 INFO : 1 points above threshold
2026-09-08T20:43:57.085+01:00 INFO : Filtering template 32/384 segment 5/5
2026-09-08T20:43:57.122+01:00 INFO : 2 points above threshold
2026-09-08T20:43:57.128+01:00 INFO : 32: generating IMRPhenomD from 30.0 Hz
2026-09-08T20:43:57.131+01:00 INFO : Decompressing waveform using inline_linear
2026-09-08T20:43:57.136+01:00 INFO : Filtering template 33/384 segment 1/5
2026-09-08T20:43:57.176+01:00 INFO : Filtering template 33/384 segment 2/5
2026-09-08T20:43:57.213+01:00 INFO : Filtering template 33/384 segment 3/5
2026-09-08T20:43:57.251+01:00 INFO : 1 points above threshold
2026-09-08T20:43:57.266+01:00 INFO : Filtering template 33/384 segment 4/5
2026-09-08T20:43:57.303+01:00 INFO : 2 points above threshold
2026-09-08T20:43:57.309+01:00 INFO : Filtering template 33/384 segment 5/5
2026-09-08T20:43:57.346+01:00 INFO : 2 points above threshold
2026-09-08T20:43:57.352+01:00 INFO : 33: generating IMRPhenomD from 30.0 Hz
2026-09-08T20:43:57.355+01:00 INFO : Decompressing waveform using inline_linear
2026-09-08T20:43:57.360+01:00 INFO : Filtering template 34/384 segment 1/5
2026-09-08T20:43:57.400+01:00 INFO : 1 points above threshold
2026-09-08T20:43:57.415+01:00 INFO : Filtering template 34/384 segment 2/5
2026-09-08T20:43:57.453+01:00 INFO : 1 points above threshold
2026-09-08T20:43:57.459+01:00 INFO : Filtering template 34/384 segment 3/5
2026-09-08T20:43:57.496+01:00 INFO : 2 points above threshold
2026-09-08T20:43:57.502+01:00 INFO : Filtering template 34/384 segment 4/5
2026-09-08T20:43:57.539+01:00 INFO : 1 points above threshold
2026-09-08T20:43:57.545+01:00 INFO : Filtering template 34/384 segment 5/5
2026-09-08T20:43:57.582+01:00 INFO : 2 points above threshold
2026-09-08T20:43:57.588+01:00 INFO : 34: generating IMRPhenomD from 30.0 Hz
2026-09-08T20:43:57.591+01:00 INFO : Decompressing waveform using inline_linear
2026-09-08T20:43:57.596+01:00 INFO : Filtering template 35/384 segment 1/5
2026-09-08T20:43:57.636+01:00 INFO : 5 points above threshold
2026-09-08T20:43:57.654+01:00 INFO : Filtering template 35/384 segment 2/5
2026-09-08T20:43:57.691+01:00 INFO : 1 points above threshold
2026-09-08T20:43:57.697+01:00 INFO : Filtering template 35/384 segment 3/5
2026-09-08T20:43:57.734+01:00 INFO : Filtering template 35/384 segment 4/5
2026-09-08T20:43:57.771+01:00 INFO : 1 points above threshold
2026-09-08T20:43:57.777+01:00 INFO : Filtering template 35/384 segment 5/5
2026-09-08T20:43:57.814+01:00 INFO : 2 points above threshold
2026-09-08T20:43:57.820+01:00 INFO : 35: generating IMRPhenomD from 30.0 Hz
2026-09-08T20:43:57.823+01:00 INFO : Decompressing waveform using inline_linear
2026-09-08T20:43:57.828+01:00 INFO : Filtering template 36/384 segment 1/5
2026-09-08T20:43:57.868+01:00 INFO : 1 points above threshold
2026-09-08T20:43:57.887+01:00 INFO : Filtering template 36/384 segment 2/5
2026-09-08T20:43:57.927+01:00 INFO : 1 points above threshold
2026-09-08T20:43:57.933+01:00 INFO : Filtering template 36/384 segment 3/5
2026-09-08T20:43:57.973+01:00 INFO : Filtering template 36/384 segment 4/5
2026-09-08T20:43:58.011+01:00 INFO : 1 points above threshold
2026-09-08T20:43:58.017+01:00 INFO : Filtering template 36/384 segment 5/5
2026-09-08T20:43:58.054+01:00 INFO : 1 points above threshold
2026-09-08T20:43:58.061+01:00 INFO : 36: generating IMRPhenomD from 30.0 Hz
2026-09-08T20:43:58.063+01:00 INFO : Decompressing waveform using inline_linear
2026-09-08T20:43:58.068+01:00 INFO : Filtering template 37/384 segment 1/5
2026-09-08T20:43:58.109+01:00 INFO : 1 points above threshold
2026-09-08T20:43:58.124+01:00 INFO : Filtering template 37/384 segment 2/5
2026-09-08T20:43:58.161+01:00 INFO : Filtering template 37/384 segment 3/5
2026-09-08T20:43:58.230+01:00 INFO : 1 points above threshold
2026-09-08T20:43:58.237+01:00 INFO : Filtering template 37/384 segment 4/5
2026-09-08T20:43:58.274+01:00 INFO : Filtering template 37/384 segment 5/5
2026-09-08T20:43:58.311+01:00 INFO : 37: generating IMRPhenomD from 30.0 Hz
2026-09-08T20:43:58.314+01:00 INFO : Decompressing waveform using inline_linear
2026-09-08T20:43:58.319+01:00 INFO : Filtering template 38/384 segment 1/5
2026-09-08T20:43:58.359+01:00 INFO : Filtering template 38/384 segment 2/5
2026-09-08T20:43:58.396+01:00 INFO : Filtering template 38/384 segment 3/5
2026-09-08T20:43:58.433+01:00 INFO : 1 points above threshold
2026-09-08T20:43:58.448+01:00 INFO : Filtering template 38/384 segment 4/5
2026-09-08T20:43:58.485+01:00 INFO : 1 points above threshold
2026-09-08T20:43:58.491+01:00 INFO : Filtering template 38/384 segment 5/5
2026-09-08T20:43:58.528+01:00 INFO : 38: generating IMRPhenomD from 30.0 Hz
2026-09-08T20:43:58.531+01:00 INFO : Decompressing waveform using inline_linear
2026-09-08T20:43:58.536+01:00 INFO : Filtering template 39/384 segment 1/5
2026-09-08T20:43:58.576+01:00 INFO : Filtering template 39/384 segment 2/5
2026-09-08T20:43:58.613+01:00 INFO : Filtering template 39/384 segment 3/5
2026-09-08T20:43:58.650+01:00 INFO : Filtering template 39/384 segment 4/5
2026-09-08T20:43:58.687+01:00 INFO : 3 points above threshold
2026-09-08T20:43:58.704+01:00 INFO : Filtering template 39/384 segment 5/5
2026-09-08T20:43:58.741+01:00 INFO : 2 points above threshold
2026-09-08T20:43:58.748+01:00 INFO : 39: generating IMRPhenomD from 30.0 Hz
2026-09-08T20:43:58.750+01:00 INFO : Decompressing waveform using inline_linear
2026-09-08T20:43:58.755+01:00 INFO : Filtering template 40/384 segment 1/5
2026-09-08T20:43:58.796+01:00 INFO : 3 points above threshold
2026-09-08T20:43:58.813+01:00 INFO : Filtering template 40/384 segment 2/5
2026-09-08T20:43:58.850+01:00 INFO : 1 points above threshold
2026-09-08T20:43:58.856+01:00 INFO : Filtering template 40/384 segment 3/5
2026-09-08T20:43:58.893+01:00 INFO : 1 points above threshold
2026-09-08T20:43:58.899+01:00 INFO : Filtering template 40/384 segment 4/5
2026-09-08T20:43:58.936+01:00 INFO : 2 points above threshold
2026-09-08T20:43:58.942+01:00 INFO : Filtering template 40/384 segment 5/5
2026-09-08T20:43:58.979+01:00 INFO : 1 points above threshold
2026-09-08T20:43:58.986+01:00 INFO : 40: generating IMRPhenomD from 30.0 Hz
2026-09-08T20:43:58.988+01:00 INFO : Decompressing waveform using inline_linear
2026-09-08T20:43:58.993+01:00 INFO : Filtering template 41/384 segment 1/5
2026-09-08T20:43:59.034+01:00 INFO : Filtering template 41/384 segment 2/5
2026-09-08T20:43:59.071+01:00 INFO : 1 points above threshold
2026-09-08T20:43:59.087+01:00 INFO : Filtering template 41/384 segment 3/5
2026-09-08T20:43:59.124+01:00 INFO : Filtering template 41/384 segment 4/5
2026-09-08T20:43:59.161+01:00 INFO : Filtering template 41/384 segment 5/5
2026-09-08T20:43:59.198+01:00 INFO : 41: generating IMRPhenomD from 30.0 Hz
2026-09-08T20:43:59.201+01:00 INFO : Decompressing waveform using inline_linear
2026-09-08T20:43:59.206+01:00 INFO : Filtering template 42/384 segment 1/5
2026-09-08T20:43:59.246+01:00 INFO : 2 points above threshold
2026-09-08T20:43:59.261+01:00 INFO : Filtering template 42/384 segment 2/5
2026-09-08T20:43:59.298+01:00 INFO : Filtering template 42/384 segment 3/5
2026-09-08T20:43:59.336+01:00 INFO : 2 points above threshold
2026-09-08T20:43:59.341+01:00 INFO : Filtering template 42/384 segment 4/5
2026-09-08T20:43:59.379+01:00 INFO : 3 points above threshold
2026-09-08T20:43:59.386+01:00 INFO : Filtering template 42/384 segment 5/5
2026-09-08T20:43:59.423+01:00 INFO : 2 points above threshold
2026-09-08T20:43:59.429+01:00 INFO : 42: generating IMRPhenomD from 30.0 Hz
2026-09-08T20:43:59.432+01:00 INFO : Decompressing waveform using inline_linear
2026-09-08T20:43:59.437+01:00 INFO : Filtering template 43/384 segment 1/5
2026-09-08T20:43:59.477+01:00 INFO : 3 points above threshold
2026-09-08T20:43:59.494+01:00 INFO : Filtering template 43/384 segment 2/5
2026-09-08T20:43:59.531+01:00 INFO : 2 points above threshold
2026-09-08T20:43:59.537+01:00 INFO : Filtering template 43/384 segment 3/5
2026-09-08T20:43:59.574+01:00 INFO : Filtering template 43/384 segment 4/5
2026-09-08T20:43:59.611+01:00 INFO : Filtering template 43/384 segment 5/5
2026-09-08T20:43:59.649+01:00 INFO : 1 points above threshold
2026-09-08T20:43:59.655+01:00 INFO : 43: generating IMRPhenomD from 30.0 Hz
2026-09-08T20:43:59.657+01:00 INFO : Decompressing waveform using inline_linear
2026-09-08T20:43:59.662+01:00 INFO : Filtering template 44/384 segment 1/5
2026-09-08T20:43:59.703+01:00 INFO : Filtering template 44/384 segment 2/5
2026-09-08T20:43:59.740+01:00 INFO : 2 points above threshold
2026-09-08T20:43:59.755+01:00 INFO : Filtering template 44/384 segment 3/5
2026-09-08T20:43:59.792+01:00 INFO : Filtering template 44/384 segment 4/5
2026-09-08T20:43:59.830+01:00 INFO : 1 points above threshold
2026-09-08T20:43:59.836+01:00 INFO : Filtering template 44/384 segment 5/5
2026-09-08T20:43:59.873+01:00 INFO : 2 points above threshold
2026-09-08T20:43:59.879+01:00 INFO : 44: generating IMRPhenomD from 30.0 Hz
2026-09-08T20:43:59.881+01:00 INFO : Decompressing waveform using inline_linear
2026-09-08T20:43:59.886+01:00 INFO : Filtering template 45/384 segment 1/5
2026-09-08T20:43:59.927+01:00 INFO : 1 points above threshold
2026-09-08T20:43:59.945+01:00 INFO : Filtering template 45/384 segment 2/5
2026-09-08T20:43:59.982+01:00 INFO : Filtering template 45/384 segment 3/5
2026-09-08T20:44:00.019+01:00 INFO : 1 points above threshold
2026-09-08T20:44:00.025+01:00 INFO : Filtering template 45/384 segment 4/5
2026-09-08T20:44:00.063+01:00 INFO : Filtering template 45/384 segment 5/5
2026-09-08T20:44:00.100+01:00 INFO : 2 points above threshold
2026-09-08T20:44:00.106+01:00 INFO : 45: generating IMRPhenomD from 30.0 Hz
2026-09-08T20:44:00.109+01:00 INFO : Decompressing waveform using inline_linear
2026-09-08T20:44:00.114+01:00 INFO : Filtering template 46/384 segment 1/5
2026-09-08T20:44:00.154+01:00 INFO : 3 points above threshold
2026-09-08T20:44:00.174+01:00 INFO : Filtering template 46/384 segment 2/5
2026-09-08T20:44:00.211+01:00 INFO : 1 points above threshold
2026-09-08T20:44:00.217+01:00 INFO : Filtering template 46/384 segment 3/5
2026-09-08T20:44:00.254+01:00 INFO : 1 points above threshold
2026-09-08T20:44:00.260+01:00 INFO : Filtering template 46/384 segment 4/5
2026-09-08T20:44:00.297+01:00 INFO : Filtering template 46/384 segment 5/5
2026-09-08T20:44:00.336+01:00 INFO : 1 points above threshold
2026-09-08T20:44:00.342+01:00 INFO : 46: generating IMRPhenomD from 30.0 Hz
2026-09-08T20:44:00.345+01:00 INFO : Decompressing waveform using inline_linear
2026-09-08T20:44:00.350+01:00 INFO : Filtering template 47/384 segment 1/5
2026-09-08T20:44:00.390+01:00 INFO : 1 points above threshold
2026-09-08T20:44:00.409+01:00 INFO : Filtering template 47/384 segment 2/5
2026-09-08T20:44:00.446+01:00 INFO : 1 points above threshold
2026-09-08T20:44:00.452+01:00 INFO : Filtering template 47/384 segment 3/5
2026-09-08T20:44:00.489+01:00 INFO : 1 points above threshold
2026-09-08T20:44:00.495+01:00 INFO : Filtering template 47/384 segment 4/5
2026-09-08T20:44:00.532+01:00 INFO : 1 points above threshold
2026-09-08T20:44:00.538+01:00 INFO : Filtering template 47/384 segment 5/5
2026-09-08T20:44:00.575+01:00 INFO : 1 points above threshold
2026-09-08T20:44:00.582+01:00 INFO : 47: generating IMRPhenomD from 30.0 Hz
2026-09-08T20:44:00.585+01:00 INFO : Decompressing waveform using inline_linear
2026-09-08T20:44:00.590+01:00 INFO : Filtering template 48/384 segment 1/5
2026-09-08T20:44:00.630+01:00 INFO : 3 points above threshold
2026-09-08T20:44:00.647+01:00 INFO : Filtering template 48/384 segment 2/5
2026-09-08T20:44:00.684+01:00 INFO : 3 points above threshold
2026-09-08T20:44:00.692+01:00 INFO : Filtering template 48/384 segment 3/5
2026-09-08T20:44:00.729+01:00 INFO : Filtering template 48/384 segment 4/5
2026-09-08T20:44:00.766+01:00 INFO : 1 points above threshold
2026-09-08T20:44:00.772+01:00 INFO : Filtering template 48/384 segment 5/5
2026-09-08T20:44:00.810+01:00 INFO : 48: generating IMRPhenomD from 30.0 Hz
2026-09-08T20:44:00.812+01:00 INFO : Decompressing waveform using inline_linear
2026-09-08T20:44:00.817+01:00 INFO : Filtering template 49/384 segment 1/5
2026-09-08T20:44:00.858+01:00 INFO : 3 points above threshold
2026-09-08T20:44:00.875+01:00 INFO : Filtering template 49/384 segment 2/5
2026-09-08T20:44:00.912+01:00 INFO : 1 points above threshold
2026-09-08T20:44:00.918+01:00 INFO : Filtering template 49/384 segment 3/5
2026-09-08T20:44:00.955+01:00 INFO : 1 points above threshold
2026-09-08T20:44:00.961+01:00 INFO : Filtering template 49/384 segment 4/5
2026-09-08T20:44:00.999+01:00 INFO : Filtering template 49/384 segment 5/5
2026-09-08T20:44:01.036+01:00 INFO : 49: generating IMRPhenomD from 30.0 Hz
2026-09-08T20:44:01.039+01:00 INFO : Decompressing waveform using inline_linear
2026-09-08T20:44:01.044+01:00 INFO : Filtering template 50/384 segment 1/5
2026-09-08T20:44:01.084+01:00 INFO : Filtering template 50/384 segment 2/5
2026-09-08T20:44:01.122+01:00 INFO : 2 points above threshold
2026-09-08T20:44:01.137+01:00 INFO : Filtering template 50/384 segment 3/5
2026-09-08T20:44:01.174+01:00 INFO : 5 points above threshold
2026-09-08T20:44:01.182+01:00 INFO : Filtering template 50/384 segment 4/5
2026-09-08T20:44:01.219+01:00 INFO : 3 points above threshold
2026-09-08T20:44:01.227+01:00 INFO : Filtering template 50/384 segment 5/5
2026-09-08T20:44:01.264+01:00 INFO : 2 points above threshold
2026-09-08T20:44:01.270+01:00 INFO : 50: generating IMRPhenomD from 30.0 Hz
2026-09-08T20:44:01.273+01:00 INFO : Decompressing waveform using inline_linear
2026-09-08T20:44:01.278+01:00 INFO : Filtering template 51/384 segment 1/5
2026-09-08T20:44:01.318+01:00 INFO : 1 points above threshold
2026-09-08T20:44:01.334+01:00 INFO : Filtering template 51/384 segment 2/5
2026-09-08T20:44:01.371+01:00 INFO : 1 points above threshold
2026-09-08T20:44:01.377+01:00 INFO : Filtering template 51/384 segment 3/5
2026-09-08T20:44:01.414+01:00 INFO : 3 points above threshold
2026-09-08T20:44:01.421+01:00 INFO : Filtering template 51/384 segment 4/5
2026-09-08T20:44:01.458+01:00 INFO : 1 points above threshold
2026-09-08T20:44:01.464+01:00 INFO : Filtering template 51/384 segment 5/5
2026-09-08T20:44:01.501+01:00 INFO : 3 points above threshold
2026-09-08T20:44:01.510+01:00 INFO : 51: generating IMRPhenomD from 30.0 Hz
2026-09-08T20:44:01.512+01:00 INFO : Decompressing waveform using inline_linear
2026-09-08T20:44:01.517+01:00 INFO : Filtering template 52/384 segment 1/5
2026-09-08T20:44:01.558+01:00 INFO : 2 points above threshold
2026-09-08T20:44:01.573+01:00 INFO : Filtering template 52/384 segment 2/5
2026-09-08T20:44:01.610+01:00 INFO : 1 points above threshold
2026-09-08T20:44:01.616+01:00 INFO : Filtering template 52/384 segment 3/5
2026-09-08T20:44:01.653+01:00 INFO : Filtering template 52/384 segment 4/5
2026-09-08T20:44:01.690+01:00 INFO : 1 points above threshold
2026-09-08T20:44:01.696+01:00 INFO : Filtering template 52/384 segment 5/5
2026-09-08T20:44:01.734+01:00 INFO : 2 points above threshold
2026-09-08T20:44:01.740+01:00 INFO : 52: generating IMRPhenomD from 30.0 Hz
2026-09-08T20:44:01.742+01:00 INFO : Decompressing waveform using inline_linear
2026-09-08T20:44:01.747+01:00 INFO : Filtering template 53/384 segment 1/5
2026-09-08T20:44:01.788+01:00 INFO : 1 points above threshold
2026-09-08T20:44:01.803+01:00 INFO : Filtering template 53/384 segment 2/5
2026-09-08T20:44:01.840+01:00 INFO : 3 points above threshold
2026-09-08T20:44:01.848+01:00 INFO : Filtering template 53/384 segment 3/5
2026-09-08T20:44:01.885+01:00 INFO : Filtering template 53/384 segment 4/5
2026-09-08T20:44:01.922+01:00 INFO : 1 points above threshold
2026-09-08T20:44:01.928+01:00 INFO : Filtering template 53/384 segment 5/5
2026-09-08T20:44:01.966+01:00 INFO : 53: generating IMRPhenomD from 30.0 Hz
2026-09-08T20:44:01.968+01:00 INFO : Decompressing waveform using inline_linear
2026-09-08T20:44:01.973+01:00 INFO : Filtering template 54/384 segment 1/5
2026-09-08T20:44:02.014+01:00 INFO : 3 points above threshold
2026-09-08T20:44:02.031+01:00 INFO : Filtering template 54/384 segment 2/5
2026-09-08T20:44:02.068+01:00 INFO : 4 points above threshold
2026-09-08T20:44:02.074+01:00 INFO : Filtering template 54/384 segment 3/5
2026-09-08T20:44:02.112+01:00 INFO : Filtering template 54/384 segment 4/5
2026-09-08T20:44:02.149+01:00 INFO : 2 points above threshold
2026-09-08T20:44:02.155+01:00 INFO : Filtering template 54/384 segment 5/5
2026-09-08T20:44:02.192+01:00 INFO : 2 points above threshold
2026-09-08T20:44:02.198+01:00 INFO : 54: generating IMRPhenomD from 30.0 Hz
2026-09-08T20:44:02.201+01:00 INFO : Decompressing waveform using inline_linear
2026-09-08T20:44:02.206+01:00 INFO : Filtering template 55/384 segment 1/5
2026-09-08T20:44:02.246+01:00 INFO : Filtering template 55/384 segment 2/5
2026-09-08T20:44:02.283+01:00 INFO : 2 points above threshold
2026-09-08T20:44:02.298+01:00 INFO : Filtering template 55/384 segment 3/5
2026-09-08T20:44:02.335+01:00 INFO : Filtering template 55/384 segment 4/5
2026-09-08T20:44:02.373+01:00 INFO : Filtering template 55/384 segment 5/5
2026-09-08T20:44:02.410+01:00 INFO : 1 points above threshold
2026-09-08T20:44:02.416+01:00 INFO : 55: generating IMRPhenomD from 30.0 Hz
2026-09-08T20:44:02.419+01:00 INFO : Decompressing waveform using inline_linear
2026-09-08T20:44:02.424+01:00 INFO : Filtering template 56/384 segment 1/5
2026-09-08T20:44:02.464+01:00 INFO : 1 points above threshold
2026-09-08T20:44:02.479+01:00 INFO : Filtering template 56/384 segment 2/5
2026-09-08T20:44:02.516+01:00 INFO : Filtering template 56/384 segment 3/5
2026-09-08T20:44:02.553+01:00 INFO : 2 points above threshold
2026-09-08T20:44:02.559+01:00 INFO : Filtering template 56/384 segment 4/5
2026-09-08T20:44:02.596+01:00 INFO : 1 points above threshold
2026-09-08T20:44:02.602+01:00 INFO : Filtering template 56/384 segment 5/5
2026-09-08T20:44:02.639+01:00 INFO : 56: generating IMRPhenomD from 30.0 Hz
2026-09-08T20:44:02.642+01:00 INFO : Decompressing waveform using inline_linear
2026-09-08T20:44:02.647+01:00 INFO : Filtering template 57/384 segment 1/5
2026-09-08T20:44:02.687+01:00 INFO : 2 points above threshold
2026-09-08T20:44:02.706+01:00 INFO : Filtering template 57/384 segment 2/5
2026-09-08T20:44:02.743+01:00 INFO : 1 points above threshold
2026-09-08T20:44:02.749+01:00 INFO : Filtering template 57/384 segment 3/5
2026-09-08T20:44:02.786+01:00 INFO : Filtering template 57/384 segment 4/5
2026-09-08T20:44:02.823+01:00 INFO : 1 points above threshold
2026-09-08T20:44:02.829+01:00 INFO : Filtering template 57/384 segment 5/5
2026-09-08T20:44:02.866+01:00 INFO : 57: generating IMRPhenomD from 30.0 Hz
2026-09-08T20:44:02.869+01:00 INFO : Decompressing waveform using inline_linear
2026-09-08T20:44:02.874+01:00 INFO : Filtering template 58/384 segment 1/5
2026-09-08T20:44:02.915+01:00 INFO : 2 points above threshold
2026-09-08T20:44:02.930+01:00 INFO : Filtering template 58/384 segment 2/5
2026-09-08T20:44:02.967+01:00 INFO : 2 points above threshold
2026-09-08T20:44:02.973+01:00 INFO : Filtering template 58/384 segment 3/5
2026-09-08T20:44:03.013+01:00 INFO : Filtering template 58/384 segment 4/5
2026-09-08T20:44:03.057+01:00 INFO : 1 points above threshold
2026-09-08T20:44:03.063+01:00 INFO : Filtering template 58/384 segment 5/5
2026-09-08T20:44:03.102+01:00 INFO : 1 points above threshold
2026-09-08T20:44:03.108+01:00 INFO : 58: generating IMRPhenomD from 30.0 Hz
2026-09-08T20:44:03.111+01:00 INFO : Decompressing waveform using inline_linear
2026-09-08T20:44:03.116+01:00 INFO : Filtering template 59/384 segment 1/5
2026-09-08T20:44:03.156+01:00 INFO : 1 points above threshold
2026-09-08T20:44:03.172+01:00 INFO : Filtering template 59/384 segment 2/5
2026-09-08T20:44:03.209+01:00 INFO : Filtering template 59/384 segment 3/5
2026-09-08T20:44:03.246+01:00 INFO : 1 points above threshold
2026-09-08T20:44:03.252+01:00 INFO : Filtering template 59/384 segment 4/5
2026-09-08T20:44:03.289+01:00 INFO : Filtering template 59/384 segment 5/5
2026-09-08T20:44:03.327+01:00 INFO : 59: generating IMRPhenomD from 30.0 Hz
2026-09-08T20:44:03.330+01:00 INFO : Decompressing waveform using inline_linear
2026-09-08T20:44:03.335+01:00 INFO : Filtering template 60/384 segment 1/5
2026-09-08T20:44:03.375+01:00 INFO : 2 points above threshold
2026-09-08T20:44:03.391+01:00 INFO : Filtering template 60/384 segment 2/5
2026-09-08T20:44:03.428+01:00 INFO : 1 points above threshold
2026-09-08T20:44:03.434+01:00 INFO : Filtering template 60/384 segment 3/5
2026-09-08T20:44:03.471+01:00 INFO : Filtering template 60/384 segment 4/5
2026-09-08T20:44:03.508+01:00 INFO : 1 points above threshold
2026-09-08T20:44:03.514+01:00 INFO : Filtering template 60/384 segment 5/5
2026-09-08T20:44:03.552+01:00 INFO : 1 points above threshold
2026-09-08T20:44:03.558+01:00 INFO : 60: generating IMRPhenomD from 30.0 Hz
2026-09-08T20:44:03.560+01:00 INFO : Decompressing waveform using inline_linear
2026-09-08T20:44:03.565+01:00 INFO : Filtering template 61/384 segment 1/5
2026-09-08T20:44:03.606+01:00 INFO : 2 points above threshold
2026-09-08T20:44:03.621+01:00 INFO : Filtering template 61/384 segment 2/5
2026-09-08T20:44:03.658+01:00 INFO : Filtering template 61/384 segment 3/5
2026-09-08T20:44:03.696+01:00 INFO : Filtering template 61/384 segment 4/5
2026-09-08T20:44:03.733+01:00 INFO : 4 points above threshold
2026-09-08T20:44:03.739+01:00 INFO : Filtering template 61/384 segment 5/5
2026-09-08T20:44:03.776+01:00 INFO : 2 points above threshold
2026-09-08T20:44:03.782+01:00 INFO : 61: generating IMRPhenomD from 30.0 Hz
2026-09-08T20:44:03.785+01:00 INFO : Decompressing waveform using inline_linear
2026-09-08T20:44:03.790+01:00 INFO : Filtering template 62/384 segment 1/5
2026-09-08T20:44:03.830+01:00 INFO : 1 points above threshold
2026-09-08T20:44:03.846+01:00 INFO : Filtering template 62/384 segment 2/5
2026-09-08T20:44:03.883+01:00 INFO : 3 points above threshold
2026-09-08T20:44:03.891+01:00 INFO : Filtering template 62/384 segment 3/5
2026-09-08T20:44:03.928+01:00 INFO : 2 points above threshold
2026-09-08T20:44:03.934+01:00 INFO : Filtering template 62/384 segment 4/5
2026-09-08T20:44:03.971+01:00 INFO : 1 points above threshold
2026-09-08T20:44:03.977+01:00 INFO : Filtering template 62/384 segment 5/5
2026-09-08T20:44:04.014+01:00 INFO : 3 points above threshold
2026-09-08T20:44:04.023+01:00 INFO : 62: generating IMRPhenomD from 30.0 Hz
2026-09-08T20:44:04.025+01:00 INFO : Decompressing waveform using inline_linear
2026-09-08T20:44:04.030+01:00 INFO : Filtering template 63/384 segment 1/5
2026-09-08T20:44:04.071+01:00 INFO : 1 points above threshold
2026-09-08T20:44:04.086+01:00 INFO : Filtering template 63/384 segment 2/5
2026-09-08T20:44:04.123+01:00 INFO : 1 points above threshold
2026-09-08T20:44:04.129+01:00 INFO : Filtering template 63/384 segment 3/5
2026-09-08T20:44:04.167+01:00 INFO : 2 points above threshold
2026-09-08T20:44:04.172+01:00 INFO : Filtering template 63/384 segment 4/5
2026-09-08T20:44:04.209+01:00 INFO : Filtering template 63/384 segment 5/5
2026-09-08T20:44:04.247+01:00 INFO : 1 points above threshold
2026-09-08T20:44:04.253+01:00 INFO : 63: generating IMRPhenomD from 30.0 Hz
2026-09-08T20:44:04.255+01:00 INFO : Decompressing waveform using inline_linear
2026-09-08T20:44:04.260+01:00 INFO : Filtering template 64/384 segment 1/5
2026-09-08T20:44:04.301+01:00 INFO : 2 points above threshold
2026-09-08T20:44:04.316+01:00 INFO : Filtering template 64/384 segment 2/5
2026-09-08T20:44:04.353+01:00 INFO : 2 points above threshold
2026-09-08T20:44:04.359+01:00 INFO : Filtering template 64/384 segment 3/5
2026-09-08T20:44:04.397+01:00 INFO : Filtering template 64/384 segment 4/5
2026-09-08T20:44:04.434+01:00 INFO : 4 points above threshold
2026-09-08T20:44:04.440+01:00 INFO : Filtering template 64/384 segment 5/5
2026-09-08T20:44:04.477+01:00 INFO : 1 points above threshold
2026-09-08T20:44:04.483+01:00 INFO : 64: generating IMRPhenomD from 30.0 Hz
2026-09-08T20:44:04.486+01:00 INFO : Decompressing waveform using inline_linear
2026-09-08T20:44:04.491+01:00 INFO : Filtering template 65/384 segment 1/5
2026-09-08T20:44:04.531+01:00 INFO : 2 points above threshold
2026-09-08T20:44:04.546+01:00 INFO : Filtering template 65/384 segment 2/5
2026-09-08T20:44:04.583+01:00 INFO : 1 points above threshold
2026-09-08T20:44:04.589+01:00 INFO : Filtering template 65/384 segment 3/5
2026-09-08T20:44:04.626+01:00 INFO : 1 points above threshold
2026-09-08T20:44:04.632+01:00 INFO : Filtering template 65/384 segment 4/5
2026-09-08T20:44:04.669+01:00 INFO : 1 points above threshold
2026-09-08T20:44:04.675+01:00 INFO : Filtering template 65/384 segment 5/5
2026-09-08T20:44:04.712+01:00 INFO : 1 points above threshold
2026-09-08T20:44:04.719+01:00 INFO : 65: generating IMRPhenomD from 30.0 Hz
2026-09-08T20:44:04.721+01:00 INFO : Decompressing waveform using inline_linear
2026-09-08T20:44:04.726+01:00 INFO : Filtering template 66/384 segment 1/5
2026-09-08T20:44:04.767+01:00 INFO : Filtering template 66/384 segment 2/5
2026-09-08T20:44:04.804+01:00 INFO : 2 points above threshold
2026-09-08T20:44:04.819+01:00 INFO : Filtering template 66/384 segment 3/5
2026-09-08T20:44:04.857+01:00 INFO : 1 points above threshold
2026-09-08T20:44:04.862+01:00 INFO : Filtering template 66/384 segment 4/5
2026-09-08T20:44:04.900+01:00 INFO : 1 points above threshold
2026-09-08T20:44:04.906+01:00 INFO : Filtering template 66/384 segment 5/5
2026-09-08T20:44:04.943+01:00 INFO : 1 points above threshold
2026-09-08T20:44:04.949+01:00 INFO : 66: generating IMRPhenomD from 30.0 Hz
2026-09-08T20:44:04.952+01:00 INFO : Decompressing waveform using inline_linear
2026-09-08T20:44:04.957+01:00 INFO : Filtering template 67/384 segment 1/5
2026-09-08T20:44:04.997+01:00 INFO : 1 points above threshold
2026-09-08T20:44:05.013+01:00 INFO : Filtering template 67/384 segment 2/5
2026-09-08T20:44:05.050+01:00 INFO : 1 points above threshold
2026-09-08T20:44:05.056+01:00 INFO : Filtering template 67/384 segment 3/5
2026-09-08T20:44:05.093+01:00 INFO : 2 points above threshold
2026-09-08T20:44:05.099+01:00 INFO : Filtering template 67/384 segment 4/5
2026-09-08T20:44:05.137+01:00 INFO : 1 points above threshold
2026-09-08T20:44:05.142+01:00 INFO : Filtering template 67/384 segment 5/5
2026-09-08T20:44:05.180+01:00 INFO : 1 points above threshold
2026-09-08T20:44:05.186+01:00 INFO : 67: generating IMRPhenomD from 30.0 Hz
2026-09-08T20:44:05.188+01:00 INFO : Decompressing waveform using inline_linear
2026-09-08T20:44:05.193+01:00 INFO : Filtering template 68/384 segment 1/5
2026-09-08T20:44:05.234+01:00 INFO : 2 points above threshold
2026-09-08T20:44:05.249+01:00 INFO : Filtering template 68/384 segment 2/5
2026-09-08T20:44:05.286+01:00 INFO : 1 points above threshold
2026-09-08T20:44:05.292+01:00 INFO : Filtering template 68/384 segment 3/5
2026-09-08T20:44:05.330+01:00 INFO : Filtering template 68/384 segment 4/5
2026-09-08T20:44:05.367+01:00 INFO : 2 points above threshold
2026-09-08T20:44:05.373+01:00 INFO : Filtering template 68/384 segment 5/5
2026-09-08T20:44:05.410+01:00 INFO : 1 points above threshold
2026-09-08T20:44:05.416+01:00 INFO : 68: generating IMRPhenomD from 30.0 Hz
2026-09-08T20:44:05.419+01:00 INFO : Decompressing waveform using inline_linear
2026-09-08T20:44:05.424+01:00 INFO : Filtering template 69/384 segment 1/5
2026-09-08T20:44:05.464+01:00 INFO : 1 points above threshold
2026-09-08T20:44:05.480+01:00 INFO : Filtering template 69/384 segment 2/5
2026-09-08T20:44:05.517+01:00 INFO : 1 points above threshold
2026-09-08T20:44:05.523+01:00 INFO : Filtering template 69/384 segment 3/5
2026-09-08T20:44:05.560+01:00 INFO : 1 points above threshold
2026-09-08T20:44:05.566+01:00 INFO : Filtering template 69/384 segment 4/5
2026-09-08T20:44:05.603+01:00 INFO : Filtering template 69/384 segment 5/5
2026-09-08T20:44:05.641+01:00 INFO : 1 points above threshold
2026-09-08T20:44:05.647+01:00 INFO : 69: generating IMRPhenomD from 30.0 Hz
2026-09-08T20:44:05.650+01:00 INFO : Decompressing waveform using inline_linear
2026-09-08T20:44:05.654+01:00 INFO : Filtering template 70/384 segment 1/5
2026-09-08T20:44:05.695+01:00 INFO : Filtering template 70/384 segment 2/5
2026-09-08T20:44:05.733+01:00 INFO : Filtering template 70/384 segment 3/5
2026-09-08T20:44:05.770+01:00 INFO : 1 points above threshold
2026-09-08T20:44:05.785+01:00 INFO : Filtering template 70/384 segment 4/5
2026-09-08T20:44:05.822+01:00 INFO : 1 points above threshold
2026-09-08T20:44:05.829+01:00 INFO : Filtering template 70/384 segment 5/5
2026-09-08T20:44:05.866+01:00 INFO : 1 points above threshold
2026-09-08T20:44:05.872+01:00 INFO : 70: generating IMRPhenomD from 30.0 Hz
2026-09-08T20:44:05.875+01:00 INFO : Decompressing waveform using inline_linear
2026-09-08T20:44:05.880+01:00 INFO : Filtering template 71/384 segment 1/5
2026-09-08T20:44:05.921+01:00 INFO : 1 points above threshold
2026-09-08T20:44:05.936+01:00 INFO : Filtering template 71/384 segment 2/5
2026-09-08T20:44:05.973+01:00 INFO : 1 points above threshold
2026-09-08T20:44:05.979+01:00 INFO : Filtering template 71/384 segment 3/5
2026-09-08T20:44:06.019+01:00 INFO : 1 points above threshold
2026-09-08T20:44:06.025+01:00 INFO : Filtering template 71/384 segment 4/5
2026-09-08T20:44:06.062+01:00 INFO : 3 points above threshold
2026-09-08T20:44:06.070+01:00 INFO : Filtering template 71/384 segment 5/5
2026-09-08T20:44:06.107+01:00 INFO : 71: generating IMRPhenomD from 30.0 Hz
2026-09-08T20:44:06.110+01:00 INFO : Decompressing waveform using inline_linear
2026-09-08T20:44:06.115+01:00 INFO : Filtering template 72/384 segment 1/5
2026-09-08T20:44:06.156+01:00 INFO : 1 points above threshold
2026-09-08T20:44:06.171+01:00 INFO : Filtering template 72/384 segment 2/5
2026-09-08T20:44:06.208+01:00 INFO : 2 points above threshold
2026-09-08T20:44:06.214+01:00 INFO : Filtering template 72/384 segment 3/5
2026-09-08T20:44:06.251+01:00 INFO : 1 points above threshold
2026-09-08T20:44:06.257+01:00 INFO : Filtering template 72/384 segment 4/5
2026-09-08T20:44:06.294+01:00 INFO : Filtering template 72/384 segment 5/5
2026-09-08T20:44:06.331+01:00 INFO : 1 points above threshold
2026-09-08T20:44:06.338+01:00 INFO : 72: generating IMRPhenomD from 30.0 Hz
2026-09-08T20:44:06.340+01:00 INFO : Decompressing waveform using inline_linear
2026-09-08T20:44:06.345+01:00 INFO : Filtering template 73/384 segment 1/5
2026-09-08T20:44:06.386+01:00 INFO : Filtering template 73/384 segment 2/5
2026-09-08T20:44:06.423+01:00 INFO : 1 points above threshold
2026-09-08T20:44:06.442+01:00 INFO : Filtering template 73/384 segment 3/5
2026-09-08T20:44:06.479+01:00 INFO : 2 points above threshold
2026-09-08T20:44:06.485+01:00 INFO : Filtering template 73/384 segment 4/5
2026-09-08T20:44:06.522+01:00 INFO : 1 points above threshold
2026-09-08T20:44:06.528+01:00 INFO : Filtering template 73/384 segment 5/5
2026-09-08T20:44:06.565+01:00 INFO : 2 points above threshold
2026-09-08T20:44:06.571+01:00 INFO : 73: generating IMRPhenomD from 30.0 Hz
2026-09-08T20:44:06.574+01:00 INFO : Decompressing waveform using inline_linear
2026-09-08T20:44:06.579+01:00 INFO : Filtering template 74/384 segment 1/5
2026-09-08T20:44:06.620+01:00 INFO : Filtering template 74/384 segment 2/5
2026-09-08T20:44:06.657+01:00 INFO : Filtering template 74/384 segment 3/5
2026-09-08T20:44:06.694+01:00 INFO : Filtering template 74/384 segment 4/5
2026-09-08T20:44:06.731+01:00 INFO : 1 points above threshold
2026-09-08T20:44:06.749+01:00 INFO : Filtering template 74/384 segment 5/5
2026-09-08T20:44:06.787+01:00 INFO : 1 points above threshold
2026-09-08T20:44:06.793+01:00 INFO : 74: generating IMRPhenomD from 30.0 Hz
2026-09-08T20:44:06.795+01:00 INFO : Decompressing waveform using inline_linear
2026-09-08T20:44:06.800+01:00 INFO : Filtering template 75/384 segment 1/5
2026-09-08T20:44:06.841+01:00 INFO : 3 points above threshold
2026-09-08T20:44:06.861+01:00 INFO : Filtering template 75/384 segment 2/5
2026-09-08T20:44:06.898+01:00 INFO : Filtering template 75/384 segment 3/5
2026-09-08T20:44:06.936+01:00 INFO : 1 points above threshold
2026-09-08T20:44:06.942+01:00 INFO : Filtering template 75/384 segment 4/5
2026-09-08T20:44:06.979+01:00 INFO : 2 points above threshold
2026-09-08T20:44:06.985+01:00 INFO : Filtering template 75/384 segment 5/5
2026-09-08T20:44:07.023+01:00 INFO : 75: generating IMRPhenomD from 30.0 Hz
2026-09-08T20:44:07.026+01:00 INFO : Decompressing waveform using inline_linear
2026-09-08T20:44:07.031+01:00 INFO : Filtering template 76/384 segment 1/5
2026-09-08T20:44:07.072+01:00 INFO : 2 points above threshold
2026-09-08T20:44:07.091+01:00 INFO : Filtering template 76/384 segment 2/5
2026-09-08T20:44:07.128+01:00 INFO : Filtering template 76/384 segment 3/5
2026-09-08T20:44:07.165+01:00 INFO : 1 points above threshold
2026-09-08T20:44:07.171+01:00 INFO : Filtering template 76/384 segment 4/5
2026-09-08T20:44:07.208+01:00 INFO : 2 points above threshold
2026-09-08T20:44:07.214+01:00 INFO : Filtering template 76/384 segment 5/5
2026-09-08T20:44:07.251+01:00 INFO : 2 points above threshold
2026-09-08T20:44:07.258+01:00 INFO : 76: generating IMRPhenomD from 30.0 Hz
2026-09-08T20:44:07.260+01:00 INFO : Decompressing waveform using inline_linear
2026-09-08T20:44:07.265+01:00 INFO : Filtering template 77/384 segment 1/5
2026-09-08T20:44:07.306+01:00 INFO : Filtering template 77/384 segment 2/5
2026-09-08T20:44:07.343+01:00 INFO : Filtering template 77/384 segment 3/5
2026-09-08T20:44:07.380+01:00 INFO : Filtering template 77/384 segment 4/5
2026-09-08T20:44:07.418+01:00 INFO : 2 points above threshold
2026-09-08T20:44:07.433+01:00 INFO : Filtering template 77/384 segment 5/5
2026-09-08T20:44:07.471+01:00 INFO : 77: generating IMRPhenomD from 30.0 Hz
2026-09-08T20:44:07.473+01:00 INFO : Decompressing waveform using inline_linear
2026-09-08T20:44:07.478+01:00 INFO : Filtering template 78/384 segment 1/5
2026-09-08T20:44:07.519+01:00 INFO : Filtering template 78/384 segment 2/5
2026-09-08T20:44:07.556+01:00 INFO : 1 points above threshold
2026-09-08T20:44:07.572+01:00 INFO : Filtering template 78/384 segment 3/5
2026-09-08T20:44:07.609+01:00 INFO : 2 points above threshold
2026-09-08T20:44:07.615+01:00 INFO : Filtering template 78/384 segment 4/5
2026-09-08T20:44:07.652+01:00 INFO : Filtering template 78/384 segment 5/5
2026-09-08T20:44:07.690+01:00 INFO : 2 points above threshold
2026-09-08T20:44:07.696+01:00 INFO : 78: generating IMRPhenomD from 30.0 Hz
2026-09-08T20:44:07.698+01:00 INFO : Decompressing waveform using inline_linear
2026-09-08T20:44:07.703+01:00 INFO : Filtering template 79/384 segment 1/5
2026-09-08T20:44:07.744+01:00 INFO : 4 points above threshold
2026-09-08T20:44:07.760+01:00 INFO : Filtering template 79/384 segment 2/5
2026-09-08T20:44:07.797+01:00 INFO : 1 points above threshold
2026-09-08T20:44:07.803+01:00 INFO : Filtering template 79/384 segment 3/5
2026-09-08T20:44:07.840+01:00 INFO : 1 points above threshold
2026-09-08T20:44:07.846+01:00 INFO : Filtering template 79/384 segment 4/5
2026-09-08T20:44:07.883+01:00 INFO : 1 points above threshold
2026-09-08T20:44:07.889+01:00 INFO : Filtering template 79/384 segment 5/5
2026-09-08T20:44:07.926+01:00 INFO : 79: generating IMRPhenomD from 30.0 Hz
2026-09-08T20:44:07.929+01:00 INFO : Decompressing waveform using inline_linear
2026-09-08T20:44:07.934+01:00 INFO : Filtering template 80/384 segment 1/5
2026-09-08T20:44:07.975+01:00 INFO : 1 points above threshold
2026-09-08T20:44:07.990+01:00 INFO : Filtering template 80/384 segment 2/5
2026-09-08T20:44:08.027+01:00 INFO : 1 points above threshold
2026-09-08T20:44:08.034+01:00 INFO : Filtering template 80/384 segment 3/5
2026-09-08T20:44:08.071+01:00 INFO : 1 points above threshold
2026-09-08T20:44:08.077+01:00 INFO : Filtering template 80/384 segment 4/5
2026-09-08T20:44:08.116+01:00 INFO : Filtering template 80/384 segment 5/5
2026-09-08T20:44:08.155+01:00 INFO : 1 points above threshold
2026-09-08T20:44:08.162+01:00 INFO : 80: generating IMRPhenomD from 30.0 Hz
2026-09-08T20:44:08.165+01:00 INFO : Decompressing waveform using inline_linear
2026-09-08T20:44:08.170+01:00 INFO : Filtering template 81/384 segment 1/5
2026-09-08T20:44:08.214+01:00 INFO : Filtering template 81/384 segment 2/5
2026-09-08T20:44:08.251+01:00 INFO : Filtering template 81/384 segment 3/5
2026-09-08T20:44:08.289+01:00 INFO : 1 points above threshold
2026-09-08T20:44:08.304+01:00 INFO : Filtering template 81/384 segment 4/5
2026-09-08T20:44:08.341+01:00 INFO : 1 points above threshold
2026-09-08T20:44:08.347+01:00 INFO : Filtering template 81/384 segment 5/5
2026-09-08T20:44:08.385+01:00 INFO : 81: generating IMRPhenomD from 30.0 Hz
2026-09-08T20:44:08.388+01:00 INFO : Decompressing waveform using inline_linear
2026-09-08T20:44:08.418+01:00 INFO : Filtering template 82/384 segment 1/5
2026-09-08T20:44:08.459+01:00 INFO : 1 points above threshold
2026-09-08T20:44:08.474+01:00 INFO : Filtering template 82/384 segment 2/5
2026-09-08T20:44:08.511+01:00 INFO : Filtering template 82/384 segment 3/5
2026-09-08T20:44:08.549+01:00 INFO : 1 points above threshold
2026-09-08T20:44:08.555+01:00 INFO : Filtering template 82/384 segment 4/5
2026-09-08T20:44:08.592+01:00 INFO : 2 points above threshold
2026-09-08T20:44:08.598+01:00 INFO : Filtering template 82/384 segment 5/5
2026-09-08T20:44:08.635+01:00 INFO : 82: generating IMRPhenomD from 30.0 Hz
2026-09-08T20:44:08.638+01:00 INFO : Decompressing waveform using inline_linear
2026-09-08T20:44:08.643+01:00 INFO : Filtering template 83/384 segment 1/5
2026-09-08T20:44:08.683+01:00 INFO : 2 points above threshold
2026-09-08T20:44:08.699+01:00 INFO : Filtering template 83/384 segment 2/5
2026-09-08T20:44:08.736+01:00 INFO : 1 points above threshold
2026-09-08T20:44:08.742+01:00 INFO : Filtering template 83/384 segment 3/5
2026-09-08T20:44:08.779+01:00 INFO : Filtering template 83/384 segment 4/5
2026-09-08T20:44:08.816+01:00 INFO : 3 points above threshold
2026-09-08T20:44:08.824+01:00 INFO : Filtering template 83/384 segment 5/5
2026-09-08T20:44:08.861+01:00 INFO : 3 points above threshold
2026-09-08T20:44:08.869+01:00 INFO : 83: generating IMRPhenomD from 30.0 Hz
2026-09-08T20:44:08.872+01:00 INFO : Decompressing waveform using inline_linear
2026-09-08T20:44:08.877+01:00 INFO : Filtering template 84/384 segment 1/5
2026-09-08T20:44:08.917+01:00 INFO : 1 points above threshold
2026-09-08T20:44:08.933+01:00 INFO : Filtering template 84/384 segment 2/5
2026-09-08T20:44:08.970+01:00 INFO : Filtering template 84/384 segment 3/5
2026-09-08T20:44:09.007+01:00 INFO : Filtering template 84/384 segment 4/5
2026-09-08T20:44:09.044+01:00 INFO : 2 points above threshold
2026-09-08T20:44:09.050+01:00 INFO : Filtering template 84/384 segment 5/5
2026-09-08T20:44:09.087+01:00 INFO : 1 points above threshold
2026-09-08T20:44:09.096+01:00 INFO : 84: generating IMRPhenomD from 30.0 Hz
2026-09-08T20:44:09.099+01:00 INFO : Decompressing waveform using inline_linear
2026-09-08T20:44:09.104+01:00 INFO : Filtering template 85/384 segment 1/5
2026-09-08T20:44:09.144+01:00 INFO : 1 points above threshold
2026-09-08T20:44:09.160+01:00 INFO : Filtering template 85/384 segment 2/5
2026-09-08T20:44:09.197+01:00 INFO : 2 points above threshold
2026-09-08T20:44:09.203+01:00 INFO : Filtering template 85/384 segment 3/5
2026-09-08T20:44:09.240+01:00 INFO : Filtering template 85/384 segment 4/5
2026-09-08T20:44:09.277+01:00 INFO : 1 points above threshold
2026-09-08T20:44:09.283+01:00 INFO : Filtering template 85/384 segment 5/5
2026-09-08T20:44:09.320+01:00 INFO : 2 points above threshold
2026-09-08T20:44:09.326+01:00 INFO : 85: generating IMRPhenomD from 30.0 Hz
2026-09-08T20:44:09.329+01:00 INFO : Decompressing waveform using inline_linear
2026-09-08T20:44:09.334+01:00 INFO : Filtering template 86/384 segment 1/5
2026-09-08T20:44:09.374+01:00 INFO : 3 points above threshold
2026-09-08T20:44:09.391+01:00 INFO : Filtering template 86/384 segment 2/5
2026-09-08T20:44:09.428+01:00 INFO : 2 points above threshold
2026-09-08T20:44:09.434+01:00 INFO : Filtering template 86/384 segment 3/5
2026-09-08T20:44:09.472+01:00 INFO : Filtering template 86/384 segment 4/5
2026-09-08T20:44:09.509+01:00 INFO : Filtering template 86/384 segment 5/5
2026-09-08T20:44:09.546+01:00 INFO : 86: generating IMRPhenomD from 30.0 Hz
2026-09-08T20:44:09.549+01:00 INFO : Decompressing waveform using inline_linear
2026-09-08T20:44:09.554+01:00 INFO : Filtering template 87/384 segment 1/5
2026-09-08T20:44:09.594+01:00 INFO : 3 points above threshold
2026-09-08T20:44:09.611+01:00 INFO : Filtering template 87/384 segment 2/5
2026-09-08T20:44:09.649+01:00 INFO : 2 points above threshold
2026-09-08T20:44:09.654+01:00 INFO : Filtering template 87/384 segment 3/5
2026-09-08T20:44:09.691+01:00 INFO : 2 points above threshold
2026-09-08T20:44:09.697+01:00 INFO : Filtering template 87/384 segment 4/5
2026-09-08T20:44:09.734+01:00 INFO : 4 points above threshold
2026-09-08T20:44:09.740+01:00 INFO : Filtering template 87/384 segment 5/5
2026-09-08T20:44:09.777+01:00 INFO : 1 points above threshold
2026-09-08T20:44:09.784+01:00 INFO : 87: generating IMRPhenomD from 30.0 Hz
2026-09-08T20:44:09.786+01:00 INFO : Decompressing waveform using inline_linear
2026-09-08T20:44:09.791+01:00 INFO : Filtering template 88/384 segment 1/5
2026-09-08T20:44:09.832+01:00 INFO : 1 points above threshold
2026-09-08T20:44:09.847+01:00 INFO : Filtering template 88/384 segment 2/5
2026-09-08T20:44:09.884+01:00 INFO : 2 points above threshold
2026-09-08T20:44:09.890+01:00 INFO : Filtering template 88/384 segment 3/5
2026-09-08T20:44:09.927+01:00 INFO : Filtering template 88/384 segment 4/5
2026-09-08T20:44:09.965+01:00 INFO : Filtering template 88/384 segment 5/5
2026-09-08T20:44:10.002+01:00 INFO : 88: generating IMRPhenomD from 30.0 Hz
2026-09-08T20:44:10.005+01:00 INFO : Decompressing waveform using inline_linear
2026-09-08T20:44:10.010+01:00 INFO : Filtering template 89/384 segment 1/5
2026-09-08T20:44:10.051+01:00 INFO : 5 points above threshold
2026-09-08T20:44:10.069+01:00 INFO : Filtering template 89/384 segment 2/5
2026-09-08T20:44:10.106+01:00 INFO : 1 points above threshold
2026-09-08T20:44:10.112+01:00 INFO : Filtering template 89/384 segment 3/5
2026-09-08T20:44:10.149+01:00 INFO : 1 points above threshold
2026-09-08T20:44:10.155+01:00 INFO : Filtering template 89/384 segment 4/5
2026-09-08T20:44:10.192+01:00 INFO : 2 points above threshold
2026-09-08T20:44:10.198+01:00 INFO : Filtering template 89/384 segment 5/5
2026-09-08T20:44:10.235+01:00 INFO : 89: generating IMRPhenomD from 30.0 Hz
2026-09-08T20:44:10.238+01:00 INFO : Decompressing waveform using inline_linear
2026-09-08T20:44:10.243+01:00 INFO : Filtering template 90/384 segment 1/5
2026-09-08T20:44:10.283+01:00 INFO : Filtering template 90/384 segment 2/5
2026-09-08T20:44:10.321+01:00 INFO : 1 points above threshold
2026-09-08T20:44:10.336+01:00 INFO : Filtering template 90/384 segment 3/5
2026-09-08T20:44:10.373+01:00 INFO : Filtering template 90/384 segment 4/5
2026-09-08T20:44:10.410+01:00 INFO : 1 points above threshold
2026-09-08T20:44:10.416+01:00 INFO : Filtering template 90/384 segment 5/5
2026-09-08T20:44:10.454+01:00 INFO : 90: generating IMRPhenomD from 30.0 Hz
2026-09-08T20:44:10.457+01:00 INFO : Decompressing waveform using inline_linear
2026-09-08T20:44:10.462+01:00 INFO : Filtering template 91/384 segment 1/5
2026-09-08T20:44:10.502+01:00 INFO : Filtering template 91/384 segment 2/5
2026-09-08T20:44:10.539+01:00 INFO : 1 points above threshold
2026-09-08T20:44:10.555+01:00 INFO : Filtering template 91/384 segment 3/5
2026-09-08T20:44:10.592+01:00 INFO : 2 points above threshold
2026-09-08T20:44:10.598+01:00 INFO : Filtering template 91/384 segment 4/5
2026-09-08T20:44:10.635+01:00 INFO : 2 points above threshold
2026-09-08T20:44:10.641+01:00 INFO : Filtering template 91/384 segment 5/5
2026-09-08T20:44:10.678+01:00 INFO : 91: generating IMRPhenomD from 30.0 Hz
2026-09-08T20:44:10.681+01:00 INFO : Decompressing waveform using inline_linear
2026-09-08T20:44:10.686+01:00 INFO : Filtering template 92/384 segment 1/5
2026-09-08T20:44:10.726+01:00 INFO : Filtering template 92/384 segment 2/5
2026-09-08T20:44:10.764+01:00 INFO : Filtering template 92/384 segment 3/5
2026-09-08T20:44:10.801+01:00 INFO : Filtering template 92/384 segment 4/5
2026-09-08T20:44:10.838+01:00 INFO : Filtering template 92/384 segment 5/5
2026-09-08T20:44:10.876+01:00 INFO : 92: generating IMRPhenomD from 30.0 Hz
2026-09-08T20:44:10.878+01:00 INFO : Decompressing waveform using inline_linear
2026-09-08T20:44:10.883+01:00 INFO : Filtering template 93/384 segment 1/5
2026-09-08T20:44:10.924+01:00 INFO : 2 points above threshold
2026-09-08T20:44:10.939+01:00 INFO : Filtering template 93/384 segment 2/5
2026-09-08T20:44:10.977+01:00 INFO : 2 points above threshold
2026-09-08T20:44:10.982+01:00 INFO : Filtering template 93/384 segment 3/5
2026-09-08T20:44:11.020+01:00 INFO : Filtering template 93/384 segment 4/5
2026-09-08T20:44:11.057+01:00 INFO : Filtering template 93/384 segment 5/5
2026-09-08T20:44:11.094+01:00 INFO : 1 points above threshold
2026-09-08T20:44:11.101+01:00 INFO : 93: generating IMRPhenomD from 30.0 Hz
2026-09-08T20:44:11.103+01:00 INFO : Decompressing waveform using inline_linear
2026-09-08T20:44:11.108+01:00 INFO : Filtering template 94/384 segment 1/5
2026-09-08T20:44:11.149+01:00 INFO : 2 points above threshold
2026-09-08T20:44:11.164+01:00 INFO : Filtering template 94/384 segment 2/5
2026-09-08T20:44:11.201+01:00 INFO : 3 points above threshold
2026-09-08T20:44:11.209+01:00 INFO : Filtering template 94/384 segment 3/5
2026-09-08T20:44:11.246+01:00 INFO : 1 points above threshold
2026-09-08T20:44:11.252+01:00 INFO : Filtering template 94/384 segment 4/5
2026-09-08T20:44:11.289+01:00 INFO : 1 points above threshold
2026-09-08T20:44:11.295+01:00 INFO : Filtering template 94/384 segment 5/5
2026-09-08T20:44:11.332+01:00 INFO : 1 points above threshold
2026-09-08T20:44:11.339+01:00 INFO : 94: generating IMRPhenomD from 30.0 Hz
2026-09-08T20:44:11.342+01:00 INFO : Decompressing waveform using inline_linear
2026-09-08T20:44:11.347+01:00 INFO : Filtering template 95/384 segment 1/5
2026-09-08T20:44:11.387+01:00 INFO : 4 points above threshold
2026-09-08T20:44:11.402+01:00 INFO : Filtering template 95/384 segment 2/5
2026-09-08T20:44:11.440+01:00 INFO : 1 points above threshold
2026-09-08T20:44:11.446+01:00 INFO : Filtering template 95/384 segment 3/5
2026-09-08T20:44:11.483+01:00 INFO : Filtering template 95/384 segment 4/5
2026-09-08T20:44:11.520+01:00 INFO : Filtering template 95/384 segment 5/5
2026-09-08T20:44:11.558+01:00 INFO : 1 points above threshold
2026-09-08T20:44:11.564+01:00 INFO : 95: generating IMRPhenomD from 30.0 Hz
2026-09-08T20:44:11.566+01:00 INFO : Decompressing waveform using inline_linear
2026-09-08T20:44:11.571+01:00 INFO : Filtering template 96/384 segment 1/5
2026-09-08T20:44:11.612+01:00 INFO : Filtering template 96/384 segment 2/5
2026-09-08T20:44:11.649+01:00 INFO : Filtering template 96/384 segment 3/5
2026-09-08T20:44:11.686+01:00 INFO : Filtering template 96/384 segment 4/5
2026-09-08T20:44:11.724+01:00 INFO : Filtering template 96/384 segment 5/5
2026-09-08T20:44:11.761+01:00 INFO : 96: generating IMRPhenomD from 30.0 Hz
2026-09-08T20:44:11.764+01:00 INFO : Decompressing waveform using inline_linear
2026-09-08T20:44:11.769+01:00 INFO : Filtering template 97/384 segment 1/5
2026-09-08T20:44:11.809+01:00 INFO : 2 points above threshold
2026-09-08T20:44:11.825+01:00 INFO : Filtering template 97/384 segment 2/5
2026-09-08T20:44:11.862+01:00 INFO : Filtering template 97/384 segment 3/5
2026-09-08T20:44:11.899+01:00 INFO : Filtering template 97/384 segment 4/5
2026-09-08T20:44:11.936+01:00 INFO : 1 points above threshold
2026-09-08T20:44:11.942+01:00 INFO : Filtering template 97/384 segment 5/5
2026-09-08T20:44:11.980+01:00 INFO : 97: generating IMRPhenomD from 30.0 Hz
2026-09-08T20:44:11.982+01:00 INFO : Decompressing waveform using inline_linear
2026-09-08T20:44:11.987+01:00 INFO : Filtering template 98/384 segment 1/5
2026-09-08T20:44:12.028+01:00 INFO : 1 points above threshold
2026-09-08T20:44:12.044+01:00 INFO : Filtering template 98/384 segment 2/5
2026-09-08T20:44:12.081+01:00 INFO : 1 points above threshold
2026-09-08T20:44:12.087+01:00 INFO : Filtering template 98/384 segment 3/5
2026-09-08T20:44:12.124+01:00 INFO : 4 points above threshold
2026-09-08T20:44:12.130+01:00 INFO : Filtering template 98/384 segment 4/5
2026-09-08T20:44:12.167+01:00 INFO : 1 points above threshold
2026-09-08T20:44:12.173+01:00 INFO : Filtering template 98/384 segment 5/5
2026-09-08T20:44:12.211+01:00 INFO : 98: generating IMRPhenomD from 30.0 Hz
2026-09-08T20:44:12.214+01:00 INFO : Decompressing waveform using inline_linear
2026-09-08T20:44:12.219+01:00 INFO : Filtering template 99/384 segment 1/5
2026-09-08T20:44:12.259+01:00 INFO : 2 points above threshold
2026-09-08T20:44:12.275+01:00 INFO : Filtering template 99/384 segment 2/5
2026-09-08T20:44:12.312+01:00 INFO : 2 points above threshold
2026-09-08T20:44:12.317+01:00 INFO : Filtering template 99/384 segment 3/5
2026-09-08T20:44:12.355+01:00 INFO : 2 points above threshold
2026-09-08T20:44:12.361+01:00 INFO : Filtering template 99/384 segment 4/5
2026-09-08T20:44:12.398+01:00 INFO : 2 points above threshold
2026-09-08T20:44:12.404+01:00 INFO : Filtering template 99/384 segment 5/5
2026-09-08T20:44:12.441+01:00 INFO : 1 points above threshold
2026-09-08T20:44:12.448+01:00 INFO : 99: generating IMRPhenomD from 30.0 Hz
2026-09-08T20:44:12.450+01:00 INFO : Decompressing waveform using inline_linear
2026-09-08T20:44:12.455+01:00 INFO : Filtering template 100/384 segment 1/5
2026-09-08T20:44:12.496+01:00 INFO : 1 points above threshold
2026-09-08T20:44:12.511+01:00 INFO : Filtering template 100/384 segment 2/5
2026-09-08T20:44:12.548+01:00 INFO : 2 points above threshold
2026-09-08T20:44:12.554+01:00 INFO : Filtering template 100/384 segment 3/5
2026-09-08T20:44:12.591+01:00 INFO : Filtering template 100/384 segment 4/5
2026-09-08T20:44:12.628+01:00 INFO : Filtering template 100/384 segment 5/5
2026-09-08T20:44:12.666+01:00 INFO : 100: generating IMRPhenomD from 30.0 Hz
2026-09-08T20:44:12.668+01:00 INFO : Decompressing waveform using inline_linear
2026-09-08T20:44:12.673+01:00 INFO : Filtering template 101/384 segment 1/5
2026-09-08T20:44:12.714+01:00 INFO : Filtering template 101/384 segment 2/5
2026-09-08T20:44:12.751+01:00 INFO : 1 points above threshold
2026-09-08T20:44:12.767+01:00 INFO : Filtering template 101/384 segment 3/5
2026-09-08T20:44:12.804+01:00 INFO : Filtering template 101/384 segment 4/5
2026-09-08T20:44:12.841+01:00 INFO : 1 points above threshold
2026-09-08T20:44:12.847+01:00 INFO : Filtering template 101/384 segment 5/5
2026-09-08T20:44:12.885+01:00 INFO : 101: generating IMRPhenomD from 30.0 Hz
2026-09-08T20:44:12.887+01:00 INFO : Decompressing waveform using inline_linear
2026-09-08T20:44:12.892+01:00 INFO : Filtering template 102/384 segment 1/5
2026-09-08T20:44:12.933+01:00 INFO : 2 points above threshold
2026-09-08T20:44:12.949+01:00 INFO : Filtering template 102/384 segment 2/5
2026-09-08T20:44:12.986+01:00 INFO : 1 points above threshold
2026-09-08T20:44:12.992+01:00 INFO : Filtering template 102/384 segment 3/5
2026-09-08T20:44:13.029+01:00 INFO : Filtering template 102/384 segment 4/5
2026-09-08T20:44:13.067+01:00 INFO : 2 points above threshold
2026-09-08T20:44:13.072+01:00 INFO : Filtering template 102/384 segment 5/5
2026-09-08T20:44:13.110+01:00 INFO : 1 points above threshold
2026-09-08T20:44:13.116+01:00 INFO : 102: generating IMRPhenomD from 30.0 Hz
2026-09-08T20:44:13.119+01:00 INFO : Decompressing waveform using inline_linear
2026-09-08T20:44:13.124+01:00 INFO : Filtering template 103/384 segment 1/5
2026-09-08T20:44:13.164+01:00 INFO : Filtering template 103/384 segment 2/5
2026-09-08T20:44:13.202+01:00 INFO : 1 points above threshold
2026-09-08T20:44:13.218+01:00 INFO : Filtering template 103/384 segment 3/5
2026-09-08T20:44:13.260+01:00 INFO : 2 points above threshold
2026-09-08T20:44:13.266+01:00 INFO : Filtering template 103/384 segment 4/5
2026-09-08T20:44:13.306+01:00 INFO : Filtering template 103/384 segment 5/5
2026-09-08T20:44:13.344+01:00 INFO : 103: generating IMRPhenomD from 30.0 Hz
2026-09-08T20:44:13.346+01:00 INFO : Decompressing waveform using inline_linear
2026-09-08T20:44:13.351+01:00 INFO : Filtering template 104/384 segment 1/5
2026-09-08T20:44:13.392+01:00 INFO : 1 points above threshold
2026-09-08T20:44:13.408+01:00 INFO : Filtering template 104/384 segment 2/5
2026-09-08T20:44:13.445+01:00 INFO : Filtering template 104/384 segment 3/5
2026-09-08T20:44:13.483+01:00 INFO : 2 points above threshold
2026-09-08T20:44:13.488+01:00 INFO : Filtering template 104/384 segment 4/5
2026-09-08T20:44:13.526+01:00 INFO : 1 points above threshold
2026-09-08T20:44:13.540+01:00 INFO : Filtering template 104/384 segment 5/5
2026-09-08T20:44:13.578+01:00 INFO : 104: generating IMRPhenomD from 30.0 Hz
2026-09-08T20:44:13.580+01:00 INFO : Decompressing waveform using inline_linear
2026-09-08T20:44:13.585+01:00 INFO : Filtering template 105/384 segment 1/5
2026-09-08T20:44:13.626+01:00 INFO : Filtering template 105/384 segment 2/5
2026-09-08T20:44:13.664+01:00 INFO : 2 points above threshold
2026-09-08T20:44:13.680+01:00 INFO : Filtering template 105/384 segment 3/5
2026-09-08T20:44:13.717+01:00 INFO : 1 points above threshold
2026-09-08T20:44:13.723+01:00 INFO : Filtering template 105/384 segment 4/5
2026-09-08T20:44:13.760+01:00 INFO : 7 points above threshold
2026-09-08T20:44:13.772+01:00 INFO : Filtering template 105/384 segment 5/5
2026-09-08T20:44:13.809+01:00 INFO : 105: generating IMRPhenomD from 30.0 Hz
2026-09-08T20:44:13.812+01:00 INFO : Decompressing waveform using inline_linear
2026-09-08T20:44:13.817+01:00 INFO : Filtering template 106/384 segment 1/5
2026-09-08T20:44:13.857+01:00 INFO : 2 points above threshold
2026-09-08T20:44:13.873+01:00 INFO : Filtering template 106/384 segment 2/5
2026-09-08T20:44:13.910+01:00 INFO : Filtering template 106/384 segment 3/5
2026-09-08T20:44:13.947+01:00 INFO : 1 points above threshold
2026-09-08T20:44:13.953+01:00 INFO : Filtering template 106/384 segment 4/5
2026-09-08T20:44:13.991+01:00 INFO : 1 points above threshold
2026-09-08T20:44:13.997+01:00 INFO : Filtering template 106/384 segment 5/5
2026-09-08T20:44:14.034+01:00 INFO : 1 points above threshold
2026-09-08T20:44:14.041+01:00 INFO : 106: generating IMRPhenomD from 30.0 Hz
2026-09-08T20:44:14.043+01:00 INFO : Decompressing waveform using inline_linear
2026-09-08T20:44:14.048+01:00 INFO : Filtering template 107/384 segment 1/5
2026-09-08T20:44:14.089+01:00 INFO : 2 points above threshold
2026-09-08T20:44:14.104+01:00 INFO : Filtering template 107/384 segment 2/5
2026-09-08T20:44:14.142+01:00 INFO : 1 points above threshold
2026-09-08T20:44:14.148+01:00 INFO : Filtering template 107/384 segment 3/5
2026-09-08T20:44:14.185+01:00 INFO : Filtering template 107/384 segment 4/5
2026-09-08T20:44:14.222+01:00 INFO : Filtering template 107/384 segment 5/5
2026-09-08T20:44:14.259+01:00 INFO : 107: generating IMRPhenomD from 30.0 Hz
2026-09-08T20:44:14.262+01:00 INFO : Decompressing waveform using inline_linear
2026-09-08T20:44:14.267+01:00 INFO : Filtering template 108/384 segment 1/5
2026-09-08T20:44:14.307+01:00 INFO : 1 points above threshold
2026-09-08T20:44:14.323+01:00 INFO : Filtering template 108/384 segment 2/5
2026-09-08T20:44:14.360+01:00 INFO : 1 points above threshold
2026-09-08T20:44:14.366+01:00 INFO : Filtering template 108/384 segment 3/5
2026-09-08T20:44:14.403+01:00 INFO : Filtering template 108/384 segment 4/5
2026-09-08T20:44:14.440+01:00 INFO : 4 points above threshold
2026-09-08T20:44:14.446+01:00 INFO : Filtering template 108/384 segment 5/5
2026-09-08T20:44:14.484+01:00 INFO : 108: generating IMRPhenomD from 30.0 Hz
2026-09-08T20:44:14.486+01:00 INFO : Decompressing waveform using inline_linear
2026-09-08T20:44:14.491+01:00 INFO : Filtering template 109/384 segment 1/5
2026-09-08T20:44:14.532+01:00 INFO : 2 points above threshold
2026-09-08T20:44:14.547+01:00 INFO : Filtering template 109/384 segment 2/5
2026-09-08T20:44:14.584+01:00 INFO : Filtering template 109/384 segment 3/5
2026-09-08T20:44:14.622+01:00 INFO : Filtering template 109/384 segment 4/5
2026-09-08T20:44:14.659+01:00 INFO : Filtering template 109/384 segment 5/5
2026-09-08T20:44:14.696+01:00 INFO : 3 points above threshold
2026-09-08T20:44:14.704+01:00 INFO : 109: generating IMRPhenomD from 30.0 Hz
2026-09-08T20:44:14.707+01:00 INFO : Decompressing waveform using inline_linear
2026-09-08T20:44:14.712+01:00 INFO : Filtering template 110/384 segment 1/5
2026-09-08T20:44:14.753+01:00 INFO : 1 points above threshold
2026-09-08T20:44:14.768+01:00 INFO : Filtering template 110/384 segment 2/5
2026-09-08T20:44:14.805+01:00 INFO : Filtering template 110/384 segment 3/5
2026-09-08T20:44:14.842+01:00 INFO : 1 points above threshold
2026-09-08T20:44:14.848+01:00 INFO : Filtering template 110/384 segment 4/5
2026-09-08T20:44:14.885+01:00 INFO : 2 points above threshold
2026-09-08T20:44:14.891+01:00 INFO : Filtering template 110/384 segment 5/5
2026-09-08T20:44:14.929+01:00 INFO : 110: generating IMRPhenomD from 30.0 Hz
2026-09-08T20:44:14.932+01:00 INFO : Decompressing waveform using inline_linear
2026-09-08T20:44:14.936+01:00 INFO : Filtering template 111/384 segment 1/5
2026-09-08T20:44:14.977+01:00 INFO : Filtering template 111/384 segment 2/5
2026-09-08T20:44:15.015+01:00 INFO : 1 points above threshold
2026-09-08T20:44:15.030+01:00 INFO : Filtering template 111/384 segment 3/5
2026-09-08T20:44:15.070+01:00 INFO : 1 points above threshold
2026-09-08T20:44:15.076+01:00 INFO : Filtering template 111/384 segment 4/5
2026-09-08T20:44:15.115+01:00 INFO : Filtering template 111/384 segment 5/5
2026-09-08T20:44:15.153+01:00 INFO : 111: generating IMRPhenomD from 30.0 Hz
2026-09-08T20:44:15.155+01:00 INFO : Decompressing waveform using inline_linear
2026-09-08T20:44:15.160+01:00 INFO : Filtering template 112/384 segment 1/5
2026-09-08T20:44:15.201+01:00 INFO : 4 points above threshold
2026-09-08T20:44:15.216+01:00 INFO : Filtering template 112/384 segment 2/5
2026-09-08T20:44:15.254+01:00 INFO : Filtering template 112/384 segment 3/5
2026-09-08T20:44:15.291+01:00 INFO : 1 points above threshold
2026-09-08T20:44:15.297+01:00 INFO : Filtering template 112/384 segment 4/5
2026-09-08T20:44:15.334+01:00 INFO : 2 points above threshold
2026-09-08T20:44:15.340+01:00 INFO : Filtering template 112/384 segment 5/5
2026-09-08T20:44:15.377+01:00 INFO : 2 points above threshold
2026-09-08T20:44:15.383+01:00 INFO : 112: generating IMRPhenomD from 30.0 Hz
2026-09-08T20:44:15.386+01:00 INFO : Decompressing waveform using inline_linear
2026-09-08T20:44:15.391+01:00 INFO : Filtering template 113/384 segment 1/5
2026-09-08T20:44:15.431+01:00 INFO : 2 points above threshold
2026-09-08T20:44:15.447+01:00 INFO : Filtering template 113/384 segment 2/5
2026-09-08T20:44:15.484+01:00 INFO : 3 points above threshold
2026-09-08T20:44:15.491+01:00 INFO : Filtering template 113/384 segment 3/5
2026-09-08T20:44:15.529+01:00 INFO : Filtering template 113/384 segment 4/5
2026-09-08T20:44:15.566+01:00 INFO : Filtering template 113/384 segment 5/5
2026-09-08T20:44:15.604+01:00 INFO : 113: generating IMRPhenomD from 30.0 Hz
2026-09-08T20:44:15.606+01:00 INFO : Decompressing waveform using inline_linear
2026-09-08T20:44:15.611+01:00 INFO : Filtering template 114/384 segment 1/5
2026-09-08T20:44:15.652+01:00 INFO : 1 points above threshold
2026-09-08T20:44:15.667+01:00 INFO : Filtering template 114/384 segment 2/5
2026-09-08T20:44:15.705+01:00 INFO : Filtering template 114/384 segment 3/5
2026-09-08T20:44:15.742+01:00 INFO : 1 points above threshold
2026-09-08T20:44:15.748+01:00 INFO : Filtering template 114/384 segment 4/5
2026-09-08T20:44:15.785+01:00 INFO : 1 points above threshold
2026-09-08T20:44:15.791+01:00 INFO : Filtering template 114/384 segment 5/5
2026-09-08T20:44:15.828+01:00 INFO : 1 points above threshold
2026-09-08T20:44:15.834+01:00 INFO : 114: generating IMRPhenomD from 30.0 Hz
2026-09-08T20:44:15.837+01:00 INFO : Decompressing waveform using inline_linear
2026-09-08T20:44:15.842+01:00 INFO : Filtering template 115/384 segment 1/5
2026-09-08T20:44:15.882+01:00 INFO : 4 points above threshold
2026-09-08T20:44:15.898+01:00 INFO : Filtering template 115/384 segment 2/5
2026-09-08T20:44:15.935+01:00 INFO : 1 points above threshold
2026-09-08T20:44:15.941+01:00 INFO : Filtering template 115/384 segment 3/5
2026-09-08T20:44:15.978+01:00 INFO : Filtering template 115/384 segment 4/5
2026-09-08T20:44:16.016+01:00 INFO : 2 points above threshold
2026-09-08T20:44:16.021+01:00 INFO : Filtering template 115/384 segment 5/5
2026-09-08T20:44:16.059+01:00 INFO : 115: generating IMRPhenomD from 30.0 Hz
2026-09-08T20:44:16.062+01:00 INFO : Decompressing waveform using inline_linear
2026-09-08T20:44:16.067+01:00 INFO : Filtering template 116/384 segment 1/5
2026-09-08T20:44:16.107+01:00 INFO : Filtering template 116/384 segment 2/5
2026-09-08T20:44:16.145+01:00 INFO : 2 points above threshold
2026-09-08T20:44:16.160+01:00 INFO : Filtering template 116/384 segment 3/5
2026-09-08T20:44:16.197+01:00 INFO : 1 points above threshold
2026-09-08T20:44:16.203+01:00 INFO : Filtering template 116/384 segment 4/5
2026-09-08T20:44:16.240+01:00 INFO : 2 points above threshold
2026-09-08T20:44:16.246+01:00 INFO : Filtering template 116/384 segment 5/5
2026-09-08T20:44:16.284+01:00 INFO : 1 points above threshold
2026-09-08T20:44:16.290+01:00 INFO : 116: generating IMRPhenomD from 30.0 Hz
2026-09-08T20:44:16.292+01:00 INFO : Decompressing waveform using inline_linear
2026-09-08T20:44:16.297+01:00 INFO : Filtering template 117/384 segment 1/5
2026-09-08T20:44:16.338+01:00 INFO : Filtering template 117/384 segment 2/5
2026-09-08T20:44:16.375+01:00 INFO : Filtering template 117/384 segment 3/5
2026-09-08T20:44:16.413+01:00 INFO : 3 points above threshold
2026-09-08T20:44:16.430+01:00 INFO : Filtering template 117/384 segment 4/5
2026-09-08T20:44:16.467+01:00 INFO : 2 points above threshold
2026-09-08T20:44:16.473+01:00 INFO : Filtering template 117/384 segment 5/5
2026-09-08T20:44:16.510+01:00 INFO : 1 points above threshold
2026-09-08T20:44:16.517+01:00 INFO : 117: generating IMRPhenomD from 30.0 Hz
2026-09-08T20:44:16.519+01:00 INFO : Decompressing waveform using inline_linear
2026-09-08T20:44:16.524+01:00 INFO : Filtering template 118/384 segment 1/5
2026-09-08T20:44:16.565+01:00 INFO : 1 points above threshold
2026-09-08T20:44:16.580+01:00 INFO : Filtering template 118/384 segment 2/5
2026-09-08T20:44:16.618+01:00 INFO : Filtering template 118/384 segment 3/5
2026-09-08T20:44:16.655+01:00 INFO : 3 points above threshold
2026-09-08T20:44:16.663+01:00 INFO : Filtering template 118/384 segment 4/5
2026-09-08T20:44:16.700+01:00 INFO : 2 points above threshold
2026-09-08T20:44:16.706+01:00 INFO : Filtering template 118/384 segment 5/5
2026-09-08T20:44:16.743+01:00 INFO : 3 points above threshold
2026-09-08T20:44:16.751+01:00 INFO : 118: generating IMRPhenomD from 30.0 Hz
2026-09-08T20:44:16.754+01:00 INFO : Decompressing waveform using inline_linear
2026-09-08T20:44:16.759+01:00 INFO : Filtering template 119/384 segment 1/5
2026-09-08T20:44:16.799+01:00 INFO : 1 points above threshold
2026-09-08T20:44:16.815+01:00 INFO : Filtering template 119/384 segment 2/5
2026-09-08T20:44:16.852+01:00 INFO : Filtering template 119/384 segment 3/5
2026-09-08T20:44:16.889+01:00 INFO : Filtering template 119/384 segment 4/5
2026-09-08T20:44:16.927+01:00 INFO : 3 points above threshold
2026-09-08T20:44:16.935+01:00 INFO : Filtering template 119/384 segment 5/5
2026-09-08T20:44:16.972+01:00 INFO : 1 points above threshold
2026-09-08T20:44:16.978+01:00 INFO : 119: generating IMRPhenomD from 30.0 Hz
2026-09-08T20:44:16.981+01:00 INFO : Decompressing waveform using inline_linear
2026-09-08T20:44:16.985+01:00 INFO : Filtering template 120/384 segment 1/5
2026-09-08T20:44:17.027+01:00 INFO : Filtering template 120/384 segment 2/5
2026-09-08T20:44:17.064+01:00 INFO : 1 points above threshold
2026-09-08T20:44:17.080+01:00 INFO : Filtering template 120/384 segment 3/5
2026-09-08T20:44:17.117+01:00 INFO : 1 points above threshold
2026-09-08T20:44:17.123+01:00 INFO : Filtering template 120/384 segment 4/5
2026-09-08T20:44:17.160+01:00 INFO : Filtering template 120/384 segment 5/5
2026-09-08T20:44:17.198+01:00 INFO : 120: generating IMRPhenomD from 30.0 Hz
2026-09-08T20:44:17.200+01:00 INFO : Decompressing waveform using inline_linear
2026-09-08T20:44:17.205+01:00 INFO : Filtering template 121/384 segment 1/5
2026-09-08T20:44:17.246+01:00 INFO : 4 points above threshold
2026-09-08T20:44:17.262+01:00 INFO : Filtering template 121/384 segment 2/5
2026-09-08T20:44:17.299+01:00 INFO : 2 points above threshold
2026-09-08T20:44:17.305+01:00 INFO : Filtering template 121/384 segment 3/5
2026-09-08T20:44:17.342+01:00 INFO : Filtering template 121/384 segment 4/5
2026-09-08T20:44:17.379+01:00 INFO : Filtering template 121/384 segment 5/5
2026-09-08T20:44:17.417+01:00 INFO : 121: generating IMRPhenomD from 30.0 Hz
2026-09-08T20:44:17.419+01:00 INFO : Decompressing waveform using inline_linear
2026-09-08T20:44:17.424+01:00 INFO : Filtering template 122/384 segment 1/5
2026-09-08T20:44:17.465+01:00 INFO : 1 points above threshold
2026-09-08T20:44:17.480+01:00 INFO : Filtering template 122/384 segment 2/5
2026-09-08T20:44:17.517+01:00 INFO : 1 points above threshold
2026-09-08T20:44:17.523+01:00 INFO : Filtering template 122/384 segment 3/5
2026-09-08T20:44:17.560+01:00 INFO : Filtering template 122/384 segment 4/5
2026-09-08T20:44:17.597+01:00 INFO : 1 points above threshold
2026-09-08T20:44:17.603+01:00 INFO : Filtering template 122/384 segment 5/5
2026-09-08T20:44:17.640+01:00 INFO : 1 points above threshold
2026-09-08T20:44:17.647+01:00 INFO : 122: generating IMRPhenomD from 30.0 Hz
2026-09-08T20:44:17.649+01:00 INFO : Decompressing waveform using inline_linear
2026-09-08T20:44:17.654+01:00 INFO : Filtering template 123/384 segment 1/5
2026-09-08T20:44:17.695+01:00 INFO : 5 points above threshold
2026-09-08T20:44:17.712+01:00 INFO : Filtering template 123/384 segment 2/5
2026-09-08T20:44:17.750+01:00 INFO : 4 points above threshold
2026-09-08T20:44:17.756+01:00 INFO : Filtering template 123/384 segment 3/5
2026-09-08T20:44:17.793+01:00 INFO : 2 points above threshold
2026-09-08T20:44:17.799+01:00 INFO : Filtering template 123/384 segment 4/5
2026-09-08T20:44:17.836+01:00 INFO : Filtering template 123/384 segment 5/5
2026-09-08T20:44:17.873+01:00 INFO : 1 points above threshold
2026-09-08T20:44:17.879+01:00 INFO : 123: generating IMRPhenomD from 30.0 Hz
2026-09-08T20:44:17.882+01:00 INFO : Decompressing waveform using inline_linear
2026-09-08T20:44:17.887+01:00 INFO : Filtering template 124/384 segment 1/5
2026-09-08T20:44:17.928+01:00 INFO : 4 points above threshold
2026-09-08T20:44:17.943+01:00 INFO : Filtering template 124/384 segment 2/5
2026-09-08T20:44:17.980+01:00 INFO : 2 points above threshold
2026-09-08T20:44:17.986+01:00 INFO : Filtering template 124/384 segment 3/5
2026-09-08T20:44:18.023+01:00 INFO : 1 points above threshold
2026-09-08T20:44:18.029+01:00 INFO : Filtering template 124/384 segment 4/5
2026-09-08T20:44:18.066+01:00 INFO : 1 points above threshold
2026-09-08T20:44:18.072+01:00 INFO : Filtering template 124/384 segment 5/5
2026-09-08T20:44:18.109+01:00 INFO : 2 points above threshold
2026-09-08T20:44:18.116+01:00 INFO : 124: generating IMRPhenomD from 30.0 Hz
2026-09-08T20:44:18.119+01:00 INFO : Decompressing waveform using inline_linear
2026-09-08T20:44:18.124+01:00 INFO : Filtering template 125/384 segment 1/5
2026-09-08T20:44:18.165+01:00 INFO : 3 points above threshold
2026-09-08T20:44:18.182+01:00 INFO : Filtering template 125/384 segment 2/5
2026-09-08T20:44:18.220+01:00 INFO : Filtering template 125/384 segment 3/5
2026-09-08T20:44:18.257+01:00 INFO : 1 points above threshold
2026-09-08T20:44:18.263+01:00 INFO : Filtering template 125/384 segment 4/5
2026-09-08T20:44:18.301+01:00 INFO : 2 points above threshold
2026-09-08T20:44:18.307+01:00 INFO : Filtering template 125/384 segment 5/5
2026-09-08T20:44:18.350+01:00 INFO : 125: generating IMRPhenomD from 30.0 Hz
2026-09-08T20:44:18.353+01:00 INFO : Decompressing waveform using inline_linear
2026-09-08T20:44:18.359+01:00 INFO : Filtering template 126/384 segment 1/5
2026-09-08T20:44:18.406+01:00 INFO : 1 points above threshold
2026-09-08T20:44:18.422+01:00 INFO : Filtering template 126/384 segment 2/5
2026-09-08T20:44:18.459+01:00 INFO : Filtering template 126/384 segment 3/5
2026-09-08T20:44:18.497+01:00 INFO : 2 points above threshold
2026-09-08T20:44:18.502+01:00 INFO : Filtering template 126/384 segment 4/5
2026-09-08T20:44:18.540+01:00 INFO : Filtering template 126/384 segment 5/5
2026-09-08T20:44:18.577+01:00 INFO : 126: generating IMRPhenomD from 30.0 Hz
2026-09-08T20:44:18.580+01:00 INFO : Decompressing waveform using inline_linear
2026-09-08T20:44:18.585+01:00 INFO : Filtering template 127/384 segment 1/5
2026-09-08T20:44:18.625+01:00 INFO : 1 points above threshold
2026-09-08T20:44:18.643+01:00 INFO : Filtering template 127/384 segment 2/5
2026-09-08T20:44:18.680+01:00 INFO : 2 points above threshold
2026-09-08T20:44:18.686+01:00 INFO : Filtering template 127/384 segment 3/5
2026-09-08T20:44:18.723+01:00 INFO : 2 points above threshold
2026-09-08T20:44:18.729+01:00 INFO : Filtering template 127/384 segment 4/5
2026-09-08T20:44:18.766+01:00 INFO : 1 points above threshold
2026-09-08T20:44:18.772+01:00 INFO : Filtering template 127/384 segment 5/5
2026-09-08T20:44:18.809+01:00 INFO : 127: generating IMRPhenomD from 30.0 Hz
2026-09-08T20:44:18.812+01:00 INFO : Decompressing waveform using inline_linear
2026-09-08T20:44:18.817+01:00 INFO : Filtering template 128/384 segment 1/5
2026-09-08T20:44:18.858+01:00 INFO : 1 points above threshold
2026-09-08T20:44:18.873+01:00 INFO : Filtering template 128/384 segment 2/5
2026-09-08T20:44:18.910+01:00 INFO : 3 points above threshold
2026-09-08T20:44:18.918+01:00 INFO : Filtering template 128/384 segment 3/5
2026-09-08T20:44:18.955+01:00 INFO : 2 points above threshold
2026-09-08T20:44:18.961+01:00 INFO : Filtering template 128/384 segment 4/5
2026-09-08T20:44:18.999+01:00 INFO : Filtering template 128/384 segment 5/5
2026-09-08T20:44:19.036+01:00 INFO : 2 points above threshold
2026-09-08T20:44:19.042+01:00 INFO : 128: generating IMRPhenomD from 30.0 Hz
2026-09-08T20:44:19.045+01:00 INFO : Decompressing waveform using inline_linear
2026-09-08T20:44:19.050+01:00 INFO : Filtering template 129/384 segment 1/5
2026-09-08T20:44:19.090+01:00 INFO : 1 points above threshold
2026-09-08T20:44:19.105+01:00 INFO : Filtering template 129/384 segment 2/5
2026-09-08T20:44:19.143+01:00 INFO : Filtering template 129/384 segment 3/5
2026-09-08T20:44:19.180+01:00 INFO : 2 points above threshold
2026-09-08T20:44:19.185+01:00 INFO : Filtering template 129/384 segment 4/5
2026-09-08T20:44:19.222+01:00 INFO : Filtering template 129/384 segment 5/5
2026-09-08T20:44:19.260+01:00 INFO : 1 points above threshold
2026-09-08T20:44:19.266+01:00 INFO : 129: generating IMRPhenomD from 30.0 Hz
2026-09-08T20:44:19.268+01:00 INFO : Decompressing waveform using inline_linear
2026-09-08T20:44:19.273+01:00 INFO : Filtering template 130/384 segment 1/5
2026-09-08T20:44:19.314+01:00 INFO : 1 points above threshold
2026-09-08T20:44:19.329+01:00 INFO : Filtering template 130/384 segment 2/5
2026-09-08T20:44:19.366+01:00 INFO : 2 points above threshold
2026-09-08T20:44:19.372+01:00 INFO : Filtering template 130/384 segment 3/5
2026-09-08T20:44:19.409+01:00 INFO : 1 points above threshold
2026-09-08T20:44:19.416+01:00 INFO : Filtering template 130/384 segment 4/5
2026-09-08T20:44:19.453+01:00 INFO : 1 points above threshold
2026-09-08T20:44:19.458+01:00 INFO : Filtering template 130/384 segment 5/5
2026-09-08T20:44:19.496+01:00 INFO : 1 points above threshold
2026-09-08T20:44:19.502+01:00 INFO : 130: generating IMRPhenomD from 30.0 Hz
2026-09-08T20:44:19.504+01:00 INFO : Decompressing waveform using inline_linear
2026-09-08T20:44:19.509+01:00 INFO : Filtering template 131/384 segment 1/5
2026-09-08T20:44:19.550+01:00 INFO : 1 points above threshold
2026-09-08T20:44:19.565+01:00 INFO : Filtering template 131/384 segment 2/5
2026-09-08T20:44:19.602+01:00 INFO : 2 points above threshold
2026-09-08T20:44:19.608+01:00 INFO : Filtering template 131/384 segment 3/5
2026-09-08T20:44:19.645+01:00 INFO : Filtering template 131/384 segment 4/5
2026-09-08T20:44:19.682+01:00 INFO : 2 points above threshold
2026-09-08T20:44:19.688+01:00 INFO : Filtering template 131/384 segment 5/5
2026-09-08T20:44:19.725+01:00 INFO : 131: generating IMRPhenomD from 30.0 Hz
2026-09-08T20:44:19.728+01:00 INFO : Decompressing waveform using inline_linear
2026-09-08T20:44:19.733+01:00 INFO : Filtering template 132/384 segment 1/5
2026-09-08T20:44:19.773+01:00 INFO : 1 points above threshold
2026-09-08T20:44:19.788+01:00 INFO : Filtering template 132/384 segment 2/5
2026-09-08T20:44:19.826+01:00 INFO : Filtering template 132/384 segment 3/5
2026-09-08T20:44:19.863+01:00 INFO : Filtering template 132/384 segment 4/5
2026-09-08T20:44:19.900+01:00 INFO : 1 points above threshold
2026-09-08T20:44:19.906+01:00 INFO : Filtering template 132/384 segment 5/5
2026-09-08T20:44:19.943+01:00 INFO : 1 points above threshold
2026-09-08T20:44:19.949+01:00 INFO : 132: generating IMRPhenomD from 30.0 Hz
2026-09-08T20:44:19.952+01:00 INFO : Decompressing waveform using inline_linear
2026-09-08T20:44:19.957+01:00 INFO : Filtering template 133/384 segment 1/5
2026-09-08T20:44:19.997+01:00 INFO : 2 points above threshold
2026-09-08T20:44:20.012+01:00 INFO : Filtering template 133/384 segment 2/5
2026-09-08T20:44:20.050+01:00 INFO : Filtering template 133/384 segment 3/5
2026-09-08T20:44:20.087+01:00 INFO : 4 points above threshold
2026-09-08T20:44:20.093+01:00 INFO : Filtering template 133/384 segment 4/5
2026-09-08T20:44:20.130+01:00 INFO : 1 points above threshold
2026-09-08T20:44:20.136+01:00 INFO : Filtering template 133/384 segment 5/5
2026-09-08T20:44:20.173+01:00 INFO : 1 points above threshold
2026-09-08T20:44:20.180+01:00 INFO : 133: generating IMRPhenomD from 30.0 Hz
2026-09-08T20:44:20.182+01:00 INFO : Decompressing waveform using inline_linear
2026-09-08T20:44:20.187+01:00 INFO : Filtering template 134/384 segment 1/5
2026-09-08T20:44:20.228+01:00 INFO : 1 points above threshold
2026-09-08T20:44:20.243+01:00 INFO : Filtering template 134/384 segment 2/5
2026-09-08T20:44:20.280+01:00 INFO : Filtering template 134/384 segment 3/5
2026-09-08T20:44:20.317+01:00 INFO : 1 points above threshold
2026-09-08T20:44:20.323+01:00 INFO : Filtering template 134/384 segment 4/5
2026-09-08T20:44:20.361+01:00 INFO : 1 points above threshold
2026-09-08T20:44:20.366+01:00 INFO : Filtering template 134/384 segment 5/5
2026-09-08T20:44:20.404+01:00 INFO : 134: generating IMRPhenomD from 30.0 Hz
2026-09-08T20:44:20.406+01:00 INFO : Decompressing waveform using inline_linear
2026-09-08T20:44:20.411+01:00 INFO : Filtering template 135/384 segment 1/5
2026-09-08T20:44:20.452+01:00 INFO : 2 points above threshold
2026-09-08T20:44:20.467+01:00 INFO : Filtering template 135/384 segment 2/5
2026-09-08T20:44:20.504+01:00 INFO : 1 points above threshold
2026-09-08T20:44:20.510+01:00 INFO : Filtering template 135/384 segment 3/5
2026-09-08T20:44:20.547+01:00 INFO : Filtering template 135/384 segment 4/5
2026-09-08T20:44:20.584+01:00 INFO : 2 points above threshold
2026-09-08T20:44:20.590+01:00 INFO : Filtering template 135/384 segment 5/5
2026-09-08T20:44:20.627+01:00 INFO : 4 points above threshold
2026-09-08T20:44:20.634+01:00 INFO : 135: generating IMRPhenomD from 30.0 Hz
2026-09-08T20:44:20.636+01:00 INFO : Decompressing waveform using inline_linear
2026-09-08T20:44:20.641+01:00 INFO : Filtering template 136/384 segment 1/5
2026-09-08T20:44:20.681+01:00 INFO : 1 points above threshold
2026-09-08T20:44:20.697+01:00 INFO : Filtering template 136/384 segment 2/5
2026-09-08T20:44:20.734+01:00 INFO : 1 points above threshold
2026-09-08T20:44:20.740+01:00 INFO : Filtering template 136/384 segment 3/5
2026-09-08T20:44:20.777+01:00 INFO : 3 points above threshold
2026-09-08T20:44:20.785+01:00 INFO : Filtering template 136/384 segment 4/5
2026-09-08T20:44:20.822+01:00 INFO : Filtering template 136/384 segment 5/5
2026-09-08T20:44:20.859+01:00 INFO : 1 points above threshold
2026-09-08T20:44:20.865+01:00 INFO : 136: generating IMRPhenomD from 30.0 Hz
2026-09-08T20:44:20.868+01:00 INFO : Decompressing waveform using inline_linear
2026-09-08T20:44:20.873+01:00 INFO : Filtering template 137/384 segment 1/5
2026-09-08T20:44:20.913+01:00 INFO : 1 points above threshold
2026-09-08T20:44:20.932+01:00 INFO : Filtering template 137/384 segment 2/5
2026-09-08T20:44:20.969+01:00 INFO : Filtering template 137/384 segment 3/5
2026-09-08T20:44:21.006+01:00 INFO : 3 points above threshold
2026-09-08T20:44:21.014+01:00 INFO : Filtering template 137/384 segment 4/5
2026-09-08T20:44:21.051+01:00 INFO : Filtering template 137/384 segment 5/5
2026-09-08T20:44:21.088+01:00 INFO : 1 points above threshold
2026-09-08T20:44:21.094+01:00 INFO : 137: generating IMRPhenomD from 30.0 Hz
2026-09-08T20:44:21.097+01:00 INFO : Decompressing waveform using inline_linear
2026-09-08T20:44:21.101+01:00 INFO : Filtering template 138/384 segment 1/5
2026-09-08T20:44:21.142+01:00 INFO : 2 points above threshold
2026-09-08T20:44:21.160+01:00 INFO : Filtering template 138/384 segment 2/5
2026-09-08T20:44:21.197+01:00 INFO : 1 points above threshold
2026-09-08T20:44:21.203+01:00 INFO : Filtering template 138/384 segment 3/5
2026-09-08T20:44:21.240+01:00 INFO : Filtering template 138/384 segment 4/5
2026-09-08T20:44:21.277+01:00 INFO : Filtering template 138/384 segment 5/5
2026-09-08T20:44:21.314+01:00 INFO : 2 points above threshold
2026-09-08T20:44:21.320+01:00 INFO : 138: generating IMRPhenomD from 30.0 Hz
2026-09-08T20:44:21.323+01:00 INFO : Decompressing waveform using inline_linear
2026-09-08T20:44:21.328+01:00 INFO : Filtering template 139/384 segment 1/5
2026-09-08T20:44:21.368+01:00 INFO : Filtering template 139/384 segment 2/5
2026-09-08T20:44:21.405+01:00 INFO : Filtering template 139/384 segment 3/5
2026-09-08T20:44:21.442+01:00 INFO : 2 points above threshold
2026-09-08T20:44:21.461+01:00 INFO : Filtering template 139/384 segment 4/5
2026-09-08T20:44:21.498+01:00 INFO : Filtering template 139/384 segment 5/5
2026-09-08T20:44:21.535+01:00 INFO : 1 points above threshold
2026-09-08T20:44:21.541+01:00 INFO : 139: generating IMRPhenomD from 30.0 Hz
2026-09-08T20:44:21.543+01:00 INFO : Decompressing waveform using inline_linear
2026-09-08T20:44:21.548+01:00 INFO : Filtering template 140/384 segment 1/5
2026-09-08T20:44:21.589+01:00 INFO : 2 points above threshold
2026-09-08T20:44:21.607+01:00 INFO : Filtering template 140/384 segment 2/5
2026-09-08T20:44:21.645+01:00 INFO : 2 points above threshold
2026-09-08T20:44:21.650+01:00 INFO : Filtering template 140/384 segment 3/5
2026-09-08T20:44:21.687+01:00 INFO : 2 points above threshold
2026-09-08T20:44:21.694+01:00 INFO : Filtering template 140/384 segment 4/5
2026-09-08T20:44:21.731+01:00 INFO : 1 points above threshold
2026-09-08T20:44:21.737+01:00 INFO : Filtering template 140/384 segment 5/5
2026-09-08T20:44:21.774+01:00 INFO : 2 points above threshold
2026-09-08T20:44:21.781+01:00 INFO : 140: generating IMRPhenomD from 30.0 Hz
2026-09-08T20:44:21.783+01:00 INFO : Decompressing waveform using inline_linear
2026-09-08T20:44:21.788+01:00 INFO : Filtering template 141/384 segment 1/5
2026-09-08T20:44:21.829+01:00 INFO : 1 points above threshold
2026-09-08T20:44:21.844+01:00 INFO : Filtering template 141/384 segment 2/5
2026-09-08T20:44:21.881+01:00 INFO : 3 points above threshold
2026-09-08T20:44:21.889+01:00 INFO : Filtering template 141/384 segment 3/5
2026-09-08T20:44:21.926+01:00 INFO : Filtering template 141/384 segment 4/5
2026-09-08T20:44:21.963+01:00 INFO : 2 points above threshold
2026-09-08T20:44:21.969+01:00 INFO : Filtering template 141/384 segment 5/5
2026-09-08T20:44:22.007+01:00 INFO : 141: generating IMRPhenomD from 30.0 Hz
2026-09-08T20:44:22.009+01:00 INFO : Decompressing waveform using inline_linear
2026-09-08T20:44:22.014+01:00 INFO : Filtering template 142/384 segment 1/5
2026-09-08T20:44:22.055+01:00 INFO : 1 points above threshold
2026-09-08T20:44:22.071+01:00 INFO : Filtering template 142/384 segment 2/5
2026-09-08T20:44:22.108+01:00 INFO : 1 points above threshold
2026-09-08T20:44:22.114+01:00 INFO : Filtering template 142/384 segment 3/5
2026-09-08T20:44:22.151+01:00 INFO : 2 points above threshold
2026-09-08T20:44:22.157+01:00 INFO : Filtering template 142/384 segment 4/5
2026-09-08T20:44:22.194+01:00 INFO : 3 points above threshold
2026-09-08T20:44:22.202+01:00 INFO : Filtering template 142/384 segment 5/5
2026-09-08T20:44:22.239+01:00 INFO : 1 points above threshold
2026-09-08T20:44:22.245+01:00 INFO : 142: generating IMRPhenomD from 30.0 Hz
2026-09-08T20:44:22.248+01:00 INFO : Decompressing waveform using inline_linear
2026-09-08T20:44:22.253+01:00 INFO : Filtering template 143/384 segment 1/5
2026-09-08T20:44:22.293+01:00 INFO : 2 points above threshold
2026-09-08T20:44:22.308+01:00 INFO : Filtering template 143/384 segment 2/5
2026-09-08T20:44:22.346+01:00 INFO : Filtering template 143/384 segment 3/5
2026-09-08T20:44:22.383+01:00 INFO : Filtering template 143/384 segment 4/5
2026-09-08T20:44:22.420+01:00 INFO : 2 points above threshold
2026-09-08T20:44:22.426+01:00 INFO : Filtering template 143/384 segment 5/5
2026-09-08T20:44:22.463+01:00 INFO : 143: generating IMRPhenomD from 30.0 Hz
2026-09-08T20:44:22.466+01:00 INFO : Decompressing waveform using inline_linear
2026-09-08T20:44:22.471+01:00 INFO : Filtering template 144/384 segment 1/5
2026-09-08T20:44:22.511+01:00 INFO : 2 points above threshold
2026-09-08T20:44:22.527+01:00 INFO : Filtering template 144/384 segment 2/5
2026-09-08T20:44:22.564+01:00 INFO : 1 points above threshold
2026-09-08T20:44:22.570+01:00 INFO : Filtering template 144/384 segment 3/5
2026-09-08T20:44:22.607+01:00 INFO : 1 points above threshold
2026-09-08T20:44:22.613+01:00 INFO : Filtering template 144/384 segment 4/5
2026-09-08T20:44:22.650+01:00 INFO : 1 points above threshold
2026-09-08T20:44:22.656+01:00 INFO : Filtering template 144/384 segment 5/5
2026-09-08T20:44:22.693+01:00 INFO : 1 points above threshold
2026-09-08T20:44:22.699+01:00 INFO : 144: generating IMRPhenomD from 30.0 Hz
2026-09-08T20:44:22.701+01:00 INFO : Decompressing waveform using inline_linear
2026-09-08T20:44:22.706+01:00 INFO : Filtering template 145/384 segment 1/5
2026-09-08T20:44:22.747+01:00 INFO : 2 points above threshold
2026-09-08T20:44:22.762+01:00 INFO : Filtering template 145/384 segment 2/5
2026-09-08T20:44:22.799+01:00 INFO : 3 points above threshold
2026-09-08T20:44:22.807+01:00 INFO : Filtering template 145/384 segment 3/5
2026-09-08T20:44:22.844+01:00 INFO : 1 points above threshold
2026-09-08T20:44:22.850+01:00 INFO : Filtering template 145/384 segment 4/5
2026-09-08T20:44:22.887+01:00 INFO : Filtering template 145/384 segment 5/5
2026-09-08T20:44:22.925+01:00 INFO : 145: generating IMRPhenomD from 30.0 Hz
2026-09-08T20:44:22.927+01:00 INFO : Decompressing waveform using inline_linear
2026-09-08T20:44:22.932+01:00 INFO : Filtering template 146/384 segment 1/5
2026-09-08T20:44:22.973+01:00 INFO : 4 points above threshold
2026-09-08T20:44:22.988+01:00 INFO : Filtering template 146/384 segment 2/5
2026-09-08T20:44:23.025+01:00 INFO : Filtering template 146/384 segment 3/5
2026-09-08T20:44:23.062+01:00 INFO : 1 points above threshold
2026-09-08T20:44:23.068+01:00 INFO : Filtering template 146/384 segment 4/5
2026-09-08T20:44:23.105+01:00 INFO : 3 points above threshold
2026-09-08T20:44:23.113+01:00 INFO : Filtering template 146/384 segment 5/5
2026-09-08T20:44:23.150+01:00 INFO : 2 points above threshold
2026-09-08T20:44:23.156+01:00 INFO : 146: generating IMRPhenomD from 30.0 Hz
2026-09-08T20:44:23.159+01:00 INFO : Decompressing waveform using inline_linear
2026-09-08T20:44:23.164+01:00 INFO : Filtering template 147/384 segment 1/5
2026-09-08T20:44:23.204+01:00 INFO : 1 points above threshold
2026-09-08T20:44:23.220+01:00 INFO : Filtering template 147/384 segment 2/5
2026-09-08T20:44:23.257+01:00 INFO : Filtering template 147/384 segment 3/5
2026-09-08T20:44:23.294+01:00 INFO : 1 points above threshold
2026-09-08T20:44:23.300+01:00 INFO : Filtering template 147/384 segment 4/5
2026-09-08T20:44:23.337+01:00 INFO : Filtering template 147/384 segment 5/5
2026-09-08T20:44:23.374+01:00 INFO : 3 points above threshold
2026-09-08T20:44:23.382+01:00 INFO : 147: generating IMRPhenomD from 30.0 Hz
2026-09-08T20:44:23.385+01:00 INFO : Decompressing waveform using inline_linear
2026-09-08T20:44:23.390+01:00 INFO : Filtering template 148/384 segment 1/5
2026-09-08T20:44:23.433+01:00 INFO : 2 points above threshold
2026-09-08T20:44:23.449+01:00 INFO : Filtering template 148/384 segment 2/5
2026-09-08T20:44:23.490+01:00 INFO : 2 points above threshold
2026-09-08T20:44:23.496+01:00 INFO : Filtering template 148/384 segment 3/5
2026-09-08T20:44:23.534+01:00 INFO : 1 points above threshold
2026-09-08T20:44:23.540+01:00 INFO : Filtering template 148/384 segment 4/5
2026-09-08T20:44:23.577+01:00 INFO : Filtering template 148/384 segment 5/5
2026-09-08T20:44:23.615+01:00 INFO : 148: generating IMRPhenomD from 30.0 Hz
2026-09-08T20:44:23.617+01:00 INFO : Decompressing waveform using inline_linear
2026-09-08T20:44:23.622+01:00 INFO : Filtering template 149/384 segment 1/5
2026-09-08T20:44:23.663+01:00 INFO : Filtering template 149/384 segment 2/5
2026-09-08T20:44:23.700+01:00 INFO : 3 points above threshold
2026-09-08T20:44:23.717+01:00 INFO : Filtering template 149/384 segment 3/5
2026-09-08T20:44:23.755+01:00 INFO : 1 points above threshold
2026-09-08T20:44:23.761+01:00 INFO : Filtering template 149/384 segment 4/5
2026-09-08T20:44:23.798+01:00 INFO : Filtering template 149/384 segment 5/5
2026-09-08T20:44:23.835+01:00 INFO : 1 points above threshold
2026-09-08T20:44:23.842+01:00 INFO : 149: generating IMRPhenomD from 30.0 Hz
2026-09-08T20:44:23.844+01:00 INFO : Decompressing waveform using inline_linear
2026-09-08T20:44:23.849+01:00 INFO : Filtering template 150/384 segment 1/5
2026-09-08T20:44:23.890+01:00 INFO : 1 points above threshold
2026-09-08T20:44:23.905+01:00 INFO : Filtering template 150/384 segment 2/5
2026-09-08T20:44:23.942+01:00 INFO : Filtering template 150/384 segment 3/5
2026-09-08T20:44:23.979+01:00 INFO : 1 points above threshold
2026-09-08T20:44:23.985+01:00 INFO : Filtering template 150/384 segment 4/5
2026-09-08T20:44:24.022+01:00 INFO : 3 points above threshold
2026-09-08T20:44:24.031+01:00 INFO : Filtering template 150/384 segment 5/5
2026-09-08T20:44:24.068+01:00 INFO : 2 points above threshold
2026-09-08T20:44:24.074+01:00 INFO : 150: generating IMRPhenomD from 30.0 Hz
2026-09-08T20:44:24.077+01:00 INFO : Decompressing waveform using inline_linear
2026-09-08T20:44:24.082+01:00 INFO : Filtering template 151/384 segment 1/5
2026-09-08T20:44:24.122+01:00 INFO : 1 points above threshold
2026-09-08T20:44:24.138+01:00 INFO : Filtering template 151/384 segment 2/5
2026-09-08T20:44:24.175+01:00 INFO : 2 points above threshold
2026-09-08T20:44:24.181+01:00 INFO : Filtering template 151/384 segment 3/5
2026-09-08T20:44:24.218+01:00 INFO : Filtering template 151/384 segment 4/5
2026-09-08T20:44:24.255+01:00 INFO : Filtering template 151/384 segment 5/5
2026-09-08T20:44:24.293+01:00 INFO : 151: generating IMRPhenomD from 30.0 Hz
2026-09-08T20:44:24.295+01:00 INFO : Decompressing waveform using inline_linear
2026-09-08T20:44:24.300+01:00 INFO : Filtering template 152/384 segment 1/5
2026-09-08T20:44:24.341+01:00 INFO : 1 points above threshold
2026-09-08T20:44:24.357+01:00 INFO : Filtering template 152/384 segment 2/5
2026-09-08T20:44:24.394+01:00 INFO : 2 points above threshold
2026-09-08T20:44:24.400+01:00 INFO : Filtering template 152/384 segment 3/5
2026-09-08T20:44:24.437+01:00 INFO : 1 points above threshold
2026-09-08T20:44:24.443+01:00 INFO : Filtering template 152/384 segment 4/5
2026-09-08T20:44:24.480+01:00 INFO : Filtering template 152/384 segment 5/5
2026-09-08T20:44:24.517+01:00 INFO : 1 points above threshold
2026-09-08T20:44:24.523+01:00 INFO : 152: generating IMRPhenomD from 30.0 Hz
2026-09-08T20:44:24.526+01:00 INFO : Decompressing waveform using inline_linear
2026-09-08T20:44:24.531+01:00 INFO : Filtering template 153/384 segment 1/5
2026-09-08T20:44:24.571+01:00 INFO : 1 points above threshold
2026-09-08T20:44:24.587+01:00 INFO : Filtering template 153/384 segment 2/5
2026-09-08T20:44:24.624+01:00 INFO : 4 points above threshold
2026-09-08T20:44:24.630+01:00 INFO : Filtering template 153/384 segment 3/5
2026-09-08T20:44:24.667+01:00 INFO : 1 points above threshold
2026-09-08T20:44:24.673+01:00 INFO : Filtering template 153/384 segment 4/5
2026-09-08T20:44:24.710+01:00 INFO : Filtering template 153/384 segment 5/5
2026-09-08T20:44:24.749+01:00 INFO : 153: generating IMRPhenomD from 30.0 Hz
2026-09-08T20:44:24.751+01:00 INFO : Decompressing waveform using inline_linear
2026-09-08T20:44:24.756+01:00 INFO : Filtering template 154/384 segment 1/5
2026-09-08T20:44:24.797+01:00 INFO : 2 points above threshold
2026-09-08T20:44:24.812+01:00 INFO : Filtering template 154/384 segment 2/5
2026-09-08T20:44:24.849+01:00 INFO : 2 points above threshold
2026-09-08T20:44:24.855+01:00 INFO : Filtering template 154/384 segment 3/5
2026-09-08T20:44:24.892+01:00 INFO : Filtering template 154/384 segment 4/5
2026-09-08T20:44:24.929+01:00 INFO : 2 points above threshold
2026-09-08T20:44:24.935+01:00 INFO : Filtering template 154/384 segment 5/5
2026-09-08T20:44:24.973+01:00 INFO : 154: generating IMRPhenomD from 30.0 Hz
2026-09-08T20:44:24.975+01:00 INFO : Decompressing waveform using inline_linear
2026-09-08T20:44:24.980+01:00 INFO : Filtering template 155/384 segment 1/5
2026-09-08T20:44:25.021+01:00 INFO : Filtering template 155/384 segment 2/5
2026-09-08T20:44:25.058+01:00 INFO : 1 points above threshold
2026-09-08T20:44:25.077+01:00 INFO : Filtering template 155/384 segment 3/5
2026-09-08T20:44:25.114+01:00 INFO : 1 points above threshold
2026-09-08T20:44:25.120+01:00 INFO : Filtering template 155/384 segment 4/5
2026-09-08T20:44:25.157+01:00 INFO : 3 points above threshold
2026-09-08T20:44:25.165+01:00 INFO : Filtering template 155/384 segment 5/5
2026-09-08T20:44:25.202+01:00 INFO : 155: generating IMRPhenomD from 30.0 Hz
2026-09-08T20:44:25.205+01:00 INFO : Decompressing waveform using inline_linear
2026-09-08T20:44:25.210+01:00 INFO : Filtering template 156/384 segment 1/5
2026-09-08T20:44:25.250+01:00 INFO : 1 points above threshold
2026-09-08T20:44:25.269+01:00 INFO : Filtering template 156/384 segment 2/5
2026-09-08T20:44:25.306+01:00 INFO : Filtering template 156/384 segment 3/5
2026-09-08T20:44:25.344+01:00 INFO : Filtering template 156/384 segment 4/5
2026-09-08T20:44:25.381+01:00 INFO : 3 points above threshold
2026-09-08T20:44:25.388+01:00 INFO : Filtering template 156/384 segment 5/5
2026-09-08T20:44:25.426+01:00 INFO : 156: generating IMRPhenomD from 30.0 Hz
2026-09-08T20:44:25.428+01:00 INFO : Decompressing waveform using inline_linear
2026-09-08T20:44:25.433+01:00 INFO : Filtering template 157/384 segment 1/5
2026-09-08T20:44:25.474+01:00 INFO : 1 points above threshold
2026-09-08T20:44:25.492+01:00 INFO : Filtering template 157/384 segment 2/5
2026-09-08T20:44:25.529+01:00 INFO : 1 points above threshold
2026-09-08T20:44:25.535+01:00 INFO : Filtering template 157/384 segment 3/5
2026-09-08T20:44:25.572+01:00 INFO : Filtering template 157/384 segment 4/5
2026-09-08T20:44:25.609+01:00 INFO : 2 points above threshold
2026-09-08T20:44:25.615+01:00 INFO : Filtering template 157/384 segment 5/5
2026-09-08T20:44:25.653+01:00 INFO : 3 points above threshold
2026-09-08T20:44:25.661+01:00 INFO : 157: generating IMRPhenomD from 30.0 Hz
2026-09-08T20:44:25.663+01:00 INFO : Decompressing waveform using inline_linear
2026-09-08T20:44:25.668+01:00 INFO : Filtering template 158/384 segment 1/5
2026-09-08T20:44:25.709+01:00 INFO : 1 points above threshold
2026-09-08T20:44:25.724+01:00 INFO : Filtering template 158/384 segment 2/5
2026-09-08T20:44:25.762+01:00 INFO : 1 points above threshold
2026-09-08T20:44:25.767+01:00 INFO : Filtering template 158/384 segment 3/5
2026-09-08T20:44:25.804+01:00 INFO : 1 points above threshold
2026-09-08T20:44:25.810+01:00 INFO : Filtering template 158/384 segment 4/5
2026-09-08T20:44:25.848+01:00 INFO : Filtering template 158/384 segment 5/5
2026-09-08T20:44:25.885+01:00 INFO : 158: generating IMRPhenomD from 30.0 Hz
2026-09-08T20:44:25.888+01:00 INFO : Decompressing waveform using inline_linear
2026-09-08T20:44:25.893+01:00 INFO : Filtering template 159/384 segment 1/5
2026-09-08T20:44:25.933+01:00 INFO : Filtering template 159/384 segment 2/5
2026-09-08T20:44:25.971+01:00 INFO : 2 points above threshold
2026-09-08T20:44:25.986+01:00 INFO : Filtering template 159/384 segment 3/5
2026-09-08T20:44:26.023+01:00 INFO : 1 points above threshold
2026-09-08T20:44:26.029+01:00 INFO : Filtering template 159/384 segment 4/5
2026-09-08T20:44:26.067+01:00 INFO : 2 points above threshold
2026-09-08T20:44:26.072+01:00 INFO : Filtering template 159/384 segment 5/5
2026-09-08T20:44:26.110+01:00 INFO : 1 points above threshold
2026-09-08T20:44:26.116+01:00 INFO : 159: generating IMRPhenomD from 30.0 Hz
2026-09-08T20:44:26.118+01:00 INFO : Decompressing waveform using inline_linear
2026-09-08T20:44:26.123+01:00 INFO : Filtering template 160/384 segment 1/5
2026-09-08T20:44:26.164+01:00 INFO : 1 points above threshold
2026-09-08T20:44:26.179+01:00 INFO : Filtering template 160/384 segment 2/5
2026-09-08T20:44:26.217+01:00 INFO : 1 points above threshold
2026-09-08T20:44:26.222+01:00 INFO : Filtering template 160/384 segment 3/5
2026-09-08T20:44:26.260+01:00 INFO : 1 points above threshold
2026-09-08T20:44:26.265+01:00 INFO : Filtering template 160/384 segment 4/5
2026-09-08T20:44:26.303+01:00 INFO : Filtering template 160/384 segment 5/5
2026-09-08T20:44:26.340+01:00 INFO : 1 points above threshold
2026-09-08T20:44:26.346+01:00 INFO : 160: generating IMRPhenomD from 30.0 Hz
2026-09-08T20:44:26.349+01:00 INFO : Decompressing waveform using inline_linear
2026-09-08T20:44:26.354+01:00 INFO : Filtering template 161/384 segment 1/5
2026-09-08T20:44:26.394+01:00 INFO : 1 points above threshold
2026-09-08T20:44:26.409+01:00 INFO : Filtering template 161/384 segment 2/5
2026-09-08T20:44:26.447+01:00 INFO : 2 points above threshold
2026-09-08T20:44:26.453+01:00 INFO : Filtering template 161/384 segment 3/5
2026-09-08T20:44:26.490+01:00 INFO : 1 points above threshold
2026-09-08T20:44:26.496+01:00 INFO : Filtering template 161/384 segment 4/5
2026-09-08T20:44:26.533+01:00 INFO : 1 points above threshold
2026-09-08T20:44:26.539+01:00 INFO : Filtering template 161/384 segment 5/5
2026-09-08T20:44:26.576+01:00 INFO : 3 points above threshold
2026-09-08T20:44:26.584+01:00 INFO : 161: generating IMRPhenomD from 30.0 Hz
2026-09-08T20:44:26.586+01:00 INFO : Decompressing waveform using inline_linear
2026-09-08T20:44:26.591+01:00 INFO : Filtering template 162/384 segment 1/5
2026-09-08T20:44:26.632+01:00 INFO : Filtering template 162/384 segment 2/5
2026-09-08T20:44:26.669+01:00 INFO : 2 points above threshold
2026-09-08T20:44:26.685+01:00 INFO : Filtering template 162/384 segment 3/5
2026-09-08T20:44:26.722+01:00 INFO : 1 points above threshold
2026-09-08T20:44:26.728+01:00 INFO : Filtering template 162/384 segment 4/5
2026-09-08T20:44:26.765+01:00 INFO : 1 points above threshold
2026-09-08T20:44:26.771+01:00 INFO : Filtering template 162/384 segment 5/5
2026-09-08T20:44:26.808+01:00 INFO : 1 points above threshold
2026-09-08T20:44:26.814+01:00 INFO : 162: generating IMRPhenomD from 30.0 Hz
2026-09-08T20:44:26.816+01:00 INFO : Decompressing waveform using inline_linear
2026-09-08T20:44:26.821+01:00 INFO : Filtering template 163/384 segment 1/5
2026-09-08T20:44:26.862+01:00 INFO : 2 points above threshold
2026-09-08T20:44:26.877+01:00 INFO : Filtering template 163/384 segment 2/5
2026-09-08T20:44:26.915+01:00 INFO : 3 points above threshold
2026-09-08T20:44:26.922+01:00 INFO : Filtering template 163/384 segment 3/5
2026-09-08T20:44:26.960+01:00 INFO : Filtering template 163/384 segment 4/5
2026-09-08T20:44:26.997+01:00 INFO : 3 points above threshold
2026-09-08T20:44:27.004+01:00 INFO : Filtering template 163/384 segment 5/5
2026-09-08T20:44:27.042+01:00 INFO : 2 points above threshold
2026-09-08T20:44:27.048+01:00 INFO : 163: generating IMRPhenomD from 30.0 Hz
2026-09-08T20:44:27.050+01:00 INFO : Decompressing waveform using inline_linear
2026-09-08T20:44:27.055+01:00 INFO : Filtering template 164/384 segment 1/5
2026-09-08T20:44:27.096+01:00 INFO : 2 points above threshold
2026-09-08T20:44:27.111+01:00 INFO : Filtering template 164/384 segment 2/5
2026-09-08T20:44:27.148+01:00 INFO : 1 points above threshold
2026-09-08T20:44:27.154+01:00 INFO : Filtering template 164/384 segment 3/5
2026-09-08T20:44:27.191+01:00 INFO : 1 points above threshold
2026-09-08T20:44:27.197+01:00 INFO : Filtering template 164/384 segment 4/5
2026-09-08T20:44:27.235+01:00 INFO : Filtering template 164/384 segment 5/5
2026-09-08T20:44:27.272+01:00 INFO : 1 points above threshold
2026-09-08T20:44:27.279+01:00 INFO : 164: generating IMRPhenomD from 30.0 Hz
2026-09-08T20:44:27.281+01:00 INFO : Decompressing waveform using inline_linear
2026-09-08T20:44:27.286+01:00 INFO : Filtering template 165/384 segment 1/5
2026-09-08T20:44:27.327+01:00 INFO : 1 points above threshold
2026-09-08T20:44:27.342+01:00 INFO : Filtering template 165/384 segment 2/5
2026-09-08T20:44:27.379+01:00 INFO : Filtering template 165/384 segment 3/5
2026-09-08T20:44:27.416+01:00 INFO : 2 points above threshold
2026-09-08T20:44:27.422+01:00 INFO : Filtering template 165/384 segment 4/5
2026-09-08T20:44:27.459+01:00 INFO : 1 points above threshold
2026-09-08T20:44:27.465+01:00 INFO : Filtering template 165/384 segment 5/5
2026-09-08T20:44:27.502+01:00 INFO : 1 points above threshold
2026-09-08T20:44:27.509+01:00 INFO : 165: generating IMRPhenomD from 30.0 Hz
2026-09-08T20:44:27.511+01:00 INFO : Decompressing waveform using inline_linear
2026-09-08T20:44:27.516+01:00 INFO : Filtering template 166/384 segment 1/5
2026-09-08T20:44:27.557+01:00 INFO : 2 points above threshold
2026-09-08T20:44:27.572+01:00 INFO : Filtering template 166/384 segment 2/5
2026-09-08T20:44:27.609+01:00 INFO : Filtering template 166/384 segment 3/5
2026-09-08T20:44:27.647+01:00 INFO : Filtering template 166/384 segment 4/5
2026-09-08T20:44:27.684+01:00 INFO : 3 points above threshold
2026-09-08T20:44:27.692+01:00 INFO : Filtering template 166/384 segment 5/5
2026-09-08T20:44:27.729+01:00 INFO : 3 points above threshold
2026-09-08T20:44:27.737+01:00 INFO : 166: generating IMRPhenomD from 30.0 Hz
2026-09-08T20:44:27.739+01:00 INFO : Decompressing waveform using inline_linear
2026-09-08T20:44:27.744+01:00 INFO : Filtering template 167/384 segment 1/5
2026-09-08T20:44:27.785+01:00 INFO : 1 points above threshold
2026-09-08T20:44:27.800+01:00 INFO : Filtering template 167/384 segment 2/5
2026-09-08T20:44:27.838+01:00 INFO : Filtering template 167/384 segment 3/5
2026-09-08T20:44:27.875+01:00 INFO : 1 points above threshold
2026-09-08T20:44:27.881+01:00 INFO : Filtering template 167/384 segment 4/5
2026-09-08T20:44:27.918+01:00 INFO : Filtering template 167/384 segment 5/5
2026-09-08T20:44:27.956+01:00 INFO : 167: generating IMRPhenomD from 30.0 Hz
2026-09-08T20:44:27.958+01:00 INFO : Decompressing waveform using inline_linear
2026-09-08T20:44:27.963+01:00 INFO : Filtering template 168/384 segment 1/5
2026-09-08T20:44:28.004+01:00 INFO : 4 points above threshold
2026-09-08T20:44:28.019+01:00 INFO : Filtering template 168/384 segment 2/5
2026-09-08T20:44:28.056+01:00 INFO : 1 points above threshold
2026-09-08T20:44:28.062+01:00 INFO : Filtering template 168/384 segment 3/5
2026-09-08T20:44:28.100+01:00 INFO : 1 points above threshold
2026-09-08T20:44:28.105+01:00 INFO : Filtering template 168/384 segment 4/5
2026-09-08T20:44:28.143+01:00 INFO : 1 points above threshold
2026-09-08T20:44:28.149+01:00 INFO : Filtering template 168/384 segment 5/5
2026-09-08T20:44:28.186+01:00 INFO : 1 points above threshold
2026-09-08T20:44:28.192+01:00 INFO : 168: generating IMRPhenomD from 30.0 Hz
2026-09-08T20:44:28.194+01:00 INFO : Decompressing waveform using inline_linear
2026-09-08T20:44:28.199+01:00 INFO : Filtering template 169/384 segment 1/5
2026-09-08T20:44:28.240+01:00 INFO : 5 points above threshold
2026-09-08T20:44:28.258+01:00 INFO : Filtering template 169/384 segment 2/5
2026-09-08T20:44:28.296+01:00 INFO : 1 points above threshold
2026-09-08T20:44:28.301+01:00 INFO : Filtering template 169/384 segment 3/5
2026-09-08T20:44:28.339+01:00 INFO : 3 points above threshold
2026-09-08T20:44:28.347+01:00 INFO : Filtering template 169/384 segment 4/5
2026-09-08T20:44:28.384+01:00 INFO : 1 points above threshold
2026-09-08T20:44:28.390+01:00 INFO : Filtering template 169/384 segment 5/5
2026-09-08T20:44:28.428+01:00 INFO : 169: generating IMRPhenomD from 30.0 Hz
2026-09-08T20:44:28.430+01:00 INFO : Decompressing waveform using inline_linear
2026-09-08T20:44:28.435+01:00 INFO : Filtering template 170/384 segment 1/5
2026-09-08T20:44:28.476+01:00 INFO : Filtering template 170/384 segment 2/5
2026-09-08T20:44:28.516+01:00 INFO : 2 points above threshold
2026-09-08T20:44:28.533+01:00 INFO : Filtering template 170/384 segment 3/5
2026-09-08T20:44:28.574+01:00 INFO : 2 points above threshold
2026-09-08T20:44:28.580+01:00 INFO : Filtering template 170/384 segment 4/5
2026-09-08T20:44:28.618+01:00 INFO : Filtering template 170/384 segment 5/5
2026-09-08T20:44:28.655+01:00 INFO : 170: generating IMRPhenomD from 30.0 Hz
2026-09-08T20:44:28.658+01:00 INFO : Decompressing waveform using inline_linear
2026-09-08T20:44:28.663+01:00 INFO : Filtering template 171/384 segment 1/5
2026-09-08T20:44:28.704+01:00 INFO : 2 points above threshold
2026-09-08T20:44:28.719+01:00 INFO : Filtering template 171/384 segment 2/5
2026-09-08T20:44:28.756+01:00 INFO : 1 points above threshold
2026-09-08T20:44:28.762+01:00 INFO : Filtering template 171/384 segment 3/5
2026-09-08T20:44:28.799+01:00 INFO : 3 points above threshold
2026-09-08T20:44:28.807+01:00 INFO : Filtering template 171/384 segment 4/5
2026-09-08T20:44:28.844+01:00 INFO : 1 points above threshold
2026-09-08T20:44:28.850+01:00 INFO : Filtering template 171/384 segment 5/5
2026-09-08T20:44:28.887+01:00 INFO : 1 points above threshold
2026-09-08T20:44:28.893+01:00 INFO : 171: generating IMRPhenomD from 30.0 Hz
2026-09-08T20:44:28.896+01:00 INFO : Decompressing waveform using inline_linear
2026-09-08T20:44:28.901+01:00 INFO : Filtering template 172/384 segment 1/5
2026-09-08T20:44:28.941+01:00 INFO : 4 points above threshold
2026-09-08T20:44:28.960+01:00 INFO : Filtering template 172/384 segment 2/5
2026-09-08T20:44:28.997+01:00 INFO : 1 points above threshold
2026-09-08T20:44:29.003+01:00 INFO : Filtering template 172/384 segment 3/5
2026-09-08T20:44:29.040+01:00 INFO : Filtering template 172/384 segment 4/5
2026-09-08T20:44:29.077+01:00 INFO : 2 points above threshold
2026-09-08T20:44:29.083+01:00 INFO : Filtering template 172/384 segment 5/5
2026-09-08T20:44:29.120+01:00 INFO : 1 points above threshold
2026-09-08T20:44:29.126+01:00 INFO : 172: generating IMRPhenomD from 30.0 Hz
2026-09-08T20:44:29.129+01:00 INFO : Decompressing waveform using inline_linear
2026-09-08T20:44:29.134+01:00 INFO : Filtering template 173/384 segment 1/5
2026-09-08T20:44:29.174+01:00 INFO : 1 points above threshold
2026-09-08T20:44:29.189+01:00 INFO : Filtering template 173/384 segment 2/5
2026-09-08T20:44:29.226+01:00 INFO : 1 points above threshold
2026-09-08T20:44:29.232+01:00 INFO : Filtering template 173/384 segment 3/5
2026-09-08T20:44:29.269+01:00 INFO : 1 points above threshold
2026-09-08T20:44:29.275+01:00 INFO : Filtering template 173/384 segment 4/5
2026-09-08T20:44:29.312+01:00 INFO : 1 points above threshold
2026-09-08T20:44:29.318+01:00 INFO : Filtering template 173/384 segment 5/5
2026-09-08T20:44:29.355+01:00 INFO : 1 points above threshold
2026-09-08T20:44:29.362+01:00 INFO : 173: generating IMRPhenomD from 30.0 Hz
2026-09-08T20:44:29.364+01:00 INFO : Decompressing waveform using inline_linear
2026-09-08T20:44:29.369+01:00 INFO : Filtering template 174/384 segment 1/5
2026-09-08T20:44:29.410+01:00 INFO : 3 points above threshold
2026-09-08T20:44:29.427+01:00 INFO : Filtering template 174/384 segment 2/5
2026-09-08T20:44:29.464+01:00 INFO : 1 points above threshold
2026-09-08T20:44:29.470+01:00 INFO : Filtering template 174/384 segment 3/5
2026-09-08T20:44:29.507+01:00 INFO : 3 points above threshold
2026-09-08T20:44:29.515+01:00 INFO : Filtering template 174/384 segment 4/5
2026-09-08T20:44:29.552+01:00 INFO : 1 points above threshold
2026-09-08T20:44:29.558+01:00 INFO : Filtering template 174/384 segment 5/5
2026-09-08T20:44:29.595+01:00 INFO : 174: generating IMRPhenomD from 30.0 Hz
2026-09-08T20:44:29.598+01:00 INFO : Decompressing waveform using inline_linear
2026-09-08T20:44:29.603+01:00 INFO : Filtering template 175/384 segment 1/5
2026-09-08T20:44:29.643+01:00 INFO : 2 points above threshold
2026-09-08T20:44:29.658+01:00 INFO : Filtering template 175/384 segment 2/5
2026-09-08T20:44:29.695+01:00 INFO : 2 points above threshold
2026-09-08T20:44:29.701+01:00 INFO : Filtering template 175/384 segment 3/5
2026-09-08T20:44:29.738+01:00 INFO : 4 points above threshold
2026-09-08T20:44:29.744+01:00 INFO : Filtering template 175/384 segment 4/5
2026-09-08T20:44:29.781+01:00 INFO : 1 points above threshold
2026-09-08T20:44:29.787+01:00 INFO : Filtering template 175/384 segment 5/5
2026-09-08T20:44:29.825+01:00 INFO : 175: generating IMRPhenomD from 30.0 Hz
2026-09-08T20:44:29.827+01:00 INFO : Decompressing waveform using inline_linear
2026-09-08T20:44:29.832+01:00 INFO : Filtering template 176/384 segment 1/5
2026-09-08T20:44:29.873+01:00 INFO : 1 points above threshold
2026-09-08T20:44:29.888+01:00 INFO : Filtering template 176/384 segment 2/5
2026-09-08T20:44:29.925+01:00 INFO : 3 points above threshold
2026-09-08T20:44:29.933+01:00 INFO : Filtering template 176/384 segment 3/5
2026-09-08T20:44:29.970+01:00 INFO : 1 points above threshold
2026-09-08T20:44:29.976+01:00 INFO : Filtering template 176/384 segment 4/5
2026-09-08T20:44:30.013+01:00 INFO : 1 points above threshold
2026-09-08T20:44:30.019+01:00 INFO : Filtering template 176/384 segment 5/5
2026-09-08T20:44:30.056+01:00 INFO : 1 points above threshold
2026-09-08T20:44:30.062+01:00 INFO : 176: generating IMRPhenomD from 30.0 Hz
2026-09-08T20:44:30.065+01:00 INFO : Decompressing waveform using inline_linear
2026-09-08T20:44:30.070+01:00 INFO : Filtering template 177/384 segment 1/5
2026-09-08T20:44:30.111+01:00 INFO : 3 points above threshold
2026-09-08T20:44:30.128+01:00 INFO : Filtering template 177/384 segment 2/5
2026-09-08T20:44:30.165+01:00 INFO : Filtering template 177/384 segment 3/5
2026-09-08T20:44:30.202+01:00 INFO : 3 points above threshold
2026-09-08T20:44:30.210+01:00 INFO : Filtering template 177/384 segment 4/5
2026-09-08T20:44:30.247+01:00 INFO : 1 points above threshold
2026-09-08T20:44:30.253+01:00 INFO : Filtering template 177/384 segment 5/5
2026-09-08T20:44:30.290+01:00 INFO : 2 points above threshold
2026-09-08T20:44:30.296+01:00 INFO : 177: generating IMRPhenomD from 30.0 Hz
2026-09-08T20:44:30.298+01:00 INFO : Decompressing waveform using inline_linear
2026-09-08T20:44:30.303+01:00 INFO : Filtering template 178/384 segment 1/5
2026-09-08T20:44:30.344+01:00 INFO : Filtering template 178/384 segment 2/5
2026-09-08T20:44:30.381+01:00 INFO : 1 points above threshold
2026-09-08T20:44:30.396+01:00 INFO : Filtering template 178/384 segment 3/5
2026-09-08T20:44:30.434+01:00 INFO : Filtering template 178/384 segment 4/5
2026-09-08T20:44:30.471+01:00 INFO : 1 points above threshold
2026-09-08T20:44:30.477+01:00 INFO : Filtering template 178/384 segment 5/5
2026-09-08T20:44:30.514+01:00 INFO : 178: generating IMRPhenomD from 30.0 Hz
2026-09-08T20:44:30.517+01:00 INFO : Decompressing waveform using inline_linear
2026-09-08T20:44:30.522+01:00 INFO : Filtering template 179/384 segment 1/5
2026-09-08T20:44:30.562+01:00 INFO : 2 points above threshold
2026-09-08T20:44:30.577+01:00 INFO : Filtering template 179/384 segment 2/5
2026-09-08T20:44:30.614+01:00 INFO : 3 points above threshold
2026-09-08T20:44:30.622+01:00 INFO : Filtering template 179/384 segment 3/5
2026-09-08T20:44:30.659+01:00 INFO : 1 points above threshold
2026-09-08T20:44:30.665+01:00 INFO : Filtering template 179/384 segment 4/5
2026-09-08T20:44:30.702+01:00 INFO : 1 points above threshold
2026-09-08T20:44:30.708+01:00 INFO : Filtering template 179/384 segment 5/5
2026-09-08T20:44:30.745+01:00 INFO : 179: generating IMRPhenomD from 30.0 Hz
2026-09-08T20:44:30.748+01:00 INFO : Decompressing waveform using inline_linear
2026-09-08T20:44:30.753+01:00 INFO : Filtering template 180/384 segment 1/5
2026-09-08T20:44:30.793+01:00 INFO : 2 points above threshold
2026-09-08T20:44:30.808+01:00 INFO : Filtering template 180/384 segment 2/5
2026-09-08T20:44:30.845+01:00 INFO : Filtering template 180/384 segment 3/5
2026-09-08T20:44:30.883+01:00 INFO : 1 points above threshold
2026-09-08T20:44:30.889+01:00 INFO : Filtering template 180/384 segment 4/5
2026-09-08T20:44:30.926+01:00 INFO : 1 points above threshold
2026-09-08T20:44:30.932+01:00 INFO : Filtering template 180/384 segment 5/5
2026-09-08T20:44:30.969+01:00 INFO : 4 points above threshold
2026-09-08T20:44:30.975+01:00 INFO : 180: generating IMRPhenomD from 30.0 Hz
2026-09-08T20:44:30.977+01:00 INFO : Decompressing waveform using inline_linear
2026-09-08T20:44:30.982+01:00 INFO : Filtering template 181/384 segment 1/5
2026-09-08T20:44:31.023+01:00 INFO : 1 points above threshold
2026-09-08T20:44:31.038+01:00 INFO : Filtering template 181/384 segment 2/5
2026-09-08T20:44:31.076+01:00 INFO : 1 points above threshold
2026-09-08T20:44:31.082+01:00 INFO : Filtering template 181/384 segment 3/5
2026-09-08T20:44:31.119+01:00 INFO : Filtering template 181/384 segment 4/5
2026-09-08T20:44:31.156+01:00 INFO : 3 points above threshold
2026-09-08T20:44:31.164+01:00 INFO : Filtering template 181/384 segment 5/5
2026-09-08T20:44:31.201+01:00 INFO : 181: generating IMRPhenomD from 30.0 Hz
2026-09-08T20:44:31.204+01:00 INFO : Decompressing waveform using inline_linear
2026-09-08T20:44:31.209+01:00 INFO : Filtering template 182/384 segment 1/5
2026-09-08T20:44:31.249+01:00 INFO : 1 points above threshold
2026-09-08T20:44:31.264+01:00 INFO : Filtering template 182/384 segment 2/5
2026-09-08T20:44:31.301+01:00 INFO : 3 points above threshold
2026-09-08T20:44:31.309+01:00 INFO : Filtering template 182/384 segment 3/5
2026-09-08T20:44:31.347+01:00 INFO : 1 points above threshold
2026-09-08T20:44:31.352+01:00 INFO : Filtering template 182/384 segment 4/5
2026-09-08T20:44:31.390+01:00 INFO : 2 points above threshold
2026-09-08T20:44:31.396+01:00 INFO : Filtering template 182/384 segment 5/5
2026-09-08T20:44:31.433+01:00 INFO : 1 points above threshold
2026-09-08T20:44:31.439+01:00 INFO : 182: generating IMRPhenomD from 30.0 Hz
2026-09-08T20:44:31.442+01:00 INFO : Decompressing waveform using inline_linear
2026-09-08T20:44:31.446+01:00 INFO : Filtering template 183/384 segment 1/5
2026-09-08T20:44:31.487+01:00 INFO : 2 points above threshold
2026-09-08T20:44:31.502+01:00 INFO : Filtering template 183/384 segment 2/5
2026-09-08T20:44:31.539+01:00 INFO : 3 points above threshold
2026-09-08T20:44:31.547+01:00 INFO : Filtering template 183/384 segment 3/5
2026-09-08T20:44:31.584+01:00 INFO : 1 points above threshold
2026-09-08T20:44:31.590+01:00 INFO : Filtering template 183/384 segment 4/5
2026-09-08T20:44:31.627+01:00 INFO : 4 points above threshold
2026-09-08T20:44:31.633+01:00 INFO : Filtering template 183/384 segment 5/5
2026-09-08T20:44:31.671+01:00 INFO : 183: generating IMRPhenomD from 30.0 Hz
2026-09-08T20:44:31.673+01:00 INFO : Decompressing waveform using inline_linear
2026-09-08T20:44:31.678+01:00 INFO : Filtering template 184/384 segment 1/5
2026-09-08T20:44:31.719+01:00 INFO : 2 points above threshold
2026-09-08T20:44:31.734+01:00 INFO : Filtering template 184/384 segment 2/5
2026-09-08T20:44:31.772+01:00 INFO : 1 points above threshold
2026-09-08T20:44:31.778+01:00 INFO : Filtering template 184/384 segment 3/5
2026-09-08T20:44:31.815+01:00 INFO : 1 points above threshold
2026-09-08T20:44:31.821+01:00 INFO : Filtering template 184/384 segment 4/5
2026-09-08T20:44:31.858+01:00 INFO : 2 points above threshold
2026-09-08T20:44:31.864+01:00 INFO : Filtering template 184/384 segment 5/5
2026-09-08T20:44:31.901+01:00 INFO : 184: generating IMRPhenomD from 30.0 Hz
2026-09-08T20:44:31.904+01:00 INFO : Decompressing waveform using inline_linear
2026-09-08T20:44:31.909+01:00 INFO : Filtering template 185/384 segment 1/5
2026-09-08T20:44:31.949+01:00 INFO : Filtering template 185/384 segment 2/5
2026-09-08T20:44:31.987+01:00 INFO : 2 points above threshold
2026-09-08T20:44:32.002+01:00 INFO : Filtering template 185/384 segment 3/5
2026-09-08T20:44:32.039+01:00 INFO : 2 points above threshold
2026-09-08T20:44:32.045+01:00 INFO : Filtering template 185/384 segment 4/5
2026-09-08T20:44:32.082+01:00 INFO : 4 points above threshold
2026-09-08T20:44:32.088+01:00 INFO : Filtering template 185/384 segment 5/5
2026-09-08T20:44:32.126+01:00 INFO : 2 points above threshold
2026-09-08T20:44:32.132+01:00 INFO : 185: generating IMRPhenomD from 30.0 Hz
2026-09-08T20:44:32.134+01:00 INFO : Decompressing waveform using inline_linear
2026-09-08T20:44:32.139+01:00 INFO : Filtering template 186/384 segment 1/5
2026-09-08T20:44:32.180+01:00 INFO : Filtering template 186/384 segment 2/5
2026-09-08T20:44:32.217+01:00 INFO : Filtering template 186/384 segment 3/5
2026-09-08T20:44:32.254+01:00 INFO : 2 points above threshold
2026-09-08T20:44:32.270+01:00 INFO : Filtering template 186/384 segment 4/5
2026-09-08T20:44:32.307+01:00 INFO : 1 points above threshold
2026-09-08T20:44:32.313+01:00 INFO : Filtering template 186/384 segment 5/5
2026-09-08T20:44:32.350+01:00 INFO : 186: generating IMRPhenomD from 30.0 Hz
2026-09-08T20:44:32.353+01:00 INFO : Decompressing waveform using inline_linear
2026-09-08T20:44:32.358+01:00 INFO : Filtering template 187/384 segment 1/5
2026-09-08T20:44:32.398+01:00 INFO : 2 points above threshold
2026-09-08T20:44:32.416+01:00 INFO : Filtering template 187/384 segment 2/5
2026-09-08T20:44:32.454+01:00 INFO : 1 points above threshold
2026-09-08T20:44:32.460+01:00 INFO : Filtering template 187/384 segment 3/5
2026-09-08T20:44:32.497+01:00 INFO : 3 points above threshold
2026-09-08T20:44:32.505+01:00 INFO : Filtering template 187/384 segment 4/5
2026-09-08T20:44:32.542+01:00 INFO : Filtering template 187/384 segment 5/5
2026-09-08T20:44:32.579+01:00 INFO : 1 points above threshold
2026-09-08T20:44:32.585+01:00 INFO : 187: generating IMRPhenomD from 30.0 Hz
2026-09-08T20:44:32.588+01:00 INFO : Decompressing waveform using inline_linear
2026-09-08T20:44:32.592+01:00 INFO : Filtering template 188/384 segment 1/5
2026-09-08T20:44:32.633+01:00 INFO : 1 points above threshold
2026-09-08T20:44:32.651+01:00 INFO : Filtering template 188/384 segment 2/5
2026-09-08T20:44:32.688+01:00 INFO : 1 points above threshold
2026-09-08T20:44:32.694+01:00 INFO : Filtering template 188/384 segment 3/5
2026-09-08T20:44:32.731+01:00 INFO : 3 points above threshold
2026-09-08T20:44:32.739+01:00 INFO : Filtering template 188/384 segment 4/5
2026-09-08T20:44:32.776+01:00 INFO : Filtering template 188/384 segment 5/5
2026-09-08T20:44:32.814+01:00 INFO : 188: generating IMRPhenomD from 30.0 Hz
2026-09-08T20:44:32.816+01:00 INFO : Decompressing waveform using inline_linear
2026-09-08T20:44:32.821+01:00 INFO : Filtering template 189/384 segment 1/5
2026-09-08T20:44:32.862+01:00 INFO : 1 points above threshold
2026-09-08T20:44:32.880+01:00 INFO : Filtering template 189/384 segment 2/5
2026-09-08T20:44:32.918+01:00 INFO : 1 points above threshold
2026-09-08T20:44:32.923+01:00 INFO : Filtering template 189/384 segment 3/5
2026-09-08T20:44:32.961+01:00 INFO : 2 points above threshold
2026-09-08T20:44:32.967+01:00 INFO : Filtering template 189/384 segment 4/5
2026-09-08T20:44:33.004+01:00 INFO : 2 points above threshold
2026-09-08T20:44:33.010+01:00 INFO : Filtering template 189/384 segment 5/5
2026-09-08T20:44:33.047+01:00 INFO : 1 points above threshold
2026-09-08T20:44:33.053+01:00 INFO : 189: generating IMRPhenomD from 30.0 Hz
2026-09-08T20:44:33.056+01:00 INFO : Decompressing waveform using inline_linear
2026-09-08T20:44:33.061+01:00 INFO : Filtering template 190/384 segment 1/5
2026-09-08T20:44:33.101+01:00 INFO : 1 points above threshold
2026-09-08T20:44:33.119+01:00 INFO : Filtering template 190/384 segment 2/5
2026-09-08T20:44:33.157+01:00 INFO : 2 points above threshold
2026-09-08T20:44:33.162+01:00 INFO : Filtering template 190/384 segment 3/5
2026-09-08T20:44:33.199+01:00 INFO : 1 points above threshold
2026-09-08T20:44:33.206+01:00 INFO : Filtering template 190/384 segment 4/5
2026-09-08T20:44:33.243+01:00 INFO : 1 points above threshold
2026-09-08T20:44:33.249+01:00 INFO : Filtering template 190/384 segment 5/5
2026-09-08T20:44:33.286+01:00 INFO : 1 points above threshold
2026-09-08T20:44:33.293+01:00 INFO : 190: generating IMRPhenomD from 30.0 Hz
2026-09-08T20:44:33.295+01:00 INFO : Decompressing waveform using inline_linear
2026-09-08T20:44:33.300+01:00 INFO : Filtering template 191/384 segment 1/5
2026-09-08T20:44:33.341+01:00 INFO : Filtering template 191/384 segment 2/5
2026-09-08T20:44:33.378+01:00 INFO : 1 points above threshold
2026-09-08T20:44:33.393+01:00 INFO : Filtering template 191/384 segment 3/5
2026-09-08T20:44:33.431+01:00 INFO : Filtering template 191/384 segment 4/5
2026-09-08T20:44:33.468+01:00 INFO : 1 points above threshold
2026-09-08T20:44:33.474+01:00 INFO : Filtering template 191/384 segment 5/5
2026-09-08T20:44:33.512+01:00 INFO : 1 points above threshold
2026-09-08T20:44:33.518+01:00 INFO : 191: generating IMRPhenomD from 30.0 Hz
2026-09-08T20:44:33.520+01:00 INFO : Decompressing waveform using inline_linear
2026-09-08T20:44:33.525+01:00 INFO : Filtering template 192/384 segment 1/5
2026-09-08T20:44:33.566+01:00 INFO : 2 points above threshold
2026-09-08T20:44:33.581+01:00 INFO : Filtering template 192/384 segment 2/5
2026-09-08T20:44:33.619+01:00 INFO : 3 points above threshold
2026-09-08T20:44:33.628+01:00 INFO : Filtering template 192/384 segment 3/5
2026-09-08T20:44:33.668+01:00 INFO : Filtering template 192/384 segment 4/5
2026-09-08T20:44:33.707+01:00 INFO : Filtering template 192/384 segment 5/5
2026-09-08T20:44:33.745+01:00 INFO : 192: generating IMRPhenomD from 30.0 Hz
2026-09-08T20:44:33.747+01:00 INFO : Decompressing waveform using inline_linear
2026-09-08T20:44:33.752+01:00 INFO : Filtering template 193/384 segment 1/5
2026-09-08T20:44:33.793+01:00 INFO : 1 points above threshold
2026-09-08T20:44:33.808+01:00 INFO : Filtering template 193/384 segment 2/5
2026-09-08T20:44:33.845+01:00 INFO : 4 points above threshold
2026-09-08T20:44:33.851+01:00 INFO : Filtering template 193/384 segment 3/5
2026-09-08T20:44:33.889+01:00 INFO : Filtering template 193/384 segment 4/5
2026-09-08T20:44:33.926+01:00 INFO : 1 points above threshold
2026-09-08T20:44:33.932+01:00 INFO : Filtering template 193/384 segment 5/5
2026-09-08T20:44:33.969+01:00 INFO : 3 points above threshold
2026-09-08T20:44:33.977+01:00 INFO : 193: generating IMRPhenomD from 30.0 Hz
2026-09-08T20:44:33.980+01:00 INFO : Decompressing waveform using inline_linear
2026-09-08T20:44:33.985+01:00 INFO : Filtering template 194/384 segment 1/5
2026-09-08T20:44:34.026+01:00 INFO : 2 points above threshold
2026-09-08T20:44:34.041+01:00 INFO : Filtering template 194/384 segment 2/5
2026-09-08T20:44:34.078+01:00 INFO : 1 points above threshold
2026-09-08T20:44:34.084+01:00 INFO : Filtering template 194/384 segment 3/5
2026-09-08T20:44:34.121+01:00 INFO : 1 points above threshold
2026-09-08T20:44:34.127+01:00 INFO : Filtering template 194/384 segment 4/5
2026-09-08T20:44:34.164+01:00 INFO : 2 points above threshold
2026-09-08T20:44:34.170+01:00 INFO : Filtering template 194/384 segment 5/5
2026-09-08T20:44:34.207+01:00 INFO : 1 points above threshold
2026-09-08T20:44:34.214+01:00 INFO : 194: generating IMRPhenomD from 30.0 Hz
2026-09-08T20:44:34.216+01:00 INFO : Decompressing waveform using inline_linear
2026-09-08T20:44:34.221+01:00 INFO : Filtering template 195/384 segment 1/5
2026-09-08T20:44:34.262+01:00 INFO : Filtering template 195/384 segment 2/5
2026-09-08T20:44:34.299+01:00 INFO : Filtering template 195/384 segment 3/5
2026-09-08T20:44:34.336+01:00 INFO : 1 points above threshold
2026-09-08T20:44:34.351+01:00 INFO : Filtering template 195/384 segment 4/5
2026-09-08T20:44:34.388+01:00 INFO : 2 points above threshold
2026-09-08T20:44:34.394+01:00 INFO : Filtering template 195/384 segment 5/5
2026-09-08T20:44:34.432+01:00 INFO : 195: generating IMRPhenomD from 30.0 Hz
2026-09-08T20:44:34.434+01:00 INFO : Decompressing waveform using inline_linear
2026-09-08T20:44:34.439+01:00 INFO : Filtering template 196/384 segment 1/5
2026-09-08T20:44:34.480+01:00 INFO : 2 points above threshold
2026-09-08T20:44:34.495+01:00 INFO : Filtering template 196/384 segment 2/5
2026-09-08T20:44:34.533+01:00 INFO : 3 points above threshold
2026-09-08T20:44:34.540+01:00 INFO : Filtering template 196/384 segment 3/5
2026-09-08T20:44:34.577+01:00 INFO : 1 points above threshold
2026-09-08T20:44:34.583+01:00 INFO : Filtering template 196/384 segment 4/5
2026-09-08T20:44:34.620+01:00 INFO : 1 points above threshold
2026-09-08T20:44:34.626+01:00 INFO : Filtering template 196/384 segment 5/5
2026-09-08T20:44:34.664+01:00 INFO : 2 points above threshold
2026-09-08T20:44:34.670+01:00 INFO : 196: generating IMRPhenomD from 30.0 Hz
2026-09-08T20:44:34.672+01:00 INFO : Decompressing waveform using inline_linear
2026-09-08T20:44:34.677+01:00 INFO : Filtering template 197/384 segment 1/5
2026-09-08T20:44:34.718+01:00 INFO : Filtering template 197/384 segment 2/5
2026-09-08T20:44:34.755+01:00 INFO : 1 points above threshold
2026-09-08T20:44:34.770+01:00 INFO : Filtering template 197/384 segment 3/5
2026-09-08T20:44:34.807+01:00 INFO : 4 points above threshold
2026-09-08T20:44:34.813+01:00 INFO : Filtering template 197/384 segment 4/5
2026-09-08T20:44:34.850+01:00 INFO : 1 points above threshold
2026-09-08T20:44:34.856+01:00 INFO : Filtering template 197/384 segment 5/5
2026-09-08T20:44:34.894+01:00 INFO : 197: generating IMRPhenomD from 30.0 Hz
2026-09-08T20:44:34.896+01:00 INFO : Decompressing waveform using inline_linear
2026-09-08T20:44:34.901+01:00 INFO : Filtering template 198/384 segment 1/5
2026-09-08T20:44:34.942+01:00 INFO : Filtering template 198/384 segment 2/5
2026-09-08T20:44:34.979+01:00 INFO : 4 points above threshold
2026-09-08T20:44:34.995+01:00 INFO : Filtering template 198/384 segment 3/5
2026-09-08T20:44:35.032+01:00 INFO : 3 points above threshold
2026-09-08T20:44:35.040+01:00 INFO : Filtering template 198/384 segment 4/5
2026-09-08T20:44:35.077+01:00 INFO : 1 points above threshold
2026-09-08T20:44:35.083+01:00 INFO : Filtering template 198/384 segment 5/5
2026-09-08T20:44:35.120+01:00 INFO : 1 points above threshold
2026-09-08T20:44:35.126+01:00 INFO : 198: generating IMRPhenomD from 30.0 Hz
2026-09-08T20:44:35.129+01:00 INFO : Decompressing waveform using inline_linear
2026-09-08T20:44:35.134+01:00 INFO : Filtering template 199/384 segment 1/5
2026-09-08T20:44:35.175+01:00 INFO : 1 points above threshold
2026-09-08T20:44:35.190+01:00 INFO : Filtering template 199/384 segment 2/5
2026-09-08T20:44:35.227+01:00 INFO : 1 points above threshold
2026-09-08T20:44:35.233+01:00 INFO : Filtering template 199/384 segment 3/5
2026-09-08T20:44:35.270+01:00 INFO : Filtering template 199/384 segment 4/5
2026-09-08T20:44:35.307+01:00 INFO : 2 points above threshold
2026-09-08T20:44:35.313+01:00 INFO : Filtering template 199/384 segment 5/5
2026-09-08T20:44:35.350+01:00 INFO : 199: generating IMRPhenomD from 30.0 Hz
2026-09-08T20:44:35.353+01:00 INFO : Decompressing waveform using inline_linear
2026-09-08T20:44:35.358+01:00 INFO : Filtering template 200/384 segment 1/5
2026-09-08T20:44:35.398+01:00 INFO : Filtering template 200/384 segment 2/5
2026-09-08T20:44:35.436+01:00 INFO : Filtering template 200/384 segment 3/5
2026-09-08T20:44:35.473+01:00 INFO : Filtering template 200/384 segment 4/5
2026-09-08T20:44:35.510+01:00 INFO : 1 points above threshold
2026-09-08T20:44:35.525+01:00 INFO : Filtering template 200/384 segment 5/5
2026-09-08T20:44:35.563+01:00 INFO : 1 points above threshold
2026-09-08T20:44:35.569+01:00 INFO : 200: generating IMRPhenomD from 30.0 Hz
2026-09-08T20:44:35.571+01:00 INFO : Decompressing waveform using inline_linear
2026-09-08T20:44:35.576+01:00 INFO : Filtering template 201/384 segment 1/5
2026-09-08T20:44:35.617+01:00 INFO : Filtering template 201/384 segment 2/5
2026-09-08T20:44:35.654+01:00 INFO : 1 points above threshold
2026-09-08T20:44:35.670+01:00 INFO : Filtering template 201/384 segment 3/5
2026-09-08T20:44:35.707+01:00 INFO : 1 points above threshold
2026-09-08T20:44:35.713+01:00 INFO : Filtering template 201/384 segment 4/5
2026-09-08T20:44:35.750+01:00 INFO : Filtering template 201/384 segment 5/5
2026-09-08T20:44:35.787+01:00 INFO : 1 points above threshold
2026-09-08T20:44:35.793+01:00 INFO : 201: generating IMRPhenomD from 30.0 Hz
2026-09-08T20:44:35.796+01:00 INFO : Decompressing waveform using inline_linear
2026-09-08T20:44:35.801+01:00 INFO : Filtering template 202/384 segment 1/5
2026-09-08T20:44:35.842+01:00 INFO : 2 points above threshold
2026-09-08T20:44:35.857+01:00 INFO : Filtering template 202/384 segment 2/5
2026-09-08T20:44:35.894+01:00 INFO : 2 points above threshold
2026-09-08T20:44:35.900+01:00 INFO : Filtering template 202/384 segment 3/5
2026-09-08T20:44:35.937+01:00 INFO : 3 points above threshold
2026-09-08T20:44:35.945+01:00 INFO : Filtering template 202/384 segment 4/5
2026-09-08T20:44:35.982+01:00 INFO : 1 points above threshold
2026-09-08T20:44:35.988+01:00 INFO : Filtering template 202/384 segment 5/5
2026-09-08T20:44:36.026+01:00 INFO : 202: generating IMRPhenomD from 30.0 Hz
2026-09-08T20:44:36.028+01:00 INFO : Decompressing waveform using inline_linear
2026-09-08T20:44:36.033+01:00 INFO : Filtering template 203/384 segment 1/5
2026-09-08T20:44:36.074+01:00 INFO : 1 points above threshold
2026-09-08T20:44:36.090+01:00 INFO : Filtering template 203/384 segment 2/5
2026-09-08T20:44:36.127+01:00 INFO : 2 points above threshold
2026-09-08T20:44:36.133+01:00 INFO : Filtering template 203/384 segment 3/5
2026-09-08T20:44:36.171+01:00 INFO : 2 points above threshold
2026-09-08T20:44:36.177+01:00 INFO : Filtering template 203/384 segment 4/5
2026-09-08T20:44:36.214+01:00 INFO : 3 points above threshold
2026-09-08T20:44:36.222+01:00 INFO : Filtering template 203/384 segment 5/5
2026-09-08T20:44:36.259+01:00 INFO : 2 points above threshold
2026-09-08T20:44:36.265+01:00 INFO : 203: generating IMRPhenomD from 30.0 Hz
2026-09-08T20:44:36.268+01:00 INFO : Decompressing waveform using inline_linear
2026-09-08T20:44:36.273+01:00 INFO : Filtering template 204/384 segment 1/5
2026-09-08T20:44:36.313+01:00 INFO : 1 points above threshold
2026-09-08T20:44:36.328+01:00 INFO : Filtering template 204/384 segment 2/5
2026-09-08T20:44:36.366+01:00 INFO : 1 points above threshold
2026-09-08T20:44:36.372+01:00 INFO : Filtering template 204/384 segment 3/5
2026-09-08T20:44:36.409+01:00 INFO : Filtering template 204/384 segment 4/5
2026-09-08T20:44:36.446+01:00 INFO : Filtering template 204/384 segment 5/5
2026-09-08T20:44:36.483+01:00 INFO : 1 points above threshold
2026-09-08T20:44:36.490+01:00 INFO : 204: generating IMRPhenomD from 30.0 Hz
2026-09-08T20:44:36.492+01:00 INFO : Decompressing waveform using inline_linear
2026-09-08T20:44:36.497+01:00 INFO : Filtering template 205/384 segment 1/5
2026-09-08T20:44:36.538+01:00 INFO : 2 points above threshold
2026-09-08T20:44:36.553+01:00 INFO : Filtering template 205/384 segment 2/5
2026-09-08T20:44:36.590+01:00 INFO : Filtering template 205/384 segment 3/5
2026-09-08T20:44:36.627+01:00 INFO : 1 points above threshold
2026-09-08T20:44:36.633+01:00 INFO : Filtering template 205/384 segment 4/5
2026-09-08T20:44:36.670+01:00 INFO : Filtering template 205/384 segment 5/5
2026-09-08T20:44:36.707+01:00 INFO : 2 points above threshold
2026-09-08T20:44:36.714+01:00 INFO : 205: generating IMRPhenomD from 30.0 Hz
2026-09-08T20:44:36.716+01:00 INFO : Decompressing waveform using inline_linear
2026-09-08T20:44:36.721+01:00 INFO : Filtering template 206/384 segment 1/5
2026-09-08T20:44:36.761+01:00 INFO : 2 points above threshold
2026-09-08T20:44:36.777+01:00 INFO : Filtering template 206/384 segment 2/5
2026-09-08T20:44:36.814+01:00 INFO : Filtering template 206/384 segment 3/5
2026-09-08T20:44:36.851+01:00 INFO : 2 points above threshold
2026-09-08T20:44:36.857+01:00 INFO : Filtering template 206/384 segment 4/5
2026-09-08T20:44:36.894+01:00 INFO : 4 points above threshold
2026-09-08T20:44:36.900+01:00 INFO : Filtering template 206/384 segment 5/5
2026-09-08T20:44:36.938+01:00 INFO : 206: generating IMRPhenomD from 30.0 Hz
2026-09-08T20:44:36.940+01:00 INFO : Decompressing waveform using inline_linear
2026-09-08T20:44:36.945+01:00 INFO : Filtering template 207/384 segment 1/5
2026-09-08T20:44:36.986+01:00 INFO : 3 points above threshold
2026-09-08T20:44:37.006+01:00 INFO : Filtering template 207/384 segment 2/5
2026-09-08T20:44:37.043+01:00 INFO : Filtering template 207/384 segment 3/5
2026-09-08T20:44:37.080+01:00 INFO : 1 points above threshold
2026-09-08T20:44:37.086+01:00 INFO : Filtering template 207/384 segment 4/5
2026-09-08T20:44:37.123+01:00 INFO : 3 points above threshold
2026-09-08T20:44:37.131+01:00 INFO : Filtering template 207/384 segment 5/5
2026-09-08T20:44:37.168+01:00 INFO : 207: generating IMRPhenomD from 30.0 Hz
2026-09-08T20:44:37.171+01:00 INFO : Decompressing waveform using inline_linear
2026-09-08T20:44:37.176+01:00 INFO : Filtering template 208/384 segment 1/5
2026-09-08T20:44:37.217+01:00 INFO : 2 points above threshold
2026-09-08T20:44:37.235+01:00 INFO : Filtering template 208/384 segment 2/5
2026-09-08T20:44:37.272+01:00 INFO : 1 points above threshold
2026-09-08T20:44:37.278+01:00 INFO : Filtering template 208/384 segment 3/5
2026-09-08T20:44:37.315+01:00 INFO : Filtering template 208/384 segment 4/5
2026-09-08T20:44:37.353+01:00 INFO : 3 points above threshold
2026-09-08T20:44:37.360+01:00 INFO : Filtering template 208/384 segment 5/5
2026-09-08T20:44:37.398+01:00 INFO : 1 points above threshold
2026-09-08T20:44:37.404+01:00 INFO : 208: generating IMRPhenomD from 30.0 Hz
2026-09-08T20:44:37.406+01:00 INFO : Decompressing waveform using inline_linear
2026-09-08T20:44:37.411+01:00 INFO : Filtering template 209/384 segment 1/5
2026-09-08T20:44:37.452+01:00 INFO : 2 points above threshold
2026-09-08T20:44:37.470+01:00 INFO : Filtering template 209/384 segment 2/5
2026-09-08T20:44:37.507+01:00 INFO : 1 points above threshold
2026-09-08T20:44:37.513+01:00 INFO : Filtering template 209/384 segment 3/5
2026-09-08T20:44:37.550+01:00 INFO : 3 points above threshold
2026-09-08T20:44:37.558+01:00 INFO : Filtering template 209/384 segment 4/5
2026-09-08T20:44:37.595+01:00 INFO : 1 points above threshold
2026-09-08T20:44:37.602+01:00 INFO : Filtering template 209/384 segment 5/5
2026-09-08T20:44:37.639+01:00 INFO : 1 points above threshold
2026-09-08T20:44:37.645+01:00 INFO : 209: generating IMRPhenomD from 30.0 Hz
2026-09-08T20:44:37.648+01:00 INFO : Decompressing waveform using inline_linear
2026-09-08T20:44:37.652+01:00 INFO : Filtering template 210/384 segment 1/5
2026-09-08T20:44:37.693+01:00 INFO : 2 points above threshold
2026-09-08T20:44:37.711+01:00 INFO : Filtering template 210/384 segment 2/5
2026-09-08T20:44:37.748+01:00 INFO : Filtering template 210/384 segment 3/5
2026-09-08T20:44:37.785+01:00 INFO : 1 points above threshold
2026-09-08T20:44:37.791+01:00 INFO : Filtering template 210/384 segment 4/5
2026-09-08T20:44:37.829+01:00 INFO : Filtering template 210/384 segment 5/5
2026-09-08T20:44:37.866+01:00 INFO : 210: generating IMRPhenomD from 30.0 Hz
2026-09-08T20:44:37.869+01:00 INFO : Decompressing waveform using inline_linear
2026-09-08T20:44:37.874+01:00 INFO : Filtering template 211/384 segment 1/5
2026-09-08T20:44:37.915+01:00 INFO : 1 points above threshold
2026-09-08T20:44:37.933+01:00 INFO : Filtering template 211/384 segment 2/5
2026-09-08T20:44:37.970+01:00 INFO : 1 points above threshold
2026-09-08T20:44:37.976+01:00 INFO : Filtering template 211/384 segment 3/5
2026-09-08T20:44:38.013+01:00 INFO : Filtering template 211/384 segment 4/5
2026-09-08T20:44:38.050+01:00 INFO : 2 points above threshold
2026-09-08T20:44:38.056+01:00 INFO : Filtering template 211/384 segment 5/5
2026-09-08T20:44:38.094+01:00 INFO : 1 points above threshold
2026-09-08T20:44:38.100+01:00 INFO : 211: generating IMRPhenomD from 30.0 Hz
2026-09-08T20:44:38.103+01:00 INFO : Decompressing waveform using inline_linear
2026-09-08T20:44:38.108+01:00 INFO : Filtering template 212/384 segment 1/5
2026-09-08T20:44:38.148+01:00 INFO : 1 points above threshold
2026-09-08T20:44:38.166+01:00 INFO : Filtering template 212/384 segment 2/5
2026-09-08T20:44:38.204+01:00 INFO : 1 points above threshold
2026-09-08T20:44:38.210+01:00 INFO : Filtering template 212/384 segment 3/5
2026-09-08T20:44:38.247+01:00 INFO : 1 points above threshold
2026-09-08T20:44:38.253+01:00 INFO : Filtering template 212/384 segment 4/5
2026-09-08T20:44:38.290+01:00 INFO : 1 points above threshold
2026-09-08T20:44:38.296+01:00 INFO : Filtering template 212/384 segment 5/5
2026-09-08T20:44:38.334+01:00 INFO : 212: generating IMRPhenomD from 30.0 Hz
2026-09-08T20:44:38.336+01:00 INFO : Decompressing waveform using inline_linear
2026-09-08T20:44:38.342+01:00 INFO : Filtering template 213/384 segment 1/5
2026-09-08T20:44:38.382+01:00 INFO : 2 points above threshold
2026-09-08T20:44:38.397+01:00 INFO : Filtering template 213/384 segment 2/5
2026-09-08T20:44:38.435+01:00 INFO : 2 points above threshold
2026-09-08T20:44:38.440+01:00 INFO : Filtering template 213/384 segment 3/5
2026-09-08T20:44:38.478+01:00 INFO : 1 points above threshold
2026-09-08T20:44:38.486+01:00 INFO : Filtering template 213/384 segment 4/5
2026-09-08T20:44:38.523+01:00 INFO : Filtering template 213/384 segment 5/5
2026-09-08T20:44:38.561+01:00 INFO : 213: generating IMRPhenomD from 30.0 Hz
2026-09-08T20:44:38.564+01:00 INFO : Decompressing waveform using inline_linear
2026-09-08T20:44:38.569+01:00 INFO : Filtering template 214/384 segment 1/5
2026-09-08T20:44:38.609+01:00 INFO : 1 points above threshold
2026-09-08T20:44:38.624+01:00 INFO : Filtering template 214/384 segment 2/5
2026-09-08T20:44:38.662+01:00 INFO : 1 points above threshold
2026-09-08T20:44:38.668+01:00 INFO : Filtering template 214/384 segment 3/5
2026-09-08T20:44:38.706+01:00 INFO : 1 points above threshold
2026-09-08T20:44:38.713+01:00 INFO : Filtering template 214/384 segment 4/5
2026-09-08T20:44:38.753+01:00 INFO : Filtering template 214/384 segment 5/5
2026-09-08T20:44:38.793+01:00 INFO : 214: generating IMRPhenomD from 30.0 Hz
2026-09-08T20:44:38.795+01:00 INFO : Decompressing waveform using inline_linear
2026-09-08T20:44:38.800+01:00 INFO : Filtering template 215/384 segment 1/5
2026-09-08T20:44:38.841+01:00 INFO : Filtering template 215/384 segment 2/5
2026-09-08T20:44:38.878+01:00 INFO : 2 points above threshold
2026-09-08T20:44:38.893+01:00 INFO : Filtering template 215/384 segment 3/5
2026-09-08T20:44:38.931+01:00 INFO : Filtering template 215/384 segment 4/5
2026-09-08T20:44:38.968+01:00 INFO : 1 points above threshold
2026-09-08T20:44:38.974+01:00 INFO : Filtering template 215/384 segment 5/5
2026-09-08T20:44:39.011+01:00 INFO : 1 points above threshold
2026-09-08T20:44:39.018+01:00 INFO : 215: generating IMRPhenomD from 30.0 Hz
2026-09-08T20:44:39.020+01:00 INFO : Decompressing waveform using inline_linear
2026-09-08T20:44:39.025+01:00 INFO : Filtering template 216/384 segment 1/5
2026-09-08T20:44:39.066+01:00 INFO : 1 points above threshold
2026-09-08T20:44:39.081+01:00 INFO : Filtering template 216/384 segment 2/5
2026-09-08T20:44:39.118+01:00 INFO : 1 points above threshold
2026-09-08T20:44:39.124+01:00 INFO : Filtering template 216/384 segment 3/5
2026-09-08T20:44:39.161+01:00 INFO : Filtering template 216/384 segment 4/5
2026-09-08T20:44:39.199+01:00 INFO : 3 points above threshold
2026-09-08T20:44:39.206+01:00 INFO : Filtering template 216/384 segment 5/5
2026-09-08T20:44:39.244+01:00 INFO : 216: generating IMRPhenomD from 30.0 Hz
2026-09-08T20:44:39.247+01:00 INFO : Decompressing waveform using inline_linear
2026-09-08T20:44:39.252+01:00 INFO : Filtering template 217/384 segment 1/5
2026-09-08T20:44:39.292+01:00 INFO : Filtering template 217/384 segment 2/5
2026-09-08T20:44:39.330+01:00 INFO : 1 points above threshold
2026-09-08T20:44:39.345+01:00 INFO : Filtering template 217/384 segment 3/5
2026-09-08T20:44:39.382+01:00 INFO : Filtering template 217/384 segment 4/5
2026-09-08T20:44:39.419+01:00 INFO : Filtering template 217/384 segment 5/5
2026-09-08T20:44:39.457+01:00 INFO : 217: generating IMRPhenomD from 30.0 Hz
2026-09-08T20:44:39.459+01:00 INFO : Decompressing waveform using inline_linear
2026-09-08T20:44:39.464+01:00 INFO : Filtering template 218/384 segment 1/5
2026-09-08T20:44:39.505+01:00 INFO : 2 points above threshold
2026-09-08T20:44:39.520+01:00 INFO : Filtering template 218/384 segment 2/5
2026-09-08T20:44:39.557+01:00 INFO : 2 points above threshold
2026-09-08T20:44:39.563+01:00 INFO : Filtering template 218/384 segment 3/5
2026-09-08T20:44:39.600+01:00 INFO : 2 points above threshold
2026-09-08T20:44:39.606+01:00 INFO : Filtering template 218/384 segment 4/5
2026-09-08T20:44:39.643+01:00 INFO : 2 points above threshold
2026-09-08T20:44:39.649+01:00 INFO : Filtering template 218/384 segment 5/5
2026-09-08T20:44:39.686+01:00 INFO : 1 points above threshold
2026-09-08T20:44:39.692+01:00 INFO : 218: generating IMRPhenomD from 30.0 Hz
2026-09-08T20:44:39.695+01:00 INFO : Decompressing waveform using inline_linear
2026-09-08T20:44:39.700+01:00 INFO : Filtering template 219/384 segment 1/5
2026-09-08T20:44:39.740+01:00 INFO : 2 points above threshold
2026-09-08T20:44:39.755+01:00 INFO : Filtering template 219/384 segment 2/5
2026-09-08T20:44:39.793+01:00 INFO : 1 points above threshold
2026-09-08T20:44:39.799+01:00 INFO : Filtering template 219/384 segment 3/5
2026-09-08T20:44:39.836+01:00 INFO : Filtering template 219/384 segment 4/5
2026-09-08T20:44:39.873+01:00 INFO : 1 points above threshold
2026-09-08T20:44:39.879+01:00 INFO : Filtering template 219/384 segment 5/5
2026-09-08T20:44:39.916+01:00 INFO : 219: generating IMRPhenomD from 30.0 Hz
2026-09-08T20:44:39.919+01:00 INFO : Decompressing waveform using inline_linear
2026-09-08T20:44:39.924+01:00 INFO : Filtering template 220/384 segment 1/5
2026-09-08T20:44:39.964+01:00 INFO : 3 points above threshold
2026-09-08T20:44:39.982+01:00 INFO : Filtering template 220/384 segment 2/5
2026-09-08T20:44:40.019+01:00 INFO : 2 points above threshold
2026-09-08T20:44:40.025+01:00 INFO : Filtering template 220/384 segment 3/5
2026-09-08T20:44:40.062+01:00 INFO : 3 points above threshold
2026-09-08T20:44:40.070+01:00 INFO : Filtering template 220/384 segment 4/5
2026-09-08T20:44:40.107+01:00 INFO : 2 points above threshold
2026-09-08T20:44:40.113+01:00 INFO : Filtering template 220/384 segment 5/5
2026-09-08T20:44:40.151+01:00 INFO : 220: generating IMRPhenomD from 30.0 Hz
2026-09-08T20:44:40.154+01:00 INFO : Decompressing waveform using inline_linear
2026-09-08T20:44:40.159+01:00 INFO : Filtering template 221/384 segment 1/5
2026-09-08T20:44:40.199+01:00 INFO : 1 points above threshold
2026-09-08T20:44:40.215+01:00 INFO : Filtering template 221/384 segment 2/5
2026-09-08T20:44:40.252+01:00 INFO : 1 points above threshold
2026-09-08T20:44:40.260+01:00 INFO : Filtering template 221/384 segment 3/5
2026-09-08T20:44:40.298+01:00 INFO : 1 points above threshold
2026-09-08T20:44:40.306+01:00 INFO : Filtering template 221/384 segment 4/5
2026-09-08T20:44:40.344+01:00 INFO : Filtering template 221/384 segment 5/5
2026-09-08T20:44:40.381+01:00 INFO : 2 points above threshold
2026-09-08T20:44:40.390+01:00 INFO : 221: generating IMRPhenomD from 30.0 Hz
2026-09-08T20:44:40.392+01:00 INFO : Decompressing waveform using inline_linear
2026-09-08T20:44:40.397+01:00 INFO : Filtering template 222/384 segment 1/5
2026-09-08T20:44:40.438+01:00 INFO : Filtering template 222/384 segment 2/5
2026-09-08T20:44:40.475+01:00 INFO : 2 points above threshold
2026-09-08T20:44:40.490+01:00 INFO : Filtering template 222/384 segment 3/5
2026-09-08T20:44:40.528+01:00 INFO : 1 points above threshold
2026-09-08T20:44:40.534+01:00 INFO : Filtering template 222/384 segment 4/5
2026-09-08T20:44:40.571+01:00 INFO : Filtering template 222/384 segment 5/5
2026-09-08T20:44:40.608+01:00 INFO : 222: generating IMRPhenomD from 30.0 Hz
2026-09-08T20:44:40.611+01:00 INFO : Decompressing waveform using inline_linear
2026-09-08T20:44:40.616+01:00 INFO : Filtering template 223/384 segment 1/5
2026-09-08T20:44:40.657+01:00 INFO : 1 points above threshold
2026-09-08T20:44:40.672+01:00 INFO : Filtering template 223/384 segment 2/5
2026-09-08T20:44:40.709+01:00 INFO : Filtering template 223/384 segment 3/5
2026-09-08T20:44:40.746+01:00 INFO : 5 points above threshold
2026-09-08T20:44:40.754+01:00 INFO : Filtering template 223/384 segment 4/5
2026-09-08T20:44:40.792+01:00 INFO : Filtering template 223/384 segment 5/5
2026-09-08T20:44:40.829+01:00 INFO : 223: generating IMRPhenomD from 30.0 Hz
2026-09-08T20:44:40.832+01:00 INFO : Decompressing waveform using inline_linear
2026-09-08T20:44:40.837+01:00 INFO : Filtering template 224/384 segment 1/5
2026-09-08T20:44:40.877+01:00 INFO : 1 points above threshold
2026-09-08T20:44:40.893+01:00 INFO : Filtering template 224/384 segment 2/5
2026-09-08T20:44:40.930+01:00 INFO : 2 points above threshold
2026-09-08T20:44:40.936+01:00 INFO : Filtering template 224/384 segment 3/5
2026-09-08T20:44:40.973+01:00 INFO : 1 points above threshold
2026-09-08T20:44:40.979+01:00 INFO : Filtering template 224/384 segment 4/5
2026-09-08T20:44:41.016+01:00 INFO : 2 points above threshold
2026-09-08T20:44:41.022+01:00 INFO : Filtering template 224/384 segment 5/5
2026-09-08T20:44:41.060+01:00 INFO : 224: generating IMRPhenomD from 30.0 Hz
2026-09-08T20:44:41.063+01:00 INFO : Decompressing waveform using inline_linear
2026-09-08T20:44:41.067+01:00 INFO : Filtering template 225/384 segment 1/5
2026-09-08T20:44:41.108+01:00 INFO : 1 points above threshold
2026-09-08T20:44:41.124+01:00 INFO : Filtering template 225/384 segment 2/5
2026-09-08T20:44:41.161+01:00 INFO : Filtering template 225/384 segment 3/5
2026-09-08T20:44:41.198+01:00 INFO : Filtering template 225/384 segment 4/5
2026-09-08T20:44:41.235+01:00 INFO : 1 points above threshold
2026-09-08T20:44:41.241+01:00 INFO : Filtering template 225/384 segment 5/5
2026-09-08T20:44:41.278+01:00 INFO : 1 points above threshold
2026-09-08T20:44:41.285+01:00 INFO : 225: generating IMRPhenomD from 30.0 Hz
2026-09-08T20:44:41.287+01:00 INFO : Decompressing waveform using inline_linear
2026-09-08T20:44:41.292+01:00 INFO : Filtering template 226/384 segment 1/5
2026-09-08T20:44:41.333+01:00 INFO : 1 points above threshold
2026-09-08T20:44:41.348+01:00 INFO : Filtering template 226/384 segment 2/5
2026-09-08T20:44:41.385+01:00 INFO : Filtering template 226/384 segment 3/5
2026-09-08T20:44:41.422+01:00 INFO : Filtering template 226/384 segment 4/5
2026-09-08T20:44:41.460+01:00 INFO : 2 points above threshold
2026-09-08T20:44:41.465+01:00 INFO : Filtering template 226/384 segment 5/5
2026-09-08T20:44:41.502+01:00 INFO : 1 points above threshold
2026-09-08T20:44:41.509+01:00 INFO : 226: generating IMRPhenomD from 30.0 Hz
2026-09-08T20:44:41.511+01:00 INFO : Decompressing waveform using inline_linear
2026-09-08T20:44:41.516+01:00 INFO : Filtering template 227/384 segment 1/5
2026-09-08T20:44:41.557+01:00 INFO : Filtering template 227/384 segment 2/5
2026-09-08T20:44:41.594+01:00 INFO : Filtering template 227/384 segment 3/5
2026-09-08T20:44:41.631+01:00 INFO : 3 points above threshold
2026-09-08T20:44:41.648+01:00 INFO : Filtering template 227/384 segment 4/5
2026-09-08T20:44:41.686+01:00 INFO : 2 points above threshold
2026-09-08T20:44:41.691+01:00 INFO : Filtering template 227/384 segment 5/5
2026-09-08T20:44:41.728+01:00 INFO : 4 points above threshold
2026-09-08T20:44:41.735+01:00 INFO : 227: generating IMRPhenomD from 30.0 Hz
2026-09-08T20:44:41.737+01:00 INFO : Decompressing waveform using inline_linear
2026-09-08T20:44:41.742+01:00 INFO : Filtering template 228/384 segment 1/5
2026-09-08T20:44:41.783+01:00 INFO : 4 points above threshold
2026-09-08T20:44:41.798+01:00 INFO : Filtering template 228/384 segment 2/5
2026-09-08T20:44:41.835+01:00 INFO : 1 points above threshold
2026-09-08T20:44:41.841+01:00 INFO : Filtering template 228/384 segment 3/5
2026-09-08T20:44:41.878+01:00 INFO : Filtering template 228/384 segment 4/5
2026-09-08T20:44:41.916+01:00 INFO : 3 points above threshold
2026-09-08T20:44:41.924+01:00 INFO : Filtering template 228/384 segment 5/5
2026-09-08T20:44:41.961+01:00 INFO : 3 points above threshold
2026-09-08T20:44:41.969+01:00 INFO : 228: generating IMRPhenomD from 30.0 Hz
2026-09-08T20:44:41.972+01:00 INFO : Decompressing waveform using inline_linear
2026-09-08T20:44:41.977+01:00 INFO : Filtering template 229/384 segment 1/5
2026-09-08T20:44:42.017+01:00 INFO : Filtering template 229/384 segment 2/5
2026-09-08T20:44:42.055+01:00 INFO : Filtering template 229/384 segment 3/5
2026-09-08T20:44:42.092+01:00 INFO : 1 points above threshold
2026-09-08T20:44:42.110+01:00 INFO : Filtering template 229/384 segment 4/5
2026-09-08T20:44:42.147+01:00 INFO : Filtering template 229/384 segment 5/5
2026-09-08T20:44:42.184+01:00 INFO : 4 points above threshold
2026-09-08T20:44:42.191+01:00 INFO : 229: generating IMRPhenomD from 30.0 Hz
2026-09-08T20:44:42.193+01:00 INFO : Decompressing waveform using inline_linear
2026-09-08T20:44:42.198+01:00 INFO : Filtering template 230/384 segment 1/5
2026-09-08T20:44:42.239+01:00 INFO : 1 points above threshold
2026-09-08T20:44:42.254+01:00 INFO : Filtering template 230/384 segment 2/5
2026-09-08T20:44:42.291+01:00 INFO : Filtering template 230/384 segment 3/5
2026-09-08T20:44:42.328+01:00 INFO : 3 points above threshold
2026-09-08T20:44:42.336+01:00 INFO : Filtering template 230/384 segment 4/5
2026-09-08T20:44:42.373+01:00 INFO : 3 points above threshold
2026-09-08T20:44:42.381+01:00 INFO : Filtering template 230/384 segment 5/5
2026-09-08T20:44:42.418+01:00 INFO : 1 points above threshold
2026-09-08T20:44:42.424+01:00 INFO : 230: generating IMRPhenomD from 30.0 Hz
2026-09-08T20:44:42.426+01:00 INFO : Decompressing waveform using inline_linear
2026-09-08T20:44:42.431+01:00 INFO : Filtering template 231/384 segment 1/5
2026-09-08T20:44:42.472+01:00 INFO : 2 points above threshold
2026-09-08T20:44:42.487+01:00 INFO : Filtering template 231/384 segment 2/5
2026-09-08T20:44:42.524+01:00 INFO : 1 points above threshold
2026-09-08T20:44:42.530+01:00 INFO : Filtering template 231/384 segment 3/5
2026-09-08T20:44:42.567+01:00 INFO : 1 points above threshold
2026-09-08T20:44:42.573+01:00 INFO : Filtering template 231/384 segment 4/5
2026-09-08T20:44:42.610+01:00 INFO : 1 points above threshold
2026-09-08T20:44:42.616+01:00 INFO : Filtering template 231/384 segment 5/5
2026-09-08T20:44:42.654+01:00 INFO : 231: generating IMRPhenomD from 30.0 Hz
2026-09-08T20:44:42.656+01:00 INFO : Decompressing waveform using inline_linear
2026-09-08T20:44:42.661+01:00 INFO : Filtering template 232/384 segment 1/5
2026-09-08T20:44:42.702+01:00 INFO : 2 points above threshold
2026-09-08T20:44:42.717+01:00 INFO : Filtering template 232/384 segment 2/5
2026-09-08T20:44:42.754+01:00 INFO : 2 points above threshold
2026-09-08T20:44:42.761+01:00 INFO : Filtering template 232/384 segment 3/5
2026-09-08T20:44:42.798+01:00 INFO : 2 points above threshold
2026-09-08T20:44:42.804+01:00 INFO : Filtering template 232/384 segment 4/5
2026-09-08T20:44:42.841+01:00 INFO : 2 points above threshold
2026-09-08T20:44:42.846+01:00 INFO : Filtering template 232/384 segment 5/5
2026-09-08T20:44:42.883+01:00 INFO : 1 points above threshold
2026-09-08T20:44:42.890+01:00 INFO : 232: generating IMRPhenomD from 30.0 Hz
2026-09-08T20:44:42.892+01:00 INFO : Decompressing waveform using inline_linear
2026-09-08T20:44:42.897+01:00 INFO : Filtering template 233/384 segment 1/5
2026-09-08T20:44:42.938+01:00 INFO : Filtering template 233/384 segment 2/5
2026-09-08T20:44:42.976+01:00 INFO : 1 points above threshold
2026-09-08T20:44:42.991+01:00 INFO : Filtering template 233/384 segment 3/5
2026-09-08T20:44:43.028+01:00 INFO : Filtering template 233/384 segment 4/5
2026-09-08T20:44:43.066+01:00 INFO : 1 points above threshold
2026-09-08T20:44:43.072+01:00 INFO : Filtering template 233/384 segment 5/5
2026-09-08T20:44:43.109+01:00 INFO : 233: generating IMRPhenomD from 30.0 Hz
2026-09-08T20:44:43.112+01:00 INFO : Decompressing waveform using inline_linear
2026-09-08T20:44:43.117+01:00 INFO : Filtering template 234/384 segment 1/5
2026-09-08T20:44:43.157+01:00 INFO : 2 points above threshold
2026-09-08T20:44:43.172+01:00 INFO : Filtering template 234/384 segment 2/5
2026-09-08T20:44:43.210+01:00 INFO : 1 points above threshold
2026-09-08T20:44:43.216+01:00 INFO : Filtering template 234/384 segment 3/5
2026-09-08T20:44:43.253+01:00 INFO : 1 points above threshold
2026-09-08T20:44:43.259+01:00 INFO : Filtering template 234/384 segment 4/5
2026-09-08T20:44:43.296+01:00 INFO : 1 points above threshold
2026-09-08T20:44:43.302+01:00 INFO : Filtering template 234/384 segment 5/5
2026-09-08T20:44:43.339+01:00 INFO : 1 points above threshold
2026-09-08T20:44:43.345+01:00 INFO : 234: generating IMRPhenomD from 30.0 Hz
2026-09-08T20:44:43.348+01:00 INFO : Decompressing waveform using inline_linear
2026-09-08T20:44:43.353+01:00 INFO : Filtering template 235/384 segment 1/5
2026-09-08T20:44:43.393+01:00 INFO : Filtering template 235/384 segment 2/5
2026-09-08T20:44:43.430+01:00 INFO : 2 points above threshold
2026-09-08T20:44:43.446+01:00 INFO : Filtering template 235/384 segment 3/5
2026-09-08T20:44:43.483+01:00 INFO : Filtering template 235/384 segment 4/5
2026-09-08T20:44:43.520+01:00 INFO : 1 points above threshold
2026-09-08T20:44:43.526+01:00 INFO : Filtering template 235/384 segment 5/5
2026-09-08T20:44:43.564+01:00 INFO : 235: generating IMRPhenomD from 30.0 Hz
2026-09-08T20:44:43.566+01:00 INFO : Decompressing waveform using inline_linear
2026-09-08T20:44:43.571+01:00 INFO : Filtering template 236/384 segment 1/5
2026-09-08T20:44:43.612+01:00 INFO : 1 points above threshold
2026-09-08T20:44:43.627+01:00 INFO : Filtering template 236/384 segment 2/5
2026-09-08T20:44:43.664+01:00 INFO : 2 points above threshold
2026-09-08T20:44:43.670+01:00 INFO : Filtering template 236/384 segment 3/5
2026-09-08T20:44:43.707+01:00 INFO : Filtering template 236/384 segment 4/5
2026-09-08T20:44:43.744+01:00 INFO : 1 points above threshold
2026-09-08T20:44:43.750+01:00 INFO : Filtering template 236/384 segment 5/5
2026-09-08T20:44:43.788+01:00 INFO : 1 points above threshold
2026-09-08T20:44:43.794+01:00 INFO : 236: generating IMRPhenomD from 30.0 Hz
2026-09-08T20:44:43.797+01:00 INFO : Decompressing waveform using inline_linear
2026-09-08T20:44:43.802+01:00 INFO : Filtering template 237/384 segment 1/5
2026-09-08T20:44:43.845+01:00 INFO : Filtering template 237/384 segment 2/5
2026-09-08T20:44:43.885+01:00 INFO : 1 points above threshold
2026-09-08T20:44:43.901+01:00 INFO : Filtering template 237/384 segment 3/5
2026-09-08T20:44:43.938+01:00 INFO : 1 points above threshold
2026-09-08T20:44:43.944+01:00 INFO : Filtering template 237/384 segment 4/5
2026-09-08T20:44:43.981+01:00 INFO : 1 points above threshold
2026-09-08T20:44:43.987+01:00 INFO : Filtering template 237/384 segment 5/5
2026-09-08T20:44:44.025+01:00 INFO : 237: generating IMRPhenomD from 30.0 Hz
2026-09-08T20:44:44.027+01:00 INFO : Decompressing waveform using inline_linear
2026-09-08T20:44:44.032+01:00 INFO : Filtering template 238/384 segment 1/5
2026-09-08T20:44:44.073+01:00 INFO : Filtering template 238/384 segment 2/5
2026-09-08T20:44:44.110+01:00 INFO : 2 points above threshold
2026-09-08T20:44:44.125+01:00 INFO : Filtering template 238/384 segment 3/5
2026-09-08T20:44:44.163+01:00 INFO : 1 points above threshold
2026-09-08T20:44:44.169+01:00 INFO : Filtering template 238/384 segment 4/5
2026-09-08T20:44:44.206+01:00 INFO : Filtering template 238/384 segment 5/5
2026-09-08T20:44:44.243+01:00 INFO : 2 points above threshold
2026-09-08T20:44:44.259+01:00 INFO : 238: generating IMRPhenomD from 30.0 Hz
2026-09-08T20:44:44.262+01:00 INFO : Decompressing waveform using inline_linear
2026-09-08T20:44:44.267+01:00 INFO : Filtering template 239/384 segment 1/5
2026-09-08T20:44:44.307+01:00 INFO : Filtering template 239/384 segment 2/5
2026-09-08T20:44:44.344+01:00 INFO : Filtering template 239/384 segment 3/5
2026-09-08T20:44:44.381+01:00 INFO : 2 points above threshold
2026-09-08T20:44:44.397+01:00 INFO : Filtering template 239/384 segment 4/5
2026-09-08T20:44:44.434+01:00 INFO : 1 points above threshold
2026-09-08T20:44:44.440+01:00 INFO : Filtering template 239/384 segment 5/5
2026-09-08T20:44:44.477+01:00 INFO : 239: generating IMRPhenomD from 30.0 Hz
2026-09-08T20:44:44.480+01:00 INFO : Decompressing waveform using inline_linear
2026-09-08T20:44:44.485+01:00 INFO : Filtering template 240/384 segment 1/5
2026-09-08T20:44:44.525+01:00 INFO : 1 points above threshold
2026-09-08T20:44:44.540+01:00 INFO : Filtering template 240/384 segment 2/5
2026-09-08T20:44:44.577+01:00 INFO : 1 points above threshold
2026-09-08T20:44:44.583+01:00 INFO : Filtering template 240/384 segment 3/5
2026-09-08T20:44:44.621+01:00 INFO : 2 points above threshold
2026-09-08T20:44:44.626+01:00 INFO : Filtering template 240/384 segment 4/5
2026-09-08T20:44:44.663+01:00 INFO : Filtering template 240/384 segment 5/5
2026-09-08T20:44:44.701+01:00 INFO : 240: generating IMRPhenomD from 30.0 Hz
2026-09-08T20:44:44.703+01:00 INFO : Decompressing waveform using inline_linear
2026-09-08T20:44:44.708+01:00 INFO : Filtering template 241/384 segment 1/5
2026-09-08T20:44:44.749+01:00 INFO : 1 points above threshold
2026-09-08T20:44:44.764+01:00 INFO : Filtering template 241/384 segment 2/5
2026-09-08T20:44:44.802+01:00 INFO : 2 points above threshold
2026-09-08T20:44:44.807+01:00 INFO : Filtering template 241/384 segment 3/5
2026-09-08T20:44:44.844+01:00 INFO : 1 points above threshold
2026-09-08T20:44:44.850+01:00 INFO : Filtering template 241/384 segment 4/5
2026-09-08T20:44:44.887+01:00 INFO : 1 points above threshold
2026-09-08T20:44:44.893+01:00 INFO : Filtering template 241/384 segment 5/5
2026-09-08T20:44:44.931+01:00 INFO : 241: generating IMRPhenomD from 30.0 Hz
2026-09-08T20:44:44.933+01:00 INFO : Decompressing waveform using inline_linear
2026-09-08T20:44:44.938+01:00 INFO : Filtering template 242/384 segment 1/5
2026-09-08T20:44:44.979+01:00 INFO : 1 points above threshold
2026-09-08T20:44:44.994+01:00 INFO : Filtering template 242/384 segment 2/5
2026-09-08T20:44:45.037+01:00 INFO : Filtering template 242/384 segment 3/5
2026-09-08T20:44:45.094+01:00 INFO : 1 points above threshold
2026-09-08T20:44:45.101+01:00 INFO : Filtering template 242/384 segment 4/5
2026-09-08T20:44:45.156+01:00 INFO : Filtering template 242/384 segment 5/5
2026-09-08T20:44:45.203+01:00 INFO : 1 points above threshold
2026-09-08T20:44:45.209+01:00 INFO : 242: generating IMRPhenomD from 30.0 Hz
2026-09-08T20:44:45.212+01:00 INFO : Decompressing waveform using inline_linear
2026-09-08T20:44:45.217+01:00 INFO : Filtering template 243/384 segment 1/5
2026-09-08T20:44:45.257+01:00 INFO : 1 points above threshold
2026-09-08T20:44:45.272+01:00 INFO : Filtering template 243/384 segment 2/5
2026-09-08T20:44:45.310+01:00 INFO : 1 points above threshold
2026-09-08T20:44:45.316+01:00 INFO : Filtering template 243/384 segment 3/5
2026-09-08T20:44:45.353+01:00 INFO : 2 points above threshold
2026-09-08T20:44:45.358+01:00 INFO : Filtering template 243/384 segment 4/5
2026-09-08T20:44:45.396+01:00 INFO : 1 points above threshold
2026-09-08T20:44:45.401+01:00 INFO : Filtering template 243/384 segment 5/5
2026-09-08T20:44:45.438+01:00 INFO : 1 points above threshold
2026-09-08T20:44:45.445+01:00 INFO : 243: generating IMRPhenomD from 30.0 Hz
2026-09-08T20:44:45.447+01:00 INFO : Decompressing waveform using inline_linear
2026-09-08T20:44:45.452+01:00 INFO : Filtering template 244/384 segment 1/5
2026-09-08T20:44:45.493+01:00 INFO : 1 points above threshold
2026-09-08T20:44:45.508+01:00 INFO : Filtering template 244/384 segment 2/5
2026-09-08T20:44:45.545+01:00 INFO : 3 points above threshold
2026-09-08T20:44:45.553+01:00 INFO : Filtering template 244/384 segment 3/5
2026-09-08T20:44:45.590+01:00 INFO : 3 points above threshold
2026-09-08T20:44:45.598+01:00 INFO : Filtering template 244/384 segment 4/5
2026-09-08T20:44:45.635+01:00 INFO : 1 points above threshold
2026-09-08T20:44:45.641+01:00 INFO : Filtering template 244/384 segment 5/5
2026-09-08T20:44:45.678+01:00 INFO : 1 points above threshold
2026-09-08T20:44:45.684+01:00 INFO : 244: generating IMRPhenomD from 30.0 Hz
2026-09-08T20:44:45.686+01:00 INFO : Decompressing waveform using inline_linear
2026-09-08T20:44:45.691+01:00 INFO : Filtering template 245/384 segment 1/5
2026-09-08T20:44:45.732+01:00 INFO : Filtering template 245/384 segment 2/5
2026-09-08T20:44:45.769+01:00 INFO : 2 points above threshold
2026-09-08T20:44:45.784+01:00 INFO : Filtering template 245/384 segment 3/5
2026-09-08T20:44:45.821+01:00 INFO : 2 points above threshold
2026-09-08T20:44:45.827+01:00 INFO : Filtering template 245/384 segment 4/5
2026-09-08T20:44:45.864+01:00 INFO : 1 points above threshold
2026-09-08T20:44:45.870+01:00 INFO : Filtering template 245/384 segment 5/5
2026-09-08T20:44:45.908+01:00 INFO : 245: generating IMRPhenomD from 30.0 Hz
2026-09-08T20:44:45.910+01:00 INFO : Decompressing waveform using inline_linear
2026-09-08T20:44:45.915+01:00 INFO : Filtering template 246/384 segment 1/5
2026-09-08T20:44:45.956+01:00 INFO : Filtering template 246/384 segment 2/5
2026-09-08T20:44:45.993+01:00 INFO : Filtering template 246/384 segment 3/5
2026-09-08T20:44:46.031+01:00 INFO : 1 points above threshold
2026-09-08T20:44:46.046+01:00 INFO : Filtering template 246/384 segment 4/5
2026-09-08T20:44:46.083+01:00 INFO : Filtering template 246/384 segment 5/5
2026-09-08T20:44:46.120+01:00 INFO : 246: generating IMRPhenomD from 30.0 Hz
2026-09-08T20:44:46.123+01:00 INFO : Decompressing waveform using inline_linear
2026-09-08T20:44:46.128+01:00 INFO : Filtering template 247/384 segment 1/5
2026-09-08T20:44:46.168+01:00 INFO : Filtering template 247/384 segment 2/5
2026-09-08T20:44:46.206+01:00 INFO : Filtering template 247/384 segment 3/5
2026-09-08T20:44:46.243+01:00 INFO : Filtering template 247/384 segment 4/5
2026-09-08T20:44:46.281+01:00 INFO : Filtering template 247/384 segment 5/5
2026-09-08T20:44:46.319+01:00 INFO : 247: generating IMRPhenomD from 30.0 Hz
2026-09-08T20:44:46.321+01:00 INFO : Decompressing waveform using inline_linear
2026-09-08T20:44:46.326+01:00 INFO : Filtering template 248/384 segment 1/5
2026-09-08T20:44:46.367+01:00 INFO : 2 points above threshold
2026-09-08T20:44:46.383+01:00 INFO : Filtering template 248/384 segment 2/5
2026-09-08T20:44:46.421+01:00 INFO : 1 points above threshold
2026-09-08T20:44:46.427+01:00 INFO : Filtering template 248/384 segment 3/5
2026-09-08T20:44:46.464+01:00 INFO : 2 points above threshold
2026-09-08T20:44:46.470+01:00 INFO : Filtering template 248/384 segment 4/5
2026-09-08T20:44:46.508+01:00 INFO : Filtering template 248/384 segment 5/5
2026-09-08T20:44:46.546+01:00 INFO : 248: generating IMRPhenomD from 30.0 Hz
2026-09-08T20:44:46.548+01:00 INFO : Decompressing waveform using inline_linear
2026-09-08T20:44:46.553+01:00 INFO : Filtering template 249/384 segment 1/5
2026-09-08T20:44:46.594+01:00 INFO : 1 points above threshold
2026-09-08T20:44:46.609+01:00 INFO : Filtering template 249/384 segment 2/5
2026-09-08T20:44:46.647+01:00 INFO : 1 points above threshold
2026-09-08T20:44:46.653+01:00 INFO : Filtering template 249/384 segment 3/5
2026-09-08T20:44:46.690+01:00 INFO : 2 points above threshold
2026-09-08T20:44:46.696+01:00 INFO : Filtering template 249/384 segment 4/5
2026-09-08T20:44:46.734+01:00 INFO : 2 points above threshold
2026-09-08T20:44:46.739+01:00 INFO : Filtering template 249/384 segment 5/5
2026-09-08T20:44:46.777+01:00 INFO : 1 points above threshold
2026-09-08T20:44:46.783+01:00 INFO : 249: generating IMRPhenomD from 30.0 Hz
2026-09-08T20:44:46.785+01:00 INFO : Decompressing waveform using inline_linear
2026-09-08T20:44:46.790+01:00 INFO : Filtering template 250/384 segment 1/5
2026-09-08T20:44:46.831+01:00 INFO : Filtering template 250/384 segment 2/5
2026-09-08T20:44:46.868+01:00 INFO : 1 points above threshold
2026-09-08T20:44:46.887+01:00 INFO : Filtering template 250/384 segment 3/5
2026-09-08T20:44:46.924+01:00 INFO : 2 points above threshold
2026-09-08T20:44:46.930+01:00 INFO : Filtering template 250/384 segment 4/5
2026-09-08T20:44:46.967+01:00 INFO : 2 points above threshold
2026-09-08T20:44:46.973+01:00 INFO : Filtering template 250/384 segment 5/5
2026-09-08T20:44:47.011+01:00 INFO : 250: generating IMRPhenomD from 30.0 Hz
2026-09-08T20:44:47.014+01:00 INFO : Decompressing waveform using inline_linear
2026-09-08T20:44:47.019+01:00 INFO : Filtering template 251/384 segment 1/5
2026-09-08T20:44:47.060+01:00 INFO : 3 points above threshold
2026-09-08T20:44:47.080+01:00 INFO : Filtering template 251/384 segment 2/5
2026-09-08T20:44:47.118+01:00 INFO : Filtering template 251/384 segment 3/5
2026-09-08T20:44:47.155+01:00 INFO : Filtering template 251/384 segment 4/5
2026-09-08T20:44:47.192+01:00 INFO : 2 points above threshold
2026-09-08T20:44:47.198+01:00 INFO : Filtering template 251/384 segment 5/5
2026-09-08T20:44:47.236+01:00 INFO : 1 points above threshold
2026-09-08T20:44:47.242+01:00 INFO : 251: generating IMRPhenomD from 30.0 Hz
2026-09-08T20:44:47.245+01:00 INFO : Decompressing waveform using inline_linear
2026-09-08T20:44:47.249+01:00 INFO : Filtering template 252/384 segment 1/5
2026-09-08T20:44:47.290+01:00 INFO : 3 points above threshold
2026-09-08T20:44:47.311+01:00 INFO : Filtering template 252/384 segment 2/5
2026-09-08T20:44:47.348+01:00 INFO : 2 points above threshold
2026-09-08T20:44:47.354+01:00 INFO : Filtering template 252/384 segment 3/5
2026-09-08T20:44:47.391+01:00 INFO : 3 points above threshold
2026-09-08T20:44:47.399+01:00 INFO : Filtering template 252/384 segment 4/5
2026-09-08T20:44:47.436+01:00 INFO : 3 points above threshold
2026-09-08T20:44:47.444+01:00 INFO : Filtering template 252/384 segment 5/5
2026-09-08T20:44:47.482+01:00 INFO : 252: generating IMRPhenomD from 30.0 Hz
2026-09-08T20:44:47.484+01:00 INFO : Decompressing waveform using inline_linear
2026-09-08T20:44:47.490+01:00 INFO : Filtering template 253/384 segment 1/5
2026-09-08T20:44:47.531+01:00 INFO : 4 points above threshold
2026-09-08T20:44:47.549+01:00 INFO : Filtering template 253/384 segment 2/5
2026-09-08T20:44:47.586+01:00 INFO : Filtering template 253/384 segment 3/5
2026-09-08T20:44:47.623+01:00 INFO : 1 points above threshold
2026-09-08T20:44:47.629+01:00 INFO : Filtering template 253/384 segment 4/5
2026-09-08T20:44:47.667+01:00 INFO : 2 points above threshold
2026-09-08T20:44:47.673+01:00 INFO : Filtering template 253/384 segment 5/5
2026-09-08T20:44:47.711+01:00 INFO : 253: generating IMRPhenomD from 30.0 Hz
2026-09-08T20:44:47.713+01:00 INFO : Decompressing waveform using inline_linear
2026-09-08T20:44:47.718+01:00 INFO : Filtering template 254/384 segment 1/5
2026-09-08T20:44:47.759+01:00 INFO : 3 points above threshold
2026-09-08T20:44:47.777+01:00 INFO : Filtering template 254/384 segment 2/5
2026-09-08T20:44:47.814+01:00 INFO : 2 points above threshold
2026-09-08T20:44:47.820+01:00 INFO : Filtering template 254/384 segment 3/5
2026-09-08T20:44:47.857+01:00 INFO : 2 points above threshold
2026-09-08T20:44:47.863+01:00 INFO : Filtering template 254/384 segment 4/5
2026-09-08T20:44:47.901+01:00 INFO : 4 points above threshold
2026-09-08T20:44:47.907+01:00 INFO : Filtering template 254/384 segment 5/5
2026-09-08T20:44:47.944+01:00 INFO : 1 points above threshold
2026-09-08T20:44:47.951+01:00 INFO : 254: generating IMRPhenomD from 30.0 Hz
2026-09-08T20:44:47.953+01:00 INFO : Decompressing waveform using inline_linear
2026-09-08T20:44:47.958+01:00 INFO : Filtering template 255/384 segment 1/5
2026-09-08T20:44:47.999+01:00 INFO : 3 points above threshold
2026-09-08T20:44:48.016+01:00 INFO : Filtering template 255/384 segment 2/5
2026-09-08T20:44:48.054+01:00 INFO : 3 points above threshold
2026-09-08T20:44:48.062+01:00 INFO : Filtering template 255/384 segment 3/5
2026-09-08T20:44:48.100+01:00 INFO : Filtering template 255/384 segment 4/5
2026-09-08T20:44:48.137+01:00 INFO : Filtering template 255/384 segment 5/5
2026-09-08T20:44:48.174+01:00 INFO : 1 points above threshold
2026-09-08T20:44:48.181+01:00 INFO : 255: generating IMRPhenomD from 30.0 Hz
2026-09-08T20:44:48.183+01:00 INFO : Decompressing waveform using inline_linear
2026-09-08T20:44:48.188+01:00 INFO : Filtering template 256/384 segment 1/5
2026-09-08T20:44:48.229+01:00 INFO : 2 points above threshold
2026-09-08T20:44:48.244+01:00 INFO : Filtering template 256/384 segment 2/5
2026-09-08T20:44:48.282+01:00 INFO : 1 points above threshold
2026-09-08T20:44:48.287+01:00 INFO : Filtering template 256/384 segment 3/5
2026-09-08T20:44:48.325+01:00 INFO : 1 points above threshold
2026-09-08T20:44:48.331+01:00 INFO : Filtering template 256/384 segment 4/5
2026-09-08T20:44:48.368+01:00 INFO : 1 points above threshold
2026-09-08T20:44:48.374+01:00 INFO : Filtering template 256/384 segment 5/5
2026-09-08T20:44:48.412+01:00 INFO : 256: generating IMRPhenomD from 30.0 Hz
2026-09-08T20:44:48.415+01:00 INFO : Decompressing waveform using inline_linear
2026-09-08T20:44:48.420+01:00 INFO : Filtering template 257/384 segment 1/5
2026-09-08T20:44:48.461+01:00 INFO : 2 points above threshold
2026-09-08T20:44:48.476+01:00 INFO : Filtering template 257/384 segment 2/5
2026-09-08T20:44:48.513+01:00 INFO : 2 points above threshold
2026-09-08T20:44:48.519+01:00 INFO : Filtering template 257/384 segment 3/5
2026-09-08T20:44:48.557+01:00 INFO : 1 points above threshold
2026-09-08T20:44:48.562+01:00 INFO : Filtering template 257/384 segment 4/5
2026-09-08T20:44:48.600+01:00 INFO : 2 points above threshold
2026-09-08T20:44:48.606+01:00 INFO : Filtering template 257/384 segment 5/5
2026-09-08T20:44:48.643+01:00 INFO : 257: generating IMRPhenomD from 30.0 Hz
2026-09-08T20:44:48.646+01:00 INFO : Decompressing waveform using inline_linear
2026-09-08T20:44:48.651+01:00 INFO : Filtering template 258/384 segment 1/5
2026-09-08T20:44:48.692+01:00 INFO : 1 points above threshold
2026-09-08T20:44:48.707+01:00 INFO : Filtering template 258/384 segment 2/5
2026-09-08T20:44:48.744+01:00 INFO : 1 points above threshold
2026-09-08T20:44:48.750+01:00 INFO : Filtering template 258/384 segment 3/5
2026-09-08T20:44:48.788+01:00 INFO : 2 points above threshold
2026-09-08T20:44:48.793+01:00 INFO : Filtering template 258/384 segment 4/5
2026-09-08T20:44:48.831+01:00 INFO : 1 points above threshold
2026-09-08T20:44:48.837+01:00 INFO : Filtering template 258/384 segment 5/5
2026-09-08T20:44:48.875+01:00 INFO : 258: generating IMRPhenomD from 30.0 Hz
2026-09-08T20:44:48.877+01:00 INFO : Decompressing waveform using inline_linear
2026-09-08T20:44:48.883+01:00 INFO : Filtering template 259/384 segment 1/5
2026-09-08T20:44:48.930+01:00 INFO : 3 points above threshold
2026-09-08T20:44:48.948+01:00 INFO : Filtering template 259/384 segment 2/5
2026-09-08T20:44:48.988+01:00 INFO : Filtering template 259/384 segment 3/5
2026-09-08T20:44:49.026+01:00 INFO : 1 points above threshold
2026-09-08T20:44:49.032+01:00 INFO : Filtering template 259/384 segment 4/5
2026-09-08T20:44:49.069+01:00 INFO : Filtering template 259/384 segment 5/5
2026-09-08T20:44:49.107+01:00 INFO : 259: generating IMRPhenomD from 30.0 Hz
2026-09-08T20:44:49.110+01:00 INFO : Decompressing waveform using inline_linear
2026-09-08T20:44:49.115+01:00 INFO : Filtering template 260/384 segment 1/5
2026-09-08T20:44:49.155+01:00 INFO : 1 points above threshold
2026-09-08T20:44:49.171+01:00 INFO : Filtering template 260/384 segment 2/5
2026-09-08T20:44:49.208+01:00 INFO : 1 points above threshold
2026-09-08T20:44:49.214+01:00 INFO : Filtering template 260/384 segment 3/5
2026-09-08T20:44:49.251+01:00 INFO : 1 points above threshold
2026-09-08T20:44:49.257+01:00 INFO : Filtering template 260/384 segment 4/5
2026-09-08T20:44:49.295+01:00 INFO : 1 points above threshold
2026-09-08T20:44:49.301+01:00 INFO : Filtering template 260/384 segment 5/5
2026-09-08T20:44:49.338+01:00 INFO : 1 points above threshold
2026-09-08T20:44:49.344+01:00 INFO : 260: generating IMRPhenomD from 30.0 Hz
2026-09-08T20:44:49.347+01:00 INFO : Decompressing waveform using inline_linear
2026-09-08T20:44:49.360+01:00 INFO : Filtering template 261/384 segment 1/5
2026-09-08T20:44:49.400+01:00 INFO : Filtering template 261/384 segment 2/5
2026-09-08T20:44:49.437+01:00 INFO : Filtering template 261/384 segment 3/5
2026-09-08T20:44:49.475+01:00 INFO : 1 points above threshold
2026-09-08T20:44:49.490+01:00 INFO : Filtering template 261/384 segment 4/5
2026-09-08T20:44:49.527+01:00 INFO : 2 points above threshold
2026-09-08T20:44:49.533+01:00 INFO : Filtering template 261/384 segment 5/5
2026-09-08T20:44:49.571+01:00 INFO : 261: generating IMRPhenomD from 30.0 Hz
2026-09-08T20:44:49.573+01:00 INFO : Decompressing waveform using inline_linear
2026-09-08T20:44:49.578+01:00 INFO : Filtering template 262/384 segment 1/5
2026-09-08T20:44:49.619+01:00 INFO : 2 points above threshold
2026-09-08T20:44:49.635+01:00 INFO : Filtering template 262/384 segment 2/5
2026-09-08T20:44:49.672+01:00 INFO : 2 points above threshold
2026-09-08T20:44:49.678+01:00 INFO : Filtering template 262/384 segment 3/5
2026-09-08T20:44:49.715+01:00 INFO : Filtering template 262/384 segment 4/5
2026-09-08T20:44:49.752+01:00 INFO : 2 points above threshold
2026-09-08T20:44:49.758+01:00 INFO : Filtering template 262/384 segment 5/5
2026-09-08T20:44:49.796+01:00 INFO : 2 points above threshold
2026-09-08T20:44:49.803+01:00 INFO : 262: generating IMRPhenomD from 30.0 Hz
2026-09-08T20:44:49.805+01:00 INFO : Decompressing waveform using inline_linear
2026-09-08T20:44:49.810+01:00 INFO : Filtering template 263/384 segment 1/5
2026-09-08T20:44:49.851+01:00 INFO : Filtering template 263/384 segment 2/5
2026-09-08T20:44:49.888+01:00 INFO : 1 points above threshold
2026-09-08T20:44:49.904+01:00 INFO : Filtering template 263/384 segment 3/5
2026-09-08T20:44:49.941+01:00 INFO : 1 points above threshold
2026-09-08T20:44:49.947+01:00 INFO : Filtering template 263/384 segment 4/5
2026-09-08T20:44:49.984+01:00 INFO : 3 points above threshold
2026-09-08T20:44:49.992+01:00 INFO : Filtering template 263/384 segment 5/5
2026-09-08T20:44:50.030+01:00 INFO : 263: generating IMRPhenomD from 30.0 Hz
2026-09-08T20:44:50.033+01:00 INFO : Decompressing waveform using inline_linear
2026-09-08T20:44:50.038+01:00 INFO : Filtering template 264/384 segment 1/5
2026-09-08T20:44:50.079+01:00 INFO : 2 points above threshold
2026-09-08T20:44:50.094+01:00 INFO : Filtering template 264/384 segment 2/5
2026-09-08T20:44:50.131+01:00 INFO : 1 points above threshold
2026-09-08T20:44:50.137+01:00 INFO : Filtering template 264/384 segment 3/5
2026-09-08T20:44:50.174+01:00 INFO : 1 points above threshold
2026-09-08T20:44:50.180+01:00 INFO : Filtering template 264/384 segment 4/5
2026-09-08T20:44:50.218+01:00 INFO : 3 points above threshold
2026-09-08T20:44:50.225+01:00 INFO : Filtering template 264/384 segment 5/5
2026-09-08T20:44:50.263+01:00 INFO : 3 points above threshold
2026-09-08T20:44:50.271+01:00 INFO : 264: generating IMRPhenomD from 30.0 Hz
2026-09-08T20:44:50.273+01:00 INFO : Decompressing waveform using inline_linear
2026-09-08T20:44:50.278+01:00 INFO : Filtering template 265/384 segment 1/5
2026-09-08T20:44:50.319+01:00 INFO : 1 points above threshold
2026-09-08T20:44:50.334+01:00 INFO : Filtering template 265/384 segment 2/5
2026-09-08T20:44:50.372+01:00 INFO : 1 points above threshold
2026-09-08T20:44:50.378+01:00 INFO : Filtering template 265/384 segment 3/5
2026-09-08T20:44:50.415+01:00 INFO : 1 points above threshold
2026-09-08T20:44:50.421+01:00 INFO : Filtering template 265/384 segment 4/5
2026-09-08T20:44:50.458+01:00 INFO : Filtering template 265/384 segment 5/5
2026-09-08T20:44:50.496+01:00 INFO : 1 points above threshold
2026-09-08T20:44:50.503+01:00 INFO : 265: generating IMRPhenomD from 30.0 Hz
2026-09-08T20:44:50.505+01:00 INFO : Decompressing waveform using inline_linear
2026-09-08T20:44:50.510+01:00 INFO : Filtering template 266/384 segment 1/5
2026-09-08T20:44:50.551+01:00 INFO : 3 points above threshold
2026-09-08T20:44:50.568+01:00 INFO : Filtering template 266/384 segment 2/5
2026-09-08T20:44:50.606+01:00 INFO : 3 points above threshold
2026-09-08T20:44:50.614+01:00 INFO : Filtering template 266/384 segment 3/5
2026-09-08T20:44:50.651+01:00 INFO : Filtering template 266/384 segment 4/5
2026-09-08T20:44:50.688+01:00 INFO : 1 points above threshold
2026-09-08T20:44:50.694+01:00 INFO : Filtering template 266/384 segment 5/5
2026-09-08T20:44:50.732+01:00 INFO : 266: generating IMRPhenomD from 30.0 Hz
2026-09-08T20:44:50.734+01:00 INFO : Decompressing waveform using inline_linear
2026-09-08T20:44:50.739+01:00 INFO : Filtering template 267/384 segment 1/5
2026-09-08T20:44:50.780+01:00 INFO : Filtering template 267/384 segment 2/5
2026-09-08T20:44:50.818+01:00 INFO : 1 points above threshold
2026-09-08T20:44:50.833+01:00 INFO : Filtering template 267/384 segment 3/5
2026-09-08T20:44:50.871+01:00 INFO : 2 points above threshold
2026-09-08T20:44:50.877+01:00 INFO : Filtering template 267/384 segment 4/5
2026-09-08T20:44:50.914+01:00 INFO : Filtering template 267/384 segment 5/5
2026-09-08T20:44:50.951+01:00 INFO : 2 points above threshold
2026-09-08T20:44:50.958+01:00 INFO : 267: generating IMRPhenomD from 30.0 Hz
2026-09-08T20:44:50.960+01:00 INFO : Decompressing waveform using inline_linear
2026-09-08T20:44:50.965+01:00 INFO : Filtering template 268/384 segment 1/5
2026-09-08T20:44:51.006+01:00 INFO : 1 points above threshold
2026-09-08T20:44:51.022+01:00 INFO : Filtering template 268/384 segment 2/5
2026-09-08T20:44:51.059+01:00 INFO : Filtering template 268/384 segment 3/5
2026-09-08T20:44:51.096+01:00 INFO : 1 points above threshold
2026-09-08T20:44:51.102+01:00 INFO : Filtering template 268/384 segment 4/5
2026-09-08T20:44:51.140+01:00 INFO : Filtering template 268/384 segment 5/5
2026-09-08T20:44:51.177+01:00 INFO : 2 points above threshold
2026-09-08T20:44:51.183+01:00 INFO : 268: generating IMRPhenomD from 30.0 Hz
2026-09-08T20:44:51.186+01:00 INFO : Decompressing waveform using inline_linear
2026-09-08T20:44:51.191+01:00 INFO : Filtering template 269/384 segment 1/5
2026-09-08T20:44:51.232+01:00 INFO : Filtering template 269/384 segment 2/5
2026-09-08T20:44:51.269+01:00 INFO : 1 points above threshold
2026-09-08T20:44:51.285+01:00 INFO : Filtering template 269/384 segment 3/5
2026-09-08T20:44:51.322+01:00 INFO : Filtering template 269/384 segment 4/5
2026-09-08T20:44:51.359+01:00 INFO : 1 points above threshold
2026-09-08T20:44:51.365+01:00 INFO : Filtering template 269/384 segment 5/5
2026-09-08T20:44:51.403+01:00 INFO : 269: generating IMRPhenomD from 30.0 Hz
2026-09-08T20:44:51.405+01:00 INFO : Decompressing waveform using inline_linear
2026-09-08T20:44:51.410+01:00 INFO : Filtering template 270/384 segment 1/5
2026-09-08T20:44:51.451+01:00 INFO : Filtering template 270/384 segment 2/5
2026-09-08T20:44:51.488+01:00 INFO : Filtering template 270/384 segment 3/5
2026-09-08T20:44:51.526+01:00 INFO : Filtering template 270/384 segment 4/5
2026-09-08T20:44:51.563+01:00 INFO : 1 points above threshold
2026-09-08T20:44:51.579+01:00 INFO : Filtering template 270/384 segment 5/5
2026-09-08T20:44:51.617+01:00 INFO : 270: generating IMRPhenomD from 30.0 Hz
2026-09-08T20:44:51.619+01:00 INFO : Decompressing waveform using inline_linear
2026-09-08T20:44:51.624+01:00 INFO : Filtering template 271/384 segment 1/5
2026-09-08T20:44:51.665+01:00 INFO : 2 points above threshold
2026-09-08T20:44:51.681+01:00 INFO : Filtering template 271/384 segment 2/5
2026-09-08T20:44:51.718+01:00 INFO : Filtering template 271/384 segment 3/5
2026-09-08T20:44:51.756+01:00 INFO : 1 points above threshold
2026-09-08T20:44:51.762+01:00 INFO : Filtering template 271/384 segment 4/5
2026-09-08T20:44:51.799+01:00 INFO : 1 points above threshold
2026-09-08T20:44:51.805+01:00 INFO : Filtering template 271/384 segment 5/5
2026-09-08T20:44:51.842+01:00 INFO : 3 points above threshold
2026-09-08T20:44:51.851+01:00 INFO : 271: generating IMRPhenomD from 30.0 Hz
2026-09-08T20:44:51.853+01:00 INFO : Decompressing waveform using inline_linear
2026-09-08T20:44:51.858+01:00 INFO : Filtering template 272/384 segment 1/5
2026-09-08T20:44:51.899+01:00 INFO : 2 points above threshold
2026-09-08T20:44:51.915+01:00 INFO : Filtering template 272/384 segment 2/5
2026-09-08T20:44:51.952+01:00 INFO : 1 points above threshold
2026-09-08T20:44:51.958+01:00 INFO : Filtering template 272/384 segment 3/5
2026-09-08T20:44:51.995+01:00 INFO : 1 points above threshold
2026-09-08T20:44:52.001+01:00 INFO : Filtering template 272/384 segment 4/5
2026-09-08T20:44:52.039+01:00 INFO : Filtering template 272/384 segment 5/5
2026-09-08T20:44:52.076+01:00 INFO : 1 points above threshold
2026-09-08T20:44:52.083+01:00 INFO : 272: generating IMRPhenomD from 30.0 Hz
2026-09-08T20:44:52.085+01:00 INFO : Decompressing waveform using inline_linear
2026-09-08T20:44:52.090+01:00 INFO : Filtering template 273/384 segment 1/5
2026-09-08T20:44:52.131+01:00 INFO : 1 points above threshold
2026-09-08T20:44:52.150+01:00 INFO : Filtering template 273/384 segment 2/5
2026-09-08T20:44:52.187+01:00 INFO : Filtering template 273/384 segment 3/5
2026-09-08T20:44:52.224+01:00 INFO : 1 points above threshold
2026-09-08T20:44:52.230+01:00 INFO : Filtering template 273/384 segment 4/5
2026-09-08T20:44:52.267+01:00 INFO : 2 points above threshold
2026-09-08T20:44:52.273+01:00 INFO : Filtering template 273/384 segment 5/5
2026-09-08T20:44:52.311+01:00 INFO : 273: generating IMRPhenomD from 30.0 Hz
2026-09-08T20:44:52.314+01:00 INFO : Decompressing waveform using inline_linear
2026-09-08T20:44:52.319+01:00 INFO : Filtering template 274/384 segment 1/5
2026-09-08T20:44:52.360+01:00 INFO : 1 points above threshold
2026-09-08T20:44:52.375+01:00 INFO : Filtering template 274/384 segment 2/5
2026-09-08T20:44:52.413+01:00 INFO : 2 points above threshold
2026-09-08T20:44:52.419+01:00 INFO : Filtering template 274/384 segment 3/5
2026-09-08T20:44:52.456+01:00 INFO : 3 points above threshold
2026-09-08T20:44:52.464+01:00 INFO : Filtering template 274/384 segment 4/5
2026-09-08T20:44:52.501+01:00 INFO : 1 points above threshold
2026-09-08T20:44:52.507+01:00 INFO : Filtering template 274/384 segment 5/5
2026-09-08T20:44:52.545+01:00 INFO : 3 points above threshold
2026-09-08T20:44:52.553+01:00 INFO : 274: generating IMRPhenomD from 30.0 Hz
2026-09-08T20:44:52.555+01:00 INFO : Decompressing waveform using inline_linear
2026-09-08T20:44:52.560+01:00 INFO : Filtering template 275/384 segment 1/5
2026-09-08T20:44:52.601+01:00 INFO : 1 points above threshold
2026-09-08T20:44:52.617+01:00 INFO : Filtering template 275/384 segment 2/5
2026-09-08T20:44:52.654+01:00 INFO : 1 points above threshold
2026-09-08T20:44:52.660+01:00 INFO : Filtering template 275/384 segment 3/5
2026-09-08T20:44:52.698+01:00 INFO : Filtering template 275/384 segment 4/5
2026-09-08T20:44:52.735+01:00 INFO : 2 points above threshold
2026-09-08T20:44:52.741+01:00 INFO : Filtering template 275/384 segment 5/5
2026-09-08T20:44:52.778+01:00 INFO : 1 points above threshold
2026-09-08T20:44:52.785+01:00 INFO : 275: generating IMRPhenomD from 30.0 Hz
2026-09-08T20:44:52.787+01:00 INFO : Decompressing waveform using inline_linear
2026-09-08T20:44:52.792+01:00 INFO : Filtering template 276/384 segment 1/5
2026-09-08T20:44:52.833+01:00 INFO : 2 points above threshold
2026-09-08T20:44:52.849+01:00 INFO : Filtering template 276/384 segment 2/5
2026-09-08T20:44:52.886+01:00 INFO : 2 points above threshold
2026-09-08T20:44:52.892+01:00 INFO : Filtering template 276/384 segment 3/5
2026-09-08T20:44:52.929+01:00 INFO : 2 points above threshold
2026-09-08T20:44:52.936+01:00 INFO : Filtering template 276/384 segment 4/5
2026-09-08T20:44:52.973+01:00 INFO : 4 points above threshold
2026-09-08T20:44:52.979+01:00 INFO : Filtering template 276/384 segment 5/5
2026-09-08T20:44:53.016+01:00 INFO : 1 points above threshold
2026-09-08T20:44:53.022+01:00 INFO : 276: generating IMRPhenomD from 30.0 Hz
2026-09-08T20:44:53.025+01:00 INFO : Decompressing waveform using inline_linear
2026-09-08T20:44:53.030+01:00 INFO : Filtering template 277/384 segment 1/5
2026-09-08T20:44:53.071+01:00 INFO : 2 points above threshold
2026-09-08T20:44:53.086+01:00 INFO : Filtering template 277/384 segment 2/5
2026-09-08T20:44:53.123+01:00 INFO : Filtering template 277/384 segment 3/5
2026-09-08T20:44:53.161+01:00 INFO : Filtering template 277/384 segment 4/5
2026-09-08T20:44:53.199+01:00 INFO : 1 points above threshold
2026-09-08T20:44:53.205+01:00 INFO : Filtering template 277/384 segment 5/5
2026-09-08T20:44:53.242+01:00 INFO : 277: generating IMRPhenomD from 30.0 Hz
2026-09-08T20:44:53.245+01:00 INFO : Decompressing waveform using inline_linear
2026-09-08T20:44:53.250+01:00 INFO : Filtering template 278/384 segment 1/5
2026-09-08T20:44:53.290+01:00 INFO : Filtering template 278/384 segment 2/5
2026-09-08T20:44:53.328+01:00 INFO : 2 points above threshold
2026-09-08T20:44:53.343+01:00 INFO : Filtering template 278/384 segment 3/5
2026-09-08T20:44:53.380+01:00 INFO : Filtering template 278/384 segment 4/5
2026-09-08T20:44:53.418+01:00 INFO : 1 points above threshold
2026-09-08T20:44:53.424+01:00 INFO : Filtering template 278/384 segment 5/5
2026-09-08T20:44:53.461+01:00 INFO : 1 points above threshold
2026-09-08T20:44:53.467+01:00 INFO : 278: generating IMRPhenomD from 30.0 Hz
2026-09-08T20:44:53.470+01:00 INFO : Decompressing waveform using inline_linear
2026-09-08T20:44:53.475+01:00 INFO : Filtering template 279/384 segment 1/5
2026-09-08T20:44:53.516+01:00 INFO : 2 points above threshold
2026-09-08T20:44:53.531+01:00 INFO : Filtering template 279/384 segment 2/5
2026-09-08T20:44:53.568+01:00 INFO : 1 points above threshold
2026-09-08T20:44:53.575+01:00 INFO : Filtering template 279/384 segment 3/5
2026-09-08T20:44:53.612+01:00 INFO : 1 points above threshold
2026-09-08T20:44:53.618+01:00 INFO : Filtering template 279/384 segment 4/5
2026-09-08T20:44:53.655+01:00 INFO : 3 points above threshold
2026-09-08T20:44:53.663+01:00 INFO : Filtering template 279/384 segment 5/5
2026-09-08T20:44:53.701+01:00 INFO : 279: generating IMRPhenomD from 30.0 Hz
2026-09-08T20:44:53.703+01:00 INFO : Decompressing waveform using inline_linear
2026-09-08T20:44:53.708+01:00 INFO : Filtering template 280/384 segment 1/5
2026-09-08T20:44:53.749+01:00 INFO : 2 points above threshold
2026-09-08T20:44:53.764+01:00 INFO : Filtering template 280/384 segment 2/5
2026-09-08T20:44:53.802+01:00 INFO : 1 points above threshold
2026-09-08T20:44:53.808+01:00 INFO : Filtering template 280/384 segment 3/5
2026-09-08T20:44:53.845+01:00 INFO : 1 points above threshold
2026-09-08T20:44:53.851+01:00 INFO : Filtering template 280/384 segment 4/5
2026-09-08T20:44:53.888+01:00 INFO : 1 points above threshold
2026-09-08T20:44:53.894+01:00 INFO : Filtering template 280/384 segment 5/5
2026-09-08T20:44:53.932+01:00 INFO : 280: generating IMRPhenomD from 30.0 Hz
2026-09-08T20:44:53.935+01:00 INFO : Decompressing waveform using inline_linear
2026-09-08T20:44:53.940+01:00 INFO : Filtering template 281/384 segment 1/5
2026-09-08T20:44:53.981+01:00 INFO : 2 points above threshold
2026-09-08T20:44:53.996+01:00 INFO : Filtering template 281/384 segment 2/5
2026-09-08T20:44:54.039+01:00 INFO : Filtering template 281/384 segment 3/5
2026-09-08T20:44:54.080+01:00 INFO : Filtering template 281/384 segment 4/5
2026-09-08T20:44:54.118+01:00 INFO : 3 points above threshold
2026-09-08T20:44:54.127+01:00 INFO : Filtering template 281/384 segment 5/5
2026-09-08T20:44:54.164+01:00 INFO : 3 points above threshold
2026-09-08T20:44:54.172+01:00 INFO : 281: generating IMRPhenomD from 30.0 Hz
2026-09-08T20:44:54.174+01:00 INFO : Decompressing waveform using inline_linear
2026-09-08T20:44:54.179+01:00 INFO : Filtering template 282/384 segment 1/5
2026-09-08T20:44:54.220+01:00 INFO : Filtering template 282/384 segment 2/5
2026-09-08T20:44:54.257+01:00 INFO : 1 points above threshold
2026-09-08T20:44:54.273+01:00 INFO : Filtering template 282/384 segment 3/5
2026-09-08T20:44:54.310+01:00 INFO : Filtering template 282/384 segment 4/5
2026-09-08T20:44:54.347+01:00 INFO : 2 points above threshold
2026-09-08T20:44:54.353+01:00 INFO : Filtering template 282/384 segment 5/5
2026-09-08T20:44:54.390+01:00 INFO : 3 points above threshold
2026-09-08T20:44:54.399+01:00 INFO : 282: generating IMRPhenomD from 30.0 Hz
2026-09-08T20:44:54.401+01:00 INFO : Decompressing waveform using inline_linear
2026-09-08T20:44:54.406+01:00 INFO : Filtering template 283/384 segment 1/5
2026-09-08T20:44:54.447+01:00 INFO : Filtering template 283/384 segment 2/5
2026-09-08T20:44:54.484+01:00 INFO : 1 points above threshold
2026-09-08T20:44:54.500+01:00 INFO : Filtering template 283/384 segment 3/5
2026-09-08T20:44:54.537+01:00 INFO : Filtering template 283/384 segment 4/5
2026-09-08T20:44:54.574+01:00 INFO : 5 points above threshold
2026-09-08T20:44:54.582+01:00 INFO : Filtering template 283/384 segment 5/5
2026-09-08T20:44:54.619+01:00 INFO : 3 points above threshold
2026-09-08T20:44:54.627+01:00 INFO : 283: generating IMRPhenomD from 30.0 Hz
2026-09-08T20:44:54.630+01:00 INFO : Decompressing waveform using inline_linear
2026-09-08T20:44:54.635+01:00 INFO : Filtering template 284/384 segment 1/5
2026-09-08T20:44:54.675+01:00 INFO : 2 points above threshold
2026-09-08T20:44:54.691+01:00 INFO : Filtering template 284/384 segment 2/5
2026-09-08T20:44:54.728+01:00 INFO : 1 points above threshold
2026-09-08T20:44:54.734+01:00 INFO : Filtering template 284/384 segment 3/5
2026-09-08T20:44:54.771+01:00 INFO : 2 points above threshold
2026-09-08T20:44:54.777+01:00 INFO : Filtering template 284/384 segment 4/5
2026-09-08T20:44:54.814+01:00 INFO : 1 points above threshold
2026-09-08T20:44:54.820+01:00 INFO : Filtering template 284/384 segment 5/5
2026-09-08T20:44:54.858+01:00 INFO : 284: generating IMRPhenomD from 30.0 Hz
2026-09-08T20:44:54.861+01:00 INFO : Decompressing waveform using inline_linear
2026-09-08T20:44:54.866+01:00 INFO : Filtering template 285/384 segment 1/5
2026-09-08T20:44:54.906+01:00 INFO : 1 points above threshold
2026-09-08T20:44:54.922+01:00 INFO : Filtering template 285/384 segment 2/5
2026-09-08T20:44:54.959+01:00 INFO : 1 points above threshold
2026-09-08T20:44:54.965+01:00 INFO : Filtering template 285/384 segment 3/5
2026-09-08T20:44:55.002+01:00 INFO : 1 points above threshold
2026-09-08T20:44:55.008+01:00 INFO : Filtering template 285/384 segment 4/5
2026-09-08T20:44:55.046+01:00 INFO : 3 points above threshold
2026-09-08T20:44:55.054+01:00 INFO : Filtering template 285/384 segment 5/5
2026-09-08T20:44:55.092+01:00 INFO : 285: generating IMRPhenomD from 30.0 Hz
2026-09-08T20:44:55.094+01:00 INFO : Decompressing waveform using inline_linear
2026-09-08T20:44:55.099+01:00 INFO : Filtering template 286/384 segment 1/5
2026-09-08T20:44:55.140+01:00 INFO : 3 points above threshold
2026-09-08T20:44:55.157+01:00 INFO : Filtering template 286/384 segment 2/5
2026-09-08T20:44:55.194+01:00 INFO : 1 points above threshold
2026-09-08T20:44:55.200+01:00 INFO : Filtering template 286/384 segment 3/5
2026-09-08T20:44:55.237+01:00 INFO : Filtering template 286/384 segment 4/5
2026-09-08T20:44:55.275+01:00 INFO : Filtering template 286/384 segment 5/5
2026-09-08T20:44:55.312+01:00 INFO : 286: generating IMRPhenomD from 30.0 Hz
2026-09-08T20:44:55.315+01:00 INFO : Decompressing waveform using inline_linear
2026-09-08T20:44:55.320+01:00 INFO : Filtering template 287/384 segment 1/5
2026-09-08T20:44:55.360+01:00 INFO : 2 points above threshold
2026-09-08T20:44:55.376+01:00 INFO : Filtering template 287/384 segment 2/5
2026-09-08T20:44:55.413+01:00 INFO : 4 points above threshold
2026-09-08T20:44:55.419+01:00 INFO : Filtering template 287/384 segment 3/5
2026-09-08T20:44:55.456+01:00 INFO : 1 points above threshold
2026-09-08T20:44:55.462+01:00 INFO : Filtering template 287/384 segment 4/5
2026-09-08T20:44:55.500+01:00 INFO : 3 points above threshold
2026-09-08T20:44:55.507+01:00 INFO : Filtering template 287/384 segment 5/5
2026-09-08T20:44:55.545+01:00 INFO : 2 points above threshold
2026-09-08T20:44:55.551+01:00 INFO : 287: generating IMRPhenomD from 30.0 Hz
2026-09-08T20:44:55.554+01:00 INFO : Decompressing waveform using inline_linear
2026-09-08T20:44:55.559+01:00 INFO : Filtering template 288/384 segment 1/5
2026-09-08T20:44:55.599+01:00 INFO : 1 points above threshold
2026-09-08T20:44:55.614+01:00 INFO : Filtering template 288/384 segment 2/5
2026-09-08T20:44:55.652+01:00 INFO : 2 points above threshold
2026-09-08T20:44:55.658+01:00 INFO : Filtering template 288/384 segment 3/5
2026-09-08T20:44:55.695+01:00 INFO : 2 points above threshold
2026-09-08T20:44:55.701+01:00 INFO : Filtering template 288/384 segment 4/5
2026-09-08T20:44:55.738+01:00 INFO : 1 points above threshold
2026-09-08T20:44:55.744+01:00 INFO : Filtering template 288/384 segment 5/5
2026-09-08T20:44:55.782+01:00 INFO : 3 points above threshold
2026-09-08T20:44:55.790+01:00 INFO : 288: generating IMRPhenomD from 30.0 Hz
2026-09-08T20:44:55.792+01:00 INFO : Decompressing waveform using inline_linear
2026-09-08T20:44:55.797+01:00 INFO : Filtering template 289/384 segment 1/5
2026-09-08T20:44:55.838+01:00 INFO : Filtering template 289/384 segment 2/5
2026-09-08T20:44:55.875+01:00 INFO : 2 points above threshold
2026-09-08T20:44:55.890+01:00 INFO : Filtering template 289/384 segment 3/5
2026-09-08T20:44:55.928+01:00 INFO : 1 points above threshold
2026-09-08T20:44:55.934+01:00 INFO : Filtering template 289/384 segment 4/5
2026-09-08T20:44:55.971+01:00 INFO : 1 points above threshold
2026-09-08T20:44:55.977+01:00 INFO : Filtering template 289/384 segment 5/5
2026-09-08T20:44:56.015+01:00 INFO : 2 points above threshold
2026-09-08T20:44:56.021+01:00 INFO : 289: generating IMRPhenomD from 30.0 Hz
2026-09-08T20:44:56.024+01:00 INFO : Decompressing waveform using inline_linear
2026-09-08T20:44:56.029+01:00 INFO : Filtering template 290/384 segment 1/5
2026-09-08T20:44:56.069+01:00 INFO : 3 points above threshold
2026-09-08T20:44:56.087+01:00 INFO : Filtering template 290/384 segment 2/5
2026-09-08T20:44:56.124+01:00 INFO : Filtering template 290/384 segment 3/5
2026-09-08T20:44:56.161+01:00 INFO : 1 points above threshold
2026-09-08T20:44:56.167+01:00 INFO : Filtering template 290/384 segment 4/5
2026-09-08T20:44:56.204+01:00 INFO : 2 points above threshold
2026-09-08T20:44:56.210+01:00 INFO : Filtering template 290/384 segment 5/5
2026-09-08T20:44:56.247+01:00 INFO : 290: generating IMRPhenomD from 30.0 Hz
2026-09-08T20:44:56.250+01:00 INFO : Decompressing waveform using inline_linear
2026-09-08T20:44:56.255+01:00 INFO : Filtering template 291/384 segment 1/5
2026-09-08T20:44:56.296+01:00 INFO : 5 points above threshold
2026-09-08T20:44:56.313+01:00 INFO : Filtering template 291/384 segment 2/5
2026-09-08T20:44:56.351+01:00 INFO : 3 points above threshold
2026-09-08T20:44:56.359+01:00 INFO : Filtering template 291/384 segment 3/5
2026-09-08T20:44:56.396+01:00 INFO : 1 points above threshold
2026-09-08T20:44:56.402+01:00 INFO : Filtering template 291/384 segment 4/5
2026-09-08T20:44:56.439+01:00 INFO : 1 points above threshold
2026-09-08T20:44:56.445+01:00 INFO : Filtering template 291/384 segment 5/5
2026-09-08T20:44:56.483+01:00 INFO : 291: generating IMRPhenomD from 30.0 Hz
2026-09-08T20:44:56.485+01:00 INFO : Decompressing waveform using inline_linear
2026-09-08T20:44:56.490+01:00 INFO : Filtering template 292/384 segment 1/5
2026-09-08T20:44:56.531+01:00 INFO : 1 points above threshold
2026-09-08T20:44:56.546+01:00 INFO : Filtering template 292/384 segment 2/5
2026-09-08T20:44:56.583+01:00 INFO : 1 points above threshold
2026-09-08T20:44:56.589+01:00 INFO : Filtering template 292/384 segment 3/5
2026-09-08T20:44:56.627+01:00 INFO : 1 points above threshold
2026-09-08T20:44:56.632+01:00 INFO : Filtering template 292/384 segment 4/5
2026-09-08T20:44:56.670+01:00 INFO : 2 points above threshold
2026-09-08T20:44:56.688+01:00 INFO : Filtering template 292/384 segment 5/5
2026-09-08T20:44:56.726+01:00 INFO : 1 points above threshold
2026-09-08T20:44:56.732+01:00 INFO : 292: generating IMRPhenomD from 30.0 Hz
2026-09-08T20:44:56.734+01:00 INFO : Decompressing waveform using inline_linear
2026-09-08T20:44:56.739+01:00 INFO : Filtering template 293/384 segment 1/5
2026-09-08T20:44:56.780+01:00 INFO : 2 points above threshold
2026-09-08T20:44:56.795+01:00 INFO : Filtering template 293/384 segment 2/5
2026-09-08T20:44:56.833+01:00 INFO : 3 points above threshold
2026-09-08T20:44:56.841+01:00 INFO : Filtering template 293/384 segment 3/5
2026-09-08T20:44:56.879+01:00 INFO : 3 points above threshold
2026-09-08T20:44:56.886+01:00 INFO : Filtering template 293/384 segment 4/5
2026-09-08T20:44:56.924+01:00 INFO : 3 points above threshold
2026-09-08T20:44:56.931+01:00 INFO : Filtering template 293/384 segment 5/5
2026-09-08T20:44:56.969+01:00 INFO : 3 points above threshold
2026-09-08T20:44:56.977+01:00 INFO : 293: generating IMRPhenomD from 30.0 Hz
2026-09-08T20:44:56.980+01:00 INFO : Decompressing waveform using inline_linear
2026-09-08T20:44:56.985+01:00 INFO : Filtering template 294/384 segment 1/5
2026-09-08T20:44:57.025+01:00 INFO : Filtering template 294/384 segment 2/5
2026-09-08T20:44:57.063+01:00 INFO : 1 points above threshold
2026-09-08T20:44:57.078+01:00 INFO : Filtering template 294/384 segment 3/5
2026-09-08T20:44:57.116+01:00 INFO : 2 points above threshold
2026-09-08T20:44:57.122+01:00 INFO : Filtering template 294/384 segment 4/5
2026-09-08T20:44:57.159+01:00 INFO : 1 points above threshold
2026-09-08T20:44:57.165+01:00 INFO : Filtering template 294/384 segment 5/5
2026-09-08T20:44:57.202+01:00 INFO : 3 points above threshold
2026-09-08T20:44:57.210+01:00 INFO : 294: generating IMRPhenomD from 30.0 Hz
2026-09-08T20:44:57.212+01:00 INFO : Decompressing waveform using inline_linear
2026-09-08T20:44:57.217+01:00 INFO : Filtering template 295/384 segment 1/5
2026-09-08T20:44:57.258+01:00 INFO : 1 points above threshold
2026-09-08T20:44:57.274+01:00 INFO : Filtering template 295/384 segment 2/5
2026-09-08T20:44:57.311+01:00 INFO : 2 points above threshold
2026-09-08T20:44:57.317+01:00 INFO : Filtering template 295/384 segment 3/5
2026-09-08T20:44:57.354+01:00 INFO : 3 points above threshold
2026-09-08T20:44:57.362+01:00 INFO : Filtering template 295/384 segment 4/5
2026-09-08T20:44:57.399+01:00 INFO : 3 points above threshold
2026-09-08T20:44:57.407+01:00 INFO : Filtering template 295/384 segment 5/5
2026-09-08T20:44:57.444+01:00 INFO : 1 points above threshold
2026-09-08T20:44:57.451+01:00 INFO : 295: generating IMRPhenomD from 30.0 Hz
2026-09-08T20:44:57.453+01:00 INFO : Decompressing waveform using inline_linear
2026-09-08T20:44:57.458+01:00 INFO : Filtering template 296/384 segment 1/5
2026-09-08T20:44:57.499+01:00 INFO : 5 points above threshold
2026-09-08T20:44:57.516+01:00 INFO : Filtering template 296/384 segment 2/5
2026-09-08T20:44:57.554+01:00 INFO : 1 points above threshold
2026-09-08T20:44:57.560+01:00 INFO : Filtering template 296/384 segment 3/5
2026-09-08T20:44:57.597+01:00 INFO : 2 points above threshold
2026-09-08T20:44:57.603+01:00 INFO : Filtering template 296/384 segment 4/5
2026-09-08T20:44:57.641+01:00 INFO : Filtering template 296/384 segment 5/5
2026-09-08T20:44:57.678+01:00 INFO : 1 points above threshold
2026-09-08T20:44:57.684+01:00 INFO : 296: generating IMRPhenomD from 30.0 Hz
2026-09-08T20:44:57.687+01:00 INFO : Decompressing waveform using inline_linear
2026-09-08T20:44:57.692+01:00 INFO : Filtering template 297/384 segment 1/5
2026-09-08T20:44:57.732+01:00 INFO : 1 points above threshold
2026-09-08T20:44:57.748+01:00 INFO : Filtering template 297/384 segment 2/5
2026-09-08T20:44:57.785+01:00 INFO : 4 points above threshold
2026-09-08T20:44:57.791+01:00 INFO : Filtering template 297/384 segment 3/5
2026-09-08T20:44:57.829+01:00 INFO : Filtering template 297/384 segment 4/5
2026-09-08T20:44:57.866+01:00 INFO : Filtering template 297/384 segment 5/5
2026-09-08T20:44:57.903+01:00 INFO : 1 points above threshold
2026-09-08T20:44:57.910+01:00 INFO : 297: generating IMRPhenomD from 30.0 Hz
2026-09-08T20:44:57.912+01:00 INFO : Decompressing waveform using inline_linear
2026-09-08T20:44:57.917+01:00 INFO : Filtering template 298/384 segment 1/5
2026-09-08T20:44:57.958+01:00 INFO : 1 points above threshold
2026-09-08T20:44:57.973+01:00 INFO : Filtering template 298/384 segment 2/5
2026-09-08T20:44:58.011+01:00 INFO : 1 points above threshold
2026-09-08T20:44:58.017+01:00 INFO : Filtering template 298/384 segment 3/5
2026-09-08T20:44:58.054+01:00 INFO : 1 points above threshold
2026-09-08T20:44:58.060+01:00 INFO : Filtering template 298/384 segment 4/5
2026-09-08T20:44:58.097+01:00 INFO : 1 points above threshold
2026-09-08T20:44:58.103+01:00 INFO : Filtering template 298/384 segment 5/5
2026-09-08T20:44:58.141+01:00 INFO : 4 points above threshold
2026-09-08T20:44:58.147+01:00 INFO : 298: generating IMRPhenomD from 30.0 Hz
2026-09-08T20:44:58.150+01:00 INFO : Decompressing waveform using inline_linear
2026-09-08T20:44:58.154+01:00 INFO : Filtering template 299/384 segment 1/5
2026-09-08T20:44:58.195+01:00 INFO : 1 points above threshold
2026-09-08T20:44:58.210+01:00 INFO : Filtering template 299/384 segment 2/5
2026-09-08T20:44:58.248+01:00 INFO : 1 points above threshold
2026-09-08T20:44:58.254+01:00 INFO : Filtering template 299/384 segment 3/5
2026-09-08T20:44:58.291+01:00 INFO : Filtering template 299/384 segment 4/5
2026-09-08T20:44:58.328+01:00 INFO : 2 points above threshold
2026-09-08T20:44:58.334+01:00 INFO : Filtering template 299/384 segment 5/5
2026-09-08T20:44:58.371+01:00 INFO : 1 points above threshold
2026-09-08T20:44:58.378+01:00 INFO : 299: generating IMRPhenomD from 30.0 Hz
2026-09-08T20:44:58.380+01:00 INFO : Decompressing waveform using inline_linear
2026-09-08T20:44:58.385+01:00 INFO : Filtering template 300/384 segment 1/5
2026-09-08T20:44:58.426+01:00 INFO : 1 points above threshold
2026-09-08T20:44:58.441+01:00 INFO : Filtering template 300/384 segment 2/5
2026-09-08T20:44:58.478+01:00 INFO : Filtering template 300/384 segment 3/5
2026-09-08T20:44:58.516+01:00 INFO : 1 points above threshold
2026-09-08T20:44:58.522+01:00 INFO : Filtering template 300/384 segment 4/5
2026-09-08T20:44:58.559+01:00 INFO : Filtering template 300/384 segment 5/5
2026-09-08T20:44:58.596+01:00 INFO : 1 points above threshold
2026-09-08T20:44:58.602+01:00 INFO : 300: generating IMRPhenomD from 30.0 Hz
2026-09-08T20:44:58.605+01:00 INFO : Decompressing waveform using inline_linear
2026-09-08T20:44:58.610+01:00 INFO : Filtering template 301/384 segment 1/5
2026-09-08T20:44:58.650+01:00 INFO : 2 points above threshold
2026-09-08T20:44:58.665+01:00 INFO : Filtering template 301/384 segment 2/5
2026-09-08T20:44:58.703+01:00 INFO : Filtering template 301/384 segment 3/5
2026-09-08T20:44:58.740+01:00 INFO : 1 points above threshold
2026-09-08T20:44:58.746+01:00 INFO : Filtering template 301/384 segment 4/5
2026-09-08T20:44:58.783+01:00 INFO : Filtering template 301/384 segment 5/5
2026-09-08T20:44:58.820+01:00 INFO : 1 points above threshold
2026-09-08T20:44:58.826+01:00 INFO : 301: generating IMRPhenomD from 30.0 Hz
2026-09-08T20:44:58.829+01:00 INFO : Decompressing waveform using inline_linear
2026-09-08T20:44:58.834+01:00 INFO : Filtering template 302/384 segment 1/5
2026-09-08T20:44:58.875+01:00 INFO : 3 points above threshold
2026-09-08T20:44:58.892+01:00 INFO : Filtering template 302/384 segment 2/5
2026-09-08T20:44:58.929+01:00 INFO : 1 points above threshold
2026-09-08T20:44:58.935+01:00 INFO : Filtering template 302/384 segment 3/5
2026-09-08T20:44:58.972+01:00 INFO : Filtering template 302/384 segment 4/5
2026-09-08T20:44:59.009+01:00 INFO : 2 points above threshold
2026-09-08T20:44:59.015+01:00 INFO : Filtering template 302/384 segment 5/5
2026-09-08T20:44:59.053+01:00 INFO : 302: generating IMRPhenomD from 30.0 Hz
2026-09-08T20:44:59.056+01:00 INFO : Decompressing waveform using inline_linear
2026-09-08T20:44:59.061+01:00 INFO : Filtering template 303/384 segment 1/5
2026-09-08T20:44:59.110+01:00 INFO : Filtering template 303/384 segment 2/5
2026-09-08T20:44:59.151+01:00 INFO : 1 points above threshold
2026-09-08T20:44:59.167+01:00 INFO : Filtering template 303/384 segment 3/5
2026-09-08T20:44:59.205+01:00 INFO : 2 points above threshold
2026-09-08T20:44:59.210+01:00 INFO : Filtering template 303/384 segment 4/5
2026-09-08T20:44:59.248+01:00 INFO : 1 points above threshold
2026-09-08T20:44:59.254+01:00 INFO : Filtering template 303/384 segment 5/5
2026-09-08T20:44:59.291+01:00 INFO : 1 points above threshold
2026-09-08T20:44:59.297+01:00 INFO : 303: generating IMRPhenomD from 30.0 Hz
2026-09-08T20:44:59.300+01:00 INFO : Decompressing waveform using inline_linear
2026-09-08T20:44:59.305+01:00 INFO : Filtering template 304/384 segment 1/5
2026-09-08T20:44:59.346+01:00 INFO : 2 points above threshold
2026-09-08T20:44:59.361+01:00 INFO : Filtering template 304/384 segment 2/5
2026-09-08T20:44:59.398+01:00 INFO : 1 points above threshold
2026-09-08T20:44:59.404+01:00 INFO : Filtering template 304/384 segment 3/5
2026-09-08T20:44:59.441+01:00 INFO : Filtering template 304/384 segment 4/5
2026-09-08T20:44:59.479+01:00 INFO : Filtering template 304/384 segment 5/5
2026-09-08T20:44:59.516+01:00 INFO : 1 points above threshold
2026-09-08T20:44:59.522+01:00 INFO : 304: generating IMRPhenomD from 30.0 Hz
2026-09-08T20:44:59.525+01:00 INFO : Decompressing waveform using inline_linear
2026-09-08T20:44:59.529+01:00 INFO : Filtering template 305/384 segment 1/5
2026-09-08T20:44:59.570+01:00 INFO : Filtering template 305/384 segment 2/5
2026-09-08T20:44:59.607+01:00 INFO : 2 points above threshold
2026-09-08T20:44:59.631+01:00 INFO : Filtering template 305/384 segment 3/5
2026-09-08T20:44:59.668+01:00 INFO : 1 points above threshold
2026-09-08T20:44:59.674+01:00 INFO : Filtering template 305/384 segment 4/5
2026-09-08T20:44:59.711+01:00 INFO : 1 points above threshold
2026-09-08T20:44:59.717+01:00 INFO : Filtering template 305/384 segment 5/5
2026-09-08T20:44:59.755+01:00 INFO : 2 points above threshold
2026-09-08T20:44:59.761+01:00 INFO : 305: generating IMRPhenomD from 30.0 Hz
2026-09-08T20:44:59.763+01:00 INFO : Decompressing waveform using inline_linear
2026-09-08T20:44:59.768+01:00 INFO : Filtering template 306/384 segment 1/5
2026-09-08T20:44:59.809+01:00 INFO : 3 points above threshold
2026-09-08T20:44:59.826+01:00 INFO : Filtering template 306/384 segment 2/5
2026-09-08T20:44:59.863+01:00 INFO : 1 points above threshold
2026-09-08T20:44:59.869+01:00 INFO : Filtering template 306/384 segment 3/5
2026-09-08T20:44:59.907+01:00 INFO : 2 points above threshold
2026-09-08T20:44:59.913+01:00 INFO : Filtering template 306/384 segment 4/5
2026-09-08T20:44:59.950+01:00 INFO : 1 points above threshold
2026-09-08T20:44:59.956+01:00 INFO : Filtering template 306/384 segment 5/5
2026-09-08T20:44:59.993+01:00 INFO : 2 points above threshold
2026-09-08T20:44:59.999+01:00 INFO : 306: generating IMRPhenomD from 30.0 Hz
2026-09-08T20:45:00.001+01:00 INFO : Decompressing waveform using inline_linear
2026-09-08T20:45:00.006+01:00 INFO : Filtering template 307/384 segment 1/5
2026-09-08T20:45:00.047+01:00 INFO : Filtering template 307/384 segment 2/5
2026-09-08T20:45:00.086+01:00 INFO : 1 points above threshold
2026-09-08T20:45:00.101+01:00 INFO : Filtering template 307/384 segment 3/5
2026-09-08T20:45:00.139+01:00 INFO : 1 points above threshold
2026-09-08T20:45:00.145+01:00 INFO : Filtering template 307/384 segment 4/5
2026-09-08T20:45:00.182+01:00 INFO : 3 points above threshold
2026-09-08T20:45:00.190+01:00 INFO : Filtering template 307/384 segment 5/5
2026-09-08T20:45:00.227+01:00 INFO : 1 points above threshold
2026-09-08T20:45:00.233+01:00 INFO : 307: generating IMRPhenomD from 30.0 Hz
2026-09-08T20:45:00.236+01:00 INFO : Decompressing waveform using inline_linear
2026-09-08T20:45:00.241+01:00 INFO : Filtering template 308/384 segment 1/5
2026-09-08T20:45:00.281+01:00 INFO : 1 points above threshold
2026-09-08T20:45:00.297+01:00 INFO : Filtering template 308/384 segment 2/5
2026-09-08T20:45:00.335+01:00 INFO : Filtering template 308/384 segment 3/5
2026-09-08T20:45:00.372+01:00 INFO : 2 points above threshold
2026-09-08T20:45:00.378+01:00 INFO : Filtering template 308/384 segment 4/5
2026-09-08T20:45:00.415+01:00 INFO : 1 points above threshold
2026-09-08T20:45:00.421+01:00 INFO : Filtering template 308/384 segment 5/5
2026-09-08T20:45:00.459+01:00 INFO : 308: generating IMRPhenomD from 30.0 Hz
2026-09-08T20:45:00.462+01:00 INFO : Decompressing waveform using inline_linear
2026-09-08T20:45:00.467+01:00 INFO : Filtering template 309/384 segment 1/5
2026-09-08T20:45:00.507+01:00 INFO : 1 points above threshold
2026-09-08T20:45:00.528+01:00 INFO : Filtering template 309/384 segment 2/5
2026-09-08T20:45:00.565+01:00 INFO : Filtering template 309/384 segment 3/5
2026-09-08T20:45:00.603+01:00 INFO : Filtering template 309/384 segment 4/5
2026-09-08T20:45:00.640+01:00 INFO : Filtering template 309/384 segment 5/5
2026-09-08T20:45:00.677+01:00 INFO : 1 points above threshold
2026-09-08T20:45:00.683+01:00 INFO : 309: generating IMRPhenomD from 30.0 Hz
2026-09-08T20:45:00.686+01:00 INFO : Decompressing waveform using inline_linear
2026-09-08T20:45:00.691+01:00 INFO : Filtering template 310/384 segment 1/5
2026-09-08T20:45:00.732+01:00 INFO : 1 points above threshold
2026-09-08T20:45:00.748+01:00 INFO : Filtering template 310/384 segment 2/5
2026-09-08T20:45:00.785+01:00 INFO : 1 points above threshold
2026-09-08T20:45:00.791+01:00 INFO : Filtering template 310/384 segment 3/5
2026-09-08T20:45:00.828+01:00 INFO : 1 points above threshold
2026-09-08T20:45:00.834+01:00 INFO : Filtering template 310/384 segment 4/5
2026-09-08T20:45:00.871+01:00 INFO : Filtering template 310/384 segment 5/5
2026-09-08T20:45:00.909+01:00 INFO : 1 points above threshold
2026-09-08T20:45:00.915+01:00 INFO : 310: generating IMRPhenomD from 30.0 Hz
2026-09-08T20:45:00.917+01:00 INFO : Decompressing waveform using inline_linear
2026-09-08T20:45:00.922+01:00 INFO : Filtering template 311/384 segment 1/5
2026-09-08T20:45:00.963+01:00 INFO : Filtering template 311/384 segment 2/5
2026-09-08T20:45:01.001+01:00 INFO : 1 points above threshold
2026-09-08T20:45:01.019+01:00 INFO : Filtering template 311/384 segment 3/5
2026-09-08T20:45:01.056+01:00 INFO : Filtering template 311/384 segment 4/5
2026-09-08T20:45:01.094+01:00 INFO : 1 points above threshold
2026-09-08T20:45:01.100+01:00 INFO : Filtering template 311/384 segment 5/5
2026-09-08T20:45:01.137+01:00 INFO : 4 points above threshold
2026-09-08T20:45:01.143+01:00 INFO : 311: generating IMRPhenomD from 30.0 Hz
2026-09-08T20:45:01.146+01:00 INFO : Decompressing waveform using inline_linear
2026-09-08T20:45:01.151+01:00 INFO : Filtering template 312/384 segment 1/5
2026-09-08T20:45:01.192+01:00 INFO : 3 points above threshold
2026-09-08T20:45:01.212+01:00 INFO : Filtering template 312/384 segment 2/5
2026-09-08T20:45:01.249+01:00 INFO : Filtering template 312/384 segment 3/5
2026-09-08T20:45:01.287+01:00 INFO : 1 points above threshold
2026-09-08T20:45:01.293+01:00 INFO : Filtering template 312/384 segment 4/5
2026-09-08T20:45:01.330+01:00 INFO : Filtering template 312/384 segment 5/5
2026-09-08T20:45:01.368+01:00 INFO : 312: generating IMRPhenomD from 30.0 Hz
2026-09-08T20:45:01.370+01:00 INFO : Decompressing waveform using inline_linear
2026-09-08T20:45:01.375+01:00 INFO : Filtering template 313/384 segment 1/5
2026-09-08T20:45:01.416+01:00 INFO : Filtering template 313/384 segment 2/5
2026-09-08T20:45:01.453+01:00 INFO : 1 points above threshold
2026-09-08T20:45:01.472+01:00 INFO : Filtering template 313/384 segment 3/5
2026-09-08T20:45:01.509+01:00 INFO : Filtering template 313/384 segment 4/5
2026-09-08T20:45:01.546+01:00 INFO : 2 points above threshold
2026-09-08T20:45:01.552+01:00 INFO : Filtering template 313/384 segment 5/5
2026-09-08T20:45:01.589+01:00 INFO : 1 points above threshold
2026-09-08T20:45:01.596+01:00 INFO : 313: generating IMRPhenomD from 30.0 Hz
2026-09-08T20:45:01.598+01:00 INFO : Decompressing waveform using inline_linear
2026-09-08T20:45:01.603+01:00 INFO : Filtering template 314/384 segment 1/5
2026-09-08T20:45:01.644+01:00 INFO : 1 points above threshold
2026-09-08T20:45:01.662+01:00 INFO : Filtering template 314/384 segment 2/5
2026-09-08T20:45:01.699+01:00 INFO : Filtering template 314/384 segment 3/5
2026-09-08T20:45:01.737+01:00 INFO : 2 points above threshold
2026-09-08T20:45:01.743+01:00 INFO : Filtering template 314/384 segment 4/5
2026-09-08T20:45:01.780+01:00 INFO : Filtering template 314/384 segment 5/5
2026-09-08T20:45:01.817+01:00 INFO : 2 points above threshold
2026-09-08T20:45:01.823+01:00 INFO : 314: generating IMRPhenomD from 30.0 Hz
2026-09-08T20:45:01.826+01:00 INFO : Decompressing waveform using inline_linear
2026-09-08T20:45:01.831+01:00 INFO : Filtering template 315/384 segment 1/5
2026-09-08T20:45:01.872+01:00 INFO : 1 points above threshold
2026-09-08T20:45:01.890+01:00 INFO : Filtering template 315/384 segment 2/5
2026-09-08T20:45:01.928+01:00 INFO : 1 points above threshold
2026-09-08T20:45:01.933+01:00 INFO : Filtering template 315/384 segment 3/5
2026-09-08T20:45:01.971+01:00 INFO : 1 points above threshold
2026-09-08T20:45:01.977+01:00 INFO : Filtering template 315/384 segment 4/5
2026-09-08T20:45:02.014+01:00 INFO : Filtering template 315/384 segment 5/5
2026-09-08T20:45:02.052+01:00 INFO : 315: generating IMRPhenomD from 30.0 Hz
2026-09-08T20:45:02.054+01:00 INFO : Decompressing waveform using inline_linear
2026-09-08T20:45:02.059+01:00 INFO : Filtering template 316/384 segment 1/5
2026-09-08T20:45:02.100+01:00 INFO : Filtering template 316/384 segment 2/5
2026-09-08T20:45:02.138+01:00 INFO : Filtering template 316/384 segment 3/5
2026-09-08T20:45:02.175+01:00 INFO : Filtering template 316/384 segment 4/5
2026-09-08T20:45:02.213+01:00 INFO : 3 points above threshold
2026-09-08T20:45:02.230+01:00 INFO : Filtering template 316/384 segment 5/5
2026-09-08T20:45:02.268+01:00 INFO : 316: generating IMRPhenomD from 30.0 Hz
2026-09-08T20:45:02.270+01:00 INFO : Decompressing waveform using inline_linear
2026-09-08T20:45:02.275+01:00 INFO : Filtering template 317/384 segment 1/5
2026-09-08T20:45:02.316+01:00 INFO : Filtering template 317/384 segment 2/5
2026-09-08T20:45:02.353+01:00 INFO : Filtering template 317/384 segment 3/5
2026-09-08T20:45:02.391+01:00 INFO : 1 points above threshold
2026-09-08T20:45:02.406+01:00 INFO : Filtering template 317/384 segment 4/5
2026-09-08T20:45:02.444+01:00 INFO : Filtering template 317/384 segment 5/5
2026-09-08T20:45:02.481+01:00 INFO : 2 points above threshold
2026-09-08T20:45:02.487+01:00 INFO : 317: generating IMRPhenomD from 30.0 Hz
2026-09-08T20:45:02.490+01:00 INFO : Decompressing waveform using inline_linear
2026-09-08T20:45:02.495+01:00 INFO : Filtering template 318/384 segment 1/5
2026-09-08T20:45:02.535+01:00 INFO : 3 points above threshold
2026-09-08T20:45:02.552+01:00 INFO : Filtering template 318/384 segment 2/5
2026-09-08T20:45:02.590+01:00 INFO : 2 points above threshold
2026-09-08T20:45:02.596+01:00 INFO : Filtering template 318/384 segment 3/5
2026-09-08T20:45:02.633+01:00 INFO : Filtering template 318/384 segment 4/5
2026-09-08T20:45:02.671+01:00 INFO : 3 points above threshold
2026-09-08T20:45:02.679+01:00 INFO : Filtering template 318/384 segment 5/5
2026-09-08T20:45:02.716+01:00 INFO : 1 points above threshold
2026-09-08T20:45:02.722+01:00 INFO : 318: generating IMRPhenomD from 30.0 Hz
2026-09-08T20:45:02.725+01:00 INFO : Decompressing waveform using inline_linear
2026-09-08T20:45:02.730+01:00 INFO : Filtering template 319/384 segment 1/5
2026-09-08T20:45:02.770+01:00 INFO : 3 points above threshold
2026-09-08T20:45:02.787+01:00 INFO : Filtering template 319/384 segment 2/5
2026-09-08T20:45:02.825+01:00 INFO : 2 points above threshold
2026-09-08T20:45:02.831+01:00 INFO : Filtering template 319/384 segment 3/5
2026-09-08T20:45:02.868+01:00 INFO : 2 points above threshold
2026-09-08T20:45:02.874+01:00 INFO : Filtering template 319/384 segment 4/5
2026-09-08T20:45:02.911+01:00 INFO : Filtering template 319/384 segment 5/5
2026-09-08T20:45:02.949+01:00 INFO : 319: generating IMRPhenomD from 30.0 Hz
2026-09-08T20:45:02.951+01:00 INFO : Decompressing waveform using inline_linear
2026-09-08T20:45:02.956+01:00 INFO : Filtering template 320/384 segment 1/5
2026-09-08T20:45:02.997+01:00 INFO : 2 points above threshold
2026-09-08T20:45:03.012+01:00 INFO : Filtering template 320/384 segment 2/5
2026-09-08T20:45:03.050+01:00 INFO : 1 points above threshold
2026-09-08T20:45:03.056+01:00 INFO : Filtering template 320/384 segment 3/5
2026-09-08T20:45:03.093+01:00 INFO : 2 points above threshold
2026-09-08T20:45:03.099+01:00 INFO : Filtering template 320/384 segment 4/5
2026-09-08T20:45:03.136+01:00 INFO : Filtering template 320/384 segment 5/5
2026-09-08T20:45:03.174+01:00 INFO : 2 points above threshold
2026-09-08T20:45:03.180+01:00 INFO : 320: generating IMRPhenomD from 30.0 Hz
2026-09-08T20:45:03.182+01:00 INFO : Decompressing waveform using inline_linear
2026-09-08T20:45:03.187+01:00 INFO : Filtering template 321/384 segment 1/5
2026-09-08T20:45:03.228+01:00 INFO : Filtering template 321/384 segment 2/5
2026-09-08T20:45:03.265+01:00 INFO : Filtering template 321/384 segment 3/5
2026-09-08T20:45:03.303+01:00 INFO : 1 points above threshold
2026-09-08T20:45:03.318+01:00 INFO : Filtering template 321/384 segment 4/5
2026-09-08T20:45:03.356+01:00 INFO : Filtering template 321/384 segment 5/5
2026-09-08T20:45:03.394+01:00 INFO : 321: generating IMRPhenomD from 30.0 Hz
2026-09-08T20:45:03.396+01:00 INFO : Decompressing waveform using inline_linear
2026-09-08T20:45:03.401+01:00 INFO : Filtering template 322/384 segment 1/5
2026-09-08T20:45:03.442+01:00 INFO : Filtering template 322/384 segment 2/5
2026-09-08T20:45:03.479+01:00 INFO : 3 points above threshold
2026-09-08T20:45:03.496+01:00 INFO : Filtering template 322/384 segment 3/5
2026-09-08T20:45:03.534+01:00 INFO : 1 points above threshold
2026-09-08T20:45:03.540+01:00 INFO : Filtering template 322/384 segment 4/5
2026-09-08T20:45:03.577+01:00 INFO : 1 points above threshold
2026-09-08T20:45:03.583+01:00 INFO : Filtering template 322/384 segment 5/5
2026-09-08T20:45:03.620+01:00 INFO : 1 points above threshold
2026-09-08T20:45:03.627+01:00 INFO : 322: generating IMRPhenomD from 30.0 Hz
2026-09-08T20:45:03.629+01:00 INFO : Decompressing waveform using inline_linear
2026-09-08T20:45:03.634+01:00 INFO : Filtering template 323/384 segment 1/5
2026-09-08T20:45:03.675+01:00 INFO : Filtering template 323/384 segment 2/5
2026-09-08T20:45:03.712+01:00 INFO : 2 points above threshold
2026-09-08T20:45:03.727+01:00 INFO : Filtering template 323/384 segment 3/5
2026-09-08T20:45:03.765+01:00 INFO : 2 points above threshold
2026-09-08T20:45:03.771+01:00 INFO : Filtering template 323/384 segment 4/5
2026-09-08T20:45:03.808+01:00 INFO : Filtering template 323/384 segment 5/5
2026-09-08T20:45:03.846+01:00 INFO : 1 points above threshold
2026-09-08T20:45:03.852+01:00 INFO : 323: generating IMRPhenomD from 30.0 Hz
2026-09-08T20:45:03.854+01:00 INFO : Decompressing waveform using inline_linear
2026-09-08T20:45:03.859+01:00 INFO : Filtering template 324/384 segment 1/5
2026-09-08T20:45:03.900+01:00 INFO : Filtering template 324/384 segment 2/5
2026-09-08T20:45:03.937+01:00 INFO : Filtering template 324/384 segment 3/5
2026-09-08T20:45:03.975+01:00 INFO : 1 points above threshold
2026-09-08T20:45:03.990+01:00 INFO : Filtering template 324/384 segment 4/5
2026-09-08T20:45:04.028+01:00 INFO : Filtering template 324/384 segment 5/5
2026-09-08T20:45:04.065+01:00 INFO : 4 points above threshold
2026-09-08T20:45:04.072+01:00 INFO : 324: generating IMRPhenomD from 30.0 Hz
2026-09-08T20:45:04.074+01:00 INFO : Decompressing waveform using inline_linear
2026-09-08T20:45:04.079+01:00 INFO : Filtering template 325/384 segment 1/5
2026-09-08T20:45:04.120+01:00 INFO : 2 points above threshold
2026-09-08T20:45:04.135+01:00 INFO : Filtering template 325/384 segment 2/5
2026-09-08T20:45:04.173+01:00 INFO : 3 points above threshold
2026-09-08T20:45:04.181+01:00 INFO : Filtering template 325/384 segment 3/5
2026-09-08T20:45:04.221+01:00 INFO : 2 points above threshold
2026-09-08T20:45:04.227+01:00 INFO : Filtering template 325/384 segment 4/5
2026-09-08T20:45:04.267+01:00 INFO : 1 points above threshold
2026-09-08T20:45:04.273+01:00 INFO : Filtering template 325/384 segment 5/5
2026-09-08T20:45:04.310+01:00 INFO : 1 points above threshold
2026-09-08T20:45:04.316+01:00 INFO : 325: generating IMRPhenomD from 30.0 Hz
2026-09-08T20:45:04.319+01:00 INFO : Decompressing waveform using inline_linear
2026-09-08T20:45:04.324+01:00 INFO : Filtering template 326/384 segment 1/5
2026-09-08T20:45:04.364+01:00 INFO : 2 points above threshold
2026-09-08T20:45:04.380+01:00 INFO : Filtering template 326/384 segment 2/5
2026-09-08T20:45:04.417+01:00 INFO : 2 points above threshold
2026-09-08T20:45:04.423+01:00 INFO : Filtering template 326/384 segment 3/5
2026-09-08T20:45:04.460+01:00 INFO : Filtering template 326/384 segment 4/5
2026-09-08T20:45:04.498+01:00 INFO : Filtering template 326/384 segment 5/5
2026-09-08T20:45:04.535+01:00 INFO : 2 points above threshold
2026-09-08T20:45:04.541+01:00 INFO : 326: generating IMRPhenomD from 30.0 Hz
2026-09-08T20:45:04.544+01:00 INFO : Decompressing waveform using inline_linear
2026-09-08T20:45:04.549+01:00 INFO : Filtering template 327/384 segment 1/5
2026-09-08T20:45:04.589+01:00 INFO : 2 points above threshold
2026-09-08T20:45:04.604+01:00 INFO : Filtering template 327/384 segment 2/5
2026-09-08T20:45:04.642+01:00 INFO : 1 points above threshold
2026-09-08T20:45:04.647+01:00 INFO : Filtering template 327/384 segment 3/5
2026-09-08T20:45:04.685+01:00 INFO : 3 points above threshold
2026-09-08T20:45:04.692+01:00 INFO : Filtering template 327/384 segment 4/5
2026-09-08T20:45:04.730+01:00 INFO : 2 points above threshold
2026-09-08T20:45:04.736+01:00 INFO : Filtering template 327/384 segment 5/5
2026-09-08T20:45:04.773+01:00 INFO : 1 points above threshold
2026-09-08T20:45:04.779+01:00 INFO : 327: generating IMRPhenomD from 30.0 Hz
2026-09-08T20:45:04.781+01:00 INFO : Decompressing waveform using inline_linear
2026-09-08T20:45:04.786+01:00 INFO : Filtering template 328/384 segment 1/5
2026-09-08T20:45:04.827+01:00 INFO : 1 points above threshold
2026-09-08T20:45:04.843+01:00 INFO : Filtering template 328/384 segment 2/5
2026-09-08T20:45:04.880+01:00 INFO : 1 points above threshold
2026-09-08T20:45:04.886+01:00 INFO : Filtering template 328/384 segment 3/5
2026-09-08T20:45:04.923+01:00 INFO : 4 points above threshold
2026-09-08T20:45:04.929+01:00 INFO : Filtering template 328/384 segment 4/5
2026-09-08T20:45:04.966+01:00 INFO : 1 points above threshold
2026-09-08T20:45:04.972+01:00 INFO : Filtering template 328/384 segment 5/5
2026-09-08T20:45:05.009+01:00 INFO : 2 points above threshold
2026-09-08T20:45:05.016+01:00 INFO : 328: generating IMRPhenomD from 30.0 Hz
2026-09-08T20:45:05.018+01:00 INFO : Decompressing waveform using inline_linear
2026-09-08T20:45:05.023+01:00 INFO : Filtering template 329/384 segment 1/5
2026-09-08T20:45:05.064+01:00 INFO : Filtering template 329/384 segment 2/5
2026-09-08T20:45:05.101+01:00 INFO : Filtering template 329/384 segment 3/5
2026-09-08T20:45:05.139+01:00 INFO : 2 points above threshold
2026-09-08T20:45:05.154+01:00 INFO : Filtering template 329/384 segment 4/5
2026-09-08T20:45:05.191+01:00 INFO : 1 points above threshold
2026-09-08T20:45:05.197+01:00 INFO : Filtering template 329/384 segment 5/5
2026-09-08T20:45:05.234+01:00 INFO : 2 points above threshold
2026-09-08T20:45:05.240+01:00 INFO : 329: generating IMRPhenomD from 30.0 Hz
2026-09-08T20:45:05.243+01:00 INFO : Decompressing waveform using inline_linear
2026-09-08T20:45:05.248+01:00 INFO : Filtering template 330/384 segment 1/5
2026-09-08T20:45:05.288+01:00 INFO : 1 points above threshold
2026-09-08T20:45:05.304+01:00 INFO : Filtering template 330/384 segment 2/5
2026-09-08T20:45:05.341+01:00 INFO : 2 points above threshold
2026-09-08T20:45:05.347+01:00 INFO : Filtering template 330/384 segment 3/5
2026-09-08T20:45:05.384+01:00 INFO : 2 points above threshold
2026-09-08T20:45:05.393+01:00 INFO : Filtering template 330/384 segment 4/5
2026-09-08T20:45:05.430+01:00 INFO : 1 points above threshold
2026-09-08T20:45:05.436+01:00 INFO : Filtering template 330/384 segment 5/5
2026-09-08T20:45:05.474+01:00 INFO : 330: generating IMRPhenomD from 30.0 Hz
2026-09-08T20:45:05.476+01:00 INFO : Decompressing waveform using inline_linear
2026-09-08T20:45:05.481+01:00 INFO : Filtering template 331/384 segment 1/5
2026-09-08T20:45:05.522+01:00 INFO : 2 points above threshold
2026-09-08T20:45:05.538+01:00 INFO : Filtering template 331/384 segment 2/5
2026-09-08T20:45:05.576+01:00 INFO : 1 points above threshold
2026-09-08T20:45:05.582+01:00 INFO : Filtering template 331/384 segment 3/5
2026-09-08T20:45:05.619+01:00 INFO : 3 points above threshold
2026-09-08T20:45:05.627+01:00 INFO : Filtering template 331/384 segment 4/5
2026-09-08T20:45:05.664+01:00 INFO : 4 points above threshold
2026-09-08T20:45:05.670+01:00 INFO : Filtering template 331/384 segment 5/5
2026-09-08T20:45:05.707+01:00 INFO : 331: generating IMRPhenomD from 30.0 Hz
2026-09-08T20:45:05.710+01:00 INFO : Decompressing waveform using inline_linear
2026-09-08T20:45:05.715+01:00 INFO : Filtering template 332/384 segment 1/5
2026-09-08T20:45:05.755+01:00 INFO : 2 points above threshold
2026-09-08T20:45:05.770+01:00 INFO : Filtering template 332/384 segment 2/5
2026-09-08T20:45:05.808+01:00 INFO : Filtering template 332/384 segment 3/5
2026-09-08T20:45:05.845+01:00 INFO : 1 points above threshold
2026-09-08T20:45:05.851+01:00 INFO : Filtering template 332/384 segment 4/5
2026-09-08T20:45:05.888+01:00 INFO : Filtering template 332/384 segment 5/5
2026-09-08T20:45:05.925+01:00 INFO : 1 points above threshold
2026-09-08T20:45:05.931+01:00 INFO : 332: generating IMRPhenomD from 30.0 Hz
2026-09-08T20:45:05.934+01:00 INFO : Decompressing waveform using inline_linear
2026-09-08T20:45:05.939+01:00 INFO : Filtering template 333/384 segment 1/5
2026-09-08T20:45:05.979+01:00 INFO : 2 points above threshold
2026-09-08T20:45:05.994+01:00 INFO : Filtering template 333/384 segment 2/5
2026-09-08T20:45:06.032+01:00 INFO : Filtering template 333/384 segment 3/5
2026-09-08T20:45:06.069+01:00 INFO : 1 points above threshold
2026-09-08T20:45:06.075+01:00 INFO : Filtering template 333/384 segment 4/5
2026-09-08T20:45:06.112+01:00 INFO : 1 points above threshold
2026-09-08T20:45:06.118+01:00 INFO : Filtering template 333/384 segment 5/5
2026-09-08T20:45:06.156+01:00 INFO : 333: generating IMRPhenomD from 30.0 Hz
2026-09-08T20:45:06.158+01:00 INFO : Decompressing waveform using inline_linear
2026-09-08T20:45:06.163+01:00 INFO : Filtering template 334/384 segment 1/5
2026-09-08T20:45:06.204+01:00 INFO : 3 points above threshold
2026-09-08T20:45:06.221+01:00 INFO : Filtering template 334/384 segment 2/5
2026-09-08T20:45:06.258+01:00 INFO : Filtering template 334/384 segment 3/5
2026-09-08T20:45:06.295+01:00 INFO : Filtering template 334/384 segment 4/5
2026-09-08T20:45:06.333+01:00 INFO : 2 points above threshold
2026-09-08T20:45:06.339+01:00 INFO : Filtering template 334/384 segment 5/5
2026-09-08T20:45:06.376+01:00 INFO : 334: generating IMRPhenomD from 30.0 Hz
2026-09-08T20:45:06.379+01:00 INFO : Decompressing waveform using inline_linear
2026-09-08T20:45:06.384+01:00 INFO : Filtering template 335/384 segment 1/5
2026-09-08T20:45:06.424+01:00 INFO : 1 points above threshold
2026-09-08T20:45:06.440+01:00 INFO : Filtering template 335/384 segment 2/5
2026-09-08T20:45:06.477+01:00 INFO : Filtering template 335/384 segment 3/5
2026-09-08T20:45:06.514+01:00 INFO : 3 points above threshold
2026-09-08T20:45:06.522+01:00 INFO : Filtering template 335/384 segment 4/5
2026-09-08T20:45:06.559+01:00 INFO : Filtering template 335/384 segment 5/5
2026-09-08T20:45:06.597+01:00 INFO : 1 points above threshold
2026-09-08T20:45:06.603+01:00 INFO : 335: generating IMRPhenomD from 30.0 Hz
2026-09-08T20:45:06.605+01:00 INFO : Decompressing waveform using inline_linear
2026-09-08T20:45:06.610+01:00 INFO : Filtering template 336/384 segment 1/5
2026-09-08T20:45:06.651+01:00 INFO : 3 points above threshold
2026-09-08T20:45:06.668+01:00 INFO : Filtering template 336/384 segment 2/5
2026-09-08T20:45:06.706+01:00 INFO : Filtering template 336/384 segment 3/5
2026-09-08T20:45:06.743+01:00 INFO : Filtering template 336/384 segment 4/5
2026-09-08T20:45:06.780+01:00 INFO : 1 points above threshold
2026-09-08T20:45:06.786+01:00 INFO : Filtering template 336/384 segment 5/5
2026-09-08T20:45:06.824+01:00 INFO : 336: generating IMRPhenomD from 30.0 Hz
2026-09-08T20:45:06.826+01:00 INFO : Decompressing waveform using inline_linear
2026-09-08T20:45:06.831+01:00 INFO : Filtering template 337/384 segment 1/5
2026-09-08T20:45:06.872+01:00 INFO : Filtering template 337/384 segment 2/5
2026-09-08T20:45:06.909+01:00 INFO : 1 points above threshold
2026-09-08T20:45:06.927+01:00 INFO : Filtering template 337/384 segment 3/5
2026-09-08T20:45:06.964+01:00 INFO : Filtering template 337/384 segment 4/5
2026-09-08T20:45:07.002+01:00 INFO : 2 points above threshold
2026-09-08T20:45:07.008+01:00 INFO : Filtering template 337/384 segment 5/5
2026-09-08T20:45:07.045+01:00 INFO : 337: generating IMRPhenomD from 30.0 Hz
2026-09-08T20:45:07.048+01:00 INFO : Decompressing waveform using inline_linear
2026-09-08T20:45:07.053+01:00 INFO : Filtering template 338/384 segment 1/5
2026-09-08T20:45:07.093+01:00 INFO : 1 points above threshold
2026-09-08T20:45:07.109+01:00 INFO : Filtering template 338/384 segment 2/5
2026-09-08T20:45:07.146+01:00 INFO : 2 points above threshold
2026-09-08T20:45:07.152+01:00 INFO : Filtering template 338/384 segment 3/5
2026-09-08T20:45:07.189+01:00 INFO : 1 points above threshold
2026-09-08T20:45:07.195+01:00 INFO : Filtering template 338/384 segment 4/5
2026-09-08T20:45:07.233+01:00 INFO : Filtering template 338/384 segment 5/5
2026-09-08T20:45:07.270+01:00 INFO : 2 points above threshold
2026-09-08T20:45:07.276+01:00 INFO : 338: generating IMRPhenomD from 30.0 Hz
2026-09-08T20:45:07.279+01:00 INFO : Decompressing waveform using inline_linear
2026-09-08T20:45:07.284+01:00 INFO : Filtering template 339/384 segment 1/5
2026-09-08T20:45:07.324+01:00 INFO : 1 points above threshold
2026-09-08T20:45:07.340+01:00 INFO : Filtering template 339/384 segment 2/5
2026-09-08T20:45:07.377+01:00 INFO : 1 points above threshold
2026-09-08T20:45:07.383+01:00 INFO : Filtering template 339/384 segment 3/5
2026-09-08T20:45:07.420+01:00 INFO : 1 points above threshold
2026-09-08T20:45:07.426+01:00 INFO : Filtering template 339/384 segment 4/5
2026-09-08T20:45:07.463+01:00 INFO : Filtering template 339/384 segment 5/5
2026-09-08T20:45:07.500+01:00 INFO : 2 points above threshold
2026-09-08T20:45:07.506+01:00 INFO : 339: generating IMRPhenomD from 30.0 Hz
2026-09-08T20:45:07.509+01:00 INFO : Decompressing waveform using inline_linear
2026-09-08T20:45:07.514+01:00 INFO : Filtering template 340/384 segment 1/5
2026-09-08T20:45:07.554+01:00 INFO : 1 points above threshold
2026-09-08T20:45:07.570+01:00 INFO : Filtering template 340/384 segment 2/5
2026-09-08T20:45:07.607+01:00 INFO : Filtering template 340/384 segment 3/5
2026-09-08T20:45:07.645+01:00 INFO : Filtering template 340/384 segment 4/5
2026-09-08T20:45:07.682+01:00 INFO : Filtering template 340/384 segment 5/5
2026-09-08T20:45:07.719+01:00 INFO : 1 points above threshold
2026-09-08T20:45:07.726+01:00 INFO : 340: generating IMRPhenomD from 30.0 Hz
2026-09-08T20:45:07.728+01:00 INFO : Decompressing waveform using inline_linear
2026-09-08T20:45:07.733+01:00 INFO : Filtering template 341/384 segment 1/5
2026-09-08T20:45:07.774+01:00 INFO : 2 points above threshold
2026-09-08T20:45:07.789+01:00 INFO : Filtering template 341/384 segment 2/5
2026-09-08T20:45:07.826+01:00 INFO : 1 points above threshold
2026-09-08T20:45:07.832+01:00 INFO : Filtering template 341/384 segment 3/5
2026-09-08T20:45:07.870+01:00 INFO : 2 points above threshold
2026-09-08T20:45:07.876+01:00 INFO : Filtering template 341/384 segment 4/5
2026-09-08T20:45:07.913+01:00 INFO : 1 points above threshold
2026-09-08T20:45:07.919+01:00 INFO : Filtering template 341/384 segment 5/5
2026-09-08T20:45:07.956+01:00 INFO : 2 points above threshold
2026-09-08T20:45:07.962+01:00 INFO : 341: generating IMRPhenomD from 30.0 Hz
2026-09-08T20:45:07.965+01:00 INFO : Decompressing waveform using inline_linear
2026-09-08T20:45:07.970+01:00 INFO : Filtering template 342/384 segment 1/5
2026-09-08T20:45:08.010+01:00 INFO : 2 points above threshold
2026-09-08T20:45:08.026+01:00 INFO : Filtering template 342/384 segment 2/5
2026-09-08T20:45:08.064+01:00 INFO : 2 points above threshold
2026-09-08T20:45:08.070+01:00 INFO : Filtering template 342/384 segment 3/5
2026-09-08T20:45:08.107+01:00 INFO : 1 points above threshold
2026-09-08T20:45:08.113+01:00 INFO : Filtering template 342/384 segment 4/5
2026-09-08T20:45:08.150+01:00 INFO : 2 points above threshold
2026-09-08T20:45:08.156+01:00 INFO : Filtering template 342/384 segment 5/5
2026-09-08T20:45:08.193+01:00 INFO : 1 points above threshold
2026-09-08T20:45:08.200+01:00 INFO : 342: generating IMRPhenomD from 30.0 Hz
2026-09-08T20:45:08.202+01:00 INFO : Decompressing waveform using inline_linear
2026-09-08T20:45:08.207+01:00 INFO : Filtering template 343/384 segment 1/5
2026-09-08T20:45:08.248+01:00 INFO : Filtering template 343/384 segment 2/5
2026-09-08T20:45:08.286+01:00 INFO : 1 points above threshold
2026-09-08T20:45:08.301+01:00 INFO : Filtering template 343/384 segment 3/5
2026-09-08T20:45:08.338+01:00 INFO : Filtering template 343/384 segment 4/5
2026-09-08T20:45:08.375+01:00 INFO : Filtering template 343/384 segment 5/5
2026-09-08T20:45:08.413+01:00 INFO : 343: generating IMRPhenomD from 30.0 Hz
2026-09-08T20:45:08.416+01:00 INFO : Decompressing waveform using inline_linear
2026-09-08T20:45:08.421+01:00 INFO : Filtering template 344/384 segment 1/5
2026-09-08T20:45:08.461+01:00 INFO : 1 points above threshold
2026-09-08T20:45:08.477+01:00 INFO : Filtering template 344/384 segment 2/5
2026-09-08T20:45:08.514+01:00 INFO : 1 points above threshold
2026-09-08T20:45:08.520+01:00 INFO : Filtering template 344/384 segment 3/5
2026-09-08T20:45:08.557+01:00 INFO : 1 points above threshold
2026-09-08T20:45:08.563+01:00 INFO : Filtering template 344/384 segment 4/5
2026-09-08T20:45:08.600+01:00 INFO : 1 points above threshold
2026-09-08T20:45:08.606+01:00 INFO : Filtering template 344/384 segment 5/5
2026-09-08T20:45:08.643+01:00 INFO : 1 points above threshold
2026-09-08T20:45:08.650+01:00 INFO : 344: generating IMRPhenomD from 30.0 Hz
2026-09-08T20:45:08.652+01:00 INFO : Decompressing waveform using inline_linear
2026-09-08T20:45:08.657+01:00 INFO : Filtering template 345/384 segment 1/5
2026-09-08T20:45:08.698+01:00 INFO : 1 points above threshold
2026-09-08T20:45:08.713+01:00 INFO : Filtering template 345/384 segment 2/5
2026-09-08T20:45:08.751+01:00 INFO : 2 points above threshold
2026-09-08T20:45:08.757+01:00 INFO : Filtering template 345/384 segment 3/5
2026-09-08T20:45:08.794+01:00 INFO : 4 points above threshold
2026-09-08T20:45:08.800+01:00 INFO : Filtering template 345/384 segment 4/5
2026-09-08T20:45:08.837+01:00 INFO : 1 points above threshold
2026-09-08T20:45:08.843+01:00 INFO : Filtering template 345/384 segment 5/5
2026-09-08T20:45:08.880+01:00 INFO : 1 points above threshold
2026-09-08T20:45:08.887+01:00 INFO : 345: generating IMRPhenomD from 30.0 Hz
2026-09-08T20:45:08.889+01:00 INFO : Decompressing waveform using inline_linear
2026-09-08T20:45:08.894+01:00 INFO : Filtering template 346/384 segment 1/5
2026-09-08T20:45:08.935+01:00 INFO : 1 points above threshold
2026-09-08T20:45:08.950+01:00 INFO : Filtering template 346/384 segment 2/5
2026-09-08T20:45:08.987+01:00 INFO : Filtering template 346/384 segment 3/5
2026-09-08T20:45:09.024+01:00 INFO : 1 points above threshold
2026-09-08T20:45:09.030+01:00 INFO : Filtering template 346/384 segment 4/5
2026-09-08T20:45:09.068+01:00 INFO : 3 points above threshold
2026-09-08T20:45:09.076+01:00 INFO : Filtering template 346/384 segment 5/5
2026-09-08T20:45:09.113+01:00 INFO : 1 points above threshold
2026-09-08T20:45:09.119+01:00 INFO : 346: generating IMRPhenomD from 30.0 Hz
2026-09-08T20:45:09.122+01:00 INFO : Decompressing waveform using inline_linear
2026-09-08T20:45:09.126+01:00 INFO : Filtering template 347/384 segment 1/5
2026-09-08T20:45:09.167+01:00 INFO : 2 points above threshold
2026-09-08T20:45:09.182+01:00 INFO : Filtering template 347/384 segment 2/5
2026-09-08T20:45:09.220+01:00 INFO : Filtering template 347/384 segment 3/5
2026-09-08T20:45:09.258+01:00 INFO : 2 points above threshold
2026-09-08T20:45:09.265+01:00 INFO : Filtering template 347/384 segment 4/5
2026-09-08T20:45:09.305+01:00 INFO : 4 points above threshold
2026-09-08T20:45:09.311+01:00 INFO : Filtering template 347/384 segment 5/5
2026-09-08T20:45:09.351+01:00 INFO : 347: generating IMRPhenomD from 30.0 Hz
2026-09-08T20:45:09.354+01:00 INFO : Decompressing waveform using inline_linear
2026-09-08T20:45:09.359+01:00 INFO : Filtering template 348/384 segment 1/5
2026-09-08T20:45:09.400+01:00 INFO : 2 points above threshold
2026-09-08T20:45:09.415+01:00 INFO : Filtering template 348/384 segment 2/5
2026-09-08T20:45:09.452+01:00 INFO : Filtering template 348/384 segment 3/5
2026-09-08T20:45:09.490+01:00 INFO : 3 points above threshold
2026-09-08T20:45:09.498+01:00 INFO : Filtering template 348/384 segment 4/5
2026-09-08T20:45:09.535+01:00 INFO : 4 points above threshold
2026-09-08T20:45:09.541+01:00 INFO : Filtering template 348/384 segment 5/5
2026-09-08T20:45:09.579+01:00 INFO : 348: generating IMRPhenomD from 30.0 Hz
2026-09-08T20:45:09.582+01:00 INFO : Decompressing waveform using inline_linear
2026-09-08T20:45:09.587+01:00 INFO : Filtering template 349/384 segment 1/5
2026-09-08T20:45:09.628+01:00 INFO : 2 points above threshold
2026-09-08T20:45:09.643+01:00 INFO : Filtering template 349/384 segment 2/5
2026-09-08T20:45:09.681+01:00 INFO : 1 points above threshold
2026-09-08T20:45:09.687+01:00 INFO : Filtering template 349/384 segment 3/5
2026-09-08T20:45:09.724+01:00 INFO : Filtering template 349/384 segment 4/5
2026-09-08T20:45:09.762+01:00 INFO : 5 points above threshold
2026-09-08T20:45:09.770+01:00 INFO : Filtering template 349/384 segment 5/5
2026-09-08T20:45:09.808+01:00 INFO : 1 points above threshold
2026-09-08T20:45:09.814+01:00 INFO : 349: generating IMRPhenomD from 30.0 Hz
2026-09-08T20:45:09.817+01:00 INFO : Decompressing waveform using inline_linear
2026-09-08T20:45:09.822+01:00 INFO : Filtering template 350/384 segment 1/5
2026-09-08T20:45:09.863+01:00 INFO : 2 points above threshold
2026-09-08T20:45:09.878+01:00 INFO : Filtering template 350/384 segment 2/5
2026-09-08T20:45:09.915+01:00 INFO : 1 points above threshold
2026-09-08T20:45:09.921+01:00 INFO : Filtering template 350/384 segment 3/5
2026-09-08T20:45:09.959+01:00 INFO : 1 points above threshold
2026-09-08T20:45:09.964+01:00 INFO : Filtering template 350/384 segment 4/5
2026-09-08T20:45:10.002+01:00 INFO : Filtering template 350/384 segment 5/5
2026-09-08T20:45:10.039+01:00 INFO : 5 points above threshold
2026-09-08T20:45:10.049+01:00 INFO : 350: generating IMRPhenomD from 30.0 Hz
2026-09-08T20:45:10.051+01:00 INFO : Decompressing waveform using inline_linear
2026-09-08T20:45:10.056+01:00 INFO : Filtering template 351/384 segment 1/5
2026-09-08T20:45:10.097+01:00 INFO : 1 points above threshold
2026-09-08T20:45:10.112+01:00 INFO : Filtering template 351/384 segment 2/5
2026-09-08T20:45:10.149+01:00 INFO : Filtering template 351/384 segment 3/5
2026-09-08T20:45:10.187+01:00 INFO : Filtering template 351/384 segment 4/5
2026-09-08T20:45:10.224+01:00 INFO : 2 points above threshold
2026-09-08T20:45:10.230+01:00 INFO : Filtering template 351/384 segment 5/5
2026-09-08T20:45:10.267+01:00 INFO : 351: generating IMRPhenomD from 30.0 Hz
2026-09-08T20:45:10.270+01:00 INFO : Decompressing waveform using inline_linear
2026-09-08T20:45:10.275+01:00 INFO : Filtering template 352/384 segment 1/5
2026-09-08T20:45:10.315+01:00 INFO : Filtering template 352/384 segment 2/5
2026-09-08T20:45:10.353+01:00 INFO : Filtering template 352/384 segment 3/5
2026-09-08T20:45:10.390+01:00 INFO : Filtering template 352/384 segment 4/5
2026-09-08T20:45:10.427+01:00 INFO : 1 points above threshold
2026-09-08T20:45:10.443+01:00 INFO : Filtering template 352/384 segment 5/5
2026-09-08T20:45:10.480+01:00 INFO : 1 points above threshold
2026-09-08T20:45:10.486+01:00 INFO : 352: generating IMRPhenomD from 30.0 Hz
2026-09-08T20:45:10.489+01:00 INFO : Decompressing waveform using inline_linear
2026-09-08T20:45:10.494+01:00 INFO : Filtering template 353/384 segment 1/5
2026-09-08T20:45:10.534+01:00 INFO : 1 points above threshold
2026-09-08T20:45:10.549+01:00 INFO : Filtering template 353/384 segment 2/5
2026-09-08T20:45:10.587+01:00 INFO : 2 points above threshold
2026-09-08T20:45:10.592+01:00 INFO : Filtering template 353/384 segment 3/5
2026-09-08T20:45:10.630+01:00 INFO : 2 points above threshold
2026-09-08T20:45:10.635+01:00 INFO : Filtering template 353/384 segment 4/5
2026-09-08T20:45:10.673+01:00 INFO : 1 points above threshold
2026-09-08T20:45:10.679+01:00 INFO : Filtering template 353/384 segment 5/5
2026-09-08T20:45:10.716+01:00 INFO : 353: generating IMRPhenomD from 30.0 Hz
2026-09-08T20:45:10.719+01:00 INFO : Decompressing waveform using inline_linear
2026-09-08T20:45:10.724+01:00 INFO : Filtering template 354/384 segment 1/5
2026-09-08T20:45:10.764+01:00 INFO : 4 points above threshold
2026-09-08T20:45:10.780+01:00 INFO : Filtering template 354/384 segment 2/5
2026-09-08T20:45:10.817+01:00 INFO : 1 points above threshold
2026-09-08T20:45:10.823+01:00 INFO : Filtering template 354/384 segment 3/5
2026-09-08T20:45:10.860+01:00 INFO : Filtering template 354/384 segment 4/5
2026-09-08T20:45:10.897+01:00 INFO : Filtering template 354/384 segment 5/5
2026-09-08T20:45:10.935+01:00 INFO : 1 points above threshold
2026-09-08T20:45:10.941+01:00 INFO : 354: generating IMRPhenomD from 30.0 Hz
2026-09-08T20:45:10.944+01:00 INFO : Decompressing waveform using inline_linear
2026-09-08T20:45:10.949+01:00 INFO : Filtering template 355/384 segment 1/5
2026-09-08T20:45:10.989+01:00 INFO : Filtering template 355/384 segment 2/5
2026-09-08T20:45:11.026+01:00 INFO : Filtering template 355/384 segment 3/5
2026-09-08T20:45:11.063+01:00 INFO : 1 points above threshold
2026-09-08T20:45:11.079+01:00 INFO : Filtering template 355/384 segment 4/5
2026-09-08T20:45:11.116+01:00 INFO : Filtering template 355/384 segment 5/5
2026-09-08T20:45:11.153+01:00 INFO : 2 points above threshold
2026-09-08T20:45:11.159+01:00 INFO : 355: generating IMRPhenomD from 30.0 Hz
2026-09-08T20:45:11.162+01:00 INFO : Decompressing waveform using inline_linear
2026-09-08T20:45:11.167+01:00 INFO : Filtering template 356/384 segment 1/5
2026-09-08T20:45:11.207+01:00 INFO : 1 points above threshold
2026-09-08T20:45:11.223+01:00 INFO : Filtering template 356/384 segment 2/5
2026-09-08T20:45:11.260+01:00 INFO : 2 points above threshold
2026-09-08T20:45:11.266+01:00 INFO : Filtering template 356/384 segment 3/5
2026-09-08T20:45:11.304+01:00 INFO : 2 points above threshold
2026-09-08T20:45:11.309+01:00 INFO : Filtering template 356/384 segment 4/5
2026-09-08T20:45:11.346+01:00 INFO : 2 points above threshold
2026-09-08T20:45:11.352+01:00 INFO : Filtering template 356/384 segment 5/5
2026-09-08T20:45:11.390+01:00 INFO : 1 points above threshold
2026-09-08T20:45:11.396+01:00 INFO : 356: generating IMRPhenomD from 30.0 Hz
2026-09-08T20:45:11.398+01:00 INFO : Decompressing waveform using inline_linear
2026-09-08T20:45:11.403+01:00 INFO : Filtering template 357/384 segment 1/5
2026-09-08T20:45:11.444+01:00 INFO : 2 points above threshold
2026-09-08T20:45:11.459+01:00 INFO : Filtering template 357/384 segment 2/5
2026-09-08T20:45:11.496+01:00 INFO : Filtering template 357/384 segment 3/5
2026-09-08T20:45:11.534+01:00 INFO : 4 points above threshold
2026-09-08T20:45:11.540+01:00 INFO : Filtering template 357/384 segment 4/5
2026-09-08T20:45:11.577+01:00 INFO : 1 points above threshold
2026-09-08T20:45:11.583+01:00 INFO : Filtering template 357/384 segment 5/5
2026-09-08T20:45:11.621+01:00 INFO : 357: generating IMRPhenomD from 30.0 Hz
2026-09-08T20:45:11.623+01:00 INFO : Decompressing waveform using inline_linear
2026-09-08T20:45:11.628+01:00 INFO : Filtering template 358/384 segment 1/5
2026-09-08T20:45:11.669+01:00 INFO : 2 points above threshold
2026-09-08T20:45:11.684+01:00 INFO : Filtering template 358/384 segment 2/5
2026-09-08T20:45:11.721+01:00 INFO : 2 points above threshold
2026-09-08T20:45:11.727+01:00 INFO : Filtering template 358/384 segment 3/5
2026-09-08T20:45:11.764+01:00 INFO : Filtering template 358/384 segment 4/5
2026-09-08T20:45:11.801+01:00 INFO : 1 points above threshold
2026-09-08T20:45:11.807+01:00 INFO : Filtering template 358/384 segment 5/5
2026-09-08T20:45:11.844+01:00 INFO : 358: generating IMRPhenomD from 30.0 Hz
2026-09-08T20:45:11.847+01:00 INFO : Decompressing waveform using inline_linear
2026-09-08T20:45:11.852+01:00 INFO : Filtering template 359/384 segment 1/5
2026-09-08T20:45:11.892+01:00 INFO : 2 points above threshold
2026-09-08T20:45:11.908+01:00 INFO : Filtering template 359/384 segment 2/5
2026-09-08T20:45:11.945+01:00 INFO : 2 points above threshold
2026-09-08T20:45:11.951+01:00 INFO : Filtering template 359/384 segment 3/5
2026-09-08T20:45:11.988+01:00 INFO : Filtering template 359/384 segment 4/5
2026-09-08T20:45:12.026+01:00 INFO : 1 points above threshold
2026-09-08T20:45:12.032+01:00 INFO : Filtering template 359/384 segment 5/5
2026-09-08T20:45:12.069+01:00 INFO : 2 points above threshold
2026-09-08T20:45:12.075+01:00 INFO : 359: generating IMRPhenomD from 30.0 Hz
2026-09-08T20:45:12.077+01:00 INFO : Decompressing waveform using inline_linear
2026-09-08T20:45:12.082+01:00 INFO : Filtering template 360/384 segment 1/5
2026-09-08T20:45:12.123+01:00 INFO : Filtering template 360/384 segment 2/5
2026-09-08T20:45:12.160+01:00 INFO : Filtering template 360/384 segment 3/5
2026-09-08T20:45:12.197+01:00 INFO : 2 points above threshold
2026-09-08T20:45:12.212+01:00 INFO : Filtering template 360/384 segment 4/5
2026-09-08T20:45:12.249+01:00 INFO : Filtering template 360/384 segment 5/5
2026-09-08T20:45:12.287+01:00 INFO : 2 points above threshold
2026-09-08T20:45:12.293+01:00 INFO : 360: generating IMRPhenomD from 30.0 Hz
2026-09-08T20:45:12.295+01:00 INFO : Decompressing waveform using inline_linear
2026-09-08T20:45:12.300+01:00 INFO : Filtering template 361/384 segment 1/5
2026-09-08T20:45:12.340+01:00 INFO : 1 points above threshold
2026-09-08T20:45:12.356+01:00 INFO : Filtering template 361/384 segment 2/5
2026-09-08T20:45:12.393+01:00 INFO : 1 points above threshold
2026-09-08T20:45:12.399+01:00 INFO : Filtering template 361/384 segment 3/5
2026-09-08T20:45:12.436+01:00 INFO : 1 points above threshold
2026-09-08T20:45:12.442+01:00 INFO : Filtering template 361/384 segment 4/5
2026-09-08T20:45:12.479+01:00 INFO : 1 points above threshold
2026-09-08T20:45:12.485+01:00 INFO : Filtering template 361/384 segment 5/5
2026-09-08T20:45:12.522+01:00 INFO : 361: generating IMRPhenomD from 30.0 Hz
2026-09-08T20:45:12.525+01:00 INFO : Decompressing waveform using inline_linear
2026-09-08T20:45:12.530+01:00 INFO : Filtering template 362/384 segment 1/5
2026-09-08T20:45:12.570+01:00 INFO : 1 points above threshold
2026-09-08T20:45:12.586+01:00 INFO : Filtering template 362/384 segment 2/5
2026-09-08T20:45:12.623+01:00 INFO : 2 points above threshold
2026-09-08T20:45:12.629+01:00 INFO : Filtering template 362/384 segment 3/5
2026-09-08T20:45:12.666+01:00 INFO : 1 points above threshold
2026-09-08T20:45:12.672+01:00 INFO : Filtering template 362/384 segment 4/5
2026-09-08T20:45:12.709+01:00 INFO : Filtering template 362/384 segment 5/5
2026-09-08T20:45:12.746+01:00 INFO : 1 points above threshold
2026-09-08T20:45:12.752+01:00 INFO : 362: generating IMRPhenomD from 30.0 Hz
2026-09-08T20:45:12.755+01:00 INFO : Decompressing waveform using inline_linear
2026-09-08T20:45:12.759+01:00 INFO : Filtering template 363/384 segment 1/5
2026-09-08T20:45:12.800+01:00 INFO : 3 points above threshold
2026-09-08T20:45:12.817+01:00 INFO : Filtering template 363/384 segment 2/5
2026-09-08T20:45:12.854+01:00 INFO : Filtering template 363/384 segment 3/5
2026-09-08T20:45:12.891+01:00 INFO : 1 points above threshold
2026-09-08T20:45:12.897+01:00 INFO : Filtering template 363/384 segment 4/5
2026-09-08T20:45:12.934+01:00 INFO : 1 points above threshold
2026-09-08T20:45:12.940+01:00 INFO : Filtering template 363/384 segment 5/5
2026-09-08T20:45:12.977+01:00 INFO : 1 points above threshold
2026-09-08T20:45:12.984+01:00 INFO : 363: generating IMRPhenomD from 30.0 Hz
2026-09-08T20:45:12.986+01:00 INFO : Decompressing waveform using inline_linear
2026-09-08T20:45:12.991+01:00 INFO : Filtering template 364/384 segment 1/5
2026-09-08T20:45:13.032+01:00 INFO : Filtering template 364/384 segment 2/5
2026-09-08T20:45:13.069+01:00 INFO : 1 points above threshold
2026-09-08T20:45:13.084+01:00 INFO : Filtering template 364/384 segment 3/5
2026-09-08T20:45:13.121+01:00 INFO : Filtering template 364/384 segment 4/5
2026-09-08T20:45:13.158+01:00 INFO : 2 points above threshold
2026-09-08T20:45:13.164+01:00 INFO : Filtering template 364/384 segment 5/5
2026-09-08T20:45:13.201+01:00 INFO : 1 points above threshold
2026-09-08T20:45:13.207+01:00 INFO : 364: generating IMRPhenomD from 30.0 Hz
2026-09-08T20:45:13.210+01:00 INFO : Decompressing waveform using inline_linear
2026-09-08T20:45:13.215+01:00 INFO : Filtering template 365/384 segment 1/5
2026-09-08T20:45:13.255+01:00 INFO : Filtering template 365/384 segment 2/5
2026-09-08T20:45:13.292+01:00 INFO : 2 points above threshold
2026-09-08T20:45:13.307+01:00 INFO : Filtering template 365/384 segment 3/5
2026-09-08T20:45:13.344+01:00 INFO : Filtering template 365/384 segment 4/5
2026-09-08T20:45:13.381+01:00 INFO : 2 points above threshold
2026-09-08T20:45:13.387+01:00 INFO : Filtering template 365/384 segment 5/5
2026-09-08T20:45:13.424+01:00 INFO : 1 points above threshold
2026-09-08T20:45:13.431+01:00 INFO : 365: generating IMRPhenomD from 30.0 Hz
2026-09-08T20:45:13.433+01:00 INFO : Decompressing waveform using inline_linear
2026-09-08T20:45:13.438+01:00 INFO : Filtering template 366/384 segment 1/5
2026-09-08T20:45:13.478+01:00 INFO : 1 points above threshold
2026-09-08T20:45:13.494+01:00 INFO : Filtering template 366/384 segment 2/5
2026-09-08T20:45:13.531+01:00 INFO : 1 points above threshold
2026-09-08T20:45:13.537+01:00 INFO : Filtering template 366/384 segment 3/5
2026-09-08T20:45:13.574+01:00 INFO : 1 points above threshold
2026-09-08T20:45:13.580+01:00 INFO : Filtering template 366/384 segment 4/5
2026-09-08T20:45:13.617+01:00 INFO : 2 points above threshold
2026-09-08T20:45:13.623+01:00 INFO : Filtering template 366/384 segment 5/5
2026-09-08T20:45:13.660+01:00 INFO : 366: generating IMRPhenomD from 30.0 Hz
2026-09-08T20:45:13.663+01:00 INFO : Decompressing waveform using inline_linear
2026-09-08T20:45:13.667+01:00 INFO : Filtering template 367/384 segment 1/5
2026-09-08T20:45:13.708+01:00 INFO : 2 points above threshold
2026-09-08T20:45:13.723+01:00 INFO : Filtering template 367/384 segment 2/5
2026-09-08T20:45:13.760+01:00 INFO : Filtering template 367/384 segment 3/5
2026-09-08T20:45:13.797+01:00 INFO : Filtering template 367/384 segment 4/5
2026-09-08T20:45:13.834+01:00 INFO : 1 points above threshold
2026-09-08T20:45:13.840+01:00 INFO : Filtering template 367/384 segment 5/5
2026-09-08T20:45:13.877+01:00 INFO : 3 points above threshold
2026-09-08T20:45:13.885+01:00 INFO : 367: generating IMRPhenomD from 30.0 Hz
2026-09-08T20:45:13.888+01:00 INFO : Decompressing waveform using inline_linear
2026-09-08T20:45:13.892+01:00 INFO : Filtering template 368/384 segment 1/5
2026-09-08T20:45:13.933+01:00 INFO : 2 points above threshold
2026-09-08T20:45:13.948+01:00 INFO : Filtering template 368/384 segment 2/5
2026-09-08T20:45:13.985+01:00 INFO : Filtering template 368/384 segment 3/5
2026-09-08T20:45:14.023+01:00 INFO : Filtering template 368/384 segment 4/5
2026-09-08T20:45:14.060+01:00 INFO : 1 points above threshold
2026-09-08T20:45:14.066+01:00 INFO : Filtering template 368/384 segment 5/5
2026-09-08T20:45:14.103+01:00 INFO : 368: generating IMRPhenomD from 30.0 Hz
2026-09-08T20:45:14.106+01:00 INFO : Decompressing waveform using inline_linear
2026-09-08T20:45:14.111+01:00 INFO : Filtering template 369/384 segment 1/5
2026-09-08T20:45:14.151+01:00 INFO : 1 points above threshold
2026-09-08T20:45:14.167+01:00 INFO : Filtering template 369/384 segment 2/5
2026-09-08T20:45:14.204+01:00 INFO : Filtering template 369/384 segment 3/5
2026-09-08T20:45:14.241+01:00 INFO : 1 points above threshold
2026-09-08T20:45:14.247+01:00 INFO : Filtering template 369/384 segment 4/5
2026-09-08T20:45:14.284+01:00 INFO : 2 points above threshold
2026-09-08T20:45:14.290+01:00 INFO : Filtering template 369/384 segment 5/5
2026-09-08T20:45:14.327+01:00 INFO : 2 points above threshold
2026-09-08T20:45:14.333+01:00 INFO : 369: generating IMRPhenomD from 30.0 Hz
2026-09-08T20:45:14.336+01:00 INFO : Decompressing waveform using inline_linear
2026-09-08T20:45:14.341+01:00 INFO : Filtering template 370/384 segment 1/5
2026-09-08T20:45:14.385+01:00 INFO : Filtering template 370/384 segment 2/5
2026-09-08T20:45:14.425+01:00 INFO : 2 points above threshold
2026-09-08T20:45:14.441+01:00 INFO : Filtering template 370/384 segment 3/5
2026-09-08T20:45:14.479+01:00 INFO : 2 points above threshold
2026-09-08T20:45:14.485+01:00 INFO : Filtering template 370/384 segment 4/5
2026-09-08T20:45:14.522+01:00 INFO : 2 points above threshold
2026-09-08T20:45:14.528+01:00 INFO : Filtering template 370/384 segment 5/5
2026-09-08T20:45:14.565+01:00 INFO : 370: generating IMRPhenomD from 30.0 Hz
2026-09-08T20:45:14.568+01:00 INFO : Decompressing waveform using inline_linear
2026-09-08T20:45:14.572+01:00 INFO : Filtering template 371/384 segment 1/5
2026-09-08T20:45:14.613+01:00 INFO : 1 points above threshold
2026-09-08T20:45:14.628+01:00 INFO : Filtering template 371/384 segment 2/5
2026-09-08T20:45:14.665+01:00 INFO : Filtering template 371/384 segment 3/5
2026-09-08T20:45:14.702+01:00 INFO : 1 points above threshold
2026-09-08T20:45:14.708+01:00 INFO : Filtering template 371/384 segment 4/5
2026-09-08T20:45:14.745+01:00 INFO : Filtering template 371/384 segment 5/5
2026-09-08T20:45:14.782+01:00 INFO : 1 points above threshold
2026-09-08T20:45:14.788+01:00 INFO : 371: generating IMRPhenomD from 30.0 Hz
2026-09-08T20:45:14.791+01:00 INFO : Decompressing waveform using inline_linear
2026-09-08T20:45:14.796+01:00 INFO : Filtering template 372/384 segment 1/5
2026-09-08T20:45:14.836+01:00 INFO : 1 points above threshold
2026-09-08T20:45:14.852+01:00 INFO : Filtering template 372/384 segment 2/5
2026-09-08T20:45:14.889+01:00 INFO : 3 points above threshold
2026-09-08T20:45:14.896+01:00 INFO : Filtering template 372/384 segment 3/5
2026-09-08T20:45:14.933+01:00 INFO : 1 points above threshold
2026-09-08T20:45:14.939+01:00 INFO : Filtering template 372/384 segment 4/5
2026-09-08T20:45:14.976+01:00 INFO : Filtering template 372/384 segment 5/5
2026-09-08T20:45:15.014+01:00 INFO : 372: generating IMRPhenomD from 30.0 Hz
2026-09-08T20:45:15.017+01:00 INFO : Decompressing waveform using inline_linear
2026-09-08T20:45:15.021+01:00 INFO : Filtering template 373/384 segment 1/5
2026-09-08T20:45:15.062+01:00 INFO : 3 points above threshold
2026-09-08T20:45:15.079+01:00 INFO : Filtering template 373/384 segment 2/5
2026-09-08T20:45:15.117+01:00 INFO : 1 points above threshold
2026-09-08T20:45:15.123+01:00 INFO : Filtering template 373/384 segment 3/5
2026-09-08T20:45:15.160+01:00 INFO : 2 points above threshold
2026-09-08T20:45:15.166+01:00 INFO : Filtering template 373/384 segment 4/5
2026-09-08T20:45:15.203+01:00 INFO : Filtering template 373/384 segment 5/5
2026-09-08T20:45:15.240+01:00 INFO : 1 points above threshold
2026-09-08T20:45:15.246+01:00 INFO : 373: generating IMRPhenomD from 30.0 Hz
2026-09-08T20:45:15.249+01:00 INFO : Decompressing waveform using inline_linear
2026-09-08T20:45:15.254+01:00 INFO : Filtering template 374/384 segment 1/5
2026-09-08T20:45:15.294+01:00 INFO : Filtering template 374/384 segment 2/5
2026-09-08T20:45:15.331+01:00 INFO : Filtering template 374/384 segment 3/5
2026-09-08T20:45:15.368+01:00 INFO : 2 points above threshold
2026-09-08T20:45:15.383+01:00 INFO : Filtering template 374/384 segment 4/5
2026-09-08T20:45:15.420+01:00 INFO : Filtering template 374/384 segment 5/5
2026-09-08T20:45:15.457+01:00 INFO : 1 points above threshold
2026-09-08T20:45:15.464+01:00 INFO : 374: generating IMRPhenomD from 30.0 Hz
2026-09-08T20:45:15.466+01:00 INFO : Decompressing waveform using inline_linear
2026-09-08T20:45:15.471+01:00 INFO : Filtering template 375/384 segment 1/5
2026-09-08T20:45:15.511+01:00 INFO : 1 points above threshold
2026-09-08T20:45:15.527+01:00 INFO : Filtering template 375/384 segment 2/5
2026-09-08T20:45:15.564+01:00 INFO : Filtering template 375/384 segment 3/5
2026-09-08T20:45:15.601+01:00 INFO : 1 points above threshold
2026-09-08T20:45:15.607+01:00 INFO : Filtering template 375/384 segment 4/5
2026-09-08T20:45:15.644+01:00 INFO : 3 points above threshold
2026-09-08T20:45:15.651+01:00 INFO : Filtering template 375/384 segment 5/5
2026-09-08T20:45:15.688+01:00 INFO : 1 points above threshold
2026-09-08T20:45:15.695+01:00 INFO : 375: generating IMRPhenomD from 30.0 Hz
2026-09-08T20:45:15.697+01:00 INFO : Decompressing waveform using inline_linear
2026-09-08T20:45:15.702+01:00 INFO : Filtering template 376/384 segment 1/5
2026-09-08T20:45:15.742+01:00 INFO : Filtering template 376/384 segment 2/5
2026-09-08T20:45:15.780+01:00 INFO : Filtering template 376/384 segment 3/5
2026-09-08T20:45:15.817+01:00 INFO : Filtering template 376/384 segment 4/5
2026-09-08T20:45:15.854+01:00 INFO : 1 points above threshold
2026-09-08T20:45:15.870+01:00 INFO : Filtering template 376/384 segment 5/5
2026-09-08T20:45:15.907+01:00 INFO : 1 points above threshold
2026-09-08T20:45:15.913+01:00 INFO : 376: generating IMRPhenomD from 30.0 Hz
2026-09-08T20:45:15.915+01:00 INFO : Decompressing waveform using inline_linear
2026-09-08T20:45:15.920+01:00 INFO : Filtering template 377/384 segment 1/5
2026-09-08T20:45:15.961+01:00 INFO : 2 points above threshold
2026-09-08T20:45:15.979+01:00 INFO : Filtering template 377/384 segment 2/5
2026-09-08T20:45:16.016+01:00 INFO : Filtering template 377/384 segment 3/5
2026-09-08T20:45:16.054+01:00 INFO : 1 points above threshold
2026-09-08T20:45:16.059+01:00 INFO : Filtering template 377/384 segment 4/5
2026-09-08T20:45:16.096+01:00 INFO : 2 points above threshold
2026-09-08T20:45:16.102+01:00 INFO : Filtering template 377/384 segment 5/5
2026-09-08T20:45:16.140+01:00 INFO : 377: generating IMRPhenomD from 30.0 Hz
2026-09-08T20:45:16.142+01:00 INFO : Decompressing waveform using inline_linear
2026-09-08T20:45:16.147+01:00 INFO : Filtering template 378/384 segment 1/5
2026-09-08T20:45:16.188+01:00 INFO : 3 points above threshold
2026-09-08T20:45:16.208+01:00 INFO : Filtering template 378/384 segment 2/5
2026-09-08T20:45:16.245+01:00 INFO : 3 points above threshold
2026-09-08T20:45:16.253+01:00 INFO : Filtering template 378/384 segment 3/5
2026-09-08T20:45:16.290+01:00 INFO : Filtering template 378/384 segment 4/5
2026-09-08T20:45:16.327+01:00 INFO : Filtering template 378/384 segment 5/5
2026-09-08T20:45:16.365+01:00 INFO : 1 points above threshold
2026-09-08T20:45:16.371+01:00 INFO : 378: generating IMRPhenomD from 30.0 Hz
2026-09-08T20:45:16.373+01:00 INFO : Decompressing waveform using inline_linear
2026-09-08T20:45:16.378+01:00 INFO : Filtering template 379/384 segment 1/5
2026-09-08T20:45:16.419+01:00 INFO : 2 points above threshold
2026-09-08T20:45:16.434+01:00 INFO : Filtering template 379/384 segment 2/5
2026-09-08T20:45:16.471+01:00 INFO : Filtering template 379/384 segment 3/5
2026-09-08T20:45:16.508+01:00 INFO : 1 points above threshold
2026-09-08T20:45:16.514+01:00 INFO : Filtering template 379/384 segment 4/5
2026-09-08T20:45:16.551+01:00 INFO : 2 points above threshold
2026-09-08T20:45:16.557+01:00 INFO : Filtering template 379/384 segment 5/5
2026-09-08T20:45:16.594+01:00 INFO : 1 points above threshold
2026-09-08T20:45:16.601+01:00 INFO : 379: generating IMRPhenomD from 30.0 Hz
2026-09-08T20:45:16.603+01:00 INFO : Decompressing waveform using inline_linear
2026-09-08T20:45:16.608+01:00 INFO : Filtering template 380/384 segment 1/5
2026-09-08T20:45:16.649+01:00 INFO : Filtering template 380/384 segment 2/5
2026-09-08T20:45:16.686+01:00 INFO : 1 points above threshold
2026-09-08T20:45:16.701+01:00 INFO : Filtering template 380/384 segment 3/5
2026-09-08T20:45:16.739+01:00 INFO : 1 points above threshold
2026-09-08T20:45:16.744+01:00 INFO : Filtering template 380/384 segment 4/5
2026-09-08T20:45:16.782+01:00 INFO : 1 points above threshold
2026-09-08T20:45:16.787+01:00 INFO : Filtering template 380/384 segment 5/5
2026-09-08T20:45:16.825+01:00 INFO : 1 points above threshold
2026-09-08T20:45:16.831+01:00 INFO : 380: generating IMRPhenomD from 30.0 Hz
2026-09-08T20:45:16.833+01:00 INFO : Decompressing waveform using inline_linear
2026-09-08T20:45:16.838+01:00 INFO : Filtering template 381/384 segment 1/5
2026-09-08T20:45:16.878+01:00 INFO : 3 points above threshold
2026-09-08T20:45:16.896+01:00 INFO : Filtering template 381/384 segment 2/5
2026-09-08T20:45:16.933+01:00 INFO : 1 points above threshold
2026-09-08T20:45:16.939+01:00 INFO : Filtering template 381/384 segment 3/5
2026-09-08T20:45:16.976+01:00 INFO : 1 points above threshold
2026-09-08T20:45:16.982+01:00 INFO : Filtering template 381/384 segment 4/5
2026-09-08T20:45:17.019+01:00 INFO : Filtering template 381/384 segment 5/5
2026-09-08T20:45:17.057+01:00 INFO : 2 points above threshold
2026-09-08T20:45:17.063+01:00 INFO : 381: generating IMRPhenomD from 30.0 Hz
2026-09-08T20:45:17.066+01:00 INFO : Decompressing waveform using inline_linear
2026-09-08T20:45:17.070+01:00 INFO : Filtering template 382/384 segment 1/5
2026-09-08T20:45:17.111+01:00 INFO : 4 points above threshold
2026-09-08T20:45:17.126+01:00 INFO : Filtering template 382/384 segment 2/5
2026-09-08T20:45:17.163+01:00 INFO : Filtering template 382/384 segment 3/5
2026-09-08T20:45:17.200+01:00 INFO : 3 points above threshold
2026-09-08T20:45:17.208+01:00 INFO : Filtering template 382/384 segment 4/5
2026-09-08T20:45:17.245+01:00 INFO : 1 points above threshold
2026-09-08T20:45:17.251+01:00 INFO : Filtering template 382/384 segment 5/5
2026-09-08T20:45:17.289+01:00 INFO : 3 points above threshold
2026-09-08T20:45:17.297+01:00 INFO : 382: generating IMRPhenomD from 30.0 Hz
2026-09-08T20:45:17.300+01:00 INFO : Decompressing waveform using inline_linear
2026-09-08T20:45:17.305+01:00 INFO : Filtering template 383/384 segment 1/5
2026-09-08T20:45:17.345+01:00 INFO : 1 points above threshold
2026-09-08T20:45:17.361+01:00 INFO : Filtering template 383/384 segment 2/5
2026-09-08T20:45:17.398+01:00 INFO : 2 points above threshold
2026-09-08T20:45:17.404+01:00 INFO : Filtering template 383/384 segment 3/5
2026-09-08T20:45:17.441+01:00 INFO : Filtering template 383/384 segment 4/5
2026-09-08T20:45:17.478+01:00 INFO : 2 points above threshold
2026-09-08T20:45:17.484+01:00 INFO : Filtering template 383/384 segment 5/5
2026-09-08T20:45:17.521+01:00 INFO : 3 points above threshold
2026-09-08T20:45:17.529+01:00 INFO : 383: generating IMRPhenomD from 30.0 Hz
2026-09-08T20:45:17.531+01:00 INFO : Decompressing waveform using inline_linear
2026-09-08T20:45:17.536+01:00 INFO : Filtering template 384/384 segment 1/5
2026-09-08T20:45:17.577+01:00 INFO : 3 points above threshold
2026-09-08T20:45:17.594+01:00 INFO : Filtering template 384/384 segment 2/5
2026-09-08T20:45:17.631+01:00 INFO : Filtering template 384/384 segment 3/5
2026-09-08T20:45:17.668+01:00 INFO : 2 points above threshold
2026-09-08T20:45:17.674+01:00 INFO : Filtering template 384/384 segment 4/5
2026-09-08T20:45:17.711+01:00 INFO : Filtering template 384/384 segment 5/5
2026-09-08T20:45:17.749+01:00 INFO : 2 points above threshold
2026-09-08T20:45:17.755+01:00 INFO : We currently have 2203 triggers
2026-09-08T20:45:17.755+01:00 INFO : Removing triggers with NewSNR below threshold
2026-09-08T20:45:17.755+01:00 INFO : 1988 remaining triggers
2026-09-08T20:45:17.755+01:00 INFO : Outputting 1988 triggers
2026-09-08T20:45:17.755+01:00 INFO : Writing out triggers
2026-09-08T20:45:17.772+01:00 INFO : Finished
