steps,frequency_index,recurrence_modulus_minus_one,direct_modulus_minus_one,recurrence_phase_error_rad,direct_phase_error_rad,pi_constant_phase_bias_rad,double_cpu_pi_modulus_minus_one,double_cpu_pi_phase_error_rad,double_full_pi_modulus_minus_one,double_full_pi_phase_error_rad
0,150980,1.2636974133783951e-08,1.1030580893134356e-08,-0.00011142505341865712,-1.3386231961508347e-08,-0.00011143540673746902,0.0,-0.00011143540685530004,0.0,-9.966548252547876e-11
512,151492,1.4399897175332299e-05,-2.9379185750855186e-08,-0.00011411471209964014,4.0177358799612743e-10,-0.00011181330399703707,-6.772360450213455e-15,-0.0001118133040890133,-1.9317880628477724e-14,-9.987472221260968e-11
1024,152004,2.9008721053935815e-05,-2.050308567369541e-08,-0.00011753316139801248,-6.320939768650496e-09,-0.00011219120125660511,-1.5210055437364645e-14,-0.00011219120132349993,-3.852473895449293e-14,-1.0008247062294049e-10
1536,152516,4.182668723817784e-05,8.941952067686998e-09,-0.00012059414935374192,-1.2868153770330415e-11,-0.00011256909851617316,-2.3425705819590803e-14,-0.00011256909855597406,-5.750955267558311e-14,-1.0029189027083161e-10
2048,153028,5.5505499607866327e-05,1.2816203209808918e-08,-0.00012380884418789932,1.9266319193811234e-08,-0.00011294699577574121,-3.0753177782116836e-14,-0.00011294699579019176,-7.66053886991358e-14,-1.004999185843582e-10
2560,153540,6.982642930353222e-05,2.544703447959762e-08,-0.00012723986361709214,4.686855506969528e-09,-0.00011332489303530926,-3.8968828164342995e-14,-0.00011332489302470201,-9.348077867343818e-14,-1.0070833501065304e-10
3072,154052,8.403198757567232e-05,-3.407708126790254e-08,-0.00013034871998355955,2.0806254724195004e-09,-0.00011370279029487731,-4.8183679268731794e-14,-0.00011370279025802451,-1.1313172620930345e-13,-1.0091784755347447e-10
3584,154564,9.764282552038317e-05,1.7752837422335688e-08,-0.0001328140129870717,5.623652801603973e-09,-0.00011408068755444536,-5.473399511402022e-14,-0.00011408068749382918,-1.3322676295501878e-13,-1.0112688613623281e-10
4096,155076,0.000111581414452111,2.1698585817020444e-08,-0.000136746189008927,-1.5756327553326543e-08,-0.00011445858481401341,-6.283862319378386e-14,-0.00011445858472795507,-1.5076828674409626e-13,-1.0133696121048357e-10
4608,155588,0.00012509705422569795,2.4195559111817033e-08,-0.00013938960290182524,1.3185164153894175e-08,-0.00011483648207358146,-6.938893903907228e-14,-0.00011483648196146375,-1.680877659282487e-13,-1.0154576107539522e-10
5120,156100,0.00013791688671882518,5.434986238839201e-09,-0.00014276991042514627,8.369412427557202e-10,-0.00011521437933314951,-7.838174553853605e-14,-0.00011521437919524724,-1.872946242542639e-13,-1.0175457490259241e-10
5632,156612,0.00015105020435868255,-3.2344849132392994e-08,-0.00014552602116401644,-2.637984097809522e-09,-0.00011559227659271756,-8.681944052568724e-14,-0.00011559227642987237,-2.0650148258027912e-13,-1.0196321079561627e-10
6144,157124,0.00016554265519386213,7.958597336710227e-09,-0.00014919132448950074,-5.911063671234703e-09,-0.00011597017385228561,-9.43689570931383e-14,-0.00011597017366496983,-2.2459811788166917e-13,-1.0217262550497805e-10
6656,157636,0.00017954987953650026,-1.8070689944416074e-08,-0.0001521180227954075,-1.222335998307761e-08,-0.00011634807111185366,-1.0436096431476471e-13,-0.0001163480708978524,-2.4347190930029683e-13,-1.0238200705791951e-10
7168,158148,0.00019349807236768157,-2.8872895185827474e-09,-0.0001555364802281977,-1.3575538524743715e-09,-0.00011672596837142171,-1.142419492339286e-13,-0.0001167259681313288,-2.62234678416462e-13,-1.0259209376848914e-10
7680,158660,0.00020839483199242004,-4.6404089459883835e-09,-0.00015960304686768996,-3.392605065331909e-08,-0.00011710386563098976,-1.241229341530925e-13,-0.00011710386536510448,-2.7922109069322687e-13,-1.0280176439152462e-10
8192,159172,0.0002214476984332414,2.4480092841727696e-08,-0.00016322965763404553,1.1058607529294133e-10,-0.00011748176289055781,-1.3145040611561853e-13,-0.00011748176259969278,-2.97983859809392e-13,-1.0301105646907605e-10
8704,159684,0.0002346879509858013,2.334310522655869e-09,-0.00016703989670170078,-1.2511840618223553e-09,-0.00011785966015012586,-1.3733458814613186e-13,-0.00011785965983236954,-3.1863400806741993e-13,-1.0322209733950303e-10
9216,160196,0.0002497949467290539,-8.467956558178003e-09,-0.0001697431334716952,-8.79543089669395e-09,-0.00011823755740969391,-1.454392162258955e-13,-0.00011823755706685488,-3.3739677718358507e-13,-1.0343224920202116e-10
9728,160708,0.0002641177333724265,1.3405058396642744e-08,-0.00017310481486732812,-2.9236613423065877e-08,-0.00011861545466926196,-1.532107773982716e-13,-0.00011861545430030978,-3.5638159090467525e-13,-1.0363981556022519e-10
10240,161220,0.0002774257648729961,1.857884002198773e-08,-0.00017688838864337217,1.913491864103081e-08,-0.00011899335192883001,-1.6420198534206065e-13,-0.00011899335153501035,-3.7214675785435247e-13,-1.0384888636926707e-10
10752,161732,0.00029081886154780356,2.5467182362959306e-08,-0.00018098734549914743,-1.2369752962060959e-08,-0.00011937124918839806,-1.7130741269966165e-13,-0.00011937124877058297,-3.9057646006313007e-13,-1.0405792141634877e-10
11264,162244,0.0003043468841337216,-2.563093770557856e-08,-0.00018488796578413518,-1.081880204969501e-08,-0.00011974914644796611,-1.7907897387203775e-13,-0.0001197491460032291,-4.1089354141377044e-13,-1.0426691431552044e-10
11776,162756,0.0003191869782268597,2.7808965352704718e-08,-0.00018879466169066984,-4.932098888264817e-09,-0.00012012704370753416,-1.8662849043948881e-13,-0.00012012704323647035,-4.306555112520982e-13,-1.0447650063542786e-10
12288,163268,0.0003335952872742798,-3.1145090506612405e-08,-0.00019255828662121397,1.3153684816241785e-09,-0.00012050494096710221,-1.9317880628477724e-13,-0.00012050494047163618,-4.5063952569535104e-13,-1.0468536959137784e-10
12800,163780,0.00034805012728567064,1.538468752393385e-08,-0.00019551851502840658,-1.5603663357997032e-10,-0.00012088283822667026,-2.0106138975961585e-13,-0.00012088283770646241,-4.695133171139787e-13,-1.0489494206477047e-10
13312,164292,0.0003623764469773416,-3.741559950753981e-09,-0.00019847338686172636,2.6240109087442547e-08,-0.0001212607354862383,-2.0938806244430452e-13,-0.00012126073493988747,-4.881650639276813e-13,-1.0510261238924049e-10
13824,164804,0.0003759128712896853,-2.889838102149156e-08,-0.0002018626640911518,-3.241615423745261e-10,-0.00012163863274580636,-2.177147351289932e-13,-0.0001216386321752686,-5.061506769266089e-13,-1.053119163483842e-10
14336,165316,0.00039005241070899643,-2.5439828021944777e-09,-0.00020497436095575722,-2.0142570946789012e-08,-0.0001220165300053744,-2.2681856393091948e-13,-0.0001220165294092923,-5.258016244624741e-13,-1.0552048183120016e-10
14848,165828,0.0004035417577925582,-7.93237830976068e-09,-0.00020736274429524734,-6.116343205424057e-09,-0.00012239442726494246,-2.369215934550084e-13,-0.00012239442664227908,-5.45785638905727e-13,-1.057291250450509e-10
15360,166340,0.00041734279883631764,-3.914352653122677e-08,-0.00021043280693966286,-1.0075617533086382e-08,-0.0001227723245245105,-2.4347190930029683e-13,-0.00012277232387630717,-5.652145418366672e-13,-1.059380862758373e-10
15872,166852,0.00043148603615739134,7.23744086883471e-09,-0.00021367273785485652,-1.484603768905591e-10,-0.00012315022178407855,-2.51909604287448e-13,-0.00012315022110960034,-5.8475446707007e-13,-1.0614887820471432e-10
16384,167364,0.0004455314867581883,3.247584778875989e-08,-0.00021671238274853126,3.9315921411877263e-10,-0.0001235281190436466,-2.5912605394751154e-13,-0.0001235281183420922,-6.032951915813101e-13,-1.0635802054051196e-10
16896,167876,0.00045795332396481037,-1.5252473173354986e-08,-0.00021999787351586857,-1.1143748348031478e-09,-0.00012390601630321465,-2.6789681584205027e-13,-0.00012390601557659727,-6.221689829999377e-13,-1.0656746548938509e-10
17408,168388,0.00047247396838034916,8.940993723172141e-09,-0.0002231253602812324,4.429834284025961e-09,-0.0001242839135627827,-2.774447338538266e-13,-0.00012428391280939788,-6.41597885930878e-13,-1.067765856484422e-10
17920,168900,0.00048575218781543583,2.0741376394184385e-08,-0.00022575901789158838,-1.0366257649146547e-08,-0.00012466181082235075,-2.859934511434403e-13,-0.00012466181004324882,-6.608047442568932e-13,-1.0698631170436729e-10
18432,169412,0.0004992549001689994,2.3390884118512645e-08,-0.00022979613624622298,1.5044701605985886e-09,-0.0001250397080819188,-2.9409807922320397e-13,-0.00012503970727702736,-6.825651155395462e-13,-1.0719532824703619e-10
18944,169924,0.0005119415321246379,2.1119001436531448e-08,-0.0002326735763935541,4.021814866507684e-09,-0.00012541760534148685,-3.019806626980426e-13,-0.0001254176045112677,-7.016609515630989e-13,-1.074052951383098e-10
19456,170436,0.000526115779635683,1.4047008889406243e-08,-0.00023609582623019808,-1.1104910650754023e-09,-0.0001257955026010549,-3.1041835768519377e-13,-0.00012579550174493995,-7.19757586864489e-13,-1.0761527044067618e-10
19968,170948,0.0005403362691156488,1.7366284188469194e-08,-0.00023969297763821169,8.900592505942895e-09,-0.00012617339986062295,-3.168576512280197e-13,-0.00012617339898067563,-7.37632177560954e-13,-1.078248875445167e-10
20480,171460,0.000553584962784015,1.513683733911364e-08,-0.00024274319168554907,7.71736403720045e-10,-0.000126551297120191,-3.248512570053208e-13,-0.00012655129621356624,-7.595035711460696e-13,-1.0803422895744946e-10
20992,171972,0.000568060478476351,-7.97547095032769e-09,-0.00024675986449154035,-9.001712254108026e-09,-0.00012692919437975905,-3.320677066653843e-13,-0.00012692919344582538,-7.784883848671598e-13,-1.0824201653863618e-10
21504,172484,0.0005823030522300598,-8.323602140869468e-09,-0.0002493055762431902,6.146666453362622e-10,-0.0001273070916393271,-3.4017233474514796e-13,-0.00012730709068002133,-7.972511539833249e-13,-1.084499459327627e-10
22016,172996,0.0005964842057581965,8.107756244157827e-09,-0.0002532815687165749,2.3613092544473318e-09,-0.00012768498889889515,-3.482769628249116e-13,-0.0001276849879150586,-8.139044993527023e-13,-1.0865999332864087e-10
22528,173508,0.0006107132624997291,-2.4165886958193994e-08,-0.00025584480227282367,-2.0132662073046765e-09,-0.0001280628861584632,-3.566036355096003e-13,-0.00012806288514865516,-8.316680677467048e-13,-1.0886885183572462e-10
23040,174020,0.000624572520060207,-2.6247459206096835e-08,-0.00025939928793836087,2.0854466446094793e-09,-0.00012844078341803125,-3.6548541970660153e-13,-0.00012844078238125867,-8.484324354185446e-13,-1.0907788596429675e-10
23552,174532,0.0006390382283603113,-1.0145789541837757e-08,-0.0002630914890183119,5.48386959506683e-09,-0.0001288186806775993,-3.723688024592775e-13,-0.00012881867961526283,-8.678613383494849e-13,-1.0928839460120651e-10
24064,175044,0.0006514558570658302,7.732561257967063e-10,-0.00026667473985939955,-1.1161963982001096e-09,-0.00012919657793716735,-3.8036240823657863e-13,-0.00012919657684917104,-8.865130851631875e-13,-1.094985658395681e-10
24576,175556,0.0006658492775357683,1.407032712563705e-08,-0.0002708966720241578,-1.8706846891172043e-08,-0.0001295744751967354,-3.86690679476942e-13,-0.00012957447408237509,-9.049427873719651e-13,-1.0970717665980219e-10
25088,176068,0.0006797588966720447,-1.1141882971799077e-09,-0.00027401384520824143,-1.6398515138594775e-09,-0.00012995237245630345,-3.9523939676655573e-13,-0.00012995237131713832,-9.247047572102929e-13,-1.0991681873034845e-10
25600,176580,0.0006939082477883662,-9.25018284192447e-09,-0.0002776747552622792,2.4581522914754976e-08,-0.0001303302697158715,-4.026778910315443e-13,-0.00013033026855192303,-9.433565040239955e-13,-1.1012452189983343e-10
26112,177092,0.0007078954862385078,2.604767956881915e-08,-0.00028040075743265104,-2.628267451535243e-10,-0.00013070816697543955,-4.106714968088454e-13,-0.00013070816578512073,-9.60453938603223e-13,-1.1033596022612193e-10
26624,177604,0.0007203587020847557,3.927286940097474e-09,-0.0002840444347301688,3.739621114614013e-09,-0.0001310860642350076,-4.198863479132342e-13,-0.0001310860630190858,-9.805489753489383e-13,-1.105459737457863e-10
27136,178116,0.0007344439883472109,3.6080365362067823e-09,-0.00028730755393296747,-2.393606255083718e-09,-0.00013146396149457565,-4.2876813211023546e-13,-0.00013146396025189488,-9.985345883478658e-13,-1.1075398438415382e-10
27648,178628,0.0007488306498950603,-1.794512283215255e-08,-0.0002909509305795767,1.9772388400373675e-08,-0.0001318418587541437,-4.368727601899991e-13,-0.00013184185748559108,-1.0191847366058937e-12,-1.1096184484089098e-10
28160,179140,0.0007623470367177365,1.921956971351335e-08,-0.0002944075240128685,-1.3143286294668948e-09,-0.00013221975601371175,-4.4497738826976274e-13,-0.00013221975471947958,-1.0372813719072838e-12,-1.1116928774106848e-10
28672,179652,0.0007760149790416726,-1.4352721788846168e-08,-0.00029862730184195967,-5.9028793883196965e-09,-0.0001325976532732798,-4.530820163495264e-13,-0.00013259765195318952,-1.0553780072086738e-12,-1.1137817477448472e-10
29184,180164,0.0007905394794092135,1.453035602949626e-08,-0.0003022063111373182,2.1886848796026358e-08,-0.00013297555053284785,-4.614086890342151e-13,-0.00013297554918720607,-1.0742517986273015e-12,-1.1158760272322458e-10
29696,180676,0.0008046195268116563,-2.6934080188389942e-08,-0.00030532193375404294,9.332256921225222e-10,-0.0001333534477924159,-4.696243394164412e-13,-0.00013335344642051517,-1.0934586569533167e-12,-1.1179705604043376e-10
30208,181188,0.0008195474184966578,2.748244298800273e-09,-0.0003089986921656169,3.296311907969348e-08,-0.00013373134505198394,-4.771738559838923e-13,-0.00013373134365349813,-1.1132206267916445e-12,-1.1200795373010474e-10
30720,181700,0.0008332840313287626,6.77047973240974e-09,-0.0003129814708087429,-1.2850908530128271e-09,-0.000134109242311552,-4.850564394587309e-13,-0.0001341092408857309,-1.1329825966299722e-12,-1.1221603190821632e-10
31232,182212,0.0008472786980482372,-2.1997703436582583e-08,-0.0003169525961239396,6.334258292388406e-09,-0.00013448713957112004,-4.933831121434196e-13,-0.00013448713811996788,-1.1517453657461374e-12,-1.1242479803808676e-10
31744,182724,0.0008613623553594962,1.144708994260668e-09,-0.00032002754082219575,-2.565478286582628e-10,-0.0001348650368306881,-5.014877402231832e-13,-0.00013486503535457427,-1.1730616478189404e-12,-1.1263511224049482e-10
32256,183236,0.0008756887665111179,1.066836752272593e-08,-0.00032280150595266784,-1.4416487697048161e-08,-0.00013524293409025614,-5.099254352103344e-13,-0.00013524293258862296,-1.190825216212943e-12,-1.1284383361219685e-10
32768,183748,0.0008900698852398747,-2.503312213075759e-08,-0.00032570202935046334,3.4298338719419215e-09,-0.0001356208313498242,-5.18030063290098e-13,-0.00013562082982302706,-1.2083667400020204e-12,-1.1305242191116228e-10
33280,184260,0.0009034576731916655,-2.099110774089752e-08,-0.000328652966718704,1.7283831005783462e-08,-0.00013599872860939224,-5.25135490647699e-13,-0.00013599872705709936,-1.2271295091181855e-12,-1.1326059410237823e-10
33792,184772,0.0009171924859148195,-6.023139320632254e-09,-0.0003324892459788229,-8.281526697085188e-09,-0.0001363766258689603,-5.329070518200751e-13,-0.00013637662429053207,-1.2468914789565133e-12,-1.134686629165103e-10
34304,185284,0.000930269961231911,7.894470854807878e-09,-0.0003361542052959556,4.88577770797963e-10,-0.00013675452312852834,-5.420108806220014e-13,-0.00013675452152462316,-1.2649881142579034e-12,-1.1367835502454535e-10
34816,185796,0.0009435141396390012,-2.6825937360364094e-08,-0.00033963296240669945,-1.1521426443699483e-08,-0.0001371324203880964,-5.497824417943775e-13,-0.00013713241875738393,-1.2841949725839186e-12,-1.1388684799268771e-10
35328,186308,0.0009583692738952543,-2.164264523152326e-08,-0.0003437287088269011,1.3561493110123051e-08,-0.00013751031764766444,-5.568878691519785e-13,-0.00013751031599415093,-1.304734098539484e-12,-1.1409614801471776e-10
35840,186820,0.000972334531595509,-2.1359787050201362e-08,-0.00034751741624828143,2.3854356731690674e-09,-0.0001378882149072325,-5.648814749292796e-13,-0.00013788821322753095,-1.3246070906802743e-12,-1.1430617918744153e-10
36352,187332,0.0009867530236646882,4.4553805089719845e-09,-0.0003503719752905543,1.1909546705510237e-09,-0.00013826611216680054,-5.737632591262809e-13,-0.0001382661104603379,-1.3459233727530773e-12,-1.1451319478249541e-10
36864,187844,0.0010002433696787438,1.0254092686068361e-08,-0.0003531849109900794,-1.6836444188651888e-08,-0.0001386440094263686,-5.819789095085071e-13,-0.0001386440076950778,-1.365685342591405e-12,-1.1472223316407507e-10
37376,188356,0.0010139577400598565,-2.1303610542311446e-08,-0.00035573032406634744,5.21071516323408e-10,-0.00013902190668593664,-5.916378498227459e-13,-0.00013902190492867374,-1.3877787807814457e-12,-1.1493200844012485e-10
37888,188868,0.001027878111604208,1.1752934625519629e-08,-0.00035955154685059324,-1.4327212848531601e-08,-0.0001393998039455047,-5.986322548778844e-13,-0.0001393998021622352,-1.4079848398296235e-12,-1.1514073080056618e-10
38400,189380,0.0010414625128887245,2.411104005339837e-08,-0.00036356840685618924,4.5635902816305e-09,-0.00013977770120507274,-6.078471059822732e-13,-0.00013977769939573032,-1.4274137427605638e-12,-1.1535036591476895e-10
38912,189892,0.0010558153690980454,-5.060648788912658e-09,-0.0003670288273326085,-3.0658896470869483e-08,-0.0001401555984646408,-6.149525333398742e-13,-0.00014015559663123282,-1.4457324226668788e-12,-1.155603046065167e-10
39424,190404,0.001069896568933082,2.0582816340208865e-08,-0.00036999194120876676,1.0806964398510044e-09,-0.00014053349572420884,-6.245004513516506e-13,-0.000140533493866071,-1.4641621248756564e-12,-1.1576843835388337e-10
39936,190916,0.0010834105614450085,7.462475082320452e-11,-0.0003739751287913779,1.027765288429708e-08,-0.0001409113929837769,-6.326050794314142e-13,-0.00014091139110081582,-1.481703648664734e-12,-1.1597872229072087e-10
40448,191428,0.001097392153744714,1.0082953583179233e-08,-0.0003774930265760597,-1.049889769751483e-08,-0.00014128929024334494,-6.409317521161029e-13,-0.00014128928833380216,-1.500688462385824e-12,-1.1618798777467475e-10
40960,191940,0.0011108792653249377,2.4943467513693918e-08,-0.0003818641060666189,-4.062573096148878e-09,-0.000141667187502913,-6.48925357893404e-13,-0.00014166718556782938,-1.5198953207118393e-12,-1.1639852795288525e-10
41472,192452,0.0011244676692656608,1.3455712988275081e-08,-0.00038539831953241795,1.583993226347124e-08,-0.00014204508476248104,-6.56030785251005e-13,-0.00014204508280106138,-1.5417667142969549e-12,-1.1660752083839407e-10
41984,192964,0.0011378726906858816,-2.357859174573207e-08,-0.00038872143038370954,2.1610788965934364e-09,-0.0001424229820220491,-6.640243910283061e-13,-0.00014242298003587416,-1.560307438808195e-12,-1.1681588596435038e-10
42496,193476,0.00115287186126789,1.3577464486047575e-08,-0.00039211585013493056,-1.1049242711647778e-08,-0.00014280087928161714,-6.709077737809821e-13,-0.0001428008772691942,-1.5792922525292852e-12,-1.17024292797706e-10
43008,193988,0.0011679149998864435,-7.444628469244208e-09,-0.0003946476142971928,3.7099064926837093e-09,-0.00014317877654118519,-6.789013795582832e-13,-0.0001431787745033738,-1.5979439993429878e-12,-1.1723393969919677e-10
43520,194500,0.0011817997994933993,-3.601192233304573e-09,-0.0003986052380843049,1.4762400292497197e-09,-0.00014355667380075324,-6.87672141452822e-13,-0.00014355667173630244,-1.6152634785271403e-12,-1.174411589207369e-10
44032,195012,0.001196085975532002,-5.146816306478286e-10,-0.00040097046124005093,1.8549998793536741e-09,-0.00014393457106032129,-6.983302824892235e-13,-0.00014393456897052615,-1.634581359155618e-12,-1.176501645120397e-10
44544,195524,0.0012095778182490413,-3.141857840560647e-08,-0.0004036723531657021,-5.329089415554401e-09,-0.00014431246831988933,-7.049916206369744e-13,-0.00014431246620360793,-1.6532331059693206e-12,-1.1785913111189995e-10
45056,196036,0.0012220408367422664,1.5737637859558617e-09,-0.0004068456033638957,-6.6256975769213255e-09,-0.00014469036557945738,-7.133182933216631e-13,-0.0001446903634373,-1.6716628081780982e-12,-1.1806864278916648e-10
45568,196548,0.001235245189376677,-1.646139369260169e-08,-0.0004100289642995738,-7.009477212014417e-09,-0.00014506826283902543,-7.20201676074339e-13,-0.0001450682606695372,-1.6903145549918008e-12,-1.1827754236062711e-10
46080,197060,0.0012483919705479352,-1.0404094918925466e-08,-0.00041294763212585875,3.998421691676212e-09,-0.00014544616009859348,-7.288614156664153e-13,-0.00014544615790321844,-1.7079671010833408e-12,-1.1848620635091573e-10
46592,197572,0.0012622493130316492,-1.6075132003301462e-08,-0.00041580560454361736,-4.025408453474933e-09,-0.00014582405735816153,-7.37632177560954e-13,-0.00014582405513726318,-1.727618048619206e-12,-1.186956903104386e-10
47104,198084,0.0012754425939565106,-7.853144801117651e-10,-0.00041862024254172447,-6.180810147643022e-09,-0.00014620195461772958,-7.460698725481052e-13,-0.00014620195236986268,-1.7469359292476838e-12,-1.1890496637210537e-10
47616,198596,0.0012891322422556861,9.026855707361392e-09,-0.00042232815508052283,2.927453340087999e-09,-0.00014657985187729763,-7.541745006278688e-13,-0.0001465798496029241,-1.765698698363849e-12,-1.1911356075602274e-10
48128,199108,0.0013021974201439246,-2.3578220598174937e-08,-0.0004249290257492413,-6.976492614325463e-09,-0.00014695774913686568,-7.6216810640517e-13,-0.00014695774683838283,-1.7824630660356888e-12,-1.193233354152359e-10
48640,199620,0.0013162916974565064,1.2584719932817734e-08,-0.0004284016752977458,9.901027336565338e-10,-0.00014733564639643373,-7.700506898800086e-13,-0.00014733564407428215,-1.801225835151854e-12,-1.1953223889242594e-10
49152,200132,0.0013311059714233853,8.63015259255917e-09,-0.0004315644959841843,1.5028783006473358e-09,-0.00014771354365600178,-7.773781618425346e-13,-0.0001477135413083315,-1.8198775819655566e-12,-1.197428497037805e-10
49664,200644,0.0013446232023417437,5.269817249242692e-09,-0.0004353123954241017,1.3403405326153037e-10,-0.00014809144091556983,-7.857048345272233e-13,-0.00014809143854290519,-1.838307284174334e-12,-1.1995188376805218e-10
50176,201156,0.0013572962922718812,-1.236553270889118e-08,-0.00043794055609372884,-1.4484804976657783e-08,-0.00014846933817513788,-7.939204849094494e-13,-0.00014846933577675176,-1.8554047187535616e-12,-1.2016114684490366e-10
50688,201668,0.001371358891573582,-1.4550423199644058e-08,-0.0004411990582398637,-7.417208946491628e-09,-0.00014884723543470593,-8.01136934569513e-13,-0.00014884723300981646,-1.8749446439869644e-12,-1.2037077607933528e-10
51200,202180,0.001384761667630352,-4.3009862338294624e-09,-0.00044475481997374375,3.703430749129972e-08,-0.00014922513269427398,-8.08686451136964e-13,-0.00014922513024445122,-1.8925971900785044e-12,-1.2058114510311245e-10
51712,202692,0.0014000078003635341,3.2586765286168884e-08,-0.00044855048963035507,-5.482168697763549e-09,-0.00014960302995384203,-8.171241461241152e-13,-0.0001496030274793027,-1.9109158699848194e-12,-1.2079081270445465e-10
52224,203204,0.001412784934658795,-2.554842193358553e-08,-0.0004516240872683712,8.025744794860098e-09,-0.00014998092721341008,-8.264500195309665e-13,-0.00014998092471337588,-1.929123527588672e-12,-1.2100273678534815e-10
52736,203716,0.0014256886386574408,-2.0067856487671065e-08,-0.0004548343173622892,-1.300927851754323e-08,-0.00015035882447297813,-8.328893130737924e-13,-0.00015035882194721744,-1.946998118285137e-12,-1.2121224665596653e-10
53248,204228,0.0014386776766794895,1.0895762958540445e-08,-0.0004586761915277032,-8.606548856067455e-10,-0.00015073672173254618,-8.40105762733856e-13,-0.0001507367191800607,-1.966760088123465e-12,-1.2142246135959213e-10
53760,204740,0.0014538994247832449,-2.5678759008052054e-08,-0.00046187238233190236,-1.086470310090616e-08,-0.00015111461899211423,-8.47433234696382e-13,-0.00015111461641211814,-1.985744901844555e-12,-1.2163010809105977e-10
54272,205252,0.0014677021662983236,1.1712609548908404e-08,-0.00046439402986069294,-6.520253635577645e-09,-0.00015149251625168228,-8.564260411958458e-13,-0.00015149251364682782,-2.0030643810287074e-12,-1.2183617080079488e-10
54784,205764,0.0014801811116806896,1.7429247156641736e-08,-0.00046730122251958847,-1.0658667139745417e-08,-0.00015187041351125033,-8.630873793435967e-13,-0.00015187041088047347,-2.02171612784241e-12,-1.220472058540482e-10
55296,206276,0.0014923701163174208,2.8777286331660434e-08,-0.0004707787838691321,-2.1399536033054113e-10,-0.00015224831077081838,-8.710809851208978e-13,-0.00015224830811497772,-2.0404788969585752e-12,-1.22257695357212e-10
55808,206788,0.001505737164772869,2.6486227877597912e-08,-0.0004739738315474459,1.5082638586240814e-08,-0.00015262620803038643,-8.79296635503124e-13,-0.0001526262053485234,-2.0601298444944405e-12,-1.224670338395469e-10
56320,207300,0.001518767061605697,2.959978773198202e-08,-0.0004761637622679655,5.702050782455849e-11,-0.00015300410528995448,-8.872902412804251e-13,-0.00015300410258418864,-2.078781591308143e-12,-1.226755152262496e-10
56832,207812,0.0015329856994321656,1.4043028073729147e-08,-0.00047836902189532797,-3.0349664163897225e-08,-0.00015338200254952253,-8.956169139651138e-13,-0.00015338199981793717,-2.0965451597021456e-12,-1.2288456372476927e-10
57344,208324,0.0015463329982046137,-1.020249207339674e-08,-0.0004822557303590185,-6.6872058426996935e-09,-0.00015375989980909058,-9.019451852054772e-13,-0.0001537598970508248,-2.1160850849355484e-12,-1.230935035909553e-10
57856,208836,0.0015597438596146596,-1.2347509348309416e-08,-0.0004852959934457349,1.7054802500503506e-08,-0.00015413779706865863,-9.11826170124641e-13,-0.00015413779428463797,-2.133404564119701e-12,-1.2330432996828733e-10
58368,209348,0.0015732287022016678,2.8254113715320273e-08,-0.0004889485036371214,6.850813501565652e-09,-0.00015451569432822668,-9.194867089945546e-13,-0.00015451569151925487,-2.153277556260491e-12,-1.2351197200227552e-10
58880,209860,0.00158677973861443,-5.580755413348015e-09,-0.0004931218121718668,-1.4087409114105197e-10,-0.00015489359158779472,-9.275913370743183e-13,-0.00015489358875391557,-2.1721513476791188e-12,-1.237205335767725e-10
59392,210372,0.0016006152813294872,-1.1337686456336371e-08,-0.0004963268091857844,8.121925450293474e-09,-0.00015527148884736277,-9.358069874565444e-13,-0.00015527148598944767,-2.1903590052829713e-12,-1.239302111919666e-10
59904,210884,0.0016128665120165309,-1.601483123891967e-08,-0.0004996725988056979,6.3560609830683155e-09,-0.00015564938610693082,-9.418021917895203e-13,-0.0001556493832238713,-2.2088997297942115e-12,-1.2413888595239326e-10
60416,211396,0.0016256209877318906,-3.201610054848203e-08,-0.0005031230211330722,-6.427893130466689e-09,-0.00015602728336649887,-9.50572953684059e-13,-0.0001560272804567915,-2.2283286327251517e-12,-1.2434649000114365e-10
60928,211908,0.0016388147437336187,-6.223566439977901e-09,-0.0005056161340664514,-8.253023034896668e-10,-0.00015640518062606692,-9.593437155785978e-13,-0.00015640517769137356,-2.2472024241437794e-12,-1.2455469761609934e-10
61440,212420,0.001652602580361151,1.4463070741044248e-08,-0.0005091779787227873,3.125843837138298e-09,-0.00015678307788563497,-9.667822098435863e-13,-0.00015678307492542108,-2.2644108810254693e-12,-1.2476509729337388e-10
61952,212932,0.001666793363598984,-9.454168115041739e-09,-0.0005121669042218753,-1.5535435344780326e-09,-0.00015716097514520302,-9.744427487134999e-13,-0.0001571609721595479,-2.2820634271170093e-12,-1.2497447003740205e-10
62464,213444,0.0016805991668731313,3.051141694854209e-08,-0.0005159965926430025,1.370701151298908e-08,-0.00015753887240477107,-9.837686221203512e-13,-0.00015753886939226118,-2.302047441560262e-12,-1.251832971487838e-10
62976,213956,0.0016943621981213575,-2.878035587627892e-09,-0.0005190741321036493,-7.1763933651474394e-09,-0.00015791676966433912,-9.936496070395151e-13,-0.00015791676662739904,-2.32136532218874e-12,-1.2539424804753635e-10
63488,214468,0.0017076488035292492,1.1168016289531124e-08,-0.0005225366644976461,7.430072009453704e-09,-0.00015829466692390717,-1.003086502748829e-12,-0.00015829466386250567,-2.337796622953192e-12,-1.2560496659770595e-10
64000,214980,0.0017214099893336776,-6.278099373702162e-09,-0.0005256641617130517,-1.6140509319166896e-08,-0.00015867256418347522,-1.0120793092482927e-12,-0.00015867256109606526,-2.3561153028595072e-12,-1.258139329593034e-10
64512,215492,0.001735267850335731,-1.175752795123941e-08,-0.0005297080069464474,7.797374597169522e-10,-0.00015905046144304327,-1.020739048840369e-12,-0.0001590504583307419,-2.374545005068285e-12,-1.2602294770170088e-10
65024,216004,0.001749622927736727,2.0395143573992414e-08,-0.0005325595255848838,2.0687959248606744e-08,-0.00015942835870261132,-1.0261791416610322e-12,-0.0001594283555655142,-2.3928636849746e-12,-1.2623263449078916e-10
65536,216516,0.0017630888630844055,1.0483700130237139e-08,-0.0005358594547808045,2.521585764462175e-09,-0.00015980625596217937,-1.032618435203858e-12,-0.00015980625279950688,-2.4108492979735274e-12,-1.2644060157545969e-10
66048,217028,0.001776671151195952,3.525002512105857e-10,-0.0005394547639274669,1.5734156601654355e-08,-0.00016018415322174742,-1.0410561301910093e-12,-0.00016018415003487242,-2.430167178602005e-12,-1.2665077458382402e-10
66560,217540,0.0017923417200202962,-1.5020730215198341e-09,-0.0005433600749058204,-2.905633867542927e-09,-0.00016056205048131547,-1.0492717805732354e-12,-0.00016056204726989004,-2.447375635483695e-12,-1.268596512627569e-10
67072,218052,0.0018064064908751565,-2.823045308630867e-08,-0.0005462959647399196,-2.9058086993018086e-09,-0.00016093994774088352,-1.057376408652999e-12,-0.00016093994450379088,-2.46569431539001e-12,-1.2706831210977805e-10
67584,218564,0.0018204972750006654,-2.1046454246054225e-08,-0.0005494987089317758,-6.928007168408541e-10,-0.00016131784500045157,-1.06403774680075e-12,-0.0001613178417366342,-2.4846791291111003e-12,-1.2727926921133825e-10
68096,219076,0.001834750118332451,-9.847251902783682e-09,-0.0005536865905525679,7.802755358677336e-09,-0.00016169574226001962,-1.0700329511337259e-12,-0.00016169573896943412,-2.5015545190854027e-12,-1.2748787538428869e-10
68608,219588,0.0018481923658604238,-1.775005042947697e-08,-0.0005566947508285136,-4.524912015100359e-09,-0.00016207363951958767,-1.0781375792134895e-12,-0.00016207363620127685,-2.521649555831118e-12,-1.2769715969240312e-10
69120,220100,0.0018623765786809354,-2.546729260810565e-08,-0.0005608041136602782,-1.7757211506265636e-08,-0.00016245153677915572,-1.0872414080154158e-12,-0.00016245153343586084,-2.541189481064521e-12,-1.2790690905384617e-10
69632,220612,0.0018761548644357084,-2.1782411430137927e-09,-0.0005636363442683639,-1.1503698358946912e-08,-0.00016282943403872377,-1.0955680807001045e-12,-0.0001628294306703567,-2.5582869156437482e-12,-1.2811605417657623e-10
70144,221124,0.001889677278747337,1.9012166285747867e-08,-0.0005670553315337328,-1.759401398917405e-08,-0.00016320733129829182,-1.1036727087798681e-12,-0.00016320732790437036,-2.5768276401549883e-12,-1.2832452187862051e-10
70656,221636,0.0019043527372173408,2.7444607919591135e-08,-0.0005697991665968595,3.1549718460787214e-09,-0.00016358522855785987,-1.110112002322694e-12,-0.00016358522513839664,-2.5955904092711535e-12,-1.2853224122006837e-10
71168,222148,0.0019183789776824334,4.2695078583676604e-09,-0.0005732253599088119,1.0297835922725634e-08,-0.00016396312581742792,-1.1185496973098452e-12,-0.00016396312237279648,-2.617905892066119e-12,-1.2874025174733182e-10
71680,222660,0.0019320754912703908,-1.7613228320279006e-08,-0.000576911478365031,-1.5336337585609173e-08,-0.00016434102307699597,-1.1268763699945339e-12,-0.00016434101960725202,-2.6361135496699717e-12,-1.2894989606104034e-10
72192,223172,0.0019460150453816105,2.3878925281550778e-08,-0.0005790880014272634,-7.524517801103695e-09,-0.00016471892033656402,-1.1358691764939977e-12,-0.00016471891684144747,-2.6552093856935244e-12,-1.2915923732844534e-10
72704,223684,0.00196028919561142,1.942832184020915e-08,-0.0005825857797966031,5.346365533407633e-09,-0.00016509681759613207,-1.1429746038515987e-12,-0.0001650968140768963,-2.672528864877677e-12,-1.2936814688137332e-10
73216,224196,0.0019731829573457205,-9.114782151264933e-09,-0.0005865575905084984,-2.21263019829956e-10,-0.00016547471485570012,-1.1511902542338248e-12,-0.000165474711309569,-2.691069589388917e-12,-1.2957651097552664e-10
73728,224708,0.0019865518872153043,1.3880013582934225e-08,-0.0005899542208177844,-9.496496872514501e-09,-0.00016585261211526816,-1.1601830607332886e-12,-0.00016585260854351638,-2.7107205369247822e-12,-1.2978713991432074e-10
74240,225220,0.0020006584412337602,4.219083749035235e-09,-0.0005932672102016241,2.5798244920434125e-10,-0.00016623050937483621,-1.1685097334179773e-12,-0.00016623050577784909,-2.7297053506458724e-12,-1.2999647023426133e-10
74752,225732,0.002014624180290303,3.6854519436246846e-09,-0.0005969703190080385,9.620913595421472e-09,-0.00016660840663440426,-1.1781686737322161e-12,-0.00016660840301075387,-2.750910610416213e-12,-1.3020522262815186e-10
75264,226244,0.002028785377897968,1.801082460950454e-08,-0.0006004594973991032,6.712385554123313e-09,-0.00016698630389397231,-1.1866063687193673e-12,-0.0001669863002459871,-2.76711986657574e-12,-1.3041444954495142e-10
75776,226756,0.0020425835490789357,1.2613613264988999e-08,-0.0006032500702711867,4.923945599068918e-09,-0.00016736420115354036,-1.1941558852868184e-12,-0.00016736419748093715,-2.7853275241795927e-12,-1.306236845948156e-10
76288,227268,0.0020563166238156683,1.8974873450261498e-08,-0.0006062030834336475,6.7692846768708735e-09,-0.0001677420984131084,-1.202704602576432e-12,-0.0001677420947149594,-2.805422560925308e-12,-1.3083214716646938e-10
76800,227780,0.0020696636784249822,1.715355346654235e-08,-0.0006096317600711333,-1.201616090110625e-08,-0.00016811999567267646,-1.2118084313783584e-12,-0.00016811999194718777,-2.8238522631340857e-12,-1.310417783166132e-10
77312,228292,0.002082369545495233,-2.216459904502699e-09,-0.0006129047749202409,-3.092227842472595e-08,-0.0001684978929322445,-1.220357148667972e-12,-0.00016849788918208588,-2.8415048092256256e-12,-1.312498964359026e-10
77824,228804,0.00209625587327511,6.865831458924276e-09,-0.000616616659103501,-2.790837197449882e-09,-0.00016887579019181256,-1.2293499551674358e-12,-0.00016887578641627387,-2.859268377619628e-12,-1.3145787252249524e-10
78336,229316,0.002110445444625908,-5.484016796231117e-09,-0.000619602146344696,3.7813368650567046e-09,-0.0001692536874513806,-1.2361223156176493e-12,-0.0001692536836498384,-2.8768099014087056e-12,-1.316669814787201e-10
78848,229828,0.00212459615945515,1.8862216011328314e-08,-0.0006229598393094444,-6.393099947275669e-10,-0.00016963158471094866,-1.244226943697413e-12,-0.00016963158088452557,-2.895017559012558e-12,-1.318754411281029e-10
79360,230340,0.002137681928828128,2.256266284916819e-09,-0.0006263204428608903,9.031151229936044e-09,-0.0001700094819705167,-1.251998504869789e-12,-0.00017000947811761027,-2.9135582835237983e-12,-1.3208423790314354e-10
79872,230852,0.0021527026559891027,-1.7123069739888308e-08,-0.0006294178270238216,-3.473625370322147e-09,-0.00017038737923008476,-1.2611023336717153e-12,-0.00017038737535090976,-2.9334312756645886e-12,-1.3229216803973409e-10
80384,231364,0.0021664816951982857,6.925304774085816e-11,-0.0006316672810099492,-2.6002767992547013e-08,-0.0001707652764896528,-1.268984917146554e-12,-0.00017076527258460392,-2.9520830224782912e-12,-1.3250332465584004e-10
80896,231876,0.002180089314879563,3.3223725992570508e-09,-0.000634497403805526,-4.028767539137859e-09,-0.00017114317374922086,-1.2768675006213925e-12,-0.00017114316981858434,-2.969513523964906e-12,-1.3271214043218287e-10
81408,232388,0.002194173472188643,1.964157525513599e-08,-0.0006375873344967779,-5.4374159202463195e-09,-0.0001715210710087889,-1.2864154186331689e-12,-0.00017152106705285939,-2.987166070056446e-12,-1.3292245747467124e-10
81920,232900,0.002207143454550309,-1.1404829192152022e-08,-0.0006406589441828401,8.37442607199163e-09,-0.00017189896826835696,-1.2917444891513696e-12,-0.00017189896428563506,-3.0055957722652238e-12,-1.3313194528250398e-10
82432,233412,0.002221291309941087,2.0524343335992512e-08,-0.0006447392707202302,-6.32609286677555e-09,-0.000172276865527925,-1.298294804996658e-12,-0.00017227686151943277,-3.0230262737518387e-12,-1.3334027622759552e-10
82944,233924,0.0022360740208180463,9.98095472937166e-09,-0.00064771202787329,4.1227794324434835e-09,-0.00017265476278749306,-1.3055112546567216e-12,-0.00017265475875544143,-3.0419000651704664e-12,-1.335490978136373e-10
83456,234436,0.0022508744253699753,-2.632323858886565e-08,-0.0006512228725970456,-6.709604128409163e-10,-0.0001730326600470611,-1.3142820165512603e-12,-0.0001730326559904436,-3.061662035008794e-12,-1.337582053070448e-10
83968,234948,0.002265455837270336,6.4413860911827214e-09,-0.0006544009497021142,-3.182843112925286e-08,-0.00017341055730662916,-1.3216094885137863e-12,-0.00017341055322442505,-3.0798696926126468e-12,-1.3396594710021657e-10
84480,235460,0.0022795471332939243,-8.714991395208926e-09,-0.0006579047591572841,3.001880635969796e-10,-0.0001737884545661972,-1.330380250408325e-12,-0.00017378845045814555,-3.0987434840312744e-12,-1.341743286700692e-10
84992,235972,0.0022935024565224893,2.7579520889275955e-09,-0.0006609305529791032,-3.2617952862352126e-08,-0.00017416635182576526,-1.337263633161001e-12,-0.00017416634769194008,-3.117617275449902e-12,-1.3438362315369691e-10
85504,236484,0.002308724993724809,-2.4242417184794363e-08,-0.00066351735418889,4.747558266748581e-10,-0.0001745442490853333,-1.3453682612407647e-12,-0.00017454424492660024,-3.1370461783808423e-12,-1.3459375548006166e-10
86016,236996,0.0023230158824094627,2.677660759786704e-09,-0.0006664957005571809,-1.0386712292804295e-08,-0.00017492214634490136,-1.354028000832841e-12,-0.00017492214216123395,-3.155253835984695e-12,-1.3480215739541075e-10
86528,237508,0.0023363944328882447,-9.312454807286485e-09,-0.0006695935680565622,-3.45720029924905e-09,-0.0001753000436044694,-1.3634648965421547e-12,-0.00017530003939477656,-3.1747937612180976e-12,-1.3501052026525927e-10
87040,238020,0.002349982616407287,3.5289851041397924e-09,-0.0006732079208574706,-1.1408522733398886e-08,-0.00017567794086403746,-1.372568725344081e-12,-0.00017567793662947865,-3.1932234634268752e-12,-1.3522101437714752e-10
87552,238532,0.002364431599439998,-1.116879921880809e-10,-0.0006757653059197629,-6.012811534129714e-09,-0.0001760558381236055,-1.3815615318435448e-12,-0.00017605583386383247,-3.212097254845503e-12,-1.3543055107182787e-10
88064,239044,0.002379091644570952,9.6277568140124e-09,-0.000679231471044701,-1.918471984444839e-08,-0.00017643373538317355,-1.3901102491331585e-12,-0.00017643373109801658,-3.230637979356743e-12,-1.356396518641475e-10
88576,239556,0.002392444766875945,1.5956532317673577e-08,-0.0006817007997736143,2.242477653278744e-08,-0.0001768116326427416,-1.3974377210956845e-12,-0.00017681162833159693,-3.2505109714975333e-12,-1.3584873898784146e-10
89088,240068,0.002406282065419818,9.193366068416253e-09,-0.0006851718063731349,-1.2736921154565052e-08,-0.00017718952990230965,-1.4059864383852982e-12,-0.00017718952556581929,-3.2677194283792232e-12,-1.360569533318122e-10
89600,240580,0.0024209563244426135,7.59384022330778e-09,-0.0006874062276545158,-2.691793524048933e-08,-0.0001775674271618777,-1.4133139103478243e-12,-0.00017756742279958473,-3.287259353612626e-12,-1.3626566021078443e-10
90112,241092,0.0024347373891380197,1.5792525509539246e-08,-0.0006899313150178044,-3.008928654000429e-09,-0.00017794532442144575,-1.4206413823103503e-12,-0.00017794532003357236,-3.306022122728791e-12,-1.3647542662267625e-10
90624,241604,0.0024484782370184366,-7.954069403126596e-09,-0.0006934953064298194,1.3390113692348592e-08,-0.0001783232216810138,-1.4278578319704138e-12,-0.0001783232172666209,-3.326228181776969e-12,-1.3668348810439225e-10
91136,242116,0.002462119685158859,-1.1809258682049517e-08,-0.000696556221234743,-2.436092344908707e-10,-0.00017870111894058185,-1.4346301924206273e-12,-0.00017870111450084324,-3.3451019731955967e-12,-1.3689183970812964e-10
91648,242628,0.0024751885103635463,1.5605241543426018e-09,-0.0006994302333929613,-2.2551176760275427e-08,-0.0001790790162001499,-1.442734820500391e-12,-0.00017907901173415332,-3.365863143756087e-12,-1.3710154412226234e-10
92160,243140,0.002489999288592726,-1.8249250111068704e-08,-0.000703021392004039,-4.527697927671655e-09,-0.00017945691345971795,-1.4499512701604544e-12,-0.00017945690896867237,-3.3840708013599397e-12,-1.3730845215865084e-10
92672,243652,0.0025047470585124465,-1.7829247522804792e-08,-0.0007058560969682068,-1.00918628865866e-08,-0.000179834810719286,-1.4579448759377556e-12,-0.00017983480620205165,-3.4044989050130425e-12,-1.3751821371526248e-10
93184,244164,0.0025187068591698836,-4.665556829763773e-09,-0.0007095732198007043,-2.5897934359296084e-09,-0.00018021270797885405,-1.4660495040175192e-12,-0.00018021270343589784,-3.4230396295242826e-12,-1.3772809037267136e-10
93696,244676,0.002533194894690727,8.707424115073081e-09,-0.0007127568258373954,9.602259644276989e-09,-0.0001805906052384221,-1.4738210651898953e-12,-0.00018059060066851756,-3.4415803540355228e-12,-1.3793637803150677e-10
94208,245188,0.0025474392653335176,1.3956865885234038e-08,-0.0007163927779336354,-3.764096394408869e-09,-0.00018096850249799015,-1.482147737874584e-12,-0.00018096849790214006,-3.460787212361538e-12,-1.3814530172883042e-10
94720,245700,0.0025603100150752844,1.0567657859894553e-09,-0.0007203675596824196,1.2933229737624627e-08,-0.0001813463997575582,-1.4901413436518851e-12,-0.00018134639513632127,-3.4803271375949407e-12,-1.3835528844738763e-10
95232,246212,0.0025758257246981664,-4.939632702871677e-09,-0.0007229391343555391,-1.4369337510437044e-08,-0.00018172429701712625,-1.4975798379168737e-12,-0.000181724292368396,-3.4989788844086434e-12,-1.385628764408716e-10
95744,246724,0.0025899944849234746,-2.5665479741476815e-08,-0.0007259314039519362,3.4040665154064703e-10,-0.0001821021942766943,-1.5031309530399994e-12,-0.00018210218960325666,-3.5160763189878708e-12,-1.3877228055742497e-10
96256,247236,0.002603786141680331,-5.484642073838586e-09,-0.0007288905151473493,1.4092462264569307e-08,-0.00018248009153626235,-1.5123458041443882e-12,-0.0001824800868366241,-3.5338398873818733e-12,-1.3898185940634412e-10
96768,247748,0.002617251038624646,2.168666290991439e-08,-0.0007325635585165433,-3.886451524270405e-11,-0.0001828579887958304,-1.520894521434002e-12,-0.00018285798407039576,-3.5521585672881884e-12,-1.391904736279216e-10
97280,248260,0.00263046756341212,4.658033958548913e-10,-0.0007351484977816382,-9.628587541565796e-10,-0.00018323588605539845,-1.5291101718162281e-12,-0.00018323588130350784,-3.570588269496966e-12,-1.393978965033618e-10
97792,248772,0.002643349961772845,1.856191200744206e-08,-0.0007388087689078597,2.734743913270405e-10,-0.0001836137833149665,-1.5361045768713666e-12,-0.00018361377853836033,-3.5871305925638808e-12,-1.3960656686334745e-10
98304,249284,0.002656705545647231,-3.800376902063363e-09,-0.0007421949979828301,1.613365560779678e-09,-0.00018399168057453455,-1.5439871603462052e-12,-0.0001839916757716959,-3.6051162055628083e-12,-1.3981444549312195e-10
98816,249796,0.002670297219297124,-2.6354055271404775e-08,-0.0007446414833404356,-9.817965969449646e-09,-0.0001843695778341026,-1.5514256546111937e-12,-0.00018436957300626877,-3.6229907962592733e-12,-1.4002549035209773e-10
99328,250308,0.002684562882045327,2.0956208990341452e-08,-0.0007477783736674254,-1.0569697126136536e-08,-0.00018474747509367065,-1.5591972157835698e-12,-0.00018474747023891275,-3.642308676887751e-12,-1.402355334292819e-10
99840,250820,0.002698609087813386,-2.0243166920508315e-08,-0.0007513594467959617,6.798732308555995e-09,-0.0001851253723532387,-1.5677459330731836e-12,-0.00018512536747241075,-3.661848602121154e-12,-1.404438969913095e-10
100352,251332,0.0027129817974307358,-9.766237596409155e-09,-0.0007552587091523002,2.7581901459888966e-09,-0.00018550326961280675,-1.5734080704987718e-12,-0.00018550326470789032,-3.6802783043299314e-12,-1.4065316448932246e-10
100864,251844,0.0027272189198537244,1.6734434060694525e-08,-0.0007583599144862465,7.021568573571097e-09,-0.0001858811668723748,-1.5819567877883856e-12,-0.0001858811619399229,-3.700484363378109e-12,-1.408619920607651e-10
101376,252356,0.002741094258058574,1.6293004057033045e-08,-0.0007612264599185542,-5.15946404415722e-09,-0.00018625906413194285,-1.5881740367262864e-12,-0.0001862590591756211,-3.720024288611512e-12,-1.410711904354907e-10
101888,252868,0.0027542878263464576,1.7434666821358746e-08,-0.0007638523118513632,1.7646967109688222e-10,-0.0001866369613915109,-1.595612530991275e-12,-0.0001866369564088214,-3.738342968517827e-12,-1.4127959330092877e-10
102400,253380,0.002768812560081768,1.3877445859122872e-08,-0.0007668026455657905,2.26392972186131e-09,-0.00018701485865107895,-1.6042722705833512e-12,-0.00018701485364261604,-3.75877107217093e-12,-1.414892657015144e-10
102912,253892,0.0027828771604461178,-1.4453956365123588e-08,-0.0007706226804311577,-1.9134628836734135e-08,-0.000187392755910647,-1.6123768986631148e-12,-0.00018739275087841463,-3.776201573657545e-12,-1.4169858183383498e-10
103424,254404,0.002797390466342975,-1.1587577342098143e-08,-0.0007736285583345192,1.08255960229767e-10,-0.00018777065317021504,-1.6197043706256409e-12,-0.00018777064811187924,-3.795186387378635e-12,-1.419092637972097e-10
103936,254916,0.002810571789284566,-8.489513092513334e-09,-0.0007764928010128523,3.531766948508476e-08,-0.0001881485504297831,-1.6285861548226421e-12,-0.00018814854534770175,-3.8139491564948e-12,-1.4211756187876368e-10
104448,255428,0.0028238374388214194,-2.8863710088700145e-08,-0.0007807964629991003,-2.7486793405713074e-10,-0.00018852644768935114,-1.6370238498097933e-12,-0.00018852644258171865,-3.8331560148208155e-12,-1.4232725899585282e-10
104960,255940,0.00283763169329343,-8.060037970381018e-09,-0.0007846736204756249,2.033118227870989e-08,-0.0001889043449489192,-1.6433521210501567e-12,-0.0001889043398154285,-3.851363672424668e-12,-1.4253577063935675e-10
105472,256452,0.0028524000575280706,-2.3175594998647853e-08,-0.000787741015691039,-2.0738370656230675e-08,-0.00018928224220848724,-1.6495693699880576e-12,-0.00018928223704883229,-3.871125642262996e-12,-1.4274529871174002e-10
105984,256964,0.0028658977213515957,-1.242784863908497e-08,-0.0007899966168145213,1.380027190738472e-08,-0.0001896601394680553,-1.6584511541850588e-12,-0.00018966013428247595,-3.888778188354536e-12,-1.4295548953861236e-10
106496,257476,0.002879330182351758,-9.211496898586802e-09,-0.0007936505629160779,-1.424282313290081e-09,-0.00019003803672762334,-1.6655565815426598e-12,-0.00019003803151729419,-3.907763002075626e-12,-1.4316366004420975e-10
107008,257988,0.002892534020463744,-1.4416622229340703e-08,-0.0007962574932341798,-1.037706334870811e-08,-0.0001904159339871914,-1.673772231924886e-12,-0.00019041592874967248,-3.926081681981941e-12,-1.433729688969662e-10
107520,258500,0.0029059285415218294,2.0952942270113795e-08,-0.0007996320596841635,-1.1575582721442632e-08,-0.00019079383124675944,-1.6797674362578618e-12,-0.00019079382598370133,-3.944400361888256e-12,-1.435824690873322e-10
108032,259012,0.0029199546584757208,1.995443654756457e-08,-0.0008027007427327925,-2.9203048839377385e-09,-0.0001911717285063275,-1.688649220454863e-12,-0.00019117172321823063,-3.963052108701959e-12,-1.4379014100579106e-10
108544,259524,0.0029347830045833856,-5.811896741647615e-09,-0.0008058518620595553,-1.0758157998385458e-08,-0.00019154962576589554,-1.6961987370223142e-12,-0.00019154962045195677,-3.9817038555156614e-12,-1.440002654351101e-10
109056,260036,0.002948751148917461,2.322310033164854e-08,-0.000808650502361469,-1.8663060645364633e-11,-0.0001919275230254636,-1.704969498916853e-12,-0.00019192751768646457,-4.000355602329364e-12,-1.4421024121533583e-10
109568,260548,0.002962701033264903,-2.5167365413913956e-08,-0.0008111854556465655,-2.7483050158058814e-09,-0.00019230542028503164,-1.7124079931818414e-12,-0.0001923054149207889,-4.020228594470154e-12,-1.4442040193521223e-10
110080,261060,0.002976813403189116,-7.1915805532896115e-09,-0.0008146380325222143,-8.411586407519902e-09,-0.0001926833175445997,-1.7190693313295924e-12,-0.00019268331215341236,-4.040545675820795e-12,-1.446307799918282e-10
110592,261572,0.002990915671958305,1.7806616403603925e-08,-0.0008174564793691864,-6.376098231513596e-09,-0.00019306121480416774,-1.7255086248724183e-12,-0.00019306120938659076,-4.05842026651726e-12,-1.4483888781271943e-10
111104,262084,0.003004390769250964,-1.9967003828114116e-08,-0.0008212239944308868,-1.9414631739443732e-08,-0.0001934391120637358,-1.7327250745324818e-12,-0.00019343910662089492,-4.07740508023835e-12,-1.4504558676867465e-10
111616,262596,0.003018697487012556,1.8054095995978514e-09,-0.0008249069464933056,-1.3502052039833785e-08,-0.00019381700932330384,-1.7403856134023954e-12,-0.00019381700385528766,-4.097944206193915e-12,-1.45255616994778e-10
112128,263108,0.0030328499669496356,-2.3203792887116492e-08,-0.0008280996006149667,-1.2987581675629986e-08,-0.0001941949065828719,-1.7493784199018592e-12,-0.00019419490109069503,-4.116040841495305e-12,-1.4546476552910446e-10
112640,263620,0.003046074367663021,2.9314595195728543e-09,-0.0008310133875243009,1.3017148394181583e-08,-0.00019457280384243994,-1.7581491817963979e-12,-0.0001945727983254979,-4.133693387586845e-12,-1.4567455939873277e-10
113152,264132,0.003059164542269066,2.285069178320498e-08,-0.0008350051464100622,-9.986584395005075e-09,-0.000194950701102008,-1.766142787573699e-12,-0.00019495069556069178,-4.153011268215323e-12,-1.4588195757886542e-10
113664,264644,0.0030720802123129776,-1.044094843916099e-08,-0.0008379790664452152,7.648635634239653e-09,-0.00019532859836157604,-1.7752466163756253e-12,-0.00019532859279487177,-4.1705527920044005e-12,-1.4608938635067749e-10
114176,265156,0.0030857408961528776,3.559161965149826e-08,-0.0008414722572305267,-2.296745795523064e-09,-0.0001957064956211441,-1.7817969322209137e-12,-0.00019570649002760023,-4.188538405003328e-12,-1.462995428026125e-10
114688,265668,0.0030985110767587365,1.4699057970801732e-08,-0.0008436912970836645,2.994086750112176e-10,-0.00019608439288071214,-1.7897905379982149e-12,-0.0001960843872629795,-4.2088554863539684e-12,-1.4651000639613169e-10
115200,266180,0.0031107525949696235,5.7509623729856685e-09,-0.0008464608215783169,-4.851245221444433e-09,-0.00019646229014028019,-1.7965628984484283e-12,-0.00019646228449652012,-4.2265080324455084e-12,-1.4671945270150156e-10
115712,266692,0.003123187442998443,1.943728289433011e-08,-0.0008494627683546378,4.1361419607572485e-09,-0.00019684018739984824,-1.804889571133117e-12,-0.00019684018173224223,-4.2450487569567485e-12,-1.469298458644549e-10
116224,267204,0.0031361889956036393,-6.701716515067346e-09,-0.0008521487055271889,3.2526154979136456e-08,-0.00019721808465941629,-1.8118839761882555e-12,-0.00019721807896748466,-4.263478459165526e-12,-1.4713935837280193e-10
116736,267716,0.003149926117837154,-2.3340007482275382e-08,-0.000855618279142966,-1.1710668594926309e-08,-0.00019759598191898434,-1.819322470453244e-12,-0.00019759597620096293,-4.282796339794004e-12,-1.4735072784147737e-10
117248,268228,0.003164205006397136,1.0730916599754892e-08,-0.000859657873374106,1.085322899026819e-09,-0.00019797387917855238,-1.827316076230545e-12,-0.00019797387343672805,-4.301337064305244e-12,-1.4756059933322102e-10
117760,268740,0.003179158657257597,-2.6733388835964433e-09,-0.000862961255954468,1.3200757408042112e-08,-0.00019835177643812043,-1.8366419496373965e-12,-0.00019835177066988168,-4.321765167958347e-12,-1.4776944978732641e-10
118272,269252,0.0031934260225428,-1.7328181667330966e-08,-0.0008659155591213438,1.9206539018621884e-08,-0.00019872967369768848,-1.8448576000196226e-12,-0.00019872966790437157,-4.3404169147720495e-12,-1.4797871232350545e-10
118784,269764,0.0032070106795238917,-4.2777710262953406e-09,-0.000868986017298459,1.0572319883080556e-08,-0.00019910757095725653,-1.8517409827722986e-12,-0.00019910756513612606,-4.35895763928329e-12,-1.4818680451569867e-10
119296,270276,0.0032223504259347724,1.2143497762906463e-08,-0.0008714413549508444,2.4675401449020797e-09,-0.00019948546821682458,-1.8599566331545248e-12,-0.00019948546236929281,-4.378275519911767e-12,-1.4839626408431024e-10
119808,270788,0.0032364824422681515,1.1895238571923983e-08,-0.0008748106527277845,1.2260533594090377e-08,-0.00019986336547639263,-1.8671730828145883e-12,-0.00019986335960332798,-4.396150110608232e-12,-1.4860722897587265e-10
120320,271300,0.00325010444487428,2.8618246217249066e-08,-0.0008777500990556963,4.088700150328607e-10,-0.00020024126273596068,-1.8760548670115895e-12,-0.00020024125683536288,-4.415690035841635e-12,-1.4881615489520725e-10
120832,271812,0.0032638815381540454,9.149767166150014e-09,-0.0008817211459116356,-2.7500737008223374e-08,-0.00020061915999552873,-1.882827227461803e-12,-0.00020061915407037134,-4.433342581933175e-12,-1.4902455003387656e-10
121344,272324,0.0032772928268651746,8.059265477200483e-09,-0.000885065285187006,6.589133053882533e-11,-0.00020099705725509678,-1.8907098109366416e-12,-0.00020099705130535443,-4.449662860395165e-12,-1.4923240369002045e-10
121856,272836,0.003290659684688002,3.1686397061747584e-08,-0.0008881478559726379,6.865423289023904e-09,-0.00020137495451466483,-1.8992585282262553e-12,-0.00020137494853745657,-4.4683146072088675e-12,-1.4943959962186956e-10
122368,273348,0.0033052809223712565,5.098535371672597e-09,-0.0008918987976373059,2.7434323022004087e-10,-0.00020175285177423288,-1.9055867994666187e-12,-0.00020175284577101437,-4.485856130997945e-12,-1.4964914662840315e-10
122880,273860,0.0033192407009248193,3.268880588436218e-08,-0.0008951437277049964,-5.163758958221643e-10,-0.00020213074903380093,-1.9124701822192947e-12,-0.00020213074300499509,-4.5038417439968725e-12,-1.4985651224526685e-10
123392,274372,0.0033333826919645926,2.663219644816195e-08,-0.0008986146499547957,-4.838214528773086e-09,-0.00020250864629336898,-1.919020498064583e-12,-0.00020250864023911818,-4.522160423903188e-12,-1.5006481383913867e-10
123904,274884,0.0033475352687770688,1.2446122354958788e-08,-0.0009020997579898794,-1.2664882383844263e-08,-0.00020288654355293703,-1.926570014632034e-12,-0.00020288653747458407,-4.541811371439053e-12,-1.5027573861627184e-10
124416,275396,0.0033617664719312046,1.150019812712344e-08,-0.0009056671167453419,-7.051933745543161e-09,-0.00020326444081250508,-1.935340776526573e-12,-0.0002032644347094158,-4.560796185160143e-12,-1.5048455399546745e-10
124928,275908,0.0033754799132850177,-2.3132269433290276e-09,-0.0009089147114461247,1.5901570542836725e-08,-0.00020364233807207313,-1.9417800700693988e-12,-0.00020364233194053414,-4.577338508227058e-12,-1.5069348212630899e-10
125440,276420,0.003389762214967451,2.4254562580594552e-08,-0.0009123367091048166,1.4373473553256698e-08,-0.00020402023533164118,-1.9501067427540875e-12,-0.00020402022917676577,-4.5964343442506106e-12,-1.5090290339172642e-10
125952,276932,0.003403484521372846,1.0529559446581516e-08,-0.000915110159349908,6.114906248554133e-09,-0.00020439813259120923,-1.959654660765864e-12,-0.00020439812641007097,-4.616085291786476e-12,-1.5111248663022165e-10
126464,277444,0.0034184039834372903,5.119563439848207e-09,-0.0009185718593382209,-4.5689437430747784e-10,-0.00020477602985077728,-1.967648266543165e-12,-0.0002047760236442835,-4.6349590832051035e-12,-1.5132283286029496e-10
126976,277956,0.0034326929450494426,-2.211063832024962e-08,-0.0009218783776029811,-2.249887148649802e-10,-0.00020515392711034533,-1.9736434708761408e-12,-0.00020515392087866845,-4.654276963833581e-12,-1.5153343460105929e-10
127488,278468,0.0034458863707345078,7.189472128743546e-09,-0.0009259310544152534,-7.156093007830219e-09,-0.00020553182436991338,-1.980970942838667e-12,-0.00020553181811288,-4.675038134394072e-12,-1.517435489698108e-10
128000,278980,0.003458446599509113,6.380443728914997e-09,-0.0009289712123641955,-5.673665705770864e-09,-0.00020590972162948143,-1.9892976155233555e-12,-0.0002059097153462734,-4.695133171139787e-12,-1.5195247527811357e-10
128512,279492,0.0034720233212144347,2.775419671863233e-08,-0.0009326403041972037,-1.1601129957773604e-08,-0.00020628761888904948,-1.9979573551154317e-12,-0.00020628761258116498,-4.712563672626402e-12,-1.5216259667492925e-10
129024,280004,0.0034852974917796153,1.6454535289867067e-08,-0.0009358504084153586,1.585496697398831e-08,-0.00020666551614861753,-2.007727317732133e-12,-0.0002066655098140514,-4.7303272410204045e-12,-1.5237136140803852e-10
129536,280516,0.003499917393998686,1.980641428644958e-09,-0.0009379739284874071,-2.0213009205763704e-09,-0.00020704341340818558,-2.0142776335774215e-12,-0.0002070434070485377,-4.7477577425070194e-12,-1.525813174903554e-10
130048,281028,0.0035136567519786777,-9.39107813735518e-09,-0.0009405813509539846,1.0051250297514667e-08,-0.00020742131066775363,-2.0239365738916604e-12,-0.00020742130428408486,-4.766853578530572e-12,-1.5279040292575863e-10
130560,281540,0.0035280525052756584,-2.4864222569753736e-08,-0.00094394584486223,-7.466775985978666e-09,-0.00020779920792732168,-2.0310420012492614e-12,-0.00020779920151834178,-4.7869486152762875e-12,-1.529978797109952e-10
131072,282052,0.003542340568769342,1.1030580893134356e-08,-0.000947742172415843,-1.3386232205260794e-08,-0.00020817710518688973,-2.0397017408413376e-12,-0.0002081770987525965,-4.807043652022003e-12,-1.5320732683544412e-10
131584,282564,0.003556293719247705,-2.9379185750855186e-08,-0.0009501346795774151,4.0177364185146666e-10,-0.00020855500244645778,-2.0475843243161762e-12,-0.0002085549959869123,-4.825806421138168e-12,-1.534172339673937e-10
132096,283076,0.003571039457276326,-2.050308567369541e-08,-0.0009547306935663242,-6.320939768650496e-09,-0.00020893289970602582,-2.05657713081564e-12,-0.00020893289322200225,-4.8440140787420205e-12,-1.536260452677374e-10
132608,283588,0.003585236349929355,8.941952067686998e-09,-0.0009581091176912513,-1.2868181484594975e-11,-0.00020931079696559387,-2.063238468963391e-12,-0.00020931079045516528,-4.861777647136023e-12,-1.5383398695414494e-10
133120,284100,0.0035982729594046248,1.2816203209808918e-08,-0.000961448089925314,1.9266319369966943e-08,-0.00020968869422516192,-2.071232074740692e-12,-0.00020968868768884457,-4.879874282437413e-12,-1.540425853854311e-10
133632,284612,0.0036123102520799755,2.544703447959762e-08,-0.0009655739231006601,4.6868555619664e-09,-0.00021006659148472997,-2.079003635913068e-12,-0.00021006658492313333,-4.898303984646191e-12,-1.5425170378770176e-10
134144,285124,0.0036259465826302684,-3.407708126790254e-08,-0.0009682889931935231,2.0806254724195004e-09,-0.00021044448874429802,-2.0862200855731317e-12,-0.00021044448215767807,-4.917510842972206e-12,-1.5446077501541329e-10
134656,285636,0.003639876227602201,1.7752837422335688e-08,-0.0009719894338450399,5.623652854195615e-09,-0.00021082238600386607,-2.095545958979983e-12,-0.00021082237939036995,-4.935607478273596e-12,-1.5466983345436645e-10
135168,286148,0.003653338832186437,2.1698585817020444e-08,-0.0009753284841663793,-1.5756327553326543e-08,-0.00021120028326343412,-2.1047608100843718e-12,-0.0002112002766251906,-4.953482068970061e-12,-1.548783426432992e-10
135680,286660,0.003667692897028285,2.4195559111817033e-08,-0.0009788420275356115,1.3185163960345811e-08,-0.00021157818052300217,-2.1133095273739855e-12,-0.00021157817385899193,-4.972688927296076e-12,-1.5508828853091166e-10
136192,287172,0.0036805682126361816,5.434986238839201e-09,-0.0009818746802619167,8.369413406151394e-10,-0.00021195607778257022,-2.1221913115709867e-12,-0.0002119560710946997,-4.990563517992541e-12,-1.5529504964500822e-10
136704,287684,0.00369440391539122,-3.2344849132392994e-08,-0.0009847116781257475,-2.637984012433858e-09,-0.00021233397504213827,-2.1292967389285877e-12,-0.00021233396832670895,-5.0074389079668435e-12,-1.5550558543695213e-10
137216,288196,0.0037104904522675675,7.958597336710227e-09,-0.00098708832244756,-5.911063830081393e-09,-0.00021271187230170632,-2.138622612335439e-12,-0.00021271186556118873,-5.026201677083009e-12,-1.5571503989049226e-10
137728,288708,0.003725082297534099,-1.8070689944416074e-08,-0.0009902021838533502,-1.2223359911264086e-08,-0.00021308976956127437,-2.1483925749521404e-12,-0.00021308976279541455,-5.045075468501636e-12,-1.5592409998049984e-10
138240,289220,0.0037402406859243786,-2.8872895185827474e-09,-0.0009943867909619345,-1.3575537421886085e-09,-0.00021346766682084242,-2.1582735598713043e-12,-0.0002134676600298621,-5.064837438339964e-12,-1.561321403038296e-10
138752,289732,0.003754227654778397,-4.6404089459883835e-09,-0.0009973297940576871,-3.392605065331909e-08,-0.00021384556408041047,-2.1641577419018176e-12,-0.00021384555726632762,-5.083267140548742e-12,-1.5634449198920052e-10
139264,290244,0.003768849221513104,2.4480092841727696e-08,-0.0010010828450601177,1.1058613756474498e-10,-0.00021422346133997852,-2.171374191561881e-12,-0.00021422345450049663,-5.101585820455057e-12,-1.565531906843558e-10
139776,290756,0.0037822091301555893,2.334310522655869e-09,-0.0010048284945114265,-1.2511841994386776e-09,-0.00021460135859954657,-2.1789237081293322e-12,-0.00021460135173480749,-5.122235968713085e-12,-1.5676122793619048e-10
140288,291268,0.003795676830558703,-8.467956558178003e-09,-0.0010074847163933833,-8.795430843130758e-09,-0.00021497925585911462,-2.1878054923263335e-12,-0.00021497924896882623,-5.1419979385514125e-12,-1.569713135155139e-10
140800,291780,0.003809590375799088,1.3405058396642744e-08,-0.0010107983642269709,-2.9236613423065877e-08,-0.00021535715311868267,-2.1966872765233347e-12,-0.0002153571462025519,-5.16042764076019e-12,-1.5718044569939208e-10
141312,292292,0.003822587182396475,1.857884002198773e-08,-0.0010140159243111938,1.9134918441414954e-08,-0.00021573505037825072,-2.205569060720336e-12,-0.00021573504343591068,-5.180855744413293e-12,-1.5738842628514551e-10
141824,292804,0.0038353504586325915,2.5467182362959306e-08,-0.001016420696862846,-1.2369752914748974e-08,-0.00021611294763781877,-2.213784711102562e-12,-0.0002161129406690645,-5.200728736554083e-12,-1.5759745400440747e-10
142336,293316,0.0038485082600379084,-2.563093770557856e-08,-0.0010203170461023224,-1.0818802005054876e-08,-0.00021649084489738682,-2.2222224060897133e-12,-0.00021649083790339587,-5.221600929417036e-12,-1.5780541408498624e-10
142848,293828,0.0038618077653433946,2.7808965352704718e-08,-0.0010229728535855575,-4.932098577124861e-09,-0.00021686874215695487,-2.2295498780522394e-12,-0.00021686873513729416,-5.241918010767677e-12,-1.5801403013586252e-10
143360,294340,0.0038755515335056057,-3.1145090506612405e-08,-0.001025896269927027,1.3153684816241785e-09,-0.00021724663941652292,-2.238542684551703e-12,-0.00021724663237113946,-5.2623461144207795e-12,-1.582225936010741e-10
143872,294852,0.0038898280493655513,1.538468752393385e-08,-0.0010293309539181408,-1.5603657892471163e-10,-0.00021762453667609097,-2.247757535656092e-12,-0.00021762452960556882,-5.28177501735172e-12,-1.584309216593798e-10
144384,295364,0.0039034074548593978,-3.741559950753981e-09,-0.001032129262345408,2.6240109149267938e-08,-0.00021800243393565902,-2.255307052223543e-12,-0.00021800242683994253,-5.300648808770347e-12,-1.5863864019594383e-10
144896,295876,0.003917949514474772,-2.889838102149156e-08,-0.0010356255219976507,-3.2416148166589576e-10,-0.00021838033119522707,-2.2641888364205442e-12,-0.00021838032407411477,-5.32018873400375e-12,-1.588466175317418e-10
145408,296388,0.0039317276728729755,-2.5439828021944777e-09,-0.001038896508369229,-2.014257062611362e-08,-0.00021875822845479512,-2.27062812996337e-12,-0.00021875822130744182,-5.338063324700215e-12,-1.5905498407241937e-10
145920,296900,0.003946266654199615,-7.93237830976068e-09,-0.0010426313658481357,-6.1163435586627824e-09,-0.00021913612571436317,-2.2790658249505213e-12,-0.0002191361185407866,-5.357381205328693e-12,-1.5926538562296192e-10
146432,297412,0.003959159472225027,-3.914352653122677e-08,-0.0010458436178581664,-1.0075617454637922e-08,-0.00021951402297393121,-2.2863932969130474e-12,-0.00021951401577494905,-5.373923528395608e-12,-1.5947446156855725e-10
146944,297924,0.003972119923251194,7.23744086883471e-09,-0.0010485393626383,-1.4846006934555982e-10,-0.00021989192023349926,-2.294275880387886e-12,-0.00021989191300805796,-5.392797319814235e-12,-1.5968400366681568e-10
147456,298436,0.003987184433927871,3.247584778875989e-08,-0.0010513103855396412,3.9315880416839983e-10,-0.00022026981749306731,-2.3008261962331744e-12,-0.00022026981024221622,-5.411671111232863e-12,-1.5989284058072128e-10
147968,298948,0.0040017702961774315,-1.5252473173354986e-08,-0.0010546953805698825,-1.1143747883352314e-09,-0.00022064771475263536,-2.3090418466154006e-12,-0.0002206477074755244,-5.4292126350219405e-12,-1.601021970966422e-10
148480,299460,0.00401604458827487,8.940993723172141e-09,-0.0010580015352619728,4.4298345875460514e-09,-0.0002210256120122034,-2.316480340880389e-12,-0.00022102560470825774,-5.4466431365085555e-12,-1.6031145535435816e-10
148992,299972,0.004031391955120256,2.0741376394184385e-08,-0.0010610850976127968,-1.0366257568501221e-08,-0.00022140350927177146,-2.3239188351453777e-12,-0.00022140350194364226,-5.466294084044421e-12,-1.6052092936486494e-10
149504,300484,0.004044687065107189,2.3390884118512645e-08,-0.001064770592841011,1.5044701336139602e-09,-0.0002217814065313395,-2.332578574737454e-12,-0.00022178139917536678,-5.483502540926111e-12,-1.6072954284248408e-10
150016,300996,0.004058761828742652,2.1119001436531448e-08,-0.0010668916461591346,4.021814467304262e-09,-0.00022215930379090756,-2.3400170690024424e-12,-0.00022215929640766053,-5.501266109320113e-12,-1.6093726381715132e-10
150528,301508,0.004072258780615012,1.4047008889406243e-08,-0.0010696703534146753,-1.1104909195120477e-09,-0.0002225372010504756,-2.347455563267431e-12,-0.0002225371936428057,-5.519695811528891e-12,-1.6114570015095393e-10
151040,302020,0.0040862585776191285,1.7366284188469194e-08,-0.0010726064369061185,8.900592684138084e-09,-0.00022291509831004366,-2.35800268200137e-12,-0.00022291509087722379,-5.538458580645056e-12,-1.613552916705382e-10
151552,302532,0.004100122705433584,1.513683733911364e-08,-0.001076590182237579,7.717360054807475e-10,-0.0002232929955696117,-2.3654411762663585e-12,-0.00022329298811148395,-5.5562221490390584e-12,-1.615646142449484e-10
152064,303044,0.004113716672059287,-7.97547095032769e-09,-0.0010793799189549032,-9.001712106054482e-09,-0.00022367089282917976,-2.3744339827658223e-12,-0.00022367088534434287,-5.573319583618286e-12,-1.6177293146833112e-10
152576,303556,0.004127840074666045,-8.323602140869468e-09,-0.0010821859769648415,6.14666750211688e-10,-0.0002240487900887478,-2.381872477030811e-12,-0.00022404878257632952,-5.5928595088516886e-12,-1.619810957906208e-10
153088,304068,0.004141125734863804,8.107756244157827e-09,-0.0010853607481149604,2.361308905192411e-09,-0.00022442668734831586,-2.3885338151785618e-12,-0.00022442667981009297,-5.611733300270316e-12,-1.621914980902376e-10
153600,304580,0.004153774765329299,-2.4165886958193994e-08,-0.0010886497748101495,-2.01326596651618e-09,-0.0002248045846078839,-2.3955282202337003e-12,-0.00022480457704491372,-5.629940957874169e-12,-1.6240188667727252e-10
154112,305092,0.0041686297575105336,-2.6247459206096835e-08,-0.0010910684698114408,2.085446693757809e-09,-0.00022518248186745196,-2.4035218260110014e-12,-0.00022518247427947186,-5.647593503965709e-12,-1.6261112679597032e-10
154624,305604,0.004182677123174772,-1.0145789541837757e-08,-0.0010937152638355997,5.4838696798660206e-09,-0.00022556037912702,-2.409072941134127e-12,-0.00022556037151256252,-5.667022406896649e-12,-1.6281929347248403e-10
155136,306116,0.0041972182946119485,7.732561257967063e-10,-0.0010959266344843935,-1.1161962920202401e-09,-0.00022593827638658806,-2.418065747633591e-12,-0.00022593826874650757,-5.686340287525127e-12,-1.6302861102513888e-10
155648,306628,0.004211227795329675,1.407032712563705e-08,-0.0010992826655935267,-1.8706847246977672e-08,-0.0002263161736461561,-2.4252821972936545e-12,-0.00022631616598155896,-5.704658967431442e-12,-1.6323803327498742e-10
156160,307140,0.004224672059855994,-1.1141882971799077e-09,-0.0011025379005717077,-1.6398512930749993e-09,-0.00022669407090572416,-2.433830914583268e-12,-0.0002266940632156428,-5.7233107142451445e-12,-1.6344666908525127e-10
156672,307652,0.004237998258816766,-9.25018284192447e-09,-0.0011054403075048463,2.4581522971144236e-08,-0.0002270719681652922,-2.442157587267957e-12,-0.00022707196044898477,-5.7414073495465345e-12,-1.6365526958861848e-10
157184,308164,0.004252340919367992,2.604767956881915e-08,-0.0011093446051535039,-2.62827132353592e-10,-0.00022744986542486026,-2.4495960815329454e-12,-0.00022744985768329392,-5.760059096360237e-12,-1.6386531402846517e-10
157696,308676,0.004265852166117856,3.927286940097474e-09,-0.0011129821462056437,3.739621392488155e-09,-0.0002278277626844283,-2.4578117319151715e-12,-0.00022782775491834818,-5.778821865476402e-12,-1.6407389914358053e-10
158208,309188,0.00427933106559264,3.6080365362067823e-09,-0.001115834742303609,-2.393606201647817e-09,-0.00022820565994399636,-2.4664714715072478e-12,-0.00022820565215123703,-5.797473612290105e-12,-1.6428287759631313e-10
158720,309700,0.004293059029389923,-1.794512283215255e-08,-0.001119861051509633,1.9772388067202315e-08,-0.0002285835572035644,-2.4750201887968615e-12,-0.0002285835493854859,-5.81845682745552e-12,-1.6449137801038094e-10
159232,310212,0.004306177714743065,1.921956971351335e-08,-0.0011232756601620793,-1.3143292258311504e-09,-0.00022896145446313246,-2.480904370827375e-12,-0.0002289614466194318,-5.836886529664298e-12,-1.6469917686275574e-10
159744,310724,0.004320040957402682,-1.4352721788846168e-08,-0.0011272793149934718,-5.902879340767486e-09,-0.0002293393517227005,-2.4881208204874383e-12,-0.00022933934385248995,-5.8544280534533755e-12,-1.6490837917657099e-10
160256,311236,0.004333971994409103,1.453035602949626e-08,-0.001130976256106903,2.1886848884763415e-08,-0.00022971724898226856,-2.496891582381977e-12,-0.00022971724108731658,-5.872635711057228e-12,-1.6511717064104112e-10
160768,311748,0.0043477344535955975,-2.6934080188389942e-08,-0.0011347676563616804,9.332257441462998e-10,-0.0002300951462418366,-2.503552920529728e-12,-0.0002300951383226111,-5.889844167938918e-12,-1.653262105620985e-10
161280,312260,0.004361529443989376,2.748244298800273e-09,-0.0011386793914448705,3.296311968507697e-08,-0.00023047304350140465,-2.509770169467629e-12,-0.00023047303555515127,-5.908162847845233e-12,-1.6553554732688097e-10
161792,312772,0.004375812307504612,6.77047973240974e-09,-0.0011411945093673932,-1.2850914414373462e-09,-0.0002308509407609727,-2.5157653738006047e-12,-0.00023085093278971366,-5.92481619321461e-12,-1.6574553835155847e-10
162304,313284,0.004388920601009927,-2.1997703436582583e-08,-0.00114543289465792,6.334258353536536e-09,-0.00023122883802054075,-2.524647157997606e-12,-0.00023122883002273884,-5.943689984633238e-12,-1.659550373575143e-10
162816,313796,0.004402768300107995,1.144708994260668e-09,-0.0011482725718036052,-2.5654732572763804e-10,-0.0002316067352801088,-2.531530540750282e-12,-0.00023160672725687373,-5.962341731446941e-12,-1.661639274809748e-10
163328,314308,0.004417984723172008,1.066836752272593e-08,-0.0011514820002836226,-1.4416488280314455e-08,-0.00023198463253967685,-2.5383029012004954e-12,-0.00023198462449192336,-5.981326545168031e-12,-1.6637146888520527e-10
163840,314820,0.004431360110935589,-2.503312213075759e-08,-0.0011551395747874955,3.4298339261866236e-09,-0.0002323625297992449,-2.5449642393482463e-12,-0.00023236252172516414,-5.998979091259571e-12,-1.6657911619120346e-10
164352,315332,0.004444744386328248,-2.099110774089752e-08,-0.0011581638299517235,1.7283831401118795e-08,-0.00023274042705881295,-2.5525137559156974e-12,-0.00023274041895869575,-6.018185949585586e-12,-1.667877397368113e-10
164864,315844,0.004457947415874353,-6.023139320632254e-09,-0.0011614078350121195,-8.281527361054078e-09,-0.000233118324318381,-2.5587310048535983e-12,-0.0002331183161926344,-6.036615651794364e-12,-1.6699556415870384e-10
165376,316356,0.004471574137446588,7.894470854807878e-09,-0.001165054358706357,4.88577862418156e-10,-0.00023349622157794905,-2.5648372314890366e-12,-0.00023349621342638903,-6.054490242490829e-12,-1.6720385050518124e-10
165888,316868,0.004485092002524338,-2.6825937360364094e-08,-0.0011681641803743038,-1.1521426397484535e-08,-0.0002338741188375171,-2.5731639041737253e-12,-0.00023387411066014234,-6.073919145421769e-12,-1.67412127527408e-10
166400,317380,0.004499768915205982,-2.164264523152326e-08,-0.001171538471992382,1.3561493059344404e-08,-0.00023425201609708515,-2.5836000006052018e-12,-0.00023425200789501307,-6.090905557698534e-12,-1.6762360564680927e-10
166912,317892,0.004513815573866431,-2.1359787050201362e-08,-0.0011752820317742522,2.38543615338539e-09,-0.0002346299133566532,-2.5919266732898905e-12,-0.00023462990512902369,-6.110556505234399e-12,-1.6783297364921075e-10
167424,318404,0.004527760584017493,4.4553805089719845e-09,-0.0011787308032590604,1.1909541567983718e-09,-0.00023500781061622125,-2.598921078345029e-12,-0.00023500780236187992,-6.128764162838252e-12,-1.6804262254265767e-10
167936,318916,0.004541558934217926,1.0254092686068361e-08,-0.001182022475389425,-1.6836444254517322e-08,-0.0002353857078757893,-2.60647059491248e-12,-0.00023538569959639238,-6.1459726197199416e-12,-1.6825195312860645e-10
168448,319428,0.004555953434431048,-2.1303610542311446e-08,-0.0011854410020151888,5.210720225119132e-10,-0.00023576360513535735,-2.6143531783873186e-12,-0.0002357635968284832,-6.163847210416407e-12,-1.6845850908128923e-10
168960,319940,0.004569242745533719,1.1752934625519629e-08,-0.0011888051847698245,-1.432721332915271e-08,-0.0002361415023949254,-2.6216806503498447e-12,-0.00023614149406282577,-6.182276912625184e-12,-1.6866797980928006e-10
169472,320452,0.004583194987757944,2.411104005339837e-08,-0.0011916661700357275,4.563590130770583e-09,-0.00023651939965449345,-2.6306734568493084e-12,-0.00023651939129663605,-6.200040481019187e-12,-1.6887798559944356e-10
169984,320964,0.004595962428823874,-5.060648788912658e-09,-0.0011945607932661085,-3.0658895873528885e-08,-0.0002368972969140615,-2.639222174138922e-12,-0.00023689728852956763,-6.220801651579677e-12,-1.6908484601436853e-10
170496,321476,0.0046094592196208595,2.0582816340208865e-08,-0.00119775036474913,1.0806960216104705e-09,-0.00023727519417362955,-2.646549646101448e-12,-0.00023727518576458563,-6.238343175368755e-12,-1.692936047103854e-10
171008,321988,0.004623684977225873,7.462475082320452e-11,-0.001200875190424509,1.027765297216675e-08,-0.0002376530914331976,-2.655098363391062e-12,-0.000237653082997149,-6.256772877577532e-12,-1.6950220989330007e-10
171520,322500,0.004637651774549001,1.0082953583179233e-08,-0.0012046369098946273,-1.0498897649589593e-08,-0.00023803098869276565,-2.662203790748663e-12,-0.000238030980230316,-6.275091557483847e-12,-1.6970964626598372e-10
172032,323012,0.00465118409416454,2.4943467513693918e-08,-0.001209054372069637,-4.0625729974214225e-09,-0.0002384088859523337,-2.669753307316114e-12,-0.00023840887746507349,-6.293521259692625e-12,-1.6991788183221246e-10
172544,323524,0.004664722744438965,1.3455712988275081e-08,-0.0012121615248341427,1.583993276878108e-08,-0.00023878678321190175,-2.679856336840203e-12,-0.00023878677469962026,-6.312839140321103e-12,-1.7012624109277984e-10
173056,324036,0.0046786740696165285,-2.357859174573207e-08,-0.0012153886683684988,2.1610784441625977e-09,-0.0002391646804714698,-2.6881830095248915e-12,-0.00023916467193353192,-6.330935775622493e-12,-1.7033622243239782e-10
173568,324548,0.004692868278638018,1.3577464486047575e-08,-0.0012190582647157498,-1.1049242852660525e-08,-0.00023954257773103785,-2.6950663922775675e-12,-0.0002395425691674626,-6.350142633948508e-12,-1.7054587939822884e-10
174080,325060,0.004707126241369375,-7.444628469244208e-09,-0.001221705479655901,3.709907003702041e-09,-0.0002399204749906059,-2.7015056858203934e-12,-0.00023992046639994456,-6.367129046225273e-12,-1.7075331998546725e-10
174592,325572,0.004721086876120495,-3.601192233304573e-09,-0.001225058792435363,1.4762395278771146e-09,-0.00024029837225017395,-2.708278046270607e-12,-0.00024029836363449384,-6.384781592316813e-12,-1.7096213303604254e-10
175104,326084,0.004734796405733821,-5.146816306478286e-10,-0.0012289564621042542,1.8549997135384957e-09,-0.000240676269509742,-2.716493696652833e-12,-0.00024067626086917332,-6.402212093803428e-12,-1.7117195816465105e-10
175616,326596,0.004748117350617198,-3.141857840560647e-08,-0.001232057758812755,-5.329089345427594e-09,-0.00024105416676931004,-2.7254865031522968e-12,-0.00024105415810206276,-6.419420550685118e-12,-1.713805722847513e-10
176128,327108,0.004761305000448024,1.5737637859558617e-09,-0.0012352050085235643,-6.625698003359252e-09,-0.0002414320640288781,-2.733480108929598e-12,-0.00024143205533637012,-6.438627409011133e-12,-1.715887135369234e-10
176640,327620,0.004775150690282448,-1.646139369260169e-08,-0.001239155718944775,-7.009477212014417e-09,-0.00024180996128844614,-2.7406965585896614e-12,-0.0002418099525716725,-6.456501999707598e-12,-1.7179737442105674e-10
177152,328132,0.004788957949796169,-1.0404094918925466e-08,-0.0012425309496468424,3.9984217411629856e-09,-0.0002421878585480142,-2.7476909636448e-12,-0.00024218784980613534,-6.474043523496675e-12,-1.7200805015265588e-10
177664,328644,0.004803201122044687,-1.6075132003301462e-08,-0.0012460041876145753,-4.025408453474933e-09,-0.00024256575580758224,-2.754130257187626e-12,-0.00024256574704009431,-6.493139359520228e-12,-1.7221699780478285e-10
178176,329156,0.004817197879778634,-7.853144801117651e-10,-0.001249386452462661,-6.180810059454171e-09,-0.0002429436530671503,-2.763456130594477e-12,-0.0002429436442729497,-6.510125771796993e-12,-1.724264069275637e-10
178688,329668,0.004830904996160346,9.026855707361392e-09,-0.0012527371703047736,2.9274529747773105e-09,-0.00024332155032671834,-2.772226892489016e-12,-0.0002433215415065369,-6.5289995632156206e-12,-1.726343018079639e-10
179200,330180,0.004844068454283423,-2.3578220598174937e-08,-0.0012560642968371773,-6.976492389215276e-09,-0.0002436994475862864,-2.7809976543835546e-12,-0.00024369943874013756,-6.548317443844098e-12,-1.728435040199392e-10
179712,330692,0.004858257152466461,1.2584719932817734e-08,-0.0012596721236613404,9.90102788471541e-10,-0.00024407734484585444,-2.790323527790406e-12,-0.00024407733597487687,-6.565969989935638e-12,-1.7305166158450062e-10
180224,331204,0.004872471248361432,8.63015259255917e-09,-0.0012634355825237686,1.5028779982972422e-09,-0.0002444552421054225,-2.7997604234997198e-12,-0.00024445523321155345,-6.5821792460951656e-12,-1.7326144022691057e-10
180736,331716,0.004886521132772881,5.269817249242692e-09,-0.001267030514648826,1.3403433760870282e-10,-0.00024483313936499054,-2.8070878954622458e-12,-0.0002448331304444259,-6.601719171328568e-12,-1.7347032666924455e-10
181248,332228,0.0049017152609127645,-1.236553270889118e-08,-0.0012695460630278647,-1.4484804976657783e-08,-0.0002452110366245586,-2.814415367424772e-12,-0.0002452110276785095,-6.619260695117646e-12,-1.7367770156423204e-10
181760,332740,0.004915516354282001,-1.4550423199644058e-08,-0.0012727897093226539,-7.417209352549094e-09,-0.00024558893388412664,-2.822853062411923e-12,-0.0002455889249121434,-6.639577776468286e-12,-1.7388765139507713e-10
182272,333252,0.004928857083197569,-4.3009862338294624e-09,-0.001276193061962439,3.703430749129972e-08,-0.0002459668311436947,-2.8314017797015367e-12,-0.0002459668221466287,-6.659339746306614e-12,-1.740955585954026e-10
182784,333764,0.0049424543878267,3.2586765286168884e-08,-0.00128019487764722,-5.4821686468755005e-09,-0.00024634472840326274,-2.839173340873913e-12,-0.0002463447193778793,-6.677658426212929e-12,-1.7430450523405162e-10
183296,334276,0.004956563252436874,-2.554842193358553e-08,-0.0012833756102030483,8.025744748792666e-09,-0.0002467226256628308,-2.8468338797438264e-12,-0.00024672261661176913,-6.696199150724169e-12,-1.7451393396034032e-10
183808,334788,0.004971826689333714,-2.0067856487671065e-08,-0.0012856633248298634,-1.3009278471584027e-08,-0.00024710052292239884,-2.8529401063792648e-12,-0.00024710051384682776,-6.714406808328022e-12,-1.7472420330209719e-10
184320,335300,0.004987632750491189,1.0895762958540445e-08,-0.0012889605369904508,-8.606551404424796e-10,-0.0002474784201819669,-2.861155756761491e-12,-0.00024747841108028324,-6.7309491313949366e-12,-1.7493319604876684e-10
184832,335812,0.005001733158900956,-2.5678759008052054e-08,-0.0012924505545056318,-1.0864703021483071e-08,-0.00024785631744153494,-2.869593451748642e-12,-0.00024785630831328486,-6.750600078930802e-12,-1.751408705196634e-10
185344,336324,0.005015123210934114,1.1712609548908404e-08,-0.0012960253440424195,-6.520253554299796e-09,-0.000248234214701103,-2.8776980798284058e-12,-0.00024823420554734977,-6.768252625022342e-12,-1.7534893211349378e-10
185856,336836,0.005028325208557671,1.7429247156641736e-08,-0.0012992318253386241,-1.0658667465722416e-08,-0.00024861211196067104,-2.8855806633032444e-12,-0.00024861210278425745,-6.784239836576944e-12,-1.755586457484918e-10
186368,337348,0.005042110478380879,2.8777286331660434e-08,-0.00130321620335409,-2.1399529790592785e-10,-0.0002489900092202391,-2.8937963136854705e-12,-0.0002489900000187204,-6.8017813603660215e-12,-1.7576840701327575e-10
186880,337860,0.005055391297533518,2.6486227877597912e-08,-0.001306794486883082,1.5082638646997012e-08,-0.00024936790647980714,-2.9034552539997094e-12,-0.00024936789725399854,-6.820877196389574e-12,-1.759780006948954e-10
187392,338372,0.005069003960066265,2.959978773198202e-08,-0.0013107828681563646,5.7020329780901676e-11,-0.0002497458037393752,-2.911781926684398e-12,-0.0002497457944889519,-6.840417121622977e-12,-1.7618776754759592e-10
187904,338884,0.005082579940100196,1.4043028073729147e-08,-0.0013150127439094704,-3.0349664088591734e-08,-0.00025012370099894324,-2.9189983763444616e-12,-0.00025012369172123285,-6.860290113763767e-12,-1.763959617700052e-10
188416,339396,0.005095537321275545,-1.020249207339674e-08,-0.0013183092821751315,-6.687205738462238e-09,-0.0002505015982585113,-2.926658915214375e-12,-0.00025050158895431076,-6.87849777136762e-12,-1.7660471523839304e-10
188928,339908,0.005109658279478735,-1.2347509348309416e-08,-0.0013215409853677585,1.705480258892424e-08,-0.00025087949551807934,-2.9336533202695136e-12,-0.0002508794861885728,-6.89881485271826e-12,-1.768134777461089e-10
189440,340420,0.005122009979463105,2.8254113715320273e-08,-0.0013247186266247195,6.850813549255383e-09,-0.0002512573927776474,-2.9412028368369647e-12,-0.000251257383423492,-6.9180217110442754e-12,-1.7702331896500885e-10
189952,340932,0.005136020690885479,-5.580755413348015e-09,-0.001328157649332964,-1.4087428944454143e-10,-0.00025163529003721543,-2.947531108077328e-12,-0.000251635280657485,-6.935230167925965e-12,-1.7723274481584669e-10
190464,341444,0.00514957269445615,-1.1337686456336371e-08,-0.0013310995606641857,8.121925533926572e-09,-0.0002520131872967835,-2.9551916469472417e-12,-0.00025201317789137057,-6.954103959344593e-12,-1.774410632086369e-10
190976,341956,0.005162725794814582,-1.601483123891967e-08,-0.0013336132994061542,6.356061036428859e-09,-0.00025239108455635153,-2.9629632081196178e-12,-0.0002523910751262979,-6.972200594645983e-12,-1.7765030993845806e-10
191488,342468,0.00517665921153454,-3.201610054848203e-08,-0.0013370096316007224,-6.427893270165412e-09,-0.0002527689818159196,-2.971844992316619e-12,-0.0002527689723598835,-6.992073586786773e-12,-1.778601259871885e-10
192000,342980,0.005191044617107066,-6.223566439977901e-09,-0.001339515420102953,-8.253022481994761e-10,-0.00025314687907548763,-2.978728375069295e-12,-0.00025314686959516524,-7.012057601230026e-12,-1.7806945480315926e-10
192512,343492,0.005205246732023383,1.4463070741044248e-08,-0.0013421171457317386,3.1258438931337508e-09,-0.0002535247763350557,-2.986055847031821e-12,-0.0002535247668282199,-7.031042414951116e-12,-1.7827703901140453e-10
193024,344004,0.005219291514681812,-9.454168115041739e-09,-0.0013446791838481905,-1.553543713959325e-09,-0.00025390267359462373,-2.995492742741135e-12,-0.00025390266406259736,-7.050360295579594e-12,-1.784870524813017e-10
193536,344516,0.005234256961586192,3.051141694854209e-08,-0.0013486044382649243,1.3707011583771959e-08,-0.0002542805708541918,-3.0047075938455237e-12,-0.00025428056129667777,-7.069567153905609e-12,-1.7869678618549035e-10
194048,345028,0.005248044150814479,-2.878035587627892e-09,-0.001351918955838809,-7.176393311977706e-09,-0.00025465846811375983,-3.0122571104129747e-12,-0.00025465845852916895,-7.087108677694687e-12,-1.789061774046568e-10
194560,345540,0.005262145094614867,1.1168016289531124e-08,-0.0013551697452719794,7.430072093917606e-09,-0.0002550363653733279,-3.0208058277025884e-12,-0.0002550363557632611,-7.103873045366527e-12,-1.791162924043971e-10
195072,346052,0.0052764332899291055,-6.278099373702162e-09,-0.0013588222184765049,-1.614050926989364e-08,-0.00025541426263289593,-3.029354544992202e-12,-0.0002554142529968162,-7.122080702970379e-12,-1.7932506585658358e-10
195584,346564,0.0052904206725294944,-1.175752795123941e-08,-0.001361995416634103,7.797373156459178e-10,-0.000255792159892464,-3.036682016954728e-12,-0.00025579215022926085,-7.1415096059013194e-12,-1.7953346247874124e-10
196096,347076,0.00530432122765534,2.0395143573992414e-08,-0.0013656845354442914,2.0687959336242464e-08,-0.00025617005715203203,-3.0446756227320293e-12,-0.0002561700474639075,-7.161937709554422e-12,-1.797426087193639e-10
196608,347588,0.005318622946874463,1.0483700130237139e-08,-0.0013691340134494498,2.521585842982713e-09,-0.0002565479544116001,-3.0517810500896303e-12,-0.0002565479446980137,-7.1794792333435e-12,-1.7995113525588452e-10
197120,348100,0.005332626927389228,3.525002512105857e-10,-0.0013725583889012015,1.5734156601654355e-08,-0.00025692585167116813,-3.0582203436324562e-12,-0.00025692584193317094,-7.197686890947352e-12,-1.8015888092880027e-10
197632,348612,0.005347565800131182,-1.5020730215198341e-09,-0.0013762651252574277,-2.9056337989319585e-09,-0.0002573037489307362,-3.066102927107295e-12,-0.0002573037391667338,-7.21789294999553e-12,-1.803670642437237e-10
198144,349124,0.005361559198953536,-2.823045308630867e-08,-0.001378166326950864,-2.9058086993018086e-09,-0.00025768164619030423,-3.071543019927958e-12,-0.0002576816363993804,-7.2347683399698326e-12,-1.8057610243079013e-10
198656,349636,0.005375850146575489,-2.1046454246054225e-08,-0.0013813116374298113,-6.92800900567943e-10,-0.0002580595434498723,-3.0792035587978717e-12,-0.0002580595336340579,-7.25275395296876e-12,-1.8078699603742103e-10
199168,350148,0.005389733512864092,-9.847251902783682e-09,-0.0013843816098443205,7.802755424824976e-09,-0.00025843744070944033,-3.0869751199702478e-12,-0.00025843743086953057,-7.271516722084925e-12,-1.8099639683734372e-10
199680,350660,0.00540321169322433,-1.775005042947697e-08,-0.0013877252425948533,-4.524911934050387e-09,-0.0002588153379690084,-3.0939695250253862e-12,-0.0002588153281035718,-7.29205584804049e-12,-1.8120408685516602e-10
200192,351172,0.005417097456034359,-2.546729260810565e-08,-0.001390640547601039,-1.7757211586559185e-08,-0.00025919323522857643,-3.104072554549475e-12,-0.00025919322533906556,-7.311262706366506e-12,-1.814136025640377e-10
200704,351684,0.0054309877931060235,-2.1782411430137927e-09,-0.001393325517299039,-1.1503698308248828e-08,-0.0002595711324881445,-3.110955937302151e-12,-0.0002595711225737368,-7.330136497785134e-12,-1.816245644280585e-10
201216,352196,0.00544522656979618,1.9012166285747867e-08,-0.0013971559177693672,-1.759401403549606e-08,-0.00025994902974771253,-3.118283409264677e-12,-0.000259949019807056,-7.347122910061898e-12,-1.818328520559547e-10
201728,352708,0.0054582133211249495,2.7444607919591135e-08,-0.0014004403208885817,3.1549716175751466e-09,-0.0002603269270072806,-3.125166792017353e-12,-0.0002603269170391176,-7.364331366943588e-12,-1.8204283250894162e-10
202240,353220,0.005471282048518766,4.2695078583676604e-09,-0.0014037795474790967,1.0297835973877783e-08,-0.0002607048242668486,-3.1336044870045043e-12,-0.00026070481427217394,-7.385314582109004e-12,-1.8225239190392633e-10
202752,353732,0.005485054714165161,-1.7613228320279006e-08,-0.0014073345471325132,-1.5336337585609173e-08,-0.0002610827215264167,-3.1397107136399427e-12,-0.00026108271150675287,-7.403633262015319e-12,-1.824627673208996e-10
203264,354244,0.005497837373469983,2.3878925281550778e-08,-0.0014104985921632573,-7.524517963965468e-09,-0.0002614606187859847,-3.1473712525098563e-12,-0.0002614606087411511,-7.423173187248722e-12,-1.8267127530611966e-10
203776,354756,0.005511676774118346,1.942832184020915e-08,-0.001413420975273781,5.346365662455453e-09,-0.0002618385160455528,-3.153810546052682e-12,-0.0002618385059748753,-7.4424910678772e-12,-1.82879818035729e-10
204288,355268,0.005525541226669928,-9.114782151264933e-09,-0.0014169293076914911,-2.2126291056393543e-10,-0.0002622164133051208,-3.1601388172930456e-12,-0.0002622164032095602,-7.459588502456427e-12,-1.8308951723448178e-10
204800,355780,0.005539996584073004,1.3880013582934225e-08,-0.001420092156825871,-9.496496688212626e-09,-0.0002625943105646889,-3.1659119770210964e-12,-0.0002625943004430366,-7.48001660610953e-12,-1.832982981558564e-10
205312,356292,0.005554286195110336,4.219083749035235e-09,-0.0014236430532701034,2.579825175832229e-10,-0.0002629722078242569,-3.1755709173353353e-12,-0.0002629721976787484,-7.498668352923232e-12,-1.8350669166675186e-10
205824,356804,0.005568708087437146,3.6854519436246846e-09,-0.0014269109021490412,9.620913367600187e-09,-0.000263350105083825,-3.1860070137668117e-12,-0.00026335009491228883,-7.518652367366485e-12,-1.8371593183752132e-10
206336,357316,0.005582165721366605,1.801082460950454e-08,-0.0014307668269996424,6.712385606077032e-09,-0.000263728002343393,-3.1935565303342628e-12,-0.00026372799214499415,-7.537637181087575e-12,-1.839257313176893e-10
206848,357828,0.005595894980860994,1.2613613264988999e-08,-0.0014344191484830266,4.923945599068918e-09,-0.0002641058996029611,-3.2006619576918638e-12,-0.0002641058893778219,-7.55639995020374e-12,-1.8413525094185861e-10
207360,358340,0.005609421916521917,1.8974873450261498e-08,-0.0014371517163984245,6.769284487065961e-09,-0.0002644837968625291,-3.20976578649379e-12,-0.0002644837866124709,-7.577605209974081e-12,-1.8434206051262423e-10
207872,358852,0.005622070788508404,1.715355346654235e-08,-0.001440841944781754,-1.2016160851321521e-08,-0.00026486169412209717,-3.2158720131292284e-12,-0.0002648616838462924,-7.597700246719796e-12,-1.8455141551185944e-10
208384,359364,0.005636570681028186,-2.216459904502699e-09,-0.0014435948593616084,-3.092227842472595e-08,-0.0002652395913816652,-3.222644373579442e-12,-0.00026523958107980966,-7.616685060440886e-12,-1.8475825657249133e-10
208896,359876,0.005648847250269817,6.865831458924276e-09,-0.001446495131502623,-2.7908369032544694e-09,-0.00026561748864123327,-3.230193890146893e-12,-0.00026561747831438636,-7.636558052581677e-12,-1.8496633639379824e-10
209408,360388,0.005663283188919399,-5.484016796231117e-09,-0.0014490748643132473,3.7813369342468944e-09,-0.0002659953859008013,-3.237743406714344e-12,-0.0002659953755505228,-7.655764910907692e-12,-1.8517630464439653e-10
209920,360900,0.005676804462783291,1.8862216011328314e-08,-0.001452169024774214,-6.393099601456857e-10,-0.00026637328316036937,-3.2451819009793326e-12,-0.0002663732727854742,-7.675637903048482e-12,-1.8538484902524326e-10
210432,361412,0.0056891217641961145,2.256266284916819e-09,-0.0014553507427231718,9.03115134328924e-09,-0.0002667511804199374,-3.2535085736640212e-12,-0.00026675117001901945,-7.695177828281885e-12,-1.8559350205700846e-10
210944,361924,0.00570192516376733,-1.7123069739888308e-08,-0.0014589646051713344,-3.4736253013544428e-09,-0.00026712907767950547,-3.2603919564166972e-12,-0.0002671290672526531,-7.712497307466037e-12,-1.8580186102691592e-10
211456,362436,0.005716519643017337,6.925304774085816e-11,-0.0014624574519982116,-2.6002767706800412e-08,-0.0002675069749390735,-3.267275339169373e-12,-0.00026750696448645715,-7.734479723353616e-12,-1.8601072730597698e-10
211968,362948,0.005730621658399437,3.3223725992570508e-09,-0.001466281484285755,-4.028767910354148e-09,-0.00026788487219864157,-3.273936677317124e-12,-0.00026788486172152625,-7.753131470167318e-12,-1.8621936622145761e-10
212480,363460,0.005744198340384754,1.964157525513599e-08,-0.0014699786856996978,-5.437415835203386e-09,-0.0002682627694582096,-3.281486193884575e-12,-0.00026826275895671335,-7.769673793234233e-12,-1.864277519997156e-10
212992,363972,0.005758275084925213,-1.1404829192152022e-08,-0.0014737198662361157,8.374426366330572e-09,-0.00026864066671777767,-3.291367178803739e-12,-0.0002686406561904444,-7.787437361628236e-12,-1.8663697019291468e-10
213504,364484,0.005770283979432245,2.0524343335992512e-08,-0.0014763767103239827,-6.326093204559507e-09,-0.0002690185639773457,-3.29891669537119e-12,-0.0002690185534252148,-7.805978086139476e-12,-1.8684541755073465e-10
214016,364996,0.00578505071773372,9.98095472937166e-09,-0.00147914480842603,4.1227794324434835e-09,-0.00026939646123691377,-3.3063551896361787e-12,-0.00026939645065931806,-7.825295966767953e-12,-1.870546069068464e-10
214528,365508,0.005798821826210165,-2.632323858886565e-08,-0.0014826914820984833,-6.709600978222776e-10,-0.0002697743584964818,-3.3135716392962422e-12,-0.0002697743478921957,-7.843614646674268e-12,-1.872641282526761e-10
215040,366020,0.005812358599622591,6.4413860911827214e-09,-0.001485602866177429,-3.182843105549727e-08,-0.00027015225575604987,-3.3194558213267555e-12,-0.00027015224512672297,-7.862044348883046e-12,-1.874736257755662e-10
215552,366532,0.005826490042033505,-8.714991395208926e-09,-0.0014882945688607986,3.001880361177515e-10,-0.0002705301530156179,-3.3261171594745065e-12,-0.00027053014236010607,-7.881140184906599e-12,-1.8768251055323215e-10
216064,367044,0.005840644022513164,2.7579520889275955e-09,-0.0014917656986504,-3.2617952862352126e-08,-0.00027090805027518597,-3.3368863228133705e-12,-0.0002709080395938055,-7.898903753300601e-12,-1.8789164486825205e-10
216576,367556,0.005853445614330877,-2.4242417184794363e-08,-0.0014948556720709549,4.747558821178732e-10,-0.000271285947534754,-3.3463232185226843e-12,-0.0002712859368283892,-7.918887767743854e-12,-1.8810154577535228e-10
217088,368068,0.005867455843817204,2.677660759786704e-09,-0.001498134482979239,-1.0386712159173447e-08,-0.00027166384479432207,-3.355093980417223e-12,-0.0002716638340636874,-7.936873380742782e-12,-1.883100150034354e-10
217600,368580,0.005881163309772619,-9.312454807286485e-09,-0.0015019660232304518,-3.4572006767007973e-09,-0.0002720417420538901,-3.3653080322437745e-12,-0.0002720417312994298,-7.957190462093422e-12,-1.8851877381598772e-10
218112,369092,0.005894684404226025,3.5289851041397924e-09,-0.001505300547076254,-1.1408522409793949e-08,-0.00027241963931345817,-3.3743008387432383e-12,-0.0002724196285336016,-7.976841409629287e-12,-1.8872674074048886e-10
218624,369604,0.005908397933781062,-1.116879921880809e-10,-0.0015085257748340447,-6.012811483625051e-09,-0.0002727975365730262,-3.3809621768909892e-12,-0.00027279752576759756,-7.995160089535602e-12,-1.8893693130529273e-10
219136,370116,0.005922589184196969,9.6277568140124e-09,-0.001511892649377421,-1.9184720263612538e-08,-0.00027317543383259426,-3.3885116934584403e-12,-0.0002731754230028594,-8.01403388095423e-12,-1.8914624190563113e-10
219648,370628,0.005936332598231786,1.5956532317673577e-08,-0.0015149341830498133,2.242477685086411e-08,-0.0002735533310921623,-3.397504499957904e-12,-0.00027355332023696374,-8.031575404743307e-12,-1.8935712906140717e-10
220160,371140,0.005950370951286921,9.193366068416253e-09,-0.001518222905971229,-1.273692110323142e-08,-0.00027393122835173036,-3.4049429942228926e-12,-0.00027393121747176194,-8.050116129254548e-12,-1.8956598767466703e-10
220672,371652,0.005963874708707628,7.59384022330778e-09,-0.0015221248725232064,-2.691793524048933e-08,-0.0002743091256112984,-3.4127145553952687e-12,-0.00027430911470616685,-8.0683237868584e-12,-1.89774183285919e-10
221184,372164,0.0059772767882142475,1.5792525509539246e-08,-0.0015255513312688873,-3.0089285452298544e-09,-0.00027468702287086646,-3.418820782030707e-12,-0.0002746870119394914,-8.087641667486878e-12,-1.899830530435558e-10
221696,372676,0.005990643542874263,-7.954069403126596e-09,-0.0015283171889865321,1.3390113373093281e-08,-0.0002750649201304345,-3.426370298598158e-12,-0.0002750649091735138,-8.104850124368568e-12,-1.9019139411711405e-10
222208,373188,0.006003815747554153,-1.1809258682049517e-08,-0.0015313391500526483,-2.4360900205246727e-10,-0.00027544281739000256,-3.4359182166099345e-12,-0.00027544280640818175,-8.123168804274883e-12,-1.9039965851960108e-10
222720,373700,0.0060182611339125724,1.5605241543426018e-09,-0.0015345145634608338,-2.25511766981646e-08,-0.0002758207146495706,-3.444688978504473e-12,-0.00027582070364309564,-8.141376461878735e-12,-1.9060749376928197e-10
223232,374212,0.006031649485356061,-1.8249250111068704e-08,-0.001538352760054142,-4.527698337317821e-09,-0.00027619861190913866,-3.4522384950719243e-12,-0.00027619860087703765,-8.160805364809676e-12,-1.9081783427038176e-10
223744,374724,0.006045700733155801,-1.7829247522804792e-08,-0.0015415199585637434,-1.0091862656869734e-08,-0.0002765765091687067,-3.460565167756613e-12,-0.00027657649810928077,-8.180012223135691e-12,-1.910286061014923e-10
224256,375236,0.006058769368802119,-4.665556829763773e-09,-0.0015442868638266681,-2.589793332359476e-09,-0.00027695440642827476,-3.4680036620216015e-12,-0.00027695439534381616,-8.198774992251856e-12,-1.9123720084223857e-10
224768,375748,0.00607287952661717,8.707424115073081e-09,-0.0015477442714562427,9.602260136570504e-09,-0.0002773323036878428,-3.475664200891515e-12,-0.0002773322925793699,-8.217648783670484e-12,-1.9144436280054965e-10
225280,376260,0.00608733901569547,1.3956865885234038e-08,-0.0015513377433954438,-3.7640969609259625e-09,-0.00027771020094741086,-3.4849900742983664e-12,-0.0002777101898131565,-8.236855641996499e-12,-1.9165355171363663e-10
225792,376772,0.00610088450478341,1.0567657859894553e-09,-0.001554815107918654,1.2933229787614899e-08,-0.0002780880982069789,-3.4912073232362673e-12,-0.0002780880870462786,-8.257505790254527e-12,-1.9186261553928566e-10
226304,377284,0.006115096501751793,-4.939632702871677e-09,-0.00155853752471589,-1.4369337345536903e-08,-0.00027846599546654696,-3.4975355944766306e-12,-0.00027846598427948033,-8.276934693185467e-12,-1.920700495129357e-10
226816,377796,0.006128993249931103,-2.5665479741476815e-08,-0.0015616834951463104,3.4040667834851215e-10,-0.000278843892726115,-3.5069724901859445e-12,-0.00027884388151314506,-8.296363596116407e-12,-1.9227854239186914e-10
227328,378308,0.006143019150150364,-5.484642073838586e-09,-0.0015640270420930703,1.4092462744272025e-08,-0.00027922178998568306,-3.5140779175435455e-12,-0.0002792217787454367,-8.315792499047348e-12,-1.9248804712948578e-10
227840,378820,0.0061556365108432765,2.168666290991439e-08,-0.001567462577422065,-3.8865089682344486e-11,-0.0002795996872452511,-3.5225156125306967e-12,-0.0002795996759792461,-8.335110379675825e-12,-1.9269852379662844e-10
228352,379332,0.006170270300932756,4.658033958548913e-10,-0.0015705047309532358,-9.628586967990124e-10,-0.00027997758450481916,-3.5300651290981477e-12,-0.00027997757321266884,-8.353095992674753e-12,-1.9290938584274227e-10
228864,379844,0.006183733209408571,1.856191200744206e-08,-0.0015726317748172868,2.7347490117949457e-10,-0.0002803554817643872,-3.538058734875449e-12,-0.0002803554704459433,-8.370415471858905e-12,-1.9311675850136185e-10
229376,380356,0.00619742466209372,-3.800376902063363e-09,-0.0015766455354173585,1.6133650561635203e-09,-0.00028073337902395526,-3.545386206837975e-12,-0.00028073336767989144,-8.38873415176522e-12,-1.933260704859995e-10
229888,380868,0.006210905311111459,-2.6354055271404775e-08,-0.0015803291749054657,-9.81796589011726e-09,-0.0002811112762835233,-3.553601857220201e-12,-0.00028111126491581255,-8.408274076998623e-12,-1.935355608334699e-10
230400,381380,0.006224852567750405,2.0956208990341452e-08,-0.0015835863960175752,-1.0569696612431422e-08,-0.00028148917354309136,-3.5608183068802646e-12,-0.0002814891621476701,-8.426481734602476e-12,-1.9374441940518415e-10
230912,381892,0.006238682632326631,-2.0243166920508315e-08,-0.0015861314443927686,6.798731722517745e-09,-0.0002818670708026594,-3.567146578120628e-12,-0.00028186705938296864,-8.446132682138341e-12,-1.9395328119576616e-10
231424,382404,0.006252764596609284,-9.766237596409155e-09,-0.001589696844737079,2.7581901944718325e-09,-0.00028224496806222746,-3.5763614292250168e-12,-0.00028224495661709247,-8.465561585069281e-12,-1.941609739888707e-10
231936,382916,0.006267084131003076,1.6734434060694525e-08,-0.0015935050188558553,7.021568660086128e-09,-0.0002826228653217955,-3.585465258026943e-12,-0.00028262285385076814,-8.483436175765746e-12,-1.9437058183024957e-10
232448,383428,0.006281230037898045,1.6293004057033045e-08,-0.0015977639634749293,-5.159464096812679e-09,-0.00028300076258136356,-3.5939029530140942e-12,-0.0002830007510856483,-8.504308368628699e-12,-1.9458127334854384e-10
232960,383940,0.0062949719982239305,1.7434666821358746e-08,-0.0016013041370574895,1.7647018287285665e-10,-0.0002833786598409316,-3.602007581093858e-12,-0.0002833786483199778,-8.52462544997934e-12,-1.9478970494039301e-10
233472,384452,0.006309585108783988,1.3877445859122872e-08,-0.0016048310993605722,2.2639292266449415e-09,-0.00028375655710049966,-3.609113008451459e-12,-0.0002837565455553817,-8.542166973768417e-12,-1.9499987849508605e-10
233984,384964,0.006323441394822549,-1.4453956365123588e-08,-0.0016090649782172803,-1.913462889516575e-08,-0.0002841344543600677,-3.6187719487656977e-12,-0.0002841344427884214,-8.558376229927944e-12,-1.9520880888974765e-10
234496,385476,0.0063377993855942005,-1.1587577342098143e-08,-0.001612528357864276,1.0825646591061381e-10,-0.00028451235161963575,-3.626765554542999e-12,-0.0002845123400221133,-8.573253218457921e-12,-1.9541725783791878e-10
235008,385988,0.006352317989632539,-8.489513092513334e-09,-0.0016162800312441228,3.531766894523271e-08,-0.0002848902488792038,-3.6346481380178375e-12,-0.00028489023725655467,-8.593459277506099e-12,-1.9562693672276272e-10
235520,386500,0.006366806822532212,-2.8863710088700145e-08,-0.0016193325167488065,-2.748680685723816e-10,-0.00028526814613877185,-3.641864587677901e-12,-0.00028526813449068555,-8.612333068924727e-12,-1.9583676269777283e-10
236032,387012,0.006381125046038827,-8.060037970381018e-09,-0.0016222543062826091,2.0331182767740476e-08,-0.0002856460433983399,-3.651301483387215e-12,-0.0002856460317233733,-8.631317882645817e-12,-1.9604626814283876e-10
236544,387524,0.0063933034759449114,-2.3175594998647853e-08,-0.0016252094692049328,-2.073837105869321e-08,-0.00028602394065790795,-3.658850999954666e-12,-0.00028602392895833034,-8.648415317225044e-12,-1.9625555018023416e-10
237056,388036,0.006406252805127188,-1.242784863908497e-08,-0.0016281589062276764,1.3800271673271012e-08,-0.000286401837917476,-3.66739971724428e-12,-0.0002864018261916909,-8.66673399713136e-12,-1.9646487126924417e-10
237568,388548,0.006420029821528228,-9.211496898586802e-09,-0.001630713964218703,-1.424282222938739e-09,-0.00028677973517704405,-3.6733949215772554e-12,-0.0002867797234251777,-8.683165297895812e-12,-1.966710213082709e-10
238080,389060,0.0064346727597388576,-1.4416622229340703e-08,-0.001633911449212706,-1.037706324568499e-08,-0.0002871576324366121,-3.680611371237319e-12,-0.0002871576206603514,-8.701372955499664e-12,-1.9688008313930864e-10
238592,389572,0.00644876395899785,2.0952942270113795e-08,-0.0016372857900323954,-1.157558217850196e-08,-0.00028753552969618015,-3.688382932409695e-12,-0.00028753551789291275,-8.719469590801054e-12,-1.9708928322409012e-10
239104,390084,0.006463199297106703,1.995443654756457e-08,-0.0016405844373503123,-2.920305319772192e-09,-0.0002879134269557482,-3.695266315162371e-12,-0.00028791341512775573,-8.73912053833692e-12,-1.9729874412385063e-10
239616,390596,0.006477583840091894,-5.811896741647615e-09,-0.001643728199601099,-1.0758158187916336e-08,-0.00028829132421531625,-3.703704010149522e-12,-0.0002882913123613721,-8.757106151335847e-12,-1.9750805128510446e-10
240128,391108,0.006491669071434059,2.322310033164854e-08,-0.0016475854654012178,-1.8662555408741676e-11,-0.0002886692214748843,-3.710698415204661e-12,-0.0002886692095944978,-8.777312210384025e-12,-1.9771620666045244e-10
240640,391620,0.006505808560482551,-2.5167365413913956e-08,-0.0016503868068206194,-2.7483053297394303e-09,-0.00028904711873445235,-3.718136909469649e-12,-0.0002890471068284481,-8.796408046407578e-12,-1.979253021710633e-10
241152,392132,0.006519584217319574,-7.1915805532896115e-09,-0.0016543439080719212,-8.411586134860769e-09,-0.0002894250159940204,-3.723688024592775e-12,-0.0002894250040599866,-8.815725927036056e-12,-1.9813396518111399e-10
241664,392644,0.006533694008037161,1.7806616403603925e-08,-0.0016570479754184054,-6.37609815431262e-09,-0.00028980291325358845,-3.7306824296479135e-12,-0.00028980290129435347,-8.834821763059608e-12,-1.9834251500640364e-10
242176,393156,0.006547675725051549,-1.9967003828114116e-08,-0.0016610175200935835,-1.94146321007333e-08,-0.0002901808105131565,-3.740119325357227e-12,-0.00029018079852842423,-8.853473509873311e-12,-1.9855344281503624e-10
242688,393668,0.00656117983971316,1.8054095995978514e-09,-0.0016643942735693948,-1.3502051994811853e-08,-0.00029055870777272455,-3.747779864227141e-12,-0.0002905586957620915,-8.872014234384551e-12,-1.9876308678482672e-10
243200,394180,0.006575694386572684,-2.3203792887116492e-08,-0.0016681379360232698,-1.2987581581699272e-08,-0.0002909366050322926,-3.7558844923069046e-12,-0.00029093659299546604,-8.888112468241616e-12,-1.989704229128573e-10
243712,394692,0.006589467984474018,2.9314595195728543e-09,-0.0016710089850028506,1.3017148394181583e-08,-0.00029131450229186065,-3.764211164991593e-12,-0.00029131449022911315,-8.906542170450393e-12,-1.9917945179004623e-10
244224,395204,0.006602368937634884,2.285069178320498e-08,-0.0016746283928678388,-9.986584395005075e-09,-0.0002916923995514287,-3.771760681559044e-12,-0.00029169238746200456,-8.92319551581977e-12,-1.9938792932099592e-10
244736,395716,0.006617107456057036,-1.044094843916099e-08,-0.00167701007909239,7.64863528494596e-09,-0.00029207029681099675,-3.7795322427314204e-12,-0.0002920702846982847,-8.941514195726086e-12,-1.9959693507314594e-10
245248,396228,0.006630213933287665,3.559161965149826e-08,-0.001679716407153329,-2.296745591925759e-09,-0.0002924481940705648,-3.789746294557972e-12,-0.0002924481819319003,-8.959721853329938e-12,-1.9980558292748836e-10
245760,396740,0.006643868301819289,1.4699057970801732e-08,-0.0016832283158786311,2.9940873733642484e-10,-0.00029282609133013285,-3.7982950118475856e-12,-0.0002928260791668602,-8.978928711655954e-12,-2.0001586437019627e-10
246272,397252,0.006658610034680601,5.7509623729856685e-09,-0.0016861239715951174,-4.851245511635725e-09,-0.0002932039885897009,-3.805733506112574e-12,-0.00029320397640125755,-8.998801703796744e-12,-2.002258065701787e-10
246784,397764,0.006671724086208197,1.943728289433011e-08,-0.0016900002043480303,4.13614223605767e-09,-0.00029358188584926895,-3.813727111889875e-12,-0.00029358187363492537,-9.017453450610446e-12,-2.0043514861292227e-10
247296,398276,0.0066852001523864946,-6.701716515067346e-09,-0.001692549937693076,3.2526155051873366e-08,-0.000293959783108837,-3.821165606154864e-12,-0.0002939597708682935,-9.035217019004449e-12,-2.0064484295646567e-10
247808,398788,0.0066985202023639445,-2.3340007482275382e-08,-0.0016963154238838567,-1.1710668990490042e-08,-0.00029433768036840505,-3.82716081048784e-12,-0.0002943376681031684,-9.05553410035509e-12,-2.008523179537759e-10
248320,399300,0.006712001575994497,1.0730916599754892e-08,-0.0016994970488380138,1.0853229852143898e-09,-0.0002947155776279731,-3.834266237845441e-12,-0.000294715565336648,-9.073963802563867e-12,-2.0106130304357346e-10
248832,399812,0.006724504949202625,-2.6733388835964433e-09,-0.0017018946331468076,1.3200757505268865e-08,-0.00029509347488754114,-3.843592111252292e-12,-0.0002950934625708362,-9.09172737095787e-12,-2.01270513703089e-10
249344,400324,0.006738847439642592,-1.7328181667330966e-08,-0.0017050598860221383,1.9206539164745582e-08,-0.0002954713721471092,-3.850364471702505e-12,-0.00029547135980485627,-9.107825604814934e-12,-2.0148054713281654e-10
249856,400836,0.006752700230589159,-4.2777710262953406e-09,-0.001708671567686372,1.0572319883080556e-08,-0.00029584926940667724,-3.860023412016744e-12,-0.00029584925704010957,-9.123701794067074e-12,-2.0168960739316736e-10
250368,401348,0.006766373470270315,1.2143497762906463e-08,-0.0017120704535003774,2.467539907283789e-09,-0.0002962271666662453,-3.866795772466958e-12,-0.00029622715427492073,-9.143019674695552e-12,-2.0189989125752644e-10
250880,401860,0.006780184973144143,1.1895238571923983e-08,-0.0017155094007575626,1.2260533739017307e-08,-0.00029660506392581334,-3.874123244429484e-12,-0.00029660505150865435,-9.16100528769448e-12,-2.02109481717662e-10
251392,402372,0.006792810893264445,2.8618246217249066e-08,-0.0017183962539995886,4.088700701183798e-10,-0.0002969829611853814,-3.881339694089547e-12,-0.00029698294874274165,-9.17910192299587e-12,-2.0231926018680785e-10
251904,402884,0.0068064532611666895,9.149767166150014e-09,-0.0017212063858628535,-2.7500737296979034e-08,-0.00029736085844494944,-3.888667166052073e-12,-0.0002973608459762992,-9.198863892834197e-12,-2.0252957016590758e-10
252416,403396,0.00681912093950765,8.059265477200483e-09,-0.0017243744341956062,6.589139284917483e-11,-0.0002977387557045175,-3.897882017156462e-12,-0.0002977387432125235,-9.217293595042975e-12,-2.0273946961129757e-10
252928,403908,0.006831774025709558,3.1686397061747584e-08,-0.0017281325468238473,6.865423289023904e-09,-0.00029811665296408554,-3.907096868260851e-12,-0.0002981166404465781,-9.236722497973915e-12,-2.0294783227862521e-10
253440,404420,0.006845157431336846,5.098535371672597e-09,-0.0017314818737072398,2.7434306916024266e-10,-0.0002984945502236536,-3.915756607852927e-12,-0.00029849453767875195,-9.25370891025068e-12,-2.0315614348071974e-10
253952,404932,0.006859174721918215,3.268880588436218e-08,-0.0017340754442916814,-5.163758137171174e-10,-0.00029887244748322164,-3.924416347445003e-12,-0.0002988724349114746,-9.27269372397177e-12,-2.0336400473488315e-10
254464,405444,0.006873518695019509,2.663219644816195e-08,-0.0017369680985252559,-4.838214478665512e-09,-0.0002992503447427897,-3.9324099532223045e-12,-0.0002992503321453359,-9.29034627006331e-12,-2.0357404142492284e-10
254976,405956,0.006887733660220885,1.2446122354958788e-08,-0.001740210648711243,-1.2664882289706626e-08,-0.00029962824200235774,-3.9395153805799055e-12,-0.0002996282293797753,-9.30888699457455e-12,-2.0378300262155438e-10
255488,406468,0.006901460564585626,1.150019812712344e-08,-0.0017433939007561745,-7.051933700633967e-09,-0.0003000061392619258,-3.946953874844894e-12,-0.00030000612661296936,-9.328648964412878e-12,-2.0398939802030143e-10
256000,406980,0.00691550088257209,-2.3132269433290276e-09,-0.0017471347827609546,1.5901570387778987e-08,-0.00030038403652149384,-3.955835659041895e-12,-0.0003003840238475291,-9.34641253280688e-12,-2.0420027601211027e-10
256512,407492,0.006929452442971051,2.4254562580594552e-08,-0.0017500518293460908,1.4373473630192838e-08,-0.0003007619337810619,-3.962830064097034e-12,-0.0003007619210821621,-9.365064279620583e-12,-2.0441003550554567e-10
257024,408004,0.006943766662543371,1.0529559446581516e-08,-0.001753383971130687,6.114906303123435e-09,-0.00030113983104062994,-3.97193389289896e-12,-0.0003011398183163919,-9.382827848014585e-12,-2.0461772915653296e-10
257536,408516,0.006958218228728441,5.119563439848207e-09,-0.0017568598499837949,-4.5689462431428215e-10,-0.000301517728300198,-3.9789282979540985e-12,-0.00030151771554974034,-9.402145728643063e-12,-2.0482693387591743e-10
258048,409028,0.006972110361770145,-2.211063832024962e-08,-0.0017598855847030593,-2.2498865328346868e-10,-0.00030189562555976604,-3.985922703009237e-12,-0.00030189561278285305,-9.420797475456766e-12,-2.0503711510674995e-10
258560,409540,0.006985942408284096,7.189472128743546e-09,-0.0017631728992086094,-7.156092880907233e-09,-0.0003022735228193341,-3.996469821743176e-12,-0.0003022735100159343,-9.439782289177856e-12,-2.0524520976214817e-10
259072,410052,0.007000035903286239,6.380443728914997e-09,-0.0017669261309742822,-5.673665869091261e-09,-0.00030265142007890214,-4.005795695150027e-12,-0.00030265140725018754,-9.459544259016184e-12,-2.0545498245526348e-10
259584,410564,0.007015070411699353,2.775419671863233e-08,-0.0017703638869363849,-1.1601129879947207e-08,-0.0003030293173384702,-4.0144554347421035e-12,-0.00030302930448477394,-9.479639295761899e-12,-2.0566459071872296e-10
260096,411076,0.007029370779945365,1.6454535289867067e-08,-0.0017729581246240795,1.585496702542524e-08,-0.00030340721459803824,-4.021893929007092e-12,-0.000303407201717702,-9.498735131785452e-12,-2.0587350342048558e-10
260608,411588,0.007043510461397728,1.980641428644958e-09,-0.0017755346984047716,-2.0213009205763704e-09,-0.0003037851118576063,-4.029221400969618e-12,-0.00030378509895125793,-9.517386878599154e-12,-2.0608156401449207e-10
261120,412100,0.007057539469298213,-9.39107813735518e-09,-0.001779258812315482,1.0051250344232731e-08,-0.00030416300911717434,-4.0355496722099815e-12,-0.00030416299618521013,-9.537148848437482e-12,-2.0629042132528347e-10
261632,412612,0.007071555136553442,-2.4864222569753736e-08,-0.0017823780033633442,-7.466776137152496e-09,-0.0003045409063767424,-4.041544876542957e-12,-0.0003045408934198562,-9.554912416831485e-12,-2.064986176296337e-10
262144,413124,0.007084860723484576,1.1030580893134356e-08,-0.0017846440073264519,-1.338623204275916e-08,-0.00030491880363631044,-4.0497605269251835e-12,-0.0003049187906530642,-9.572675985225487e-12,-2.0670909413084248e-10
262656,413636,0.0070985934118898975,-2.9379185750855186e-08,-0.0017878222547189305,4.0177369570680584e-10,-0.0003052967008958785,-4.056754931980322e-12,-0.00030529668788787794,-9.59177182124904e-12,-2.0691781407573028e-10
263168,414148,0.007112242433641391,-2.050308567369541e-08,-0.001790466630055122,-6.320939768650496e-09,-0.00030567459815544653,-4.063416270128073e-12,-0.00030567458512129677,-9.609535389643042e-12,-2.071273895696527e-10
263680,414660,0.00712661051003316,8.941952067686998e-09,-0.0017943088544678887,-1.2868119127499716e-11,-0.0003060524954150146,-4.072187032022612e-12,-0.0003060524823556791,-9.628742247969058e-12,-2.0733632508636181e-10
264192,415172,0.00714066931792301,1.2816203209808918e-08,-0.0017981248795597604,1.9266319369966943e-08,-0.00030643039267458263,-4.0805137047073e-12,-0.0003064303795915819,-9.647282972480298e-12,-2.0754512149162295e-10
264704,415684,0.007154786136494673,2.544703447959762e-08,-0.0018017365770899858,4.686855369477346e-09,-0.0003068082899341507,-4.0885073104846015e-12,-0.0003068082768250126,-9.663603250942288e-12,-2.0775545876570405e-10
265216,416196,0.007168937434333111,-3.407708126790254e-08,-0.0018046002409477539,2.0806254724195004e-09,-0.00030718618719371873,-4.097833183891453e-12,-0.0003071861740575495,-9.680700685521515e-12,-2.0796410655981687e-10
265728,416708,0.007183877432440644,1.7752837422335688e-08,-0.001807412792861369,5.6236529067872574e-09,-0.0003075640844532868,-4.1059378119712164e-12,-0.0003075640712914428,-9.69724300858843e-12,-2.081736404549337e-10
266240,417220,0.007198886229083046,2.1698585817020444e-08,-0.0018106977764598582,-1.5756327640079545e-08,-0.00030794198171285483,-4.11315426163128e-12,-0.00030794196852460063,-9.717782134543995e-12,-2.0838329235051246e-10
266752,417732,0.007212685297565358,2.4195559111817033e-08,-0.0018141184035807502,1.3185164008732903e-08,-0.0003083198789724229,-4.120925822803656e-12,-0.0003083198657581009,-9.73476854682076e-12,-2.085927218852593e-10
267264,418244,0.007225986898307557,5.434986238839201e-09,-0.0018170524157140086,8.369412427557202e-10,-0.00030869777623199093,-4.1283643170686446e-12,-0.00030869776299231394,-9.753531315936925e-12,-2.088011480421699e-10
267776,418756,0.007240062377777079,-3.2344849132392994e-08,-0.001820392579623411,-2.637984183185185e-09,-0.000309075673491559,-4.136357922845946e-12,-0.0003090756602263669,-9.77273817426294e-12,-2.0900930816390728e-10
268288,419268,0.007253498827392013,7.958597336710227e-09,-0.0018236031029034599,-5.9110637771324965e-09,-0.00030945357075112703,-4.1457948185552596e-12,-0.0003094535574604981,-9.791834010286493e-12,-2.0921896189799406e-10
268800,419780,0.007267354930301728,-1.8070689944416074e-08,-0.001827217238416168,-1.222335998307761e-08,-0.0003098314680106951,-4.15112388907346e-12,-0.0003098314546948389,-9.811595980124821e-12,-2.0942746149656187e-10
269312,420292,0.007280027603606021,-2.8872895185827474e-09,-0.0018303430559271482,-1.3575538938315327e-09,-0.00031020936527026313,-4.158451361035986e-12,-0.00031020935193022794,-9.830913860753299e-12,-2.0963473587018419e-10
269824,420804,0.0072945847566061595,-4.6404089459883835e-09,-0.0018343138371503505,-3.392605048210815e-08,-0.0003105872625298312,-4.168998479769925e-12,-0.0003105872491642426,-9.848122317634989e-12,-2.09843709998061e-10
270336,421316,0.007307424041285149,2.4480092841727696e-08,-0.0018377652397998554,1.1058617216019146e-10,-0.00031096515978939923,-4.176547996337376e-12,-0.00031096514639865493,-9.866774064448691e-12,-2.1005416361942398e-10
270848,421828,0.007320845052689373,2.334310522655869e-09,-0.0018415997118897756,-1.2511841306305166e-09,-0.0003113430570489673,-4.185207735929453e-12,-0.00031134304363198724,-9.887424212706719e-12,-2.1026393344565278e-10
271360,422340,0.007334092454412744,-8.467956558178003e-09,-0.0018451073892134663,-8.795430762785967e-09,-0.00031172095430853533,-4.193201341706754e-12,-0.00031172094086594264,-9.906075959520422e-12,-2.1047353395847583e-10
271872,422852,0.007348939132742371,1.3405058396642744e-08,-0.001848577568705513,-2.9236613588467856e-08,-0.0003120988515681034,-4.201194947484055e-12,-0.00031209883809988807,-9.923950550216887e-12,-2.1068340133967294e-10
272384,423364,0.007363091361346941,1.857884002198773e-08,-0.0018524451948609688,1.913491849131892e-08,-0.00031247674882767143,-4.208966508656431e-12,-0.00031247673533370675,-9.94260229703059e-12,-2.1089302100840094e-10
272896,423876,0.007375730174166373,2.5467182362959306e-08,-0.0018558932630319083,-1.2369752867436986e-08,-0.0003128546460872395,-4.214850690686944e-12,-0.00031285463256617896,-9.959588709307354e-12,-2.1110188725244674e-10
273408,424388,0.007389868607891259,-2.563093770557856e-08,-0.0018591167118653183,-1.081880218361541e-08,-0.00031323254334680753,-4.224398608698721e-12,-0.00031323252980010736,-9.979128634540757e-12,-2.1131035341651117e-10
273920,424900,0.007403336367127977,2.7808965352704718e-08,-0.0018626559514452604,-4.932098991978135e-09,-0.0003136104406063756,-4.2345016382228096e-12,-0.0003136104270331261,-9.997891403656922e-12,-2.1151875084652622e-10
274432,425412,0.00741670508607406,-3.1145090506612405e-08,-0.0018659547540127658,1.3153685579302826e-09,-0.0003139883378659436,-4.243050355512423e-12,-0.00031398832426581186,-1.001587701665585e-11,-2.1172777230094618e-10
274944,425924,0.007430295491078098,1.538468752393385e-08,-0.0018700304821574077,-1.5603630564841827e-10,-0.0003143662351255117,-4.248823515240474e-12,-0.0003143662214996405,-1.003441774116709e-11,-2.119355416621525e-10
275456,426436,0.007444462963810405,-3.741559950753981e-09,-0.0018734628760008198,2.624010884014099e-08,-0.0003147441323850797,-4.257816321739938e-12,-0.00031474411873208216,-1.0052292331863555e-11,-2.1214446914779685e-10
275968,426948,0.00745774432327706,-2.889838102149156e-08,-0.0018767555717901572,-3.2416144350618525e-10,-0.0003151220296446478,-4.264699704492614e-12,-0.00031512201596523134,-1.0072609413214195e-11,-2.1235349427529497e-10
276480,427460,0.007472159055394778,-2.5439828021944777e-09,-0.0018801608785515868,-2.014257062611362e-08,-0.0003154999269042158,-4.271472064942827e-12,-0.0003154999131987405,-1.0092038316145135e-11,-2.125608469644683e-10
276992,427972,0.0074856984130340365,-7.93237830976068e-09,-0.0018832290956427688,-6.116343504318364e-09,-0.0003158778241637839,-4.279465670720128e-12,-0.00031587781043160583,-1.0111134152168688e-11,-2.1276940863448522e-10
277504,428484,0.007499148575632386,-3.914352653122677e-08,-0.0018860745268552846,-1.0075617140844082e-08,-0.0003162557214233519,-4.288458477219592e-12,-0.0003162557076666046,-1.0131229188914403e-11,-2.1297841756443153e-10
278016,428996,0.007513604208889912,7.23744086883471e-09,-0.0018895354942181518,-1.4846042814805898e-10,-0.00031663361868292,-4.297118216811668e-12,-0.00031663360490161104,-1.0148992757308406e-11,-2.1318782460203826e-10
278528,429508,0.0075261383108080615,3.247584778875989e-08,-0.0018934480345531317,3.9315889526848267e-10,-0.000317011515942488,-4.304778755681582e-12,-0.0003170115021364153,-1.0167644504122109e-11,-2.1339697583035182e-10
279040,430020,0.0075399039979549,-1.5252473173354986e-08,-0.0018963903209989936,-1.1143744630598176e-09,-0.0003173894132020561,-4.3115511161317954e-12,-0.00031738939936994657,-1.0186407273238274e-11,-2.136070893567449e-10
279552,430532,0.0075528172650556336,8.940993723172141e-09,-0.001899409069243472,4.429834182852598e-09,-0.0003177673104616241,-4.3191006326992465e-12,-0.0003177672966049361,-1.0204725953144589e-11,-2.1381612230187265e-10
280064,431044,0.007565622315293341,2.0741376394184385e-08,-0.0019014805332107523,-1.0366257568501221e-08,-0.0003181452077211922,-4.326539126964235e-12,-0.0003181451938377654,-1.0222489521538591e-11,-2.1402524024917366e-10
280576,431556,0.007578987345167265,2.3390884118512645e-08,-0.001905251930327247,1.504470403460244e-09,-0.0003185231049807602,-4.335531933463699e-12,-0.0003185230910720745,-1.0242473535981844e-11,-2.1423422573581313e-10
281088,432068,0.007593363922924201,2.1119001436531448e-08,-0.001908434296524689,4.021814467304262e-09,-0.00031890100224032827,-4.342526338518837e-12,-0.0003189009883061157,-1.026168039430786e-11,-2.144439646207816e-10
281600,432580,0.007606265626252329,1.4047008889406243e-08,-0.0019111916540120628,-1.110490968033166e-09,-0.0003192788994998963,-4.3505199442961384e-12,-0.000319278885539854,-1.02793329403994e-11,-2.146534681644614e-10
282112,433092,0.0076198773412956555,1.7366284188469194e-08,-0.0019142395304083057,8.90059274353648e-09,-0.00031965679675946437,-4.36073399612269e-12,-0.0003196567827738939,-1.0298095709515565e-11,-2.1486198305511888e-10
282624,433604,0.007634831195570291,1.513683733911364e-08,-0.0019176461225754939,7.71736087875085e-10,-0.0003200346940190324,-4.367617378875366e-12,-0.0003200346800077746,-1.031730256784158e-11,-2.1507138351654414e-10
283136,434116,0.007649076613613692,-7.97547095032769e-09,-0.0019205995076363668,-9.001711883974162e-09,-0.00032041259127860047,-4.376055073862517e-12,-0.0003204125772416753,-1.033673147077252e-11,-2.1527936891783085e-10
283648,434628,0.007661532867523579,-8.323602140869468e-09,-0.0019238410367345205,6.146663569288411e-10,-0.0003207904885381685,-4.3830494789176555e-12,-0.00032079047447633376,-1.0355938329098535e-11,-2.1548786230714885e-10
284160,435140,0.007675253805597748,8.107756244157827e-09,-0.001927241371591377,2.3613090798198715e-09,-0.00032116838579773657,-4.3901549062752565e-12,-0.00032116837170940483,-1.0374923142819625e-11,-2.1569639209720362e-10
284672,435652,0.007688594605887555,-2.4165886958193994e-08,-0.0019302352309574719,-2.013265918358481e-09,-0.0003215462830573046,-4.399036690472258e-12,-0.00032154626894379543,-1.039279773351609e-11,-2.159059572686726e-10
285184,436164,0.0077025459853730105,-2.6247459206096835e-08,-0.0019332392886487217,2.0854463005711725e-09,-0.00032192418031687267,-4.406697229342171e-12,-0.000321924166178267,-1.041355890407658e-11,-2.1611497068972127e-10
285696,436676,0.00771616500277994,-1.0145789541837757e-08,-0.001935142076015242,5.483869934263593e-09,-0.0003223020775764407,-4.416911281168723e-12,-0.0003223020634120128,-1.0434098030032146e-11,-2.163239136762575e-10
286208,437188,0.007729894166895734,7.732561257967063e-10,-0.001939364288730039,-1.1161962389303055e-09,-0.00032267997483600877,-4.424682842341099e-12,-0.0003226799606460687,-1.0454193066777862e-11,-2.165319274725719e-10
286720,437700,0.007743481077615355,1.407032712563705e-08,-0.0019419027405262977,-1.8706847175816545e-08,-0.0003230578720955768,-4.432454403513475e-12,-0.00032305785788119313,-1.0473621969708802e-11,-2.1673942818489464e-10
287232,438212,0.007756968525610919,-1.1141882971799077e-09,-0.0019450180445396194,-1.6398511964817902e-09,-0.00032343576935514487,-4.439559830871076e-12,-0.00032343575511421785,-1.0491385538102804e-11,-2.1694828500367547e-10
287744,438724,0.007770212836922585,-9.25018284192447e-09,-0.001948178199310505,2.4581523027533492e-08,-0.0003238136666147129,-4.4472203697409896e-12,-0.0003238136523484473,-1.0508371950379569e-11,-2.1715729400477506e-10
288256,439236,0.007783787910631279,2.604767956881915e-08,-0.0019525221107240505,-2.628270770392966e-10,-0.00032419156387428097,-4.457878510777391e-12,-0.0003241915495828668,-1.0526690630285884e-11,-2.1736840375815814e-10
288768,439748,0.007796317489963789,3.927286940097474e-09,-0.0019563277335098604,3.739621392488155e-09,-0.000324569461133849,-4.4644288266226795e-12,-0.00032456944681739794,-1.0544787265587274e-11,-2.1757817710569826e-10
289280,440260,0.007809997915423805,3.6080365362067823e-09,-0.001959357205557609,-2.3936066024170727e-09,-0.00032494735839341707,-4.474642878449231e-12,-0.0003249473440522057,-1.056443821312314e-11,-2.1778582803789537e-10
289792,440772,0.007825154049912353,-1.794512283215255e-08,-0.0019622342768055396,1.9772388317080833e-08,-0.0003253252556529851,-4.481970350411757e-12,-0.0003253252412859388,-1.0581091558492517e-11,-2.1799610720470237e-10
290304,441284,0.00783874539261653,1.921956971351335e-08,-0.001964749515602941,-1.314329126437108e-09,-0.00032570315291255317,-4.490297023096446e-12,-0.0003257031385186242,-1.0599077171491444e-11,-2.1820557204992549e-10
290816,441796,0.00784956780518642,-1.4352721788846168e-08,-0.001968459231165783,-5.9028788652453765e-09,-0.0003260810501721212,-4.498623695781134e-12,-0.00032608103575217995,-1.0619727319749472e-11,-2.1841281276480038e-10
291328,442308,0.007863507999524622,1.453035602949626e-08,-0.0019721294572002126,2.1886848174866922e-08,-0.00032645894743168927,-4.505618100836273e-12,-0.0003264589329876907,-1.0636491687421312e-11,-2.1862327637417905e-10
291840,442820,0.007876981088795088,-2.6934080188389942e-08,-0.001974668980012768,9.332257961700775e-10,-0.0003268368446912573,-4.512834550496336e-12,-0.00032683683022292497,-1.0656364679562103e-11,-2.1883151502285956e-10
292352,443332,0.007890638847744658,2.748244298800273e-09,-0.0019781455328346186,3.296311968507697e-08,-0.00032721474195082536,-4.52049508936625e-12,-0.00032721472745705774,-1.0675349493283193e-11,-2.1903980691160756e-10
292864,443844,0.007902609166010155,6.77047973240974e-09,-0.001981686352939934,-1.285091427753055e-09,-0.0003275926392103934,-4.528710739748476e-12,-0.0003275926246928712,-1.0695222485423983e-11,-2.1924908637118972e-10
293376,444356,0.007916370100675696,-2.1997703436582583e-08,-0.0019848262569789393,6.334258353536536e-09,-0.00032797053646996146,-4.537481501643015e-12,-0.000327970521927699,-1.0712652986910598e-11,-2.1945915509034784e-10
293888,444868,0.00793028655013428,1.144708994260668e-09,-0.0019883844554600943,-2.565472632948708e-10,-0.0003283484337295295,-4.546918397352329e-12,-0.00032834841916001774,-1.0731637800631688e-11,-2.196682553943572e-10
294400,445380,0.007944049595560498,1.066836752272593e-08,-0.001991902617313508,-1.4416488345121819e-08,-0.00032872633098909756,-4.55402382470993e-12,-0.00032872631639386385,-1.0751288748167553e-11,-2.1987826385217957e-10
294912,445892,0.007957119501574184,-2.503312213075759e-08,-0.0019946432775715924,3.429834414388941e-09,-0.0003291042282486656,-4.562350497394618e-12,-0.00032910421362721876,-1.0770717651098494e-11,-2.200879443785906e-10
295424,446404,0.007971214276674354,-2.099110774089752e-08,-0.0019980741438251045,1.728383092671639e-08,-0.00032948212550823366,-4.569455924752219e-12,-0.00032948211086106477,-1.0791256777054059e-11,-2.202966988767178e-10
295936,446916,0.007984400869656127,-6.023139320632254e-09,-0.0020015309253446916,-8.281527309979548e-09,-0.0003298600227678017,-4.5774495305295204e-12,-0.0003298600080944234,-1.0810907724589924e-11,-2.205087347602609e-10
296448,447428,0.007997950568459755,7.894470854807878e-09,-0.002004776279631572,4.885783663292178e-10,-0.00033023792002736976,-4.582556556442796e-12,-0.000330237905328032,-1.0829004359891314e-11,-2.2071727016173483e-10
296960,447940,0.008011063672264784,-2.6825937360364094e-08,-0.0020078247900075113,-1.152142699827888e-08,-0.0003306158172869378,-4.59110527373241e-12,-0.0003306158025625054,-1.0848433262822255e-11,-2.2092880419165417e-10
297472,448452,0.008025317141743704,-2.164264523152326e-08,-0.0020109569168443794,1.3561493110123051e-08,-0.00033099371454650586,-4.597433544972773e-12,-0.0003309936997963256,-1.0866973987333495e-11,-2.2113730373359283e-10
297984,448964,0.008038769643004207,-2.1359787050201362e-08,-0.002013757711314562,2.38543615338539e-09,-0.0003313716118060739,-4.605427150750074e-12,-0.0003313715970299946,-1.088573675644966e-11,-2.2134611292801245e-10
298496,449476,0.0080525479080642,4.4553805089719845e-09,-0.002017679110439735,1.1909543190360514e-09,-0.00033174950906564196,-4.6138648457372256e-12,-0.00033174949426416714,-1.0904055436355975e-11,-2.215551190361332e-10
299008,449988,0.008067210155763282,1.0254092686068361e-08,-0.002020673429742093,-1.6836443661728438e-08,-0.00033212740632521,-4.622413563026839e-12,-0.00033212739149867976,-1.092148593784259e-11,-2.2176529326786074e-10
299520,450500,0.008081094582280901,-2.1303610542311446e-08,-0.0020244229884710044,5.210715267245417e-10,-0.00033250530358477806,-4.6310733026189155e-12,-0.0003325052887312041,-1.0938916439329205e-11,-2.2197510316069133e-10
300032,451012,0.008094380619682928,1.1752934625519629e-08,-0.002027813035098593,-1.4327213389230352e-08,-0.0003328832008443461,-4.640621220630692e-12,-0.00033288318596442877,-1.0958345342260145e-11,-2.2218505845504838e-10
300544,451524,0.00810844570438607,2.411104005339837e-08,-0.002030947622733779,4.563590624493949e-09,-0.00033326109810391416,-4.648170737198143e-12,-0.0003332610831977067,-1.097755220058616e-11,-2.2239175879769906e-10
301056,452036,0.008123092734202197,-5.060648788912658e-09,-0.002034700152512044,-3.0658896470869483e-08,-0.0003336389953634822,-4.655942298370519e-12,-0.0003336389804330933,-1.0996870081214638e-11,-2.2260119728721564e-10
301568,452548,0.008137098152852351,2.0582816340208865e-08,-0.002037887173305586,1.0806958647702701e-09,-0.00033401689262305026,-4.66393590414782e-12,-0.0003340168776675703,-1.1014078538096328e-11,-2.228105908737618e-10
302080,453060,0.00815019078286805,7.462475082320452e-11,-0.002040802896229991,1.0277653499384758e-08,-0.0003343947898826183,-4.671152353807884e-12,-0.0003343947749021292,-1.1032619262607568e-11,-2.2301899488741275e-10
302592,453572,0.008163333934892325,1.0082953583179233e-08,-0.002043523178602211,-1.0498897985066236e-08,-0.00033477268714218636,-4.67892391498026e-12,-0.00033477267213379735,-1.1052603277050821e-11,-2.2322777537589533e-10
303104,454084,0.008177082692716109,2.4943467513693918e-08,-0.0020466760701595694,-4.0625731455126065e-09,-0.0003351505844017544,-4.685585253128011e-12,-0.00033515056936704715,-1.1070366845444823e-11,-2.234375473373063e-10
303616,454596,0.008190483336086407,1.3455712988275081e-08,-0.002049601668983525,1.583993285299939e-08,-0.00033552848166132246,-4.693245791997924e-12,-0.00033552846659991797,-1.1087464280024051e-11,-2.2364426806722843e-10
304128,455108,0.008203720340597354,-2.357859174573207e-08,-0.002053364815935205,2.1610785506169126e-09,-0.0003359063789208905,-4.700906330867838e-12,-0.000335906363835136,-1.1106560116047604e-11,-2.2385308023165428e-10
304640,455620,0.008217472044404595,1.3577464486047575e-08,-0.002057606173263382,-1.1049242288609542e-08,-0.00033628427618045856,-4.708011758225439e-12,-0.0003362842610686869,-1.1127987420422869e-11,-2.2406071323812239e-10
305152,456132,0.008230710897937588,-7.444628469244208e-09,-0.002060561290549445,3.709906575551547e-09,-0.0003366621734400266,-4.715339230187965e-12,-0.0003366621583025626,-1.114697223414396e-11,-2.242686222778118e-10
305664,456644,0.008245129165616483,-3.601192233304573e-09,-0.002064357678343107,1.476239360752913e-09,-0.00033704007069959466,-4.7229997690578784e-12,-0.00033704005553700673,-1.1164180691025649e-11,-2.244785163946215e-10
306176,457156,0.008258131865990448,-5.146816306478286e-10,-0.0020678833716075485,1.855000210984031e-09,-0.0003374179679591627,-4.732658709372117e-12,-0.00033741795277200876,-1.1181833237117189e-11,-2.246869783298556e-10
306688,457668,0.00827303057304718,-3.141857840560647e-08,-0.002071536205661931,-5.329089766188438e-09,-0.00033779586521873075,-4.7415404935691186e-12,-0.00033779585000763226,-1.1201040095443204e-11,-2.2489570833959398e-10
307200,458180,0.008286914873308682,1.5737637859558617e-09,-0.0020757601699257404,-6.625697710183178e-09,-0.0003381737624782988,-4.748756943229182e-12,-0.00033817374724067633,-1.1220468998374145e-11,-2.2510468460868633e-10
307712,458692,0.008300477386601113,-1.646139369260169e-08,-0.0020793632451385742,-7.00947712813391e-09,-0.00033855165973786685,-4.7585269058458834e-12,-0.00033855164447452906,-1.123878767828046e-11,-2.2531575657116026e-10
308224,459204,0.008313365831651875,-1.0404094918925466e-08,-0.0020831197951217367,3.998421345268802e-09,-0.0003389295569974349,-4.766631533925647e-12,-0.000338929541709665,-1.125688431358185e-11,-2.2552386793111198e-10
308736,459716,0.008327126414534591,-1.6075132003301462e-08,-0.0020863000688569884,-4.025408166738215e-09,-0.00033930745425700295,-4.774736162005411e-12,-0.0003393074389424706,-1.1275758105000477e-11,-2.2573413431996052e-10
309248,460228,0.008339486895070802,-7.853144801117651e-10,-0.002090016732329821,-6.180810059454171e-09,-0.000339685351516571,-4.782285678572862e-12,-0.0003396853361757772,-1.1296408253258505e-11,-2.2594338162068826e-10
309760,460740,0.008352033145002435,9.026855707361392e-09,-0.0020939249677924348,2.9274529747773105e-09,-0.00034006324877613905,-4.78883599441815e-12,-0.0003400632334122923,-1.131428284395497e-11,-2.2615357869461158e-10
310272,461252,0.008365628890089738,-2.3578220598174937e-08,-0.0020970707996091115,-6.976492239141819e-09,-0.0003404411460357071,-4.7947201764486636e-12,-0.000340441130646232,-1.133282356846621e-11,-2.2636133476972453e-10
310784,461764,0.00837871800512624,1.2584719932817734e-08,-0.0020996768304653176,9.901024458777461e-10,-0.00034081904329527515,-4.804046049855515e-12,-0.0003408190278800984,-1.1352141449094688e-11,-2.265716996302923e-10
311296,462276,0.008393290326184522,8.63015259255917e-09,-0.002102621134910925,1.5028782401773172e-09,-0.0003411969405548432,-4.811817611027891e-12,-0.0003411969251147748,-1.1369238883673916e-11,-2.2678058032463253e-10
311808,462788,0.008407746016991569,5.269817249242692e-09,-0.0021064401356219566,1.340343965587264e-10,-0.00034157483781441125,-4.821365529039667e-12,-0.00034157482234937423,-1.138800165279008e-11,-2.2699001263024803e-10
312320,463300,0.008421938993653066,-1.236553270889118e-08,-0.002109385622068859,-1.4484805238570796e-08,-0.0003419527350739793,-4.828581978699731e-12,-0.00034195271958479813,-1.1403766819739758e-11,-2.272000823492612e-10
312832,463812,0.008435115266348658,-1.4550423199644058e-08,-0.002112569774854185,-7.417209081844117e-09,-0.00034233063233354735,-4.833355937705619e-12,-0.00034233061681894104,-1.1421308343528835e-11,-2.2740914508555078e-10
313344,464324,0.008449989161025018,-4.3009862338294624e-09,-0.0021159215841848778,3.703430765066397e-08,-0.0003427085295931154,-4.83912909743367e-12,-0.00034270851405270296,-1.1440737246459776e-11,-2.2762007579217377e-10
313856,464836,0.00846474932781116,3.2586765286168884e-08,-0.002119098512435691,-5.482169053979889e-09,-0.00034308642685268345,-4.847344747815896e-12,-0.0003430864112877996,-1.1460166149390716e-11,-2.2782850220307957e-10
314368,465348,0.008479532206356222,-2.554842193358553e-08,-0.0021223688945011107,8.025745071264693e-09,-0.0003434643241122515,-4.855560398198122e-12,-0.0003434643085217199,-1.1478151762389643e-11,-2.2803765729398287e-10
314880,465860,0.00849361274669902,-2.0067856487671065e-08,-0.002125413091125986,-1.3009278425624823e-08,-0.00034384222137181955,-4.863442981672961e-12,-0.00034384220575579155,-1.1496137375388571e-11,-2.282460302876432e-10
315392,466372,0.008508301517976102,1.0895762958540445e-08,-0.0021281890186730756,-8.606550385081859e-10,-0.0003442201186313876,-4.870548409030562e-12,-0.0003442201029886313,-1.1513678899177648e-11,-2.284572627241546e-10
315904,466884,0.008522713386773129,-2.5678759008052054e-08,-0.002131062681336634,-1.0864703021483071e-08,-0.00034459801589095565,-4.877875880993088e-12,-0.00034459800022173365,-1.1534995181250451e-11,-2.2866723360558546e-10
316416,467396,0.008536510840833289,1.1712609548908404e-08,-0.0021342529519651626,-6.520253825225958e-09,-0.0003449759131505237,-4.886091531375314e-12,-0.00034497589745689767,-1.1553091816551841e-11,-2.2887609638536955e-10
316928,467908,0.008550783210147017,1.7429247156641736e-08,-0.002136822802076545,-1.0658667270136217e-08,-0.00034535381041009175,-4.894973315572315e-12,-0.00034535379469121725,-1.1571521518760619e-11,-2.290865395380941e-10
317440,468420,0.008564574308198125,2.8777286331660434e-08,-0.002140109674067098,-2.1399523894934864e-10,-0.0003457317076696598,-4.901634653720066e-12,-0.0003457316919262193,-1.159095042169156e-11,-2.292954939627959e-10
317952,468932,0.008578367221439231,2.6486227877597912e-08,-0.00214337977186638,1.508263834321604e-08,-0.00034610960492922785,-4.908962125682592e-12,-0.0003461095891609681,-1.1609602168505262e-11,-2.2950417128975686e-10
318464,469444,0.008592373649955576,2.959978773198202e-08,-0.0021474966899988394,5.7020384563565314e-11,-0.0003464875021887959,-4.916955731459893e-12,-0.0003464874863930866,-1.162714369229434e-11,-2.2971300325033423e-10
318976,469956,0.008606576791243326,1.4043028073729147e-08,-0.0021502488431617366,-3.0349664013286244e-08,-0.00034686539944836395,-4.924172181119957e-12,-0.0003468653836266856,-1.1643019881546479e-11,-2.2992173077575218e-10
319488,470468,0.008622084373041572,-1.020249207339674e-08,-0.002153584735997705,-6.687205946937147e-09,-0.000347243296707932,-4.93094454157017e-12,-0.0003472432808609771,-1.1662781851384807e-11,-2.3013013184536787e-10
320000,470980,0.008636509023127514,-1.2347509348309416e-08,-0.002156654757492863,1.705480258892424e-08,-0.00034762119396750005,-4.939937348069634e-12,-0.00034762117809544795,-1.1683431999642835e-11,-2.3033990669687934e-10
320512,471492,0.008651050748111233,2.8254113715320273e-08,-0.0021606305054239633,6.850813644634849e-09,-0.0003479990912270681,-4.948930154569098e-12,-0.0003479990753293425,-1.1704748281715638e-11,-2.3054891723843818e-10
321024,472004,0.008665139668978528,-5.580755413348015e-09,-0.0021642837805364826,-1.408741902927967e-10,-0.00034837698848663614,-4.955924559624236e-12,-0.0003483769725629397,-1.172428820694904e-11,-2.30757986145076e-10
321536,472516,0.008679507247934648,-1.1337686456336371e-08,-0.0021674917030405976,8.121925617559674e-09,-0.0003487548857462042,-4.96358509849415e-12,-0.00034875486979686827,-1.174238484225043e-11,-2.3096707160661303e-10
322048,473028,0.008694093266421232,-1.601483123891967e-08,-0.0021713123311403824,6.356060876347227e-09,-0.00034913278300577224,-4.972355860388689e-12,-0.0003491327670316682,-1.1760370455249358e-11,-2.311763214143567e-10
322560,473540,0.00870823028807477,-3.201610054848203e-08,-0.0021746183654459098,-6.427893200316051e-09,-0.0003495106802653403,-4.97946128774629e-12,-0.0003495106642648328,-1.1778467090550748e-11,-2.3138553310952416e-10
323072,474052,0.008721427595429931,-6.223566439977901e-09,-0.002178668098719459,-8.253021790867376e-10,-0.00034988857752490834,-4.988454094245753e-12,-0.00034988856149841685,-1.1797562926574301e-11,-2.315943428684308e-10
323584,474564,0.008735359600466452,1.4463070741044248e-08,-0.0021819158370273845,3.1258437251473916e-09,-0.0003502664747844764,-4.996558722325517e-12,-0.00035026645873356384,-1.1815881606480616e-11,-2.3180380703623074e-10
324096,475076,0.008748761107632008,-9.454168115041739e-09,-0.002185010154903321,-1.553543658734312e-09,-0.00035064437204404444,-5.004774372707743e-12,-0.0003506443559669187,-1.1835643576318944e-11,-2.3201309391609364e-10
324608,475588,0.008762042004302195,3.051141694854209e-08,-0.002188677766193576,1.3707011654554836e-08,-0.0003510222693036125,-5.0141002461145945e-12,-0.00035102225320093113,-1.1854517367737571e-11,-2.3222295392924355e-10
325120,476100,0.008776443577442672,-2.878035587627892e-09,-0.0021919076301241862,-7.176393498071772e-09,-0.00035140016656318054,-5.0214277180771205e-12,-0.00035140015043663936,-1.1873613203761124e-11,-2.3243097495686025e-10
325632,476612,0.008790230977681057,1.1168016289531124e-08,-0.0021963777894207087,7.430072093917606e-09,-0.0003517780638227486,-5.029199279249497e-12,-0.00035177804767174624,-1.1891709839062514e-11,-2.326397969049276e-10
326144,477124,0.008804304859050927,-6.278099373702162e-09,-0.00220086072273673,-1.614050922062039e-08,-0.00035215596108231664,-5.036193684304635e-12,-0.0003521559449048219,-1.191136078659838e-11,-2.328488520714987e-10
326656,477636,0.008818898350340998,-1.175752795123941e-08,-0.0022041761212759164,7.797373156459178e-10,-0.0003525338583418847,-5.044076267779474e-12,-0.0003525338421381309,-1.1930123555714545e-11,-2.3305754655093846e-10
327168,478148,0.008833856622217029,2.0395143573992414e-08,-0.0022069148394017546,2.0687959423878186e-08,-0.00035291175560145274,-5.0531800965814e-12,-0.00035291173937054837,-1.194844223562086e-11,-2.332667162488515e-10
327680,478660,0.00884674223228843,1.0483700130237139e-08,-0.0022110630301397497,2.5215856859416366e-09,-0.0003532896528610208,-5.0601745016365385e-12,-0.0003532896366031969,-1.19660947817124e-11,-2.3347624584889356e-10
328192,479172,0.008859585301449036,3.525002512105857e-10,-0.002214028493318012,1.573415652725677e-08,-0.00035366755012058884,-5.06816810741384e-12,-0.00035366753383743785,-1.198507959543349e-11,-2.3368511923972597e-10
328704,479684,0.008873705292676393,-1.5020730215198341e-09,-0.002217478254523329,-2.9056337440431837e-09,-0.0003540454473801569,-5.078937270752704e-12,-0.0003540454310700158,-1.200539667678413e-11,-2.3389328415279325e-10
329216,480196,0.008887238878911186,-2.823045308630867e-08,-0.0022216458561706114,-2.9058086993018086e-09,-0.00035442334463972494,-5.08626474271523e-12,-0.0003544233283048974,-1.2024714557412608e-11,-2.3410319963216667e-10
329728,480708,0.008901773491196252,-2.1046454246054225e-08,-0.0022241792912920475,-6.928008381700637e-10,-0.000354801241899293,-5.093370170072831e-12,-0.00035480122553936027,-1.204381039343616e-11,-2.343134648143657e-10
330240,481220,0.008915270802265063,-9.847251902783682e-09,-0.0022276671868852005,7.802755490972614e-09,-0.00035517913915886104,-5.099920485918119e-12,-0.00035517912277330114,-1.2062795207157251e-11,-2.3452417436611497e-10
330752,481732,0.008929168639640883,-1.775005042947697e-08,-0.0022306618188062204,-4.524912123166991e-09,-0.0003555570364184291,-5.107358980183108e-12,-0.0003555570200061834,-1.2081891043180804e-11,-2.3473431201720136e-10
331264,482244,0.008943795033905522,-2.546729260810565e-08,-0.0022338099620618254,-1.7757211506265636e-08,-0.00035593493367799714,-5.114686452145634e-12,-0.00035593491723694696,-1.2099654611574806e-11,-2.349441091717306e-10
331776,482756,0.008959041783680677,-2.1782411430137927e-09,-0.002236075752078761,-1.1503698257550745e-08,-0.0003563128309375652,-5.122791080225397e-12,-0.00035631281447287284,-1.2119083514505746e-11,-2.351527693389429e-10
332288,483268,0.008971811954193276,1.9012166285747867e-08,-0.002239921905984277,-1.7594013896530028e-08,-0.00035669072819713324,-5.131117752910086e-12,-0.000356690711708384,-1.2138623439739149e-11,-2.3536207122665965e-10
332800,483780,0.008985557495636565,2.7444607919591135e-08,-0.002244149688864167,3.154971708976577e-09,-0.0003570686254567013,-5.138223180267687e-12,-0.00035706860894346595,-1.2157497231157777e-11,-2.35571594880605e-10
333312,484292,0.008999264368546589,4.2695078583676604e-09,-0.002246904255052205,1.0297835973877783e-08,-0.00035744652271626934,-5.146549852952376e-12,-0.00035744650617812755,-1.2176815111786254e-11,-2.357814041867805e-10
333824,484804,0.009013301826793496,-1.7613228320279006e-08,-0.0022498517858473297,-1.5336337743222215e-08,-0.0003578244199758374,-5.154099369519827e-12,-0.0003578244034105365,-1.219513379169257e-11,-2.35990919268352e-10
334336,485316,0.009027488578679854,2.3878925281550778e-08,-0.0022523810618514323,-7.524517909678208e-09,-0.00035820231723540544,-5.161981952994665e-12,-0.0003582023006442369,-1.2211787137061947e-11,-2.362002210026805e-10
334848,485828,0.009042045645904162,1.942832184020915e-08,-0.002255511199817198,5.346365533407633e-09,-0.0003585802144949735,-5.169198402654729e-12,-0.0003585801978769603,-1.2229772750060874e-11,-2.364086082099712e-10
335360,486340,0.009056560436845107,-9.114782151264933e-09,-0.0022591547178842904,-2.2126307186139434e-10,-0.00035895811175454154,-5.175082584685242e-12,-0.0003589580951121802,-1.224809142996719e-11,-2.366175030320477e-10
335872,486852,0.009069279039803257,1.3880013582934225e-08,-0.0022626146603571553,-9.496496688212626e-09,-0.0003593360090141096,-5.183631301974856e-12,-0.0003593359923464355,-1.2264300686126717e-11,-2.368264057709612e-10
336384,487364,0.009084451425104056,4.219083749035235e-09,-0.002265417967615299,2.579825586105519e-10,-0.00035971390627367763,-5.192291041566932e-12,-0.0003597138895806812,-1.2280620964588707e-11,-2.3703518363489633e-10
336896,487876,0.009098875941084827,3.6854519436246846e-09,-0.0022688132025831006,9.620913443540615e-09,-0.0003600918035332457,-5.201172825763933e-12,-0.00036009178681491877,-1.2298384532982709e-11,-2.37243875081306e-10
337408,488388,0.00911289304737517,1.801082460950454e-08,-0.0022731253267067207,6.7123856580307505e-09,-0.00036046970079281373,-5.207279052399372e-12,-0.0003604696840489648,-1.2316814235191487e-11,-2.3745364284335537e-10
337920,488900,0.009127677432235748,1.2613613264988999e-08,-0.0022762513433636188,4.923945421135235e-09,-0.0003608475980523818,-5.2169379927136106e-12,-0.00036084758128560913,-1.2334799848190414e-11,-2.376623990059283e-10
338432,489412,0.00914262959944323,1.8974873450261498e-08,-0.002279662597262667,6.76928453451719e-09,-0.00036122549531194983,-5.225153643095837e-12,-0.00036122547852092494,-1.2352785461189342e-11,-2.3787049709225245e-10
338944,489924,0.009157249613369833,1.715355346654235e-08,-0.0022828449410181107,-1.2016160801536789e-08,-0.0003616033925715179,-5.233036226570675e-12,-0.0003616033757538758,-1.2372214364120282e-11,-2.3807881324502524e-10
339456,490436,0.009171473814273634,-2.216459904502699e-09,-0.00228593864493674,-3.0922278009507653e-08,-0.00036198128983108593,-5.239808587020889e-12,-0.0003619812729867182,-1.2391643267051222e-11,-2.382879309413889e-10
339968,490948,0.009184717121283104,6.865831458924276e-09,-0.002288958793032408,-2.7908373044300326e-09,-0.000362359187090654,-5.245914813656327e-12,-0.00036235917022197717,-1.24109611476797e-11,-2.3849710098197843e-10
340480,491460,0.009198470348355414,-5.484016796231117e-09,-0.0022925230646546895,3.7813369342468944e-09,-0.00036273708435022203,-5.254463530945941e-12,-0.000362737067454614,-1.2430723117518028e-11,-2.387070806563337e-10
340992,491972,0.00921316775187675,1.8862216011328314e-08,-0.0022959959950030525,-6.393096765742605e-10,-0.0003631149816097901,-5.2619020252109294e-12,-0.0003631149646871926,-1.244937486433173e-11,-2.389165826044822e-10
341504,492484,0.009228318424409965,2.256266284916819e-09,-0.002298965553351372,9.031150946553057e-09,-0.00036349287886935813,-5.272005054735018e-12,-0.00036349286192042645,-1.2467582521935583e-11,-2.391245327812119e-10
342016,492996,0.009242168342275647,-1.7123069739888308e-08,-0.002301340244644052,-3.4736252737673614e-09,-0.0003638707761289262,-5.2802207051172445e-12,-0.000363870759153461,-1.2485346090329585e-11,-2.3933304564194903e-10
342528,493508,0.009256263413419896,6.925304774085816e-11,-0.0023047708125422985,-2.6002767635363768e-08,-0.00036424867338849423,-5.287215110172383e-12,-0.0003642486563874908,-1.2504330904050676e-11,-2.3954254704243295e-10
343040,494020,0.009269746943461943,3.3223725992570508e-09,-0.002307891649983591,-4.02876785732325e-09,-0.0003646265706480623,-5.295763827461997e-12,-0.000364626553622432,-1.252309367316684e-11,-2.3975144375562733e-10
343552,494532,0.00928308916956655,1.964157525513599e-08,-0.0023109639862107603,-5.4374155800745875e-09,-0.00036500446790763033,-5.30342436633191e-12,-0.00036500445085707877,-1.2542300531492856e-11,-2.3995972187209203e-10
344064,495044,0.009296864920985026,-1.1404829192152022e-08,-0.0023144168590675013,8.374425973878652e-09,-0.0003653823651671984,-5.310085704479661e-12,-0.00036538234809032,-1.2562173523633646e-11,-2.4016852528816776e-10
344576,495556,0.009310661316133562,2.0524343335992512e-08,-0.002317725589320724,-6.326093156304655e-09,-0.00036576026242676643,-5.319966689398825e-12,-0.0003657602453253254,-1.2581491404262124e-11,-2.4037736203992384e-10
345088,496068,0.009325461140892166,9.98095472937166e-09,-0.0023203817540317093,4.122779780754495e-09,-0.0003661381596863345,-5.3295146074106015e-12,-0.00036613814255935994,-1.2598588838841351e-11,-2.405867359749759e-10
345600,496580,0.009339285208924464,-2.632323858886565e-08,-0.0023240555094310557,-6.709605178471292e-10,-0.00036651605694590253,-5.33872945851499e-12,-0.00036651603979338755,-1.2617573652562442e-11,-2.4079499613766267e-10
346112,497092,0.00935339704332705,6.4413860911827214e-09,-0.0023270671758168766,-3.1828430907986084e-08,-0.0003668939542054706,-5.345834885872591e-12,-0.0003668939370284839,-1.2635892332468757e-11,-2.410039905794168e-10
346624,497604,0.009367835467937846,-8.714991395208926e-09,-0.002330394031875709,3.001883109100322e-10,-0.00036727185146503863,-5.351830090205567e-12,-0.0003672718342616221,-1.2654211012375072e-11,-2.4121402256525237e-10
347136,498116,0.00938250858767975,2.7579520889275955e-09,-0.0023340860503097793,-3.2617953217022086e-08,-0.0003676497487246067,-5.3620441420321185e-12,-0.00036764973149589,-1.2672085603071537e-11,-2.414209398460215e-10
347648,498628,0.009397097542787058,-2.4242417184794363e-08,-0.002336965193873959,4.747561454721952e-10,-0.0003680276459841747,-5.370592859321732e-12,-0.00036802762873013435,-1.268940508225569e-11,-2.416305095468228e-10
348160,499140,0.009412063633790657,2.677660759786704e-09,-0.0023401508446553626,-1.0386711958727176e-08,-0.0003684055432437428,-5.378364420494108e-12,-0.00036840552596427634,-1.2707390695254617e-11,-2.41838771658579e-10
348672,499652,0.00942727024051937,-9.312454807286485e-09,-0.0023431846930862758,-3.45720059581828e-09,-0.0003687834405033108,-5.3863580262714095e-12,-0.0003687834231985129,-1.272693062048802e-11,-2.4204778981341146e-10
349184,500164,0.00944211579362575,3.5289851041397924e-09,-0.002346657868715038,-1.1408522328892715e-08,-0.0003691613377628789,-5.39124300757976e-12,-0.00036916132043214307,-1.274325089895001e-11,-2.422560497934405e-10
349696,500676,0.00945592046426924,-1.116879921880809e-10,-0.0023498395424519664,-6.01281183715769e-09,-0.0003695392350224469,-5.3969051450053485e-12,-0.00036953921766612053,-1.2761569578856324e-11,-2.424641848690947e-10
350208,501188,0.009469706015174717,9.6277568140124e-09,-0.0023532029700723462,-1.9184720030743567e-08,-0.000369917132282015,-5.404343639270337e-12,-0.00036991711489920586,-1.2780998481787265e-11,-2.42673763725675e-10
350720,501700,0.009482701285817186,1.5956532317673577e-08,-0.002356537418979275,2.2424776896303635e-08,-0.000370295029541583,-5.412226222745176e-12,-0.0003702950121313097,-1.279931716169358e-11,-2.428818948515068e-10
351232,502212,0.009497377837653032,9.193366068416253e-09,-0.0023593313607364968,-1.2736921462566831e-08,-0.0003706729268011511,-5.418776538590464e-12,-0.0003706729093653781,-1.2819523220741758e-11,-2.4309259133747613e-10
351744,502724,0.009511183751556018,7.59384022330778e-09,-0.002362552015386843,-2.6917935005929997e-08,-0.0003710508240607191,-5.426326055157915e-12,-0.00037105080659897966,-1.283995132439486e-11,-2.4330159537489516e-10
352256,503236,0.009524666388802228,1.5792525509539246e-08,-0.002365428971342079,-3.0089284908445675e-09,-0.0003714287213202872,-5.4333204602130536e-12,-0.0003714287038344209,-1.2857825915091325e-11,-2.4351010459051874e-10
352768,503748,0.009539469811447931,-7.954069403126596e-09,-0.00236863806761452,1.3390113373093281e-08,-0.0003718066185798552,-5.4402038429657296e-12,-0.00037180660106850944,-1.287525641657794e-11,-2.4371756240486437e-10
353280,504260,0.009555326605927617,-1.1809258682049517e-08,-0.002371089500625131,-2.4360891185248986e-10,-0.00037218451583942327,-5.4468651811134805e-12,-0.0003721844983012385,-1.289424123029903e-11,-2.439264370745018e-10
353792,504772,0.009568584749873432,1.5605241543426018e-09,-0.002374669419085482,-2.2551176573942935e-08,-0.0003725624130989913,-5.455413898403094e-12,-0.00037256239553479226,-1.2912226843297958e-11,-2.4413527462202317e-10
354304,505284,0.009582528324362016,-1.8249250111068704e-08,-0.0023778561207374277,-4.527698282698333e-09,-0.00037294031035855937,-5.46229728115577e-12,-0.00037294029276897827,-1.2929657344784573e-11,-2.4434634008976964e-10
354816,505796,0.009596159050800468,-1.7829247522804792e-08,-0.002380691315855733,-1.0091862656869734e-08,-0.0003733182076181274,-5.469180663908446e-12,-0.0003733181900026083,-1.2948198069295813e-11,-2.445556606173828e-10
355328,506308,0.00960903469625074,-4.665556829763773e-09,-0.0023830738220105446,-2.589793694854939e-09,-0.00037369610487769547,-5.4755089351488095e-12,-0.0003736960872366839,-1.2968848217553841e-11,-2.44765102228717e-10
355840,506820,0.009622195081249396,8.707424115073081e-09,-0.0023863440481101945,9.602259554769076e-09,-0.0003740740021372635,-5.484057652438423e-12,-0.00037407398447010965,-1.2988721209694631e-11,-2.449731946240076e-10
356352,507332,0.009635814243972751,1.3956865885234038e-08,-0.0023901092699257103,-3.764096913716205e-09,-0.00037445189939683157,-5.49404965966005e-12,-0.0003744518817025558,-1.3007039889600946e-11,-2.451817904124318e-10
356864,507844,0.009650999730005827,1.0567657859894553e-09,-0.002393415179413177,1.2933230237527343e-08,-0.0003748297966563996,-5.501377131622576e-12,-0.0003748297789358779,-1.3025025502599874e-11,-2.4539133626507893e-10
357376,508356,0.009665232052745276,-4.939632702871677e-09,-0.0023974087925577215,-1.4369338005137475e-08,-0.00037520769391596767,-5.508926648190027e-12,-0.0003752076761699171,-1.304467645013574e-11,-2.4559989574870765e-10
357888,508868,0.009679235192195268,-2.5665479741476815e-08,-0.0024003287202237697,3.404067319642425e-10,-0.0003755855911755357,-5.516032075547628e-12,-0.0003755855734043897,-1.3062440018529742e-11,-2.458101346295328e-10
358400,509380,0.009693897999586198,-5.484642073838586e-09,-0.0024033964830430217,1.4092462812800984e-08,-0.00037596348843510377,-5.522804435997841e-12,-0.0003759634706381575,-1.3082090966065607e-11,-2.4601755130670573e-10
358912,509892,0.009707390164917173,2.168666290991439e-08,-0.0024058354580608213,-3.886508276138496e-11,-0.0003763413856946718,-5.529243729540667e-12,-0.00037634136787260443,-1.3100520668274385e-11,-2.4622651094038695e-10
359424,510404,0.009721184182498899,4.658033958548913e-10,-0.0024088663903551006,-9.628586394414453e-10,-0.00037671928295423987,-5.538236536040131e-12,-0.00037671926510669763,-1.3120060593507787e-11,-2.464350620993034e-10
359936,510916,0.009734242548784744,1.856191200744206e-08,-0.002411972939348587,2.7347495629867877e-10,-0.0003770971802138079,-5.547118320237132e-12,-0.00037709716233910826,-1.3138934384926415e-11,-2.466430824149804e-10
360448,511428,0.009749827623875662,-3.800376902063363e-09,-0.002414662960851856,1.613364984075498e-09,-0.00037747507747337597,-5.555778059829208e-12,-0.0003774750595741885,-1.315991760009183e-11,-2.468529732456461e-10
360960,511940,0.009763009998110528,-2.6354055271404775e-08,-0.0024176097418910332,-9.817965414122945e-09,-0.000377852974732944,-5.565770067050835e-12,-0.00037785295680706525,-1.3178347302300608e-11,-2.4706459142405755e-10
361472,512452,0.009776346663316948,2.0956208990341452e-08,-0.002420846442630284,-1.0569697211754055e-08,-0.00037823087199251207,-5.575095940457686e-12,-0.00037823085403995693,-1.3195999848392148e-11,-2.472743596617071e-10
361984,512964,0.009790469650652334,-2.0243166920508315e-08,-0.0024250640981844157,6.7987317713542655e-09,-0.0003786087692520801,-5.583089546234987e-12,-0.0003786087512730155,-1.3216316929742788e-11,-2.474825102314938e-10
362496,513476,0.009804479211367845,-9.766237596409155e-09,-0.002428579222777298,2.7581907277841342e-09,-0.00037898666651164817,-5.590639062802438e-12,-0.00037898664850661803,-1.3234191520439254e-11,-2.4768992721664265e-10
363008,513988,0.00981888731379188,1.6734434060694525e-08,-0.0024318320937861907,7.021568054480918e-09,-0.0003793645637712162,-5.598410623974814e-12,-0.00037936454573914,-1.3253398378765269e-11,-2.4789949966622274e-10
363520,514500,0.00983326325706635,1.6293004057033045e-08,-0.0024341998432904923,-5.15946404415722e-09,-0.00037974246103078427,-5.606515252054578e-12,-0.00037974244297305583,-1.3273271370906059e-11,-2.481077540168936e-10
364032,515012,0.00984602797699341,1.7434666821358746e-08,-0.0024369533645559687,1.7647032909456359e-10,-0.0003801203582903523,-5.6132876125047915e-12,-0.0003801203402077538,-1.3292478229232074e-11,-2.4831621841167745e-10
364544,515524,0.009860539125571721,1.3877445859122872e-08,-0.002439324222012248,2.263929377961054e-09,-0.00038049825554992036,-5.6206150844673175e-12,-0.0003804982374442796,-1.3310907931440852e-11,-2.4852516952309565e-10
365056,516036,0.009873885444117825,-1.4453956365123588e-08,-0.002442178557584692,-1.9134628836734135e-08,-0.0003808761528094884,-5.628275623337231e-12,-0.0003808761346789142,-1.3331669102001342e-11,-2.4873321237407697e-10
365568,516548,0.009888214027303777,-1.1587577342098143e-08,-0.0024454388822498937,1.0825652825482781e-10,-0.00038125405006905646,-5.634936961484982e-12,-0.000381254031914969,-1.335187516104952e-11,-2.48942939359273e-10
366080,517060,0.00990156378145346,-8.489513092513334e-09,-0.002449131628477603,3.531766894523271e-08,-0.0003816319473286245,-5.642930567262283e-12,-0.00038163192914809907,-1.337174815319031e-11,-2.4915158718886646e-10
366592,517572,0.009915580727685391,-2.8863710088700145e-08,-0.002452061974507237,-2.7486758431747844e-10,-0.00038200984458819256,-5.653033596786372e-12,-0.00038200982638115344,-1.3389733766189238e-11,-2.493609418882636e-10
367104,518084,0.009928541626932796,-8.060037970381018e-09,-0.0024558661777896113,2.0331182197204792e-08,-0.0003823877418477606,-5.661249247168598e-12,-0.0003823877236160152,-1.340660915616354e-11,-2.4956978848913516e-10
367616,518596,0.009943551812183093,-2.3175594998647853e-08,-0.0024588995335185155,-2.0738371209616656e-08,-0.00038276563910732866,-5.669353875248362e-12,-0.0003827656208498373,-1.3426149081396943e-11,-2.4977960779231125e-10
368128,519108,0.009957575168263899,-1.242784863908497e-08,-0.002461743863839815,1.3800272188321174e-08,-0.0003831435363668967,-5.676903391815813e-12,-0.0003831435180848563,-1.3443912649790946e-11,-2.499891765293434e-10
368640,519620,0.009970441612114245,-9.211496898586802e-09,-0.0024653413331379493,-1.4242826746954497e-09,-0.00038352143362646476,-5.684452908383264e-12,-0.0003835214153202521,-1.3461232128975098e-11,-2.5019869056861634e-10
369152,520132,0.009983803077175502,-1.4416622229340703e-08,-0.002468632636545455,-1.037706334870811e-08,-0.0003838993308860328,-5.692335491858103e-12,-0.00038389931255458464,-1.3479994898091263e-11,-2.5040764806632764e-10
369664,520644,0.009997195488398614,2.0952942270113795e-08,-0.0024724390330989787,-1.157558217850196e-08,-0.00038427722814560086,-5.699885008425554e-12,-0.0003842772097889123,-1.3497869488787728e-11,-2.506160468008089e-10
370176,521156,0.010011317089079208,1.995443654756457e-08,-0.0024746354801916896,-2.9203052108135786e-09,-0.0003846551254051689,-5.708766792622555e-12,-0.0003846551070254082,-1.3516743280206356e-11,-2.508260913124878e-10
370688,521668,0.01002629494867513,-5.811896741647615e-09,-0.0024774092554459837,-1.0758158124739378e-08,-0.00038503302266473696,-5.716760398399856e-12,-0.0003850330042577467,-1.3537060361556996e-11,-2.510351028072427e-10
371200,522180,0.010039820230319796,2.322310033164854e-08,-0.002480454142841,-1.866296892214939e-11,-0.000385410919924305,-5.725531160294395e-12,-0.00038541090149098964,-1.3556156197580549e-11,-2.512443480490979e-10
371712,522692,0.01005323719382134,-2.5167365413913956e-08,-0.002484082709301617,-2.7483055808862688e-09,-0.00038578881718387306,-5.733524766071696e-12,-0.0003857887987246823,-1.3575141011301639e-11,-2.514547751030812e-10
372224,523204,0.010068040674166445,-7.1915805532896115e-09,-0.002487634261597351,-8.411586053063029e-09,-0.0003861667144434411,-5.7416293941514596e-12,-0.0003861666959598681,-1.3593015601998104e-11,-2.516640476622581e-10
372736,523716,0.010082435400150525,1.7806616403603925e-08,-0.002490997262946372,-6.376098540317505e-09,-0.00038654461170300916,-5.749622999928761e-12,-0.0003865445931928373,-1.3609002813552706e-11,-2.5187347977150125e-10
373248,524228,0.010095452921772274,-1.9967003828114116e-08,-0.0024943067963885514,-1.9414631842669328e-08,-0.0003869225089625772,-5.7583937618232994e-12,-0.0003869224904250505,-1.3628320694181184e-11,-2.5208427048578246e-10
373307,524287,0.010097200843056875,2.7152669002106222e-08,-0.0024948922998407007,6.371157624818271e-09,-0.00038696605571709775,-5.759615007150387e-12,-0.0003869660371776339,-1.363031909562551e-11,-2.52108495921474e-10
