2026-09-08T12:21:28.570+01:00 INFO : Running with Torch support on device cpu
2026-09-08T12:21:28.570+01:00 INFO : Reading Frames
2026-09-08T12:21:31.997+01:00 INFO : Highpass Filtering
2026-09-08T12:21:32.452+01:00 INFO : Resampling data
2026-09-08T12:21:32.464+01:00 INFO : Converting to float32
/home/xangma/pycbc-torch-baseline-final-20260908/proposed/pycbc/types/array.py:872: RuntimeWarning: divide by zero encountered in divide
  return self._data.__rtruediv__(other)
2026-09-08T12:21:36.029+01:00 INFO : Highpass Filtering
2026-09-08T12:21:36.480+01:00 INFO : Remove Padding
2026-09-08T12:21:36.503+01:00 INFO : Making frequency-domain data segments
2026-09-08T12:21:38.932+01:00 INFO : Overwhitening frequency-domain data segments
2026-09-08T12:21:38.956+01:00 INFO : Read in template bank
2026-09-08T12:21:38.966+01:00 INFO : Full template bank size: 384
2026-09-08T12:21:38.967+01:00 INFO : Template bank size after thinning: 384
2026-09-08T12:21:38.971+01:00 INFO : 0: generating IMRPhenomD from 30.0 Hz
2026-09-08T12:21:38.973+01:00 INFO : Decompressing waveform using inline_linear
2026-09-08T12:21:38.981+01:00 INFO : Filtering template 1/384 segment 1/5
2026-09-08T12:21:39.046+01:00 INFO : 1 points above threshold
2026-09-08T12:21:39.072+01:00 INFO : Filtering template 1/384 segment 2/5
2026-09-08T12:21:39.110+01:00 INFO : Filtering template 1/384 segment 3/5
2026-09-08T12:21:39.147+01:00 INFO : 1 points above threshold
2026-09-08T12:21:39.154+01:00 INFO : Filtering template 1/384 segment 4/5
2026-09-08T12:21:39.191+01:00 INFO : Filtering template 1/384 segment 5/5
2026-09-08T12:21:39.229+01:00 INFO : 1 points above threshold
2026-09-08T12:21:39.235+01:00 INFO : 1: generating IMRPhenomD from 30.0 Hz
2026-09-08T12:21:39.238+01:00 INFO : Decompressing waveform using inline_linear
2026-09-08T12:21:39.243+01:00 INFO : Filtering template 2/384 segment 1/5
2026-09-08T12:21:39.285+01:00 INFO : 1 points above threshold
2026-09-08T12:21:39.300+01:00 INFO : Filtering template 2/384 segment 2/5
2026-09-08T12:21:39.338+01:00 INFO : 1 points above threshold
2026-09-08T12:21:39.347+01:00 INFO : Filtering template 2/384 segment 3/5
2026-09-08T12:21:39.386+01:00 INFO : 2 points above threshold
2026-09-08T12:21:39.394+01:00 INFO : Filtering template 2/384 segment 4/5
2026-09-08T12:21:39.437+01:00 INFO : Filtering template 2/384 segment 5/5
2026-09-08T12:21:39.475+01:00 INFO : 1 points above threshold
2026-09-08T12:21:39.482+01:00 INFO : 2: generating IMRPhenomD from 30.0 Hz
2026-09-08T12:21:39.484+01:00 INFO : Decompressing waveform using inline_linear
2026-09-08T12:21:39.489+01:00 INFO : Filtering template 3/384 segment 1/5
2026-09-08T12:21:39.531+01:00 INFO : 3 points above threshold
2026-09-08T12:21:39.548+01:00 INFO : Filtering template 3/384 segment 2/5
2026-09-08T12:21:39.585+01:00 INFO : Filtering template 3/384 segment 3/5
2026-09-08T12:21:39.623+01:00 INFO : 1 points above threshold
2026-09-08T12:21:39.629+01:00 INFO : Filtering template 3/384 segment 4/5
2026-09-08T12:21:39.666+01:00 INFO : 1 points above threshold
2026-09-08T12:21:39.672+01:00 INFO : Filtering template 3/384 segment 5/5
2026-09-08T12:21:39.710+01:00 INFO : 3: generating IMRPhenomD from 30.0 Hz
2026-09-08T12:21:39.712+01:00 INFO : Decompressing waveform using inline_linear
2026-09-08T12:21:39.718+01:00 INFO : Filtering template 4/384 segment 1/5
2026-09-08T12:21:39.759+01:00 INFO : 1 points above threshold
2026-09-08T12:21:39.778+01:00 INFO : Filtering template 4/384 segment 2/5
2026-09-08T12:21:39.815+01:00 INFO : 1 points above threshold
2026-09-08T12:21:39.822+01:00 INFO : Filtering template 4/384 segment 3/5
2026-09-08T12:21:39.859+01:00 INFO : 2 points above threshold
2026-09-08T12:21:39.867+01:00 INFO : Filtering template 4/384 segment 4/5
2026-09-08T12:21:39.904+01:00 INFO : 2 points above threshold
2026-09-08T12:21:39.912+01:00 INFO : Filtering template 4/384 segment 5/5
2026-09-08T12:21:39.949+01:00 INFO : 2 points above threshold
2026-09-08T12:21:39.958+01:00 INFO : 4: generating IMRPhenomD from 30.0 Hz
2026-09-08T12:21:39.960+01:00 INFO : Decompressing waveform using inline_linear
2026-09-08T12:21:39.966+01:00 INFO : Filtering template 5/384 segment 1/5
2026-09-08T12:21:40.007+01:00 INFO : 1 points above threshold
2026-09-08T12:21:40.023+01:00 INFO : Filtering template 5/384 segment 2/5
2026-09-08T12:21:40.061+01:00 INFO : 2 points above threshold
2026-09-08T12:21:40.069+01:00 INFO : Filtering template 5/384 segment 3/5
2026-09-08T12:21:40.106+01:00 INFO : 2 points above threshold
2026-09-08T12:21:40.114+01:00 INFO : Filtering template 5/384 segment 4/5
2026-09-08T12:21:40.152+01:00 INFO : 2 points above threshold
2026-09-08T12:21:40.161+01:00 INFO : Filtering template 5/384 segment 5/5
2026-09-08T12:21:40.199+01:00 INFO : 5: generating IMRPhenomD from 30.0 Hz
2026-09-08T12:21:40.201+01:00 INFO : Decompressing waveform using inline_linear
2026-09-08T12:21:40.206+01:00 INFO : Filtering template 6/384 segment 1/5
2026-09-08T12:21:40.248+01:00 INFO : 1 points above threshold
2026-09-08T12:21:40.264+01:00 INFO : Filtering template 6/384 segment 2/5
2026-09-08T12:21:40.302+01:00 INFO : Filtering template 6/384 segment 3/5
2026-09-08T12:21:40.340+01:00 INFO : Filtering template 6/384 segment 4/5
2026-09-08T12:21:40.378+01:00 INFO : Filtering template 6/384 segment 5/5
2026-09-08T12:21:40.415+01:00 INFO : 1 points above threshold
2026-09-08T12:21:40.422+01:00 INFO : 6: generating IMRPhenomD from 30.0 Hz
2026-09-08T12:21:40.425+01:00 INFO : Decompressing waveform using inline_linear
2026-09-08T12:21:40.430+01:00 INFO : Filtering template 7/384 segment 1/5
2026-09-08T12:21:40.471+01:00 INFO : 2 points above threshold
2026-09-08T12:21:40.489+01:00 INFO : Filtering template 7/384 segment 2/5
2026-09-08T12:21:40.527+01:00 INFO : Filtering template 7/384 segment 3/5
2026-09-08T12:21:40.565+01:00 INFO : Filtering template 7/384 segment 4/5
2026-09-08T12:21:40.603+01:00 INFO : 1 points above threshold
2026-09-08T12:21:40.609+01:00 INFO : Filtering template 7/384 segment 5/5
2026-09-08T12:21:40.647+01:00 INFO : 7: generating IMRPhenomD from 30.0 Hz
2026-09-08T12:21:40.650+01:00 INFO : Decompressing waveform using inline_linear
2026-09-08T12:21:40.655+01:00 INFO : Filtering template 8/384 segment 1/5
2026-09-08T12:21:40.697+01:00 INFO : 2 points above threshold
2026-09-08T12:21:40.715+01:00 INFO : Filtering template 8/384 segment 2/5
2026-09-08T12:21:40.753+01:00 INFO : 1 points above threshold
2026-09-08T12:21:40.759+01:00 INFO : Filtering template 8/384 segment 3/5
2026-09-08T12:21:40.797+01:00 INFO : 4 points above threshold
2026-09-08T12:21:40.807+01:00 INFO : Filtering template 8/384 segment 4/5
2026-09-08T12:21:40.845+01:00 INFO : Filtering template 8/384 segment 5/5
2026-09-08T12:21:40.883+01:00 INFO : 8: generating IMRPhenomD from 30.0 Hz
2026-09-08T12:21:40.886+01:00 INFO : Decompressing waveform using inline_linear
2026-09-08T12:21:40.891+01:00 INFO : Filtering template 9/384 segment 1/5
2026-09-08T12:21:40.933+01:00 INFO : Filtering template 9/384 segment 2/5
2026-09-08T12:21:40.970+01:00 INFO : 1 points above threshold
2026-09-08T12:21:40.983+01:00 INFO : Filtering template 9/384 segment 3/5
2026-09-08T12:21:41.021+01:00 INFO : 2 points above threshold
2026-09-08T12:21:41.029+01:00 INFO : Filtering template 9/384 segment 4/5
2026-09-08T12:21:41.066+01:00 INFO : 1 points above threshold
2026-09-08T12:21:41.072+01:00 INFO : Filtering template 9/384 segment 5/5
2026-09-08T12:21:41.110+01:00 INFO : 3 points above threshold
2026-09-08T12:21:41.120+01:00 INFO : 9: generating IMRPhenomD from 30.0 Hz
2026-09-08T12:21:41.123+01:00 INFO : Decompressing waveform using inline_linear
2026-09-08T12:21:41.128+01:00 INFO : Filtering template 10/384 segment 1/5
2026-09-08T12:21:41.170+01:00 INFO : 1 points above threshold
2026-09-08T12:21:41.183+01:00 INFO : Filtering template 10/384 segment 2/5
2026-09-08T12:21:41.221+01:00 INFO : 1 points above threshold
2026-09-08T12:21:41.227+01:00 INFO : Filtering template 10/384 segment 3/5
2026-09-08T12:21:41.264+01:00 INFO : Filtering template 10/384 segment 4/5
2026-09-08T12:21:41.302+01:00 INFO : 2 points above threshold
2026-09-08T12:21:41.310+01:00 INFO : Filtering template 10/384 segment 5/5
2026-09-08T12:21:41.348+01:00 INFO : 1 points above threshold
2026-09-08T12:21:41.354+01:00 INFO : 10: generating IMRPhenomD from 30.0 Hz
2026-09-08T12:21:41.357+01:00 INFO : Decompressing waveform using inline_linear
2026-09-08T12:21:41.362+01:00 INFO : Filtering template 11/384 segment 1/5
2026-09-08T12:21:41.403+01:00 INFO : 2 points above threshold
2026-09-08T12:21:41.418+01:00 INFO : Filtering template 11/384 segment 2/5
2026-09-08T12:21:41.455+01:00 INFO : Filtering template 11/384 segment 3/5
2026-09-08T12:21:41.493+01:00 INFO : 1 points above threshold
2026-09-08T12:21:41.499+01:00 INFO : Filtering template 11/384 segment 4/5
2026-09-08T12:21:41.537+01:00 INFO : 1 points above threshold
2026-09-08T12:21:41.543+01:00 INFO : Filtering template 11/384 segment 5/5
2026-09-08T12:21:41.580+01:00 INFO : 1 points above threshold
2026-09-08T12:21:41.587+01:00 INFO : 11: generating IMRPhenomD from 30.0 Hz
2026-09-08T12:21:41.589+01:00 INFO : Decompressing waveform using inline_linear
2026-09-08T12:21:41.595+01:00 INFO : Filtering template 12/384 segment 1/5
2026-09-08T12:21:41.636+01:00 INFO : Filtering template 12/384 segment 2/5
2026-09-08T12:21:41.674+01:00 INFO : 1 points above threshold
2026-09-08T12:21:41.687+01:00 INFO : Filtering template 12/384 segment 3/5
2026-09-08T12:21:41.725+01:00 INFO : Filtering template 12/384 segment 4/5
2026-09-08T12:21:41.763+01:00 INFO : 1 points above threshold
2026-09-08T12:21:41.769+01:00 INFO : Filtering template 12/384 segment 5/5
2026-09-08T12:21:41.806+01:00 INFO : 1 points above threshold
2026-09-08T12:21:41.813+01:00 INFO : 12: generating IMRPhenomD from 30.0 Hz
2026-09-08T12:21:41.817+01:00 INFO : Decompressing waveform using inline_linear
2026-09-08T12:21:41.822+01:00 INFO : Filtering template 13/384 segment 1/5
2026-09-08T12:21:41.872+01:00 INFO : 1 points above threshold
2026-09-08T12:21:41.885+01:00 INFO : Filtering template 13/384 segment 2/5
2026-09-08T12:21:41.931+01:00 INFO : Filtering template 13/384 segment 3/5
2026-09-08T12:21:41.976+01:00 INFO : 2 points above threshold
2026-09-08T12:21:41.984+01:00 INFO : Filtering template 13/384 segment 4/5
2026-09-08T12:21:42.028+01:00 INFO : Filtering template 13/384 segment 5/5
2026-09-08T12:21:42.065+01:00 INFO : 2 points above threshold
2026-09-08T12:21:42.073+01:00 INFO : 13: generating IMRPhenomD from 30.0 Hz
2026-09-08T12:21:42.076+01:00 INFO : Decompressing waveform using inline_linear
2026-09-08T12:21:42.081+01:00 INFO : Filtering template 14/384 segment 1/5
2026-09-08T12:21:42.122+01:00 INFO : 2 points above threshold
2026-09-08T12:21:42.139+01:00 INFO : Filtering template 14/384 segment 2/5
2026-09-08T12:21:42.178+01:00 INFO : 1 points above threshold
2026-09-08T12:21:42.185+01:00 INFO : Filtering template 14/384 segment 3/5
2026-09-08T12:21:42.226+01:00 INFO : 2 points above threshold
2026-09-08T12:21:42.234+01:00 INFO : Filtering template 14/384 segment 4/5
2026-09-08T12:21:42.277+01:00 INFO : 2 points above threshold
2026-09-08T12:21:42.285+01:00 INFO : Filtering template 14/384 segment 5/5
2026-09-08T12:21:42.323+01:00 INFO : 3 points above threshold
2026-09-08T12:21:42.334+01:00 INFO : 14: generating IMRPhenomD from 30.0 Hz
2026-09-08T12:21:42.336+01:00 INFO : Decompressing waveform using inline_linear
2026-09-08T12:21:42.341+01:00 INFO : Filtering template 15/384 segment 1/5
2026-09-08T12:21:42.382+01:00 INFO : Filtering template 15/384 segment 2/5
2026-09-08T12:21:42.419+01:00 INFO : 3 points above threshold
2026-09-08T12:21:42.436+01:00 INFO : Filtering template 15/384 segment 3/5
2026-09-08T12:21:42.473+01:00 INFO : 1 points above threshold
2026-09-08T12:21:42.479+01:00 INFO : Filtering template 15/384 segment 4/5
2026-09-08T12:21:42.517+01:00 INFO : Filtering template 15/384 segment 5/5
2026-09-08T12:21:42.555+01:00 INFO : 1 points above threshold
2026-09-08T12:21:42.561+01:00 INFO : 15: generating IMRPhenomD from 30.0 Hz
2026-09-08T12:21:42.563+01:00 INFO : Decompressing waveform using inline_linear
2026-09-08T12:21:42.568+01:00 INFO : Filtering template 16/384 segment 1/5
2026-09-08T12:21:42.610+01:00 INFO : 3 points above threshold
2026-09-08T12:21:42.626+01:00 INFO : Filtering template 16/384 segment 2/5
2026-09-08T12:21:42.663+01:00 INFO : 1 points above threshold
2026-09-08T12:21:42.669+01:00 INFO : Filtering template 16/384 segment 3/5
2026-09-08T12:21:42.706+01:00 INFO : 3 points above threshold
2026-09-08T12:21:42.716+01:00 INFO : Filtering template 16/384 segment 4/5
2026-09-08T12:21:42.753+01:00 INFO : Filtering template 16/384 segment 5/5
2026-09-08T12:21:42.791+01:00 INFO : 16: generating IMRPhenomD from 30.0 Hz
2026-09-08T12:21:42.794+01:00 INFO : Decompressing waveform using inline_linear
2026-09-08T12:21:42.799+01:00 INFO : Filtering template 17/384 segment 1/5
2026-09-08T12:21:42.840+01:00 INFO : 1 points above threshold
2026-09-08T12:21:42.855+01:00 INFO : Filtering template 17/384 segment 2/5
2026-09-08T12:21:42.892+01:00 INFO : 1 points above threshold
2026-09-08T12:21:42.898+01:00 INFO : Filtering template 17/384 segment 3/5
2026-09-08T12:21:42.935+01:00 INFO : 2 points above threshold
2026-09-08T12:21:42.943+01:00 INFO : Filtering template 17/384 segment 4/5
2026-09-08T12:21:42.983+01:00 INFO : 1 points above threshold
2026-09-08T12:21:42.989+01:00 INFO : Filtering template 17/384 segment 5/5
2026-09-08T12:21:43.026+01:00 INFO : 1 points above threshold
2026-09-08T12:21:43.032+01:00 INFO : 17: generating IMRPhenomD from 30.0 Hz
2026-09-08T12:21:43.035+01:00 INFO : Decompressing waveform using inline_linear
2026-09-08T12:21:43.040+01:00 INFO : Filtering template 18/384 segment 1/5
2026-09-08T12:21:43.081+01:00 INFO : 1 points above threshold
2026-09-08T12:21:43.094+01:00 INFO : Filtering template 18/384 segment 2/5
2026-09-08T12:21:43.132+01:00 INFO : 1 points above threshold
2026-09-08T12:21:43.138+01:00 INFO : Filtering template 18/384 segment 3/5
2026-09-08T12:21:43.176+01:00 INFO : 1 points above threshold
2026-09-08T12:21:43.182+01:00 INFO : Filtering template 18/384 segment 4/5
2026-09-08T12:21:43.219+01:00 INFO : 1 points above threshold
2026-09-08T12:21:43.225+01:00 INFO : Filtering template 18/384 segment 5/5
2026-09-08T12:21:43.262+01:00 INFO : 1 points above threshold
2026-09-08T12:21:43.268+01:00 INFO : 18: generating IMRPhenomD from 30.0 Hz
2026-09-08T12:21:43.271+01:00 INFO : Decompressing waveform using inline_linear
2026-09-08T12:21:43.276+01:00 INFO : Filtering template 19/384 segment 1/5
2026-09-08T12:21:43.317+01:00 INFO : 2 points above threshold
2026-09-08T12:21:43.332+01:00 INFO : Filtering template 19/384 segment 2/5
2026-09-08T12:21:43.369+01:00 INFO : 2 points above threshold
2026-09-08T12:21:43.377+01:00 INFO : Filtering template 19/384 segment 3/5
2026-09-08T12:21:43.415+01:00 INFO : 4 points above threshold
2026-09-08T12:21:43.424+01:00 INFO : Filtering template 19/384 segment 4/5
2026-09-08T12:21:43.462+01:00 INFO : Filtering template 19/384 segment 5/5
2026-09-08T12:21:43.500+01:00 INFO : 1 points above threshold
2026-09-08T12:21:43.506+01:00 INFO : 19: generating IMRPhenomD from 30.0 Hz
2026-09-08T12:21:43.508+01:00 INFO : Decompressing waveform using inline_linear
2026-09-08T12:21:43.514+01:00 INFO : Filtering template 20/384 segment 1/5
2026-09-08T12:21:43.556+01:00 INFO : Filtering template 20/384 segment 2/5
2026-09-08T12:21:43.593+01:00 INFO : 1 points above threshold
2026-09-08T12:21:43.606+01:00 INFO : Filtering template 20/384 segment 3/5
2026-09-08T12:21:43.645+01:00 INFO : 1 points above threshold
2026-09-08T12:21:43.651+01:00 INFO : Filtering template 20/384 segment 4/5
2026-09-08T12:21:43.691+01:00 INFO : 1 points above threshold
2026-09-08T12:21:43.701+01:00 INFO : Filtering template 20/384 segment 5/5
2026-09-08T12:21:43.739+01:00 INFO : 20: generating IMRPhenomD from 30.0 Hz
2026-09-08T12:21:43.742+01:00 INFO : Decompressing waveform using inline_linear
2026-09-08T12:21:43.747+01:00 INFO : Filtering template 21/384 segment 1/5
2026-09-08T12:21:43.788+01:00 INFO : Filtering template 21/384 segment 2/5
2026-09-08T12:21:43.827+01:00 INFO : Filtering template 21/384 segment 3/5
2026-09-08T12:21:43.877+01:00 INFO : 3 points above threshold
2026-09-08T12:21:43.893+01:00 INFO : Filtering template 21/384 segment 4/5
2026-09-08T12:21:43.931+01:00 INFO : 1 points above threshold
2026-09-08T12:21:43.937+01:00 INFO : Filtering template 21/384 segment 5/5
2026-09-08T12:21:43.974+01:00 INFO : 1 points above threshold
2026-09-08T12:21:43.980+01:00 INFO : 21: generating IMRPhenomD from 30.0 Hz
2026-09-08T12:21:43.982+01:00 INFO : Decompressing waveform using inline_linear
2026-09-08T12:21:43.987+01:00 INFO : Filtering template 22/384 segment 1/5
2026-09-08T12:21:44.029+01:00 INFO : Filtering template 22/384 segment 2/5
2026-09-08T12:21:44.067+01:00 INFO : 2 points above threshold
2026-09-08T12:21:44.082+01:00 INFO : Filtering template 22/384 segment 3/5
2026-09-08T12:21:44.120+01:00 INFO : 2 points above threshold
2026-09-08T12:21:44.128+01:00 INFO : Filtering template 22/384 segment 4/5
2026-09-08T12:21:44.166+01:00 INFO : 1 points above threshold
2026-09-08T12:21:44.172+01:00 INFO : Filtering template 22/384 segment 5/5
2026-09-08T12:21:44.210+01:00 INFO : 1 points above threshold
2026-09-08T12:21:44.216+01:00 INFO : 22: generating IMRPhenomD from 30.0 Hz
2026-09-08T12:21:44.219+01:00 INFO : Decompressing waveform using inline_linear
2026-09-08T12:21:44.224+01:00 INFO : Filtering template 23/384 segment 1/5
2026-09-08T12:21:44.265+01:00 INFO : Filtering template 23/384 segment 2/5
2026-09-08T12:21:44.302+01:00 INFO : 3 points above threshold
2026-09-08T12:21:44.322+01:00 INFO : Filtering template 23/384 segment 3/5
2026-09-08T12:21:44.360+01:00 INFO : 1 points above threshold
2026-09-08T12:21:44.366+01:00 INFO : Filtering template 23/384 segment 4/5
2026-09-08T12:21:44.404+01:00 INFO : Filtering template 23/384 segment 5/5
2026-09-08T12:21:44.442+01:00 INFO : 23: generating IMRPhenomD from 30.0 Hz
2026-09-08T12:21:44.445+01:00 INFO : Decompressing waveform using inline_linear
2026-09-08T12:21:44.450+01:00 INFO : Filtering template 24/384 segment 1/5
2026-09-08T12:21:44.492+01:00 INFO : 4 points above threshold
2026-09-08T12:21:44.510+01:00 INFO : Filtering template 24/384 segment 2/5
2026-09-08T12:21:44.550+01:00 INFO : 1 points above threshold
2026-09-08T12:21:44.556+01:00 INFO : Filtering template 24/384 segment 3/5
2026-09-08T12:21:44.593+01:00 INFO : 3 points above threshold
2026-09-08T12:21:44.603+01:00 INFO : Filtering template 24/384 segment 4/5
2026-09-08T12:21:44.640+01:00 INFO : 2 points above threshold
2026-09-08T12:21:44.647+01:00 INFO : Filtering template 24/384 segment 5/5
2026-09-08T12:21:44.685+01:00 INFO : 24: generating IMRPhenomD from 30.0 Hz
2026-09-08T12:21:44.687+01:00 INFO : Decompressing waveform using inline_linear
2026-09-08T12:21:44.693+01:00 INFO : Filtering template 25/384 segment 1/5
2026-09-08T12:21:44.733+01:00 INFO : 3 points above threshold
2026-09-08T12:21:44.749+01:00 INFO : Filtering template 25/384 segment 2/5
2026-09-08T12:21:44.801+01:00 INFO : Filtering template 25/384 segment 3/5
2026-09-08T12:21:44.858+01:00 INFO : Filtering template 25/384 segment 4/5
2026-09-08T12:21:44.915+01:00 INFO : 2 points above threshold
2026-09-08T12:21:44.928+01:00 INFO : Filtering template 25/384 segment 5/5
2026-09-08T12:21:44.986+01:00 INFO : 25: generating IMRPhenomD from 30.0 Hz
2026-09-08T12:21:44.990+01:00 INFO : Decompressing waveform using inline_linear
2026-09-08T12:21:44.995+01:00 INFO : Filtering template 26/384 segment 1/5
2026-09-08T12:21:45.056+01:00 INFO : 2 points above threshold
2026-09-08T12:21:45.080+01:00 INFO : Filtering template 26/384 segment 2/5
2026-09-08T12:21:45.138+01:00 INFO : 1 points above threshold
2026-09-08T12:21:45.146+01:00 INFO : Filtering template 26/384 segment 3/5
2026-09-08T12:21:45.204+01:00 INFO : 2 points above threshold
2026-09-08T12:21:45.216+01:00 INFO : Filtering template 26/384 segment 4/5
2026-09-08T12:21:45.274+01:00 INFO : Filtering template 26/384 segment 5/5
2026-09-08T12:21:45.331+01:00 INFO : 1 points above threshold
2026-09-08T12:21:45.340+01:00 INFO : 26: generating IMRPhenomD from 30.0 Hz
2026-09-08T12:21:45.343+01:00 INFO : Decompressing waveform using inline_linear
2026-09-08T12:21:45.349+01:00 INFO : Filtering template 27/384 segment 1/5
2026-09-08T12:21:45.411+01:00 INFO : 1 points above threshold
2026-09-08T12:21:45.431+01:00 INFO : Filtering template 27/384 segment 2/5
2026-09-08T12:21:45.489+01:00 INFO : 4 points above threshold
2026-09-08T12:21:45.503+01:00 INFO : Filtering template 27/384 segment 3/5
2026-09-08T12:21:45.560+01:00 INFO : 1 points above threshold
2026-09-08T12:21:45.568+01:00 INFO : Filtering template 27/384 segment 4/5
2026-09-08T12:21:45.625+01:00 INFO : 1 points above threshold
2026-09-08T12:21:45.634+01:00 INFO : Filtering template 27/384 segment 5/5
2026-09-08T12:21:45.691+01:00 INFO : 27: generating IMRPhenomD from 30.0 Hz
2026-09-08T12:21:45.694+01:00 INFO : Decompressing waveform using inline_linear
2026-09-08T12:21:45.700+01:00 INFO : Filtering template 28/384 segment 1/5
2026-09-08T12:21:45.762+01:00 INFO : 2 points above threshold
2026-09-08T12:21:45.782+01:00 INFO : Filtering template 28/384 segment 2/5
2026-09-08T12:21:45.840+01:00 INFO : 1 points above threshold
2026-09-08T12:21:45.848+01:00 INFO : Filtering template 28/384 segment 3/5
2026-09-08T12:21:45.905+01:00 INFO : 1 points above threshold
2026-09-08T12:21:45.913+01:00 INFO : Filtering template 28/384 segment 4/5
2026-09-08T12:21:45.970+01:00 INFO : 1 points above threshold
2026-09-08T12:21:45.979+01:00 INFO : Filtering template 28/384 segment 5/5
2026-09-08T12:21:46.036+01:00 INFO : 28: generating IMRPhenomD from 30.0 Hz
2026-09-08T12:21:46.039+01:00 INFO : Decompressing waveform using inline_linear
2026-09-08T12:21:46.045+01:00 INFO : Filtering template 29/384 segment 1/5
2026-09-08T12:21:46.107+01:00 INFO : 2 points above threshold
2026-09-08T12:21:46.127+01:00 INFO : Filtering template 29/384 segment 2/5
2026-09-08T12:21:46.185+01:00 INFO : Filtering template 29/384 segment 3/5
2026-09-08T12:21:46.241+01:00 INFO : 2 points above threshold
2026-09-08T12:21:46.253+01:00 INFO : Filtering template 29/384 segment 4/5
2026-09-08T12:21:46.304+01:00 INFO : Filtering template 29/384 segment 5/5
2026-09-08T12:21:46.342+01:00 INFO : 1 points above threshold
2026-09-08T12:21:46.349+01:00 INFO : 29: generating IMRPhenomD from 30.0 Hz
2026-09-08T12:21:46.351+01:00 INFO : Decompressing waveform using inline_linear
2026-09-08T12:21:46.356+01:00 INFO : Filtering template 30/384 segment 1/5
2026-09-08T12:21:46.397+01:00 INFO : 1 points above threshold
2026-09-08T12:21:46.410+01:00 INFO : Filtering template 30/384 segment 2/5
2026-09-08T12:21:46.448+01:00 INFO : 2 points above threshold
2026-09-08T12:21:46.456+01:00 INFO : Filtering template 30/384 segment 3/5
2026-09-08T12:21:46.493+01:00 INFO : Filtering template 30/384 segment 4/5
2026-09-08T12:21:46.531+01:00 INFO : 3 points above threshold
2026-09-08T12:21:46.541+01:00 INFO : Filtering template 30/384 segment 5/5
2026-09-08T12:21:46.579+01:00 INFO : 2 points above threshold
2026-09-08T12:21:46.587+01:00 INFO : 30: generating IMRPhenomD from 30.0 Hz
2026-09-08T12:21:46.589+01:00 INFO : Decompressing waveform using inline_linear
2026-09-08T12:21:46.594+01:00 INFO : Filtering template 31/384 segment 1/5
2026-09-08T12:21:46.636+01:00 INFO : Filtering template 31/384 segment 2/5
2026-09-08T12:21:46.673+01:00 INFO : 1 points above threshold
2026-09-08T12:21:46.686+01:00 INFO : Filtering template 31/384 segment 3/5
2026-09-08T12:21:46.723+01:00 INFO : 2 points above threshold
2026-09-08T12:21:46.731+01:00 INFO : Filtering template 31/384 segment 4/5
2026-09-08T12:21:46.769+01:00 INFO : 1 points above threshold
2026-09-08T12:21:46.775+01:00 INFO : Filtering template 31/384 segment 5/5
2026-09-08T12:21:46.812+01:00 INFO : 2 points above threshold
2026-09-08T12:21:46.821+01:00 INFO : 31: generating IMRPhenomD from 30.0 Hz
2026-09-08T12:21:46.823+01:00 INFO : Decompressing waveform using inline_linear
2026-09-08T12:21:46.828+01:00 INFO : Filtering template 32/384 segment 1/5
2026-09-08T12:21:46.870+01:00 INFO : Filtering template 32/384 segment 2/5
2026-09-08T12:21:46.907+01:00 INFO : Filtering template 32/384 segment 3/5
2026-09-08T12:21:46.945+01:00 INFO : 2 points above threshold
2026-09-08T12:21:46.959+01:00 INFO : Filtering template 32/384 segment 4/5
2026-09-08T12:21:46.997+01:00 INFO : 1 points above threshold
2026-09-08T12:21:47.003+01:00 INFO : Filtering template 32/384 segment 5/5
2026-09-08T12:21:47.041+01:00 INFO : 2 points above threshold
2026-09-08T12:21:47.049+01:00 INFO : 32: generating IMRPhenomD from 30.0 Hz
2026-09-08T12:21:47.051+01:00 INFO : Decompressing waveform using inline_linear
2026-09-08T12:21:47.057+01:00 INFO : Filtering template 33/384 segment 1/5
2026-09-08T12:21:47.098+01:00 INFO : Filtering template 33/384 segment 2/5
2026-09-08T12:21:47.136+01:00 INFO : Filtering template 33/384 segment 3/5
2026-09-08T12:21:47.173+01:00 INFO : 1 points above threshold
2026-09-08T12:21:47.186+01:00 INFO : Filtering template 33/384 segment 4/5
2026-09-08T12:21:47.223+01:00 INFO : 2 points above threshold
2026-09-08T12:21:47.231+01:00 INFO : Filtering template 33/384 segment 5/5
2026-09-08T12:21:47.269+01:00 INFO : 2 points above threshold
2026-09-08T12:21:47.277+01:00 INFO : 33: generating IMRPhenomD from 30.0 Hz
2026-09-08T12:21:47.279+01:00 INFO : Decompressing waveform using inline_linear
2026-09-08T12:21:47.285+01:00 INFO : Filtering template 34/384 segment 1/5
2026-09-08T12:21:47.326+01:00 INFO : 1 points above threshold
2026-09-08T12:21:47.338+01:00 INFO : Filtering template 34/384 segment 2/5
2026-09-08T12:21:47.376+01:00 INFO : 1 points above threshold
2026-09-08T12:21:47.382+01:00 INFO : Filtering template 34/384 segment 3/5
2026-09-08T12:21:47.419+01:00 INFO : 2 points above threshold
2026-09-08T12:21:47.427+01:00 INFO : Filtering template 34/384 segment 4/5
2026-09-08T12:21:47.465+01:00 INFO : 1 points above threshold
2026-09-08T12:21:47.471+01:00 INFO : Filtering template 34/384 segment 5/5
2026-09-08T12:21:47.509+01:00 INFO : 2 points above threshold
2026-09-08T12:21:47.517+01:00 INFO : 34: generating IMRPhenomD from 30.0 Hz
2026-09-08T12:21:47.519+01:00 INFO : Decompressing waveform using inline_linear
2026-09-08T12:21:47.525+01:00 INFO : Filtering template 35/384 segment 1/5
2026-09-08T12:21:47.566+01:00 INFO : 5 points above threshold
2026-09-08T12:21:47.588+01:00 INFO : Filtering template 35/384 segment 2/5
2026-09-08T12:21:47.625+01:00 INFO : 1 points above threshold
2026-09-08T12:21:47.631+01:00 INFO : Filtering template 35/384 segment 3/5
2026-09-08T12:21:47.669+01:00 INFO : Filtering template 35/384 segment 4/5
2026-09-08T12:21:47.707+01:00 INFO : 1 points above threshold
2026-09-08T12:21:47.713+01:00 INFO : Filtering template 35/384 segment 5/5
2026-09-08T12:21:47.750+01:00 INFO : 2 points above threshold
2026-09-08T12:21:47.758+01:00 INFO : 35: generating IMRPhenomD from 30.0 Hz
2026-09-08T12:21:47.761+01:00 INFO : Decompressing waveform using inline_linear
2026-09-08T12:21:47.766+01:00 INFO : Filtering template 36/384 segment 1/5
2026-09-08T12:21:47.808+01:00 INFO : 1 points above threshold
2026-09-08T12:21:47.825+01:00 INFO : Filtering template 36/384 segment 2/5
2026-09-08T12:21:47.863+01:00 INFO : 1 points above threshold
2026-09-08T12:21:47.869+01:00 INFO : Filtering template 36/384 segment 3/5
2026-09-08T12:21:47.907+01:00 INFO : Filtering template 36/384 segment 4/5
2026-09-08T12:21:47.946+01:00 INFO : 1 points above threshold
2026-09-08T12:21:47.952+01:00 INFO : Filtering template 36/384 segment 5/5
2026-09-08T12:21:47.989+01:00 INFO : 1 points above threshold
2026-09-08T12:21:47.996+01:00 INFO : 36: generating IMRPhenomD from 30.0 Hz
2026-09-08T12:21:47.999+01:00 INFO : Decompressing waveform using inline_linear
2026-09-08T12:21:48.004+01:00 INFO : Filtering template 37/384 segment 1/5
2026-09-08T12:21:48.045+01:00 INFO : 1 points above threshold
2026-09-08T12:21:48.060+01:00 INFO : Filtering template 37/384 segment 2/5
2026-09-08T12:21:48.098+01:00 INFO : Filtering template 37/384 segment 3/5
2026-09-08T12:21:48.135+01:00 INFO : 1 points above threshold
2026-09-08T12:21:48.141+01:00 INFO : Filtering template 37/384 segment 4/5
2026-09-08T12:21:48.179+01:00 INFO : Filtering template 37/384 segment 5/5
2026-09-08T12:21:48.217+01:00 INFO : 37: generating IMRPhenomD from 30.0 Hz
2026-09-08T12:21:48.219+01:00 INFO : Decompressing waveform using inline_linear
2026-09-08T12:21:48.224+01:00 INFO : Filtering template 38/384 segment 1/5
2026-09-08T12:21:48.266+01:00 INFO : Filtering template 38/384 segment 2/5
2026-09-08T12:21:48.303+01:00 INFO : Filtering template 38/384 segment 3/5
2026-09-08T12:21:48.341+01:00 INFO : 1 points above threshold
2026-09-08T12:21:48.357+01:00 INFO : Filtering template 38/384 segment 4/5
2026-09-08T12:21:48.394+01:00 INFO : 1 points above threshold
2026-09-08T12:21:48.400+01:00 INFO : Filtering template 38/384 segment 5/5
2026-09-08T12:21:48.437+01:00 INFO : 38: generating IMRPhenomD from 30.0 Hz
2026-09-08T12:21:48.440+01:00 INFO : Decompressing waveform using inline_linear
2026-09-08T12:21:48.445+01:00 INFO : Filtering template 39/384 segment 1/5
2026-09-08T12:21:48.487+01:00 INFO : Filtering template 39/384 segment 2/5
2026-09-08T12:21:48.524+01:00 INFO : Filtering template 39/384 segment 3/5
2026-09-08T12:21:48.561+01:00 INFO : Filtering template 39/384 segment 4/5
2026-09-08T12:21:48.599+01:00 INFO : 3 points above threshold
2026-09-08T12:21:48.615+01:00 INFO : Filtering template 39/384 segment 5/5
2026-09-08T12:21:48.653+01:00 INFO : 2 points above threshold
2026-09-08T12:21:48.661+01:00 INFO : 39: generating IMRPhenomD from 30.0 Hz
2026-09-08T12:21:48.663+01:00 INFO : Decompressing waveform using inline_linear
2026-09-08T12:21:48.668+01:00 INFO : Filtering template 40/384 segment 1/5
2026-09-08T12:21:48.710+01:00 INFO : 3 points above threshold
2026-09-08T12:21:48.726+01:00 INFO : Filtering template 40/384 segment 2/5
2026-09-08T12:21:48.771+01:00 INFO : 1 points above threshold
2026-09-08T12:21:48.776+01:00 INFO : Filtering template 40/384 segment 3/5
2026-09-08T12:21:48.814+01:00 INFO : 1 points above threshold
2026-09-08T12:21:48.820+01:00 INFO : Filtering template 40/384 segment 4/5
2026-09-08T12:21:48.857+01:00 INFO : 2 points above threshold
2026-09-08T12:21:48.865+01:00 INFO : Filtering template 40/384 segment 5/5
2026-09-08T12:21:48.902+01:00 INFO : 1 points above threshold
2026-09-08T12:21:48.908+01:00 INFO : 40: generating IMRPhenomD from 30.0 Hz
2026-09-08T12:21:48.910+01:00 INFO : Decompressing waveform using inline_linear
2026-09-08T12:21:48.915+01:00 INFO : Filtering template 41/384 segment 1/5
2026-09-08T12:21:48.956+01:00 INFO : Filtering template 41/384 segment 2/5
2026-09-08T12:21:48.993+01:00 INFO : 1 points above threshold
2026-09-08T12:21:49.006+01:00 INFO : Filtering template 41/384 segment 3/5
2026-09-08T12:21:49.043+01:00 INFO : Filtering template 41/384 segment 4/5
2026-09-08T12:21:49.080+01:00 INFO : Filtering template 41/384 segment 5/5
2026-09-08T12:21:49.117+01:00 INFO : 41: generating IMRPhenomD from 30.0 Hz
2026-09-08T12:21:49.120+01:00 INFO : Decompressing waveform using inline_linear
2026-09-08T12:21:49.125+01:00 INFO : Filtering template 42/384 segment 1/5
2026-09-08T12:21:49.165+01:00 INFO : 2 points above threshold
2026-09-08T12:21:49.179+01:00 INFO : Filtering template 42/384 segment 2/5
2026-09-08T12:21:49.216+01:00 INFO : Filtering template 42/384 segment 3/5
2026-09-08T12:21:49.253+01:00 INFO : 2 points above threshold
2026-09-08T12:21:49.261+01:00 INFO : Filtering template 42/384 segment 4/5
2026-09-08T12:21:49.298+01:00 INFO : 3 points above threshold
2026-09-08T12:21:49.308+01:00 INFO : Filtering template 42/384 segment 5/5
2026-09-08T12:21:49.345+01:00 INFO : 2 points above threshold
2026-09-08T12:21:49.353+01:00 INFO : 42: generating IMRPhenomD from 30.0 Hz
2026-09-08T12:21:49.356+01:00 INFO : Decompressing waveform using inline_linear
2026-09-08T12:21:49.361+01:00 INFO : Filtering template 43/384 segment 1/5
2026-09-08T12:21:49.401+01:00 INFO : 3 points above threshold
2026-09-08T12:21:49.417+01:00 INFO : Filtering template 43/384 segment 2/5
2026-09-08T12:21:49.455+01:00 INFO : 2 points above threshold
2026-09-08T12:21:49.462+01:00 INFO : Filtering template 43/384 segment 3/5
2026-09-08T12:21:49.500+01:00 INFO : Filtering template 43/384 segment 4/5
2026-09-08T12:21:49.538+01:00 INFO : Filtering template 43/384 segment 5/5
2026-09-08T12:21:49.583+01:00 INFO : 1 points above threshold
2026-09-08T12:21:49.590+01:00 INFO : 43: generating IMRPhenomD from 30.0 Hz
2026-09-08T12:21:49.592+01:00 INFO : Decompressing waveform using inline_linear
2026-09-08T12:21:49.598+01:00 INFO : Filtering template 44/384 segment 1/5
2026-09-08T12:21:49.643+01:00 INFO : Filtering template 44/384 segment 2/5
2026-09-08T12:21:49.681+01:00 INFO : 2 points above threshold
2026-09-08T12:21:49.695+01:00 INFO : Filtering template 44/384 segment 3/5
2026-09-08T12:21:49.732+01:00 INFO : Filtering template 44/384 segment 4/5
2026-09-08T12:21:49.769+01:00 INFO : 1 points above threshold
2026-09-08T12:21:49.775+01:00 INFO : Filtering template 44/384 segment 5/5
2026-09-08T12:21:49.812+01:00 INFO : 2 points above threshold
2026-09-08T12:21:49.820+01:00 INFO : 44: generating IMRPhenomD from 30.0 Hz
2026-09-08T12:21:49.823+01:00 INFO : Decompressing waveform using inline_linear
2026-09-08T12:21:49.828+01:00 INFO : Filtering template 45/384 segment 1/5
2026-09-08T12:21:49.868+01:00 INFO : 1 points above threshold
2026-09-08T12:21:49.880+01:00 INFO : Filtering template 45/384 segment 2/5
2026-09-08T12:21:49.918+01:00 INFO : Filtering template 45/384 segment 3/5
2026-09-08T12:21:49.955+01:00 INFO : 1 points above threshold
2026-09-08T12:21:49.961+01:00 INFO : Filtering template 45/384 segment 4/5
2026-09-08T12:21:49.998+01:00 INFO : Filtering template 45/384 segment 5/5
2026-09-08T12:21:50.035+01:00 INFO : 2 points above threshold
2026-09-08T12:21:50.043+01:00 INFO : 45: generating IMRPhenomD from 30.0 Hz
2026-09-08T12:21:50.046+01:00 INFO : Decompressing waveform using inline_linear
2026-09-08T12:21:50.051+01:00 INFO : Filtering template 46/384 segment 1/5
2026-09-08T12:21:50.091+01:00 INFO : 3 points above threshold
2026-09-08T12:21:50.107+01:00 INFO : Filtering template 46/384 segment 2/5
2026-09-08T12:21:50.144+01:00 INFO : 1 points above threshold
2026-09-08T12:21:50.150+01:00 INFO : Filtering template 46/384 segment 3/5
2026-09-08T12:21:50.187+01:00 INFO : 1 points above threshold
2026-09-08T12:21:50.193+01:00 INFO : Filtering template 46/384 segment 4/5
2026-09-08T12:21:50.231+01:00 INFO : Filtering template 46/384 segment 5/5
2026-09-08T12:21:50.268+01:00 INFO : 1 points above threshold
2026-09-08T12:21:50.274+01:00 INFO : 46: generating IMRPhenomD from 30.0 Hz
2026-09-08T12:21:50.277+01:00 INFO : Decompressing waveform using inline_linear
2026-09-08T12:21:50.282+01:00 INFO : Filtering template 47/384 segment 1/5
2026-09-08T12:21:50.322+01:00 INFO : 1 points above threshold
2026-09-08T12:21:50.334+01:00 INFO : Filtering template 47/384 segment 2/5
2026-09-08T12:21:50.371+01:00 INFO : 1 points above threshold
2026-09-08T12:21:50.377+01:00 INFO : Filtering template 47/384 segment 3/5
2026-09-08T12:21:50.414+01:00 INFO : 1 points above threshold
2026-09-08T12:21:50.420+01:00 INFO : Filtering template 47/384 segment 4/5
2026-09-08T12:21:50.457+01:00 INFO : 1 points above threshold
2026-09-08T12:21:50.463+01:00 INFO : Filtering template 47/384 segment 5/5
2026-09-08T12:21:50.501+01:00 INFO : 1 points above threshold
2026-09-08T12:21:50.507+01:00 INFO : 47: generating IMRPhenomD from 30.0 Hz
2026-09-08T12:21:50.509+01:00 INFO : Decompressing waveform using inline_linear
2026-09-08T12:21:50.514+01:00 INFO : Filtering template 48/384 segment 1/5
2026-09-08T12:21:50.555+01:00 INFO : 3 points above threshold
2026-09-08T12:21:50.571+01:00 INFO : Filtering template 48/384 segment 2/5
2026-09-08T12:21:50.608+01:00 INFO : 3 points above threshold
2026-09-08T12:21:50.618+01:00 INFO : Filtering template 48/384 segment 3/5
2026-09-08T12:21:50.655+01:00 INFO : Filtering template 48/384 segment 4/5
2026-09-08T12:21:50.693+01:00 INFO : 1 points above threshold
2026-09-08T12:21:50.699+01:00 INFO : Filtering template 48/384 segment 5/5
2026-09-08T12:21:50.736+01:00 INFO : 48: generating IMRPhenomD from 30.0 Hz
2026-09-08T12:21:50.738+01:00 INFO : Decompressing waveform using inline_linear
2026-09-08T12:21:50.743+01:00 INFO : Filtering template 49/384 segment 1/5
2026-09-08T12:21:50.784+01:00 INFO : 3 points above threshold
2026-09-08T12:21:50.800+01:00 INFO : Filtering template 49/384 segment 2/5
2026-09-08T12:21:50.837+01:00 INFO : 1 points above threshold
2026-09-08T12:21:50.843+01:00 INFO : Filtering template 49/384 segment 3/5
2026-09-08T12:21:50.880+01:00 INFO : 1 points above threshold
2026-09-08T12:21:50.886+01:00 INFO : Filtering template 49/384 segment 4/5
2026-09-08T12:21:50.924+01:00 INFO : Filtering template 49/384 segment 5/5
2026-09-08T12:21:50.961+01:00 INFO : 49: generating IMRPhenomD from 30.0 Hz
2026-09-08T12:21:50.964+01:00 INFO : Decompressing waveform using inline_linear
2026-09-08T12:21:50.969+01:00 INFO : Filtering template 50/384 segment 1/5
2026-09-08T12:21:51.010+01:00 INFO : Filtering template 50/384 segment 2/5
2026-09-08T12:21:51.047+01:00 INFO : 2 points above threshold
2026-09-08T12:21:51.061+01:00 INFO : Filtering template 50/384 segment 3/5
2026-09-08T12:21:51.098+01:00 INFO : 5 points above threshold
2026-09-08T12:21:51.110+01:00 INFO : Filtering template 50/384 segment 4/5
2026-09-08T12:21:51.147+01:00 INFO : 3 points above threshold
2026-09-08T12:21:51.157+01:00 INFO : Filtering template 50/384 segment 5/5
2026-09-08T12:21:51.195+01:00 INFO : 2 points above threshold
2026-09-08T12:21:51.203+01:00 INFO : 50: generating IMRPhenomD from 30.0 Hz
2026-09-08T12:21:51.205+01:00 INFO : Decompressing waveform using inline_linear
2026-09-08T12:21:51.210+01:00 INFO : Filtering template 51/384 segment 1/5
2026-09-08T12:21:51.251+01:00 INFO : 1 points above threshold
2026-09-08T12:21:51.263+01:00 INFO : Filtering template 51/384 segment 2/5
2026-09-08T12:21:51.300+01:00 INFO : 1 points above threshold
2026-09-08T12:21:51.307+01:00 INFO : Filtering template 51/384 segment 3/5
2026-09-08T12:21:51.344+01:00 INFO : 3 points above threshold
2026-09-08T12:21:51.354+01:00 INFO : Filtering template 51/384 segment 4/5
2026-09-08T12:21:51.391+01:00 INFO : 1 points above threshold
2026-09-08T12:21:51.397+01:00 INFO : Filtering template 51/384 segment 5/5
2026-09-08T12:21:51.434+01:00 INFO : 3 points above threshold
2026-09-08T12:21:51.444+01:00 INFO : 51: generating IMRPhenomD from 30.0 Hz
2026-09-08T12:21:51.447+01:00 INFO : Decompressing waveform using inline_linear
2026-09-08T12:21:51.452+01:00 INFO : Filtering template 52/384 segment 1/5
2026-09-08T12:21:51.492+01:00 INFO : 2 points above threshold
2026-09-08T12:21:51.506+01:00 INFO : Filtering template 52/384 segment 2/5
2026-09-08T12:21:51.543+01:00 INFO : 1 points above threshold
2026-09-08T12:21:51.549+01:00 INFO : Filtering template 52/384 segment 3/5
2026-09-08T12:21:51.587+01:00 INFO : Filtering template 52/384 segment 4/5
2026-09-08T12:21:51.624+01:00 INFO : 1 points above threshold
2026-09-08T12:21:51.630+01:00 INFO : Filtering template 52/384 segment 5/5
2026-09-08T12:21:51.667+01:00 INFO : 2 points above threshold
2026-09-08T12:21:51.675+01:00 INFO : 52: generating IMRPhenomD from 30.0 Hz
2026-09-08T12:21:51.677+01:00 INFO : Decompressing waveform using inline_linear
2026-09-08T12:21:51.682+01:00 INFO : Filtering template 53/384 segment 1/5
2026-09-08T12:21:51.723+01:00 INFO : 1 points above threshold
2026-09-08T12:21:51.735+01:00 INFO : Filtering template 53/384 segment 2/5
2026-09-08T12:21:51.772+01:00 INFO : 3 points above threshold
2026-09-08T12:21:51.782+01:00 INFO : Filtering template 53/384 segment 3/5
2026-09-08T12:21:51.819+01:00 INFO : Filtering template 53/384 segment 4/5
2026-09-08T12:21:51.856+01:00 INFO : 1 points above threshold
2026-09-08T12:21:51.862+01:00 INFO : Filtering template 53/384 segment 5/5
2026-09-08T12:21:51.900+01:00 INFO : 53: generating IMRPhenomD from 30.0 Hz
2026-09-08T12:21:51.903+01:00 INFO : Decompressing waveform using inline_linear
2026-09-08T12:21:51.908+01:00 INFO : Filtering template 54/384 segment 1/5
2026-09-08T12:21:51.948+01:00 INFO : 3 points above threshold
2026-09-08T12:21:51.964+01:00 INFO : Filtering template 54/384 segment 2/5
2026-09-08T12:21:52.001+01:00 INFO : 4 points above threshold
2026-09-08T12:21:52.011+01:00 INFO : Filtering template 54/384 segment 3/5
2026-09-08T12:21:52.048+01:00 INFO : Filtering template 54/384 segment 4/5
2026-09-08T12:21:52.085+01:00 INFO : 2 points above threshold
2026-09-08T12:21:52.093+01:00 INFO : Filtering template 54/384 segment 5/5
2026-09-08T12:21:52.130+01:00 INFO : 2 points above threshold
2026-09-08T12:21:52.138+01:00 INFO : 54: generating IMRPhenomD from 30.0 Hz
2026-09-08T12:21:52.141+01:00 INFO : Decompressing waveform using inline_linear
2026-09-08T12:21:52.146+01:00 INFO : Filtering template 55/384 segment 1/5
2026-09-08T12:21:52.186+01:00 INFO : Filtering template 55/384 segment 2/5
2026-09-08T12:21:52.223+01:00 INFO : 2 points above threshold
2026-09-08T12:21:52.240+01:00 INFO : Filtering template 55/384 segment 3/5
2026-09-08T12:21:52.277+01:00 INFO : Filtering template 55/384 segment 4/5
2026-09-08T12:21:52.314+01:00 INFO : Filtering template 55/384 segment 5/5
2026-09-08T12:21:52.352+01:00 INFO : 1 points above threshold
2026-09-08T12:21:52.358+01:00 INFO : 55: generating IMRPhenomD from 30.0 Hz
2026-09-08T12:21:52.360+01:00 INFO : Decompressing waveform using inline_linear
2026-09-08T12:21:52.365+01:00 INFO : Filtering template 56/384 segment 1/5
2026-09-08T12:21:52.406+01:00 INFO : 1 points above threshold
2026-09-08T12:21:52.421+01:00 INFO : Filtering template 56/384 segment 2/5
2026-09-08T12:21:52.458+01:00 INFO : Filtering template 56/384 segment 3/5
2026-09-08T12:21:52.495+01:00 INFO : 2 points above threshold
2026-09-08T12:21:52.503+01:00 INFO : Filtering template 56/384 segment 4/5
2026-09-08T12:21:52.540+01:00 INFO : 1 points above threshold
2026-09-08T12:21:52.546+01:00 INFO : Filtering template 56/384 segment 5/5
2026-09-08T12:21:52.584+01:00 INFO : 56: generating IMRPhenomD from 30.0 Hz
2026-09-08T12:21:52.586+01:00 INFO : Decompressing waveform using inline_linear
2026-09-08T12:21:52.591+01:00 INFO : Filtering template 57/384 segment 1/5
2026-09-08T12:21:52.631+01:00 INFO : 2 points above threshold
2026-09-08T12:21:52.648+01:00 INFO : Filtering template 57/384 segment 2/5
2026-09-08T12:21:52.685+01:00 INFO : 1 points above threshold
2026-09-08T12:21:52.691+01:00 INFO : Filtering template 57/384 segment 3/5
2026-09-08T12:21:52.728+01:00 INFO : Filtering template 57/384 segment 4/5
2026-09-08T12:21:52.766+01:00 INFO : 1 points above threshold
2026-09-08T12:21:52.772+01:00 INFO : Filtering template 57/384 segment 5/5
2026-09-08T12:21:52.809+01:00 INFO : 57: generating IMRPhenomD from 30.0 Hz
2026-09-08T12:21:52.812+01:00 INFO : Decompressing waveform using inline_linear
2026-09-08T12:21:52.817+01:00 INFO : Filtering template 58/384 segment 1/5
2026-09-08T12:21:52.857+01:00 INFO : 2 points above threshold
2026-09-08T12:21:52.874+01:00 INFO : Filtering template 58/384 segment 2/5
2026-09-08T12:21:52.911+01:00 INFO : 2 points above threshold
2026-09-08T12:21:52.919+01:00 INFO : Filtering template 58/384 segment 3/5
2026-09-08T12:21:52.956+01:00 INFO : Filtering template 58/384 segment 4/5
2026-09-08T12:21:52.993+01:00 INFO : 1 points above threshold
2026-09-08T12:21:52.999+01:00 INFO : Filtering template 58/384 segment 5/5
2026-09-08T12:21:53.036+01:00 INFO : 1 points above threshold
2026-09-08T12:21:53.043+01:00 INFO : 58: generating IMRPhenomD from 30.0 Hz
2026-09-08T12:21:53.045+01:00 INFO : Decompressing waveform using inline_linear
2026-09-08T12:21:53.050+01:00 INFO : Filtering template 59/384 segment 1/5
2026-09-08T12:21:53.091+01:00 INFO : 1 points above threshold
2026-09-08T12:21:53.103+01:00 INFO : Filtering template 59/384 segment 2/5
2026-09-08T12:21:53.140+01:00 INFO : Filtering template 59/384 segment 3/5
2026-09-08T12:21:53.177+01:00 INFO : 1 points above threshold
2026-09-08T12:21:53.183+01:00 INFO : Filtering template 59/384 segment 4/5
2026-09-08T12:21:53.220+01:00 INFO : Filtering template 59/384 segment 5/5
2026-09-08T12:21:53.257+01:00 INFO : 59: generating IMRPhenomD from 30.0 Hz
2026-09-08T12:21:53.260+01:00 INFO : Decompressing waveform using inline_linear
2026-09-08T12:21:53.265+01:00 INFO : Filtering template 60/384 segment 1/5
2026-09-08T12:21:53.305+01:00 INFO : 2 points above threshold
2026-09-08T12:21:53.319+01:00 INFO : Filtering template 60/384 segment 2/5
2026-09-08T12:21:53.357+01:00 INFO : 1 points above threshold
2026-09-08T12:21:53.363+01:00 INFO : Filtering template 60/384 segment 3/5
2026-09-08T12:21:53.400+01:00 INFO : Filtering template 60/384 segment 4/5
2026-09-08T12:21:53.437+01:00 INFO : 1 points above threshold
2026-09-08T12:21:53.443+01:00 INFO : Filtering template 60/384 segment 5/5
2026-09-08T12:21:53.480+01:00 INFO : 1 points above threshold
2026-09-08T12:21:53.487+01:00 INFO : 60: generating IMRPhenomD from 30.0 Hz
2026-09-08T12:21:53.489+01:00 INFO : Decompressing waveform using inline_linear
2026-09-08T12:21:53.494+01:00 INFO : Filtering template 61/384 segment 1/5
2026-09-08T12:21:53.534+01:00 INFO : 2 points above threshold
2026-09-08T12:21:53.549+01:00 INFO : Filtering template 61/384 segment 2/5
2026-09-08T12:21:53.586+01:00 INFO : Filtering template 61/384 segment 3/5
2026-09-08T12:21:53.623+01:00 INFO : Filtering template 61/384 segment 4/5
2026-09-08T12:21:53.660+01:00 INFO : 4 points above threshold
2026-09-08T12:21:53.669+01:00 INFO : Filtering template 61/384 segment 5/5
2026-09-08T12:21:53.706+01:00 INFO : 2 points above threshold
2026-09-08T12:21:53.714+01:00 INFO : 61: generating IMRPhenomD from 30.0 Hz
2026-09-08T12:21:53.717+01:00 INFO : Decompressing waveform using inline_linear
2026-09-08T12:21:53.722+01:00 INFO : Filtering template 62/384 segment 1/5
2026-09-08T12:21:53.762+01:00 INFO : 1 points above threshold
2026-09-08T12:21:53.775+01:00 INFO : Filtering template 62/384 segment 2/5
2026-09-08T12:21:53.812+01:00 INFO : 3 points above threshold
2026-09-08T12:21:53.822+01:00 INFO : Filtering template 62/384 segment 3/5
2026-09-08T12:21:53.859+01:00 INFO : 2 points above threshold
2026-09-08T12:21:53.867+01:00 INFO : Filtering template 62/384 segment 4/5
2026-09-08T12:21:53.904+01:00 INFO : 1 points above threshold
2026-09-08T12:21:53.910+01:00 INFO : Filtering template 62/384 segment 5/5
2026-09-08T12:21:53.948+01:00 INFO : 3 points above threshold
2026-09-08T12:21:53.958+01:00 INFO : 62: generating IMRPhenomD from 30.0 Hz
2026-09-08T12:21:53.960+01:00 INFO : Decompressing waveform using inline_linear
2026-09-08T12:21:53.965+01:00 INFO : Filtering template 63/384 segment 1/5
2026-09-08T12:21:54.006+01:00 INFO : 1 points above threshold
2026-09-08T12:21:54.018+01:00 INFO : Filtering template 63/384 segment 2/5
2026-09-08T12:21:54.055+01:00 INFO : 1 points above threshold
2026-09-08T12:21:54.061+01:00 INFO : Filtering template 63/384 segment 3/5
2026-09-08T12:21:54.098+01:00 INFO : 2 points above threshold
2026-09-08T12:21:54.106+01:00 INFO : Filtering template 63/384 segment 4/5
2026-09-08T12:21:54.143+01:00 INFO : Filtering template 63/384 segment 5/5
2026-09-08T12:21:54.180+01:00 INFO : 1 points above threshold
2026-09-08T12:21:54.187+01:00 INFO : 63: generating IMRPhenomD from 30.0 Hz
2026-09-08T12:21:54.189+01:00 INFO : Decompressing waveform using inline_linear
2026-09-08T12:21:54.194+01:00 INFO : Filtering template 64/384 segment 1/5
2026-09-08T12:21:54.234+01:00 INFO : 2 points above threshold
2026-09-08T12:21:54.248+01:00 INFO : Filtering template 64/384 segment 2/5
2026-09-08T12:21:54.285+01:00 INFO : 2 points above threshold
2026-09-08T12:21:54.293+01:00 INFO : Filtering template 64/384 segment 3/5
2026-09-08T12:21:54.330+01:00 INFO : Filtering template 64/384 segment 4/5
2026-09-08T12:21:54.368+01:00 INFO : 4 points above threshold
2026-09-08T12:21:54.377+01:00 INFO : Filtering template 64/384 segment 5/5
2026-09-08T12:21:54.414+01:00 INFO : 1 points above threshold
2026-09-08T12:21:54.420+01:00 INFO : 64: generating IMRPhenomD from 30.0 Hz
2026-09-08T12:21:54.423+01:00 INFO : Decompressing waveform using inline_linear
2026-09-08T12:21:54.428+01:00 INFO : Filtering template 65/384 segment 1/5
2026-09-08T12:21:54.468+01:00 INFO : 2 points above threshold
2026-09-08T12:21:54.482+01:00 INFO : Filtering template 65/384 segment 2/5
2026-09-08T12:21:54.519+01:00 INFO : 1 points above threshold
2026-09-08T12:21:54.525+01:00 INFO : Filtering template 65/384 segment 3/5
2026-09-08T12:21:54.562+01:00 INFO : 1 points above threshold
2026-09-08T12:21:54.568+01:00 INFO : Filtering template 65/384 segment 4/5
2026-09-08T12:21:54.605+01:00 INFO : 1 points above threshold
2026-09-08T12:21:54.611+01:00 INFO : Filtering template 65/384 segment 5/5
2026-09-08T12:21:54.650+01:00 INFO : 1 points above threshold
2026-09-08T12:21:54.656+01:00 INFO : 65: generating IMRPhenomD from 30.0 Hz
2026-09-08T12:21:54.659+01:00 INFO : Decompressing waveform using inline_linear
2026-09-08T12:21:54.664+01:00 INFO : Filtering template 66/384 segment 1/5
2026-09-08T12:21:54.708+01:00 INFO : Filtering template 66/384 segment 2/5
2026-09-08T12:21:54.749+01:00 INFO : 2 points above threshold
2026-09-08T12:21:54.763+01:00 INFO : Filtering template 66/384 segment 3/5
2026-09-08T12:21:54.800+01:00 INFO : 1 points above threshold
2026-09-08T12:21:54.806+01:00 INFO : Filtering template 66/384 segment 4/5
2026-09-08T12:21:54.844+01:00 INFO : 1 points above threshold
2026-09-08T12:21:54.850+01:00 INFO : Filtering template 66/384 segment 5/5
2026-09-08T12:21:54.887+01:00 INFO : 1 points above threshold
2026-09-08T12:21:54.893+01:00 INFO : 66: generating IMRPhenomD from 30.0 Hz
2026-09-08T12:21:54.896+01:00 INFO : Decompressing waveform using inline_linear
2026-09-08T12:21:54.901+01:00 INFO : Filtering template 67/384 segment 1/5
2026-09-08T12:21:54.941+01:00 INFO : 1 points above threshold
2026-09-08T12:21:54.953+01:00 INFO : Filtering template 67/384 segment 2/5
2026-09-08T12:21:54.990+01:00 INFO : 1 points above threshold
2026-09-08T12:21:54.996+01:00 INFO : Filtering template 67/384 segment 3/5
2026-09-08T12:21:55.033+01:00 INFO : 2 points above threshold
2026-09-08T12:21:55.041+01:00 INFO : Filtering template 67/384 segment 4/5
2026-09-08T12:21:55.078+01:00 INFO : 1 points above threshold
2026-09-08T12:21:55.084+01:00 INFO : Filtering template 67/384 segment 5/5
2026-09-08T12:21:55.121+01:00 INFO : 1 points above threshold
2026-09-08T12:21:55.127+01:00 INFO : 67: generating IMRPhenomD from 30.0 Hz
2026-09-08T12:21:55.130+01:00 INFO : Decompressing waveform using inline_linear
2026-09-08T12:21:55.135+01:00 INFO : Filtering template 68/384 segment 1/5
2026-09-08T12:21:55.175+01:00 INFO : 2 points above threshold
2026-09-08T12:21:55.190+01:00 INFO : Filtering template 68/384 segment 2/5
2026-09-08T12:21:55.227+01:00 INFO : 1 points above threshold
2026-09-08T12:21:55.233+01:00 INFO : Filtering template 68/384 segment 3/5
2026-09-08T12:21:55.270+01:00 INFO : Filtering template 68/384 segment 4/5
2026-09-08T12:21:55.307+01:00 INFO : 2 points above threshold
2026-09-08T12:21:55.315+01:00 INFO : Filtering template 68/384 segment 5/5
2026-09-08T12:21:55.352+01:00 INFO : 1 points above threshold
2026-09-08T12:21:55.358+01:00 INFO : 68: generating IMRPhenomD from 30.0 Hz
2026-09-08T12:21:55.360+01:00 INFO : Decompressing waveform using inline_linear
2026-09-08T12:21:55.365+01:00 INFO : Filtering template 69/384 segment 1/5
2026-09-08T12:21:55.406+01:00 INFO : 1 points above threshold
2026-09-08T12:21:55.418+01:00 INFO : Filtering template 69/384 segment 2/5
2026-09-08T12:21:55.455+01:00 INFO : 1 points above threshold
2026-09-08T12:21:55.461+01:00 INFO : Filtering template 69/384 segment 3/5
2026-09-08T12:21:55.498+01:00 INFO : 1 points above threshold
2026-09-08T12:21:55.504+01:00 INFO : Filtering template 69/384 segment 4/5
2026-09-08T12:21:55.542+01:00 INFO : Filtering template 69/384 segment 5/5
2026-09-08T12:21:55.579+01:00 INFO : 1 points above threshold
2026-09-08T12:21:55.585+01:00 INFO : 69: generating IMRPhenomD from 30.0 Hz
2026-09-08T12:21:55.588+01:00 INFO : Decompressing waveform using inline_linear
2026-09-08T12:21:55.593+01:00 INFO : Filtering template 70/384 segment 1/5
2026-09-08T12:21:55.633+01:00 INFO : Filtering template 70/384 segment 2/5
2026-09-08T12:21:55.671+01:00 INFO : Filtering template 70/384 segment 3/5
2026-09-08T12:21:55.708+01:00 INFO : 1 points above threshold
2026-09-08T12:21:55.720+01:00 INFO : Filtering template 70/384 segment 4/5
2026-09-08T12:21:55.757+01:00 INFO : 1 points above threshold
2026-09-08T12:21:55.763+01:00 INFO : Filtering template 70/384 segment 5/5
2026-09-08T12:21:55.801+01:00 INFO : 1 points above threshold
2026-09-08T12:21:55.807+01:00 INFO : 70: generating IMRPhenomD from 30.0 Hz
2026-09-08T12:21:55.809+01:00 INFO : Decompressing waveform using inline_linear
2026-09-08T12:21:55.814+01:00 INFO : Filtering template 71/384 segment 1/5
2026-09-08T12:21:55.855+01:00 INFO : 1 points above threshold
2026-09-08T12:21:55.867+01:00 INFO : Filtering template 71/384 segment 2/5
2026-09-08T12:21:55.904+01:00 INFO : 1 points above threshold
2026-09-08T12:21:55.910+01:00 INFO : Filtering template 71/384 segment 3/5
2026-09-08T12:21:55.947+01:00 INFO : 1 points above threshold
2026-09-08T12:21:55.953+01:00 INFO : Filtering template 71/384 segment 4/5
2026-09-08T12:21:55.990+01:00 INFO : 3 points above threshold
2026-09-08T12:21:56.000+01:00 INFO : Filtering template 71/384 segment 5/5
2026-09-08T12:21:56.038+01:00 INFO : 71: generating IMRPhenomD from 30.0 Hz
2026-09-08T12:21:56.040+01:00 INFO : Decompressing waveform using inline_linear
2026-09-08T12:21:56.045+01:00 INFO : Filtering template 72/384 segment 1/5
2026-09-08T12:21:56.085+01:00 INFO : 1 points above threshold
2026-09-08T12:21:56.098+01:00 INFO : Filtering template 72/384 segment 2/5
2026-09-08T12:21:56.135+01:00 INFO : 2 points above threshold
2026-09-08T12:21:56.143+01:00 INFO : Filtering template 72/384 segment 3/5
2026-09-08T12:21:56.180+01:00 INFO : 1 points above threshold
2026-09-08T12:21:56.186+01:00 INFO : Filtering template 72/384 segment 4/5
2026-09-08T12:21:56.223+01:00 INFO : Filtering template 72/384 segment 5/5
2026-09-08T12:21:56.260+01:00 INFO : 1 points above threshold
2026-09-08T12:21:56.266+01:00 INFO : 72: generating IMRPhenomD from 30.0 Hz
2026-09-08T12:21:56.268+01:00 INFO : Decompressing waveform using inline_linear
2026-09-08T12:21:56.273+01:00 INFO : Filtering template 73/384 segment 1/5
2026-09-08T12:21:56.314+01:00 INFO : Filtering template 73/384 segment 2/5
2026-09-08T12:21:56.351+01:00 INFO : 1 points above threshold
2026-09-08T12:21:56.363+01:00 INFO : Filtering template 73/384 segment 3/5
2026-09-08T12:21:56.400+01:00 INFO : 2 points above threshold
2026-09-08T12:21:56.408+01:00 INFO : Filtering template 73/384 segment 4/5
2026-09-08T12:21:56.445+01:00 INFO : 1 points above threshold
2026-09-08T12:21:56.451+01:00 INFO : Filtering template 73/384 segment 5/5
2026-09-08T12:21:56.489+01:00 INFO : 2 points above threshold
2026-09-08T12:21:56.497+01:00 INFO : 73: generating IMRPhenomD from 30.0 Hz
2026-09-08T12:21:56.499+01:00 INFO : Decompressing waveform using inline_linear
2026-09-08T12:21:56.504+01:00 INFO : Filtering template 74/384 segment 1/5
2026-09-08T12:21:56.545+01:00 INFO : Filtering template 74/384 segment 2/5
2026-09-08T12:21:56.582+01:00 INFO : Filtering template 74/384 segment 3/5
2026-09-08T12:21:56.619+01:00 INFO : Filtering template 74/384 segment 4/5
2026-09-08T12:21:56.656+01:00 INFO : 1 points above threshold
2026-09-08T12:21:56.671+01:00 INFO : Filtering template 74/384 segment 5/5
2026-09-08T12:21:56.708+01:00 INFO : 1 points above threshold
2026-09-08T12:21:56.715+01:00 INFO : 74: generating IMRPhenomD from 30.0 Hz
2026-09-08T12:21:56.717+01:00 INFO : Decompressing waveform using inline_linear
2026-09-08T12:21:56.722+01:00 INFO : Filtering template 75/384 segment 1/5
2026-09-08T12:21:56.762+01:00 INFO : 3 points above threshold
2026-09-08T12:21:56.782+01:00 INFO : Filtering template 75/384 segment 2/5
2026-09-08T12:21:56.819+01:00 INFO : Filtering template 75/384 segment 3/5
2026-09-08T12:21:56.856+01:00 INFO : 1 points above threshold
2026-09-08T12:21:56.862+01:00 INFO : Filtering template 75/384 segment 4/5
2026-09-08T12:21:56.900+01:00 INFO : 2 points above threshold
2026-09-08T12:21:56.908+01:00 INFO : Filtering template 75/384 segment 5/5
2026-09-08T12:21:56.945+01:00 INFO : 75: generating IMRPhenomD from 30.0 Hz
2026-09-08T12:21:56.948+01:00 INFO : Decompressing waveform using inline_linear
2026-09-08T12:21:56.953+01:00 INFO : Filtering template 76/384 segment 1/5
2026-09-08T12:21:56.993+01:00 INFO : 2 points above threshold
2026-09-08T12:21:57.010+01:00 INFO : Filtering template 76/384 segment 2/5
2026-09-08T12:21:57.047+01:00 INFO : Filtering template 76/384 segment 3/5
2026-09-08T12:21:57.084+01:00 INFO : 1 points above threshold
2026-09-08T12:21:57.090+01:00 INFO : Filtering template 76/384 segment 4/5
2026-09-08T12:21:57.127+01:00 INFO : 2 points above threshold
2026-09-08T12:21:57.135+01:00 INFO : Filtering template 76/384 segment 5/5
2026-09-08T12:21:57.172+01:00 INFO : 2 points above threshold
2026-09-08T12:21:57.181+01:00 INFO : 76: generating IMRPhenomD from 30.0 Hz
2026-09-08T12:21:57.183+01:00 INFO : Decompressing waveform using inline_linear
2026-09-08T12:21:57.188+01:00 INFO : Filtering template 77/384 segment 1/5
2026-09-08T12:21:57.228+01:00 INFO : Filtering template 77/384 segment 2/5
2026-09-08T12:21:57.266+01:00 INFO : Filtering template 77/384 segment 3/5
2026-09-08T12:21:57.303+01:00 INFO : Filtering template 77/384 segment 4/5
2026-09-08T12:21:57.340+01:00 INFO : 2 points above threshold
2026-09-08T12:21:57.357+01:00 INFO : Filtering template 77/384 segment 5/5
2026-09-08T12:21:57.395+01:00 INFO : 77: generating IMRPhenomD from 30.0 Hz
2026-09-08T12:21:57.397+01:00 INFO : Decompressing waveform using inline_linear
2026-09-08T12:21:57.402+01:00 INFO : Filtering template 78/384 segment 1/5
2026-09-08T12:21:57.443+01:00 INFO : Filtering template 78/384 segment 2/5
2026-09-08T12:21:57.480+01:00 INFO : 1 points above threshold
2026-09-08T12:21:57.495+01:00 INFO : Filtering template 78/384 segment 3/5
2026-09-08T12:21:57.532+01:00 INFO : 2 points above threshold
2026-09-08T12:21:57.540+01:00 INFO : Filtering template 78/384 segment 4/5
2026-09-08T12:21:57.577+01:00 INFO : Filtering template 78/384 segment 5/5
2026-09-08T12:21:57.614+01:00 INFO : 2 points above threshold
2026-09-08T12:21:57.622+01:00 INFO : 78: generating IMRPhenomD from 30.0 Hz
2026-09-08T12:21:57.625+01:00 INFO : Decompressing waveform using inline_linear
2026-09-08T12:21:57.630+01:00 INFO : Filtering template 79/384 segment 1/5
2026-09-08T12:21:57.670+01:00 INFO : 4 points above threshold
2026-09-08T12:21:57.689+01:00 INFO : Filtering template 79/384 segment 2/5
2026-09-08T12:21:57.726+01:00 INFO : 1 points above threshold
2026-09-08T12:21:57.732+01:00 INFO : Filtering template 79/384 segment 3/5
2026-09-08T12:21:57.770+01:00 INFO : 1 points above threshold
2026-09-08T12:21:57.776+01:00 INFO : Filtering template 79/384 segment 4/5
2026-09-08T12:21:57.813+01:00 INFO : 1 points above threshold
2026-09-08T12:21:57.819+01:00 INFO : Filtering template 79/384 segment 5/5
2026-09-08T12:21:57.856+01:00 INFO : 79: generating IMRPhenomD from 30.0 Hz
2026-09-08T12:21:57.859+01:00 INFO : Decompressing waveform using inline_linear
2026-09-08T12:21:57.864+01:00 INFO : Filtering template 80/384 segment 1/5
2026-09-08T12:21:57.905+01:00 INFO : 1 points above threshold
2026-09-08T12:21:57.920+01:00 INFO : Filtering template 80/384 segment 2/5
2026-09-08T12:21:57.957+01:00 INFO : 1 points above threshold
2026-09-08T12:21:57.963+01:00 INFO : Filtering template 80/384 segment 3/5
2026-09-08T12:21:58.000+01:00 INFO : 1 points above threshold
2026-09-08T12:21:58.006+01:00 INFO : Filtering template 80/384 segment 4/5
2026-09-08T12:21:58.043+01:00 INFO : Filtering template 80/384 segment 5/5
2026-09-08T12:21:58.080+01:00 INFO : 1 points above threshold
2026-09-08T12:21:58.087+01:00 INFO : 80: generating IMRPhenomD from 30.0 Hz
2026-09-08T12:21:58.089+01:00 INFO : Decompressing waveform using inline_linear
2026-09-08T12:21:58.094+01:00 INFO : Filtering template 81/384 segment 1/5
2026-09-08T12:21:58.135+01:00 INFO : Filtering template 81/384 segment 2/5
2026-09-08T12:21:58.172+01:00 INFO : Filtering template 81/384 segment 3/5
2026-09-08T12:21:58.209+01:00 INFO : 1 points above threshold
2026-09-08T12:21:58.227+01:00 INFO : Filtering template 81/384 segment 4/5
2026-09-08T12:21:58.264+01:00 INFO : 1 points above threshold
2026-09-08T12:21:58.270+01:00 INFO : Filtering template 81/384 segment 5/5
2026-09-08T12:21:58.307+01:00 INFO : 81: generating IMRPhenomD from 30.0 Hz
2026-09-08T12:21:58.309+01:00 INFO : Decompressing waveform using inline_linear
2026-09-08T12:21:58.314+01:00 INFO : Filtering template 82/384 segment 1/5
2026-09-08T12:21:58.355+01:00 INFO : 1 points above threshold
2026-09-08T12:21:58.370+01:00 INFO : Filtering template 82/384 segment 2/5
2026-09-08T12:21:58.407+01:00 INFO : Filtering template 82/384 segment 3/5
2026-09-08T12:21:58.444+01:00 INFO : 1 points above threshold
2026-09-08T12:21:58.450+01:00 INFO : Filtering template 82/384 segment 4/5
2026-09-08T12:21:58.487+01:00 INFO : 2 points above threshold
2026-09-08T12:21:58.495+01:00 INFO : Filtering template 82/384 segment 5/5
2026-09-08T12:21:58.532+01:00 INFO : 82: generating IMRPhenomD from 30.0 Hz
2026-09-08T12:21:58.535+01:00 INFO : Decompressing waveform using inline_linear
2026-09-08T12:21:58.540+01:00 INFO : Filtering template 83/384 segment 1/5
2026-09-08T12:21:58.580+01:00 INFO : 2 points above threshold
2026-09-08T12:21:58.597+01:00 INFO : Filtering template 83/384 segment 2/5
2026-09-08T12:21:58.634+01:00 INFO : 1 points above threshold
2026-09-08T12:21:58.640+01:00 INFO : Filtering template 83/384 segment 3/5
2026-09-08T12:21:58.677+01:00 INFO : Filtering template 83/384 segment 4/5
2026-09-08T12:21:58.714+01:00 INFO : 3 points above threshold
2026-09-08T12:21:58.724+01:00 INFO : Filtering template 83/384 segment 5/5
2026-09-08T12:21:58.761+01:00 INFO : 3 points above threshold
2026-09-08T12:21:58.772+01:00 INFO : 83: generating IMRPhenomD from 30.0 Hz
2026-09-08T12:21:58.774+01:00 INFO : Decompressing waveform using inline_linear
2026-09-08T12:21:58.779+01:00 INFO : Filtering template 84/384 segment 1/5
2026-09-08T12:21:58.820+01:00 INFO : 1 points above threshold
2026-09-08T12:21:58.832+01:00 INFO : Filtering template 84/384 segment 2/5
2026-09-08T12:21:58.869+01:00 INFO : Filtering template 84/384 segment 3/5
2026-09-08T12:21:58.907+01:00 INFO : Filtering template 84/384 segment 4/5
2026-09-08T12:21:58.944+01:00 INFO : 2 points above threshold
2026-09-08T12:21:58.951+01:00 INFO : Filtering template 84/384 segment 5/5
2026-09-08T12:21:58.989+01:00 INFO : 1 points above threshold
2026-09-08T12:21:58.995+01:00 INFO : 84: generating IMRPhenomD from 30.0 Hz
2026-09-08T12:21:58.997+01:00 INFO : Decompressing waveform using inline_linear
2026-09-08T12:21:59.002+01:00 INFO : Filtering template 85/384 segment 1/5
2026-09-08T12:21:59.043+01:00 INFO : 1 points above threshold
2026-09-08T12:21:59.055+01:00 INFO : Filtering template 85/384 segment 2/5
2026-09-08T12:21:59.092+01:00 INFO : 2 points above threshold
2026-09-08T12:21:59.100+01:00 INFO : Filtering template 85/384 segment 3/5
2026-09-08T12:21:59.137+01:00 INFO : Filtering template 85/384 segment 4/5
2026-09-08T12:21:59.174+01:00 INFO : 1 points above threshold
2026-09-08T12:21:59.181+01:00 INFO : Filtering template 85/384 segment 5/5
2026-09-08T12:21:59.218+01:00 INFO : 2 points above threshold
2026-09-08T12:21:59.227+01:00 INFO : 85: generating IMRPhenomD from 30.0 Hz
2026-09-08T12:21:59.229+01:00 INFO : Decompressing waveform using inline_linear
2026-09-08T12:21:59.234+01:00 INFO : Filtering template 86/384 segment 1/5
2026-09-08T12:21:59.275+01:00 INFO : 3 points above threshold
2026-09-08T12:21:59.291+01:00 INFO : Filtering template 86/384 segment 2/5
2026-09-08T12:21:59.328+01:00 INFO : 2 points above threshold
2026-09-08T12:21:59.336+01:00 INFO : Filtering template 86/384 segment 3/5
2026-09-08T12:21:59.373+01:00 INFO : Filtering template 86/384 segment 4/5
2026-09-08T12:21:59.410+01:00 INFO : Filtering template 86/384 segment 5/5
2026-09-08T12:21:59.448+01:00 INFO : 86: generating IMRPhenomD from 30.0 Hz
2026-09-08T12:21:59.450+01:00 INFO : Decompressing waveform using inline_linear
2026-09-08T12:21:59.455+01:00 INFO : Filtering template 87/384 segment 1/5
2026-09-08T12:21:59.496+01:00 INFO : 3 points above threshold
2026-09-08T12:21:59.512+01:00 INFO : Filtering template 87/384 segment 2/5
2026-09-08T12:21:59.549+01:00 INFO : 2 points above threshold
2026-09-08T12:21:59.557+01:00 INFO : Filtering template 87/384 segment 3/5
2026-09-08T12:21:59.594+01:00 INFO : 2 points above threshold
2026-09-08T12:21:59.602+01:00 INFO : Filtering template 87/384 segment 4/5
2026-09-08T12:21:59.639+01:00 INFO : 4 points above threshold
2026-09-08T12:21:59.648+01:00 INFO : Filtering template 87/384 segment 5/5
2026-09-08T12:21:59.685+01:00 INFO : 1 points above threshold
2026-09-08T12:21:59.691+01:00 INFO : 87: generating IMRPhenomD from 30.0 Hz
2026-09-08T12:21:59.694+01:00 INFO : Decompressing waveform using inline_linear
2026-09-08T12:21:59.699+01:00 INFO : Filtering template 88/384 segment 1/5
2026-09-08T12:21:59.740+01:00 INFO : 1 points above threshold
2026-09-08T12:21:59.754+01:00 INFO : Filtering template 88/384 segment 2/5
2026-09-08T12:21:59.794+01:00 INFO : 2 points above threshold
2026-09-08T12:21:59.802+01:00 INFO : Filtering template 88/384 segment 3/5
2026-09-08T12:21:59.846+01:00 INFO : Filtering template 88/384 segment 4/5
2026-09-08T12:21:59.884+01:00 INFO : Filtering template 88/384 segment 5/5
2026-09-08T12:21:59.921+01:00 INFO : 88: generating IMRPhenomD from 30.0 Hz
2026-09-08T12:21:59.924+01:00 INFO : Decompressing waveform using inline_linear
2026-09-08T12:21:59.929+01:00 INFO : Filtering template 89/384 segment 1/5
2026-09-08T12:21:59.969+01:00 INFO : 5 points above threshold
2026-09-08T12:21:59.988+01:00 INFO : Filtering template 89/384 segment 2/5
2026-09-08T12:22:00.026+01:00 INFO : 1 points above threshold
2026-09-08T12:22:00.032+01:00 INFO : Filtering template 89/384 segment 3/5
2026-09-08T12:22:00.069+01:00 INFO : 1 points above threshold
2026-09-08T12:22:00.075+01:00 INFO : Filtering template 89/384 segment 4/5
2026-09-08T12:22:00.112+01:00 INFO : 2 points above threshold
2026-09-08T12:22:00.120+01:00 INFO : Filtering template 89/384 segment 5/5
2026-09-08T12:22:00.158+01:00 INFO : 89: generating IMRPhenomD from 30.0 Hz
2026-09-08T12:22:00.161+01:00 INFO : Decompressing waveform using inline_linear
2026-09-08T12:22:00.166+01:00 INFO : Filtering template 90/384 segment 1/5
2026-09-08T12:22:00.206+01:00 INFO : Filtering template 90/384 segment 2/5
2026-09-08T12:22:00.243+01:00 INFO : 1 points above threshold
2026-09-08T12:22:00.255+01:00 INFO : Filtering template 90/384 segment 3/5
2026-09-08T12:22:00.293+01:00 INFO : Filtering template 90/384 segment 4/5
2026-09-08T12:22:00.330+01:00 INFO : 1 points above threshold
2026-09-08T12:22:00.336+01:00 INFO : Filtering template 90/384 segment 5/5
2026-09-08T12:22:00.374+01:00 INFO : 90: generating IMRPhenomD from 30.0 Hz
2026-09-08T12:22:00.376+01:00 INFO : Decompressing waveform using inline_linear
2026-09-08T12:22:00.381+01:00 INFO : Filtering template 91/384 segment 1/5
2026-09-08T12:22:00.422+01:00 INFO : Filtering template 91/384 segment 2/5
2026-09-08T12:22:00.459+01:00 INFO : 1 points above threshold
2026-09-08T12:22:00.471+01:00 INFO : Filtering template 91/384 segment 3/5
2026-09-08T12:22:00.508+01:00 INFO : 2 points above threshold
2026-09-08T12:22:00.516+01:00 INFO : Filtering template 91/384 segment 4/5
2026-09-08T12:22:00.554+01:00 INFO : 2 points above threshold
2026-09-08T12:22:00.561+01:00 INFO : Filtering template 91/384 segment 5/5
2026-09-08T12:22:00.599+01:00 INFO : 91: generating IMRPhenomD from 30.0 Hz
2026-09-08T12:22:00.602+01:00 INFO : Decompressing waveform using inline_linear
2026-09-08T12:22:00.607+01:00 INFO : Filtering template 92/384 segment 1/5
2026-09-08T12:22:00.651+01:00 INFO : Filtering template 92/384 segment 2/5
2026-09-08T12:22:00.695+01:00 INFO : Filtering template 92/384 segment 3/5
2026-09-08T12:22:00.735+01:00 INFO : Filtering template 92/384 segment 4/5
2026-09-08T12:22:00.774+01:00 INFO : Filtering template 92/384 segment 5/5
2026-09-08T12:22:00.813+01:00 INFO : 92: generating IMRPhenomD from 30.0 Hz
2026-09-08T12:22:00.816+01:00 INFO : Decompressing waveform using inline_linear
2026-09-08T12:22:00.821+01:00 INFO : Filtering template 93/384 segment 1/5
2026-09-08T12:22:00.863+01:00 INFO : 2 points above threshold
2026-09-08T12:22:00.878+01:00 INFO : Filtering template 93/384 segment 2/5
2026-09-08T12:22:00.916+01:00 INFO : 2 points above threshold
2026-09-08T12:22:00.924+01:00 INFO : Filtering template 93/384 segment 3/5
2026-09-08T12:22:00.961+01:00 INFO : Filtering template 93/384 segment 4/5
2026-09-08T12:22:00.998+01:00 INFO : Filtering template 93/384 segment 5/5
2026-09-08T12:22:01.035+01:00 INFO : 1 points above threshold
2026-09-08T12:22:01.041+01:00 INFO : 93: generating IMRPhenomD from 30.0 Hz
2026-09-08T12:22:01.044+01:00 INFO : Decompressing waveform using inline_linear
2026-09-08T12:22:01.049+01:00 INFO : Filtering template 94/384 segment 1/5
2026-09-08T12:22:01.089+01:00 INFO : 2 points above threshold
2026-09-08T12:22:01.103+01:00 INFO : Filtering template 94/384 segment 2/5
2026-09-08T12:22:01.140+01:00 INFO : 3 points above threshold
2026-09-08T12:22:01.150+01:00 INFO : Filtering template 94/384 segment 3/5
2026-09-08T12:22:01.187+01:00 INFO : 1 points above threshold
2026-09-08T12:22:01.193+01:00 INFO : Filtering template 94/384 segment 4/5
2026-09-08T12:22:01.230+01:00 INFO : 1 points above threshold
2026-09-08T12:22:01.236+01:00 INFO : Filtering template 94/384 segment 5/5
2026-09-08T12:22:01.273+01:00 INFO : 1 points above threshold
2026-09-08T12:22:01.279+01:00 INFO : 94: generating IMRPhenomD from 30.0 Hz
2026-09-08T12:22:01.282+01:00 INFO : Decompressing waveform using inline_linear
2026-09-08T12:22:01.287+01:00 INFO : Filtering template 95/384 segment 1/5
2026-09-08T12:22:01.327+01:00 INFO : 4 points above threshold
2026-09-08T12:22:01.343+01:00 INFO : Filtering template 95/384 segment 2/5
2026-09-08T12:22:01.380+01:00 INFO : 1 points above threshold
2026-09-08T12:22:01.385+01:00 INFO : Filtering template 95/384 segment 3/5
2026-09-08T12:22:01.423+01:00 INFO : Filtering template 95/384 segment 4/5
2026-09-08T12:22:01.460+01:00 INFO : Filtering template 95/384 segment 5/5
2026-09-08T12:22:01.497+01:00 INFO : 1 points above threshold
2026-09-08T12:22:01.503+01:00 INFO : 95: generating IMRPhenomD from 30.0 Hz
2026-09-08T12:22:01.506+01:00 INFO : Decompressing waveform using inline_linear
2026-09-08T12:22:01.511+01:00 INFO : Filtering template 96/384 segment 1/5
2026-09-08T12:22:01.551+01:00 INFO : Filtering template 96/384 segment 2/5
2026-09-08T12:22:01.588+01:00 INFO : Filtering template 96/384 segment 3/5
2026-09-08T12:22:01.625+01:00 INFO : Filtering template 96/384 segment 4/5
2026-09-08T12:22:01.662+01:00 INFO : Filtering template 96/384 segment 5/5
2026-09-08T12:22:01.699+01:00 INFO : 96: generating IMRPhenomD from 30.0 Hz
2026-09-08T12:22:01.701+01:00 INFO : Decompressing waveform using inline_linear
2026-09-08T12:22:01.706+01:00 INFO : Filtering template 97/384 segment 1/5
2026-09-08T12:22:01.746+01:00 INFO : 2 points above threshold
2026-09-08T12:22:01.760+01:00 INFO : Filtering template 97/384 segment 2/5
2026-09-08T12:22:01.798+01:00 INFO : Filtering template 97/384 segment 3/5
2026-09-08T12:22:01.834+01:00 INFO : Filtering template 97/384 segment 4/5
2026-09-08T12:22:01.871+01:00 INFO : 1 points above threshold
2026-09-08T12:22:01.877+01:00 INFO : Filtering template 97/384 segment 5/5
2026-09-08T12:22:01.915+01:00 INFO : 97: generating IMRPhenomD from 30.0 Hz
2026-09-08T12:22:01.918+01:00 INFO : Decompressing waveform using inline_linear
2026-09-08T12:22:01.923+01:00 INFO : Filtering template 98/384 segment 1/5
2026-09-08T12:22:01.963+01:00 INFO : 1 points above threshold
2026-09-08T12:22:01.979+01:00 INFO : Filtering template 98/384 segment 2/5
2026-09-08T12:22:02.016+01:00 INFO : 1 points above threshold
2026-09-08T12:22:02.022+01:00 INFO : Filtering template 98/384 segment 3/5
2026-09-08T12:22:02.059+01:00 INFO : 4 points above threshold
2026-09-08T12:22:02.068+01:00 INFO : Filtering template 98/384 segment 4/5
2026-09-08T12:22:02.105+01:00 INFO : 1 points above threshold
2026-09-08T12:22:02.111+01:00 INFO : Filtering template 98/384 segment 5/5
2026-09-08T12:22:02.148+01:00 INFO : 98: generating IMRPhenomD from 30.0 Hz
2026-09-08T12:22:02.150+01:00 INFO : Decompressing waveform using inline_linear
2026-09-08T12:22:02.155+01:00 INFO : Filtering template 99/384 segment 1/5
2026-09-08T12:22:02.196+01:00 INFO : 2 points above threshold
2026-09-08T12:22:02.213+01:00 INFO : Filtering template 99/384 segment 2/5
2026-09-08T12:22:02.250+01:00 INFO : 2 points above threshold
2026-09-08T12:22:02.257+01:00 INFO : Filtering template 99/384 segment 3/5
2026-09-08T12:22:02.294+01:00 INFO : 2 points above threshold
2026-09-08T12:22:02.302+01:00 INFO : Filtering template 99/384 segment 4/5
2026-09-08T12:22:02.339+01:00 INFO : 2 points above threshold
2026-09-08T12:22:02.347+01:00 INFO : Filtering template 99/384 segment 5/5
2026-09-08T12:22:02.384+01:00 INFO : 1 points above threshold
2026-09-08T12:22:02.391+01:00 INFO : 99: generating IMRPhenomD from 30.0 Hz
2026-09-08T12:22:02.393+01:00 INFO : Decompressing waveform using inline_linear
2026-09-08T12:22:02.398+01:00 INFO : Filtering template 100/384 segment 1/5
2026-09-08T12:22:02.438+01:00 INFO : 1 points above threshold
2026-09-08T12:22:02.453+01:00 INFO : Filtering template 100/384 segment 2/5
2026-09-08T12:22:02.490+01:00 INFO : 2 points above threshold
2026-09-08T12:22:02.498+01:00 INFO : Filtering template 100/384 segment 3/5
2026-09-08T12:22:02.535+01:00 INFO : Filtering template 100/384 segment 4/5
2026-09-08T12:22:02.572+01:00 INFO : Filtering template 100/384 segment 5/5
2026-09-08T12:22:02.609+01:00 INFO : 100: generating IMRPhenomD from 30.0 Hz
2026-09-08T12:22:02.612+01:00 INFO : Decompressing waveform using inline_linear
2026-09-08T12:22:02.617+01:00 INFO : Filtering template 101/384 segment 1/5
2026-09-08T12:22:02.657+01:00 INFO : Filtering template 101/384 segment 2/5
2026-09-08T12:22:02.694+01:00 INFO : 1 points above threshold
2026-09-08T12:22:02.709+01:00 INFO : Filtering template 101/384 segment 3/5
2026-09-08T12:22:02.746+01:00 INFO : Filtering template 101/384 segment 4/5
2026-09-08T12:22:02.783+01:00 INFO : 1 points above threshold
2026-09-08T12:22:02.789+01:00 INFO : Filtering template 101/384 segment 5/5
2026-09-08T12:22:02.827+01:00 INFO : 101: generating IMRPhenomD from 30.0 Hz
2026-09-08T12:22:02.829+01:00 INFO : Decompressing waveform using inline_linear
2026-09-08T12:22:02.834+01:00 INFO : Filtering template 102/384 segment 1/5
2026-09-08T12:22:02.875+01:00 INFO : 2 points above threshold
2026-09-08T12:22:02.891+01:00 INFO : Filtering template 102/384 segment 2/5
2026-09-08T12:22:02.928+01:00 INFO : 1 points above threshold
2026-09-08T12:22:02.934+01:00 INFO : Filtering template 102/384 segment 3/5
2026-09-08T12:22:02.972+01:00 INFO : Filtering template 102/384 segment 4/5
2026-09-08T12:22:03.009+01:00 INFO : 2 points above threshold
2026-09-08T12:22:03.016+01:00 INFO : Filtering template 102/384 segment 5/5
2026-09-08T12:22:03.053+01:00 INFO : 1 points above threshold
2026-09-08T12:22:03.060+01:00 INFO : 102: generating IMRPhenomD from 30.0 Hz
2026-09-08T12:22:03.062+01:00 INFO : Decompressing waveform using inline_linear
2026-09-08T12:22:03.067+01:00 INFO : Filtering template 103/384 segment 1/5
2026-09-08T12:22:03.108+01:00 INFO : Filtering template 103/384 segment 2/5
2026-09-08T12:22:03.145+01:00 INFO : 1 points above threshold
2026-09-08T12:22:03.160+01:00 INFO : Filtering template 103/384 segment 3/5
2026-09-08T12:22:03.197+01:00 INFO : 2 points above threshold
2026-09-08T12:22:03.205+01:00 INFO : Filtering template 103/384 segment 4/5
2026-09-08T12:22:03.242+01:00 INFO : Filtering template 103/384 segment 5/5
2026-09-08T12:22:03.279+01:00 INFO : 103: generating IMRPhenomD from 30.0 Hz
2026-09-08T12:22:03.282+01:00 INFO : Decompressing waveform using inline_linear
2026-09-08T12:22:03.287+01:00 INFO : Filtering template 104/384 segment 1/5
2026-09-08T12:22:03.327+01:00 INFO : 1 points above threshold
2026-09-08T12:22:03.340+01:00 INFO : Filtering template 104/384 segment 2/5
2026-09-08T12:22:03.377+01:00 INFO : Filtering template 104/384 segment 3/5
2026-09-08T12:22:03.415+01:00 INFO : 2 points above threshold
2026-09-08T12:22:03.423+01:00 INFO : Filtering template 104/384 segment 4/5
2026-09-08T12:22:03.460+01:00 INFO : 1 points above threshold
2026-09-08T12:22:03.466+01:00 INFO : Filtering template 104/384 segment 5/5
2026-09-08T12:22:03.503+01:00 INFO : 104: generating IMRPhenomD from 30.0 Hz
2026-09-08T12:22:03.506+01:00 INFO : Decompressing waveform using inline_linear
2026-09-08T12:22:03.511+01:00 INFO : Filtering template 105/384 segment 1/5
2026-09-08T12:22:03.551+01:00 INFO : Filtering template 105/384 segment 2/5
2026-09-08T12:22:03.588+01:00 INFO : 2 points above threshold
2026-09-08T12:22:03.602+01:00 INFO : Filtering template 105/384 segment 3/5
2026-09-08T12:22:03.639+01:00 INFO : 1 points above threshold
2026-09-08T12:22:03.646+01:00 INFO : Filtering template 105/384 segment 4/5
2026-09-08T12:22:03.683+01:00 INFO : 7 points above threshold
2026-09-08T12:22:03.700+01:00 INFO : Filtering template 105/384 segment 5/5
2026-09-08T12:22:03.737+01:00 INFO : 105: generating IMRPhenomD from 30.0 Hz
2026-09-08T12:22:03.739+01:00 INFO : Decompressing waveform using inline_linear
2026-09-08T12:22:03.744+01:00 INFO : Filtering template 106/384 segment 1/5
2026-09-08T12:22:03.785+01:00 INFO : 2 points above threshold
2026-09-08T12:22:03.800+01:00 INFO : Filtering template 106/384 segment 2/5
2026-09-08T12:22:03.837+01:00 INFO : Filtering template 106/384 segment 3/5
2026-09-08T12:22:03.874+01:00 INFO : 1 points above threshold
2026-09-08T12:22:03.880+01:00 INFO : Filtering template 106/384 segment 4/5
2026-09-08T12:22:03.917+01:00 INFO : 1 points above threshold
2026-09-08T12:22:03.923+01:00 INFO : Filtering template 106/384 segment 5/5
2026-09-08T12:22:03.960+01:00 INFO : 1 points above threshold
2026-09-08T12:22:03.966+01:00 INFO : 106: generating IMRPhenomD from 30.0 Hz
2026-09-08T12:22:03.969+01:00 INFO : Decompressing waveform using inline_linear
2026-09-08T12:22:03.974+01:00 INFO : Filtering template 107/384 segment 1/5
2026-09-08T12:22:04.014+01:00 INFO : 2 points above threshold
2026-09-08T12:22:04.028+01:00 INFO : Filtering template 107/384 segment 2/5
2026-09-08T12:22:04.065+01:00 INFO : 1 points above threshold
2026-09-08T12:22:04.071+01:00 INFO : Filtering template 107/384 segment 3/5
2026-09-08T12:22:04.108+01:00 INFO : Filtering template 107/384 segment 4/5
2026-09-08T12:22:04.145+01:00 INFO : Filtering template 107/384 segment 5/5
2026-09-08T12:22:04.182+01:00 INFO : 107: generating IMRPhenomD from 30.0 Hz
2026-09-08T12:22:04.185+01:00 INFO : Decompressing waveform using inline_linear
2026-09-08T12:22:04.190+01:00 INFO : Filtering template 108/384 segment 1/5
2026-09-08T12:22:04.230+01:00 INFO : 1 points above threshold
2026-09-08T12:22:04.242+01:00 INFO : Filtering template 108/384 segment 2/5
2026-09-08T12:22:04.279+01:00 INFO : 1 points above threshold
2026-09-08T12:22:04.285+01:00 INFO : Filtering template 108/384 segment 3/5
2026-09-08T12:22:04.323+01:00 INFO : Filtering template 108/384 segment 4/5
2026-09-08T12:22:04.360+01:00 INFO : 4 points above threshold
2026-09-08T12:22:04.369+01:00 INFO : Filtering template 108/384 segment 5/5
2026-09-08T12:22:04.406+01:00 INFO : 108: generating IMRPhenomD from 30.0 Hz
2026-09-08T12:22:04.409+01:00 INFO : Decompressing waveform using inline_linear
2026-09-08T12:22:04.414+01:00 INFO : Filtering template 109/384 segment 1/5
2026-09-08T12:22:04.454+01:00 INFO : 2 points above threshold
2026-09-08T12:22:04.468+01:00 INFO : Filtering template 109/384 segment 2/5
2026-09-08T12:22:04.506+01:00 INFO : Filtering template 109/384 segment 3/5
2026-09-08T12:22:04.543+01:00 INFO : Filtering template 109/384 segment 4/5
2026-09-08T12:22:04.580+01:00 INFO : Filtering template 109/384 segment 5/5
2026-09-08T12:22:04.617+01:00 INFO : 3 points above threshold
2026-09-08T12:22:04.627+01:00 INFO : 109: generating IMRPhenomD from 30.0 Hz
2026-09-08T12:22:04.629+01:00 INFO : Decompressing waveform using inline_linear
2026-09-08T12:22:04.634+01:00 INFO : Filtering template 110/384 segment 1/5
2026-09-08T12:22:04.675+01:00 INFO : 1 points above threshold
2026-09-08T12:22:04.687+01:00 INFO : Filtering template 110/384 segment 2/5
2026-09-08T12:22:04.724+01:00 INFO : Filtering template 110/384 segment 3/5
2026-09-08T12:22:04.761+01:00 INFO : 1 points above threshold
2026-09-08T12:22:04.767+01:00 INFO : Filtering template 110/384 segment 4/5
2026-09-08T12:22:04.804+01:00 INFO : 2 points above threshold
2026-09-08T12:22:04.812+01:00 INFO : Filtering template 110/384 segment 5/5
2026-09-08T12:22:04.850+01:00 INFO : 110: generating IMRPhenomD from 30.0 Hz
2026-09-08T12:22:04.852+01:00 INFO : Decompressing waveform using inline_linear
2026-09-08T12:22:04.857+01:00 INFO : Filtering template 111/384 segment 1/5
2026-09-08T12:22:04.903+01:00 INFO : Filtering template 111/384 segment 2/5
2026-09-08T12:22:04.942+01:00 INFO : 1 points above threshold
2026-09-08T12:22:04.955+01:00 INFO : Filtering template 111/384 segment 3/5
2026-09-08T12:22:04.992+01:00 INFO : 1 points above threshold
2026-09-08T12:22:04.998+01:00 INFO : Filtering template 111/384 segment 4/5
2026-09-08T12:22:05.035+01:00 INFO : Filtering template 111/384 segment 5/5
2026-09-08T12:22:05.072+01:00 INFO : 111: generating IMRPhenomD from 30.0 Hz
2026-09-08T12:22:05.075+01:00 INFO : Decompressing waveform using inline_linear
2026-09-08T12:22:05.080+01:00 INFO : Filtering template 112/384 segment 1/5
2026-09-08T12:22:05.120+01:00 INFO : 4 points above threshold
2026-09-08T12:22:05.136+01:00 INFO : Filtering template 112/384 segment 2/5
2026-09-08T12:22:05.173+01:00 INFO : Filtering template 112/384 segment 3/5
2026-09-08T12:22:05.210+01:00 INFO : 1 points above threshold
2026-09-08T12:22:05.216+01:00 INFO : Filtering template 112/384 segment 4/5
2026-09-08T12:22:05.253+01:00 INFO : 2 points above threshold
2026-09-08T12:22:05.261+01:00 INFO : Filtering template 112/384 segment 5/5
2026-09-08T12:22:05.298+01:00 INFO : 2 points above threshold
2026-09-08T12:22:05.306+01:00 INFO : 112: generating IMRPhenomD from 30.0 Hz
2026-09-08T12:22:05.309+01:00 INFO : Decompressing waveform using inline_linear
2026-09-08T12:22:05.314+01:00 INFO : Filtering template 113/384 segment 1/5
2026-09-08T12:22:05.354+01:00 INFO : 2 points above threshold
2026-09-08T12:22:05.368+01:00 INFO : Filtering template 113/384 segment 2/5
2026-09-08T12:22:05.405+01:00 INFO : 3 points above threshold
2026-09-08T12:22:05.415+01:00 INFO : Filtering template 113/384 segment 3/5
2026-09-08T12:22:05.452+01:00 INFO : Filtering template 113/384 segment 4/5
2026-09-08T12:22:05.489+01:00 INFO : Filtering template 113/384 segment 5/5
2026-09-08T12:22:05.526+01:00 INFO : 113: generating IMRPhenomD from 30.0 Hz
2026-09-08T12:22:05.529+01:00 INFO : Decompressing waveform using inline_linear
2026-09-08T12:22:05.534+01:00 INFO : Filtering template 114/384 segment 1/5
2026-09-08T12:22:05.574+01:00 INFO : 1 points above threshold
2026-09-08T12:22:05.589+01:00 INFO : Filtering template 114/384 segment 2/5
2026-09-08T12:22:05.626+01:00 INFO : Filtering template 114/384 segment 3/5
2026-09-08T12:22:05.663+01:00 INFO : 1 points above threshold
2026-09-08T12:22:05.669+01:00 INFO : Filtering template 114/384 segment 4/5
2026-09-08T12:22:05.706+01:00 INFO : 1 points above threshold
2026-09-08T12:22:05.712+01:00 INFO : Filtering template 114/384 segment 5/5
2026-09-08T12:22:05.750+01:00 INFO : 1 points above threshold
2026-09-08T12:22:05.756+01:00 INFO : 114: generating IMRPhenomD from 30.0 Hz
2026-09-08T12:22:05.758+01:00 INFO : Decompressing waveform using inline_linear
2026-09-08T12:22:05.763+01:00 INFO : Filtering template 115/384 segment 1/5
2026-09-08T12:22:05.804+01:00 INFO : 4 points above threshold
2026-09-08T12:22:05.819+01:00 INFO : Filtering template 115/384 segment 2/5
2026-09-08T12:22:05.856+01:00 INFO : 1 points above threshold
2026-09-08T12:22:05.862+01:00 INFO : Filtering template 115/384 segment 3/5
2026-09-08T12:22:05.900+01:00 INFO : Filtering template 115/384 segment 4/5
2026-09-08T12:22:05.937+01:00 INFO : 2 points above threshold
2026-09-08T12:22:05.945+01:00 INFO : Filtering template 115/384 segment 5/5
2026-09-08T12:22:05.982+01:00 INFO : 115: generating IMRPhenomD from 30.0 Hz
2026-09-08T12:22:05.985+01:00 INFO : Decompressing waveform using inline_linear
2026-09-08T12:22:05.990+01:00 INFO : Filtering template 116/384 segment 1/5
2026-09-08T12:22:06.030+01:00 INFO : Filtering template 116/384 segment 2/5
2026-09-08T12:22:06.068+01:00 INFO : 2 points above threshold
2026-09-08T12:22:06.082+01:00 INFO : Filtering template 116/384 segment 3/5
2026-09-08T12:22:06.119+01:00 INFO : 1 points above threshold
2026-09-08T12:22:06.125+01:00 INFO : Filtering template 116/384 segment 4/5
2026-09-08T12:22:06.162+01:00 INFO : 2 points above threshold
2026-09-08T12:22:06.169+01:00 INFO : Filtering template 116/384 segment 5/5
2026-09-08T12:22:06.206+01:00 INFO : 1 points above threshold
2026-09-08T12:22:06.213+01:00 INFO : 116: generating IMRPhenomD from 30.0 Hz
2026-09-08T12:22:06.215+01:00 INFO : Decompressing waveform using inline_linear
2026-09-08T12:22:06.220+01:00 INFO : Filtering template 117/384 segment 1/5
2026-09-08T12:22:06.261+01:00 INFO : Filtering template 117/384 segment 2/5
2026-09-08T12:22:06.298+01:00 INFO : Filtering template 117/384 segment 3/5
2026-09-08T12:22:06.335+01:00 INFO : 3 points above threshold
2026-09-08T12:22:06.351+01:00 INFO : Filtering template 117/384 segment 4/5
2026-09-08T12:22:06.388+01:00 INFO : 2 points above threshold
2026-09-08T12:22:06.396+01:00 INFO : Filtering template 117/384 segment 5/5
2026-09-08T12:22:06.432+01:00 INFO : 1 points above threshold
2026-09-08T12:22:06.439+01:00 INFO : 117: generating IMRPhenomD from 30.0 Hz
2026-09-08T12:22:06.441+01:00 INFO : Decompressing waveform using inline_linear
2026-09-08T12:22:06.446+01:00 INFO : Filtering template 118/384 segment 1/5
2026-09-08T12:22:06.486+01:00 INFO : 1 points above threshold
2026-09-08T12:22:06.499+01:00 INFO : Filtering template 118/384 segment 2/5
2026-09-08T12:22:06.536+01:00 INFO : Filtering template 118/384 segment 3/5
2026-09-08T12:22:06.573+01:00 INFO : 3 points above threshold
2026-09-08T12:22:06.583+01:00 INFO : Filtering template 118/384 segment 4/5
2026-09-08T12:22:06.620+01:00 INFO : 2 points above threshold
2026-09-08T12:22:06.628+01:00 INFO : Filtering template 118/384 segment 5/5
2026-09-08T12:22:06.665+01:00 INFO : 3 points above threshold
2026-09-08T12:22:06.675+01:00 INFO : 118: generating IMRPhenomD from 30.0 Hz
2026-09-08T12:22:06.678+01:00 INFO : Decompressing waveform using inline_linear
2026-09-08T12:22:06.683+01:00 INFO : Filtering template 119/384 segment 1/5
2026-09-08T12:22:06.723+01:00 INFO : 1 points above threshold
2026-09-08T12:22:06.735+01:00 INFO : Filtering template 119/384 segment 2/5
2026-09-08T12:22:06.772+01:00 INFO : Filtering template 119/384 segment 3/5
2026-09-08T12:22:06.809+01:00 INFO : Filtering template 119/384 segment 4/5
2026-09-08T12:22:06.847+01:00 INFO : 3 points above threshold
2026-09-08T12:22:06.856+01:00 INFO : Filtering template 119/384 segment 5/5
2026-09-08T12:22:06.894+01:00 INFO : 1 points above threshold
2026-09-08T12:22:06.900+01:00 INFO : 119: generating IMRPhenomD from 30.0 Hz
2026-09-08T12:22:06.902+01:00 INFO : Decompressing waveform using inline_linear
2026-09-08T12:22:06.907+01:00 INFO : Filtering template 120/384 segment 1/5
2026-09-08T12:22:06.948+01:00 INFO : Filtering template 120/384 segment 2/5
2026-09-08T12:22:06.985+01:00 INFO : 1 points above threshold
2026-09-08T12:22:06.999+01:00 INFO : Filtering template 120/384 segment 3/5
2026-09-08T12:22:07.037+01:00 INFO : 1 points above threshold
2026-09-08T12:22:07.043+01:00 INFO : Filtering template 120/384 segment 4/5
2026-09-08T12:22:07.082+01:00 INFO : Filtering template 120/384 segment 5/5
2026-09-08T12:22:07.123+01:00 INFO : 120: generating IMRPhenomD from 30.0 Hz
2026-09-08T12:22:07.126+01:00 INFO : Decompressing waveform using inline_linear
2026-09-08T12:22:07.131+01:00 INFO : Filtering template 121/384 segment 1/5
2026-09-08T12:22:07.173+01:00 INFO : 4 points above threshold
2026-09-08T12:22:07.188+01:00 INFO : Filtering template 121/384 segment 2/5
2026-09-08T12:22:07.227+01:00 INFO : 2 points above threshold
2026-09-08T12:22:07.234+01:00 INFO : Filtering template 121/384 segment 3/5
2026-09-08T12:22:07.272+01:00 INFO : Filtering template 121/384 segment 4/5
2026-09-08T12:22:07.309+01:00 INFO : Filtering template 121/384 segment 5/5
2026-09-08T12:22:07.346+01:00 INFO : 121: generating IMRPhenomD from 30.0 Hz
2026-09-08T12:22:07.349+01:00 INFO : Decompressing waveform using inline_linear
2026-09-08T12:22:07.354+01:00 INFO : Filtering template 122/384 segment 1/5
2026-09-08T12:22:07.394+01:00 INFO : 1 points above threshold
2026-09-08T12:22:07.407+01:00 INFO : Filtering template 122/384 segment 2/5
2026-09-08T12:22:07.445+01:00 INFO : 1 points above threshold
2026-09-08T12:22:07.451+01:00 INFO : Filtering template 122/384 segment 3/5
2026-09-08T12:22:07.489+01:00 INFO : Filtering template 122/384 segment 4/5
2026-09-08T12:22:07.526+01:00 INFO : 1 points above threshold
2026-09-08T12:22:07.533+01:00 INFO : Filtering template 122/384 segment 5/5
2026-09-08T12:22:07.570+01:00 INFO : 1 points above threshold
2026-09-08T12:22:07.577+01:00 INFO : 122: generating IMRPhenomD from 30.0 Hz
2026-09-08T12:22:07.579+01:00 INFO : Decompressing waveform using inline_linear
2026-09-08T12:22:07.584+01:00 INFO : Filtering template 123/384 segment 1/5
2026-09-08T12:22:07.626+01:00 INFO : 5 points above threshold
2026-09-08T12:22:07.645+01:00 INFO : Filtering template 123/384 segment 2/5
2026-09-08T12:22:07.683+01:00 INFO : 4 points above threshold
2026-09-08T12:22:07.693+01:00 INFO : Filtering template 123/384 segment 3/5
2026-09-08T12:22:07.730+01:00 INFO : 2 points above threshold
2026-09-08T12:22:07.738+01:00 INFO : Filtering template 123/384 segment 4/5
2026-09-08T12:22:07.774+01:00 INFO : Filtering template 123/384 segment 5/5
2026-09-08T12:22:07.811+01:00 INFO : 1 points above threshold
2026-09-08T12:22:07.818+01:00 INFO : 123: generating IMRPhenomD from 30.0 Hz
2026-09-08T12:22:07.820+01:00 INFO : Decompressing waveform using inline_linear
2026-09-08T12:22:07.825+01:00 INFO : Filtering template 124/384 segment 1/5
2026-09-08T12:22:07.866+01:00 INFO : 4 points above threshold
2026-09-08T12:22:07.881+01:00 INFO : Filtering template 124/384 segment 2/5
2026-09-08T12:22:07.919+01:00 INFO : 2 points above threshold
2026-09-08T12:22:07.927+01:00 INFO : Filtering template 124/384 segment 3/5
2026-09-08T12:22:07.967+01:00 INFO : 1 points above threshold
2026-09-08T12:22:07.976+01:00 INFO : Filtering template 124/384 segment 4/5
2026-09-08T12:22:08.013+01:00 INFO : 1 points above threshold
2026-09-08T12:22:08.019+01:00 INFO : Filtering template 124/384 segment 5/5
2026-09-08T12:22:08.056+01:00 INFO : 2 points above threshold
2026-09-08T12:22:08.064+01:00 INFO : 124: generating IMRPhenomD from 30.0 Hz
2026-09-08T12:22:08.066+01:00 INFO : Decompressing waveform using inline_linear
2026-09-08T12:22:08.071+01:00 INFO : Filtering template 125/384 segment 1/5
2026-09-08T12:22:08.112+01:00 INFO : 3 points above threshold
2026-09-08T12:22:08.128+01:00 INFO : Filtering template 125/384 segment 2/5
2026-09-08T12:22:08.165+01:00 INFO : Filtering template 125/384 segment 3/5
2026-09-08T12:22:08.202+01:00 INFO : 1 points above threshold
2026-09-08T12:22:08.208+01:00 INFO : Filtering template 125/384 segment 4/5
2026-09-08T12:22:08.245+01:00 INFO : 2 points above threshold
2026-09-08T12:22:08.253+01:00 INFO : Filtering template 125/384 segment 5/5
2026-09-08T12:22:08.291+01:00 INFO : 125: generating IMRPhenomD from 30.0 Hz
2026-09-08T12:22:08.293+01:00 INFO : Decompressing waveform using inline_linear
2026-09-08T12:22:08.298+01:00 INFO : Filtering template 126/384 segment 1/5
2026-09-08T12:22:08.339+01:00 INFO : 1 points above threshold
2026-09-08T12:22:08.351+01:00 INFO : Filtering template 126/384 segment 2/5
2026-09-08T12:22:08.388+01:00 INFO : Filtering template 126/384 segment 3/5
2026-09-08T12:22:08.426+01:00 INFO : 2 points above threshold
2026-09-08T12:22:08.433+01:00 INFO : Filtering template 126/384 segment 4/5
2026-09-08T12:22:08.471+01:00 INFO : Filtering template 126/384 segment 5/5
2026-09-08T12:22:08.508+01:00 INFO : 126: generating IMRPhenomD from 30.0 Hz
2026-09-08T12:22:08.511+01:00 INFO : Decompressing waveform using inline_linear
2026-09-08T12:22:08.516+01:00 INFO : Filtering template 127/384 segment 1/5
2026-09-08T12:22:08.556+01:00 INFO : 1 points above threshold
2026-09-08T12:22:08.568+01:00 INFO : Filtering template 127/384 segment 2/5
2026-09-08T12:22:08.605+01:00 INFO : 2 points above threshold
2026-09-08T12:22:08.613+01:00 INFO : Filtering template 127/384 segment 3/5
2026-09-08T12:22:08.650+01:00 INFO : 2 points above threshold
2026-09-08T12:22:08.658+01:00 INFO : Filtering template 127/384 segment 4/5
2026-09-08T12:22:08.695+01:00 INFO : 1 points above threshold
2026-09-08T12:22:08.701+01:00 INFO : Filtering template 127/384 segment 5/5
2026-09-08T12:22:08.738+01:00 INFO : 127: generating IMRPhenomD from 30.0 Hz
2026-09-08T12:22:08.741+01:00 INFO : Decompressing waveform using inline_linear
2026-09-08T12:22:08.746+01:00 INFO : Filtering template 128/384 segment 1/5
2026-09-08T12:22:08.787+01:00 INFO : 1 points above threshold
2026-09-08T12:22:08.799+01:00 INFO : Filtering template 128/384 segment 2/5
2026-09-08T12:22:08.836+01:00 INFO : 3 points above threshold
2026-09-08T12:22:08.846+01:00 INFO : Filtering template 128/384 segment 3/5
2026-09-08T12:22:08.883+01:00 INFO : 2 points above threshold
2026-09-08T12:22:08.891+01:00 INFO : Filtering template 128/384 segment 4/5
2026-09-08T12:22:08.929+01:00 INFO : Filtering template 128/384 segment 5/5
2026-09-08T12:22:08.966+01:00 INFO : 2 points above threshold
2026-09-08T12:22:08.974+01:00 INFO : 128: generating IMRPhenomD from 30.0 Hz
2026-09-08T12:22:08.976+01:00 INFO : Decompressing waveform using inline_linear
2026-09-08T12:22:08.981+01:00 INFO : Filtering template 129/384 segment 1/5
2026-09-08T12:22:09.022+01:00 INFO : 1 points above threshold
2026-09-08T12:22:09.034+01:00 INFO : Filtering template 129/384 segment 2/5
2026-09-08T12:22:09.071+01:00 INFO : Filtering template 129/384 segment 3/5
2026-09-08T12:22:09.108+01:00 INFO : 2 points above threshold
2026-09-08T12:22:09.116+01:00 INFO : Filtering template 129/384 segment 4/5
2026-09-08T12:22:09.153+01:00 INFO : Filtering template 129/384 segment 5/5
2026-09-08T12:22:09.190+01:00 INFO : 1 points above threshold
2026-09-08T12:22:09.196+01:00 INFO : 129: generating IMRPhenomD from 30.0 Hz
2026-09-08T12:22:09.199+01:00 INFO : Decompressing waveform using inline_linear
2026-09-08T12:22:09.204+01:00 INFO : Filtering template 130/384 segment 1/5
2026-09-08T12:22:09.244+01:00 INFO : 1 points above threshold
2026-09-08T12:22:09.256+01:00 INFO : Filtering template 130/384 segment 2/5
2026-09-08T12:22:09.293+01:00 INFO : 2 points above threshold
2026-09-08T12:22:09.301+01:00 INFO : Filtering template 130/384 segment 3/5
2026-09-08T12:22:09.338+01:00 INFO : 1 points above threshold
2026-09-08T12:22:09.344+01:00 INFO : Filtering template 130/384 segment 4/5
2026-09-08T12:22:09.381+01:00 INFO : 1 points above threshold
2026-09-08T12:22:09.387+01:00 INFO : Filtering template 130/384 segment 5/5
2026-09-08T12:22:09.425+01:00 INFO : 1 points above threshold
2026-09-08T12:22:09.431+01:00 INFO : 130: generating IMRPhenomD from 30.0 Hz
2026-09-08T12:22:09.433+01:00 INFO : Decompressing waveform using inline_linear
2026-09-08T12:22:09.438+01:00 INFO : Filtering template 131/384 segment 1/5
2026-09-08T12:22:09.479+01:00 INFO : 1 points above threshold
2026-09-08T12:22:09.491+01:00 INFO : Filtering template 131/384 segment 2/5
2026-09-08T12:22:09.528+01:00 INFO : 2 points above threshold
2026-09-08T12:22:09.536+01:00 INFO : Filtering template 131/384 segment 3/5
2026-09-08T12:22:09.573+01:00 INFO : Filtering template 131/384 segment 4/5
2026-09-08T12:22:09.610+01:00 INFO : 2 points above threshold
2026-09-08T12:22:09.618+01:00 INFO : Filtering template 131/384 segment 5/5
2026-09-08T12:22:09.655+01:00 INFO : 131: generating IMRPhenomD from 30.0 Hz
2026-09-08T12:22:09.658+01:00 INFO : Decompressing waveform using inline_linear
2026-09-08T12:22:09.663+01:00 INFO : Filtering template 132/384 segment 1/5
2026-09-08T12:22:09.703+01:00 INFO : 1 points above threshold
2026-09-08T12:22:09.715+01:00 INFO : Filtering template 132/384 segment 2/5
2026-09-08T12:22:09.752+01:00 INFO : Filtering template 132/384 segment 3/5
2026-09-08T12:22:09.789+01:00 INFO : Filtering template 132/384 segment 4/5
2026-09-08T12:22:09.826+01:00 INFO : 1 points above threshold
2026-09-08T12:22:09.832+01:00 INFO : Filtering template 132/384 segment 5/5
2026-09-08T12:22:09.869+01:00 INFO : 1 points above threshold
2026-09-08T12:22:09.875+01:00 INFO : 132: generating IMRPhenomD from 30.0 Hz
2026-09-08T12:22:09.878+01:00 INFO : Decompressing waveform using inline_linear
2026-09-08T12:22:09.883+01:00 INFO : Filtering template 133/384 segment 1/5
2026-09-08T12:22:09.923+01:00 INFO : 2 points above threshold
2026-09-08T12:22:09.937+01:00 INFO : Filtering template 133/384 segment 2/5
2026-09-08T12:22:09.975+01:00 INFO : Filtering template 133/384 segment 3/5
2026-09-08T12:22:10.017+01:00 INFO : 4 points above threshold
2026-09-08T12:22:10.027+01:00 INFO : Filtering template 133/384 segment 4/5
2026-09-08T12:22:10.066+01:00 INFO : 1 points above threshold
2026-09-08T12:22:10.072+01:00 INFO : Filtering template 133/384 segment 5/5
2026-09-08T12:22:10.109+01:00 INFO : 1 points above threshold
2026-09-08T12:22:10.115+01:00 INFO : 133: generating IMRPhenomD from 30.0 Hz
2026-09-08T12:22:10.118+01:00 INFO : Decompressing waveform using inline_linear
2026-09-08T12:22:10.123+01:00 INFO : Filtering template 134/384 segment 1/5
2026-09-08T12:22:10.163+01:00 INFO : 1 points above threshold
2026-09-08T12:22:10.175+01:00 INFO : Filtering template 134/384 segment 2/5
2026-09-08T12:22:10.212+01:00 INFO : Filtering template 134/384 segment 3/5
2026-09-08T12:22:10.249+01:00 INFO : 1 points above threshold
2026-09-08T12:22:10.255+01:00 INFO : Filtering template 134/384 segment 4/5
2026-09-08T12:22:10.292+01:00 INFO : 1 points above threshold
2026-09-08T12:22:10.298+01:00 INFO : Filtering template 134/384 segment 5/5
2026-09-08T12:22:10.335+01:00 INFO : 134: generating IMRPhenomD from 30.0 Hz
2026-09-08T12:22:10.337+01:00 INFO : Decompressing waveform using inline_linear
2026-09-08T12:22:10.342+01:00 INFO : Filtering template 135/384 segment 1/5
2026-09-08T12:22:10.383+01:00 INFO : 2 points above threshold
2026-09-08T12:22:10.397+01:00 INFO : Filtering template 135/384 segment 2/5
2026-09-08T12:22:10.434+01:00 INFO : 1 points above threshold
2026-09-08T12:22:10.440+01:00 INFO : Filtering template 135/384 segment 3/5
2026-09-08T12:22:10.477+01:00 INFO : Filtering template 135/384 segment 4/5
2026-09-08T12:22:10.514+01:00 INFO : 2 points above threshold
2026-09-08T12:22:10.522+01:00 INFO : Filtering template 135/384 segment 5/5
2026-09-08T12:22:10.559+01:00 INFO : 4 points above threshold
2026-09-08T12:22:10.568+01:00 INFO : 135: generating IMRPhenomD from 30.0 Hz
2026-09-08T12:22:10.571+01:00 INFO : Decompressing waveform using inline_linear
2026-09-08T12:22:10.576+01:00 INFO : Filtering template 136/384 segment 1/5
2026-09-08T12:22:10.616+01:00 INFO : 1 points above threshold
2026-09-08T12:22:10.628+01:00 INFO : Filtering template 136/384 segment 2/5
2026-09-08T12:22:10.665+01:00 INFO : 1 points above threshold
2026-09-08T12:22:10.671+01:00 INFO : Filtering template 136/384 segment 3/5
2026-09-08T12:22:10.708+01:00 INFO : 3 points above threshold
2026-09-08T12:22:10.718+01:00 INFO : Filtering template 136/384 segment 4/5
2026-09-08T12:22:10.755+01:00 INFO : Filtering template 136/384 segment 5/5
2026-09-08T12:22:10.792+01:00 INFO : 1 points above threshold
2026-09-08T12:22:10.798+01:00 INFO : 136: generating IMRPhenomD from 30.0 Hz
2026-09-08T12:22:10.801+01:00 INFO : Decompressing waveform using inline_linear
2026-09-08T12:22:10.806+01:00 INFO : Filtering template 137/384 segment 1/5
2026-09-08T12:22:10.846+01:00 INFO : 1 points above threshold
2026-09-08T12:22:10.858+01:00 INFO : Filtering template 137/384 segment 2/5
2026-09-08T12:22:10.895+01:00 INFO : Filtering template 137/384 segment 3/5
2026-09-08T12:22:10.932+01:00 INFO : 3 points above threshold
2026-09-08T12:22:10.942+01:00 INFO : Filtering template 137/384 segment 4/5
2026-09-08T12:22:10.980+01:00 INFO : Filtering template 137/384 segment 5/5
2026-09-08T12:22:11.017+01:00 INFO : 1 points above threshold
2026-09-08T12:22:11.023+01:00 INFO : 137: generating IMRPhenomD from 30.0 Hz
2026-09-08T12:22:11.025+01:00 INFO : Decompressing waveform using inline_linear
2026-09-08T12:22:11.030+01:00 INFO : Filtering template 138/384 segment 1/5
2026-09-08T12:22:11.071+01:00 INFO : 2 points above threshold
2026-09-08T12:22:11.085+01:00 INFO : Filtering template 138/384 segment 2/5
2026-09-08T12:22:11.122+01:00 INFO : 1 points above threshold
2026-09-08T12:22:11.127+01:00 INFO : Filtering template 138/384 segment 3/5
2026-09-08T12:22:11.164+01:00 INFO : Filtering template 138/384 segment 4/5
2026-09-08T12:22:11.202+01:00 INFO : Filtering template 138/384 segment 5/5
2026-09-08T12:22:11.239+01:00 INFO : 2 points above threshold
2026-09-08T12:22:11.247+01:00 INFO : 138: generating IMRPhenomD from 30.0 Hz
2026-09-08T12:22:11.250+01:00 INFO : Decompressing waveform using inline_linear
2026-09-08T12:22:11.255+01:00 INFO : Filtering template 139/384 segment 1/5
2026-09-08T12:22:11.295+01:00 INFO : Filtering template 139/384 segment 2/5
2026-09-08T12:22:11.333+01:00 INFO : Filtering template 139/384 segment 3/5
2026-09-08T12:22:11.370+01:00 INFO : 2 points above threshold
2026-09-08T12:22:11.384+01:00 INFO : Filtering template 139/384 segment 4/5
2026-09-08T12:22:11.421+01:00 INFO : Filtering template 139/384 segment 5/5
2026-09-08T12:22:11.458+01:00 INFO : 1 points above threshold
2026-09-08T12:22:11.464+01:00 INFO : 139: generating IMRPhenomD from 30.0 Hz
2026-09-08T12:22:11.467+01:00 INFO : Decompressing waveform using inline_linear
2026-09-08T12:22:11.472+01:00 INFO : Filtering template 140/384 segment 1/5
2026-09-08T12:22:11.513+01:00 INFO : 2 points above threshold
2026-09-08T12:22:11.527+01:00 INFO : Filtering template 140/384 segment 2/5
2026-09-08T12:22:11.565+01:00 INFO : 3 points above threshold
2026-09-08T12:22:11.575+01:00 INFO : Filtering template 140/384 segment 3/5
2026-09-08T12:22:11.612+01:00 INFO : 2 points above threshold
2026-09-08T12:22:11.620+01:00 INFO : Filtering template 140/384 segment 4/5
2026-09-08T12:22:11.658+01:00 INFO : 1 points above threshold
2026-09-08T12:22:11.663+01:00 INFO : Filtering template 140/384 segment 5/5
2026-09-08T12:22:11.701+01:00 INFO : 2 points above threshold
2026-09-08T12:22:11.710+01:00 INFO : 140: generating IMRPhenomD from 30.0 Hz
2026-09-08T12:22:11.712+01:00 INFO : Decompressing waveform using inline_linear
2026-09-08T12:22:11.717+01:00 INFO : Filtering template 141/384 segment 1/5
2026-09-08T12:22:11.758+01:00 INFO : 1 points above threshold
2026-09-08T12:22:11.771+01:00 INFO : Filtering template 141/384 segment 2/5
2026-09-08T12:22:11.808+01:00 INFO : 3 points above threshold
2026-09-08T12:22:11.819+01:00 INFO : Filtering template 141/384 segment 3/5
2026-09-08T12:22:11.857+01:00 INFO : Filtering template 141/384 segment 4/5
2026-09-08T12:22:11.894+01:00 INFO : 2 points above threshold
2026-09-08T12:22:11.902+01:00 INFO : Filtering template 141/384 segment 5/5
2026-09-08T12:22:11.940+01:00 INFO : 141: generating IMRPhenomD from 30.0 Hz
2026-09-08T12:22:11.943+01:00 INFO : Decompressing waveform using inline_linear
2026-09-08T12:22:11.948+01:00 INFO : Filtering template 142/384 segment 1/5
2026-09-08T12:22:11.990+01:00 INFO : 1 points above threshold
2026-09-08T12:22:12.003+01:00 INFO : Filtering template 142/384 segment 2/5
2026-09-08T12:22:12.041+01:00 INFO : 1 points above threshold
2026-09-08T12:22:12.047+01:00 INFO : Filtering template 142/384 segment 3/5
2026-09-08T12:22:12.085+01:00 INFO : 2 points above threshold
2026-09-08T12:22:12.093+01:00 INFO : Filtering template 142/384 segment 4/5
2026-09-08T12:22:12.130+01:00 INFO : 3 points above threshold
2026-09-08T12:22:12.140+01:00 INFO : Filtering template 142/384 segment 5/5
2026-09-08T12:22:12.177+01:00 INFO : 1 points above threshold
2026-09-08T12:22:12.183+01:00 INFO : 142: generating IMRPhenomD from 30.0 Hz
2026-09-08T12:22:12.186+01:00 INFO : Decompressing waveform using inline_linear
2026-09-08T12:22:12.191+01:00 INFO : Filtering template 143/384 segment 1/5
2026-09-08T12:22:12.231+01:00 INFO : 2 points above threshold
2026-09-08T12:22:12.246+01:00 INFO : Filtering template 143/384 segment 2/5
2026-09-08T12:22:12.283+01:00 INFO : Filtering template 143/384 segment 3/5
2026-09-08T12:22:12.320+01:00 INFO : Filtering template 143/384 segment 4/5
2026-09-08T12:22:12.358+01:00 INFO : 2 points above threshold
2026-09-08T12:22:12.366+01:00 INFO : Filtering template 143/384 segment 5/5
2026-09-08T12:22:12.404+01:00 INFO : 143: generating IMRPhenomD from 30.0 Hz
2026-09-08T12:22:12.406+01:00 INFO : Decompressing waveform using inline_linear
2026-09-08T12:22:12.411+01:00 INFO : Filtering template 144/384 segment 1/5
2026-09-08T12:22:12.453+01:00 INFO : 2 points above threshold
2026-09-08T12:22:12.468+01:00 INFO : Filtering template 144/384 segment 2/5
2026-09-08T12:22:12.505+01:00 INFO : 1 points above threshold
2026-09-08T12:22:12.511+01:00 INFO : Filtering template 144/384 segment 3/5
2026-09-08T12:22:12.549+01:00 INFO : 1 points above threshold
2026-09-08T12:22:12.555+01:00 INFO : Filtering template 144/384 segment 4/5
2026-09-08T12:22:12.593+01:00 INFO : 1 points above threshold
2026-09-08T12:22:12.599+01:00 INFO : Filtering template 144/384 segment 5/5
2026-09-08T12:22:12.637+01:00 INFO : 1 points above threshold
2026-09-08T12:22:12.643+01:00 INFO : 144: generating IMRPhenomD from 30.0 Hz
2026-09-08T12:22:12.645+01:00 INFO : Decompressing waveform using inline_linear
2026-09-08T12:22:12.650+01:00 INFO : Filtering template 145/384 segment 1/5
2026-09-08T12:22:12.691+01:00 INFO : 2 points above threshold
2026-09-08T12:22:12.705+01:00 INFO : Filtering template 145/384 segment 2/5
2026-09-08T12:22:12.742+01:00 INFO : 3 points above threshold
2026-09-08T12:22:12.752+01:00 INFO : Filtering template 145/384 segment 3/5
2026-09-08T12:22:12.789+01:00 INFO : 1 points above threshold
2026-09-08T12:22:12.795+01:00 INFO : Filtering template 145/384 segment 4/5
2026-09-08T12:22:12.832+01:00 INFO : Filtering template 145/384 segment 5/5
2026-09-08T12:22:12.869+01:00 INFO : 145: generating IMRPhenomD from 30.0 Hz
2026-09-08T12:22:12.871+01:00 INFO : Decompressing waveform using inline_linear
2026-09-08T12:22:12.876+01:00 INFO : Filtering template 146/384 segment 1/5
2026-09-08T12:22:12.917+01:00 INFO : 4 points above threshold
2026-09-08T12:22:12.932+01:00 INFO : Filtering template 146/384 segment 2/5
2026-09-08T12:22:12.969+01:00 INFO : Filtering template 146/384 segment 3/5
2026-09-08T12:22:13.006+01:00 INFO : 1 points above threshold
2026-09-08T12:22:13.012+01:00 INFO : Filtering template 146/384 segment 4/5
2026-09-08T12:22:13.053+01:00 INFO : 3 points above threshold
2026-09-08T12:22:13.063+01:00 INFO : Filtering template 146/384 segment 5/5
2026-09-08T12:22:13.106+01:00 INFO : 2 points above threshold
2026-09-08T12:22:13.114+01:00 INFO : 146: generating IMRPhenomD from 30.0 Hz
2026-09-08T12:22:13.116+01:00 INFO : Decompressing waveform using inline_linear
2026-09-08T12:22:13.121+01:00 INFO : Filtering template 147/384 segment 1/5
2026-09-08T12:22:13.161+01:00 INFO : 1 points above threshold
2026-09-08T12:22:13.173+01:00 INFO : Filtering template 147/384 segment 2/5
2026-09-08T12:22:13.211+01:00 INFO : Filtering template 147/384 segment 3/5
2026-09-08T12:22:13.248+01:00 INFO : 1 points above threshold
2026-09-08T12:22:13.254+01:00 INFO : Filtering template 147/384 segment 4/5
2026-09-08T12:22:13.291+01:00 INFO : Filtering template 147/384 segment 5/5
2026-09-08T12:22:13.328+01:00 INFO : 3 points above threshold
2026-09-08T12:22:13.338+01:00 INFO : 147: generating IMRPhenomD from 30.0 Hz
2026-09-08T12:22:13.341+01:00 INFO : Decompressing waveform using inline_linear
2026-09-08T12:22:13.346+01:00 INFO : Filtering template 148/384 segment 1/5
2026-09-08T12:22:13.386+01:00 INFO : 2 points above threshold
2026-09-08T12:22:13.400+01:00 INFO : Filtering template 148/384 segment 2/5
2026-09-08T12:22:13.437+01:00 INFO : 2 points above threshold
2026-09-08T12:22:13.445+01:00 INFO : Filtering template 148/384 segment 3/5
2026-09-08T12:22:13.482+01:00 INFO : 1 points above threshold
2026-09-08T12:22:13.488+01:00 INFO : Filtering template 148/384 segment 4/5
2026-09-08T12:22:13.525+01:00 INFO : Filtering template 148/384 segment 5/5
2026-09-08T12:22:13.563+01:00 INFO : 148: generating IMRPhenomD from 30.0 Hz
2026-09-08T12:22:13.565+01:00 INFO : Decompressing waveform using inline_linear
2026-09-08T12:22:13.570+01:00 INFO : Filtering template 149/384 segment 1/5
2026-09-08T12:22:13.611+01:00 INFO : Filtering template 149/384 segment 2/5
2026-09-08T12:22:13.648+01:00 INFO : 3 points above threshold
2026-09-08T12:22:13.664+01:00 INFO : Filtering template 149/384 segment 3/5
2026-09-08T12:22:13.701+01:00 INFO : 1 points above threshold
2026-09-08T12:22:13.707+01:00 INFO : Filtering template 149/384 segment 4/5
2026-09-08T12:22:13.744+01:00 INFO : Filtering template 149/384 segment 5/5
2026-09-08T12:22:13.781+01:00 INFO : 1 points above threshold
2026-09-08T12:22:13.787+01:00 INFO : 149: generating IMRPhenomD from 30.0 Hz
2026-09-08T12:22:13.790+01:00 INFO : Decompressing waveform using inline_linear
2026-09-08T12:22:13.795+01:00 INFO : Filtering template 150/384 segment 1/5
2026-09-08T12:22:13.835+01:00 INFO : 1 points above threshold
2026-09-08T12:22:13.847+01:00 INFO : Filtering template 150/384 segment 2/5
2026-09-08T12:22:13.884+01:00 INFO : Filtering template 150/384 segment 3/5
2026-09-08T12:22:13.921+01:00 INFO : 1 points above threshold
2026-09-08T12:22:13.927+01:00 INFO : Filtering template 150/384 segment 4/5
2026-09-08T12:22:13.964+01:00 INFO : 3 points above threshold
2026-09-08T12:22:13.974+01:00 INFO : Filtering template 150/384 segment 5/5
2026-09-08T12:22:14.011+01:00 INFO : 2 points above threshold
2026-09-08T12:22:14.019+01:00 INFO : 150: generating IMRPhenomD from 30.0 Hz
2026-09-08T12:22:14.022+01:00 INFO : Decompressing waveform using inline_linear
2026-09-08T12:22:14.027+01:00 INFO : Filtering template 151/384 segment 1/5
2026-09-08T12:22:14.067+01:00 INFO : 1 points above threshold
2026-09-08T12:22:14.079+01:00 INFO : Filtering template 151/384 segment 2/5
2026-09-08T12:22:14.117+01:00 INFO : 2 points above threshold
2026-09-08T12:22:14.124+01:00 INFO : Filtering template 151/384 segment 3/5
2026-09-08T12:22:14.162+01:00 INFO : Filtering template 151/384 segment 4/5
2026-09-08T12:22:14.199+01:00 INFO : Filtering template 151/384 segment 5/5
2026-09-08T12:22:14.236+01:00 INFO : 151: generating IMRPhenomD from 30.0 Hz
2026-09-08T12:22:14.239+01:00 INFO : Decompressing waveform using inline_linear
2026-09-08T12:22:14.243+01:00 INFO : Filtering template 152/384 segment 1/5
2026-09-08T12:22:14.284+01:00 INFO : 1 points above threshold
2026-09-08T12:22:14.296+01:00 INFO : Filtering template 152/384 segment 2/5
2026-09-08T12:22:14.333+01:00 INFO : 2 points above threshold
2026-09-08T12:22:14.341+01:00 INFO : Filtering template 152/384 segment 3/5
2026-09-08T12:22:14.378+01:00 INFO : 1 points above threshold
2026-09-08T12:22:14.384+01:00 INFO : Filtering template 152/384 segment 4/5
2026-09-08T12:22:14.421+01:00 INFO : Filtering template 152/384 segment 5/5
2026-09-08T12:22:14.458+01:00 INFO : 1 points above threshold
2026-09-08T12:22:14.464+01:00 INFO : 152: generating IMRPhenomD from 30.0 Hz
2026-09-08T12:22:14.466+01:00 INFO : Decompressing waveform using inline_linear
2026-09-08T12:22:14.471+01:00 INFO : Filtering template 153/384 segment 1/5
2026-09-08T12:22:14.512+01:00 INFO : 1 points above threshold
2026-09-08T12:22:14.524+01:00 INFO : Filtering template 153/384 segment 2/5
2026-09-08T12:22:14.561+01:00 INFO : 4 points above threshold
2026-09-08T12:22:14.570+01:00 INFO : Filtering template 153/384 segment 3/5
2026-09-08T12:22:14.607+01:00 INFO : 1 points above threshold
2026-09-08T12:22:14.613+01:00 INFO : Filtering template 153/384 segment 4/5
2026-09-08T12:22:14.650+01:00 INFO : Filtering template 153/384 segment 5/5
2026-09-08T12:22:14.688+01:00 INFO : 153: generating IMRPhenomD from 30.0 Hz
2026-09-08T12:22:14.690+01:00 INFO : Decompressing waveform using inline_linear
2026-09-08T12:22:14.695+01:00 INFO : Filtering template 154/384 segment 1/5
2026-09-08T12:22:14.736+01:00 INFO : 2 points above threshold
2026-09-08T12:22:14.750+01:00 INFO : Filtering template 154/384 segment 2/5
2026-09-08T12:22:14.787+01:00 INFO : 2 points above threshold
2026-09-08T12:22:14.794+01:00 INFO : Filtering template 154/384 segment 3/5
2026-09-08T12:22:14.831+01:00 INFO : Filtering template 154/384 segment 4/5
2026-09-08T12:22:14.869+01:00 INFO : 2 points above threshold
2026-09-08T12:22:14.876+01:00 INFO : Filtering template 154/384 segment 5/5
2026-09-08T12:22:14.914+01:00 INFO : 154: generating IMRPhenomD from 30.0 Hz
2026-09-08T12:22:14.916+01:00 INFO : Decompressing waveform using inline_linear
2026-09-08T12:22:14.921+01:00 INFO : Filtering template 155/384 segment 1/5
2026-09-08T12:22:14.962+01:00 INFO : Filtering template 155/384 segment 2/5
2026-09-08T12:22:14.999+01:00 INFO : 1 points above threshold
2026-09-08T12:22:15.011+01:00 INFO : Filtering template 155/384 segment 3/5
2026-09-08T12:22:15.048+01:00 INFO : 1 points above threshold
2026-09-08T12:22:15.054+01:00 INFO : Filtering template 155/384 segment 4/5
2026-09-08T12:22:15.097+01:00 INFO : 3 points above threshold
2026-09-08T12:22:15.109+01:00 INFO : Filtering template 155/384 segment 5/5
2026-09-08T12:22:15.151+01:00 INFO : 155: generating IMRPhenomD from 30.0 Hz
2026-09-08T12:22:15.154+01:00 INFO : Decompressing waveform using inline_linear
2026-09-08T12:22:15.159+01:00 INFO : Filtering template 156/384 segment 1/5
2026-09-08T12:22:15.200+01:00 INFO : 1 points above threshold
2026-09-08T12:22:15.212+01:00 INFO : Filtering template 156/384 segment 2/5
2026-09-08T12:22:15.249+01:00 INFO : Filtering template 156/384 segment 3/5
2026-09-08T12:22:15.286+01:00 INFO : Filtering template 156/384 segment 4/5
2026-09-08T12:22:15.323+01:00 INFO : 3 points above threshold
2026-09-08T12:22:15.333+01:00 INFO : Filtering template 156/384 segment 5/5
2026-09-08T12:22:15.371+01:00 INFO : 156: generating IMRPhenomD from 30.0 Hz
2026-09-08T12:22:15.373+01:00 INFO : Decompressing waveform using inline_linear
2026-09-08T12:22:15.378+01:00 INFO : Filtering template 157/384 segment 1/5
2026-09-08T12:22:15.419+01:00 INFO : 1 points above threshold
2026-09-08T12:22:15.431+01:00 INFO : Filtering template 157/384 segment 2/5
2026-09-08T12:22:15.468+01:00 INFO : 1 points above threshold
2026-09-08T12:22:15.474+01:00 INFO : Filtering template 157/384 segment 3/5
2026-09-08T12:22:15.511+01:00 INFO : Filtering template 157/384 segment 4/5
2026-09-08T12:22:15.548+01:00 INFO : 2 points above threshold
2026-09-08T12:22:15.556+01:00 INFO : Filtering template 157/384 segment 5/5
2026-09-08T12:22:15.593+01:00 INFO : 3 points above threshold
2026-09-08T12:22:15.603+01:00 INFO : 157: generating IMRPhenomD from 30.0 Hz
2026-09-08T12:22:15.606+01:00 INFO : Decompressing waveform using inline_linear
2026-09-08T12:22:15.611+01:00 INFO : Filtering template 158/384 segment 1/5
2026-09-08T12:22:15.651+01:00 INFO : 1 points above threshold
2026-09-08T12:22:15.663+01:00 INFO : Filtering template 158/384 segment 2/5
2026-09-08T12:22:15.700+01:00 INFO : 1 points above threshold
2026-09-08T12:22:15.706+01:00 INFO : Filtering template 158/384 segment 3/5
2026-09-08T12:22:15.743+01:00 INFO : 1 points above threshold
2026-09-08T12:22:15.749+01:00 INFO : Filtering template 158/384 segment 4/5
2026-09-08T12:22:15.786+01:00 INFO : Filtering template 158/384 segment 5/5
2026-09-08T12:22:15.823+01:00 INFO : 158: generating IMRPhenomD from 30.0 Hz
2026-09-08T12:22:15.826+01:00 INFO : Decompressing waveform using inline_linear
2026-09-08T12:22:15.831+01:00 INFO : Filtering template 159/384 segment 1/5
2026-09-08T12:22:15.871+01:00 INFO : Filtering template 159/384 segment 2/5
2026-09-08T12:22:15.909+01:00 INFO : 2 points above threshold
2026-09-08T12:22:15.923+01:00 INFO : Filtering template 159/384 segment 3/5
2026-09-08T12:22:15.960+01:00 INFO : 1 points above threshold
2026-09-08T12:22:15.966+01:00 INFO : Filtering template 159/384 segment 4/5
2026-09-08T12:22:16.003+01:00 INFO : 2 points above threshold
2026-09-08T12:22:16.011+01:00 INFO : Filtering template 159/384 segment 5/5
2026-09-08T12:22:16.048+01:00 INFO : 1 points above threshold
2026-09-08T12:22:16.054+01:00 INFO : 159: generating IMRPhenomD from 30.0 Hz
2026-09-08T12:22:16.056+01:00 INFO : Decompressing waveform using inline_linear
2026-09-08T12:22:16.061+01:00 INFO : Filtering template 160/384 segment 1/5
2026-09-08T12:22:16.102+01:00 INFO : 1 points above threshold
2026-09-08T12:22:16.114+01:00 INFO : Filtering template 160/384 segment 2/5
2026-09-08T12:22:16.152+01:00 INFO : 1 points above threshold
2026-09-08T12:22:16.158+01:00 INFO : Filtering template 160/384 segment 3/5
2026-09-08T12:22:16.195+01:00 INFO : 1 points above threshold
2026-09-08T12:22:16.201+01:00 INFO : Filtering template 160/384 segment 4/5
2026-09-08T12:22:16.238+01:00 INFO : Filtering template 160/384 segment 5/5
2026-09-08T12:22:16.275+01:00 INFO : 1 points above threshold
2026-09-08T12:22:16.281+01:00 INFO : 160: generating IMRPhenomD from 30.0 Hz
2026-09-08T12:22:16.284+01:00 INFO : Decompressing waveform using inline_linear
2026-09-08T12:22:16.289+01:00 INFO : Filtering template 161/384 segment 1/5
2026-09-08T12:22:16.329+01:00 INFO : 1 points above threshold
2026-09-08T12:22:16.342+01:00 INFO : Filtering template 161/384 segment 2/5
2026-09-08T12:22:16.379+01:00 INFO : 2 points above threshold
2026-09-08T12:22:16.387+01:00 INFO : Filtering template 161/384 segment 3/5
2026-09-08T12:22:16.424+01:00 INFO : 1 points above threshold
2026-09-08T12:22:16.432+01:00 INFO : Filtering template 161/384 segment 4/5
2026-09-08T12:22:16.469+01:00 INFO : 1 points above threshold
2026-09-08T12:22:16.475+01:00 INFO : Filtering template 161/384 segment 5/5
2026-09-08T12:22:16.512+01:00 INFO : 3 points above threshold
2026-09-08T12:22:16.523+01:00 INFO : 161: generating IMRPhenomD from 30.0 Hz
2026-09-08T12:22:16.525+01:00 INFO : Decompressing waveform using inline_linear
2026-09-08T12:22:16.530+01:00 INFO : Filtering template 162/384 segment 1/5
2026-09-08T12:22:16.571+01:00 INFO : Filtering template 162/384 segment 2/5
2026-09-08T12:22:16.608+01:00 INFO : 2 points above threshold
2026-09-08T12:22:16.622+01:00 INFO : Filtering template 162/384 segment 3/5
2026-09-08T12:22:16.660+01:00 INFO : 1 points above threshold
2026-09-08T12:22:16.666+01:00 INFO : Filtering template 162/384 segment 4/5
2026-09-08T12:22:16.702+01:00 INFO : 1 points above threshold
2026-09-08T12:22:16.709+01:00 INFO : Filtering template 162/384 segment 5/5
2026-09-08T12:22:16.746+01:00 INFO : 1 points above threshold
2026-09-08T12:22:16.753+01:00 INFO : 162: generating IMRPhenomD from 30.0 Hz
2026-09-08T12:22:16.755+01:00 INFO : Decompressing waveform using inline_linear
2026-09-08T12:22:16.760+01:00 INFO : Filtering template 163/384 segment 1/5
2026-09-08T12:22:16.800+01:00 INFO : 2 points above threshold
2026-09-08T12:22:16.815+01:00 INFO : Filtering template 163/384 segment 2/5
2026-09-08T12:22:16.852+01:00 INFO : 3 points above threshold
2026-09-08T12:22:16.862+01:00 INFO : Filtering template 163/384 segment 3/5
2026-09-08T12:22:16.899+01:00 INFO : Filtering template 163/384 segment 4/5
2026-09-08T12:22:16.936+01:00 INFO : 3 points above threshold
2026-09-08T12:22:16.946+01:00 INFO : Filtering template 163/384 segment 5/5
2026-09-08T12:22:16.983+01:00 INFO : 2 points above threshold
2026-09-08T12:22:16.991+01:00 INFO : 163: generating IMRPhenomD from 30.0 Hz
2026-09-08T12:22:16.994+01:00 INFO : Decompressing waveform using inline_linear
2026-09-08T12:22:16.999+01:00 INFO : Filtering template 164/384 segment 1/5
2026-09-08T12:22:17.039+01:00 INFO : 2 points above threshold
2026-09-08T12:22:17.053+01:00 INFO : Filtering template 164/384 segment 2/5
2026-09-08T12:22:17.090+01:00 INFO : 1 points above threshold
2026-09-08T12:22:17.096+01:00 INFO : Filtering template 164/384 segment 3/5
2026-09-08T12:22:17.133+01:00 INFO : 1 points above threshold
2026-09-08T12:22:17.139+01:00 INFO : Filtering template 164/384 segment 4/5
2026-09-08T12:22:17.176+01:00 INFO : Filtering template 164/384 segment 5/5
2026-09-08T12:22:17.213+01:00 INFO : 1 points above threshold
2026-09-08T12:22:17.220+01:00 INFO : 164: generating IMRPhenomD from 30.0 Hz
2026-09-08T12:22:17.222+01:00 INFO : Decompressing waveform using inline_linear
2026-09-08T12:22:17.227+01:00 INFO : Filtering template 165/384 segment 1/5
2026-09-08T12:22:17.267+01:00 INFO : 1 points above threshold
2026-09-08T12:22:17.280+01:00 INFO : Filtering template 165/384 segment 2/5
2026-09-08T12:22:17.317+01:00 INFO : Filtering template 165/384 segment 3/5
2026-09-08T12:22:17.354+01:00 INFO : 2 points above threshold
2026-09-08T12:22:17.362+01:00 INFO : Filtering template 165/384 segment 4/5
2026-09-08T12:22:17.399+01:00 INFO : 1 points above threshold
2026-09-08T12:22:17.405+01:00 INFO : Filtering template 165/384 segment 5/5
2026-09-08T12:22:17.442+01:00 INFO : 1 points above threshold
2026-09-08T12:22:17.448+01:00 INFO : 165: generating IMRPhenomD from 30.0 Hz
2026-09-08T12:22:17.451+01:00 INFO : Decompressing waveform using inline_linear
2026-09-08T12:22:17.456+01:00 INFO : Filtering template 166/384 segment 1/5
2026-09-08T12:22:17.496+01:00 INFO : 2 points above threshold
2026-09-08T12:22:17.510+01:00 INFO : Filtering template 166/384 segment 2/5
2026-09-08T12:22:17.547+01:00 INFO : Filtering template 166/384 segment 3/5
2026-09-08T12:22:17.585+01:00 INFO : Filtering template 166/384 segment 4/5
2026-09-08T12:22:17.622+01:00 INFO : 3 points above threshold
2026-09-08T12:22:17.631+01:00 INFO : Filtering template 166/384 segment 5/5
2026-09-08T12:22:17.669+01:00 INFO : 3 points above threshold
2026-09-08T12:22:17.679+01:00 INFO : 166: generating IMRPhenomD from 30.0 Hz
2026-09-08T12:22:17.681+01:00 INFO : Decompressing waveform using inline_linear
2026-09-08T12:22:17.686+01:00 INFO : Filtering template 167/384 segment 1/5
2026-09-08T12:22:17.727+01:00 INFO : 1 points above threshold
2026-09-08T12:22:17.739+01:00 INFO : Filtering template 167/384 segment 2/5
2026-09-08T12:22:17.776+01:00 INFO : Filtering template 167/384 segment 3/5
2026-09-08T12:22:17.814+01:00 INFO : 1 points above threshold
2026-09-08T12:22:17.819+01:00 INFO : Filtering template 167/384 segment 4/5
2026-09-08T12:22:17.857+01:00 INFO : Filtering template 167/384 segment 5/5
2026-09-08T12:22:17.894+01:00 INFO : 167: generating IMRPhenomD from 30.0 Hz
2026-09-08T12:22:17.897+01:00 INFO : Decompressing waveform using inline_linear
2026-09-08T12:22:17.902+01:00 INFO : Filtering template 168/384 segment 1/5
2026-09-08T12:22:17.943+01:00 INFO : 4 points above threshold
2026-09-08T12:22:17.959+01:00 INFO : Filtering template 168/384 segment 2/5
2026-09-08T12:22:17.997+01:00 INFO : 1 points above threshold
2026-09-08T12:22:18.003+01:00 INFO : Filtering template 168/384 segment 3/5
2026-09-08T12:22:18.040+01:00 INFO : 1 points above threshold
2026-09-08T12:22:18.046+01:00 INFO : Filtering template 168/384 segment 4/5
2026-09-08T12:22:18.084+01:00 INFO : 1 points above threshold
2026-09-08T12:22:18.090+01:00 INFO : Filtering template 168/384 segment 5/5
2026-09-08T12:22:18.127+01:00 INFO : 1 points above threshold
2026-09-08T12:22:18.136+01:00 INFO : 168: generating IMRPhenomD from 30.0 Hz
2026-09-08T12:22:18.139+01:00 INFO : Decompressing waveform using inline_linear
2026-09-08T12:22:18.145+01:00 INFO : Filtering template 169/384 segment 1/5
2026-09-08T12:22:18.193+01:00 INFO : 5 points above threshold
2026-09-08T12:22:18.212+01:00 INFO : Filtering template 169/384 segment 2/5
2026-09-08T12:22:18.249+01:00 INFO : 1 points above threshold
2026-09-08T12:22:18.255+01:00 INFO : Filtering template 169/384 segment 3/5
2026-09-08T12:22:18.292+01:00 INFO : 3 points above threshold
2026-09-08T12:22:18.302+01:00 INFO : Filtering template 169/384 segment 4/5
2026-09-08T12:22:18.349+01:00 INFO : 1 points above threshold
2026-09-08T12:22:18.357+01:00 INFO : Filtering template 169/384 segment 5/5
2026-09-08T12:22:18.397+01:00 INFO : 169: generating IMRPhenomD from 30.0 Hz
2026-09-08T12:22:18.399+01:00 INFO : Decompressing waveform using inline_linear
2026-09-08T12:22:18.404+01:00 INFO : Filtering template 170/384 segment 1/5
2026-09-08T12:22:18.446+01:00 INFO : Filtering template 170/384 segment 2/5
2026-09-08T12:22:18.496+01:00 INFO : 2 points above threshold
2026-09-08T12:22:18.510+01:00 INFO : Filtering template 170/384 segment 3/5
2026-09-08T12:22:18.547+01:00 INFO : 2 points above threshold
2026-09-08T12:22:18.555+01:00 INFO : Filtering template 170/384 segment 4/5
2026-09-08T12:22:18.594+01:00 INFO : Filtering template 170/384 segment 5/5
2026-09-08T12:22:18.632+01:00 INFO : 170: generating IMRPhenomD from 30.0 Hz
2026-09-08T12:22:18.635+01:00 INFO : Decompressing waveform using inline_linear
2026-09-08T12:22:18.640+01:00 INFO : Filtering template 171/384 segment 1/5
2026-09-08T12:22:18.681+01:00 INFO : 2 points above threshold
2026-09-08T12:22:18.696+01:00 INFO : Filtering template 171/384 segment 2/5
2026-09-08T12:22:18.733+01:00 INFO : 1 points above threshold
2026-09-08T12:22:18.739+01:00 INFO : Filtering template 171/384 segment 3/5
2026-09-08T12:22:18.776+01:00 INFO : 3 points above threshold
2026-09-08T12:22:18.786+01:00 INFO : Filtering template 171/384 segment 4/5
2026-09-08T12:22:18.823+01:00 INFO : 1 points above threshold
2026-09-08T12:22:18.829+01:00 INFO : Filtering template 171/384 segment 5/5
2026-09-08T12:22:18.867+01:00 INFO : 1 points above threshold
2026-09-08T12:22:18.873+01:00 INFO : 171: generating IMRPhenomD from 30.0 Hz
2026-09-08T12:22:18.875+01:00 INFO : Decompressing waveform using inline_linear
2026-09-08T12:22:18.880+01:00 INFO : Filtering template 172/384 segment 1/5
2026-09-08T12:22:18.921+01:00 INFO : 4 points above threshold
2026-09-08T12:22:18.936+01:00 INFO : Filtering template 172/384 segment 2/5
2026-09-08T12:22:18.974+01:00 INFO : 1 points above threshold
2026-09-08T12:22:18.980+01:00 INFO : Filtering template 172/384 segment 3/5
2026-09-08T12:22:19.017+01:00 INFO : Filtering template 172/384 segment 4/5
2026-09-08T12:22:19.055+01:00 INFO : 2 points above threshold
2026-09-08T12:22:19.062+01:00 INFO : Filtering template 172/384 segment 5/5
2026-09-08T12:22:19.100+01:00 INFO : 1 points above threshold
2026-09-08T12:22:19.106+01:00 INFO : 172: generating IMRPhenomD from 30.0 Hz
2026-09-08T12:22:19.109+01:00 INFO : Decompressing waveform using inline_linear
2026-09-08T12:22:19.114+01:00 INFO : Filtering template 173/384 segment 1/5
2026-09-08T12:22:19.154+01:00 INFO : 1 points above threshold
2026-09-08T12:22:19.166+01:00 INFO : Filtering template 173/384 segment 2/5
2026-09-08T12:22:19.203+01:00 INFO : 1 points above threshold
2026-09-08T12:22:19.209+01:00 INFO : Filtering template 173/384 segment 3/5
2026-09-08T12:22:19.246+01:00 INFO : 1 points above threshold
2026-09-08T12:22:19.252+01:00 INFO : Filtering template 173/384 segment 4/5
2026-09-08T12:22:19.289+01:00 INFO : 1 points above threshold
2026-09-08T12:22:19.295+01:00 INFO : Filtering template 173/384 segment 5/5
2026-09-08T12:22:19.332+01:00 INFO : 1 points above threshold
2026-09-08T12:22:19.339+01:00 INFO : 173: generating IMRPhenomD from 30.0 Hz
2026-09-08T12:22:19.341+01:00 INFO : Decompressing waveform using inline_linear
2026-09-08T12:22:19.346+01:00 INFO : Filtering template 174/384 segment 1/5
2026-09-08T12:22:19.387+01:00 INFO : 3 points above threshold
2026-09-08T12:22:19.403+01:00 INFO : Filtering template 174/384 segment 2/5
2026-09-08T12:22:19.440+01:00 INFO : 1 points above threshold
2026-09-08T12:22:19.446+01:00 INFO : Filtering template 174/384 segment 3/5
2026-09-08T12:22:19.483+01:00 INFO : 3 points above threshold
2026-09-08T12:22:19.493+01:00 INFO : Filtering template 174/384 segment 4/5
2026-09-08T12:22:19.530+01:00 INFO : 1 points above threshold
2026-09-08T12:22:19.536+01:00 INFO : Filtering template 174/384 segment 5/5
2026-09-08T12:22:19.574+01:00 INFO : 174: generating IMRPhenomD from 30.0 Hz
2026-09-08T12:22:19.576+01:00 INFO : Decompressing waveform using inline_linear
2026-09-08T12:22:19.581+01:00 INFO : Filtering template 175/384 segment 1/5
2026-09-08T12:22:19.622+01:00 INFO : 2 points above threshold
2026-09-08T12:22:19.636+01:00 INFO : Filtering template 175/384 segment 2/5
2026-09-08T12:22:19.673+01:00 INFO : 2 points above threshold
2026-09-08T12:22:19.681+01:00 INFO : Filtering template 175/384 segment 3/5
2026-09-08T12:22:19.722+01:00 INFO : 4 points above threshold
2026-09-08T12:22:19.738+01:00 INFO : Filtering template 175/384 segment 4/5
2026-09-08T12:22:19.779+01:00 INFO : 1 points above threshold
2026-09-08T12:22:19.786+01:00 INFO : Filtering template 175/384 segment 5/5
2026-09-08T12:22:19.823+01:00 INFO : 175: generating IMRPhenomD from 30.0 Hz
2026-09-08T12:22:19.826+01:00 INFO : Decompressing waveform using inline_linear
2026-09-08T12:22:19.831+01:00 INFO : Filtering template 176/384 segment 1/5
2026-09-08T12:22:19.872+01:00 INFO : 1 points above threshold
2026-09-08T12:22:19.884+01:00 INFO : Filtering template 176/384 segment 2/5
2026-09-08T12:22:19.921+01:00 INFO : 3 points above threshold
2026-09-08T12:22:19.931+01:00 INFO : Filtering template 176/384 segment 3/5
2026-09-08T12:22:19.968+01:00 INFO : 1 points above threshold
2026-09-08T12:22:19.974+01:00 INFO : Filtering template 176/384 segment 4/5
2026-09-08T12:22:20.011+01:00 INFO : 1 points above threshold
2026-09-08T12:22:20.017+01:00 INFO : Filtering template 176/384 segment 5/5
2026-09-08T12:22:20.061+01:00 INFO : 1 points above threshold
2026-09-08T12:22:20.070+01:00 INFO : 176: generating IMRPhenomD from 30.0 Hz
2026-09-08T12:22:20.074+01:00 INFO : Decompressing waveform using inline_linear
2026-09-08T12:22:20.079+01:00 INFO : Filtering template 177/384 segment 1/5
2026-09-08T12:22:20.141+01:00 INFO : 3 points above threshold
2026-09-08T12:22:20.159+01:00 INFO : Filtering template 177/384 segment 2/5
2026-09-08T12:22:20.202+01:00 INFO : Filtering template 177/384 segment 3/5
2026-09-08T12:22:20.241+01:00 INFO : 3 points above threshold
2026-09-08T12:22:20.252+01:00 INFO : Filtering template 177/384 segment 4/5
2026-09-08T12:22:20.290+01:00 INFO : 1 points above threshold
2026-09-08T12:22:20.296+01:00 INFO : Filtering template 177/384 segment 5/5
2026-09-08T12:22:20.333+01:00 INFO : 2 points above threshold
2026-09-08T12:22:20.341+01:00 INFO : 177: generating IMRPhenomD from 30.0 Hz
2026-09-08T12:22:20.344+01:00 INFO : Decompressing waveform using inline_linear
2026-09-08T12:22:20.349+01:00 INFO : Filtering template 178/384 segment 1/5
2026-09-08T12:22:20.392+01:00 INFO : Filtering template 178/384 segment 2/5
2026-09-08T12:22:20.431+01:00 INFO : 1 points above threshold
2026-09-08T12:22:20.443+01:00 INFO : Filtering template 178/384 segment 3/5
2026-09-08T12:22:20.481+01:00 INFO : Filtering template 178/384 segment 4/5
2026-09-08T12:22:20.518+01:00 INFO : 1 points above threshold
2026-09-08T12:22:20.524+01:00 INFO : Filtering template 178/384 segment 5/5
2026-09-08T12:22:20.562+01:00 INFO : 178: generating IMRPhenomD from 30.0 Hz
2026-09-08T12:22:20.564+01:00 INFO : Decompressing waveform using inline_linear
2026-09-08T12:22:20.569+01:00 INFO : Filtering template 179/384 segment 1/5
2026-09-08T12:22:20.610+01:00 INFO : 2 points above threshold
2026-09-08T12:22:20.625+01:00 INFO : Filtering template 179/384 segment 2/5
2026-09-08T12:22:20.662+01:00 INFO : 3 points above threshold
2026-09-08T12:22:20.673+01:00 INFO : Filtering template 179/384 segment 3/5
2026-09-08T12:22:20.710+01:00 INFO : 1 points above threshold
2026-09-08T12:22:20.716+01:00 INFO : Filtering template 179/384 segment 4/5
2026-09-08T12:22:20.754+01:00 INFO : 1 points above threshold
2026-09-08T12:22:20.760+01:00 INFO : Filtering template 179/384 segment 5/5
2026-09-08T12:22:20.798+01:00 INFO : 179: generating IMRPhenomD from 30.0 Hz
2026-09-08T12:22:20.800+01:00 INFO : Decompressing waveform using inline_linear
2026-09-08T12:22:20.805+01:00 INFO : Filtering template 180/384 segment 1/5
2026-09-08T12:22:20.847+01:00 INFO : 2 points above threshold
2026-09-08T12:22:20.861+01:00 INFO : Filtering template 180/384 segment 2/5
2026-09-08T12:22:20.898+01:00 INFO : Filtering template 180/384 segment 3/5
2026-09-08T12:22:20.936+01:00 INFO : 1 points above threshold
2026-09-08T12:22:20.942+01:00 INFO : Filtering template 180/384 segment 4/5
2026-09-08T12:22:20.979+01:00 INFO : 1 points above threshold
2026-09-08T12:22:20.986+01:00 INFO : Filtering template 180/384 segment 5/5
2026-09-08T12:22:21.024+01:00 INFO : 4 points above threshold
2026-09-08T12:22:21.034+01:00 INFO : 180: generating IMRPhenomD from 30.0 Hz
2026-09-08T12:22:21.037+01:00 INFO : Decompressing waveform using inline_linear
2026-09-08T12:22:21.042+01:00 INFO : Filtering template 181/384 segment 1/5
2026-09-08T12:22:21.091+01:00 INFO : 1 points above threshold
2026-09-08T12:22:21.107+01:00 INFO : Filtering template 181/384 segment 2/5
2026-09-08T12:22:21.144+01:00 INFO : 1 points above threshold
2026-09-08T12:22:21.153+01:00 INFO : Filtering template 181/384 segment 3/5
2026-09-08T12:22:21.191+01:00 INFO : Filtering template 181/384 segment 4/5
2026-09-08T12:22:21.229+01:00 INFO : 3 points above threshold
2026-09-08T12:22:21.239+01:00 INFO : Filtering template 181/384 segment 5/5
2026-09-08T12:22:21.277+01:00 INFO : 181: generating IMRPhenomD from 30.0 Hz
2026-09-08T12:22:21.279+01:00 INFO : Decompressing waveform using inline_linear
2026-09-08T12:22:21.284+01:00 INFO : Filtering template 182/384 segment 1/5
2026-09-08T12:22:21.325+01:00 INFO : 1 points above threshold
2026-09-08T12:22:21.337+01:00 INFO : Filtering template 182/384 segment 2/5
2026-09-08T12:22:21.375+01:00 INFO : 3 points above threshold
2026-09-08T12:22:21.385+01:00 INFO : Filtering template 182/384 segment 3/5
2026-09-08T12:22:21.421+01:00 INFO : 1 points above threshold
2026-09-08T12:22:21.427+01:00 INFO : Filtering template 182/384 segment 4/5
2026-09-08T12:22:21.465+01:00 INFO : 2 points above threshold
2026-09-08T12:22:21.472+01:00 INFO : Filtering template 182/384 segment 5/5
2026-09-08T12:22:21.509+01:00 INFO : 1 points above threshold
2026-09-08T12:22:21.516+01:00 INFO : 182: generating IMRPhenomD from 30.0 Hz
2026-09-08T12:22:21.518+01:00 INFO : Decompressing waveform using inline_linear
2026-09-08T12:22:21.523+01:00 INFO : Filtering template 183/384 segment 1/5
2026-09-08T12:22:21.565+01:00 INFO : 2 points above threshold
2026-09-08T12:22:21.586+01:00 INFO : Filtering template 183/384 segment 2/5
2026-09-08T12:22:21.629+01:00 INFO : 3 points above threshold
2026-09-08T12:22:21.639+01:00 INFO : Filtering template 183/384 segment 3/5
2026-09-08T12:22:21.676+01:00 INFO : 1 points above threshold
2026-09-08T12:22:21.683+01:00 INFO : Filtering template 183/384 segment 4/5
2026-09-08T12:22:21.725+01:00 INFO : 4 points above threshold
2026-09-08T12:22:21.740+01:00 INFO : Filtering template 183/384 segment 5/5
2026-09-08T12:22:21.786+01:00 INFO : 183: generating IMRPhenomD from 30.0 Hz
2026-09-08T12:22:21.788+01:00 INFO : Decompressing waveform using inline_linear
2026-09-08T12:22:21.793+01:00 INFO : Filtering template 184/384 segment 1/5
2026-09-08T12:22:21.835+01:00 INFO : 2 points above threshold
2026-09-08T12:22:21.849+01:00 INFO : Filtering template 184/384 segment 2/5
2026-09-08T12:22:21.886+01:00 INFO : 1 points above threshold
2026-09-08T12:22:21.892+01:00 INFO : Filtering template 184/384 segment 3/5
2026-09-08T12:22:21.930+01:00 INFO : 1 points above threshold
2026-09-08T12:22:21.936+01:00 INFO : Filtering template 184/384 segment 4/5
2026-09-08T12:22:21.974+01:00 INFO : 2 points above threshold
2026-09-08T12:22:21.982+01:00 INFO : Filtering template 184/384 segment 5/5
2026-09-08T12:22:22.020+01:00 INFO : 184: generating IMRPhenomD from 30.0 Hz
2026-09-08T12:22:22.022+01:00 INFO : Decompressing waveform using inline_linear
2026-09-08T12:22:22.027+01:00 INFO : Filtering template 185/384 segment 1/5
2026-09-08T12:22:22.069+01:00 INFO : Filtering template 185/384 segment 2/5
2026-09-08T12:22:22.106+01:00 INFO : 2 points above threshold
2026-09-08T12:22:22.121+01:00 INFO : Filtering template 185/384 segment 3/5
2026-09-08T12:22:22.158+01:00 INFO : 2 points above threshold
2026-09-08T12:22:22.166+01:00 INFO : Filtering template 185/384 segment 4/5
2026-09-08T12:22:22.204+01:00 INFO : 4 points above threshold
2026-09-08T12:22:22.213+01:00 INFO : Filtering template 185/384 segment 5/5
2026-09-08T12:22:22.251+01:00 INFO : 2 points above threshold
2026-09-08T12:22:22.259+01:00 INFO : 185: generating IMRPhenomD from 30.0 Hz
2026-09-08T12:22:22.261+01:00 INFO : Decompressing waveform using inline_linear
2026-09-08T12:22:22.266+01:00 INFO : Filtering template 186/384 segment 1/5
2026-09-08T12:22:22.323+01:00 INFO : Filtering template 186/384 segment 2/5
2026-09-08T12:22:22.362+01:00 INFO : Filtering template 186/384 segment 3/5
2026-09-08T12:22:22.416+01:00 INFO : 2 points above threshold
2026-09-08T12:22:22.431+01:00 INFO : Filtering template 186/384 segment 4/5
2026-09-08T12:22:22.468+01:00 INFO : 1 points above threshold
2026-09-08T12:22:22.474+01:00 INFO : Filtering template 186/384 segment 5/5
2026-09-08T12:22:22.512+01:00 INFO : 186: generating IMRPhenomD from 30.0 Hz
2026-09-08T12:22:22.515+01:00 INFO : Decompressing waveform using inline_linear
2026-09-08T12:22:22.520+01:00 INFO : Filtering template 187/384 segment 1/5
2026-09-08T12:22:22.561+01:00 INFO : 2 points above threshold
2026-09-08T12:22:22.575+01:00 INFO : Filtering template 187/384 segment 2/5
2026-09-08T12:22:22.614+01:00 INFO : 1 points above threshold
2026-09-08T12:22:22.620+01:00 INFO : Filtering template 187/384 segment 3/5
2026-09-08T12:22:22.657+01:00 INFO : 3 points above threshold
2026-09-08T12:22:22.667+01:00 INFO : Filtering template 187/384 segment 4/5
2026-09-08T12:22:22.707+01:00 INFO : Filtering template 187/384 segment 5/5
2026-09-08T12:22:22.745+01:00 INFO : 1 points above threshold
2026-09-08T12:22:22.752+01:00 INFO : 187: generating IMRPhenomD from 30.0 Hz
2026-09-08T12:22:22.754+01:00 INFO : Decompressing waveform using inline_linear
2026-09-08T12:22:22.759+01:00 INFO : Filtering template 188/384 segment 1/5
2026-09-08T12:22:22.801+01:00 INFO : 1 points above threshold
2026-09-08T12:22:22.814+01:00 INFO : Filtering template 188/384 segment 2/5
2026-09-08T12:22:22.851+01:00 INFO : 1 points above threshold
2026-09-08T12:22:22.857+01:00 INFO : Filtering template 188/384 segment 3/5
2026-09-08T12:22:22.894+01:00 INFO : 3 points above threshold
2026-09-08T12:22:22.904+01:00 INFO : Filtering template 188/384 segment 4/5
2026-09-08T12:22:22.941+01:00 INFO : Filtering template 188/384 segment 5/5
2026-09-08T12:22:22.979+01:00 INFO : 188: generating IMRPhenomD from 30.0 Hz
2026-09-08T12:22:22.982+01:00 INFO : Decompressing waveform using inline_linear
2026-09-08T12:22:22.987+01:00 INFO : Filtering template 189/384 segment 1/5
2026-09-08T12:22:23.029+01:00 INFO : 1 points above threshold
2026-09-08T12:22:23.041+01:00 INFO : Filtering template 189/384 segment 2/5
2026-09-08T12:22:23.078+01:00 INFO : 1 points above threshold
2026-09-08T12:22:23.084+01:00 INFO : Filtering template 189/384 segment 3/5
2026-09-08T12:22:23.122+01:00 INFO : 2 points above threshold
2026-09-08T12:22:23.129+01:00 INFO : Filtering template 189/384 segment 4/5
2026-09-08T12:22:23.166+01:00 INFO : 2 points above threshold
2026-09-08T12:22:23.174+01:00 INFO : Filtering template 189/384 segment 5/5
2026-09-08T12:22:23.212+01:00 INFO : 1 points above threshold
2026-09-08T12:22:23.218+01:00 INFO : 189: generating IMRPhenomD from 30.0 Hz
2026-09-08T12:22:23.221+01:00 INFO : Decompressing waveform using inline_linear
2026-09-08T12:22:23.226+01:00 INFO : Filtering template 190/384 segment 1/5
2026-09-08T12:22:23.267+01:00 INFO : 1 points above threshold
2026-09-08T12:22:23.279+01:00 INFO : Filtering template 190/384 segment 2/5
2026-09-08T12:22:23.316+01:00 INFO : 2 points above threshold
2026-09-08T12:22:23.324+01:00 INFO : Filtering template 190/384 segment 3/5
2026-09-08T12:22:23.361+01:00 INFO : 1 points above threshold
2026-09-08T12:22:23.367+01:00 INFO : Filtering template 190/384 segment 4/5
2026-09-08T12:22:23.404+01:00 INFO : 1 points above threshold
2026-09-08T12:22:23.410+01:00 INFO : Filtering template 190/384 segment 5/5
2026-09-08T12:22:23.447+01:00 INFO : 1 points above threshold
2026-09-08T12:22:23.453+01:00 INFO : 190: generating IMRPhenomD from 30.0 Hz
2026-09-08T12:22:23.455+01:00 INFO : Decompressing waveform using inline_linear
2026-09-08T12:22:23.460+01:00 INFO : Filtering template 191/384 segment 1/5
2026-09-08T12:22:23.501+01:00 INFO : Filtering template 191/384 segment 2/5
2026-09-08T12:22:23.538+01:00 INFO : 1 points above threshold
2026-09-08T12:22:23.550+01:00 INFO : Filtering template 191/384 segment 3/5
2026-09-08T12:22:23.587+01:00 INFO : Filtering template 191/384 segment 4/5
2026-09-08T12:22:23.624+01:00 INFO : 1 points above threshold
2026-09-08T12:22:23.630+01:00 INFO : Filtering template 191/384 segment 5/5
2026-09-08T12:22:23.667+01:00 INFO : 1 points above threshold
2026-09-08T12:22:23.674+01:00 INFO : 191: generating IMRPhenomD from 30.0 Hz
2026-09-08T12:22:23.676+01:00 INFO : Decompressing waveform using inline_linear
2026-09-08T12:22:23.681+01:00 INFO : Filtering template 192/384 segment 1/5
2026-09-08T12:22:23.722+01:00 INFO : 2 points above threshold
2026-09-08T12:22:23.736+01:00 INFO : Filtering template 192/384 segment 2/5
2026-09-08T12:22:23.773+01:00 INFO : 3 points above threshold
2026-09-08T12:22:23.783+01:00 INFO : Filtering template 192/384 segment 3/5
2026-09-08T12:22:23.820+01:00 INFO : Filtering template 192/384 segment 4/5
2026-09-08T12:22:23.858+01:00 INFO : Filtering template 192/384 segment 5/5
2026-09-08T12:22:23.896+01:00 INFO : 192: generating IMRPhenomD from 30.0 Hz
2026-09-08T12:22:23.899+01:00 INFO : Decompressing waveform using inline_linear
2026-09-08T12:22:23.905+01:00 INFO : Filtering template 193/384 segment 1/5
2026-09-08T12:22:23.957+01:00 INFO : 1 points above threshold
2026-09-08T12:22:23.969+01:00 INFO : Filtering template 193/384 segment 2/5
2026-09-08T12:22:24.006+01:00 INFO : 4 points above threshold
2026-09-08T12:22:24.015+01:00 INFO : Filtering template 193/384 segment 3/5
2026-09-08T12:22:24.053+01:00 INFO : Filtering template 193/384 segment 4/5
2026-09-08T12:22:24.090+01:00 INFO : 1 points above threshold
2026-09-08T12:22:24.096+01:00 INFO : Filtering template 193/384 segment 5/5
2026-09-08T12:22:24.133+01:00 INFO : 3 points above threshold
2026-09-08T12:22:24.144+01:00 INFO : 193: generating IMRPhenomD from 30.0 Hz
2026-09-08T12:22:24.146+01:00 INFO : Decompressing waveform using inline_linear
2026-09-08T12:22:24.151+01:00 INFO : Filtering template 194/384 segment 1/5
2026-09-08T12:22:24.192+01:00 INFO : 2 points above threshold
2026-09-08T12:22:24.206+01:00 INFO : Filtering template 194/384 segment 2/5
2026-09-08T12:22:24.243+01:00 INFO : 1 points above threshold
2026-09-08T12:22:24.249+01:00 INFO : Filtering template 194/384 segment 3/5
2026-09-08T12:22:24.286+01:00 INFO : 1 points above threshold
2026-09-08T12:22:24.292+01:00 INFO : Filtering template 194/384 segment 4/5
2026-09-08T12:22:24.330+01:00 INFO : 2 points above threshold
2026-09-08T12:22:24.337+01:00 INFO : Filtering template 194/384 segment 5/5
2026-09-08T12:22:24.375+01:00 INFO : 1 points above threshold
2026-09-08T12:22:24.381+01:00 INFO : 194: generating IMRPhenomD from 30.0 Hz
2026-09-08T12:22:24.383+01:00 INFO : Decompressing waveform using inline_linear
2026-09-08T12:22:24.388+01:00 INFO : Filtering template 195/384 segment 1/5
2026-09-08T12:22:24.429+01:00 INFO : Filtering template 195/384 segment 2/5
2026-09-08T12:22:24.466+01:00 INFO : Filtering template 195/384 segment 3/5
2026-09-08T12:22:24.503+01:00 INFO : 1 points above threshold
2026-09-08T12:22:24.515+01:00 INFO : Filtering template 195/384 segment 4/5
2026-09-08T12:22:24.552+01:00 INFO : 2 points above threshold
2026-09-08T12:22:24.560+01:00 INFO : Filtering template 195/384 segment 5/5
2026-09-08T12:22:24.597+01:00 INFO : 195: generating IMRPhenomD from 30.0 Hz
2026-09-08T12:22:24.600+01:00 INFO : Decompressing waveform using inline_linear
2026-09-08T12:22:24.605+01:00 INFO : Filtering template 196/384 segment 1/5
2026-09-08T12:22:24.645+01:00 INFO : 2 points above threshold
2026-09-08T12:22:24.659+01:00 INFO : Filtering template 196/384 segment 2/5
2026-09-08T12:22:24.696+01:00 INFO : 3 points above threshold
2026-09-08T12:22:24.706+01:00 INFO : Filtering template 196/384 segment 3/5
2026-09-08T12:22:24.743+01:00 INFO : 1 points above threshold
2026-09-08T12:22:24.749+01:00 INFO : Filtering template 196/384 segment 4/5
2026-09-08T12:22:24.786+01:00 INFO : 1 points above threshold
2026-09-08T12:22:24.792+01:00 INFO : Filtering template 196/384 segment 5/5
2026-09-08T12:22:24.829+01:00 INFO : 2 points above threshold
2026-09-08T12:22:24.837+01:00 INFO : 196: generating IMRPhenomD from 30.0 Hz
2026-09-08T12:22:24.840+01:00 INFO : Decompressing waveform using inline_linear
2026-09-08T12:22:24.845+01:00 INFO : Filtering template 197/384 segment 1/5
2026-09-08T12:22:24.885+01:00 INFO : Filtering template 197/384 segment 2/5
2026-09-08T12:22:24.922+01:00 INFO : 1 points above threshold
2026-09-08T12:22:24.937+01:00 INFO : Filtering template 197/384 segment 3/5
2026-09-08T12:22:24.974+01:00 INFO : 4 points above threshold
2026-09-08T12:22:24.984+01:00 INFO : Filtering template 197/384 segment 4/5
2026-09-08T12:22:25.021+01:00 INFO : 1 points above threshold
2026-09-08T12:22:25.027+01:00 INFO : Filtering template 197/384 segment 5/5
2026-09-08T12:22:25.065+01:00 INFO : 197: generating IMRPhenomD from 30.0 Hz
2026-09-08T12:22:25.067+01:00 INFO : Decompressing waveform using inline_linear
2026-09-08T12:22:25.072+01:00 INFO : Filtering template 198/384 segment 1/5
2026-09-08T12:22:25.113+01:00 INFO : Filtering template 198/384 segment 2/5
2026-09-08T12:22:25.150+01:00 INFO : 4 points above threshold
2026-09-08T12:22:25.168+01:00 INFO : Filtering template 198/384 segment 3/5
2026-09-08T12:22:25.205+01:00 INFO : 3 points above threshold
2026-09-08T12:22:25.215+01:00 INFO : Filtering template 198/384 segment 4/5
2026-09-08T12:22:25.252+01:00 INFO : 1 points above threshold
2026-09-08T12:22:25.259+01:00 INFO : Filtering template 198/384 segment 5/5
2026-09-08T12:22:25.302+01:00 INFO : 1 points above threshold
2026-09-08T12:22:25.311+01:00 INFO : 198: generating IMRPhenomD from 30.0 Hz
2026-09-08T12:22:25.314+01:00 INFO : Decompressing waveform using inline_linear
2026-09-08T12:22:25.320+01:00 INFO : Filtering template 199/384 segment 1/5
2026-09-08T12:22:25.364+01:00 INFO : 1 points above threshold
2026-09-08T12:22:25.380+01:00 INFO : Filtering template 199/384 segment 2/5
2026-09-08T12:22:25.418+01:00 INFO : 1 points above threshold
2026-09-08T12:22:25.424+01:00 INFO : Filtering template 199/384 segment 3/5
2026-09-08T12:22:25.461+01:00 INFO : Filtering template 199/384 segment 4/5
2026-09-08T12:22:25.499+01:00 INFO : 2 points above threshold
2026-09-08T12:22:25.506+01:00 INFO : Filtering template 199/384 segment 5/5
2026-09-08T12:22:25.544+01:00 INFO : 199: generating IMRPhenomD from 30.0 Hz
2026-09-08T12:22:25.546+01:00 INFO : Decompressing waveform using inline_linear
2026-09-08T12:22:25.551+01:00 INFO : Filtering template 200/384 segment 1/5
2026-09-08T12:22:25.592+01:00 INFO : Filtering template 200/384 segment 2/5
2026-09-08T12:22:25.629+01:00 INFO : Filtering template 200/384 segment 3/5
2026-09-08T12:22:25.666+01:00 INFO : Filtering template 200/384 segment 4/5
2026-09-08T12:22:25.703+01:00 INFO : 1 points above threshold
2026-09-08T12:22:25.718+01:00 INFO : Filtering template 200/384 segment 5/5
2026-09-08T12:22:25.755+01:00 INFO : 1 points above threshold
2026-09-08T12:22:25.761+01:00 INFO : 200: generating IMRPhenomD from 30.0 Hz
2026-09-08T12:22:25.763+01:00 INFO : Decompressing waveform using inline_linear
2026-09-08T12:22:25.768+01:00 INFO : Filtering template 201/384 segment 1/5
2026-09-08T12:22:25.809+01:00 INFO : Filtering template 201/384 segment 2/5
2026-09-08T12:22:25.846+01:00 INFO : 1 points above threshold
2026-09-08T12:22:25.861+01:00 INFO : Filtering template 201/384 segment 3/5
2026-09-08T12:22:25.898+01:00 INFO : 1 points above threshold
2026-09-08T12:22:25.904+01:00 INFO : Filtering template 201/384 segment 4/5
2026-09-08T12:22:25.942+01:00 INFO : Filtering template 201/384 segment 5/5
2026-09-08T12:22:25.979+01:00 INFO : 1 points above threshold
2026-09-08T12:22:25.985+01:00 INFO : 201: generating IMRPhenomD from 30.0 Hz
2026-09-08T12:22:25.987+01:00 INFO : Decompressing waveform using inline_linear
2026-09-08T12:22:25.992+01:00 INFO : Filtering template 202/384 segment 1/5
2026-09-08T12:22:26.033+01:00 INFO : 2 points above threshold
2026-09-08T12:22:26.047+01:00 INFO : Filtering template 202/384 segment 2/5
2026-09-08T12:22:26.084+01:00 INFO : 2 points above threshold
2026-09-08T12:22:26.092+01:00 INFO : Filtering template 202/384 segment 3/5
2026-09-08T12:22:26.130+01:00 INFO : 3 points above threshold
2026-09-08T12:22:26.140+01:00 INFO : Filtering template 202/384 segment 4/5
2026-09-08T12:22:26.177+01:00 INFO : 1 points above threshold
2026-09-08T12:22:26.183+01:00 INFO : Filtering template 202/384 segment 5/5
2026-09-08T12:22:26.220+01:00 INFO : 202: generating IMRPhenomD from 30.0 Hz
2026-09-08T12:22:26.223+01:00 INFO : Decompressing waveform using inline_linear
2026-09-08T12:22:26.228+01:00 INFO : Filtering template 203/384 segment 1/5
2026-09-08T12:22:26.268+01:00 INFO : 1 points above threshold
2026-09-08T12:22:26.281+01:00 INFO : Filtering template 203/384 segment 2/5
2026-09-08T12:22:26.318+01:00 INFO : 2 points above threshold
2026-09-08T12:22:26.326+01:00 INFO : Filtering template 203/384 segment 3/5
2026-09-08T12:22:26.363+01:00 INFO : 2 points above threshold
2026-09-08T12:22:26.371+01:00 INFO : Filtering template 203/384 segment 4/5
2026-09-08T12:22:26.408+01:00 INFO : 3 points above threshold
2026-09-08T12:22:26.418+01:00 INFO : Filtering template 203/384 segment 5/5
2026-09-08T12:22:26.456+01:00 INFO : 2 points above threshold
2026-09-08T12:22:26.464+01:00 INFO : 203: generating IMRPhenomD from 30.0 Hz
2026-09-08T12:22:26.466+01:00 INFO : Decompressing waveform using inline_linear
2026-09-08T12:22:26.471+01:00 INFO : Filtering template 204/384 segment 1/5
2026-09-08T12:22:26.512+01:00 INFO : 1 points above threshold
2026-09-08T12:22:26.524+01:00 INFO : Filtering template 204/384 segment 2/5
2026-09-08T12:22:26.561+01:00 INFO : 1 points above threshold
2026-09-08T12:22:26.567+01:00 INFO : Filtering template 204/384 segment 3/5
2026-09-08T12:22:26.604+01:00 INFO : Filtering template 204/384 segment 4/5
2026-09-08T12:22:26.641+01:00 INFO : Filtering template 204/384 segment 5/5
2026-09-08T12:22:26.678+01:00 INFO : 1 points above threshold
2026-09-08T12:22:26.684+01:00 INFO : 204: generating IMRPhenomD from 30.0 Hz
2026-09-08T12:22:26.687+01:00 INFO : Decompressing waveform using inline_linear
2026-09-08T12:22:26.692+01:00 INFO : Filtering template 205/384 segment 1/5
2026-09-08T12:22:26.732+01:00 INFO : 2 points above threshold
2026-09-08T12:22:26.747+01:00 INFO : Filtering template 205/384 segment 2/5
2026-09-08T12:22:26.783+01:00 INFO : Filtering template 205/384 segment 3/5
2026-09-08T12:22:26.821+01:00 INFO : 1 points above threshold
2026-09-08T12:22:26.827+01:00 INFO : Filtering template 205/384 segment 4/5
2026-09-08T12:22:26.864+01:00 INFO : Filtering template 205/384 segment 5/5
2026-09-08T12:22:26.901+01:00 INFO : 2 points above threshold
2026-09-08T12:22:26.909+01:00 INFO : 205: generating IMRPhenomD from 30.0 Hz
2026-09-08T12:22:26.911+01:00 INFO : Decompressing waveform using inline_linear
2026-09-08T12:22:26.916+01:00 INFO : Filtering template 206/384 segment 1/5
2026-09-08T12:22:26.957+01:00 INFO : 2 points above threshold
2026-09-08T12:22:26.971+01:00 INFO : Filtering template 206/384 segment 2/5
2026-09-08T12:22:27.008+01:00 INFO : Filtering template 206/384 segment 3/5
2026-09-08T12:22:27.045+01:00 INFO : 2 points above threshold
2026-09-08T12:22:27.053+01:00 INFO : Filtering template 206/384 segment 4/5
2026-09-08T12:22:27.090+01:00 INFO : 4 points above threshold
2026-09-08T12:22:27.100+01:00 INFO : Filtering template 206/384 segment 5/5
2026-09-08T12:22:27.137+01:00 INFO : 206: generating IMRPhenomD from 30.0 Hz
2026-09-08T12:22:27.139+01:00 INFO : Decompressing waveform using inline_linear
2026-09-08T12:22:27.144+01:00 INFO : Filtering template 207/384 segment 1/5
2026-09-08T12:22:27.185+01:00 INFO : 3 points above threshold
2026-09-08T12:22:27.201+01:00 INFO : Filtering template 207/384 segment 2/5
2026-09-08T12:22:27.238+01:00 INFO : Filtering template 207/384 segment 3/5
2026-09-08T12:22:27.275+01:00 INFO : 1 points above threshold
2026-09-08T12:22:27.281+01:00 INFO : Filtering template 207/384 segment 4/5
2026-09-08T12:22:27.319+01:00 INFO : 3 points above threshold
2026-09-08T12:22:27.329+01:00 INFO : Filtering template 207/384 segment 5/5
2026-09-08T12:22:27.366+01:00 INFO : 207: generating IMRPhenomD from 30.0 Hz
2026-09-08T12:22:27.368+01:00 INFO : Decompressing waveform using inline_linear
2026-09-08T12:22:27.373+01:00 INFO : Filtering template 208/384 segment 1/5
2026-09-08T12:22:27.414+01:00 INFO : 2 points above threshold
2026-09-08T12:22:27.428+01:00 INFO : Filtering template 208/384 segment 2/5
2026-09-08T12:22:27.465+01:00 INFO : 1 points above threshold
2026-09-08T12:22:27.471+01:00 INFO : Filtering template 208/384 segment 3/5
2026-09-08T12:22:27.508+01:00 INFO : Filtering template 208/384 segment 4/5
2026-09-08T12:22:27.545+01:00 INFO : 3 points above threshold
2026-09-08T12:22:27.555+01:00 INFO : Filtering template 208/384 segment 5/5
2026-09-08T12:22:27.592+01:00 INFO : 1 points above threshold
2026-09-08T12:22:27.598+01:00 INFO : 208: generating IMRPhenomD from 30.0 Hz
2026-09-08T12:22:27.601+01:00 INFO : Decompressing waveform using inline_linear
2026-09-08T12:22:27.606+01:00 INFO : Filtering template 209/384 segment 1/5
2026-09-08T12:22:27.646+01:00 INFO : 2 points above threshold
2026-09-08T12:22:27.660+01:00 INFO : Filtering template 209/384 segment 2/5
2026-09-08T12:22:27.698+01:00 INFO : 1 points above threshold
2026-09-08T12:22:27.704+01:00 INFO : Filtering template 209/384 segment 3/5
2026-09-08T12:22:27.740+01:00 INFO : 3 points above threshold
2026-09-08T12:22:27.751+01:00 INFO : Filtering template 209/384 segment 4/5
2026-09-08T12:22:27.788+01:00 INFO : 1 points above threshold
2026-09-08T12:22:27.794+01:00 INFO : Filtering template 209/384 segment 5/5
2026-09-08T12:22:27.831+01:00 INFO : 1 points above threshold
2026-09-08T12:22:27.837+01:00 INFO : 209: generating IMRPhenomD from 30.0 Hz
2026-09-08T12:22:27.839+01:00 INFO : Decompressing waveform using inline_linear
2026-09-08T12:22:27.844+01:00 INFO : Filtering template 210/384 segment 1/5
2026-09-08T12:22:27.885+01:00 INFO : 2 points above threshold
2026-09-08T12:22:27.899+01:00 INFO : Filtering template 210/384 segment 2/5
2026-09-08T12:22:27.936+01:00 INFO : Filtering template 210/384 segment 3/5
2026-09-08T12:22:27.974+01:00 INFO : 1 points above threshold
2026-09-08T12:22:27.980+01:00 INFO : Filtering template 210/384 segment 4/5
2026-09-08T12:22:28.017+01:00 INFO : Filtering template 210/384 segment 5/5
2026-09-08T12:22:28.055+01:00 INFO : 210: generating IMRPhenomD from 30.0 Hz
2026-09-08T12:22:28.057+01:00 INFO : Decompressing waveform using inline_linear
2026-09-08T12:22:28.062+01:00 INFO : Filtering template 211/384 segment 1/5
2026-09-08T12:22:28.103+01:00 INFO : 1 points above threshold
2026-09-08T12:22:28.115+01:00 INFO : Filtering template 211/384 segment 2/5
2026-09-08T12:22:28.152+01:00 INFO : 1 points above threshold
2026-09-08T12:22:28.158+01:00 INFO : Filtering template 211/384 segment 3/5
2026-09-08T12:22:28.195+01:00 INFO : Filtering template 211/384 segment 4/5
2026-09-08T12:22:28.232+01:00 INFO : 2 points above threshold
2026-09-08T12:22:28.240+01:00 INFO : Filtering template 211/384 segment 5/5
2026-09-08T12:22:28.277+01:00 INFO : 1 points above threshold
2026-09-08T12:22:28.283+01:00 INFO : 211: generating IMRPhenomD from 30.0 Hz
2026-09-08T12:22:28.286+01:00 INFO : Decompressing waveform using inline_linear
2026-09-08T12:22:28.291+01:00 INFO : Filtering template 212/384 segment 1/5
2026-09-08T12:22:28.332+01:00 INFO : 1 points above threshold
2026-09-08T12:22:28.345+01:00 INFO : Filtering template 212/384 segment 2/5
2026-09-08T12:22:28.382+01:00 INFO : 1 points above threshold
2026-09-08T12:22:28.388+01:00 INFO : Filtering template 212/384 segment 3/5
2026-09-08T12:22:28.426+01:00 INFO : 1 points above threshold
2026-09-08T12:22:28.432+01:00 INFO : Filtering template 212/384 segment 4/5
2026-09-08T12:22:28.469+01:00 INFO : 1 points above threshold
2026-09-08T12:22:28.475+01:00 INFO : Filtering template 212/384 segment 5/5
2026-09-08T12:22:28.513+01:00 INFO : 212: generating IMRPhenomD from 30.0 Hz
2026-09-08T12:22:28.515+01:00 INFO : Decompressing waveform using inline_linear
2026-09-08T12:22:28.520+01:00 INFO : Filtering template 213/384 segment 1/5
2026-09-08T12:22:28.561+01:00 INFO : 2 points above threshold
2026-09-08T12:22:28.575+01:00 INFO : Filtering template 213/384 segment 2/5
2026-09-08T12:22:28.612+01:00 INFO : 2 points above threshold
2026-09-08T12:22:28.620+01:00 INFO : Filtering template 213/384 segment 3/5
2026-09-08T12:22:28.657+01:00 INFO : 1 points above threshold
2026-09-08T12:22:28.663+01:00 INFO : Filtering template 213/384 segment 4/5
2026-09-08T12:22:28.700+01:00 INFO : Filtering template 213/384 segment 5/5
2026-09-08T12:22:28.738+01:00 INFO : 213: generating IMRPhenomD from 30.0 Hz
2026-09-08T12:22:28.740+01:00 INFO : Decompressing waveform using inline_linear
2026-09-08T12:22:28.745+01:00 INFO : Filtering template 214/384 segment 1/5
2026-09-08T12:22:28.786+01:00 INFO : 1 points above threshold
2026-09-08T12:22:28.799+01:00 INFO : Filtering template 214/384 segment 2/5
2026-09-08T12:22:28.836+01:00 INFO : 1 points above threshold
2026-09-08T12:22:28.842+01:00 INFO : Filtering template 214/384 segment 3/5
2026-09-08T12:22:28.879+01:00 INFO : 1 points above threshold
2026-09-08T12:22:28.885+01:00 INFO : Filtering template 214/384 segment 4/5
2026-09-08T12:22:28.922+01:00 INFO : Filtering template 214/384 segment 5/5
2026-09-08T12:22:28.959+01:00 INFO : 214: generating IMRPhenomD from 30.0 Hz
2026-09-08T12:22:28.962+01:00 INFO : Decompressing waveform using inline_linear
2026-09-08T12:22:28.967+01:00 INFO : Filtering template 215/384 segment 1/5
2026-09-08T12:22:29.007+01:00 INFO : Filtering template 215/384 segment 2/5
2026-09-08T12:22:29.044+01:00 INFO : 2 points above threshold
2026-09-08T12:22:29.059+01:00 INFO : Filtering template 215/384 segment 3/5
2026-09-08T12:22:29.098+01:00 INFO : Filtering template 215/384 segment 4/5
2026-09-08T12:22:29.137+01:00 INFO : 1 points above threshold
2026-09-08T12:22:29.143+01:00 INFO : Filtering template 215/384 segment 5/5
2026-09-08T12:22:29.182+01:00 INFO : 1 points above threshold
2026-09-08T12:22:29.189+01:00 INFO : 215: generating IMRPhenomD from 30.0 Hz
2026-09-08T12:22:29.191+01:00 INFO : Decompressing waveform using inline_linear
2026-09-08T12:22:29.197+01:00 INFO : Filtering template 216/384 segment 1/5
2026-09-08T12:22:29.238+01:00 INFO : 1 points above threshold
2026-09-08T12:22:29.251+01:00 INFO : Filtering template 216/384 segment 2/5
2026-09-08T12:22:29.288+01:00 INFO : 1 points above threshold
2026-09-08T12:22:29.294+01:00 INFO : Filtering template 216/384 segment 3/5
2026-09-08T12:22:29.332+01:00 INFO : Filtering template 216/384 segment 4/5
2026-09-08T12:22:29.369+01:00 INFO : 3 points above threshold
2026-09-08T12:22:29.379+01:00 INFO : Filtering template 216/384 segment 5/5
2026-09-08T12:22:29.417+01:00 INFO : 216: generating IMRPhenomD from 30.0 Hz
2026-09-08T12:22:29.420+01:00 INFO : Decompressing waveform using inline_linear
2026-09-08T12:22:29.425+01:00 INFO : Filtering template 217/384 segment 1/5
2026-09-08T12:22:29.466+01:00 INFO : Filtering template 217/384 segment 2/5
2026-09-08T12:22:29.504+01:00 INFO : 1 points above threshold
2026-09-08T12:22:29.516+01:00 INFO : Filtering template 217/384 segment 3/5
2026-09-08T12:22:29.554+01:00 INFO : Filtering template 217/384 segment 4/5
2026-09-08T12:22:29.591+01:00 INFO : Filtering template 217/384 segment 5/5
2026-09-08T12:22:29.630+01:00 INFO : 217: generating IMRPhenomD from 30.0 Hz
2026-09-08T12:22:29.632+01:00 INFO : Decompressing waveform using inline_linear
2026-09-08T12:22:29.637+01:00 INFO : Filtering template 218/384 segment 1/5
2026-09-08T12:22:29.678+01:00 INFO : 2 points above threshold
2026-09-08T12:22:29.692+01:00 INFO : Filtering template 218/384 segment 2/5
2026-09-08T12:22:29.730+01:00 INFO : 2 points above threshold
2026-09-08T12:22:29.738+01:00 INFO : Filtering template 218/384 segment 3/5
2026-09-08T12:22:29.775+01:00 INFO : 2 points above threshold
2026-09-08T12:22:29.783+01:00 INFO : Filtering template 218/384 segment 4/5
2026-09-08T12:22:29.821+01:00 INFO : 2 points above threshold
2026-09-08T12:22:29.829+01:00 INFO : Filtering template 218/384 segment 5/5
2026-09-08T12:22:29.866+01:00 INFO : 1 points above threshold
2026-09-08T12:22:29.873+01:00 INFO : 218: generating IMRPhenomD from 30.0 Hz
2026-09-08T12:22:29.875+01:00 INFO : Decompressing waveform using inline_linear
2026-09-08T12:22:29.880+01:00 INFO : Filtering template 219/384 segment 1/5
2026-09-08T12:22:29.921+01:00 INFO : 2 points above threshold
2026-09-08T12:22:29.935+01:00 INFO : Filtering template 219/384 segment 2/5
2026-09-08T12:22:29.973+01:00 INFO : 1 points above threshold
2026-09-08T12:22:29.979+01:00 INFO : Filtering template 219/384 segment 3/5
2026-09-08T12:22:30.016+01:00 INFO : Filtering template 219/384 segment 4/5
2026-09-08T12:22:30.054+01:00 INFO : 1 points above threshold
2026-09-08T12:22:30.060+01:00 INFO : Filtering template 219/384 segment 5/5
2026-09-08T12:22:30.097+01:00 INFO : 219: generating IMRPhenomD from 30.0 Hz
2026-09-08T12:22:30.100+01:00 INFO : Decompressing waveform using inline_linear
2026-09-08T12:22:30.105+01:00 INFO : Filtering template 220/384 segment 1/5
2026-09-08T12:22:30.146+01:00 INFO : 3 points above threshold
2026-09-08T12:22:30.162+01:00 INFO : Filtering template 220/384 segment 2/5
2026-09-08T12:22:30.200+01:00 INFO : 2 points above threshold
2026-09-08T12:22:30.208+01:00 INFO : Filtering template 220/384 segment 3/5
2026-09-08T12:22:30.245+01:00 INFO : 3 points above threshold
2026-09-08T12:22:30.255+01:00 INFO : Filtering template 220/384 segment 4/5
2026-09-08T12:22:30.293+01:00 INFO : 2 points above threshold
2026-09-08T12:22:30.301+01:00 INFO : Filtering template 220/384 segment 5/5
2026-09-08T12:22:30.339+01:00 INFO : 220: generating IMRPhenomD from 30.0 Hz
2026-09-08T12:22:30.341+01:00 INFO : Decompressing waveform using inline_linear
2026-09-08T12:22:30.346+01:00 INFO : Filtering template 221/384 segment 1/5
2026-09-08T12:22:30.392+01:00 INFO : 1 points above threshold
2026-09-08T12:22:30.407+01:00 INFO : Filtering template 221/384 segment 2/5
2026-09-08T12:22:30.464+01:00 INFO : 1 points above threshold
2026-09-08T12:22:30.472+01:00 INFO : Filtering template 221/384 segment 3/5
2026-09-08T12:22:30.522+01:00 INFO : 1 points above threshold
2026-09-08T12:22:30.528+01:00 INFO : Filtering template 221/384 segment 4/5
2026-09-08T12:22:30.564+01:00 INFO : Filtering template 221/384 segment 5/5
2026-09-08T12:22:30.601+01:00 INFO : 2 points above threshold
2026-09-08T12:22:30.610+01:00 INFO : 221: generating IMRPhenomD from 30.0 Hz
2026-09-08T12:22:30.612+01:00 INFO : Decompressing waveform using inline_linear
2026-09-08T12:22:30.617+01:00 INFO : Filtering template 222/384 segment 1/5
2026-09-08T12:22:30.658+01:00 INFO : Filtering template 222/384 segment 2/5
2026-09-08T12:22:30.695+01:00 INFO : 2 points above threshold
2026-09-08T12:22:30.709+01:00 INFO : Filtering template 222/384 segment 3/5
2026-09-08T12:22:30.746+01:00 INFO : 1 points above threshold
2026-09-08T12:22:30.752+01:00 INFO : Filtering template 222/384 segment 4/5
2026-09-08T12:22:30.789+01:00 INFO : Filtering template 222/384 segment 5/5
2026-09-08T12:22:30.827+01:00 INFO : 222: generating IMRPhenomD from 30.0 Hz
2026-09-08T12:22:30.829+01:00 INFO : Decompressing waveform using inline_linear
2026-09-08T12:22:30.834+01:00 INFO : Filtering template 223/384 segment 1/5
2026-09-08T12:22:30.875+01:00 INFO : 1 points above threshold
2026-09-08T12:22:30.887+01:00 INFO : Filtering template 223/384 segment 2/5
2026-09-08T12:22:30.924+01:00 INFO : Filtering template 223/384 segment 3/5
2026-09-08T12:22:30.961+01:00 INFO : 5 points above threshold
2026-09-08T12:22:30.974+01:00 INFO : Filtering template 223/384 segment 4/5
2026-09-08T12:22:31.011+01:00 INFO : Filtering template 223/384 segment 5/5
2026-09-08T12:22:31.048+01:00 INFO : 223: generating IMRPhenomD from 30.0 Hz
2026-09-08T12:22:31.050+01:00 INFO : Decompressing waveform using inline_linear
2026-09-08T12:22:31.055+01:00 INFO : Filtering template 224/384 segment 1/5
2026-09-08T12:22:31.096+01:00 INFO : 1 points above threshold
2026-09-08T12:22:31.108+01:00 INFO : Filtering template 224/384 segment 2/5
2026-09-08T12:22:31.145+01:00 INFO : 2 points above threshold
2026-09-08T12:22:31.153+01:00 INFO : Filtering template 224/384 segment 3/5
2026-09-08T12:22:31.190+01:00 INFO : 1 points above threshold
2026-09-08T12:22:31.196+01:00 INFO : Filtering template 224/384 segment 4/5
2026-09-08T12:22:31.233+01:00 INFO : 2 points above threshold
2026-09-08T12:22:31.241+01:00 INFO : Filtering template 224/384 segment 5/5
2026-09-08T12:22:31.279+01:00 INFO : 224: generating IMRPhenomD from 30.0 Hz
2026-09-08T12:22:31.281+01:00 INFO : Decompressing waveform using inline_linear
2026-09-08T12:22:31.286+01:00 INFO : Filtering template 225/384 segment 1/5
2026-09-08T12:22:31.327+01:00 INFO : 1 points above threshold
2026-09-08T12:22:31.342+01:00 INFO : Filtering template 225/384 segment 2/5
2026-09-08T12:22:31.379+01:00 INFO : Filtering template 225/384 segment 3/5
2026-09-08T12:22:31.416+01:00 INFO : Filtering template 225/384 segment 4/5
2026-09-08T12:22:31.453+01:00 INFO : 1 points above threshold
2026-09-08T12:22:31.459+01:00 INFO : Filtering template 225/384 segment 5/5
2026-09-08T12:22:31.497+01:00 INFO : 1 points above threshold
2026-09-08T12:22:31.509+01:00 INFO : 225: generating IMRPhenomD from 30.0 Hz
2026-09-08T12:22:31.511+01:00 INFO : Decompressing waveform using inline_linear
2026-09-08T12:22:31.516+01:00 INFO : Filtering template 226/384 segment 1/5
2026-09-08T12:22:31.556+01:00 INFO : 1 points above threshold
2026-09-08T12:22:31.572+01:00 INFO : Filtering template 226/384 segment 2/5
2026-09-08T12:22:31.608+01:00 INFO : Filtering template 226/384 segment 3/5
2026-09-08T12:22:31.645+01:00 INFO : Filtering template 226/384 segment 4/5
2026-09-08T12:22:31.682+01:00 INFO : 2 points above threshold
2026-09-08T12:22:31.690+01:00 INFO : Filtering template 226/384 segment 5/5
2026-09-08T12:22:31.726+01:00 INFO : 1 points above threshold
2026-09-08T12:22:31.733+01:00 INFO : 226: generating IMRPhenomD from 30.0 Hz
2026-09-08T12:22:31.735+01:00 INFO : Decompressing waveform using inline_linear
2026-09-08T12:22:31.740+01:00 INFO : Filtering template 227/384 segment 1/5
2026-09-08T12:22:31.780+01:00 INFO : Filtering template 227/384 segment 2/5
2026-09-08T12:22:31.818+01:00 INFO : Filtering template 227/384 segment 3/5
2026-09-08T12:22:31.854+01:00 INFO : 3 points above threshold
2026-09-08T12:22:31.873+01:00 INFO : Filtering template 227/384 segment 4/5
2026-09-08T12:22:31.910+01:00 INFO : 2 points above threshold
2026-09-08T12:22:31.918+01:00 INFO : Filtering template 227/384 segment 5/5
2026-09-08T12:22:31.955+01:00 INFO : 4 points above threshold
2026-09-08T12:22:31.965+01:00 INFO : 227: generating IMRPhenomD from 30.0 Hz
2026-09-08T12:22:31.967+01:00 INFO : Decompressing waveform using inline_linear
2026-09-08T12:22:31.972+01:00 INFO : Filtering template 228/384 segment 1/5
2026-09-08T12:22:32.013+01:00 INFO : 4 points above threshold
2026-09-08T12:22:32.032+01:00 INFO : Filtering template 228/384 segment 2/5
2026-09-08T12:22:32.069+01:00 INFO : 1 points above threshold
2026-09-08T12:22:32.075+01:00 INFO : Filtering template 228/384 segment 3/5
2026-09-08T12:22:32.113+01:00 INFO : Filtering template 228/384 segment 4/5
2026-09-08T12:22:32.150+01:00 INFO : 3 points above threshold
2026-09-08T12:22:32.160+01:00 INFO : Filtering template 228/384 segment 5/5
2026-09-08T12:22:32.197+01:00 INFO : 3 points above threshold
2026-09-08T12:22:32.208+01:00 INFO : 228: generating IMRPhenomD from 30.0 Hz
2026-09-08T12:22:32.210+01:00 INFO : Decompressing waveform using inline_linear
2026-09-08T12:22:32.215+01:00 INFO : Filtering template 229/384 segment 1/5
2026-09-08T12:22:32.256+01:00 INFO : Filtering template 229/384 segment 2/5
2026-09-08T12:22:32.293+01:00 INFO : Filtering template 229/384 segment 3/5
2026-09-08T12:22:32.330+01:00 INFO : 1 points above threshold
2026-09-08T12:22:32.343+01:00 INFO : Filtering template 229/384 segment 4/5
2026-09-08T12:22:32.381+01:00 INFO : Filtering template 229/384 segment 5/5
2026-09-08T12:22:32.418+01:00 INFO : 4 points above threshold
2026-09-08T12:22:32.428+01:00 INFO : 229: generating IMRPhenomD from 30.0 Hz
2026-09-08T12:22:32.430+01:00 INFO : Decompressing waveform using inline_linear
2026-09-08T12:22:32.435+01:00 INFO : Filtering template 230/384 segment 1/5
2026-09-08T12:22:32.476+01:00 INFO : 1 points above threshold
2026-09-08T12:22:32.488+01:00 INFO : Filtering template 230/384 segment 2/5
2026-09-08T12:22:32.525+01:00 INFO : Filtering template 230/384 segment 3/5
2026-09-08T12:22:32.562+01:00 INFO : 3 points above threshold
2026-09-08T12:22:32.572+01:00 INFO : Filtering template 230/384 segment 4/5
2026-09-08T12:22:32.609+01:00 INFO : 3 points above threshold
2026-09-08T12:22:32.619+01:00 INFO : Filtering template 230/384 segment 5/5
2026-09-08T12:22:32.656+01:00 INFO : 1 points above threshold
2026-09-08T12:22:32.663+01:00 INFO : 230: generating IMRPhenomD from 30.0 Hz
2026-09-08T12:22:32.665+01:00 INFO : Decompressing waveform using inline_linear
2026-09-08T12:22:32.670+01:00 INFO : Filtering template 231/384 segment 1/5
2026-09-08T12:22:32.710+01:00 INFO : 2 points above threshold
2026-09-08T12:22:32.725+01:00 INFO : Filtering template 231/384 segment 2/5
2026-09-08T12:22:32.762+01:00 INFO : 1 points above threshold
2026-09-08T12:22:32.768+01:00 INFO : Filtering template 231/384 segment 3/5
2026-09-08T12:22:32.805+01:00 INFO : 1 points above threshold
2026-09-08T12:22:32.811+01:00 INFO : Filtering template 231/384 segment 4/5
2026-09-08T12:22:32.848+01:00 INFO : 1 points above threshold
2026-09-08T12:22:32.854+01:00 INFO : Filtering template 231/384 segment 5/5
2026-09-08T12:22:32.892+01:00 INFO : 231: generating IMRPhenomD from 30.0 Hz
2026-09-08T12:22:32.894+01:00 INFO : Decompressing waveform using inline_linear
2026-09-08T12:22:32.899+01:00 INFO : Filtering template 232/384 segment 1/5
2026-09-08T12:22:32.940+01:00 INFO : 2 points above threshold
2026-09-08T12:22:32.954+01:00 INFO : Filtering template 232/384 segment 2/5
2026-09-08T12:22:32.992+01:00 INFO : 2 points above threshold
2026-09-08T12:22:32.999+01:00 INFO : Filtering template 232/384 segment 3/5
2026-09-08T12:22:33.036+01:00 INFO : 2 points above threshold
2026-09-08T12:22:33.044+01:00 INFO : Filtering template 232/384 segment 4/5
2026-09-08T12:22:33.081+01:00 INFO : 2 points above threshold
2026-09-08T12:22:33.089+01:00 INFO : Filtering template 232/384 segment 5/5
2026-09-08T12:22:33.127+01:00 INFO : 1 points above threshold
2026-09-08T12:22:33.133+01:00 INFO : 232: generating IMRPhenomD from 30.0 Hz
2026-09-08T12:22:33.136+01:00 INFO : Decompressing waveform using inline_linear
2026-09-08T12:22:33.140+01:00 INFO : Filtering template 233/384 segment 1/5
2026-09-08T12:22:33.181+01:00 INFO : Filtering template 233/384 segment 2/5
2026-09-08T12:22:33.218+01:00 INFO : 1 points above threshold
2026-09-08T12:22:33.230+01:00 INFO : Filtering template 233/384 segment 3/5
2026-09-08T12:22:33.267+01:00 INFO : Filtering template 233/384 segment 4/5
2026-09-08T12:22:33.305+01:00 INFO : 1 points above threshold
2026-09-08T12:22:33.311+01:00 INFO : Filtering template 233/384 segment 5/5
2026-09-08T12:22:33.348+01:00 INFO : 233: generating IMRPhenomD from 30.0 Hz
2026-09-08T12:22:33.351+01:00 INFO : Decompressing waveform using inline_linear
2026-09-08T12:22:33.356+01:00 INFO : Filtering template 234/384 segment 1/5
2026-09-08T12:22:33.397+01:00 INFO : 2 points above threshold
2026-09-08T12:22:33.411+01:00 INFO : Filtering template 234/384 segment 2/5
2026-09-08T12:22:33.448+01:00 INFO : 1 points above threshold
2026-09-08T12:22:33.454+01:00 INFO : Filtering template 234/384 segment 3/5
2026-09-08T12:22:33.492+01:00 INFO : 1 points above threshold
2026-09-08T12:22:33.498+01:00 INFO : Filtering template 234/384 segment 4/5
2026-09-08T12:22:33.537+01:00 INFO : 1 points above threshold
2026-09-08T12:22:33.544+01:00 INFO : Filtering template 234/384 segment 5/5
2026-09-08T12:22:33.584+01:00 INFO : 1 points above threshold
2026-09-08T12:22:33.590+01:00 INFO : 234: generating IMRPhenomD from 30.0 Hz
2026-09-08T12:22:33.593+01:00 INFO : Decompressing waveform using inline_linear
2026-09-08T12:22:33.598+01:00 INFO : Filtering template 235/384 segment 1/5
2026-09-08T12:22:33.638+01:00 INFO : Filtering template 235/384 segment 2/5
2026-09-08T12:22:33.675+01:00 INFO : 2 points above threshold
2026-09-08T12:22:33.690+01:00 INFO : Filtering template 235/384 segment 3/5
2026-09-08T12:22:33.727+01:00 INFO : Filtering template 235/384 segment 4/5
2026-09-08T12:22:33.764+01:00 INFO : 1 points above threshold
2026-09-08T12:22:33.770+01:00 INFO : Filtering template 235/384 segment 5/5
2026-09-08T12:22:33.808+01:00 INFO : 235: generating IMRPhenomD from 30.0 Hz
2026-09-08T12:22:33.810+01:00 INFO : Decompressing waveform using inline_linear
2026-09-08T12:22:33.815+01:00 INFO : Filtering template 236/384 segment 1/5
2026-09-08T12:22:33.856+01:00 INFO : 1 points above threshold
2026-09-08T12:22:33.868+01:00 INFO : Filtering template 236/384 segment 2/5
2026-09-08T12:22:33.906+01:00 INFO : 2 points above threshold
2026-09-08T12:22:33.914+01:00 INFO : Filtering template 236/384 segment 3/5
2026-09-08T12:22:33.951+01:00 INFO : Filtering template 236/384 segment 4/5
2026-09-08T12:22:33.988+01:00 INFO : 1 points above threshold
2026-09-08T12:22:33.994+01:00 INFO : Filtering template 236/384 segment 5/5
2026-09-08T12:22:34.032+01:00 INFO : 1 points above threshold
2026-09-08T12:22:34.039+01:00 INFO : 236: generating IMRPhenomD from 30.0 Hz
2026-09-08T12:22:34.042+01:00 INFO : Decompressing waveform using inline_linear
2026-09-08T12:22:34.046+01:00 INFO : Filtering template 237/384 segment 1/5
2026-09-08T12:22:34.087+01:00 INFO : Filtering template 237/384 segment 2/5
2026-09-08T12:22:34.125+01:00 INFO : 1 points above threshold
2026-09-08T12:22:34.137+01:00 INFO : Filtering template 237/384 segment 3/5
2026-09-08T12:22:34.174+01:00 INFO : 1 points above threshold
2026-09-08T12:22:34.180+01:00 INFO : Filtering template 237/384 segment 4/5
2026-09-08T12:22:34.217+01:00 INFO : 1 points above threshold
2026-09-08T12:22:34.223+01:00 INFO : Filtering template 237/384 segment 5/5
2026-09-08T12:22:34.260+01:00 INFO : 237: generating IMRPhenomD from 30.0 Hz
2026-09-08T12:22:34.263+01:00 INFO : Decompressing waveform using inline_linear
2026-09-08T12:22:34.268+01:00 INFO : Filtering template 238/384 segment 1/5
2026-09-08T12:22:34.308+01:00 INFO : Filtering template 238/384 segment 2/5
2026-09-08T12:22:34.345+01:00 INFO : 2 points above threshold
2026-09-08T12:22:34.359+01:00 INFO : Filtering template 238/384 segment 3/5
2026-09-08T12:22:34.397+01:00 INFO : 1 points above threshold
2026-09-08T12:22:34.403+01:00 INFO : Filtering template 238/384 segment 4/5
2026-09-08T12:22:34.441+01:00 INFO : Filtering template 238/384 segment 5/5
2026-09-08T12:22:34.478+01:00 INFO : 2 points above threshold
2026-09-08T12:22:34.486+01:00 INFO : 238: generating IMRPhenomD from 30.0 Hz
2026-09-08T12:22:34.489+01:00 INFO : Decompressing waveform using inline_linear
2026-09-08T12:22:34.493+01:00 INFO : Filtering template 239/384 segment 1/5
2026-09-08T12:22:34.534+01:00 INFO : Filtering template 239/384 segment 2/5
2026-09-08T12:22:34.571+01:00 INFO : Filtering template 239/384 segment 3/5
2026-09-08T12:22:34.608+01:00 INFO : 2 points above threshold
2026-09-08T12:22:34.622+01:00 INFO : Filtering template 239/384 segment 4/5
2026-09-08T12:22:34.660+01:00 INFO : 1 points above threshold
2026-09-08T12:22:34.666+01:00 INFO : Filtering template 239/384 segment 5/5
2026-09-08T12:22:34.704+01:00 INFO : 239: generating IMRPhenomD from 30.0 Hz
2026-09-08T12:22:34.707+01:00 INFO : Decompressing waveform using inline_linear
2026-09-08T12:22:34.712+01:00 INFO : Filtering template 240/384 segment 1/5
2026-09-08T12:22:34.753+01:00 INFO : 1 points above threshold
2026-09-08T12:22:34.766+01:00 INFO : Filtering template 240/384 segment 2/5
2026-09-08T12:22:34.804+01:00 INFO : 1 points above threshold
2026-09-08T12:22:34.810+01:00 INFO : Filtering template 240/384 segment 3/5
2026-09-08T12:22:34.847+01:00 INFO : 2 points above threshold
2026-09-08T12:22:34.855+01:00 INFO : Filtering template 240/384 segment 4/5
2026-09-08T12:22:34.892+01:00 INFO : Filtering template 240/384 segment 5/5
2026-09-08T12:22:34.930+01:00 INFO : 240: generating IMRPhenomD from 30.0 Hz
2026-09-08T12:22:34.932+01:00 INFO : Decompressing waveform using inline_linear
2026-09-08T12:22:34.937+01:00 INFO : Filtering template 241/384 segment 1/5
2026-09-08T12:22:34.978+01:00 INFO : 1 points above threshold
2026-09-08T12:22:34.991+01:00 INFO : Filtering template 241/384 segment 2/5
2026-09-08T12:22:35.028+01:00 INFO : 2 points above threshold
2026-09-08T12:22:35.036+01:00 INFO : Filtering template 241/384 segment 3/5
2026-09-08T12:22:35.073+01:00 INFO : 1 points above threshold
2026-09-08T12:22:35.079+01:00 INFO : Filtering template 241/384 segment 4/5
2026-09-08T12:22:35.116+01:00 INFO : 1 points above threshold
2026-09-08T12:22:35.122+01:00 INFO : Filtering template 241/384 segment 5/5
2026-09-08T12:22:35.159+01:00 INFO : 241: generating IMRPhenomD from 30.0 Hz
2026-09-08T12:22:35.162+01:00 INFO : Decompressing waveform using inline_linear
2026-09-08T12:22:35.167+01:00 INFO : Filtering template 242/384 segment 1/5
2026-09-08T12:22:35.207+01:00 INFO : 1 points above threshold
2026-09-08T12:22:35.219+01:00 INFO : Filtering template 242/384 segment 2/5
2026-09-08T12:22:35.257+01:00 INFO : Filtering template 242/384 segment 3/5
2026-09-08T12:22:35.302+01:00 INFO : 1 points above threshold
2026-09-08T12:22:35.311+01:00 INFO : Filtering template 242/384 segment 4/5
2026-09-08T12:22:35.356+01:00 INFO : Filtering template 242/384 segment 5/5
2026-09-08T12:22:35.393+01:00 INFO : 1 points above threshold
2026-09-08T12:22:35.399+01:00 INFO : 242: generating IMRPhenomD from 30.0 Hz
2026-09-08T12:22:35.402+01:00 INFO : Decompressing waveform using inline_linear
2026-09-08T12:22:35.407+01:00 INFO : Filtering template 243/384 segment 1/5
2026-09-08T12:22:35.448+01:00 INFO : 1 points above threshold
2026-09-08T12:22:35.462+01:00 INFO : Filtering template 243/384 segment 2/5
2026-09-08T12:22:35.501+01:00 INFO : 1 points above threshold
2026-09-08T12:22:35.508+01:00 INFO : Filtering template 243/384 segment 3/5
2026-09-08T12:22:35.548+01:00 INFO : 2 points above threshold
2026-09-08T12:22:35.557+01:00 INFO : Filtering template 243/384 segment 4/5
2026-09-08T12:22:35.594+01:00 INFO : 1 points above threshold
2026-09-08T12:22:35.600+01:00 INFO : Filtering template 243/384 segment 5/5
2026-09-08T12:22:35.637+01:00 INFO : 1 points above threshold
2026-09-08T12:22:35.643+01:00 INFO : 243: generating IMRPhenomD from 30.0 Hz
2026-09-08T12:22:35.646+01:00 INFO : Decompressing waveform using inline_linear
2026-09-08T12:22:35.651+01:00 INFO : Filtering template 244/384 segment 1/5
2026-09-08T12:22:35.691+01:00 INFO : 1 points above threshold
2026-09-08T12:22:35.703+01:00 INFO : Filtering template 244/384 segment 2/5
2026-09-08T12:22:35.740+01:00 INFO : 3 points above threshold
2026-09-08T12:22:35.750+01:00 INFO : Filtering template 244/384 segment 3/5
2026-09-08T12:22:35.787+01:00 INFO : 3 points above threshold
2026-09-08T12:22:35.797+01:00 INFO : Filtering template 244/384 segment 4/5
2026-09-08T12:22:35.835+01:00 INFO : 1 points above threshold
2026-09-08T12:22:35.841+01:00 INFO : Filtering template 244/384 segment 5/5
2026-09-08T12:22:35.877+01:00 INFO : 1 points above threshold
2026-09-08T12:22:35.884+01:00 INFO : 244: generating IMRPhenomD from 30.0 Hz
2026-09-08T12:22:35.886+01:00 INFO : Decompressing waveform using inline_linear
2026-09-08T12:22:35.891+01:00 INFO : Filtering template 245/384 segment 1/5
2026-09-08T12:22:35.933+01:00 INFO : Filtering template 245/384 segment 2/5
2026-09-08T12:22:35.971+01:00 INFO : 2 points above threshold
2026-09-08T12:22:35.986+01:00 INFO : Filtering template 245/384 segment 3/5
2026-09-08T12:22:36.025+01:00 INFO : 2 points above threshold
2026-09-08T12:22:36.034+01:00 INFO : Filtering template 245/384 segment 4/5
2026-09-08T12:22:36.071+01:00 INFO : 1 points above threshold
2026-09-08T12:22:36.077+01:00 INFO : Filtering template 245/384 segment 5/5
2026-09-08T12:22:36.114+01:00 INFO : 245: generating IMRPhenomD from 30.0 Hz
2026-09-08T12:22:36.117+01:00 INFO : Decompressing waveform using inline_linear
2026-09-08T12:22:36.122+01:00 INFO : Filtering template 246/384 segment 1/5
2026-09-08T12:22:36.163+01:00 INFO : Filtering template 246/384 segment 2/5
2026-09-08T12:22:36.200+01:00 INFO : Filtering template 246/384 segment 3/5
2026-09-08T12:22:36.237+01:00 INFO : 1 points above threshold
2026-09-08T12:22:36.249+01:00 INFO : Filtering template 246/384 segment 4/5
2026-09-08T12:22:36.286+01:00 INFO : Filtering template 246/384 segment 5/5
2026-09-08T12:22:36.324+01:00 INFO : 246: generating IMRPhenomD from 30.0 Hz
2026-09-08T12:22:36.326+01:00 INFO : Decompressing waveform using inline_linear
2026-09-08T12:22:36.331+01:00 INFO : Filtering template 247/384 segment 1/5
2026-09-08T12:22:36.372+01:00 INFO : Filtering template 247/384 segment 2/5
2026-09-08T12:22:36.409+01:00 INFO : Filtering template 247/384 segment 3/5
2026-09-08T12:22:36.446+01:00 INFO : Filtering template 247/384 segment 4/5
2026-09-08T12:22:36.483+01:00 INFO : Filtering template 247/384 segment 5/5
2026-09-08T12:22:36.520+01:00 INFO : 247: generating IMRPhenomD from 30.0 Hz
2026-09-08T12:22:36.523+01:00 INFO : Decompressing waveform using inline_linear
2026-09-08T12:22:36.528+01:00 INFO : Filtering template 248/384 segment 1/5
2026-09-08T12:22:36.569+01:00 INFO : 2 points above threshold
2026-09-08T12:22:36.583+01:00 INFO : Filtering template 248/384 segment 2/5
2026-09-08T12:22:36.621+01:00 INFO : 1 points above threshold
2026-09-08T12:22:36.627+01:00 INFO : Filtering template 248/384 segment 3/5
2026-09-08T12:22:36.664+01:00 INFO : 2 points above threshold
2026-09-08T12:22:36.672+01:00 INFO : Filtering template 248/384 segment 4/5
2026-09-08T12:22:36.709+01:00 INFO : Filtering template 248/384 segment 5/5
2026-09-08T12:22:36.747+01:00 INFO : 248: generating IMRPhenomD from 30.0 Hz
2026-09-08T12:22:36.750+01:00 INFO : Decompressing waveform using inline_linear
2026-09-08T12:22:36.754+01:00 INFO : Filtering template 249/384 segment 1/5
2026-09-08T12:22:36.795+01:00 INFO : 1 points above threshold
2026-09-08T12:22:36.807+01:00 INFO : Filtering template 249/384 segment 2/5
2026-09-08T12:22:36.844+01:00 INFO : 1 points above threshold
2026-09-08T12:22:36.850+01:00 INFO : Filtering template 249/384 segment 3/5
2026-09-08T12:22:36.887+01:00 INFO : 2 points above threshold
2026-09-08T12:22:36.895+01:00 INFO : Filtering template 249/384 segment 4/5
2026-09-08T12:22:36.932+01:00 INFO : 2 points above threshold
2026-09-08T12:22:36.940+01:00 INFO : Filtering template 249/384 segment 5/5
2026-09-08T12:22:36.977+01:00 INFO : 1 points above threshold
2026-09-08T12:22:36.983+01:00 INFO : 249: generating IMRPhenomD from 30.0 Hz
2026-09-08T12:22:36.986+01:00 INFO : Decompressing waveform using inline_linear
2026-09-08T12:22:36.991+01:00 INFO : Filtering template 250/384 segment 1/5
2026-09-08T12:22:37.031+01:00 INFO : Filtering template 250/384 segment 2/5
2026-09-08T12:22:37.068+01:00 INFO : 1 points above threshold
2026-09-08T12:22:37.083+01:00 INFO : Filtering template 250/384 segment 3/5
2026-09-08T12:22:37.120+01:00 INFO : 2 points above threshold
2026-09-08T12:22:37.128+01:00 INFO : Filtering template 250/384 segment 4/5
2026-09-08T12:22:37.165+01:00 INFO : 2 points above threshold
2026-09-08T12:22:37.173+01:00 INFO : Filtering template 250/384 segment 5/5
2026-09-08T12:22:37.210+01:00 INFO : 250: generating IMRPhenomD from 30.0 Hz
2026-09-08T12:22:37.213+01:00 INFO : Decompressing waveform using inline_linear
2026-09-08T12:22:37.218+01:00 INFO : Filtering template 251/384 segment 1/5
2026-09-08T12:22:37.259+01:00 INFO : 3 points above threshold
2026-09-08T12:22:37.278+01:00 INFO : Filtering template 251/384 segment 2/5
2026-09-08T12:22:37.315+01:00 INFO : Filtering template 251/384 segment 3/5
2026-09-08T12:22:37.353+01:00 INFO : Filtering template 251/384 segment 4/5
2026-09-08T12:22:37.390+01:00 INFO : 2 points above threshold
2026-09-08T12:22:37.397+01:00 INFO : Filtering template 251/384 segment 5/5
2026-09-08T12:22:37.434+01:00 INFO : 1 points above threshold
2026-09-08T12:22:37.440+01:00 INFO : 251: generating IMRPhenomD from 30.0 Hz
2026-09-08T12:22:37.443+01:00 INFO : Decompressing waveform using inline_linear
2026-09-08T12:22:37.448+01:00 INFO : Filtering template 252/384 segment 1/5
2026-09-08T12:22:37.488+01:00 INFO : 3 points above threshold
2026-09-08T12:22:37.505+01:00 INFO : Filtering template 252/384 segment 2/5
2026-09-08T12:22:37.542+01:00 INFO : 2 points above threshold
2026-09-08T12:22:37.551+01:00 INFO : Filtering template 252/384 segment 3/5
2026-09-08T12:22:37.588+01:00 INFO : 3 points above threshold
2026-09-08T12:22:37.598+01:00 INFO : Filtering template 252/384 segment 4/5
2026-09-08T12:22:37.635+01:00 INFO : 3 points above threshold
2026-09-08T12:22:37.645+01:00 INFO : Filtering template 252/384 segment 5/5
2026-09-08T12:22:37.683+01:00 INFO : 252: generating IMRPhenomD from 30.0 Hz
2026-09-08T12:22:37.685+01:00 INFO : Decompressing waveform using inline_linear
2026-09-08T12:22:37.690+01:00 INFO : Filtering template 253/384 segment 1/5
2026-09-08T12:22:37.739+01:00 INFO : 4 points above threshold
2026-09-08T12:22:37.761+01:00 INFO : Filtering template 253/384 segment 2/5
2026-09-08T12:22:37.812+01:00 INFO : Filtering template 253/384 segment 3/5
2026-09-08T12:22:37.849+01:00 INFO : 1 points above threshold
2026-09-08T12:22:37.855+01:00 INFO : Filtering template 253/384 segment 4/5
2026-09-08T12:22:37.892+01:00 INFO : 2 points above threshold
2026-09-08T12:22:37.900+01:00 INFO : Filtering template 253/384 segment 5/5
2026-09-08T12:22:37.937+01:00 INFO : 253: generating IMRPhenomD from 30.0 Hz
2026-09-08T12:22:37.939+01:00 INFO : Decompressing waveform using inline_linear
2026-09-08T12:22:37.944+01:00 INFO : Filtering template 254/384 segment 1/5
2026-09-08T12:22:37.985+01:00 INFO : 3 points above threshold
2026-09-08T12:22:38.004+01:00 INFO : Filtering template 254/384 segment 2/5
2026-09-08T12:22:38.041+01:00 INFO : 2 points above threshold
2026-09-08T12:22:38.049+01:00 INFO : Filtering template 254/384 segment 3/5
2026-09-08T12:22:38.086+01:00 INFO : 2 points above threshold
2026-09-08T12:22:38.094+01:00 INFO : Filtering template 254/384 segment 4/5
2026-09-08T12:22:38.132+01:00 INFO : 4 points above threshold
2026-09-08T12:22:38.142+01:00 INFO : Filtering template 254/384 segment 5/5
2026-09-08T12:22:38.179+01:00 INFO : 1 points above threshold
2026-09-08T12:22:38.185+01:00 INFO : 254: generating IMRPhenomD from 30.0 Hz
2026-09-08T12:22:38.188+01:00 INFO : Decompressing waveform using inline_linear
2026-09-08T12:22:38.193+01:00 INFO : Filtering template 255/384 segment 1/5
2026-09-08T12:22:38.235+01:00 INFO : 3 points above threshold
2026-09-08T12:22:38.252+01:00 INFO : Filtering template 255/384 segment 2/5
2026-09-08T12:22:38.289+01:00 INFO : 3 points above threshold
2026-09-08T12:22:38.299+01:00 INFO : Filtering template 255/384 segment 3/5
2026-09-08T12:22:38.336+01:00 INFO : Filtering template 255/384 segment 4/5
2026-09-08T12:22:38.375+01:00 INFO : Filtering template 255/384 segment 5/5
2026-09-08T12:22:38.413+01:00 INFO : 1 points above threshold
2026-09-08T12:22:38.419+01:00 INFO : 255: generating IMRPhenomD from 30.0 Hz
2026-09-08T12:22:38.422+01:00 INFO : Decompressing waveform using inline_linear
2026-09-08T12:22:38.427+01:00 INFO : Filtering template 256/384 segment 1/5
2026-09-08T12:22:38.468+01:00 INFO : 2 points above threshold
2026-09-08T12:22:38.483+01:00 INFO : Filtering template 256/384 segment 2/5
2026-09-08T12:22:38.520+01:00 INFO : 1 points above threshold
2026-09-08T12:22:38.526+01:00 INFO : Filtering template 256/384 segment 3/5
2026-09-08T12:22:38.564+01:00 INFO : 1 points above threshold
2026-09-08T12:22:38.570+01:00 INFO : Filtering template 256/384 segment 4/5
2026-09-08T12:22:38.607+01:00 INFO : 1 points above threshold
2026-09-08T12:22:38.613+01:00 INFO : Filtering template 256/384 segment 5/5
2026-09-08T12:22:38.651+01:00 INFO : 256: generating IMRPhenomD from 30.0 Hz
2026-09-08T12:22:38.653+01:00 INFO : Decompressing waveform using inline_linear
2026-09-08T12:22:38.659+01:00 INFO : Filtering template 257/384 segment 1/5
2026-09-08T12:22:38.702+01:00 INFO : 2 points above threshold
2026-09-08T12:22:38.717+01:00 INFO : Filtering template 257/384 segment 2/5
2026-09-08T12:22:38.754+01:00 INFO : 2 points above threshold
2026-09-08T12:22:38.762+01:00 INFO : Filtering template 257/384 segment 3/5
2026-09-08T12:22:38.800+01:00 INFO : 1 points above threshold
2026-09-08T12:22:38.806+01:00 INFO : Filtering template 257/384 segment 4/5
2026-09-08T12:22:38.843+01:00 INFO : 2 points above threshold
2026-09-08T12:22:38.851+01:00 INFO : Filtering template 257/384 segment 5/5
2026-09-08T12:22:38.905+01:00 INFO : 257: generating IMRPhenomD from 30.0 Hz
2026-09-08T12:22:38.907+01:00 INFO : Decompressing waveform using inline_linear
2026-09-08T12:22:38.912+01:00 INFO : Filtering template 258/384 segment 1/5
2026-09-08T12:22:38.953+01:00 INFO : 1 points above threshold
2026-09-08T12:22:38.966+01:00 INFO : Filtering template 258/384 segment 2/5
2026-09-08T12:22:39.003+01:00 INFO : 1 points above threshold
2026-09-08T12:22:39.009+01:00 INFO : Filtering template 258/384 segment 3/5
2026-09-08T12:22:39.047+01:00 INFO : 2 points above threshold
2026-09-08T12:22:39.055+01:00 INFO : Filtering template 258/384 segment 4/5
2026-09-08T12:22:39.092+01:00 INFO : 1 points above threshold
2026-09-08T12:22:39.099+01:00 INFO : Filtering template 258/384 segment 5/5
2026-09-08T12:22:39.137+01:00 INFO : 258: generating IMRPhenomD from 30.0 Hz
2026-09-08T12:22:39.139+01:00 INFO : Decompressing waveform using inline_linear
2026-09-08T12:22:39.144+01:00 INFO : Filtering template 259/384 segment 1/5
2026-09-08T12:22:39.186+01:00 INFO : 3 points above threshold
2026-09-08T12:22:39.203+01:00 INFO : Filtering template 259/384 segment 2/5
2026-09-08T12:22:39.240+01:00 INFO : Filtering template 259/384 segment 3/5
2026-09-08T12:22:39.278+01:00 INFO : 1 points above threshold
2026-09-08T12:22:39.284+01:00 INFO : Filtering template 259/384 segment 4/5
2026-09-08T12:22:39.321+01:00 INFO : Filtering template 259/384 segment 5/5
2026-09-08T12:22:39.359+01:00 INFO : 259: generating IMRPhenomD from 30.0 Hz
2026-09-08T12:22:39.361+01:00 INFO : Decompressing waveform using inline_linear
2026-09-08T12:22:39.366+01:00 INFO : Filtering template 260/384 segment 1/5
2026-09-08T12:22:39.406+01:00 INFO : 1 points above threshold
2026-09-08T12:22:39.419+01:00 INFO : Filtering template 260/384 segment 2/5
2026-09-08T12:22:39.455+01:00 INFO : 1 points above threshold
2026-09-08T12:22:39.461+01:00 INFO : Filtering template 260/384 segment 3/5
2026-09-08T12:22:39.499+01:00 INFO : 1 points above threshold
2026-09-08T12:22:39.505+01:00 INFO : Filtering template 260/384 segment 4/5
2026-09-08T12:22:39.542+01:00 INFO : 1 points above threshold
2026-09-08T12:22:39.548+01:00 INFO : Filtering template 260/384 segment 5/5
2026-09-08T12:22:39.586+01:00 INFO : 1 points above threshold
2026-09-08T12:22:39.592+01:00 INFO : 260: generating IMRPhenomD from 30.0 Hz
2026-09-08T12:22:39.594+01:00 INFO : Decompressing waveform using inline_linear
2026-09-08T12:22:39.599+01:00 INFO : Filtering template 261/384 segment 1/5
2026-09-08T12:22:39.641+01:00 INFO : Filtering template 261/384 segment 2/5
2026-09-08T12:22:39.686+01:00 INFO : Filtering template 261/384 segment 3/5
2026-09-08T12:22:39.740+01:00 INFO : 1 points above threshold
2026-09-08T12:22:39.757+01:00 INFO : Filtering template 261/384 segment 4/5
2026-09-08T12:22:39.801+01:00 INFO : 2 points above threshold
2026-09-08T12:22:39.809+01:00 INFO : Filtering template 261/384 segment 5/5
2026-09-08T12:22:39.848+01:00 INFO : 261: generating IMRPhenomD from 30.0 Hz
2026-09-08T12:22:39.850+01:00 INFO : Decompressing waveform using inline_linear
2026-09-08T12:22:39.855+01:00 INFO : Filtering template 262/384 segment 1/5
2026-09-08T12:22:39.897+01:00 INFO : 2 points above threshold
2026-09-08T12:22:39.911+01:00 INFO : Filtering template 262/384 segment 2/5
2026-09-08T12:22:39.948+01:00 INFO : 2 points above threshold
2026-09-08T12:22:39.956+01:00 INFO : Filtering template 262/384 segment 3/5
2026-09-08T12:22:39.994+01:00 INFO : Filtering template 262/384 segment 4/5
2026-09-08T12:22:40.032+01:00 INFO : 2 points above threshold
2026-09-08T12:22:40.040+01:00 INFO : Filtering template 262/384 segment 5/5
2026-09-08T12:22:40.077+01:00 INFO : 2 points above threshold
2026-09-08T12:22:40.086+01:00 INFO : 262: generating IMRPhenomD from 30.0 Hz
2026-09-08T12:22:40.088+01:00 INFO : Decompressing waveform using inline_linear
2026-09-08T12:22:40.093+01:00 INFO : Filtering template 263/384 segment 1/5
2026-09-08T12:22:40.134+01:00 INFO : Filtering template 263/384 segment 2/5
2026-09-08T12:22:40.172+01:00 INFO : 1 points above threshold
2026-09-08T12:22:40.184+01:00 INFO : Filtering template 263/384 segment 3/5
2026-09-08T12:22:40.221+01:00 INFO : 1 points above threshold
2026-09-08T12:22:40.227+01:00 INFO : Filtering template 263/384 segment 4/5
2026-09-08T12:22:40.271+01:00 INFO : 3 points above threshold
2026-09-08T12:22:40.287+01:00 INFO : Filtering template 263/384 segment 5/5
2026-09-08T12:22:40.331+01:00 INFO : 263: generating IMRPhenomD from 30.0 Hz
2026-09-08T12:22:40.334+01:00 INFO : Decompressing waveform using inline_linear
2026-09-08T12:22:40.339+01:00 INFO : Filtering template 264/384 segment 1/5
2026-09-08T12:22:40.380+01:00 INFO : 2 points above threshold
2026-09-08T12:22:40.394+01:00 INFO : Filtering template 264/384 segment 2/5
2026-09-08T12:22:40.432+01:00 INFO : 1 points above threshold
2026-09-08T12:22:40.439+01:00 INFO : Filtering template 264/384 segment 3/5
2026-09-08T12:22:40.477+01:00 INFO : 1 points above threshold
2026-09-08T12:22:40.483+01:00 INFO : Filtering template 264/384 segment 4/5
2026-09-08T12:22:40.520+01:00 INFO : 3 points above threshold
2026-09-08T12:22:40.530+01:00 INFO : Filtering template 264/384 segment 5/5
2026-09-08T12:22:40.578+01:00 INFO : 3 points above threshold
2026-09-08T12:22:40.594+01:00 INFO : 264: generating IMRPhenomD from 30.0 Hz
2026-09-08T12:22:40.597+01:00 INFO : Decompressing waveform using inline_linear
2026-09-08T12:22:40.603+01:00 INFO : Filtering template 265/384 segment 1/5
2026-09-08T12:22:40.649+01:00 INFO : 1 points above threshold
2026-09-08T12:22:40.662+01:00 INFO : Filtering template 265/384 segment 2/5
2026-09-08T12:22:40.700+01:00 INFO : 1 points above threshold
2026-09-08T12:22:40.706+01:00 INFO : Filtering template 265/384 segment 3/5
2026-09-08T12:22:40.743+01:00 INFO : 1 points above threshold
2026-09-08T12:22:40.750+01:00 INFO : Filtering template 265/384 segment 4/5
2026-09-08T12:22:40.787+01:00 INFO : Filtering template 265/384 segment 5/5
2026-09-08T12:22:40.825+01:00 INFO : 1 points above threshold
2026-09-08T12:22:40.832+01:00 INFO : 265: generating IMRPhenomD from 30.0 Hz
2026-09-08T12:22:40.834+01:00 INFO : Decompressing waveform using inline_linear
2026-09-08T12:22:40.839+01:00 INFO : Filtering template 266/384 segment 1/5
2026-09-08T12:22:40.880+01:00 INFO : 3 points above threshold
2026-09-08T12:22:40.897+01:00 INFO : Filtering template 266/384 segment 2/5
2026-09-08T12:22:40.935+01:00 INFO : 3 points above threshold
2026-09-08T12:22:40.945+01:00 INFO : Filtering template 266/384 segment 3/5
2026-09-08T12:22:40.983+01:00 INFO : Filtering template 266/384 segment 4/5
2026-09-08T12:22:41.021+01:00 INFO : 1 points above threshold
2026-09-08T12:22:41.027+01:00 INFO : Filtering template 266/384 segment 5/5
2026-09-08T12:22:41.065+01:00 INFO : 266: generating IMRPhenomD from 30.0 Hz
2026-09-08T12:22:41.067+01:00 INFO : Decompressing waveform using inline_linear
2026-09-08T12:22:41.072+01:00 INFO : Filtering template 267/384 segment 1/5
2026-09-08T12:22:41.113+01:00 INFO : Filtering template 267/384 segment 2/5
2026-09-08T12:22:41.151+01:00 INFO : 1 points above threshold
2026-09-08T12:22:41.165+01:00 INFO : Filtering template 267/384 segment 3/5
2026-09-08T12:22:41.202+01:00 INFO : 2 points above threshold
2026-09-08T12:22:41.211+01:00 INFO : Filtering template 267/384 segment 4/5
2026-09-08T12:22:41.248+01:00 INFO : Filtering template 267/384 segment 5/5
2026-09-08T12:22:41.286+01:00 INFO : 2 points above threshold
2026-09-08T12:22:41.294+01:00 INFO : 267: generating IMRPhenomD from 30.0 Hz
2026-09-08T12:22:41.297+01:00 INFO : Decompressing waveform using inline_linear
2026-09-08T12:22:41.302+01:00 INFO : Filtering template 268/384 segment 1/5
2026-09-08T12:22:41.343+01:00 INFO : 1 points above threshold
2026-09-08T12:22:41.356+01:00 INFO : Filtering template 268/384 segment 2/5
2026-09-08T12:22:41.394+01:00 INFO : Filtering template 268/384 segment 3/5
2026-09-08T12:22:41.432+01:00 INFO : 1 points above threshold
2026-09-08T12:22:41.438+01:00 INFO : Filtering template 268/384 segment 4/5
2026-09-08T12:22:41.476+01:00 INFO : Filtering template 268/384 segment 5/5
2026-09-08T12:22:41.514+01:00 INFO : 2 points above threshold
2026-09-08T12:22:41.522+01:00 INFO : 268: generating IMRPhenomD from 30.0 Hz
2026-09-08T12:22:41.524+01:00 INFO : Decompressing waveform using inline_linear
2026-09-08T12:22:41.529+01:00 INFO : Filtering template 269/384 segment 1/5
2026-09-08T12:22:41.571+01:00 INFO : Filtering template 269/384 segment 2/5
2026-09-08T12:22:41.609+01:00 INFO : 1 points above threshold
2026-09-08T12:22:41.622+01:00 INFO : Filtering template 269/384 segment 3/5
2026-09-08T12:22:41.659+01:00 INFO : Filtering template 269/384 segment 4/5
2026-09-08T12:22:41.698+01:00 INFO : 1 points above threshold
2026-09-08T12:22:41.704+01:00 INFO : Filtering template 269/384 segment 5/5
2026-09-08T12:22:41.743+01:00 INFO : 269: generating IMRPhenomD from 30.0 Hz
2026-09-08T12:22:41.745+01:00 INFO : Decompressing waveform using inline_linear
2026-09-08T12:22:41.750+01:00 INFO : Filtering template 270/384 segment 1/5
2026-09-08T12:22:41.791+01:00 INFO : Filtering template 270/384 segment 2/5
2026-09-08T12:22:41.828+01:00 INFO : Filtering template 270/384 segment 3/5
2026-09-08T12:22:41.866+01:00 INFO : Filtering template 270/384 segment 4/5
2026-09-08T12:22:41.903+01:00 INFO : 1 points above threshold
2026-09-08T12:22:41.916+01:00 INFO : Filtering template 270/384 segment 5/5
2026-09-08T12:22:41.953+01:00 INFO : 270: generating IMRPhenomD from 30.0 Hz
2026-09-08T12:22:41.956+01:00 INFO : Decompressing waveform using inline_linear
2026-09-08T12:22:41.961+01:00 INFO : Filtering template 271/384 segment 1/5
2026-09-08T12:22:42.001+01:00 INFO : 2 points above threshold
2026-09-08T12:22:42.015+01:00 INFO : Filtering template 271/384 segment 2/5
2026-09-08T12:22:42.052+01:00 INFO : Filtering template 271/384 segment 3/5
2026-09-08T12:22:42.090+01:00 INFO : 1 points above threshold
2026-09-08T12:22:42.096+01:00 INFO : Filtering template 271/384 segment 4/5
2026-09-08T12:22:42.133+01:00 INFO : 1 points above threshold
2026-09-08T12:22:42.139+01:00 INFO : Filtering template 271/384 segment 5/5
2026-09-08T12:22:42.176+01:00 INFO : 3 points above threshold
2026-09-08T12:22:42.187+01:00 INFO : 271: generating IMRPhenomD from 30.0 Hz
2026-09-08T12:22:42.189+01:00 INFO : Decompressing waveform using inline_linear
2026-09-08T12:22:42.194+01:00 INFO : Filtering template 272/384 segment 1/5
2026-09-08T12:22:42.235+01:00 INFO : 2 points above threshold
2026-09-08T12:22:42.249+01:00 INFO : Filtering template 272/384 segment 2/5
2026-09-08T12:22:42.286+01:00 INFO : 1 points above threshold
2026-09-08T12:22:42.292+01:00 INFO : Filtering template 272/384 segment 3/5
2026-09-08T12:22:42.329+01:00 INFO : 1 points above threshold
2026-09-08T12:22:42.335+01:00 INFO : Filtering template 272/384 segment 4/5
2026-09-08T12:22:42.373+01:00 INFO : Filtering template 272/384 segment 5/5
2026-09-08T12:22:42.410+01:00 INFO : 1 points above threshold
2026-09-08T12:22:42.416+01:00 INFO : 272: generating IMRPhenomD from 30.0 Hz
2026-09-08T12:22:42.419+01:00 INFO : Decompressing waveform using inline_linear
2026-09-08T12:22:42.424+01:00 INFO : Filtering template 273/384 segment 1/5
2026-09-08T12:22:42.464+01:00 INFO : 1 points above threshold
2026-09-08T12:22:42.476+01:00 INFO : Filtering template 273/384 segment 2/5
2026-09-08T12:22:42.513+01:00 INFO : Filtering template 273/384 segment 3/5
2026-09-08T12:22:42.552+01:00 INFO : 1 points above threshold
2026-09-08T12:22:42.558+01:00 INFO : Filtering template 273/384 segment 4/5
2026-09-08T12:22:42.597+01:00 INFO : 2 points above threshold
2026-09-08T12:22:42.610+01:00 INFO : Filtering template 273/384 segment 5/5
2026-09-08T12:22:42.667+01:00 INFO : 273: generating IMRPhenomD from 30.0 Hz
2026-09-08T12:22:42.670+01:00 INFO : Decompressing waveform using inline_linear
2026-09-08T12:22:42.676+01:00 INFO : Filtering template 274/384 segment 1/5
2026-09-08T12:22:42.723+01:00 INFO : 1 points above threshold
2026-09-08T12:22:42.736+01:00 INFO : Filtering template 274/384 segment 2/5
2026-09-08T12:22:42.789+01:00 INFO : 2 points above threshold
2026-09-08T12:22:42.800+01:00 INFO : Filtering template 274/384 segment 3/5
2026-09-08T12:22:42.838+01:00 INFO : 3 points above threshold
2026-09-08T12:22:42.849+01:00 INFO : Filtering template 274/384 segment 4/5
2026-09-08T12:22:42.886+01:00 INFO : 1 points above threshold
2026-09-08T12:22:42.892+01:00 INFO : Filtering template 274/384 segment 5/5
2026-09-08T12:22:42.930+01:00 INFO : 3 points above threshold
2026-09-08T12:22:42.946+01:00 INFO : 274: generating IMRPhenomD from 30.0 Hz
2026-09-08T12:22:42.949+01:00 INFO : Decompressing waveform using inline_linear
2026-09-08T12:22:42.955+01:00 INFO : Filtering template 275/384 segment 1/5
2026-09-08T12:22:43.005+01:00 INFO : 1 points above threshold
2026-09-08T12:22:43.017+01:00 INFO : Filtering template 275/384 segment 2/5
2026-09-08T12:22:43.054+01:00 INFO : 1 points above threshold
2026-09-08T12:22:43.060+01:00 INFO : Filtering template 275/384 segment 3/5
2026-09-08T12:22:43.097+01:00 INFO : Filtering template 275/384 segment 4/5
2026-09-08T12:22:43.135+01:00 INFO : 2 points above threshold
2026-09-08T12:22:43.143+01:00 INFO : Filtering template 275/384 segment 5/5
2026-09-08T12:22:43.180+01:00 INFO : 1 points above threshold
2026-09-08T12:22:43.186+01:00 INFO : 275: generating IMRPhenomD from 30.0 Hz
2026-09-08T12:22:43.189+01:00 INFO : Decompressing waveform using inline_linear
2026-09-08T12:22:43.194+01:00 INFO : Filtering template 276/384 segment 1/5
2026-09-08T12:22:43.235+01:00 INFO : 2 points above threshold
2026-09-08T12:22:43.250+01:00 INFO : Filtering template 276/384 segment 2/5
2026-09-08T12:22:43.287+01:00 INFO : 2 points above threshold
2026-09-08T12:22:43.301+01:00 INFO : Filtering template 276/384 segment 3/5
2026-09-08T12:22:43.347+01:00 INFO : 2 points above threshold
2026-09-08T12:22:43.355+01:00 INFO : Filtering template 276/384 segment 4/5
2026-09-08T12:22:43.392+01:00 INFO : 4 points above threshold
2026-09-08T12:22:43.401+01:00 INFO : Filtering template 276/384 segment 5/5
2026-09-08T12:22:43.439+01:00 INFO : 1 points above threshold
2026-09-08T12:22:43.445+01:00 INFO : 276: generating IMRPhenomD from 30.0 Hz
2026-09-08T12:22:43.448+01:00 INFO : Decompressing waveform using inline_linear
2026-09-08T12:22:43.453+01:00 INFO : Filtering template 277/384 segment 1/5
2026-09-08T12:22:43.494+01:00 INFO : 2 points above threshold
2026-09-08T12:22:43.512+01:00 INFO : Filtering template 277/384 segment 2/5
2026-09-08T12:22:43.549+01:00 INFO : Filtering template 277/384 segment 3/5
2026-09-08T12:22:43.586+01:00 INFO : Filtering template 277/384 segment 4/5
2026-09-08T12:22:43.624+01:00 INFO : 1 points above threshold
2026-09-08T12:22:43.630+01:00 INFO : Filtering template 277/384 segment 5/5
2026-09-08T12:22:43.668+01:00 INFO : 277: generating IMRPhenomD from 30.0 Hz
2026-09-08T12:22:43.671+01:00 INFO : Decompressing waveform using inline_linear
2026-09-08T12:22:43.676+01:00 INFO : Filtering template 278/384 segment 1/5
2026-09-08T12:22:43.717+01:00 INFO : Filtering template 278/384 segment 2/5
2026-09-08T12:22:43.754+01:00 INFO : 2 points above threshold
2026-09-08T12:22:43.768+01:00 INFO : Filtering template 278/384 segment 3/5
2026-09-08T12:22:43.805+01:00 INFO : Filtering template 278/384 segment 4/5
2026-09-08T12:22:43.842+01:00 INFO : 1 points above threshold
2026-09-08T12:22:43.848+01:00 INFO : Filtering template 278/384 segment 5/5
2026-09-08T12:22:43.886+01:00 INFO : 1 points above threshold
2026-09-08T12:22:43.892+01:00 INFO : 278: generating IMRPhenomD from 30.0 Hz
2026-09-08T12:22:43.894+01:00 INFO : Decompressing waveform using inline_linear
2026-09-08T12:22:43.899+01:00 INFO : Filtering template 279/384 segment 1/5
2026-09-08T12:22:43.941+01:00 INFO : 2 points above threshold
2026-09-08T12:22:43.955+01:00 INFO : Filtering template 279/384 segment 2/5
2026-09-08T12:22:43.992+01:00 INFO : 1 points above threshold
2026-09-08T12:22:43.998+01:00 INFO : Filtering template 279/384 segment 3/5
2026-09-08T12:22:44.036+01:00 INFO : 1 points above threshold
2026-09-08T12:22:44.042+01:00 INFO : Filtering template 279/384 segment 4/5
2026-09-08T12:22:44.079+01:00 INFO : 3 points above threshold
2026-09-08T12:22:44.089+01:00 INFO : Filtering template 279/384 segment 5/5
2026-09-08T12:22:44.127+01:00 INFO : 279: generating IMRPhenomD from 30.0 Hz
2026-09-08T12:22:44.129+01:00 INFO : Decompressing waveform using inline_linear
2026-09-08T12:22:44.134+01:00 INFO : Filtering template 280/384 segment 1/5
2026-09-08T12:22:44.176+01:00 INFO : 2 points above threshold
2026-09-08T12:22:44.194+01:00 INFO : Filtering template 280/384 segment 2/5
2026-09-08T12:22:44.231+01:00 INFO : 1 points above threshold
2026-09-08T12:22:44.237+01:00 INFO : Filtering template 280/384 segment 3/5
2026-09-08T12:22:44.274+01:00 INFO : 1 points above threshold
2026-09-08T12:22:44.280+01:00 INFO : Filtering template 280/384 segment 4/5
2026-09-08T12:22:44.318+01:00 INFO : 1 points above threshold
2026-09-08T12:22:44.324+01:00 INFO : Filtering template 280/384 segment 5/5
2026-09-08T12:22:44.362+01:00 INFO : 280: generating IMRPhenomD from 30.0 Hz
2026-09-08T12:22:44.364+01:00 INFO : Decompressing waveform using inline_linear
2026-09-08T12:22:44.369+01:00 INFO : Filtering template 281/384 segment 1/5
2026-09-08T12:22:44.411+01:00 INFO : 2 points above threshold
2026-09-08T12:22:44.425+01:00 INFO : Filtering template 281/384 segment 2/5
2026-09-08T12:22:44.463+01:00 INFO : Filtering template 281/384 segment 3/5
2026-09-08T12:22:44.500+01:00 INFO : Filtering template 281/384 segment 4/5
2026-09-08T12:22:44.537+01:00 INFO : 3 points above threshold
2026-09-08T12:22:44.547+01:00 INFO : Filtering template 281/384 segment 5/5
2026-09-08T12:22:44.585+01:00 INFO : 3 points above threshold
2026-09-08T12:22:44.595+01:00 INFO : 281: generating IMRPhenomD from 30.0 Hz
2026-09-08T12:22:44.597+01:00 INFO : Decompressing waveform using inline_linear
2026-09-08T12:22:44.602+01:00 INFO : Filtering template 282/384 segment 1/5
2026-09-08T12:22:44.644+01:00 INFO : Filtering template 282/384 segment 2/5
2026-09-08T12:22:44.681+01:00 INFO : 1 points above threshold
2026-09-08T12:22:44.694+01:00 INFO : Filtering template 282/384 segment 3/5
2026-09-08T12:22:44.731+01:00 INFO : Filtering template 282/384 segment 4/5
2026-09-08T12:22:44.777+01:00 INFO : 2 points above threshold
2026-09-08T12:22:44.790+01:00 INFO : Filtering template 282/384 segment 5/5
2026-09-08T12:22:44.827+01:00 INFO : 3 points above threshold
2026-09-08T12:22:44.838+01:00 INFO : 282: generating IMRPhenomD from 30.0 Hz
2026-09-08T12:22:44.840+01:00 INFO : Decompressing waveform using inline_linear
2026-09-08T12:22:44.845+01:00 INFO : Filtering template 283/384 segment 1/5
2026-09-08T12:22:44.886+01:00 INFO : Filtering template 283/384 segment 2/5
2026-09-08T12:22:44.924+01:00 INFO : 1 points above threshold
2026-09-08T12:22:44.936+01:00 INFO : Filtering template 283/384 segment 3/5
2026-09-08T12:22:44.974+01:00 INFO : Filtering template 283/384 segment 4/5
2026-09-08T12:22:45.011+01:00 INFO : 5 points above threshold
2026-09-08T12:22:45.024+01:00 INFO : Filtering template 283/384 segment 5/5
2026-09-08T12:22:45.061+01:00 INFO : 3 points above threshold
2026-09-08T12:22:45.071+01:00 INFO : 283: generating IMRPhenomD from 30.0 Hz
2026-09-08T12:22:45.074+01:00 INFO : Decompressing waveform using inline_linear
2026-09-08T12:22:45.079+01:00 INFO : Filtering template 284/384 segment 1/5
2026-09-08T12:22:45.119+01:00 INFO : 2 points above threshold
2026-09-08T12:22:45.133+01:00 INFO : Filtering template 284/384 segment 2/5
2026-09-08T12:22:45.170+01:00 INFO : 1 points above threshold
2026-09-08T12:22:45.176+01:00 INFO : Filtering template 284/384 segment 3/5
2026-09-08T12:22:45.214+01:00 INFO : 2 points above threshold
2026-09-08T12:22:45.222+01:00 INFO : Filtering template 284/384 segment 4/5
2026-09-08T12:22:45.260+01:00 INFO : 1 points above threshold
2026-09-08T12:22:45.269+01:00 INFO : Filtering template 284/384 segment 5/5
2026-09-08T12:22:45.308+01:00 INFO : 284: generating IMRPhenomD from 30.0 Hz
2026-09-08T12:22:45.311+01:00 INFO : Decompressing waveform using inline_linear
2026-09-08T12:22:45.316+01:00 INFO : Filtering template 285/384 segment 1/5
2026-09-08T12:22:45.359+01:00 INFO : 1 points above threshold
2026-09-08T12:22:45.372+01:00 INFO : Filtering template 285/384 segment 2/5
2026-09-08T12:22:45.409+01:00 INFO : 1 points above threshold
2026-09-08T12:22:45.415+01:00 INFO : Filtering template 285/384 segment 3/5
2026-09-08T12:22:45.453+01:00 INFO : 1 points above threshold
2026-09-08T12:22:45.459+01:00 INFO : Filtering template 285/384 segment 4/5
2026-09-08T12:22:45.496+01:00 INFO : 3 points above threshold
2026-09-08T12:22:45.506+01:00 INFO : Filtering template 285/384 segment 5/5
2026-09-08T12:22:45.544+01:00 INFO : 285: generating IMRPhenomD from 30.0 Hz
2026-09-08T12:22:45.546+01:00 INFO : Decompressing waveform using inline_linear
2026-09-08T12:22:45.551+01:00 INFO : Filtering template 286/384 segment 1/5
2026-09-08T12:22:45.612+01:00 INFO : 3 points above threshold
2026-09-08T12:22:45.629+01:00 INFO : Filtering template 286/384 segment 2/5
2026-09-08T12:22:45.667+01:00 INFO : 1 points above threshold
2026-09-08T12:22:45.673+01:00 INFO : Filtering template 286/384 segment 3/5
2026-09-08T12:22:45.714+01:00 INFO : Filtering template 286/384 segment 4/5
2026-09-08T12:22:45.753+01:00 INFO : Filtering template 286/384 segment 5/5
2026-09-08T12:22:45.807+01:00 INFO : 286: generating IMRPhenomD from 30.0 Hz
2026-09-08T12:22:45.809+01:00 INFO : Decompressing waveform using inline_linear
2026-09-08T12:22:45.814+01:00 INFO : Filtering template 287/384 segment 1/5
2026-09-08T12:22:45.859+01:00 INFO : 2 points above threshold
2026-09-08T12:22:45.880+01:00 INFO : Filtering template 287/384 segment 2/5
2026-09-08T12:22:45.923+01:00 INFO : 4 points above threshold
2026-09-08T12:22:45.933+01:00 INFO : Filtering template 287/384 segment 3/5
2026-09-08T12:22:45.970+01:00 INFO : 1 points above threshold
2026-09-08T12:22:45.976+01:00 INFO : Filtering template 287/384 segment 4/5
2026-09-08T12:22:46.013+01:00 INFO : 3 points above threshold
2026-09-08T12:22:46.023+01:00 INFO : Filtering template 287/384 segment 5/5
2026-09-08T12:22:46.060+01:00 INFO : 2 points above threshold
2026-09-08T12:22:46.068+01:00 INFO : 287: generating IMRPhenomD from 30.0 Hz
2026-09-08T12:22:46.071+01:00 INFO : Decompressing waveform using inline_linear
2026-09-08T12:22:46.075+01:00 INFO : Filtering template 288/384 segment 1/5
2026-09-08T12:22:46.133+01:00 INFO : 1 points above threshold
2026-09-08T12:22:46.147+01:00 INFO : Filtering template 288/384 segment 2/5
2026-09-08T12:22:46.184+01:00 INFO : 2 points above threshold
2026-09-08T12:22:46.192+01:00 INFO : Filtering template 288/384 segment 3/5
2026-09-08T12:22:46.229+01:00 INFO : 2 points above threshold
2026-09-08T12:22:46.237+01:00 INFO : Filtering template 288/384 segment 4/5
2026-09-08T12:22:46.274+01:00 INFO : 1 points above threshold
2026-09-08T12:22:46.280+01:00 INFO : Filtering template 288/384 segment 5/5
2026-09-08T12:22:46.326+01:00 INFO : 3 points above threshold
2026-09-08T12:22:46.342+01:00 INFO : 288: generating IMRPhenomD from 30.0 Hz
2026-09-08T12:22:46.345+01:00 INFO : Decompressing waveform using inline_linear
2026-09-08T12:22:46.350+01:00 INFO : Filtering template 289/384 segment 1/5
2026-09-08T12:22:46.390+01:00 INFO : Filtering template 289/384 segment 2/5
2026-09-08T12:22:46.427+01:00 INFO : 2 points above threshold
2026-09-08T12:22:46.441+01:00 INFO : Filtering template 289/384 segment 3/5
2026-09-08T12:22:46.478+01:00 INFO : 1 points above threshold
2026-09-08T12:22:46.484+01:00 INFO : Filtering template 289/384 segment 4/5
2026-09-08T12:22:46.522+01:00 INFO : 1 points above threshold
2026-09-08T12:22:46.528+01:00 INFO : Filtering template 289/384 segment 5/5
2026-09-08T12:22:46.565+01:00 INFO : 2 points above threshold
2026-09-08T12:22:46.573+01:00 INFO : 289: generating IMRPhenomD from 30.0 Hz
2026-09-08T12:22:46.576+01:00 INFO : Decompressing waveform using inline_linear
2026-09-08T12:22:46.581+01:00 INFO : Filtering template 290/384 segment 1/5
2026-09-08T12:22:46.621+01:00 INFO : 3 points above threshold
2026-09-08T12:22:46.637+01:00 INFO : Filtering template 290/384 segment 2/5
2026-09-08T12:22:46.675+01:00 INFO : Filtering template 290/384 segment 3/5
2026-09-08T12:22:46.712+01:00 INFO : 1 points above threshold
2026-09-08T12:22:46.718+01:00 INFO : Filtering template 290/384 segment 4/5
2026-09-08T12:22:46.755+01:00 INFO : 2 points above threshold
2026-09-08T12:22:46.763+01:00 INFO : Filtering template 290/384 segment 5/5
2026-09-08T12:22:46.801+01:00 INFO : 290: generating IMRPhenomD from 30.0 Hz
2026-09-08T12:22:46.803+01:00 INFO : Decompressing waveform using inline_linear
2026-09-08T12:22:46.808+01:00 INFO : Filtering template 291/384 segment 1/5
2026-09-08T12:22:46.848+01:00 INFO : 5 points above threshold
2026-09-08T12:22:46.867+01:00 INFO : Filtering template 291/384 segment 2/5
2026-09-08T12:22:46.904+01:00 INFO : 3 points above threshold
2026-09-08T12:22:46.914+01:00 INFO : Filtering template 291/384 segment 3/5
2026-09-08T12:22:46.952+01:00 INFO : 1 points above threshold
2026-09-08T12:22:46.958+01:00 INFO : Filtering template 291/384 segment 4/5
2026-09-08T12:22:46.995+01:00 INFO : 1 points above threshold
2026-09-08T12:22:47.001+01:00 INFO : Filtering template 291/384 segment 5/5
2026-09-08T12:22:47.038+01:00 INFO : 291: generating IMRPhenomD from 30.0 Hz
2026-09-08T12:22:47.040+01:00 INFO : Decompressing waveform using inline_linear
2026-09-08T12:22:47.045+01:00 INFO : Filtering template 292/384 segment 1/5
2026-09-08T12:22:47.086+01:00 INFO : 1 points above threshold
2026-09-08T12:22:47.098+01:00 INFO : Filtering template 292/384 segment 2/5
2026-09-08T12:22:47.136+01:00 INFO : 1 points above threshold
2026-09-08T12:22:47.144+01:00 INFO : Filtering template 292/384 segment 3/5
2026-09-08T12:22:47.181+01:00 INFO : 1 points above threshold
2026-09-08T12:22:47.188+01:00 INFO : Filtering template 292/384 segment 4/5
2026-09-08T12:22:47.225+01:00 INFO : 2 points above threshold
2026-09-08T12:22:47.233+01:00 INFO : Filtering template 292/384 segment 5/5
2026-09-08T12:22:47.270+01:00 INFO : 1 points above threshold
2026-09-08T12:22:47.276+01:00 INFO : 292: generating IMRPhenomD from 30.0 Hz
2026-09-08T12:22:47.278+01:00 INFO : Decompressing waveform using inline_linear
2026-09-08T12:22:47.283+01:00 INFO : Filtering template 293/384 segment 1/5
2026-09-08T12:22:47.324+01:00 INFO : 2 points above threshold
2026-09-08T12:22:47.338+01:00 INFO : Filtering template 293/384 segment 2/5
2026-09-08T12:22:47.376+01:00 INFO : 3 points above threshold
2026-09-08T12:22:47.386+01:00 INFO : Filtering template 293/384 segment 3/5
2026-09-08T12:22:47.423+01:00 INFO : 3 points above threshold
2026-09-08T12:22:47.433+01:00 INFO : Filtering template 293/384 segment 4/5
2026-09-08T12:22:47.470+01:00 INFO : 3 points above threshold
2026-09-08T12:22:47.480+01:00 INFO : Filtering template 293/384 segment 5/5
2026-09-08T12:22:47.518+01:00 INFO : 3 points above threshold
2026-09-08T12:22:47.529+01:00 INFO : 293: generating IMRPhenomD from 30.0 Hz
2026-09-08T12:22:47.531+01:00 INFO : Decompressing waveform using inline_linear
2026-09-08T12:22:47.536+01:00 INFO : Filtering template 294/384 segment 1/5
2026-09-08T12:22:47.577+01:00 INFO : Filtering template 294/384 segment 2/5
2026-09-08T12:22:47.615+01:00 INFO : 1 points above threshold
2026-09-08T12:22:47.627+01:00 INFO : Filtering template 294/384 segment 3/5
2026-09-08T12:22:47.664+01:00 INFO : 2 points above threshold
2026-09-08T12:22:47.672+01:00 INFO : Filtering template 294/384 segment 4/5
2026-09-08T12:22:47.710+01:00 INFO : 1 points above threshold
2026-09-08T12:22:47.716+01:00 INFO : Filtering template 294/384 segment 5/5
2026-09-08T12:22:47.754+01:00 INFO : 3 points above threshold
2026-09-08T12:22:47.765+01:00 INFO : 294: generating IMRPhenomD from 30.0 Hz
2026-09-08T12:22:47.767+01:00 INFO : Decompressing waveform using inline_linear
2026-09-08T12:22:47.772+01:00 INFO : Filtering template 295/384 segment 1/5
2026-09-08T12:22:47.831+01:00 INFO : 1 points above threshold
2026-09-08T12:22:47.844+01:00 INFO : Filtering template 295/384 segment 2/5
2026-09-08T12:22:47.882+01:00 INFO : 2 points above threshold
2026-09-08T12:22:47.890+01:00 INFO : Filtering template 295/384 segment 3/5
2026-09-08T12:22:47.927+01:00 INFO : 3 points above threshold
2026-09-08T12:22:47.937+01:00 INFO : Filtering template 295/384 segment 4/5
2026-09-08T12:22:47.975+01:00 INFO : 3 points above threshold
2026-09-08T12:22:47.985+01:00 INFO : Filtering template 295/384 segment 5/5
2026-09-08T12:22:48.023+01:00 INFO : 1 points above threshold
2026-09-08T12:22:48.029+01:00 INFO : 295: generating IMRPhenomD from 30.0 Hz
2026-09-08T12:22:48.032+01:00 INFO : Decompressing waveform using inline_linear
2026-09-08T12:22:48.036+01:00 INFO : Filtering template 296/384 segment 1/5
2026-09-08T12:22:48.077+01:00 INFO : 5 points above threshold
2026-09-08T12:22:48.096+01:00 INFO : Filtering template 296/384 segment 2/5
2026-09-08T12:22:48.134+01:00 INFO : 1 points above threshold
2026-09-08T12:22:48.140+01:00 INFO : Filtering template 296/384 segment 3/5
2026-09-08T12:22:48.177+01:00 INFO : 2 points above threshold
2026-09-08T12:22:48.185+01:00 INFO : Filtering template 296/384 segment 4/5
2026-09-08T12:22:48.223+01:00 INFO : Filtering template 296/384 segment 5/5
2026-09-08T12:22:48.260+01:00 INFO : 1 points above threshold
2026-09-08T12:22:48.266+01:00 INFO : 296: generating IMRPhenomD from 30.0 Hz
2026-09-08T12:22:48.269+01:00 INFO : Decompressing waveform using inline_linear
2026-09-08T12:22:48.274+01:00 INFO : Filtering template 297/384 segment 1/5
2026-09-08T12:22:48.315+01:00 INFO : 1 points above threshold
2026-09-08T12:22:48.328+01:00 INFO : Filtering template 297/384 segment 2/5
2026-09-08T12:22:48.365+01:00 INFO : 4 points above threshold
2026-09-08T12:22:48.374+01:00 INFO : Filtering template 297/384 segment 3/5
2026-09-08T12:22:48.412+01:00 INFO : Filtering template 297/384 segment 4/5
2026-09-08T12:22:48.465+01:00 INFO : Filtering template 297/384 segment 5/5
2026-09-08T12:22:48.502+01:00 INFO : 1 points above threshold
2026-09-08T12:22:48.509+01:00 INFO : 297: generating IMRPhenomD from 30.0 Hz
2026-09-08T12:22:48.511+01:00 INFO : Decompressing waveform using inline_linear
2026-09-08T12:22:48.516+01:00 INFO : Filtering template 298/384 segment 1/5
2026-09-08T12:22:48.559+01:00 INFO : 1 points above threshold
2026-09-08T12:22:48.575+01:00 INFO : Filtering template 298/384 segment 2/5
2026-09-08T12:22:48.619+01:00 INFO : 1 points above threshold
2026-09-08T12:22:48.625+01:00 INFO : Filtering template 298/384 segment 3/5
2026-09-08T12:22:48.662+01:00 INFO : 1 points above threshold
2026-09-08T12:22:48.668+01:00 INFO : Filtering template 298/384 segment 4/5
2026-09-08T12:22:48.705+01:00 INFO : 1 points above threshold
2026-09-08T12:22:48.711+01:00 INFO : Filtering template 298/384 segment 5/5
2026-09-08T12:22:48.748+01:00 INFO : 4 points above threshold
2026-09-08T12:22:48.758+01:00 INFO : 298: generating IMRPhenomD from 30.0 Hz
2026-09-08T12:22:48.761+01:00 INFO : Decompressing waveform using inline_linear
2026-09-08T12:22:48.766+01:00 INFO : Filtering template 299/384 segment 1/5
2026-09-08T12:22:48.806+01:00 INFO : 1 points above threshold
2026-09-08T12:22:48.821+01:00 INFO : Filtering template 299/384 segment 2/5
2026-09-08T12:22:48.872+01:00 INFO : 1 points above threshold
2026-09-08T12:22:48.879+01:00 INFO : Filtering template 299/384 segment 3/5
2026-09-08T12:22:48.917+01:00 INFO : Filtering template 299/384 segment 4/5
2026-09-08T12:22:48.955+01:00 INFO : 2 points above threshold
2026-09-08T12:22:48.963+01:00 INFO : Filtering template 299/384 segment 5/5
2026-09-08T12:22:49.000+01:00 INFO : 1 points above threshold
2026-09-08T12:22:49.006+01:00 INFO : 299: generating IMRPhenomD from 30.0 Hz
2026-09-08T12:22:49.008+01:00 INFO : Decompressing waveform using inline_linear
2026-09-08T12:22:49.013+01:00 INFO : Filtering template 300/384 segment 1/5
2026-09-08T12:22:49.058+01:00 INFO : 1 points above threshold
2026-09-08T12:22:49.074+01:00 INFO : Filtering template 300/384 segment 2/5
2026-09-08T12:22:49.120+01:00 INFO : Filtering template 300/384 segment 3/5
2026-09-08T12:22:49.157+01:00 INFO : 1 points above threshold
2026-09-08T12:22:49.163+01:00 INFO : Filtering template 300/384 segment 4/5
2026-09-08T12:22:49.200+01:00 INFO : Filtering template 300/384 segment 5/5
2026-09-08T12:22:49.237+01:00 INFO : 1 points above threshold
2026-09-08T12:22:49.244+01:00 INFO : 300: generating IMRPhenomD from 30.0 Hz
2026-09-08T12:22:49.246+01:00 INFO : Decompressing waveform using inline_linear
2026-09-08T12:22:49.251+01:00 INFO : Filtering template 301/384 segment 1/5
2026-09-08T12:22:49.292+01:00 INFO : 2 points above threshold
2026-09-08T12:22:49.306+01:00 INFO : Filtering template 301/384 segment 2/5
2026-09-08T12:22:49.343+01:00 INFO : Filtering template 301/384 segment 3/5
2026-09-08T12:22:49.381+01:00 INFO : 1 points above threshold
2026-09-08T12:22:49.387+01:00 INFO : Filtering template 301/384 segment 4/5
2026-09-08T12:22:49.424+01:00 INFO : Filtering template 301/384 segment 5/5
2026-09-08T12:22:49.461+01:00 INFO : 1 points above threshold
2026-09-08T12:22:49.467+01:00 INFO : 301: generating IMRPhenomD from 30.0 Hz
2026-09-08T12:22:49.470+01:00 INFO : Decompressing waveform using inline_linear
2026-09-08T12:22:49.475+01:00 INFO : Filtering template 302/384 segment 1/5
2026-09-08T12:22:49.515+01:00 INFO : 3 points above threshold
2026-09-08T12:22:49.532+01:00 INFO : Filtering template 302/384 segment 2/5
2026-09-08T12:22:49.569+01:00 INFO : 1 points above threshold
2026-09-08T12:22:49.575+01:00 INFO : Filtering template 302/384 segment 3/5
2026-09-08T12:22:49.612+01:00 INFO : Filtering template 302/384 segment 4/5
2026-09-08T12:22:49.649+01:00 INFO : 2 points above threshold
2026-09-08T12:22:49.657+01:00 INFO : Filtering template 302/384 segment 5/5
2026-09-08T12:22:49.694+01:00 INFO : 302: generating IMRPhenomD from 30.0 Hz
2026-09-08T12:22:49.697+01:00 INFO : Decompressing waveform using inline_linear
2026-09-08T12:22:49.702+01:00 INFO : Filtering template 303/384 segment 1/5
2026-09-08T12:22:49.742+01:00 INFO : Filtering template 303/384 segment 2/5
2026-09-08T12:22:49.779+01:00 INFO : 1 points above threshold
2026-09-08T12:22:49.792+01:00 INFO : Filtering template 303/384 segment 3/5
2026-09-08T12:22:49.829+01:00 INFO : 2 points above threshold
2026-09-08T12:22:49.837+01:00 INFO : Filtering template 303/384 segment 4/5
2026-09-08T12:22:49.875+01:00 INFO : 1 points above threshold
2026-09-08T12:22:49.881+01:00 INFO : Filtering template 303/384 segment 5/5
2026-09-08T12:22:49.918+01:00 INFO : 1 points above threshold
2026-09-08T12:22:49.924+01:00 INFO : 303: generating IMRPhenomD from 30.0 Hz
2026-09-08T12:22:49.927+01:00 INFO : Decompressing waveform using inline_linear
2026-09-08T12:22:49.932+01:00 INFO : Filtering template 304/384 segment 1/5
2026-09-08T12:22:49.973+01:00 INFO : 2 points above threshold
2026-09-08T12:22:49.987+01:00 INFO : Filtering template 304/384 segment 2/5
2026-09-08T12:22:50.024+01:00 INFO : 1 points above threshold
2026-09-08T12:22:50.030+01:00 INFO : Filtering template 304/384 segment 3/5
2026-09-08T12:22:50.067+01:00 INFO : Filtering template 304/384 segment 4/5
2026-09-08T12:22:50.105+01:00 INFO : Filtering template 304/384 segment 5/5
2026-09-08T12:22:50.143+01:00 INFO : 1 points above threshold
2026-09-08T12:22:50.149+01:00 INFO : 304: generating IMRPhenomD from 30.0 Hz
2026-09-08T12:22:50.152+01:00 INFO : Decompressing waveform using inline_linear
2026-09-08T12:22:50.157+01:00 INFO : Filtering template 305/384 segment 1/5
2026-09-08T12:22:50.198+01:00 INFO : Filtering template 305/384 segment 2/5
2026-09-08T12:22:50.236+01:00 INFO : 2 points above threshold
2026-09-08T12:22:50.253+01:00 INFO : Filtering template 305/384 segment 3/5
2026-09-08T12:22:50.291+01:00 INFO : 1 points above threshold
2026-09-08T12:22:50.297+01:00 INFO : Filtering template 305/384 segment 4/5
2026-09-08T12:22:50.335+01:00 INFO : 1 points above threshold
2026-09-08T12:22:50.341+01:00 INFO : Filtering template 305/384 segment 5/5
2026-09-08T12:22:50.379+01:00 INFO : 2 points above threshold
2026-09-08T12:22:50.387+01:00 INFO : 305: generating IMRPhenomD from 30.0 Hz
2026-09-08T12:22:50.390+01:00 INFO : Decompressing waveform using inline_linear
2026-09-08T12:22:50.395+01:00 INFO : Filtering template 306/384 segment 1/5
2026-09-08T12:22:50.437+01:00 INFO : 3 points above threshold
2026-09-08T12:22:50.456+01:00 INFO : Filtering template 306/384 segment 2/5
2026-09-08T12:22:50.494+01:00 INFO : 1 points above threshold
2026-09-08T12:22:50.500+01:00 INFO : Filtering template 306/384 segment 3/5
2026-09-08T12:22:50.537+01:00 INFO : 2 points above threshold
2026-09-08T12:22:50.546+01:00 INFO : Filtering template 306/384 segment 4/5
2026-09-08T12:22:50.583+01:00 INFO : 1 points above threshold
2026-09-08T12:22:50.589+01:00 INFO : Filtering template 306/384 segment 5/5
2026-09-08T12:22:50.627+01:00 INFO : 2 points above threshold
2026-09-08T12:22:50.635+01:00 INFO : 306: generating IMRPhenomD from 30.0 Hz
2026-09-08T12:22:50.637+01:00 INFO : Decompressing waveform using inline_linear
2026-09-08T12:22:50.642+01:00 INFO : Filtering template 307/384 segment 1/5
2026-09-08T12:22:50.683+01:00 INFO : Filtering template 307/384 segment 2/5
2026-09-08T12:22:50.721+01:00 INFO : 1 points above threshold
2026-09-08T12:22:50.733+01:00 INFO : Filtering template 307/384 segment 3/5
2026-09-08T12:22:50.776+01:00 INFO : 1 points above threshold
2026-09-08T12:22:50.782+01:00 INFO : Filtering template 307/384 segment 4/5
2026-09-08T12:22:50.822+01:00 INFO : 3 points above threshold
2026-09-08T12:22:50.833+01:00 INFO : Filtering template 307/384 segment 5/5
2026-09-08T12:22:50.872+01:00 INFO : 1 points above threshold
2026-09-08T12:22:50.878+01:00 INFO : 307: generating IMRPhenomD from 30.0 Hz
2026-09-08T12:22:50.881+01:00 INFO : Decompressing waveform using inline_linear
2026-09-08T12:22:50.886+01:00 INFO : Filtering template 308/384 segment 1/5
2026-09-08T12:22:50.927+01:00 INFO : 1 points above threshold
2026-09-08T12:22:50.939+01:00 INFO : Filtering template 308/384 segment 2/5
2026-09-08T12:22:50.977+01:00 INFO : Filtering template 308/384 segment 3/5
2026-09-08T12:22:51.014+01:00 INFO : 2 points above threshold
2026-09-08T12:22:51.022+01:00 INFO : Filtering template 308/384 segment 4/5
2026-09-08T12:22:51.059+01:00 INFO : 1 points above threshold
2026-09-08T12:22:51.065+01:00 INFO : Filtering template 308/384 segment 5/5
2026-09-08T12:22:51.103+01:00 INFO : 308: generating IMRPhenomD from 30.0 Hz
2026-09-08T12:22:51.106+01:00 INFO : Decompressing waveform using inline_linear
2026-09-08T12:22:51.111+01:00 INFO : Filtering template 309/384 segment 1/5
2026-09-08T12:22:51.151+01:00 INFO : 1 points above threshold
2026-09-08T12:22:51.164+01:00 INFO : Filtering template 309/384 segment 2/5
2026-09-08T12:22:51.202+01:00 INFO : Filtering template 309/384 segment 3/5
2026-09-08T12:22:51.239+01:00 INFO : Filtering template 309/384 segment 4/5
2026-09-08T12:22:51.276+01:00 INFO : Filtering template 309/384 segment 5/5
2026-09-08T12:22:51.313+01:00 INFO : 1 points above threshold
2026-09-08T12:22:51.320+01:00 INFO : 309: generating IMRPhenomD from 30.0 Hz
2026-09-08T12:22:51.322+01:00 INFO : Decompressing waveform using inline_linear
2026-09-08T12:22:51.327+01:00 INFO : Filtering template 310/384 segment 1/5
2026-09-08T12:22:51.369+01:00 INFO : 1 points above threshold
2026-09-08T12:22:51.382+01:00 INFO : Filtering template 310/384 segment 2/5
2026-09-08T12:22:51.420+01:00 INFO : 1 points above threshold
2026-09-08T12:22:51.426+01:00 INFO : Filtering template 310/384 segment 3/5
2026-09-08T12:22:51.463+01:00 INFO : 1 points above threshold
2026-09-08T12:22:51.469+01:00 INFO : Filtering template 310/384 segment 4/5
2026-09-08T12:22:51.506+01:00 INFO : Filtering template 310/384 segment 5/5
2026-09-08T12:22:51.543+01:00 INFO : 1 points above threshold
2026-09-08T12:22:51.549+01:00 INFO : 310: generating IMRPhenomD from 30.0 Hz
2026-09-08T12:22:51.552+01:00 INFO : Decompressing waveform using inline_linear
2026-09-08T12:22:51.557+01:00 INFO : Filtering template 311/384 segment 1/5
2026-09-08T12:22:51.598+01:00 INFO : Filtering template 311/384 segment 2/5
2026-09-08T12:22:51.635+01:00 INFO : 1 points above threshold
2026-09-08T12:22:51.648+01:00 INFO : Filtering template 311/384 segment 3/5
2026-09-08T12:22:51.685+01:00 INFO : Filtering template 311/384 segment 4/5
2026-09-08T12:22:51.722+01:00 INFO : 1 points above threshold
2026-09-08T12:22:51.729+01:00 INFO : Filtering template 311/384 segment 5/5
2026-09-08T12:22:51.766+01:00 INFO : 4 points above threshold
2026-09-08T12:22:51.776+01:00 INFO : 311: generating IMRPhenomD from 30.0 Hz
2026-09-08T12:22:51.778+01:00 INFO : Decompressing waveform using inline_linear
2026-09-08T12:22:51.783+01:00 INFO : Filtering template 312/384 segment 1/5
2026-09-08T12:22:51.824+01:00 INFO : 3 points above threshold
2026-09-08T12:22:51.841+01:00 INFO : Filtering template 312/384 segment 2/5
2026-09-08T12:22:51.879+01:00 INFO : Filtering template 312/384 segment 3/5
2026-09-08T12:22:51.916+01:00 INFO : 1 points above threshold
2026-09-08T12:22:51.922+01:00 INFO : Filtering template 312/384 segment 4/5
2026-09-08T12:22:51.960+01:00 INFO : Filtering template 312/384 segment 5/5
2026-09-08T12:22:51.998+01:00 INFO : 312: generating IMRPhenomD from 30.0 Hz
2026-09-08T12:22:52.001+01:00 INFO : Decompressing waveform using inline_linear
2026-09-08T12:22:52.006+01:00 INFO : Filtering template 313/384 segment 1/5
2026-09-08T12:22:52.046+01:00 INFO : Filtering template 313/384 segment 2/5
2026-09-08T12:22:52.084+01:00 INFO : 1 points above threshold
2026-09-08T12:22:52.096+01:00 INFO : Filtering template 313/384 segment 3/5
2026-09-08T12:22:52.133+01:00 INFO : Filtering template 313/384 segment 4/5
2026-09-08T12:22:52.171+01:00 INFO : 2 points above threshold
2026-09-08T12:22:52.179+01:00 INFO : Filtering template 313/384 segment 5/5
2026-09-08T12:22:52.216+01:00 INFO : 1 points above threshold
2026-09-08T12:22:52.222+01:00 INFO : 313: generating IMRPhenomD from 30.0 Hz
2026-09-08T12:22:52.225+01:00 INFO : Decompressing waveform using inline_linear
2026-09-08T12:22:52.230+01:00 INFO : Filtering template 314/384 segment 1/5
2026-09-08T12:22:52.271+01:00 INFO : 1 points above threshold
2026-09-08T12:22:52.283+01:00 INFO : Filtering template 314/384 segment 2/5
2026-09-08T12:22:52.320+01:00 INFO : Filtering template 314/384 segment 3/5
2026-09-08T12:22:52.358+01:00 INFO : 2 points above threshold
2026-09-08T12:22:52.366+01:00 INFO : Filtering template 314/384 segment 4/5
2026-09-08T12:22:52.403+01:00 INFO : Filtering template 314/384 segment 5/5
2026-09-08T12:22:52.440+01:00 INFO : 2 points above threshold
2026-09-08T12:22:52.449+01:00 INFO : 314: generating IMRPhenomD from 30.0 Hz
2026-09-08T12:22:52.451+01:00 INFO : Decompressing waveform using inline_linear
2026-09-08T12:22:52.456+01:00 INFO : Filtering template 315/384 segment 1/5
2026-09-08T12:22:52.497+01:00 INFO : 1 points above threshold
2026-09-08T12:22:52.510+01:00 INFO : Filtering template 315/384 segment 2/5
2026-09-08T12:22:52.547+01:00 INFO : 1 points above threshold
2026-09-08T12:22:52.553+01:00 INFO : Filtering template 315/384 segment 3/5
2026-09-08T12:22:52.590+01:00 INFO : 1 points above threshold
2026-09-08T12:22:52.596+01:00 INFO : Filtering template 315/384 segment 4/5
2026-09-08T12:22:52.633+01:00 INFO : Filtering template 315/384 segment 5/5
2026-09-08T12:22:52.670+01:00 INFO : 315: generating IMRPhenomD from 30.0 Hz
2026-09-08T12:22:52.673+01:00 INFO : Decompressing waveform using inline_linear
2026-09-08T12:22:52.678+01:00 INFO : Filtering template 316/384 segment 1/5
2026-09-08T12:22:52.718+01:00 INFO : Filtering template 316/384 segment 2/5
2026-09-08T12:22:52.756+01:00 INFO : Filtering template 316/384 segment 3/5
2026-09-08T12:22:52.793+01:00 INFO : Filtering template 316/384 segment 4/5
2026-09-08T12:22:52.830+01:00 INFO : 3 points above threshold
2026-09-08T12:22:52.847+01:00 INFO : Filtering template 316/384 segment 5/5
2026-09-08T12:22:52.884+01:00 INFO : 316: generating IMRPhenomD from 30.0 Hz
2026-09-08T12:22:52.887+01:00 INFO : Decompressing waveform using inline_linear
2026-09-08T12:22:52.892+01:00 INFO : Filtering template 317/384 segment 1/5
2026-09-08T12:22:52.933+01:00 INFO : Filtering template 317/384 segment 2/5
2026-09-08T12:22:52.970+01:00 INFO : Filtering template 317/384 segment 3/5
2026-09-08T12:22:53.008+01:00 INFO : 1 points above threshold
2026-09-08T12:22:53.020+01:00 INFO : Filtering template 317/384 segment 4/5
2026-09-08T12:22:53.059+01:00 INFO : Filtering template 317/384 segment 5/5
2026-09-08T12:22:53.096+01:00 INFO : 2 points above threshold
2026-09-08T12:22:53.105+01:00 INFO : 317: generating IMRPhenomD from 30.0 Hz
2026-09-08T12:22:53.107+01:00 INFO : Decompressing waveform using inline_linear
2026-09-08T12:22:53.112+01:00 INFO : Filtering template 318/384 segment 1/5
2026-09-08T12:22:53.153+01:00 INFO : 3 points above threshold
2026-09-08T12:22:53.170+01:00 INFO : Filtering template 318/384 segment 2/5
2026-09-08T12:22:53.207+01:00 INFO : 2 points above threshold
2026-09-08T12:22:53.215+01:00 INFO : Filtering template 318/384 segment 3/5
2026-09-08T12:22:53.252+01:00 INFO : Filtering template 318/384 segment 4/5
2026-09-08T12:22:53.290+01:00 INFO : 3 points above threshold
2026-09-08T12:22:53.300+01:00 INFO : Filtering template 318/384 segment 5/5
2026-09-08T12:22:53.337+01:00 INFO : 1 points above threshold
2026-09-08T12:22:53.343+01:00 INFO : 318: generating IMRPhenomD from 30.0 Hz
2026-09-08T12:22:53.346+01:00 INFO : Decompressing waveform using inline_linear
2026-09-08T12:22:53.351+01:00 INFO : Filtering template 319/384 segment 1/5
2026-09-08T12:22:53.392+01:00 INFO : 3 points above threshold
2026-09-08T12:22:53.409+01:00 INFO : Filtering template 319/384 segment 2/5
2026-09-08T12:22:53.446+01:00 INFO : 2 points above threshold
2026-09-08T12:22:53.454+01:00 INFO : Filtering template 319/384 segment 3/5
2026-09-08T12:22:53.511+01:00 INFO : 2 points above threshold
2026-09-08T12:22:53.520+01:00 INFO : Filtering template 319/384 segment 4/5
2026-09-08T12:22:53.557+01:00 INFO : Filtering template 319/384 segment 5/5
2026-09-08T12:22:53.595+01:00 INFO : 319: generating IMRPhenomD from 30.0 Hz
2026-09-08T12:22:53.597+01:00 INFO : Decompressing waveform using inline_linear
2026-09-08T12:22:53.602+01:00 INFO : Filtering template 320/384 segment 1/5
2026-09-08T12:22:53.662+01:00 INFO : 2 points above threshold
2026-09-08T12:22:53.676+01:00 INFO : Filtering template 320/384 segment 2/5
2026-09-08T12:22:53.713+01:00 INFO : 1 points above threshold
2026-09-08T12:22:53.719+01:00 INFO : Filtering template 320/384 segment 3/5
2026-09-08T12:22:53.756+01:00 INFO : 2 points above threshold
2026-09-08T12:22:53.764+01:00 INFO : Filtering template 320/384 segment 4/5
2026-09-08T12:22:53.802+01:00 INFO : Filtering template 320/384 segment 5/5
2026-09-08T12:22:53.839+01:00 INFO : 2 points above threshold
2026-09-08T12:22:53.848+01:00 INFO : 320: generating IMRPhenomD from 30.0 Hz
2026-09-08T12:22:53.850+01:00 INFO : Decompressing waveform using inline_linear
2026-09-08T12:22:53.855+01:00 INFO : Filtering template 321/384 segment 1/5
2026-09-08T12:22:53.911+01:00 INFO : Filtering template 321/384 segment 2/5
2026-09-08T12:22:53.954+01:00 INFO : Filtering template 321/384 segment 3/5
2026-09-08T12:22:53.991+01:00 INFO : 1 points above threshold
2026-09-08T12:22:54.004+01:00 INFO : Filtering template 321/384 segment 4/5
2026-09-08T12:22:54.042+01:00 INFO : Filtering template 321/384 segment 5/5
2026-09-08T12:22:54.080+01:00 INFO : 321: generating IMRPhenomD from 30.0 Hz
2026-09-08T12:22:54.082+01:00 INFO : Decompressing waveform using inline_linear
2026-09-08T12:22:54.087+01:00 INFO : Filtering template 322/384 segment 1/5
2026-09-08T12:22:54.129+01:00 INFO : Filtering template 322/384 segment 2/5
2026-09-08T12:22:54.166+01:00 INFO : 3 points above threshold
2026-09-08T12:22:54.182+01:00 INFO : Filtering template 322/384 segment 3/5
2026-09-08T12:22:54.220+01:00 INFO : 1 points above threshold
2026-09-08T12:22:54.226+01:00 INFO : Filtering template 322/384 segment 4/5
2026-09-08T12:22:54.276+01:00 INFO : 1 points above threshold
2026-09-08T12:22:54.284+01:00 INFO : Filtering template 322/384 segment 5/5
2026-09-08T12:22:54.341+01:00 INFO : 1 points above threshold
2026-09-08T12:22:54.349+01:00 INFO : 322: generating IMRPhenomD from 30.0 Hz
2026-09-08T12:22:54.352+01:00 INFO : Decompressing waveform using inline_linear
2026-09-08T12:22:54.357+01:00 INFO : Filtering template 323/384 segment 1/5
2026-09-08T12:22:54.398+01:00 INFO : Filtering template 323/384 segment 2/5
2026-09-08T12:22:54.436+01:00 INFO : 2 points above threshold
2026-09-08T12:22:54.452+01:00 INFO : Filtering template 323/384 segment 3/5
2026-09-08T12:22:54.503+01:00 INFO : 2 points above threshold
2026-09-08T12:22:54.511+01:00 INFO : Filtering template 323/384 segment 4/5
2026-09-08T12:22:54.552+01:00 INFO : Filtering template 323/384 segment 5/5
2026-09-08T12:22:54.604+01:00 INFO : 1 points above threshold
2026-09-08T12:22:54.610+01:00 INFO : 323: generating IMRPhenomD from 30.0 Hz
2026-09-08T12:22:54.613+01:00 INFO : Decompressing waveform using inline_linear
2026-09-08T12:22:54.618+01:00 INFO : Filtering template 324/384 segment 1/5
2026-09-08T12:22:54.659+01:00 INFO : Filtering template 324/384 segment 2/5
2026-09-08T12:22:54.696+01:00 INFO : Filtering template 324/384 segment 3/5
2026-09-08T12:22:54.733+01:00 INFO : 1 points above threshold
2026-09-08T12:22:54.746+01:00 INFO : Filtering template 324/384 segment 4/5
2026-09-08T12:22:54.784+01:00 INFO : Filtering template 324/384 segment 5/5
2026-09-08T12:22:54.822+01:00 INFO : 4 points above threshold
2026-09-08T12:22:54.832+01:00 INFO : 324: generating IMRPhenomD from 30.0 Hz
2026-09-08T12:22:54.834+01:00 INFO : Decompressing waveform using inline_linear
2026-09-08T12:22:54.839+01:00 INFO : Filtering template 325/384 segment 1/5
2026-09-08T12:22:54.881+01:00 INFO : 2 points above threshold
2026-09-08T12:22:54.896+01:00 INFO : Filtering template 325/384 segment 2/5
2026-09-08T12:22:54.934+01:00 INFO : 3 points above threshold
2026-09-08T12:22:54.944+01:00 INFO : Filtering template 325/384 segment 3/5
2026-09-08T12:22:54.982+01:00 INFO : 2 points above threshold
2026-09-08T12:22:54.990+01:00 INFO : Filtering template 325/384 segment 4/5
2026-09-08T12:22:55.028+01:00 INFO : 1 points above threshold
2026-09-08T12:22:55.034+01:00 INFO : Filtering template 325/384 segment 5/5
2026-09-08T12:22:55.072+01:00 INFO : 1 points above threshold
2026-09-08T12:22:55.078+01:00 INFO : 325: generating IMRPhenomD from 30.0 Hz
2026-09-08T12:22:55.080+01:00 INFO : Decompressing waveform using inline_linear
2026-09-08T12:22:55.085+01:00 INFO : Filtering template 326/384 segment 1/5
2026-09-08T12:22:55.126+01:00 INFO : 2 points above threshold
2026-09-08T12:22:55.140+01:00 INFO : Filtering template 326/384 segment 2/5
2026-09-08T12:22:55.180+01:00 INFO : 2 points above threshold
2026-09-08T12:22:55.192+01:00 INFO : Filtering template 326/384 segment 3/5
2026-09-08T12:22:55.240+01:00 INFO : Filtering template 326/384 segment 4/5
2026-09-08T12:22:55.278+01:00 INFO : Filtering template 326/384 segment 5/5
2026-09-08T12:22:55.315+01:00 INFO : 2 points above threshold
2026-09-08T12:22:55.324+01:00 INFO : 326: generating IMRPhenomD from 30.0 Hz
2026-09-08T12:22:55.326+01:00 INFO : Decompressing waveform using inline_linear
2026-09-08T12:22:55.331+01:00 INFO : Filtering template 327/384 segment 1/5
2026-09-08T12:22:55.373+01:00 INFO : 2 points above threshold
2026-09-08T12:22:55.388+01:00 INFO : Filtering template 327/384 segment 2/5
2026-09-08T12:22:55.426+01:00 INFO : 1 points above threshold
2026-09-08T12:22:55.432+01:00 INFO : Filtering template 327/384 segment 3/5
2026-09-08T12:22:55.470+01:00 INFO : 3 points above threshold
2026-09-08T12:22:55.480+01:00 INFO : Filtering template 327/384 segment 4/5
2026-09-08T12:22:55.534+01:00 INFO : 2 points above threshold
2026-09-08T12:22:55.542+01:00 INFO : Filtering template 327/384 segment 5/5
2026-09-08T12:22:55.579+01:00 INFO : 1 points above threshold
2026-09-08T12:22:55.586+01:00 INFO : 327: generating IMRPhenomD from 30.0 Hz
2026-09-08T12:22:55.588+01:00 INFO : Decompressing waveform using inline_linear
2026-09-08T12:22:55.593+01:00 INFO : Filtering template 328/384 segment 1/5
2026-09-08T12:22:55.634+01:00 INFO : 1 points above threshold
2026-09-08T12:22:55.647+01:00 INFO : Filtering template 328/384 segment 2/5
2026-09-08T12:22:55.685+01:00 INFO : 1 points above threshold
2026-09-08T12:22:55.691+01:00 INFO : Filtering template 328/384 segment 3/5
2026-09-08T12:22:55.738+01:00 INFO : 4 points above threshold
2026-09-08T12:22:55.753+01:00 INFO : Filtering template 328/384 segment 4/5
2026-09-08T12:22:55.790+01:00 INFO : 1 points above threshold
2026-09-08T12:22:55.796+01:00 INFO : Filtering template 328/384 segment 5/5
2026-09-08T12:22:55.833+01:00 INFO : 2 points above threshold
2026-09-08T12:22:55.843+01:00 INFO : 328: generating IMRPhenomD from 30.0 Hz
2026-09-08T12:22:55.846+01:00 INFO : Decompressing waveform using inline_linear
2026-09-08T12:22:55.852+01:00 INFO : Filtering template 329/384 segment 1/5
2026-09-08T12:22:55.895+01:00 INFO : Filtering template 329/384 segment 2/5
2026-09-08T12:22:55.936+01:00 INFO : Filtering template 329/384 segment 3/5
2026-09-08T12:22:55.980+01:00 INFO : 2 points above threshold
2026-09-08T12:22:55.995+01:00 INFO : Filtering template 329/384 segment 4/5
2026-09-08T12:22:56.032+01:00 INFO : 1 points above threshold
2026-09-08T12:22:56.038+01:00 INFO : Filtering template 329/384 segment 5/5
2026-09-08T12:22:56.077+01:00 INFO : 2 points above threshold
2026-09-08T12:22:56.086+01:00 INFO : 329: generating IMRPhenomD from 30.0 Hz
2026-09-08T12:22:56.089+01:00 INFO : Decompressing waveform using inline_linear
2026-09-08T12:22:56.094+01:00 INFO : Filtering template 330/384 segment 1/5
2026-09-08T12:22:56.137+01:00 INFO : 1 points above threshold
2026-09-08T12:22:56.149+01:00 INFO : Filtering template 330/384 segment 2/5
2026-09-08T12:22:56.187+01:00 INFO : 2 points above threshold
2026-09-08T12:22:56.194+01:00 INFO : Filtering template 330/384 segment 3/5
2026-09-08T12:22:56.232+01:00 INFO : 2 points above threshold
2026-09-08T12:22:56.239+01:00 INFO : Filtering template 330/384 segment 4/5
2026-09-08T12:22:56.277+01:00 INFO : 1 points above threshold
2026-09-08T12:22:56.283+01:00 INFO : Filtering template 330/384 segment 5/5
2026-09-08T12:22:56.320+01:00 INFO : 330: generating IMRPhenomD from 30.0 Hz
2026-09-08T12:22:56.323+01:00 INFO : Decompressing waveform using inline_linear
2026-09-08T12:22:56.328+01:00 INFO : Filtering template 331/384 segment 1/5
2026-09-08T12:22:56.369+01:00 INFO : 2 points above threshold
2026-09-08T12:22:56.386+01:00 INFO : Filtering template 331/384 segment 2/5
2026-09-08T12:22:56.423+01:00 INFO : 1 points above threshold
2026-09-08T12:22:56.430+01:00 INFO : Filtering template 331/384 segment 3/5
2026-09-08T12:22:56.467+01:00 INFO : 3 points above threshold
2026-09-08T12:22:56.477+01:00 INFO : Filtering template 331/384 segment 4/5
2026-09-08T12:22:56.514+01:00 INFO : 4 points above threshold
2026-09-08T12:22:56.524+01:00 INFO : Filtering template 331/384 segment 5/5
2026-09-08T12:22:56.562+01:00 INFO : 331: generating IMRPhenomD from 30.0 Hz
2026-09-08T12:22:56.565+01:00 INFO : Decompressing waveform using inline_linear
2026-09-08T12:22:56.570+01:00 INFO : Filtering template 332/384 segment 1/5
2026-09-08T12:22:56.611+01:00 INFO : 2 points above threshold
2026-09-08T12:22:56.628+01:00 INFO : Filtering template 332/384 segment 2/5
2026-09-08T12:22:56.665+01:00 INFO : Filtering template 332/384 segment 3/5
2026-09-08T12:22:56.702+01:00 INFO : 1 points above threshold
2026-09-08T12:22:56.708+01:00 INFO : Filtering template 332/384 segment 4/5
2026-09-08T12:22:56.745+01:00 INFO : Filtering template 332/384 segment 5/5
2026-09-08T12:22:56.782+01:00 INFO : 1 points above threshold
2026-09-08T12:22:56.789+01:00 INFO : 332: generating IMRPhenomD from 30.0 Hz
2026-09-08T12:22:56.791+01:00 INFO : Decompressing waveform using inline_linear
2026-09-08T12:22:56.796+01:00 INFO : Filtering template 333/384 segment 1/5
2026-09-08T12:22:56.837+01:00 INFO : 2 points above threshold
2026-09-08T12:22:56.854+01:00 INFO : Filtering template 333/384 segment 2/5
2026-09-08T12:22:56.892+01:00 INFO : Filtering template 333/384 segment 3/5
2026-09-08T12:22:56.929+01:00 INFO : 1 points above threshold
2026-09-08T12:22:56.935+01:00 INFO : Filtering template 333/384 segment 4/5
2026-09-08T12:22:56.972+01:00 INFO : 1 points above threshold
2026-09-08T12:22:56.978+01:00 INFO : Filtering template 333/384 segment 5/5
2026-09-08T12:22:57.015+01:00 INFO : 333: generating IMRPhenomD from 30.0 Hz
2026-09-08T12:22:57.018+01:00 INFO : Decompressing waveform using inline_linear
2026-09-08T12:22:57.023+01:00 INFO : Filtering template 334/384 segment 1/5
2026-09-08T12:22:57.063+01:00 INFO : 3 points above threshold
2026-09-08T12:22:57.082+01:00 INFO : Filtering template 334/384 segment 2/5
2026-09-08T12:22:57.119+01:00 INFO : Filtering template 334/384 segment 3/5
2026-09-08T12:22:57.156+01:00 INFO : Filtering template 334/384 segment 4/5
2026-09-08T12:22:57.193+01:00 INFO : 2 points above threshold
2026-09-08T12:22:57.201+01:00 INFO : Filtering template 334/384 segment 5/5
2026-09-08T12:22:57.239+01:00 INFO : 334: generating IMRPhenomD from 30.0 Hz
2026-09-08T12:22:57.241+01:00 INFO : Decompressing waveform using inline_linear
2026-09-08T12:22:57.246+01:00 INFO : Filtering template 335/384 segment 1/5
2026-09-08T12:22:57.287+01:00 INFO : 1 points above threshold
2026-09-08T12:22:57.302+01:00 INFO : Filtering template 335/384 segment 2/5
2026-09-08T12:22:57.339+01:00 INFO : Filtering template 335/384 segment 3/5
2026-09-08T12:22:57.377+01:00 INFO : 3 points above threshold
2026-09-08T12:22:57.387+01:00 INFO : Filtering template 335/384 segment 4/5
2026-09-08T12:22:57.424+01:00 INFO : Filtering template 335/384 segment 5/5
2026-09-08T12:22:57.461+01:00 INFO : 1 points above threshold
2026-09-08T12:22:57.467+01:00 INFO : 335: generating IMRPhenomD from 30.0 Hz
2026-09-08T12:22:57.470+01:00 INFO : Decompressing waveform using inline_linear
2026-09-08T12:22:57.475+01:00 INFO : Filtering template 336/384 segment 1/5
2026-09-08T12:22:57.515+01:00 INFO : 3 points above threshold
2026-09-08T12:22:57.531+01:00 INFO : Filtering template 336/384 segment 2/5
2026-09-08T12:22:57.568+01:00 INFO : Filtering template 336/384 segment 3/5
2026-09-08T12:22:57.605+01:00 INFO : Filtering template 336/384 segment 4/5
2026-09-08T12:22:57.643+01:00 INFO : 1 points above threshold
2026-09-08T12:22:57.649+01:00 INFO : Filtering template 336/384 segment 5/5
2026-09-08T12:22:57.687+01:00 INFO : 336: generating IMRPhenomD from 30.0 Hz
2026-09-08T12:22:57.689+01:00 INFO : Decompressing waveform using inline_linear
2026-09-08T12:22:57.694+01:00 INFO : Filtering template 337/384 segment 1/5
2026-09-08T12:22:57.734+01:00 INFO : Filtering template 337/384 segment 2/5
2026-09-08T12:22:57.772+01:00 INFO : 1 points above threshold
2026-09-08T12:22:57.784+01:00 INFO : Filtering template 337/384 segment 3/5
2026-09-08T12:22:57.821+01:00 INFO : Filtering template 337/384 segment 4/5
2026-09-08T12:22:57.858+01:00 INFO : 2 points above threshold
2026-09-08T12:22:57.866+01:00 INFO : Filtering template 337/384 segment 5/5
2026-09-08T12:22:57.903+01:00 INFO : 337: generating IMRPhenomD from 30.0 Hz
2026-09-08T12:22:57.906+01:00 INFO : Decompressing waveform using inline_linear
2026-09-08T12:22:57.911+01:00 INFO : Filtering template 338/384 segment 1/5
2026-09-08T12:22:57.951+01:00 INFO : 1 points above threshold
2026-09-08T12:22:57.963+01:00 INFO : Filtering template 338/384 segment 2/5
2026-09-08T12:22:58.001+01:00 INFO : 2 points above threshold
2026-09-08T12:22:58.008+01:00 INFO : Filtering template 338/384 segment 3/5
2026-09-08T12:22:58.046+01:00 INFO : 1 points above threshold
2026-09-08T12:22:58.052+01:00 INFO : Filtering template 338/384 segment 4/5
2026-09-08T12:22:58.088+01:00 INFO : Filtering template 338/384 segment 5/5
2026-09-08T12:22:58.126+01:00 INFO : 2 points above threshold
2026-09-08T12:22:58.134+01:00 INFO : 338: generating IMRPhenomD from 30.0 Hz
2026-09-08T12:22:58.136+01:00 INFO : Decompressing waveform using inline_linear
2026-09-08T12:22:58.141+01:00 INFO : Filtering template 339/384 segment 1/5
2026-09-08T12:22:58.181+01:00 INFO : 1 points above threshold
2026-09-08T12:22:58.194+01:00 INFO : Filtering template 339/384 segment 2/5
2026-09-08T12:22:58.231+01:00 INFO : 1 points above threshold
2026-09-08T12:22:58.237+01:00 INFO : Filtering template 339/384 segment 3/5
2026-09-08T12:22:58.274+01:00 INFO : 1 points above threshold
2026-09-08T12:22:58.279+01:00 INFO : Filtering template 339/384 segment 4/5
2026-09-08T12:22:58.316+01:00 INFO : Filtering template 339/384 segment 5/5
2026-09-08T12:22:58.354+01:00 INFO : 2 points above threshold
2026-09-08T12:22:58.362+01:00 INFO : 339: generating IMRPhenomD from 30.0 Hz
2026-09-08T12:22:58.364+01:00 INFO : Decompressing waveform using inline_linear
2026-09-08T12:22:58.369+01:00 INFO : Filtering template 340/384 segment 1/5
2026-09-08T12:22:58.410+01:00 INFO : 1 points above threshold
2026-09-08T12:22:58.422+01:00 INFO : Filtering template 340/384 segment 2/5
2026-09-08T12:22:58.459+01:00 INFO : Filtering template 340/384 segment 3/5
2026-09-08T12:22:58.496+01:00 INFO : Filtering template 340/384 segment 4/5
2026-09-08T12:22:58.533+01:00 INFO : Filtering template 340/384 segment 5/5
2026-09-08T12:22:58.570+01:00 INFO : 1 points above threshold
2026-09-08T12:22:58.577+01:00 INFO : 340: generating IMRPhenomD from 30.0 Hz
2026-09-08T12:22:58.579+01:00 INFO : Decompressing waveform using inline_linear
2026-09-08T12:22:58.584+01:00 INFO : Filtering template 341/384 segment 1/5
2026-09-08T12:22:58.625+01:00 INFO : 2 points above threshold
2026-09-08T12:22:58.639+01:00 INFO : Filtering template 341/384 segment 2/5
2026-09-08T12:22:58.676+01:00 INFO : 1 points above threshold
2026-09-08T12:22:58.682+01:00 INFO : Filtering template 341/384 segment 3/5
2026-09-08T12:22:58.719+01:00 INFO : 2 points above threshold
2026-09-08T12:22:58.727+01:00 INFO : Filtering template 341/384 segment 4/5
2026-09-08T12:22:58.764+01:00 INFO : 1 points above threshold
2026-09-08T12:22:58.770+01:00 INFO : Filtering template 341/384 segment 5/5
2026-09-08T12:22:58.807+01:00 INFO : 2 points above threshold
2026-09-08T12:22:58.815+01:00 INFO : 341: generating IMRPhenomD from 30.0 Hz
2026-09-08T12:22:58.818+01:00 INFO : Decompressing waveform using inline_linear
2026-09-08T12:22:58.822+01:00 INFO : Filtering template 342/384 segment 1/5
2026-09-08T12:22:58.863+01:00 INFO : 2 points above threshold
2026-09-08T12:22:58.877+01:00 INFO : Filtering template 342/384 segment 2/5
2026-09-08T12:22:58.913+01:00 INFO : 2 points above threshold
2026-09-08T12:22:58.921+01:00 INFO : Filtering template 342/384 segment 3/5
2026-09-08T12:22:58.958+01:00 INFO : 1 points above threshold
2026-09-08T12:22:58.964+01:00 INFO : Filtering template 342/384 segment 4/5
2026-09-08T12:22:59.001+01:00 INFO : 2 points above threshold
2026-09-08T12:22:59.009+01:00 INFO : Filtering template 342/384 segment 5/5
2026-09-08T12:22:59.046+01:00 INFO : 1 points above threshold
2026-09-08T12:22:59.053+01:00 INFO : 342: generating IMRPhenomD from 30.0 Hz
2026-09-08T12:22:59.055+01:00 INFO : Decompressing waveform using inline_linear
2026-09-08T12:22:59.060+01:00 INFO : Filtering template 343/384 segment 1/5
2026-09-08T12:22:59.100+01:00 INFO : Filtering template 343/384 segment 2/5
2026-09-08T12:22:59.137+01:00 INFO : 1 points above threshold
2026-09-08T12:22:59.149+01:00 INFO : Filtering template 343/384 segment 3/5
2026-09-08T12:22:59.186+01:00 INFO : Filtering template 343/384 segment 4/5
2026-09-08T12:22:59.240+01:00 INFO : Filtering template 343/384 segment 5/5
2026-09-08T12:22:59.278+01:00 INFO : 343: generating IMRPhenomD from 30.0 Hz
2026-09-08T12:22:59.281+01:00 INFO : Decompressing waveform using inline_linear
2026-09-08T12:22:59.285+01:00 INFO : Filtering template 344/384 segment 1/5
2026-09-08T12:22:59.325+01:00 INFO : 1 points above threshold
2026-09-08T12:22:59.338+01:00 INFO : Filtering template 344/384 segment 2/5
2026-09-08T12:22:59.390+01:00 INFO : 1 points above threshold
2026-09-08T12:22:59.398+01:00 INFO : Filtering template 344/384 segment 3/5
2026-09-08T12:22:59.448+01:00 INFO : 1 points above threshold
2026-09-08T12:22:59.454+01:00 INFO : Filtering template 344/384 segment 4/5
2026-09-08T12:22:59.491+01:00 INFO : 1 points above threshold
2026-09-08T12:22:59.497+01:00 INFO : Filtering template 344/384 segment 5/5
2026-09-08T12:22:59.535+01:00 INFO : 1 points above threshold
2026-09-08T12:22:59.541+01:00 INFO : 344: generating IMRPhenomD from 30.0 Hz
2026-09-08T12:22:59.543+01:00 INFO : Decompressing waveform using inline_linear
2026-09-08T12:22:59.548+01:00 INFO : Filtering template 345/384 segment 1/5
2026-09-08T12:22:59.589+01:00 INFO : 1 points above threshold
2026-09-08T12:22:59.601+01:00 INFO : Filtering template 345/384 segment 2/5
2026-09-08T12:22:59.638+01:00 INFO : 2 points above threshold
2026-09-08T12:22:59.646+01:00 INFO : Filtering template 345/384 segment 3/5
2026-09-08T12:22:59.688+01:00 INFO : 4 points above threshold
2026-09-08T12:22:59.703+01:00 INFO : Filtering template 345/384 segment 4/5
2026-09-08T12:22:59.748+01:00 INFO : 1 points above threshold
2026-09-08T12:22:59.754+01:00 INFO : Filtering template 345/384 segment 5/5
2026-09-08T12:22:59.791+01:00 INFO : 1 points above threshold
2026-09-08T12:22:59.798+01:00 INFO : 345: generating IMRPhenomD from 30.0 Hz
2026-09-08T12:22:59.800+01:00 INFO : Decompressing waveform using inline_linear
2026-09-08T12:22:59.805+01:00 INFO : Filtering template 346/384 segment 1/5
2026-09-08T12:22:59.845+01:00 INFO : 1 points above threshold
2026-09-08T12:22:59.858+01:00 INFO : Filtering template 346/384 segment 2/5
2026-09-08T12:22:59.896+01:00 INFO : Filtering template 346/384 segment 3/5
2026-09-08T12:22:59.933+01:00 INFO : 1 points above threshold
2026-09-08T12:22:59.939+01:00 INFO : Filtering template 346/384 segment 4/5
2026-09-08T12:22:59.976+01:00 INFO : 3 points above threshold
2026-09-08T12:22:59.986+01:00 INFO : Filtering template 346/384 segment 5/5
2026-09-08T12:23:00.023+01:00 INFO : 1 points above threshold
2026-09-08T12:23:00.029+01:00 INFO : 346: generating IMRPhenomD from 30.0 Hz
2026-09-08T12:23:00.032+01:00 INFO : Decompressing waveform using inline_linear
2026-09-08T12:23:00.037+01:00 INFO : Filtering template 347/384 segment 1/5
2026-09-08T12:23:00.077+01:00 INFO : 2 points above threshold
2026-09-08T12:23:00.091+01:00 INFO : Filtering template 347/384 segment 2/5
2026-09-08T12:23:00.129+01:00 INFO : Filtering template 347/384 segment 3/5
2026-09-08T12:23:00.166+01:00 INFO : 2 points above threshold
2026-09-08T12:23:00.174+01:00 INFO : Filtering template 347/384 segment 4/5
2026-09-08T12:23:00.211+01:00 INFO : 4 points above threshold
2026-09-08T12:23:00.220+01:00 INFO : Filtering template 347/384 segment 5/5
2026-09-08T12:23:00.258+01:00 INFO : 347: generating IMRPhenomD from 30.0 Hz
2026-09-08T12:23:00.260+01:00 INFO : Decompressing waveform using inline_linear
2026-09-08T12:23:00.265+01:00 INFO : Filtering template 348/384 segment 1/5
2026-09-08T12:23:00.306+01:00 INFO : 2 points above threshold
2026-09-08T12:23:00.320+01:00 INFO : Filtering template 348/384 segment 2/5
2026-09-08T12:23:00.357+01:00 INFO : Filtering template 348/384 segment 3/5
2026-09-08T12:23:00.394+01:00 INFO : 3 points above threshold
2026-09-08T12:23:00.404+01:00 INFO : Filtering template 348/384 segment 4/5
2026-09-08T12:23:00.441+01:00 INFO : 4 points above threshold
2026-09-08T12:23:00.450+01:00 INFO : Filtering template 348/384 segment 5/5
2026-09-08T12:23:00.488+01:00 INFO : 348: generating IMRPhenomD from 30.0 Hz
2026-09-08T12:23:00.490+01:00 INFO : Decompressing waveform using inline_linear
2026-09-08T12:23:00.495+01:00 INFO : Filtering template 349/384 segment 1/5
2026-09-08T12:23:00.536+01:00 INFO : 2 points above threshold
2026-09-08T12:23:00.550+01:00 INFO : Filtering template 349/384 segment 2/5
2026-09-08T12:23:00.588+01:00 INFO : 1 points above threshold
2026-09-08T12:23:00.594+01:00 INFO : Filtering template 349/384 segment 3/5
2026-09-08T12:23:00.631+01:00 INFO : Filtering template 349/384 segment 4/5
2026-09-08T12:23:00.668+01:00 INFO : 5 points above threshold
2026-09-08T12:23:00.681+01:00 INFO : Filtering template 349/384 segment 5/5
2026-09-08T12:23:00.718+01:00 INFO : 1 points above threshold
2026-09-08T12:23:00.724+01:00 INFO : 349: generating IMRPhenomD from 30.0 Hz
2026-09-08T12:23:00.726+01:00 INFO : Decompressing waveform using inline_linear
2026-09-08T12:23:00.731+01:00 INFO : Filtering template 350/384 segment 1/5
2026-09-08T12:23:00.772+01:00 INFO : 2 points above threshold
2026-09-08T12:23:00.786+01:00 INFO : Filtering template 350/384 segment 2/5
2026-09-08T12:23:00.823+01:00 INFO : 1 points above threshold
2026-09-08T12:23:00.829+01:00 INFO : Filtering template 350/384 segment 3/5
2026-09-08T12:23:00.866+01:00 INFO : 1 points above threshold
2026-09-08T12:23:00.872+01:00 INFO : Filtering template 350/384 segment 4/5
2026-09-08T12:23:00.909+01:00 INFO : Filtering template 350/384 segment 5/5
2026-09-08T12:23:00.947+01:00 INFO : 5 points above threshold
2026-09-08T12:23:00.959+01:00 INFO : 350: generating IMRPhenomD from 30.0 Hz
2026-09-08T12:23:00.962+01:00 INFO : Decompressing waveform using inline_linear
2026-09-08T12:23:00.968+01:00 INFO : Filtering template 351/384 segment 1/5
2026-09-08T12:23:01.012+01:00 INFO : 1 points above threshold
2026-09-08T12:23:01.027+01:00 INFO : Filtering template 351/384 segment 2/5
2026-09-08T12:23:01.068+01:00 INFO : Filtering template 351/384 segment 3/5
2026-09-08T12:23:01.105+01:00 INFO : Filtering template 351/384 segment 4/5
2026-09-08T12:23:01.142+01:00 INFO : 2 points above threshold
2026-09-08T12:23:01.150+01:00 INFO : Filtering template 351/384 segment 5/5
2026-09-08T12:23:01.188+01:00 INFO : 351: generating IMRPhenomD from 30.0 Hz
2026-09-08T12:23:01.190+01:00 INFO : Decompressing waveform using inline_linear
2026-09-08T12:23:01.195+01:00 INFO : Filtering template 352/384 segment 1/5
2026-09-08T12:23:01.235+01:00 INFO : Filtering template 352/384 segment 2/5
2026-09-08T12:23:01.273+01:00 INFO : Filtering template 352/384 segment 3/5
2026-09-08T12:23:01.310+01:00 INFO : Filtering template 352/384 segment 4/5
2026-09-08T12:23:01.347+01:00 INFO : 1 points above threshold
2026-09-08T12:23:01.362+01:00 INFO : Filtering template 352/384 segment 5/5
2026-09-08T12:23:01.399+01:00 INFO : 1 points above threshold
2026-09-08T12:23:01.405+01:00 INFO : 352: generating IMRPhenomD from 30.0 Hz
2026-09-08T12:23:01.407+01:00 INFO : Decompressing waveform using inline_linear
2026-09-08T12:23:01.412+01:00 INFO : Filtering template 353/384 segment 1/5
2026-09-08T12:23:01.453+01:00 INFO : 1 points above threshold
2026-09-08T12:23:01.465+01:00 INFO : Filtering template 353/384 segment 2/5
2026-09-08T12:23:01.502+01:00 INFO : 2 points above threshold
2026-09-08T12:23:01.510+01:00 INFO : Filtering template 353/384 segment 3/5
2026-09-08T12:23:01.547+01:00 INFO : 2 points above threshold
2026-09-08T12:23:01.555+01:00 INFO : Filtering template 353/384 segment 4/5
2026-09-08T12:23:01.592+01:00 INFO : 1 points above threshold
2026-09-08T12:23:01.598+01:00 INFO : Filtering template 353/384 segment 5/5
2026-09-08T12:23:01.636+01:00 INFO : 353: generating IMRPhenomD from 30.0 Hz
2026-09-08T12:23:01.638+01:00 INFO : Decompressing waveform using inline_linear
2026-09-08T12:23:01.643+01:00 INFO : Filtering template 354/384 segment 1/5
2026-09-08T12:23:01.684+01:00 INFO : 4 points above threshold
2026-09-08T12:23:01.699+01:00 INFO : Filtering template 354/384 segment 2/5
2026-09-08T12:23:01.736+01:00 INFO : 1 points above threshold
2026-09-08T12:23:01.742+01:00 INFO : Filtering template 354/384 segment 3/5
2026-09-08T12:23:01.779+01:00 INFO : Filtering template 354/384 segment 4/5
2026-09-08T12:23:01.816+01:00 INFO : Filtering template 354/384 segment 5/5
2026-09-08T12:23:01.854+01:00 INFO : 1 points above threshold
2026-09-08T12:23:01.860+01:00 INFO : 354: generating IMRPhenomD from 30.0 Hz
2026-09-08T12:23:01.863+01:00 INFO : Decompressing waveform using inline_linear
2026-09-08T12:23:01.868+01:00 INFO : Filtering template 355/384 segment 1/5
2026-09-08T12:23:01.909+01:00 INFO : Filtering template 355/384 segment 2/5
2026-09-08T12:23:01.946+01:00 INFO : Filtering template 355/384 segment 3/5
2026-09-08T12:23:01.983+01:00 INFO : 1 points above threshold
2026-09-08T12:23:01.995+01:00 INFO : Filtering template 355/384 segment 4/5
2026-09-08T12:23:02.033+01:00 INFO : Filtering template 355/384 segment 5/5
2026-09-08T12:23:02.070+01:00 INFO : 2 points above threshold
2026-09-08T12:23:02.078+01:00 INFO : 355: generating IMRPhenomD from 30.0 Hz
2026-09-08T12:23:02.080+01:00 INFO : Decompressing waveform using inline_linear
2026-09-08T12:23:02.085+01:00 INFO : Filtering template 356/384 segment 1/5
2026-09-08T12:23:02.126+01:00 INFO : 1 points above threshold
2026-09-08T12:23:02.138+01:00 INFO : Filtering template 356/384 segment 2/5
2026-09-08T12:23:02.175+01:00 INFO : 2 points above threshold
2026-09-08T12:23:02.183+01:00 INFO : Filtering template 356/384 segment 3/5
2026-09-08T12:23:02.220+01:00 INFO : 2 points above threshold
2026-09-08T12:23:02.228+01:00 INFO : Filtering template 356/384 segment 4/5
2026-09-08T12:23:02.265+01:00 INFO : 2 points above threshold
2026-09-08T12:23:02.273+01:00 INFO : Filtering template 356/384 segment 5/5
2026-09-08T12:23:02.310+01:00 INFO : 1 points above threshold
2026-09-08T12:23:02.317+01:00 INFO : 356: generating IMRPhenomD from 30.0 Hz
2026-09-08T12:23:02.319+01:00 INFO : Decompressing waveform using inline_linear
2026-09-08T12:23:02.324+01:00 INFO : Filtering template 357/384 segment 1/5
2026-09-08T12:23:02.364+01:00 INFO : 2 points above threshold
2026-09-08T12:23:02.378+01:00 INFO : Filtering template 357/384 segment 2/5
2026-09-08T12:23:02.415+01:00 INFO : Filtering template 357/384 segment 3/5
2026-09-08T12:23:02.452+01:00 INFO : 4 points above threshold
2026-09-08T12:23:02.462+01:00 INFO : Filtering template 357/384 segment 4/5
2026-09-08T12:23:02.499+01:00 INFO : 1 points above threshold
2026-09-08T12:23:02.505+01:00 INFO : Filtering template 357/384 segment 5/5
2026-09-08T12:23:02.549+01:00 INFO : 357: generating IMRPhenomD from 30.0 Hz
2026-09-08T12:23:02.552+01:00 INFO : Decompressing waveform using inline_linear
2026-09-08T12:23:02.558+01:00 INFO : Filtering template 358/384 segment 1/5
2026-09-08T12:23:02.608+01:00 INFO : 2 points above threshold
2026-09-08T12:23:02.622+01:00 INFO : Filtering template 358/384 segment 2/5
2026-09-08T12:23:02.659+01:00 INFO : 2 points above threshold
2026-09-08T12:23:02.667+01:00 INFO : Filtering template 358/384 segment 3/5
2026-09-08T12:23:02.704+01:00 INFO : Filtering template 358/384 segment 4/5
2026-09-08T12:23:02.741+01:00 INFO : 1 points above threshold
2026-09-08T12:23:02.747+01:00 INFO : Filtering template 358/384 segment 5/5
2026-09-08T12:23:02.785+01:00 INFO : 358: generating IMRPhenomD from 30.0 Hz
2026-09-08T12:23:02.787+01:00 INFO : Decompressing waveform using inline_linear
2026-09-08T12:23:02.792+01:00 INFO : Filtering template 359/384 segment 1/5
2026-09-08T12:23:02.833+01:00 INFO : 2 points above threshold
2026-09-08T12:23:02.846+01:00 INFO : Filtering template 359/384 segment 2/5
2026-09-08T12:23:02.884+01:00 INFO : 2 points above threshold
2026-09-08T12:23:02.891+01:00 INFO : Filtering template 359/384 segment 3/5
2026-09-08T12:23:02.928+01:00 INFO : Filtering template 359/384 segment 4/5
2026-09-08T12:23:02.966+01:00 INFO : 1 points above threshold
2026-09-08T12:23:02.972+01:00 INFO : Filtering template 359/384 segment 5/5
2026-09-08T12:23:03.009+01:00 INFO : 2 points above threshold
2026-09-08T12:23:03.017+01:00 INFO : 359: generating IMRPhenomD from 30.0 Hz
2026-09-08T12:23:03.020+01:00 INFO : Decompressing waveform using inline_linear
2026-09-08T12:23:03.025+01:00 INFO : Filtering template 360/384 segment 1/5
2026-09-08T12:23:03.065+01:00 INFO : Filtering template 360/384 segment 2/5
2026-09-08T12:23:03.103+01:00 INFO : Filtering template 360/384 segment 3/5
2026-09-08T12:23:03.140+01:00 INFO : 2 points above threshold
2026-09-08T12:23:03.155+01:00 INFO : Filtering template 360/384 segment 4/5
2026-09-08T12:23:03.192+01:00 INFO : Filtering template 360/384 segment 5/5
2026-09-08T12:23:03.229+01:00 INFO : 2 points above threshold
2026-09-08T12:23:03.237+01:00 INFO : 360: generating IMRPhenomD from 30.0 Hz
2026-09-08T12:23:03.239+01:00 INFO : Decompressing waveform using inline_linear
2026-09-08T12:23:03.244+01:00 INFO : Filtering template 361/384 segment 1/5
2026-09-08T12:23:03.285+01:00 INFO : 1 points above threshold
2026-09-08T12:23:03.297+01:00 INFO : Filtering template 361/384 segment 2/5
2026-09-08T12:23:03.334+01:00 INFO : 1 points above threshold
2026-09-08T12:23:03.340+01:00 INFO : Filtering template 361/384 segment 3/5
2026-09-08T12:23:03.377+01:00 INFO : 1 points above threshold
2026-09-08T12:23:03.383+01:00 INFO : Filtering template 361/384 segment 4/5
2026-09-08T12:23:03.420+01:00 INFO : 1 points above threshold
2026-09-08T12:23:03.426+01:00 INFO : Filtering template 361/384 segment 5/5
2026-09-08T12:23:03.464+01:00 INFO : 361: generating IMRPhenomD from 30.0 Hz
2026-09-08T12:23:03.466+01:00 INFO : Decompressing waveform using inline_linear
2026-09-08T12:23:03.471+01:00 INFO : Filtering template 362/384 segment 1/5
2026-09-08T12:23:03.512+01:00 INFO : 1 points above threshold
2026-09-08T12:23:03.524+01:00 INFO : Filtering template 362/384 segment 2/5
2026-09-08T12:23:03.561+01:00 INFO : 2 points above threshold
2026-09-08T12:23:03.569+01:00 INFO : Filtering template 362/384 segment 3/5
2026-09-08T12:23:03.606+01:00 INFO : 1 points above threshold
2026-09-08T12:23:03.612+01:00 INFO : Filtering template 362/384 segment 4/5
2026-09-08T12:23:03.649+01:00 INFO : Filtering template 362/384 segment 5/5
2026-09-08T12:23:03.686+01:00 INFO : 1 points above threshold
2026-09-08T12:23:03.693+01:00 INFO : 362: generating IMRPhenomD from 30.0 Hz
2026-09-08T12:23:03.695+01:00 INFO : Decompressing waveform using inline_linear
2026-09-08T12:23:03.700+01:00 INFO : Filtering template 363/384 segment 1/5
2026-09-08T12:23:03.740+01:00 INFO : 3 points above threshold
2026-09-08T12:23:03.757+01:00 INFO : Filtering template 363/384 segment 2/5
2026-09-08T12:23:03.794+01:00 INFO : Filtering template 363/384 segment 3/5
2026-09-08T12:23:03.831+01:00 INFO : 1 points above threshold
2026-09-08T12:23:03.837+01:00 INFO : Filtering template 363/384 segment 4/5
2026-09-08T12:23:03.874+01:00 INFO : 1 points above threshold
2026-09-08T12:23:03.880+01:00 INFO : Filtering template 363/384 segment 5/5
2026-09-08T12:23:03.918+01:00 INFO : 1 points above threshold
2026-09-08T12:23:03.924+01:00 INFO : 363: generating IMRPhenomD from 30.0 Hz
2026-09-08T12:23:03.926+01:00 INFO : Decompressing waveform using inline_linear
2026-09-08T12:23:03.931+01:00 INFO : Filtering template 364/384 segment 1/5
2026-09-08T12:23:03.972+01:00 INFO : Filtering template 364/384 segment 2/5
2026-09-08T12:23:04.010+01:00 INFO : 1 points above threshold
2026-09-08T12:23:04.022+01:00 INFO : Filtering template 364/384 segment 3/5
2026-09-08T12:23:04.059+01:00 INFO : Filtering template 364/384 segment 4/5
2026-09-08T12:23:04.097+01:00 INFO : 2 points above threshold
2026-09-08T12:23:04.104+01:00 INFO : Filtering template 364/384 segment 5/5
2026-09-08T12:23:04.142+01:00 INFO : 1 points above threshold
2026-09-08T12:23:04.148+01:00 INFO : 364: generating IMRPhenomD from 30.0 Hz
2026-09-08T12:23:04.151+01:00 INFO : Decompressing waveform using inline_linear
2026-09-08T12:23:04.156+01:00 INFO : Filtering template 365/384 segment 1/5
2026-09-08T12:23:04.197+01:00 INFO : Filtering template 365/384 segment 2/5
2026-09-08T12:23:04.235+01:00 INFO : 2 points above threshold
2026-09-08T12:23:04.249+01:00 INFO : Filtering template 365/384 segment 3/5
2026-09-08T12:23:04.286+01:00 INFO : Filtering template 365/384 segment 4/5
2026-09-08T12:23:04.323+01:00 INFO : 2 points above threshold
2026-09-08T12:23:04.331+01:00 INFO : Filtering template 365/384 segment 5/5
2026-09-08T12:23:04.369+01:00 INFO : 1 points above threshold
2026-09-08T12:23:04.375+01:00 INFO : 365: generating IMRPhenomD from 30.0 Hz
2026-09-08T12:23:04.377+01:00 INFO : Decompressing waveform using inline_linear
2026-09-08T12:23:04.382+01:00 INFO : Filtering template 366/384 segment 1/5
2026-09-08T12:23:04.423+01:00 INFO : 1 points above threshold
2026-09-08T12:23:04.435+01:00 INFO : Filtering template 366/384 segment 2/5
2026-09-08T12:23:04.472+01:00 INFO : 1 points above threshold
2026-09-08T12:23:04.478+01:00 INFO : Filtering template 366/384 segment 3/5
2026-09-08T12:23:04.515+01:00 INFO : 1 points above threshold
2026-09-08T12:23:04.521+01:00 INFO : Filtering template 366/384 segment 4/5
2026-09-08T12:23:04.558+01:00 INFO : 2 points above threshold
2026-09-08T12:23:04.566+01:00 INFO : Filtering template 366/384 segment 5/5
2026-09-08T12:23:04.617+01:00 INFO : 366: generating IMRPhenomD from 30.0 Hz
2026-09-08T12:23:04.620+01:00 INFO : Decompressing waveform using inline_linear
2026-09-08T12:23:04.626+01:00 INFO : Filtering template 367/384 segment 1/5
2026-09-08T12:23:04.669+01:00 INFO : 2 points above threshold
2026-09-08T12:23:04.683+01:00 INFO : Filtering template 367/384 segment 2/5
2026-09-08T12:23:04.720+01:00 INFO : Filtering template 367/384 segment 3/5
2026-09-08T12:23:04.757+01:00 INFO : Filtering template 367/384 segment 4/5
2026-09-08T12:23:04.794+01:00 INFO : 1 points above threshold
2026-09-08T12:23:04.800+01:00 INFO : Filtering template 367/384 segment 5/5
2026-09-08T12:23:04.838+01:00 INFO : 3 points above threshold
2026-09-08T12:23:04.848+01:00 INFO : 367: generating IMRPhenomD from 30.0 Hz
2026-09-08T12:23:04.851+01:00 INFO : Decompressing waveform using inline_linear
2026-09-08T12:23:04.855+01:00 INFO : Filtering template 368/384 segment 1/5
2026-09-08T12:23:04.896+01:00 INFO : 2 points above threshold
2026-09-08T12:23:04.911+01:00 INFO : Filtering template 368/384 segment 2/5
2026-09-08T12:23:04.947+01:00 INFO : Filtering template 368/384 segment 3/5
2026-09-08T12:23:04.985+01:00 INFO : Filtering template 368/384 segment 4/5
2026-09-08T12:23:05.025+01:00 INFO : 1 points above threshold
2026-09-08T12:23:05.031+01:00 INFO : Filtering template 368/384 segment 5/5
2026-09-08T12:23:05.072+01:00 INFO : 368: generating IMRPhenomD from 30.0 Hz
2026-09-08T12:23:05.074+01:00 INFO : Decompressing waveform using inline_linear
2026-09-08T12:23:05.080+01:00 INFO : Filtering template 369/384 segment 1/5
2026-09-08T12:23:05.123+01:00 INFO : 1 points above threshold
2026-09-08T12:23:05.135+01:00 INFO : Filtering template 369/384 segment 2/5
2026-09-08T12:23:05.173+01:00 INFO : Filtering template 369/384 segment 3/5
2026-09-08T12:23:05.211+01:00 INFO : 1 points above threshold
2026-09-08T12:23:05.217+01:00 INFO : Filtering template 369/384 segment 4/5
2026-09-08T12:23:05.254+01:00 INFO : 2 points above threshold
2026-09-08T12:23:05.262+01:00 INFO : Filtering template 369/384 segment 5/5
2026-09-08T12:23:05.300+01:00 INFO : 2 points above threshold
2026-09-08T12:23:05.309+01:00 INFO : 369: generating IMRPhenomD from 30.0 Hz
2026-09-08T12:23:05.311+01:00 INFO : Decompressing waveform using inline_linear
2026-09-08T12:23:05.316+01:00 INFO : Filtering template 370/384 segment 1/5
2026-09-08T12:23:05.358+01:00 INFO : Filtering template 370/384 segment 2/5
2026-09-08T12:23:05.397+01:00 INFO : 2 points above threshold
2026-09-08T12:23:05.411+01:00 INFO : Filtering template 370/384 segment 3/5
2026-09-08T12:23:05.461+01:00 INFO : 2 points above threshold
2026-09-08T12:23:05.474+01:00 INFO : Filtering template 370/384 segment 4/5
2026-09-08T12:23:05.512+01:00 INFO : 2 points above threshold
2026-09-08T12:23:05.520+01:00 INFO : Filtering template 370/384 segment 5/5
2026-09-08T12:23:05.558+01:00 INFO : 370: generating IMRPhenomD from 30.0 Hz
2026-09-08T12:23:05.560+01:00 INFO : Decompressing waveform using inline_linear
2026-09-08T12:23:05.565+01:00 INFO : Filtering template 371/384 segment 1/5
2026-09-08T12:23:05.607+01:00 INFO : 1 points above threshold
2026-09-08T12:23:05.620+01:00 INFO : Filtering template 371/384 segment 2/5
2026-09-08T12:23:05.658+01:00 INFO : Filtering template 371/384 segment 3/5
2026-09-08T12:23:05.695+01:00 INFO : 1 points above threshold
2026-09-08T12:23:05.701+01:00 INFO : Filtering template 371/384 segment 4/5
2026-09-08T12:23:05.739+01:00 INFO : Filtering template 371/384 segment 5/5
2026-09-08T12:23:05.776+01:00 INFO : 1 points above threshold
2026-09-08T12:23:05.782+01:00 INFO : 371: generating IMRPhenomD from 30.0 Hz
2026-09-08T12:23:05.785+01:00 INFO : Decompressing waveform using inline_linear
2026-09-08T12:23:05.790+01:00 INFO : Filtering template 372/384 segment 1/5
2026-09-08T12:23:05.831+01:00 INFO : 1 points above threshold
2026-09-08T12:23:05.843+01:00 INFO : Filtering template 372/384 segment 2/5
2026-09-08T12:23:05.881+01:00 INFO : 3 points above threshold
2026-09-08T12:23:05.891+01:00 INFO : Filtering template 372/384 segment 3/5
2026-09-08T12:23:05.929+01:00 INFO : 1 points above threshold
2026-09-08T12:23:05.935+01:00 INFO : Filtering template 372/384 segment 4/5
2026-09-08T12:23:05.972+01:00 INFO : Filtering template 372/384 segment 5/5
2026-09-08T12:23:06.009+01:00 INFO : 372: generating IMRPhenomD from 30.0 Hz
2026-09-08T12:23:06.011+01:00 INFO : Decompressing waveform using inline_linear
2026-09-08T12:23:06.016+01:00 INFO : Filtering template 373/384 segment 1/5
2026-09-08T12:23:06.057+01:00 INFO : 3 points above threshold
2026-09-08T12:23:06.075+01:00 INFO : Filtering template 373/384 segment 2/5
2026-09-08T12:23:06.115+01:00 INFO : 1 points above threshold
2026-09-08T12:23:06.124+01:00 INFO : Filtering template 373/384 segment 3/5
2026-09-08T12:23:06.166+01:00 INFO : 2 points above threshold
2026-09-08T12:23:06.174+01:00 INFO : Filtering template 373/384 segment 4/5
2026-09-08T12:23:06.211+01:00 INFO : Filtering template 373/384 segment 5/5
2026-09-08T12:23:06.249+01:00 INFO : 1 points above threshold
2026-09-08T12:23:06.255+01:00 INFO : 373: generating IMRPhenomD from 30.0 Hz
2026-09-08T12:23:06.257+01:00 INFO : Decompressing waveform using inline_linear
2026-09-08T12:23:06.262+01:00 INFO : Filtering template 374/384 segment 1/5
2026-09-08T12:23:06.303+01:00 INFO : Filtering template 374/384 segment 2/5
2026-09-08T12:23:06.340+01:00 INFO : Filtering template 374/384 segment 3/5
2026-09-08T12:23:06.377+01:00 INFO : 2 points above threshold
2026-09-08T12:23:06.391+01:00 INFO : Filtering template 374/384 segment 4/5
2026-09-08T12:23:06.428+01:00 INFO : Filtering template 374/384 segment 5/5
2026-09-08T12:23:06.466+01:00 INFO : 1 points above threshold
2026-09-08T12:23:06.472+01:00 INFO : 374: generating IMRPhenomD from 30.0 Hz
2026-09-08T12:23:06.474+01:00 INFO : Decompressing waveform using inline_linear
2026-09-08T12:23:06.479+01:00 INFO : Filtering template 375/384 segment 1/5
2026-09-08T12:23:06.520+01:00 INFO : 1 points above threshold
2026-09-08T12:23:06.532+01:00 INFO : Filtering template 375/384 segment 2/5
2026-09-08T12:23:06.569+01:00 INFO : Filtering template 375/384 segment 3/5
2026-09-08T12:23:06.606+01:00 INFO : 1 points above threshold
2026-09-08T12:23:06.612+01:00 INFO : Filtering template 375/384 segment 4/5
2026-09-08T12:23:06.649+01:00 INFO : 3 points above threshold
2026-09-08T12:23:06.659+01:00 INFO : Filtering template 375/384 segment 5/5
2026-09-08T12:23:06.696+01:00 INFO : 1 points above threshold
2026-09-08T12:23:06.702+01:00 INFO : 375: generating IMRPhenomD from 30.0 Hz
2026-09-08T12:23:06.705+01:00 INFO : Decompressing waveform using inline_linear
2026-09-08T12:23:06.709+01:00 INFO : Filtering template 376/384 segment 1/5
2026-09-08T12:23:06.750+01:00 INFO : Filtering template 376/384 segment 2/5
2026-09-08T12:23:06.788+01:00 INFO : Filtering template 376/384 segment 3/5
2026-09-08T12:23:06.825+01:00 INFO : Filtering template 376/384 segment 4/5
2026-09-08T12:23:06.862+01:00 INFO : 1 points above threshold
2026-09-08T12:23:06.874+01:00 INFO : Filtering template 376/384 segment 5/5
2026-09-08T12:23:06.911+01:00 INFO : 1 points above threshold
2026-09-08T12:23:06.918+01:00 INFO : 376: generating IMRPhenomD from 30.0 Hz
2026-09-08T12:23:06.920+01:00 INFO : Decompressing waveform using inline_linear
2026-09-08T12:23:06.925+01:00 INFO : Filtering template 377/384 segment 1/5
2026-09-08T12:23:06.965+01:00 INFO : 2 points above threshold
2026-09-08T12:23:06.980+01:00 INFO : Filtering template 377/384 segment 2/5
2026-09-08T12:23:07.017+01:00 INFO : Filtering template 377/384 segment 3/5
2026-09-08T12:23:07.054+01:00 INFO : 1 points above threshold
2026-09-08T12:23:07.060+01:00 INFO : Filtering template 377/384 segment 4/5
2026-09-08T12:23:07.097+01:00 INFO : 2 points above threshold
2026-09-08T12:23:07.105+01:00 INFO : Filtering template 377/384 segment 5/5
2026-09-08T12:23:07.142+01:00 INFO : 377: generating IMRPhenomD from 30.0 Hz
2026-09-08T12:23:07.145+01:00 INFO : Decompressing waveform using inline_linear
2026-09-08T12:23:07.150+01:00 INFO : Filtering template 378/384 segment 1/5
2026-09-08T12:23:07.191+01:00 INFO : 3 points above threshold
2026-09-08T12:23:07.207+01:00 INFO : Filtering template 378/384 segment 2/5
2026-09-08T12:23:07.245+01:00 INFO : 3 points above threshold
2026-09-08T12:23:07.255+01:00 INFO : Filtering template 378/384 segment 3/5
2026-09-08T12:23:07.292+01:00 INFO : Filtering template 378/384 segment 4/5
2026-09-08T12:23:07.330+01:00 INFO : Filtering template 378/384 segment 5/5
2026-09-08T12:23:07.372+01:00 INFO : 1 points above threshold
2026-09-08T12:23:07.379+01:00 INFO : 378: generating IMRPhenomD from 30.0 Hz
2026-09-08T12:23:07.381+01:00 INFO : Decompressing waveform using inline_linear
2026-09-08T12:23:07.386+01:00 INFO : Filtering template 379/384 segment 1/5
2026-09-08T12:23:07.428+01:00 INFO : 2 points above threshold
2026-09-08T12:23:07.443+01:00 INFO : Filtering template 379/384 segment 2/5
2026-09-08T12:23:07.480+01:00 INFO : Filtering template 379/384 segment 3/5
2026-09-08T12:23:07.517+01:00 INFO : 1 points above threshold
2026-09-08T12:23:07.523+01:00 INFO : Filtering template 379/384 segment 4/5
2026-09-08T12:23:07.560+01:00 INFO : 2 points above threshold
2026-09-08T12:23:07.568+01:00 INFO : Filtering template 379/384 segment 5/5
2026-09-08T12:23:07.605+01:00 INFO : 1 points above threshold
2026-09-08T12:23:07.611+01:00 INFO : 379: generating IMRPhenomD from 30.0 Hz
2026-09-08T12:23:07.614+01:00 INFO : Decompressing waveform using inline_linear
2026-09-08T12:23:07.619+01:00 INFO : Filtering template 380/384 segment 1/5
2026-09-08T12:23:07.659+01:00 INFO : Filtering template 380/384 segment 2/5
2026-09-08T12:23:07.696+01:00 INFO : 1 points above threshold
2026-09-08T12:23:07.708+01:00 INFO : Filtering template 380/384 segment 3/5
2026-09-08T12:23:07.745+01:00 INFO : 1 points above threshold
2026-09-08T12:23:07.751+01:00 INFO : Filtering template 380/384 segment 4/5
2026-09-08T12:23:07.788+01:00 INFO : 1 points above threshold
2026-09-08T12:23:07.794+01:00 INFO : Filtering template 380/384 segment 5/5
2026-09-08T12:23:07.831+01:00 INFO : 1 points above threshold
2026-09-08T12:23:07.838+01:00 INFO : 380: generating IMRPhenomD from 30.0 Hz
2026-09-08T12:23:07.840+01:00 INFO : Decompressing waveform using inline_linear
2026-09-08T12:23:07.845+01:00 INFO : Filtering template 381/384 segment 1/5
2026-09-08T12:23:07.886+01:00 INFO : 3 points above threshold
2026-09-08T12:23:07.902+01:00 INFO : Filtering template 381/384 segment 2/5
2026-09-08T12:23:07.940+01:00 INFO : 1 points above threshold
2026-09-08T12:23:07.946+01:00 INFO : Filtering template 381/384 segment 3/5
2026-09-08T12:23:07.983+01:00 INFO : 1 points above threshold
2026-09-08T12:23:07.989+01:00 INFO : Filtering template 381/384 segment 4/5
2026-09-08T12:23:08.026+01:00 INFO : Filtering template 381/384 segment 5/5
2026-09-08T12:23:08.063+01:00 INFO : 2 points above threshold
2026-09-08T12:23:08.071+01:00 INFO : 381: generating IMRPhenomD from 30.0 Hz
2026-09-08T12:23:08.074+01:00 INFO : Decompressing waveform using inline_linear
2026-09-08T12:23:08.079+01:00 INFO : Filtering template 382/384 segment 1/5
2026-09-08T12:23:08.120+01:00 INFO : 4 points above threshold
2026-09-08T12:23:08.135+01:00 INFO : Filtering template 382/384 segment 2/5
2026-09-08T12:23:08.172+01:00 INFO : Filtering template 382/384 segment 3/5
2026-09-08T12:23:08.209+01:00 INFO : 3 points above threshold
2026-09-08T12:23:08.219+01:00 INFO : Filtering template 382/384 segment 4/5
2026-09-08T12:23:08.257+01:00 INFO : 1 points above threshold
2026-09-08T12:23:08.263+01:00 INFO : Filtering template 382/384 segment 5/5
2026-09-08T12:23:08.300+01:00 INFO : 3 points above threshold
2026-09-08T12:23:08.310+01:00 INFO : 382: generating IMRPhenomD from 30.0 Hz
2026-09-08T12:23:08.313+01:00 INFO : Decompressing waveform using inline_linear
2026-09-08T12:23:08.318+01:00 INFO : Filtering template 383/384 segment 1/5
2026-09-08T12:23:08.358+01:00 INFO : 1 points above threshold
2026-09-08T12:23:08.370+01:00 INFO : Filtering template 383/384 segment 2/5
2026-09-08T12:23:08.407+01:00 INFO : 2 points above threshold
2026-09-08T12:23:08.415+01:00 INFO : Filtering template 383/384 segment 3/5
2026-09-08T12:23:08.452+01:00 INFO : Filtering template 383/384 segment 4/5
2026-09-08T12:23:08.489+01:00 INFO : 2 points above threshold
2026-09-08T12:23:08.497+01:00 INFO : Filtering template 383/384 segment 5/5
2026-09-08T12:23:08.534+01:00 INFO : 3 points above threshold
2026-09-08T12:23:08.544+01:00 INFO : 383: generating IMRPhenomD from 30.0 Hz
2026-09-08T12:23:08.547+01:00 INFO : Decompressing waveform using inline_linear
2026-09-08T12:23:08.552+01:00 INFO : Filtering template 384/384 segment 1/5
2026-09-08T12:23:08.592+01:00 INFO : 3 points above threshold
2026-09-08T12:23:08.609+01:00 INFO : Filtering template 384/384 segment 2/5
2026-09-08T12:23:08.646+01:00 INFO : Filtering template 384/384 segment 3/5
2026-09-08T12:23:08.683+01:00 INFO : 2 points above threshold
2026-09-08T12:23:08.691+01:00 INFO : Filtering template 384/384 segment 4/5
2026-09-08T12:23:08.728+01:00 INFO : Filtering template 384/384 segment 5/5
2026-09-08T12:23:08.785+01:00 INFO : 2 points above threshold
2026-09-08T12:23:08.793+01:00 INFO : We currently have 2205 triggers
2026-09-08T12:23:08.793+01:00 INFO : Removing triggers with NewSNR below threshold
2026-09-08T12:23:08.794+01:00 INFO : 1991 remaining triggers
2026-09-08T12:23:08.794+01:00 INFO : Outputting 1991 triggers
2026-09-08T12:23:08.794+01:00 INFO : Writing out triggers
2026-09-08T12:23:08.811+01:00 INFO : Finished
