2026-09-08T21:30:48.210+01:00 INFO : Running with Torch support on device cpu
2026-09-08T21:30:48.210+01:00 INFO : Reading Frames
2026-09-08T21:30:51.629+01:00 INFO : Highpass Filtering
2026-09-08T21:30:52.083+01:00 INFO : Resampling data
2026-09-08T21:30:52.094+01:00 INFO : Converting to float32
/home/xangma/pycbc-torch-fresh-benchmark-20260908/proposed/pycbc/types/array.py:874: RuntimeWarning: divide by zero encountered in divide
  return self._data.__rtruediv__(other)
2026-09-08T21:30:57.179+01:00 INFO : Highpass Filtering
2026-09-08T21:30:57.651+01:00 INFO : Remove Padding
2026-09-08T21:30:57.674+01:00 INFO : Making frequency-domain data segments
/home/xangma/pycbc-torch-fresh-benchmark-20260908/proposed/pycbc/types/array.py:874: RuntimeWarning: divide by zero encountered in divide
  return self._data.__rtruediv__(other)
2026-09-08T21:30:59.767+01:00 INFO : Overwhitening frequency-domain data segments
2026-09-08T21:30:59.795+01:00 INFO : Read in template bank
2026-09-08T21:30:59.806+01:00 INFO : Full template bank size: 384
2026-09-08T21:30:59.806+01:00 INFO : Template bank size after thinning: 384
2026-09-08T21:30:59.810+01:00 INFO : 0: generating IMRPhenomD from 30.0 Hz
2026-09-08T21:30:59.812+01:00 INFO : Decompressing waveform using inline_linear
2026-09-08T21:30:59.820+01:00 INFO : Filtering template 1/384 segment 1/5
2026-09-08T21:30:59.882+01:00 INFO : 1 points above threshold
2026-09-08T21:30:59.908+01:00 INFO : Filtering template 1/384 segment 2/5
2026-09-08T21:30:59.946+01:00 INFO : Filtering template 1/384 segment 3/5
2026-09-08T21:30:59.983+01:00 INFO : 1 points above threshold
2026-09-08T21:30:59.989+01:00 INFO : Filtering template 1/384 segment 4/5
2026-09-08T21:31:00.026+01:00 INFO : Filtering template 1/384 segment 5/5
2026-09-08T21:31:00.063+01:00 INFO : 1 points above threshold
2026-09-08T21:31:00.069+01:00 INFO : 1: generating IMRPhenomD from 30.0 Hz
2026-09-08T21:31:00.072+01:00 INFO : Decompressing waveform using inline_linear
2026-09-08T21:31:00.077+01:00 INFO : Filtering template 2/384 segment 1/5
2026-09-08T21:31:00.117+01:00 INFO : 1 points above threshold
2026-09-08T21:31:00.132+01:00 INFO : Filtering template 2/384 segment 2/5
2026-09-08T21:31:00.169+01:00 INFO : 1 points above threshold
2026-09-08T21:31:00.175+01:00 INFO : Filtering template 2/384 segment 3/5
2026-09-08T21:31:00.212+01:00 INFO : 2 points above threshold
2026-09-08T21:31:00.218+01:00 INFO : Filtering template 2/384 segment 4/5
2026-09-08T21:31:00.255+01:00 INFO : Filtering template 2/384 segment 5/5
2026-09-08T21:31:00.292+01:00 INFO : 1 points above threshold
2026-09-08T21:31:00.298+01:00 INFO : 2: generating IMRPhenomD from 30.0 Hz
2026-09-08T21:31:00.301+01:00 INFO : Decompressing waveform using inline_linear
2026-09-08T21:31:00.306+01:00 INFO : Filtering template 3/384 segment 1/5
2026-09-08T21:31:00.346+01:00 INFO : 3 points above threshold
2026-09-08T21:31:00.366+01:00 INFO : Filtering template 3/384 segment 2/5
2026-09-08T21:31:00.403+01:00 INFO : Filtering template 3/384 segment 3/5
2026-09-08T21:31:00.441+01:00 INFO : 1 points above threshold
2026-09-08T21:31:00.446+01:00 INFO : Filtering template 3/384 segment 4/5
2026-09-08T21:31:00.483+01:00 INFO : 1 points above threshold
2026-09-08T21:31:00.489+01:00 INFO : Filtering template 3/384 segment 5/5
2026-09-08T21:31:00.527+01:00 INFO : 3: generating IMRPhenomD from 30.0 Hz
2026-09-08T21:31:00.529+01:00 INFO : Decompressing waveform using inline_linear
2026-09-08T21:31:00.534+01:00 INFO : Filtering template 4/384 segment 1/5
2026-09-08T21:31:00.574+01:00 INFO : 1 points above threshold
2026-09-08T21:31:00.592+01:00 INFO : Filtering template 4/384 segment 2/5
2026-09-08T21:31:00.629+01:00 INFO : 1 points above threshold
2026-09-08T21:31:00.635+01:00 INFO : Filtering template 4/384 segment 3/5
2026-09-08T21:31:00.672+01:00 INFO : 2 points above threshold
2026-09-08T21:31:00.678+01:00 INFO : Filtering template 4/384 segment 4/5
2026-09-08T21:31:00.715+01:00 INFO : 2 points above threshold
2026-09-08T21:31:00.721+01:00 INFO : Filtering template 4/384 segment 5/5
2026-09-08T21:31:00.758+01:00 INFO : 2 points above threshold
2026-09-08T21:31:00.764+01:00 INFO : 4: generating IMRPhenomD from 30.0 Hz
2026-09-08T21:31:00.767+01:00 INFO : Decompressing waveform using inline_linear
2026-09-08T21:31:00.771+01:00 INFO : Filtering template 5/384 segment 1/5
2026-09-08T21:31:00.812+01:00 INFO : 1 points above threshold
2026-09-08T21:31:00.830+01:00 INFO : Filtering template 5/384 segment 2/5
2026-09-08T21:31:00.867+01:00 INFO : 2 points above threshold
2026-09-08T21:31:00.873+01:00 INFO : Filtering template 5/384 segment 3/5
2026-09-08T21:31:00.910+01:00 INFO : 2 points above threshold
2026-09-08T21:31:00.916+01:00 INFO : Filtering template 5/384 segment 4/5
2026-09-08T21:31:00.953+01:00 INFO : 2 points above threshold
2026-09-08T21:31:00.959+01:00 INFO : Filtering template 5/384 segment 5/5
2026-09-08T21:31:00.996+01:00 INFO : 5: generating IMRPhenomD from 30.0 Hz
2026-09-08T21:31:00.999+01:00 INFO : Decompressing waveform using inline_linear
2026-09-08T21:31:01.004+01:00 INFO : Filtering template 6/384 segment 1/5
2026-09-08T21:31:01.044+01:00 INFO : 1 points above threshold
2026-09-08T21:31:01.062+01:00 INFO : Filtering template 6/384 segment 2/5
2026-09-08T21:31:01.099+01:00 INFO : Filtering template 6/384 segment 3/5
2026-09-08T21:31:01.136+01:00 INFO : Filtering template 6/384 segment 4/5
2026-09-08T21:31:01.173+01:00 INFO : Filtering template 6/384 segment 5/5
2026-09-08T21:31:01.210+01:00 INFO : 1 points above threshold
2026-09-08T21:31:01.216+01:00 INFO : 6: generating IMRPhenomD from 30.0 Hz
2026-09-08T21:31:01.218+01:00 INFO : Decompressing waveform using inline_linear
2026-09-08T21:31:01.223+01:00 INFO : Filtering template 7/384 segment 1/5
2026-09-08T21:31:01.264+01:00 INFO : 2 points above threshold
2026-09-08T21:31:01.282+01:00 INFO : Filtering template 7/384 segment 2/5
2026-09-08T21:31:01.319+01:00 INFO : Filtering template 7/384 segment 3/5
2026-09-08T21:31:01.356+01:00 INFO : Filtering template 7/384 segment 4/5
2026-09-08T21:31:01.393+01:00 INFO : 1 points above threshold
2026-09-08T21:31:01.399+01:00 INFO : Filtering template 7/384 segment 5/5
2026-09-08T21:31:01.437+01:00 INFO : 7: generating IMRPhenomD from 30.0 Hz
2026-09-08T21:31:01.439+01:00 INFO : Decompressing waveform using inline_linear
2026-09-08T21:31:01.444+01:00 INFO : Filtering template 8/384 segment 1/5
2026-09-08T21:31:01.484+01:00 INFO : 2 points above threshold
2026-09-08T21:31:01.502+01:00 INFO : Filtering template 8/384 segment 2/5
2026-09-08T21:31:01.539+01:00 INFO : 1 points above threshold
2026-09-08T21:31:01.545+01:00 INFO : Filtering template 8/384 segment 3/5
2026-09-08T21:31:01.582+01:00 INFO : 4 points above threshold
2026-09-08T21:31:01.588+01:00 INFO : Filtering template 8/384 segment 4/5
2026-09-08T21:31:01.625+01:00 INFO : Filtering template 8/384 segment 5/5
2026-09-08T21:31:01.663+01:00 INFO : 8: generating IMRPhenomD from 30.0 Hz
2026-09-08T21:31:01.665+01:00 INFO : Decompressing waveform using inline_linear
2026-09-08T21:31:01.670+01:00 INFO : Filtering template 9/384 segment 1/5
2026-09-08T21:31:01.710+01:00 INFO : Filtering template 9/384 segment 2/5
2026-09-08T21:31:01.747+01:00 INFO : 1 points above threshold
2026-09-08T21:31:01.767+01:00 INFO : Filtering template 9/384 segment 3/5
2026-09-08T21:31:01.810+01:00 INFO : 2 points above threshold
2026-09-08T21:31:01.816+01:00 INFO : Filtering template 9/384 segment 4/5
2026-09-08T21:31:01.856+01:00 INFO : 1 points above threshold
2026-09-08T21:31:01.862+01:00 INFO : Filtering template 9/384 segment 5/5
2026-09-08T21:31:01.899+01:00 INFO : 3 points above threshold
2026-09-08T21:31:01.907+01:00 INFO : 9: generating IMRPhenomD from 30.0 Hz
2026-09-08T21:31:01.910+01:00 INFO : Decompressing waveform using inline_linear
2026-09-08T21:31:01.915+01:00 INFO : Filtering template 10/384 segment 1/5
2026-09-08T21:31:01.955+01:00 INFO : 1 points above threshold
2026-09-08T21:31:01.970+01:00 INFO : Filtering template 10/384 segment 2/5
2026-09-08T21:31:02.008+01:00 INFO : 1 points above threshold
2026-09-08T21:31:02.013+01:00 INFO : Filtering template 10/384 segment 3/5
2026-09-08T21:31:02.051+01:00 INFO : Filtering template 10/384 segment 4/5
2026-09-08T21:31:02.088+01:00 INFO : 2 points above threshold
2026-09-08T21:31:02.094+01:00 INFO : Filtering template 10/384 segment 5/5
2026-09-08T21:31:02.131+01:00 INFO : 1 points above threshold
2026-09-08T21:31:02.137+01:00 INFO : 10: generating IMRPhenomD from 30.0 Hz
2026-09-08T21:31:02.140+01:00 INFO : Decompressing waveform using inline_linear
2026-09-08T21:31:02.145+01:00 INFO : Filtering template 11/384 segment 1/5
2026-09-08T21:31:02.185+01:00 INFO : 2 points above threshold
2026-09-08T21:31:02.200+01:00 INFO : Filtering template 11/384 segment 2/5
2026-09-08T21:31:02.237+01:00 INFO : Filtering template 11/384 segment 3/5
2026-09-08T21:31:02.274+01:00 INFO : 1 points above threshold
2026-09-08T21:31:02.280+01:00 INFO : Filtering template 11/384 segment 4/5
2026-09-08T21:31:02.317+01:00 INFO : 1 points above threshold
2026-09-08T21:31:02.323+01:00 INFO : Filtering template 11/384 segment 5/5
2026-09-08T21:31:02.360+01:00 INFO : 1 points above threshold
2026-09-08T21:31:02.366+01:00 INFO : 11: generating IMRPhenomD from 30.0 Hz
2026-09-08T21:31:02.369+01:00 INFO : Decompressing waveform using inline_linear
2026-09-08T21:31:02.374+01:00 INFO : Filtering template 12/384 segment 1/5
2026-09-08T21:31:02.414+01:00 INFO : Filtering template 12/384 segment 2/5
2026-09-08T21:31:02.451+01:00 INFO : 1 points above threshold
2026-09-08T21:31:02.466+01:00 INFO : Filtering template 12/384 segment 3/5
2026-09-08T21:31:02.504+01:00 INFO : Filtering template 12/384 segment 4/5
2026-09-08T21:31:02.541+01:00 INFO : 1 points above threshold
2026-09-08T21:31:02.547+01:00 INFO : Filtering template 12/384 segment 5/5
2026-09-08T21:31:02.584+01:00 INFO : 1 points above threshold
2026-09-08T21:31:02.590+01:00 INFO : 12: generating IMRPhenomD from 30.0 Hz
2026-09-08T21:31:02.593+01:00 INFO : Decompressing waveform using inline_linear
2026-09-08T21:31:02.597+01:00 INFO : Filtering template 13/384 segment 1/5
2026-09-08T21:31:02.638+01:00 INFO : 1 points above threshold
2026-09-08T21:31:02.653+01:00 INFO : Filtering template 13/384 segment 2/5
2026-09-08T21:31:02.690+01:00 INFO : Filtering template 13/384 segment 3/5
2026-09-08T21:31:02.727+01:00 INFO : 2 points above threshold
2026-09-08T21:31:02.733+01:00 INFO : Filtering template 13/384 segment 4/5
2026-09-08T21:31:02.770+01:00 INFO : Filtering template 13/384 segment 5/5
2026-09-08T21:31:02.807+01:00 INFO : 2 points above threshold
2026-09-08T21:31:02.813+01:00 INFO : 13: generating IMRPhenomD from 30.0 Hz
2026-09-08T21:31:02.815+01:00 INFO : Decompressing waveform using inline_linear
2026-09-08T21:31:02.820+01:00 INFO : Filtering template 14/384 segment 1/5
2026-09-08T21:31:02.861+01:00 INFO : 2 points above threshold
2026-09-08T21:31:02.876+01:00 INFO : Filtering template 14/384 segment 2/5
2026-09-08T21:31:02.913+01:00 INFO : 1 points above threshold
2026-09-08T21:31:02.919+01:00 INFO : Filtering template 14/384 segment 3/5
2026-09-08T21:31:02.956+01:00 INFO : 2 points above threshold
2026-09-08T21:31:02.962+01:00 INFO : Filtering template 14/384 segment 4/5
2026-09-08T21:31:02.999+01:00 INFO : 2 points above threshold
2026-09-08T21:31:03.005+01:00 INFO : Filtering template 14/384 segment 5/5
2026-09-08T21:31:03.042+01:00 INFO : 3 points above threshold
2026-09-08T21:31:03.050+01:00 INFO : 14: generating IMRPhenomD from 30.0 Hz
2026-09-08T21:31:03.053+01:00 INFO : Decompressing waveform using inline_linear
2026-09-08T21:31:03.058+01:00 INFO : Filtering template 15/384 segment 1/5
2026-09-08T21:31:03.098+01:00 INFO : Filtering template 15/384 segment 2/5
2026-09-08T21:31:03.135+01:00 INFO : 3 points above threshold
2026-09-08T21:31:03.152+01:00 INFO : Filtering template 15/384 segment 3/5
2026-09-08T21:31:03.189+01:00 INFO : 1 points above threshold
2026-09-08T21:31:03.195+01:00 INFO : Filtering template 15/384 segment 4/5
2026-09-08T21:31:03.232+01:00 INFO : Filtering template 15/384 segment 5/5
2026-09-08T21:31:03.269+01:00 INFO : 1 points above threshold
2026-09-08T21:31:03.275+01:00 INFO : 15: generating IMRPhenomD from 30.0 Hz
2026-09-08T21:31:03.278+01:00 INFO : Decompressing waveform using inline_linear
2026-09-08T21:31:03.282+01:00 INFO : Filtering template 16/384 segment 1/5
2026-09-08T21:31:03.323+01:00 INFO : 3 points above threshold
2026-09-08T21:31:03.343+01:00 INFO : Filtering template 16/384 segment 2/5
2026-09-08T21:31:03.380+01:00 INFO : 1 points above threshold
2026-09-08T21:31:03.386+01:00 INFO : Filtering template 16/384 segment 3/5
2026-09-08T21:31:03.423+01:00 INFO : 3 points above threshold
2026-09-08T21:31:03.431+01:00 INFO : Filtering template 16/384 segment 4/5
2026-09-08T21:31:03.468+01:00 INFO : Filtering template 16/384 segment 5/5
2026-09-08T21:31:03.505+01:00 INFO : 16: generating IMRPhenomD from 30.0 Hz
2026-09-08T21:31:03.508+01:00 INFO : Decompressing waveform using inline_linear
2026-09-08T21:31:03.513+01:00 INFO : Filtering template 17/384 segment 1/5
2026-09-08T21:31:03.553+01:00 INFO : 1 points above threshold
2026-09-08T21:31:03.571+01:00 INFO : Filtering template 17/384 segment 2/5
2026-09-08T21:31:03.608+01:00 INFO : 1 points above threshold
2026-09-08T21:31:03.614+01:00 INFO : Filtering template 17/384 segment 3/5
2026-09-08T21:31:03.651+01:00 INFO : 2 points above threshold
2026-09-08T21:31:03.656+01:00 INFO : Filtering template 17/384 segment 4/5
2026-09-08T21:31:03.693+01:00 INFO : 1 points above threshold
2026-09-08T21:31:03.699+01:00 INFO : Filtering template 17/384 segment 5/5
2026-09-08T21:31:03.736+01:00 INFO : 1 points above threshold
2026-09-08T21:31:03.743+01:00 INFO : 17: generating IMRPhenomD from 30.0 Hz
2026-09-08T21:31:03.745+01:00 INFO : Decompressing waveform using inline_linear
2026-09-08T21:31:03.750+01:00 INFO : Filtering template 18/384 segment 1/5
2026-09-08T21:31:03.790+01:00 INFO : 1 points above threshold
2026-09-08T21:31:03.808+01:00 INFO : Filtering template 18/384 segment 2/5
2026-09-08T21:31:03.846+01:00 INFO : 1 points above threshold
2026-09-08T21:31:03.851+01:00 INFO : Filtering template 18/384 segment 3/5
2026-09-08T21:31:03.889+01:00 INFO : 1 points above threshold
2026-09-08T21:31:03.895+01:00 INFO : Filtering template 18/384 segment 4/5
2026-09-08T21:31:03.932+01:00 INFO : 1 points above threshold
2026-09-08T21:31:03.938+01:00 INFO : Filtering template 18/384 segment 5/5
2026-09-08T21:31:03.975+01:00 INFO : 1 points above threshold
2026-09-08T21:31:03.981+01:00 INFO : 18: generating IMRPhenomD from 30.0 Hz
2026-09-08T21:31:03.984+01:00 INFO : Decompressing waveform using inline_linear
2026-09-08T21:31:03.989+01:00 INFO : Filtering template 19/384 segment 1/5
2026-09-08T21:31:04.029+01:00 INFO : 2 points above threshold
2026-09-08T21:31:04.044+01:00 INFO : Filtering template 19/384 segment 2/5
2026-09-08T21:31:04.081+01:00 INFO : 2 points above threshold
2026-09-08T21:31:04.087+01:00 INFO : Filtering template 19/384 segment 3/5
2026-09-08T21:31:04.124+01:00 INFO : 4 points above threshold
2026-09-08T21:31:04.130+01:00 INFO : Filtering template 19/384 segment 4/5
2026-09-08T21:31:04.167+01:00 INFO : Filtering template 19/384 segment 5/5
2026-09-08T21:31:04.204+01:00 INFO : 1 points above threshold
2026-09-08T21:31:04.210+01:00 INFO : 19: generating IMRPhenomD from 30.0 Hz
2026-09-08T21:31:04.213+01:00 INFO : Decompressing waveform using inline_linear
2026-09-08T21:31:04.217+01:00 INFO : Filtering template 20/384 segment 1/5
2026-09-08T21:31:04.258+01:00 INFO : Filtering template 20/384 segment 2/5
2026-09-08T21:31:04.295+01:00 INFO : 1 points above threshold
2026-09-08T21:31:04.310+01:00 INFO : Filtering template 20/384 segment 3/5
2026-09-08T21:31:04.347+01:00 INFO : 1 points above threshold
2026-09-08T21:31:04.353+01:00 INFO : Filtering template 20/384 segment 4/5
2026-09-08T21:31:04.390+01:00 INFO : 1 points above threshold
2026-09-08T21:31:04.396+01:00 INFO : Filtering template 20/384 segment 5/5
2026-09-08T21:31:04.433+01:00 INFO : 20: generating IMRPhenomD from 30.0 Hz
2026-09-08T21:31:04.436+01:00 INFO : Decompressing waveform using inline_linear
2026-09-08T21:31:04.441+01:00 INFO : Filtering template 21/384 segment 1/5
2026-09-08T21:31:04.481+01:00 INFO : Filtering template 21/384 segment 2/5
2026-09-08T21:31:04.518+01:00 INFO : Filtering template 21/384 segment 3/5
2026-09-08T21:31:04.555+01:00 INFO : 3 points above threshold
2026-09-08T21:31:04.572+01:00 INFO : Filtering template 21/384 segment 4/5
2026-09-08T21:31:04.609+01:00 INFO : 1 points above threshold
2026-09-08T21:31:04.615+01:00 INFO : Filtering template 21/384 segment 5/5
2026-09-08T21:31:04.652+01:00 INFO : 1 points above threshold
2026-09-08T21:31:04.658+01:00 INFO : 21: generating IMRPhenomD from 30.0 Hz
2026-09-08T21:31:04.661+01:00 INFO : Decompressing waveform using inline_linear
2026-09-08T21:31:04.666+01:00 INFO : Filtering template 22/384 segment 1/5
2026-09-08T21:31:04.706+01:00 INFO : Filtering template 22/384 segment 2/5
2026-09-08T21:31:04.743+01:00 INFO : 2 points above threshold
2026-09-08T21:31:04.758+01:00 INFO : Filtering template 22/384 segment 3/5
2026-09-08T21:31:04.795+01:00 INFO : 2 points above threshold
2026-09-08T21:31:04.801+01:00 INFO : Filtering template 22/384 segment 4/5
2026-09-08T21:31:04.838+01:00 INFO : 1 points above threshold
2026-09-08T21:31:04.844+01:00 INFO : Filtering template 22/384 segment 5/5
2026-09-08T21:31:04.881+01:00 INFO : 1 points above threshold
2026-09-08T21:31:04.887+01:00 INFO : 22: generating IMRPhenomD from 30.0 Hz
2026-09-08T21:31:04.889+01:00 INFO : Decompressing waveform using inline_linear
2026-09-08T21:31:04.894+01:00 INFO : Filtering template 23/384 segment 1/5
2026-09-08T21:31:04.935+01:00 INFO : Filtering template 23/384 segment 2/5
2026-09-08T21:31:04.972+01:00 INFO : 3 points above threshold
2026-09-08T21:31:04.989+01:00 INFO : Filtering template 23/384 segment 3/5
2026-09-08T21:31:05.027+01:00 INFO : 1 points above threshold
2026-09-08T21:31:05.032+01:00 INFO : Filtering template 23/384 segment 4/5
2026-09-08T21:31:05.069+01:00 INFO : Filtering template 23/384 segment 5/5
2026-09-08T21:31:05.107+01:00 INFO : 23: generating IMRPhenomD from 30.0 Hz
2026-09-08T21:31:05.109+01:00 INFO : Decompressing waveform using inline_linear
2026-09-08T21:31:05.114+01:00 INFO : Filtering template 24/384 segment 1/5
2026-09-08T21:31:05.155+01:00 INFO : 3 points above threshold
2026-09-08T21:31:05.175+01:00 INFO : Filtering template 24/384 segment 2/5
2026-09-08T21:31:05.211+01:00 INFO : 1 points above threshold
2026-09-08T21:31:05.217+01:00 INFO : Filtering template 24/384 segment 3/5
2026-09-08T21:31:05.254+01:00 INFO : 3 points above threshold
2026-09-08T21:31:05.262+01:00 INFO : Filtering template 24/384 segment 4/5
2026-09-08T21:31:05.299+01:00 INFO : 2 points above threshold
2026-09-08T21:31:05.305+01:00 INFO : Filtering template 24/384 segment 5/5
2026-09-08T21:31:05.342+01:00 INFO : 24: generating IMRPhenomD from 30.0 Hz
2026-09-08T21:31:05.345+01:00 INFO : Decompressing waveform using inline_linear
2026-09-08T21:31:05.350+01:00 INFO : Filtering template 25/384 segment 1/5
2026-09-08T21:31:05.390+01:00 INFO : 3 points above threshold
2026-09-08T21:31:05.410+01:00 INFO : Filtering template 25/384 segment 2/5
2026-09-08T21:31:05.447+01:00 INFO : Filtering template 25/384 segment 3/5
2026-09-08T21:31:05.484+01:00 INFO : Filtering template 25/384 segment 4/5
2026-09-08T21:31:05.522+01:00 INFO : 2 points above threshold
2026-09-08T21:31:05.527+01:00 INFO : Filtering template 25/384 segment 5/5
2026-09-08T21:31:05.565+01:00 INFO : 25: generating IMRPhenomD from 30.0 Hz
2026-09-08T21:31:05.567+01:00 INFO : Decompressing waveform using inline_linear
2026-09-08T21:31:05.572+01:00 INFO : Filtering template 26/384 segment 1/5
2026-09-08T21:31:05.612+01:00 INFO : 2 points above threshold
2026-09-08T21:31:05.630+01:00 INFO : Filtering template 26/384 segment 2/5
2026-09-08T21:31:05.667+01:00 INFO : 1 points above threshold
2026-09-08T21:31:05.673+01:00 INFO : Filtering template 26/384 segment 3/5
2026-09-08T21:31:05.710+01:00 INFO : 2 points above threshold
2026-09-08T21:31:05.716+01:00 INFO : Filtering template 26/384 segment 4/5
2026-09-08T21:31:05.753+01:00 INFO : Filtering template 26/384 segment 5/5
2026-09-08T21:31:05.790+01:00 INFO : 1 points above threshold
2026-09-08T21:31:05.796+01:00 INFO : 26: generating IMRPhenomD from 30.0 Hz
2026-09-08T21:31:05.799+01:00 INFO : Decompressing waveform using inline_linear
2026-09-08T21:31:05.804+01:00 INFO : Filtering template 27/384 segment 1/5
2026-09-08T21:31:05.844+01:00 INFO : 1 points above threshold
2026-09-08T21:31:05.862+01:00 INFO : Filtering template 27/384 segment 2/5
2026-09-08T21:31:05.899+01:00 INFO : 4 points above threshold
2026-09-08T21:31:05.905+01:00 INFO : Filtering template 27/384 segment 3/5
2026-09-08T21:31:05.942+01:00 INFO : 1 points above threshold
2026-09-08T21:31:05.948+01:00 INFO : Filtering template 27/384 segment 4/5
2026-09-08T21:31:05.985+01:00 INFO : 1 points above threshold
2026-09-08T21:31:05.991+01:00 INFO : Filtering template 27/384 segment 5/5
2026-09-08T21:31:06.029+01:00 INFO : 27: generating IMRPhenomD from 30.0 Hz
2026-09-08T21:31:06.031+01:00 INFO : Decompressing waveform using inline_linear
2026-09-08T21:31:06.036+01:00 INFO : Filtering template 28/384 segment 1/5
2026-09-08T21:31:06.076+01:00 INFO : 2 points above threshold
2026-09-08T21:31:06.095+01:00 INFO : Filtering template 28/384 segment 2/5
2026-09-08T21:31:06.132+01:00 INFO : 1 points above threshold
2026-09-08T21:31:06.138+01:00 INFO : Filtering template 28/384 segment 3/5
2026-09-08T21:31:06.175+01:00 INFO : 1 points above threshold
2026-09-08T21:31:06.181+01:00 INFO : Filtering template 28/384 segment 4/5
2026-09-08T21:31:06.218+01:00 INFO : 1 points above threshold
2026-09-08T21:31:06.223+01:00 INFO : Filtering template 28/384 segment 5/5
2026-09-08T21:31:06.261+01:00 INFO : 28: generating IMRPhenomD from 30.0 Hz
2026-09-08T21:31:06.263+01:00 INFO : Decompressing waveform using inline_linear
2026-09-08T21:31:06.268+01:00 INFO : Filtering template 29/384 segment 1/5
2026-09-08T21:31:06.308+01:00 INFO : 2 points above threshold
2026-09-08T21:31:06.327+01:00 INFO : Filtering template 29/384 segment 2/5
2026-09-08T21:31:06.364+01:00 INFO : Filtering template 29/384 segment 3/5
2026-09-08T21:31:06.401+01:00 INFO : 2 points above threshold
2026-09-08T21:31:06.407+01:00 INFO : Filtering template 29/384 segment 4/5
2026-09-08T21:31:06.444+01:00 INFO : Filtering template 29/384 segment 5/5
2026-09-08T21:31:06.481+01:00 INFO : 1 points above threshold
2026-09-08T21:31:06.487+01:00 INFO : 29: generating IMRPhenomD from 30.0 Hz
2026-09-08T21:31:06.490+01:00 INFO : Decompressing waveform using inline_linear
2026-09-08T21:31:06.495+01:00 INFO : Filtering template 30/384 segment 1/5
2026-09-08T21:31:06.535+01:00 INFO : 1 points above threshold
2026-09-08T21:31:06.550+01:00 INFO : Filtering template 30/384 segment 2/5
2026-09-08T21:31:06.587+01:00 INFO : 2 points above threshold
2026-09-08T21:31:06.593+01:00 INFO : Filtering template 30/384 segment 3/5
2026-09-08T21:31:06.630+01:00 INFO : Filtering template 30/384 segment 4/5
2026-09-08T21:31:06.667+01:00 INFO : 3 points above threshold
2026-09-08T21:31:06.675+01:00 INFO : Filtering template 30/384 segment 5/5
2026-09-08T21:31:06.712+01:00 INFO : 2 points above threshold
2026-09-08T21:31:06.718+01:00 INFO : 30: generating IMRPhenomD from 30.0 Hz
2026-09-08T21:31:06.720+01:00 INFO : Decompressing waveform using inline_linear
2026-09-08T21:31:06.725+01:00 INFO : Filtering template 31/384 segment 1/5
2026-09-08T21:31:06.766+01:00 INFO : Filtering template 31/384 segment 2/5
2026-09-08T21:31:06.803+01:00 INFO : 1 points above threshold
2026-09-08T21:31:06.818+01:00 INFO : Filtering template 31/384 segment 3/5
2026-09-08T21:31:06.856+01:00 INFO : 2 points above threshold
2026-09-08T21:31:06.863+01:00 INFO : Filtering template 31/384 segment 4/5
2026-09-08T21:31:06.902+01:00 INFO : 1 points above threshold
2026-09-08T21:31:06.908+01:00 INFO : Filtering template 31/384 segment 5/5
2026-09-08T21:31:06.951+01:00 INFO : 2 points above threshold
2026-09-08T21:31:06.957+01:00 INFO : 31: generating IMRPhenomD from 30.0 Hz
2026-09-08T21:31:06.960+01:00 INFO : Decompressing waveform using inline_linear
2026-09-08T21:31:06.965+01:00 INFO : Filtering template 32/384 segment 1/5
2026-09-08T21:31:07.005+01:00 INFO : Filtering template 32/384 segment 2/5
2026-09-08T21:31:07.042+01:00 INFO : Filtering template 32/384 segment 3/5
2026-09-08T21:31:07.080+01:00 INFO : 2 points above threshold
2026-09-08T21:31:07.095+01:00 INFO : Filtering template 32/384 segment 4/5
2026-09-08T21:31:07.132+01:00 INFO : 1 points above threshold
2026-09-08T21:31:07.138+01:00 INFO : Filtering template 32/384 segment 5/5
2026-09-08T21:31:07.175+01:00 INFO : 2 points above threshold
2026-09-08T21:31:07.181+01:00 INFO : 32: generating IMRPhenomD from 30.0 Hz
2026-09-08T21:31:07.183+01:00 INFO : Decompressing waveform using inline_linear
2026-09-08T21:31:07.188+01:00 INFO : Filtering template 33/384 segment 1/5
2026-09-08T21:31:07.229+01:00 INFO : Filtering template 33/384 segment 2/5
2026-09-08T21:31:07.266+01:00 INFO : Filtering template 33/384 segment 3/5
2026-09-08T21:31:07.303+01:00 INFO : 1 points above threshold
2026-09-08T21:31:07.318+01:00 INFO : Filtering template 33/384 segment 4/5
2026-09-08T21:31:07.355+01:00 INFO : 2 points above threshold
2026-09-08T21:31:07.361+01:00 INFO : Filtering template 33/384 segment 5/5
2026-09-08T21:31:07.398+01:00 INFO : 2 points above threshold
2026-09-08T21:31:07.404+01:00 INFO : 33: generating IMRPhenomD from 30.0 Hz
2026-09-08T21:31:07.407+01:00 INFO : Decompressing waveform using inline_linear
2026-09-08T21:31:07.412+01:00 INFO : Filtering template 34/384 segment 1/5
2026-09-08T21:31:07.452+01:00 INFO : 1 points above threshold
2026-09-08T21:31:07.467+01:00 INFO : Filtering template 34/384 segment 2/5
2026-09-08T21:31:07.505+01:00 INFO : 1 points above threshold
2026-09-08T21:31:07.510+01:00 INFO : Filtering template 34/384 segment 3/5
2026-09-08T21:31:07.547+01:00 INFO : 2 points above threshold
2026-09-08T21:31:07.553+01:00 INFO : Filtering template 34/384 segment 4/5
2026-09-08T21:31:07.590+01:00 INFO : 1 points above threshold
2026-09-08T21:31:07.596+01:00 INFO : Filtering template 34/384 segment 5/5
2026-09-08T21:31:07.633+01:00 INFO : 2 points above threshold
2026-09-08T21:31:07.639+01:00 INFO : 34: generating IMRPhenomD from 30.0 Hz
2026-09-08T21:31:07.642+01:00 INFO : Decompressing waveform using inline_linear
2026-09-08T21:31:07.647+01:00 INFO : Filtering template 35/384 segment 1/5
2026-09-08T21:31:07.687+01:00 INFO : 5 points above threshold
2026-09-08T21:31:07.704+01:00 INFO : Filtering template 35/384 segment 2/5
2026-09-08T21:31:07.741+01:00 INFO : 1 points above threshold
2026-09-08T21:31:07.747+01:00 INFO : Filtering template 35/384 segment 3/5
2026-09-08T21:31:07.784+01:00 INFO : Filtering template 35/384 segment 4/5
2026-09-08T21:31:07.822+01:00 INFO : 1 points above threshold
2026-09-08T21:31:07.827+01:00 INFO : Filtering template 35/384 segment 5/5
2026-09-08T21:31:07.865+01:00 INFO : 2 points above threshold
2026-09-08T21:31:07.871+01:00 INFO : 35: generating IMRPhenomD from 30.0 Hz
2026-09-08T21:31:07.873+01:00 INFO : Decompressing waveform using inline_linear
2026-09-08T21:31:07.878+01:00 INFO : Filtering template 36/384 segment 1/5
2026-09-08T21:31:07.918+01:00 INFO : 1 points above threshold
2026-09-08T21:31:07.934+01:00 INFO : Filtering template 36/384 segment 2/5
2026-09-08T21:31:07.971+01:00 INFO : 1 points above threshold
2026-09-08T21:31:07.977+01:00 INFO : Filtering template 36/384 segment 3/5
2026-09-08T21:31:08.014+01:00 INFO : Filtering template 36/384 segment 4/5
2026-09-08T21:31:08.051+01:00 INFO : 1 points above threshold
2026-09-08T21:31:08.057+01:00 INFO : Filtering template 36/384 segment 5/5
2026-09-08T21:31:08.094+01:00 INFO : 1 points above threshold
2026-09-08T21:31:08.100+01:00 INFO : 36: generating IMRPhenomD from 30.0 Hz
2026-09-08T21:31:08.102+01:00 INFO : Decompressing waveform using inline_linear
2026-09-08T21:31:08.107+01:00 INFO : Filtering template 37/384 segment 1/5
2026-09-08T21:31:08.148+01:00 INFO : 1 points above threshold
2026-09-08T21:31:08.163+01:00 INFO : Filtering template 37/384 segment 2/5
2026-09-08T21:31:08.200+01:00 INFO : Filtering template 37/384 segment 3/5
2026-09-08T21:31:08.237+01:00 INFO : 1 points above threshold
2026-09-08T21:31:08.243+01:00 INFO : Filtering template 37/384 segment 4/5
2026-09-08T21:31:08.280+01:00 INFO : Filtering template 37/384 segment 5/5
2026-09-08T21:31:08.318+01:00 INFO : 37: generating IMRPhenomD from 30.0 Hz
2026-09-08T21:31:08.320+01:00 INFO : Decompressing waveform using inline_linear
2026-09-08T21:31:08.325+01:00 INFO : Filtering template 38/384 segment 1/5
2026-09-08T21:31:08.366+01:00 INFO : Filtering template 38/384 segment 2/5
2026-09-08T21:31:08.403+01:00 INFO : Filtering template 38/384 segment 3/5
2026-09-08T21:31:08.440+01:00 INFO : 1 points above threshold
2026-09-08T21:31:08.458+01:00 INFO : Filtering template 38/384 segment 4/5
2026-09-08T21:31:08.495+01:00 INFO : 1 points above threshold
2026-09-08T21:31:08.501+01:00 INFO : Filtering template 38/384 segment 5/5
2026-09-08T21:31:08.538+01:00 INFO : 38: generating IMRPhenomD from 30.0 Hz
2026-09-08T21:31:08.541+01:00 INFO : Decompressing waveform using inline_linear
2026-09-08T21:31:08.546+01:00 INFO : Filtering template 39/384 segment 1/5
2026-09-08T21:31:08.586+01:00 INFO : Filtering template 39/384 segment 2/5
2026-09-08T21:31:08.623+01:00 INFO : Filtering template 39/384 segment 3/5
2026-09-08T21:31:08.661+01:00 INFO : Filtering template 39/384 segment 4/5
2026-09-08T21:31:08.698+01:00 INFO : 3 points above threshold
2026-09-08T21:31:08.718+01:00 INFO : Filtering template 39/384 segment 5/5
2026-09-08T21:31:08.755+01:00 INFO : 2 points above threshold
2026-09-08T21:31:08.761+01:00 INFO : 39: generating IMRPhenomD from 30.0 Hz
2026-09-08T21:31:08.763+01:00 INFO : Decompressing waveform using inline_linear
2026-09-08T21:31:08.768+01:00 INFO : Filtering template 40/384 segment 1/5
2026-09-08T21:31:08.809+01:00 INFO : 3 points above threshold
2026-09-08T21:31:08.829+01:00 INFO : Filtering template 40/384 segment 2/5
2026-09-08T21:31:08.866+01:00 INFO : 1 points above threshold
2026-09-08T21:31:08.871+01:00 INFO : Filtering template 40/384 segment 3/5
2026-09-08T21:31:08.908+01:00 INFO : 1 points above threshold
2026-09-08T21:31:08.915+01:00 INFO : Filtering template 40/384 segment 4/5
2026-09-08T21:31:08.951+01:00 INFO : 2 points above threshold
2026-09-08T21:31:08.957+01:00 INFO : Filtering template 40/384 segment 5/5
2026-09-08T21:31:08.994+01:00 INFO : 1 points above threshold
2026-09-08T21:31:09.001+01:00 INFO : 40: generating IMRPhenomD from 30.0 Hz
2026-09-08T21:31:09.003+01:00 INFO : Decompressing waveform using inline_linear
2026-09-08T21:31:09.008+01:00 INFO : Filtering template 41/384 segment 1/5
2026-09-08T21:31:09.048+01:00 INFO : Filtering template 41/384 segment 2/5
2026-09-08T21:31:09.086+01:00 INFO : 1 points above threshold
2026-09-08T21:31:09.101+01:00 INFO : Filtering template 41/384 segment 3/5
2026-09-08T21:31:09.138+01:00 INFO : Filtering template 41/384 segment 4/5
2026-09-08T21:31:09.175+01:00 INFO : Filtering template 41/384 segment 5/5
2026-09-08T21:31:09.212+01:00 INFO : 41: generating IMRPhenomD from 30.0 Hz
2026-09-08T21:31:09.215+01:00 INFO : Decompressing waveform using inline_linear
2026-09-08T21:31:09.220+01:00 INFO : Filtering template 42/384 segment 1/5
2026-09-08T21:31:09.260+01:00 INFO : 2 points above threshold
2026-09-08T21:31:09.275+01:00 INFO : Filtering template 42/384 segment 2/5
2026-09-08T21:31:09.312+01:00 INFO : Filtering template 42/384 segment 3/5
2026-09-08T21:31:09.350+01:00 INFO : 2 points above threshold
2026-09-08T21:31:09.355+01:00 INFO : Filtering template 42/384 segment 4/5
2026-09-08T21:31:09.392+01:00 INFO : 3 points above threshold
2026-09-08T21:31:09.400+01:00 INFO : Filtering template 42/384 segment 5/5
2026-09-08T21:31:09.437+01:00 INFO : 2 points above threshold
2026-09-08T21:31:09.443+01:00 INFO : 42: generating IMRPhenomD from 30.0 Hz
2026-09-08T21:31:09.446+01:00 INFO : Decompressing waveform using inline_linear
2026-09-08T21:31:09.451+01:00 INFO : Filtering template 43/384 segment 1/5
2026-09-08T21:31:09.491+01:00 INFO : 3 points above threshold
2026-09-08T21:31:09.508+01:00 INFO : Filtering template 43/384 segment 2/5
2026-09-08T21:31:09.545+01:00 INFO : 2 points above threshold
2026-09-08T21:31:09.551+01:00 INFO : Filtering template 43/384 segment 3/5
2026-09-08T21:31:09.588+01:00 INFO : Filtering template 43/384 segment 4/5
2026-09-08T21:31:09.625+01:00 INFO : Filtering template 43/384 segment 5/5
2026-09-08T21:31:09.662+01:00 INFO : 1 points above threshold
2026-09-08T21:31:09.668+01:00 INFO : 43: generating IMRPhenomD from 30.0 Hz
2026-09-08T21:31:09.671+01:00 INFO : Decompressing waveform using inline_linear
2026-09-08T21:31:09.676+01:00 INFO : Filtering template 44/384 segment 1/5
2026-09-08T21:31:09.716+01:00 INFO : Filtering template 44/384 segment 2/5
2026-09-08T21:31:09.753+01:00 INFO : 2 points above threshold
2026-09-08T21:31:09.768+01:00 INFO : Filtering template 44/384 segment 3/5
2026-09-08T21:31:09.805+01:00 INFO : Filtering template 44/384 segment 4/5
2026-09-08T21:31:09.842+01:00 INFO : 1 points above threshold
2026-09-08T21:31:09.848+01:00 INFO : Filtering template 44/384 segment 5/5
2026-09-08T21:31:09.885+01:00 INFO : 2 points above threshold
2026-09-08T21:31:09.891+01:00 INFO : 44: generating IMRPhenomD from 30.0 Hz
2026-09-08T21:31:09.894+01:00 INFO : Decompressing waveform using inline_linear
2026-09-08T21:31:09.899+01:00 INFO : Filtering template 45/384 segment 1/5
2026-09-08T21:31:09.939+01:00 INFO : 1 points above threshold
2026-09-08T21:31:09.955+01:00 INFO : Filtering template 45/384 segment 2/5
2026-09-08T21:31:09.992+01:00 INFO : Filtering template 45/384 segment 3/5
2026-09-08T21:31:10.029+01:00 INFO : 1 points above threshold
2026-09-08T21:31:10.035+01:00 INFO : Filtering template 45/384 segment 4/5
2026-09-08T21:31:10.072+01:00 INFO : Filtering template 45/384 segment 5/5
2026-09-08T21:31:10.110+01:00 INFO : 2 points above threshold
2026-09-08T21:31:10.116+01:00 INFO : 45: generating IMRPhenomD from 30.0 Hz
2026-09-08T21:31:10.118+01:00 INFO : Decompressing waveform using inline_linear
2026-09-08T21:31:10.123+01:00 INFO : Filtering template 46/384 segment 1/5
2026-09-08T21:31:10.163+01:00 INFO : 3 points above threshold
2026-09-08T21:31:10.181+01:00 INFO : Filtering template 46/384 segment 2/5
2026-09-08T21:31:10.218+01:00 INFO : 1 points above threshold
2026-09-08T21:31:10.224+01:00 INFO : Filtering template 46/384 segment 3/5
2026-09-08T21:31:10.261+01:00 INFO : 1 points above threshold
2026-09-08T21:31:10.267+01:00 INFO : Filtering template 46/384 segment 4/5
2026-09-08T21:31:10.304+01:00 INFO : Filtering template 46/384 segment 5/5
2026-09-08T21:31:10.341+01:00 INFO : 1 points above threshold
2026-09-08T21:31:10.348+01:00 INFO : 46: generating IMRPhenomD from 30.0 Hz
2026-09-08T21:31:10.350+01:00 INFO : Decompressing waveform using inline_linear
2026-09-08T21:31:10.355+01:00 INFO : Filtering template 47/384 segment 1/5
2026-09-08T21:31:10.395+01:00 INFO : 1 points above threshold
2026-09-08T21:31:10.411+01:00 INFO : Filtering template 47/384 segment 2/5
2026-09-08T21:31:10.448+01:00 INFO : 1 points above threshold
2026-09-08T21:31:10.454+01:00 INFO : Filtering template 47/384 segment 3/5
2026-09-08T21:31:10.491+01:00 INFO : 1 points above threshold
2026-09-08T21:31:10.496+01:00 INFO : Filtering template 47/384 segment 4/5
2026-09-08T21:31:10.533+01:00 INFO : 1 points above threshold
2026-09-08T21:31:10.539+01:00 INFO : Filtering template 47/384 segment 5/5
2026-09-08T21:31:10.577+01:00 INFO : 1 points above threshold
2026-09-08T21:31:10.583+01:00 INFO : 47: generating IMRPhenomD from 30.0 Hz
2026-09-08T21:31:10.585+01:00 INFO : Decompressing waveform using inline_linear
2026-09-08T21:31:10.590+01:00 INFO : Filtering template 48/384 segment 1/5
2026-09-08T21:31:10.630+01:00 INFO : 3 points above threshold
2026-09-08T21:31:10.647+01:00 INFO : Filtering template 48/384 segment 2/5
2026-09-08T21:31:10.684+01:00 INFO : 3 points above threshold
2026-09-08T21:31:10.692+01:00 INFO : Filtering template 48/384 segment 3/5
2026-09-08T21:31:10.729+01:00 INFO : Filtering template 48/384 segment 4/5
2026-09-08T21:31:10.766+01:00 INFO : 1 points above threshold
2026-09-08T21:31:10.772+01:00 INFO : Filtering template 48/384 segment 5/5
2026-09-08T21:31:10.810+01:00 INFO : 48: generating IMRPhenomD from 30.0 Hz
2026-09-08T21:31:10.812+01:00 INFO : Decompressing waveform using inline_linear
2026-09-08T21:31:10.817+01:00 INFO : Filtering template 49/384 segment 1/5
2026-09-08T21:31:10.857+01:00 INFO : 3 points above threshold
2026-09-08T21:31:10.875+01:00 INFO : Filtering template 49/384 segment 2/5
2026-09-08T21:31:10.911+01:00 INFO : 1 points above threshold
2026-09-08T21:31:10.918+01:00 INFO : Filtering template 49/384 segment 3/5
2026-09-08T21:31:10.955+01:00 INFO : 1 points above threshold
2026-09-08T21:31:10.960+01:00 INFO : Filtering template 49/384 segment 4/5
2026-09-08T21:31:10.998+01:00 INFO : Filtering template 49/384 segment 5/5
2026-09-08T21:31:11.035+01:00 INFO : 49: generating IMRPhenomD from 30.0 Hz
2026-09-08T21:31:11.038+01:00 INFO : Decompressing waveform using inline_linear
2026-09-08T21:31:11.043+01:00 INFO : Filtering template 50/384 segment 1/5
2026-09-08T21:31:11.085+01:00 INFO : Filtering template 50/384 segment 2/5
2026-09-08T21:31:11.122+01:00 INFO : 2 points above threshold
2026-09-08T21:31:11.141+01:00 INFO : Filtering template 50/384 segment 3/5
2026-09-08T21:31:11.179+01:00 INFO : 5 points above threshold
2026-09-08T21:31:11.187+01:00 INFO : Filtering template 50/384 segment 4/5
2026-09-08T21:31:11.224+01:00 INFO : 3 points above threshold
2026-09-08T21:31:11.232+01:00 INFO : Filtering template 50/384 segment 5/5
2026-09-08T21:31:11.268+01:00 INFO : 2 points above threshold
2026-09-08T21:31:11.275+01:00 INFO : 50: generating IMRPhenomD from 30.0 Hz
2026-09-08T21:31:11.277+01:00 INFO : Decompressing waveform using inline_linear
2026-09-08T21:31:11.282+01:00 INFO : Filtering template 51/384 segment 1/5
2026-09-08T21:31:11.322+01:00 INFO : 1 points above threshold
2026-09-08T21:31:11.338+01:00 INFO : Filtering template 51/384 segment 2/5
2026-09-08T21:31:11.375+01:00 INFO : 1 points above threshold
2026-09-08T21:31:11.381+01:00 INFO : Filtering template 51/384 segment 3/5
2026-09-08T21:31:11.418+01:00 INFO : 3 points above threshold
2026-09-08T21:31:11.426+01:00 INFO : Filtering template 51/384 segment 4/5
2026-09-08T21:31:11.462+01:00 INFO : 1 points above threshold
2026-09-08T21:31:11.468+01:00 INFO : Filtering template 51/384 segment 5/5
2026-09-08T21:31:11.505+01:00 INFO : 3 points above threshold
2026-09-08T21:31:11.513+01:00 INFO : 51: generating IMRPhenomD from 30.0 Hz
2026-09-08T21:31:11.516+01:00 INFO : Decompressing waveform using inline_linear
2026-09-08T21:31:11.521+01:00 INFO : Filtering template 52/384 segment 1/5
2026-09-08T21:31:11.561+01:00 INFO : 2 points above threshold
2026-09-08T21:31:11.577+01:00 INFO : Filtering template 52/384 segment 2/5
2026-09-08T21:31:11.614+01:00 INFO : 1 points above threshold
2026-09-08T21:31:11.620+01:00 INFO : Filtering template 52/384 segment 3/5
2026-09-08T21:31:11.657+01:00 INFO : Filtering template 52/384 segment 4/5
2026-09-08T21:31:11.694+01:00 INFO : 1 points above threshold
2026-09-08T21:31:11.700+01:00 INFO : Filtering template 52/384 segment 5/5
2026-09-08T21:31:11.737+01:00 INFO : 2 points above threshold
2026-09-08T21:31:11.743+01:00 INFO : 52: generating IMRPhenomD from 30.0 Hz
2026-09-08T21:31:11.745+01:00 INFO : Decompressing waveform using inline_linear
2026-09-08T21:31:11.750+01:00 INFO : Filtering template 53/384 segment 1/5
2026-09-08T21:31:11.791+01:00 INFO : 1 points above threshold
2026-09-08T21:31:11.806+01:00 INFO : Filtering template 53/384 segment 2/5
2026-09-08T21:31:11.843+01:00 INFO : 3 points above threshold
2026-09-08T21:31:11.851+01:00 INFO : Filtering template 53/384 segment 3/5
2026-09-08T21:31:11.888+01:00 INFO : Filtering template 53/384 segment 4/5
2026-09-08T21:31:11.925+01:00 INFO : 1 points above threshold
2026-09-08T21:31:11.931+01:00 INFO : Filtering template 53/384 segment 5/5
2026-09-08T21:31:11.971+01:00 INFO : 53: generating IMRPhenomD from 30.0 Hz
2026-09-08T21:31:11.973+01:00 INFO : Decompressing waveform using inline_linear
2026-09-08T21:31:11.978+01:00 INFO : Filtering template 54/384 segment 1/5
2026-09-08T21:31:12.023+01:00 INFO : 3 points above threshold
2026-09-08T21:31:12.043+01:00 INFO : Filtering template 54/384 segment 2/5
2026-09-08T21:31:12.080+01:00 INFO : 4 points above threshold
2026-09-08T21:31:12.086+01:00 INFO : Filtering template 54/384 segment 3/5
2026-09-08T21:31:12.123+01:00 INFO : Filtering template 54/384 segment 4/5
2026-09-08T21:31:12.160+01:00 INFO : 2 points above threshold
2026-09-08T21:31:12.166+01:00 INFO : Filtering template 54/384 segment 5/5
2026-09-08T21:31:12.203+01:00 INFO : 2 points above threshold
2026-09-08T21:31:12.209+01:00 INFO : 54: generating IMRPhenomD from 30.0 Hz
2026-09-08T21:31:12.212+01:00 INFO : Decompressing waveform using inline_linear
2026-09-08T21:31:12.217+01:00 INFO : Filtering template 55/384 segment 1/5
2026-09-08T21:31:12.257+01:00 INFO : Filtering template 55/384 segment 2/5
2026-09-08T21:31:12.294+01:00 INFO : 2 points above threshold
2026-09-08T21:31:12.309+01:00 INFO : Filtering template 55/384 segment 3/5
2026-09-08T21:31:12.346+01:00 INFO : Filtering template 55/384 segment 4/5
2026-09-08T21:31:12.383+01:00 INFO : Filtering template 55/384 segment 5/5
2026-09-08T21:31:12.420+01:00 INFO : 1 points above threshold
2026-09-08T21:31:12.427+01:00 INFO : 55: generating IMRPhenomD from 30.0 Hz
2026-09-08T21:31:12.429+01:00 INFO : Decompressing waveform using inline_linear
2026-09-08T21:31:12.434+01:00 INFO : Filtering template 56/384 segment 1/5
2026-09-08T21:31:12.474+01:00 INFO : 1 points above threshold
2026-09-08T21:31:12.490+01:00 INFO : Filtering template 56/384 segment 2/5
2026-09-08T21:31:12.527+01:00 INFO : Filtering template 56/384 segment 3/5
2026-09-08T21:31:12.564+01:00 INFO : 2 points above threshold
2026-09-08T21:31:12.570+01:00 INFO : Filtering template 56/384 segment 4/5
2026-09-08T21:31:12.607+01:00 INFO : 1 points above threshold
2026-09-08T21:31:12.613+01:00 INFO : Filtering template 56/384 segment 5/5
2026-09-08T21:31:12.650+01:00 INFO : 56: generating IMRPhenomD from 30.0 Hz
2026-09-08T21:31:12.652+01:00 INFO : Decompressing waveform using inline_linear
2026-09-08T21:31:12.657+01:00 INFO : Filtering template 57/384 segment 1/5
2026-09-08T21:31:12.698+01:00 INFO : 2 points above threshold
2026-09-08T21:31:12.713+01:00 INFO : Filtering template 57/384 segment 2/5
2026-09-08T21:31:12.750+01:00 INFO : 1 points above threshold
2026-09-08T21:31:12.756+01:00 INFO : Filtering template 57/384 segment 3/5
2026-09-08T21:31:12.793+01:00 INFO : Filtering template 57/384 segment 4/5
2026-09-08T21:31:12.830+01:00 INFO : 1 points above threshold
2026-09-08T21:31:12.836+01:00 INFO : Filtering template 57/384 segment 5/5
2026-09-08T21:31:12.873+01:00 INFO : 57: generating IMRPhenomD from 30.0 Hz
2026-09-08T21:31:12.876+01:00 INFO : Decompressing waveform using inline_linear
2026-09-08T21:31:12.881+01:00 INFO : Filtering template 58/384 segment 1/5
2026-09-08T21:31:12.921+01:00 INFO : 2 points above threshold
2026-09-08T21:31:12.937+01:00 INFO : Filtering template 58/384 segment 2/5
2026-09-08T21:31:12.974+01:00 INFO : 2 points above threshold
2026-09-08T21:31:12.979+01:00 INFO : Filtering template 58/384 segment 3/5
2026-09-08T21:31:13.017+01:00 INFO : Filtering template 58/384 segment 4/5
2026-09-08T21:31:13.054+01:00 INFO : 1 points above threshold
2026-09-08T21:31:13.060+01:00 INFO : Filtering template 58/384 segment 5/5
2026-09-08T21:31:13.097+01:00 INFO : 1 points above threshold
2026-09-08T21:31:13.103+01:00 INFO : 58: generating IMRPhenomD from 30.0 Hz
2026-09-08T21:31:13.105+01:00 INFO : Decompressing waveform using inline_linear
2026-09-08T21:31:13.110+01:00 INFO : Filtering template 59/384 segment 1/5
2026-09-08T21:31:13.151+01:00 INFO : 1 points above threshold
2026-09-08T21:31:13.166+01:00 INFO : Filtering template 59/384 segment 2/5
2026-09-08T21:31:13.203+01:00 INFO : Filtering template 59/384 segment 3/5
2026-09-08T21:31:13.240+01:00 INFO : 1 points above threshold
2026-09-08T21:31:13.246+01:00 INFO : Filtering template 59/384 segment 4/5
2026-09-08T21:31:13.283+01:00 INFO : Filtering template 59/384 segment 5/5
2026-09-08T21:31:13.320+01:00 INFO : 59: generating IMRPhenomD from 30.0 Hz
2026-09-08T21:31:13.323+01:00 INFO : Decompressing waveform using inline_linear
2026-09-08T21:31:13.328+01:00 INFO : Filtering template 60/384 segment 1/5
2026-09-08T21:31:13.368+01:00 INFO : 2 points above threshold
2026-09-08T21:31:13.387+01:00 INFO : Filtering template 60/384 segment 2/5
2026-09-08T21:31:13.423+01:00 INFO : 1 points above threshold
2026-09-08T21:31:13.429+01:00 INFO : Filtering template 60/384 segment 3/5
2026-09-08T21:31:13.466+01:00 INFO : Filtering template 60/384 segment 4/5
2026-09-08T21:31:13.503+01:00 INFO : 1 points above threshold
2026-09-08T21:31:13.509+01:00 INFO : Filtering template 60/384 segment 5/5
2026-09-08T21:31:13.546+01:00 INFO : 1 points above threshold
2026-09-08T21:31:13.553+01:00 INFO : 60: generating IMRPhenomD from 30.0 Hz
2026-09-08T21:31:13.555+01:00 INFO : Decompressing waveform using inline_linear
2026-09-08T21:31:13.560+01:00 INFO : Filtering template 61/384 segment 1/5
2026-09-08T21:31:13.600+01:00 INFO : 2 points above threshold
2026-09-08T21:31:13.618+01:00 INFO : Filtering template 61/384 segment 2/5
2026-09-08T21:31:13.655+01:00 INFO : Filtering template 61/384 segment 3/5
2026-09-08T21:31:13.692+01:00 INFO : Filtering template 61/384 segment 4/5
2026-09-08T21:31:13.730+01:00 INFO : 4 points above threshold
2026-09-08T21:31:13.736+01:00 INFO : Filtering template 61/384 segment 5/5
2026-09-08T21:31:13.773+01:00 INFO : 2 points above threshold
2026-09-08T21:31:13.779+01:00 INFO : 61: generating IMRPhenomD from 30.0 Hz
2026-09-08T21:31:13.781+01:00 INFO : Decompressing waveform using inline_linear
2026-09-08T21:31:13.786+01:00 INFO : Filtering template 62/384 segment 1/5
2026-09-08T21:31:13.826+01:00 INFO : 1 points above threshold
2026-09-08T21:31:13.842+01:00 INFO : Filtering template 62/384 segment 2/5
2026-09-08T21:31:13.879+01:00 INFO : 3 points above threshold
2026-09-08T21:31:13.886+01:00 INFO : Filtering template 62/384 segment 3/5
2026-09-08T21:31:13.924+01:00 INFO : 2 points above threshold
2026-09-08T21:31:13.929+01:00 INFO : Filtering template 62/384 segment 4/5
2026-09-08T21:31:13.966+01:00 INFO : 1 points above threshold
2026-09-08T21:31:13.972+01:00 INFO : Filtering template 62/384 segment 5/5
2026-09-08T21:31:14.009+01:00 INFO : 3 points above threshold
2026-09-08T21:31:14.017+01:00 INFO : 62: generating IMRPhenomD from 30.0 Hz
2026-09-08T21:31:14.020+01:00 INFO : Decompressing waveform using inline_linear
2026-09-08T21:31:14.025+01:00 INFO : Filtering template 63/384 segment 1/5
2026-09-08T21:31:14.065+01:00 INFO : 1 points above threshold
2026-09-08T21:31:14.081+01:00 INFO : Filtering template 63/384 segment 2/5
2026-09-08T21:31:14.118+01:00 INFO : 1 points above threshold
2026-09-08T21:31:14.124+01:00 INFO : Filtering template 63/384 segment 3/5
2026-09-08T21:31:14.160+01:00 INFO : 2 points above threshold
2026-09-08T21:31:14.166+01:00 INFO : Filtering template 63/384 segment 4/5
2026-09-08T21:31:14.203+01:00 INFO : Filtering template 63/384 segment 5/5
2026-09-08T21:31:14.241+01:00 INFO : 1 points above threshold
2026-09-08T21:31:14.247+01:00 INFO : 63: generating IMRPhenomD from 30.0 Hz
2026-09-08T21:31:14.249+01:00 INFO : Decompressing waveform using inline_linear
2026-09-08T21:31:14.254+01:00 INFO : Filtering template 64/384 segment 1/5
2026-09-08T21:31:14.294+01:00 INFO : 2 points above threshold
2026-09-08T21:31:14.310+01:00 INFO : Filtering template 64/384 segment 2/5
2026-09-08T21:31:14.347+01:00 INFO : 2 points above threshold
2026-09-08T21:31:14.353+01:00 INFO : Filtering template 64/384 segment 3/5
2026-09-08T21:31:14.390+01:00 INFO : Filtering template 64/384 segment 4/5
2026-09-08T21:31:14.427+01:00 INFO : 4 points above threshold
2026-09-08T21:31:14.433+01:00 INFO : Filtering template 64/384 segment 5/5
2026-09-08T21:31:14.470+01:00 INFO : 1 points above threshold
2026-09-08T21:31:14.476+01:00 INFO : 64: generating IMRPhenomD from 30.0 Hz
2026-09-08T21:31:14.478+01:00 INFO : Decompressing waveform using inline_linear
2026-09-08T21:31:14.483+01:00 INFO : Filtering template 65/384 segment 1/5
2026-09-08T21:31:14.523+01:00 INFO : 2 points above threshold
2026-09-08T21:31:14.539+01:00 INFO : Filtering template 65/384 segment 2/5
2026-09-08T21:31:14.576+01:00 INFO : 1 points above threshold
2026-09-08T21:31:14.583+01:00 INFO : Filtering template 65/384 segment 3/5
2026-09-08T21:31:14.620+01:00 INFO : 1 points above threshold
2026-09-08T21:31:14.626+01:00 INFO : Filtering template 65/384 segment 4/5
2026-09-08T21:31:14.663+01:00 INFO : 1 points above threshold
2026-09-08T21:31:14.669+01:00 INFO : Filtering template 65/384 segment 5/5
2026-09-08T21:31:14.706+01:00 INFO : 1 points above threshold
2026-09-08T21:31:14.712+01:00 INFO : 65: generating IMRPhenomD from 30.0 Hz
2026-09-08T21:31:14.714+01:00 INFO : Decompressing waveform using inline_linear
2026-09-08T21:31:14.719+01:00 INFO : Filtering template 66/384 segment 1/5
2026-09-08T21:31:14.760+01:00 INFO : Filtering template 66/384 segment 2/5
2026-09-08T21:31:14.797+01:00 INFO : 2 points above threshold
2026-09-08T21:31:14.812+01:00 INFO : Filtering template 66/384 segment 3/5
2026-09-08T21:31:14.849+01:00 INFO : 1 points above threshold
2026-09-08T21:31:14.855+01:00 INFO : Filtering template 66/384 segment 4/5
2026-09-08T21:31:14.892+01:00 INFO : 1 points above threshold
2026-09-08T21:31:14.898+01:00 INFO : Filtering template 66/384 segment 5/5
2026-09-08T21:31:14.935+01:00 INFO : 1 points above threshold
2026-09-08T21:31:14.941+01:00 INFO : 66: generating IMRPhenomD from 30.0 Hz
2026-09-08T21:31:14.944+01:00 INFO : Decompressing waveform using inline_linear
2026-09-08T21:31:14.949+01:00 INFO : Filtering template 67/384 segment 1/5
2026-09-08T21:31:14.989+01:00 INFO : 1 points above threshold
2026-09-08T21:31:15.004+01:00 INFO : Filtering template 67/384 segment 2/5
2026-09-08T21:31:15.042+01:00 INFO : 1 points above threshold
2026-09-08T21:31:15.048+01:00 INFO : Filtering template 67/384 segment 3/5
2026-09-08T21:31:15.084+01:00 INFO : 2 points above threshold
2026-09-08T21:31:15.090+01:00 INFO : Filtering template 67/384 segment 4/5
2026-09-08T21:31:15.127+01:00 INFO : 1 points above threshold
2026-09-08T21:31:15.133+01:00 INFO : Filtering template 67/384 segment 5/5
2026-09-08T21:31:15.170+01:00 INFO : 1 points above threshold
2026-09-08T21:31:15.177+01:00 INFO : 67: generating IMRPhenomD from 30.0 Hz
2026-09-08T21:31:15.179+01:00 INFO : Decompressing waveform using inline_linear
2026-09-08T21:31:15.184+01:00 INFO : Filtering template 68/384 segment 1/5
2026-09-08T21:31:15.224+01:00 INFO : 2 points above threshold
2026-09-08T21:31:15.240+01:00 INFO : Filtering template 68/384 segment 2/5
2026-09-08T21:31:15.277+01:00 INFO : 1 points above threshold
2026-09-08T21:31:15.283+01:00 INFO : Filtering template 68/384 segment 3/5
2026-09-08T21:31:15.320+01:00 INFO : Filtering template 68/384 segment 4/5
2026-09-08T21:31:15.357+01:00 INFO : 2 points above threshold
2026-09-08T21:31:15.363+01:00 INFO : Filtering template 68/384 segment 5/5
2026-09-08T21:31:15.400+01:00 INFO : 1 points above threshold
2026-09-08T21:31:15.406+01:00 INFO : 68: generating IMRPhenomD from 30.0 Hz
2026-09-08T21:31:15.408+01:00 INFO : Decompressing waveform using inline_linear
2026-09-08T21:31:15.413+01:00 INFO : Filtering template 69/384 segment 1/5
2026-09-08T21:31:15.454+01:00 INFO : 1 points above threshold
2026-09-08T21:31:15.469+01:00 INFO : Filtering template 69/384 segment 2/5
2026-09-08T21:31:15.506+01:00 INFO : 1 points above threshold
2026-09-08T21:31:15.512+01:00 INFO : Filtering template 69/384 segment 3/5
2026-09-08T21:31:15.549+01:00 INFO : 1 points above threshold
2026-09-08T21:31:15.555+01:00 INFO : Filtering template 69/384 segment 4/5
2026-09-08T21:31:15.592+01:00 INFO : Filtering template 69/384 segment 5/5
2026-09-08T21:31:15.629+01:00 INFO : 1 points above threshold
2026-09-08T21:31:15.636+01:00 INFO : 69: generating IMRPhenomD from 30.0 Hz
2026-09-08T21:31:15.638+01:00 INFO : Decompressing waveform using inline_linear
2026-09-08T21:31:15.643+01:00 INFO : Filtering template 70/384 segment 1/5
2026-09-08T21:31:15.684+01:00 INFO : Filtering template 70/384 segment 2/5
2026-09-08T21:31:15.721+01:00 INFO : Filtering template 70/384 segment 3/5
2026-09-08T21:31:15.758+01:00 INFO : 1 points above threshold
2026-09-08T21:31:15.773+01:00 INFO : Filtering template 70/384 segment 4/5
2026-09-08T21:31:15.810+01:00 INFO : 1 points above threshold
2026-09-08T21:31:15.819+01:00 INFO : Filtering template 70/384 segment 5/5
2026-09-08T21:31:15.856+01:00 INFO : 1 points above threshold
2026-09-08T21:31:15.862+01:00 INFO : 70: generating IMRPhenomD from 30.0 Hz
2026-09-08T21:31:15.865+01:00 INFO : Decompressing waveform using inline_linear
2026-09-08T21:31:15.870+01:00 INFO : Filtering template 71/384 segment 1/5
2026-09-08T21:31:15.911+01:00 INFO : 1 points above threshold
2026-09-08T21:31:15.926+01:00 INFO : Filtering template 71/384 segment 2/5
2026-09-08T21:31:15.963+01:00 INFO : 1 points above threshold
2026-09-08T21:31:15.969+01:00 INFO : Filtering template 71/384 segment 3/5
2026-09-08T21:31:16.006+01:00 INFO : 1 points above threshold
2026-09-08T21:31:16.012+01:00 INFO : Filtering template 71/384 segment 4/5
2026-09-08T21:31:16.049+01:00 INFO : 3 points above threshold
2026-09-08T21:31:16.057+01:00 INFO : Filtering template 71/384 segment 5/5
2026-09-08T21:31:16.094+01:00 INFO : 71: generating IMRPhenomD from 30.0 Hz
2026-09-08T21:31:16.097+01:00 INFO : Decompressing waveform using inline_linear
2026-09-08T21:31:16.102+01:00 INFO : Filtering template 72/384 segment 1/5
2026-09-08T21:31:16.142+01:00 INFO : 1 points above threshold
2026-09-08T21:31:16.157+01:00 INFO : Filtering template 72/384 segment 2/5
2026-09-08T21:31:16.194+01:00 INFO : 2 points above threshold
2026-09-08T21:31:16.200+01:00 INFO : Filtering template 72/384 segment 3/5
2026-09-08T21:31:16.237+01:00 INFO : 1 points above threshold
2026-09-08T21:31:16.243+01:00 INFO : Filtering template 72/384 segment 4/5
2026-09-08T21:31:16.280+01:00 INFO : Filtering template 72/384 segment 5/5
2026-09-08T21:31:16.317+01:00 INFO : 1 points above threshold
2026-09-08T21:31:16.323+01:00 INFO : 72: generating IMRPhenomD from 30.0 Hz
2026-09-08T21:31:16.326+01:00 INFO : Decompressing waveform using inline_linear
2026-09-08T21:31:16.331+01:00 INFO : Filtering template 73/384 segment 1/5
2026-09-08T21:31:16.371+01:00 INFO : Filtering template 73/384 segment 2/5
2026-09-08T21:31:16.409+01:00 INFO : 1 points above threshold
2026-09-08T21:31:16.424+01:00 INFO : Filtering template 73/384 segment 3/5
2026-09-08T21:31:16.461+01:00 INFO : 2 points above threshold
2026-09-08T21:31:16.467+01:00 INFO : Filtering template 73/384 segment 4/5
2026-09-08T21:31:16.504+01:00 INFO : 1 points above threshold
2026-09-08T21:31:16.510+01:00 INFO : Filtering template 73/384 segment 5/5
2026-09-08T21:31:16.547+01:00 INFO : 2 points above threshold
2026-09-08T21:31:16.553+01:00 INFO : 73: generating IMRPhenomD from 30.0 Hz
2026-09-08T21:31:16.556+01:00 INFO : Decompressing waveform using inline_linear
2026-09-08T21:31:16.560+01:00 INFO : Filtering template 74/384 segment 1/5
2026-09-08T21:31:16.601+01:00 INFO : Filtering template 74/384 segment 2/5
2026-09-08T21:31:16.638+01:00 INFO : Filtering template 74/384 segment 3/5
2026-09-08T21:31:16.675+01:00 INFO : Filtering template 74/384 segment 4/5
2026-09-08T21:31:16.712+01:00 INFO : 1 points above threshold
2026-09-08T21:31:16.728+01:00 INFO : Filtering template 74/384 segment 5/5
2026-09-08T21:31:16.765+01:00 INFO : 1 points above threshold
2026-09-08T21:31:16.771+01:00 INFO : 74: generating IMRPhenomD from 30.0 Hz
2026-09-08T21:31:16.773+01:00 INFO : Decompressing waveform using inline_linear
2026-09-08T21:31:16.778+01:00 INFO : Filtering template 75/384 segment 1/5
2026-09-08T21:31:16.818+01:00 INFO : 3 points above threshold
2026-09-08T21:31:16.836+01:00 INFO : Filtering template 75/384 segment 2/5
2026-09-08T21:31:16.873+01:00 INFO : Filtering template 75/384 segment 3/5
2026-09-08T21:31:16.910+01:00 INFO : 1 points above threshold
2026-09-08T21:31:16.916+01:00 INFO : Filtering template 75/384 segment 4/5
2026-09-08T21:31:16.953+01:00 INFO : 2 points above threshold
2026-09-08T21:31:16.959+01:00 INFO : Filtering template 75/384 segment 5/5
2026-09-08T21:31:16.996+01:00 INFO : 75: generating IMRPhenomD from 30.0 Hz
2026-09-08T21:31:16.999+01:00 INFO : Decompressing waveform using inline_linear
2026-09-08T21:31:17.004+01:00 INFO : Filtering template 76/384 segment 1/5
2026-09-08T21:31:17.044+01:00 INFO : 2 points above threshold
2026-09-08T21:31:17.060+01:00 INFO : Filtering template 76/384 segment 2/5
2026-09-08T21:31:17.099+01:00 INFO : Filtering template 76/384 segment 3/5
2026-09-08T21:31:17.138+01:00 INFO : 1 points above threshold
2026-09-08T21:31:17.145+01:00 INFO : Filtering template 76/384 segment 4/5
2026-09-08T21:31:17.182+01:00 INFO : 2 points above threshold
2026-09-08T21:31:17.188+01:00 INFO : Filtering template 76/384 segment 5/5
2026-09-08T21:31:17.225+01:00 INFO : 2 points above threshold
2026-09-08T21:31:17.232+01:00 INFO : 76: generating IMRPhenomD from 30.0 Hz
2026-09-08T21:31:17.234+01:00 INFO : Decompressing waveform using inline_linear
2026-09-08T21:31:17.239+01:00 INFO : Filtering template 77/384 segment 1/5
2026-09-08T21:31:17.279+01:00 INFO : Filtering template 77/384 segment 2/5
2026-09-08T21:31:17.316+01:00 INFO : Filtering template 77/384 segment 3/5
2026-09-08T21:31:17.353+01:00 INFO : Filtering template 77/384 segment 4/5
2026-09-08T21:31:17.390+01:00 INFO : 2 points above threshold
2026-09-08T21:31:17.409+01:00 INFO : Filtering template 77/384 segment 5/5
2026-09-08T21:31:17.446+01:00 INFO : 77: generating IMRPhenomD from 30.0 Hz
2026-09-08T21:31:17.449+01:00 INFO : Decompressing waveform using inline_linear
2026-09-08T21:31:17.454+01:00 INFO : Filtering template 78/384 segment 1/5
2026-09-08T21:31:17.494+01:00 INFO : Filtering template 78/384 segment 2/5
2026-09-08T21:31:17.532+01:00 INFO : 1 points above threshold
2026-09-08T21:31:17.550+01:00 INFO : Filtering template 78/384 segment 3/5
2026-09-08T21:31:17.587+01:00 INFO : 2 points above threshold
2026-09-08T21:31:17.593+01:00 INFO : Filtering template 78/384 segment 4/5
2026-09-08T21:31:17.630+01:00 INFO : Filtering template 78/384 segment 5/5
2026-09-08T21:31:17.667+01:00 INFO : 2 points above threshold
2026-09-08T21:31:17.673+01:00 INFO : 78: generating IMRPhenomD from 30.0 Hz
2026-09-08T21:31:17.675+01:00 INFO : Decompressing waveform using inline_linear
2026-09-08T21:31:17.680+01:00 INFO : Filtering template 79/384 segment 1/5
2026-09-08T21:31:17.720+01:00 INFO : 4 points above threshold
2026-09-08T21:31:17.739+01:00 INFO : Filtering template 79/384 segment 2/5
2026-09-08T21:31:17.776+01:00 INFO : 1 points above threshold
2026-09-08T21:31:17.782+01:00 INFO : Filtering template 79/384 segment 3/5
2026-09-08T21:31:17.819+01:00 INFO : 1 points above threshold
2026-09-08T21:31:17.825+01:00 INFO : Filtering template 79/384 segment 4/5
2026-09-08T21:31:17.862+01:00 INFO : 1 points above threshold
2026-09-08T21:31:17.868+01:00 INFO : Filtering template 79/384 segment 5/5
2026-09-08T21:31:17.905+01:00 INFO : 79: generating IMRPhenomD from 30.0 Hz
2026-09-08T21:31:17.907+01:00 INFO : Decompressing waveform using inline_linear
2026-09-08T21:31:17.912+01:00 INFO : Filtering template 80/384 segment 1/5
2026-09-08T21:31:17.953+01:00 INFO : 1 points above threshold
2026-09-08T21:31:17.971+01:00 INFO : Filtering template 80/384 segment 2/5
2026-09-08T21:31:18.008+01:00 INFO : 1 points above threshold
2026-09-08T21:31:18.014+01:00 INFO : Filtering template 80/384 segment 3/5
2026-09-08T21:31:18.051+01:00 INFO : 1 points above threshold
2026-09-08T21:31:18.057+01:00 INFO : Filtering template 80/384 segment 4/5
2026-09-08T21:31:18.093+01:00 INFO : Filtering template 80/384 segment 5/5
2026-09-08T21:31:18.131+01:00 INFO : 1 points above threshold
2026-09-08T21:31:18.137+01:00 INFO : 80: generating IMRPhenomD from 30.0 Hz
2026-09-08T21:31:18.139+01:00 INFO : Decompressing waveform using inline_linear
2026-09-08T21:31:18.144+01:00 INFO : Filtering template 81/384 segment 1/5
2026-09-08T21:31:18.184+01:00 INFO : Filtering template 81/384 segment 2/5
2026-09-08T21:31:18.221+01:00 INFO : Filtering template 81/384 segment 3/5
2026-09-08T21:31:18.258+01:00 INFO : 1 points above threshold
2026-09-08T21:31:18.277+01:00 INFO : Filtering template 81/384 segment 4/5
2026-09-08T21:31:18.314+01:00 INFO : 1 points above threshold
2026-09-08T21:31:18.320+01:00 INFO : Filtering template 81/384 segment 5/5
2026-09-08T21:31:18.357+01:00 INFO : 81: generating IMRPhenomD from 30.0 Hz
2026-09-08T21:31:18.360+01:00 INFO : Decompressing waveform using inline_linear
2026-09-08T21:31:18.364+01:00 INFO : Filtering template 82/384 segment 1/5
2026-09-08T21:31:18.405+01:00 INFO : 1 points above threshold
2026-09-08T21:31:18.423+01:00 INFO : Filtering template 82/384 segment 2/5
2026-09-08T21:31:18.460+01:00 INFO : Filtering template 82/384 segment 3/5
2026-09-08T21:31:18.497+01:00 INFO : 1 points above threshold
2026-09-08T21:31:18.502+01:00 INFO : Filtering template 82/384 segment 4/5
2026-09-08T21:31:18.540+01:00 INFO : 2 points above threshold
2026-09-08T21:31:18.545+01:00 INFO : Filtering template 82/384 segment 5/5
2026-09-08T21:31:18.583+01:00 INFO : 82: generating IMRPhenomD from 30.0 Hz
2026-09-08T21:31:18.585+01:00 INFO : Decompressing waveform using inline_linear
2026-09-08T21:31:18.590+01:00 INFO : Filtering template 83/384 segment 1/5
2026-09-08T21:31:18.630+01:00 INFO : 2 points above threshold
2026-09-08T21:31:18.649+01:00 INFO : Filtering template 83/384 segment 2/5
2026-09-08T21:31:18.686+01:00 INFO : 1 points above threshold
2026-09-08T21:31:18.692+01:00 INFO : Filtering template 83/384 segment 3/5
2026-09-08T21:31:18.729+01:00 INFO : Filtering template 83/384 segment 4/5
2026-09-08T21:31:18.766+01:00 INFO : 3 points above threshold
2026-09-08T21:31:18.774+01:00 INFO : Filtering template 83/384 segment 5/5
2026-09-08T21:31:18.811+01:00 INFO : 3 points above threshold
2026-09-08T21:31:18.819+01:00 INFO : 83: generating IMRPhenomD from 30.0 Hz
2026-09-08T21:31:18.821+01:00 INFO : Decompressing waveform using inline_linear
2026-09-08T21:31:18.826+01:00 INFO : Filtering template 84/384 segment 1/5
2026-09-08T21:31:18.866+01:00 INFO : 1 points above threshold
2026-09-08T21:31:18.885+01:00 INFO : Filtering template 84/384 segment 2/5
2026-09-08T21:31:18.922+01:00 INFO : Filtering template 84/384 segment 3/5
2026-09-08T21:31:18.959+01:00 INFO : Filtering template 84/384 segment 4/5
2026-09-08T21:31:18.996+01:00 INFO : 2 points above threshold
2026-09-08T21:31:19.001+01:00 INFO : Filtering template 84/384 segment 5/5
2026-09-08T21:31:19.038+01:00 INFO : 1 points above threshold
2026-09-08T21:31:19.045+01:00 INFO : 84: generating IMRPhenomD from 30.0 Hz
2026-09-08T21:31:19.047+01:00 INFO : Decompressing waveform using inline_linear
2026-09-08T21:31:19.052+01:00 INFO : Filtering template 85/384 segment 1/5
2026-09-08T21:31:19.093+01:00 INFO : 1 points above threshold
2026-09-08T21:31:19.112+01:00 INFO : Filtering template 85/384 segment 2/5
2026-09-08T21:31:19.149+01:00 INFO : 2 points above threshold
2026-09-08T21:31:19.154+01:00 INFO : Filtering template 85/384 segment 3/5
2026-09-08T21:31:19.191+01:00 INFO : Filtering template 85/384 segment 4/5
2026-09-08T21:31:19.228+01:00 INFO : 1 points above threshold
2026-09-08T21:31:19.234+01:00 INFO : Filtering template 85/384 segment 5/5
2026-09-08T21:31:19.271+01:00 INFO : 2 points above threshold
2026-09-08T21:31:19.277+01:00 INFO : 85: generating IMRPhenomD from 30.0 Hz
2026-09-08T21:31:19.280+01:00 INFO : Decompressing waveform using inline_linear
2026-09-08T21:31:19.285+01:00 INFO : Filtering template 86/384 segment 1/5
2026-09-08T21:31:19.325+01:00 INFO : 3 points above threshold
2026-09-08T21:31:19.345+01:00 INFO : Filtering template 86/384 segment 2/5
2026-09-08T21:31:19.382+01:00 INFO : 2 points above threshold
2026-09-08T21:31:19.388+01:00 INFO : Filtering template 86/384 segment 3/5
2026-09-08T21:31:19.425+01:00 INFO : Filtering template 86/384 segment 4/5
2026-09-08T21:31:19.462+01:00 INFO : Filtering template 86/384 segment 5/5
2026-09-08T21:31:19.499+01:00 INFO : 86: generating IMRPhenomD from 30.0 Hz
2026-09-08T21:31:19.501+01:00 INFO : Decompressing waveform using inline_linear
2026-09-08T21:31:19.506+01:00 INFO : Filtering template 87/384 segment 1/5
2026-09-08T21:31:19.546+01:00 INFO : 3 points above threshold
2026-09-08T21:31:19.567+01:00 INFO : Filtering template 87/384 segment 2/5
2026-09-08T21:31:19.604+01:00 INFO : 2 points above threshold
2026-09-08T21:31:19.610+01:00 INFO : Filtering template 87/384 segment 3/5
2026-09-08T21:31:19.647+01:00 INFO : 2 points above threshold
2026-09-08T21:31:19.653+01:00 INFO : Filtering template 87/384 segment 4/5
2026-09-08T21:31:19.690+01:00 INFO : 4 points above threshold
2026-09-08T21:31:19.695+01:00 INFO : Filtering template 87/384 segment 5/5
2026-09-08T21:31:19.732+01:00 INFO : 1 points above threshold
2026-09-08T21:31:19.739+01:00 INFO : 87: generating IMRPhenomD from 30.0 Hz
2026-09-08T21:31:19.741+01:00 INFO : Decompressing waveform using inline_linear
2026-09-08T21:31:19.746+01:00 INFO : Filtering template 88/384 segment 1/5
2026-09-08T21:31:19.786+01:00 INFO : 1 points above threshold
2026-09-08T21:31:19.801+01:00 INFO : Filtering template 88/384 segment 2/5
2026-09-08T21:31:19.838+01:00 INFO : 2 points above threshold
2026-09-08T21:31:19.844+01:00 INFO : Filtering template 88/384 segment 3/5
2026-09-08T21:31:19.881+01:00 INFO : Filtering template 88/384 segment 4/5
2026-09-08T21:31:19.918+01:00 INFO : Filtering template 88/384 segment 5/5
2026-09-08T21:31:19.956+01:00 INFO : 88: generating IMRPhenomD from 30.0 Hz
2026-09-08T21:31:19.958+01:00 INFO : Decompressing waveform using inline_linear
2026-09-08T21:31:19.963+01:00 INFO : Filtering template 89/384 segment 1/5
2026-09-08T21:31:20.004+01:00 INFO : 5 points above threshold
2026-09-08T21:31:20.021+01:00 INFO : Filtering template 89/384 segment 2/5
2026-09-08T21:31:20.058+01:00 INFO : 1 points above threshold
2026-09-08T21:31:20.064+01:00 INFO : Filtering template 89/384 segment 3/5
2026-09-08T21:31:20.101+01:00 INFO : 1 points above threshold
2026-09-08T21:31:20.107+01:00 INFO : Filtering template 89/384 segment 4/5
2026-09-08T21:31:20.144+01:00 INFO : 2 points above threshold
2026-09-08T21:31:20.149+01:00 INFO : Filtering template 89/384 segment 5/5
2026-09-08T21:31:20.187+01:00 INFO : 89: generating IMRPhenomD from 30.0 Hz
2026-09-08T21:31:20.189+01:00 INFO : Decompressing waveform using inline_linear
2026-09-08T21:31:20.194+01:00 INFO : Filtering template 90/384 segment 1/5
2026-09-08T21:31:20.235+01:00 INFO : Filtering template 90/384 segment 2/5
2026-09-08T21:31:20.272+01:00 INFO : 1 points above threshold
2026-09-08T21:31:20.287+01:00 INFO : Filtering template 90/384 segment 3/5
2026-09-08T21:31:20.324+01:00 INFO : Filtering template 90/384 segment 4/5
2026-09-08T21:31:20.361+01:00 INFO : 1 points above threshold
2026-09-08T21:31:20.367+01:00 INFO : Filtering template 90/384 segment 5/5
2026-09-08T21:31:20.404+01:00 INFO : 90: generating IMRPhenomD from 30.0 Hz
2026-09-08T21:31:20.407+01:00 INFO : Decompressing waveform using inline_linear
2026-09-08T21:31:20.412+01:00 INFO : Filtering template 91/384 segment 1/5
2026-09-08T21:31:20.452+01:00 INFO : Filtering template 91/384 segment 2/5
2026-09-08T21:31:20.489+01:00 INFO : 1 points above threshold
2026-09-08T21:31:20.504+01:00 INFO : Filtering template 91/384 segment 3/5
2026-09-08T21:31:20.541+01:00 INFO : 2 points above threshold
2026-09-08T21:31:20.547+01:00 INFO : Filtering template 91/384 segment 4/5
2026-09-08T21:31:20.584+01:00 INFO : 2 points above threshold
2026-09-08T21:31:20.590+01:00 INFO : Filtering template 91/384 segment 5/5
2026-09-08T21:31:20.627+01:00 INFO : 91: generating IMRPhenomD from 30.0 Hz
2026-09-08T21:31:20.630+01:00 INFO : Decompressing waveform using inline_linear
2026-09-08T21:31:20.635+01:00 INFO : Filtering template 92/384 segment 1/5
2026-09-08T21:31:20.675+01:00 INFO : Filtering template 92/384 segment 2/5
2026-09-08T21:31:20.712+01:00 INFO : Filtering template 92/384 segment 3/5
2026-09-08T21:31:20.749+01:00 INFO : Filtering template 92/384 segment 4/5
2026-09-08T21:31:20.786+01:00 INFO : Filtering template 92/384 segment 5/5
2026-09-08T21:31:20.823+01:00 INFO : 92: generating IMRPhenomD from 30.0 Hz
2026-09-08T21:31:20.826+01:00 INFO : Decompressing waveform using inline_linear
2026-09-08T21:31:20.831+01:00 INFO : Filtering template 93/384 segment 1/5
2026-09-08T21:31:20.871+01:00 INFO : 2 points above threshold
2026-09-08T21:31:20.886+01:00 INFO : Filtering template 93/384 segment 2/5
2026-09-08T21:31:20.923+01:00 INFO : 2 points above threshold
2026-09-08T21:31:20.929+01:00 INFO : Filtering template 93/384 segment 3/5
2026-09-08T21:31:20.966+01:00 INFO : Filtering template 93/384 segment 4/5
2026-09-08T21:31:21.003+01:00 INFO : Filtering template 93/384 segment 5/5
2026-09-08T21:31:21.040+01:00 INFO : 1 points above threshold
2026-09-08T21:31:21.046+01:00 INFO : 93: generating IMRPhenomD from 30.0 Hz
2026-09-08T21:31:21.049+01:00 INFO : Decompressing waveform using inline_linear
2026-09-08T21:31:21.054+01:00 INFO : Filtering template 94/384 segment 1/5
2026-09-08T21:31:21.094+01:00 INFO : 2 points above threshold
2026-09-08T21:31:21.109+01:00 INFO : Filtering template 94/384 segment 2/5
2026-09-08T21:31:21.146+01:00 INFO : 3 points above threshold
2026-09-08T21:31:21.154+01:00 INFO : Filtering template 94/384 segment 3/5
2026-09-08T21:31:21.191+01:00 INFO : 1 points above threshold
2026-09-08T21:31:21.197+01:00 INFO : Filtering template 94/384 segment 4/5
2026-09-08T21:31:21.234+01:00 INFO : 1 points above threshold
2026-09-08T21:31:21.240+01:00 INFO : Filtering template 94/384 segment 5/5
2026-09-08T21:31:21.277+01:00 INFO : 1 points above threshold
2026-09-08T21:31:21.283+01:00 INFO : 94: generating IMRPhenomD from 30.0 Hz
2026-09-08T21:31:21.285+01:00 INFO : Decompressing waveform using inline_linear
2026-09-08T21:31:21.290+01:00 INFO : Filtering template 95/384 segment 1/5
2026-09-08T21:31:21.331+01:00 INFO : 4 points above threshold
2026-09-08T21:31:21.346+01:00 INFO : Filtering template 95/384 segment 2/5
2026-09-08T21:31:21.383+01:00 INFO : 1 points above threshold
2026-09-08T21:31:21.389+01:00 INFO : Filtering template 95/384 segment 3/5
2026-09-08T21:31:21.426+01:00 INFO : Filtering template 95/384 segment 4/5
2026-09-08T21:31:21.463+01:00 INFO : Filtering template 95/384 segment 5/5
2026-09-08T21:31:21.500+01:00 INFO : 1 points above threshold
2026-09-08T21:31:21.506+01:00 INFO : 95: generating IMRPhenomD from 30.0 Hz
2026-09-08T21:31:21.509+01:00 INFO : Decompressing waveform using inline_linear
2026-09-08T21:31:21.514+01:00 INFO : Filtering template 96/384 segment 1/5
2026-09-08T21:31:21.554+01:00 INFO : Filtering template 96/384 segment 2/5
2026-09-08T21:31:21.591+01:00 INFO : Filtering template 96/384 segment 3/5
2026-09-08T21:31:21.628+01:00 INFO : Filtering template 96/384 segment 4/5
2026-09-08T21:31:21.665+01:00 INFO : Filtering template 96/384 segment 5/5
2026-09-08T21:31:21.702+01:00 INFO : 96: generating IMRPhenomD from 30.0 Hz
2026-09-08T21:31:21.704+01:00 INFO : Decompressing waveform using inline_linear
2026-09-08T21:31:21.709+01:00 INFO : Filtering template 97/384 segment 1/5
2026-09-08T21:31:21.750+01:00 INFO : 2 points above threshold
2026-09-08T21:31:21.765+01:00 INFO : Filtering template 97/384 segment 2/5
2026-09-08T21:31:21.802+01:00 INFO : Filtering template 97/384 segment 3/5
2026-09-08T21:31:21.839+01:00 INFO : Filtering template 97/384 segment 4/5
2026-09-08T21:31:21.876+01:00 INFO : 1 points above threshold
2026-09-08T21:31:21.882+01:00 INFO : Filtering template 97/384 segment 5/5
2026-09-08T21:31:21.920+01:00 INFO : 97: generating IMRPhenomD from 30.0 Hz
2026-09-08T21:31:21.923+01:00 INFO : Decompressing waveform using inline_linear
2026-09-08T21:31:21.928+01:00 INFO : Filtering template 98/384 segment 1/5
2026-09-08T21:31:21.968+01:00 INFO : 1 points above threshold
2026-09-08T21:31:21.983+01:00 INFO : Filtering template 98/384 segment 2/5
2026-09-08T21:31:22.020+01:00 INFO : 1 points above threshold
2026-09-08T21:31:22.027+01:00 INFO : Filtering template 98/384 segment 3/5
2026-09-08T21:31:22.064+01:00 INFO : 4 points above threshold
2026-09-08T21:31:22.070+01:00 INFO : Filtering template 98/384 segment 4/5
2026-09-08T21:31:22.107+01:00 INFO : 1 points above threshold
2026-09-08T21:31:22.113+01:00 INFO : Filtering template 98/384 segment 5/5
2026-09-08T21:31:22.153+01:00 INFO : 98: generating IMRPhenomD from 30.0 Hz
2026-09-08T21:31:22.156+01:00 INFO : Decompressing waveform using inline_linear
2026-09-08T21:31:22.161+01:00 INFO : Filtering template 99/384 segment 1/5
2026-09-08T21:31:22.210+01:00 INFO : 2 points above threshold
2026-09-08T21:31:22.227+01:00 INFO : Filtering template 99/384 segment 2/5
2026-09-08T21:31:22.266+01:00 INFO : 2 points above threshold
2026-09-08T21:31:22.271+01:00 INFO : Filtering template 99/384 segment 3/5
2026-09-08T21:31:22.308+01:00 INFO : 2 points above threshold
2026-09-08T21:31:22.314+01:00 INFO : Filtering template 99/384 segment 4/5
2026-09-08T21:31:22.351+01:00 INFO : 2 points above threshold
2026-09-08T21:31:22.357+01:00 INFO : Filtering template 99/384 segment 5/5
2026-09-08T21:31:22.394+01:00 INFO : 1 points above threshold
2026-09-08T21:31:22.400+01:00 INFO : 99: generating IMRPhenomD from 30.0 Hz
2026-09-08T21:31:22.403+01:00 INFO : Decompressing waveform using inline_linear
2026-09-08T21:31:22.408+01:00 INFO : Filtering template 100/384 segment 1/5
2026-09-08T21:31:22.448+01:00 INFO : 1 points above threshold
2026-09-08T21:31:22.463+01:00 INFO : Filtering template 100/384 segment 2/5
2026-09-08T21:31:22.500+01:00 INFO : 2 points above threshold
2026-09-08T21:31:22.506+01:00 INFO : Filtering template 100/384 segment 3/5
2026-09-08T21:31:22.543+01:00 INFO : Filtering template 100/384 segment 4/5
2026-09-08T21:31:22.580+01:00 INFO : Filtering template 100/384 segment 5/5
2026-09-08T21:31:22.618+01:00 INFO : 100: generating IMRPhenomD from 30.0 Hz
2026-09-08T21:31:22.620+01:00 INFO : Decompressing waveform using inline_linear
2026-09-08T21:31:22.625+01:00 INFO : Filtering template 101/384 segment 1/5
2026-09-08T21:31:22.665+01:00 INFO : Filtering template 101/384 segment 2/5
2026-09-08T21:31:22.703+01:00 INFO : 1 points above threshold
2026-09-08T21:31:22.718+01:00 INFO : Filtering template 101/384 segment 3/5
2026-09-08T21:31:22.755+01:00 INFO : Filtering template 101/384 segment 4/5
2026-09-08T21:31:22.792+01:00 INFO : 1 points above threshold
2026-09-08T21:31:22.798+01:00 INFO : Filtering template 101/384 segment 5/5
2026-09-08T21:31:22.836+01:00 INFO : 101: generating IMRPhenomD from 30.0 Hz
2026-09-08T21:31:22.838+01:00 INFO : Decompressing waveform using inline_linear
2026-09-08T21:31:22.843+01:00 INFO : Filtering template 102/384 segment 1/5
2026-09-08T21:31:22.884+01:00 INFO : 2 points above threshold
2026-09-08T21:31:22.900+01:00 INFO : Filtering template 102/384 segment 2/5
2026-09-08T21:31:22.937+01:00 INFO : 1 points above threshold
2026-09-08T21:31:22.943+01:00 INFO : Filtering template 102/384 segment 3/5
2026-09-08T21:31:22.980+01:00 INFO : Filtering template 102/384 segment 4/5
2026-09-08T21:31:23.017+01:00 INFO : 2 points above threshold
2026-09-08T21:31:23.023+01:00 INFO : Filtering template 102/384 segment 5/5
2026-09-08T21:31:23.060+01:00 INFO : 1 points above threshold
2026-09-08T21:31:23.066+01:00 INFO : 102: generating IMRPhenomD from 30.0 Hz
2026-09-08T21:31:23.068+01:00 INFO : Decompressing waveform using inline_linear
2026-09-08T21:31:23.073+01:00 INFO : Filtering template 103/384 segment 1/5
2026-09-08T21:31:23.114+01:00 INFO : Filtering template 103/384 segment 2/5
2026-09-08T21:31:23.151+01:00 INFO : 1 points above threshold
2026-09-08T21:31:23.169+01:00 INFO : Filtering template 103/384 segment 3/5
2026-09-08T21:31:23.206+01:00 INFO : 2 points above threshold
2026-09-08T21:31:23.212+01:00 INFO : Filtering template 103/384 segment 4/5
2026-09-08T21:31:23.249+01:00 INFO : Filtering template 103/384 segment 5/5
2026-09-08T21:31:23.287+01:00 INFO : 103: generating IMRPhenomD from 30.0 Hz
2026-09-08T21:31:23.289+01:00 INFO : Decompressing waveform using inline_linear
2026-09-08T21:31:23.294+01:00 INFO : Filtering template 104/384 segment 1/5
2026-09-08T21:31:23.335+01:00 INFO : 1 points above threshold
2026-09-08T21:31:23.353+01:00 INFO : Filtering template 104/384 segment 2/5
2026-09-08T21:31:23.390+01:00 INFO : Filtering template 104/384 segment 3/5
2026-09-08T21:31:23.427+01:00 INFO : 2 points above threshold
2026-09-08T21:31:23.433+01:00 INFO : Filtering template 104/384 segment 4/5
2026-09-08T21:31:23.470+01:00 INFO : 1 points above threshold
2026-09-08T21:31:23.476+01:00 INFO : Filtering template 104/384 segment 5/5
2026-09-08T21:31:23.513+01:00 INFO : 104: generating IMRPhenomD from 30.0 Hz
2026-09-08T21:31:23.516+01:00 INFO : Decompressing waveform using inline_linear
2026-09-08T21:31:23.521+01:00 INFO : Filtering template 105/384 segment 1/5
2026-09-08T21:31:23.561+01:00 INFO : Filtering template 105/384 segment 2/5
2026-09-08T21:31:23.598+01:00 INFO : 2 points above threshold
2026-09-08T21:31:23.616+01:00 INFO : Filtering template 105/384 segment 3/5
2026-09-08T21:31:23.653+01:00 INFO : 1 points above threshold
2026-09-08T21:31:23.659+01:00 INFO : Filtering template 105/384 segment 4/5
2026-09-08T21:31:23.696+01:00 INFO : 7 points above threshold
2026-09-08T21:31:23.707+01:00 INFO : Filtering template 105/384 segment 5/5
2026-09-08T21:31:23.745+01:00 INFO : 105: generating IMRPhenomD from 30.0 Hz
2026-09-08T21:31:23.747+01:00 INFO : Decompressing waveform using inline_linear
2026-09-08T21:31:23.752+01:00 INFO : Filtering template 106/384 segment 1/5
2026-09-08T21:31:23.793+01:00 INFO : 2 points above threshold
2026-09-08T21:31:23.811+01:00 INFO : Filtering template 106/384 segment 2/5
2026-09-08T21:31:23.848+01:00 INFO : Filtering template 106/384 segment 3/5
2026-09-08T21:31:23.885+01:00 INFO : 1 points above threshold
2026-09-08T21:31:23.891+01:00 INFO : Filtering template 106/384 segment 4/5
2026-09-08T21:31:23.928+01:00 INFO : 1 points above threshold
2026-09-08T21:31:23.934+01:00 INFO : Filtering template 106/384 segment 5/5
2026-09-08T21:31:23.971+01:00 INFO : 1 points above threshold
2026-09-08T21:31:23.977+01:00 INFO : 106: generating IMRPhenomD from 30.0 Hz
2026-09-08T21:31:23.980+01:00 INFO : Decompressing waveform using inline_linear
2026-09-08T21:31:23.985+01:00 INFO : Filtering template 107/384 segment 1/5
2026-09-08T21:31:24.025+01:00 INFO : 2 points above threshold
2026-09-08T21:31:24.040+01:00 INFO : Filtering template 107/384 segment 2/5
2026-09-08T21:31:24.077+01:00 INFO : 1 points above threshold
2026-09-08T21:31:24.083+01:00 INFO : Filtering template 107/384 segment 3/5
2026-09-08T21:31:24.120+01:00 INFO : Filtering template 107/384 segment 4/5
2026-09-08T21:31:24.157+01:00 INFO : Filtering template 107/384 segment 5/5
2026-09-08T21:31:24.195+01:00 INFO : 107: generating IMRPhenomD from 30.0 Hz
2026-09-08T21:31:24.197+01:00 INFO : Decompressing waveform using inline_linear
2026-09-08T21:31:24.202+01:00 INFO : Filtering template 108/384 segment 1/5
2026-09-08T21:31:24.243+01:00 INFO : 1 points above threshold
2026-09-08T21:31:24.258+01:00 INFO : Filtering template 108/384 segment 2/5
2026-09-08T21:31:24.295+01:00 INFO : 1 points above threshold
2026-09-08T21:31:24.301+01:00 INFO : Filtering template 108/384 segment 3/5
2026-09-08T21:31:24.338+01:00 INFO : Filtering template 108/384 segment 4/5
2026-09-08T21:31:24.375+01:00 INFO : 4 points above threshold
2026-09-08T21:31:24.381+01:00 INFO : Filtering template 108/384 segment 5/5
2026-09-08T21:31:24.418+01:00 INFO : 108: generating IMRPhenomD from 30.0 Hz
2026-09-08T21:31:24.421+01:00 INFO : Decompressing waveform using inline_linear
2026-09-08T21:31:24.426+01:00 INFO : Filtering template 109/384 segment 1/5
2026-09-08T21:31:24.466+01:00 INFO : 2 points above threshold
2026-09-08T21:31:24.481+01:00 INFO : Filtering template 109/384 segment 2/5
2026-09-08T21:31:24.518+01:00 INFO : Filtering template 109/384 segment 3/5
2026-09-08T21:31:24.556+01:00 INFO : Filtering template 109/384 segment 4/5
2026-09-08T21:31:24.593+01:00 INFO : Filtering template 109/384 segment 5/5
2026-09-08T21:31:24.630+01:00 INFO : 3 points above threshold
2026-09-08T21:31:24.638+01:00 INFO : 109: generating IMRPhenomD from 30.0 Hz
2026-09-08T21:31:24.640+01:00 INFO : Decompressing waveform using inline_linear
2026-09-08T21:31:24.645+01:00 INFO : Filtering template 110/384 segment 1/5
2026-09-08T21:31:24.685+01:00 INFO : 1 points above threshold
2026-09-08T21:31:24.701+01:00 INFO : Filtering template 110/384 segment 2/5
2026-09-08T21:31:24.738+01:00 INFO : Filtering template 110/384 segment 3/5
2026-09-08T21:31:24.775+01:00 INFO : 1 points above threshold
2026-09-08T21:31:24.781+01:00 INFO : Filtering template 110/384 segment 4/5
2026-09-08T21:31:24.818+01:00 INFO : 2 points above threshold
2026-09-08T21:31:24.824+01:00 INFO : Filtering template 110/384 segment 5/5
2026-09-08T21:31:24.861+01:00 INFO : 110: generating IMRPhenomD from 30.0 Hz
2026-09-08T21:31:24.864+01:00 INFO : Decompressing waveform using inline_linear
2026-09-08T21:31:24.869+01:00 INFO : Filtering template 111/384 segment 1/5
2026-09-08T21:31:24.909+01:00 INFO : Filtering template 111/384 segment 2/5
2026-09-08T21:31:24.946+01:00 INFO : 1 points above threshold
2026-09-08T21:31:24.961+01:00 INFO : Filtering template 111/384 segment 3/5
2026-09-08T21:31:24.999+01:00 INFO : 1 points above threshold
2026-09-08T21:31:25.005+01:00 INFO : Filtering template 111/384 segment 4/5
2026-09-08T21:31:25.042+01:00 INFO : Filtering template 111/384 segment 5/5
2026-09-08T21:31:25.079+01:00 INFO : 111: generating IMRPhenomD from 30.0 Hz
2026-09-08T21:31:25.082+01:00 INFO : Decompressing waveform using inline_linear
2026-09-08T21:31:25.087+01:00 INFO : Filtering template 112/384 segment 1/5
2026-09-08T21:31:25.127+01:00 INFO : 4 points above threshold
2026-09-08T21:31:25.142+01:00 INFO : Filtering template 112/384 segment 2/5
2026-09-08T21:31:25.179+01:00 INFO : Filtering template 112/384 segment 3/5
2026-09-08T21:31:25.216+01:00 INFO : 1 points above threshold
2026-09-08T21:31:25.222+01:00 INFO : Filtering template 112/384 segment 4/5
2026-09-08T21:31:25.259+01:00 INFO : 2 points above threshold
2026-09-08T21:31:25.265+01:00 INFO : Filtering template 112/384 segment 5/5
2026-09-08T21:31:25.302+01:00 INFO : 2 points above threshold
2026-09-08T21:31:25.309+01:00 INFO : 112: generating IMRPhenomD from 30.0 Hz
2026-09-08T21:31:25.311+01:00 INFO : Decompressing waveform using inline_linear
2026-09-08T21:31:25.316+01:00 INFO : Filtering template 113/384 segment 1/5
2026-09-08T21:31:25.356+01:00 INFO : 2 points above threshold
2026-09-08T21:31:25.372+01:00 INFO : Filtering template 113/384 segment 2/5
2026-09-08T21:31:25.409+01:00 INFO : 3 points above threshold
2026-09-08T21:31:25.417+01:00 INFO : Filtering template 113/384 segment 3/5
2026-09-08T21:31:25.454+01:00 INFO : Filtering template 113/384 segment 4/5
2026-09-08T21:31:25.491+01:00 INFO : Filtering template 113/384 segment 5/5
2026-09-08T21:31:25.529+01:00 INFO : 113: generating IMRPhenomD from 30.0 Hz
2026-09-08T21:31:25.531+01:00 INFO : Decompressing waveform using inline_linear
2026-09-08T21:31:25.536+01:00 INFO : Filtering template 114/384 segment 1/5
2026-09-08T21:31:25.577+01:00 INFO : 1 points above threshold
2026-09-08T21:31:25.592+01:00 INFO : Filtering template 114/384 segment 2/5
2026-09-08T21:31:25.629+01:00 INFO : Filtering template 114/384 segment 3/5
2026-09-08T21:31:25.666+01:00 INFO : 1 points above threshold
2026-09-08T21:31:25.672+01:00 INFO : Filtering template 114/384 segment 4/5
2026-09-08T21:31:25.709+01:00 INFO : 1 points above threshold
2026-09-08T21:31:25.715+01:00 INFO : Filtering template 114/384 segment 5/5
2026-09-08T21:31:25.752+01:00 INFO : 1 points above threshold
2026-09-08T21:31:25.758+01:00 INFO : 114: generating IMRPhenomD from 30.0 Hz
2026-09-08T21:31:25.760+01:00 INFO : Decompressing waveform using inline_linear
2026-09-08T21:31:25.765+01:00 INFO : Filtering template 115/384 segment 1/5
2026-09-08T21:31:25.806+01:00 INFO : 4 points above threshold
2026-09-08T21:31:25.821+01:00 INFO : Filtering template 115/384 segment 2/5
2026-09-08T21:31:25.858+01:00 INFO : 1 points above threshold
2026-09-08T21:31:25.864+01:00 INFO : Filtering template 115/384 segment 3/5
2026-09-08T21:31:25.902+01:00 INFO : Filtering template 115/384 segment 4/5
2026-09-08T21:31:25.939+01:00 INFO : 2 points above threshold
2026-09-08T21:31:25.945+01:00 INFO : Filtering template 115/384 segment 5/5
2026-09-08T21:31:25.982+01:00 INFO : 115: generating IMRPhenomD from 30.0 Hz
2026-09-08T21:31:25.984+01:00 INFO : Decompressing waveform using inline_linear
2026-09-08T21:31:25.989+01:00 INFO : Filtering template 116/384 segment 1/5
2026-09-08T21:31:26.030+01:00 INFO : Filtering template 116/384 segment 2/5
2026-09-08T21:31:26.067+01:00 INFO : 2 points above threshold
2026-09-08T21:31:26.083+01:00 INFO : Filtering template 116/384 segment 3/5
2026-09-08T21:31:26.120+01:00 INFO : 1 points above threshold
2026-09-08T21:31:26.126+01:00 INFO : Filtering template 116/384 segment 4/5
2026-09-08T21:31:26.163+01:00 INFO : 2 points above threshold
2026-09-08T21:31:26.169+01:00 INFO : Filtering template 116/384 segment 5/5
2026-09-08T21:31:26.206+01:00 INFO : 1 points above threshold
2026-09-08T21:31:26.212+01:00 INFO : 116: generating IMRPhenomD from 30.0 Hz
2026-09-08T21:31:26.214+01:00 INFO : Decompressing waveform using inline_linear
2026-09-08T21:31:26.219+01:00 INFO : Filtering template 117/384 segment 1/5
2026-09-08T21:31:26.260+01:00 INFO : Filtering template 117/384 segment 2/5
2026-09-08T21:31:26.297+01:00 INFO : Filtering template 117/384 segment 3/5
2026-09-08T21:31:26.334+01:00 INFO : 3 points above threshold
2026-09-08T21:31:26.351+01:00 INFO : Filtering template 117/384 segment 4/5
2026-09-08T21:31:26.388+01:00 INFO : 2 points above threshold
2026-09-08T21:31:26.394+01:00 INFO : Filtering template 117/384 segment 5/5
2026-09-08T21:31:26.431+01:00 INFO : 1 points above threshold
2026-09-08T21:31:26.438+01:00 INFO : 117: generating IMRPhenomD from 30.0 Hz
2026-09-08T21:31:26.440+01:00 INFO : Decompressing waveform using inline_linear
2026-09-08T21:31:26.445+01:00 INFO : Filtering template 118/384 segment 1/5
2026-09-08T21:31:26.485+01:00 INFO : 1 points above threshold
2026-09-08T21:31:26.501+01:00 INFO : Filtering template 118/384 segment 2/5
2026-09-08T21:31:26.538+01:00 INFO : Filtering template 118/384 segment 3/5
2026-09-08T21:31:26.575+01:00 INFO : 3 points above threshold
2026-09-08T21:31:26.583+01:00 INFO : Filtering template 118/384 segment 4/5
2026-09-08T21:31:26.620+01:00 INFO : 2 points above threshold
2026-09-08T21:31:26.626+01:00 INFO : Filtering template 118/384 segment 5/5
2026-09-08T21:31:26.662+01:00 INFO : 3 points above threshold
2026-09-08T21:31:26.671+01:00 INFO : 118: generating IMRPhenomD from 30.0 Hz
2026-09-08T21:31:26.673+01:00 INFO : Decompressing waveform using inline_linear
2026-09-08T21:31:26.678+01:00 INFO : Filtering template 119/384 segment 1/5
2026-09-08T21:31:26.719+01:00 INFO : 1 points above threshold
2026-09-08T21:31:26.734+01:00 INFO : Filtering template 119/384 segment 2/5
2026-09-08T21:31:26.771+01:00 INFO : Filtering template 119/384 segment 3/5
2026-09-08T21:31:26.808+01:00 INFO : Filtering template 119/384 segment 4/5
2026-09-08T21:31:26.845+01:00 INFO : 3 points above threshold
2026-09-08T21:31:26.853+01:00 INFO : Filtering template 119/384 segment 5/5
2026-09-08T21:31:26.890+01:00 INFO : 1 points above threshold
2026-09-08T21:31:26.896+01:00 INFO : 119: generating IMRPhenomD from 30.0 Hz
2026-09-08T21:31:26.898+01:00 INFO : Decompressing waveform using inline_linear
2026-09-08T21:31:26.903+01:00 INFO : Filtering template 120/384 segment 1/5
2026-09-08T21:31:26.944+01:00 INFO : Filtering template 120/384 segment 2/5
2026-09-08T21:31:26.981+01:00 INFO : 1 points above threshold
2026-09-08T21:31:26.996+01:00 INFO : Filtering template 120/384 segment 3/5
2026-09-08T21:31:27.033+01:00 INFO : 1 points above threshold
2026-09-08T21:31:27.039+01:00 INFO : Filtering template 120/384 segment 4/5
2026-09-08T21:31:27.076+01:00 INFO : Filtering template 120/384 segment 5/5
2026-09-08T21:31:27.114+01:00 INFO : 120: generating IMRPhenomD from 30.0 Hz
2026-09-08T21:31:27.116+01:00 INFO : Decompressing waveform using inline_linear
2026-09-08T21:31:27.121+01:00 INFO : Filtering template 121/384 segment 1/5
2026-09-08T21:31:27.161+01:00 INFO : 4 points above threshold
2026-09-08T21:31:27.178+01:00 INFO : Filtering template 121/384 segment 2/5
2026-09-08T21:31:27.215+01:00 INFO : 2 points above threshold
2026-09-08T21:31:27.221+01:00 INFO : Filtering template 121/384 segment 3/5
2026-09-08T21:31:27.259+01:00 INFO : Filtering template 121/384 segment 4/5
2026-09-08T21:31:27.300+01:00 INFO : Filtering template 121/384 segment 5/5
2026-09-08T21:31:27.341+01:00 INFO : 121: generating IMRPhenomD from 30.0 Hz
2026-09-08T21:31:27.344+01:00 INFO : Decompressing waveform using inline_linear
2026-09-08T21:31:27.349+01:00 INFO : Filtering template 122/384 segment 1/5
2026-09-08T21:31:27.390+01:00 INFO : 1 points above threshold
2026-09-08T21:31:27.405+01:00 INFO : Filtering template 122/384 segment 2/5
2026-09-08T21:31:27.442+01:00 INFO : 1 points above threshold
2026-09-08T21:31:27.448+01:00 INFO : Filtering template 122/384 segment 3/5
2026-09-08T21:31:27.485+01:00 INFO : Filtering template 122/384 segment 4/5
2026-09-08T21:31:27.522+01:00 INFO : 1 points above threshold
2026-09-08T21:31:27.528+01:00 INFO : Filtering template 122/384 segment 5/5
2026-09-08T21:31:27.565+01:00 INFO : 1 points above threshold
2026-09-08T21:31:27.571+01:00 INFO : 122: generating IMRPhenomD from 30.0 Hz
2026-09-08T21:31:27.574+01:00 INFO : Decompressing waveform using inline_linear
2026-09-08T21:31:27.579+01:00 INFO : Filtering template 123/384 segment 1/5
2026-09-08T21:31:27.619+01:00 INFO : 5 points above threshold
2026-09-08T21:31:27.636+01:00 INFO : Filtering template 123/384 segment 2/5
2026-09-08T21:31:27.673+01:00 INFO : 4 points above threshold
2026-09-08T21:31:27.679+01:00 INFO : Filtering template 123/384 segment 3/5
2026-09-08T21:31:27.716+01:00 INFO : 2 points above threshold
2026-09-08T21:31:27.722+01:00 INFO : Filtering template 123/384 segment 4/5
2026-09-08T21:31:27.759+01:00 INFO : Filtering template 123/384 segment 5/5
2026-09-08T21:31:27.796+01:00 INFO : 1 points above threshold
2026-09-08T21:31:27.802+01:00 INFO : 123: generating IMRPhenomD from 30.0 Hz
2026-09-08T21:31:27.805+01:00 INFO : Decompressing waveform using inline_linear
2026-09-08T21:31:27.809+01:00 INFO : Filtering template 124/384 segment 1/5
2026-09-08T21:31:27.850+01:00 INFO : 4 points above threshold
2026-09-08T21:31:27.865+01:00 INFO : Filtering template 124/384 segment 2/5
2026-09-08T21:31:27.902+01:00 INFO : 2 points above threshold
2026-09-08T21:31:27.908+01:00 INFO : Filtering template 124/384 segment 3/5
2026-09-08T21:31:27.945+01:00 INFO : 1 points above threshold
2026-09-08T21:31:27.951+01:00 INFO : Filtering template 124/384 segment 4/5
2026-09-08T21:31:27.988+01:00 INFO : 1 points above threshold
2026-09-08T21:31:27.994+01:00 INFO : Filtering template 124/384 segment 5/5
2026-09-08T21:31:28.030+01:00 INFO : 2 points above threshold
2026-09-08T21:31:28.037+01:00 INFO : 124: generating IMRPhenomD from 30.0 Hz
2026-09-08T21:31:28.039+01:00 INFO : Decompressing waveform using inline_linear
2026-09-08T21:31:28.044+01:00 INFO : Filtering template 125/384 segment 1/5
2026-09-08T21:31:28.084+01:00 INFO : 3 points above threshold
2026-09-08T21:31:28.101+01:00 INFO : Filtering template 125/384 segment 2/5
2026-09-08T21:31:28.138+01:00 INFO : Filtering template 125/384 segment 3/5
2026-09-08T21:31:28.175+01:00 INFO : 1 points above threshold
2026-09-08T21:31:28.181+01:00 INFO : Filtering template 125/384 segment 4/5
2026-09-08T21:31:28.218+01:00 INFO : 2 points above threshold
2026-09-08T21:31:28.224+01:00 INFO : Filtering template 125/384 segment 5/5
2026-09-08T21:31:28.261+01:00 INFO : 125: generating IMRPhenomD from 30.0 Hz
2026-09-08T21:31:28.264+01:00 INFO : Decompressing waveform using inline_linear
2026-09-08T21:31:28.269+01:00 INFO : Filtering template 126/384 segment 1/5
2026-09-08T21:31:28.309+01:00 INFO : 1 points above threshold
2026-09-08T21:31:28.324+01:00 INFO : Filtering template 126/384 segment 2/5
2026-09-08T21:31:28.361+01:00 INFO : Filtering template 126/384 segment 3/5
2026-09-08T21:31:28.398+01:00 INFO : 2 points above threshold
2026-09-08T21:31:28.404+01:00 INFO : Filtering template 126/384 segment 4/5
2026-09-08T21:31:28.441+01:00 INFO : Filtering template 126/384 segment 5/5
2026-09-08T21:31:28.478+01:00 INFO : 126: generating IMRPhenomD from 30.0 Hz
2026-09-08T21:31:28.481+01:00 INFO : Decompressing waveform using inline_linear
2026-09-08T21:31:28.486+01:00 INFO : Filtering template 127/384 segment 1/5
2026-09-08T21:31:28.526+01:00 INFO : 1 points above threshold
2026-09-08T21:31:28.542+01:00 INFO : Filtering template 127/384 segment 2/5
2026-09-08T21:31:28.579+01:00 INFO : 2 points above threshold
2026-09-08T21:31:28.585+01:00 INFO : Filtering template 127/384 segment 3/5
2026-09-08T21:31:28.622+01:00 INFO : 2 points above threshold
2026-09-08T21:31:28.628+01:00 INFO : Filtering template 127/384 segment 4/5
2026-09-08T21:31:28.664+01:00 INFO : 1 points above threshold
2026-09-08T21:31:28.670+01:00 INFO : Filtering template 127/384 segment 5/5
2026-09-08T21:31:28.708+01:00 INFO : 127: generating IMRPhenomD from 30.0 Hz
2026-09-08T21:31:28.710+01:00 INFO : Decompressing waveform using inline_linear
2026-09-08T21:31:28.715+01:00 INFO : Filtering template 128/384 segment 1/5
2026-09-08T21:31:28.755+01:00 INFO : 1 points above threshold
2026-09-08T21:31:28.770+01:00 INFO : Filtering template 128/384 segment 2/5
2026-09-08T21:31:28.807+01:00 INFO : 3 points above threshold
2026-09-08T21:31:28.815+01:00 INFO : Filtering template 128/384 segment 3/5
2026-09-08T21:31:28.852+01:00 INFO : 2 points above threshold
2026-09-08T21:31:28.858+01:00 INFO : Filtering template 128/384 segment 4/5
2026-09-08T21:31:28.895+01:00 INFO : Filtering template 128/384 segment 5/5
2026-09-08T21:31:28.932+01:00 INFO : 2 points above threshold
2026-09-08T21:31:28.938+01:00 INFO : 128: generating IMRPhenomD from 30.0 Hz
2026-09-08T21:31:28.941+01:00 INFO : Decompressing waveform using inline_linear
2026-09-08T21:31:28.945+01:00 INFO : Filtering template 129/384 segment 1/5
2026-09-08T21:31:28.986+01:00 INFO : 1 points above threshold
2026-09-08T21:31:29.001+01:00 INFO : Filtering template 129/384 segment 2/5
2026-09-08T21:31:29.038+01:00 INFO : Filtering template 129/384 segment 3/5
2026-09-08T21:31:29.075+01:00 INFO : 2 points above threshold
2026-09-08T21:31:29.081+01:00 INFO : Filtering template 129/384 segment 4/5
2026-09-08T21:31:29.118+01:00 INFO : Filtering template 129/384 segment 5/5
2026-09-08T21:31:29.155+01:00 INFO : 1 points above threshold
2026-09-08T21:31:29.161+01:00 INFO : 129: generating IMRPhenomD from 30.0 Hz
2026-09-08T21:31:29.163+01:00 INFO : Decompressing waveform using inline_linear
2026-09-08T21:31:29.168+01:00 INFO : Filtering template 130/384 segment 1/5
2026-09-08T21:31:29.209+01:00 INFO : 1 points above threshold
2026-09-08T21:31:29.224+01:00 INFO : Filtering template 130/384 segment 2/5
2026-09-08T21:31:29.261+01:00 INFO : 2 points above threshold
2026-09-08T21:31:29.267+01:00 INFO : Filtering template 130/384 segment 3/5
2026-09-08T21:31:29.304+01:00 INFO : 1 points above threshold
2026-09-08T21:31:29.310+01:00 INFO : Filtering template 130/384 segment 4/5
2026-09-08T21:31:29.347+01:00 INFO : 1 points above threshold
2026-09-08T21:31:29.353+01:00 INFO : Filtering template 130/384 segment 5/5
2026-09-08T21:31:29.390+01:00 INFO : 1 points above threshold
2026-09-08T21:31:29.396+01:00 INFO : 130: generating IMRPhenomD from 30.0 Hz
2026-09-08T21:31:29.398+01:00 INFO : Decompressing waveform using inline_linear
2026-09-08T21:31:29.403+01:00 INFO : Filtering template 131/384 segment 1/5
2026-09-08T21:31:29.444+01:00 INFO : 1 points above threshold
2026-09-08T21:31:29.459+01:00 INFO : Filtering template 131/384 segment 2/5
2026-09-08T21:31:29.496+01:00 INFO : 2 points above threshold
2026-09-08T21:31:29.502+01:00 INFO : Filtering template 131/384 segment 3/5
2026-09-08T21:31:29.539+01:00 INFO : Filtering template 131/384 segment 4/5
2026-09-08T21:31:29.576+01:00 INFO : 2 points above threshold
2026-09-08T21:31:29.582+01:00 INFO : Filtering template 131/384 segment 5/5
2026-09-08T21:31:29.619+01:00 INFO : 131: generating IMRPhenomD from 30.0 Hz
2026-09-08T21:31:29.622+01:00 INFO : Decompressing waveform using inline_linear
2026-09-08T21:31:29.627+01:00 INFO : Filtering template 132/384 segment 1/5
2026-09-08T21:31:29.667+01:00 INFO : 1 points above threshold
2026-09-08T21:31:29.682+01:00 INFO : Filtering template 132/384 segment 2/5
2026-09-08T21:31:29.719+01:00 INFO : Filtering template 132/384 segment 3/5
2026-09-08T21:31:29.756+01:00 INFO : Filtering template 132/384 segment 4/5
2026-09-08T21:31:29.793+01:00 INFO : 1 points above threshold
2026-09-08T21:31:29.799+01:00 INFO : Filtering template 132/384 segment 5/5
2026-09-08T21:31:29.836+01:00 INFO : 1 points above threshold
2026-09-08T21:31:29.842+01:00 INFO : 132: generating IMRPhenomD from 30.0 Hz
2026-09-08T21:31:29.844+01:00 INFO : Decompressing waveform using inline_linear
2026-09-08T21:31:29.849+01:00 INFO : Filtering template 133/384 segment 1/5
2026-09-08T21:31:29.890+01:00 INFO : 2 points above threshold
2026-09-08T21:31:29.905+01:00 INFO : Filtering template 133/384 segment 2/5
2026-09-08T21:31:29.942+01:00 INFO : Filtering template 133/384 segment 3/5
2026-09-08T21:31:29.979+01:00 INFO : 4 points above threshold
2026-09-08T21:31:29.985+01:00 INFO : Filtering template 133/384 segment 4/5
2026-09-08T21:31:30.022+01:00 INFO : 1 points above threshold
2026-09-08T21:31:30.028+01:00 INFO : Filtering template 133/384 segment 5/5
2026-09-08T21:31:30.065+01:00 INFO : 1 points above threshold
2026-09-08T21:31:30.071+01:00 INFO : 133: generating IMRPhenomD from 30.0 Hz
2026-09-08T21:31:30.074+01:00 INFO : Decompressing waveform using inline_linear
2026-09-08T21:31:30.079+01:00 INFO : Filtering template 134/384 segment 1/5
2026-09-08T21:31:30.119+01:00 INFO : 1 points above threshold
2026-09-08T21:31:30.134+01:00 INFO : Filtering template 134/384 segment 2/5
2026-09-08T21:31:30.171+01:00 INFO : Filtering template 134/384 segment 3/5
2026-09-08T21:31:30.208+01:00 INFO : 1 points above threshold
2026-09-08T21:31:30.214+01:00 INFO : Filtering template 134/384 segment 4/5
2026-09-08T21:31:30.251+01:00 INFO : 1 points above threshold
2026-09-08T21:31:30.257+01:00 INFO : Filtering template 134/384 segment 5/5
2026-09-08T21:31:30.294+01:00 INFO : 134: generating IMRPhenomD from 30.0 Hz
2026-09-08T21:31:30.297+01:00 INFO : Decompressing waveform using inline_linear
2026-09-08T21:31:30.302+01:00 INFO : Filtering template 135/384 segment 1/5
2026-09-08T21:31:30.342+01:00 INFO : 2 points above threshold
2026-09-08T21:31:30.358+01:00 INFO : Filtering template 135/384 segment 2/5
2026-09-08T21:31:30.395+01:00 INFO : 1 points above threshold
2026-09-08T21:31:30.401+01:00 INFO : Filtering template 135/384 segment 3/5
2026-09-08T21:31:30.438+01:00 INFO : Filtering template 135/384 segment 4/5
2026-09-08T21:31:30.475+01:00 INFO : 2 points above threshold
2026-09-08T21:31:30.481+01:00 INFO : Filtering template 135/384 segment 5/5
2026-09-08T21:31:30.518+01:00 INFO : 4 points above threshold
2026-09-08T21:31:30.524+01:00 INFO : 135: generating IMRPhenomD from 30.0 Hz
2026-09-08T21:31:30.526+01:00 INFO : Decompressing waveform using inline_linear
2026-09-08T21:31:30.531+01:00 INFO : Filtering template 136/384 segment 1/5
2026-09-08T21:31:30.572+01:00 INFO : 1 points above threshold
2026-09-08T21:31:30.587+01:00 INFO : Filtering template 136/384 segment 2/5
2026-09-08T21:31:30.624+01:00 INFO : 1 points above threshold
2026-09-08T21:31:30.630+01:00 INFO : Filtering template 136/384 segment 3/5
2026-09-08T21:31:30.667+01:00 INFO : 3 points above threshold
2026-09-08T21:31:30.675+01:00 INFO : Filtering template 136/384 segment 4/5
2026-09-08T21:31:30.712+01:00 INFO : Filtering template 136/384 segment 5/5
2026-09-08T21:31:30.749+01:00 INFO : 1 points above threshold
2026-09-08T21:31:30.755+01:00 INFO : 136: generating IMRPhenomD from 30.0 Hz
2026-09-08T21:31:30.757+01:00 INFO : Decompressing waveform using inline_linear
2026-09-08T21:31:30.762+01:00 INFO : Filtering template 137/384 segment 1/5
2026-09-08T21:31:30.803+01:00 INFO : 1 points above threshold
2026-09-08T21:31:30.818+01:00 INFO : Filtering template 137/384 segment 2/5
2026-09-08T21:31:30.855+01:00 INFO : Filtering template 137/384 segment 3/5
2026-09-08T21:31:30.892+01:00 INFO : 3 points above threshold
2026-09-08T21:31:30.900+01:00 INFO : Filtering template 137/384 segment 4/5
2026-09-08T21:31:30.937+01:00 INFO : Filtering template 137/384 segment 5/5
2026-09-08T21:31:30.974+01:00 INFO : 1 points above threshold
2026-09-08T21:31:30.980+01:00 INFO : 137: generating IMRPhenomD from 30.0 Hz
2026-09-08T21:31:30.982+01:00 INFO : Decompressing waveform using inline_linear
2026-09-08T21:31:30.987+01:00 INFO : Filtering template 138/384 segment 1/5
2026-09-08T21:31:31.028+01:00 INFO : 2 points above threshold
2026-09-08T21:31:31.043+01:00 INFO : Filtering template 138/384 segment 2/5
2026-09-08T21:31:31.080+01:00 INFO : 1 points above threshold
2026-09-08T21:31:31.086+01:00 INFO : Filtering template 138/384 segment 3/5
2026-09-08T21:31:31.123+01:00 INFO : Filtering template 138/384 segment 4/5
2026-09-08T21:31:31.160+01:00 INFO : Filtering template 138/384 segment 5/5
2026-09-08T21:31:31.197+01:00 INFO : 2 points above threshold
2026-09-08T21:31:31.203+01:00 INFO : 138: generating IMRPhenomD from 30.0 Hz
2026-09-08T21:31:31.205+01:00 INFO : Decompressing waveform using inline_linear
2026-09-08T21:31:31.210+01:00 INFO : Filtering template 139/384 segment 1/5
2026-09-08T21:31:31.250+01:00 INFO : Filtering template 139/384 segment 2/5
2026-09-08T21:31:31.287+01:00 INFO : Filtering template 139/384 segment 3/5
2026-09-08T21:31:31.324+01:00 INFO : 2 points above threshold
2026-09-08T21:31:31.340+01:00 INFO : Filtering template 139/384 segment 4/5
2026-09-08T21:31:31.377+01:00 INFO : Filtering template 139/384 segment 5/5
2026-09-08T21:31:31.414+01:00 INFO : 1 points above threshold
2026-09-08T21:31:31.420+01:00 INFO : 139: generating IMRPhenomD from 30.0 Hz
2026-09-08T21:31:31.422+01:00 INFO : Decompressing waveform using inline_linear
2026-09-08T21:31:31.427+01:00 INFO : Filtering template 140/384 segment 1/5
2026-09-08T21:31:31.468+01:00 INFO : 2 points above threshold
2026-09-08T21:31:31.483+01:00 INFO : Filtering template 140/384 segment 2/5
2026-09-08T21:31:31.520+01:00 INFO : 2 points above threshold
2026-09-08T21:31:31.526+01:00 INFO : Filtering template 140/384 segment 3/5
2026-09-08T21:31:31.563+01:00 INFO : 2 points above threshold
2026-09-08T21:31:31.568+01:00 INFO : Filtering template 140/384 segment 4/5
2026-09-08T21:31:31.606+01:00 INFO : 1 points above threshold
2026-09-08T21:31:31.611+01:00 INFO : Filtering template 140/384 segment 5/5
2026-09-08T21:31:31.649+01:00 INFO : 2 points above threshold
2026-09-08T21:31:31.655+01:00 INFO : 140: generating IMRPhenomD from 30.0 Hz
2026-09-08T21:31:31.657+01:00 INFO : Decompressing waveform using inline_linear
2026-09-08T21:31:31.662+01:00 INFO : Filtering template 141/384 segment 1/5
2026-09-08T21:31:31.702+01:00 INFO : 1 points above threshold
2026-09-08T21:31:31.718+01:00 INFO : Filtering template 141/384 segment 2/5
2026-09-08T21:31:31.755+01:00 INFO : 3 points above threshold
2026-09-08T21:31:31.762+01:00 INFO : Filtering template 141/384 segment 3/5
2026-09-08T21:31:31.799+01:00 INFO : Filtering template 141/384 segment 4/5
2026-09-08T21:31:31.836+01:00 INFO : 2 points above threshold
2026-09-08T21:31:31.842+01:00 INFO : Filtering template 141/384 segment 5/5
2026-09-08T21:31:31.880+01:00 INFO : 141: generating IMRPhenomD from 30.0 Hz
2026-09-08T21:31:31.882+01:00 INFO : Decompressing waveform using inline_linear
2026-09-08T21:31:31.887+01:00 INFO : Filtering template 142/384 segment 1/5
2026-09-08T21:31:31.927+01:00 INFO : 1 points above threshold
2026-09-08T21:31:31.943+01:00 INFO : Filtering template 142/384 segment 2/5
2026-09-08T21:31:31.979+01:00 INFO : 1 points above threshold
2026-09-08T21:31:31.985+01:00 INFO : Filtering template 142/384 segment 3/5
2026-09-08T21:31:32.022+01:00 INFO : 2 points above threshold
2026-09-08T21:31:32.028+01:00 INFO : Filtering template 142/384 segment 4/5
2026-09-08T21:31:32.065+01:00 INFO : 3 points above threshold
2026-09-08T21:31:32.073+01:00 INFO : Filtering template 142/384 segment 5/5
2026-09-08T21:31:32.110+01:00 INFO : 1 points above threshold
2026-09-08T21:31:32.117+01:00 INFO : 142: generating IMRPhenomD from 30.0 Hz
2026-09-08T21:31:32.119+01:00 INFO : Decompressing waveform using inline_linear
2026-09-08T21:31:32.124+01:00 INFO : Filtering template 143/384 segment 1/5
2026-09-08T21:31:32.164+01:00 INFO : 2 points above threshold
2026-09-08T21:31:32.179+01:00 INFO : Filtering template 143/384 segment 2/5
2026-09-08T21:31:32.216+01:00 INFO : Filtering template 143/384 segment 3/5
2026-09-08T21:31:32.253+01:00 INFO : Filtering template 143/384 segment 4/5
2026-09-08T21:31:32.291+01:00 INFO : 2 points above threshold
2026-09-08T21:31:32.296+01:00 INFO : Filtering template 143/384 segment 5/5
2026-09-08T21:31:32.334+01:00 INFO : 143: generating IMRPhenomD from 30.0 Hz
2026-09-08T21:31:32.336+01:00 INFO : Decompressing waveform using inline_linear
2026-09-08T21:31:32.341+01:00 INFO : Filtering template 144/384 segment 1/5
2026-09-08T21:31:32.385+01:00 INFO : 2 points above threshold
2026-09-08T21:31:32.400+01:00 INFO : Filtering template 144/384 segment 2/5
2026-09-08T21:31:32.440+01:00 INFO : 1 points above threshold
2026-09-08T21:31:32.446+01:00 INFO : Filtering template 144/384 segment 3/5
2026-09-08T21:31:32.484+01:00 INFO : 1 points above threshold
2026-09-08T21:31:32.490+01:00 INFO : Filtering template 144/384 segment 4/5
2026-09-08T21:31:32.527+01:00 INFO : 1 points above threshold
2026-09-08T21:31:32.533+01:00 INFO : Filtering template 144/384 segment 5/5
2026-09-08T21:31:32.570+01:00 INFO : 1 points above threshold
2026-09-08T21:31:32.576+01:00 INFO : 144: generating IMRPhenomD from 30.0 Hz
2026-09-08T21:31:32.578+01:00 INFO : Decompressing waveform using inline_linear
2026-09-08T21:31:32.583+01:00 INFO : Filtering template 145/384 segment 1/5
2026-09-08T21:31:32.624+01:00 INFO : 2 points above threshold
2026-09-08T21:31:32.639+01:00 INFO : Filtering template 145/384 segment 2/5
2026-09-08T21:31:32.676+01:00 INFO : 3 points above threshold
2026-09-08T21:31:32.684+01:00 INFO : Filtering template 145/384 segment 3/5
2026-09-08T21:31:32.721+01:00 INFO : 1 points above threshold
2026-09-08T21:31:32.727+01:00 INFO : Filtering template 145/384 segment 4/5
2026-09-08T21:31:32.764+01:00 INFO : Filtering template 145/384 segment 5/5
2026-09-08T21:31:32.801+01:00 INFO : 145: generating IMRPhenomD from 30.0 Hz
2026-09-08T21:31:32.803+01:00 INFO : Decompressing waveform using inline_linear
2026-09-08T21:31:32.808+01:00 INFO : Filtering template 146/384 segment 1/5
2026-09-08T21:31:32.849+01:00 INFO : 4 points above threshold
2026-09-08T21:31:32.864+01:00 INFO : Filtering template 146/384 segment 2/5
2026-09-08T21:31:32.901+01:00 INFO : Filtering template 146/384 segment 3/5
2026-09-08T21:31:32.938+01:00 INFO : 1 points above threshold
2026-09-08T21:31:32.944+01:00 INFO : Filtering template 146/384 segment 4/5
2026-09-08T21:31:32.981+01:00 INFO : 3 points above threshold
2026-09-08T21:31:32.989+01:00 INFO : Filtering template 146/384 segment 5/5
2026-09-08T21:31:33.027+01:00 INFO : 2 points above threshold
2026-09-08T21:31:33.033+01:00 INFO : 146: generating IMRPhenomD from 30.0 Hz
2026-09-08T21:31:33.035+01:00 INFO : Decompressing waveform using inline_linear
2026-09-08T21:31:33.040+01:00 INFO : Filtering template 147/384 segment 1/5
2026-09-08T21:31:33.080+01:00 INFO : 1 points above threshold
2026-09-08T21:31:33.096+01:00 INFO : Filtering template 147/384 segment 2/5
2026-09-08T21:31:33.133+01:00 INFO : Filtering template 147/384 segment 3/5
2026-09-08T21:31:33.170+01:00 INFO : 1 points above threshold
2026-09-08T21:31:33.176+01:00 INFO : Filtering template 147/384 segment 4/5
2026-09-08T21:31:33.213+01:00 INFO : Filtering template 147/384 segment 5/5
2026-09-08T21:31:33.250+01:00 INFO : 3 points above threshold
2026-09-08T21:31:33.258+01:00 INFO : 147: generating IMRPhenomD from 30.0 Hz
2026-09-08T21:31:33.260+01:00 INFO : Decompressing waveform using inline_linear
2026-09-08T21:31:33.265+01:00 INFO : Filtering template 148/384 segment 1/5
2026-09-08T21:31:33.305+01:00 INFO : 2 points above threshold
2026-09-08T21:31:33.321+01:00 INFO : Filtering template 148/384 segment 2/5
2026-09-08T21:31:33.358+01:00 INFO : 2 points above threshold
2026-09-08T21:31:33.363+01:00 INFO : Filtering template 148/384 segment 3/5
2026-09-08T21:31:33.400+01:00 INFO : 1 points above threshold
2026-09-08T21:31:33.406+01:00 INFO : Filtering template 148/384 segment 4/5
2026-09-08T21:31:33.443+01:00 INFO : Filtering template 148/384 segment 5/5
2026-09-08T21:31:33.481+01:00 INFO : 148: generating IMRPhenomD from 30.0 Hz
2026-09-08T21:31:33.483+01:00 INFO : Decompressing waveform using inline_linear
2026-09-08T21:31:33.488+01:00 INFO : Filtering template 149/384 segment 1/5
2026-09-08T21:31:33.528+01:00 INFO : Filtering template 149/384 segment 2/5
2026-09-08T21:31:33.565+01:00 INFO : 3 points above threshold
2026-09-08T21:31:33.582+01:00 INFO : Filtering template 149/384 segment 3/5
2026-09-08T21:31:33.620+01:00 INFO : 1 points above threshold
2026-09-08T21:31:33.625+01:00 INFO : Filtering template 149/384 segment 4/5
2026-09-08T21:31:33.663+01:00 INFO : Filtering template 149/384 segment 5/5
2026-09-08T21:31:33.700+01:00 INFO : 1 points above threshold
2026-09-08T21:31:33.706+01:00 INFO : 149: generating IMRPhenomD from 30.0 Hz
2026-09-08T21:31:33.708+01:00 INFO : Decompressing waveform using inline_linear
2026-09-08T21:31:33.713+01:00 INFO : Filtering template 150/384 segment 1/5
2026-09-08T21:31:33.754+01:00 INFO : 1 points above threshold
2026-09-08T21:31:33.769+01:00 INFO : Filtering template 150/384 segment 2/5
2026-09-08T21:31:33.806+01:00 INFO : Filtering template 150/384 segment 3/5
2026-09-08T21:31:33.843+01:00 INFO : 1 points above threshold
2026-09-08T21:31:33.849+01:00 INFO : Filtering template 150/384 segment 4/5
2026-09-08T21:31:33.886+01:00 INFO : 3 points above threshold
2026-09-08T21:31:33.894+01:00 INFO : Filtering template 150/384 segment 5/5
2026-09-08T21:31:33.931+01:00 INFO : 2 points above threshold
2026-09-08T21:31:33.937+01:00 INFO : 150: generating IMRPhenomD from 30.0 Hz
2026-09-08T21:31:33.939+01:00 INFO : Decompressing waveform using inline_linear
2026-09-08T21:31:33.944+01:00 INFO : Filtering template 151/384 segment 1/5
2026-09-08T21:31:33.985+01:00 INFO : 1 points above threshold
2026-09-08T21:31:34.000+01:00 INFO : Filtering template 151/384 segment 2/5
2026-09-08T21:31:34.037+01:00 INFO : 2 points above threshold
2026-09-08T21:31:34.043+01:00 INFO : Filtering template 151/384 segment 3/5
2026-09-08T21:31:34.080+01:00 INFO : Filtering template 151/384 segment 4/5
2026-09-08T21:31:34.118+01:00 INFO : Filtering template 151/384 segment 5/5
2026-09-08T21:31:34.155+01:00 INFO : 151: generating IMRPhenomD from 30.0 Hz
2026-09-08T21:31:34.158+01:00 INFO : Decompressing waveform using inline_linear
2026-09-08T21:31:34.163+01:00 INFO : Filtering template 152/384 segment 1/5
2026-09-08T21:31:34.203+01:00 INFO : 1 points above threshold
2026-09-08T21:31:34.218+01:00 INFO : Filtering template 152/384 segment 2/5
2026-09-08T21:31:34.255+01:00 INFO : 2 points above threshold
2026-09-08T21:31:34.261+01:00 INFO : Filtering template 152/384 segment 3/5
2026-09-08T21:31:34.298+01:00 INFO : 1 points above threshold
2026-09-08T21:31:34.304+01:00 INFO : Filtering template 152/384 segment 4/5
2026-09-08T21:31:34.341+01:00 INFO : Filtering template 152/384 segment 5/5
2026-09-08T21:31:34.378+01:00 INFO : 1 points above threshold
2026-09-08T21:31:34.385+01:00 INFO : 152: generating IMRPhenomD from 30.0 Hz
2026-09-08T21:31:34.387+01:00 INFO : Decompressing waveform using inline_linear
2026-09-08T21:31:34.392+01:00 INFO : Filtering template 153/384 segment 1/5
2026-09-08T21:31:34.433+01:00 INFO : 1 points above threshold
2026-09-08T21:31:34.449+01:00 INFO : Filtering template 153/384 segment 2/5
2026-09-08T21:31:34.486+01:00 INFO : 4 points above threshold
2026-09-08T21:31:34.492+01:00 INFO : Filtering template 153/384 segment 3/5
2026-09-08T21:31:34.529+01:00 INFO : 1 points above threshold
2026-09-08T21:31:34.535+01:00 INFO : Filtering template 153/384 segment 4/5
2026-09-08T21:31:34.571+01:00 INFO : Filtering template 153/384 segment 5/5
2026-09-08T21:31:34.609+01:00 INFO : 153: generating IMRPhenomD from 30.0 Hz
2026-09-08T21:31:34.611+01:00 INFO : Decompressing waveform using inline_linear
2026-09-08T21:31:34.616+01:00 INFO : Filtering template 154/384 segment 1/5
2026-09-08T21:31:34.657+01:00 INFO : 2 points above threshold
2026-09-08T21:31:34.672+01:00 INFO : Filtering template 154/384 segment 2/5
2026-09-08T21:31:34.709+01:00 INFO : 2 points above threshold
2026-09-08T21:31:34.715+01:00 INFO : Filtering template 154/384 segment 3/5
2026-09-08T21:31:34.752+01:00 INFO : Filtering template 154/384 segment 4/5
2026-09-08T21:31:34.789+01:00 INFO : 2 points above threshold
2026-09-08T21:31:34.795+01:00 INFO : Filtering template 154/384 segment 5/5
2026-09-08T21:31:34.832+01:00 INFO : 154: generating IMRPhenomD from 30.0 Hz
2026-09-08T21:31:34.835+01:00 INFO : Decompressing waveform using inline_linear
2026-09-08T21:31:34.840+01:00 INFO : Filtering template 155/384 segment 1/5
2026-09-08T21:31:34.880+01:00 INFO : Filtering template 155/384 segment 2/5
2026-09-08T21:31:34.917+01:00 INFO : 1 points above threshold
2026-09-08T21:31:34.932+01:00 INFO : Filtering template 155/384 segment 3/5
2026-09-08T21:31:34.969+01:00 INFO : 1 points above threshold
2026-09-08T21:31:34.975+01:00 INFO : Filtering template 155/384 segment 4/5
2026-09-08T21:31:35.012+01:00 INFO : 3 points above threshold
2026-09-08T21:31:35.020+01:00 INFO : Filtering template 155/384 segment 5/5
2026-09-08T21:31:35.058+01:00 INFO : 155: generating IMRPhenomD from 30.0 Hz
2026-09-08T21:31:35.060+01:00 INFO : Decompressing waveform using inline_linear
2026-09-08T21:31:35.065+01:00 INFO : Filtering template 156/384 segment 1/5
2026-09-08T21:31:35.105+01:00 INFO : 1 points above threshold
2026-09-08T21:31:35.121+01:00 INFO : Filtering template 156/384 segment 2/5
2026-09-08T21:31:35.158+01:00 INFO : Filtering template 156/384 segment 3/5
2026-09-08T21:31:35.195+01:00 INFO : Filtering template 156/384 segment 4/5
2026-09-08T21:31:35.232+01:00 INFO : 3 points above threshold
2026-09-08T21:31:35.240+01:00 INFO : Filtering template 156/384 segment 5/5
2026-09-08T21:31:35.277+01:00 INFO : 156: generating IMRPhenomD from 30.0 Hz
2026-09-08T21:31:35.280+01:00 INFO : Decompressing waveform using inline_linear
2026-09-08T21:31:35.285+01:00 INFO : Filtering template 157/384 segment 1/5
2026-09-08T21:31:35.325+01:00 INFO : 1 points above threshold
2026-09-08T21:31:35.340+01:00 INFO : Filtering template 157/384 segment 2/5
2026-09-08T21:31:35.377+01:00 INFO : 1 points above threshold
2026-09-08T21:31:35.383+01:00 INFO : Filtering template 157/384 segment 3/5
2026-09-08T21:31:35.420+01:00 INFO : Filtering template 157/384 segment 4/5
2026-09-08T21:31:35.457+01:00 INFO : 2 points above threshold
2026-09-08T21:31:35.463+01:00 INFO : Filtering template 157/384 segment 5/5
2026-09-08T21:31:35.500+01:00 INFO : 3 points above threshold
2026-09-08T21:31:35.508+01:00 INFO : 157: generating IMRPhenomD from 30.0 Hz
2026-09-08T21:31:35.511+01:00 INFO : Decompressing waveform using inline_linear
2026-09-08T21:31:35.516+01:00 INFO : Filtering template 158/384 segment 1/5
2026-09-08T21:31:35.556+01:00 INFO : 1 points above threshold
2026-09-08T21:31:35.572+01:00 INFO : Filtering template 158/384 segment 2/5
2026-09-08T21:31:35.608+01:00 INFO : 1 points above threshold
2026-09-08T21:31:35.614+01:00 INFO : Filtering template 158/384 segment 3/5
2026-09-08T21:31:35.652+01:00 INFO : 1 points above threshold
2026-09-08T21:31:35.660+01:00 INFO : Filtering template 158/384 segment 4/5
2026-09-08T21:31:35.698+01:00 INFO : Filtering template 158/384 segment 5/5
2026-09-08T21:31:35.735+01:00 INFO : 158: generating IMRPhenomD from 30.0 Hz
2026-09-08T21:31:35.738+01:00 INFO : Decompressing waveform using inline_linear
2026-09-08T21:31:35.743+01:00 INFO : Filtering template 159/384 segment 1/5
2026-09-08T21:31:35.783+01:00 INFO : Filtering template 159/384 segment 2/5
2026-09-08T21:31:35.820+01:00 INFO : 2 points above threshold
2026-09-08T21:31:35.835+01:00 INFO : Filtering template 159/384 segment 3/5
2026-09-08T21:31:35.873+01:00 INFO : 1 points above threshold
2026-09-08T21:31:35.879+01:00 INFO : Filtering template 159/384 segment 4/5
2026-09-08T21:31:35.916+01:00 INFO : 2 points above threshold
2026-09-08T21:31:35.922+01:00 INFO : Filtering template 159/384 segment 5/5
2026-09-08T21:31:35.959+01:00 INFO : 1 points above threshold
2026-09-08T21:31:35.965+01:00 INFO : 159: generating IMRPhenomD from 30.0 Hz
2026-09-08T21:31:35.968+01:00 INFO : Decompressing waveform using inline_linear
2026-09-08T21:31:35.973+01:00 INFO : Filtering template 160/384 segment 1/5
2026-09-08T21:31:36.013+01:00 INFO : 1 points above threshold
2026-09-08T21:31:36.028+01:00 INFO : Filtering template 160/384 segment 2/5
2026-09-08T21:31:36.065+01:00 INFO : 1 points above threshold
2026-09-08T21:31:36.071+01:00 INFO : Filtering template 160/384 segment 3/5
2026-09-08T21:31:36.108+01:00 INFO : 1 points above threshold
2026-09-08T21:31:36.114+01:00 INFO : Filtering template 160/384 segment 4/5
2026-09-08T21:31:36.151+01:00 INFO : Filtering template 160/384 segment 5/5
2026-09-08T21:31:36.189+01:00 INFO : 1 points above threshold
2026-09-08T21:31:36.195+01:00 INFO : 160: generating IMRPhenomD from 30.0 Hz
2026-09-08T21:31:36.197+01:00 INFO : Decompressing waveform using inline_linear
2026-09-08T21:31:36.202+01:00 INFO : Filtering template 161/384 segment 1/5
2026-09-08T21:31:36.243+01:00 INFO : 1 points above threshold
2026-09-08T21:31:36.258+01:00 INFO : Filtering template 161/384 segment 2/5
2026-09-08T21:31:36.294+01:00 INFO : 2 points above threshold
2026-09-08T21:31:36.300+01:00 INFO : Filtering template 161/384 segment 3/5
2026-09-08T21:31:36.337+01:00 INFO : 1 points above threshold
2026-09-08T21:31:36.343+01:00 INFO : Filtering template 161/384 segment 4/5
2026-09-08T21:31:36.380+01:00 INFO : 1 points above threshold
2026-09-08T21:31:36.386+01:00 INFO : Filtering template 161/384 segment 5/5
2026-09-08T21:31:36.423+01:00 INFO : 3 points above threshold
2026-09-08T21:31:36.431+01:00 INFO : 161: generating IMRPhenomD from 30.0 Hz
2026-09-08T21:31:36.434+01:00 INFO : Decompressing waveform using inline_linear
2026-09-08T21:31:36.439+01:00 INFO : Filtering template 162/384 segment 1/5
2026-09-08T21:31:36.479+01:00 INFO : Filtering template 162/384 segment 2/5
2026-09-08T21:31:36.516+01:00 INFO : 2 points above threshold
2026-09-08T21:31:36.531+01:00 INFO : Filtering template 162/384 segment 3/5
2026-09-08T21:31:36.568+01:00 INFO : 1 points above threshold
2026-09-08T21:31:36.574+01:00 INFO : Filtering template 162/384 segment 4/5
2026-09-08T21:31:36.611+01:00 INFO : 1 points above threshold
2026-09-08T21:31:36.617+01:00 INFO : Filtering template 162/384 segment 5/5
2026-09-08T21:31:36.654+01:00 INFO : 1 points above threshold
2026-09-08T21:31:36.660+01:00 INFO : 162: generating IMRPhenomD from 30.0 Hz
2026-09-08T21:31:36.662+01:00 INFO : Decompressing waveform using inline_linear
2026-09-08T21:31:36.667+01:00 INFO : Filtering template 163/384 segment 1/5
2026-09-08T21:31:36.707+01:00 INFO : 2 points above threshold
2026-09-08T21:31:36.723+01:00 INFO : Filtering template 163/384 segment 2/5
2026-09-08T21:31:36.760+01:00 INFO : 3 points above threshold
2026-09-08T21:31:36.768+01:00 INFO : Filtering template 163/384 segment 3/5
2026-09-08T21:31:36.805+01:00 INFO : Filtering template 163/384 segment 4/5
2026-09-08T21:31:36.842+01:00 INFO : 3 points above threshold
2026-09-08T21:31:36.850+01:00 INFO : Filtering template 163/384 segment 5/5
2026-09-08T21:31:36.887+01:00 INFO : 2 points above threshold
2026-09-08T21:31:36.893+01:00 INFO : 163: generating IMRPhenomD from 30.0 Hz
2026-09-08T21:31:36.896+01:00 INFO : Decompressing waveform using inline_linear
2026-09-08T21:31:36.901+01:00 INFO : Filtering template 164/384 segment 1/5
2026-09-08T21:31:36.941+01:00 INFO : 2 points above threshold
2026-09-08T21:31:36.956+01:00 INFO : Filtering template 164/384 segment 2/5
2026-09-08T21:31:36.993+01:00 INFO : 1 points above threshold
2026-09-08T21:31:36.999+01:00 INFO : Filtering template 164/384 segment 3/5
2026-09-08T21:31:37.036+01:00 INFO : 1 points above threshold
2026-09-08T21:31:37.042+01:00 INFO : Filtering template 164/384 segment 4/5
2026-09-08T21:31:37.079+01:00 INFO : Filtering template 164/384 segment 5/5
2026-09-08T21:31:37.116+01:00 INFO : 1 points above threshold
2026-09-08T21:31:37.123+01:00 INFO : 164: generating IMRPhenomD from 30.0 Hz
2026-09-08T21:31:37.125+01:00 INFO : Decompressing waveform using inline_linear
2026-09-08T21:31:37.130+01:00 INFO : Filtering template 165/384 segment 1/5
2026-09-08T21:31:37.170+01:00 INFO : 1 points above threshold
2026-09-08T21:31:37.186+01:00 INFO : Filtering template 165/384 segment 2/5
2026-09-08T21:31:37.222+01:00 INFO : Filtering template 165/384 segment 3/5
2026-09-08T21:31:37.260+01:00 INFO : 2 points above threshold
2026-09-08T21:31:37.265+01:00 INFO : Filtering template 165/384 segment 4/5
2026-09-08T21:31:37.302+01:00 INFO : 1 points above threshold
2026-09-08T21:31:37.308+01:00 INFO : Filtering template 165/384 segment 5/5
2026-09-08T21:31:37.345+01:00 INFO : 1 points above threshold
2026-09-08T21:31:37.352+01:00 INFO : 165: generating IMRPhenomD from 30.0 Hz
2026-09-08T21:31:37.354+01:00 INFO : Decompressing waveform using inline_linear
2026-09-08T21:31:37.359+01:00 INFO : Filtering template 166/384 segment 1/5
2026-09-08T21:31:37.399+01:00 INFO : 2 points above threshold
2026-09-08T21:31:37.414+01:00 INFO : Filtering template 166/384 segment 2/5
2026-09-08T21:31:37.453+01:00 INFO : Filtering template 166/384 segment 3/5
2026-09-08T21:31:37.494+01:00 INFO : Filtering template 166/384 segment 4/5
2026-09-08T21:31:37.536+01:00 INFO : 3 points above threshold
2026-09-08T21:31:37.544+01:00 INFO : Filtering template 166/384 segment 5/5
2026-09-08T21:31:37.581+01:00 INFO : 3 points above threshold
2026-09-08T21:31:37.589+01:00 INFO : 166: generating IMRPhenomD from 30.0 Hz
2026-09-08T21:31:37.592+01:00 INFO : Decompressing waveform using inline_linear
2026-09-08T21:31:37.597+01:00 INFO : Filtering template 167/384 segment 1/5
2026-09-08T21:31:37.637+01:00 INFO : 1 points above threshold
2026-09-08T21:31:37.652+01:00 INFO : Filtering template 167/384 segment 2/5
2026-09-08T21:31:37.690+01:00 INFO : Filtering template 167/384 segment 3/5
2026-09-08T21:31:37.726+01:00 INFO : 1 points above threshold
2026-09-08T21:31:37.732+01:00 INFO : Filtering template 167/384 segment 4/5
2026-09-08T21:31:37.769+01:00 INFO : Filtering template 167/384 segment 5/5
2026-09-08T21:31:37.807+01:00 INFO : 167: generating IMRPhenomD from 30.0 Hz
2026-09-08T21:31:37.809+01:00 INFO : Decompressing waveform using inline_linear
2026-09-08T21:31:37.814+01:00 INFO : Filtering template 168/384 segment 1/5
2026-09-08T21:31:37.855+01:00 INFO : 4 points above threshold
2026-09-08T21:31:37.870+01:00 INFO : Filtering template 168/384 segment 2/5
2026-09-08T21:31:37.907+01:00 INFO : 1 points above threshold
2026-09-08T21:31:37.913+01:00 INFO : Filtering template 168/384 segment 3/5
2026-09-08T21:31:37.950+01:00 INFO : 1 points above threshold
2026-09-08T21:31:37.956+01:00 INFO : Filtering template 168/384 segment 4/5
2026-09-08T21:31:37.993+01:00 INFO : 1 points above threshold
2026-09-08T21:31:37.999+01:00 INFO : Filtering template 168/384 segment 5/5
2026-09-08T21:31:38.036+01:00 INFO : 1 points above threshold
2026-09-08T21:31:38.042+01:00 INFO : 168: generating IMRPhenomD from 30.0 Hz
2026-09-08T21:31:38.045+01:00 INFO : Decompressing waveform using inline_linear
2026-09-08T21:31:38.050+01:00 INFO : Filtering template 169/384 segment 1/5
2026-09-08T21:31:38.090+01:00 INFO : 5 points above threshold
2026-09-08T21:31:38.107+01:00 INFO : Filtering template 169/384 segment 2/5
2026-09-08T21:31:38.145+01:00 INFO : 1 points above threshold
2026-09-08T21:31:38.150+01:00 INFO : Filtering template 169/384 segment 3/5
2026-09-08T21:31:38.187+01:00 INFO : 3 points above threshold
2026-09-08T21:31:38.195+01:00 INFO : Filtering template 169/384 segment 4/5
2026-09-08T21:31:38.232+01:00 INFO : 1 points above threshold
2026-09-08T21:31:38.238+01:00 INFO : Filtering template 169/384 segment 5/5
2026-09-08T21:31:38.275+01:00 INFO : 169: generating IMRPhenomD from 30.0 Hz
2026-09-08T21:31:38.278+01:00 INFO : Decompressing waveform using inline_linear
2026-09-08T21:31:38.283+01:00 INFO : Filtering template 170/384 segment 1/5
2026-09-08T21:31:38.323+01:00 INFO : Filtering template 170/384 segment 2/5
2026-09-08T21:31:38.360+01:00 INFO : 2 points above threshold
2026-09-08T21:31:38.375+01:00 INFO : Filtering template 170/384 segment 3/5
2026-09-08T21:31:38.412+01:00 INFO : 2 points above threshold
2026-09-08T21:31:38.418+01:00 INFO : Filtering template 170/384 segment 4/5
2026-09-08T21:31:38.455+01:00 INFO : Filtering template 170/384 segment 5/5
2026-09-08T21:31:38.492+01:00 INFO : 170: generating IMRPhenomD from 30.0 Hz
2026-09-08T21:31:38.495+01:00 INFO : Decompressing waveform using inline_linear
2026-09-08T21:31:38.500+01:00 INFO : Filtering template 171/384 segment 1/5
2026-09-08T21:31:38.540+01:00 INFO : 2 points above threshold
2026-09-08T21:31:38.555+01:00 INFO : Filtering template 171/384 segment 2/5
2026-09-08T21:31:38.592+01:00 INFO : 1 points above threshold
2026-09-08T21:31:38.598+01:00 INFO : Filtering template 171/384 segment 3/5
2026-09-08T21:31:38.635+01:00 INFO : 3 points above threshold
2026-09-08T21:31:38.643+01:00 INFO : Filtering template 171/384 segment 4/5
2026-09-08T21:31:38.680+01:00 INFO : 1 points above threshold
2026-09-08T21:31:38.686+01:00 INFO : Filtering template 171/384 segment 5/5
2026-09-08T21:31:38.723+01:00 INFO : 1 points above threshold
2026-09-08T21:31:38.730+01:00 INFO : 171: generating IMRPhenomD from 30.0 Hz
2026-09-08T21:31:38.732+01:00 INFO : Decompressing waveform using inline_linear
2026-09-08T21:31:38.737+01:00 INFO : Filtering template 172/384 segment 1/5
2026-09-08T21:31:38.777+01:00 INFO : 4 points above threshold
2026-09-08T21:31:38.793+01:00 INFO : Filtering template 172/384 segment 2/5
2026-09-08T21:31:38.830+01:00 INFO : 1 points above threshold
2026-09-08T21:31:38.835+01:00 INFO : Filtering template 172/384 segment 3/5
2026-09-08T21:31:38.873+01:00 INFO : Filtering template 172/384 segment 4/5
2026-09-08T21:31:38.910+01:00 INFO : 2 points above threshold
2026-09-08T21:31:38.916+01:00 INFO : Filtering template 172/384 segment 5/5
2026-09-08T21:31:38.953+01:00 INFO : 1 points above threshold
2026-09-08T21:31:38.959+01:00 INFO : 172: generating IMRPhenomD from 30.0 Hz
2026-09-08T21:31:38.961+01:00 INFO : Decompressing waveform using inline_linear
2026-09-08T21:31:38.966+01:00 INFO : Filtering template 173/384 segment 1/5
2026-09-08T21:31:39.007+01:00 INFO : 1 points above threshold
2026-09-08T21:31:39.022+01:00 INFO : Filtering template 173/384 segment 2/5
2026-09-08T21:31:39.059+01:00 INFO : 1 points above threshold
2026-09-08T21:31:39.065+01:00 INFO : Filtering template 173/384 segment 3/5
2026-09-08T21:31:39.102+01:00 INFO : 1 points above threshold
2026-09-08T21:31:39.109+01:00 INFO : Filtering template 173/384 segment 4/5
2026-09-08T21:31:39.146+01:00 INFO : 1 points above threshold
2026-09-08T21:31:39.151+01:00 INFO : Filtering template 173/384 segment 5/5
2026-09-08T21:31:39.188+01:00 INFO : 1 points above threshold
2026-09-08T21:31:39.194+01:00 INFO : 173: generating IMRPhenomD from 30.0 Hz
2026-09-08T21:31:39.197+01:00 INFO : Decompressing waveform using inline_linear
2026-09-08T21:31:39.202+01:00 INFO : Filtering template 174/384 segment 1/5
2026-09-08T21:31:39.242+01:00 INFO : 3 points above threshold
2026-09-08T21:31:39.259+01:00 INFO : Filtering template 174/384 segment 2/5
2026-09-08T21:31:39.296+01:00 INFO : 1 points above threshold
2026-09-08T21:31:39.302+01:00 INFO : Filtering template 174/384 segment 3/5
2026-09-08T21:31:39.339+01:00 INFO : 3 points above threshold
2026-09-08T21:31:39.347+01:00 INFO : Filtering template 174/384 segment 4/5
2026-09-08T21:31:39.384+01:00 INFO : 1 points above threshold
2026-09-08T21:31:39.390+01:00 INFO : Filtering template 174/384 segment 5/5
2026-09-08T21:31:39.428+01:00 INFO : 174: generating IMRPhenomD from 30.0 Hz
2026-09-08T21:31:39.430+01:00 INFO : Decompressing waveform using inline_linear
2026-09-08T21:31:39.435+01:00 INFO : Filtering template 175/384 segment 1/5
2026-09-08T21:31:39.475+01:00 INFO : 2 points above threshold
2026-09-08T21:31:39.491+01:00 INFO : Filtering template 175/384 segment 2/5
2026-09-08T21:31:39.528+01:00 INFO : 2 points above threshold
2026-09-08T21:31:39.534+01:00 INFO : Filtering template 175/384 segment 3/5
2026-09-08T21:31:39.570+01:00 INFO : 4 points above threshold
2026-09-08T21:31:39.576+01:00 INFO : Filtering template 175/384 segment 4/5
2026-09-08T21:31:39.613+01:00 INFO : 1 points above threshold
2026-09-08T21:31:39.619+01:00 INFO : Filtering template 175/384 segment 5/5
2026-09-08T21:31:39.656+01:00 INFO : 175: generating IMRPhenomD from 30.0 Hz
2026-09-08T21:31:39.659+01:00 INFO : Decompressing waveform using inline_linear
2026-09-08T21:31:39.664+01:00 INFO : Filtering template 176/384 segment 1/5
2026-09-08T21:31:39.704+01:00 INFO : 1 points above threshold
2026-09-08T21:31:39.720+01:00 INFO : Filtering template 176/384 segment 2/5
2026-09-08T21:31:39.757+01:00 INFO : 3 points above threshold
2026-09-08T21:31:39.764+01:00 INFO : Filtering template 176/384 segment 3/5
2026-09-08T21:31:39.801+01:00 INFO : 1 points above threshold
2026-09-08T21:31:39.807+01:00 INFO : Filtering template 176/384 segment 4/5
2026-09-08T21:31:39.844+01:00 INFO : 1 points above threshold
2026-09-08T21:31:39.850+01:00 INFO : Filtering template 176/384 segment 5/5
2026-09-08T21:31:39.887+01:00 INFO : 1 points above threshold
2026-09-08T21:31:39.893+01:00 INFO : 176: generating IMRPhenomD from 30.0 Hz
2026-09-08T21:31:39.896+01:00 INFO : Decompressing waveform using inline_linear
2026-09-08T21:31:39.901+01:00 INFO : Filtering template 177/384 segment 1/5
2026-09-08T21:31:39.941+01:00 INFO : 3 points above threshold
2026-09-08T21:31:39.958+01:00 INFO : Filtering template 177/384 segment 2/5
2026-09-08T21:31:39.995+01:00 INFO : Filtering template 177/384 segment 3/5
2026-09-08T21:31:40.032+01:00 INFO : 3 points above threshold
2026-09-08T21:31:40.040+01:00 INFO : Filtering template 177/384 segment 4/5
2026-09-08T21:31:40.076+01:00 INFO : 1 points above threshold
2026-09-08T21:31:40.082+01:00 INFO : Filtering template 177/384 segment 5/5
2026-09-08T21:31:40.119+01:00 INFO : 2 points above threshold
2026-09-08T21:31:40.126+01:00 INFO : 177: generating IMRPhenomD from 30.0 Hz
2026-09-08T21:31:40.128+01:00 INFO : Decompressing waveform using inline_linear
2026-09-08T21:31:40.133+01:00 INFO : Filtering template 178/384 segment 1/5
2026-09-08T21:31:40.173+01:00 INFO : Filtering template 178/384 segment 2/5
2026-09-08T21:31:40.210+01:00 INFO : 1 points above threshold
2026-09-08T21:31:40.225+01:00 INFO : Filtering template 178/384 segment 3/5
2026-09-08T21:31:40.262+01:00 INFO : Filtering template 178/384 segment 4/5
2026-09-08T21:31:40.300+01:00 INFO : 1 points above threshold
2026-09-08T21:31:40.305+01:00 INFO : Filtering template 178/384 segment 5/5
2026-09-08T21:31:40.343+01:00 INFO : 178: generating IMRPhenomD from 30.0 Hz
2026-09-08T21:31:40.345+01:00 INFO : Decompressing waveform using inline_linear
2026-09-08T21:31:40.350+01:00 INFO : Filtering template 179/384 segment 1/5
2026-09-08T21:31:40.391+01:00 INFO : 2 points above threshold
2026-09-08T21:31:40.406+01:00 INFO : Filtering template 179/384 segment 2/5
2026-09-08T21:31:40.443+01:00 INFO : 3 points above threshold
2026-09-08T21:31:40.451+01:00 INFO : Filtering template 179/384 segment 3/5
2026-09-08T21:31:40.488+01:00 INFO : 1 points above threshold
2026-09-08T21:31:40.493+01:00 INFO : Filtering template 179/384 segment 4/5
2026-09-08T21:31:40.530+01:00 INFO : 1 points above threshold
2026-09-08T21:31:40.536+01:00 INFO : Filtering template 179/384 segment 5/5
2026-09-08T21:31:40.574+01:00 INFO : 179: generating IMRPhenomD from 30.0 Hz
2026-09-08T21:31:40.576+01:00 INFO : Decompressing waveform using inline_linear
2026-09-08T21:31:40.581+01:00 INFO : Filtering template 180/384 segment 1/5
2026-09-08T21:31:40.621+01:00 INFO : 2 points above threshold
2026-09-08T21:31:40.637+01:00 INFO : Filtering template 180/384 segment 2/5
2026-09-08T21:31:40.674+01:00 INFO : Filtering template 180/384 segment 3/5
2026-09-08T21:31:40.711+01:00 INFO : 1 points above threshold
2026-09-08T21:31:40.717+01:00 INFO : Filtering template 180/384 segment 4/5
2026-09-08T21:31:40.754+01:00 INFO : 1 points above threshold
2026-09-08T21:31:40.760+01:00 INFO : Filtering template 180/384 segment 5/5
2026-09-08T21:31:40.797+01:00 INFO : 4 points above threshold
2026-09-08T21:31:40.803+01:00 INFO : 180: generating IMRPhenomD from 30.0 Hz
2026-09-08T21:31:40.805+01:00 INFO : Decompressing waveform using inline_linear
2026-09-08T21:31:40.810+01:00 INFO : Filtering template 181/384 segment 1/5
2026-09-08T21:31:40.851+01:00 INFO : 1 points above threshold
2026-09-08T21:31:40.866+01:00 INFO : Filtering template 181/384 segment 2/5
2026-09-08T21:31:40.903+01:00 INFO : 1 points above threshold
2026-09-08T21:31:40.909+01:00 INFO : Filtering template 181/384 segment 3/5
2026-09-08T21:31:40.946+01:00 INFO : Filtering template 181/384 segment 4/5
2026-09-08T21:31:40.983+01:00 INFO : 3 points above threshold
2026-09-08T21:31:40.991+01:00 INFO : Filtering template 181/384 segment 5/5
2026-09-08T21:31:41.028+01:00 INFO : 181: generating IMRPhenomD from 30.0 Hz
2026-09-08T21:31:41.031+01:00 INFO : Decompressing waveform using inline_linear
2026-09-08T21:31:41.036+01:00 INFO : Filtering template 182/384 segment 1/5
2026-09-08T21:31:41.076+01:00 INFO : 1 points above threshold
2026-09-08T21:31:41.091+01:00 INFO : Filtering template 182/384 segment 2/5
2026-09-08T21:31:41.128+01:00 INFO : 3 points above threshold
2026-09-08T21:31:41.136+01:00 INFO : Filtering template 182/384 segment 3/5
2026-09-08T21:31:41.173+01:00 INFO : 1 points above threshold
2026-09-08T21:31:41.179+01:00 INFO : Filtering template 182/384 segment 4/5
2026-09-08T21:31:41.216+01:00 INFO : 2 points above threshold
2026-09-08T21:31:41.222+01:00 INFO : Filtering template 182/384 segment 5/5
2026-09-08T21:31:41.259+01:00 INFO : 1 points above threshold
2026-09-08T21:31:41.265+01:00 INFO : 182: generating IMRPhenomD from 30.0 Hz
2026-09-08T21:31:41.267+01:00 INFO : Decompressing waveform using inline_linear
2026-09-08T21:31:41.272+01:00 INFO : Filtering template 183/384 segment 1/5
2026-09-08T21:31:41.312+01:00 INFO : 2 points above threshold
2026-09-08T21:31:41.327+01:00 INFO : Filtering template 183/384 segment 2/5
2026-09-08T21:31:41.364+01:00 INFO : 3 points above threshold
2026-09-08T21:31:41.372+01:00 INFO : Filtering template 183/384 segment 3/5
2026-09-08T21:31:41.409+01:00 INFO : 1 points above threshold
2026-09-08T21:31:41.415+01:00 INFO : Filtering template 183/384 segment 4/5
2026-09-08T21:31:41.452+01:00 INFO : 4 points above threshold
2026-09-08T21:31:41.458+01:00 INFO : Filtering template 183/384 segment 5/5
2026-09-08T21:31:41.495+01:00 INFO : 183: generating IMRPhenomD from 30.0 Hz
2026-09-08T21:31:41.498+01:00 INFO : Decompressing waveform using inline_linear
2026-09-08T21:31:41.503+01:00 INFO : Filtering template 184/384 segment 1/5
2026-09-08T21:31:41.543+01:00 INFO : 2 points above threshold
2026-09-08T21:31:41.558+01:00 INFO : Filtering template 184/384 segment 2/5
2026-09-08T21:31:41.595+01:00 INFO : 1 points above threshold
2026-09-08T21:31:41.601+01:00 INFO : Filtering template 184/384 segment 3/5
2026-09-08T21:31:41.638+01:00 INFO : 1 points above threshold
2026-09-08T21:31:41.644+01:00 INFO : Filtering template 184/384 segment 4/5
2026-09-08T21:31:41.681+01:00 INFO : 2 points above threshold
2026-09-08T21:31:41.687+01:00 INFO : Filtering template 184/384 segment 5/5
2026-09-08T21:31:41.724+01:00 INFO : 184: generating IMRPhenomD from 30.0 Hz
2026-09-08T21:31:41.726+01:00 INFO : Decompressing waveform using inline_linear
2026-09-08T21:31:41.731+01:00 INFO : Filtering template 185/384 segment 1/5
2026-09-08T21:31:41.771+01:00 INFO : Filtering template 185/384 segment 2/5
2026-09-08T21:31:41.809+01:00 INFO : 2 points above threshold
2026-09-08T21:31:41.824+01:00 INFO : Filtering template 185/384 segment 3/5
2026-09-08T21:31:41.861+01:00 INFO : 2 points above threshold
2026-09-08T21:31:41.867+01:00 INFO : Filtering template 185/384 segment 4/5
2026-09-08T21:31:41.904+01:00 INFO : 4 points above threshold
2026-09-08T21:31:41.910+01:00 INFO : Filtering template 185/384 segment 5/5
2026-09-08T21:31:41.947+01:00 INFO : 2 points above threshold
2026-09-08T21:31:41.953+01:00 INFO : 185: generating IMRPhenomD from 30.0 Hz
2026-09-08T21:31:41.956+01:00 INFO : Decompressing waveform using inline_linear
2026-09-08T21:31:41.961+01:00 INFO : Filtering template 186/384 segment 1/5
2026-09-08T21:31:42.001+01:00 INFO : Filtering template 186/384 segment 2/5
2026-09-08T21:31:42.038+01:00 INFO : Filtering template 186/384 segment 3/5
2026-09-08T21:31:42.075+01:00 INFO : 2 points above threshold
2026-09-08T21:31:42.091+01:00 INFO : Filtering template 186/384 segment 4/5
2026-09-08T21:31:42.128+01:00 INFO : 1 points above threshold
2026-09-08T21:31:42.134+01:00 INFO : Filtering template 186/384 segment 5/5
2026-09-08T21:31:42.171+01:00 INFO : 186: generating IMRPhenomD from 30.0 Hz
2026-09-08T21:31:42.174+01:00 INFO : Decompressing waveform using inline_linear
2026-09-08T21:31:42.179+01:00 INFO : Filtering template 187/384 segment 1/5
2026-09-08T21:31:42.219+01:00 INFO : 2 points above threshold
2026-09-08T21:31:42.234+01:00 INFO : Filtering template 187/384 segment 2/5
2026-09-08T21:31:42.271+01:00 INFO : 1 points above threshold
2026-09-08T21:31:42.277+01:00 INFO : Filtering template 187/384 segment 3/5
2026-09-08T21:31:42.314+01:00 INFO : 3 points above threshold
2026-09-08T21:31:42.322+01:00 INFO : Filtering template 187/384 segment 4/5
2026-09-08T21:31:42.359+01:00 INFO : Filtering template 187/384 segment 5/5
2026-09-08T21:31:42.396+01:00 INFO : 1 points above threshold
2026-09-08T21:31:42.402+01:00 INFO : 187: generating IMRPhenomD from 30.0 Hz
2026-09-08T21:31:42.404+01:00 INFO : Decompressing waveform using inline_linear
2026-09-08T21:31:42.409+01:00 INFO : Filtering template 188/384 segment 1/5
2026-09-08T21:31:42.450+01:00 INFO : 1 points above threshold
2026-09-08T21:31:42.465+01:00 INFO : Filtering template 188/384 segment 2/5
2026-09-08T21:31:42.502+01:00 INFO : 1 points above threshold
2026-09-08T21:31:42.508+01:00 INFO : Filtering template 188/384 segment 3/5
2026-09-08T21:31:42.545+01:00 INFO : 3 points above threshold
2026-09-08T21:31:42.554+01:00 INFO : Filtering template 188/384 segment 4/5
2026-09-08T21:31:42.594+01:00 INFO : Filtering template 188/384 segment 5/5
2026-09-08T21:31:42.635+01:00 INFO : 188: generating IMRPhenomD from 30.0 Hz
2026-09-08T21:31:42.638+01:00 INFO : Decompressing waveform using inline_linear
2026-09-08T21:31:42.643+01:00 INFO : Filtering template 189/384 segment 1/5
2026-09-08T21:31:42.684+01:00 INFO : 1 points above threshold
2026-09-08T21:31:42.699+01:00 INFO : Filtering template 189/384 segment 2/5
2026-09-08T21:31:42.737+01:00 INFO : 1 points above threshold
2026-09-08T21:31:42.743+01:00 INFO : Filtering template 189/384 segment 3/5
2026-09-08T21:31:42.780+01:00 INFO : 2 points above threshold
2026-09-08T21:31:42.785+01:00 INFO : Filtering template 189/384 segment 4/5
2026-09-08T21:31:42.822+01:00 INFO : 2 points above threshold
2026-09-08T21:31:42.828+01:00 INFO : Filtering template 189/384 segment 5/5
2026-09-08T21:31:42.865+01:00 INFO : 1 points above threshold
2026-09-08T21:31:42.872+01:00 INFO : 189: generating IMRPhenomD from 30.0 Hz
2026-09-08T21:31:42.874+01:00 INFO : Decompressing waveform using inline_linear
2026-09-08T21:31:42.879+01:00 INFO : Filtering template 190/384 segment 1/5
2026-09-08T21:31:42.919+01:00 INFO : 1 points above threshold
2026-09-08T21:31:42.935+01:00 INFO : Filtering template 190/384 segment 2/5
2026-09-08T21:31:42.972+01:00 INFO : 2 points above threshold
2026-09-08T21:31:42.978+01:00 INFO : Filtering template 190/384 segment 3/5
2026-09-08T21:31:43.015+01:00 INFO : 1 points above threshold
2026-09-08T21:31:43.023+01:00 INFO : Filtering template 190/384 segment 4/5
2026-09-08T21:31:43.061+01:00 INFO : 1 points above threshold
2026-09-08T21:31:43.067+01:00 INFO : Filtering template 190/384 segment 5/5
2026-09-08T21:31:43.104+01:00 INFO : 1 points above threshold
2026-09-08T21:31:43.110+01:00 INFO : 190: generating IMRPhenomD from 30.0 Hz
2026-09-08T21:31:43.113+01:00 INFO : Decompressing waveform using inline_linear
2026-09-08T21:31:43.117+01:00 INFO : Filtering template 191/384 segment 1/5
2026-09-08T21:31:43.158+01:00 INFO : Filtering template 191/384 segment 2/5
2026-09-08T21:31:43.195+01:00 INFO : 1 points above threshold
2026-09-08T21:31:43.210+01:00 INFO : Filtering template 191/384 segment 3/5
2026-09-08T21:31:43.247+01:00 INFO : Filtering template 191/384 segment 4/5
2026-09-08T21:31:43.284+01:00 INFO : 1 points above threshold
2026-09-08T21:31:43.290+01:00 INFO : Filtering template 191/384 segment 5/5
2026-09-08T21:31:43.328+01:00 INFO : 1 points above threshold
2026-09-08T21:31:43.334+01:00 INFO : 191: generating IMRPhenomD from 30.0 Hz
2026-09-08T21:31:43.336+01:00 INFO : Decompressing waveform using inline_linear
2026-09-08T21:31:43.341+01:00 INFO : Filtering template 192/384 segment 1/5
2026-09-08T21:31:43.382+01:00 INFO : 2 points above threshold
2026-09-08T21:31:43.397+01:00 INFO : Filtering template 192/384 segment 2/5
2026-09-08T21:31:43.434+01:00 INFO : 3 points above threshold
2026-09-08T21:31:43.442+01:00 INFO : Filtering template 192/384 segment 3/5
2026-09-08T21:31:43.479+01:00 INFO : Filtering template 192/384 segment 4/5
2026-09-08T21:31:43.516+01:00 INFO : Filtering template 192/384 segment 5/5
2026-09-08T21:31:43.553+01:00 INFO : 192: generating IMRPhenomD from 30.0 Hz
2026-09-08T21:31:43.556+01:00 INFO : Decompressing waveform using inline_linear
2026-09-08T21:31:43.561+01:00 INFO : Filtering template 193/384 segment 1/5
2026-09-08T21:31:43.602+01:00 INFO : 1 points above threshold
2026-09-08T21:31:43.617+01:00 INFO : Filtering template 193/384 segment 2/5
2026-09-08T21:31:43.654+01:00 INFO : 4 points above threshold
2026-09-08T21:31:43.660+01:00 INFO : Filtering template 193/384 segment 3/5
2026-09-08T21:31:43.698+01:00 INFO : Filtering template 193/384 segment 4/5
2026-09-08T21:31:43.735+01:00 INFO : 1 points above threshold
2026-09-08T21:31:43.741+01:00 INFO : Filtering template 193/384 segment 5/5
2026-09-08T21:31:43.778+01:00 INFO : 3 points above threshold
2026-09-08T21:31:43.786+01:00 INFO : 193: generating IMRPhenomD from 30.0 Hz
2026-09-08T21:31:43.788+01:00 INFO : Decompressing waveform using inline_linear
2026-09-08T21:31:43.793+01:00 INFO : Filtering template 194/384 segment 1/5
2026-09-08T21:31:43.833+01:00 INFO : 2 points above threshold
2026-09-08T21:31:43.849+01:00 INFO : Filtering template 194/384 segment 2/5
2026-09-08T21:31:43.886+01:00 INFO : 1 points above threshold
2026-09-08T21:31:43.892+01:00 INFO : Filtering template 194/384 segment 3/5
2026-09-08T21:31:43.929+01:00 INFO : 1 points above threshold
2026-09-08T21:31:43.935+01:00 INFO : Filtering template 194/384 segment 4/5
2026-09-08T21:31:43.972+01:00 INFO : 2 points above threshold
2026-09-08T21:31:43.977+01:00 INFO : Filtering template 194/384 segment 5/5
2026-09-08T21:31:44.014+01:00 INFO : 1 points above threshold
2026-09-08T21:31:44.020+01:00 INFO : 194: generating IMRPhenomD from 30.0 Hz
2026-09-08T21:31:44.023+01:00 INFO : Decompressing waveform using inline_linear
2026-09-08T21:31:44.028+01:00 INFO : Filtering template 195/384 segment 1/5
2026-09-08T21:31:44.068+01:00 INFO : Filtering template 195/384 segment 2/5
2026-09-08T21:31:44.106+01:00 INFO : Filtering template 195/384 segment 3/5
2026-09-08T21:31:44.143+01:00 INFO : 1 points above threshold
2026-09-08T21:31:44.158+01:00 INFO : Filtering template 195/384 segment 4/5
2026-09-08T21:31:44.195+01:00 INFO : 2 points above threshold
2026-09-08T21:31:44.201+01:00 INFO : Filtering template 195/384 segment 5/5
2026-09-08T21:31:44.238+01:00 INFO : 195: generating IMRPhenomD from 30.0 Hz
2026-09-08T21:31:44.241+01:00 INFO : Decompressing waveform using inline_linear
2026-09-08T21:31:44.246+01:00 INFO : Filtering template 196/384 segment 1/5
2026-09-08T21:31:44.286+01:00 INFO : 2 points above threshold
2026-09-08T21:31:44.301+01:00 INFO : Filtering template 196/384 segment 2/5
2026-09-08T21:31:44.338+01:00 INFO : 3 points above threshold
2026-09-08T21:31:44.346+01:00 INFO : Filtering template 196/384 segment 3/5
2026-09-08T21:31:44.383+01:00 INFO : 1 points above threshold
2026-09-08T21:31:44.389+01:00 INFO : Filtering template 196/384 segment 4/5
2026-09-08T21:31:44.426+01:00 INFO : 1 points above threshold
2026-09-08T21:31:44.432+01:00 INFO : Filtering template 196/384 segment 5/5
2026-09-08T21:31:44.469+01:00 INFO : 2 points above threshold
2026-09-08T21:31:44.475+01:00 INFO : 196: generating IMRPhenomD from 30.0 Hz
2026-09-08T21:31:44.478+01:00 INFO : Decompressing waveform using inline_linear
2026-09-08T21:31:44.483+01:00 INFO : Filtering template 197/384 segment 1/5
2026-09-08T21:31:44.523+01:00 INFO : Filtering template 197/384 segment 2/5
2026-09-08T21:31:44.560+01:00 INFO : 1 points above threshold
2026-09-08T21:31:44.575+01:00 INFO : Filtering template 197/384 segment 3/5
2026-09-08T21:31:44.612+01:00 INFO : 4 points above threshold
2026-09-08T21:31:44.618+01:00 INFO : Filtering template 197/384 segment 4/5
2026-09-08T21:31:44.655+01:00 INFO : 1 points above threshold
2026-09-08T21:31:44.661+01:00 INFO : Filtering template 197/384 segment 5/5
2026-09-08T21:31:44.699+01:00 INFO : 197: generating IMRPhenomD from 30.0 Hz
2026-09-08T21:31:44.701+01:00 INFO : Decompressing waveform using inline_linear
2026-09-08T21:31:44.706+01:00 INFO : Filtering template 198/384 segment 1/5
2026-09-08T21:31:44.747+01:00 INFO : Filtering template 198/384 segment 2/5
2026-09-08T21:31:44.783+01:00 INFO : 4 points above threshold
2026-09-08T21:31:44.799+01:00 INFO : Filtering template 198/384 segment 3/5
2026-09-08T21:31:44.836+01:00 INFO : 3 points above threshold
2026-09-08T21:31:44.844+01:00 INFO : Filtering template 198/384 segment 4/5
2026-09-08T21:31:44.881+01:00 INFO : 1 points above threshold
2026-09-08T21:31:44.887+01:00 INFO : Filtering template 198/384 segment 5/5
2026-09-08T21:31:44.924+01:00 INFO : 1 points above threshold
2026-09-08T21:31:44.930+01:00 INFO : 198: generating IMRPhenomD from 30.0 Hz
2026-09-08T21:31:44.933+01:00 INFO : Decompressing waveform using inline_linear
2026-09-08T21:31:44.937+01:00 INFO : Filtering template 199/384 segment 1/5
2026-09-08T21:31:44.978+01:00 INFO : 1 points above threshold
2026-09-08T21:31:44.993+01:00 INFO : Filtering template 199/384 segment 2/5
2026-09-08T21:31:45.030+01:00 INFO : 1 points above threshold
2026-09-08T21:31:45.036+01:00 INFO : Filtering template 199/384 segment 3/5
2026-09-08T21:31:45.073+01:00 INFO : Filtering template 199/384 segment 4/5
2026-09-08T21:31:45.110+01:00 INFO : 2 points above threshold
2026-09-08T21:31:45.116+01:00 INFO : Filtering template 199/384 segment 5/5
2026-09-08T21:31:45.153+01:00 INFO : 199: generating IMRPhenomD from 30.0 Hz
2026-09-08T21:31:45.156+01:00 INFO : Decompressing waveform using inline_linear
2026-09-08T21:31:45.161+01:00 INFO : Filtering template 200/384 segment 1/5
2026-09-08T21:31:45.201+01:00 INFO : Filtering template 200/384 segment 2/5
2026-09-08T21:31:45.238+01:00 INFO : Filtering template 200/384 segment 3/5
2026-09-08T21:31:45.275+01:00 INFO : Filtering template 200/384 segment 4/5
2026-09-08T21:31:45.312+01:00 INFO : 1 points above threshold
2026-09-08T21:31:45.327+01:00 INFO : Filtering template 200/384 segment 5/5
2026-09-08T21:31:45.365+01:00 INFO : 1 points above threshold
2026-09-08T21:31:45.371+01:00 INFO : 200: generating IMRPhenomD from 30.0 Hz
2026-09-08T21:31:45.373+01:00 INFO : Decompressing waveform using inline_linear
2026-09-08T21:31:45.378+01:00 INFO : Filtering template 201/384 segment 1/5
2026-09-08T21:31:45.419+01:00 INFO : Filtering template 201/384 segment 2/5
2026-09-08T21:31:45.456+01:00 INFO : 1 points above threshold
2026-09-08T21:31:45.471+01:00 INFO : Filtering template 201/384 segment 3/5
2026-09-08T21:31:45.509+01:00 INFO : 1 points above threshold
2026-09-08T21:31:45.515+01:00 INFO : Filtering template 201/384 segment 4/5
2026-09-08T21:31:45.552+01:00 INFO : Filtering template 201/384 segment 5/5
2026-09-08T21:31:45.589+01:00 INFO : 1 points above threshold
2026-09-08T21:31:45.595+01:00 INFO : 201: generating IMRPhenomD from 30.0 Hz
2026-09-08T21:31:45.597+01:00 INFO : Decompressing waveform using inline_linear
2026-09-08T21:31:45.602+01:00 INFO : Filtering template 202/384 segment 1/5
2026-09-08T21:31:45.643+01:00 INFO : 2 points above threshold
2026-09-08T21:31:45.661+01:00 INFO : Filtering template 202/384 segment 2/5
2026-09-08T21:31:45.699+01:00 INFO : 2 points above threshold
2026-09-08T21:31:45.704+01:00 INFO : Filtering template 202/384 segment 3/5
2026-09-08T21:31:45.742+01:00 INFO : 3 points above threshold
2026-09-08T21:31:45.749+01:00 INFO : Filtering template 202/384 segment 4/5
2026-09-08T21:31:45.786+01:00 INFO : 1 points above threshold
2026-09-08T21:31:45.792+01:00 INFO : Filtering template 202/384 segment 5/5
2026-09-08T21:31:45.830+01:00 INFO : 202: generating IMRPhenomD from 30.0 Hz
2026-09-08T21:31:45.832+01:00 INFO : Decompressing waveform using inline_linear
2026-09-08T21:31:45.837+01:00 INFO : Filtering template 203/384 segment 1/5
2026-09-08T21:31:45.878+01:00 INFO : 1 points above threshold
2026-09-08T21:31:45.893+01:00 INFO : Filtering template 203/384 segment 2/5
2026-09-08T21:31:45.930+01:00 INFO : 2 points above threshold
2026-09-08T21:31:45.936+01:00 INFO : Filtering template 203/384 segment 3/5
2026-09-08T21:31:45.974+01:00 INFO : 2 points above threshold
2026-09-08T21:31:45.979+01:00 INFO : Filtering template 203/384 segment 4/5
2026-09-08T21:31:46.016+01:00 INFO : 3 points above threshold
2026-09-08T21:31:46.024+01:00 INFO : Filtering template 203/384 segment 5/5
2026-09-08T21:31:46.062+01:00 INFO : 2 points above threshold
2026-09-08T21:31:46.068+01:00 INFO : 203: generating IMRPhenomD from 30.0 Hz
2026-09-08T21:31:46.070+01:00 INFO : Decompressing waveform using inline_linear
2026-09-08T21:31:46.075+01:00 INFO : Filtering template 204/384 segment 1/5
2026-09-08T21:31:46.116+01:00 INFO : 1 points above threshold
2026-09-08T21:31:46.131+01:00 INFO : Filtering template 204/384 segment 2/5
2026-09-08T21:31:46.168+01:00 INFO : 1 points above threshold
2026-09-08T21:31:46.174+01:00 INFO : Filtering template 204/384 segment 3/5
2026-09-08T21:31:46.211+01:00 INFO : Filtering template 204/384 segment 4/5
2026-09-08T21:31:46.248+01:00 INFO : Filtering template 204/384 segment 5/5
2026-09-08T21:31:46.285+01:00 INFO : 1 points above threshold
2026-09-08T21:31:46.291+01:00 INFO : 204: generating IMRPhenomD from 30.0 Hz
2026-09-08T21:31:46.293+01:00 INFO : Decompressing waveform using inline_linear
2026-09-08T21:31:46.298+01:00 INFO : Filtering template 205/384 segment 1/5
2026-09-08T21:31:46.338+01:00 INFO : 2 points above threshold
2026-09-08T21:31:46.354+01:00 INFO : Filtering template 205/384 segment 2/5
2026-09-08T21:31:46.391+01:00 INFO : Filtering template 205/384 segment 3/5
2026-09-08T21:31:46.428+01:00 INFO : 1 points above threshold
2026-09-08T21:31:46.434+01:00 INFO : Filtering template 205/384 segment 4/5
2026-09-08T21:31:46.471+01:00 INFO : Filtering template 205/384 segment 5/5
2026-09-08T21:31:46.509+01:00 INFO : 2 points above threshold
2026-09-08T21:31:46.515+01:00 INFO : 205: generating IMRPhenomD from 30.0 Hz
2026-09-08T21:31:46.517+01:00 INFO : Decompressing waveform using inline_linear
2026-09-08T21:31:46.522+01:00 INFO : Filtering template 206/384 segment 1/5
2026-09-08T21:31:46.562+01:00 INFO : 2 points above threshold
2026-09-08T21:31:46.578+01:00 INFO : Filtering template 206/384 segment 2/5
2026-09-08T21:31:46.615+01:00 INFO : Filtering template 206/384 segment 3/5
2026-09-08T21:31:46.652+01:00 INFO : 2 points above threshold
2026-09-08T21:31:46.658+01:00 INFO : Filtering template 206/384 segment 4/5
2026-09-08T21:31:46.695+01:00 INFO : 4 points above threshold
2026-09-08T21:31:46.701+01:00 INFO : Filtering template 206/384 segment 5/5
2026-09-08T21:31:46.738+01:00 INFO : 206: generating IMRPhenomD from 30.0 Hz
2026-09-08T21:31:46.741+01:00 INFO : Decompressing waveform using inline_linear
2026-09-08T21:31:46.746+01:00 INFO : Filtering template 207/384 segment 1/5
2026-09-08T21:31:46.786+01:00 INFO : 3 points above threshold
2026-09-08T21:31:46.803+01:00 INFO : Filtering template 207/384 segment 2/5
2026-09-08T21:31:46.840+01:00 INFO : Filtering template 207/384 segment 3/5
2026-09-08T21:31:46.877+01:00 INFO : 1 points above threshold
2026-09-08T21:31:46.883+01:00 INFO : Filtering template 207/384 segment 4/5
2026-09-08T21:31:46.921+01:00 INFO : 3 points above threshold
2026-09-08T21:31:46.928+01:00 INFO : Filtering template 207/384 segment 5/5
2026-09-08T21:31:46.966+01:00 INFO : 207: generating IMRPhenomD from 30.0 Hz
2026-09-08T21:31:46.969+01:00 INFO : Decompressing waveform using inline_linear
2026-09-08T21:31:46.974+01:00 INFO : Filtering template 208/384 segment 1/5
2026-09-08T21:31:47.014+01:00 INFO : 2 points above threshold
2026-09-08T21:31:47.029+01:00 INFO : Filtering template 208/384 segment 2/5
2026-09-08T21:31:47.066+01:00 INFO : 1 points above threshold
2026-09-08T21:31:47.072+01:00 INFO : Filtering template 208/384 segment 3/5
2026-09-08T21:31:47.109+01:00 INFO : Filtering template 208/384 segment 4/5
2026-09-08T21:31:47.146+01:00 INFO : 3 points above threshold
2026-09-08T21:31:47.154+01:00 INFO : Filtering template 208/384 segment 5/5
2026-09-08T21:31:47.191+01:00 INFO : 1 points above threshold
2026-09-08T21:31:47.197+01:00 INFO : 208: generating IMRPhenomD from 30.0 Hz
2026-09-08T21:31:47.200+01:00 INFO : Decompressing waveform using inline_linear
2026-09-08T21:31:47.205+01:00 INFO : Filtering template 209/384 segment 1/5
2026-09-08T21:31:47.245+01:00 INFO : 2 points above threshold
2026-09-08T21:31:47.260+01:00 INFO : Filtering template 209/384 segment 2/5
2026-09-08T21:31:47.297+01:00 INFO : 1 points above threshold
2026-09-08T21:31:47.303+01:00 INFO : Filtering template 209/384 segment 3/5
2026-09-08T21:31:47.340+01:00 INFO : 3 points above threshold
2026-09-08T21:31:47.349+01:00 INFO : Filtering template 209/384 segment 4/5
2026-09-08T21:31:47.386+01:00 INFO : 1 points above threshold
2026-09-08T21:31:47.393+01:00 INFO : Filtering template 209/384 segment 5/5
2026-09-08T21:31:47.430+01:00 INFO : 1 points above threshold
2026-09-08T21:31:47.437+01:00 INFO : 209: generating IMRPhenomD from 30.0 Hz
2026-09-08T21:31:47.439+01:00 INFO : Decompressing waveform using inline_linear
2026-09-08T21:31:47.444+01:00 INFO : Filtering template 210/384 segment 1/5
2026-09-08T21:31:47.484+01:00 INFO : 2 points above threshold
2026-09-08T21:31:47.499+01:00 INFO : Filtering template 210/384 segment 2/5
2026-09-08T21:31:47.537+01:00 INFO : Filtering template 210/384 segment 3/5
2026-09-08T21:31:47.574+01:00 INFO : 1 points above threshold
2026-09-08T21:31:47.580+01:00 INFO : Filtering template 210/384 segment 4/5
2026-09-08T21:31:47.617+01:00 INFO : Filtering template 210/384 segment 5/5
2026-09-08T21:31:47.655+01:00 INFO : 210: generating IMRPhenomD from 30.0 Hz
2026-09-08T21:31:47.658+01:00 INFO : Decompressing waveform using inline_linear
2026-09-08T21:31:47.663+01:00 INFO : Filtering template 211/384 segment 1/5
2026-09-08T21:31:47.707+01:00 INFO : 1 points above threshold
2026-09-08T21:31:47.725+01:00 INFO : Filtering template 211/384 segment 2/5
2026-09-08T21:31:47.763+01:00 INFO : 1 points above threshold
2026-09-08T21:31:47.769+01:00 INFO : Filtering template 211/384 segment 3/5
2026-09-08T21:31:47.806+01:00 INFO : Filtering template 211/384 segment 4/5
2026-09-08T21:31:47.843+01:00 INFO : 2 points above threshold
2026-09-08T21:31:47.850+01:00 INFO : Filtering template 211/384 segment 5/5
2026-09-08T21:31:47.887+01:00 INFO : 1 points above threshold
2026-09-08T21:31:47.893+01:00 INFO : 211: generating IMRPhenomD from 30.0 Hz
2026-09-08T21:31:47.896+01:00 INFO : Decompressing waveform using inline_linear
2026-09-08T21:31:47.900+01:00 INFO : Filtering template 212/384 segment 1/5
2026-09-08T21:31:47.941+01:00 INFO : 1 points above threshold
2026-09-08T21:31:47.956+01:00 INFO : Filtering template 212/384 segment 2/5
2026-09-08T21:31:47.993+01:00 INFO : 1 points above threshold
2026-09-08T21:31:47.999+01:00 INFO : Filtering template 212/384 segment 3/5
2026-09-08T21:31:48.036+01:00 INFO : 1 points above threshold
2026-09-08T21:31:48.042+01:00 INFO : Filtering template 212/384 segment 4/5
2026-09-08T21:31:48.079+01:00 INFO : 1 points above threshold
2026-09-08T21:31:48.085+01:00 INFO : Filtering template 212/384 segment 5/5
2026-09-08T21:31:48.122+01:00 INFO : 212: generating IMRPhenomD from 30.0 Hz
2026-09-08T21:31:48.125+01:00 INFO : Decompressing waveform using inline_linear
2026-09-08T21:31:48.130+01:00 INFO : Filtering template 213/384 segment 1/5
2026-09-08T21:31:48.170+01:00 INFO : 2 points above threshold
2026-09-08T21:31:48.185+01:00 INFO : Filtering template 213/384 segment 2/5
2026-09-08T21:31:48.223+01:00 INFO : 2 points above threshold
2026-09-08T21:31:48.228+01:00 INFO : Filtering template 213/384 segment 3/5
2026-09-08T21:31:48.265+01:00 INFO : 1 points above threshold
2026-09-08T21:31:48.271+01:00 INFO : Filtering template 213/384 segment 4/5
2026-09-08T21:31:48.308+01:00 INFO : Filtering template 213/384 segment 5/5
2026-09-08T21:31:48.346+01:00 INFO : 213: generating IMRPhenomD from 30.0 Hz
2026-09-08T21:31:48.348+01:00 INFO : Decompressing waveform using inline_linear
2026-09-08T21:31:48.353+01:00 INFO : Filtering template 214/384 segment 1/5
2026-09-08T21:31:48.394+01:00 INFO : 1 points above threshold
2026-09-08T21:31:48.409+01:00 INFO : Filtering template 214/384 segment 2/5
2026-09-08T21:31:48.446+01:00 INFO : 1 points above threshold
2026-09-08T21:31:48.452+01:00 INFO : Filtering template 214/384 segment 3/5
2026-09-08T21:31:48.489+01:00 INFO : 1 points above threshold
2026-09-08T21:31:48.495+01:00 INFO : Filtering template 214/384 segment 4/5
2026-09-08T21:31:48.532+01:00 INFO : Filtering template 214/384 segment 5/5
2026-09-08T21:31:48.569+01:00 INFO : 214: generating IMRPhenomD from 30.0 Hz
2026-09-08T21:31:48.572+01:00 INFO : Decompressing waveform using inline_linear
2026-09-08T21:31:48.577+01:00 INFO : Filtering template 215/384 segment 1/5
2026-09-08T21:31:48.617+01:00 INFO : Filtering template 215/384 segment 2/5
2026-09-08T21:31:48.654+01:00 INFO : 2 points above threshold
2026-09-08T21:31:48.670+01:00 INFO : Filtering template 215/384 segment 3/5
2026-09-08T21:31:48.707+01:00 INFO : Filtering template 215/384 segment 4/5
2026-09-08T21:31:48.744+01:00 INFO : 1 points above threshold
2026-09-08T21:31:48.750+01:00 INFO : Filtering template 215/384 segment 5/5
2026-09-08T21:31:48.787+01:00 INFO : 1 points above threshold
2026-09-08T21:31:48.793+01:00 INFO : 215: generating IMRPhenomD from 30.0 Hz
2026-09-08T21:31:48.795+01:00 INFO : Decompressing waveform using inline_linear
2026-09-08T21:31:48.800+01:00 INFO : Filtering template 216/384 segment 1/5
2026-09-08T21:31:48.840+01:00 INFO : 1 points above threshold
2026-09-08T21:31:48.856+01:00 INFO : Filtering template 216/384 segment 2/5
2026-09-08T21:31:48.893+01:00 INFO : 1 points above threshold
2026-09-08T21:31:48.899+01:00 INFO : Filtering template 216/384 segment 3/5
2026-09-08T21:31:48.936+01:00 INFO : Filtering template 216/384 segment 4/5
2026-09-08T21:31:48.972+01:00 INFO : 3 points above threshold
2026-09-08T21:31:48.980+01:00 INFO : Filtering template 216/384 segment 5/5
2026-09-08T21:31:49.018+01:00 INFO : 216: generating IMRPhenomD from 30.0 Hz
2026-09-08T21:31:49.020+01:00 INFO : Decompressing waveform using inline_linear
2026-09-08T21:31:49.025+01:00 INFO : Filtering template 217/384 segment 1/5
2026-09-08T21:31:49.065+01:00 INFO : Filtering template 217/384 segment 2/5
2026-09-08T21:31:49.102+01:00 INFO : 1 points above threshold
2026-09-08T21:31:49.118+01:00 INFO : Filtering template 217/384 segment 3/5
2026-09-08T21:31:49.155+01:00 INFO : Filtering template 217/384 segment 4/5
2026-09-08T21:31:49.192+01:00 INFO : Filtering template 217/384 segment 5/5
2026-09-08T21:31:49.229+01:00 INFO : 217: generating IMRPhenomD from 30.0 Hz
2026-09-08T21:31:49.231+01:00 INFO : Decompressing waveform using inline_linear
2026-09-08T21:31:49.236+01:00 INFO : Filtering template 218/384 segment 1/5
2026-09-08T21:31:49.277+01:00 INFO : 2 points above threshold
2026-09-08T21:31:49.292+01:00 INFO : Filtering template 218/384 segment 2/5
2026-09-08T21:31:49.329+01:00 INFO : 2 points above threshold
2026-09-08T21:31:49.335+01:00 INFO : Filtering template 218/384 segment 3/5
2026-09-08T21:31:49.372+01:00 INFO : 2 points above threshold
2026-09-08T21:31:49.377+01:00 INFO : Filtering template 218/384 segment 4/5
2026-09-08T21:31:49.414+01:00 INFO : 2 points above threshold
2026-09-08T21:31:49.420+01:00 INFO : Filtering template 218/384 segment 5/5
2026-09-08T21:31:49.457+01:00 INFO : 1 points above threshold
2026-09-08T21:31:49.463+01:00 INFO : 218: generating IMRPhenomD from 30.0 Hz
2026-09-08T21:31:49.466+01:00 INFO : Decompressing waveform using inline_linear
2026-09-08T21:31:49.471+01:00 INFO : Filtering template 219/384 segment 1/5
2026-09-08T21:31:49.511+01:00 INFO : 2 points above threshold
2026-09-08T21:31:49.526+01:00 INFO : Filtering template 219/384 segment 2/5
2026-09-08T21:31:49.563+01:00 INFO : 1 points above threshold
2026-09-08T21:31:49.569+01:00 INFO : Filtering template 219/384 segment 3/5
2026-09-08T21:31:49.606+01:00 INFO : Filtering template 219/384 segment 4/5
2026-09-08T21:31:49.643+01:00 INFO : 1 points above threshold
2026-09-08T21:31:49.652+01:00 INFO : Filtering template 219/384 segment 5/5
2026-09-08T21:31:49.689+01:00 INFO : 219: generating IMRPhenomD from 30.0 Hz
2026-09-08T21:31:49.692+01:00 INFO : Decompressing waveform using inline_linear
2026-09-08T21:31:49.697+01:00 INFO : Filtering template 220/384 segment 1/5
2026-09-08T21:31:49.737+01:00 INFO : 3 points above threshold
2026-09-08T21:31:49.754+01:00 INFO : Filtering template 220/384 segment 2/5
2026-09-08T21:31:49.791+01:00 INFO : 2 points above threshold
2026-09-08T21:31:49.797+01:00 INFO : Filtering template 220/384 segment 3/5
2026-09-08T21:31:49.834+01:00 INFO : 3 points above threshold
2026-09-08T21:31:49.842+01:00 INFO : Filtering template 220/384 segment 4/5
2026-09-08T21:31:49.879+01:00 INFO : 2 points above threshold
2026-09-08T21:31:49.885+01:00 INFO : Filtering template 220/384 segment 5/5
2026-09-08T21:31:49.922+01:00 INFO : 220: generating IMRPhenomD from 30.0 Hz
2026-09-08T21:31:49.924+01:00 INFO : Decompressing waveform using inline_linear
2026-09-08T21:31:49.929+01:00 INFO : Filtering template 221/384 segment 1/5
2026-09-08T21:31:49.970+01:00 INFO : 1 points above threshold
2026-09-08T21:31:49.985+01:00 INFO : Filtering template 221/384 segment 2/5
2026-09-08T21:31:50.022+01:00 INFO : 1 points above threshold
2026-09-08T21:31:50.028+01:00 INFO : Filtering template 221/384 segment 3/5
2026-09-08T21:31:50.065+01:00 INFO : 1 points above threshold
2026-09-08T21:31:50.071+01:00 INFO : Filtering template 221/384 segment 4/5
2026-09-08T21:31:50.108+01:00 INFO : Filtering template 221/384 segment 5/5
2026-09-08T21:31:50.145+01:00 INFO : 2 points above threshold
2026-09-08T21:31:50.151+01:00 INFO : 221: generating IMRPhenomD from 30.0 Hz
2026-09-08T21:31:50.153+01:00 INFO : Decompressing waveform using inline_linear
2026-09-08T21:31:50.158+01:00 INFO : Filtering template 222/384 segment 1/5
2026-09-08T21:31:50.199+01:00 INFO : Filtering template 222/384 segment 2/5
2026-09-08T21:31:50.236+01:00 INFO : 2 points above threshold
2026-09-08T21:31:50.251+01:00 INFO : Filtering template 222/384 segment 3/5
2026-09-08T21:31:50.288+01:00 INFO : 1 points above threshold
2026-09-08T21:31:50.294+01:00 INFO : Filtering template 222/384 segment 4/5
2026-09-08T21:31:50.331+01:00 INFO : Filtering template 222/384 segment 5/5
2026-09-08T21:31:50.368+01:00 INFO : 222: generating IMRPhenomD from 30.0 Hz
2026-09-08T21:31:50.370+01:00 INFO : Decompressing waveform using inline_linear
2026-09-08T21:31:50.375+01:00 INFO : Filtering template 223/384 segment 1/5
2026-09-08T21:31:50.416+01:00 INFO : 1 points above threshold
2026-09-08T21:31:50.431+01:00 INFO : Filtering template 223/384 segment 2/5
2026-09-08T21:31:50.468+01:00 INFO : Filtering template 223/384 segment 3/5
2026-09-08T21:31:50.505+01:00 INFO : 5 points above threshold
2026-09-08T21:31:50.513+01:00 INFO : Filtering template 223/384 segment 4/5
2026-09-08T21:31:50.550+01:00 INFO : Filtering template 223/384 segment 5/5
2026-09-08T21:31:50.587+01:00 INFO : 223: generating IMRPhenomD from 30.0 Hz
2026-09-08T21:31:50.590+01:00 INFO : Decompressing waveform using inline_linear
2026-09-08T21:31:50.595+01:00 INFO : Filtering template 224/384 segment 1/5
2026-09-08T21:31:50.635+01:00 INFO : 1 points above threshold
2026-09-08T21:31:50.650+01:00 INFO : Filtering template 224/384 segment 2/5
2026-09-08T21:31:50.687+01:00 INFO : 2 points above threshold
2026-09-08T21:31:50.693+01:00 INFO : Filtering template 224/384 segment 3/5
2026-09-08T21:31:50.730+01:00 INFO : 1 points above threshold
2026-09-08T21:31:50.736+01:00 INFO : Filtering template 224/384 segment 4/5
2026-09-08T21:31:50.773+01:00 INFO : 2 points above threshold
2026-09-08T21:31:50.779+01:00 INFO : Filtering template 224/384 segment 5/5
2026-09-08T21:31:50.817+01:00 INFO : 224: generating IMRPhenomD from 30.0 Hz
2026-09-08T21:31:50.819+01:00 INFO : Decompressing waveform using inline_linear
2026-09-08T21:31:50.824+01:00 INFO : Filtering template 225/384 segment 1/5
2026-09-08T21:31:50.865+01:00 INFO : 1 points above threshold
2026-09-08T21:31:50.880+01:00 INFO : Filtering template 225/384 segment 2/5
2026-09-08T21:31:50.917+01:00 INFO : Filtering template 225/384 segment 3/5
2026-09-08T21:31:50.954+01:00 INFO : Filtering template 225/384 segment 4/5
2026-09-08T21:31:50.991+01:00 INFO : 1 points above threshold
2026-09-08T21:31:51.010+01:00 INFO : Filtering template 225/384 segment 5/5
2026-09-08T21:31:51.047+01:00 INFO : 1 points above threshold
2026-09-08T21:31:51.054+01:00 INFO : 225: generating IMRPhenomD from 30.0 Hz
2026-09-08T21:31:51.056+01:00 INFO : Decompressing waveform using inline_linear
2026-09-08T21:31:51.061+01:00 INFO : Filtering template 226/384 segment 1/5
2026-09-08T21:31:51.101+01:00 INFO : 1 points above threshold
2026-09-08T21:31:51.116+01:00 INFO : Filtering template 226/384 segment 2/5
2026-09-08T21:31:51.153+01:00 INFO : Filtering template 226/384 segment 3/5
2026-09-08T21:31:51.190+01:00 INFO : Filtering template 226/384 segment 4/5
2026-09-08T21:31:51.227+01:00 INFO : 2 points above threshold
2026-09-08T21:31:51.233+01:00 INFO : Filtering template 226/384 segment 5/5
2026-09-08T21:31:51.270+01:00 INFO : 1 points above threshold
2026-09-08T21:31:51.276+01:00 INFO : 226: generating IMRPhenomD from 30.0 Hz
2026-09-08T21:31:51.278+01:00 INFO : Decompressing waveform using inline_linear
2026-09-08T21:31:51.283+01:00 INFO : Filtering template 227/384 segment 1/5
2026-09-08T21:31:51.323+01:00 INFO : Filtering template 227/384 segment 2/5
2026-09-08T21:31:51.360+01:00 INFO : Filtering template 227/384 segment 3/5
2026-09-08T21:31:51.397+01:00 INFO : 3 points above threshold
2026-09-08T21:31:51.417+01:00 INFO : Filtering template 227/384 segment 4/5
2026-09-08T21:31:51.454+01:00 INFO : 2 points above threshold
2026-09-08T21:31:51.460+01:00 INFO : Filtering template 227/384 segment 5/5
2026-09-08T21:31:51.497+01:00 INFO : 4 points above threshold
2026-09-08T21:31:51.503+01:00 INFO : 227: generating IMRPhenomD from 30.0 Hz
2026-09-08T21:31:51.506+01:00 INFO : Decompressing waveform using inline_linear
2026-09-08T21:31:51.510+01:00 INFO : Filtering template 228/384 segment 1/5
2026-09-08T21:31:51.551+01:00 INFO : 4 points above threshold
2026-09-08T21:31:51.569+01:00 INFO : Filtering template 228/384 segment 2/5
2026-09-08T21:31:51.606+01:00 INFO : 1 points above threshold
2026-09-08T21:31:51.611+01:00 INFO : Filtering template 228/384 segment 3/5
2026-09-08T21:31:51.648+01:00 INFO : Filtering template 228/384 segment 4/5
2026-09-08T21:31:51.685+01:00 INFO : 3 points above threshold
2026-09-08T21:31:51.693+01:00 INFO : Filtering template 228/384 segment 5/5
2026-09-08T21:31:51.730+01:00 INFO : 3 points above threshold
2026-09-08T21:31:51.738+01:00 INFO : 228: generating IMRPhenomD from 30.0 Hz
2026-09-08T21:31:51.740+01:00 INFO : Decompressing waveform using inline_linear
2026-09-08T21:31:51.745+01:00 INFO : Filtering template 229/384 segment 1/5
2026-09-08T21:31:51.785+01:00 INFO : Filtering template 229/384 segment 2/5
2026-09-08T21:31:51.823+01:00 INFO : Filtering template 229/384 segment 3/5
2026-09-08T21:31:51.860+01:00 INFO : 1 points above threshold
2026-09-08T21:31:51.878+01:00 INFO : Filtering template 229/384 segment 4/5
2026-09-08T21:31:51.915+01:00 INFO : Filtering template 229/384 segment 5/5
2026-09-08T21:31:51.952+01:00 INFO : 4 points above threshold
2026-09-08T21:31:51.958+01:00 INFO : 229: generating IMRPhenomD from 30.0 Hz
2026-09-08T21:31:51.961+01:00 INFO : Decompressing waveform using inline_linear
2026-09-08T21:31:51.966+01:00 INFO : Filtering template 230/384 segment 1/5
2026-09-08T21:31:52.006+01:00 INFO : 1 points above threshold
2026-09-08T21:31:52.021+01:00 INFO : Filtering template 230/384 segment 2/5
2026-09-08T21:31:52.058+01:00 INFO : Filtering template 230/384 segment 3/5
2026-09-08T21:31:52.095+01:00 INFO : 3 points above threshold
2026-09-08T21:31:52.103+01:00 INFO : Filtering template 230/384 segment 4/5
2026-09-08T21:31:52.140+01:00 INFO : 3 points above threshold
2026-09-08T21:31:52.148+01:00 INFO : Filtering template 230/384 segment 5/5
2026-09-08T21:31:52.185+01:00 INFO : 1 points above threshold
2026-09-08T21:31:52.191+01:00 INFO : 230: generating IMRPhenomD from 30.0 Hz
2026-09-08T21:31:52.193+01:00 INFO : Decompressing waveform using inline_linear
2026-09-08T21:31:52.198+01:00 INFO : Filtering template 231/384 segment 1/5
2026-09-08T21:31:52.239+01:00 INFO : 2 points above threshold
2026-09-08T21:31:52.254+01:00 INFO : Filtering template 231/384 segment 2/5
2026-09-08T21:31:52.291+01:00 INFO : 1 points above threshold
2026-09-08T21:31:52.297+01:00 INFO : Filtering template 231/384 segment 3/5
2026-09-08T21:31:52.333+01:00 INFO : 1 points above threshold
2026-09-08T21:31:52.339+01:00 INFO : Filtering template 231/384 segment 4/5
2026-09-08T21:31:52.376+01:00 INFO : 1 points above threshold
2026-09-08T21:31:52.382+01:00 INFO : Filtering template 231/384 segment 5/5
2026-09-08T21:31:52.419+01:00 INFO : 231: generating IMRPhenomD from 30.0 Hz
2026-09-08T21:31:52.422+01:00 INFO : Decompressing waveform using inline_linear
2026-09-08T21:31:52.427+01:00 INFO : Filtering template 232/384 segment 1/5
2026-09-08T21:31:52.467+01:00 INFO : 2 points above threshold
2026-09-08T21:31:52.482+01:00 INFO : Filtering template 232/384 segment 2/5
2026-09-08T21:31:52.519+01:00 INFO : 2 points above threshold
2026-09-08T21:31:52.525+01:00 INFO : Filtering template 232/384 segment 3/5
2026-09-08T21:31:52.561+01:00 INFO : 2 points above threshold
2026-09-08T21:31:52.567+01:00 INFO : Filtering template 232/384 segment 4/5
2026-09-08T21:31:52.604+01:00 INFO : 2 points above threshold
2026-09-08T21:31:52.610+01:00 INFO : Filtering template 232/384 segment 5/5
2026-09-08T21:31:52.647+01:00 INFO : 1 points above threshold
2026-09-08T21:31:52.653+01:00 INFO : 232: generating IMRPhenomD from 30.0 Hz
2026-09-08T21:31:52.655+01:00 INFO : Decompressing waveform using inline_linear
2026-09-08T21:31:52.660+01:00 INFO : Filtering template 233/384 segment 1/5
2026-09-08T21:31:52.701+01:00 INFO : Filtering template 233/384 segment 2/5
2026-09-08T21:31:52.738+01:00 INFO : 1 points above threshold
2026-09-08T21:31:52.754+01:00 INFO : Filtering template 233/384 segment 3/5
2026-09-08T21:31:52.793+01:00 INFO : Filtering template 233/384 segment 4/5
2026-09-08T21:31:52.835+01:00 INFO : 1 points above threshold
2026-09-08T21:31:52.842+01:00 INFO : Filtering template 233/384 segment 5/5
2026-09-08T21:31:52.879+01:00 INFO : 233: generating IMRPhenomD from 30.0 Hz
2026-09-08T21:31:52.882+01:00 INFO : Decompressing waveform using inline_linear
2026-09-08T21:31:52.887+01:00 INFO : Filtering template 234/384 segment 1/5
2026-09-08T21:31:52.927+01:00 INFO : 2 points above threshold
2026-09-08T21:31:52.942+01:00 INFO : Filtering template 234/384 segment 2/5
2026-09-08T21:31:52.980+01:00 INFO : 1 points above threshold
2026-09-08T21:31:52.985+01:00 INFO : Filtering template 234/384 segment 3/5
2026-09-08T21:31:53.022+01:00 INFO : 1 points above threshold
2026-09-08T21:31:53.028+01:00 INFO : Filtering template 234/384 segment 4/5
2026-09-08T21:31:53.065+01:00 INFO : 1 points above threshold
2026-09-08T21:31:53.071+01:00 INFO : Filtering template 234/384 segment 5/5
2026-09-08T21:31:53.108+01:00 INFO : 1 points above threshold
2026-09-08T21:31:53.115+01:00 INFO : 234: generating IMRPhenomD from 30.0 Hz
2026-09-08T21:31:53.117+01:00 INFO : Decompressing waveform using inline_linear
2026-09-08T21:31:53.122+01:00 INFO : Filtering template 235/384 segment 1/5
2026-09-08T21:31:53.162+01:00 INFO : Filtering template 235/384 segment 2/5
2026-09-08T21:31:53.199+01:00 INFO : 2 points above threshold
2026-09-08T21:31:53.215+01:00 INFO : Filtering template 235/384 segment 3/5
2026-09-08T21:31:53.252+01:00 INFO : Filtering template 235/384 segment 4/5
2026-09-08T21:31:53.289+01:00 INFO : 1 points above threshold
2026-09-08T21:31:53.295+01:00 INFO : Filtering template 235/384 segment 5/5
2026-09-08T21:31:53.332+01:00 INFO : 235: generating IMRPhenomD from 30.0 Hz
2026-09-08T21:31:53.335+01:00 INFO : Decompressing waveform using inline_linear
2026-09-08T21:31:53.339+01:00 INFO : Filtering template 236/384 segment 1/5
2026-09-08T21:31:53.380+01:00 INFO : 1 points above threshold
2026-09-08T21:31:53.395+01:00 INFO : Filtering template 236/384 segment 2/5
2026-09-08T21:31:53.432+01:00 INFO : 2 points above threshold
2026-09-08T21:31:53.438+01:00 INFO : Filtering template 236/384 segment 3/5
2026-09-08T21:31:53.475+01:00 INFO : Filtering template 236/384 segment 4/5
2026-09-08T21:31:53.512+01:00 INFO : 1 points above threshold
2026-09-08T21:31:53.517+01:00 INFO : Filtering template 236/384 segment 5/5
2026-09-08T21:31:53.555+01:00 INFO : 1 points above threshold
2026-09-08T21:31:53.561+01:00 INFO : 236: generating IMRPhenomD from 30.0 Hz
2026-09-08T21:31:53.563+01:00 INFO : Decompressing waveform using inline_linear
2026-09-08T21:31:53.568+01:00 INFO : Filtering template 237/384 segment 1/5
2026-09-08T21:31:53.609+01:00 INFO : Filtering template 237/384 segment 2/5
2026-09-08T21:31:53.646+01:00 INFO : 1 points above threshold
2026-09-08T21:31:53.661+01:00 INFO : Filtering template 237/384 segment 3/5
2026-09-08T21:31:53.698+01:00 INFO : 1 points above threshold
2026-09-08T21:31:53.704+01:00 INFO : Filtering template 237/384 segment 4/5
2026-09-08T21:31:53.741+01:00 INFO : 1 points above threshold
2026-09-08T21:31:53.747+01:00 INFO : Filtering template 237/384 segment 5/5
2026-09-08T21:31:53.784+01:00 INFO : 237: generating IMRPhenomD from 30.0 Hz
2026-09-08T21:31:53.787+01:00 INFO : Decompressing waveform using inline_linear
2026-09-08T21:31:53.792+01:00 INFO : Filtering template 238/384 segment 1/5
2026-09-08T21:31:53.832+01:00 INFO : Filtering template 238/384 segment 2/5
2026-09-08T21:31:53.869+01:00 INFO : 2 points above threshold
2026-09-08T21:31:53.884+01:00 INFO : Filtering template 238/384 segment 3/5
2026-09-08T21:31:53.922+01:00 INFO : 1 points above threshold
2026-09-08T21:31:53.928+01:00 INFO : Filtering template 238/384 segment 4/5
2026-09-08T21:31:53.965+01:00 INFO : Filtering template 238/384 segment 5/5
2026-09-08T21:31:54.002+01:00 INFO : 2 points above threshold
2026-09-08T21:31:54.008+01:00 INFO : 238: generating IMRPhenomD from 30.0 Hz
2026-09-08T21:31:54.010+01:00 INFO : Decompressing waveform using inline_linear
2026-09-08T21:31:54.015+01:00 INFO : Filtering template 239/384 segment 1/5
2026-09-08T21:31:54.056+01:00 INFO : Filtering template 239/384 segment 2/5
2026-09-08T21:31:54.093+01:00 INFO : Filtering template 239/384 segment 3/5
2026-09-08T21:31:54.130+01:00 INFO : 2 points above threshold
2026-09-08T21:31:54.145+01:00 INFO : Filtering template 239/384 segment 4/5
2026-09-08T21:31:54.182+01:00 INFO : 1 points above threshold
2026-09-08T21:31:54.188+01:00 INFO : Filtering template 239/384 segment 5/5
2026-09-08T21:31:54.225+01:00 INFO : 239: generating IMRPhenomD from 30.0 Hz
2026-09-08T21:31:54.228+01:00 INFO : Decompressing waveform using inline_linear
2026-09-08T21:31:54.233+01:00 INFO : Filtering template 240/384 segment 1/5
2026-09-08T21:31:54.273+01:00 INFO : 1 points above threshold
2026-09-08T21:31:54.288+01:00 INFO : Filtering template 240/384 segment 2/5
2026-09-08T21:31:54.325+01:00 INFO : 1 points above threshold
2026-09-08T21:31:54.331+01:00 INFO : Filtering template 240/384 segment 3/5
2026-09-08T21:31:54.368+01:00 INFO : 2 points above threshold
2026-09-08T21:31:54.374+01:00 INFO : Filtering template 240/384 segment 4/5
2026-09-08T21:31:54.411+01:00 INFO : Filtering template 240/384 segment 5/5
2026-09-08T21:31:54.448+01:00 INFO : 240: generating IMRPhenomD from 30.0 Hz
2026-09-08T21:31:54.451+01:00 INFO : Decompressing waveform using inline_linear
2026-09-08T21:31:54.456+01:00 INFO : Filtering template 241/384 segment 1/5
2026-09-08T21:31:54.496+01:00 INFO : 1 points above threshold
2026-09-08T21:31:54.511+01:00 INFO : Filtering template 241/384 segment 2/5
2026-09-08T21:31:54.549+01:00 INFO : 2 points above threshold
2026-09-08T21:31:54.554+01:00 INFO : Filtering template 241/384 segment 3/5
2026-09-08T21:31:54.591+01:00 INFO : 1 points above threshold
2026-09-08T21:31:54.597+01:00 INFO : Filtering template 241/384 segment 4/5
2026-09-08T21:31:54.634+01:00 INFO : 1 points above threshold
2026-09-08T21:31:54.640+01:00 INFO : Filtering template 241/384 segment 5/5
2026-09-08T21:31:54.677+01:00 INFO : 241: generating IMRPhenomD from 30.0 Hz
2026-09-08T21:31:54.680+01:00 INFO : Decompressing waveform using inline_linear
2026-09-08T21:31:54.685+01:00 INFO : Filtering template 242/384 segment 1/5
2026-09-08T21:31:54.725+01:00 INFO : 1 points above threshold
2026-09-08T21:31:54.741+01:00 INFO : Filtering template 242/384 segment 2/5
2026-09-08T21:31:54.778+01:00 INFO : Filtering template 242/384 segment 3/5
2026-09-08T21:31:54.815+01:00 INFO : 1 points above threshold
2026-09-08T21:31:54.821+01:00 INFO : Filtering template 242/384 segment 4/5
2026-09-08T21:31:54.858+01:00 INFO : Filtering template 242/384 segment 5/5
2026-09-08T21:31:54.895+01:00 INFO : 1 points above threshold
2026-09-08T21:31:54.902+01:00 INFO : 242: generating IMRPhenomD from 30.0 Hz
2026-09-08T21:31:54.904+01:00 INFO : Decompressing waveform using inline_linear
2026-09-08T21:31:54.909+01:00 INFO : Filtering template 243/384 segment 1/5
2026-09-08T21:31:54.949+01:00 INFO : 1 points above threshold
2026-09-08T21:31:54.964+01:00 INFO : Filtering template 243/384 segment 2/5
2026-09-08T21:31:55.001+01:00 INFO : 1 points above threshold
2026-09-08T21:31:55.007+01:00 INFO : Filtering template 243/384 segment 3/5
2026-09-08T21:31:55.045+01:00 INFO : 2 points above threshold
2026-09-08T21:31:55.051+01:00 INFO : Filtering template 243/384 segment 4/5
2026-09-08T21:31:55.087+01:00 INFO : 1 points above threshold
2026-09-08T21:31:55.093+01:00 INFO : Filtering template 243/384 segment 5/5
2026-09-08T21:31:55.130+01:00 INFO : 1 points above threshold
2026-09-08T21:31:55.137+01:00 INFO : 243: generating IMRPhenomD from 30.0 Hz
2026-09-08T21:31:55.139+01:00 INFO : Decompressing waveform using inline_linear
2026-09-08T21:31:55.144+01:00 INFO : Filtering template 244/384 segment 1/5
2026-09-08T21:31:55.184+01:00 INFO : 1 points above threshold
2026-09-08T21:31:55.199+01:00 INFO : Filtering template 244/384 segment 2/5
2026-09-08T21:31:55.236+01:00 INFO : 3 points above threshold
2026-09-08T21:31:55.244+01:00 INFO : Filtering template 244/384 segment 3/5
2026-09-08T21:31:55.281+01:00 INFO : 3 points above threshold
2026-09-08T21:31:55.289+01:00 INFO : Filtering template 244/384 segment 4/5
2026-09-08T21:31:55.326+01:00 INFO : 1 points above threshold
2026-09-08T21:31:55.332+01:00 INFO : Filtering template 244/384 segment 5/5
2026-09-08T21:31:55.369+01:00 INFO : 1 points above threshold
2026-09-08T21:31:55.375+01:00 INFO : 244: generating IMRPhenomD from 30.0 Hz
2026-09-08T21:31:55.377+01:00 INFO : Decompressing waveform using inline_linear
2026-09-08T21:31:55.382+01:00 INFO : Filtering template 245/384 segment 1/5
2026-09-08T21:31:55.423+01:00 INFO : Filtering template 245/384 segment 2/5
2026-09-08T21:31:55.459+01:00 INFO : 2 points above threshold
2026-09-08T21:31:55.475+01:00 INFO : Filtering template 245/384 segment 3/5
2026-09-08T21:31:55.512+01:00 INFO : 2 points above threshold
2026-09-08T21:31:55.518+01:00 INFO : Filtering template 245/384 segment 4/5
2026-09-08T21:31:55.555+01:00 INFO : 1 points above threshold
2026-09-08T21:31:55.561+01:00 INFO : Filtering template 245/384 segment 5/5
2026-09-08T21:31:55.598+01:00 INFO : 245: generating IMRPhenomD from 30.0 Hz
2026-09-08T21:31:55.600+01:00 INFO : Decompressing waveform using inline_linear
2026-09-08T21:31:55.605+01:00 INFO : Filtering template 246/384 segment 1/5
2026-09-08T21:31:55.646+01:00 INFO : Filtering template 246/384 segment 2/5
2026-09-08T21:31:55.683+01:00 INFO : Filtering template 246/384 segment 3/5
2026-09-08T21:31:55.720+01:00 INFO : 1 points above threshold
2026-09-08T21:31:55.735+01:00 INFO : Filtering template 246/384 segment 4/5
2026-09-08T21:31:55.772+01:00 INFO : Filtering template 246/384 segment 5/5
2026-09-08T21:31:55.811+01:00 INFO : 246: generating IMRPhenomD from 30.0 Hz
2026-09-08T21:31:55.813+01:00 INFO : Decompressing waveform using inline_linear
2026-09-08T21:31:55.818+01:00 INFO : Filtering template 247/384 segment 1/5
2026-09-08T21:31:55.859+01:00 INFO : Filtering template 247/384 segment 2/5
2026-09-08T21:31:55.896+01:00 INFO : Filtering template 247/384 segment 3/5
2026-09-08T21:31:55.933+01:00 INFO : Filtering template 247/384 segment 4/5
2026-09-08T21:31:55.970+01:00 INFO : Filtering template 247/384 segment 5/5
2026-09-08T21:31:56.007+01:00 INFO : 247: generating IMRPhenomD from 30.0 Hz
2026-09-08T21:31:56.010+01:00 INFO : Decompressing waveform using inline_linear
2026-09-08T21:31:56.015+01:00 INFO : Filtering template 248/384 segment 1/5
2026-09-08T21:31:56.055+01:00 INFO : 2 points above threshold
2026-09-08T21:31:56.070+01:00 INFO : Filtering template 248/384 segment 2/5
2026-09-08T21:31:56.107+01:00 INFO : 1 points above threshold
2026-09-08T21:31:56.113+01:00 INFO : Filtering template 248/384 segment 3/5
2026-09-08T21:31:56.151+01:00 INFO : 2 points above threshold
2026-09-08T21:31:56.156+01:00 INFO : Filtering template 248/384 segment 4/5
2026-09-08T21:31:56.193+01:00 INFO : Filtering template 248/384 segment 5/5
2026-09-08T21:31:56.231+01:00 INFO : 248: generating IMRPhenomD from 30.0 Hz
2026-09-08T21:31:56.233+01:00 INFO : Decompressing waveform using inline_linear
2026-09-08T21:31:56.238+01:00 INFO : Filtering template 249/384 segment 1/5
2026-09-08T21:31:56.278+01:00 INFO : 1 points above threshold
2026-09-08T21:31:56.294+01:00 INFO : Filtering template 249/384 segment 2/5
2026-09-08T21:31:56.331+01:00 INFO : 1 points above threshold
2026-09-08T21:31:56.337+01:00 INFO : Filtering template 249/384 segment 3/5
2026-09-08T21:31:56.373+01:00 INFO : 2 points above threshold
2026-09-08T21:31:56.382+01:00 INFO : Filtering template 249/384 segment 4/5
2026-09-08T21:31:56.419+01:00 INFO : 2 points above threshold
2026-09-08T21:31:56.425+01:00 INFO : Filtering template 249/384 segment 5/5
2026-09-08T21:31:56.462+01:00 INFO : 1 points above threshold
2026-09-08T21:31:56.468+01:00 INFO : 249: generating IMRPhenomD from 30.0 Hz
2026-09-08T21:31:56.471+01:00 INFO : Decompressing waveform using inline_linear
2026-09-08T21:31:56.476+01:00 INFO : Filtering template 250/384 segment 1/5
2026-09-08T21:31:56.516+01:00 INFO : Filtering template 250/384 segment 2/5
2026-09-08T21:31:56.553+01:00 INFO : 1 points above threshold
2026-09-08T21:31:56.568+01:00 INFO : Filtering template 250/384 segment 3/5
2026-09-08T21:31:56.605+01:00 INFO : 2 points above threshold
2026-09-08T21:31:56.611+01:00 INFO : Filtering template 250/384 segment 4/5
2026-09-08T21:31:56.648+01:00 INFO : 2 points above threshold
2026-09-08T21:31:56.653+01:00 INFO : Filtering template 250/384 segment 5/5
2026-09-08T21:31:56.691+01:00 INFO : 250: generating IMRPhenomD from 30.0 Hz
2026-09-08T21:31:56.693+01:00 INFO : Decompressing waveform using inline_linear
2026-09-08T21:31:56.698+01:00 INFO : Filtering template 251/384 segment 1/5
2026-09-08T21:31:56.738+01:00 INFO : 3 points above threshold
2026-09-08T21:31:56.756+01:00 INFO : Filtering template 251/384 segment 2/5
2026-09-08T21:31:56.793+01:00 INFO : Filtering template 251/384 segment 3/5
2026-09-08T21:31:56.830+01:00 INFO : Filtering template 251/384 segment 4/5
2026-09-08T21:31:56.867+01:00 INFO : 2 points above threshold
2026-09-08T21:31:56.873+01:00 INFO : Filtering template 251/384 segment 5/5
2026-09-08T21:31:56.910+01:00 INFO : 1 points above threshold
2026-09-08T21:31:56.916+01:00 INFO : 251: generating IMRPhenomD from 30.0 Hz
2026-09-08T21:31:56.919+01:00 INFO : Decompressing waveform using inline_linear
2026-09-08T21:31:56.923+01:00 INFO : Filtering template 252/384 segment 1/5
2026-09-08T21:31:56.964+01:00 INFO : 3 points above threshold
2026-09-08T21:31:56.981+01:00 INFO : Filtering template 252/384 segment 2/5
2026-09-08T21:31:57.018+01:00 INFO : 2 points above threshold
2026-09-08T21:31:57.024+01:00 INFO : Filtering template 252/384 segment 3/5
2026-09-08T21:31:57.061+01:00 INFO : 3 points above threshold
2026-09-08T21:31:57.068+01:00 INFO : Filtering template 252/384 segment 4/5
2026-09-08T21:31:57.105+01:00 INFO : 3 points above threshold
2026-09-08T21:31:57.113+01:00 INFO : Filtering template 252/384 segment 5/5
2026-09-08T21:31:57.151+01:00 INFO : 252: generating IMRPhenomD from 30.0 Hz
2026-09-08T21:31:57.153+01:00 INFO : Decompressing waveform using inline_linear
2026-09-08T21:31:57.158+01:00 INFO : Filtering template 253/384 segment 1/5
2026-09-08T21:31:57.199+01:00 INFO : 4 points above threshold
2026-09-08T21:31:57.214+01:00 INFO : Filtering template 253/384 segment 2/5
2026-09-08T21:31:57.251+01:00 INFO : Filtering template 253/384 segment 3/5
2026-09-08T21:31:57.288+01:00 INFO : 1 points above threshold
2026-09-08T21:31:57.294+01:00 INFO : Filtering template 253/384 segment 4/5
2026-09-08T21:31:57.331+01:00 INFO : 2 points above threshold
2026-09-08T21:31:57.337+01:00 INFO : Filtering template 253/384 segment 5/5
2026-09-08T21:31:57.374+01:00 INFO : 253: generating IMRPhenomD from 30.0 Hz
2026-09-08T21:31:57.376+01:00 INFO : Decompressing waveform using inline_linear
2026-09-08T21:31:57.381+01:00 INFO : Filtering template 254/384 segment 1/5
2026-09-08T21:31:57.421+01:00 INFO : 3 points above threshold
2026-09-08T21:31:57.441+01:00 INFO : Filtering template 254/384 segment 2/5
2026-09-08T21:31:57.478+01:00 INFO : 2 points above threshold
2026-09-08T21:31:57.484+01:00 INFO : Filtering template 254/384 segment 3/5
2026-09-08T21:31:57.521+01:00 INFO : 2 points above threshold
2026-09-08T21:31:57.527+01:00 INFO : Filtering template 254/384 segment 4/5
2026-09-08T21:31:57.564+01:00 INFO : 4 points above threshold
2026-09-08T21:31:57.570+01:00 INFO : Filtering template 254/384 segment 5/5
2026-09-08T21:31:57.607+01:00 INFO : 1 points above threshold
2026-09-08T21:31:57.613+01:00 INFO : 254: generating IMRPhenomD from 30.0 Hz
2026-09-08T21:31:57.616+01:00 INFO : Decompressing waveform using inline_linear
2026-09-08T21:31:57.621+01:00 INFO : Filtering template 255/384 segment 1/5
2026-09-08T21:31:57.661+01:00 INFO : 3 points above threshold
2026-09-08T21:31:57.678+01:00 INFO : Filtering template 255/384 segment 2/5
2026-09-08T21:31:57.715+01:00 INFO : 3 points above threshold
2026-09-08T21:31:57.723+01:00 INFO : Filtering template 255/384 segment 3/5
2026-09-08T21:31:57.760+01:00 INFO : Filtering template 255/384 segment 4/5
2026-09-08T21:31:57.797+01:00 INFO : Filtering template 255/384 segment 5/5
2026-09-08T21:31:57.834+01:00 INFO : 1 points above threshold
2026-09-08T21:31:57.840+01:00 INFO : 255: generating IMRPhenomD from 30.0 Hz
2026-09-08T21:31:57.843+01:00 INFO : Decompressing waveform using inline_linear
2026-09-08T21:31:57.848+01:00 INFO : Filtering template 256/384 segment 1/5
2026-09-08T21:31:57.892+01:00 INFO : 2 points above threshold
2026-09-08T21:31:57.908+01:00 INFO : Filtering template 256/384 segment 2/5
2026-09-08T21:31:57.950+01:00 INFO : 1 points above threshold
2026-09-08T21:31:57.956+01:00 INFO : Filtering template 256/384 segment 3/5
2026-09-08T21:31:57.993+01:00 INFO : 1 points above threshold
2026-09-08T21:31:57.999+01:00 INFO : Filtering template 256/384 segment 4/5
2026-09-08T21:31:58.036+01:00 INFO : 1 points above threshold
2026-09-08T21:31:58.042+01:00 INFO : Filtering template 256/384 segment 5/5
2026-09-08T21:31:58.079+01:00 INFO : 256: generating IMRPhenomD from 30.0 Hz
2026-09-08T21:31:58.082+01:00 INFO : Decompressing waveform using inline_linear
2026-09-08T21:31:58.087+01:00 INFO : Filtering template 257/384 segment 1/5
2026-09-08T21:31:58.127+01:00 INFO : 2 points above threshold
2026-09-08T21:31:58.142+01:00 INFO : Filtering template 257/384 segment 2/5
2026-09-08T21:31:58.179+01:00 INFO : 2 points above threshold
2026-09-08T21:31:58.186+01:00 INFO : Filtering template 257/384 segment 3/5
2026-09-08T21:31:58.223+01:00 INFO : 1 points above threshold
2026-09-08T21:31:58.229+01:00 INFO : Filtering template 257/384 segment 4/5
2026-09-08T21:31:58.266+01:00 INFO : 2 points above threshold
2026-09-08T21:31:58.272+01:00 INFO : Filtering template 257/384 segment 5/5
2026-09-08T21:31:58.309+01:00 INFO : 257: generating IMRPhenomD from 30.0 Hz
2026-09-08T21:31:58.312+01:00 INFO : Decompressing waveform using inline_linear
2026-09-08T21:31:58.317+01:00 INFO : Filtering template 258/384 segment 1/5
2026-09-08T21:31:58.357+01:00 INFO : 1 points above threshold
2026-09-08T21:31:58.372+01:00 INFO : Filtering template 258/384 segment 2/5
2026-09-08T21:31:58.409+01:00 INFO : 1 points above threshold
2026-09-08T21:31:58.415+01:00 INFO : Filtering template 258/384 segment 3/5
2026-09-08T21:31:58.453+01:00 INFO : 2 points above threshold
2026-09-08T21:31:58.458+01:00 INFO : Filtering template 258/384 segment 4/5
2026-09-08T21:31:58.495+01:00 INFO : 1 points above threshold
2026-09-08T21:31:58.501+01:00 INFO : Filtering template 258/384 segment 5/5
2026-09-08T21:31:58.539+01:00 INFO : 258: generating IMRPhenomD from 30.0 Hz
2026-09-08T21:31:58.541+01:00 INFO : Decompressing waveform using inline_linear
2026-09-08T21:31:58.546+01:00 INFO : Filtering template 259/384 segment 1/5
2026-09-08T21:31:58.586+01:00 INFO : 3 points above threshold
2026-09-08T21:31:58.604+01:00 INFO : Filtering template 259/384 segment 2/5
2026-09-08T21:31:58.641+01:00 INFO : Filtering template 259/384 segment 3/5
2026-09-08T21:31:58.678+01:00 INFO : 1 points above threshold
2026-09-08T21:31:58.684+01:00 INFO : Filtering template 259/384 segment 4/5
2026-09-08T21:31:58.721+01:00 INFO : Filtering template 259/384 segment 5/5
2026-09-08T21:31:58.758+01:00 INFO : 259: generating IMRPhenomD from 30.0 Hz
2026-09-08T21:31:58.761+01:00 INFO : Decompressing waveform using inline_linear
2026-09-08T21:31:58.766+01:00 INFO : Filtering template 260/384 segment 1/5
2026-09-08T21:31:58.806+01:00 INFO : 1 points above threshold
2026-09-08T21:31:58.824+01:00 INFO : Filtering template 260/384 segment 2/5
2026-09-08T21:31:58.861+01:00 INFO : 1 points above threshold
2026-09-08T21:31:58.867+01:00 INFO : Filtering template 260/384 segment 3/5
2026-09-08T21:31:58.904+01:00 INFO : 1 points above threshold
2026-09-08T21:31:58.910+01:00 INFO : Filtering template 260/384 segment 4/5
2026-09-08T21:31:58.947+01:00 INFO : 1 points above threshold
2026-09-08T21:31:58.953+01:00 INFO : Filtering template 260/384 segment 5/5
2026-09-08T21:31:58.990+01:00 INFO : 1 points above threshold
2026-09-08T21:31:58.996+01:00 INFO : 260: generating IMRPhenomD from 30.0 Hz
2026-09-08T21:31:58.999+01:00 INFO : Decompressing waveform using inline_linear
2026-09-08T21:31:59.004+01:00 INFO : Filtering template 261/384 segment 1/5
2026-09-08T21:31:59.044+01:00 INFO : Filtering template 261/384 segment 2/5
2026-09-08T21:31:59.081+01:00 INFO : Filtering template 261/384 segment 3/5
2026-09-08T21:31:59.118+01:00 INFO : 1 points above threshold
2026-09-08T21:31:59.134+01:00 INFO : Filtering template 261/384 segment 4/5
2026-09-08T21:31:59.171+01:00 INFO : 2 points above threshold
2026-09-08T21:31:59.177+01:00 INFO : Filtering template 261/384 segment 5/5
2026-09-08T21:31:59.214+01:00 INFO : 261: generating IMRPhenomD from 30.0 Hz
2026-09-08T21:31:59.217+01:00 INFO : Decompressing waveform using inline_linear
2026-09-08T21:31:59.222+01:00 INFO : Filtering template 262/384 segment 1/5
2026-09-08T21:31:59.262+01:00 INFO : 2 points above threshold
2026-09-08T21:31:59.277+01:00 INFO : Filtering template 262/384 segment 2/5
2026-09-08T21:31:59.315+01:00 INFO : 2 points above threshold
2026-09-08T21:31:59.321+01:00 INFO : Filtering template 262/384 segment 3/5
2026-09-08T21:31:59.358+01:00 INFO : Filtering template 262/384 segment 4/5
2026-09-08T21:31:59.395+01:00 INFO : 2 points above threshold
2026-09-08T21:31:59.401+01:00 INFO : Filtering template 262/384 segment 5/5
2026-09-08T21:31:59.438+01:00 INFO : 2 points above threshold
2026-09-08T21:31:59.444+01:00 INFO : 262: generating IMRPhenomD from 30.0 Hz
2026-09-08T21:31:59.446+01:00 INFO : Decompressing waveform using inline_linear
2026-09-08T21:31:59.451+01:00 INFO : Filtering template 263/384 segment 1/5
2026-09-08T21:31:59.492+01:00 INFO : Filtering template 263/384 segment 2/5
2026-09-08T21:31:59.529+01:00 INFO : 1 points above threshold
2026-09-08T21:31:59.544+01:00 INFO : Filtering template 263/384 segment 3/5
2026-09-08T21:31:59.581+01:00 INFO : 1 points above threshold
2026-09-08T21:31:59.587+01:00 INFO : Filtering template 263/384 segment 4/5
2026-09-08T21:31:59.624+01:00 INFO : 3 points above threshold
2026-09-08T21:31:59.632+01:00 INFO : Filtering template 263/384 segment 5/5
2026-09-08T21:31:59.669+01:00 INFO : 263: generating IMRPhenomD from 30.0 Hz
2026-09-08T21:31:59.672+01:00 INFO : Decompressing waveform using inline_linear
2026-09-08T21:31:59.677+01:00 INFO : Filtering template 264/384 segment 1/5
2026-09-08T21:31:59.717+01:00 INFO : 2 points above threshold
2026-09-08T21:31:59.732+01:00 INFO : Filtering template 264/384 segment 2/5
2026-09-08T21:31:59.769+01:00 INFO : 1 points above threshold
2026-09-08T21:31:59.775+01:00 INFO : Filtering template 264/384 segment 3/5
2026-09-08T21:31:59.812+01:00 INFO : 1 points above threshold
2026-09-08T21:31:59.819+01:00 INFO : Filtering template 264/384 segment 4/5
2026-09-08T21:31:59.856+01:00 INFO : 3 points above threshold
2026-09-08T21:31:59.863+01:00 INFO : Filtering template 264/384 segment 5/5
2026-09-08T21:31:59.901+01:00 INFO : 3 points above threshold
2026-09-08T21:31:59.909+01:00 INFO : 264: generating IMRPhenomD from 30.0 Hz
2026-09-08T21:31:59.911+01:00 INFO : Decompressing waveform using inline_linear
2026-09-08T21:31:59.916+01:00 INFO : Filtering template 265/384 segment 1/5
2026-09-08T21:31:59.956+01:00 INFO : 1 points above threshold
2026-09-08T21:31:59.972+01:00 INFO : Filtering template 265/384 segment 2/5
2026-09-08T21:32:00.009+01:00 INFO : 1 points above threshold
2026-09-08T21:32:00.015+01:00 INFO : Filtering template 265/384 segment 3/5
2026-09-08T21:32:00.052+01:00 INFO : 1 points above threshold
2026-09-08T21:32:00.058+01:00 INFO : Filtering template 265/384 segment 4/5
2026-09-08T21:32:00.095+01:00 INFO : Filtering template 265/384 segment 5/5
2026-09-08T21:32:00.132+01:00 INFO : 1 points above threshold
2026-09-08T21:32:00.138+01:00 INFO : 265: generating IMRPhenomD from 30.0 Hz
2026-09-08T21:32:00.141+01:00 INFO : Decompressing waveform using inline_linear
2026-09-08T21:32:00.146+01:00 INFO : Filtering template 266/384 segment 1/5
2026-09-08T21:32:00.186+01:00 INFO : 3 points above threshold
2026-09-08T21:32:00.203+01:00 INFO : Filtering template 266/384 segment 2/5
2026-09-08T21:32:00.240+01:00 INFO : 3 points above threshold
2026-09-08T21:32:00.248+01:00 INFO : Filtering template 266/384 segment 3/5
2026-09-08T21:32:00.285+01:00 INFO : Filtering template 266/384 segment 4/5
2026-09-08T21:32:00.322+01:00 INFO : 1 points above threshold
2026-09-08T21:32:00.328+01:00 INFO : Filtering template 266/384 segment 5/5
2026-09-08T21:32:00.366+01:00 INFO : 266: generating IMRPhenomD from 30.0 Hz
2026-09-08T21:32:00.369+01:00 INFO : Decompressing waveform using inline_linear
2026-09-08T21:32:00.374+01:00 INFO : Filtering template 267/384 segment 1/5
2026-09-08T21:32:00.414+01:00 INFO : Filtering template 267/384 segment 2/5
2026-09-08T21:32:00.451+01:00 INFO : 1 points above threshold
2026-09-08T21:32:00.467+01:00 INFO : Filtering template 267/384 segment 3/5
2026-09-08T21:32:00.504+01:00 INFO : 2 points above threshold
2026-09-08T21:32:00.509+01:00 INFO : Filtering template 267/384 segment 4/5
2026-09-08T21:32:00.547+01:00 INFO : Filtering template 267/384 segment 5/5
2026-09-08T21:32:00.584+01:00 INFO : 2 points above threshold
2026-09-08T21:32:00.590+01:00 INFO : 267: generating IMRPhenomD from 30.0 Hz
2026-09-08T21:32:00.592+01:00 INFO : Decompressing waveform using inline_linear
2026-09-08T21:32:00.597+01:00 INFO : Filtering template 268/384 segment 1/5
2026-09-08T21:32:00.638+01:00 INFO : 1 points above threshold
2026-09-08T21:32:00.653+01:00 INFO : Filtering template 268/384 segment 2/5
2026-09-08T21:32:00.690+01:00 INFO : Filtering template 268/384 segment 3/5
2026-09-08T21:32:00.727+01:00 INFO : 1 points above threshold
2026-09-08T21:32:00.733+01:00 INFO : Filtering template 268/384 segment 4/5
2026-09-08T21:32:00.770+01:00 INFO : Filtering template 268/384 segment 5/5
2026-09-08T21:32:00.807+01:00 INFO : 2 points above threshold
2026-09-08T21:32:00.813+01:00 INFO : 268: generating IMRPhenomD from 30.0 Hz
2026-09-08T21:32:00.815+01:00 INFO : Decompressing waveform using inline_linear
2026-09-08T21:32:00.820+01:00 INFO : Filtering template 269/384 segment 1/5
2026-09-08T21:32:00.861+01:00 INFO : Filtering template 269/384 segment 2/5
2026-09-08T21:32:00.898+01:00 INFO : 1 points above threshold
2026-09-08T21:32:00.913+01:00 INFO : Filtering template 269/384 segment 3/5
2026-09-08T21:32:00.950+01:00 INFO : Filtering template 269/384 segment 4/5
2026-09-08T21:32:00.987+01:00 INFO : 1 points above threshold
2026-09-08T21:32:00.993+01:00 INFO : Filtering template 269/384 segment 5/5
2026-09-08T21:32:01.030+01:00 INFO : 269: generating IMRPhenomD from 30.0 Hz
2026-09-08T21:32:01.033+01:00 INFO : Decompressing waveform using inline_linear
2026-09-08T21:32:01.038+01:00 INFO : Filtering template 270/384 segment 1/5
2026-09-08T21:32:01.078+01:00 INFO : Filtering template 270/384 segment 2/5
2026-09-08T21:32:01.115+01:00 INFO : Filtering template 270/384 segment 3/5
2026-09-08T21:32:01.152+01:00 INFO : Filtering template 270/384 segment 4/5
2026-09-08T21:32:01.190+01:00 INFO : 1 points above threshold
2026-09-08T21:32:01.205+01:00 INFO : Filtering template 270/384 segment 5/5
2026-09-08T21:32:01.242+01:00 INFO : 270: generating IMRPhenomD from 30.0 Hz
2026-09-08T21:32:01.247+01:00 INFO : Decompressing waveform using inline_linear
2026-09-08T21:32:01.252+01:00 INFO : Filtering template 271/384 segment 1/5
2026-09-08T21:32:01.292+01:00 INFO : 2 points above threshold
2026-09-08T21:32:01.307+01:00 INFO : Filtering template 271/384 segment 2/5
2026-09-08T21:32:01.344+01:00 INFO : Filtering template 271/384 segment 3/5
2026-09-08T21:32:01.381+01:00 INFO : 1 points above threshold
2026-09-08T21:32:01.386+01:00 INFO : Filtering template 271/384 segment 4/5
2026-09-08T21:32:01.423+01:00 INFO : 1 points above threshold
2026-09-08T21:32:01.429+01:00 INFO : Filtering template 271/384 segment 5/5
2026-09-08T21:32:01.466+01:00 INFO : 3 points above threshold
2026-09-08T21:32:01.474+01:00 INFO : 271: generating IMRPhenomD from 30.0 Hz
2026-09-08T21:32:01.476+01:00 INFO : Decompressing waveform using inline_linear
2026-09-08T21:32:01.481+01:00 INFO : Filtering template 272/384 segment 1/5
2026-09-08T21:32:01.521+01:00 INFO : 2 points above threshold
2026-09-08T21:32:01.537+01:00 INFO : Filtering template 272/384 segment 2/5
2026-09-08T21:32:01.573+01:00 INFO : 1 points above threshold
2026-09-08T21:32:01.579+01:00 INFO : Filtering template 272/384 segment 3/5
2026-09-08T21:32:01.616+01:00 INFO : 1 points above threshold
2026-09-08T21:32:01.622+01:00 INFO : Filtering template 272/384 segment 4/5
2026-09-08T21:32:01.658+01:00 INFO : Filtering template 272/384 segment 5/5
2026-09-08T21:32:01.695+01:00 INFO : 1 points above threshold
2026-09-08T21:32:01.701+01:00 INFO : 272: generating IMRPhenomD from 30.0 Hz
2026-09-08T21:32:01.704+01:00 INFO : Decompressing waveform using inline_linear
2026-09-08T21:32:01.709+01:00 INFO : Filtering template 273/384 segment 1/5
2026-09-08T21:32:01.749+01:00 INFO : 1 points above threshold
2026-09-08T21:32:01.764+01:00 INFO : Filtering template 273/384 segment 2/5
2026-09-08T21:32:01.801+01:00 INFO : Filtering template 273/384 segment 3/5
2026-09-08T21:32:01.837+01:00 INFO : 1 points above threshold
2026-09-08T21:32:01.843+01:00 INFO : Filtering template 273/384 segment 4/5
2026-09-08T21:32:01.881+01:00 INFO : 2 points above threshold
2026-09-08T21:32:01.886+01:00 INFO : Filtering template 273/384 segment 5/5
2026-09-08T21:32:01.924+01:00 INFO : 273: generating IMRPhenomD from 30.0 Hz
2026-09-08T21:32:01.926+01:00 INFO : Decompressing waveform using inline_linear
2026-09-08T21:32:01.931+01:00 INFO : Filtering template 274/384 segment 1/5
2026-09-08T21:32:01.971+01:00 INFO : 1 points above threshold
2026-09-08T21:32:01.987+01:00 INFO : Filtering template 274/384 segment 2/5
2026-09-08T21:32:02.024+01:00 INFO : 2 points above threshold
2026-09-08T21:32:02.030+01:00 INFO : Filtering template 274/384 segment 3/5
2026-09-08T21:32:02.067+01:00 INFO : 3 points above threshold
2026-09-08T21:32:02.074+01:00 INFO : Filtering template 274/384 segment 4/5
2026-09-08T21:32:02.111+01:00 INFO : 1 points above threshold
2026-09-08T21:32:02.117+01:00 INFO : Filtering template 274/384 segment 5/5
2026-09-08T21:32:02.154+01:00 INFO : 3 points above threshold
2026-09-08T21:32:02.162+01:00 INFO : 274: generating IMRPhenomD from 30.0 Hz
2026-09-08T21:32:02.165+01:00 INFO : Decompressing waveform using inline_linear
2026-09-08T21:32:02.170+01:00 INFO : Filtering template 275/384 segment 1/5
2026-09-08T21:32:02.210+01:00 INFO : 1 points above threshold
2026-09-08T21:32:02.225+01:00 INFO : Filtering template 275/384 segment 2/5
2026-09-08T21:32:02.262+01:00 INFO : 1 points above threshold
2026-09-08T21:32:02.268+01:00 INFO : Filtering template 275/384 segment 3/5
2026-09-08T21:32:02.305+01:00 INFO : Filtering template 275/384 segment 4/5
2026-09-08T21:32:02.342+01:00 INFO : 2 points above threshold
2026-09-08T21:32:02.348+01:00 INFO : Filtering template 275/384 segment 5/5
2026-09-08T21:32:02.385+01:00 INFO : 1 points above threshold
2026-09-08T21:32:02.391+01:00 INFO : 275: generating IMRPhenomD from 30.0 Hz
2026-09-08T21:32:02.394+01:00 INFO : Decompressing waveform using inline_linear
2026-09-08T21:32:02.398+01:00 INFO : Filtering template 276/384 segment 1/5
2026-09-08T21:32:02.439+01:00 INFO : 2 points above threshold
2026-09-08T21:32:02.454+01:00 INFO : Filtering template 276/384 segment 2/5
2026-09-08T21:32:02.491+01:00 INFO : 2 points above threshold
2026-09-08T21:32:02.497+01:00 INFO : Filtering template 276/384 segment 3/5
2026-09-08T21:32:02.534+01:00 INFO : 2 points above threshold
2026-09-08T21:32:02.540+01:00 INFO : Filtering template 276/384 segment 4/5
2026-09-08T21:32:02.577+01:00 INFO : 4 points above threshold
2026-09-08T21:32:02.583+01:00 INFO : Filtering template 276/384 segment 5/5
2026-09-08T21:32:02.620+01:00 INFO : 1 points above threshold
2026-09-08T21:32:02.626+01:00 INFO : 276: generating IMRPhenomD from 30.0 Hz
2026-09-08T21:32:02.628+01:00 INFO : Decompressing waveform using inline_linear
2026-09-08T21:32:02.633+01:00 INFO : Filtering template 277/384 segment 1/5
2026-09-08T21:32:02.673+01:00 INFO : 2 points above threshold
2026-09-08T21:32:02.689+01:00 INFO : Filtering template 277/384 segment 2/5
2026-09-08T21:32:02.725+01:00 INFO : Filtering template 277/384 segment 3/5
2026-09-08T21:32:02.763+01:00 INFO : Filtering template 277/384 segment 4/5
2026-09-08T21:32:02.800+01:00 INFO : 1 points above threshold
2026-09-08T21:32:02.805+01:00 INFO : Filtering template 277/384 segment 5/5
2026-09-08T21:32:02.843+01:00 INFO : 277: generating IMRPhenomD from 30.0 Hz
2026-09-08T21:32:02.845+01:00 INFO : Decompressing waveform using inline_linear
2026-09-08T21:32:02.850+01:00 INFO : Filtering template 278/384 segment 1/5
2026-09-08T21:32:02.891+01:00 INFO : Filtering template 278/384 segment 2/5
2026-09-08T21:32:02.928+01:00 INFO : 2 points above threshold
2026-09-08T21:32:02.943+01:00 INFO : Filtering template 278/384 segment 3/5
2026-09-08T21:32:02.982+01:00 INFO : Filtering template 278/384 segment 4/5
2026-09-08T21:32:03.022+01:00 INFO : 1 points above threshold
2026-09-08T21:32:03.028+01:00 INFO : Filtering template 278/384 segment 5/5
2026-09-08T21:32:03.067+01:00 INFO : 1 points above threshold
2026-09-08T21:32:03.073+01:00 INFO : 278: generating IMRPhenomD from 30.0 Hz
2026-09-08T21:32:03.075+01:00 INFO : Decompressing waveform using inline_linear
2026-09-08T21:32:03.080+01:00 INFO : Filtering template 279/384 segment 1/5
2026-09-08T21:32:03.120+01:00 INFO : 2 points above threshold
2026-09-08T21:32:03.139+01:00 INFO : Filtering template 279/384 segment 2/5
2026-09-08T21:32:03.175+01:00 INFO : 1 points above threshold
2026-09-08T21:32:03.181+01:00 INFO : Filtering template 279/384 segment 3/5
2026-09-08T21:32:03.218+01:00 INFO : 1 points above threshold
2026-09-08T21:32:03.224+01:00 INFO : Filtering template 279/384 segment 4/5
2026-09-08T21:32:03.261+01:00 INFO : 3 points above threshold
2026-09-08T21:32:03.269+01:00 INFO : Filtering template 279/384 segment 5/5
2026-09-08T21:32:03.306+01:00 INFO : 279: generating IMRPhenomD from 30.0 Hz
2026-09-08T21:32:03.308+01:00 INFO : Decompressing waveform using inline_linear
2026-09-08T21:32:03.313+01:00 INFO : Filtering template 280/384 segment 1/5
2026-09-08T21:32:03.353+01:00 INFO : 2 points above threshold
2026-09-08T21:32:03.372+01:00 INFO : Filtering template 280/384 segment 2/5
2026-09-08T21:32:03.409+01:00 INFO : 1 points above threshold
2026-09-08T21:32:03.415+01:00 INFO : Filtering template 280/384 segment 3/5
2026-09-08T21:32:03.452+01:00 INFO : 1 points above threshold
2026-09-08T21:32:03.458+01:00 INFO : Filtering template 280/384 segment 4/5
2026-09-08T21:32:03.495+01:00 INFO : 1 points above threshold
2026-09-08T21:32:03.501+01:00 INFO : Filtering template 280/384 segment 5/5
2026-09-08T21:32:03.538+01:00 INFO : 280: generating IMRPhenomD from 30.0 Hz
2026-09-08T21:32:03.541+01:00 INFO : Decompressing waveform using inline_linear
2026-09-08T21:32:03.546+01:00 INFO : Filtering template 281/384 segment 1/5
2026-09-08T21:32:03.586+01:00 INFO : 2 points above threshold
2026-09-08T21:32:03.601+01:00 INFO : Filtering template 281/384 segment 2/5
2026-09-08T21:32:03.638+01:00 INFO : Filtering template 281/384 segment 3/5
2026-09-08T21:32:03.675+01:00 INFO : Filtering template 281/384 segment 4/5
2026-09-08T21:32:03.712+01:00 INFO : 3 points above threshold
2026-09-08T21:32:03.720+01:00 INFO : Filtering template 281/384 segment 5/5
2026-09-08T21:32:03.757+01:00 INFO : 3 points above threshold
2026-09-08T21:32:03.765+01:00 INFO : 281: generating IMRPhenomD from 30.0 Hz
2026-09-08T21:32:03.767+01:00 INFO : Decompressing waveform using inline_linear
2026-09-08T21:32:03.772+01:00 INFO : Filtering template 282/384 segment 1/5
2026-09-08T21:32:03.812+01:00 INFO : Filtering template 282/384 segment 2/5
2026-09-08T21:32:03.849+01:00 INFO : 1 points above threshold
2026-09-08T21:32:03.865+01:00 INFO : Filtering template 282/384 segment 3/5
2026-09-08T21:32:03.902+01:00 INFO : Filtering template 282/384 segment 4/5
2026-09-08T21:32:03.939+01:00 INFO : 2 points above threshold
2026-09-08T21:32:03.945+01:00 INFO : Filtering template 282/384 segment 5/5
2026-09-08T21:32:03.982+01:00 INFO : 3 points above threshold
2026-09-08T21:32:03.990+01:00 INFO : 282: generating IMRPhenomD from 30.0 Hz
2026-09-08T21:32:03.992+01:00 INFO : Decompressing waveform using inline_linear
2026-09-08T21:32:03.997+01:00 INFO : Filtering template 283/384 segment 1/5
2026-09-08T21:32:04.037+01:00 INFO : Filtering template 283/384 segment 2/5
2026-09-08T21:32:04.074+01:00 INFO : 1 points above threshold
2026-09-08T21:32:04.089+01:00 INFO : Filtering template 283/384 segment 3/5
2026-09-08T21:32:04.126+01:00 INFO : Filtering template 283/384 segment 4/5
2026-09-08T21:32:04.164+01:00 INFO : 5 points above threshold
2026-09-08T21:32:04.172+01:00 INFO : Filtering template 283/384 segment 5/5
2026-09-08T21:32:04.209+01:00 INFO : 3 points above threshold
2026-09-08T21:32:04.217+01:00 INFO : 283: generating IMRPhenomD from 30.0 Hz
2026-09-08T21:32:04.220+01:00 INFO : Decompressing waveform using inline_linear
2026-09-08T21:32:04.225+01:00 INFO : Filtering template 284/384 segment 1/5
2026-09-08T21:32:04.265+01:00 INFO : 2 points above threshold
2026-09-08T21:32:04.280+01:00 INFO : Filtering template 284/384 segment 2/5
2026-09-08T21:32:04.317+01:00 INFO : 1 points above threshold
2026-09-08T21:32:04.323+01:00 INFO : Filtering template 284/384 segment 3/5
2026-09-08T21:32:04.360+01:00 INFO : 2 points above threshold
2026-09-08T21:32:04.366+01:00 INFO : Filtering template 284/384 segment 4/5
2026-09-08T21:32:04.403+01:00 INFO : 1 points above threshold
2026-09-08T21:32:04.409+01:00 INFO : Filtering template 284/384 segment 5/5
2026-09-08T21:32:04.446+01:00 INFO : 284: generating IMRPhenomD from 30.0 Hz
2026-09-08T21:32:04.449+01:00 INFO : Decompressing waveform using inline_linear
2026-09-08T21:32:04.454+01:00 INFO : Filtering template 285/384 segment 1/5
2026-09-08T21:32:04.494+01:00 INFO : 1 points above threshold
2026-09-08T21:32:04.509+01:00 INFO : Filtering template 285/384 segment 2/5
2026-09-08T21:32:04.546+01:00 INFO : 1 points above threshold
2026-09-08T21:32:04.552+01:00 INFO : Filtering template 285/384 segment 3/5
2026-09-08T21:32:04.589+01:00 INFO : 1 points above threshold
2026-09-08T21:32:04.595+01:00 INFO : Filtering template 285/384 segment 4/5
2026-09-08T21:32:04.632+01:00 INFO : 3 points above threshold
2026-09-08T21:32:04.640+01:00 INFO : Filtering template 285/384 segment 5/5
2026-09-08T21:32:04.678+01:00 INFO : 285: generating IMRPhenomD from 30.0 Hz
2026-09-08T21:32:04.680+01:00 INFO : Decompressing waveform using inline_linear
2026-09-08T21:32:04.685+01:00 INFO : Filtering template 286/384 segment 1/5
2026-09-08T21:32:04.725+01:00 INFO : 3 points above threshold
2026-09-08T21:32:04.743+01:00 INFO : Filtering template 286/384 segment 2/5
2026-09-08T21:32:04.780+01:00 INFO : 1 points above threshold
2026-09-08T21:32:04.786+01:00 INFO : Filtering template 286/384 segment 3/5
2026-09-08T21:32:04.822+01:00 INFO : Filtering template 286/384 segment 4/5
2026-09-08T21:32:04.859+01:00 INFO : Filtering template 286/384 segment 5/5
2026-09-08T21:32:04.897+01:00 INFO : 286: generating IMRPhenomD from 30.0 Hz
2026-09-08T21:32:04.899+01:00 INFO : Decompressing waveform using inline_linear
2026-09-08T21:32:04.904+01:00 INFO : Filtering template 287/384 segment 1/5
2026-09-08T21:32:04.944+01:00 INFO : 2 points above threshold
2026-09-08T21:32:04.959+01:00 INFO : Filtering template 287/384 segment 2/5
2026-09-08T21:32:04.996+01:00 INFO : 4 points above threshold
2026-09-08T21:32:05.002+01:00 INFO : Filtering template 287/384 segment 3/5
2026-09-08T21:32:05.039+01:00 INFO : 1 points above threshold
2026-09-08T21:32:05.045+01:00 INFO : Filtering template 287/384 segment 4/5
2026-09-08T21:32:05.082+01:00 INFO : 3 points above threshold
2026-09-08T21:32:05.090+01:00 INFO : Filtering template 287/384 segment 5/5
2026-09-08T21:32:05.127+01:00 INFO : 2 points above threshold
2026-09-08T21:32:05.133+01:00 INFO : 287: generating IMRPhenomD from 30.0 Hz
2026-09-08T21:32:05.136+01:00 INFO : Decompressing waveform using inline_linear
2026-09-08T21:32:05.141+01:00 INFO : Filtering template 288/384 segment 1/5
2026-09-08T21:32:05.181+01:00 INFO : 1 points above threshold
2026-09-08T21:32:05.196+01:00 INFO : Filtering template 288/384 segment 2/5
2026-09-08T21:32:05.234+01:00 INFO : 2 points above threshold
2026-09-08T21:32:05.239+01:00 INFO : Filtering template 288/384 segment 3/5
2026-09-08T21:32:05.276+01:00 INFO : 2 points above threshold
2026-09-08T21:32:05.282+01:00 INFO : Filtering template 288/384 segment 4/5
2026-09-08T21:32:05.319+01:00 INFO : 1 points above threshold
2026-09-08T21:32:05.325+01:00 INFO : Filtering template 288/384 segment 5/5
2026-09-08T21:32:05.362+01:00 INFO : 3 points above threshold
2026-09-08T21:32:05.370+01:00 INFO : 288: generating IMRPhenomD from 30.0 Hz
2026-09-08T21:32:05.373+01:00 INFO : Decompressing waveform using inline_linear
2026-09-08T21:32:05.378+01:00 INFO : Filtering template 289/384 segment 1/5
2026-09-08T21:32:05.418+01:00 INFO : Filtering template 289/384 segment 2/5
2026-09-08T21:32:05.455+01:00 INFO : 2 points above threshold
2026-09-08T21:32:05.470+01:00 INFO : Filtering template 289/384 segment 3/5
2026-09-08T21:32:05.507+01:00 INFO : 1 points above threshold
2026-09-08T21:32:05.513+01:00 INFO : Filtering template 289/384 segment 4/5
2026-09-08T21:32:05.551+01:00 INFO : 1 points above threshold
2026-09-08T21:32:05.557+01:00 INFO : Filtering template 289/384 segment 5/5
2026-09-08T21:32:05.594+01:00 INFO : 2 points above threshold
2026-09-08T21:32:05.600+01:00 INFO : 289: generating IMRPhenomD from 30.0 Hz
2026-09-08T21:32:05.602+01:00 INFO : Decompressing waveform using inline_linear
2026-09-08T21:32:05.607+01:00 INFO : Filtering template 290/384 segment 1/5
2026-09-08T21:32:05.648+01:00 INFO : 3 points above threshold
2026-09-08T21:32:05.665+01:00 INFO : Filtering template 290/384 segment 2/5
2026-09-08T21:32:05.702+01:00 INFO : Filtering template 290/384 segment 3/5
2026-09-08T21:32:05.739+01:00 INFO : 1 points above threshold
2026-09-08T21:32:05.745+01:00 INFO : Filtering template 290/384 segment 4/5
2026-09-08T21:32:05.782+01:00 INFO : 2 points above threshold
2026-09-08T21:32:05.788+01:00 INFO : Filtering template 290/384 segment 5/5
2026-09-08T21:32:05.825+01:00 INFO : 290: generating IMRPhenomD from 30.0 Hz
2026-09-08T21:32:05.828+01:00 INFO : Decompressing waveform using inline_linear
2026-09-08T21:32:05.832+01:00 INFO : Filtering template 291/384 segment 1/5
2026-09-08T21:32:05.873+01:00 INFO : 5 points above threshold
2026-09-08T21:32:05.890+01:00 INFO : Filtering template 291/384 segment 2/5
2026-09-08T21:32:05.927+01:00 INFO : 3 points above threshold
2026-09-08T21:32:05.935+01:00 INFO : Filtering template 291/384 segment 3/5
2026-09-08T21:32:05.972+01:00 INFO : 1 points above threshold
2026-09-08T21:32:05.978+01:00 INFO : Filtering template 291/384 segment 4/5
2026-09-08T21:32:06.015+01:00 INFO : 1 points above threshold
2026-09-08T21:32:06.021+01:00 INFO : Filtering template 291/384 segment 5/5
2026-09-08T21:32:06.059+01:00 INFO : 291: generating IMRPhenomD from 30.0 Hz
2026-09-08T21:32:06.061+01:00 INFO : Decompressing waveform using inline_linear
2026-09-08T21:32:06.066+01:00 INFO : Filtering template 292/384 segment 1/5
2026-09-08T21:32:06.106+01:00 INFO : 1 points above threshold
2026-09-08T21:32:06.122+01:00 INFO : Filtering template 292/384 segment 2/5
2026-09-08T21:32:06.159+01:00 INFO : 1 points above threshold
2026-09-08T21:32:06.165+01:00 INFO : Filtering template 292/384 segment 3/5
2026-09-08T21:32:06.202+01:00 INFO : 1 points above threshold
2026-09-08T21:32:06.208+01:00 INFO : Filtering template 292/384 segment 4/5
2026-09-08T21:32:06.245+01:00 INFO : 2 points above threshold
2026-09-08T21:32:06.251+01:00 INFO : Filtering template 292/384 segment 5/5
2026-09-08T21:32:06.288+01:00 INFO : 1 points above threshold
2026-09-08T21:32:06.294+01:00 INFO : 292: generating IMRPhenomD from 30.0 Hz
2026-09-08T21:32:06.296+01:00 INFO : Decompressing waveform using inline_linear
2026-09-08T21:32:06.301+01:00 INFO : Filtering template 293/384 segment 1/5
2026-09-08T21:32:06.342+01:00 INFO : 2 points above threshold
2026-09-08T21:32:06.357+01:00 INFO : Filtering template 293/384 segment 2/5
2026-09-08T21:32:06.394+01:00 INFO : 3 points above threshold
2026-09-08T21:32:06.402+01:00 INFO : Filtering template 293/384 segment 3/5
2026-09-08T21:32:06.439+01:00 INFO : 3 points above threshold
2026-09-08T21:32:06.447+01:00 INFO : Filtering template 293/384 segment 4/5
2026-09-08T21:32:06.484+01:00 INFO : 3 points above threshold
2026-09-08T21:32:06.491+01:00 INFO : Filtering template 293/384 segment 5/5
2026-09-08T21:32:06.528+01:00 INFO : 3 points above threshold
2026-09-08T21:32:06.537+01:00 INFO : 293: generating IMRPhenomD from 30.0 Hz
2026-09-08T21:32:06.539+01:00 INFO : Decompressing waveform using inline_linear
2026-09-08T21:32:06.544+01:00 INFO : Filtering template 294/384 segment 1/5
2026-09-08T21:32:06.584+01:00 INFO : Filtering template 294/384 segment 2/5
2026-09-08T21:32:06.621+01:00 INFO : 1 points above threshold
2026-09-08T21:32:06.636+01:00 INFO : Filtering template 294/384 segment 3/5
2026-09-08T21:32:06.673+01:00 INFO : 2 points above threshold
2026-09-08T21:32:06.679+01:00 INFO : Filtering template 294/384 segment 4/5
2026-09-08T21:32:06.717+01:00 INFO : 1 points above threshold
2026-09-08T21:32:06.723+01:00 INFO : Filtering template 294/384 segment 5/5
2026-09-08T21:32:06.761+01:00 INFO : 3 points above threshold
2026-09-08T21:32:06.769+01:00 INFO : 294: generating IMRPhenomD from 30.0 Hz
2026-09-08T21:32:06.771+01:00 INFO : Decompressing waveform using inline_linear
2026-09-08T21:32:06.776+01:00 INFO : Filtering template 295/384 segment 1/5
2026-09-08T21:32:06.816+01:00 INFO : 1 points above threshold
2026-09-08T21:32:06.832+01:00 INFO : Filtering template 295/384 segment 2/5
2026-09-08T21:32:06.869+01:00 INFO : 2 points above threshold
2026-09-08T21:32:06.875+01:00 INFO : Filtering template 295/384 segment 3/5
2026-09-08T21:32:06.912+01:00 INFO : 3 points above threshold
2026-09-08T21:32:06.919+01:00 INFO : Filtering template 295/384 segment 4/5
2026-09-08T21:32:06.956+01:00 INFO : 3 points above threshold
2026-09-08T21:32:06.964+01:00 INFO : Filtering template 295/384 segment 5/5
2026-09-08T21:32:07.001+01:00 INFO : 1 points above threshold
2026-09-08T21:32:07.007+01:00 INFO : 295: generating IMRPhenomD from 30.0 Hz
2026-09-08T21:32:07.010+01:00 INFO : Decompressing waveform using inline_linear
2026-09-08T21:32:07.015+01:00 INFO : Filtering template 296/384 segment 1/5
2026-09-08T21:32:07.055+01:00 INFO : 5 points above threshold
2026-09-08T21:32:07.072+01:00 INFO : Filtering template 296/384 segment 2/5
2026-09-08T21:32:07.109+01:00 INFO : 1 points above threshold
2026-09-08T21:32:07.115+01:00 INFO : Filtering template 296/384 segment 3/5
2026-09-08T21:32:07.153+01:00 INFO : 2 points above threshold
2026-09-08T21:32:07.158+01:00 INFO : Filtering template 296/384 segment 4/5
2026-09-08T21:32:07.195+01:00 INFO : Filtering template 296/384 segment 5/5
2026-09-08T21:32:07.232+01:00 INFO : 1 points above threshold
2026-09-08T21:32:07.239+01:00 INFO : 296: generating IMRPhenomD from 30.0 Hz
2026-09-08T21:32:07.241+01:00 INFO : Decompressing waveform using inline_linear
2026-09-08T21:32:07.246+01:00 INFO : Filtering template 297/384 segment 1/5
2026-09-08T21:32:07.286+01:00 INFO : 1 points above threshold
2026-09-08T21:32:07.301+01:00 INFO : Filtering template 297/384 segment 2/5
2026-09-08T21:32:07.338+01:00 INFO : 4 points above threshold
2026-09-08T21:32:07.344+01:00 INFO : Filtering template 297/384 segment 3/5
2026-09-08T21:32:07.381+01:00 INFO : Filtering template 297/384 segment 4/5
2026-09-08T21:32:07.418+01:00 INFO : Filtering template 297/384 segment 5/5
2026-09-08T21:32:07.455+01:00 INFO : 1 points above threshold
2026-09-08T21:32:07.461+01:00 INFO : 297: generating IMRPhenomD from 30.0 Hz
2026-09-08T21:32:07.464+01:00 INFO : Decompressing waveform using inline_linear
2026-09-08T21:32:07.469+01:00 INFO : Filtering template 298/384 segment 1/5
2026-09-08T21:32:07.509+01:00 INFO : 1 points above threshold
2026-09-08T21:32:07.525+01:00 INFO : Filtering template 298/384 segment 2/5
2026-09-08T21:32:07.562+01:00 INFO : 1 points above threshold
2026-09-08T21:32:07.567+01:00 INFO : Filtering template 298/384 segment 3/5
2026-09-08T21:32:07.604+01:00 INFO : 1 points above threshold
2026-09-08T21:32:07.610+01:00 INFO : Filtering template 298/384 segment 4/5
2026-09-08T21:32:07.647+01:00 INFO : 1 points above threshold
2026-09-08T21:32:07.653+01:00 INFO : Filtering template 298/384 segment 5/5
2026-09-08T21:32:07.690+01:00 INFO : 4 points above threshold
2026-09-08T21:32:07.696+01:00 INFO : 298: generating IMRPhenomD from 30.0 Hz
2026-09-08T21:32:07.699+01:00 INFO : Decompressing waveform using inline_linear
2026-09-08T21:32:07.703+01:00 INFO : Filtering template 299/384 segment 1/5
2026-09-08T21:32:07.744+01:00 INFO : 1 points above threshold
2026-09-08T21:32:07.759+01:00 INFO : Filtering template 299/384 segment 2/5
2026-09-08T21:32:07.796+01:00 INFO : 1 points above threshold
2026-09-08T21:32:07.802+01:00 INFO : Filtering template 299/384 segment 3/5
2026-09-08T21:32:07.839+01:00 INFO : Filtering template 299/384 segment 4/5
2026-09-08T21:32:07.876+01:00 INFO : 2 points above threshold
2026-09-08T21:32:07.882+01:00 INFO : Filtering template 299/384 segment 5/5
2026-09-08T21:32:07.919+01:00 INFO : 1 points above threshold
2026-09-08T21:32:07.925+01:00 INFO : 299: generating IMRPhenomD from 30.0 Hz
2026-09-08T21:32:07.928+01:00 INFO : Decompressing waveform using inline_linear
2026-09-08T21:32:07.933+01:00 INFO : Filtering template 300/384 segment 1/5
2026-09-08T21:32:07.973+01:00 INFO : 1 points above threshold
2026-09-08T21:32:07.988+01:00 INFO : Filtering template 300/384 segment 2/5
2026-09-08T21:32:08.025+01:00 INFO : Filtering template 300/384 segment 3/5
2026-09-08T21:32:08.065+01:00 INFO : 1 points above threshold
2026-09-08T21:32:08.071+01:00 INFO : Filtering template 300/384 segment 4/5
2026-09-08T21:32:08.113+01:00 INFO : Filtering template 300/384 segment 5/5
2026-09-08T21:32:08.153+01:00 INFO : 1 points above threshold
2026-09-08T21:32:08.159+01:00 INFO : 300: generating IMRPhenomD from 30.0 Hz
2026-09-08T21:32:08.161+01:00 INFO : Decompressing waveform using inline_linear
2026-09-08T21:32:08.166+01:00 INFO : Filtering template 301/384 segment 1/5
2026-09-08T21:32:08.207+01:00 INFO : 2 points above threshold
2026-09-08T21:32:08.222+01:00 INFO : Filtering template 301/384 segment 2/5
2026-09-08T21:32:08.259+01:00 INFO : Filtering template 301/384 segment 3/5
2026-09-08T21:32:08.296+01:00 INFO : 1 points above threshold
2026-09-08T21:32:08.302+01:00 INFO : Filtering template 301/384 segment 4/5
2026-09-08T21:32:08.339+01:00 INFO : Filtering template 301/384 segment 5/5
2026-09-08T21:32:08.376+01:00 INFO : 1 points above threshold
2026-09-08T21:32:08.382+01:00 INFO : 301: generating IMRPhenomD from 30.0 Hz
2026-09-08T21:32:08.385+01:00 INFO : Decompressing waveform using inline_linear
2026-09-08T21:32:08.390+01:00 INFO : Filtering template 302/384 segment 1/5
2026-09-08T21:32:08.430+01:00 INFO : 3 points above threshold
2026-09-08T21:32:08.447+01:00 INFO : Filtering template 302/384 segment 2/5
2026-09-08T21:32:08.484+01:00 INFO : 1 points above threshold
2026-09-08T21:32:08.490+01:00 INFO : Filtering template 302/384 segment 3/5
2026-09-08T21:32:08.527+01:00 INFO : Filtering template 302/384 segment 4/5
2026-09-08T21:32:08.564+01:00 INFO : 2 points above threshold
2026-09-08T21:32:08.570+01:00 INFO : Filtering template 302/384 segment 5/5
2026-09-08T21:32:08.607+01:00 INFO : 302: generating IMRPhenomD from 30.0 Hz
2026-09-08T21:32:08.610+01:00 INFO : Decompressing waveform using inline_linear
2026-09-08T21:32:08.614+01:00 INFO : Filtering template 303/384 segment 1/5
2026-09-08T21:32:08.655+01:00 INFO : Filtering template 303/384 segment 2/5
2026-09-08T21:32:08.692+01:00 INFO : 1 points above threshold
2026-09-08T21:32:08.707+01:00 INFO : Filtering template 303/384 segment 3/5
2026-09-08T21:32:08.744+01:00 INFO : 2 points above threshold
2026-09-08T21:32:08.750+01:00 INFO : Filtering template 303/384 segment 4/5
2026-09-08T21:32:08.786+01:00 INFO : 1 points above threshold
2026-09-08T21:32:08.792+01:00 INFO : Filtering template 303/384 segment 5/5
2026-09-08T21:32:08.829+01:00 INFO : 1 points above threshold
2026-09-08T21:32:08.835+01:00 INFO : 303: generating IMRPhenomD from 30.0 Hz
2026-09-08T21:32:08.838+01:00 INFO : Decompressing waveform using inline_linear
2026-09-08T21:32:08.843+01:00 INFO : Filtering template 304/384 segment 1/5
2026-09-08T21:32:08.883+01:00 INFO : 2 points above threshold
2026-09-08T21:32:08.898+01:00 INFO : Filtering template 304/384 segment 2/5
2026-09-08T21:32:08.936+01:00 INFO : 1 points above threshold
2026-09-08T21:32:08.942+01:00 INFO : Filtering template 304/384 segment 3/5
2026-09-08T21:32:08.978+01:00 INFO : Filtering template 304/384 segment 4/5
2026-09-08T21:32:09.015+01:00 INFO : Filtering template 304/384 segment 5/5
2026-09-08T21:32:09.052+01:00 INFO : 1 points above threshold
2026-09-08T21:32:09.059+01:00 INFO : 304: generating IMRPhenomD from 30.0 Hz
2026-09-08T21:32:09.061+01:00 INFO : Decompressing waveform using inline_linear
2026-09-08T21:32:09.066+01:00 INFO : Filtering template 305/384 segment 1/5
2026-09-08T21:32:09.106+01:00 INFO : Filtering template 305/384 segment 2/5
2026-09-08T21:32:09.143+01:00 INFO : 2 points above threshold
2026-09-08T21:32:09.162+01:00 INFO : Filtering template 305/384 segment 3/5
2026-09-08T21:32:09.198+01:00 INFO : 1 points above threshold
2026-09-08T21:32:09.204+01:00 INFO : Filtering template 305/384 segment 4/5
2026-09-08T21:32:09.241+01:00 INFO : 1 points above threshold
2026-09-08T21:32:09.247+01:00 INFO : Filtering template 305/384 segment 5/5
2026-09-08T21:32:09.284+01:00 INFO : 2 points above threshold
2026-09-08T21:32:09.290+01:00 INFO : 305: generating IMRPhenomD from 30.0 Hz
2026-09-08T21:32:09.293+01:00 INFO : Decompressing waveform using inline_linear
2026-09-08T21:32:09.298+01:00 INFO : Filtering template 306/384 segment 1/5
2026-09-08T21:32:09.338+01:00 INFO : 3 points above threshold
2026-09-08T21:32:09.358+01:00 INFO : Filtering template 306/384 segment 2/5
2026-09-08T21:32:09.395+01:00 INFO : 1 points above threshold
2026-09-08T21:32:09.401+01:00 INFO : Filtering template 306/384 segment 3/5
2026-09-08T21:32:09.438+01:00 INFO : 2 points above threshold
2026-09-08T21:32:09.444+01:00 INFO : Filtering template 306/384 segment 4/5
2026-09-08T21:32:09.481+01:00 INFO : 1 points above threshold
2026-09-08T21:32:09.487+01:00 INFO : Filtering template 306/384 segment 5/5
2026-09-08T21:32:09.524+01:00 INFO : 2 points above threshold
2026-09-08T21:32:09.530+01:00 INFO : 306: generating IMRPhenomD from 30.0 Hz
2026-09-08T21:32:09.533+01:00 INFO : Decompressing waveform using inline_linear
2026-09-08T21:32:09.538+01:00 INFO : Filtering template 307/384 segment 1/5
2026-09-08T21:32:09.578+01:00 INFO : Filtering template 307/384 segment 2/5
2026-09-08T21:32:09.615+01:00 INFO : 1 points above threshold
2026-09-08T21:32:09.630+01:00 INFO : Filtering template 307/384 segment 3/5
2026-09-08T21:32:09.667+01:00 INFO : 1 points above threshold
2026-09-08T21:32:09.673+01:00 INFO : Filtering template 307/384 segment 4/5
2026-09-08T21:32:09.710+01:00 INFO : 3 points above threshold
2026-09-08T21:32:09.717+01:00 INFO : Filtering template 307/384 segment 5/5
2026-09-08T21:32:09.754+01:00 INFO : 1 points above threshold
2026-09-08T21:32:09.760+01:00 INFO : 307: generating IMRPhenomD from 30.0 Hz
2026-09-08T21:32:09.763+01:00 INFO : Decompressing waveform using inline_linear
2026-09-08T21:32:09.768+01:00 INFO : Filtering template 308/384 segment 1/5
2026-09-08T21:32:09.808+01:00 INFO : 1 points above threshold
2026-09-08T21:32:09.823+01:00 INFO : Filtering template 308/384 segment 2/5
2026-09-08T21:32:09.860+01:00 INFO : Filtering template 308/384 segment 3/5
2026-09-08T21:32:09.897+01:00 INFO : 2 points above threshold
2026-09-08T21:32:09.903+01:00 INFO : Filtering template 308/384 segment 4/5
2026-09-08T21:32:09.940+01:00 INFO : 1 points above threshold
2026-09-08T21:32:09.946+01:00 INFO : Filtering template 308/384 segment 5/5
2026-09-08T21:32:09.984+01:00 INFO : 308: generating IMRPhenomD from 30.0 Hz
2026-09-08T21:32:09.986+01:00 INFO : Decompressing waveform using inline_linear
2026-09-08T21:32:09.991+01:00 INFO : Filtering template 309/384 segment 1/5
2026-09-08T21:32:10.031+01:00 INFO : 1 points above threshold
2026-09-08T21:32:10.047+01:00 INFO : Filtering template 309/384 segment 2/5
2026-09-08T21:32:10.084+01:00 INFO : Filtering template 309/384 segment 3/5
2026-09-08T21:32:10.121+01:00 INFO : Filtering template 309/384 segment 4/5
2026-09-08T21:32:10.158+01:00 INFO : Filtering template 309/384 segment 5/5
2026-09-08T21:32:10.195+01:00 INFO : 1 points above threshold
2026-09-08T21:32:10.201+01:00 INFO : 309: generating IMRPhenomD from 30.0 Hz
2026-09-08T21:32:10.204+01:00 INFO : Decompressing waveform using inline_linear
2026-09-08T21:32:10.208+01:00 INFO : Filtering template 310/384 segment 1/5
2026-09-08T21:32:10.249+01:00 INFO : 1 points above threshold
2026-09-08T21:32:10.264+01:00 INFO : Filtering template 310/384 segment 2/5
2026-09-08T21:32:10.301+01:00 INFO : 1 points above threshold
2026-09-08T21:32:10.307+01:00 INFO : Filtering template 310/384 segment 3/5
2026-09-08T21:32:10.344+01:00 INFO : 1 points above threshold
2026-09-08T21:32:10.350+01:00 INFO : Filtering template 310/384 segment 4/5
2026-09-08T21:32:10.387+01:00 INFO : Filtering template 310/384 segment 5/5
2026-09-08T21:32:10.424+01:00 INFO : 1 points above threshold
2026-09-08T21:32:10.430+01:00 INFO : 310: generating IMRPhenomD from 30.0 Hz
2026-09-08T21:32:10.433+01:00 INFO : Decompressing waveform using inline_linear
2026-09-08T21:32:10.438+01:00 INFO : Filtering template 311/384 segment 1/5
2026-09-08T21:32:10.478+01:00 INFO : Filtering template 311/384 segment 2/5
2026-09-08T21:32:10.515+01:00 INFO : 1 points above threshold
2026-09-08T21:32:10.530+01:00 INFO : Filtering template 311/384 segment 3/5
2026-09-08T21:32:10.567+01:00 INFO : Filtering template 311/384 segment 4/5
2026-09-08T21:32:10.604+01:00 INFO : 1 points above threshold
2026-09-08T21:32:10.610+01:00 INFO : Filtering template 311/384 segment 5/5
2026-09-08T21:32:10.647+01:00 INFO : 4 points above threshold
2026-09-08T21:32:10.653+01:00 INFO : 311: generating IMRPhenomD from 30.0 Hz
2026-09-08T21:32:10.656+01:00 INFO : Decompressing waveform using inline_linear
2026-09-08T21:32:10.661+01:00 INFO : Filtering template 312/384 segment 1/5
2026-09-08T21:32:10.701+01:00 INFO : 3 points above threshold
2026-09-08T21:32:10.718+01:00 INFO : Filtering template 312/384 segment 2/5
2026-09-08T21:32:10.755+01:00 INFO : Filtering template 312/384 segment 3/5
2026-09-08T21:32:10.792+01:00 INFO : 1 points above threshold
2026-09-08T21:32:10.798+01:00 INFO : Filtering template 312/384 segment 4/5
2026-09-08T21:32:10.835+01:00 INFO : Filtering template 312/384 segment 5/5
2026-09-08T21:32:10.873+01:00 INFO : 312: generating IMRPhenomD from 30.0 Hz
2026-09-08T21:32:10.875+01:00 INFO : Decompressing waveform using inline_linear
2026-09-08T21:32:10.880+01:00 INFO : Filtering template 313/384 segment 1/5
2026-09-08T21:32:10.920+01:00 INFO : Filtering template 313/384 segment 2/5
2026-09-08T21:32:10.958+01:00 INFO : 1 points above threshold
2026-09-08T21:32:10.973+01:00 INFO : Filtering template 313/384 segment 3/5
2026-09-08T21:32:11.010+01:00 INFO : Filtering template 313/384 segment 4/5
2026-09-08T21:32:11.047+01:00 INFO : 2 points above threshold
2026-09-08T21:32:11.053+01:00 INFO : Filtering template 313/384 segment 5/5
2026-09-08T21:32:11.090+01:00 INFO : 1 points above threshold
2026-09-08T21:32:11.096+01:00 INFO : 313: generating IMRPhenomD from 30.0 Hz
2026-09-08T21:32:11.098+01:00 INFO : Decompressing waveform using inline_linear
2026-09-08T21:32:11.103+01:00 INFO : Filtering template 314/384 segment 1/5
2026-09-08T21:32:11.144+01:00 INFO : 1 points above threshold
2026-09-08T21:32:11.159+01:00 INFO : Filtering template 314/384 segment 2/5
2026-09-08T21:32:11.196+01:00 INFO : Filtering template 314/384 segment 3/5
2026-09-08T21:32:11.234+01:00 INFO : 2 points above threshold
2026-09-08T21:32:11.239+01:00 INFO : Filtering template 314/384 segment 4/5
2026-09-08T21:32:11.276+01:00 INFO : Filtering template 314/384 segment 5/5
2026-09-08T21:32:11.313+01:00 INFO : 2 points above threshold
2026-09-08T21:32:11.320+01:00 INFO : 314: generating IMRPhenomD from 30.0 Hz
2026-09-08T21:32:11.322+01:00 INFO : Decompressing waveform using inline_linear
2026-09-08T21:32:11.327+01:00 INFO : Filtering template 315/384 segment 1/5
2026-09-08T21:32:11.367+01:00 INFO : 1 points above threshold
2026-09-08T21:32:11.383+01:00 INFO : Filtering template 315/384 segment 2/5
2026-09-08T21:32:11.420+01:00 INFO : 1 points above threshold
2026-09-08T21:32:11.426+01:00 INFO : Filtering template 315/384 segment 3/5
2026-09-08T21:32:11.463+01:00 INFO : 1 points above threshold
2026-09-08T21:32:11.468+01:00 INFO : Filtering template 315/384 segment 4/5
2026-09-08T21:32:11.505+01:00 INFO : Filtering template 315/384 segment 5/5
2026-09-08T21:32:11.543+01:00 INFO : 315: generating IMRPhenomD from 30.0 Hz
2026-09-08T21:32:11.545+01:00 INFO : Decompressing waveform using inline_linear
2026-09-08T21:32:11.550+01:00 INFO : Filtering template 316/384 segment 1/5
2026-09-08T21:32:11.590+01:00 INFO : Filtering template 316/384 segment 2/5
2026-09-08T21:32:11.628+01:00 INFO : Filtering template 316/384 segment 3/5
2026-09-08T21:32:11.665+01:00 INFO : Filtering template 316/384 segment 4/5
2026-09-08T21:32:11.702+01:00 INFO : 3 points above threshold
2026-09-08T21:32:11.719+01:00 INFO : Filtering template 316/384 segment 5/5
2026-09-08T21:32:11.756+01:00 INFO : 316: generating IMRPhenomD from 30.0 Hz
2026-09-08T21:32:11.758+01:00 INFO : Decompressing waveform using inline_linear
2026-09-08T21:32:11.763+01:00 INFO : Filtering template 317/384 segment 1/5
2026-09-08T21:32:11.804+01:00 INFO : Filtering template 317/384 segment 2/5
2026-09-08T21:32:11.841+01:00 INFO : Filtering template 317/384 segment 3/5
2026-09-08T21:32:11.878+01:00 INFO : 1 points above threshold
2026-09-08T21:32:11.893+01:00 INFO : Filtering template 317/384 segment 4/5
2026-09-08T21:32:11.930+01:00 INFO : Filtering template 317/384 segment 5/5
2026-09-08T21:32:11.967+01:00 INFO : 2 points above threshold
2026-09-08T21:32:11.973+01:00 INFO : 317: generating IMRPhenomD from 30.0 Hz
2026-09-08T21:32:11.976+01:00 INFO : Decompressing waveform using inline_linear
2026-09-08T21:32:11.981+01:00 INFO : Filtering template 318/384 segment 1/5
2026-09-08T21:32:12.021+01:00 INFO : 3 points above threshold
2026-09-08T21:32:12.038+01:00 INFO : Filtering template 318/384 segment 2/5
2026-09-08T21:32:12.075+01:00 INFO : 2 points above threshold
2026-09-08T21:32:12.081+01:00 INFO : Filtering template 318/384 segment 3/5
2026-09-08T21:32:12.118+01:00 INFO : Filtering template 318/384 segment 4/5
2026-09-08T21:32:12.155+01:00 INFO : 3 points above threshold
2026-09-08T21:32:12.164+01:00 INFO : Filtering template 318/384 segment 5/5
2026-09-08T21:32:12.201+01:00 INFO : 1 points above threshold
2026-09-08T21:32:12.207+01:00 INFO : 318: generating IMRPhenomD from 30.0 Hz
2026-09-08T21:32:12.209+01:00 INFO : Decompressing waveform using inline_linear
2026-09-08T21:32:12.214+01:00 INFO : Filtering template 319/384 segment 1/5
2026-09-08T21:32:12.255+01:00 INFO : 3 points above threshold
2026-09-08T21:32:12.272+01:00 INFO : Filtering template 319/384 segment 2/5
2026-09-08T21:32:12.309+01:00 INFO : 2 points above threshold
2026-09-08T21:32:12.315+01:00 INFO : Filtering template 319/384 segment 3/5
2026-09-08T21:32:12.352+01:00 INFO : 2 points above threshold
2026-09-08T21:32:12.358+01:00 INFO : Filtering template 319/384 segment 4/5
2026-09-08T21:32:12.395+01:00 INFO : Filtering template 319/384 segment 5/5
2026-09-08T21:32:12.432+01:00 INFO : 319: generating IMRPhenomD from 30.0 Hz
2026-09-08T21:32:12.435+01:00 INFO : Decompressing waveform using inline_linear
2026-09-08T21:32:12.439+01:00 INFO : Filtering template 320/384 segment 1/5
2026-09-08T21:32:12.480+01:00 INFO : 2 points above threshold
2026-09-08T21:32:12.495+01:00 INFO : Filtering template 320/384 segment 2/5
2026-09-08T21:32:12.532+01:00 INFO : 1 points above threshold
2026-09-08T21:32:12.538+01:00 INFO : Filtering template 320/384 segment 3/5
2026-09-08T21:32:12.575+01:00 INFO : 2 points above threshold
2026-09-08T21:32:12.581+01:00 INFO : Filtering template 320/384 segment 4/5
2026-09-08T21:32:12.618+01:00 INFO : Filtering template 320/384 segment 5/5
2026-09-08T21:32:12.655+01:00 INFO : 2 points above threshold
2026-09-08T21:32:12.661+01:00 INFO : 320: generating IMRPhenomD from 30.0 Hz
2026-09-08T21:32:12.663+01:00 INFO : Decompressing waveform using inline_linear
2026-09-08T21:32:12.668+01:00 INFO : Filtering template 321/384 segment 1/5
2026-09-08T21:32:12.708+01:00 INFO : Filtering template 321/384 segment 2/5
2026-09-08T21:32:12.745+01:00 INFO : Filtering template 321/384 segment 3/5
2026-09-08T21:32:12.782+01:00 INFO : 1 points above threshold
2026-09-08T21:32:12.798+01:00 INFO : Filtering template 321/384 segment 4/5
2026-09-08T21:32:12.834+01:00 INFO : Filtering template 321/384 segment 5/5
2026-09-08T21:32:12.872+01:00 INFO : 321: generating IMRPhenomD from 30.0 Hz
2026-09-08T21:32:12.874+01:00 INFO : Decompressing waveform using inline_linear
2026-09-08T21:32:12.879+01:00 INFO : Filtering template 322/384 segment 1/5
2026-09-08T21:32:12.920+01:00 INFO : Filtering template 322/384 segment 2/5
2026-09-08T21:32:12.957+01:00 INFO : 3 points above threshold
2026-09-08T21:32:12.974+01:00 INFO : Filtering template 322/384 segment 3/5
2026-09-08T21:32:13.011+01:00 INFO : 1 points above threshold
2026-09-08T21:32:13.017+01:00 INFO : Filtering template 322/384 segment 4/5
2026-09-08T21:32:13.054+01:00 INFO : 1 points above threshold
2026-09-08T21:32:13.060+01:00 INFO : Filtering template 322/384 segment 5/5
2026-09-08T21:32:13.097+01:00 INFO : 1 points above threshold
2026-09-08T21:32:13.103+01:00 INFO : 322: generating IMRPhenomD from 30.0 Hz
2026-09-08T21:32:13.105+01:00 INFO : Decompressing waveform using inline_linear
2026-09-08T21:32:13.110+01:00 INFO : Filtering template 323/384 segment 1/5
2026-09-08T21:32:13.152+01:00 INFO : Filtering template 323/384 segment 2/5
2026-09-08T21:32:13.194+01:00 INFO : 2 points above threshold
2026-09-08T21:32:13.214+01:00 INFO : Filtering template 323/384 segment 3/5
2026-09-08T21:32:13.256+01:00 INFO : 2 points above threshold
2026-09-08T21:32:13.262+01:00 INFO : Filtering template 323/384 segment 4/5
2026-09-08T21:32:13.299+01:00 INFO : Filtering template 323/384 segment 5/5
2026-09-08T21:32:13.336+01:00 INFO : 1 points above threshold
2026-09-08T21:32:13.343+01:00 INFO : 323: generating IMRPhenomD from 30.0 Hz
2026-09-08T21:32:13.345+01:00 INFO : Decompressing waveform using inline_linear
2026-09-08T21:32:13.350+01:00 INFO : Filtering template 324/384 segment 1/5
2026-09-08T21:32:13.390+01:00 INFO : Filtering template 324/384 segment 2/5
2026-09-08T21:32:13.427+01:00 INFO : Filtering template 324/384 segment 3/5
2026-09-08T21:32:13.464+01:00 INFO : 1 points above threshold
2026-09-08T21:32:13.480+01:00 INFO : Filtering template 324/384 segment 4/5
2026-09-08T21:32:13.516+01:00 INFO : Filtering template 324/384 segment 5/5
2026-09-08T21:32:13.554+01:00 INFO : 4 points above threshold
2026-09-08T21:32:13.560+01:00 INFO : 324: generating IMRPhenomD from 30.0 Hz
2026-09-08T21:32:13.562+01:00 INFO : Decompressing waveform using inline_linear
2026-09-08T21:32:13.567+01:00 INFO : Filtering template 325/384 segment 1/5
2026-09-08T21:32:13.607+01:00 INFO : 2 points above threshold
2026-09-08T21:32:13.622+01:00 INFO : Filtering template 325/384 segment 2/5
2026-09-08T21:32:13.659+01:00 INFO : 3 points above threshold
2026-09-08T21:32:13.667+01:00 INFO : Filtering template 325/384 segment 3/5
2026-09-08T21:32:13.704+01:00 INFO : 2 points above threshold
2026-09-08T21:32:13.710+01:00 INFO : Filtering template 325/384 segment 4/5
2026-09-08T21:32:13.746+01:00 INFO : 1 points above threshold
2026-09-08T21:32:13.752+01:00 INFO : Filtering template 325/384 segment 5/5
2026-09-08T21:32:13.789+01:00 INFO : 1 points above threshold
2026-09-08T21:32:13.795+01:00 INFO : 325: generating IMRPhenomD from 30.0 Hz
2026-09-08T21:32:13.798+01:00 INFO : Decompressing waveform using inline_linear
2026-09-08T21:32:13.803+01:00 INFO : Filtering template 326/384 segment 1/5
2026-09-08T21:32:13.843+01:00 INFO : 2 points above threshold
2026-09-08T21:32:13.858+01:00 INFO : Filtering template 326/384 segment 2/5
2026-09-08T21:32:13.896+01:00 INFO : 2 points above threshold
2026-09-08T21:32:13.901+01:00 INFO : Filtering template 326/384 segment 3/5
2026-09-08T21:32:13.938+01:00 INFO : Filtering template 326/384 segment 4/5
2026-09-08T21:32:13.975+01:00 INFO : Filtering template 326/384 segment 5/5
2026-09-08T21:32:14.012+01:00 INFO : 2 points above threshold
2026-09-08T21:32:14.019+01:00 INFO : 326: generating IMRPhenomD from 30.0 Hz
2026-09-08T21:32:14.021+01:00 INFO : Decompressing waveform using inline_linear
2026-09-08T21:32:14.026+01:00 INFO : Filtering template 327/384 segment 1/5
2026-09-08T21:32:14.066+01:00 INFO : 2 points above threshold
2026-09-08T21:32:14.082+01:00 INFO : Filtering template 327/384 segment 2/5
2026-09-08T21:32:14.119+01:00 INFO : 1 points above threshold
2026-09-08T21:32:14.125+01:00 INFO : Filtering template 327/384 segment 3/5
2026-09-08T21:32:14.162+01:00 INFO : 3 points above threshold
2026-09-08T21:32:14.169+01:00 INFO : Filtering template 327/384 segment 4/5
2026-09-08T21:32:14.206+01:00 INFO : 2 points above threshold
2026-09-08T21:32:14.212+01:00 INFO : Filtering template 327/384 segment 5/5
2026-09-08T21:32:14.249+01:00 INFO : 1 points above threshold
2026-09-08T21:32:14.255+01:00 INFO : 327: generating IMRPhenomD from 30.0 Hz
2026-09-08T21:32:14.258+01:00 INFO : Decompressing waveform using inline_linear
2026-09-08T21:32:14.263+01:00 INFO : Filtering template 328/384 segment 1/5
2026-09-08T21:32:14.303+01:00 INFO : 1 points above threshold
2026-09-08T21:32:14.318+01:00 INFO : Filtering template 328/384 segment 2/5
2026-09-08T21:32:14.355+01:00 INFO : 1 points above threshold
2026-09-08T21:32:14.361+01:00 INFO : Filtering template 328/384 segment 3/5
2026-09-08T21:32:14.398+01:00 INFO : 4 points above threshold
2026-09-08T21:32:14.404+01:00 INFO : Filtering template 328/384 segment 4/5
2026-09-08T21:32:14.441+01:00 INFO : 1 points above threshold
2026-09-08T21:32:14.447+01:00 INFO : Filtering template 328/384 segment 5/5
2026-09-08T21:32:14.484+01:00 INFO : 2 points above threshold
2026-09-08T21:32:14.490+01:00 INFO : 328: generating IMRPhenomD from 30.0 Hz
2026-09-08T21:32:14.493+01:00 INFO : Decompressing waveform using inline_linear
2026-09-08T21:32:14.497+01:00 INFO : Filtering template 329/384 segment 1/5
2026-09-08T21:32:14.538+01:00 INFO : Filtering template 329/384 segment 2/5
2026-09-08T21:32:14.575+01:00 INFO : Filtering template 329/384 segment 3/5
2026-09-08T21:32:14.612+01:00 INFO : 2 points above threshold
2026-09-08T21:32:14.627+01:00 INFO : Filtering template 329/384 segment 4/5
2026-09-08T21:32:14.664+01:00 INFO : 1 points above threshold
2026-09-08T21:32:14.669+01:00 INFO : Filtering template 329/384 segment 5/5
2026-09-08T21:32:14.706+01:00 INFO : 2 points above threshold
2026-09-08T21:32:14.712+01:00 INFO : 329: generating IMRPhenomD from 30.0 Hz
2026-09-08T21:32:14.715+01:00 INFO : Decompressing waveform using inline_linear
2026-09-08T21:32:14.720+01:00 INFO : Filtering template 330/384 segment 1/5
2026-09-08T21:32:14.760+01:00 INFO : 1 points above threshold
2026-09-08T21:32:14.775+01:00 INFO : Filtering template 330/384 segment 2/5
2026-09-08T21:32:14.812+01:00 INFO : 2 points above threshold
2026-09-08T21:32:14.818+01:00 INFO : Filtering template 330/384 segment 3/5
2026-09-08T21:32:14.855+01:00 INFO : 2 points above threshold
2026-09-08T21:32:14.861+01:00 INFO : Filtering template 330/384 segment 4/5
2026-09-08T21:32:14.898+01:00 INFO : 1 points above threshold
2026-09-08T21:32:14.904+01:00 INFO : Filtering template 330/384 segment 5/5
2026-09-08T21:32:14.941+01:00 INFO : 330: generating IMRPhenomD from 30.0 Hz
2026-09-08T21:32:14.944+01:00 INFO : Decompressing waveform using inline_linear
2026-09-08T21:32:14.949+01:00 INFO : Filtering template 331/384 segment 1/5
2026-09-08T21:32:14.989+01:00 INFO : 2 points above threshold
2026-09-08T21:32:15.007+01:00 INFO : Filtering template 331/384 segment 2/5
2026-09-08T21:32:15.044+01:00 INFO : 1 points above threshold
2026-09-08T21:32:15.050+01:00 INFO : Filtering template 331/384 segment 3/5
2026-09-08T21:32:15.087+01:00 INFO : 3 points above threshold
2026-09-08T21:32:15.095+01:00 INFO : Filtering template 331/384 segment 4/5
2026-09-08T21:32:15.132+01:00 INFO : 4 points above threshold
2026-09-08T21:32:15.137+01:00 INFO : Filtering template 331/384 segment 5/5
2026-09-08T21:32:15.175+01:00 INFO : 331: generating IMRPhenomD from 30.0 Hz
2026-09-08T21:32:15.177+01:00 INFO : Decompressing waveform using inline_linear
2026-09-08T21:32:15.182+01:00 INFO : Filtering template 332/384 segment 1/5
2026-09-08T21:32:15.223+01:00 INFO : 2 points above threshold
2026-09-08T21:32:15.241+01:00 INFO : Filtering template 332/384 segment 2/5
2026-09-08T21:32:15.278+01:00 INFO : Filtering template 332/384 segment 3/5
2026-09-08T21:32:15.315+01:00 INFO : 1 points above threshold
2026-09-08T21:32:15.321+01:00 INFO : Filtering template 332/384 segment 4/5
2026-09-08T21:32:15.358+01:00 INFO : Filtering template 332/384 segment 5/5
2026-09-08T21:32:15.395+01:00 INFO : 1 points above threshold
2026-09-08T21:32:15.402+01:00 INFO : 332: generating IMRPhenomD from 30.0 Hz
2026-09-08T21:32:15.404+01:00 INFO : Decompressing waveform using inline_linear
2026-09-08T21:32:15.409+01:00 INFO : Filtering template 333/384 segment 1/5
2026-09-08T21:32:15.449+01:00 INFO : 2 points above threshold
2026-09-08T21:32:15.467+01:00 INFO : Filtering template 333/384 segment 2/5
2026-09-08T21:32:15.505+01:00 INFO : Filtering template 333/384 segment 3/5
2026-09-08T21:32:15.542+01:00 INFO : 1 points above threshold
2026-09-08T21:32:15.548+01:00 INFO : Filtering template 333/384 segment 4/5
2026-09-08T21:32:15.585+01:00 INFO : 1 points above threshold
2026-09-08T21:32:15.591+01:00 INFO : Filtering template 333/384 segment 5/5
2026-09-08T21:32:15.629+01:00 INFO : 333: generating IMRPhenomD from 30.0 Hz
2026-09-08T21:32:15.631+01:00 INFO : Decompressing waveform using inline_linear
2026-09-08T21:32:15.636+01:00 INFO : Filtering template 334/384 segment 1/5
2026-09-08T21:32:15.676+01:00 INFO : 3 points above threshold
2026-09-08T21:32:15.696+01:00 INFO : Filtering template 334/384 segment 2/5
2026-09-08T21:32:15.733+01:00 INFO : Filtering template 334/384 segment 3/5
2026-09-08T21:32:15.770+01:00 INFO : Filtering template 334/384 segment 4/5
2026-09-08T21:32:15.807+01:00 INFO : 2 points above threshold
2026-09-08T21:32:15.813+01:00 INFO : Filtering template 334/384 segment 5/5
2026-09-08T21:32:15.850+01:00 INFO : 334: generating IMRPhenomD from 30.0 Hz
2026-09-08T21:32:15.853+01:00 INFO : Decompressing waveform using inline_linear
2026-09-08T21:32:15.858+01:00 INFO : Filtering template 335/384 segment 1/5
2026-09-08T21:32:15.898+01:00 INFO : 1 points above threshold
2026-09-08T21:32:15.916+01:00 INFO : Filtering template 335/384 segment 2/5
2026-09-08T21:32:15.953+01:00 INFO : Filtering template 335/384 segment 3/5
2026-09-08T21:32:15.990+01:00 INFO : 3 points above threshold
2026-09-08T21:32:15.998+01:00 INFO : Filtering template 335/384 segment 4/5
2026-09-08T21:32:16.035+01:00 INFO : Filtering template 335/384 segment 5/5
2026-09-08T21:32:16.072+01:00 INFO : 1 points above threshold
2026-09-08T21:32:16.078+01:00 INFO : 335: generating IMRPhenomD from 30.0 Hz
2026-09-08T21:32:16.081+01:00 INFO : Decompressing waveform using inline_linear
2026-09-08T21:32:16.086+01:00 INFO : Filtering template 336/384 segment 1/5
2026-09-08T21:32:16.126+01:00 INFO : 3 points above threshold
2026-09-08T21:32:16.143+01:00 INFO : Filtering template 336/384 segment 2/5
2026-09-08T21:32:16.180+01:00 INFO : Filtering template 336/384 segment 3/5
2026-09-08T21:32:16.217+01:00 INFO : Filtering template 336/384 segment 4/5
2026-09-08T21:32:16.254+01:00 INFO : 1 points above threshold
2026-09-08T21:32:16.260+01:00 INFO : Filtering template 336/384 segment 5/5
2026-09-08T21:32:16.297+01:00 INFO : 336: generating IMRPhenomD from 30.0 Hz
2026-09-08T21:32:16.299+01:00 INFO : Decompressing waveform using inline_linear
2026-09-08T21:32:16.304+01:00 INFO : Filtering template 337/384 segment 1/5
2026-09-08T21:32:16.345+01:00 INFO : Filtering template 337/384 segment 2/5
2026-09-08T21:32:16.382+01:00 INFO : 1 points above threshold
2026-09-08T21:32:16.397+01:00 INFO : Filtering template 337/384 segment 3/5
2026-09-08T21:32:16.434+01:00 INFO : Filtering template 337/384 segment 4/5
2026-09-08T21:32:16.471+01:00 INFO : 2 points above threshold
2026-09-08T21:32:16.477+01:00 INFO : Filtering template 337/384 segment 5/5
2026-09-08T21:32:16.515+01:00 INFO : 337: generating IMRPhenomD from 30.0 Hz
2026-09-08T21:32:16.517+01:00 INFO : Decompressing waveform using inline_linear
2026-09-08T21:32:16.522+01:00 INFO : Filtering template 338/384 segment 1/5
2026-09-08T21:32:16.563+01:00 INFO : 1 points above threshold
2026-09-08T21:32:16.578+01:00 INFO : Filtering template 338/384 segment 2/5
2026-09-08T21:32:16.616+01:00 INFO : 2 points above threshold
2026-09-08T21:32:16.622+01:00 INFO : Filtering template 338/384 segment 3/5
2026-09-08T21:32:16.659+01:00 INFO : 1 points above threshold
2026-09-08T21:32:16.665+01:00 INFO : Filtering template 338/384 segment 4/5
2026-09-08T21:32:16.702+01:00 INFO : Filtering template 338/384 segment 5/5
2026-09-08T21:32:16.739+01:00 INFO : 2 points above threshold
2026-09-08T21:32:16.745+01:00 INFO : 338: generating IMRPhenomD from 30.0 Hz
2026-09-08T21:32:16.747+01:00 INFO : Decompressing waveform using inline_linear
2026-09-08T21:32:16.752+01:00 INFO : Filtering template 339/384 segment 1/5
2026-09-08T21:32:16.792+01:00 INFO : 1 points above threshold
2026-09-08T21:32:16.807+01:00 INFO : Filtering template 339/384 segment 2/5
2026-09-08T21:32:16.844+01:00 INFO : 1 points above threshold
2026-09-08T21:32:16.850+01:00 INFO : Filtering template 339/384 segment 3/5
2026-09-08T21:32:16.887+01:00 INFO : 1 points above threshold
2026-09-08T21:32:16.893+01:00 INFO : Filtering template 339/384 segment 4/5
2026-09-08T21:32:16.930+01:00 INFO : Filtering template 339/384 segment 5/5
2026-09-08T21:32:16.967+01:00 INFO : 2 points above threshold
2026-09-08T21:32:16.973+01:00 INFO : 339: generating IMRPhenomD from 30.0 Hz
2026-09-08T21:32:16.975+01:00 INFO : Decompressing waveform using inline_linear
2026-09-08T21:32:16.980+01:00 INFO : Filtering template 340/384 segment 1/5
2026-09-08T21:32:17.020+01:00 INFO : 1 points above threshold
2026-09-08T21:32:17.036+01:00 INFO : Filtering template 340/384 segment 2/5
2026-09-08T21:32:17.073+01:00 INFO : Filtering template 340/384 segment 3/5
2026-09-08T21:32:17.110+01:00 INFO : Filtering template 340/384 segment 4/5
2026-09-08T21:32:17.147+01:00 INFO : Filtering template 340/384 segment 5/5
2026-09-08T21:32:17.184+01:00 INFO : 1 points above threshold
2026-09-08T21:32:17.190+01:00 INFO : 340: generating IMRPhenomD from 30.0 Hz
2026-09-08T21:32:17.192+01:00 INFO : Decompressing waveform using inline_linear
2026-09-08T21:32:17.197+01:00 INFO : Filtering template 341/384 segment 1/5
2026-09-08T21:32:17.237+01:00 INFO : 2 points above threshold
2026-09-08T21:32:17.252+01:00 INFO : Filtering template 341/384 segment 2/5
2026-09-08T21:32:17.289+01:00 INFO : 1 points above threshold
2026-09-08T21:32:17.295+01:00 INFO : Filtering template 341/384 segment 3/5
2026-09-08T21:32:17.332+01:00 INFO : 2 points above threshold
2026-09-08T21:32:17.338+01:00 INFO : Filtering template 341/384 segment 4/5
2026-09-08T21:32:17.375+01:00 INFO : 1 points above threshold
2026-09-08T21:32:17.381+01:00 INFO : Filtering template 341/384 segment 5/5
2026-09-08T21:32:17.418+01:00 INFO : 2 points above threshold
2026-09-08T21:32:17.424+01:00 INFO : 341: generating IMRPhenomD from 30.0 Hz
2026-09-08T21:32:17.427+01:00 INFO : Decompressing waveform using inline_linear
2026-09-08T21:32:17.431+01:00 INFO : Filtering template 342/384 segment 1/5
2026-09-08T21:32:17.472+01:00 INFO : 2 points above threshold
2026-09-08T21:32:17.487+01:00 INFO : Filtering template 342/384 segment 2/5
2026-09-08T21:32:17.524+01:00 INFO : 2 points above threshold
2026-09-08T21:32:17.530+01:00 INFO : Filtering template 342/384 segment 3/5
2026-09-08T21:32:17.567+01:00 INFO : 1 points above threshold
2026-09-08T21:32:17.573+01:00 INFO : Filtering template 342/384 segment 4/5
2026-09-08T21:32:17.610+01:00 INFO : 2 points above threshold
2026-09-08T21:32:17.616+01:00 INFO : Filtering template 342/384 segment 5/5
2026-09-08T21:32:17.652+01:00 INFO : 1 points above threshold
2026-09-08T21:32:17.660+01:00 INFO : 342: generating IMRPhenomD from 30.0 Hz
2026-09-08T21:32:17.662+01:00 INFO : Decompressing waveform using inline_linear
2026-09-08T21:32:17.667+01:00 INFO : Filtering template 343/384 segment 1/5
2026-09-08T21:32:17.707+01:00 INFO : Filtering template 343/384 segment 2/5
2026-09-08T21:32:17.744+01:00 INFO : 1 points above threshold
2026-09-08T21:32:17.759+01:00 INFO : Filtering template 343/384 segment 3/5
2026-09-08T21:32:17.796+01:00 INFO : Filtering template 343/384 segment 4/5
2026-09-08T21:32:17.833+01:00 INFO : Filtering template 343/384 segment 5/5
2026-09-08T21:32:17.870+01:00 INFO : 343: generating IMRPhenomD from 30.0 Hz
2026-09-08T21:32:17.873+01:00 INFO : Decompressing waveform using inline_linear
2026-09-08T21:32:17.878+01:00 INFO : Filtering template 344/384 segment 1/5
2026-09-08T21:32:17.918+01:00 INFO : 1 points above threshold
2026-09-08T21:32:17.933+01:00 INFO : Filtering template 344/384 segment 2/5
2026-09-08T21:32:17.970+01:00 INFO : 1 points above threshold
2026-09-08T21:32:17.976+01:00 INFO : Filtering template 344/384 segment 3/5
2026-09-08T21:32:18.013+01:00 INFO : 1 points above threshold
2026-09-08T21:32:18.019+01:00 INFO : Filtering template 344/384 segment 4/5
2026-09-08T21:32:18.056+01:00 INFO : 1 points above threshold
2026-09-08T21:32:18.062+01:00 INFO : Filtering template 344/384 segment 5/5
2026-09-08T21:32:18.099+01:00 INFO : 1 points above threshold
2026-09-08T21:32:18.105+01:00 INFO : 344: generating IMRPhenomD from 30.0 Hz
2026-09-08T21:32:18.107+01:00 INFO : Decompressing waveform using inline_linear
2026-09-08T21:32:18.112+01:00 INFO : Filtering template 345/384 segment 1/5
2026-09-08T21:32:18.153+01:00 INFO : 1 points above threshold
2026-09-08T21:32:18.168+01:00 INFO : Filtering template 345/384 segment 2/5
2026-09-08T21:32:18.205+01:00 INFO : 2 points above threshold
2026-09-08T21:32:18.211+01:00 INFO : Filtering template 345/384 segment 3/5
2026-09-08T21:32:18.248+01:00 INFO : 4 points above threshold
2026-09-08T21:32:18.254+01:00 INFO : Filtering template 345/384 segment 4/5
2026-09-08T21:32:18.293+01:00 INFO : 1 points above threshold
2026-09-08T21:32:18.299+01:00 INFO : Filtering template 345/384 segment 5/5
2026-09-08T21:32:18.342+01:00 INFO : 1 points above threshold
2026-09-08T21:32:18.349+01:00 INFO : 345: generating IMRPhenomD from 30.0 Hz
2026-09-08T21:32:18.352+01:00 INFO : Decompressing waveform using inline_linear
2026-09-08T21:32:18.357+01:00 INFO : Filtering template 346/384 segment 1/5
2026-09-08T21:32:18.397+01:00 INFO : 1 points above threshold
2026-09-08T21:32:18.413+01:00 INFO : Filtering template 346/384 segment 2/5
2026-09-08T21:32:18.450+01:00 INFO : Filtering template 346/384 segment 3/5
2026-09-08T21:32:18.487+01:00 INFO : 1 points above threshold
2026-09-08T21:32:18.493+01:00 INFO : Filtering template 346/384 segment 4/5
2026-09-08T21:32:18.530+01:00 INFO : 3 points above threshold
2026-09-08T21:32:18.538+01:00 INFO : Filtering template 346/384 segment 5/5
2026-09-08T21:32:18.575+01:00 INFO : 1 points above threshold
2026-09-08T21:32:18.582+01:00 INFO : 346: generating IMRPhenomD from 30.0 Hz
2026-09-08T21:32:18.584+01:00 INFO : Decompressing waveform using inline_linear
2026-09-08T21:32:18.589+01:00 INFO : Filtering template 347/384 segment 1/5
2026-09-08T21:32:18.630+01:00 INFO : 2 points above threshold
2026-09-08T21:32:18.645+01:00 INFO : Filtering template 347/384 segment 2/5
2026-09-08T21:32:18.682+01:00 INFO : Filtering template 347/384 segment 3/5
2026-09-08T21:32:18.720+01:00 INFO : 2 points above threshold
2026-09-08T21:32:18.725+01:00 INFO : Filtering template 347/384 segment 4/5
2026-09-08T21:32:18.762+01:00 INFO : 4 points above threshold
2026-09-08T21:32:18.768+01:00 INFO : Filtering template 347/384 segment 5/5
2026-09-08T21:32:18.806+01:00 INFO : 347: generating IMRPhenomD from 30.0 Hz
2026-09-08T21:32:18.808+01:00 INFO : Decompressing waveform using inline_linear
2026-09-08T21:32:18.813+01:00 INFO : Filtering template 348/384 segment 1/5
2026-09-08T21:32:18.854+01:00 INFO : 2 points above threshold
2026-09-08T21:32:18.869+01:00 INFO : Filtering template 348/384 segment 2/5
2026-09-08T21:32:18.906+01:00 INFO : Filtering template 348/384 segment 3/5
2026-09-08T21:32:18.943+01:00 INFO : 3 points above threshold
2026-09-08T21:32:18.951+01:00 INFO : Filtering template 348/384 segment 4/5
2026-09-08T21:32:18.988+01:00 INFO : 4 points above threshold
2026-09-08T21:32:18.994+01:00 INFO : Filtering template 348/384 segment 5/5
2026-09-08T21:32:19.031+01:00 INFO : 348: generating IMRPhenomD from 30.0 Hz
2026-09-08T21:32:19.033+01:00 INFO : Decompressing waveform using inline_linear
2026-09-08T21:32:19.038+01:00 INFO : Filtering template 349/384 segment 1/5
2026-09-08T21:32:19.079+01:00 INFO : 2 points above threshold
2026-09-08T21:32:19.094+01:00 INFO : Filtering template 349/384 segment 2/5
2026-09-08T21:32:19.131+01:00 INFO : 1 points above threshold
2026-09-08T21:32:19.137+01:00 INFO : Filtering template 349/384 segment 3/5
2026-09-08T21:32:19.174+01:00 INFO : Filtering template 349/384 segment 4/5
2026-09-08T21:32:19.211+01:00 INFO : 5 points above threshold
2026-09-08T21:32:19.219+01:00 INFO : Filtering template 349/384 segment 5/5
2026-09-08T21:32:19.256+01:00 INFO : 1 points above threshold
2026-09-08T21:32:19.262+01:00 INFO : 349: generating IMRPhenomD from 30.0 Hz
2026-09-08T21:32:19.265+01:00 INFO : Decompressing waveform using inline_linear
2026-09-08T21:32:19.270+01:00 INFO : Filtering template 350/384 segment 1/5
2026-09-08T21:32:19.310+01:00 INFO : 2 points above threshold
2026-09-08T21:32:19.325+01:00 INFO : Filtering template 350/384 segment 2/5
2026-09-08T21:32:19.362+01:00 INFO : 1 points above threshold
2026-09-08T21:32:19.368+01:00 INFO : Filtering template 350/384 segment 3/5
2026-09-08T21:32:19.405+01:00 INFO : 1 points above threshold
2026-09-08T21:32:19.411+01:00 INFO : Filtering template 350/384 segment 4/5
2026-09-08T21:32:19.448+01:00 INFO : Filtering template 350/384 segment 5/5
2026-09-08T21:32:19.486+01:00 INFO : 5 points above threshold
2026-09-08T21:32:19.494+01:00 INFO : 350: generating IMRPhenomD from 30.0 Hz
2026-09-08T21:32:19.496+01:00 INFO : Decompressing waveform using inline_linear
2026-09-08T21:32:19.501+01:00 INFO : Filtering template 351/384 segment 1/5
2026-09-08T21:32:19.542+01:00 INFO : 1 points above threshold
2026-09-08T21:32:19.557+01:00 INFO : Filtering template 351/384 segment 2/5
2026-09-08T21:32:19.594+01:00 INFO : Filtering template 351/384 segment 3/5
2026-09-08T21:32:19.631+01:00 INFO : Filtering template 351/384 segment 4/5
2026-09-08T21:32:19.668+01:00 INFO : 2 points above threshold
2026-09-08T21:32:19.674+01:00 INFO : Filtering template 351/384 segment 5/5
2026-09-08T21:32:19.712+01:00 INFO : 351: generating IMRPhenomD from 30.0 Hz
2026-09-08T21:32:19.714+01:00 INFO : Decompressing waveform using inline_linear
2026-09-08T21:32:19.719+01:00 INFO : Filtering template 352/384 segment 1/5
2026-09-08T21:32:19.760+01:00 INFO : Filtering template 352/384 segment 2/5
2026-09-08T21:32:19.796+01:00 INFO : Filtering template 352/384 segment 3/5
2026-09-08T21:32:19.834+01:00 INFO : Filtering template 352/384 segment 4/5
2026-09-08T21:32:19.871+01:00 INFO : 1 points above threshold
2026-09-08T21:32:19.886+01:00 INFO : Filtering template 352/384 segment 5/5
2026-09-08T21:32:19.923+01:00 INFO : 1 points above threshold
2026-09-08T21:32:19.930+01:00 INFO : 352: generating IMRPhenomD from 30.0 Hz
2026-09-08T21:32:19.932+01:00 INFO : Decompressing waveform using inline_linear
2026-09-08T21:32:19.937+01:00 INFO : Filtering template 353/384 segment 1/5
2026-09-08T21:32:19.977+01:00 INFO : 1 points above threshold
2026-09-08T21:32:19.992+01:00 INFO : Filtering template 353/384 segment 2/5
2026-09-08T21:32:20.029+01:00 INFO : 2 points above threshold
2026-09-08T21:32:20.035+01:00 INFO : Filtering template 353/384 segment 3/5
2026-09-08T21:32:20.072+01:00 INFO : 2 points above threshold
2026-09-08T21:32:20.078+01:00 INFO : Filtering template 353/384 segment 4/5
2026-09-08T21:32:20.115+01:00 INFO : 1 points above threshold
2026-09-08T21:32:20.121+01:00 INFO : Filtering template 353/384 segment 5/5
2026-09-08T21:32:20.159+01:00 INFO : 353: generating IMRPhenomD from 30.0 Hz
2026-09-08T21:32:20.161+01:00 INFO : Decompressing waveform using inline_linear
2026-09-08T21:32:20.166+01:00 INFO : Filtering template 354/384 segment 1/5
2026-09-08T21:32:20.207+01:00 INFO : 4 points above threshold
2026-09-08T21:32:20.222+01:00 INFO : Filtering template 354/384 segment 2/5
2026-09-08T21:32:20.259+01:00 INFO : 1 points above threshold
2026-09-08T21:32:20.265+01:00 INFO : Filtering template 354/384 segment 3/5
2026-09-08T21:32:20.302+01:00 INFO : Filtering template 354/384 segment 4/5
2026-09-08T21:32:20.339+01:00 INFO : Filtering template 354/384 segment 5/5
2026-09-08T21:32:20.376+01:00 INFO : 1 points above threshold
2026-09-08T21:32:20.382+01:00 INFO : 354: generating IMRPhenomD from 30.0 Hz
2026-09-08T21:32:20.384+01:00 INFO : Decompressing waveform using inline_linear
2026-09-08T21:32:20.389+01:00 INFO : Filtering template 355/384 segment 1/5
2026-09-08T21:32:20.430+01:00 INFO : Filtering template 355/384 segment 2/5
2026-09-08T21:32:20.467+01:00 INFO : Filtering template 355/384 segment 3/5
2026-09-08T21:32:20.504+01:00 INFO : 1 points above threshold
2026-09-08T21:32:20.519+01:00 INFO : Filtering template 355/384 segment 4/5
2026-09-08T21:32:20.556+01:00 INFO : Filtering template 355/384 segment 5/5
2026-09-08T21:32:20.593+01:00 INFO : 2 points above threshold
2026-09-08T21:32:20.599+01:00 INFO : 355: generating IMRPhenomD from 30.0 Hz
2026-09-08T21:32:20.602+01:00 INFO : Decompressing waveform using inline_linear
2026-09-08T21:32:20.607+01:00 INFO : Filtering template 356/384 segment 1/5
2026-09-08T21:32:20.647+01:00 INFO : 1 points above threshold
2026-09-08T21:32:20.662+01:00 INFO : Filtering template 356/384 segment 2/5
2026-09-08T21:32:20.699+01:00 INFO : 2 points above threshold
2026-09-08T21:32:20.705+01:00 INFO : Filtering template 356/384 segment 3/5
2026-09-08T21:32:20.742+01:00 INFO : 2 points above threshold
2026-09-08T21:32:20.748+01:00 INFO : Filtering template 356/384 segment 4/5
2026-09-08T21:32:20.785+01:00 INFO : 2 points above threshold
2026-09-08T21:32:20.791+01:00 INFO : Filtering template 356/384 segment 5/5
2026-09-08T21:32:20.828+01:00 INFO : 1 points above threshold
2026-09-08T21:32:20.834+01:00 INFO : 356: generating IMRPhenomD from 30.0 Hz
2026-09-08T21:32:20.836+01:00 INFO : Decompressing waveform using inline_linear
2026-09-08T21:32:20.841+01:00 INFO : Filtering template 357/384 segment 1/5
2026-09-08T21:32:20.881+01:00 INFO : 2 points above threshold
2026-09-08T21:32:20.897+01:00 INFO : Filtering template 357/384 segment 2/5
2026-09-08T21:32:20.934+01:00 INFO : Filtering template 357/384 segment 3/5
2026-09-08T21:32:20.971+01:00 INFO : 4 points above threshold
2026-09-08T21:32:20.977+01:00 INFO : Filtering template 357/384 segment 4/5
2026-09-08T21:32:21.014+01:00 INFO : 1 points above threshold
2026-09-08T21:32:21.020+01:00 INFO : Filtering template 357/384 segment 5/5
2026-09-08T21:32:21.057+01:00 INFO : 357: generating IMRPhenomD from 30.0 Hz
2026-09-08T21:32:21.059+01:00 INFO : Decompressing waveform using inline_linear
2026-09-08T21:32:21.064+01:00 INFO : Filtering template 358/384 segment 1/5
2026-09-08T21:32:21.104+01:00 INFO : 2 points above threshold
2026-09-08T21:32:21.120+01:00 INFO : Filtering template 358/384 segment 2/5
2026-09-08T21:32:21.157+01:00 INFO : 2 points above threshold
2026-09-08T21:32:21.163+01:00 INFO : Filtering template 358/384 segment 3/5
2026-09-08T21:32:21.200+01:00 INFO : Filtering template 358/384 segment 4/5
2026-09-08T21:32:21.237+01:00 INFO : 1 points above threshold
2026-09-08T21:32:21.242+01:00 INFO : Filtering template 358/384 segment 5/5
2026-09-08T21:32:21.280+01:00 INFO : 358: generating IMRPhenomD from 30.0 Hz
2026-09-08T21:32:21.282+01:00 INFO : Decompressing waveform using inline_linear
2026-09-08T21:32:21.287+01:00 INFO : Filtering template 359/384 segment 1/5
2026-09-08T21:32:21.327+01:00 INFO : 2 points above threshold
2026-09-08T21:32:21.343+01:00 INFO : Filtering template 359/384 segment 2/5
2026-09-08T21:32:21.380+01:00 INFO : 2 points above threshold
2026-09-08T21:32:21.386+01:00 INFO : Filtering template 359/384 segment 3/5
2026-09-08T21:32:21.423+01:00 INFO : Filtering template 359/384 segment 4/5
2026-09-08T21:32:21.460+01:00 INFO : 1 points above threshold
2026-09-08T21:32:21.466+01:00 INFO : Filtering template 359/384 segment 5/5
2026-09-08T21:32:21.503+01:00 INFO : 2 points above threshold
2026-09-08T21:32:21.509+01:00 INFO : 359: generating IMRPhenomD from 30.0 Hz
2026-09-08T21:32:21.511+01:00 INFO : Decompressing waveform using inline_linear
2026-09-08T21:32:21.516+01:00 INFO : Filtering template 360/384 segment 1/5
2026-09-08T21:32:21.556+01:00 INFO : Filtering template 360/384 segment 2/5
2026-09-08T21:32:21.593+01:00 INFO : Filtering template 360/384 segment 3/5
2026-09-08T21:32:21.630+01:00 INFO : 2 points above threshold
2026-09-08T21:32:21.646+01:00 INFO : Filtering template 360/384 segment 4/5
2026-09-08T21:32:21.683+01:00 INFO : Filtering template 360/384 segment 5/5
2026-09-08T21:32:21.720+01:00 INFO : 2 points above threshold
2026-09-08T21:32:21.726+01:00 INFO : 360: generating IMRPhenomD from 30.0 Hz
2026-09-08T21:32:21.729+01:00 INFO : Decompressing waveform using inline_linear
2026-09-08T21:32:21.734+01:00 INFO : Filtering template 361/384 segment 1/5
2026-09-08T21:32:21.774+01:00 INFO : 1 points above threshold
2026-09-08T21:32:21.789+01:00 INFO : Filtering template 361/384 segment 2/5
2026-09-08T21:32:21.826+01:00 INFO : 1 points above threshold
2026-09-08T21:32:21.832+01:00 INFO : Filtering template 361/384 segment 3/5
2026-09-08T21:32:21.869+01:00 INFO : 1 points above threshold
2026-09-08T21:32:21.875+01:00 INFO : Filtering template 361/384 segment 4/5
2026-09-08T21:32:21.912+01:00 INFO : 1 points above threshold
2026-09-08T21:32:21.918+01:00 INFO : Filtering template 361/384 segment 5/5
2026-09-08T21:32:21.956+01:00 INFO : 361: generating IMRPhenomD from 30.0 Hz
2026-09-08T21:32:21.958+01:00 INFO : Decompressing waveform using inline_linear
2026-09-08T21:32:21.963+01:00 INFO : Filtering template 362/384 segment 1/5
2026-09-08T21:32:22.004+01:00 INFO : 1 points above threshold
2026-09-08T21:32:22.019+01:00 INFO : Filtering template 362/384 segment 2/5
2026-09-08T21:32:22.056+01:00 INFO : 2 points above threshold
2026-09-08T21:32:22.062+01:00 INFO : Filtering template 362/384 segment 3/5
2026-09-08T21:32:22.099+01:00 INFO : 1 points above threshold
2026-09-08T21:32:22.105+01:00 INFO : Filtering template 362/384 segment 4/5
2026-09-08T21:32:22.142+01:00 INFO : Filtering template 362/384 segment 5/5
2026-09-08T21:32:22.179+01:00 INFO : 1 points above threshold
2026-09-08T21:32:22.185+01:00 INFO : 362: generating IMRPhenomD from 30.0 Hz
2026-09-08T21:32:22.188+01:00 INFO : Decompressing waveform using inline_linear
2026-09-08T21:32:22.193+01:00 INFO : Filtering template 363/384 segment 1/5
2026-09-08T21:32:22.233+01:00 INFO : 3 points above threshold
2026-09-08T21:32:22.250+01:00 INFO : Filtering template 363/384 segment 2/5
2026-09-08T21:32:22.287+01:00 INFO : Filtering template 363/384 segment 3/5
2026-09-08T21:32:22.324+01:00 INFO : 1 points above threshold
2026-09-08T21:32:22.330+01:00 INFO : Filtering template 363/384 segment 4/5
2026-09-08T21:32:22.367+01:00 INFO : 1 points above threshold
2026-09-08T21:32:22.373+01:00 INFO : Filtering template 363/384 segment 5/5
2026-09-08T21:32:22.410+01:00 INFO : 1 points above threshold
2026-09-08T21:32:22.416+01:00 INFO : 363: generating IMRPhenomD from 30.0 Hz
2026-09-08T21:32:22.418+01:00 INFO : Decompressing waveform using inline_linear
2026-09-08T21:32:22.423+01:00 INFO : Filtering template 364/384 segment 1/5
2026-09-08T21:32:22.464+01:00 INFO : Filtering template 364/384 segment 2/5
2026-09-08T21:32:22.501+01:00 INFO : 1 points above threshold
2026-09-08T21:32:22.516+01:00 INFO : Filtering template 364/384 segment 3/5
2026-09-08T21:32:22.553+01:00 INFO : Filtering template 364/384 segment 4/5
2026-09-08T21:32:22.590+01:00 INFO : 2 points above threshold
2026-09-08T21:32:22.596+01:00 INFO : Filtering template 364/384 segment 5/5
2026-09-08T21:32:22.633+01:00 INFO : 1 points above threshold
2026-09-08T21:32:22.639+01:00 INFO : 364: generating IMRPhenomD from 30.0 Hz
2026-09-08T21:32:22.642+01:00 INFO : Decompressing waveform using inline_linear
2026-09-08T21:32:22.646+01:00 INFO : Filtering template 365/384 segment 1/5
2026-09-08T21:32:22.687+01:00 INFO : Filtering template 365/384 segment 2/5
2026-09-08T21:32:22.724+01:00 INFO : 2 points above threshold
2026-09-08T21:32:22.740+01:00 INFO : Filtering template 365/384 segment 3/5
2026-09-08T21:32:22.777+01:00 INFO : Filtering template 365/384 segment 4/5
2026-09-08T21:32:22.814+01:00 INFO : 2 points above threshold
2026-09-08T21:32:22.819+01:00 INFO : Filtering template 365/384 segment 5/5
2026-09-08T21:32:22.857+01:00 INFO : 1 points above threshold
2026-09-08T21:32:22.863+01:00 INFO : 365: generating IMRPhenomD from 30.0 Hz
2026-09-08T21:32:22.865+01:00 INFO : Decompressing waveform using inline_linear
2026-09-08T21:32:22.870+01:00 INFO : Filtering template 366/384 segment 1/5
2026-09-08T21:32:22.910+01:00 INFO : 1 points above threshold
2026-09-08T21:32:22.926+01:00 INFO : Filtering template 366/384 segment 2/5
2026-09-08T21:32:22.963+01:00 INFO : 1 points above threshold
2026-09-08T21:32:22.969+01:00 INFO : Filtering template 366/384 segment 3/5
2026-09-08T21:32:23.006+01:00 INFO : 1 points above threshold
2026-09-08T21:32:23.012+01:00 INFO : Filtering template 366/384 segment 4/5
2026-09-08T21:32:23.049+01:00 INFO : 2 points above threshold
2026-09-08T21:32:23.055+01:00 INFO : Filtering template 366/384 segment 5/5
2026-09-08T21:32:23.092+01:00 INFO : 366: generating IMRPhenomD from 30.0 Hz
2026-09-08T21:32:23.094+01:00 INFO : Decompressing waveform using inline_linear
2026-09-08T21:32:23.099+01:00 INFO : Filtering template 367/384 segment 1/5
2026-09-08T21:32:23.140+01:00 INFO : 2 points above threshold
2026-09-08T21:32:23.155+01:00 INFO : Filtering template 367/384 segment 2/5
2026-09-08T21:32:23.192+01:00 INFO : Filtering template 367/384 segment 3/5
2026-09-08T21:32:23.229+01:00 INFO : Filtering template 367/384 segment 4/5
2026-09-08T21:32:23.267+01:00 INFO : 1 points above threshold
2026-09-08T21:32:23.273+01:00 INFO : Filtering template 367/384 segment 5/5
2026-09-08T21:32:23.310+01:00 INFO : 3 points above threshold
2026-09-08T21:32:23.318+01:00 INFO : 367: generating IMRPhenomD from 30.0 Hz
2026-09-08T21:32:23.320+01:00 INFO : Decompressing waveform using inline_linear
2026-09-08T21:32:23.325+01:00 INFO : Filtering template 368/384 segment 1/5
2026-09-08T21:32:23.366+01:00 INFO : 2 points above threshold
2026-09-08T21:32:23.382+01:00 INFO : Filtering template 368/384 segment 2/5
2026-09-08T21:32:23.424+01:00 INFO : Filtering template 368/384 segment 3/5
2026-09-08T21:32:23.462+01:00 INFO : Filtering template 368/384 segment 4/5
2026-09-08T21:32:23.499+01:00 INFO : 1 points above threshold
2026-09-08T21:32:23.505+01:00 INFO : Filtering template 368/384 segment 5/5
2026-09-08T21:32:23.542+01:00 INFO : 368: generating IMRPhenomD from 30.0 Hz
2026-09-08T21:32:23.545+01:00 INFO : Decompressing waveform using inline_linear
2026-09-08T21:32:23.550+01:00 INFO : Filtering template 369/384 segment 1/5
2026-09-08T21:32:23.590+01:00 INFO : 1 points above threshold
2026-09-08T21:32:23.606+01:00 INFO : Filtering template 369/384 segment 2/5
2026-09-08T21:32:23.643+01:00 INFO : Filtering template 369/384 segment 3/5
2026-09-08T21:32:23.680+01:00 INFO : 1 points above threshold
2026-09-08T21:32:23.686+01:00 INFO : Filtering template 369/384 segment 4/5
2026-09-08T21:32:23.723+01:00 INFO : 2 points above threshold
2026-09-08T21:32:23.729+01:00 INFO : Filtering template 369/384 segment 5/5
2026-09-08T21:32:23.766+01:00 INFO : 2 points above threshold
2026-09-08T21:32:23.772+01:00 INFO : 369: generating IMRPhenomD from 30.0 Hz
2026-09-08T21:32:23.774+01:00 INFO : Decompressing waveform using inline_linear
2026-09-08T21:32:23.779+01:00 INFO : Filtering template 370/384 segment 1/5
2026-09-08T21:32:23.820+01:00 INFO : Filtering template 370/384 segment 2/5
2026-09-08T21:32:23.857+01:00 INFO : 2 points above threshold
2026-09-08T21:32:23.872+01:00 INFO : Filtering template 370/384 segment 3/5
2026-09-08T21:32:23.909+01:00 INFO : 2 points above threshold
2026-09-08T21:32:23.915+01:00 INFO : Filtering template 370/384 segment 4/5
2026-09-08T21:32:23.952+01:00 INFO : 2 points above threshold
2026-09-08T21:32:23.958+01:00 INFO : Filtering template 370/384 segment 5/5
2026-09-08T21:32:23.995+01:00 INFO : 370: generating IMRPhenomD from 30.0 Hz
2026-09-08T21:32:23.998+01:00 INFO : Decompressing waveform using inline_linear
2026-09-08T21:32:24.002+01:00 INFO : Filtering template 371/384 segment 1/5
2026-09-08T21:32:24.043+01:00 INFO : 1 points above threshold
2026-09-08T21:32:24.058+01:00 INFO : Filtering template 371/384 segment 2/5
2026-09-08T21:32:24.095+01:00 INFO : Filtering template 371/384 segment 3/5
2026-09-08T21:32:24.132+01:00 INFO : 1 points above threshold
2026-09-08T21:32:24.138+01:00 INFO : Filtering template 371/384 segment 4/5
2026-09-08T21:32:24.175+01:00 INFO : Filtering template 371/384 segment 5/5
2026-09-08T21:32:24.212+01:00 INFO : 1 points above threshold
2026-09-08T21:32:24.218+01:00 INFO : 371: generating IMRPhenomD from 30.0 Hz
2026-09-08T21:32:24.221+01:00 INFO : Decompressing waveform using inline_linear
2026-09-08T21:32:24.226+01:00 INFO : Filtering template 372/384 segment 1/5
2026-09-08T21:32:24.266+01:00 INFO : 1 points above threshold
2026-09-08T21:32:24.281+01:00 INFO : Filtering template 372/384 segment 2/5
2026-09-08T21:32:24.318+01:00 INFO : 3 points above threshold
2026-09-08T21:32:24.326+01:00 INFO : Filtering template 372/384 segment 3/5
2026-09-08T21:32:24.363+01:00 INFO : 1 points above threshold
2026-09-08T21:32:24.369+01:00 INFO : Filtering template 372/384 segment 4/5
2026-09-08T21:32:24.406+01:00 INFO : Filtering template 372/384 segment 5/5
2026-09-08T21:32:24.444+01:00 INFO : 372: generating IMRPhenomD from 30.0 Hz
2026-09-08T21:32:24.446+01:00 INFO : Decompressing waveform using inline_linear
2026-09-08T21:32:24.451+01:00 INFO : Filtering template 373/384 segment 1/5
2026-09-08T21:32:24.492+01:00 INFO : 3 points above threshold
2026-09-08T21:32:24.509+01:00 INFO : Filtering template 373/384 segment 2/5
2026-09-08T21:32:24.546+01:00 INFO : 1 points above threshold
2026-09-08T21:32:24.552+01:00 INFO : Filtering template 373/384 segment 3/5
2026-09-08T21:32:24.589+01:00 INFO : 2 points above threshold
2026-09-08T21:32:24.595+01:00 INFO : Filtering template 373/384 segment 4/5
2026-09-08T21:32:24.632+01:00 INFO : Filtering template 373/384 segment 5/5
2026-09-08T21:32:24.669+01:00 INFO : 1 points above threshold
2026-09-08T21:32:24.675+01:00 INFO : 373: generating IMRPhenomD from 30.0 Hz
2026-09-08T21:32:24.677+01:00 INFO : Decompressing waveform using inline_linear
2026-09-08T21:32:24.682+01:00 INFO : Filtering template 374/384 segment 1/5
2026-09-08T21:32:24.723+01:00 INFO : Filtering template 374/384 segment 2/5
2026-09-08T21:32:24.760+01:00 INFO : Filtering template 374/384 segment 3/5
2026-09-08T21:32:24.797+01:00 INFO : 2 points above threshold
2026-09-08T21:32:24.812+01:00 INFO : Filtering template 374/384 segment 4/5
2026-09-08T21:32:24.849+01:00 INFO : Filtering template 374/384 segment 5/5
2026-09-08T21:32:24.886+01:00 INFO : 1 points above threshold
2026-09-08T21:32:24.892+01:00 INFO : 374: generating IMRPhenomD from 30.0 Hz
2026-09-08T21:32:24.895+01:00 INFO : Decompressing waveform using inline_linear
2026-09-08T21:32:24.900+01:00 INFO : Filtering template 375/384 segment 1/5
2026-09-08T21:32:24.940+01:00 INFO : 1 points above threshold
2026-09-08T21:32:24.955+01:00 INFO : Filtering template 375/384 segment 2/5
2026-09-08T21:32:24.992+01:00 INFO : Filtering template 375/384 segment 3/5
2026-09-08T21:32:25.029+01:00 INFO : 1 points above threshold
2026-09-08T21:32:25.035+01:00 INFO : Filtering template 375/384 segment 4/5
2026-09-08T21:32:25.072+01:00 INFO : 3 points above threshold
2026-09-08T21:32:25.080+01:00 INFO : Filtering template 375/384 segment 5/5
2026-09-08T21:32:25.117+01:00 INFO : 1 points above threshold
2026-09-08T21:32:25.123+01:00 INFO : 375: generating IMRPhenomD from 30.0 Hz
2026-09-08T21:32:25.125+01:00 INFO : Decompressing waveform using inline_linear
2026-09-08T21:32:25.130+01:00 INFO : Filtering template 376/384 segment 1/5
2026-09-08T21:32:25.171+01:00 INFO : Filtering template 376/384 segment 2/5
2026-09-08T21:32:25.208+01:00 INFO : Filtering template 376/384 segment 3/5
2026-09-08T21:32:25.245+01:00 INFO : Filtering template 376/384 segment 4/5
2026-09-08T21:32:25.282+01:00 INFO : 1 points above threshold
2026-09-08T21:32:25.297+01:00 INFO : Filtering template 376/384 segment 5/5
2026-09-08T21:32:25.334+01:00 INFO : 1 points above threshold
2026-09-08T21:32:25.340+01:00 INFO : 376: generating IMRPhenomD from 30.0 Hz
2026-09-08T21:32:25.343+01:00 INFO : Decompressing waveform using inline_linear
2026-09-08T21:32:25.347+01:00 INFO : Filtering template 377/384 segment 1/5
2026-09-08T21:32:25.388+01:00 INFO : 2 points above threshold
2026-09-08T21:32:25.403+01:00 INFO : Filtering template 377/384 segment 2/5
2026-09-08T21:32:25.440+01:00 INFO : Filtering template 377/384 segment 3/5
2026-09-08T21:32:25.477+01:00 INFO : 1 points above threshold
2026-09-08T21:32:25.483+01:00 INFO : Filtering template 377/384 segment 4/5
2026-09-08T21:32:25.520+01:00 INFO : 2 points above threshold
2026-09-08T21:32:25.526+01:00 INFO : Filtering template 377/384 segment 5/5
2026-09-08T21:32:25.563+01:00 INFO : 377: generating IMRPhenomD from 30.0 Hz
2026-09-08T21:32:25.566+01:00 INFO : Decompressing waveform using inline_linear
2026-09-08T21:32:25.570+01:00 INFO : Filtering template 378/384 segment 1/5
2026-09-08T21:32:25.611+01:00 INFO : 3 points above threshold
2026-09-08T21:32:25.628+01:00 INFO : Filtering template 378/384 segment 2/5
2026-09-08T21:32:25.665+01:00 INFO : 3 points above threshold
2026-09-08T21:32:25.673+01:00 INFO : Filtering template 378/384 segment 3/5
2026-09-08T21:32:25.710+01:00 INFO : Filtering template 378/384 segment 4/5
2026-09-08T21:32:25.747+01:00 INFO : Filtering template 378/384 segment 5/5
2026-09-08T21:32:25.784+01:00 INFO : 1 points above threshold
2026-09-08T21:32:25.790+01:00 INFO : 378: generating IMRPhenomD from 30.0 Hz
2026-09-08T21:32:25.792+01:00 INFO : Decompressing waveform using inline_linear
2026-09-08T21:32:25.797+01:00 INFO : Filtering template 379/384 segment 1/5
2026-09-08T21:32:25.837+01:00 INFO : 2 points above threshold
2026-09-08T21:32:25.853+01:00 INFO : Filtering template 379/384 segment 2/5
2026-09-08T21:32:25.890+01:00 INFO : Filtering template 379/384 segment 3/5
2026-09-08T21:32:25.927+01:00 INFO : 1 points above threshold
2026-09-08T21:32:25.933+01:00 INFO : Filtering template 379/384 segment 4/5
2026-09-08T21:32:25.970+01:00 INFO : 2 points above threshold
2026-09-08T21:32:25.976+01:00 INFO : Filtering template 379/384 segment 5/5
2026-09-08T21:32:26.013+01:00 INFO : 1 points above threshold
2026-09-08T21:32:26.019+01:00 INFO : 379: generating IMRPhenomD from 30.0 Hz
2026-09-08T21:32:26.022+01:00 INFO : Decompressing waveform using inline_linear
2026-09-08T21:32:26.026+01:00 INFO : Filtering template 380/384 segment 1/5
2026-09-08T21:32:26.067+01:00 INFO : Filtering template 380/384 segment 2/5
2026-09-08T21:32:26.104+01:00 INFO : 1 points above threshold
2026-09-08T21:32:26.119+01:00 INFO : Filtering template 380/384 segment 3/5
2026-09-08T21:32:26.157+01:00 INFO : 1 points above threshold
2026-09-08T21:32:26.162+01:00 INFO : Filtering template 380/384 segment 4/5
2026-09-08T21:32:26.199+01:00 INFO : 1 points above threshold
2026-09-08T21:32:26.205+01:00 INFO : Filtering template 380/384 segment 5/5
2026-09-08T21:32:26.242+01:00 INFO : 1 points above threshold
2026-09-08T21:32:26.249+01:00 INFO : 380: generating IMRPhenomD from 30.0 Hz
2026-09-08T21:32:26.251+01:00 INFO : Decompressing waveform using inline_linear
2026-09-08T21:32:26.256+01:00 INFO : Filtering template 381/384 segment 1/5
2026-09-08T21:32:26.296+01:00 INFO : 3 points above threshold
2026-09-08T21:32:26.313+01:00 INFO : Filtering template 381/384 segment 2/5
2026-09-08T21:32:26.350+01:00 INFO : 1 points above threshold
2026-09-08T21:32:26.357+01:00 INFO : Filtering template 381/384 segment 3/5
2026-09-08T21:32:26.394+01:00 INFO : 1 points above threshold
2026-09-08T21:32:26.399+01:00 INFO : Filtering template 381/384 segment 4/5
2026-09-08T21:32:26.437+01:00 INFO : Filtering template 381/384 segment 5/5
2026-09-08T21:32:26.474+01:00 INFO : 2 points above threshold
2026-09-08T21:32:26.480+01:00 INFO : 381: generating IMRPhenomD from 30.0 Hz
2026-09-08T21:32:26.482+01:00 INFO : Decompressing waveform using inline_linear
2026-09-08T21:32:26.487+01:00 INFO : Filtering template 382/384 segment 1/5
2026-09-08T21:32:26.528+01:00 INFO : 4 points above threshold
2026-09-08T21:32:26.543+01:00 INFO : Filtering template 382/384 segment 2/5
2026-09-08T21:32:26.580+01:00 INFO : Filtering template 382/384 segment 3/5
2026-09-08T21:32:26.617+01:00 INFO : 3 points above threshold
2026-09-08T21:32:26.625+01:00 INFO : Filtering template 382/384 segment 4/5
2026-09-08T21:32:26.662+01:00 INFO : 1 points above threshold
2026-09-08T21:32:26.668+01:00 INFO : Filtering template 382/384 segment 5/5
2026-09-08T21:32:26.705+01:00 INFO : 3 points above threshold
2026-09-08T21:32:26.713+01:00 INFO : 382: generating IMRPhenomD from 30.0 Hz
2026-09-08T21:32:26.716+01:00 INFO : Decompressing waveform using inline_linear
2026-09-08T21:32:26.721+01:00 INFO : Filtering template 383/384 segment 1/5
2026-09-08T21:32:26.761+01:00 INFO : 1 points above threshold
2026-09-08T21:32:26.776+01:00 INFO : Filtering template 383/384 segment 2/5
2026-09-08T21:32:26.813+01:00 INFO : 2 points above threshold
2026-09-08T21:32:26.819+01:00 INFO : Filtering template 383/384 segment 3/5
2026-09-08T21:32:26.856+01:00 INFO : Filtering template 383/384 segment 4/5
2026-09-08T21:32:26.894+01:00 INFO : 2 points above threshold
2026-09-08T21:32:26.900+01:00 INFO : Filtering template 383/384 segment 5/5
2026-09-08T21:32:26.937+01:00 INFO : 3 points above threshold
2026-09-08T21:32:26.945+01:00 INFO : 383: generating IMRPhenomD from 30.0 Hz
2026-09-08T21:32:26.947+01:00 INFO : Decompressing waveform using inline_linear
2026-09-08T21:32:26.952+01:00 INFO : Filtering template 384/384 segment 1/5
2026-09-08T21:32:26.992+01:00 INFO : 3 points above threshold
2026-09-08T21:32:27.010+01:00 INFO : Filtering template 384/384 segment 2/5
2026-09-08T21:32:27.047+01:00 INFO : Filtering template 384/384 segment 3/5
2026-09-08T21:32:27.084+01:00 INFO : 2 points above threshold
2026-09-08T21:32:27.090+01:00 INFO : Filtering template 384/384 segment 4/5
2026-09-08T21:32:27.127+01:00 INFO : Filtering template 384/384 segment 5/5
2026-09-08T21:32:27.164+01:00 INFO : 2 points above threshold
2026-09-08T21:32:27.170+01:00 INFO : We currently have 2203 triggers
2026-09-08T21:32:27.170+01:00 INFO : Removing triggers with NewSNR below threshold
2026-09-08T21:32:27.170+01:00 INFO : 1988 remaining triggers
2026-09-08T21:32:27.170+01:00 INFO : Outputting 1988 triggers
2026-09-08T21:32:27.171+01:00 INFO : Writing out triggers
2026-09-08T21:32:27.187+01:00 INFO : Finished
