2026-09-08T15:40:18.554+01:00 INFO : Running with CPU support: 1 threads
2026-09-08T15:40:18.554+01:00 INFO : Reading Frames
2026-09-08T15:40:25.251+01:00 INFO : Highpass Filtering
2026-09-08T15:40:25.703+01:00 INFO : Resampling data
2026-09-08T15:40:25.715+01:00 INFO : Converting to float32
/home/xangma/pycbc-torch-baseline-final-20260908/original/pycbc/types/array.py:393: RuntimeWarning: divide by zero encountered in divide
  return self._data.__rtruediv__(other)
2026-09-08T15:40:30.867+01:00 INFO : Highpass Filtering
2026-09-08T15:40:31.323+01:00 INFO : Remove Padding
2026-09-08T15:40:31.323+01:00 INFO : Making frequency-domain data segments
2026-09-08T15:40:33.027+01:00 INFO : Overwhitening frequency-domain data segments
2026-09-08T15:40:33.047+01:00 INFO : Read in template bank
2026-09-08T15:40:33.058+01:00 INFO : Full template bank size: 384
2026-09-08T15:40:33.059+01:00 INFO : Template bank size after thinning: 384
2026-09-08T15:40:33.062+01:00 INFO : 0: generating IMRPhenomD from 30.0 Hz
2026-09-08T15:40:33.065+01:00 INFO : Decompressing waveform using inline_linear
2026-09-08T15:40:33.071+01:00 INFO : Filtering template 1/384 segment 1/5
2026-09-08T15:40:33.098+01:00 INFO : 1 points above threshold
2026-09-08T15:40:33.117+01:00 INFO : Filtering template 1/384 segment 2/5
2026-09-08T15:40:33.135+01:00 INFO : Filtering template 1/384 segment 3/5
2026-09-08T15:40:33.152+01:00 INFO : 1 points above threshold
2026-09-08T15:40:33.157+01:00 INFO : Filtering template 1/384 segment 4/5
2026-09-08T15:40:33.175+01:00 INFO : Filtering template 1/384 segment 5/5
2026-09-08T15:40:33.192+01:00 INFO : 1 points above threshold
2026-09-08T15:40:33.197+01:00 INFO : 1: generating IMRPhenomD from 30.0 Hz
2026-09-08T15:40:33.200+01:00 INFO : Decompressing waveform using inline_linear
2026-09-08T15:40:33.205+01:00 INFO : Filtering template 2/384 segment 1/5
2026-09-08T15:40:33.225+01:00 INFO : 1 points above threshold
2026-09-08T15:40:33.241+01:00 INFO : Filtering template 2/384 segment 2/5
2026-09-08T15:40:33.258+01:00 INFO : 1 points above threshold
2026-09-08T15:40:33.263+01:00 INFO : Filtering template 2/384 segment 3/5
2026-09-08T15:40:33.281+01:00 INFO : 2 points above threshold
2026-09-08T15:40:33.286+01:00 INFO : Filtering template 2/384 segment 4/5
2026-09-08T15:40:33.303+01:00 INFO : Filtering template 2/384 segment 5/5
2026-09-08T15:40:33.321+01:00 INFO : 1 points above threshold
2026-09-08T15:40:33.326+01:00 INFO : 2: generating IMRPhenomD from 30.0 Hz
2026-09-08T15:40:33.329+01:00 INFO : Decompressing waveform using inline_linear
2026-09-08T15:40:33.334+01:00 INFO : Filtering template 3/384 segment 1/5
2026-09-08T15:40:33.353+01:00 INFO : 3 points above threshold
2026-09-08T15:40:33.370+01:00 INFO : Filtering template 3/384 segment 2/5
2026-09-08T15:40:33.387+01:00 INFO : Filtering template 3/384 segment 3/5
2026-09-08T15:40:33.405+01:00 INFO : 1 points above threshold
2026-09-08T15:40:33.410+01:00 INFO : Filtering template 3/384 segment 4/5
2026-09-08T15:40:33.427+01:00 INFO : 1 points above threshold
2026-09-08T15:40:33.432+01:00 INFO : Filtering template 3/384 segment 5/5
2026-09-08T15:40:33.450+01:00 INFO : 3: generating IMRPhenomD from 30.0 Hz
2026-09-08T15:40:33.453+01:00 INFO : Decompressing waveform using inline_linear
2026-09-08T15:40:33.458+01:00 INFO : Filtering template 4/384 segment 1/5
2026-09-08T15:40:33.477+01:00 INFO : 1 points above threshold
2026-09-08T15:40:33.492+01:00 INFO : Filtering template 4/384 segment 2/5
2026-09-08T15:40:33.509+01:00 INFO : 1 points above threshold
2026-09-08T15:40:33.514+01:00 INFO : Filtering template 4/384 segment 3/5
2026-09-08T15:40:33.532+01:00 INFO : 2 points above threshold
2026-09-08T15:40:33.537+01:00 INFO : Filtering template 4/384 segment 4/5
2026-09-08T15:40:33.554+01:00 INFO : 2 points above threshold
2026-09-08T15:40:33.559+01:00 INFO : Filtering template 4/384 segment 5/5
2026-09-08T15:40:33.577+01:00 INFO : 2 points above threshold
2026-09-08T15:40:33.582+01:00 INFO : 4: generating IMRPhenomD from 30.0 Hz
2026-09-08T15:40:33.585+01:00 INFO : Decompressing waveform using inline_linear
2026-09-08T15:40:33.590+01:00 INFO : Filtering template 5/384 segment 1/5
2026-09-08T15:40:33.609+01:00 INFO : 1 points above threshold
2026-09-08T15:40:33.624+01:00 INFO : Filtering template 5/384 segment 2/5
2026-09-08T15:40:33.641+01:00 INFO : 2 points above threshold
2026-09-08T15:40:33.646+01:00 INFO : Filtering template 5/384 segment 3/5
2026-09-08T15:40:33.664+01:00 INFO : 2 points above threshold
2026-09-08T15:40:33.669+01:00 INFO : Filtering template 5/384 segment 4/5
2026-09-08T15:40:33.686+01:00 INFO : 2 points above threshold
2026-09-08T15:40:33.691+01:00 INFO : Filtering template 5/384 segment 5/5
2026-09-08T15:40:33.709+01:00 INFO : 5: generating IMRPhenomD from 30.0 Hz
2026-09-08T15:40:33.712+01:00 INFO : Decompressing waveform using inline_linear
2026-09-08T15:40:33.716+01:00 INFO : Filtering template 6/384 segment 1/5
2026-09-08T15:40:33.736+01:00 INFO : 1 points above threshold
2026-09-08T15:40:33.750+01:00 INFO : Filtering template 6/384 segment 2/5
2026-09-08T15:40:33.768+01:00 INFO : Filtering template 6/384 segment 3/5
2026-09-08T15:40:33.785+01:00 INFO : Filtering template 6/384 segment 4/5
2026-09-08T15:40:33.803+01:00 INFO : Filtering template 6/384 segment 5/5
2026-09-08T15:40:33.820+01:00 INFO : 1 points above threshold
2026-09-08T15:40:33.825+01:00 INFO : 6: generating IMRPhenomD from 30.0 Hz
2026-09-08T15:40:33.828+01:00 INFO : Decompressing waveform using inline_linear
2026-09-08T15:40:33.833+01:00 INFO : Filtering template 7/384 segment 1/5
2026-09-08T15:40:33.853+01:00 INFO : 2 points above threshold
2026-09-08T15:40:33.867+01:00 INFO : Filtering template 7/384 segment 2/5
2026-09-08T15:40:33.884+01:00 INFO : Filtering template 7/384 segment 3/5
2026-09-08T15:40:33.902+01:00 INFO : Filtering template 7/384 segment 4/5
2026-09-08T15:40:33.919+01:00 INFO : 1 points above threshold
2026-09-08T15:40:33.925+01:00 INFO : Filtering template 7/384 segment 5/5
2026-09-08T15:40:33.942+01:00 INFO : 7: generating IMRPhenomD from 30.0 Hz
2026-09-08T15:40:33.945+01:00 INFO : Decompressing waveform using inline_linear
2026-09-08T15:40:33.950+01:00 INFO : Filtering template 8/384 segment 1/5
2026-09-08T15:40:33.969+01:00 INFO : 2 points above threshold
2026-09-08T15:40:33.984+01:00 INFO : Filtering template 8/384 segment 2/5
2026-09-08T15:40:34.001+01:00 INFO : 1 points above threshold
2026-09-08T15:40:34.006+01:00 INFO : Filtering template 8/384 segment 3/5
2026-09-08T15:40:34.024+01:00 INFO : 4 points above threshold
2026-09-08T15:40:34.029+01:00 INFO : Filtering template 8/384 segment 4/5
2026-09-08T15:40:34.046+01:00 INFO : Filtering template 8/384 segment 5/5
2026-09-08T15:40:34.064+01:00 INFO : 8: generating IMRPhenomD from 30.0 Hz
2026-09-08T15:40:34.067+01:00 INFO : Decompressing waveform using inline_linear
2026-09-08T15:40:34.072+01:00 INFO : Filtering template 9/384 segment 1/5
2026-09-08T15:40:34.092+01:00 INFO : Filtering template 9/384 segment 2/5
2026-09-08T15:40:34.109+01:00 INFO : 1 points above threshold
2026-09-08T15:40:34.124+01:00 INFO : Filtering template 9/384 segment 3/5
2026-09-08T15:40:34.141+01:00 INFO : 2 points above threshold
2026-09-08T15:40:34.146+01:00 INFO : Filtering template 9/384 segment 4/5
2026-09-08T15:40:34.163+01:00 INFO : 1 points above threshold
2026-09-08T15:40:34.169+01:00 INFO : Filtering template 9/384 segment 5/5
2026-09-08T15:40:34.186+01:00 INFO : 3 points above threshold
2026-09-08T15:40:34.193+01:00 INFO : 9: generating IMRPhenomD from 30.0 Hz
2026-09-08T15:40:34.196+01:00 INFO : Decompressing waveform using inline_linear
2026-09-08T15:40:34.201+01:00 INFO : Filtering template 10/384 segment 1/5
2026-09-08T15:40:34.220+01:00 INFO : 1 points above threshold
2026-09-08T15:40:34.233+01:00 INFO : Filtering template 10/384 segment 2/5
2026-09-08T15:40:34.251+01:00 INFO : 1 points above threshold
2026-09-08T15:40:34.256+01:00 INFO : Filtering template 10/384 segment 3/5
2026-09-08T15:40:34.273+01:00 INFO : Filtering template 10/384 segment 4/5
2026-09-08T15:40:34.291+01:00 INFO : 2 points above threshold
2026-09-08T15:40:34.296+01:00 INFO : Filtering template 10/384 segment 5/5
2026-09-08T15:40:34.313+01:00 INFO : 1 points above threshold
2026-09-08T15:40:34.319+01:00 INFO : 10: generating IMRPhenomD from 30.0 Hz
2026-09-08T15:40:34.321+01:00 INFO : Decompressing waveform using inline_linear
2026-09-08T15:40:34.326+01:00 INFO : Filtering template 11/384 segment 1/5
2026-09-08T15:40:34.346+01:00 INFO : 2 points above threshold
2026-09-08T15:40:34.358+01:00 INFO : Filtering template 11/384 segment 2/5
2026-09-08T15:40:34.376+01:00 INFO : Filtering template 11/384 segment 3/5
2026-09-08T15:40:34.394+01:00 INFO : 1 points above threshold
2026-09-08T15:40:34.399+01:00 INFO : Filtering template 11/384 segment 4/5
2026-09-08T15:40:34.416+01:00 INFO : 1 points above threshold
2026-09-08T15:40:34.422+01:00 INFO : Filtering template 11/384 segment 5/5
2026-09-08T15:40:34.439+01:00 INFO : 1 points above threshold
2026-09-08T15:40:34.444+01:00 INFO : 11: generating IMRPhenomD from 30.0 Hz
2026-09-08T15:40:34.447+01:00 INFO : Decompressing waveform using inline_linear
2026-09-08T15:40:34.452+01:00 INFO : Filtering template 12/384 segment 1/5
2026-09-08T15:40:34.471+01:00 INFO : Filtering template 12/384 segment 2/5
2026-09-08T15:40:34.489+01:00 INFO : 1 points above threshold
2026-09-08T15:40:34.502+01:00 INFO : Filtering template 12/384 segment 3/5
2026-09-08T15:40:34.519+01:00 INFO : Filtering template 12/384 segment 4/5
2026-09-08T15:40:34.537+01:00 INFO : 1 points above threshold
2026-09-08T15:40:34.542+01:00 INFO : Filtering template 12/384 segment 5/5
2026-09-08T15:40:34.559+01:00 INFO : 1 points above threshold
2026-09-08T15:40:34.565+01:00 INFO : 12: generating IMRPhenomD from 30.0 Hz
2026-09-08T15:40:34.567+01:00 INFO : Decompressing waveform using inline_linear
2026-09-08T15:40:34.572+01:00 INFO : Filtering template 13/384 segment 1/5
2026-09-08T15:40:34.592+01:00 INFO : 1 points above threshold
2026-09-08T15:40:34.605+01:00 INFO : Filtering template 13/384 segment 2/5
2026-09-08T15:40:34.622+01:00 INFO : Filtering template 13/384 segment 3/5
2026-09-08T15:40:34.640+01:00 INFO : 2 points above threshold
2026-09-08T15:40:34.645+01:00 INFO : Filtering template 13/384 segment 4/5
2026-09-08T15:40:34.662+01:00 INFO : Filtering template 13/384 segment 5/5
2026-09-08T15:40:34.680+01:00 INFO : 2 points above threshold
2026-09-08T15:40:34.685+01:00 INFO : 13: generating IMRPhenomD from 30.0 Hz
2026-09-08T15:40:34.688+01:00 INFO : Decompressing waveform using inline_linear
2026-09-08T15:40:34.692+01:00 INFO : Filtering template 14/384 segment 1/5
2026-09-08T15:40:34.712+01:00 INFO : 2 points above threshold
2026-09-08T15:40:34.725+01:00 INFO : Filtering template 14/384 segment 2/5
2026-09-08T15:40:34.742+01:00 INFO : 1 points above threshold
2026-09-08T15:40:34.747+01:00 INFO : Filtering template 14/384 segment 3/5
2026-09-08T15:40:34.765+01:00 INFO : 2 points above threshold
2026-09-08T15:40:34.770+01:00 INFO : Filtering template 14/384 segment 4/5
2026-09-08T15:40:34.787+01:00 INFO : 2 points above threshold
2026-09-08T15:40:34.792+01:00 INFO : Filtering template 14/384 segment 5/5
2026-09-08T15:40:34.810+01:00 INFO : 3 points above threshold
2026-09-08T15:40:34.817+01:00 INFO : 14: generating IMRPhenomD from 30.0 Hz
2026-09-08T15:40:34.820+01:00 INFO : Decompressing waveform using inline_linear
2026-09-08T15:40:34.824+01:00 INFO : Filtering template 15/384 segment 1/5
2026-09-08T15:40:34.844+01:00 INFO : Filtering template 15/384 segment 2/5
2026-09-08T15:40:34.861+01:00 INFO : 3 points above threshold
2026-09-08T15:40:34.876+01:00 INFO : Filtering template 15/384 segment 3/5
2026-09-08T15:40:34.894+01:00 INFO : 1 points above threshold
2026-09-08T15:40:34.899+01:00 INFO : Filtering template 15/384 segment 4/5
2026-09-08T15:40:34.916+01:00 INFO : Filtering template 15/384 segment 5/5
2026-09-08T15:40:34.934+01:00 INFO : 1 points above threshold
2026-09-08T15:40:34.939+01:00 INFO : 15: generating IMRPhenomD from 30.0 Hz
2026-09-08T15:40:34.942+01:00 INFO : Decompressing waveform using inline_linear
2026-09-08T15:40:34.946+01:00 INFO : Filtering template 16/384 segment 1/5
2026-09-08T15:40:34.966+01:00 INFO : 3 points above threshold
2026-09-08T15:40:34.981+01:00 INFO : Filtering template 16/384 segment 2/5
2026-09-08T15:40:34.998+01:00 INFO : 1 points above threshold
2026-09-08T15:40:35.004+01:00 INFO : Filtering template 16/384 segment 3/5
2026-09-08T15:40:35.021+01:00 INFO : 3 points above threshold
2026-09-08T15:40:35.028+01:00 INFO : Filtering template 16/384 segment 4/5
2026-09-08T15:40:35.045+01:00 INFO : Filtering template 16/384 segment 5/5
2026-09-08T15:40:35.063+01:00 INFO : 16: generating IMRPhenomD from 30.0 Hz
2026-09-08T15:40:35.066+01:00 INFO : Decompressing waveform using inline_linear
2026-09-08T15:40:35.071+01:00 INFO : Filtering template 17/384 segment 1/5
2026-09-08T15:40:35.090+01:00 INFO : 1 points above threshold
2026-09-08T15:40:35.103+01:00 INFO : Filtering template 17/384 segment 2/5
2026-09-08T15:40:35.121+01:00 INFO : 1 points above threshold
2026-09-08T15:40:35.126+01:00 INFO : Filtering template 17/384 segment 3/5
2026-09-08T15:40:35.143+01:00 INFO : 2 points above threshold
2026-09-08T15:40:35.148+01:00 INFO : Filtering template 17/384 segment 4/5
2026-09-08T15:40:35.165+01:00 INFO : 1 points above threshold
2026-09-08T15:40:35.171+01:00 INFO : Filtering template 17/384 segment 5/5
2026-09-08T15:40:35.188+01:00 INFO : 1 points above threshold
2026-09-08T15:40:35.193+01:00 INFO : 17: generating IMRPhenomD from 30.0 Hz
2026-09-08T15:40:35.196+01:00 INFO : Decompressing waveform using inline_linear
2026-09-08T15:40:35.201+01:00 INFO : Filtering template 18/384 segment 1/5
2026-09-08T15:40:35.220+01:00 INFO : 1 points above threshold
2026-09-08T15:40:35.233+01:00 INFO : Filtering template 18/384 segment 2/5
2026-09-08T15:40:35.251+01:00 INFO : 1 points above threshold
2026-09-08T15:40:35.256+01:00 INFO : Filtering template 18/384 segment 3/5
2026-09-08T15:40:35.273+01:00 INFO : 1 points above threshold
2026-09-08T15:40:35.278+01:00 INFO : Filtering template 18/384 segment 4/5
2026-09-08T15:40:35.296+01:00 INFO : 1 points above threshold
2026-09-08T15:40:35.301+01:00 INFO : Filtering template 18/384 segment 5/5
2026-09-08T15:40:35.318+01:00 INFO : 1 points above threshold
2026-09-08T15:40:35.323+01:00 INFO : 18: generating IMRPhenomD from 30.0 Hz
2026-09-08T15:40:35.326+01:00 INFO : Decompressing waveform using inline_linear
2026-09-08T15:40:35.331+01:00 INFO : Filtering template 19/384 segment 1/5
2026-09-08T15:40:35.351+01:00 INFO : 2 points above threshold
2026-09-08T15:40:35.365+01:00 INFO : Filtering template 19/384 segment 2/5
2026-09-08T15:40:35.383+01:00 INFO : 2 points above threshold
2026-09-08T15:40:35.388+01:00 INFO : Filtering template 19/384 segment 3/5
2026-09-08T15:40:35.405+01:00 INFO : 4 points above threshold
2026-09-08T15:40:35.410+01:00 INFO : Filtering template 19/384 segment 4/5
2026-09-08T15:40:35.427+01:00 INFO : Filtering template 19/384 segment 5/5
2026-09-08T15:40:35.445+01:00 INFO : 1 points above threshold
2026-09-08T15:40:35.450+01:00 INFO : 19: generating IMRPhenomD from 30.0 Hz
2026-09-08T15:40:35.453+01:00 INFO : Decompressing waveform using inline_linear
2026-09-08T15:40:35.458+01:00 INFO : Filtering template 20/384 segment 1/5
2026-09-08T15:40:35.477+01:00 INFO : Filtering template 20/384 segment 2/5
2026-09-08T15:40:35.495+01:00 INFO : 1 points above threshold
2026-09-08T15:40:35.509+01:00 INFO : Filtering template 20/384 segment 3/5
2026-09-08T15:40:35.527+01:00 INFO : 1 points above threshold
2026-09-08T15:40:35.532+01:00 INFO : Filtering template 20/384 segment 4/5
2026-09-08T15:40:35.549+01:00 INFO : 1 points above threshold
2026-09-08T15:40:35.554+01:00 INFO : Filtering template 20/384 segment 5/5
2026-09-08T15:40:35.572+01:00 INFO : 20: generating IMRPhenomD from 30.0 Hz
2026-09-08T15:40:35.575+01:00 INFO : Decompressing waveform using inline_linear
2026-09-08T15:40:35.580+01:00 INFO : Filtering template 21/384 segment 1/5
2026-09-08T15:40:35.599+01:00 INFO : Filtering template 21/384 segment 2/5
2026-09-08T15:40:35.617+01:00 INFO : Filtering template 21/384 segment 3/5
2026-09-08T15:40:35.634+01:00 INFO : 3 points above threshold
2026-09-08T15:40:35.652+01:00 INFO : Filtering template 21/384 segment 4/5
2026-09-08T15:40:35.669+01:00 INFO : 1 points above threshold
2026-09-08T15:40:35.674+01:00 INFO : Filtering template 21/384 segment 5/5
2026-09-08T15:40:35.692+01:00 INFO : 1 points above threshold
2026-09-08T15:40:35.697+01:00 INFO : 21: generating IMRPhenomD from 30.0 Hz
2026-09-08T15:40:35.700+01:00 INFO : Decompressing waveform using inline_linear
2026-09-08T15:40:35.705+01:00 INFO : Filtering template 22/384 segment 1/5
2026-09-08T15:40:35.724+01:00 INFO : Filtering template 22/384 segment 2/5
2026-09-08T15:40:35.742+01:00 INFO : 2 points above threshold
2026-09-08T15:40:35.756+01:00 INFO : Filtering template 22/384 segment 3/5
2026-09-08T15:40:35.774+01:00 INFO : 2 points above threshold
2026-09-08T15:40:35.779+01:00 INFO : Filtering template 22/384 segment 4/5
2026-09-08T15:40:35.796+01:00 INFO : 1 points above threshold
2026-09-08T15:40:35.801+01:00 INFO : Filtering template 22/384 segment 5/5
2026-09-08T15:40:35.819+01:00 INFO : 1 points above threshold
2026-09-08T15:40:35.824+01:00 INFO : 22: generating IMRPhenomD from 30.0 Hz
2026-09-08T15:40:35.827+01:00 INFO : Decompressing waveform using inline_linear
2026-09-08T15:40:35.831+01:00 INFO : Filtering template 23/384 segment 1/5
2026-09-08T15:40:35.851+01:00 INFO : Filtering template 23/384 segment 2/5
2026-09-08T15:40:35.869+01:00 INFO : 3 points above threshold
2026-09-08T15:40:35.885+01:00 INFO : Filtering template 23/384 segment 3/5
2026-09-08T15:40:35.902+01:00 INFO : 1 points above threshold
2026-09-08T15:40:35.908+01:00 INFO : Filtering template 23/384 segment 4/5
2026-09-08T15:40:35.925+01:00 INFO : Filtering template 23/384 segment 5/5
2026-09-08T15:40:35.943+01:00 INFO : 23: generating IMRPhenomD from 30.0 Hz
2026-09-08T15:40:35.945+01:00 INFO : Decompressing waveform using inline_linear
2026-09-08T15:40:35.950+01:00 INFO : Filtering template 24/384 segment 1/5
2026-09-08T15:40:35.970+01:00 INFO : 3 points above threshold
2026-09-08T15:40:35.986+01:00 INFO : Filtering template 24/384 segment 2/5
2026-09-08T15:40:36.004+01:00 INFO : 1 points above threshold
2026-09-08T15:40:36.009+01:00 INFO : Filtering template 24/384 segment 3/5
2026-09-08T15:40:36.026+01:00 INFO : 3 points above threshold
2026-09-08T15:40:36.034+01:00 INFO : Filtering template 24/384 segment 4/5
2026-09-08T15:40:36.051+01:00 INFO : 2 points above threshold
2026-09-08T15:40:36.056+01:00 INFO : Filtering template 24/384 segment 5/5
2026-09-08T15:40:36.074+01:00 INFO : 24: generating IMRPhenomD from 30.0 Hz
2026-09-08T15:40:36.076+01:00 INFO : Decompressing waveform using inline_linear
2026-09-08T15:40:36.081+01:00 INFO : Filtering template 25/384 segment 1/5
2026-09-08T15:40:36.101+01:00 INFO : 3 points above threshold
2026-09-08T15:40:36.117+01:00 INFO : Filtering template 25/384 segment 2/5
2026-09-08T15:40:36.135+01:00 INFO : Filtering template 25/384 segment 3/5
2026-09-08T15:40:36.152+01:00 INFO : Filtering template 25/384 segment 4/5
2026-09-08T15:40:36.170+01:00 INFO : 2 points above threshold
2026-09-08T15:40:36.175+01:00 INFO : Filtering template 25/384 segment 5/5
2026-09-08T15:40:36.192+01:00 INFO : 25: generating IMRPhenomD from 30.0 Hz
2026-09-08T15:40:36.195+01:00 INFO : Decompressing waveform using inline_linear
2026-09-08T15:40:36.200+01:00 INFO : Filtering template 26/384 segment 1/5
2026-09-08T15:40:36.220+01:00 INFO : 2 points above threshold
2026-09-08T15:40:36.234+01:00 INFO : Filtering template 26/384 segment 2/5
2026-09-08T15:40:36.252+01:00 INFO : 1 points above threshold
2026-09-08T15:40:36.257+01:00 INFO : Filtering template 26/384 segment 3/5
2026-09-08T15:40:36.274+01:00 INFO : 2 points above threshold
2026-09-08T15:40:36.279+01:00 INFO : Filtering template 26/384 segment 4/5
2026-09-08T15:40:36.297+01:00 INFO : Filtering template 26/384 segment 5/5
2026-09-08T15:40:36.314+01:00 INFO : 1 points above threshold
2026-09-08T15:40:36.319+01:00 INFO : 26: generating IMRPhenomD from 30.0 Hz
2026-09-08T15:40:36.322+01:00 INFO : Decompressing waveform using inline_linear
2026-09-08T15:40:36.327+01:00 INFO : Filtering template 27/384 segment 1/5
2026-09-08T15:40:36.347+01:00 INFO : 1 points above threshold
2026-09-08T15:40:36.361+01:00 INFO : Filtering template 27/384 segment 2/5
2026-09-08T15:40:36.379+01:00 INFO : 4 points above threshold
2026-09-08T15:40:36.384+01:00 INFO : Filtering template 27/384 segment 3/5
2026-09-08T15:40:36.401+01:00 INFO : 1 points above threshold
2026-09-08T15:40:36.406+01:00 INFO : Filtering template 27/384 segment 4/5
2026-09-08T15:40:36.424+01:00 INFO : 1 points above threshold
2026-09-08T15:40:36.429+01:00 INFO : Filtering template 27/384 segment 5/5
2026-09-08T15:40:36.446+01:00 INFO : 27: generating IMRPhenomD from 30.0 Hz
2026-09-08T15:40:36.449+01:00 INFO : Decompressing waveform using inline_linear
2026-09-08T15:40:36.454+01:00 INFO : Filtering template 28/384 segment 1/5
2026-09-08T15:40:36.474+01:00 INFO : 2 points above threshold
2026-09-08T15:40:36.488+01:00 INFO : Filtering template 28/384 segment 2/5
2026-09-08T15:40:36.506+01:00 INFO : 1 points above threshold
2026-09-08T15:40:36.511+01:00 INFO : Filtering template 28/384 segment 3/5
2026-09-08T15:40:36.528+01:00 INFO : 1 points above threshold
2026-09-08T15:40:36.533+01:00 INFO : Filtering template 28/384 segment 4/5
2026-09-08T15:40:36.551+01:00 INFO : 1 points above threshold
2026-09-08T15:40:36.556+01:00 INFO : Filtering template 28/384 segment 5/5
2026-09-08T15:40:36.574+01:00 INFO : 28: generating IMRPhenomD from 30.0 Hz
2026-09-08T15:40:36.576+01:00 INFO : Decompressing waveform using inline_linear
2026-09-08T15:40:36.581+01:00 INFO : Filtering template 29/384 segment 1/5
2026-09-08T15:40:36.601+01:00 INFO : 2 points above threshold
2026-09-08T15:40:36.616+01:00 INFO : Filtering template 29/384 segment 2/5
2026-09-08T15:40:36.633+01:00 INFO : Filtering template 29/384 segment 3/5
2026-09-08T15:40:36.650+01:00 INFO : 2 points above threshold
2026-09-08T15:40:36.656+01:00 INFO : Filtering template 29/384 segment 4/5
2026-09-08T15:40:36.673+01:00 INFO : Filtering template 29/384 segment 5/5
2026-09-08T15:40:36.690+01:00 INFO : 1 points above threshold
2026-09-08T15:40:36.696+01:00 INFO : 29: generating IMRPhenomD from 30.0 Hz
2026-09-08T15:40:36.698+01:00 INFO : Decompressing waveform using inline_linear
2026-09-08T15:40:36.703+01:00 INFO : Filtering template 30/384 segment 1/5
2026-09-08T15:40:36.723+01:00 INFO : 1 points above threshold
2026-09-08T15:40:36.739+01:00 INFO : Filtering template 30/384 segment 2/5
2026-09-08T15:40:36.756+01:00 INFO : 2 points above threshold
2026-09-08T15:40:36.761+01:00 INFO : Filtering template 30/384 segment 3/5
2026-09-08T15:40:36.779+01:00 INFO : Filtering template 30/384 segment 4/5
2026-09-08T15:40:36.796+01:00 INFO : 3 points above threshold
2026-09-08T15:40:36.803+01:00 INFO : Filtering template 30/384 segment 5/5
2026-09-08T15:40:36.821+01:00 INFO : 2 points above threshold
2026-09-08T15:40:36.826+01:00 INFO : 30: generating IMRPhenomD from 30.0 Hz
2026-09-08T15:40:36.828+01:00 INFO : Decompressing waveform using inline_linear
2026-09-08T15:40:36.833+01:00 INFO : Filtering template 31/384 segment 1/5
2026-09-08T15:40:36.853+01:00 INFO : Filtering template 31/384 segment 2/5
2026-09-08T15:40:36.870+01:00 INFO : 1 points above threshold
2026-09-08T15:40:36.885+01:00 INFO : Filtering template 31/384 segment 3/5
2026-09-08T15:40:36.903+01:00 INFO : 2 points above threshold
2026-09-08T15:40:36.908+01:00 INFO : Filtering template 31/384 segment 4/5
2026-09-08T15:40:36.925+01:00 INFO : 1 points above threshold
2026-09-08T15:40:36.930+01:00 INFO : Filtering template 31/384 segment 5/5
2026-09-08T15:40:36.948+01:00 INFO : 2 points above threshold
2026-09-08T15:40:36.953+01:00 INFO : 31: generating IMRPhenomD from 30.0 Hz
2026-09-08T15:40:36.955+01:00 INFO : Decompressing waveform using inline_linear
2026-09-08T15:40:36.960+01:00 INFO : Filtering template 32/384 segment 1/5
2026-09-08T15:40:36.980+01:00 INFO : Filtering template 32/384 segment 2/5
2026-09-08T15:40:36.997+01:00 INFO : Filtering template 32/384 segment 3/5
2026-09-08T15:40:37.015+01:00 INFO : 2 points above threshold
2026-09-08T15:40:37.029+01:00 INFO : Filtering template 32/384 segment 4/5
2026-09-08T15:40:37.047+01:00 INFO : 1 points above threshold
2026-09-08T15:40:37.052+01:00 INFO : Filtering template 32/384 segment 5/5
2026-09-08T15:40:37.069+01:00 INFO : 2 points above threshold
2026-09-08T15:40:37.074+01:00 INFO : 32: generating IMRPhenomD from 30.0 Hz
2026-09-08T15:40:37.077+01:00 INFO : Decompressing waveform using inline_linear
2026-09-08T15:40:37.082+01:00 INFO : Filtering template 33/384 segment 1/5
2026-09-08T15:40:37.102+01:00 INFO : Filtering template 33/384 segment 2/5
2026-09-08T15:40:37.119+01:00 INFO : Filtering template 33/384 segment 3/5
2026-09-08T15:40:37.137+01:00 INFO : 1 points above threshold
2026-09-08T15:40:37.151+01:00 INFO : Filtering template 33/384 segment 4/5
2026-09-08T15:40:37.169+01:00 INFO : 2 points above threshold
2026-09-08T15:40:37.174+01:00 INFO : Filtering template 33/384 segment 5/5
2026-09-08T15:40:37.191+01:00 INFO : 2 points above threshold
2026-09-08T15:40:37.196+01:00 INFO : 33: generating IMRPhenomD from 30.0 Hz
2026-09-08T15:40:37.199+01:00 INFO : Decompressing waveform using inline_linear
2026-09-08T15:40:37.204+01:00 INFO : Filtering template 34/384 segment 1/5
2026-09-08T15:40:37.223+01:00 INFO : 1 points above threshold
2026-09-08T15:40:37.239+01:00 INFO : Filtering template 34/384 segment 2/5
2026-09-08T15:40:37.256+01:00 INFO : 1 points above threshold
2026-09-08T15:40:37.261+01:00 INFO : Filtering template 34/384 segment 3/5
2026-09-08T15:40:37.279+01:00 INFO : 2 points above threshold
2026-09-08T15:40:37.284+01:00 INFO : Filtering template 34/384 segment 4/5
2026-09-08T15:40:37.301+01:00 INFO : 1 points above threshold
2026-09-08T15:40:37.306+01:00 INFO : Filtering template 34/384 segment 5/5
2026-09-08T15:40:37.324+01:00 INFO : 2 points above threshold
2026-09-08T15:40:37.329+01:00 INFO : 34: generating IMRPhenomD from 30.0 Hz
2026-09-08T15:40:37.332+01:00 INFO : Decompressing waveform using inline_linear
2026-09-08T15:40:37.336+01:00 INFO : Filtering template 35/384 segment 1/5
2026-09-08T15:40:37.356+01:00 INFO : 5 points above threshold
2026-09-08T15:40:37.373+01:00 INFO : Filtering template 35/384 segment 2/5
2026-09-08T15:40:37.390+01:00 INFO : 1 points above threshold
2026-09-08T15:40:37.395+01:00 INFO : Filtering template 35/384 segment 3/5
2026-09-08T15:40:37.413+01:00 INFO : Filtering template 35/384 segment 4/5
2026-09-08T15:40:37.430+01:00 INFO : 1 points above threshold
2026-09-08T15:40:37.435+01:00 INFO : Filtering template 35/384 segment 5/5
2026-09-08T15:40:37.453+01:00 INFO : 2 points above threshold
2026-09-08T15:40:37.458+01:00 INFO : 35: generating IMRPhenomD from 30.0 Hz
2026-09-08T15:40:37.461+01:00 INFO : Decompressing waveform using inline_linear
2026-09-08T15:40:37.465+01:00 INFO : Filtering template 36/384 segment 1/5
2026-09-08T15:40:37.485+01:00 INFO : 1 points above threshold
2026-09-08T15:40:37.499+01:00 INFO : Filtering template 36/384 segment 2/5
2026-09-08T15:40:37.517+01:00 INFO : 1 points above threshold
2026-09-08T15:40:37.522+01:00 INFO : Filtering template 36/384 segment 3/5
2026-09-08T15:40:37.539+01:00 INFO : Filtering template 36/384 segment 4/5
2026-09-08T15:40:37.557+01:00 INFO : 1 points above threshold
2026-09-08T15:40:37.562+01:00 INFO : Filtering template 36/384 segment 5/5
2026-09-08T15:40:37.579+01:00 INFO : 1 points above threshold
2026-09-08T15:40:37.585+01:00 INFO : 36: generating IMRPhenomD from 30.0 Hz
2026-09-08T15:40:37.587+01:00 INFO : Decompressing waveform using inline_linear
2026-09-08T15:40:37.592+01:00 INFO : Filtering template 37/384 segment 1/5
2026-09-08T15:40:37.612+01:00 INFO : 1 points above threshold
2026-09-08T15:40:37.626+01:00 INFO : Filtering template 37/384 segment 2/5
2026-09-08T15:40:37.644+01:00 INFO : Filtering template 37/384 segment 3/5
2026-09-08T15:40:37.661+01:00 INFO : 1 points above threshold
2026-09-08T15:40:37.666+01:00 INFO : Filtering template 37/384 segment 4/5
2026-09-08T15:40:37.684+01:00 INFO : Filtering template 37/384 segment 5/5
2026-09-08T15:40:37.701+01:00 INFO : 37: generating IMRPhenomD from 30.0 Hz
2026-09-08T15:40:37.704+01:00 INFO : Decompressing waveform using inline_linear
2026-09-08T15:40:37.709+01:00 INFO : Filtering template 38/384 segment 1/5
2026-09-08T15:40:37.728+01:00 INFO : Filtering template 38/384 segment 2/5
2026-09-08T15:40:37.746+01:00 INFO : Filtering template 38/384 segment 3/5
2026-09-08T15:40:37.763+01:00 INFO : 1 points above threshold
2026-09-08T15:40:37.778+01:00 INFO : Filtering template 38/384 segment 4/5
2026-09-08T15:40:37.795+01:00 INFO : 1 points above threshold
2026-09-08T15:40:37.801+01:00 INFO : Filtering template 38/384 segment 5/5
2026-09-08T15:40:37.818+01:00 INFO : 38: generating IMRPhenomD from 30.0 Hz
2026-09-08T15:40:37.821+01:00 INFO : Decompressing waveform using inline_linear
2026-09-08T15:40:37.826+01:00 INFO : Filtering template 39/384 segment 1/5
2026-09-08T15:40:37.846+01:00 INFO : Filtering template 39/384 segment 2/5
2026-09-08T15:40:37.863+01:00 INFO : Filtering template 39/384 segment 3/5
2026-09-08T15:40:37.880+01:00 INFO : Filtering template 39/384 segment 4/5
2026-09-08T15:40:37.898+01:00 INFO : 3 points above threshold
2026-09-08T15:40:37.914+01:00 INFO : Filtering template 39/384 segment 5/5
2026-09-08T15:40:37.932+01:00 INFO : 2 points above threshold
2026-09-08T15:40:37.937+01:00 INFO : 39: generating IMRPhenomD from 30.0 Hz
2026-09-08T15:40:37.940+01:00 INFO : Decompressing waveform using inline_linear
2026-09-08T15:40:37.944+01:00 INFO : Filtering template 40/384 segment 1/5
2026-09-08T15:40:37.964+01:00 INFO : 3 points above threshold
2026-09-08T15:40:37.982+01:00 INFO : Filtering template 40/384 segment 2/5
2026-09-08T15:40:37.999+01:00 INFO : 1 points above threshold
2026-09-08T15:40:38.004+01:00 INFO : Filtering template 40/384 segment 3/5
2026-09-08T15:40:38.022+01:00 INFO : 1 points above threshold
2026-09-08T15:40:38.027+01:00 INFO : Filtering template 40/384 segment 4/5
2026-09-08T15:40:38.044+01:00 INFO : 2 points above threshold
2026-09-08T15:40:38.049+01:00 INFO : Filtering template 40/384 segment 5/5
2026-09-08T15:40:38.067+01:00 INFO : 1 points above threshold
2026-09-08T15:40:38.072+01:00 INFO : 40: generating IMRPhenomD from 30.0 Hz
2026-09-08T15:40:38.075+01:00 INFO : Decompressing waveform using inline_linear
2026-09-08T15:40:38.080+01:00 INFO : Filtering template 41/384 segment 1/5
2026-09-08T15:40:38.099+01:00 INFO : Filtering template 41/384 segment 2/5
2026-09-08T15:40:38.117+01:00 INFO : 1 points above threshold
2026-09-08T15:40:38.131+01:00 INFO : Filtering template 41/384 segment 3/5
2026-09-08T15:40:38.149+01:00 INFO : Filtering template 41/384 segment 4/5
2026-09-08T15:40:38.166+01:00 INFO : Filtering template 41/384 segment 5/5
2026-09-08T15:40:38.184+01:00 INFO : 41: generating IMRPhenomD from 30.0 Hz
2026-09-08T15:40:38.187+01:00 INFO : Decompressing waveform using inline_linear
2026-09-08T15:40:38.191+01:00 INFO : Filtering template 42/384 segment 1/5
2026-09-08T15:40:38.211+01:00 INFO : 2 points above threshold
2026-09-08T15:40:38.226+01:00 INFO : Filtering template 42/384 segment 2/5
2026-09-08T15:40:38.243+01:00 INFO : Filtering template 42/384 segment 3/5
2026-09-08T15:40:38.260+01:00 INFO : 2 points above threshold
2026-09-08T15:40:38.266+01:00 INFO : Filtering template 42/384 segment 4/5
2026-09-08T15:40:38.284+01:00 INFO : 3 points above threshold
2026-09-08T15:40:38.291+01:00 INFO : Filtering template 42/384 segment 5/5
2026-09-08T15:40:38.308+01:00 INFO : 2 points above threshold
2026-09-08T15:40:38.313+01:00 INFO : 42: generating IMRPhenomD from 30.0 Hz
2026-09-08T15:40:38.316+01:00 INFO : Decompressing waveform using inline_linear
2026-09-08T15:40:38.321+01:00 INFO : Filtering template 43/384 segment 1/5
2026-09-08T15:40:38.341+01:00 INFO : 3 points above threshold
2026-09-08T15:40:38.357+01:00 INFO : Filtering template 43/384 segment 2/5
2026-09-08T15:40:38.374+01:00 INFO : 2 points above threshold
2026-09-08T15:40:38.379+01:00 INFO : Filtering template 43/384 segment 3/5
2026-09-08T15:40:38.397+01:00 INFO : Filtering template 43/384 segment 4/5
2026-09-08T15:40:38.414+01:00 INFO : Filtering template 43/384 segment 5/5
2026-09-08T15:40:38.432+01:00 INFO : 1 points above threshold
2026-09-08T15:40:38.437+01:00 INFO : 43: generating IMRPhenomD from 30.0 Hz
2026-09-08T15:40:38.440+01:00 INFO : Decompressing waveform using inline_linear
2026-09-08T15:40:38.444+01:00 INFO : Filtering template 44/384 segment 1/5
2026-09-08T15:40:38.464+01:00 INFO : Filtering template 44/384 segment 2/5
2026-09-08T15:40:38.482+01:00 INFO : 2 points above threshold
2026-09-08T15:40:38.496+01:00 INFO : Filtering template 44/384 segment 3/5
2026-09-08T15:40:38.513+01:00 INFO : Filtering template 44/384 segment 4/5
2026-09-08T15:40:38.531+01:00 INFO : 1 points above threshold
2026-09-08T15:40:38.536+01:00 INFO : Filtering template 44/384 segment 5/5
2026-09-08T15:40:38.553+01:00 INFO : 2 points above threshold
2026-09-08T15:40:38.559+01:00 INFO : 44: generating IMRPhenomD from 30.0 Hz
2026-09-08T15:40:38.576+01:00 INFO : Decompressing waveform using inline_linear
2026-09-08T15:40:38.580+01:00 INFO : Filtering template 45/384 segment 1/5
2026-09-08T15:40:38.608+01:00 INFO : 1 points above threshold
2026-09-08T15:40:38.626+01:00 INFO : Filtering template 45/384 segment 2/5
2026-09-08T15:40:38.644+01:00 INFO : Filtering template 45/384 segment 3/5
2026-09-08T15:40:38.661+01:00 INFO : 1 points above threshold
2026-09-08T15:40:38.666+01:00 INFO : Filtering template 45/384 segment 4/5
2026-09-08T15:40:38.684+01:00 INFO : Filtering template 45/384 segment 5/5
2026-09-08T15:40:38.701+01:00 INFO : 2 points above threshold
2026-09-08T15:40:38.707+01:00 INFO : 45: generating IMRPhenomD from 30.0 Hz
2026-09-08T15:40:38.709+01:00 INFO : Decompressing waveform using inline_linear
2026-09-08T15:40:38.714+01:00 INFO : Filtering template 46/384 segment 1/5
2026-09-08T15:40:38.734+01:00 INFO : 3 points above threshold
2026-09-08T15:40:38.750+01:00 INFO : Filtering template 46/384 segment 2/5
2026-09-08T15:40:38.767+01:00 INFO : 1 points above threshold
2026-09-08T15:40:38.772+01:00 INFO : Filtering template 46/384 segment 3/5
2026-09-08T15:40:38.790+01:00 INFO : 1 points above threshold
2026-09-08T15:40:38.795+01:00 INFO : Filtering template 46/384 segment 4/5
2026-09-08T15:40:38.812+01:00 INFO : Filtering template 46/384 segment 5/5
2026-09-08T15:40:38.830+01:00 INFO : 1 points above threshold
2026-09-08T15:40:38.835+01:00 INFO : 46: generating IMRPhenomD from 30.0 Hz
2026-09-08T15:40:38.838+01:00 INFO : Decompressing waveform using inline_linear
2026-09-08T15:40:38.843+01:00 INFO : Filtering template 47/384 segment 1/5
2026-09-08T15:40:38.862+01:00 INFO : 1 points above threshold
2026-09-08T15:40:38.877+01:00 INFO : Filtering template 47/384 segment 2/5
2026-09-08T15:40:38.894+01:00 INFO : 1 points above threshold
2026-09-08T15:40:38.899+01:00 INFO : Filtering template 47/384 segment 3/5
2026-09-08T15:40:38.917+01:00 INFO : 1 points above threshold
2026-09-08T15:40:38.922+01:00 INFO : Filtering template 47/384 segment 4/5
2026-09-08T15:40:38.939+01:00 INFO : 1 points above threshold
2026-09-08T15:40:38.947+01:00 INFO : Filtering template 47/384 segment 5/5
2026-09-08T15:40:38.965+01:00 INFO : 1 points above threshold
2026-09-08T15:40:38.970+01:00 INFO : 47: generating IMRPhenomD from 30.0 Hz
2026-09-08T15:40:38.973+01:00 INFO : Decompressing waveform using inline_linear
2026-09-08T15:40:38.978+01:00 INFO : Filtering template 48/384 segment 1/5
2026-09-08T15:40:38.997+01:00 INFO : 3 points above threshold
2026-09-08T15:40:39.014+01:00 INFO : Filtering template 48/384 segment 2/5
2026-09-08T15:40:39.031+01:00 INFO : 3 points above threshold
2026-09-08T15:40:39.038+01:00 INFO : Filtering template 48/384 segment 3/5
2026-09-08T15:40:39.056+01:00 INFO : Filtering template 48/384 segment 4/5
2026-09-08T15:40:39.073+01:00 INFO : 1 points above threshold
2026-09-08T15:40:39.078+01:00 INFO : Filtering template 48/384 segment 5/5
2026-09-08T15:40:39.096+01:00 INFO : 48: generating IMRPhenomD from 30.0 Hz
2026-09-08T15:40:39.099+01:00 INFO : Decompressing waveform using inline_linear
2026-09-08T15:40:39.103+01:00 INFO : Filtering template 49/384 segment 1/5
2026-09-08T15:40:39.123+01:00 INFO : 3 points above threshold
2026-09-08T15:40:39.140+01:00 INFO : Filtering template 49/384 segment 2/5
2026-09-08T15:40:39.157+01:00 INFO : 1 points above threshold
2026-09-08T15:40:39.162+01:00 INFO : Filtering template 49/384 segment 3/5
2026-09-08T15:40:39.180+01:00 INFO : 1 points above threshold
2026-09-08T15:40:39.185+01:00 INFO : Filtering template 49/384 segment 4/5
2026-09-08T15:40:39.202+01:00 INFO : Filtering template 49/384 segment 5/5
2026-09-08T15:40:39.220+01:00 INFO : 49: generating IMRPhenomD from 30.0 Hz
2026-09-08T15:40:39.223+01:00 INFO : Decompressing waveform using inline_linear
2026-09-08T15:40:39.228+01:00 INFO : Filtering template 50/384 segment 1/5
2026-09-08T15:40:39.247+01:00 INFO : Filtering template 50/384 segment 2/5
2026-09-08T15:40:39.265+01:00 INFO : 2 points above threshold
2026-09-08T15:40:39.279+01:00 INFO : Filtering template 50/384 segment 3/5
2026-09-08T15:40:39.296+01:00 INFO : 5 points above threshold
2026-09-08T15:40:39.304+01:00 INFO : Filtering template 50/384 segment 4/5
2026-09-08T15:40:39.322+01:00 INFO : 3 points above threshold
2026-09-08T15:40:39.329+01:00 INFO : Filtering template 50/384 segment 5/5
2026-09-08T15:40:39.346+01:00 INFO : 2 points above threshold
2026-09-08T15:40:39.352+01:00 INFO : 50: generating IMRPhenomD from 30.0 Hz
2026-09-08T15:40:39.355+01:00 INFO : Decompressing waveform using inline_linear
2026-09-08T15:40:39.359+01:00 INFO : Filtering template 51/384 segment 1/5
2026-09-08T15:40:39.379+01:00 INFO : 1 points above threshold
2026-09-08T15:40:39.393+01:00 INFO : Filtering template 51/384 segment 2/5
2026-09-08T15:40:39.411+01:00 INFO : 1 points above threshold
2026-09-08T15:40:39.416+01:00 INFO : Filtering template 51/384 segment 3/5
2026-09-08T15:40:39.433+01:00 INFO : 3 points above threshold
2026-09-08T15:40:39.440+01:00 INFO : Filtering template 51/384 segment 4/5
2026-09-08T15:40:39.457+01:00 INFO : 1 points above threshold
2026-09-08T15:40:39.463+01:00 INFO : Filtering template 51/384 segment 5/5
2026-09-08T15:40:39.480+01:00 INFO : 3 points above threshold
2026-09-08T15:40:39.487+01:00 INFO : 51: generating IMRPhenomD from 30.0 Hz
2026-09-08T15:40:39.490+01:00 INFO : Decompressing waveform using inline_linear
2026-09-08T15:40:39.495+01:00 INFO : Filtering template 52/384 segment 1/5
2026-09-08T15:40:39.514+01:00 INFO : 2 points above threshold
2026-09-08T15:40:39.529+01:00 INFO : Filtering template 52/384 segment 2/5
2026-09-08T15:40:39.546+01:00 INFO : 1 points above threshold
2026-09-08T15:40:39.551+01:00 INFO : Filtering template 52/384 segment 3/5
2026-09-08T15:40:39.569+01:00 INFO : Filtering template 52/384 segment 4/5
2026-09-08T15:40:39.586+01:00 INFO : 1 points above threshold
2026-09-08T15:40:39.591+01:00 INFO : Filtering template 52/384 segment 5/5
2026-09-08T15:40:39.609+01:00 INFO : 2 points above threshold
2026-09-08T15:40:39.614+01:00 INFO : 52: generating IMRPhenomD from 30.0 Hz
2026-09-08T15:40:39.617+01:00 INFO : Decompressing waveform using inline_linear
2026-09-08T15:40:39.621+01:00 INFO : Filtering template 53/384 segment 1/5
2026-09-08T15:40:39.641+01:00 INFO : 1 points above threshold
2026-09-08T15:40:39.655+01:00 INFO : Filtering template 53/384 segment 2/5
2026-09-08T15:40:39.673+01:00 INFO : 3 points above threshold
2026-09-08T15:40:39.680+01:00 INFO : Filtering template 53/384 segment 3/5
2026-09-08T15:40:39.697+01:00 INFO : Filtering template 53/384 segment 4/5
2026-09-08T15:40:39.715+01:00 INFO : 1 points above threshold
2026-09-08T15:40:39.720+01:00 INFO : Filtering template 53/384 segment 5/5
2026-09-08T15:40:39.737+01:00 INFO : 53: generating IMRPhenomD from 30.0 Hz
2026-09-08T15:40:39.740+01:00 INFO : Decompressing waveform using inline_linear
2026-09-08T15:40:39.745+01:00 INFO : Filtering template 54/384 segment 1/5
2026-09-08T15:40:39.765+01:00 INFO : 3 points above threshold
2026-09-08T15:40:39.781+01:00 INFO : Filtering template 54/384 segment 2/5
2026-09-08T15:40:39.798+01:00 INFO : 4 points above threshold
2026-09-08T15:40:39.804+01:00 INFO : Filtering template 54/384 segment 3/5
2026-09-08T15:40:39.821+01:00 INFO : Filtering template 54/384 segment 4/5
2026-09-08T15:40:39.838+01:00 INFO : 2 points above threshold
2026-09-08T15:40:39.844+01:00 INFO : Filtering template 54/384 segment 5/5
2026-09-08T15:40:39.861+01:00 INFO : 2 points above threshold
2026-09-08T15:40:39.866+01:00 INFO : 54: generating IMRPhenomD from 30.0 Hz
2026-09-08T15:40:39.869+01:00 INFO : Decompressing waveform using inline_linear
2026-09-08T15:40:39.874+01:00 INFO : Filtering template 55/384 segment 1/5
2026-09-08T15:40:39.893+01:00 INFO : Filtering template 55/384 segment 2/5
2026-09-08T15:40:39.911+01:00 INFO : 2 points above threshold
2026-09-08T15:40:39.925+01:00 INFO : Filtering template 55/384 segment 3/5
2026-09-08T15:40:39.943+01:00 INFO : Filtering template 55/384 segment 4/5
2026-09-08T15:40:39.960+01:00 INFO : Filtering template 55/384 segment 5/5
2026-09-08T15:40:39.978+01:00 INFO : 1 points above threshold
2026-09-08T15:40:39.983+01:00 INFO : 55: generating IMRPhenomD from 30.0 Hz
2026-09-08T15:40:39.986+01:00 INFO : Decompressing waveform using inline_linear
2026-09-08T15:40:39.991+01:00 INFO : Filtering template 56/384 segment 1/5
2026-09-08T15:40:40.010+01:00 INFO : 1 points above threshold
2026-09-08T15:40:40.025+01:00 INFO : Filtering template 56/384 segment 2/5
2026-09-08T15:40:40.042+01:00 INFO : Filtering template 56/384 segment 3/5
2026-09-08T15:40:40.060+01:00 INFO : 2 points above threshold
2026-09-08T15:40:40.065+01:00 INFO : Filtering template 56/384 segment 4/5
2026-09-08T15:40:40.082+01:00 INFO : 1 points above threshold
2026-09-08T15:40:40.087+01:00 INFO : Filtering template 56/384 segment 5/5
2026-09-08T15:40:40.105+01:00 INFO : 56: generating IMRPhenomD from 30.0 Hz
2026-09-08T15:40:40.108+01:00 INFO : Decompressing waveform using inline_linear
2026-09-08T15:40:40.113+01:00 INFO : Filtering template 57/384 segment 1/5
2026-09-08T15:40:40.132+01:00 INFO : 2 points above threshold
2026-09-08T15:40:40.147+01:00 INFO : Filtering template 57/384 segment 2/5
2026-09-08T15:40:40.164+01:00 INFO : 1 points above threshold
2026-09-08T15:40:40.169+01:00 INFO : Filtering template 57/384 segment 3/5
2026-09-08T15:40:40.187+01:00 INFO : Filtering template 57/384 segment 4/5
2026-09-08T15:40:40.204+01:00 INFO : 1 points above threshold
2026-09-08T15:40:40.210+01:00 INFO : Filtering template 57/384 segment 5/5
2026-09-08T15:40:40.227+01:00 INFO : 57: generating IMRPhenomD from 30.0 Hz
2026-09-08T15:40:40.230+01:00 INFO : Decompressing waveform using inline_linear
2026-09-08T15:40:40.235+01:00 INFO : Filtering template 58/384 segment 1/5
2026-09-08T15:40:40.254+01:00 INFO : 2 points above threshold
2026-09-08T15:40:40.269+01:00 INFO : Filtering template 58/384 segment 2/5
2026-09-08T15:40:40.286+01:00 INFO : 2 points above threshold
2026-09-08T15:40:40.291+01:00 INFO : Filtering template 58/384 segment 3/5
2026-09-08T15:40:40.309+01:00 INFO : Filtering template 58/384 segment 4/5
2026-09-08T15:40:40.326+01:00 INFO : 1 points above threshold
2026-09-08T15:40:40.331+01:00 INFO : Filtering template 58/384 segment 5/5
2026-09-08T15:40:40.349+01:00 INFO : 1 points above threshold
2026-09-08T15:40:40.354+01:00 INFO : 58: generating IMRPhenomD from 30.0 Hz
2026-09-08T15:40:40.357+01:00 INFO : Decompressing waveform using inline_linear
2026-09-08T15:40:40.362+01:00 INFO : Filtering template 59/384 segment 1/5
2026-09-08T15:40:40.381+01:00 INFO : 1 points above threshold
2026-09-08T15:40:40.396+01:00 INFO : Filtering template 59/384 segment 2/5
2026-09-08T15:40:40.413+01:00 INFO : Filtering template 59/384 segment 3/5
2026-09-08T15:40:40.431+01:00 INFO : 1 points above threshold
2026-09-08T15:40:40.436+01:00 INFO : Filtering template 59/384 segment 4/5
2026-09-08T15:40:40.453+01:00 INFO : Filtering template 59/384 segment 5/5
2026-09-08T15:40:40.471+01:00 INFO : 59: generating IMRPhenomD from 30.0 Hz
2026-09-08T15:40:40.474+01:00 INFO : Decompressing waveform using inline_linear
2026-09-08T15:40:40.479+01:00 INFO : Filtering template 60/384 segment 1/5
2026-09-08T15:40:40.498+01:00 INFO : 2 points above threshold
2026-09-08T15:40:40.513+01:00 INFO : Filtering template 60/384 segment 2/5
2026-09-08T15:40:40.530+01:00 INFO : 1 points above threshold
2026-09-08T15:40:40.535+01:00 INFO : Filtering template 60/384 segment 3/5
2026-09-08T15:40:40.553+01:00 INFO : Filtering template 60/384 segment 4/5
2026-09-08T15:40:40.570+01:00 INFO : 1 points above threshold
2026-09-08T15:40:40.575+01:00 INFO : Filtering template 60/384 segment 5/5
2026-09-08T15:40:40.593+01:00 INFO : 1 points above threshold
2026-09-08T15:40:40.598+01:00 INFO : 60: generating IMRPhenomD from 30.0 Hz
2026-09-08T15:40:40.601+01:00 INFO : Decompressing waveform using inline_linear
2026-09-08T15:40:40.606+01:00 INFO : Filtering template 61/384 segment 1/5
2026-09-08T15:40:40.625+01:00 INFO : 2 points above threshold
2026-09-08T15:40:40.640+01:00 INFO : Filtering template 61/384 segment 2/5
2026-09-08T15:40:40.657+01:00 INFO : Filtering template 61/384 segment 3/5
2026-09-08T15:40:40.675+01:00 INFO : Filtering template 61/384 segment 4/5
2026-09-08T15:40:40.692+01:00 INFO : 4 points above threshold
2026-09-08T15:40:40.697+01:00 INFO : Filtering template 61/384 segment 5/5
2026-09-08T15:40:40.715+01:00 INFO : 2 points above threshold
2026-09-08T15:40:40.720+01:00 INFO : 61: generating IMRPhenomD from 30.0 Hz
2026-09-08T15:40:40.723+01:00 INFO : Decompressing waveform using inline_linear
2026-09-08T15:40:40.728+01:00 INFO : Filtering template 62/384 segment 1/5
2026-09-08T15:40:40.747+01:00 INFO : 1 points above threshold
2026-09-08T15:40:40.761+01:00 INFO : Filtering template 62/384 segment 2/5
2026-09-08T15:40:40.779+01:00 INFO : 3 points above threshold
2026-09-08T15:40:40.786+01:00 INFO : Filtering template 62/384 segment 3/5
2026-09-08T15:40:40.803+01:00 INFO : 2 points above threshold
2026-09-08T15:40:40.808+01:00 INFO : Filtering template 62/384 segment 4/5
2026-09-08T15:40:40.826+01:00 INFO : 1 points above threshold
2026-09-08T15:40:40.831+01:00 INFO : Filtering template 62/384 segment 5/5
2026-09-08T15:40:40.848+01:00 INFO : 3 points above threshold
2026-09-08T15:40:40.855+01:00 INFO : 62: generating IMRPhenomD from 30.0 Hz
2026-09-08T15:40:40.858+01:00 INFO : Decompressing waveform using inline_linear
2026-09-08T15:40:40.863+01:00 INFO : Filtering template 63/384 segment 1/5
2026-09-08T15:40:40.883+01:00 INFO : 1 points above threshold
2026-09-08T15:40:40.897+01:00 INFO : Filtering template 63/384 segment 2/5
2026-09-08T15:40:40.915+01:00 INFO : 1 points above threshold
2026-09-08T15:40:40.922+01:00 INFO : Filtering template 63/384 segment 3/5
2026-09-08T15:40:40.940+01:00 INFO : 2 points above threshold
2026-09-08T15:40:40.945+01:00 INFO : Filtering template 63/384 segment 4/5
2026-09-08T15:40:40.962+01:00 INFO : Filtering template 63/384 segment 5/5
2026-09-08T15:40:40.980+01:00 INFO : 1 points above threshold
2026-09-08T15:40:40.985+01:00 INFO : 63: generating IMRPhenomD from 30.0 Hz
2026-09-08T15:40:40.988+01:00 INFO : Decompressing waveform using inline_linear
2026-09-08T15:40:40.993+01:00 INFO : Filtering template 64/384 segment 1/5
2026-09-08T15:40:41.012+01:00 INFO : 2 points above threshold
2026-09-08T15:40:41.028+01:00 INFO : Filtering template 64/384 segment 2/5
2026-09-08T15:40:41.046+01:00 INFO : 2 points above threshold
2026-09-08T15:40:41.051+01:00 INFO : Filtering template 64/384 segment 3/5
2026-09-08T15:40:41.068+01:00 INFO : Filtering template 64/384 segment 4/5
2026-09-08T15:40:41.086+01:00 INFO : 4 points above threshold
2026-09-08T15:40:41.091+01:00 INFO : Filtering template 64/384 segment 5/5
2026-09-08T15:40:41.108+01:00 INFO : 1 points above threshold
2026-09-08T15:40:41.113+01:00 INFO : 64: generating IMRPhenomD from 30.0 Hz
2026-09-08T15:40:41.116+01:00 INFO : Decompressing waveform using inline_linear
2026-09-08T15:40:41.121+01:00 INFO : Filtering template 65/384 segment 1/5
2026-09-08T15:40:41.140+01:00 INFO : 2 points above threshold
2026-09-08T15:40:41.155+01:00 INFO : Filtering template 65/384 segment 2/5
2026-09-08T15:40:41.172+01:00 INFO : 1 points above threshold
2026-09-08T15:40:41.178+01:00 INFO : Filtering template 65/384 segment 3/5
2026-09-08T15:40:41.195+01:00 INFO : 1 points above threshold
2026-09-08T15:40:41.200+01:00 INFO : Filtering template 65/384 segment 4/5
2026-09-08T15:40:41.218+01:00 INFO : 1 points above threshold
2026-09-08T15:40:41.223+01:00 INFO : Filtering template 65/384 segment 5/5
2026-09-08T15:40:41.240+01:00 INFO : 1 points above threshold
2026-09-08T15:40:41.245+01:00 INFO : 65: generating IMRPhenomD from 30.0 Hz
2026-09-08T15:40:41.248+01:00 INFO : Decompressing waveform using inline_linear
2026-09-08T15:40:41.253+01:00 INFO : Filtering template 66/384 segment 1/5
2026-09-08T15:40:41.272+01:00 INFO : Filtering template 66/384 segment 2/5
2026-09-08T15:40:41.290+01:00 INFO : 2 points above threshold
2026-09-08T15:40:41.304+01:00 INFO : Filtering template 66/384 segment 3/5
2026-09-08T15:40:41.322+01:00 INFO : 1 points above threshold
2026-09-08T15:40:41.327+01:00 INFO : Filtering template 66/384 segment 4/5
2026-09-08T15:40:41.344+01:00 INFO : 1 points above threshold
2026-09-08T15:40:41.349+01:00 INFO : Filtering template 66/384 segment 5/5
2026-09-08T15:40:41.367+01:00 INFO : 1 points above threshold
2026-09-08T15:40:41.375+01:00 INFO : 66: generating IMRPhenomD from 30.0 Hz
2026-09-08T15:40:41.378+01:00 INFO : Decompressing waveform using inline_linear
2026-09-08T15:40:41.382+01:00 INFO : Filtering template 67/384 segment 1/5
2026-09-08T15:40:41.402+01:00 INFO : 1 points above threshold
2026-09-08T15:40:41.417+01:00 INFO : Filtering template 67/384 segment 2/5
2026-09-08T15:40:41.434+01:00 INFO : 1 points above threshold
2026-09-08T15:40:41.439+01:00 INFO : Filtering template 67/384 segment 3/5
2026-09-08T15:40:41.456+01:00 INFO : 2 points above threshold
2026-09-08T15:40:41.461+01:00 INFO : Filtering template 67/384 segment 4/5
2026-09-08T15:40:41.479+01:00 INFO : 1 points above threshold
2026-09-08T15:40:41.484+01:00 INFO : Filtering template 67/384 segment 5/5
2026-09-08T15:40:41.501+01:00 INFO : 1 points above threshold
2026-09-08T15:40:41.507+01:00 INFO : 67: generating IMRPhenomD from 30.0 Hz
2026-09-08T15:40:41.509+01:00 INFO : Decompressing waveform using inline_linear
2026-09-08T15:40:41.514+01:00 INFO : Filtering template 68/384 segment 1/5
2026-09-08T15:40:41.534+01:00 INFO : 2 points above threshold
2026-09-08T15:40:41.548+01:00 INFO : Filtering template 68/384 segment 2/5
2026-09-08T15:40:41.566+01:00 INFO : 1 points above threshold
2026-09-08T15:40:41.574+01:00 INFO : Filtering template 68/384 segment 3/5
2026-09-08T15:40:41.591+01:00 INFO : Filtering template 68/384 segment 4/5
2026-09-08T15:40:41.609+01:00 INFO : 2 points above threshold
2026-09-08T15:40:41.614+01:00 INFO : Filtering template 68/384 segment 5/5
2026-09-08T15:40:41.631+01:00 INFO : 1 points above threshold
2026-09-08T15:40:41.636+01:00 INFO : 68: generating IMRPhenomD from 30.0 Hz
2026-09-08T15:40:41.639+01:00 INFO : Decompressing waveform using inline_linear
2026-09-08T15:40:41.644+01:00 INFO : Filtering template 69/384 segment 1/5
2026-09-08T15:40:41.663+01:00 INFO : 1 points above threshold
2026-09-08T15:40:41.678+01:00 INFO : Filtering template 69/384 segment 2/5
2026-09-08T15:40:41.695+01:00 INFO : 1 points above threshold
2026-09-08T15:40:41.700+01:00 INFO : Filtering template 69/384 segment 3/5
2026-09-08T15:40:41.718+01:00 INFO : 1 points above threshold
2026-09-08T15:40:41.723+01:00 INFO : Filtering template 69/384 segment 4/5
2026-09-08T15:40:41.740+01:00 INFO : Filtering template 69/384 segment 5/5
2026-09-08T15:40:41.758+01:00 INFO : 1 points above threshold
2026-09-08T15:40:41.763+01:00 INFO : 69: generating IMRPhenomD from 30.0 Hz
2026-09-08T15:40:41.766+01:00 INFO : Decompressing waveform using inline_linear
2026-09-08T15:40:41.771+01:00 INFO : Filtering template 70/384 segment 1/5
2026-09-08T15:40:41.790+01:00 INFO : Filtering template 70/384 segment 2/5
2026-09-08T15:40:41.808+01:00 INFO : Filtering template 70/384 segment 3/5
2026-09-08T15:40:41.825+01:00 INFO : 1 points above threshold
2026-09-08T15:40:41.840+01:00 INFO : Filtering template 70/384 segment 4/5
2026-09-08T15:40:41.857+01:00 INFO : 1 points above threshold
2026-09-08T15:40:41.862+01:00 INFO : Filtering template 70/384 segment 5/5
2026-09-08T15:40:41.880+01:00 INFO : 1 points above threshold
2026-09-08T15:40:41.885+01:00 INFO : 70: generating IMRPhenomD from 30.0 Hz
2026-09-08T15:40:41.888+01:00 INFO : Decompressing waveform using inline_linear
2026-09-08T15:40:41.893+01:00 INFO : Filtering template 71/384 segment 1/5
2026-09-08T15:40:41.912+01:00 INFO : 1 points above threshold
2026-09-08T15:40:41.927+01:00 INFO : Filtering template 71/384 segment 2/5
2026-09-08T15:40:41.944+01:00 INFO : 1 points above threshold
2026-09-08T15:40:41.949+01:00 INFO : Filtering template 71/384 segment 3/5
2026-09-08T15:40:41.967+01:00 INFO : 1 points above threshold
2026-09-08T15:40:41.972+01:00 INFO : Filtering template 71/384 segment 4/5
2026-09-08T15:40:41.989+01:00 INFO : 3 points above threshold
2026-09-08T15:40:41.996+01:00 INFO : Filtering template 71/384 segment 5/5
2026-09-08T15:40:42.014+01:00 INFO : 71: generating IMRPhenomD from 30.0 Hz
2026-09-08T15:40:42.017+01:00 INFO : Decompressing waveform using inline_linear
2026-09-08T15:40:42.022+01:00 INFO : Filtering template 72/384 segment 1/5
2026-09-08T15:40:42.041+01:00 INFO : 1 points above threshold
2026-09-08T15:40:42.056+01:00 INFO : Filtering template 72/384 segment 2/5
2026-09-08T15:40:42.074+01:00 INFO : 2 points above threshold
2026-09-08T15:40:42.081+01:00 INFO : Filtering template 72/384 segment 3/5
2026-09-08T15:40:42.099+01:00 INFO : 1 points above threshold
2026-09-08T15:40:42.104+01:00 INFO : Filtering template 72/384 segment 4/5
2026-09-08T15:40:42.121+01:00 INFO : Filtering template 72/384 segment 5/5
2026-09-08T15:40:42.139+01:00 INFO : 1 points above threshold
2026-09-08T15:40:42.144+01:00 INFO : 72: generating IMRPhenomD from 30.0 Hz
2026-09-08T15:40:42.147+01:00 INFO : Decompressing waveform using inline_linear
2026-09-08T15:40:42.152+01:00 INFO : Filtering template 73/384 segment 1/5
2026-09-08T15:40:42.171+01:00 INFO : Filtering template 73/384 segment 2/5
2026-09-08T15:40:42.189+01:00 INFO : 1 points above threshold
2026-09-08T15:40:42.203+01:00 INFO : Filtering template 73/384 segment 3/5
2026-09-08T15:40:42.221+01:00 INFO : 2 points above threshold
2026-09-08T15:40:42.226+01:00 INFO : Filtering template 73/384 segment 4/5
2026-09-08T15:40:42.243+01:00 INFO : 1 points above threshold
2026-09-08T15:40:42.248+01:00 INFO : Filtering template 73/384 segment 5/5
2026-09-08T15:40:42.266+01:00 INFO : 2 points above threshold
2026-09-08T15:40:42.271+01:00 INFO : 73: generating IMRPhenomD from 30.0 Hz
2026-09-08T15:40:42.274+01:00 INFO : Decompressing waveform using inline_linear
2026-09-08T15:40:42.278+01:00 INFO : Filtering template 74/384 segment 1/5
2026-09-08T15:40:42.298+01:00 INFO : Filtering template 74/384 segment 2/5
2026-09-08T15:40:42.316+01:00 INFO : Filtering template 74/384 segment 3/5
2026-09-08T15:40:42.333+01:00 INFO : Filtering template 74/384 segment 4/5
2026-09-08T15:40:42.350+01:00 INFO : 1 points above threshold
2026-09-08T15:40:42.365+01:00 INFO : Filtering template 74/384 segment 5/5
2026-09-08T15:40:42.383+01:00 INFO : 1 points above threshold
2026-09-08T15:40:42.388+01:00 INFO : 74: generating IMRPhenomD from 30.0 Hz
2026-09-08T15:40:42.391+01:00 INFO : Decompressing waveform using inline_linear
2026-09-08T15:40:42.395+01:00 INFO : Filtering template 75/384 segment 1/5
2026-09-08T15:40:42.415+01:00 INFO : 3 points above threshold
2026-09-08T15:40:42.431+01:00 INFO : Filtering template 75/384 segment 2/5
2026-09-08T15:40:42.449+01:00 INFO : Filtering template 75/384 segment 3/5
2026-09-08T15:40:42.466+01:00 INFO : 1 points above threshold
2026-09-08T15:40:42.471+01:00 INFO : Filtering template 75/384 segment 4/5
2026-09-08T15:40:42.489+01:00 INFO : 2 points above threshold
2026-09-08T15:40:42.494+01:00 INFO : Filtering template 75/384 segment 5/5
2026-09-08T15:40:42.512+01:00 INFO : 75: generating IMRPhenomD from 30.0 Hz
2026-09-08T15:40:42.514+01:00 INFO : Decompressing waveform using inline_linear
2026-09-08T15:40:42.519+01:00 INFO : Filtering template 76/384 segment 1/5
2026-09-08T15:40:42.539+01:00 INFO : 2 points above threshold
2026-09-08T15:40:42.553+01:00 INFO : Filtering template 76/384 segment 2/5
2026-09-08T15:40:42.571+01:00 INFO : Filtering template 76/384 segment 3/5
2026-09-08T15:40:42.588+01:00 INFO : 1 points above threshold
2026-09-08T15:40:42.593+01:00 INFO : Filtering template 76/384 segment 4/5
2026-09-08T15:40:42.611+01:00 INFO : 2 points above threshold
2026-09-08T15:40:42.616+01:00 INFO : Filtering template 76/384 segment 5/5
2026-09-08T15:40:42.633+01:00 INFO : 2 points above threshold
2026-09-08T15:40:42.638+01:00 INFO : 76: generating IMRPhenomD from 30.0 Hz
2026-09-08T15:40:42.641+01:00 INFO : Decompressing waveform using inline_linear
2026-09-08T15:40:42.646+01:00 INFO : Filtering template 77/384 segment 1/5
2026-09-08T15:40:42.665+01:00 INFO : Filtering template 77/384 segment 2/5
2026-09-08T15:40:42.683+01:00 INFO : Filtering template 77/384 segment 3/5
2026-09-08T15:40:42.700+01:00 INFO : Filtering template 77/384 segment 4/5
2026-09-08T15:40:42.718+01:00 INFO : 2 points above threshold
2026-09-08T15:40:42.732+01:00 INFO : Filtering template 77/384 segment 5/5
2026-09-08T15:40:42.750+01:00 INFO : 77: generating IMRPhenomD from 30.0 Hz
2026-09-08T15:40:42.753+01:00 INFO : Decompressing waveform using inline_linear
2026-09-08T15:40:42.757+01:00 INFO : Filtering template 78/384 segment 1/5
2026-09-08T15:40:42.777+01:00 INFO : Filtering template 78/384 segment 2/5
2026-09-08T15:40:42.794+01:00 INFO : 1 points above threshold
2026-09-08T15:40:42.809+01:00 INFO : Filtering template 78/384 segment 3/5
2026-09-08T15:40:42.827+01:00 INFO : 2 points above threshold
2026-09-08T15:40:42.832+01:00 INFO : Filtering template 78/384 segment 4/5
2026-09-08T15:40:42.849+01:00 INFO : Filtering template 78/384 segment 5/5
2026-09-08T15:40:42.867+01:00 INFO : 2 points above threshold
2026-09-08T15:40:42.872+01:00 INFO : 78: generating IMRPhenomD from 30.0 Hz
2026-09-08T15:40:42.875+01:00 INFO : Decompressing waveform using inline_linear
2026-09-08T15:40:42.879+01:00 INFO : Filtering template 79/384 segment 1/5
2026-09-08T15:40:42.899+01:00 INFO : 4 points above threshold
2026-09-08T15:40:42.913+01:00 INFO : Filtering template 79/384 segment 2/5
2026-09-08T15:40:42.931+01:00 INFO : 1 points above threshold
2026-09-08T15:40:42.936+01:00 INFO : Filtering template 79/384 segment 3/5
2026-09-08T15:40:42.953+01:00 INFO : 1 points above threshold
2026-09-08T15:40:42.958+01:00 INFO : Filtering template 79/384 segment 4/5
2026-09-08T15:40:42.976+01:00 INFO : 1 points above threshold
2026-09-08T15:40:42.981+01:00 INFO : Filtering template 79/384 segment 5/5
2026-09-08T15:40:42.999+01:00 INFO : 79: generating IMRPhenomD from 30.0 Hz
2026-09-08T15:40:43.001+01:00 INFO : Decompressing waveform using inline_linear
2026-09-08T15:40:43.006+01:00 INFO : Filtering template 80/384 segment 1/5
2026-09-08T15:40:43.026+01:00 INFO : 1 points above threshold
2026-09-08T15:40:43.042+01:00 INFO : Filtering template 80/384 segment 2/5
2026-09-08T15:40:43.059+01:00 INFO : 1 points above threshold
2026-09-08T15:40:43.064+01:00 INFO : Filtering template 80/384 segment 3/5
2026-09-08T15:40:43.082+01:00 INFO : 1 points above threshold
2026-09-08T15:40:43.087+01:00 INFO : Filtering template 80/384 segment 4/5
2026-09-08T15:40:43.104+01:00 INFO : Filtering template 80/384 segment 5/5
2026-09-08T15:40:43.122+01:00 INFO : 1 points above threshold
2026-09-08T15:40:43.127+01:00 INFO : 80: generating IMRPhenomD from 30.0 Hz
2026-09-08T15:40:43.130+01:00 INFO : Decompressing waveform using inline_linear
2026-09-08T15:40:43.135+01:00 INFO : Filtering template 81/384 segment 1/5
2026-09-08T15:40:43.155+01:00 INFO : Filtering template 81/384 segment 2/5
2026-09-08T15:40:43.172+01:00 INFO : Filtering template 81/384 segment 3/5
2026-09-08T15:40:43.189+01:00 INFO : 1 points above threshold
2026-09-08T15:40:43.204+01:00 INFO : Filtering template 81/384 segment 4/5
2026-09-08T15:40:43.222+01:00 INFO : 1 points above threshold
2026-09-08T15:40:43.227+01:00 INFO : Filtering template 81/384 segment 5/5
2026-09-08T15:40:43.244+01:00 INFO : 81: generating IMRPhenomD from 30.0 Hz
2026-09-08T15:40:43.261+01:00 INFO : Decompressing waveform using inline_linear
2026-09-08T15:40:43.266+01:00 INFO : Filtering template 82/384 segment 1/5
2026-09-08T15:40:43.294+01:00 INFO : 1 points above threshold
2026-09-08T15:40:43.312+01:00 INFO : Filtering template 82/384 segment 2/5
2026-09-08T15:40:43.329+01:00 INFO : Filtering template 82/384 segment 3/5
2026-09-08T15:40:43.347+01:00 INFO : 1 points above threshold
2026-09-08T15:40:43.352+01:00 INFO : Filtering template 82/384 segment 4/5
2026-09-08T15:40:43.369+01:00 INFO : 2 points above threshold
2026-09-08T15:40:43.374+01:00 INFO : Filtering template 82/384 segment 5/5
2026-09-08T15:40:43.392+01:00 INFO : 82: generating IMRPhenomD from 30.0 Hz
2026-09-08T15:40:43.394+01:00 INFO : Decompressing waveform using inline_linear
2026-09-08T15:40:43.399+01:00 INFO : Filtering template 83/384 segment 1/5
2026-09-08T15:40:43.419+01:00 INFO : 2 points above threshold
2026-09-08T15:40:43.435+01:00 INFO : Filtering template 83/384 segment 2/5
2026-09-08T15:40:43.452+01:00 INFO : 1 points above threshold
2026-09-08T15:40:43.457+01:00 INFO : Filtering template 83/384 segment 3/5
2026-09-08T15:40:43.475+01:00 INFO : Filtering template 83/384 segment 4/5
2026-09-08T15:40:43.492+01:00 INFO : 3 points above threshold
2026-09-08T15:40:43.499+01:00 INFO : Filtering template 83/384 segment 5/5
2026-09-08T15:40:43.517+01:00 INFO : 3 points above threshold
2026-09-08T15:40:43.524+01:00 INFO : 83: generating IMRPhenomD from 30.0 Hz
2026-09-08T15:40:43.526+01:00 INFO : Decompressing waveform using inline_linear
2026-09-08T15:40:43.531+01:00 INFO : Filtering template 84/384 segment 1/5
2026-09-08T15:40:43.551+01:00 INFO : 1 points above threshold
2026-09-08T15:40:43.565+01:00 INFO : Filtering template 84/384 segment 2/5
2026-09-08T15:40:43.583+01:00 INFO : Filtering template 84/384 segment 3/5
2026-09-08T15:40:43.600+01:00 INFO : Filtering template 84/384 segment 4/5
2026-09-08T15:40:43.618+01:00 INFO : 2 points above threshold
2026-09-08T15:40:43.623+01:00 INFO : Filtering template 84/384 segment 5/5
2026-09-08T15:40:43.640+01:00 INFO : 1 points above threshold
2026-09-08T15:40:43.645+01:00 INFO : 84: generating IMRPhenomD from 30.0 Hz
2026-09-08T15:40:43.648+01:00 INFO : Decompressing waveform using inline_linear
2026-09-08T15:40:43.653+01:00 INFO : Filtering template 85/384 segment 1/5
2026-09-08T15:40:43.672+01:00 INFO : 1 points above threshold
2026-09-08T15:40:43.687+01:00 INFO : Filtering template 85/384 segment 2/5
2026-09-08T15:40:43.704+01:00 INFO : 2 points above threshold
2026-09-08T15:40:43.709+01:00 INFO : Filtering template 85/384 segment 3/5
2026-09-08T15:40:43.727+01:00 INFO : Filtering template 85/384 segment 4/5
2026-09-08T15:40:43.744+01:00 INFO : 1 points above threshold
2026-09-08T15:40:43.749+01:00 INFO : Filtering template 85/384 segment 5/5
2026-09-08T15:40:43.767+01:00 INFO : 2 points above threshold
2026-09-08T15:40:43.772+01:00 INFO : 85: generating IMRPhenomD from 30.0 Hz
2026-09-08T15:40:43.775+01:00 INFO : Decompressing waveform using inline_linear
2026-09-08T15:40:43.779+01:00 INFO : Filtering template 86/384 segment 1/5
2026-09-08T15:40:43.799+01:00 INFO : 3 points above threshold
2026-09-08T15:40:43.815+01:00 INFO : Filtering template 86/384 segment 2/5
2026-09-08T15:40:43.833+01:00 INFO : 2 points above threshold
2026-09-08T15:40:43.838+01:00 INFO : Filtering template 86/384 segment 3/5
2026-09-08T15:40:43.855+01:00 INFO : Filtering template 86/384 segment 4/5
2026-09-08T15:40:43.873+01:00 INFO : Filtering template 86/384 segment 5/5
2026-09-08T15:40:43.890+01:00 INFO : 86: generating IMRPhenomD from 30.0 Hz
2026-09-08T15:40:43.893+01:00 INFO : Decompressing waveform using inline_linear
2026-09-08T15:40:43.898+01:00 INFO : Filtering template 87/384 segment 1/5
2026-09-08T15:40:43.918+01:00 INFO : 3 points above threshold
2026-09-08T15:40:43.934+01:00 INFO : Filtering template 87/384 segment 2/5
2026-09-08T15:40:43.952+01:00 INFO : 2 points above threshold
2026-09-08T15:40:43.957+01:00 INFO : Filtering template 87/384 segment 3/5
2026-09-08T15:40:43.974+01:00 INFO : 2 points above threshold
2026-09-08T15:40:43.979+01:00 INFO : Filtering template 87/384 segment 4/5
2026-09-08T15:40:43.997+01:00 INFO : 4 points above threshold
2026-09-08T15:40:44.002+01:00 INFO : Filtering template 87/384 segment 5/5
2026-09-08T15:40:44.019+01:00 INFO : 1 points above threshold
2026-09-08T15:40:44.025+01:00 INFO : 87: generating IMRPhenomD from 30.0 Hz
2026-09-08T15:40:44.027+01:00 INFO : Decompressing waveform using inline_linear
2026-09-08T15:40:44.032+01:00 INFO : Filtering template 88/384 segment 1/5
2026-09-08T15:40:44.052+01:00 INFO : 1 points above threshold
2026-09-08T15:40:44.066+01:00 INFO : Filtering template 88/384 segment 2/5
2026-09-08T15:40:44.084+01:00 INFO : 2 points above threshold
2026-09-08T15:40:44.089+01:00 INFO : Filtering template 88/384 segment 3/5
2026-09-08T15:40:44.106+01:00 INFO : Filtering template 88/384 segment 4/5
2026-09-08T15:40:44.124+01:00 INFO : Filtering template 88/384 segment 5/5
2026-09-08T15:40:44.141+01:00 INFO : 88: generating IMRPhenomD from 30.0 Hz
2026-09-08T15:40:44.144+01:00 INFO : Decompressing waveform using inline_linear
2026-09-08T15:40:44.149+01:00 INFO : Filtering template 89/384 segment 1/5
2026-09-08T15:40:44.168+01:00 INFO : 5 points above threshold
2026-09-08T15:40:44.185+01:00 INFO : Filtering template 89/384 segment 2/5
2026-09-08T15:40:44.203+01:00 INFO : 1 points above threshold
2026-09-08T15:40:44.208+01:00 INFO : Filtering template 89/384 segment 3/5
2026-09-08T15:40:44.226+01:00 INFO : 1 points above threshold
2026-09-08T15:40:44.231+01:00 INFO : Filtering template 89/384 segment 4/5
2026-09-08T15:40:44.248+01:00 INFO : 2 points above threshold
2026-09-08T15:40:44.253+01:00 INFO : Filtering template 89/384 segment 5/5
2026-09-08T15:40:44.271+01:00 INFO : 89: generating IMRPhenomD from 30.0 Hz
2026-09-08T15:40:44.274+01:00 INFO : Decompressing waveform using inline_linear
2026-09-08T15:40:44.279+01:00 INFO : Filtering template 90/384 segment 1/5
2026-09-08T15:40:44.298+01:00 INFO : Filtering template 90/384 segment 2/5
2026-09-08T15:40:44.316+01:00 INFO : 1 points above threshold
2026-09-08T15:40:44.330+01:00 INFO : Filtering template 90/384 segment 3/5
2026-09-08T15:40:44.348+01:00 INFO : Filtering template 90/384 segment 4/5
2026-09-08T15:40:44.365+01:00 INFO : 1 points above threshold
2026-09-08T15:40:44.370+01:00 INFO : Filtering template 90/384 segment 5/5
2026-09-08T15:40:44.388+01:00 INFO : 90: generating IMRPhenomD from 30.0 Hz
2026-09-08T15:40:44.391+01:00 INFO : Decompressing waveform using inline_linear
2026-09-08T15:40:44.396+01:00 INFO : Filtering template 91/384 segment 1/5
2026-09-08T15:40:44.415+01:00 INFO : Filtering template 91/384 segment 2/5
2026-09-08T15:40:44.433+01:00 INFO : 1 points above threshold
2026-09-08T15:40:44.447+01:00 INFO : Filtering template 91/384 segment 3/5
2026-09-08T15:40:44.465+01:00 INFO : 2 points above threshold
2026-09-08T15:40:44.470+01:00 INFO : Filtering template 91/384 segment 4/5
2026-09-08T15:40:44.487+01:00 INFO : 2 points above threshold
2026-09-08T15:40:44.492+01:00 INFO : Filtering template 91/384 segment 5/5
2026-09-08T15:40:44.510+01:00 INFO : 91: generating IMRPhenomD from 30.0 Hz
2026-09-08T15:40:44.513+01:00 INFO : Decompressing waveform using inline_linear
2026-09-08T15:40:44.517+01:00 INFO : Filtering template 92/384 segment 1/5
2026-09-08T15:40:44.537+01:00 INFO : Filtering template 92/384 segment 2/5
2026-09-08T15:40:44.555+01:00 INFO : Filtering template 92/384 segment 3/5
2026-09-08T15:40:44.572+01:00 INFO : Filtering template 92/384 segment 4/5
2026-09-08T15:40:44.589+01:00 INFO : Filtering template 92/384 segment 5/5
2026-09-08T15:40:44.607+01:00 INFO : 92: generating IMRPhenomD from 30.0 Hz
2026-09-08T15:40:44.610+01:00 INFO : Decompressing waveform using inline_linear
2026-09-08T15:40:44.615+01:00 INFO : Filtering template 93/384 segment 1/5
2026-09-08T15:40:44.634+01:00 INFO : 2 points above threshold
2026-09-08T15:40:44.650+01:00 INFO : Filtering template 93/384 segment 2/5
2026-09-08T15:40:44.668+01:00 INFO : 2 points above threshold
2026-09-08T15:40:44.673+01:00 INFO : Filtering template 93/384 segment 3/5
2026-09-08T15:40:44.690+01:00 INFO : Filtering template 93/384 segment 4/5
2026-09-08T15:40:44.707+01:00 INFO : Filtering template 93/384 segment 5/5
2026-09-08T15:40:44.725+01:00 INFO : 1 points above threshold
2026-09-08T15:40:44.730+01:00 INFO : 93: generating IMRPhenomD from 30.0 Hz
2026-09-08T15:40:44.733+01:00 INFO : Decompressing waveform using inline_linear
2026-09-08T15:40:44.738+01:00 INFO : Filtering template 94/384 segment 1/5
2026-09-08T15:40:44.757+01:00 INFO : 2 points above threshold
2026-09-08T15:40:44.772+01:00 INFO : Filtering template 94/384 segment 2/5
2026-09-08T15:40:44.789+01:00 INFO : 3 points above threshold
2026-09-08T15:40:44.796+01:00 INFO : Filtering template 94/384 segment 3/5
2026-09-08T15:40:44.813+01:00 INFO : 1 points above threshold
2026-09-08T15:40:44.819+01:00 INFO : Filtering template 94/384 segment 4/5
2026-09-08T15:40:44.836+01:00 INFO : 1 points above threshold
2026-09-08T15:40:44.841+01:00 INFO : Filtering template 94/384 segment 5/5
2026-09-08T15:40:44.859+01:00 INFO : 1 points above threshold
2026-09-08T15:40:44.864+01:00 INFO : 94: generating IMRPhenomD from 30.0 Hz
2026-09-08T15:40:44.867+01:00 INFO : Decompressing waveform using inline_linear
2026-09-08T15:40:44.872+01:00 INFO : Filtering template 95/384 segment 1/5
2026-09-08T15:40:44.891+01:00 INFO : 4 points above threshold
2026-09-08T15:40:44.906+01:00 INFO : Filtering template 95/384 segment 2/5
2026-09-08T15:40:44.923+01:00 INFO : 1 points above threshold
2026-09-08T15:40:44.928+01:00 INFO : Filtering template 95/384 segment 3/5
2026-09-08T15:40:44.946+01:00 INFO : Filtering template 95/384 segment 4/5
2026-09-08T15:40:44.963+01:00 INFO : Filtering template 95/384 segment 5/5
2026-09-08T15:40:44.981+01:00 INFO : 1 points above threshold
2026-09-08T15:40:44.986+01:00 INFO : 95: generating IMRPhenomD from 30.0 Hz
2026-09-08T15:40:44.989+01:00 INFO : Decompressing waveform using inline_linear
2026-09-08T15:40:44.993+01:00 INFO : Filtering template 96/384 segment 1/5
2026-09-08T15:40:45.013+01:00 INFO : Filtering template 96/384 segment 2/5
2026-09-08T15:40:45.031+01:00 INFO : Filtering template 96/384 segment 3/5
2026-09-08T15:40:45.048+01:00 INFO : Filtering template 96/384 segment 4/5
2026-09-08T15:40:45.066+01:00 INFO : Filtering template 96/384 segment 5/5
2026-09-08T15:40:45.083+01:00 INFO : 96: generating IMRPhenomD from 30.0 Hz
2026-09-08T15:40:45.086+01:00 INFO : Decompressing waveform using inline_linear
2026-09-08T15:40:45.091+01:00 INFO : Filtering template 97/384 segment 1/5
2026-09-08T15:40:45.111+01:00 INFO : 2 points above threshold
2026-09-08T15:40:45.127+01:00 INFO : Filtering template 97/384 segment 2/5
2026-09-08T15:40:45.144+01:00 INFO : Filtering template 97/384 segment 3/5
2026-09-08T15:40:45.162+01:00 INFO : Filtering template 97/384 segment 4/5
2026-09-08T15:40:45.179+01:00 INFO : 1 points above threshold
2026-09-08T15:40:45.185+01:00 INFO : Filtering template 97/384 segment 5/5
2026-09-08T15:40:45.202+01:00 INFO : 97: generating IMRPhenomD from 30.0 Hz
2026-09-08T15:40:45.205+01:00 INFO : Decompressing waveform using inline_linear
2026-09-08T15:40:45.210+01:00 INFO : Filtering template 98/384 segment 1/5
2026-09-08T15:40:45.229+01:00 INFO : 1 points above threshold
2026-09-08T15:40:45.244+01:00 INFO : Filtering template 98/384 segment 2/5
2026-09-08T15:40:45.261+01:00 INFO : 1 points above threshold
2026-09-08T15:40:45.266+01:00 INFO : Filtering template 98/384 segment 3/5
2026-09-08T15:40:45.284+01:00 INFO : 4 points above threshold
2026-09-08T15:40:45.289+01:00 INFO : Filtering template 98/384 segment 4/5
2026-09-08T15:40:45.306+01:00 INFO : 1 points above threshold
2026-09-08T15:40:45.312+01:00 INFO : Filtering template 98/384 segment 5/5
2026-09-08T15:40:45.329+01:00 INFO : 98: generating IMRPhenomD from 30.0 Hz
2026-09-08T15:40:45.332+01:00 INFO : Decompressing waveform using inline_linear
2026-09-08T15:40:45.337+01:00 INFO : Filtering template 99/384 segment 1/5
2026-09-08T15:40:45.356+01:00 INFO : 2 points above threshold
2026-09-08T15:40:45.371+01:00 INFO : Filtering template 99/384 segment 2/5
2026-09-08T15:40:45.389+01:00 INFO : 2 points above threshold
2026-09-08T15:40:45.394+01:00 INFO : Filtering template 99/384 segment 3/5
2026-09-08T15:40:45.411+01:00 INFO : 2 points above threshold
2026-09-08T15:40:45.416+01:00 INFO : Filtering template 99/384 segment 4/5
2026-09-08T15:40:45.433+01:00 INFO : 2 points above threshold
2026-09-08T15:40:45.438+01:00 INFO : Filtering template 99/384 segment 5/5
2026-09-08T15:40:45.456+01:00 INFO : 1 points above threshold
2026-09-08T15:40:45.461+01:00 INFO : 99: generating IMRPhenomD from 30.0 Hz
2026-09-08T15:40:45.464+01:00 INFO : Decompressing waveform using inline_linear
2026-09-08T15:40:45.469+01:00 INFO : Filtering template 100/384 segment 1/5
2026-09-08T15:40:45.488+01:00 INFO : 1 points above threshold
2026-09-08T15:40:45.503+01:00 INFO : Filtering template 100/384 segment 2/5
2026-09-08T15:40:45.520+01:00 INFO : 2 points above threshold
2026-09-08T15:40:45.525+01:00 INFO : Filtering template 100/384 segment 3/5
2026-09-08T15:40:45.543+01:00 INFO : Filtering template 100/384 segment 4/5
2026-09-08T15:40:45.560+01:00 INFO : Filtering template 100/384 segment 5/5
2026-09-08T15:40:45.578+01:00 INFO : 100: generating IMRPhenomD from 30.0 Hz
2026-09-08T15:40:45.581+01:00 INFO : Decompressing waveform using inline_linear
2026-09-08T15:40:45.585+01:00 INFO : Filtering template 101/384 segment 1/5
2026-09-08T15:40:45.605+01:00 INFO : Filtering template 101/384 segment 2/5
2026-09-08T15:40:45.622+01:00 INFO : 1 points above threshold
2026-09-08T15:40:45.637+01:00 INFO : Filtering template 101/384 segment 3/5
2026-09-08T15:40:45.654+01:00 INFO : Filtering template 101/384 segment 4/5
2026-09-08T15:40:45.672+01:00 INFO : 1 points above threshold
2026-09-08T15:40:45.677+01:00 INFO : Filtering template 101/384 segment 5/5
2026-09-08T15:40:45.695+01:00 INFO : 101: generating IMRPhenomD from 30.0 Hz
2026-09-08T15:40:45.697+01:00 INFO : Decompressing waveform using inline_linear
2026-09-08T15:40:45.702+01:00 INFO : Filtering template 102/384 segment 1/5
2026-09-08T15:40:45.722+01:00 INFO : 2 points above threshold
2026-09-08T15:40:45.736+01:00 INFO : Filtering template 102/384 segment 2/5
2026-09-08T15:40:45.753+01:00 INFO : 1 points above threshold
2026-09-08T15:40:45.759+01:00 INFO : Filtering template 102/384 segment 3/5
2026-09-08T15:40:45.776+01:00 INFO : Filtering template 102/384 segment 4/5
2026-09-08T15:40:45.793+01:00 INFO : 2 points above threshold
2026-09-08T15:40:45.799+01:00 INFO : Filtering template 102/384 segment 5/5
2026-09-08T15:40:45.816+01:00 INFO : 1 points above threshold
2026-09-08T15:40:45.821+01:00 INFO : 102: generating IMRPhenomD from 30.0 Hz
2026-09-08T15:40:45.824+01:00 INFO : Decompressing waveform using inline_linear
2026-09-08T15:40:45.829+01:00 INFO : Filtering template 103/384 segment 1/5
2026-09-08T15:40:45.848+01:00 INFO : Filtering template 103/384 segment 2/5
2026-09-08T15:40:45.866+01:00 INFO : 1 points above threshold
2026-09-08T15:40:45.881+01:00 INFO : Filtering template 103/384 segment 3/5
2026-09-08T15:40:45.898+01:00 INFO : 2 points above threshold
2026-09-08T15:40:45.904+01:00 INFO : Filtering template 103/384 segment 4/5
2026-09-08T15:40:45.921+01:00 INFO : Filtering template 103/384 segment 5/5
2026-09-08T15:40:45.939+01:00 INFO : 103: generating IMRPhenomD from 30.0 Hz
2026-09-08T15:40:45.942+01:00 INFO : Decompressing waveform using inline_linear
2026-09-08T15:40:45.947+01:00 INFO : Filtering template 104/384 segment 1/5
2026-09-08T15:40:45.966+01:00 INFO : 1 points above threshold
2026-09-08T15:40:45.981+01:00 INFO : Filtering template 104/384 segment 2/5
2026-09-08T15:40:45.998+01:00 INFO : Filtering template 104/384 segment 3/5
2026-09-08T15:40:46.016+01:00 INFO : 2 points above threshold
2026-09-08T15:40:46.021+01:00 INFO : Filtering template 104/384 segment 4/5
2026-09-08T15:40:46.038+01:00 INFO : 1 points above threshold
2026-09-08T15:40:46.043+01:00 INFO : Filtering template 104/384 segment 5/5
2026-09-08T15:40:46.061+01:00 INFO : 104: generating IMRPhenomD from 30.0 Hz
2026-09-08T15:40:46.064+01:00 INFO : Decompressing waveform using inline_linear
2026-09-08T15:40:46.068+01:00 INFO : Filtering template 105/384 segment 1/5
2026-09-08T15:40:46.088+01:00 INFO : Filtering template 105/384 segment 2/5
2026-09-08T15:40:46.106+01:00 INFO : 2 points above threshold
2026-09-08T15:40:46.121+01:00 INFO : Filtering template 105/384 segment 3/5
2026-09-08T15:40:46.139+01:00 INFO : 1 points above threshold
2026-09-08T15:40:46.144+01:00 INFO : Filtering template 105/384 segment 4/5
2026-09-08T15:40:46.161+01:00 INFO : 7 points above threshold
2026-09-08T15:40:46.171+01:00 INFO : Filtering template 105/384 segment 5/5
2026-09-08T15:40:46.189+01:00 INFO : 105: generating IMRPhenomD from 30.0 Hz
2026-09-08T15:40:46.192+01:00 INFO : Decompressing waveform using inline_linear
2026-09-08T15:40:46.197+01:00 INFO : Filtering template 106/384 segment 1/5
2026-09-08T15:40:46.216+01:00 INFO : 2 points above threshold
2026-09-08T15:40:46.231+01:00 INFO : Filtering template 106/384 segment 2/5
2026-09-08T15:40:46.248+01:00 INFO : Filtering template 106/384 segment 3/5
2026-09-08T15:40:46.266+01:00 INFO : 1 points above threshold
2026-09-08T15:40:46.271+01:00 INFO : Filtering template 106/384 segment 4/5
2026-09-08T15:40:46.288+01:00 INFO : 1 points above threshold
2026-09-08T15:40:46.293+01:00 INFO : Filtering template 106/384 segment 5/5
2026-09-08T15:40:46.311+01:00 INFO : 1 points above threshold
2026-09-08T15:40:46.316+01:00 INFO : 106: generating IMRPhenomD from 30.0 Hz
2026-09-08T15:40:46.319+01:00 INFO : Decompressing waveform using inline_linear
2026-09-08T15:40:46.324+01:00 INFO : Filtering template 107/384 segment 1/5
2026-09-08T15:40:46.343+01:00 INFO : 2 points above threshold
2026-09-08T15:40:46.358+01:00 INFO : Filtering template 107/384 segment 2/5
2026-09-08T15:40:46.375+01:00 INFO : 1 points above threshold
2026-09-08T15:40:46.380+01:00 INFO : Filtering template 107/384 segment 3/5
2026-09-08T15:40:46.398+01:00 INFO : Filtering template 107/384 segment 4/5
2026-09-08T15:40:46.415+01:00 INFO : Filtering template 107/384 segment 5/5
2026-09-08T15:40:46.433+01:00 INFO : 107: generating IMRPhenomD from 30.0 Hz
2026-09-08T15:40:46.436+01:00 INFO : Decompressing waveform using inline_linear
2026-09-08T15:40:46.441+01:00 INFO : Filtering template 108/384 segment 1/5
2026-09-08T15:40:46.460+01:00 INFO : 1 points above threshold
2026-09-08T15:40:46.475+01:00 INFO : Filtering template 108/384 segment 2/5
2026-09-08T15:40:46.492+01:00 INFO : 1 points above threshold
2026-09-08T15:40:46.497+01:00 INFO : Filtering template 108/384 segment 3/5
2026-09-08T15:40:46.515+01:00 INFO : Filtering template 108/384 segment 4/5
2026-09-08T15:40:46.532+01:00 INFO : 4 points above threshold
2026-09-08T15:40:46.537+01:00 INFO : Filtering template 108/384 segment 5/5
2026-09-08T15:40:46.555+01:00 INFO : 108: generating IMRPhenomD from 30.0 Hz
2026-09-08T15:40:46.557+01:00 INFO : Decompressing waveform using inline_linear
2026-09-08T15:40:46.562+01:00 INFO : Filtering template 109/384 segment 1/5
2026-09-08T15:40:46.582+01:00 INFO : 2 points above threshold
2026-09-08T15:40:46.596+01:00 INFO : Filtering template 109/384 segment 2/5
2026-09-08T15:40:46.614+01:00 INFO : Filtering template 109/384 segment 3/5
2026-09-08T15:40:46.631+01:00 INFO : Filtering template 109/384 segment 4/5
2026-09-08T15:40:46.649+01:00 INFO : Filtering template 109/384 segment 5/5
2026-09-08T15:40:46.666+01:00 INFO : 3 points above threshold
2026-09-08T15:40:46.673+01:00 INFO : 109: generating IMRPhenomD from 30.0 Hz
2026-09-08T15:40:46.676+01:00 INFO : Decompressing waveform using inline_linear
2026-09-08T15:40:46.681+01:00 INFO : Filtering template 110/384 segment 1/5
2026-09-08T15:40:46.700+01:00 INFO : 1 points above threshold
2026-09-08T15:40:46.715+01:00 INFO : Filtering template 110/384 segment 2/5
2026-09-08T15:40:46.732+01:00 INFO : Filtering template 110/384 segment 3/5
2026-09-08T15:40:46.750+01:00 INFO : 1 points above threshold
2026-09-08T15:40:46.755+01:00 INFO : Filtering template 110/384 segment 4/5
2026-09-08T15:40:46.772+01:00 INFO : 2 points above threshold
2026-09-08T15:40:46.777+01:00 INFO : Filtering template 110/384 segment 5/5
2026-09-08T15:40:46.795+01:00 INFO : 110: generating IMRPhenomD from 30.0 Hz
2026-09-08T15:40:46.798+01:00 INFO : Decompressing waveform using inline_linear
2026-09-08T15:40:46.803+01:00 INFO : Filtering template 111/384 segment 1/5
2026-09-08T15:40:46.822+01:00 INFO : Filtering template 111/384 segment 2/5
2026-09-08T15:40:46.840+01:00 INFO : 1 points above threshold
2026-09-08T15:40:46.854+01:00 INFO : Filtering template 111/384 segment 3/5
2026-09-08T15:40:46.872+01:00 INFO : 1 points above threshold
2026-09-08T15:40:46.877+01:00 INFO : Filtering template 111/384 segment 4/5
2026-09-08T15:40:46.894+01:00 INFO : Filtering template 111/384 segment 5/5
2026-09-08T15:40:46.912+01:00 INFO : 111: generating IMRPhenomD from 30.0 Hz
2026-09-08T15:40:46.915+01:00 INFO : Decompressing waveform using inline_linear
2026-09-08T15:40:46.919+01:00 INFO : Filtering template 112/384 segment 1/5
2026-09-08T15:40:46.939+01:00 INFO : 4 points above threshold
2026-09-08T15:40:46.953+01:00 INFO : Filtering template 112/384 segment 2/5
2026-09-08T15:40:46.971+01:00 INFO : Filtering template 112/384 segment 3/5
2026-09-08T15:40:46.988+01:00 INFO : 1 points above threshold
2026-09-08T15:40:46.993+01:00 INFO : Filtering template 112/384 segment 4/5
2026-09-08T15:40:47.011+01:00 INFO : 2 points above threshold
2026-09-08T15:40:47.016+01:00 INFO : Filtering template 112/384 segment 5/5
2026-09-08T15:40:47.033+01:00 INFO : 2 points above threshold
2026-09-08T15:40:47.038+01:00 INFO : 112: generating IMRPhenomD from 30.0 Hz
2026-09-08T15:40:47.041+01:00 INFO : Decompressing waveform using inline_linear
2026-09-08T15:40:47.046+01:00 INFO : Filtering template 113/384 segment 1/5
2026-09-08T15:40:47.066+01:00 INFO : 2 points above threshold
2026-09-08T15:40:47.080+01:00 INFO : Filtering template 113/384 segment 2/5
2026-09-08T15:40:47.097+01:00 INFO : 3 points above threshold
2026-09-08T15:40:47.104+01:00 INFO : Filtering template 113/384 segment 3/5
2026-09-08T15:40:47.122+01:00 INFO : Filtering template 113/384 segment 4/5
2026-09-08T15:40:47.139+01:00 INFO : Filtering template 113/384 segment 5/5
2026-09-08T15:40:47.157+01:00 INFO : 113: generating IMRPhenomD from 30.0 Hz
2026-09-08T15:40:47.160+01:00 INFO : Decompressing waveform using inline_linear
2026-09-08T15:40:47.165+01:00 INFO : Filtering template 114/384 segment 1/5
2026-09-08T15:40:47.184+01:00 INFO : 1 points above threshold
2026-09-08T15:40:47.199+01:00 INFO : Filtering template 114/384 segment 2/5
2026-09-08T15:40:47.216+01:00 INFO : Filtering template 114/384 segment 3/5
2026-09-08T15:40:47.234+01:00 INFO : 1 points above threshold
2026-09-08T15:40:47.239+01:00 INFO : Filtering template 114/384 segment 4/5
2026-09-08T15:40:47.256+01:00 INFO : 1 points above threshold
2026-09-08T15:40:47.261+01:00 INFO : Filtering template 114/384 segment 5/5
2026-09-08T15:40:47.279+01:00 INFO : 1 points above threshold
2026-09-08T15:40:47.284+01:00 INFO : 114: generating IMRPhenomD from 30.0 Hz
2026-09-08T15:40:47.287+01:00 INFO : Decompressing waveform using inline_linear
2026-09-08T15:40:47.292+01:00 INFO : Filtering template 115/384 segment 1/5
2026-09-08T15:40:47.311+01:00 INFO : 4 points above threshold
2026-09-08T15:40:47.326+01:00 INFO : Filtering template 115/384 segment 2/5
2026-09-08T15:40:47.343+01:00 INFO : 1 points above threshold
2026-09-08T15:40:47.348+01:00 INFO : Filtering template 115/384 segment 3/5
2026-09-08T15:40:47.366+01:00 INFO : Filtering template 115/384 segment 4/5
2026-09-08T15:40:47.383+01:00 INFO : 2 points above threshold
2026-09-08T15:40:47.389+01:00 INFO : Filtering template 115/384 segment 5/5
2026-09-08T15:40:47.406+01:00 INFO : 115: generating IMRPhenomD from 30.0 Hz
2026-09-08T15:40:47.409+01:00 INFO : Decompressing waveform using inline_linear
2026-09-08T15:40:47.414+01:00 INFO : Filtering template 116/384 segment 1/5
2026-09-08T15:40:47.434+01:00 INFO : Filtering template 116/384 segment 2/5
2026-09-08T15:40:47.451+01:00 INFO : 2 points above threshold
2026-09-08T15:40:47.466+01:00 INFO : Filtering template 116/384 segment 3/5
2026-09-08T15:40:47.483+01:00 INFO : 1 points above threshold
2026-09-08T15:40:47.488+01:00 INFO : Filtering template 116/384 segment 4/5
2026-09-08T15:40:47.506+01:00 INFO : 2 points above threshold
2026-09-08T15:40:47.511+01:00 INFO : Filtering template 116/384 segment 5/5
2026-09-08T15:40:47.528+01:00 INFO : 1 points above threshold
2026-09-08T15:40:47.533+01:00 INFO : 116: generating IMRPhenomD from 30.0 Hz
2026-09-08T15:40:47.536+01:00 INFO : Decompressing waveform using inline_linear
2026-09-08T15:40:47.541+01:00 INFO : Filtering template 117/384 segment 1/5
2026-09-08T15:40:47.560+01:00 INFO : Filtering template 117/384 segment 2/5
2026-09-08T15:40:47.578+01:00 INFO : Filtering template 117/384 segment 3/5
2026-09-08T15:40:47.595+01:00 INFO : 3 points above threshold
2026-09-08T15:40:47.612+01:00 INFO : Filtering template 117/384 segment 4/5
2026-09-08T15:40:47.629+01:00 INFO : 2 points above threshold
2026-09-08T15:40:47.634+01:00 INFO : Filtering template 117/384 segment 5/5
2026-09-08T15:40:47.652+01:00 INFO : 1 points above threshold
2026-09-08T15:40:47.657+01:00 INFO : 117: generating IMRPhenomD from 30.0 Hz
2026-09-08T15:40:47.660+01:00 INFO : Decompressing waveform using inline_linear
2026-09-08T15:40:47.664+01:00 INFO : Filtering template 118/384 segment 1/5
2026-09-08T15:40:47.684+01:00 INFO : 1 points above threshold
2026-09-08T15:40:47.699+01:00 INFO : Filtering template 118/384 segment 2/5
2026-09-08T15:40:47.716+01:00 INFO : Filtering template 118/384 segment 3/5
2026-09-08T15:40:47.734+01:00 INFO : 3 points above threshold
2026-09-08T15:40:47.741+01:00 INFO : Filtering template 118/384 segment 4/5
2026-09-08T15:40:47.758+01:00 INFO : 2 points above threshold
2026-09-08T15:40:47.766+01:00 INFO : Filtering template 118/384 segment 5/5
2026-09-08T15:40:47.783+01:00 INFO : 3 points above threshold
2026-09-08T15:40:47.790+01:00 INFO : 118: generating IMRPhenomD from 30.0 Hz
2026-09-08T15:40:47.806+01:00 INFO : Decompressing waveform using inline_linear
2026-09-08T15:40:47.811+01:00 INFO : Filtering template 119/384 segment 1/5
2026-09-08T15:40:47.839+01:00 INFO : 1 points above threshold
2026-09-08T15:40:47.857+01:00 INFO : Filtering template 119/384 segment 2/5
2026-09-08T15:40:47.874+01:00 INFO : Filtering template 119/384 segment 3/5
2026-09-08T15:40:47.892+01:00 INFO : Filtering template 119/384 segment 4/5
2026-09-08T15:40:47.909+01:00 INFO : 3 points above threshold
2026-09-08T15:40:47.916+01:00 INFO : Filtering template 119/384 segment 5/5
2026-09-08T15:40:47.934+01:00 INFO : 1 points above threshold
2026-09-08T15:40:47.939+01:00 INFO : 119: generating IMRPhenomD from 30.0 Hz
2026-09-08T15:40:47.942+01:00 INFO : Decompressing waveform using inline_linear
2026-09-08T15:40:47.946+01:00 INFO : Filtering template 120/384 segment 1/5
2026-09-08T15:40:47.966+01:00 INFO : Filtering template 120/384 segment 2/5
2026-09-08T15:40:47.984+01:00 INFO : 1 points above threshold
2026-09-08T15:40:47.999+01:00 INFO : Filtering template 120/384 segment 3/5
2026-09-08T15:40:48.017+01:00 INFO : 1 points above threshold
2026-09-08T15:40:48.022+01:00 INFO : Filtering template 120/384 segment 4/5
2026-09-08T15:40:48.040+01:00 INFO : Filtering template 120/384 segment 5/5
2026-09-08T15:40:48.057+01:00 INFO : 120: generating IMRPhenomD from 30.0 Hz
2026-09-08T15:40:48.060+01:00 INFO : Decompressing waveform using inline_linear
2026-09-08T15:40:48.065+01:00 INFO : Filtering template 121/384 segment 1/5
2026-09-08T15:40:48.084+01:00 INFO : 4 points above threshold
2026-09-08T15:40:48.099+01:00 INFO : Filtering template 121/384 segment 2/5
2026-09-08T15:40:48.116+01:00 INFO : 2 points above threshold
2026-09-08T15:40:48.121+01:00 INFO : Filtering template 121/384 segment 3/5
2026-09-08T15:40:48.139+01:00 INFO : Filtering template 121/384 segment 4/5
2026-09-08T15:40:48.156+01:00 INFO : Filtering template 121/384 segment 5/5
2026-09-08T15:40:48.174+01:00 INFO : 121: generating IMRPhenomD from 30.0 Hz
2026-09-08T15:40:48.177+01:00 INFO : Decompressing waveform using inline_linear
2026-09-08T15:40:48.182+01:00 INFO : Filtering template 122/384 segment 1/5
2026-09-08T15:40:48.201+01:00 INFO : 1 points above threshold
2026-09-08T15:40:48.216+01:00 INFO : Filtering template 122/384 segment 2/5
2026-09-08T15:40:48.233+01:00 INFO : 1 points above threshold
2026-09-08T15:40:48.239+01:00 INFO : Filtering template 122/384 segment 3/5
2026-09-08T15:40:48.256+01:00 INFO : Filtering template 122/384 segment 4/5
2026-09-08T15:40:48.274+01:00 INFO : 1 points above threshold
2026-09-08T15:40:48.279+01:00 INFO : Filtering template 122/384 segment 5/5
2026-09-08T15:40:48.296+01:00 INFO : 1 points above threshold
2026-09-08T15:40:48.302+01:00 INFO : 122: generating IMRPhenomD from 30.0 Hz
2026-09-08T15:40:48.304+01:00 INFO : Decompressing waveform using inline_linear
2026-09-08T15:40:48.309+01:00 INFO : Filtering template 123/384 segment 1/5
2026-09-08T15:40:48.329+01:00 INFO : 5 points above threshold
2026-09-08T15:40:48.345+01:00 INFO : Filtering template 123/384 segment 2/5
2026-09-08T15:40:48.363+01:00 INFO : 4 points above threshold
2026-09-08T15:40:48.368+01:00 INFO : Filtering template 123/384 segment 3/5
2026-09-08T15:40:48.385+01:00 INFO : 2 points above threshold
2026-09-08T15:40:48.390+01:00 INFO : Filtering template 123/384 segment 4/5
2026-09-08T15:40:48.408+01:00 INFO : Filtering template 123/384 segment 5/5
2026-09-08T15:40:48.425+01:00 INFO : 1 points above threshold
2026-09-08T15:40:48.431+01:00 INFO : 123: generating IMRPhenomD from 30.0 Hz
2026-09-08T15:40:48.434+01:00 INFO : Decompressing waveform using inline_linear
2026-09-08T15:40:48.438+01:00 INFO : Filtering template 124/384 segment 1/5
2026-09-08T15:40:48.458+01:00 INFO : 4 points above threshold
2026-09-08T15:40:48.472+01:00 INFO : Filtering template 124/384 segment 2/5
2026-09-08T15:40:48.490+01:00 INFO : 2 points above threshold
2026-09-08T15:40:48.495+01:00 INFO : Filtering template 124/384 segment 3/5
2026-09-08T15:40:48.513+01:00 INFO : 1 points above threshold
2026-09-08T15:40:48.518+01:00 INFO : Filtering template 124/384 segment 4/5
2026-09-08T15:40:48.535+01:00 INFO : 1 points above threshold
2026-09-08T15:40:48.540+01:00 INFO : Filtering template 124/384 segment 5/5
2026-09-08T15:40:48.558+01:00 INFO : 2 points above threshold
2026-09-08T15:40:48.563+01:00 INFO : 124: generating IMRPhenomD from 30.0 Hz
2026-09-08T15:40:48.566+01:00 INFO : Decompressing waveform using inline_linear
2026-09-08T15:40:48.570+01:00 INFO : Filtering template 125/384 segment 1/5
2026-09-08T15:40:48.590+01:00 INFO : 3 points above threshold
2026-09-08T15:40:48.606+01:00 INFO : Filtering template 125/384 segment 2/5
2026-09-08T15:40:48.624+01:00 INFO : Filtering template 125/384 segment 3/5
2026-09-08T15:40:48.641+01:00 INFO : 1 points above threshold
2026-09-08T15:40:48.646+01:00 INFO : Filtering template 125/384 segment 4/5
2026-09-08T15:40:48.664+01:00 INFO : 2 points above threshold
2026-09-08T15:40:48.669+01:00 INFO : Filtering template 125/384 segment 5/5
2026-09-08T15:40:48.686+01:00 INFO : 125: generating IMRPhenomD from 30.0 Hz
2026-09-08T15:40:48.689+01:00 INFO : Decompressing waveform using inline_linear
2026-09-08T15:40:48.694+01:00 INFO : Filtering template 126/384 segment 1/5
2026-09-08T15:40:48.713+01:00 INFO : 1 points above threshold
2026-09-08T15:40:48.728+01:00 INFO : Filtering template 126/384 segment 2/5
2026-09-08T15:40:48.745+01:00 INFO : Filtering template 126/384 segment 3/5
2026-09-08T15:40:48.763+01:00 INFO : 2 points above threshold
2026-09-08T15:40:48.768+01:00 INFO : Filtering template 126/384 segment 4/5
2026-09-08T15:40:48.785+01:00 INFO : Filtering template 126/384 segment 5/5
2026-09-08T15:40:48.803+01:00 INFO : 126: generating IMRPhenomD from 30.0 Hz
2026-09-08T15:40:48.806+01:00 INFO : Decompressing waveform using inline_linear
2026-09-08T15:40:48.811+01:00 INFO : Filtering template 127/384 segment 1/5
2026-09-08T15:40:48.830+01:00 INFO : 1 points above threshold
2026-09-08T15:40:48.845+01:00 INFO : Filtering template 127/384 segment 2/5
2026-09-08T15:40:48.862+01:00 INFO : 2 points above threshold
2026-09-08T15:40:48.867+01:00 INFO : Filtering template 127/384 segment 3/5
2026-09-08T15:40:48.885+01:00 INFO : 2 points above threshold
2026-09-08T15:40:48.890+01:00 INFO : Filtering template 127/384 segment 4/5
2026-09-08T15:40:48.907+01:00 INFO : 1 points above threshold
2026-09-08T15:40:48.912+01:00 INFO : Filtering template 127/384 segment 5/5
2026-09-08T15:40:48.930+01:00 INFO : 127: generating IMRPhenomD from 30.0 Hz
2026-09-08T15:40:48.933+01:00 INFO : Decompressing waveform using inline_linear
2026-09-08T15:40:48.938+01:00 INFO : Filtering template 128/384 segment 1/5
2026-09-08T15:40:48.957+01:00 INFO : 1 points above threshold
2026-09-08T15:40:48.972+01:00 INFO : Filtering template 128/384 segment 2/5
2026-09-08T15:40:48.989+01:00 INFO : 3 points above threshold
2026-09-08T15:40:48.996+01:00 INFO : Filtering template 128/384 segment 3/5
2026-09-08T15:40:49.014+01:00 INFO : 2 points above threshold
2026-09-08T15:40:49.019+01:00 INFO : Filtering template 128/384 segment 4/5
2026-09-08T15:40:49.036+01:00 INFO : Filtering template 128/384 segment 5/5
2026-09-08T15:40:49.053+01:00 INFO : 2 points above threshold
2026-09-08T15:40:49.059+01:00 INFO : 128: generating IMRPhenomD from 30.0 Hz
2026-09-08T15:40:49.061+01:00 INFO : Decompressing waveform using inline_linear
2026-09-08T15:40:49.066+01:00 INFO : Filtering template 129/384 segment 1/5
2026-09-08T15:40:49.086+01:00 INFO : 1 points above threshold
2026-09-08T15:40:49.100+01:00 INFO : Filtering template 129/384 segment 2/5
2026-09-08T15:40:49.118+01:00 INFO : Filtering template 129/384 segment 3/5
2026-09-08T15:40:49.135+01:00 INFO : 2 points above threshold
2026-09-08T15:40:49.140+01:00 INFO : Filtering template 129/384 segment 4/5
2026-09-08T15:40:49.158+01:00 INFO : Filtering template 129/384 segment 5/5
2026-09-08T15:40:49.175+01:00 INFO : 1 points above threshold
2026-09-08T15:40:49.180+01:00 INFO : 129: generating IMRPhenomD from 30.0 Hz
2026-09-08T15:40:49.183+01:00 INFO : Decompressing waveform using inline_linear
2026-09-08T15:40:49.188+01:00 INFO : Filtering template 130/384 segment 1/5
2026-09-08T15:40:49.207+01:00 INFO : 1 points above threshold
2026-09-08T15:40:49.222+01:00 INFO : Filtering template 130/384 segment 2/5
2026-09-08T15:40:49.239+01:00 INFO : 2 points above threshold
2026-09-08T15:40:49.245+01:00 INFO : Filtering template 130/384 segment 3/5
2026-09-08T15:40:49.262+01:00 INFO : 1 points above threshold
2026-09-08T15:40:49.267+01:00 INFO : Filtering template 130/384 segment 4/5
2026-09-08T15:40:49.285+01:00 INFO : 1 points above threshold
2026-09-08T15:40:49.290+01:00 INFO : Filtering template 130/384 segment 5/5
2026-09-08T15:40:49.307+01:00 INFO : 1 points above threshold
2026-09-08T15:40:49.313+01:00 INFO : 130: generating IMRPhenomD from 30.0 Hz
2026-09-08T15:40:49.315+01:00 INFO : Decompressing waveform using inline_linear
2026-09-08T15:40:49.320+01:00 INFO : Filtering template 131/384 segment 1/5
2026-09-08T15:40:49.340+01:00 INFO : 1 points above threshold
2026-09-08T15:40:49.355+01:00 INFO : Filtering template 131/384 segment 2/5
2026-09-08T15:40:49.372+01:00 INFO : 2 points above threshold
2026-09-08T15:40:49.377+01:00 INFO : Filtering template 131/384 segment 3/5
2026-09-08T15:40:49.395+01:00 INFO : Filtering template 131/384 segment 4/5
2026-09-08T15:40:49.412+01:00 INFO : 2 points above threshold
2026-09-08T15:40:49.417+01:00 INFO : Filtering template 131/384 segment 5/5
2026-09-08T15:40:49.435+01:00 INFO : 131: generating IMRPhenomD from 30.0 Hz
2026-09-08T15:40:49.438+01:00 INFO : Decompressing waveform using inline_linear
2026-09-08T15:40:49.442+01:00 INFO : Filtering template 132/384 segment 1/5
2026-09-08T15:40:49.462+01:00 INFO : 1 points above threshold
2026-09-08T15:40:49.477+01:00 INFO : Filtering template 132/384 segment 2/5
2026-09-08T15:40:49.494+01:00 INFO : Filtering template 132/384 segment 3/5
2026-09-08T15:40:49.512+01:00 INFO : Filtering template 132/384 segment 4/5
2026-09-08T15:40:49.529+01:00 INFO : 1 points above threshold
2026-09-08T15:40:49.534+01:00 INFO : Filtering template 132/384 segment 5/5
2026-09-08T15:40:49.552+01:00 INFO : 1 points above threshold
2026-09-08T15:40:49.560+01:00 INFO : 132: generating IMRPhenomD from 30.0 Hz
2026-09-08T15:40:49.563+01:00 INFO : Decompressing waveform using inline_linear
2026-09-08T15:40:49.567+01:00 INFO : Filtering template 133/384 segment 1/5
2026-09-08T15:40:49.587+01:00 INFO : 2 points above threshold
2026-09-08T15:40:49.601+01:00 INFO : Filtering template 133/384 segment 2/5
2026-09-08T15:40:49.619+01:00 INFO : Filtering template 133/384 segment 3/5
2026-09-08T15:40:49.636+01:00 INFO : 4 points above threshold
2026-09-08T15:40:49.641+01:00 INFO : Filtering template 133/384 segment 4/5
2026-09-08T15:40:49.659+01:00 INFO : 1 points above threshold
2026-09-08T15:40:49.664+01:00 INFO : Filtering template 133/384 segment 5/5
2026-09-08T15:40:49.681+01:00 INFO : 1 points above threshold
2026-09-08T15:40:49.687+01:00 INFO : 133: generating IMRPhenomD from 30.0 Hz
2026-09-08T15:40:49.689+01:00 INFO : Decompressing waveform using inline_linear
2026-09-08T15:40:49.694+01:00 INFO : Filtering template 134/384 segment 1/5
2026-09-08T15:40:49.714+01:00 INFO : 1 points above threshold
2026-09-08T15:40:49.728+01:00 INFO : Filtering template 134/384 segment 2/5
2026-09-08T15:40:49.746+01:00 INFO : Filtering template 134/384 segment 3/5
2026-09-08T15:40:49.763+01:00 INFO : 1 points above threshold
2026-09-08T15:40:49.768+01:00 INFO : Filtering template 134/384 segment 4/5
2026-09-08T15:40:49.786+01:00 INFO : 1 points above threshold
2026-09-08T15:40:49.791+01:00 INFO : Filtering template 134/384 segment 5/5
2026-09-08T15:40:49.809+01:00 INFO : 134: generating IMRPhenomD from 30.0 Hz
2026-09-08T15:40:49.811+01:00 INFO : Decompressing waveform using inline_linear
2026-09-08T15:40:49.816+01:00 INFO : Filtering template 135/384 segment 1/5
2026-09-08T15:40:49.836+01:00 INFO : 2 points above threshold
2026-09-08T15:40:49.850+01:00 INFO : Filtering template 135/384 segment 2/5
2026-09-08T15:40:49.868+01:00 INFO : 1 points above threshold
2026-09-08T15:40:49.873+01:00 INFO : Filtering template 135/384 segment 3/5
2026-09-08T15:40:49.890+01:00 INFO : Filtering template 135/384 segment 4/5
2026-09-08T15:40:49.908+01:00 INFO : 2 points above threshold
2026-09-08T15:40:49.913+01:00 INFO : Filtering template 135/384 segment 5/5
2026-09-08T15:40:49.930+01:00 INFO : 4 points above threshold
2026-09-08T15:40:49.935+01:00 INFO : 135: generating IMRPhenomD from 30.0 Hz
2026-09-08T15:40:49.938+01:00 INFO : Decompressing waveform using inline_linear
2026-09-08T15:40:49.943+01:00 INFO : Filtering template 136/384 segment 1/5
2026-09-08T15:40:49.963+01:00 INFO : 1 points above threshold
2026-09-08T15:40:49.978+01:00 INFO : Filtering template 136/384 segment 2/5
2026-09-08T15:40:49.996+01:00 INFO : 1 points above threshold
2026-09-08T15:40:50.001+01:00 INFO : Filtering template 136/384 segment 3/5
2026-09-08T15:40:50.018+01:00 INFO : 3 points above threshold
2026-09-08T15:40:50.025+01:00 INFO : Filtering template 136/384 segment 4/5
2026-09-08T15:40:50.043+01:00 INFO : Filtering template 136/384 segment 5/5
2026-09-08T15:40:50.060+01:00 INFO : 1 points above threshold
2026-09-08T15:40:50.065+01:00 INFO : 136: generating IMRPhenomD from 30.0 Hz
2026-09-08T15:40:50.068+01:00 INFO : Decompressing waveform using inline_linear
2026-09-08T15:40:50.073+01:00 INFO : Filtering template 137/384 segment 1/5
2026-09-08T15:40:50.092+01:00 INFO : 1 points above threshold
2026-09-08T15:40:50.107+01:00 INFO : Filtering template 137/384 segment 2/5
2026-09-08T15:40:50.125+01:00 INFO : Filtering template 137/384 segment 3/5
2026-09-08T15:40:50.142+01:00 INFO : 3 points above threshold
2026-09-08T15:40:50.150+01:00 INFO : Filtering template 137/384 segment 4/5
2026-09-08T15:40:50.168+01:00 INFO : Filtering template 137/384 segment 5/5
2026-09-08T15:40:50.185+01:00 INFO : 1 points above threshold
2026-09-08T15:40:50.190+01:00 INFO : 137: generating IMRPhenomD from 30.0 Hz
2026-09-08T15:40:50.193+01:00 INFO : Decompressing waveform using inline_linear
2026-09-08T15:40:50.198+01:00 INFO : Filtering template 138/384 segment 1/5
2026-09-08T15:40:50.218+01:00 INFO : 2 points above threshold
2026-09-08T15:40:50.233+01:00 INFO : Filtering template 138/384 segment 2/5
2026-09-08T15:40:50.250+01:00 INFO : 1 points above threshold
2026-09-08T15:40:50.255+01:00 INFO : Filtering template 138/384 segment 3/5
2026-09-08T15:40:50.273+01:00 INFO : Filtering template 138/384 segment 4/5
2026-09-08T15:40:50.290+01:00 INFO : Filtering template 138/384 segment 5/5
2026-09-08T15:40:50.308+01:00 INFO : 2 points above threshold
2026-09-08T15:40:50.313+01:00 INFO : 138: generating IMRPhenomD from 30.0 Hz
2026-09-08T15:40:50.316+01:00 INFO : Decompressing waveform using inline_linear
2026-09-08T15:40:50.320+01:00 INFO : Filtering template 139/384 segment 1/5
2026-09-08T15:40:50.340+01:00 INFO : Filtering template 139/384 segment 2/5
2026-09-08T15:40:50.357+01:00 INFO : Filtering template 139/384 segment 3/5
2026-09-08T15:40:50.375+01:00 INFO : 2 points above threshold
2026-09-08T15:40:50.389+01:00 INFO : Filtering template 139/384 segment 4/5
2026-09-08T15:40:50.407+01:00 INFO : Filtering template 139/384 segment 5/5
2026-09-08T15:40:50.424+01:00 INFO : 1 points above threshold
2026-09-08T15:40:50.430+01:00 INFO : 139: generating IMRPhenomD from 30.0 Hz
2026-09-08T15:40:50.432+01:00 INFO : Decompressing waveform using inline_linear
2026-09-08T15:40:50.437+01:00 INFO : Filtering template 140/384 segment 1/5
2026-09-08T15:40:50.457+01:00 INFO : 2 points above threshold
2026-09-08T15:40:50.471+01:00 INFO : Filtering template 140/384 segment 2/5
2026-09-08T15:40:50.489+01:00 INFO : 2 points above threshold
2026-09-08T15:40:50.494+01:00 INFO : Filtering template 140/384 segment 3/5
2026-09-08T15:40:50.511+01:00 INFO : 2 points above threshold
2026-09-08T15:40:50.516+01:00 INFO : Filtering template 140/384 segment 4/5
2026-09-08T15:40:50.534+01:00 INFO : 1 points above threshold
2026-09-08T15:40:50.539+01:00 INFO : Filtering template 140/384 segment 5/5
2026-09-08T15:40:50.556+01:00 INFO : 2 points above threshold
2026-09-08T15:40:50.561+01:00 INFO : 140: generating IMRPhenomD from 30.0 Hz
2026-09-08T15:40:50.564+01:00 INFO : Decompressing waveform using inline_linear
2026-09-08T15:40:50.569+01:00 INFO : Filtering template 141/384 segment 1/5
2026-09-08T15:40:50.588+01:00 INFO : 1 points above threshold
2026-09-08T15:40:50.603+01:00 INFO : Filtering template 141/384 segment 2/5
2026-09-08T15:40:50.621+01:00 INFO : 3 points above threshold
2026-09-08T15:40:50.628+01:00 INFO : Filtering template 141/384 segment 3/5
2026-09-08T15:40:50.645+01:00 INFO : Filtering template 141/384 segment 4/5
2026-09-08T15:40:50.663+01:00 INFO : 2 points above threshold
2026-09-08T15:40:50.668+01:00 INFO : Filtering template 141/384 segment 5/5
2026-09-08T15:40:50.685+01:00 INFO : 141: generating IMRPhenomD from 30.0 Hz
2026-09-08T15:40:50.688+01:00 INFO : Decompressing waveform using inline_linear
2026-09-08T15:40:50.693+01:00 INFO : Filtering template 142/384 segment 1/5
2026-09-08T15:40:50.713+01:00 INFO : 1 points above threshold
2026-09-08T15:40:50.728+01:00 INFO : Filtering template 142/384 segment 2/5
2026-09-08T15:40:50.745+01:00 INFO : 1 points above threshold
2026-09-08T15:40:50.750+01:00 INFO : Filtering template 142/384 segment 3/5
2026-09-08T15:40:50.767+01:00 INFO : 2 points above threshold
2026-09-08T15:40:50.772+01:00 INFO : Filtering template 142/384 segment 4/5
2026-09-08T15:40:50.790+01:00 INFO : 3 points above threshold
2026-09-08T15:40:50.797+01:00 INFO : Filtering template 142/384 segment 5/5
2026-09-08T15:40:50.814+01:00 INFO : 1 points above threshold
2026-09-08T15:40:50.819+01:00 INFO : 142: generating IMRPhenomD from 30.0 Hz
2026-09-08T15:40:50.822+01:00 INFO : Decompressing waveform using inline_linear
2026-09-08T15:40:50.827+01:00 INFO : Filtering template 143/384 segment 1/5
2026-09-08T15:40:50.847+01:00 INFO : 2 points above threshold
2026-09-08T15:40:50.861+01:00 INFO : Filtering template 143/384 segment 2/5
2026-09-08T15:40:50.878+01:00 INFO : Filtering template 143/384 segment 3/5
2026-09-08T15:40:50.896+01:00 INFO : Filtering template 143/384 segment 4/5
2026-09-08T15:40:50.913+01:00 INFO : 2 points above threshold
2026-09-08T15:40:50.918+01:00 INFO : Filtering template 143/384 segment 5/5
2026-09-08T15:40:50.936+01:00 INFO : 143: generating IMRPhenomD from 30.0 Hz
2026-09-08T15:40:50.939+01:00 INFO : Decompressing waveform using inline_linear
2026-09-08T15:40:50.944+01:00 INFO : Filtering template 144/384 segment 1/5
2026-09-08T15:40:50.963+01:00 INFO : 2 points above threshold
2026-09-08T15:40:50.978+01:00 INFO : Filtering template 144/384 segment 2/5
2026-09-08T15:40:50.995+01:00 INFO : 1 points above threshold
2026-09-08T15:40:51.000+01:00 INFO : Filtering template 144/384 segment 3/5
2026-09-08T15:40:51.017+01:00 INFO : 1 points above threshold
2026-09-08T15:40:51.023+01:00 INFO : Filtering template 144/384 segment 4/5
2026-09-08T15:40:51.040+01:00 INFO : 1 points above threshold
2026-09-08T15:40:51.045+01:00 INFO : Filtering template 144/384 segment 5/5
2026-09-08T15:40:51.062+01:00 INFO : 1 points above threshold
2026-09-08T15:40:51.068+01:00 INFO : 144: generating IMRPhenomD from 30.0 Hz
2026-09-08T15:40:51.071+01:00 INFO : Decompressing waveform using inline_linear
2026-09-08T15:40:51.075+01:00 INFO : Filtering template 145/384 segment 1/5
2026-09-08T15:40:51.095+01:00 INFO : 2 points above threshold
2026-09-08T15:40:51.110+01:00 INFO : Filtering template 145/384 segment 2/5
2026-09-08T15:40:51.127+01:00 INFO : 3 points above threshold
2026-09-08T15:40:51.134+01:00 INFO : Filtering template 145/384 segment 3/5
2026-09-08T15:40:51.151+01:00 INFO : 1 points above threshold
2026-09-08T15:40:51.156+01:00 INFO : Filtering template 145/384 segment 4/5
2026-09-08T15:40:51.174+01:00 INFO : Filtering template 145/384 segment 5/5
2026-09-08T15:40:51.192+01:00 INFO : 145: generating IMRPhenomD from 30.0 Hz
2026-09-08T15:40:51.194+01:00 INFO : Decompressing waveform using inline_linear
2026-09-08T15:40:51.199+01:00 INFO : Filtering template 146/384 segment 1/5
2026-09-08T15:40:51.219+01:00 INFO : 4 points above threshold
2026-09-08T15:40:51.233+01:00 INFO : Filtering template 146/384 segment 2/5
2026-09-08T15:40:51.251+01:00 INFO : Filtering template 146/384 segment 3/5
2026-09-08T15:40:51.268+01:00 INFO : 1 points above threshold
2026-09-08T15:40:51.273+01:00 INFO : Filtering template 146/384 segment 4/5
2026-09-08T15:40:51.291+01:00 INFO : 3 points above threshold
2026-09-08T15:40:51.298+01:00 INFO : Filtering template 146/384 segment 5/5
2026-09-08T15:40:51.315+01:00 INFO : 2 points above threshold
2026-09-08T15:40:51.320+01:00 INFO : 146: generating IMRPhenomD from 30.0 Hz
2026-09-08T15:40:51.323+01:00 INFO : Decompressing waveform using inline_linear
2026-09-08T15:40:51.328+01:00 INFO : Filtering template 147/384 segment 1/5
2026-09-08T15:40:51.347+01:00 INFO : 1 points above threshold
2026-09-08T15:40:51.362+01:00 INFO : Filtering template 147/384 segment 2/5
2026-09-08T15:40:51.379+01:00 INFO : Filtering template 147/384 segment 3/5
2026-09-08T15:40:51.397+01:00 INFO : 1 points above threshold
2026-09-08T15:40:51.402+01:00 INFO : Filtering template 147/384 segment 4/5
2026-09-08T15:40:51.419+01:00 INFO : Filtering template 147/384 segment 5/5
2026-09-08T15:40:51.437+01:00 INFO : 3 points above threshold
2026-09-08T15:40:51.444+01:00 INFO : 147: generating IMRPhenomD from 30.0 Hz
2026-09-08T15:40:51.446+01:00 INFO : Decompressing waveform using inline_linear
2026-09-08T15:40:51.451+01:00 INFO : Filtering template 148/384 segment 1/5
2026-09-08T15:40:51.471+01:00 INFO : 2 points above threshold
2026-09-08T15:40:51.485+01:00 INFO : Filtering template 148/384 segment 2/5
2026-09-08T15:40:51.503+01:00 INFO : 2 points above threshold
2026-09-08T15:40:51.508+01:00 INFO : Filtering template 148/384 segment 3/5
2026-09-08T15:40:51.525+01:00 INFO : 1 points above threshold
2026-09-08T15:40:51.530+01:00 INFO : Filtering template 148/384 segment 4/5
2026-09-08T15:40:51.548+01:00 INFO : Filtering template 148/384 segment 5/5
2026-09-08T15:40:51.565+01:00 INFO : 148: generating IMRPhenomD from 30.0 Hz
2026-09-08T15:40:51.568+01:00 INFO : Decompressing waveform using inline_linear
2026-09-08T15:40:51.573+01:00 INFO : Filtering template 149/384 segment 1/5
2026-09-08T15:40:51.592+01:00 INFO : Filtering template 149/384 segment 2/5
2026-09-08T15:40:51.610+01:00 INFO : 3 points above threshold
2026-09-08T15:40:51.626+01:00 INFO : Filtering template 149/384 segment 3/5
2026-09-08T15:40:51.644+01:00 INFO : 1 points above threshold
2026-09-08T15:40:51.649+01:00 INFO : Filtering template 149/384 segment 4/5
2026-09-08T15:40:51.666+01:00 INFO : Filtering template 149/384 segment 5/5
2026-09-08T15:40:51.684+01:00 INFO : 1 points above threshold
2026-09-08T15:40:51.689+01:00 INFO : 149: generating IMRPhenomD from 30.0 Hz
2026-09-08T15:40:51.692+01:00 INFO : Decompressing waveform using inline_linear
2026-09-08T15:40:51.697+01:00 INFO : Filtering template 150/384 segment 1/5
2026-09-08T15:40:51.716+01:00 INFO : 1 points above threshold
2026-09-08T15:40:51.731+01:00 INFO : Filtering template 150/384 segment 2/5
2026-09-08T15:40:51.748+01:00 INFO : Filtering template 150/384 segment 3/5
2026-09-08T15:40:51.766+01:00 INFO : 1 points above threshold
2026-09-08T15:40:51.771+01:00 INFO : Filtering template 150/384 segment 4/5
2026-09-08T15:40:51.788+01:00 INFO : 3 points above threshold
2026-09-08T15:40:51.795+01:00 INFO : Filtering template 150/384 segment 5/5
2026-09-08T15:40:51.813+01:00 INFO : 2 points above threshold
2026-09-08T15:40:51.818+01:00 INFO : 150: generating IMRPhenomD from 30.0 Hz
2026-09-08T15:40:51.821+01:00 INFO : Decompressing waveform using inline_linear
2026-09-08T15:40:51.825+01:00 INFO : Filtering template 151/384 segment 1/5
2026-09-08T15:40:51.845+01:00 INFO : 1 points above threshold
2026-09-08T15:40:51.859+01:00 INFO : Filtering template 151/384 segment 2/5
2026-09-08T15:40:51.877+01:00 INFO : 2 points above threshold
2026-09-08T15:40:51.882+01:00 INFO : Filtering template 151/384 segment 3/5
2026-09-08T15:40:51.899+01:00 INFO : Filtering template 151/384 segment 4/5
2026-09-08T15:40:51.917+01:00 INFO : Filtering template 151/384 segment 5/5
2026-09-08T15:40:51.934+01:00 INFO : 151: generating IMRPhenomD from 30.0 Hz
2026-09-08T15:40:51.937+01:00 INFO : Decompressing waveform using inline_linear
2026-09-08T15:40:51.942+01:00 INFO : Filtering template 152/384 segment 1/5
2026-09-08T15:40:51.962+01:00 INFO : 1 points above threshold
2026-09-08T15:40:51.976+01:00 INFO : Filtering template 152/384 segment 2/5
2026-09-08T15:40:51.994+01:00 INFO : 2 points above threshold
2026-09-08T15:40:51.999+01:00 INFO : Filtering template 152/384 segment 3/5
2026-09-08T15:40:52.016+01:00 INFO : 1 points above threshold
2026-09-08T15:40:52.021+01:00 INFO : Filtering template 152/384 segment 4/5
2026-09-08T15:40:52.039+01:00 INFO : Filtering template 152/384 segment 5/5
2026-09-08T15:40:52.056+01:00 INFO : 1 points above threshold
2026-09-08T15:40:52.061+01:00 INFO : 152: generating IMRPhenomD from 30.0 Hz
2026-09-08T15:40:52.064+01:00 INFO : Decompressing waveform using inline_linear
2026-09-08T15:40:52.069+01:00 INFO : Filtering template 153/384 segment 1/5
2026-09-08T15:40:52.089+01:00 INFO : 1 points above threshold
2026-09-08T15:40:52.103+01:00 INFO : Filtering template 153/384 segment 2/5
2026-09-08T15:40:52.121+01:00 INFO : 4 points above threshold
2026-09-08T15:40:52.126+01:00 INFO : Filtering template 153/384 segment 3/5
2026-09-08T15:40:52.143+01:00 INFO : 1 points above threshold
2026-09-08T15:40:52.148+01:00 INFO : Filtering template 153/384 segment 4/5
2026-09-08T15:40:52.166+01:00 INFO : Filtering template 153/384 segment 5/5
2026-09-08T15:40:52.183+01:00 INFO : 153: generating IMRPhenomD from 30.0 Hz
2026-09-08T15:40:52.186+01:00 INFO : Decompressing waveform using inline_linear
2026-09-08T15:40:52.191+01:00 INFO : Filtering template 154/384 segment 1/5
2026-09-08T15:40:52.211+01:00 INFO : 2 points above threshold
2026-09-08T15:40:52.225+01:00 INFO : Filtering template 154/384 segment 2/5
2026-09-08T15:40:52.242+01:00 INFO : 2 points above threshold
2026-09-08T15:40:52.247+01:00 INFO : Filtering template 154/384 segment 3/5
2026-09-08T15:40:52.265+01:00 INFO : Filtering template 154/384 segment 4/5
2026-09-08T15:40:52.282+01:00 INFO : 2 points above threshold
2026-09-08T15:40:52.287+01:00 INFO : Filtering template 154/384 segment 5/5
2026-09-08T15:40:52.305+01:00 INFO : 154: generating IMRPhenomD from 30.0 Hz
2026-09-08T15:40:52.308+01:00 INFO : Decompressing waveform using inline_linear
2026-09-08T15:40:52.313+01:00 INFO : Filtering template 155/384 segment 1/5
2026-09-08T15:40:52.332+01:00 INFO : Filtering template 155/384 segment 2/5
2026-09-08T15:40:52.350+01:00 INFO : 1 points above threshold
2026-09-08T15:40:52.364+01:00 INFO : Filtering template 155/384 segment 3/5
2026-09-08T15:40:52.382+01:00 INFO : 1 points above threshold
2026-09-08T15:40:52.387+01:00 INFO : Filtering template 155/384 segment 4/5
2026-09-08T15:40:52.404+01:00 INFO : 3 points above threshold
2026-09-08T15:40:52.412+01:00 INFO : Filtering template 155/384 segment 5/5
2026-09-08T15:40:52.430+01:00 INFO : 155: generating IMRPhenomD from 30.0 Hz
2026-09-08T15:40:52.445+01:00 INFO : Decompressing waveform using inline_linear
2026-09-08T15:40:52.450+01:00 INFO : Filtering template 156/384 segment 1/5
2026-09-08T15:40:52.477+01:00 INFO : 1 points above threshold
2026-09-08T15:40:52.495+01:00 INFO : Filtering template 156/384 segment 2/5
2026-09-08T15:40:52.513+01:00 INFO : Filtering template 156/384 segment 3/5
2026-09-08T15:40:52.530+01:00 INFO : Filtering template 156/384 segment 4/5
2026-09-08T15:40:52.548+01:00 INFO : 3 points above threshold
2026-09-08T15:40:52.554+01:00 INFO : Filtering template 156/384 segment 5/5
2026-09-08T15:40:52.572+01:00 INFO : 156: generating IMRPhenomD from 30.0 Hz
2026-09-08T15:40:52.575+01:00 INFO : Decompressing waveform using inline_linear
2026-09-08T15:40:52.580+01:00 INFO : Filtering template 157/384 segment 1/5
2026-09-08T15:40:52.599+01:00 INFO : 1 points above threshold
2026-09-08T15:40:52.615+01:00 INFO : Filtering template 157/384 segment 2/5
2026-09-08T15:40:52.633+01:00 INFO : 1 points above threshold
2026-09-08T15:40:52.638+01:00 INFO : Filtering template 157/384 segment 3/5
2026-09-08T15:40:52.655+01:00 INFO : Filtering template 157/384 segment 4/5
2026-09-08T15:40:52.673+01:00 INFO : 2 points above threshold
2026-09-08T15:40:52.678+01:00 INFO : Filtering template 157/384 segment 5/5
2026-09-08T15:40:52.695+01:00 INFO : 3 points above threshold
2026-09-08T15:40:52.702+01:00 INFO : 157: generating IMRPhenomD from 30.0 Hz
2026-09-08T15:40:52.705+01:00 INFO : Decompressing waveform using inline_linear
2026-09-08T15:40:52.710+01:00 INFO : Filtering template 158/384 segment 1/5
2026-09-08T15:40:52.729+01:00 INFO : 1 points above threshold
2026-09-08T15:40:52.744+01:00 INFO : Filtering template 158/384 segment 2/5
2026-09-08T15:40:52.761+01:00 INFO : 1 points above threshold
2026-09-08T15:40:52.767+01:00 INFO : Filtering template 158/384 segment 3/5
2026-09-08T15:40:52.784+01:00 INFO : 1 points above threshold
2026-09-08T15:40:52.789+01:00 INFO : Filtering template 158/384 segment 4/5
2026-09-08T15:40:52.807+01:00 INFO : Filtering template 158/384 segment 5/5
2026-09-08T15:40:52.824+01:00 INFO : 158: generating IMRPhenomD from 30.0 Hz
2026-09-08T15:40:52.827+01:00 INFO : Decompressing waveform using inline_linear
2026-09-08T15:40:52.832+01:00 INFO : Filtering template 159/384 segment 1/5
2026-09-08T15:40:52.852+01:00 INFO : Filtering template 159/384 segment 2/5
2026-09-08T15:40:52.869+01:00 INFO : 2 points above threshold
2026-09-08T15:40:52.884+01:00 INFO : Filtering template 159/384 segment 3/5
2026-09-08T15:40:52.901+01:00 INFO : 1 points above threshold
2026-09-08T15:40:52.906+01:00 INFO : Filtering template 159/384 segment 4/5
2026-09-08T15:40:52.923+01:00 INFO : 2 points above threshold
2026-09-08T15:40:52.928+01:00 INFO : Filtering template 159/384 segment 5/5
2026-09-08T15:40:52.946+01:00 INFO : 1 points above threshold
2026-09-08T15:40:52.951+01:00 INFO : 159: generating IMRPhenomD from 30.0 Hz
2026-09-08T15:40:52.954+01:00 INFO : Decompressing waveform using inline_linear
2026-09-08T15:40:52.959+01:00 INFO : Filtering template 160/384 segment 1/5
2026-09-08T15:40:52.978+01:00 INFO : 1 points above threshold
2026-09-08T15:40:52.996+01:00 INFO : Filtering template 160/384 segment 2/5
2026-09-08T15:40:53.013+01:00 INFO : 1 points above threshold
2026-09-08T15:40:53.018+01:00 INFO : Filtering template 160/384 segment 3/5
2026-09-08T15:40:53.036+01:00 INFO : 1 points above threshold
2026-09-08T15:40:53.041+01:00 INFO : Filtering template 160/384 segment 4/5
2026-09-08T15:40:53.058+01:00 INFO : Filtering template 160/384 segment 5/5
2026-09-08T15:40:53.076+01:00 INFO : 1 points above threshold
2026-09-08T15:40:53.081+01:00 INFO : 160: generating IMRPhenomD from 30.0 Hz
2026-09-08T15:40:53.084+01:00 INFO : Decompressing waveform using inline_linear
2026-09-08T15:40:53.088+01:00 INFO : Filtering template 161/384 segment 1/5
2026-09-08T15:40:53.108+01:00 INFO : 1 points above threshold
2026-09-08T15:40:53.122+01:00 INFO : Filtering template 161/384 segment 2/5
2026-09-08T15:40:53.140+01:00 INFO : 2 points above threshold
2026-09-08T15:40:53.145+01:00 INFO : Filtering template 161/384 segment 3/5
2026-09-08T15:40:53.162+01:00 INFO : 1 points above threshold
2026-09-08T15:40:53.167+01:00 INFO : Filtering template 161/384 segment 4/5
2026-09-08T15:40:53.185+01:00 INFO : 1 points above threshold
2026-09-08T15:40:53.190+01:00 INFO : Filtering template 161/384 segment 5/5
2026-09-08T15:40:53.207+01:00 INFO : 3 points above threshold
2026-09-08T15:40:53.214+01:00 INFO : 161: generating IMRPhenomD from 30.0 Hz
2026-09-08T15:40:53.217+01:00 INFO : Decompressing waveform using inline_linear
2026-09-08T15:40:53.222+01:00 INFO : Filtering template 162/384 segment 1/5
2026-09-08T15:40:53.242+01:00 INFO : Filtering template 162/384 segment 2/5
2026-09-08T15:40:53.259+01:00 INFO : 2 points above threshold
2026-09-08T15:40:53.273+01:00 INFO : Filtering template 162/384 segment 3/5
2026-09-08T15:40:53.291+01:00 INFO : 1 points above threshold
2026-09-08T15:40:53.296+01:00 INFO : Filtering template 162/384 segment 4/5
2026-09-08T15:40:53.313+01:00 INFO : 1 points above threshold
2026-09-08T15:40:53.319+01:00 INFO : Filtering template 162/384 segment 5/5
2026-09-08T15:40:53.337+01:00 INFO : 1 points above threshold
2026-09-08T15:40:53.342+01:00 INFO : 162: generating IMRPhenomD from 30.0 Hz
2026-09-08T15:40:53.345+01:00 INFO : Decompressing waveform using inline_linear
2026-09-08T15:40:53.349+01:00 INFO : Filtering template 163/384 segment 1/5
2026-09-08T15:40:53.369+01:00 INFO : 2 points above threshold
2026-09-08T15:40:53.383+01:00 INFO : Filtering template 163/384 segment 2/5
2026-09-08T15:40:53.401+01:00 INFO : 3 points above threshold
2026-09-08T15:40:53.408+01:00 INFO : Filtering template 163/384 segment 3/5
2026-09-08T15:40:53.425+01:00 INFO : Filtering template 163/384 segment 4/5
2026-09-08T15:40:53.443+01:00 INFO : 3 points above threshold
2026-09-08T15:40:53.451+01:00 INFO : Filtering template 163/384 segment 5/5
2026-09-08T15:40:53.468+01:00 INFO : 2 points above threshold
2026-09-08T15:40:53.473+01:00 INFO : 163: generating IMRPhenomD from 30.0 Hz
2026-09-08T15:40:53.476+01:00 INFO : Decompressing waveform using inline_linear
2026-09-08T15:40:53.481+01:00 INFO : Filtering template 164/384 segment 1/5
2026-09-08T15:40:53.500+01:00 INFO : 2 points above threshold
2026-09-08T15:40:53.515+01:00 INFO : Filtering template 164/384 segment 2/5
2026-09-08T15:40:53.532+01:00 INFO : 1 points above threshold
2026-09-08T15:40:53.538+01:00 INFO : Filtering template 164/384 segment 3/5
2026-09-08T15:40:53.555+01:00 INFO : 1 points above threshold
2026-09-08T15:40:53.560+01:00 INFO : Filtering template 164/384 segment 4/5
2026-09-08T15:40:53.577+01:00 INFO : Filtering template 164/384 segment 5/5
2026-09-08T15:40:53.595+01:00 INFO : 1 points above threshold
2026-09-08T15:40:53.600+01:00 INFO : 164: generating IMRPhenomD from 30.0 Hz
2026-09-08T15:40:53.603+01:00 INFO : Decompressing waveform using inline_linear
2026-09-08T15:40:53.608+01:00 INFO : Filtering template 165/384 segment 1/5
2026-09-08T15:40:53.627+01:00 INFO : 1 points above threshold
2026-09-08T15:40:53.642+01:00 INFO : Filtering template 165/384 segment 2/5
2026-09-08T15:40:53.659+01:00 INFO : Filtering template 165/384 segment 3/5
2026-09-08T15:40:53.677+01:00 INFO : 2 points above threshold
2026-09-08T15:40:53.682+01:00 INFO : Filtering template 165/384 segment 4/5
2026-09-08T15:40:53.699+01:00 INFO : 1 points above threshold
2026-09-08T15:40:53.704+01:00 INFO : Filtering template 165/384 segment 5/5
2026-09-08T15:40:53.721+01:00 INFO : 1 points above threshold
2026-09-08T15:40:53.727+01:00 INFO : 165: generating IMRPhenomD from 30.0 Hz
2026-09-08T15:40:53.729+01:00 INFO : Decompressing waveform using inline_linear
2026-09-08T15:40:53.734+01:00 INFO : Filtering template 166/384 segment 1/5
2026-09-08T15:40:53.754+01:00 INFO : 2 points above threshold
2026-09-08T15:40:53.768+01:00 INFO : Filtering template 166/384 segment 2/5
2026-09-08T15:40:53.786+01:00 INFO : Filtering template 166/384 segment 3/5
2026-09-08T15:40:53.803+01:00 INFO : Filtering template 166/384 segment 4/5
2026-09-08T15:40:53.821+01:00 INFO : 3 points above threshold
2026-09-08T15:40:53.828+01:00 INFO : Filtering template 166/384 segment 5/5
2026-09-08T15:40:53.845+01:00 INFO : 3 points above threshold
2026-09-08T15:40:53.852+01:00 INFO : 166: generating IMRPhenomD from 30.0 Hz
2026-09-08T15:40:53.855+01:00 INFO : Decompressing waveform using inline_linear
2026-09-08T15:40:53.860+01:00 INFO : Filtering template 167/384 segment 1/5
2026-09-08T15:40:53.879+01:00 INFO : 1 points above threshold
2026-09-08T15:40:53.895+01:00 INFO : Filtering template 167/384 segment 2/5
2026-09-08T15:40:53.913+01:00 INFO : Filtering template 167/384 segment 3/5
2026-09-08T15:40:53.930+01:00 INFO : 1 points above threshold
2026-09-08T15:40:53.936+01:00 INFO : Filtering template 167/384 segment 4/5
2026-09-08T15:40:53.953+01:00 INFO : Filtering template 167/384 segment 5/5
2026-09-08T15:40:53.971+01:00 INFO : 167: generating IMRPhenomD from 30.0 Hz
2026-09-08T15:40:53.973+01:00 INFO : Decompressing waveform using inline_linear
2026-09-08T15:40:53.978+01:00 INFO : Filtering template 168/384 segment 1/5
2026-09-08T15:40:53.998+01:00 INFO : 4 points above threshold
2026-09-08T15:40:54.013+01:00 INFO : Filtering template 168/384 segment 2/5
2026-09-08T15:40:54.030+01:00 INFO : 1 points above threshold
2026-09-08T15:40:54.035+01:00 INFO : Filtering template 168/384 segment 3/5
2026-09-08T15:40:54.053+01:00 INFO : 1 points above threshold
2026-09-08T15:40:54.061+01:00 INFO : Filtering template 168/384 segment 4/5
2026-09-08T15:40:54.078+01:00 INFO : 1 points above threshold
2026-09-08T15:40:54.083+01:00 INFO : Filtering template 168/384 segment 5/5
2026-09-08T15:40:54.100+01:00 INFO : 1 points above threshold
2026-09-08T15:40:54.106+01:00 INFO : 168: generating IMRPhenomD from 30.0 Hz
2026-09-08T15:40:54.108+01:00 INFO : Decompressing waveform using inline_linear
2026-09-08T15:40:54.113+01:00 INFO : Filtering template 169/384 segment 1/5
2026-09-08T15:40:54.133+01:00 INFO : 5 points above threshold
2026-09-08T15:40:54.150+01:00 INFO : Filtering template 169/384 segment 2/5
2026-09-08T15:40:54.167+01:00 INFO : 1 points above threshold
2026-09-08T15:40:54.172+01:00 INFO : Filtering template 169/384 segment 3/5
2026-09-08T15:40:54.190+01:00 INFO : 3 points above threshold
2026-09-08T15:40:54.197+01:00 INFO : Filtering template 169/384 segment 4/5
2026-09-08T15:40:54.214+01:00 INFO : 1 points above threshold
2026-09-08T15:40:54.219+01:00 INFO : Filtering template 169/384 segment 5/5
2026-09-08T15:40:54.237+01:00 INFO : 169: generating IMRPhenomD from 30.0 Hz
2026-09-08T15:40:54.240+01:00 INFO : Decompressing waveform using inline_linear
2026-09-08T15:40:54.244+01:00 INFO : Filtering template 170/384 segment 1/5
2026-09-08T15:40:54.264+01:00 INFO : Filtering template 170/384 segment 2/5
2026-09-08T15:40:54.282+01:00 INFO : 2 points above threshold
2026-09-08T15:40:54.296+01:00 INFO : Filtering template 170/384 segment 3/5
2026-09-08T15:40:54.314+01:00 INFO : 2 points above threshold
2026-09-08T15:40:54.319+01:00 INFO : Filtering template 170/384 segment 4/5
2026-09-08T15:40:54.336+01:00 INFO : Filtering template 170/384 segment 5/5
2026-09-08T15:40:54.354+01:00 INFO : 170: generating IMRPhenomD from 30.0 Hz
2026-09-08T15:40:54.357+01:00 INFO : Decompressing waveform using inline_linear
2026-09-08T15:40:54.361+01:00 INFO : Filtering template 171/384 segment 1/5
2026-09-08T15:40:54.381+01:00 INFO : 2 points above threshold
2026-09-08T15:40:54.396+01:00 INFO : Filtering template 171/384 segment 2/5
2026-09-08T15:40:54.414+01:00 INFO : 1 points above threshold
2026-09-08T15:40:54.419+01:00 INFO : Filtering template 171/384 segment 3/5
2026-09-08T15:40:54.437+01:00 INFO : 3 points above threshold
2026-09-08T15:40:54.444+01:00 INFO : Filtering template 171/384 segment 4/5
2026-09-08T15:40:54.461+01:00 INFO : 1 points above threshold
2026-09-08T15:40:54.466+01:00 INFO : Filtering template 171/384 segment 5/5
2026-09-08T15:40:54.484+01:00 INFO : 1 points above threshold
2026-09-08T15:40:54.489+01:00 INFO : 171: generating IMRPhenomD from 30.0 Hz
2026-09-08T15:40:54.492+01:00 INFO : Decompressing waveform using inline_linear
2026-09-08T15:40:54.496+01:00 INFO : Filtering template 172/384 segment 1/5
2026-09-08T15:40:54.516+01:00 INFO : 4 points above threshold
2026-09-08T15:40:54.531+01:00 INFO : Filtering template 172/384 segment 2/5
2026-09-08T15:40:54.548+01:00 INFO : 1 points above threshold
2026-09-08T15:40:54.553+01:00 INFO : Filtering template 172/384 segment 3/5
2026-09-08T15:40:54.571+01:00 INFO : Filtering template 172/384 segment 4/5
2026-09-08T15:40:54.588+01:00 INFO : 2 points above threshold
2026-09-08T15:40:54.594+01:00 INFO : Filtering template 172/384 segment 5/5
2026-09-08T15:40:54.611+01:00 INFO : 1 points above threshold
2026-09-08T15:40:54.617+01:00 INFO : 172: generating IMRPhenomD from 30.0 Hz
2026-09-08T15:40:54.619+01:00 INFO : Decompressing waveform using inline_linear
2026-09-08T15:40:54.624+01:00 INFO : Filtering template 173/384 segment 1/5
2026-09-08T15:40:54.644+01:00 INFO : 1 points above threshold
2026-09-08T15:40:54.658+01:00 INFO : Filtering template 173/384 segment 2/5
2026-09-08T15:40:54.676+01:00 INFO : 1 points above threshold
2026-09-08T15:40:54.681+01:00 INFO : Filtering template 173/384 segment 3/5
2026-09-08T15:40:54.698+01:00 INFO : 1 points above threshold
2026-09-08T15:40:54.703+01:00 INFO : Filtering template 173/384 segment 4/5
2026-09-08T15:40:54.721+01:00 INFO : 1 points above threshold
2026-09-08T15:40:54.726+01:00 INFO : Filtering template 173/384 segment 5/5
2026-09-08T15:40:54.743+01:00 INFO : 1 points above threshold
2026-09-08T15:40:54.749+01:00 INFO : 173: generating IMRPhenomD from 30.0 Hz
2026-09-08T15:40:54.751+01:00 INFO : Decompressing waveform using inline_linear
2026-09-08T15:40:54.756+01:00 INFO : Filtering template 174/384 segment 1/5
2026-09-08T15:40:54.776+01:00 INFO : 3 points above threshold
2026-09-08T15:40:54.792+01:00 INFO : Filtering template 174/384 segment 2/5
2026-09-08T15:40:54.810+01:00 INFO : 1 points above threshold
2026-09-08T15:40:54.815+01:00 INFO : Filtering template 174/384 segment 3/5
2026-09-08T15:40:54.832+01:00 INFO : 3 points above threshold
2026-09-08T15:40:54.839+01:00 INFO : Filtering template 174/384 segment 4/5
2026-09-08T15:40:54.856+01:00 INFO : 1 points above threshold
2026-09-08T15:40:54.862+01:00 INFO : Filtering template 174/384 segment 5/5
2026-09-08T15:40:54.879+01:00 INFO : 174: generating IMRPhenomD from 30.0 Hz
2026-09-08T15:40:54.882+01:00 INFO : Decompressing waveform using inline_linear
2026-09-08T15:40:54.887+01:00 INFO : Filtering template 175/384 segment 1/5
2026-09-08T15:40:54.906+01:00 INFO : 2 points above threshold
2026-09-08T15:40:54.921+01:00 INFO : Filtering template 175/384 segment 2/5
2026-09-08T15:40:54.938+01:00 INFO : 2 points above threshold
2026-09-08T15:40:54.943+01:00 INFO : Filtering template 175/384 segment 3/5
2026-09-08T15:40:54.961+01:00 INFO : 4 points above threshold
2026-09-08T15:40:54.966+01:00 INFO : Filtering template 175/384 segment 4/5
2026-09-08T15:40:54.983+01:00 INFO : 1 points above threshold
2026-09-08T15:40:54.989+01:00 INFO : Filtering template 175/384 segment 5/5
2026-09-08T15:40:55.006+01:00 INFO : 175: generating IMRPhenomD from 30.0 Hz
2026-09-08T15:40:55.009+01:00 INFO : Decompressing waveform using inline_linear
2026-09-08T15:40:55.014+01:00 INFO : Filtering template 176/384 segment 1/5
2026-09-08T15:40:55.033+01:00 INFO : 1 points above threshold
2026-09-08T15:40:55.048+01:00 INFO : Filtering template 176/384 segment 2/5
2026-09-08T15:40:55.065+01:00 INFO : 3 points above threshold
2026-09-08T15:40:55.072+01:00 INFO : Filtering template 176/384 segment 3/5
2026-09-08T15:40:55.090+01:00 INFO : 1 points above threshold
2026-09-08T15:40:55.095+01:00 INFO : Filtering template 176/384 segment 4/5
2026-09-08T15:40:55.112+01:00 INFO : 1 points above threshold
2026-09-08T15:40:55.117+01:00 INFO : Filtering template 176/384 segment 5/5
2026-09-08T15:40:55.135+01:00 INFO : 1 points above threshold
2026-09-08T15:40:55.140+01:00 INFO : 176: generating IMRPhenomD from 30.0 Hz
2026-09-08T15:40:55.143+01:00 INFO : Decompressing waveform using inline_linear
2026-09-08T15:40:55.148+01:00 INFO : Filtering template 177/384 segment 1/5
2026-09-08T15:40:55.167+01:00 INFO : 3 points above threshold
2026-09-08T15:40:55.184+01:00 INFO : Filtering template 177/384 segment 2/5
2026-09-08T15:40:55.201+01:00 INFO : Filtering template 177/384 segment 3/5
2026-09-08T15:40:55.218+01:00 INFO : 3 points above threshold
2026-09-08T15:40:55.225+01:00 INFO : Filtering template 177/384 segment 4/5
2026-09-08T15:40:55.243+01:00 INFO : 1 points above threshold
2026-09-08T15:40:55.248+01:00 INFO : Filtering template 177/384 segment 5/5
2026-09-08T15:40:55.265+01:00 INFO : 2 points above threshold
2026-09-08T15:40:55.270+01:00 INFO : 177: generating IMRPhenomD from 30.0 Hz
2026-09-08T15:40:55.273+01:00 INFO : Decompressing waveform using inline_linear
2026-09-08T15:40:55.278+01:00 INFO : Filtering template 178/384 segment 1/5
2026-09-08T15:40:55.298+01:00 INFO : Filtering template 178/384 segment 2/5
2026-09-08T15:40:55.315+01:00 INFO : 1 points above threshold
2026-09-08T15:40:55.329+01:00 INFO : Filtering template 178/384 segment 3/5
2026-09-08T15:40:55.347+01:00 INFO : Filtering template 178/384 segment 4/5
2026-09-08T15:40:55.364+01:00 INFO : 1 points above threshold
2026-09-08T15:40:55.370+01:00 INFO : Filtering template 178/384 segment 5/5
2026-09-08T15:40:55.387+01:00 INFO : 178: generating IMRPhenomD from 30.0 Hz
2026-09-08T15:40:55.390+01:00 INFO : Decompressing waveform using inline_linear
2026-09-08T15:40:55.395+01:00 INFO : Filtering template 179/384 segment 1/5
2026-09-08T15:40:55.414+01:00 INFO : 2 points above threshold
2026-09-08T15:40:55.429+01:00 INFO : Filtering template 179/384 segment 2/5
2026-09-08T15:40:55.446+01:00 INFO : 3 points above threshold
2026-09-08T15:40:55.453+01:00 INFO : Filtering template 179/384 segment 3/5
2026-09-08T15:40:55.471+01:00 INFO : 1 points above threshold
2026-09-08T15:40:55.476+01:00 INFO : Filtering template 179/384 segment 4/5
2026-09-08T15:40:55.493+01:00 INFO : 1 points above threshold
2026-09-08T15:40:55.498+01:00 INFO : Filtering template 179/384 segment 5/5
2026-09-08T15:40:55.516+01:00 INFO : 179: generating IMRPhenomD from 30.0 Hz
2026-09-08T15:40:55.518+01:00 INFO : Decompressing waveform using inline_linear
2026-09-08T15:40:55.523+01:00 INFO : Filtering template 180/384 segment 1/5
2026-09-08T15:40:55.543+01:00 INFO : 2 points above threshold
2026-09-08T15:40:55.557+01:00 INFO : Filtering template 180/384 segment 2/5
2026-09-08T15:40:55.575+01:00 INFO : Filtering template 180/384 segment 3/5
2026-09-08T15:40:55.592+01:00 INFO : 1 points above threshold
2026-09-08T15:40:55.597+01:00 INFO : Filtering template 180/384 segment 4/5
2026-09-08T15:40:55.615+01:00 INFO : 1 points above threshold
2026-09-08T15:40:55.620+01:00 INFO : Filtering template 180/384 segment 5/5
2026-09-08T15:40:55.637+01:00 INFO : 4 points above threshold
2026-09-08T15:40:55.643+01:00 INFO : 180: generating IMRPhenomD from 30.0 Hz
2026-09-08T15:40:55.645+01:00 INFO : Decompressing waveform using inline_linear
2026-09-08T15:40:55.650+01:00 INFO : Filtering template 181/384 segment 1/5
2026-09-08T15:40:55.670+01:00 INFO : 1 points above threshold
2026-09-08T15:40:55.684+01:00 INFO : Filtering template 181/384 segment 2/5
2026-09-08T15:40:55.702+01:00 INFO : 1 points above threshold
2026-09-08T15:40:55.707+01:00 INFO : Filtering template 181/384 segment 3/5
2026-09-08T15:40:55.724+01:00 INFO : Filtering template 181/384 segment 4/5
2026-09-08T15:40:55.742+01:00 INFO : 3 points above threshold
2026-09-08T15:40:55.749+01:00 INFO : Filtering template 181/384 segment 5/5
2026-09-08T15:40:55.766+01:00 INFO : 181: generating IMRPhenomD from 30.0 Hz
2026-09-08T15:40:55.769+01:00 INFO : Decompressing waveform using inline_linear
2026-09-08T15:40:55.774+01:00 INFO : Filtering template 182/384 segment 1/5
2026-09-08T15:40:55.793+01:00 INFO : 1 points above threshold
2026-09-08T15:40:55.808+01:00 INFO : Filtering template 182/384 segment 2/5
2026-09-08T15:40:55.825+01:00 INFO : 3 points above threshold
2026-09-08T15:40:55.832+01:00 INFO : Filtering template 182/384 segment 3/5
2026-09-08T15:40:55.849+01:00 INFO : 1 points above threshold
2026-09-08T15:40:55.855+01:00 INFO : Filtering template 182/384 segment 4/5
2026-09-08T15:40:55.872+01:00 INFO : 2 points above threshold
2026-09-08T15:40:55.877+01:00 INFO : Filtering template 182/384 segment 5/5
2026-09-08T15:40:55.895+01:00 INFO : 1 points above threshold
2026-09-08T15:40:55.900+01:00 INFO : 182: generating IMRPhenomD from 30.0 Hz
2026-09-08T15:40:55.903+01:00 INFO : Decompressing waveform using inline_linear
2026-09-08T15:40:55.907+01:00 INFO : Filtering template 183/384 segment 1/5
2026-09-08T15:40:55.927+01:00 INFO : 2 points above threshold
2026-09-08T15:40:55.941+01:00 INFO : Filtering template 183/384 segment 2/5
2026-09-08T15:40:55.959+01:00 INFO : 3 points above threshold
2026-09-08T15:40:55.966+01:00 INFO : Filtering template 183/384 segment 3/5
2026-09-08T15:40:55.983+01:00 INFO : 1 points above threshold
2026-09-08T15:40:55.988+01:00 INFO : Filtering template 183/384 segment 4/5
2026-09-08T15:40:56.006+01:00 INFO : 4 points above threshold
2026-09-08T15:40:56.011+01:00 INFO : Filtering template 183/384 segment 5/5
2026-09-08T15:40:56.029+01:00 INFO : 183: generating IMRPhenomD from 30.0 Hz
2026-09-08T15:40:56.031+01:00 INFO : Decompressing waveform using inline_linear
2026-09-08T15:40:56.036+01:00 INFO : Filtering template 184/384 segment 1/5
2026-09-08T15:40:56.056+01:00 INFO : 2 points above threshold
2026-09-08T15:40:56.070+01:00 INFO : Filtering template 184/384 segment 2/5
2026-09-08T15:40:56.088+01:00 INFO : 1 points above threshold
2026-09-08T15:40:56.093+01:00 INFO : Filtering template 184/384 segment 3/5
2026-09-08T15:40:56.110+01:00 INFO : 1 points above threshold
2026-09-08T15:40:56.115+01:00 INFO : Filtering template 184/384 segment 4/5
2026-09-08T15:40:56.133+01:00 INFO : 2 points above threshold
2026-09-08T15:40:56.138+01:00 INFO : Filtering template 184/384 segment 5/5
2026-09-08T15:40:56.155+01:00 INFO : 184: generating IMRPhenomD from 30.0 Hz
2026-09-08T15:40:56.158+01:00 INFO : Decompressing waveform using inline_linear
2026-09-08T15:40:56.163+01:00 INFO : Filtering template 185/384 segment 1/5
2026-09-08T15:40:56.183+01:00 INFO : Filtering template 185/384 segment 2/5
2026-09-08T15:40:56.200+01:00 INFO : 2 points above threshold
2026-09-08T15:40:56.214+01:00 INFO : Filtering template 185/384 segment 3/5
2026-09-08T15:40:56.232+01:00 INFO : 2 points above threshold
2026-09-08T15:40:56.237+01:00 INFO : Filtering template 185/384 segment 4/5
2026-09-08T15:40:56.254+01:00 INFO : 4 points above threshold
2026-09-08T15:40:56.259+01:00 INFO : Filtering template 185/384 segment 5/5
2026-09-08T15:40:56.277+01:00 INFO : 2 points above threshold
2026-09-08T15:40:56.282+01:00 INFO : 185: generating IMRPhenomD from 30.0 Hz
2026-09-08T15:40:56.285+01:00 INFO : Decompressing waveform using inline_linear
2026-09-08T15:40:56.290+01:00 INFO : Filtering template 186/384 segment 1/5
2026-09-08T15:40:56.309+01:00 INFO : Filtering template 186/384 segment 2/5
2026-09-08T15:40:56.327+01:00 INFO : Filtering template 186/384 segment 3/5
2026-09-08T15:40:56.344+01:00 INFO : 2 points above threshold
2026-09-08T15:40:56.359+01:00 INFO : Filtering template 186/384 segment 4/5
2026-09-08T15:40:56.376+01:00 INFO : 1 points above threshold
2026-09-08T15:40:56.381+01:00 INFO : Filtering template 186/384 segment 5/5
2026-09-08T15:40:56.399+01:00 INFO : 186: generating IMRPhenomD from 30.0 Hz
2026-09-08T15:40:56.402+01:00 INFO : Decompressing waveform using inline_linear
2026-09-08T15:40:56.406+01:00 INFO : Filtering template 187/384 segment 1/5
2026-09-08T15:40:56.426+01:00 INFO : 2 points above threshold
2026-09-08T15:40:56.440+01:00 INFO : Filtering template 187/384 segment 2/5
2026-09-08T15:40:56.458+01:00 INFO : 1 points above threshold
2026-09-08T15:40:56.463+01:00 INFO : Filtering template 187/384 segment 3/5
2026-09-08T15:40:56.480+01:00 INFO : 3 points above threshold
2026-09-08T15:40:56.487+01:00 INFO : Filtering template 187/384 segment 4/5
2026-09-08T15:40:56.505+01:00 INFO : Filtering template 187/384 segment 5/5
2026-09-08T15:40:56.522+01:00 INFO : 1 points above threshold
2026-09-08T15:40:56.528+01:00 INFO : 187: generating IMRPhenomD from 30.0 Hz
2026-09-08T15:40:56.531+01:00 INFO : Decompressing waveform using inline_linear
2026-09-08T15:40:56.536+01:00 INFO : Filtering template 188/384 segment 1/5
2026-09-08T15:40:56.555+01:00 INFO : 1 points above threshold
2026-09-08T15:40:56.570+01:00 INFO : Filtering template 188/384 segment 2/5
2026-09-08T15:40:56.587+01:00 INFO : 1 points above threshold
2026-09-08T15:40:56.592+01:00 INFO : Filtering template 188/384 segment 3/5
2026-09-08T15:40:56.610+01:00 INFO : 3 points above threshold
2026-09-08T15:40:56.617+01:00 INFO : Filtering template 188/384 segment 4/5
2026-09-08T15:40:56.634+01:00 INFO : Filtering template 188/384 segment 5/5
2026-09-08T15:40:56.652+01:00 INFO : 188: generating IMRPhenomD from 30.0 Hz
2026-09-08T15:40:56.654+01:00 INFO : Decompressing waveform using inline_linear
2026-09-08T15:40:56.659+01:00 INFO : Filtering template 189/384 segment 1/5
2026-09-08T15:40:56.679+01:00 INFO : 1 points above threshold
2026-09-08T15:40:56.693+01:00 INFO : Filtering template 189/384 segment 2/5
2026-09-08T15:40:56.711+01:00 INFO : 1 points above threshold
2026-09-08T15:40:56.716+01:00 INFO : Filtering template 189/384 segment 3/5
2026-09-08T15:40:56.733+01:00 INFO : 2 points above threshold
2026-09-08T15:40:56.738+01:00 INFO : Filtering template 189/384 segment 4/5
2026-09-08T15:40:56.755+01:00 INFO : 2 points above threshold
2026-09-08T15:40:56.761+01:00 INFO : Filtering template 189/384 segment 5/5
2026-09-08T15:40:56.778+01:00 INFO : 1 points above threshold
2026-09-08T15:40:56.783+01:00 INFO : 189: generating IMRPhenomD from 30.0 Hz
2026-09-08T15:40:56.786+01:00 INFO : Decompressing waveform using inline_linear
2026-09-08T15:40:56.791+01:00 INFO : Filtering template 190/384 segment 1/5
2026-09-08T15:40:56.810+01:00 INFO : 1 points above threshold
2026-09-08T15:40:56.825+01:00 INFO : Filtering template 190/384 segment 2/5
2026-09-08T15:40:56.842+01:00 INFO : 2 points above threshold
2026-09-08T15:40:56.847+01:00 INFO : Filtering template 190/384 segment 3/5
2026-09-08T15:40:56.865+01:00 INFO : 1 points above threshold
2026-09-08T15:40:56.870+01:00 INFO : Filtering template 190/384 segment 4/5
2026-09-08T15:40:56.887+01:00 INFO : 1 points above threshold
2026-09-08T15:40:56.892+01:00 INFO : Filtering template 190/384 segment 5/5
2026-09-08T15:40:56.910+01:00 INFO : 1 points above threshold
2026-09-08T15:40:56.915+01:00 INFO : 190: generating IMRPhenomD from 30.0 Hz
2026-09-08T15:40:56.918+01:00 INFO : Decompressing waveform using inline_linear
2026-09-08T15:40:56.922+01:00 INFO : Filtering template 191/384 segment 1/5
2026-09-08T15:40:56.942+01:00 INFO : Filtering template 191/384 segment 2/5
2026-09-08T15:40:56.959+01:00 INFO : 1 points above threshold
2026-09-08T15:40:56.974+01:00 INFO : Filtering template 191/384 segment 3/5
2026-09-08T15:40:56.991+01:00 INFO : Filtering template 191/384 segment 4/5
2026-09-08T15:40:57.009+01:00 INFO : 1 points above threshold
2026-09-08T15:40:57.014+01:00 INFO : Filtering template 191/384 segment 5/5
2026-09-08T15:40:57.032+01:00 INFO : 1 points above threshold
2026-09-08T15:40:57.037+01:00 INFO : 191: generating IMRPhenomD from 30.0 Hz
2026-09-08T15:40:57.040+01:00 INFO : Decompressing waveform using inline_linear
2026-09-08T15:40:57.044+01:00 INFO : Filtering template 192/384 segment 1/5
2026-09-08T15:40:57.064+01:00 INFO : 2 points above threshold
2026-09-08T15:40:57.079+01:00 INFO : Filtering template 192/384 segment 2/5
2026-09-08T15:40:57.096+01:00 INFO : 3 points above threshold
2026-09-08T15:40:57.103+01:00 INFO : Filtering template 192/384 segment 3/5
2026-09-08T15:40:57.121+01:00 INFO : Filtering template 192/384 segment 4/5
2026-09-08T15:40:57.138+01:00 INFO : Filtering template 192/384 segment 5/5
2026-09-08T15:40:57.156+01:00 INFO : 192: generating IMRPhenomD from 30.0 Hz
2026-09-08T15:40:57.173+01:00 INFO : Decompressing waveform using inline_linear
2026-09-08T15:40:57.178+01:00 INFO : Filtering template 193/384 segment 1/5
2026-09-08T15:40:57.206+01:00 INFO : 1 points above threshold
2026-09-08T15:40:57.224+01:00 INFO : Filtering template 193/384 segment 2/5
2026-09-08T15:40:57.242+01:00 INFO : 4 points above threshold
2026-09-08T15:40:57.247+01:00 INFO : Filtering template 193/384 segment 3/5
2026-09-08T15:40:57.264+01:00 INFO : Filtering template 193/384 segment 4/5
2026-09-08T15:40:57.282+01:00 INFO : 1 points above threshold
2026-09-08T15:40:57.287+01:00 INFO : Filtering template 193/384 segment 5/5
2026-09-08T15:40:57.304+01:00 INFO : 3 points above threshold
2026-09-08T15:40:57.311+01:00 INFO : 193: generating IMRPhenomD from 30.0 Hz
2026-09-08T15:40:57.314+01:00 INFO : Decompressing waveform using inline_linear
2026-09-08T15:40:57.319+01:00 INFO : Filtering template 194/384 segment 1/5
2026-09-08T15:40:57.338+01:00 INFO : 2 points above threshold
2026-09-08T15:40:57.354+01:00 INFO : Filtering template 194/384 segment 2/5
2026-09-08T15:40:57.372+01:00 INFO : 1 points above threshold
2026-09-08T15:40:57.377+01:00 INFO : Filtering template 194/384 segment 3/5
2026-09-08T15:40:57.394+01:00 INFO : 1 points above threshold
2026-09-08T15:40:57.400+01:00 INFO : Filtering template 194/384 segment 4/5
2026-09-08T15:40:57.417+01:00 INFO : 2 points above threshold
2026-09-08T15:40:57.422+01:00 INFO : Filtering template 194/384 segment 5/5
2026-09-08T15:40:57.439+01:00 INFO : 1 points above threshold
2026-09-08T15:40:57.445+01:00 INFO : 194: generating IMRPhenomD from 30.0 Hz
2026-09-08T15:40:57.447+01:00 INFO : Decompressing waveform using inline_linear
2026-09-08T15:40:57.452+01:00 INFO : Filtering template 195/384 segment 1/5
2026-09-08T15:40:57.472+01:00 INFO : Filtering template 195/384 segment 2/5
2026-09-08T15:40:57.489+01:00 INFO : Filtering template 195/384 segment 3/5
2026-09-08T15:40:57.507+01:00 INFO : 1 points above threshold
2026-09-08T15:40:57.521+01:00 INFO : Filtering template 195/384 segment 4/5
2026-09-08T15:40:57.539+01:00 INFO : 2 points above threshold
2026-09-08T15:40:57.544+01:00 INFO : Filtering template 195/384 segment 5/5
2026-09-08T15:40:57.561+01:00 INFO : 195: generating IMRPhenomD from 30.0 Hz
2026-09-08T15:40:57.564+01:00 INFO : Decompressing waveform using inline_linear
2026-09-08T15:40:57.569+01:00 INFO : Filtering template 196/384 segment 1/5
2026-09-08T15:40:57.588+01:00 INFO : 2 points above threshold
2026-09-08T15:40:57.603+01:00 INFO : Filtering template 196/384 segment 2/5
2026-09-08T15:40:57.621+01:00 INFO : 3 points above threshold
2026-09-08T15:40:57.628+01:00 INFO : Filtering template 196/384 segment 3/5
2026-09-08T15:40:57.645+01:00 INFO : 1 points above threshold
2026-09-08T15:40:57.650+01:00 INFO : Filtering template 196/384 segment 4/5
2026-09-08T15:40:57.667+01:00 INFO : 1 points above threshold
2026-09-08T15:40:57.673+01:00 INFO : Filtering template 196/384 segment 5/5
2026-09-08T15:40:57.690+01:00 INFO : 2 points above threshold
2026-09-08T15:40:57.695+01:00 INFO : 196: generating IMRPhenomD from 30.0 Hz
2026-09-08T15:40:57.698+01:00 INFO : Decompressing waveform using inline_linear
2026-09-08T15:40:57.703+01:00 INFO : Filtering template 197/384 segment 1/5
2026-09-08T15:40:57.722+01:00 INFO : Filtering template 197/384 segment 2/5
2026-09-08T15:40:57.740+01:00 INFO : 1 points above threshold
2026-09-08T15:40:57.754+01:00 INFO : Filtering template 197/384 segment 3/5
2026-09-08T15:40:57.772+01:00 INFO : 4 points above threshold
2026-09-08T15:40:57.777+01:00 INFO : Filtering template 197/384 segment 4/5
2026-09-08T15:40:57.794+01:00 INFO : 1 points above threshold
2026-09-08T15:40:57.799+01:00 INFO : Filtering template 197/384 segment 5/5
2026-09-08T15:40:57.817+01:00 INFO : 197: generating IMRPhenomD from 30.0 Hz
2026-09-08T15:40:57.820+01:00 INFO : Decompressing waveform using inline_linear
2026-09-08T15:40:57.825+01:00 INFO : Filtering template 198/384 segment 1/5
2026-09-08T15:40:57.844+01:00 INFO : Filtering template 198/384 segment 2/5
2026-09-08T15:40:57.862+01:00 INFO : 4 points above threshold
2026-09-08T15:40:57.877+01:00 INFO : Filtering template 198/384 segment 3/5
2026-09-08T15:40:57.895+01:00 INFO : 3 points above threshold
2026-09-08T15:40:57.902+01:00 INFO : Filtering template 198/384 segment 4/5
2026-09-08T15:40:57.919+01:00 INFO : 1 points above threshold
2026-09-08T15:40:57.924+01:00 INFO : Filtering template 198/384 segment 5/5
2026-09-08T15:40:57.942+01:00 INFO : 1 points above threshold
2026-09-08T15:40:57.947+01:00 INFO : 198: generating IMRPhenomD from 30.0 Hz
2026-09-08T15:40:57.950+01:00 INFO : Decompressing waveform using inline_linear
2026-09-08T15:40:57.954+01:00 INFO : Filtering template 199/384 segment 1/5
2026-09-08T15:40:57.974+01:00 INFO : 1 points above threshold
2026-09-08T15:40:57.989+01:00 INFO : Filtering template 199/384 segment 2/5
2026-09-08T15:40:58.006+01:00 INFO : 1 points above threshold
2026-09-08T15:40:58.011+01:00 INFO : Filtering template 199/384 segment 3/5
2026-09-08T15:40:58.029+01:00 INFO : Filtering template 199/384 segment 4/5
2026-09-08T15:40:58.046+01:00 INFO : 2 points above threshold
2026-09-08T15:40:58.051+01:00 INFO : Filtering template 199/384 segment 5/5
2026-09-08T15:40:58.069+01:00 INFO : 199: generating IMRPhenomD from 30.0 Hz
2026-09-08T15:40:58.072+01:00 INFO : Decompressing waveform using inline_linear
2026-09-08T15:40:58.076+01:00 INFO : Filtering template 200/384 segment 1/5
2026-09-08T15:40:58.096+01:00 INFO : Filtering template 200/384 segment 2/5
2026-09-08T15:40:58.114+01:00 INFO : Filtering template 200/384 segment 3/5
2026-09-08T15:40:58.131+01:00 INFO : Filtering template 200/384 segment 4/5
2026-09-08T15:40:58.149+01:00 INFO : 1 points above threshold
2026-09-08T15:40:58.163+01:00 INFO : Filtering template 200/384 segment 5/5
2026-09-08T15:40:58.181+01:00 INFO : 1 points above threshold
2026-09-08T15:40:58.186+01:00 INFO : 200: generating IMRPhenomD from 30.0 Hz
2026-09-08T15:40:58.189+01:00 INFO : Decompressing waveform using inline_linear
2026-09-08T15:40:58.193+01:00 INFO : Filtering template 201/384 segment 1/5
2026-09-08T15:40:58.213+01:00 INFO : Filtering template 201/384 segment 2/5
2026-09-08T15:40:58.231+01:00 INFO : 1 points above threshold
2026-09-08T15:40:58.245+01:00 INFO : Filtering template 201/384 segment 3/5
2026-09-08T15:40:58.263+01:00 INFO : 1 points above threshold
2026-09-08T15:40:58.268+01:00 INFO : Filtering template 201/384 segment 4/5
2026-09-08T15:40:58.285+01:00 INFO : Filtering template 201/384 segment 5/5
2026-09-08T15:40:58.302+01:00 INFO : 1 points above threshold
2026-09-08T15:40:58.308+01:00 INFO : 201: generating IMRPhenomD from 30.0 Hz
2026-09-08T15:40:58.310+01:00 INFO : Decompressing waveform using inline_linear
2026-09-08T15:40:58.315+01:00 INFO : Filtering template 202/384 segment 1/5
2026-09-08T15:40:58.335+01:00 INFO : 2 points above threshold
2026-09-08T15:40:58.349+01:00 INFO : Filtering template 202/384 segment 2/5
2026-09-08T15:40:58.367+01:00 INFO : 2 points above threshold
2026-09-08T15:40:58.372+01:00 INFO : Filtering template 202/384 segment 3/5
2026-09-08T15:40:58.389+01:00 INFO : 3 points above threshold
2026-09-08T15:40:58.396+01:00 INFO : Filtering template 202/384 segment 4/5
2026-09-08T15:40:58.413+01:00 INFO : 1 points above threshold
2026-09-08T15:40:58.419+01:00 INFO : Filtering template 202/384 segment 5/5
2026-09-08T15:40:58.436+01:00 INFO : 202: generating IMRPhenomD from 30.0 Hz
2026-09-08T15:40:58.439+01:00 INFO : Decompressing waveform using inline_linear
2026-09-08T15:40:58.444+01:00 INFO : Filtering template 203/384 segment 1/5
2026-09-08T15:40:58.463+01:00 INFO : 1 points above threshold
2026-09-08T15:40:58.478+01:00 INFO : Filtering template 203/384 segment 2/5
2026-09-08T15:40:58.496+01:00 INFO : 2 points above threshold
2026-09-08T15:40:58.501+01:00 INFO : Filtering template 203/384 segment 3/5
2026-09-08T15:40:58.518+01:00 INFO : 2 points above threshold
2026-09-08T15:40:58.523+01:00 INFO : Filtering template 203/384 segment 4/5
2026-09-08T15:40:58.541+01:00 INFO : 3 points above threshold
2026-09-08T15:40:58.548+01:00 INFO : Filtering template 203/384 segment 5/5
2026-09-08T15:40:58.565+01:00 INFO : 2 points above threshold
2026-09-08T15:40:58.570+01:00 INFO : 203: generating IMRPhenomD from 30.0 Hz
2026-09-08T15:40:58.573+01:00 INFO : Decompressing waveform using inline_linear
2026-09-08T15:40:58.578+01:00 INFO : Filtering template 204/384 segment 1/5
2026-09-08T15:40:58.597+01:00 INFO : 1 points above threshold
2026-09-08T15:40:58.612+01:00 INFO : Filtering template 204/384 segment 2/5
2026-09-08T15:40:58.630+01:00 INFO : 1 points above threshold
2026-09-08T15:40:58.635+01:00 INFO : Filtering template 204/384 segment 3/5
2026-09-08T15:40:58.652+01:00 INFO : Filtering template 204/384 segment 4/5
2026-09-08T15:40:58.670+01:00 INFO : Filtering template 204/384 segment 5/5
2026-09-08T15:40:58.687+01:00 INFO : 1 points above threshold
2026-09-08T15:40:58.693+01:00 INFO : 204: generating IMRPhenomD from 30.0 Hz
2026-09-08T15:40:58.696+01:00 INFO : Decompressing waveform using inline_linear
2026-09-08T15:40:58.700+01:00 INFO : Filtering template 205/384 segment 1/5
2026-09-08T15:40:58.720+01:00 INFO : 2 points above threshold
2026-09-08T15:40:58.734+01:00 INFO : Filtering template 205/384 segment 2/5
2026-09-08T15:40:58.752+01:00 INFO : Filtering template 205/384 segment 3/5
2026-09-08T15:40:58.769+01:00 INFO : 1 points above threshold
2026-09-08T15:40:58.775+01:00 INFO : Filtering template 205/384 segment 4/5
2026-09-08T15:40:58.792+01:00 INFO : Filtering template 205/384 segment 5/5
2026-09-08T15:40:58.809+01:00 INFO : 2 points above threshold
2026-09-08T15:40:58.815+01:00 INFO : 205: generating IMRPhenomD from 30.0 Hz
2026-09-08T15:40:58.817+01:00 INFO : Decompressing waveform using inline_linear
2026-09-08T15:40:58.822+01:00 INFO : Filtering template 206/384 segment 1/5
2026-09-08T15:40:58.842+01:00 INFO : 2 points above threshold
2026-09-08T15:40:58.856+01:00 INFO : Filtering template 206/384 segment 2/5
2026-09-08T15:40:58.874+01:00 INFO : Filtering template 206/384 segment 3/5
2026-09-08T15:40:58.891+01:00 INFO : 2 points above threshold
2026-09-08T15:40:58.896+01:00 INFO : Filtering template 206/384 segment 4/5
2026-09-08T15:40:58.913+01:00 INFO : 4 points above threshold
2026-09-08T15:40:58.919+01:00 INFO : Filtering template 206/384 segment 5/5
2026-09-08T15:40:58.936+01:00 INFO : 206: generating IMRPhenomD from 30.0 Hz
2026-09-08T15:40:58.939+01:00 INFO : Decompressing waveform using inline_linear
2026-09-08T15:40:58.944+01:00 INFO : Filtering template 207/384 segment 1/5
2026-09-08T15:40:58.963+01:00 INFO : 3 points above threshold
2026-09-08T15:40:58.980+01:00 INFO : Filtering template 207/384 segment 2/5
2026-09-08T15:40:58.997+01:00 INFO : Filtering template 207/384 segment 3/5
2026-09-08T15:40:59.015+01:00 INFO : 1 points above threshold
2026-09-08T15:40:59.020+01:00 INFO : Filtering template 207/384 segment 4/5
2026-09-08T15:40:59.037+01:00 INFO : 3 points above threshold
2026-09-08T15:40:59.044+01:00 INFO : Filtering template 207/384 segment 5/5
2026-09-08T15:40:59.062+01:00 INFO : 207: generating IMRPhenomD from 30.0 Hz
2026-09-08T15:40:59.065+01:00 INFO : Decompressing waveform using inline_linear
2026-09-08T15:40:59.069+01:00 INFO : Filtering template 208/384 segment 1/5
2026-09-08T15:40:59.089+01:00 INFO : 2 points above threshold
2026-09-08T15:40:59.103+01:00 INFO : Filtering template 208/384 segment 2/5
2026-09-08T15:40:59.121+01:00 INFO : 1 points above threshold
2026-09-08T15:40:59.126+01:00 INFO : Filtering template 208/384 segment 3/5
2026-09-08T15:40:59.143+01:00 INFO : Filtering template 208/384 segment 4/5
2026-09-08T15:40:59.161+01:00 INFO : 3 points above threshold
2026-09-08T15:40:59.168+01:00 INFO : Filtering template 208/384 segment 5/5
2026-09-08T15:40:59.185+01:00 INFO : 1 points above threshold
2026-09-08T15:40:59.191+01:00 INFO : 208: generating IMRPhenomD from 30.0 Hz
2026-09-08T15:40:59.193+01:00 INFO : Decompressing waveform using inline_linear
2026-09-08T15:40:59.198+01:00 INFO : Filtering template 209/384 segment 1/5
2026-09-08T15:40:59.218+01:00 INFO : 2 points above threshold
2026-09-08T15:40:59.232+01:00 INFO : Filtering template 209/384 segment 2/5
2026-09-08T15:40:59.250+01:00 INFO : 1 points above threshold
2026-09-08T15:40:59.255+01:00 INFO : Filtering template 209/384 segment 3/5
2026-09-08T15:40:59.272+01:00 INFO : 3 points above threshold
2026-09-08T15:40:59.279+01:00 INFO : Filtering template 209/384 segment 4/5
2026-09-08T15:40:59.297+01:00 INFO : 1 points above threshold
2026-09-08T15:40:59.303+01:00 INFO : Filtering template 209/384 segment 5/5
2026-09-08T15:40:59.320+01:00 INFO : 1 points above threshold
2026-09-08T15:40:59.325+01:00 INFO : 209: generating IMRPhenomD from 30.0 Hz
2026-09-08T15:40:59.328+01:00 INFO : Decompressing waveform using inline_linear
2026-09-08T15:40:59.333+01:00 INFO : Filtering template 210/384 segment 1/5
2026-09-08T15:40:59.353+01:00 INFO : 2 points above threshold
2026-09-08T15:40:59.367+01:00 INFO : Filtering template 210/384 segment 2/5
2026-09-08T15:40:59.384+01:00 INFO : Filtering template 210/384 segment 3/5
2026-09-08T15:40:59.402+01:00 INFO : 1 points above threshold
2026-09-08T15:40:59.407+01:00 INFO : Filtering template 210/384 segment 4/5
2026-09-08T15:40:59.424+01:00 INFO : Filtering template 210/384 segment 5/5
2026-09-08T15:40:59.442+01:00 INFO : 210: generating IMRPhenomD from 30.0 Hz
2026-09-08T15:40:59.445+01:00 INFO : Decompressing waveform using inline_linear
2026-09-08T15:40:59.450+01:00 INFO : Filtering template 211/384 segment 1/5
2026-09-08T15:40:59.469+01:00 INFO : 1 points above threshold
2026-09-08T15:40:59.484+01:00 INFO : Filtering template 211/384 segment 2/5
2026-09-08T15:40:59.502+01:00 INFO : 1 points above threshold
2026-09-08T15:40:59.507+01:00 INFO : Filtering template 211/384 segment 3/5
2026-09-08T15:40:59.524+01:00 INFO : Filtering template 211/384 segment 4/5
2026-09-08T15:40:59.542+01:00 INFO : 2 points above threshold
2026-09-08T15:40:59.547+01:00 INFO : Filtering template 211/384 segment 5/5
2026-09-08T15:40:59.564+01:00 INFO : 1 points above threshold
2026-09-08T15:40:59.570+01:00 INFO : 211: generating IMRPhenomD from 30.0 Hz
2026-09-08T15:40:59.572+01:00 INFO : Decompressing waveform using inline_linear
2026-09-08T15:40:59.577+01:00 INFO : Filtering template 212/384 segment 1/5
2026-09-08T15:40:59.597+01:00 INFO : 1 points above threshold
2026-09-08T15:40:59.611+01:00 INFO : Filtering template 212/384 segment 2/5
2026-09-08T15:40:59.629+01:00 INFO : 1 points above threshold
2026-09-08T15:40:59.634+01:00 INFO : Filtering template 212/384 segment 3/5
2026-09-08T15:40:59.651+01:00 INFO : 1 points above threshold
2026-09-08T15:40:59.656+01:00 INFO : Filtering template 212/384 segment 4/5
2026-09-08T15:40:59.674+01:00 INFO : 1 points above threshold
2026-09-08T15:40:59.679+01:00 INFO : Filtering template 212/384 segment 5/5
2026-09-08T15:40:59.697+01:00 INFO : 212: generating IMRPhenomD from 30.0 Hz
2026-09-08T15:40:59.699+01:00 INFO : Decompressing waveform using inline_linear
2026-09-08T15:40:59.704+01:00 INFO : Filtering template 213/384 segment 1/5
2026-09-08T15:40:59.724+01:00 INFO : 2 points above threshold
2026-09-08T15:40:59.738+01:00 INFO : Filtering template 213/384 segment 2/5
2026-09-08T15:40:59.756+01:00 INFO : 2 points above threshold
2026-09-08T15:40:59.761+01:00 INFO : Filtering template 213/384 segment 3/5
2026-09-08T15:40:59.778+01:00 INFO : 1 points above threshold
2026-09-08T15:40:59.783+01:00 INFO : Filtering template 213/384 segment 4/5
2026-09-08T15:40:59.800+01:00 INFO : Filtering template 213/384 segment 5/5
2026-09-08T15:40:59.818+01:00 INFO : 213: generating IMRPhenomD from 30.0 Hz
2026-09-08T15:40:59.821+01:00 INFO : Decompressing waveform using inline_linear
2026-09-08T15:40:59.826+01:00 INFO : Filtering template 214/384 segment 1/5
2026-09-08T15:40:59.845+01:00 INFO : 1 points above threshold
2026-09-08T15:40:59.860+01:00 INFO : Filtering template 214/384 segment 2/5
2026-09-08T15:40:59.877+01:00 INFO : 1 points above threshold
2026-09-08T15:40:59.882+01:00 INFO : Filtering template 214/384 segment 3/5
2026-09-08T15:40:59.900+01:00 INFO : 1 points above threshold
2026-09-08T15:40:59.905+01:00 INFO : Filtering template 214/384 segment 4/5
2026-09-08T15:40:59.922+01:00 INFO : Filtering template 214/384 segment 5/5
2026-09-08T15:40:59.940+01:00 INFO : 214: generating IMRPhenomD from 30.0 Hz
2026-09-08T15:40:59.943+01:00 INFO : Decompressing waveform using inline_linear
2026-09-08T15:40:59.948+01:00 INFO : Filtering template 215/384 segment 1/5
2026-09-08T15:40:59.967+01:00 INFO : Filtering template 215/384 segment 2/5
2026-09-08T15:40:59.985+01:00 INFO : 2 points above threshold
2026-09-08T15:40:59.999+01:00 INFO : Filtering template 215/384 segment 3/5
2026-09-08T15:41:00.017+01:00 INFO : Filtering template 215/384 segment 4/5
2026-09-08T15:41:00.034+01:00 INFO : 1 points above threshold
2026-09-08T15:41:00.039+01:00 INFO : Filtering template 215/384 segment 5/5
2026-09-08T15:41:00.057+01:00 INFO : 1 points above threshold
2026-09-08T15:41:00.062+01:00 INFO : 215: generating IMRPhenomD from 30.0 Hz
2026-09-08T15:41:00.065+01:00 INFO : Decompressing waveform using inline_linear
2026-09-08T15:41:00.069+01:00 INFO : Filtering template 216/384 segment 1/5
2026-09-08T15:41:00.089+01:00 INFO : 1 points above threshold
2026-09-08T15:41:00.103+01:00 INFO : Filtering template 216/384 segment 2/5
2026-09-08T15:41:00.121+01:00 INFO : 1 points above threshold
2026-09-08T15:41:00.126+01:00 INFO : Filtering template 216/384 segment 3/5
2026-09-08T15:41:00.143+01:00 INFO : Filtering template 216/384 segment 4/5
2026-09-08T15:41:00.161+01:00 INFO : 3 points above threshold
2026-09-08T15:41:00.168+01:00 INFO : Filtering template 216/384 segment 5/5
2026-09-08T15:41:00.185+01:00 INFO : 216: generating IMRPhenomD from 30.0 Hz
2026-09-08T15:41:00.188+01:00 INFO : Decompressing waveform using inline_linear
2026-09-08T15:41:00.193+01:00 INFO : Filtering template 217/384 segment 1/5
2026-09-08T15:41:00.213+01:00 INFO : Filtering template 217/384 segment 2/5
2026-09-08T15:41:00.230+01:00 INFO : 1 points above threshold
2026-09-08T15:41:00.245+01:00 INFO : Filtering template 217/384 segment 3/5
2026-09-08T15:41:00.262+01:00 INFO : Filtering template 217/384 segment 4/5
2026-09-08T15:41:00.279+01:00 INFO : Filtering template 217/384 segment 5/5
2026-09-08T15:41:00.297+01:00 INFO : 217: generating IMRPhenomD from 30.0 Hz
2026-09-08T15:41:00.300+01:00 INFO : Decompressing waveform using inline_linear
2026-09-08T15:41:00.305+01:00 INFO : Filtering template 218/384 segment 1/5
2026-09-08T15:41:00.324+01:00 INFO : 2 points above threshold
2026-09-08T15:41:00.339+01:00 INFO : Filtering template 218/384 segment 2/5
2026-09-08T15:41:00.356+01:00 INFO : 2 points above threshold
2026-09-08T15:41:00.361+01:00 INFO : Filtering template 218/384 segment 3/5
2026-09-08T15:41:00.379+01:00 INFO : 2 points above threshold
2026-09-08T15:41:00.384+01:00 INFO : Filtering template 218/384 segment 4/5
2026-09-08T15:41:00.401+01:00 INFO : 2 points above threshold
2026-09-08T15:41:00.406+01:00 INFO : Filtering template 218/384 segment 5/5
2026-09-08T15:41:00.423+01:00 INFO : 1 points above threshold
2026-09-08T15:41:00.429+01:00 INFO : 218: generating IMRPhenomD from 30.0 Hz
2026-09-08T15:41:00.431+01:00 INFO : Decompressing waveform using inline_linear
2026-09-08T15:41:00.436+01:00 INFO : Filtering template 219/384 segment 1/5
2026-09-08T15:41:00.456+01:00 INFO : 2 points above threshold
2026-09-08T15:41:00.470+01:00 INFO : Filtering template 219/384 segment 2/5
2026-09-08T15:41:00.488+01:00 INFO : 1 points above threshold
2026-09-08T15:41:00.493+01:00 INFO : Filtering template 219/384 segment 3/5
2026-09-08T15:41:00.511+01:00 INFO : Filtering template 219/384 segment 4/5
2026-09-08T15:41:00.528+01:00 INFO : 1 points above threshold
2026-09-08T15:41:00.533+01:00 INFO : Filtering template 219/384 segment 5/5
2026-09-08T15:41:00.551+01:00 INFO : 219: generating IMRPhenomD from 30.0 Hz
2026-09-08T15:41:00.554+01:00 INFO : Decompressing waveform using inline_linear
2026-09-08T15:41:00.558+01:00 INFO : Filtering template 220/384 segment 1/5
2026-09-08T15:41:00.578+01:00 INFO : 3 points above threshold
2026-09-08T15:41:00.594+01:00 INFO : Filtering template 220/384 segment 2/5
2026-09-08T15:41:00.612+01:00 INFO : 2 points above threshold
2026-09-08T15:41:00.617+01:00 INFO : Filtering template 220/384 segment 3/5
2026-09-08T15:41:00.634+01:00 INFO : 3 points above threshold
2026-09-08T15:41:00.641+01:00 INFO : Filtering template 220/384 segment 4/5
2026-09-08T15:41:00.659+01:00 INFO : 2 points above threshold
2026-09-08T15:41:00.664+01:00 INFO : Filtering template 220/384 segment 5/5
2026-09-08T15:41:00.681+01:00 INFO : 220: generating IMRPhenomD from 30.0 Hz
2026-09-08T15:41:00.684+01:00 INFO : Decompressing waveform using inline_linear
2026-09-08T15:41:00.689+01:00 INFO : Filtering template 221/384 segment 1/5
2026-09-08T15:41:00.708+01:00 INFO : 1 points above threshold
2026-09-08T15:41:00.723+01:00 INFO : Filtering template 221/384 segment 2/5
2026-09-08T15:41:00.740+01:00 INFO : 1 points above threshold
2026-09-08T15:41:00.745+01:00 INFO : Filtering template 221/384 segment 3/5
2026-09-08T15:41:00.763+01:00 INFO : 1 points above threshold
2026-09-08T15:41:00.768+01:00 INFO : Filtering template 221/384 segment 4/5
2026-09-08T15:41:00.785+01:00 INFO : Filtering template 221/384 segment 5/5
2026-09-08T15:41:00.803+01:00 INFO : 2 points above threshold
2026-09-08T15:41:00.808+01:00 INFO : 221: generating IMRPhenomD from 30.0 Hz
2026-09-08T15:41:00.811+01:00 INFO : Decompressing waveform using inline_linear
2026-09-08T15:41:00.815+01:00 INFO : Filtering template 222/384 segment 1/5
2026-09-08T15:41:00.835+01:00 INFO : Filtering template 222/384 segment 2/5
2026-09-08T15:41:00.853+01:00 INFO : 2 points above threshold
2026-09-08T15:41:00.867+01:00 INFO : Filtering template 222/384 segment 3/5
2026-09-08T15:41:00.885+01:00 INFO : 1 points above threshold
2026-09-08T15:41:00.890+01:00 INFO : Filtering template 222/384 segment 4/5
2026-09-08T15:41:00.907+01:00 INFO : Filtering template 222/384 segment 5/5
2026-09-08T15:41:00.925+01:00 INFO : 222: generating IMRPhenomD from 30.0 Hz
2026-09-08T15:41:00.928+01:00 INFO : Decompressing waveform using inline_linear
2026-09-08T15:41:00.932+01:00 INFO : Filtering template 223/384 segment 1/5
2026-09-08T15:41:00.952+01:00 INFO : 1 points above threshold
2026-09-08T15:41:00.966+01:00 INFO : Filtering template 223/384 segment 2/5
2026-09-08T15:41:00.984+01:00 INFO : Filtering template 223/384 segment 3/5
2026-09-08T15:41:01.002+01:00 INFO : 5 points above threshold
2026-09-08T15:41:01.009+01:00 INFO : Filtering template 223/384 segment 4/5
2026-09-08T15:41:01.026+01:00 INFO : Filtering template 223/384 segment 5/5
2026-09-08T15:41:01.044+01:00 INFO : 223: generating IMRPhenomD from 30.0 Hz
2026-09-08T15:41:01.047+01:00 INFO : Decompressing waveform using inline_linear
2026-09-08T15:41:01.051+01:00 INFO : Filtering template 224/384 segment 1/5
2026-09-08T15:41:01.071+01:00 INFO : 1 points above threshold
2026-09-08T15:41:01.085+01:00 INFO : Filtering template 224/384 segment 2/5
2026-09-08T15:41:01.103+01:00 INFO : 2 points above threshold
2026-09-08T15:41:01.108+01:00 INFO : Filtering template 224/384 segment 3/5
2026-09-08T15:41:01.125+01:00 INFO : 1 points above threshold
2026-09-08T15:41:01.131+01:00 INFO : Filtering template 224/384 segment 4/5
2026-09-08T15:41:01.148+01:00 INFO : 2 points above threshold
2026-09-08T15:41:01.153+01:00 INFO : Filtering template 224/384 segment 5/5
2026-09-08T15:41:01.171+01:00 INFO : 224: generating IMRPhenomD from 30.0 Hz
2026-09-08T15:41:01.173+01:00 INFO : Decompressing waveform using inline_linear
2026-09-08T15:41:01.178+01:00 INFO : Filtering template 225/384 segment 1/5
2026-09-08T15:41:01.198+01:00 INFO : 1 points above threshold
2026-09-08T15:41:01.212+01:00 INFO : Filtering template 225/384 segment 2/5
2026-09-08T15:41:01.230+01:00 INFO : Filtering template 225/384 segment 3/5
2026-09-08T15:41:01.247+01:00 INFO : Filtering template 225/384 segment 4/5
2026-09-08T15:41:01.265+01:00 INFO : 1 points above threshold
2026-09-08T15:41:01.271+01:00 INFO : Filtering template 225/384 segment 5/5
2026-09-08T15:41:01.288+01:00 INFO : 1 points above threshold
2026-09-08T15:41:01.293+01:00 INFO : 225: generating IMRPhenomD from 30.0 Hz
2026-09-08T15:41:01.296+01:00 INFO : Decompressing waveform using inline_linear
2026-09-08T15:41:01.301+01:00 INFO : Filtering template 226/384 segment 1/5
2026-09-08T15:41:01.321+01:00 INFO : 1 points above threshold
2026-09-08T15:41:01.335+01:00 INFO : Filtering template 226/384 segment 2/5
2026-09-08T15:41:01.353+01:00 INFO : Filtering template 226/384 segment 3/5
2026-09-08T15:41:01.370+01:00 INFO : Filtering template 226/384 segment 4/5
2026-09-08T15:41:01.387+01:00 INFO : 2 points above threshold
2026-09-08T15:41:01.392+01:00 INFO : Filtering template 226/384 segment 5/5
2026-09-08T15:41:01.410+01:00 INFO : 1 points above threshold
2026-09-08T15:41:01.415+01:00 INFO : 226: generating IMRPhenomD from 30.0 Hz
2026-09-08T15:41:01.418+01:00 INFO : Decompressing waveform using inline_linear
2026-09-08T15:41:01.423+01:00 INFO : Filtering template 227/384 segment 1/5
2026-09-08T15:41:01.442+01:00 INFO : Filtering template 227/384 segment 2/5
2026-09-08T15:41:01.460+01:00 INFO : Filtering template 227/384 segment 3/5
2026-09-08T15:41:01.477+01:00 INFO : 3 points above threshold
2026-09-08T15:41:01.494+01:00 INFO : Filtering template 227/384 segment 4/5
2026-09-08T15:41:01.511+01:00 INFO : 2 points above threshold
2026-09-08T15:41:01.516+01:00 INFO : Filtering template 227/384 segment 5/5
2026-09-08T15:41:01.534+01:00 INFO : 4 points above threshold
2026-09-08T15:41:01.539+01:00 INFO : 227: generating IMRPhenomD from 30.0 Hz
2026-09-08T15:41:01.542+01:00 INFO : Decompressing waveform using inline_linear
2026-09-08T15:41:01.546+01:00 INFO : Filtering template 228/384 segment 1/5
2026-09-08T15:41:01.566+01:00 INFO : 4 points above threshold
2026-09-08T15:41:01.580+01:00 INFO : Filtering template 228/384 segment 2/5
2026-09-08T15:41:01.598+01:00 INFO : 1 points above threshold
2026-09-08T15:41:01.603+01:00 INFO : Filtering template 228/384 segment 3/5
2026-09-08T15:41:01.620+01:00 INFO : Filtering template 228/384 segment 4/5
2026-09-08T15:41:01.638+01:00 INFO : 3 points above threshold
2026-09-08T15:41:01.645+01:00 INFO : Filtering template 228/384 segment 5/5
2026-09-08T15:41:01.662+01:00 INFO : 3 points above threshold
2026-09-08T15:41:01.669+01:00 INFO : 228: generating IMRPhenomD from 30.0 Hz
2026-09-08T15:41:01.672+01:00 INFO : Decompressing waveform using inline_linear
2026-09-08T15:41:01.677+01:00 INFO : Filtering template 229/384 segment 1/5
2026-09-08T15:41:01.696+01:00 INFO : Filtering template 229/384 segment 2/5
2026-09-08T15:41:01.714+01:00 INFO : Filtering template 229/384 segment 3/5
2026-09-08T15:41:01.731+01:00 INFO : 1 points above threshold
2026-09-08T15:41:01.746+01:00 INFO : Filtering template 229/384 segment 4/5
2026-09-08T15:41:01.763+01:00 INFO : Filtering template 229/384 segment 5/5
2026-09-08T15:41:01.781+01:00 INFO : 4 points above threshold
2026-09-08T15:41:01.786+01:00 INFO : 229: generating IMRPhenomD from 30.0 Hz
2026-09-08T15:41:01.801+01:00 INFO : Decompressing waveform using inline_linear
2026-09-08T15:41:01.806+01:00 INFO : Filtering template 230/384 segment 1/5
2026-09-08T15:41:01.834+01:00 INFO : 1 points above threshold
2026-09-08T15:41:01.852+01:00 INFO : Filtering template 230/384 segment 2/5
2026-09-08T15:41:01.869+01:00 INFO : Filtering template 230/384 segment 3/5
2026-09-08T15:41:01.887+01:00 INFO : 3 points above threshold
2026-09-08T15:41:01.894+01:00 INFO : Filtering template 230/384 segment 4/5
2026-09-08T15:41:01.911+01:00 INFO : 3 points above threshold
2026-09-08T15:41:01.918+01:00 INFO : Filtering template 230/384 segment 5/5
2026-09-08T15:41:01.935+01:00 INFO : 1 points above threshold
2026-09-08T15:41:01.941+01:00 INFO : 230: generating IMRPhenomD from 30.0 Hz
2026-09-08T15:41:01.943+01:00 INFO : Decompressing waveform using inline_linear
2026-09-08T15:41:01.948+01:00 INFO : Filtering template 231/384 segment 1/5
2026-09-08T15:41:01.968+01:00 INFO : 2 points above threshold
2026-09-08T15:41:01.984+01:00 INFO : Filtering template 231/384 segment 2/5
2026-09-08T15:41:02.001+01:00 INFO : 1 points above threshold
2026-09-08T15:41:02.006+01:00 INFO : Filtering template 231/384 segment 3/5
2026-09-08T15:41:02.024+01:00 INFO : 1 points above threshold
2026-09-08T15:41:02.029+01:00 INFO : Filtering template 231/384 segment 4/5
2026-09-08T15:41:02.046+01:00 INFO : 1 points above threshold
2026-09-08T15:41:02.051+01:00 INFO : Filtering template 231/384 segment 5/5
2026-09-08T15:41:02.069+01:00 INFO : 231: generating IMRPhenomD from 30.0 Hz
2026-09-08T15:41:02.072+01:00 INFO : Decompressing waveform using inline_linear
2026-09-08T15:41:02.076+01:00 INFO : Filtering template 232/384 segment 1/5
2026-09-08T15:41:02.096+01:00 INFO : 2 points above threshold
2026-09-08T15:41:02.110+01:00 INFO : Filtering template 232/384 segment 2/5
2026-09-08T15:41:02.128+01:00 INFO : 2 points above threshold
2026-09-08T15:41:02.133+01:00 INFO : Filtering template 232/384 segment 3/5
2026-09-08T15:41:02.150+01:00 INFO : 2 points above threshold
2026-09-08T15:41:02.155+01:00 INFO : Filtering template 232/384 segment 4/5
2026-09-08T15:41:02.173+01:00 INFO : 2 points above threshold
2026-09-08T15:41:02.178+01:00 INFO : Filtering template 232/384 segment 5/5
2026-09-08T15:41:02.195+01:00 INFO : 1 points above threshold
2026-09-08T15:41:02.201+01:00 INFO : 232: generating IMRPhenomD from 30.0 Hz
2026-09-08T15:41:02.203+01:00 INFO : Decompressing waveform using inline_linear
2026-09-08T15:41:02.208+01:00 INFO : Filtering template 233/384 segment 1/5
2026-09-08T15:41:02.228+01:00 INFO : Filtering template 233/384 segment 2/5
2026-09-08T15:41:02.245+01:00 INFO : 1 points above threshold
2026-09-08T15:41:02.260+01:00 INFO : Filtering template 233/384 segment 3/5
2026-09-08T15:41:02.277+01:00 INFO : Filtering template 233/384 segment 4/5
2026-09-08T15:41:02.295+01:00 INFO : 1 points above threshold
2026-09-08T15:41:02.300+01:00 INFO : Filtering template 233/384 segment 5/5
2026-09-08T15:41:02.317+01:00 INFO : 233: generating IMRPhenomD from 30.0 Hz
2026-09-08T15:41:02.320+01:00 INFO : Decompressing waveform using inline_linear
2026-09-08T15:41:02.325+01:00 INFO : Filtering template 234/384 segment 1/5
2026-09-08T15:41:02.345+01:00 INFO : 2 points above threshold
2026-09-08T15:41:02.359+01:00 INFO : Filtering template 234/384 segment 2/5
2026-09-08T15:41:02.377+01:00 INFO : 1 points above threshold
2026-09-08T15:41:02.382+01:00 INFO : Filtering template 234/384 segment 3/5
2026-09-08T15:41:02.399+01:00 INFO : 1 points above threshold
2026-09-08T15:41:02.407+01:00 INFO : Filtering template 234/384 segment 4/5
2026-09-08T15:41:02.424+01:00 INFO : 1 points above threshold
2026-09-08T15:41:02.430+01:00 INFO : Filtering template 234/384 segment 5/5
2026-09-08T15:41:02.447+01:00 INFO : 1 points above threshold
2026-09-08T15:41:02.452+01:00 INFO : 234: generating IMRPhenomD from 30.0 Hz
2026-09-08T15:41:02.455+01:00 INFO : Decompressing waveform using inline_linear
2026-09-08T15:41:02.460+01:00 INFO : Filtering template 235/384 segment 1/5
2026-09-08T15:41:02.480+01:00 INFO : Filtering template 235/384 segment 2/5
2026-09-08T15:41:02.497+01:00 INFO : 2 points above threshold
2026-09-08T15:41:02.512+01:00 INFO : Filtering template 235/384 segment 3/5
2026-09-08T15:41:02.529+01:00 INFO : Filtering template 235/384 segment 4/5
2026-09-08T15:41:02.547+01:00 INFO : 1 points above threshold
2026-09-08T15:41:02.552+01:00 INFO : Filtering template 235/384 segment 5/5
2026-09-08T15:41:02.569+01:00 INFO : 235: generating IMRPhenomD from 30.0 Hz
2026-09-08T15:41:02.572+01:00 INFO : Decompressing waveform using inline_linear
2026-09-08T15:41:02.577+01:00 INFO : Filtering template 236/384 segment 1/5
2026-09-08T15:41:02.597+01:00 INFO : 1 points above threshold
2026-09-08T15:41:02.611+01:00 INFO : Filtering template 236/384 segment 2/5
2026-09-08T15:41:02.629+01:00 INFO : 2 points above threshold
2026-09-08T15:41:02.634+01:00 INFO : Filtering template 236/384 segment 3/5
2026-09-08T15:41:02.651+01:00 INFO : Filtering template 236/384 segment 4/5
2026-09-08T15:41:02.668+01:00 INFO : 1 points above threshold
2026-09-08T15:41:02.674+01:00 INFO : Filtering template 236/384 segment 5/5
2026-09-08T15:41:02.691+01:00 INFO : 1 points above threshold
2026-09-08T15:41:02.696+01:00 INFO : 236: generating IMRPhenomD from 30.0 Hz
2026-09-08T15:41:02.699+01:00 INFO : Decompressing waveform using inline_linear
2026-09-08T15:41:02.704+01:00 INFO : Filtering template 237/384 segment 1/5
2026-09-08T15:41:02.723+01:00 INFO : Filtering template 237/384 segment 2/5
2026-09-08T15:41:02.741+01:00 INFO : 1 points above threshold
2026-09-08T15:41:02.755+01:00 INFO : Filtering template 237/384 segment 3/5
2026-09-08T15:41:02.773+01:00 INFO : 1 points above threshold
2026-09-08T15:41:02.778+01:00 INFO : Filtering template 237/384 segment 4/5
2026-09-08T15:41:02.795+01:00 INFO : 1 points above threshold
2026-09-08T15:41:02.800+01:00 INFO : Filtering template 237/384 segment 5/5
2026-09-08T15:41:02.818+01:00 INFO : 237: generating IMRPhenomD from 30.0 Hz
2026-09-08T15:41:02.821+01:00 INFO : Decompressing waveform using inline_linear
2026-09-08T15:41:02.826+01:00 INFO : Filtering template 238/384 segment 1/5
2026-09-08T15:41:02.845+01:00 INFO : Filtering template 238/384 segment 2/5
2026-09-08T15:41:02.863+01:00 INFO : 2 points above threshold
2026-09-08T15:41:02.877+01:00 INFO : Filtering template 238/384 segment 3/5
2026-09-08T15:41:02.895+01:00 INFO : 1 points above threshold
2026-09-08T15:41:02.900+01:00 INFO : Filtering template 238/384 segment 4/5
2026-09-08T15:41:02.917+01:00 INFO : Filtering template 238/384 segment 5/5
2026-09-08T15:41:02.935+01:00 INFO : 2 points above threshold
2026-09-08T15:41:02.940+01:00 INFO : 238: generating IMRPhenomD from 30.0 Hz
2026-09-08T15:41:02.943+01:00 INFO : Decompressing waveform using inline_linear
2026-09-08T15:41:02.947+01:00 INFO : Filtering template 239/384 segment 1/5
2026-09-08T15:41:02.967+01:00 INFO : Filtering template 239/384 segment 2/5
2026-09-08T15:41:02.984+01:00 INFO : Filtering template 239/384 segment 3/5
2026-09-08T15:41:03.002+01:00 INFO : 2 points above threshold
2026-09-08T15:41:03.016+01:00 INFO : Filtering template 239/384 segment 4/5
2026-09-08T15:41:03.034+01:00 INFO : 1 points above threshold
2026-09-08T15:41:03.039+01:00 INFO : Filtering template 239/384 segment 5/5
2026-09-08T15:41:03.056+01:00 INFO : 239: generating IMRPhenomD from 30.0 Hz
2026-09-08T15:41:03.059+01:00 INFO : Decompressing waveform using inline_linear
2026-09-08T15:41:03.064+01:00 INFO : Filtering template 240/384 segment 1/5
2026-09-08T15:41:03.084+01:00 INFO : 1 points above threshold
2026-09-08T15:41:03.098+01:00 INFO : Filtering template 240/384 segment 2/5
2026-09-08T15:41:03.116+01:00 INFO : 1 points above threshold
2026-09-08T15:41:03.121+01:00 INFO : Filtering template 240/384 segment 3/5
2026-09-08T15:41:03.138+01:00 INFO : 2 points above threshold
2026-09-08T15:41:03.143+01:00 INFO : Filtering template 240/384 segment 4/5
2026-09-08T15:41:03.160+01:00 INFO : Filtering template 240/384 segment 5/5
2026-09-08T15:41:03.178+01:00 INFO : 240: generating IMRPhenomD from 30.0 Hz
2026-09-08T15:41:03.181+01:00 INFO : Decompressing waveform using inline_linear
2026-09-08T15:41:03.186+01:00 INFO : Filtering template 241/384 segment 1/5
2026-09-08T15:41:03.205+01:00 INFO : 1 points above threshold
2026-09-08T15:41:03.220+01:00 INFO : Filtering template 241/384 segment 2/5
2026-09-08T15:41:03.237+01:00 INFO : 2 points above threshold
2026-09-08T15:41:03.243+01:00 INFO : Filtering template 241/384 segment 3/5
2026-09-08T15:41:03.260+01:00 INFO : 1 points above threshold
2026-09-08T15:41:03.265+01:00 INFO : Filtering template 241/384 segment 4/5
2026-09-08T15:41:03.283+01:00 INFO : 1 points above threshold
2026-09-08T15:41:03.288+01:00 INFO : Filtering template 241/384 segment 5/5
2026-09-08T15:41:03.305+01:00 INFO : 241: generating IMRPhenomD from 30.0 Hz
2026-09-08T15:41:03.308+01:00 INFO : Decompressing waveform using inline_linear
2026-09-08T15:41:03.313+01:00 INFO : Filtering template 242/384 segment 1/5
2026-09-08T15:41:03.333+01:00 INFO : 1 points above threshold
2026-09-08T15:41:03.347+01:00 INFO : Filtering template 242/384 segment 2/5
2026-09-08T15:41:03.365+01:00 INFO : Filtering template 242/384 segment 3/5
2026-09-08T15:41:03.382+01:00 INFO : 1 points above threshold
2026-09-08T15:41:03.388+01:00 INFO : Filtering template 242/384 segment 4/5
2026-09-08T15:41:03.405+01:00 INFO : Filtering template 242/384 segment 5/5
2026-09-08T15:41:03.423+01:00 INFO : 1 points above threshold
2026-09-08T15:41:03.428+01:00 INFO : 242: generating IMRPhenomD from 30.0 Hz
2026-09-08T15:41:03.431+01:00 INFO : Decompressing waveform using inline_linear
2026-09-08T15:41:03.435+01:00 INFO : Filtering template 243/384 segment 1/5
2026-09-08T15:41:03.455+01:00 INFO : 1 points above threshold
2026-09-08T15:41:03.469+01:00 INFO : Filtering template 243/384 segment 2/5
2026-09-08T15:41:03.487+01:00 INFO : 1 points above threshold
2026-09-08T15:41:03.493+01:00 INFO : Filtering template 243/384 segment 3/5
2026-09-08T15:41:03.510+01:00 INFO : 2 points above threshold
2026-09-08T15:41:03.515+01:00 INFO : Filtering template 243/384 segment 4/5
2026-09-08T15:41:03.533+01:00 INFO : 1 points above threshold
2026-09-08T15:41:03.538+01:00 INFO : Filtering template 243/384 segment 5/5
2026-09-08T15:41:03.555+01:00 INFO : 1 points above threshold
2026-09-08T15:41:03.561+01:00 INFO : 243: generating IMRPhenomD from 30.0 Hz
2026-09-08T15:41:03.563+01:00 INFO : Decompressing waveform using inline_linear
2026-09-08T15:41:03.568+01:00 INFO : Filtering template 244/384 segment 1/5
2026-09-08T15:41:03.588+01:00 INFO : 1 points above threshold
2026-09-08T15:41:03.602+01:00 INFO : Filtering template 244/384 segment 2/5
2026-09-08T15:41:03.620+01:00 INFO : 3 points above threshold
2026-09-08T15:41:03.627+01:00 INFO : Filtering template 244/384 segment 3/5
2026-09-08T15:41:03.644+01:00 INFO : 3 points above threshold
2026-09-08T15:41:03.651+01:00 INFO : Filtering template 244/384 segment 4/5
2026-09-08T15:41:03.668+01:00 INFO : 1 points above threshold
2026-09-08T15:41:03.673+01:00 INFO : Filtering template 244/384 segment 5/5
2026-09-08T15:41:03.691+01:00 INFO : 1 points above threshold
2026-09-08T15:41:03.696+01:00 INFO : 244: generating IMRPhenomD from 30.0 Hz
2026-09-08T15:41:03.699+01:00 INFO : Decompressing waveform using inline_linear
2026-09-08T15:41:03.703+01:00 INFO : Filtering template 245/384 segment 1/5
2026-09-08T15:41:03.723+01:00 INFO : Filtering template 245/384 segment 2/5
2026-09-08T15:41:03.741+01:00 INFO : 2 points above threshold
2026-09-08T15:41:03.755+01:00 INFO : Filtering template 245/384 segment 3/5
2026-09-08T15:41:03.772+01:00 INFO : 2 points above threshold
2026-09-08T15:41:03.778+01:00 INFO : Filtering template 245/384 segment 4/5
2026-09-08T15:41:03.795+01:00 INFO : 1 points above threshold
2026-09-08T15:41:03.800+01:00 INFO : Filtering template 245/384 segment 5/5
2026-09-08T15:41:03.818+01:00 INFO : 245: generating IMRPhenomD from 30.0 Hz
2026-09-08T15:41:03.820+01:00 INFO : Decompressing waveform using inline_linear
2026-09-08T15:41:03.825+01:00 INFO : Filtering template 246/384 segment 1/5
2026-09-08T15:41:03.845+01:00 INFO : Filtering template 246/384 segment 2/5
2026-09-08T15:41:03.862+01:00 INFO : Filtering template 246/384 segment 3/5
2026-09-08T15:41:03.880+01:00 INFO : 1 points above threshold
2026-09-08T15:41:03.894+01:00 INFO : Filtering template 246/384 segment 4/5
2026-09-08T15:41:03.912+01:00 INFO : Filtering template 246/384 segment 5/5
2026-09-08T15:41:03.929+01:00 INFO : 246: generating IMRPhenomD from 30.0 Hz
2026-09-08T15:41:03.932+01:00 INFO : Decompressing waveform using inline_linear
2026-09-08T15:41:03.937+01:00 INFO : Filtering template 247/384 segment 1/5
2026-09-08T15:41:03.957+01:00 INFO : Filtering template 247/384 segment 2/5
2026-09-08T15:41:03.974+01:00 INFO : Filtering template 247/384 segment 3/5
2026-09-08T15:41:03.991+01:00 INFO : Filtering template 247/384 segment 4/5
2026-09-08T15:41:04.009+01:00 INFO : Filtering template 247/384 segment 5/5
2026-09-08T15:41:04.026+01:00 INFO : 247: generating IMRPhenomD from 30.0 Hz
2026-09-08T15:41:04.029+01:00 INFO : Decompressing waveform using inline_linear
2026-09-08T15:41:04.034+01:00 INFO : Filtering template 248/384 segment 1/5
2026-09-08T15:41:04.053+01:00 INFO : 2 points above threshold
2026-09-08T15:41:04.069+01:00 INFO : Filtering template 248/384 segment 2/5
2026-09-08T15:41:04.087+01:00 INFO : 1 points above threshold
2026-09-08T15:41:04.092+01:00 INFO : Filtering template 248/384 segment 3/5
2026-09-08T15:41:04.109+01:00 INFO : 2 points above threshold
2026-09-08T15:41:04.114+01:00 INFO : Filtering template 248/384 segment 4/5
2026-09-08T15:41:04.132+01:00 INFO : Filtering template 248/384 segment 5/5
2026-09-08T15:41:04.150+01:00 INFO : 248: generating IMRPhenomD from 30.0 Hz
2026-09-08T15:41:04.152+01:00 INFO : Decompressing waveform using inline_linear
2026-09-08T15:41:04.157+01:00 INFO : Filtering template 249/384 segment 1/5
2026-09-08T15:41:04.177+01:00 INFO : 1 points above threshold
2026-09-08T15:41:04.191+01:00 INFO : Filtering template 249/384 segment 2/5
2026-09-08T15:41:04.209+01:00 INFO : 1 points above threshold
2026-09-08T15:41:04.214+01:00 INFO : Filtering template 249/384 segment 3/5
2026-09-08T15:41:04.231+01:00 INFO : 2 points above threshold
2026-09-08T15:41:04.236+01:00 INFO : Filtering template 249/384 segment 4/5
2026-09-08T15:41:04.254+01:00 INFO : 2 points above threshold
2026-09-08T15:41:04.259+01:00 INFO : Filtering template 249/384 segment 5/5
2026-09-08T15:41:04.276+01:00 INFO : 1 points above threshold
2026-09-08T15:41:04.281+01:00 INFO : 249: generating IMRPhenomD from 30.0 Hz
2026-09-08T15:41:04.284+01:00 INFO : Decompressing waveform using inline_linear
2026-09-08T15:41:04.289+01:00 INFO : Filtering template 250/384 segment 1/5
2026-09-08T15:41:04.309+01:00 INFO : Filtering template 250/384 segment 2/5
2026-09-08T15:41:04.326+01:00 INFO : 1 points above threshold
2026-09-08T15:41:04.343+01:00 INFO : Filtering template 250/384 segment 3/5
2026-09-08T15:41:04.360+01:00 INFO : 2 points above threshold
2026-09-08T15:41:04.365+01:00 INFO : Filtering template 250/384 segment 4/5
2026-09-08T15:41:04.383+01:00 INFO : 2 points above threshold
2026-09-08T15:41:04.388+01:00 INFO : Filtering template 250/384 segment 5/5
2026-09-08T15:41:04.405+01:00 INFO : 250: generating IMRPhenomD from 30.0 Hz
2026-09-08T15:41:04.408+01:00 INFO : Decompressing waveform using inline_linear
2026-09-08T15:41:04.413+01:00 INFO : Filtering template 251/384 segment 1/5
2026-09-08T15:41:04.433+01:00 INFO : 3 points above threshold
2026-09-08T15:41:04.449+01:00 INFO : Filtering template 251/384 segment 2/5
2026-09-08T15:41:04.467+01:00 INFO : Filtering template 251/384 segment 3/5
2026-09-08T15:41:04.484+01:00 INFO : Filtering template 251/384 segment 4/5
2026-09-08T15:41:04.502+01:00 INFO : 2 points above threshold
2026-09-08T15:41:04.507+01:00 INFO : Filtering template 251/384 segment 5/5
2026-09-08T15:41:04.524+01:00 INFO : 1 points above threshold
2026-09-08T15:41:04.529+01:00 INFO : 251: generating IMRPhenomD from 30.0 Hz
2026-09-08T15:41:04.532+01:00 INFO : Decompressing waveform using inline_linear
2026-09-08T15:41:04.537+01:00 INFO : Filtering template 252/384 segment 1/5
2026-09-08T15:41:04.556+01:00 INFO : 3 points above threshold
2026-09-08T15:41:04.573+01:00 INFO : Filtering template 252/384 segment 2/5
2026-09-08T15:41:04.590+01:00 INFO : 2 points above threshold
2026-09-08T15:41:04.595+01:00 INFO : Filtering template 252/384 segment 3/5
2026-09-08T15:41:04.613+01:00 INFO : 3 points above threshold
2026-09-08T15:41:04.620+01:00 INFO : Filtering template 252/384 segment 4/5
2026-09-08T15:41:04.638+01:00 INFO : 3 points above threshold
2026-09-08T15:41:04.644+01:00 INFO : Filtering template 252/384 segment 5/5
2026-09-08T15:41:04.662+01:00 INFO : 252: generating IMRPhenomD from 30.0 Hz
2026-09-08T15:41:04.665+01:00 INFO : Decompressing waveform using inline_linear
2026-09-08T15:41:04.670+01:00 INFO : Filtering template 253/384 segment 1/5
2026-09-08T15:41:04.689+01:00 INFO : 4 points above threshold
2026-09-08T15:41:04.704+01:00 INFO : Filtering template 253/384 segment 2/5
2026-09-08T15:41:04.721+01:00 INFO : Filtering template 253/384 segment 3/5
2026-09-08T15:41:04.739+01:00 INFO : 1 points above threshold
2026-09-08T15:41:04.744+01:00 INFO : Filtering template 253/384 segment 4/5
2026-09-08T15:41:04.761+01:00 INFO : 2 points above threshold
2026-09-08T15:41:04.766+01:00 INFO : Filtering template 253/384 segment 5/5
2026-09-08T15:41:04.784+01:00 INFO : 253: generating IMRPhenomD from 30.0 Hz
2026-09-08T15:41:04.787+01:00 INFO : Decompressing waveform using inline_linear
2026-09-08T15:41:04.792+01:00 INFO : Filtering template 254/384 segment 1/5
2026-09-08T15:41:04.811+01:00 INFO : 3 points above threshold
2026-09-08T15:41:04.827+01:00 INFO : Filtering template 254/384 segment 2/5
2026-09-08T15:41:04.845+01:00 INFO : 2 points above threshold
2026-09-08T15:41:04.850+01:00 INFO : Filtering template 254/384 segment 3/5
2026-09-08T15:41:04.867+01:00 INFO : 2 points above threshold
2026-09-08T15:41:04.872+01:00 INFO : Filtering template 254/384 segment 4/5
2026-09-08T15:41:04.890+01:00 INFO : 4 points above threshold
2026-09-08T15:41:04.895+01:00 INFO : Filtering template 254/384 segment 5/5
2026-09-08T15:41:04.912+01:00 INFO : 1 points above threshold
2026-09-08T15:41:04.918+01:00 INFO : 254: generating IMRPhenomD from 30.0 Hz
2026-09-08T15:41:04.920+01:00 INFO : Decompressing waveform using inline_linear
2026-09-08T15:41:04.925+01:00 INFO : Filtering template 255/384 segment 1/5
2026-09-08T15:41:04.945+01:00 INFO : 3 points above threshold
2026-09-08T15:41:04.961+01:00 INFO : Filtering template 255/384 segment 2/5
2026-09-08T15:41:04.979+01:00 INFO : 3 points above threshold
2026-09-08T15:41:04.986+01:00 INFO : Filtering template 255/384 segment 3/5
2026-09-08T15:41:05.003+01:00 INFO : Filtering template 255/384 segment 4/5
2026-09-08T15:41:05.020+01:00 INFO : Filtering template 255/384 segment 5/5
2026-09-08T15:41:05.038+01:00 INFO : 1 points above threshold
2026-09-08T15:41:05.043+01:00 INFO : 255: generating IMRPhenomD from 30.0 Hz
2026-09-08T15:41:05.046+01:00 INFO : Decompressing waveform using inline_linear
2026-09-08T15:41:05.051+01:00 INFO : Filtering template 256/384 segment 1/5
2026-09-08T15:41:05.070+01:00 INFO : 2 points above threshold
2026-09-08T15:41:05.085+01:00 INFO : Filtering template 256/384 segment 2/5
2026-09-08T15:41:05.102+01:00 INFO : 1 points above threshold
2026-09-08T15:41:05.107+01:00 INFO : Filtering template 256/384 segment 3/5
2026-09-08T15:41:05.125+01:00 INFO : 1 points above threshold
2026-09-08T15:41:05.130+01:00 INFO : Filtering template 256/384 segment 4/5
2026-09-08T15:41:05.147+01:00 INFO : 1 points above threshold
2026-09-08T15:41:05.152+01:00 INFO : Filtering template 256/384 segment 5/5
2026-09-08T15:41:05.170+01:00 INFO : 256: generating IMRPhenomD from 30.0 Hz
2026-09-08T15:41:05.173+01:00 INFO : Decompressing waveform using inline_linear
2026-09-08T15:41:05.177+01:00 INFO : Filtering template 257/384 segment 1/5
2026-09-08T15:41:05.197+01:00 INFO : 2 points above threshold
2026-09-08T15:41:05.211+01:00 INFO : Filtering template 257/384 segment 2/5
2026-09-08T15:41:05.229+01:00 INFO : 2 points above threshold
2026-09-08T15:41:05.234+01:00 INFO : Filtering template 257/384 segment 3/5
2026-09-08T15:41:05.251+01:00 INFO : 1 points above threshold
2026-09-08T15:41:05.256+01:00 INFO : Filtering template 257/384 segment 4/5
2026-09-08T15:41:05.274+01:00 INFO : 2 points above threshold
2026-09-08T15:41:05.279+01:00 INFO : Filtering template 257/384 segment 5/5
2026-09-08T15:41:05.296+01:00 INFO : 257: generating IMRPhenomD from 30.0 Hz
2026-09-08T15:41:05.299+01:00 INFO : Decompressing waveform using inline_linear
2026-09-08T15:41:05.304+01:00 INFO : Filtering template 258/384 segment 1/5
2026-09-08T15:41:05.324+01:00 INFO : 1 points above threshold
2026-09-08T15:41:05.338+01:00 INFO : Filtering template 258/384 segment 2/5
2026-09-08T15:41:05.356+01:00 INFO : 1 points above threshold
2026-09-08T15:41:05.361+01:00 INFO : Filtering template 258/384 segment 3/5
2026-09-08T15:41:05.378+01:00 INFO : 2 points above threshold
2026-09-08T15:41:05.383+01:00 INFO : Filtering template 258/384 segment 4/5
2026-09-08T15:41:05.401+01:00 INFO : 1 points above threshold
2026-09-08T15:41:05.406+01:00 INFO : Filtering template 258/384 segment 5/5
2026-09-08T15:41:05.423+01:00 INFO : 258: generating IMRPhenomD from 30.0 Hz
2026-09-08T15:41:05.426+01:00 INFO : Decompressing waveform using inline_linear
2026-09-08T15:41:05.431+01:00 INFO : Filtering template 259/384 segment 1/5
2026-09-08T15:41:05.450+01:00 INFO : 3 points above threshold
2026-09-08T15:41:05.467+01:00 INFO : Filtering template 259/384 segment 2/5
2026-09-08T15:41:05.484+01:00 INFO : Filtering template 259/384 segment 3/5
2026-09-08T15:41:05.502+01:00 INFO : 1 points above threshold
2026-09-08T15:41:05.507+01:00 INFO : Filtering template 259/384 segment 4/5
2026-09-08T15:41:05.524+01:00 INFO : Filtering template 259/384 segment 5/5
2026-09-08T15:41:05.542+01:00 INFO : 259: generating IMRPhenomD from 30.0 Hz
2026-09-08T15:41:05.545+01:00 INFO : Decompressing waveform using inline_linear
2026-09-08T15:41:05.550+01:00 INFO : Filtering template 260/384 segment 1/5
2026-09-08T15:41:05.569+01:00 INFO : 1 points above threshold
2026-09-08T15:41:05.584+01:00 INFO : Filtering template 260/384 segment 2/5
2026-09-08T15:41:05.601+01:00 INFO : 1 points above threshold
2026-09-08T15:41:05.606+01:00 INFO : Filtering template 260/384 segment 3/5
2026-09-08T15:41:05.624+01:00 INFO : 1 points above threshold
2026-09-08T15:41:05.629+01:00 INFO : Filtering template 260/384 segment 4/5
2026-09-08T15:41:05.646+01:00 INFO : 1 points above threshold
2026-09-08T15:41:05.651+01:00 INFO : Filtering template 260/384 segment 5/5
2026-09-08T15:41:05.669+01:00 INFO : 1 points above threshold
2026-09-08T15:41:05.674+01:00 INFO : 260: generating IMRPhenomD from 30.0 Hz
2026-09-08T15:41:05.677+01:00 INFO : Decompressing waveform using inline_linear
2026-09-08T15:41:05.682+01:00 INFO : Filtering template 261/384 segment 1/5
2026-09-08T15:41:05.701+01:00 INFO : Filtering template 261/384 segment 2/5
2026-09-08T15:41:05.719+01:00 INFO : Filtering template 261/384 segment 3/5
2026-09-08T15:41:05.736+01:00 INFO : 1 points above threshold
2026-09-08T15:41:05.751+01:00 INFO : Filtering template 261/384 segment 4/5
2026-09-08T15:41:05.768+01:00 INFO : 2 points above threshold
2026-09-08T15:41:05.773+01:00 INFO : Filtering template 261/384 segment 5/5
2026-09-08T15:41:05.791+01:00 INFO : 261: generating IMRPhenomD from 30.0 Hz
2026-09-08T15:41:05.794+01:00 INFO : Decompressing waveform using inline_linear
2026-09-08T15:41:05.798+01:00 INFO : Filtering template 262/384 segment 1/5
2026-09-08T15:41:05.818+01:00 INFO : 2 points above threshold
2026-09-08T15:41:05.832+01:00 INFO : Filtering template 262/384 segment 2/5
2026-09-08T15:41:05.850+01:00 INFO : 2 points above threshold
2026-09-08T15:41:05.855+01:00 INFO : Filtering template 262/384 segment 3/5
2026-09-08T15:41:05.872+01:00 INFO : Filtering template 262/384 segment 4/5
2026-09-08T15:41:05.890+01:00 INFO : 2 points above threshold
2026-09-08T15:41:05.895+01:00 INFO : Filtering template 262/384 segment 5/5
2026-09-08T15:41:05.912+01:00 INFO : 2 points above threshold
2026-09-08T15:41:05.917+01:00 INFO : 262: generating IMRPhenomD from 30.0 Hz
2026-09-08T15:41:05.920+01:00 INFO : Decompressing waveform using inline_linear
2026-09-08T15:41:05.925+01:00 INFO : Filtering template 263/384 segment 1/5
2026-09-08T15:41:05.945+01:00 INFO : Filtering template 263/384 segment 2/5
2026-09-08T15:41:05.962+01:00 INFO : 1 points above threshold
2026-09-08T15:41:05.977+01:00 INFO : Filtering template 263/384 segment 3/5
2026-09-08T15:41:05.994+01:00 INFO : 1 points above threshold
2026-09-08T15:41:05.999+01:00 INFO : Filtering template 263/384 segment 4/5
2026-09-08T15:41:06.017+01:00 INFO : 3 points above threshold
2026-09-08T15:41:06.024+01:00 INFO : Filtering template 263/384 segment 5/5
2026-09-08T15:41:06.041+01:00 INFO : 263: generating IMRPhenomD from 30.0 Hz
2026-09-08T15:41:06.044+01:00 INFO : Decompressing waveform using inline_linear
2026-09-08T15:41:06.049+01:00 INFO : Filtering template 264/384 segment 1/5
2026-09-08T15:41:06.068+01:00 INFO : 2 points above threshold
2026-09-08T15:41:06.084+01:00 INFO : Filtering template 264/384 segment 2/5
2026-09-08T15:41:06.101+01:00 INFO : 1 points above threshold
2026-09-08T15:41:06.107+01:00 INFO : Filtering template 264/384 segment 3/5
2026-09-08T15:41:06.124+01:00 INFO : 1 points above threshold
2026-09-08T15:41:06.129+01:00 INFO : Filtering template 264/384 segment 4/5
2026-09-08T15:41:06.147+01:00 INFO : 3 points above threshold
2026-09-08T15:41:06.154+01:00 INFO : Filtering template 264/384 segment 5/5
2026-09-08T15:41:06.171+01:00 INFO : 3 points above threshold
2026-09-08T15:41:06.178+01:00 INFO : 264: generating IMRPhenomD from 30.0 Hz
2026-09-08T15:41:06.181+01:00 INFO : Decompressing waveform using inline_linear
2026-09-08T15:41:06.186+01:00 INFO : Filtering template 265/384 segment 1/5
2026-09-08T15:41:06.205+01:00 INFO : 1 points above threshold
2026-09-08T15:41:06.220+01:00 INFO : Filtering template 265/384 segment 2/5
2026-09-08T15:41:06.237+01:00 INFO : 1 points above threshold
2026-09-08T15:41:06.242+01:00 INFO : Filtering template 265/384 segment 3/5
2026-09-08T15:41:06.260+01:00 INFO : 1 points above threshold
2026-09-08T15:41:06.265+01:00 INFO : Filtering template 265/384 segment 4/5
2026-09-08T15:41:06.282+01:00 INFO : Filtering template 265/384 segment 5/5
2026-09-08T15:41:06.300+01:00 INFO : 1 points above threshold
2026-09-08T15:41:06.305+01:00 INFO : 265: generating IMRPhenomD from 30.0 Hz
2026-09-08T15:41:06.308+01:00 INFO : Decompressing waveform using inline_linear
2026-09-08T15:41:06.313+01:00 INFO : Filtering template 266/384 segment 1/5
2026-09-08T15:41:06.332+01:00 INFO : 3 points above threshold
2026-09-08T15:41:06.349+01:00 INFO : Filtering template 266/384 segment 2/5
2026-09-08T15:41:06.366+01:00 INFO : 3 points above threshold
2026-09-08T15:41:06.373+01:00 INFO : Filtering template 266/384 segment 3/5
2026-09-08T15:41:06.391+01:00 INFO : Filtering template 266/384 segment 4/5
2026-09-08T15:41:06.408+01:00 INFO : 1 points above threshold
2026-09-08T15:41:06.414+01:00 INFO : Filtering template 266/384 segment 5/5
2026-09-08T15:41:06.431+01:00 INFO : 266: generating IMRPhenomD from 30.0 Hz
2026-09-08T15:41:06.448+01:00 INFO : Decompressing waveform using inline_linear
2026-09-08T15:41:06.453+01:00 INFO : Filtering template 267/384 segment 1/5
2026-09-08T15:41:06.481+01:00 INFO : Filtering template 267/384 segment 2/5
2026-09-08T15:41:06.498+01:00 INFO : 1 points above threshold
2026-09-08T15:41:06.516+01:00 INFO : Filtering template 267/384 segment 3/5
2026-09-08T15:41:06.533+01:00 INFO : 2 points above threshold
2026-09-08T15:41:06.538+01:00 INFO : Filtering template 267/384 segment 4/5
2026-09-08T15:41:06.556+01:00 INFO : Filtering template 267/384 segment 5/5
2026-09-08T15:41:06.573+01:00 INFO : 2 points above threshold
2026-09-08T15:41:06.578+01:00 INFO : 267: generating IMRPhenomD from 30.0 Hz
2026-09-08T15:41:06.581+01:00 INFO : Decompressing waveform using inline_linear
2026-09-08T15:41:06.586+01:00 INFO : Filtering template 268/384 segment 1/5
2026-09-08T15:41:06.606+01:00 INFO : 1 points above threshold
2026-09-08T15:41:06.622+01:00 INFO : Filtering template 268/384 segment 2/5
2026-09-08T15:41:06.639+01:00 INFO : Filtering template 268/384 segment 3/5
2026-09-08T15:41:06.657+01:00 INFO : 1 points above threshold
2026-09-08T15:41:06.662+01:00 INFO : Filtering template 268/384 segment 4/5
2026-09-08T15:41:06.679+01:00 INFO : Filtering template 268/384 segment 5/5
2026-09-08T15:41:06.697+01:00 INFO : 2 points above threshold
2026-09-08T15:41:06.702+01:00 INFO : 268: generating IMRPhenomD from 30.0 Hz
2026-09-08T15:41:06.705+01:00 INFO : Decompressing waveform using inline_linear
2026-09-08T15:41:06.709+01:00 INFO : Filtering template 269/384 segment 1/5
2026-09-08T15:41:06.729+01:00 INFO : Filtering template 269/384 segment 2/5
2026-09-08T15:41:06.747+01:00 INFO : 1 points above threshold
2026-09-08T15:41:06.761+01:00 INFO : Filtering template 269/384 segment 3/5
2026-09-08T15:41:06.779+01:00 INFO : Filtering template 269/384 segment 4/5
2026-09-08T15:41:06.796+01:00 INFO : 1 points above threshold
2026-09-08T15:41:06.801+01:00 INFO : Filtering template 269/384 segment 5/5
2026-09-08T15:41:06.819+01:00 INFO : 269: generating IMRPhenomD from 30.0 Hz
2026-09-08T15:41:06.822+01:00 INFO : Decompressing waveform using inline_linear
2026-09-08T15:41:06.826+01:00 INFO : Filtering template 270/384 segment 1/5
2026-09-08T15:41:06.846+01:00 INFO : Filtering template 270/384 segment 2/5
2026-09-08T15:41:06.864+01:00 INFO : Filtering template 270/384 segment 3/5
2026-09-08T15:41:06.881+01:00 INFO : Filtering template 270/384 segment 4/5
2026-09-08T15:41:06.899+01:00 INFO : 1 points above threshold
2026-09-08T15:41:06.913+01:00 INFO : Filtering template 270/384 segment 5/5
2026-09-08T15:41:06.931+01:00 INFO : 270: generating IMRPhenomD from 30.0 Hz
2026-09-08T15:41:06.934+01:00 INFO : Decompressing waveform using inline_linear
2026-09-08T15:41:06.939+01:00 INFO : Filtering template 271/384 segment 1/5
2026-09-08T15:41:06.958+01:00 INFO : 2 points above threshold
2026-09-08T15:41:06.973+01:00 INFO : Filtering template 271/384 segment 2/5
2026-09-08T15:41:06.990+01:00 INFO : Filtering template 271/384 segment 3/5
2026-09-08T15:41:07.008+01:00 INFO : 1 points above threshold
2026-09-08T15:41:07.013+01:00 INFO : Filtering template 271/384 segment 4/5
2026-09-08T15:41:07.030+01:00 INFO : 1 points above threshold
2026-09-08T15:41:07.035+01:00 INFO : Filtering template 271/384 segment 5/5
2026-09-08T15:41:07.053+01:00 INFO : 3 points above threshold
2026-09-08T15:41:07.060+01:00 INFO : 271: generating IMRPhenomD from 30.0 Hz
2026-09-08T15:41:07.062+01:00 INFO : Decompressing waveform using inline_linear
2026-09-08T15:41:07.067+01:00 INFO : Filtering template 272/384 segment 1/5
2026-09-08T15:41:07.087+01:00 INFO : 2 points above threshold
2026-09-08T15:41:07.101+01:00 INFO : Filtering template 272/384 segment 2/5
2026-09-08T15:41:07.119+01:00 INFO : 1 points above threshold
2026-09-08T15:41:07.124+01:00 INFO : Filtering template 272/384 segment 3/5
2026-09-08T15:41:07.141+01:00 INFO : 1 points above threshold
2026-09-08T15:41:07.147+01:00 INFO : Filtering template 272/384 segment 4/5
2026-09-08T15:41:07.164+01:00 INFO : Filtering template 272/384 segment 5/5
2026-09-08T15:41:07.181+01:00 INFO : 1 points above threshold
2026-09-08T15:41:07.187+01:00 INFO : 272: generating IMRPhenomD from 30.0 Hz
2026-09-08T15:41:07.190+01:00 INFO : Decompressing waveform using inline_linear
2026-09-08T15:41:07.194+01:00 INFO : Filtering template 273/384 segment 1/5
2026-09-08T15:41:07.214+01:00 INFO : 1 points above threshold
2026-09-08T15:41:07.228+01:00 INFO : Filtering template 273/384 segment 2/5
2026-09-08T15:41:07.246+01:00 INFO : Filtering template 273/384 segment 3/5
2026-09-08T15:41:07.263+01:00 INFO : 1 points above threshold
2026-09-08T15:41:07.268+01:00 INFO : Filtering template 273/384 segment 4/5
2026-09-08T15:41:07.286+01:00 INFO : 2 points above threshold
2026-09-08T15:41:07.291+01:00 INFO : Filtering template 273/384 segment 5/5
2026-09-08T15:41:07.309+01:00 INFO : 273: generating IMRPhenomD from 30.0 Hz
2026-09-08T15:41:07.311+01:00 INFO : Decompressing waveform using inline_linear
2026-09-08T15:41:07.316+01:00 INFO : Filtering template 274/384 segment 1/5
2026-09-08T15:41:07.336+01:00 INFO : 1 points above threshold
2026-09-08T15:41:07.350+01:00 INFO : Filtering template 274/384 segment 2/5
2026-09-08T15:41:07.368+01:00 INFO : 2 points above threshold
2026-09-08T15:41:07.373+01:00 INFO : Filtering template 274/384 segment 3/5
2026-09-08T15:41:07.390+01:00 INFO : 3 points above threshold
2026-09-08T15:41:07.397+01:00 INFO : Filtering template 274/384 segment 4/5
2026-09-08T15:41:07.415+01:00 INFO : 1 points above threshold
2026-09-08T15:41:07.420+01:00 INFO : Filtering template 274/384 segment 5/5
2026-09-08T15:41:07.437+01:00 INFO : 3 points above threshold
2026-09-08T15:41:07.445+01:00 INFO : 274: generating IMRPhenomD from 30.0 Hz
2026-09-08T15:41:07.448+01:00 INFO : Decompressing waveform using inline_linear
2026-09-08T15:41:07.453+01:00 INFO : Filtering template 275/384 segment 1/5
2026-09-08T15:41:07.472+01:00 INFO : 1 points above threshold
2026-09-08T15:41:07.487+01:00 INFO : Filtering template 275/384 segment 2/5
2026-09-08T15:41:07.504+01:00 INFO : 1 points above threshold
2026-09-08T15:41:07.510+01:00 INFO : Filtering template 275/384 segment 3/5
2026-09-08T15:41:07.527+01:00 INFO : Filtering template 275/384 segment 4/5
2026-09-08T15:41:07.545+01:00 INFO : 2 points above threshold
2026-09-08T15:41:07.550+01:00 INFO : Filtering template 275/384 segment 5/5
2026-09-08T15:41:07.568+01:00 INFO : 1 points above threshold
2026-09-08T15:41:07.573+01:00 INFO : 275: generating IMRPhenomD from 30.0 Hz
2026-09-08T15:41:07.576+01:00 INFO : Decompressing waveform using inline_linear
2026-09-08T15:41:07.580+01:00 INFO : Filtering template 276/384 segment 1/5
2026-09-08T15:41:07.600+01:00 INFO : 2 points above threshold
2026-09-08T15:41:07.614+01:00 INFO : Filtering template 276/384 segment 2/5
2026-09-08T15:41:07.632+01:00 INFO : 2 points above threshold
2026-09-08T15:41:07.637+01:00 INFO : Filtering template 276/384 segment 3/5
2026-09-08T15:41:07.654+01:00 INFO : 2 points above threshold
2026-09-08T15:41:07.660+01:00 INFO : Filtering template 276/384 segment 4/5
2026-09-08T15:41:07.677+01:00 INFO : 4 points above threshold
2026-09-08T15:41:07.682+01:00 INFO : Filtering template 276/384 segment 5/5
2026-09-08T15:41:07.699+01:00 INFO : 1 points above threshold
2026-09-08T15:41:07.705+01:00 INFO : 276: generating IMRPhenomD from 30.0 Hz
2026-09-08T15:41:07.708+01:00 INFO : Decompressing waveform using inline_linear
2026-09-08T15:41:07.712+01:00 INFO : Filtering template 277/384 segment 1/5
2026-09-08T15:41:07.732+01:00 INFO : 2 points above threshold
2026-09-08T15:41:07.746+01:00 INFO : Filtering template 277/384 segment 2/5
2026-09-08T15:41:07.764+01:00 INFO : Filtering template 277/384 segment 3/5
2026-09-08T15:41:07.781+01:00 INFO : Filtering template 277/384 segment 4/5
2026-09-08T15:41:07.799+01:00 INFO : 1 points above threshold
2026-09-08T15:41:07.804+01:00 INFO : Filtering template 277/384 segment 5/5
2026-09-08T15:41:07.822+01:00 INFO : 277: generating IMRPhenomD from 30.0 Hz
2026-09-08T15:41:07.824+01:00 INFO : Decompressing waveform using inline_linear
2026-09-08T15:41:07.829+01:00 INFO : Filtering template 278/384 segment 1/5
2026-09-08T15:41:07.849+01:00 INFO : Filtering template 278/384 segment 2/5
2026-09-08T15:41:07.866+01:00 INFO : 2 points above threshold
2026-09-08T15:41:07.882+01:00 INFO : Filtering template 278/384 segment 3/5
2026-09-08T15:41:07.900+01:00 INFO : Filtering template 278/384 segment 4/5
2026-09-08T15:41:07.917+01:00 INFO : 1 points above threshold
2026-09-08T15:41:07.922+01:00 INFO : Filtering template 278/384 segment 5/5
2026-09-08T15:41:07.940+01:00 INFO : 1 points above threshold
2026-09-08T15:41:07.945+01:00 INFO : 278: generating IMRPhenomD from 30.0 Hz
2026-09-08T15:41:07.948+01:00 INFO : Decompressing waveform using inline_linear
2026-09-08T15:41:07.952+01:00 INFO : Filtering template 279/384 segment 1/5
2026-09-08T15:41:07.972+01:00 INFO : 2 points above threshold
2026-09-08T15:41:07.986+01:00 INFO : Filtering template 279/384 segment 2/5
2026-09-08T15:41:08.004+01:00 INFO : 1 points above threshold
2026-09-08T15:41:08.009+01:00 INFO : Filtering template 279/384 segment 3/5
2026-09-08T15:41:08.026+01:00 INFO : 1 points above threshold
2026-09-08T15:41:08.032+01:00 INFO : Filtering template 279/384 segment 4/5
2026-09-08T15:41:08.049+01:00 INFO : 3 points above threshold
2026-09-08T15:41:08.056+01:00 INFO : Filtering template 279/384 segment 5/5
2026-09-08T15:41:08.074+01:00 INFO : 279: generating IMRPhenomD from 30.0 Hz
2026-09-08T15:41:08.076+01:00 INFO : Decompressing waveform using inline_linear
2026-09-08T15:41:08.081+01:00 INFO : Filtering template 280/384 segment 1/5
2026-09-08T15:41:08.101+01:00 INFO : 2 points above threshold
2026-09-08T15:41:08.115+01:00 INFO : Filtering template 280/384 segment 2/5
2026-09-08T15:41:08.133+01:00 INFO : 1 points above threshold
2026-09-08T15:41:08.138+01:00 INFO : Filtering template 280/384 segment 3/5
2026-09-08T15:41:08.155+01:00 INFO : 1 points above threshold
2026-09-08T15:41:08.160+01:00 INFO : Filtering template 280/384 segment 4/5
2026-09-08T15:41:08.177+01:00 INFO : 1 points above threshold
2026-09-08T15:41:08.183+01:00 INFO : Filtering template 280/384 segment 5/5
2026-09-08T15:41:08.200+01:00 INFO : 280: generating IMRPhenomD from 30.0 Hz
2026-09-08T15:41:08.203+01:00 INFO : Decompressing waveform using inline_linear
2026-09-08T15:41:08.208+01:00 INFO : Filtering template 281/384 segment 1/5
2026-09-08T15:41:08.228+01:00 INFO : 2 points above threshold
2026-09-08T15:41:08.242+01:00 INFO : Filtering template 281/384 segment 2/5
2026-09-08T15:41:08.260+01:00 INFO : Filtering template 281/384 segment 3/5
2026-09-08T15:41:08.277+01:00 INFO : Filtering template 281/384 segment 4/5
2026-09-08T15:41:08.295+01:00 INFO : 3 points above threshold
2026-09-08T15:41:08.302+01:00 INFO : Filtering template 281/384 segment 5/5
2026-09-08T15:41:08.319+01:00 INFO : 3 points above threshold
2026-09-08T15:41:08.326+01:00 INFO : 281: generating IMRPhenomD from 30.0 Hz
2026-09-08T15:41:08.329+01:00 INFO : Decompressing waveform using inline_linear
2026-09-08T15:41:08.333+01:00 INFO : Filtering template 282/384 segment 1/5
2026-09-08T15:41:08.353+01:00 INFO : Filtering template 282/384 segment 2/5
2026-09-08T15:41:08.371+01:00 INFO : 1 points above threshold
2026-09-08T15:41:08.385+01:00 INFO : Filtering template 282/384 segment 3/5
2026-09-08T15:41:08.402+01:00 INFO : Filtering template 282/384 segment 4/5
2026-09-08T15:41:08.420+01:00 INFO : 2 points above threshold
2026-09-08T15:41:08.425+01:00 INFO : Filtering template 282/384 segment 5/5
2026-09-08T15:41:08.442+01:00 INFO : 3 points above threshold
2026-09-08T15:41:08.449+01:00 INFO : 282: generating IMRPhenomD from 30.0 Hz
2026-09-08T15:41:08.452+01:00 INFO : Decompressing waveform using inline_linear
2026-09-08T15:41:08.457+01:00 INFO : Filtering template 283/384 segment 1/5
2026-09-08T15:41:08.477+01:00 INFO : Filtering template 283/384 segment 2/5
2026-09-08T15:41:08.494+01:00 INFO : 1 points above threshold
2026-09-08T15:41:08.508+01:00 INFO : Filtering template 283/384 segment 3/5
2026-09-08T15:41:08.526+01:00 INFO : Filtering template 283/384 segment 4/5
2026-09-08T15:41:08.543+01:00 INFO : 5 points above threshold
2026-09-08T15:41:08.551+01:00 INFO : Filtering template 283/384 segment 5/5
2026-09-08T15:41:08.568+01:00 INFO : 3 points above threshold
2026-09-08T15:41:08.575+01:00 INFO : 283: generating IMRPhenomD from 30.0 Hz
2026-09-08T15:41:08.578+01:00 INFO : Decompressing waveform using inline_linear
2026-09-08T15:41:08.583+01:00 INFO : Filtering template 284/384 segment 1/5
2026-09-08T15:41:08.602+01:00 INFO : 2 points above threshold
2026-09-08T15:41:08.616+01:00 INFO : Filtering template 284/384 segment 2/5
2026-09-08T15:41:08.634+01:00 INFO : 1 points above threshold
2026-09-08T15:41:08.639+01:00 INFO : Filtering template 284/384 segment 3/5
2026-09-08T15:41:08.656+01:00 INFO : 2 points above threshold
2026-09-08T15:41:08.661+01:00 INFO : Filtering template 284/384 segment 4/5
2026-09-08T15:41:08.679+01:00 INFO : 1 points above threshold
2026-09-08T15:41:08.685+01:00 INFO : Filtering template 284/384 segment 5/5
2026-09-08T15:41:08.702+01:00 INFO : 284: generating IMRPhenomD from 30.0 Hz
2026-09-08T15:41:08.705+01:00 INFO : Decompressing waveform using inline_linear
2026-09-08T15:41:08.710+01:00 INFO : Filtering template 285/384 segment 1/5
2026-09-08T15:41:08.730+01:00 INFO : 1 points above threshold
2026-09-08T15:41:08.745+01:00 INFO : Filtering template 285/384 segment 2/5
2026-09-08T15:41:08.762+01:00 INFO : 1 points above threshold
2026-09-08T15:41:08.767+01:00 INFO : Filtering template 285/384 segment 3/5
2026-09-08T15:41:08.785+01:00 INFO : 1 points above threshold
2026-09-08T15:41:08.790+01:00 INFO : Filtering template 285/384 segment 4/5
2026-09-08T15:41:08.807+01:00 INFO : 3 points above threshold
2026-09-08T15:41:08.814+01:00 INFO : Filtering template 285/384 segment 5/5
2026-09-08T15:41:08.832+01:00 INFO : 285: generating IMRPhenomD from 30.0 Hz
2026-09-08T15:41:08.835+01:00 INFO : Decompressing waveform using inline_linear
2026-09-08T15:41:08.840+01:00 INFO : Filtering template 286/384 segment 1/5
2026-09-08T15:41:08.859+01:00 INFO : 3 points above threshold
2026-09-08T15:41:08.875+01:00 INFO : Filtering template 286/384 segment 2/5
2026-09-08T15:41:08.893+01:00 INFO : 1 points above threshold
2026-09-08T15:41:08.898+01:00 INFO : Filtering template 286/384 segment 3/5
2026-09-08T15:41:08.916+01:00 INFO : Filtering template 286/384 segment 4/5
2026-09-08T15:41:08.933+01:00 INFO : Filtering template 286/384 segment 5/5
2026-09-08T15:41:08.951+01:00 INFO : 286: generating IMRPhenomD from 30.0 Hz
2026-09-08T15:41:08.954+01:00 INFO : Decompressing waveform using inline_linear
2026-09-08T15:41:08.958+01:00 INFO : Filtering template 287/384 segment 1/5
2026-09-08T15:41:08.978+01:00 INFO : 2 points above threshold
2026-09-08T15:41:08.992+01:00 INFO : Filtering template 287/384 segment 2/5
2026-09-08T15:41:09.010+01:00 INFO : 4 points above threshold
2026-09-08T15:41:09.015+01:00 INFO : Filtering template 287/384 segment 3/5
2026-09-08T15:41:09.032+01:00 INFO : 1 points above threshold
2026-09-08T15:41:09.038+01:00 INFO : Filtering template 287/384 segment 4/5
2026-09-08T15:41:09.055+01:00 INFO : 3 points above threshold
2026-09-08T15:41:09.062+01:00 INFO : Filtering template 287/384 segment 5/5
2026-09-08T15:41:09.079+01:00 INFO : 2 points above threshold
2026-09-08T15:41:09.084+01:00 INFO : 287: generating IMRPhenomD from 30.0 Hz
2026-09-08T15:41:09.087+01:00 INFO : Decompressing waveform using inline_linear
2026-09-08T15:41:09.092+01:00 INFO : Filtering template 288/384 segment 1/5
2026-09-08T15:41:09.111+01:00 INFO : 1 points above threshold
2026-09-08T15:41:09.126+01:00 INFO : Filtering template 288/384 segment 2/5
2026-09-08T15:41:09.143+01:00 INFO : 2 points above threshold
2026-09-08T15:41:09.148+01:00 INFO : Filtering template 288/384 segment 3/5
2026-09-08T15:41:09.166+01:00 INFO : 2 points above threshold
2026-09-08T15:41:09.171+01:00 INFO : Filtering template 288/384 segment 4/5
2026-09-08T15:41:09.188+01:00 INFO : 1 points above threshold
2026-09-08T15:41:09.193+01:00 INFO : Filtering template 288/384 segment 5/5
2026-09-08T15:41:09.211+01:00 INFO : 3 points above threshold
2026-09-08T15:41:09.218+01:00 INFO : 288: generating IMRPhenomD from 30.0 Hz
2026-09-08T15:41:09.221+01:00 INFO : Decompressing waveform using inline_linear
2026-09-08T15:41:09.225+01:00 INFO : Filtering template 289/384 segment 1/5
2026-09-08T15:41:09.245+01:00 INFO : Filtering template 289/384 segment 2/5
2026-09-08T15:41:09.262+01:00 INFO : 2 points above threshold
2026-09-08T15:41:09.277+01:00 INFO : Filtering template 289/384 segment 3/5
2026-09-08T15:41:09.294+01:00 INFO : 1 points above threshold
2026-09-08T15:41:09.299+01:00 INFO : Filtering template 289/384 segment 4/5
2026-09-08T15:41:09.317+01:00 INFO : 1 points above threshold
2026-09-08T15:41:09.322+01:00 INFO : Filtering template 289/384 segment 5/5
2026-09-08T15:41:09.339+01:00 INFO : 2 points above threshold
2026-09-08T15:41:09.347+01:00 INFO : 289: generating IMRPhenomD from 30.0 Hz
2026-09-08T15:41:09.350+01:00 INFO : Decompressing waveform using inline_linear
2026-09-08T15:41:09.355+01:00 INFO : Filtering template 290/384 segment 1/5
2026-09-08T15:41:09.374+01:00 INFO : 3 points above threshold
2026-09-08T15:41:09.391+01:00 INFO : Filtering template 290/384 segment 2/5
2026-09-08T15:41:09.408+01:00 INFO : Filtering template 290/384 segment 3/5
2026-09-08T15:41:09.426+01:00 INFO : 1 points above threshold
2026-09-08T15:41:09.431+01:00 INFO : Filtering template 290/384 segment 4/5
2026-09-08T15:41:09.449+01:00 INFO : 2 points above threshold
2026-09-08T15:41:09.454+01:00 INFO : Filtering template 290/384 segment 5/5
2026-09-08T15:41:09.471+01:00 INFO : 290: generating IMRPhenomD from 30.0 Hz
2026-09-08T15:41:09.474+01:00 INFO : Decompressing waveform using inline_linear
2026-09-08T15:41:09.479+01:00 INFO : Filtering template 291/384 segment 1/5
2026-09-08T15:41:09.498+01:00 INFO : 5 points above threshold
2026-09-08T15:41:09.515+01:00 INFO : Filtering template 291/384 segment 2/5
2026-09-08T15:41:09.532+01:00 INFO : 3 points above threshold
2026-09-08T15:41:09.539+01:00 INFO : Filtering template 291/384 segment 3/5
2026-09-08T15:41:09.557+01:00 INFO : 1 points above threshold
2026-09-08T15:41:09.562+01:00 INFO : Filtering template 291/384 segment 4/5
2026-09-08T15:41:09.579+01:00 INFO : 1 points above threshold
2026-09-08T15:41:09.584+01:00 INFO : Filtering template 291/384 segment 5/5
2026-09-08T15:41:09.602+01:00 INFO : 291: generating IMRPhenomD from 30.0 Hz
2026-09-08T15:41:09.605+01:00 INFO : Decompressing waveform using inline_linear
2026-09-08T15:41:09.610+01:00 INFO : Filtering template 292/384 segment 1/5
2026-09-08T15:41:09.629+01:00 INFO : 1 points above threshold
2026-09-08T15:41:09.644+01:00 INFO : Filtering template 292/384 segment 2/5
2026-09-08T15:41:09.661+01:00 INFO : 1 points above threshold
2026-09-08T15:41:09.666+01:00 INFO : Filtering template 292/384 segment 3/5
2026-09-08T15:41:09.684+01:00 INFO : 1 points above threshold
2026-09-08T15:41:09.689+01:00 INFO : Filtering template 292/384 segment 4/5
2026-09-08T15:41:09.706+01:00 INFO : 2 points above threshold
2026-09-08T15:41:09.711+01:00 INFO : Filtering template 292/384 segment 5/5
2026-09-08T15:41:09.729+01:00 INFO : 1 points above threshold
2026-09-08T15:41:09.734+01:00 INFO : 292: generating IMRPhenomD from 30.0 Hz
2026-09-08T15:41:09.737+01:00 INFO : Decompressing waveform using inline_linear
2026-09-08T15:41:09.742+01:00 INFO : Filtering template 293/384 segment 1/5
2026-09-08T15:41:09.762+01:00 INFO : 2 points above threshold
2026-09-08T15:41:09.776+01:00 INFO : Filtering template 293/384 segment 2/5
2026-09-08T15:41:09.794+01:00 INFO : 3 points above threshold
2026-09-08T15:41:09.801+01:00 INFO : Filtering template 293/384 segment 3/5
2026-09-08T15:41:09.819+01:00 INFO : 3 points above threshold
2026-09-08T15:41:09.826+01:00 INFO : Filtering template 293/384 segment 4/5
2026-09-08T15:41:09.843+01:00 INFO : 3 points above threshold
2026-09-08T15:41:09.850+01:00 INFO : Filtering template 293/384 segment 5/5
2026-09-08T15:41:09.867+01:00 INFO : 3 points above threshold
2026-09-08T15:41:09.875+01:00 INFO : 293: generating IMRPhenomD from 30.0 Hz
2026-09-08T15:41:09.877+01:00 INFO : Decompressing waveform using inline_linear
2026-09-08T15:41:09.882+01:00 INFO : Filtering template 294/384 segment 1/5
2026-09-08T15:41:09.902+01:00 INFO : Filtering template 294/384 segment 2/5
2026-09-08T15:41:09.919+01:00 INFO : 1 points above threshold
2026-09-08T15:41:09.934+01:00 INFO : Filtering template 294/384 segment 3/5
2026-09-08T15:41:09.951+01:00 INFO : 2 points above threshold
2026-09-08T15:41:09.956+01:00 INFO : Filtering template 294/384 segment 4/5
2026-09-08T15:41:09.974+01:00 INFO : 1 points above threshold
2026-09-08T15:41:09.979+01:00 INFO : Filtering template 294/384 segment 5/5
2026-09-08T15:41:09.996+01:00 INFO : 3 points above threshold
2026-09-08T15:41:10.004+01:00 INFO : 294: generating IMRPhenomD from 30.0 Hz
2026-09-08T15:41:10.006+01:00 INFO : Decompressing waveform using inline_linear
2026-09-08T15:41:10.011+01:00 INFO : Filtering template 295/384 segment 1/5
2026-09-08T15:41:10.031+01:00 INFO : 1 points above threshold
2026-09-08T15:41:10.045+01:00 INFO : Filtering template 295/384 segment 2/5
2026-09-08T15:41:10.063+01:00 INFO : 2 points above threshold
2026-09-08T15:41:10.068+01:00 INFO : Filtering template 295/384 segment 3/5
2026-09-08T15:41:10.085+01:00 INFO : 3 points above threshold
2026-09-08T15:41:10.092+01:00 INFO : Filtering template 295/384 segment 4/5
2026-09-08T15:41:10.109+01:00 INFO : 3 points above threshold
2026-09-08T15:41:10.116+01:00 INFO : Filtering template 295/384 segment 5/5
2026-09-08T15:41:10.134+01:00 INFO : 1 points above threshold
2026-09-08T15:41:10.139+01:00 INFO : 295: generating IMRPhenomD from 30.0 Hz
2026-09-08T15:41:10.142+01:00 INFO : Decompressing waveform using inline_linear
2026-09-08T15:41:10.146+01:00 INFO : Filtering template 296/384 segment 1/5
2026-09-08T15:41:10.166+01:00 INFO : 5 points above threshold
2026-09-08T15:41:10.183+01:00 INFO : Filtering template 296/384 segment 2/5
2026-09-08T15:41:10.200+01:00 INFO : 1 points above threshold
2026-09-08T15:41:10.205+01:00 INFO : Filtering template 296/384 segment 3/5
2026-09-08T15:41:10.222+01:00 INFO : 2 points above threshold
2026-09-08T15:41:10.228+01:00 INFO : Filtering template 296/384 segment 4/5
2026-09-08T15:41:10.245+01:00 INFO : Filtering template 296/384 segment 5/5
2026-09-08T15:41:10.262+01:00 INFO : 1 points above threshold
2026-09-08T15:41:10.268+01:00 INFO : 296: generating IMRPhenomD from 30.0 Hz
2026-09-08T15:41:10.270+01:00 INFO : Decompressing waveform using inline_linear
2026-09-08T15:41:10.275+01:00 INFO : Filtering template 297/384 segment 1/5
2026-09-08T15:41:10.295+01:00 INFO : 1 points above threshold
2026-09-08T15:41:10.309+01:00 INFO : Filtering template 297/384 segment 2/5
2026-09-08T15:41:10.327+01:00 INFO : 4 points above threshold
2026-09-08T15:41:10.332+01:00 INFO : Filtering template 297/384 segment 3/5
2026-09-08T15:41:10.349+01:00 INFO : Filtering template 297/384 segment 4/5
2026-09-08T15:41:10.367+01:00 INFO : Filtering template 297/384 segment 5/5
2026-09-08T15:41:10.384+01:00 INFO : 1 points above threshold
2026-09-08T15:41:10.389+01:00 INFO : 297: generating IMRPhenomD from 30.0 Hz
2026-09-08T15:41:10.392+01:00 INFO : Decompressing waveform using inline_linear
2026-09-08T15:41:10.397+01:00 INFO : Filtering template 298/384 segment 1/5
2026-09-08T15:41:10.416+01:00 INFO : 1 points above threshold
2026-09-08T15:41:10.431+01:00 INFO : Filtering template 298/384 segment 2/5
2026-09-08T15:41:10.449+01:00 INFO : 1 points above threshold
2026-09-08T15:41:10.454+01:00 INFO : Filtering template 298/384 segment 3/5
2026-09-08T15:41:10.471+01:00 INFO : 1 points above threshold
2026-09-08T15:41:10.476+01:00 INFO : Filtering template 298/384 segment 4/5
2026-09-08T15:41:10.494+01:00 INFO : 1 points above threshold
2026-09-08T15:41:10.499+01:00 INFO : Filtering template 298/384 segment 5/5
2026-09-08T15:41:10.516+01:00 INFO : 4 points above threshold
2026-09-08T15:41:10.522+01:00 INFO : 298: generating IMRPhenomD from 30.0 Hz
2026-09-08T15:41:10.524+01:00 INFO : Decompressing waveform using inline_linear
2026-09-08T15:41:10.529+01:00 INFO : Filtering template 299/384 segment 1/5
2026-09-08T15:41:10.549+01:00 INFO : 1 points above threshold
2026-09-08T15:41:10.563+01:00 INFO : Filtering template 299/384 segment 2/5
2026-09-08T15:41:10.580+01:00 INFO : 1 points above threshold
2026-09-08T15:41:10.586+01:00 INFO : Filtering template 299/384 segment 3/5
2026-09-08T15:41:10.603+01:00 INFO : Filtering template 299/384 segment 4/5
2026-09-08T15:41:10.620+01:00 INFO : 2 points above threshold
2026-09-08T15:41:10.625+01:00 INFO : Filtering template 299/384 segment 5/5
2026-09-08T15:41:10.643+01:00 INFO : 1 points above threshold
2026-09-08T15:41:10.648+01:00 INFO : 299: generating IMRPhenomD from 30.0 Hz
2026-09-08T15:41:10.651+01:00 INFO : Decompressing waveform using inline_linear
2026-09-08T15:41:10.655+01:00 INFO : Filtering template 300/384 segment 1/5
2026-09-08T15:41:10.675+01:00 INFO : 1 points above threshold
2026-09-08T15:41:10.690+01:00 INFO : Filtering template 300/384 segment 2/5
2026-09-08T15:41:10.707+01:00 INFO : Filtering template 300/384 segment 3/5
2026-09-08T15:41:10.724+01:00 INFO : 1 points above threshold
2026-09-08T15:41:10.729+01:00 INFO : Filtering template 300/384 segment 4/5
2026-09-08T15:41:10.747+01:00 INFO : Filtering template 300/384 segment 5/5
2026-09-08T15:41:10.764+01:00 INFO : 1 points above threshold
2026-09-08T15:41:10.770+01:00 INFO : 300: generating IMRPhenomD from 30.0 Hz
2026-09-08T15:41:10.772+01:00 INFO : Decompressing waveform using inline_linear
2026-09-08T15:41:10.777+01:00 INFO : Filtering template 301/384 segment 1/5
2026-09-08T15:41:10.797+01:00 INFO : 2 points above threshold
2026-09-08T15:41:10.811+01:00 INFO : Filtering template 301/384 segment 2/5
2026-09-08T15:41:10.829+01:00 INFO : Filtering template 301/384 segment 3/5
2026-09-08T15:41:10.846+01:00 INFO : 1 points above threshold
2026-09-08T15:41:10.851+01:00 INFO : Filtering template 301/384 segment 4/5
2026-09-08T15:41:10.869+01:00 INFO : Filtering template 301/384 segment 5/5
2026-09-08T15:41:10.886+01:00 INFO : 1 points above threshold
2026-09-08T15:41:10.891+01:00 INFO : 301: generating IMRPhenomD from 30.0 Hz
2026-09-08T15:41:10.894+01:00 INFO : Decompressing waveform using inline_linear
2026-09-08T15:41:10.899+01:00 INFO : Filtering template 302/384 segment 1/5
2026-09-08T15:41:10.918+01:00 INFO : 3 points above threshold
2026-09-08T15:41:10.935+01:00 INFO : Filtering template 302/384 segment 2/5
2026-09-08T15:41:10.952+01:00 INFO : 1 points above threshold
2026-09-08T15:41:10.957+01:00 INFO : Filtering template 302/384 segment 3/5
2026-09-08T15:41:10.975+01:00 INFO : Filtering template 302/384 segment 4/5
2026-09-08T15:41:10.992+01:00 INFO : 2 points above threshold
2026-09-08T15:41:10.997+01:00 INFO : Filtering template 302/384 segment 5/5
2026-09-08T15:41:11.015+01:00 INFO : 302: generating IMRPhenomD from 30.0 Hz
2026-09-08T15:41:11.018+01:00 INFO : Decompressing waveform using inline_linear
2026-09-08T15:41:11.022+01:00 INFO : Filtering template 303/384 segment 1/5
2026-09-08T15:41:11.042+01:00 INFO : Filtering template 303/384 segment 2/5
2026-09-08T15:41:11.060+01:00 INFO : 1 points above threshold
2026-09-08T15:41:11.074+01:00 INFO : Filtering template 303/384 segment 3/5
2026-09-08T15:41:11.092+01:00 INFO : 2 points above threshold
2026-09-08T15:41:11.097+01:00 INFO : Filtering template 303/384 segment 4/5
2026-09-08T15:41:11.114+01:00 INFO : 1 points above threshold
2026-09-08T15:41:11.119+01:00 INFO : Filtering template 303/384 segment 5/5
2026-09-08T15:41:11.136+01:00 INFO : 1 points above threshold
2026-09-08T15:41:11.142+01:00 INFO : 303: generating IMRPhenomD from 30.0 Hz
2026-09-08T15:41:11.158+01:00 INFO : Decompressing waveform using inline_linear
2026-09-08T15:41:11.162+01:00 INFO : Filtering template 304/384 segment 1/5
2026-09-08T15:41:11.190+01:00 INFO : 2 points above threshold
2026-09-08T15:41:11.208+01:00 INFO : Filtering template 304/384 segment 2/5
2026-09-08T15:41:11.226+01:00 INFO : 1 points above threshold
2026-09-08T15:41:11.231+01:00 INFO : Filtering template 304/384 segment 3/5
2026-09-08T15:41:11.248+01:00 INFO : Filtering template 304/384 segment 4/5
2026-09-08T15:41:11.265+01:00 INFO : Filtering template 304/384 segment 5/5
2026-09-08T15:41:11.283+01:00 INFO : 1 points above threshold
2026-09-08T15:41:11.288+01:00 INFO : 304: generating IMRPhenomD from 30.0 Hz
2026-09-08T15:41:11.291+01:00 INFO : Decompressing waveform using inline_linear
2026-09-08T15:41:11.296+01:00 INFO : Filtering template 305/384 segment 1/5
2026-09-08T15:41:11.315+01:00 INFO : Filtering template 305/384 segment 2/5
2026-09-08T15:41:11.333+01:00 INFO : 2 points above threshold
2026-09-08T15:41:11.349+01:00 INFO : Filtering template 305/384 segment 3/5
2026-09-08T15:41:11.366+01:00 INFO : 1 points above threshold
2026-09-08T15:41:11.371+01:00 INFO : Filtering template 305/384 segment 4/5
2026-09-08T15:41:11.389+01:00 INFO : 1 points above threshold
2026-09-08T15:41:11.394+01:00 INFO : Filtering template 305/384 segment 5/5
2026-09-08T15:41:11.411+01:00 INFO : 2 points above threshold
2026-09-08T15:41:11.416+01:00 INFO : 305: generating IMRPhenomD from 30.0 Hz
2026-09-08T15:41:11.419+01:00 INFO : Decompressing waveform using inline_linear
2026-09-08T15:41:11.424+01:00 INFO : Filtering template 306/384 segment 1/5
2026-09-08T15:41:11.443+01:00 INFO : 3 points above threshold
2026-09-08T15:41:11.460+01:00 INFO : Filtering template 306/384 segment 2/5
2026-09-08T15:41:11.477+01:00 INFO : 1 points above threshold
2026-09-08T15:41:11.482+01:00 INFO : Filtering template 306/384 segment 3/5
2026-09-08T15:41:11.500+01:00 INFO : 2 points above threshold
2026-09-08T15:41:11.505+01:00 INFO : Filtering template 306/384 segment 4/5
2026-09-08T15:41:11.522+01:00 INFO : 1 points above threshold
2026-09-08T15:41:11.527+01:00 INFO : Filtering template 306/384 segment 5/5
2026-09-08T15:41:11.544+01:00 INFO : 2 points above threshold
2026-09-08T15:41:11.550+01:00 INFO : 306: generating IMRPhenomD from 30.0 Hz
2026-09-08T15:41:11.552+01:00 INFO : Decompressing waveform using inline_linear
2026-09-08T15:41:11.557+01:00 INFO : Filtering template 307/384 segment 1/5
2026-09-08T15:41:11.577+01:00 INFO : Filtering template 307/384 segment 2/5
2026-09-08T15:41:11.594+01:00 INFO : 1 points above threshold
2026-09-08T15:41:11.609+01:00 INFO : Filtering template 307/384 segment 3/5
2026-09-08T15:41:11.626+01:00 INFO : 1 points above threshold
2026-09-08T15:41:11.631+01:00 INFO : Filtering template 307/384 segment 4/5
2026-09-08T15:41:11.648+01:00 INFO : 3 points above threshold
2026-09-08T15:41:11.655+01:00 INFO : Filtering template 307/384 segment 5/5
2026-09-08T15:41:11.673+01:00 INFO : 1 points above threshold
2026-09-08T15:41:11.678+01:00 INFO : 307: generating IMRPhenomD from 30.0 Hz
2026-09-08T15:41:11.681+01:00 INFO : Decompressing waveform using inline_linear
2026-09-08T15:41:11.685+01:00 INFO : Filtering template 308/384 segment 1/5
2026-09-08T15:41:11.705+01:00 INFO : 1 points above threshold
2026-09-08T15:41:11.719+01:00 INFO : Filtering template 308/384 segment 2/5
2026-09-08T15:41:11.737+01:00 INFO : Filtering template 308/384 segment 3/5
2026-09-08T15:41:11.754+01:00 INFO : 2 points above threshold
2026-09-08T15:41:11.759+01:00 INFO : Filtering template 308/384 segment 4/5
2026-09-08T15:41:11.777+01:00 INFO : 1 points above threshold
2026-09-08T15:41:11.785+01:00 INFO : Filtering template 308/384 segment 5/5
2026-09-08T15:41:11.802+01:00 INFO : 308: generating IMRPhenomD from 30.0 Hz
2026-09-08T15:41:11.805+01:00 INFO : Decompressing waveform using inline_linear
2026-09-08T15:41:11.810+01:00 INFO : Filtering template 309/384 segment 1/5
2026-09-08T15:41:11.829+01:00 INFO : 1 points above threshold
2026-09-08T15:41:11.844+01:00 INFO : Filtering template 309/384 segment 2/5
2026-09-08T15:41:11.861+01:00 INFO : Filtering template 309/384 segment 3/5
2026-09-08T15:41:11.879+01:00 INFO : Filtering template 309/384 segment 4/5
2026-09-08T15:41:11.896+01:00 INFO : Filtering template 309/384 segment 5/5
2026-09-08T15:41:11.914+01:00 INFO : 1 points above threshold
2026-09-08T15:41:11.919+01:00 INFO : 309: generating IMRPhenomD from 30.0 Hz
2026-09-08T15:41:11.922+01:00 INFO : Decompressing waveform using inline_linear
2026-09-08T15:41:11.927+01:00 INFO : Filtering template 310/384 segment 1/5
2026-09-08T15:41:11.946+01:00 INFO : 1 points above threshold
2026-09-08T15:41:11.961+01:00 INFO : Filtering template 310/384 segment 2/5
2026-09-08T15:41:11.978+01:00 INFO : 1 points above threshold
2026-09-08T15:41:11.984+01:00 INFO : Filtering template 310/384 segment 3/5
2026-09-08T15:41:12.001+01:00 INFO : 1 points above threshold
2026-09-08T15:41:12.006+01:00 INFO : Filtering template 310/384 segment 4/5
2026-09-08T15:41:12.023+01:00 INFO : Filtering template 310/384 segment 5/5
2026-09-08T15:41:12.041+01:00 INFO : 1 points above threshold
2026-09-08T15:41:12.046+01:00 INFO : 310: generating IMRPhenomD from 30.0 Hz
2026-09-08T15:41:12.049+01:00 INFO : Decompressing waveform using inline_linear
2026-09-08T15:41:12.054+01:00 INFO : Filtering template 311/384 segment 1/5
2026-09-08T15:41:12.073+01:00 INFO : Filtering template 311/384 segment 2/5
2026-09-08T15:41:12.091+01:00 INFO : 1 points above threshold
2026-09-08T15:41:12.105+01:00 INFO : Filtering template 311/384 segment 3/5
2026-09-08T15:41:12.123+01:00 INFO : Filtering template 311/384 segment 4/5
2026-09-08T15:41:12.140+01:00 INFO : 1 points above threshold
2026-09-08T15:41:12.145+01:00 INFO : Filtering template 311/384 segment 5/5
2026-09-08T15:41:12.163+01:00 INFO : 4 points above threshold
2026-09-08T15:41:12.168+01:00 INFO : 311: generating IMRPhenomD from 30.0 Hz
2026-09-08T15:41:12.171+01:00 INFO : Decompressing waveform using inline_linear
2026-09-08T15:41:12.176+01:00 INFO : Filtering template 312/384 segment 1/5
2026-09-08T15:41:12.195+01:00 INFO : 3 points above threshold
2026-09-08T15:41:12.211+01:00 INFO : Filtering template 312/384 segment 2/5
2026-09-08T15:41:12.229+01:00 INFO : Filtering template 312/384 segment 3/5
2026-09-08T15:41:12.246+01:00 INFO : 1 points above threshold
2026-09-08T15:41:12.251+01:00 INFO : Filtering template 312/384 segment 4/5
2026-09-08T15:41:12.269+01:00 INFO : Filtering template 312/384 segment 5/5
2026-09-08T15:41:12.287+01:00 INFO : 312: generating IMRPhenomD from 30.0 Hz
2026-09-08T15:41:12.289+01:00 INFO : Decompressing waveform using inline_linear
2026-09-08T15:41:12.294+01:00 INFO : Filtering template 313/384 segment 1/5
2026-09-08T15:41:12.314+01:00 INFO : Filtering template 313/384 segment 2/5
2026-09-08T15:41:12.331+01:00 INFO : 1 points above threshold
2026-09-08T15:41:12.346+01:00 INFO : Filtering template 313/384 segment 3/5
2026-09-08T15:41:12.363+01:00 INFO : Filtering template 313/384 segment 4/5
2026-09-08T15:41:12.381+01:00 INFO : 2 points above threshold
2026-09-08T15:41:12.386+01:00 INFO : Filtering template 313/384 segment 5/5
2026-09-08T15:41:12.403+01:00 INFO : 1 points above threshold
2026-09-08T15:41:12.408+01:00 INFO : 313: generating IMRPhenomD from 30.0 Hz
2026-09-08T15:41:12.411+01:00 INFO : Decompressing waveform using inline_linear
2026-09-08T15:41:12.416+01:00 INFO : Filtering template 314/384 segment 1/5
2026-09-08T15:41:12.435+01:00 INFO : 1 points above threshold
2026-09-08T15:41:12.450+01:00 INFO : Filtering template 314/384 segment 2/5
2026-09-08T15:41:12.467+01:00 INFO : Filtering template 314/384 segment 3/5
2026-09-08T15:41:12.485+01:00 INFO : 2 points above threshold
2026-09-08T15:41:12.490+01:00 INFO : Filtering template 314/384 segment 4/5
2026-09-08T15:41:12.507+01:00 INFO : Filtering template 314/384 segment 5/5
2026-09-08T15:41:12.524+01:00 INFO : 2 points above threshold
2026-09-08T15:41:12.530+01:00 INFO : 314: generating IMRPhenomD from 30.0 Hz
2026-09-08T15:41:12.533+01:00 INFO : Decompressing waveform using inline_linear
2026-09-08T15:41:12.537+01:00 INFO : Filtering template 315/384 segment 1/5
2026-09-08T15:41:12.557+01:00 INFO : 1 points above threshold
2026-09-08T15:41:12.572+01:00 INFO : Filtering template 315/384 segment 2/5
2026-09-08T15:41:12.589+01:00 INFO : 1 points above threshold
2026-09-08T15:41:12.594+01:00 INFO : Filtering template 315/384 segment 3/5
2026-09-08T15:41:12.612+01:00 INFO : 1 points above threshold
2026-09-08T15:41:12.617+01:00 INFO : Filtering template 315/384 segment 4/5
2026-09-08T15:41:12.634+01:00 INFO : Filtering template 315/384 segment 5/5
2026-09-08T15:41:12.652+01:00 INFO : 315: generating IMRPhenomD from 30.0 Hz
2026-09-08T15:41:12.654+01:00 INFO : Decompressing waveform using inline_linear
2026-09-08T15:41:12.659+01:00 INFO : Filtering template 316/384 segment 1/5
2026-09-08T15:41:12.679+01:00 INFO : Filtering template 316/384 segment 2/5
2026-09-08T15:41:12.696+01:00 INFO : Filtering template 316/384 segment 3/5
2026-09-08T15:41:12.714+01:00 INFO : Filtering template 316/384 segment 4/5
2026-09-08T15:41:12.731+01:00 INFO : 3 points above threshold
2026-09-08T15:41:12.747+01:00 INFO : Filtering template 316/384 segment 5/5
2026-09-08T15:41:12.765+01:00 INFO : 316: generating IMRPhenomD from 30.0 Hz
2026-09-08T15:41:12.768+01:00 INFO : Decompressing waveform using inline_linear
2026-09-08T15:41:12.773+01:00 INFO : Filtering template 317/384 segment 1/5
2026-09-08T15:41:12.792+01:00 INFO : Filtering template 317/384 segment 2/5
2026-09-08T15:41:12.810+01:00 INFO : Filtering template 317/384 segment 3/5
2026-09-08T15:41:12.827+01:00 INFO : 1 points above threshold
2026-09-08T15:41:12.841+01:00 INFO : Filtering template 317/384 segment 4/5
2026-09-08T15:41:12.859+01:00 INFO : Filtering template 317/384 segment 5/5
2026-09-08T15:41:12.876+01:00 INFO : 2 points above threshold
2026-09-08T15:41:12.882+01:00 INFO : 317: generating IMRPhenomD from 30.0 Hz
2026-09-08T15:41:12.884+01:00 INFO : Decompressing waveform using inline_linear
2026-09-08T15:41:12.889+01:00 INFO : Filtering template 318/384 segment 1/5
2026-09-08T15:41:12.909+01:00 INFO : 3 points above threshold
2026-09-08T15:41:12.925+01:00 INFO : Filtering template 318/384 segment 2/5
2026-09-08T15:41:12.942+01:00 INFO : 2 points above threshold
2026-09-08T15:41:12.947+01:00 INFO : Filtering template 318/384 segment 3/5
2026-09-08T15:41:12.965+01:00 INFO : Filtering template 318/384 segment 4/5
2026-09-08T15:41:12.982+01:00 INFO : 3 points above threshold
2026-09-08T15:41:12.989+01:00 INFO : Filtering template 318/384 segment 5/5
2026-09-08T15:41:13.007+01:00 INFO : 1 points above threshold
2026-09-08T15:41:13.012+01:00 INFO : 318: generating IMRPhenomD from 30.0 Hz
2026-09-08T15:41:13.015+01:00 INFO : Decompressing waveform using inline_linear
2026-09-08T15:41:13.020+01:00 INFO : Filtering template 319/384 segment 1/5
2026-09-08T15:41:13.039+01:00 INFO : 3 points above threshold
2026-09-08T15:41:13.055+01:00 INFO : Filtering template 319/384 segment 2/5
2026-09-08T15:41:13.073+01:00 INFO : 2 points above threshold
2026-09-08T15:41:13.078+01:00 INFO : Filtering template 319/384 segment 3/5
2026-09-08T15:41:13.095+01:00 INFO : 2 points above threshold
2026-09-08T15:41:13.100+01:00 INFO : Filtering template 319/384 segment 4/5
2026-09-08T15:41:13.118+01:00 INFO : Filtering template 319/384 segment 5/5
2026-09-08T15:41:13.135+01:00 INFO : 319: generating IMRPhenomD from 30.0 Hz
2026-09-08T15:41:13.138+01:00 INFO : Decompressing waveform using inline_linear
2026-09-08T15:41:13.143+01:00 INFO : Filtering template 320/384 segment 1/5
2026-09-08T15:41:13.163+01:00 INFO : 2 points above threshold
2026-09-08T15:41:13.177+01:00 INFO : Filtering template 320/384 segment 2/5
2026-09-08T15:41:13.194+01:00 INFO : 1 points above threshold
2026-09-08T15:41:13.200+01:00 INFO : Filtering template 320/384 segment 3/5
2026-09-08T15:41:13.217+01:00 INFO : 2 points above threshold
2026-09-08T15:41:13.222+01:00 INFO : Filtering template 320/384 segment 4/5
2026-09-08T15:41:13.239+01:00 INFO : Filtering template 320/384 segment 5/5
2026-09-08T15:41:13.257+01:00 INFO : 2 points above threshold
2026-09-08T15:41:13.262+01:00 INFO : 320: generating IMRPhenomD from 30.0 Hz
2026-09-08T15:41:13.265+01:00 INFO : Decompressing waveform using inline_linear
2026-09-08T15:41:13.269+01:00 INFO : Filtering template 321/384 segment 1/5
2026-09-08T15:41:13.289+01:00 INFO : Filtering template 321/384 segment 2/5
2026-09-08T15:41:13.307+01:00 INFO : Filtering template 321/384 segment 3/5
2026-09-08T15:41:13.324+01:00 INFO : 1 points above threshold
2026-09-08T15:41:13.340+01:00 INFO : Filtering template 321/384 segment 4/5
2026-09-08T15:41:13.357+01:00 INFO : Filtering template 321/384 segment 5/5
2026-09-08T15:41:13.375+01:00 INFO : 321: generating IMRPhenomD from 30.0 Hz
2026-09-08T15:41:13.377+01:00 INFO : Decompressing waveform using inline_linear
2026-09-08T15:41:13.382+01:00 INFO : Filtering template 322/384 segment 1/5
2026-09-08T15:41:13.402+01:00 INFO : Filtering template 322/384 segment 2/5
2026-09-08T15:41:13.419+01:00 INFO : 3 points above threshold
2026-09-08T15:41:13.436+01:00 INFO : Filtering template 322/384 segment 3/5
2026-09-08T15:41:13.453+01:00 INFO : 1 points above threshold
2026-09-08T15:41:13.458+01:00 INFO : Filtering template 322/384 segment 4/5
2026-09-08T15:41:13.475+01:00 INFO : 1 points above threshold
2026-09-08T15:41:13.481+01:00 INFO : Filtering template 322/384 segment 5/5
2026-09-08T15:41:13.498+01:00 INFO : 1 points above threshold
2026-09-08T15:41:13.503+01:00 INFO : 322: generating IMRPhenomD from 30.0 Hz
2026-09-08T15:41:13.506+01:00 INFO : Decompressing waveform using inline_linear
2026-09-08T15:41:13.511+01:00 INFO : Filtering template 323/384 segment 1/5
2026-09-08T15:41:13.530+01:00 INFO : Filtering template 323/384 segment 2/5
2026-09-08T15:41:13.548+01:00 INFO : 2 points above threshold
2026-09-08T15:41:13.562+01:00 INFO : Filtering template 323/384 segment 3/5
2026-09-08T15:41:13.580+01:00 INFO : 2 points above threshold
2026-09-08T15:41:13.586+01:00 INFO : Filtering template 323/384 segment 4/5
2026-09-08T15:41:13.603+01:00 INFO : Filtering template 323/384 segment 5/5
2026-09-08T15:41:13.620+01:00 INFO : 1 points above threshold
2026-09-08T15:41:13.626+01:00 INFO : 323: generating IMRPhenomD from 30.0 Hz
2026-09-08T15:41:13.628+01:00 INFO : Decompressing waveform using inline_linear
2026-09-08T15:41:13.633+01:00 INFO : Filtering template 324/384 segment 1/5
2026-09-08T15:41:13.653+01:00 INFO : Filtering template 324/384 segment 2/5
2026-09-08T15:41:13.670+01:00 INFO : Filtering template 324/384 segment 3/5
2026-09-08T15:41:13.688+01:00 INFO : 1 points above threshold
2026-09-08T15:41:13.702+01:00 INFO : Filtering template 324/384 segment 4/5
2026-09-08T15:41:13.720+01:00 INFO : Filtering template 324/384 segment 5/5
2026-09-08T15:41:13.737+01:00 INFO : 4 points above threshold
2026-09-08T15:41:13.742+01:00 INFO : 324: generating IMRPhenomD from 30.0 Hz
2026-09-08T15:41:13.745+01:00 INFO : Decompressing waveform using inline_linear
2026-09-08T15:41:13.750+01:00 INFO : Filtering template 325/384 segment 1/5
2026-09-08T15:41:13.769+01:00 INFO : 2 points above threshold
2026-09-08T15:41:13.784+01:00 INFO : Filtering template 325/384 segment 2/5
2026-09-08T15:41:13.801+01:00 INFO : 3 points above threshold
2026-09-08T15:41:13.808+01:00 INFO : Filtering template 325/384 segment 3/5
2026-09-08T15:41:13.825+01:00 INFO : 2 points above threshold
2026-09-08T15:41:13.830+01:00 INFO : Filtering template 325/384 segment 4/5
2026-09-08T15:41:13.848+01:00 INFO : 1 points above threshold
2026-09-08T15:41:13.856+01:00 INFO : Filtering template 325/384 segment 5/5
2026-09-08T15:41:13.873+01:00 INFO : 1 points above threshold
2026-09-08T15:41:13.878+01:00 INFO : 325: generating IMRPhenomD from 30.0 Hz
2026-09-08T15:41:13.881+01:00 INFO : Decompressing waveform using inline_linear
2026-09-08T15:41:13.886+01:00 INFO : Filtering template 326/384 segment 1/5
2026-09-08T15:41:13.905+01:00 INFO : 2 points above threshold
2026-09-08T15:41:13.920+01:00 INFO : Filtering template 326/384 segment 2/5
2026-09-08T15:41:13.937+01:00 INFO : 2 points above threshold
2026-09-08T15:41:13.942+01:00 INFO : Filtering template 326/384 segment 3/5
2026-09-08T15:41:13.959+01:00 INFO : Filtering template 326/384 segment 4/5
2026-09-08T15:41:13.977+01:00 INFO : Filtering template 326/384 segment 5/5
2026-09-08T15:41:13.994+01:00 INFO : 2 points above threshold
2026-09-08T15:41:14.000+01:00 INFO : 326: generating IMRPhenomD from 30.0 Hz
2026-09-08T15:41:14.002+01:00 INFO : Decompressing waveform using inline_linear
2026-09-08T15:41:14.007+01:00 INFO : Filtering template 327/384 segment 1/5
2026-09-08T15:41:14.027+01:00 INFO : 2 points above threshold
2026-09-08T15:41:14.041+01:00 INFO : Filtering template 327/384 segment 2/5
2026-09-08T15:41:14.058+01:00 INFO : 1 points above threshold
2026-09-08T15:41:14.063+01:00 INFO : Filtering template 327/384 segment 3/5
2026-09-08T15:41:14.081+01:00 INFO : 3 points above threshold
2026-09-08T15:41:14.088+01:00 INFO : Filtering template 327/384 segment 4/5
2026-09-08T15:41:14.105+01:00 INFO : 2 points above threshold
2026-09-08T15:41:14.110+01:00 INFO : Filtering template 327/384 segment 5/5
2026-09-08T15:41:14.128+01:00 INFO : 1 points above threshold
2026-09-08T15:41:14.133+01:00 INFO : 327: generating IMRPhenomD from 30.0 Hz
2026-09-08T15:41:14.136+01:00 INFO : Decompressing waveform using inline_linear
2026-09-08T15:41:14.140+01:00 INFO : Filtering template 328/384 segment 1/5
2026-09-08T15:41:14.160+01:00 INFO : 1 points above threshold
2026-09-08T15:41:14.175+01:00 INFO : Filtering template 328/384 segment 2/5
2026-09-08T15:41:14.192+01:00 INFO : 1 points above threshold
2026-09-08T15:41:14.197+01:00 INFO : Filtering template 328/384 segment 3/5
2026-09-08T15:41:14.214+01:00 INFO : 4 points above threshold
2026-09-08T15:41:14.220+01:00 INFO : Filtering template 328/384 segment 4/5
2026-09-08T15:41:14.237+01:00 INFO : 1 points above threshold
2026-09-08T15:41:14.242+01:00 INFO : Filtering template 328/384 segment 5/5
2026-09-08T15:41:14.259+01:00 INFO : 2 points above threshold
2026-09-08T15:41:14.265+01:00 INFO : 328: generating IMRPhenomD from 30.0 Hz
2026-09-08T15:41:14.267+01:00 INFO : Decompressing waveform using inline_linear
2026-09-08T15:41:14.272+01:00 INFO : Filtering template 329/384 segment 1/5
2026-09-08T15:41:14.292+01:00 INFO : Filtering template 329/384 segment 2/5
2026-09-08T15:41:14.309+01:00 INFO : Filtering template 329/384 segment 3/5
2026-09-08T15:41:14.327+01:00 INFO : 2 points above threshold
2026-09-08T15:41:14.341+01:00 INFO : Filtering template 329/384 segment 4/5
2026-09-08T15:41:14.359+01:00 INFO : 1 points above threshold
2026-09-08T15:41:14.364+01:00 INFO : Filtering template 329/384 segment 5/5
2026-09-08T15:41:14.381+01:00 INFO : 2 points above threshold
2026-09-08T15:41:14.386+01:00 INFO : 329: generating IMRPhenomD from 30.0 Hz
2026-09-08T15:41:14.389+01:00 INFO : Decompressing waveform using inline_linear
2026-09-08T15:41:14.394+01:00 INFO : Filtering template 330/384 segment 1/5
2026-09-08T15:41:14.413+01:00 INFO : 1 points above threshold
2026-09-08T15:41:14.428+01:00 INFO : Filtering template 330/384 segment 2/5
2026-09-08T15:41:14.445+01:00 INFO : 2 points above threshold
2026-09-08T15:41:14.450+01:00 INFO : Filtering template 330/384 segment 3/5
2026-09-08T15:41:14.468+01:00 INFO : 2 points above threshold
2026-09-08T15:41:14.473+01:00 INFO : Filtering template 330/384 segment 4/5
2026-09-08T15:41:14.490+01:00 INFO : 1 points above threshold
2026-09-08T15:41:14.495+01:00 INFO : Filtering template 330/384 segment 5/5
2026-09-08T15:41:14.513+01:00 INFO : 330: generating IMRPhenomD from 30.0 Hz
2026-09-08T15:41:14.516+01:00 INFO : Decompressing waveform using inline_linear
2026-09-08T15:41:14.520+01:00 INFO : Filtering template 331/384 segment 1/5
2026-09-08T15:41:14.540+01:00 INFO : 2 points above threshold
2026-09-08T15:41:14.554+01:00 INFO : Filtering template 331/384 segment 2/5
2026-09-08T15:41:14.572+01:00 INFO : 1 points above threshold
2026-09-08T15:41:14.577+01:00 INFO : Filtering template 331/384 segment 3/5
2026-09-08T15:41:14.594+01:00 INFO : 3 points above threshold
2026-09-08T15:41:14.601+01:00 INFO : Filtering template 331/384 segment 4/5
2026-09-08T15:41:14.618+01:00 INFO : 4 points above threshold
2026-09-08T15:41:14.624+01:00 INFO : Filtering template 331/384 segment 5/5
2026-09-08T15:41:14.641+01:00 INFO : 331: generating IMRPhenomD from 30.0 Hz
2026-09-08T15:41:14.644+01:00 INFO : Decompressing waveform using inline_linear
2026-09-08T15:41:14.649+01:00 INFO : Filtering template 332/384 segment 1/5
2026-09-08T15:41:14.668+01:00 INFO : 2 points above threshold
2026-09-08T15:41:14.683+01:00 INFO : Filtering template 332/384 segment 2/5
2026-09-08T15:41:14.700+01:00 INFO : Filtering template 332/384 segment 3/5
2026-09-08T15:41:14.718+01:00 INFO : 1 points above threshold
2026-09-08T15:41:14.723+01:00 INFO : Filtering template 332/384 segment 4/5
2026-09-08T15:41:14.740+01:00 INFO : Filtering template 332/384 segment 5/5
2026-09-08T15:41:14.758+01:00 INFO : 1 points above threshold
2026-09-08T15:41:14.763+01:00 INFO : 332: generating IMRPhenomD from 30.0 Hz
2026-09-08T15:41:14.766+01:00 INFO : Decompressing waveform using inline_linear
2026-09-08T15:41:14.770+01:00 INFO : Filtering template 333/384 segment 1/5
2026-09-08T15:41:14.790+01:00 INFO : 2 points above threshold
2026-09-08T15:41:14.804+01:00 INFO : Filtering template 333/384 segment 2/5
2026-09-08T15:41:14.822+01:00 INFO : Filtering template 333/384 segment 3/5
2026-09-08T15:41:14.840+01:00 INFO : 1 points above threshold
2026-09-08T15:41:14.845+01:00 INFO : Filtering template 333/384 segment 4/5
2026-09-08T15:41:14.862+01:00 INFO : 1 points above threshold
2026-09-08T15:41:14.867+01:00 INFO : Filtering template 333/384 segment 5/5
2026-09-08T15:41:14.885+01:00 INFO : 333: generating IMRPhenomD from 30.0 Hz
2026-09-08T15:41:14.888+01:00 INFO : Decompressing waveform using inline_linear
2026-09-08T15:41:14.893+01:00 INFO : Filtering template 334/384 segment 1/5
2026-09-08T15:41:14.912+01:00 INFO : 3 points above threshold
2026-09-08T15:41:14.928+01:00 INFO : Filtering template 334/384 segment 2/5
2026-09-08T15:41:14.946+01:00 INFO : Filtering template 334/384 segment 3/5
2026-09-08T15:41:14.963+01:00 INFO : Filtering template 334/384 segment 4/5
2026-09-08T15:41:14.981+01:00 INFO : 2 points above threshold
2026-09-08T15:41:14.986+01:00 INFO : Filtering template 334/384 segment 5/5
2026-09-08T15:41:15.003+01:00 INFO : 334: generating IMRPhenomD from 30.0 Hz
2026-09-08T15:41:15.006+01:00 INFO : Decompressing waveform using inline_linear
2026-09-08T15:41:15.011+01:00 INFO : Filtering template 335/384 segment 1/5
2026-09-08T15:41:15.030+01:00 INFO : 1 points above threshold
2026-09-08T15:41:15.045+01:00 INFO : Filtering template 335/384 segment 2/5
2026-09-08T15:41:15.062+01:00 INFO : Filtering template 335/384 segment 3/5
2026-09-08T15:41:15.080+01:00 INFO : 3 points above threshold
2026-09-08T15:41:15.087+01:00 INFO : Filtering template 335/384 segment 4/5
2026-09-08T15:41:15.104+01:00 INFO : Filtering template 335/384 segment 5/5
2026-09-08T15:41:15.122+01:00 INFO : 1 points above threshold
2026-09-08T15:41:15.127+01:00 INFO : 335: generating IMRPhenomD from 30.0 Hz
2026-09-08T15:41:15.130+01:00 INFO : Decompressing waveform using inline_linear
2026-09-08T15:41:15.134+01:00 INFO : Filtering template 336/384 segment 1/5
2026-09-08T15:41:15.154+01:00 INFO : 3 points above threshold
2026-09-08T15:41:15.170+01:00 INFO : Filtering template 336/384 segment 2/5
2026-09-08T15:41:15.188+01:00 INFO : Filtering template 336/384 segment 3/5
2026-09-08T15:41:15.205+01:00 INFO : Filtering template 336/384 segment 4/5
2026-09-08T15:41:15.223+01:00 INFO : 1 points above threshold
2026-09-08T15:41:15.228+01:00 INFO : Filtering template 336/384 segment 5/5
2026-09-08T15:41:15.246+01:00 INFO : 336: generating IMRPhenomD from 30.0 Hz
2026-09-08T15:41:15.248+01:00 INFO : Decompressing waveform using inline_linear
2026-09-08T15:41:15.253+01:00 INFO : Filtering template 337/384 segment 1/5
2026-09-08T15:41:15.273+01:00 INFO : Filtering template 337/384 segment 2/5
2026-09-08T15:41:15.290+01:00 INFO : 1 points above threshold
2026-09-08T15:41:15.305+01:00 INFO : Filtering template 337/384 segment 3/5
2026-09-08T15:41:15.322+01:00 INFO : Filtering template 337/384 segment 4/5
2026-09-08T15:41:15.339+01:00 INFO : 2 points above threshold
2026-09-08T15:41:15.345+01:00 INFO : Filtering template 337/384 segment 5/5
2026-09-08T15:41:15.362+01:00 INFO : 337: generating IMRPhenomD from 30.0 Hz
2026-09-08T15:41:15.365+01:00 INFO : Decompressing waveform using inline_linear
2026-09-08T15:41:15.370+01:00 INFO : Filtering template 338/384 segment 1/5
2026-09-08T15:41:15.389+01:00 INFO : 1 points above threshold
2026-09-08T15:41:15.404+01:00 INFO : Filtering template 338/384 segment 2/5
2026-09-08T15:41:15.421+01:00 INFO : 2 points above threshold
2026-09-08T15:41:15.426+01:00 INFO : Filtering template 338/384 segment 3/5
2026-09-08T15:41:15.444+01:00 INFO : 1 points above threshold
2026-09-08T15:41:15.449+01:00 INFO : Filtering template 338/384 segment 4/5
2026-09-08T15:41:15.466+01:00 INFO : Filtering template 338/384 segment 5/5
2026-09-08T15:41:15.484+01:00 INFO : 2 points above threshold
2026-09-08T15:41:15.489+01:00 INFO : 338: generating IMRPhenomD from 30.0 Hz
2026-09-08T15:41:15.492+01:00 INFO : Decompressing waveform using inline_linear
2026-09-08T15:41:15.496+01:00 INFO : Filtering template 339/384 segment 1/5
2026-09-08T15:41:15.516+01:00 INFO : 1 points above threshold
2026-09-08T15:41:15.530+01:00 INFO : Filtering template 339/384 segment 2/5
2026-09-08T15:41:15.548+01:00 INFO : 1 points above threshold
2026-09-08T15:41:15.553+01:00 INFO : Filtering template 339/384 segment 3/5
2026-09-08T15:41:15.570+01:00 INFO : 1 points above threshold
2026-09-08T15:41:15.576+01:00 INFO : Filtering template 339/384 segment 4/5
2026-09-08T15:41:15.594+01:00 INFO : Filtering template 339/384 segment 5/5
2026-09-08T15:41:15.611+01:00 INFO : 2 points above threshold
2026-09-08T15:41:15.616+01:00 INFO : 339: generating IMRPhenomD from 30.0 Hz
2026-09-08T15:41:15.619+01:00 INFO : Decompressing waveform using inline_linear
2026-09-08T15:41:15.624+01:00 INFO : Filtering template 340/384 segment 1/5
2026-09-08T15:41:15.643+01:00 INFO : 1 points above threshold
2026-09-08T15:41:15.658+01:00 INFO : Filtering template 340/384 segment 2/5
2026-09-08T15:41:15.675+01:00 INFO : Filtering template 340/384 segment 3/5
2026-09-08T15:41:15.693+01:00 INFO : Filtering template 340/384 segment 4/5
2026-09-08T15:41:15.710+01:00 INFO : Filtering template 340/384 segment 5/5
2026-09-08T15:41:15.728+01:00 INFO : 1 points above threshold
2026-09-08T15:41:15.733+01:00 INFO : 340: generating IMRPhenomD from 30.0 Hz
2026-09-08T15:41:15.749+01:00 INFO : Decompressing waveform using inline_linear
2026-09-08T15:41:15.754+01:00 INFO : Filtering template 341/384 segment 1/5
2026-09-08T15:41:15.782+01:00 INFO : 2 points above threshold
2026-09-08T15:41:15.799+01:00 INFO : Filtering template 341/384 segment 2/5
2026-09-08T15:41:15.817+01:00 INFO : 1 points above threshold
2026-09-08T15:41:15.822+01:00 INFO : Filtering template 341/384 segment 3/5
2026-09-08T15:41:15.839+01:00 INFO : 2 points above threshold
2026-09-08T15:41:15.844+01:00 INFO : Filtering template 341/384 segment 4/5
2026-09-08T15:41:15.862+01:00 INFO : 1 points above threshold
2026-09-08T15:41:15.867+01:00 INFO : Filtering template 341/384 segment 5/5
2026-09-08T15:41:15.884+01:00 INFO : 2 points above threshold
2026-09-08T15:41:15.890+01:00 INFO : 341: generating IMRPhenomD from 30.0 Hz
2026-09-08T15:41:15.892+01:00 INFO : Decompressing waveform using inline_linear
2026-09-08T15:41:15.897+01:00 INFO : Filtering template 342/384 segment 1/5
2026-09-08T15:41:15.917+01:00 INFO : 2 points above threshold
2026-09-08T15:41:15.932+01:00 INFO : Filtering template 342/384 segment 2/5
2026-09-08T15:41:15.950+01:00 INFO : 2 points above threshold
2026-09-08T15:41:15.955+01:00 INFO : Filtering template 342/384 segment 3/5
2026-09-08T15:41:15.972+01:00 INFO : 1 points above threshold
2026-09-08T15:41:15.978+01:00 INFO : Filtering template 342/384 segment 4/5
2026-09-08T15:41:15.995+01:00 INFO : 2 points above threshold
2026-09-08T15:41:16.000+01:00 INFO : Filtering template 342/384 segment 5/5
2026-09-08T15:41:16.017+01:00 INFO : 1 points above threshold
2026-09-08T15:41:16.023+01:00 INFO : 342: generating IMRPhenomD from 30.0 Hz
2026-09-08T15:41:16.025+01:00 INFO : Decompressing waveform using inline_linear
2026-09-08T15:41:16.030+01:00 INFO : Filtering template 343/384 segment 1/5
2026-09-08T15:41:16.050+01:00 INFO : Filtering template 343/384 segment 2/5
2026-09-08T15:41:16.067+01:00 INFO : 1 points above threshold
2026-09-08T15:41:16.082+01:00 INFO : Filtering template 343/384 segment 3/5
2026-09-08T15:41:16.099+01:00 INFO : Filtering template 343/384 segment 4/5
2026-09-08T15:41:16.117+01:00 INFO : Filtering template 343/384 segment 5/5
2026-09-08T15:41:16.134+01:00 INFO : 343: generating IMRPhenomD from 30.0 Hz
2026-09-08T15:41:16.137+01:00 INFO : Decompressing waveform using inline_linear
2026-09-08T15:41:16.142+01:00 INFO : Filtering template 344/384 segment 1/5
2026-09-08T15:41:16.162+01:00 INFO : 1 points above threshold
2026-09-08T15:41:16.176+01:00 INFO : Filtering template 344/384 segment 2/5
2026-09-08T15:41:16.194+01:00 INFO : 1 points above threshold
2026-09-08T15:41:16.199+01:00 INFO : Filtering template 344/384 segment 3/5
2026-09-08T15:41:16.216+01:00 INFO : 1 points above threshold
2026-09-08T15:41:16.221+01:00 INFO : Filtering template 344/384 segment 4/5
2026-09-08T15:41:16.239+01:00 INFO : 1 points above threshold
2026-09-08T15:41:16.244+01:00 INFO : Filtering template 344/384 segment 5/5
2026-09-08T15:41:16.261+01:00 INFO : 1 points above threshold
2026-09-08T15:41:16.266+01:00 INFO : 344: generating IMRPhenomD from 30.0 Hz
2026-09-08T15:41:16.269+01:00 INFO : Decompressing waveform using inline_linear
2026-09-08T15:41:16.274+01:00 INFO : Filtering template 345/384 segment 1/5
2026-09-08T15:41:16.293+01:00 INFO : 1 points above threshold
2026-09-08T15:41:16.308+01:00 INFO : Filtering template 345/384 segment 2/5
2026-09-08T15:41:16.325+01:00 INFO : 2 points above threshold
2026-09-08T15:41:16.330+01:00 INFO : Filtering template 345/384 segment 3/5
2026-09-08T15:41:16.348+01:00 INFO : 4 points above threshold
2026-09-08T15:41:16.353+01:00 INFO : Filtering template 345/384 segment 4/5
2026-09-08T15:41:16.370+01:00 INFO : 1 points above threshold
2026-09-08T15:41:16.375+01:00 INFO : Filtering template 345/384 segment 5/5
2026-09-08T15:41:16.393+01:00 INFO : 1 points above threshold
2026-09-08T15:41:16.398+01:00 INFO : 345: generating IMRPhenomD from 30.0 Hz
2026-09-08T15:41:16.401+01:00 INFO : Decompressing waveform using inline_linear
2026-09-08T15:41:16.406+01:00 INFO : Filtering template 346/384 segment 1/5
2026-09-08T15:41:16.425+01:00 INFO : 1 points above threshold
2026-09-08T15:41:16.440+01:00 INFO : Filtering template 346/384 segment 2/5
2026-09-08T15:41:16.457+01:00 INFO : Filtering template 346/384 segment 3/5
2026-09-08T15:41:16.475+01:00 INFO : 1 points above threshold
2026-09-08T15:41:16.480+01:00 INFO : Filtering template 346/384 segment 4/5
2026-09-08T15:41:16.497+01:00 INFO : 3 points above threshold
2026-09-08T15:41:16.504+01:00 INFO : Filtering template 346/384 segment 5/5
2026-09-08T15:41:16.522+01:00 INFO : 1 points above threshold
2026-09-08T15:41:16.527+01:00 INFO : 346: generating IMRPhenomD from 30.0 Hz
2026-09-08T15:41:16.529+01:00 INFO : Decompressing waveform using inline_linear
2026-09-08T15:41:16.534+01:00 INFO : Filtering template 347/384 segment 1/5
2026-09-08T15:41:16.554+01:00 INFO : 2 points above threshold
2026-09-08T15:41:16.568+01:00 INFO : Filtering template 347/384 segment 2/5
2026-09-08T15:41:16.586+01:00 INFO : Filtering template 347/384 segment 3/5
2026-09-08T15:41:16.603+01:00 INFO : 2 points above threshold
2026-09-08T15:41:16.608+01:00 INFO : Filtering template 347/384 segment 4/5
2026-09-08T15:41:16.625+01:00 INFO : 4 points above threshold
2026-09-08T15:41:16.631+01:00 INFO : Filtering template 347/384 segment 5/5
2026-09-08T15:41:16.648+01:00 INFO : 347: generating IMRPhenomD from 30.0 Hz
2026-09-08T15:41:16.651+01:00 INFO : Decompressing waveform using inline_linear
2026-09-08T15:41:16.656+01:00 INFO : Filtering template 348/384 segment 1/5
2026-09-08T15:41:16.675+01:00 INFO : 2 points above threshold
2026-09-08T15:41:16.690+01:00 INFO : Filtering template 348/384 segment 2/5
2026-09-08T15:41:16.707+01:00 INFO : Filtering template 348/384 segment 3/5
2026-09-08T15:41:16.725+01:00 INFO : 3 points above threshold
2026-09-08T15:41:16.732+01:00 INFO : Filtering template 348/384 segment 4/5
2026-09-08T15:41:16.749+01:00 INFO : 4 points above threshold
2026-09-08T15:41:16.754+01:00 INFO : Filtering template 348/384 segment 5/5
2026-09-08T15:41:16.772+01:00 INFO : 348: generating IMRPhenomD from 30.0 Hz
2026-09-08T15:41:16.775+01:00 INFO : Decompressing waveform using inline_linear
2026-09-08T15:41:16.779+01:00 INFO : Filtering template 349/384 segment 1/5
2026-09-08T15:41:16.799+01:00 INFO : 2 points above threshold
2026-09-08T15:41:16.813+01:00 INFO : Filtering template 349/384 segment 2/5
2026-09-08T15:41:16.831+01:00 INFO : 1 points above threshold
2026-09-08T15:41:16.836+01:00 INFO : Filtering template 349/384 segment 3/5
2026-09-08T15:41:16.853+01:00 INFO : Filtering template 349/384 segment 4/5
2026-09-08T15:41:16.871+01:00 INFO : 5 points above threshold
2026-09-08T15:41:16.878+01:00 INFO : Filtering template 349/384 segment 5/5
2026-09-08T15:41:16.895+01:00 INFO : 1 points above threshold
2026-09-08T15:41:16.901+01:00 INFO : 349: generating IMRPhenomD from 30.0 Hz
2026-09-08T15:41:16.903+01:00 INFO : Decompressing waveform using inline_linear
2026-09-08T15:41:16.908+01:00 INFO : Filtering template 350/384 segment 1/5
2026-09-08T15:41:16.928+01:00 INFO : 2 points above threshold
2026-09-08T15:41:16.942+01:00 INFO : Filtering template 350/384 segment 2/5
2026-09-08T15:41:16.960+01:00 INFO : 1 points above threshold
2026-09-08T15:41:16.965+01:00 INFO : Filtering template 350/384 segment 3/5
2026-09-08T15:41:16.982+01:00 INFO : 1 points above threshold
2026-09-08T15:41:16.987+01:00 INFO : Filtering template 350/384 segment 4/5
2026-09-08T15:41:17.005+01:00 INFO : Filtering template 350/384 segment 5/5
2026-09-08T15:41:17.022+01:00 INFO : 5 points above threshold
2026-09-08T15:41:17.030+01:00 INFO : 350: generating IMRPhenomD from 30.0 Hz
2026-09-08T15:41:17.032+01:00 INFO : Decompressing waveform using inline_linear
2026-09-08T15:41:17.037+01:00 INFO : Filtering template 351/384 segment 1/5
2026-09-08T15:41:17.057+01:00 INFO : 1 points above threshold
2026-09-08T15:41:17.071+01:00 INFO : Filtering template 351/384 segment 2/5
2026-09-08T15:41:17.089+01:00 INFO : Filtering template 351/384 segment 3/5
2026-09-08T15:41:17.106+01:00 INFO : Filtering template 351/384 segment 4/5
2026-09-08T15:41:17.124+01:00 INFO : 2 points above threshold
2026-09-08T15:41:17.129+01:00 INFO : Filtering template 351/384 segment 5/5
2026-09-08T15:41:17.146+01:00 INFO : 351: generating IMRPhenomD from 30.0 Hz
2026-09-08T15:41:17.149+01:00 INFO : Decompressing waveform using inline_linear
2026-09-08T15:41:17.154+01:00 INFO : Filtering template 352/384 segment 1/5
2026-09-08T15:41:17.173+01:00 INFO : Filtering template 352/384 segment 2/5
2026-09-08T15:41:17.191+01:00 INFO : Filtering template 352/384 segment 3/5
2026-09-08T15:41:17.208+01:00 INFO : Filtering template 352/384 segment 4/5
2026-09-08T15:41:17.226+01:00 INFO : 1 points above threshold
2026-09-08T15:41:17.240+01:00 INFO : Filtering template 352/384 segment 5/5
2026-09-08T15:41:17.258+01:00 INFO : 1 points above threshold
2026-09-08T15:41:17.263+01:00 INFO : 352: generating IMRPhenomD from 30.0 Hz
2026-09-08T15:41:17.266+01:00 INFO : Decompressing waveform using inline_linear
2026-09-08T15:41:17.270+01:00 INFO : Filtering template 353/384 segment 1/5
2026-09-08T15:41:17.290+01:00 INFO : 1 points above threshold
2026-09-08T15:41:17.305+01:00 INFO : Filtering template 353/384 segment 2/5
2026-09-08T15:41:17.322+01:00 INFO : 2 points above threshold
2026-09-08T15:41:17.327+01:00 INFO : Filtering template 353/384 segment 3/5
2026-09-08T15:41:17.345+01:00 INFO : 2 points above threshold
2026-09-08T15:41:17.350+01:00 INFO : Filtering template 353/384 segment 4/5
2026-09-08T15:41:17.367+01:00 INFO : 1 points above threshold
2026-09-08T15:41:17.372+01:00 INFO : Filtering template 353/384 segment 5/5
2026-09-08T15:41:17.390+01:00 INFO : 353: generating IMRPhenomD from 30.0 Hz
2026-09-08T15:41:17.392+01:00 INFO : Decompressing waveform using inline_linear
2026-09-08T15:41:17.397+01:00 INFO : Filtering template 354/384 segment 1/5
2026-09-08T15:41:17.417+01:00 INFO : 4 points above threshold
2026-09-08T15:41:17.431+01:00 INFO : Filtering template 354/384 segment 2/5
2026-09-08T15:41:17.449+01:00 INFO : 1 points above threshold
2026-09-08T15:41:17.454+01:00 INFO : Filtering template 354/384 segment 3/5
2026-09-08T15:41:17.471+01:00 INFO : Filtering template 354/384 segment 4/5
2026-09-08T15:41:17.489+01:00 INFO : Filtering template 354/384 segment 5/5
2026-09-08T15:41:17.506+01:00 INFO : 1 points above threshold
2026-09-08T15:41:17.511+01:00 INFO : 354: generating IMRPhenomD from 30.0 Hz
2026-09-08T15:41:17.514+01:00 INFO : Decompressing waveform using inline_linear
2026-09-08T15:41:17.519+01:00 INFO : Filtering template 355/384 segment 1/5
2026-09-08T15:41:17.538+01:00 INFO : Filtering template 355/384 segment 2/5
2026-09-08T15:41:17.556+01:00 INFO : Filtering template 355/384 segment 3/5
2026-09-08T15:41:17.573+01:00 INFO : 1 points above threshold
2026-09-08T15:41:17.588+01:00 INFO : Filtering template 355/384 segment 4/5
2026-09-08T15:41:17.605+01:00 INFO : Filtering template 355/384 segment 5/5
2026-09-08T15:41:17.623+01:00 INFO : 2 points above threshold
2026-09-08T15:41:17.628+01:00 INFO : 355: generating IMRPhenomD from 30.0 Hz
2026-09-08T15:41:17.630+01:00 INFO : Decompressing waveform using inline_linear
2026-09-08T15:41:17.635+01:00 INFO : Filtering template 356/384 segment 1/5
2026-09-08T15:41:17.655+01:00 INFO : 1 points above threshold
2026-09-08T15:41:17.669+01:00 INFO : Filtering template 356/384 segment 2/5
2026-09-08T15:41:17.687+01:00 INFO : 2 points above threshold
2026-09-08T15:41:17.692+01:00 INFO : Filtering template 356/384 segment 3/5
2026-09-08T15:41:17.709+01:00 INFO : 2 points above threshold
2026-09-08T15:41:17.714+01:00 INFO : Filtering template 356/384 segment 4/5
2026-09-08T15:41:17.732+01:00 INFO : 2 points above threshold
2026-09-08T15:41:17.737+01:00 INFO : Filtering template 356/384 segment 5/5
2026-09-08T15:41:17.754+01:00 INFO : 1 points above threshold
2026-09-08T15:41:17.759+01:00 INFO : 356: generating IMRPhenomD from 30.0 Hz
2026-09-08T15:41:17.762+01:00 INFO : Decompressing waveform using inline_linear
2026-09-08T15:41:17.767+01:00 INFO : Filtering template 357/384 segment 1/5
2026-09-08T15:41:17.786+01:00 INFO : 2 points above threshold
2026-09-08T15:41:17.801+01:00 INFO : Filtering template 357/384 segment 2/5
2026-09-08T15:41:17.818+01:00 INFO : Filtering template 357/384 segment 3/5
2026-09-08T15:41:17.836+01:00 INFO : 4 points above threshold
2026-09-08T15:41:17.841+01:00 INFO : Filtering template 357/384 segment 4/5
2026-09-08T15:41:17.858+01:00 INFO : 1 points above threshold
2026-09-08T15:41:17.863+01:00 INFO : Filtering template 357/384 segment 5/5
2026-09-08T15:41:17.881+01:00 INFO : 357: generating IMRPhenomD from 30.0 Hz
2026-09-08T15:41:17.884+01:00 INFO : Decompressing waveform using inline_linear
2026-09-08T15:41:17.889+01:00 INFO : Filtering template 358/384 segment 1/5
2026-09-08T15:41:17.908+01:00 INFO : 2 points above threshold
2026-09-08T15:41:17.923+01:00 INFO : Filtering template 358/384 segment 2/5
2026-09-08T15:41:17.940+01:00 INFO : 2 points above threshold
2026-09-08T15:41:17.945+01:00 INFO : Filtering template 358/384 segment 3/5
2026-09-08T15:41:17.962+01:00 INFO : Filtering template 358/384 segment 4/5
2026-09-08T15:41:17.980+01:00 INFO : 1 points above threshold
2026-09-08T15:41:17.985+01:00 INFO : Filtering template 358/384 segment 5/5
2026-09-08T15:41:18.003+01:00 INFO : 358: generating IMRPhenomD from 30.0 Hz
2026-09-08T15:41:18.005+01:00 INFO : Decompressing waveform using inline_linear
2026-09-08T15:41:18.010+01:00 INFO : Filtering template 359/384 segment 1/5
2026-09-08T15:41:18.030+01:00 INFO : 2 points above threshold
2026-09-08T15:41:18.044+01:00 INFO : Filtering template 359/384 segment 2/5
2026-09-08T15:41:18.062+01:00 INFO : 2 points above threshold
2026-09-08T15:41:18.067+01:00 INFO : Filtering template 359/384 segment 3/5
2026-09-08T15:41:18.084+01:00 INFO : Filtering template 359/384 segment 4/5
2026-09-08T15:41:18.101+01:00 INFO : 1 points above threshold
2026-09-08T15:41:18.107+01:00 INFO : Filtering template 359/384 segment 5/5
2026-09-08T15:41:18.124+01:00 INFO : 2 points above threshold
2026-09-08T15:41:18.129+01:00 INFO : 359: generating IMRPhenomD from 30.0 Hz
2026-09-08T15:41:18.132+01:00 INFO : Decompressing waveform using inline_linear
2026-09-08T15:41:18.137+01:00 INFO : Filtering template 360/384 segment 1/5
2026-09-08T15:41:18.156+01:00 INFO : Filtering template 360/384 segment 2/5
2026-09-08T15:41:18.174+01:00 INFO : Filtering template 360/384 segment 3/5
2026-09-08T15:41:18.191+01:00 INFO : 2 points above threshold
2026-09-08T15:41:18.206+01:00 INFO : Filtering template 360/384 segment 4/5
2026-09-08T15:41:18.223+01:00 INFO : Filtering template 360/384 segment 5/5
2026-09-08T15:41:18.241+01:00 INFO : 2 points above threshold
2026-09-08T15:41:18.246+01:00 INFO : 360: generating IMRPhenomD from 30.0 Hz
2026-09-08T15:41:18.248+01:00 INFO : Decompressing waveform using inline_linear
2026-09-08T15:41:18.253+01:00 INFO : Filtering template 361/384 segment 1/5
2026-09-08T15:41:18.273+01:00 INFO : 1 points above threshold
2026-09-08T15:41:18.287+01:00 INFO : Filtering template 361/384 segment 2/5
2026-09-08T15:41:18.305+01:00 INFO : 1 points above threshold
2026-09-08T15:41:18.310+01:00 INFO : Filtering template 361/384 segment 3/5
2026-09-08T15:41:18.327+01:00 INFO : 1 points above threshold
2026-09-08T15:41:18.332+01:00 INFO : Filtering template 361/384 segment 4/5
2026-09-08T15:41:18.350+01:00 INFO : 1 points above threshold
2026-09-08T15:41:18.355+01:00 INFO : Filtering template 361/384 segment 5/5
2026-09-08T15:41:18.373+01:00 INFO : 361: generating IMRPhenomD from 30.0 Hz
2026-09-08T15:41:18.375+01:00 INFO : Decompressing waveform using inline_linear
2026-09-08T15:41:18.380+01:00 INFO : Filtering template 362/384 segment 1/5
2026-09-08T15:41:18.400+01:00 INFO : 1 points above threshold
2026-09-08T15:41:18.414+01:00 INFO : Filtering template 362/384 segment 2/5
2026-09-08T15:41:18.432+01:00 INFO : 2 points above threshold
2026-09-08T15:41:18.437+01:00 INFO : Filtering template 362/384 segment 3/5
2026-09-08T15:41:18.454+01:00 INFO : 1 points above threshold
2026-09-08T15:41:18.459+01:00 INFO : Filtering template 362/384 segment 4/5
2026-09-08T15:41:18.477+01:00 INFO : Filtering template 362/384 segment 5/5
2026-09-08T15:41:18.494+01:00 INFO : 1 points above threshold
2026-09-08T15:41:18.500+01:00 INFO : 362: generating IMRPhenomD from 30.0 Hz
2026-09-08T15:41:18.502+01:00 INFO : Decompressing waveform using inline_linear
2026-09-08T15:41:18.507+01:00 INFO : Filtering template 363/384 segment 1/5
2026-09-08T15:41:18.527+01:00 INFO : 3 points above threshold
2026-09-08T15:41:18.544+01:00 INFO : Filtering template 363/384 segment 2/5
2026-09-08T15:41:18.562+01:00 INFO : Filtering template 363/384 segment 3/5
2026-09-08T15:41:18.579+01:00 INFO : 1 points above threshold
2026-09-08T15:41:18.584+01:00 INFO : Filtering template 363/384 segment 4/5
2026-09-08T15:41:18.602+01:00 INFO : 1 points above threshold
2026-09-08T15:41:18.607+01:00 INFO : Filtering template 363/384 segment 5/5
2026-09-08T15:41:18.624+01:00 INFO : 1 points above threshold
2026-09-08T15:41:18.630+01:00 INFO : 363: generating IMRPhenomD from 30.0 Hz
2026-09-08T15:41:18.632+01:00 INFO : Decompressing waveform using inline_linear
2026-09-08T15:41:18.637+01:00 INFO : Filtering template 364/384 segment 1/5
2026-09-08T15:41:18.657+01:00 INFO : Filtering template 364/384 segment 2/5
2026-09-08T15:41:18.674+01:00 INFO : 1 points above threshold
2026-09-08T15:41:18.689+01:00 INFO : Filtering template 364/384 segment 3/5
2026-09-08T15:41:18.706+01:00 INFO : Filtering template 364/384 segment 4/5
2026-09-08T15:41:18.724+01:00 INFO : 2 points above threshold
2026-09-08T15:41:18.729+01:00 INFO : Filtering template 364/384 segment 5/5
2026-09-08T15:41:18.746+01:00 INFO : 1 points above threshold
2026-09-08T15:41:18.752+01:00 INFO : 364: generating IMRPhenomD from 30.0 Hz
2026-09-08T15:41:18.754+01:00 INFO : Decompressing waveform using inline_linear
2026-09-08T15:41:18.759+01:00 INFO : Filtering template 365/384 segment 1/5
2026-09-08T15:41:18.779+01:00 INFO : Filtering template 365/384 segment 2/5
2026-09-08T15:41:18.796+01:00 INFO : 2 points above threshold
2026-09-08T15:41:18.811+01:00 INFO : Filtering template 365/384 segment 3/5
2026-09-08T15:41:18.829+01:00 INFO : Filtering template 365/384 segment 4/5
2026-09-08T15:41:18.846+01:00 INFO : 2 points above threshold
2026-09-08T15:41:18.851+01:00 INFO : Filtering template 365/384 segment 5/5
2026-09-08T15:41:18.869+01:00 INFO : 1 points above threshold
2026-09-08T15:41:18.874+01:00 INFO : 365: generating IMRPhenomD from 30.0 Hz
2026-09-08T15:41:18.877+01:00 INFO : Decompressing waveform using inline_linear
2026-09-08T15:41:18.881+01:00 INFO : Filtering template 366/384 segment 1/5
2026-09-08T15:41:18.901+01:00 INFO : 1 points above threshold
2026-09-08T15:41:18.915+01:00 INFO : Filtering template 366/384 segment 2/5
2026-09-08T15:41:18.933+01:00 INFO : 1 points above threshold
2026-09-08T15:41:18.938+01:00 INFO : Filtering template 366/384 segment 3/5
2026-09-08T15:41:18.955+01:00 INFO : 1 points above threshold
2026-09-08T15:41:18.960+01:00 INFO : Filtering template 366/384 segment 4/5
2026-09-08T15:41:18.978+01:00 INFO : 2 points above threshold
2026-09-08T15:41:18.983+01:00 INFO : Filtering template 366/384 segment 5/5
2026-09-08T15:41:19.000+01:00 INFO : 366: generating IMRPhenomD from 30.0 Hz
2026-09-08T15:41:19.003+01:00 INFO : Decompressing waveform using inline_linear
2026-09-08T15:41:19.008+01:00 INFO : Filtering template 367/384 segment 1/5
2026-09-08T15:41:19.028+01:00 INFO : 2 points above threshold
2026-09-08T15:41:19.042+01:00 INFO : Filtering template 367/384 segment 2/5
2026-09-08T15:41:19.059+01:00 INFO : Filtering template 367/384 segment 3/5
2026-09-08T15:41:19.077+01:00 INFO : Filtering template 367/384 segment 4/5
2026-09-08T15:41:19.094+01:00 INFO : 1 points above threshold
2026-09-08T15:41:19.099+01:00 INFO : Filtering template 367/384 segment 5/5
2026-09-08T15:41:19.117+01:00 INFO : 3 points above threshold
2026-09-08T15:41:19.124+01:00 INFO : 367: generating IMRPhenomD from 30.0 Hz
2026-09-08T15:41:19.127+01:00 INFO : Decompressing waveform using inline_linear
2026-09-08T15:41:19.131+01:00 INFO : Filtering template 368/384 segment 1/5
2026-09-08T15:41:19.151+01:00 INFO : 2 points above threshold
2026-09-08T15:41:19.166+01:00 INFO : Filtering template 368/384 segment 2/5
2026-09-08T15:41:19.183+01:00 INFO : Filtering template 368/384 segment 3/5
2026-09-08T15:41:19.201+01:00 INFO : Filtering template 368/384 segment 4/5
2026-09-08T15:41:19.218+01:00 INFO : 1 points above threshold
2026-09-08T15:41:19.223+01:00 INFO : Filtering template 368/384 segment 5/5
2026-09-08T15:41:19.241+01:00 INFO : 368: generating IMRPhenomD from 30.0 Hz
2026-09-08T15:41:19.244+01:00 INFO : Decompressing waveform using inline_linear
2026-09-08T15:41:19.248+01:00 INFO : Filtering template 369/384 segment 1/5
2026-09-08T15:41:19.268+01:00 INFO : 1 points above threshold
2026-09-08T15:41:19.282+01:00 INFO : Filtering template 369/384 segment 2/5
2026-09-08T15:41:19.300+01:00 INFO : Filtering template 369/384 segment 3/5
2026-09-08T15:41:19.317+01:00 INFO : 1 points above threshold
2026-09-08T15:41:19.323+01:00 INFO : Filtering template 369/384 segment 4/5
2026-09-08T15:41:19.340+01:00 INFO : 2 points above threshold
2026-09-08T15:41:19.345+01:00 INFO : Filtering template 369/384 segment 5/5
2026-09-08T15:41:19.362+01:00 INFO : 2 points above threshold
2026-09-08T15:41:19.368+01:00 INFO : 369: generating IMRPhenomD from 30.0 Hz
2026-09-08T15:41:19.370+01:00 INFO : Decompressing waveform using inline_linear
2026-09-08T15:41:19.375+01:00 INFO : Filtering template 370/384 segment 1/5
2026-09-08T15:41:19.395+01:00 INFO : Filtering template 370/384 segment 2/5
2026-09-08T15:41:19.412+01:00 INFO : 2 points above threshold
2026-09-08T15:41:19.427+01:00 INFO : Filtering template 370/384 segment 3/5
2026-09-08T15:41:19.444+01:00 INFO : 2 points above threshold
2026-09-08T15:41:19.449+01:00 INFO : Filtering template 370/384 segment 4/5
2026-09-08T15:41:19.466+01:00 INFO : 2 points above threshold
2026-09-08T15:41:19.472+01:00 INFO : Filtering template 370/384 segment 5/5
2026-09-08T15:41:19.489+01:00 INFO : 370: generating IMRPhenomD from 30.0 Hz
2026-09-08T15:41:19.492+01:00 INFO : Decompressing waveform using inline_linear
2026-09-08T15:41:19.497+01:00 INFO : Filtering template 371/384 segment 1/5
2026-09-08T15:41:19.516+01:00 INFO : 1 points above threshold
2026-09-08T15:41:19.531+01:00 INFO : Filtering template 371/384 segment 2/5
2026-09-08T15:41:19.548+01:00 INFO : Filtering template 371/384 segment 3/5
2026-09-08T15:41:19.566+01:00 INFO : 1 points above threshold
2026-09-08T15:41:19.571+01:00 INFO : Filtering template 371/384 segment 4/5
2026-09-08T15:41:19.588+01:00 INFO : Filtering template 371/384 segment 5/5
2026-09-08T15:41:19.606+01:00 INFO : 1 points above threshold
2026-09-08T15:41:19.611+01:00 INFO : 371: generating IMRPhenomD from 30.0 Hz
2026-09-08T15:41:19.614+01:00 INFO : Decompressing waveform using inline_linear
2026-09-08T15:41:19.618+01:00 INFO : Filtering template 372/384 segment 1/5
2026-09-08T15:41:19.638+01:00 INFO : 1 points above threshold
2026-09-08T15:41:19.653+01:00 INFO : Filtering template 372/384 segment 2/5
2026-09-08T15:41:19.670+01:00 INFO : 3 points above threshold
2026-09-08T15:41:19.677+01:00 INFO : Filtering template 372/384 segment 3/5
2026-09-08T15:41:19.694+01:00 INFO : 1 points above threshold
2026-09-08T15:41:19.700+01:00 INFO : Filtering template 372/384 segment 4/5
2026-09-08T15:41:19.717+01:00 INFO : Filtering template 372/384 segment 5/5
2026-09-08T15:41:19.735+01:00 INFO : 372: generating IMRPhenomD from 30.0 Hz
2026-09-08T15:41:19.737+01:00 INFO : Decompressing waveform using inline_linear
2026-09-08T15:41:19.742+01:00 INFO : Filtering template 373/384 segment 1/5
2026-09-08T15:41:19.762+01:00 INFO : 3 points above threshold
2026-09-08T15:41:19.778+01:00 INFO : Filtering template 373/384 segment 2/5
2026-09-08T15:41:19.795+01:00 INFO : 1 points above threshold
2026-09-08T15:41:19.800+01:00 INFO : Filtering template 373/384 segment 3/5
2026-09-08T15:41:19.818+01:00 INFO : 2 points above threshold
2026-09-08T15:41:19.823+01:00 INFO : Filtering template 373/384 segment 4/5
2026-09-08T15:41:19.840+01:00 INFO : Filtering template 373/384 segment 5/5
2026-09-08T15:41:19.858+01:00 INFO : 1 points above threshold
2026-09-08T15:41:19.863+01:00 INFO : 373: generating IMRPhenomD from 30.0 Hz
2026-09-08T15:41:19.866+01:00 INFO : Decompressing waveform using inline_linear
2026-09-08T15:41:19.870+01:00 INFO : Filtering template 374/384 segment 1/5
2026-09-08T15:41:19.890+01:00 INFO : Filtering template 374/384 segment 2/5
2026-09-08T15:41:19.908+01:00 INFO : Filtering template 374/384 segment 3/5
2026-09-08T15:41:19.925+01:00 INFO : 2 points above threshold
2026-09-08T15:41:19.940+01:00 INFO : Filtering template 374/384 segment 4/5
2026-09-08T15:41:19.957+01:00 INFO : Filtering template 374/384 segment 5/5
2026-09-08T15:41:19.975+01:00 INFO : 1 points above threshold
2026-09-08T15:41:19.980+01:00 INFO : 374: generating IMRPhenomD from 30.0 Hz
2026-09-08T15:41:19.983+01:00 INFO : Decompressing waveform using inline_linear
2026-09-08T15:41:19.988+01:00 INFO : Filtering template 375/384 segment 1/5
2026-09-08T15:41:20.007+01:00 INFO : 1 points above threshold
2026-09-08T15:41:20.022+01:00 INFO : Filtering template 375/384 segment 2/5
2026-09-08T15:41:20.039+01:00 INFO : Filtering template 375/384 segment 3/5
2026-09-08T15:41:20.057+01:00 INFO : 1 points above threshold
2026-09-08T15:41:20.062+01:00 INFO : Filtering template 375/384 segment 4/5
2026-09-08T15:41:20.079+01:00 INFO : 3 points above threshold
2026-09-08T15:41:20.087+01:00 INFO : Filtering template 375/384 segment 5/5
2026-09-08T15:41:20.104+01:00 INFO : 1 points above threshold
2026-09-08T15:41:20.109+01:00 INFO : 375: generating IMRPhenomD from 30.0 Hz
2026-09-08T15:41:20.112+01:00 INFO : Decompressing waveform using inline_linear
2026-09-08T15:41:20.117+01:00 INFO : Filtering template 376/384 segment 1/5
2026-09-08T15:41:20.136+01:00 INFO : Filtering template 376/384 segment 2/5
2026-09-08T15:41:20.154+01:00 INFO : Filtering template 376/384 segment 3/5
2026-09-08T15:41:20.172+01:00 INFO : Filtering template 376/384 segment 4/5
2026-09-08T15:41:20.189+01:00 INFO : 1 points above threshold
2026-09-08T15:41:20.204+01:00 INFO : Filtering template 376/384 segment 5/5
2026-09-08T15:41:20.221+01:00 INFO : 1 points above threshold
2026-09-08T15:41:20.226+01:00 INFO : 376: generating IMRPhenomD from 30.0 Hz
2026-09-08T15:41:20.229+01:00 INFO : Decompressing waveform using inline_linear
2026-09-08T15:41:20.234+01:00 INFO : Filtering template 377/384 segment 1/5
2026-09-08T15:41:20.253+01:00 INFO : 2 points above threshold
2026-09-08T15:41:20.268+01:00 INFO : Filtering template 377/384 segment 2/5
2026-09-08T15:41:20.285+01:00 INFO : Filtering template 377/384 segment 3/5
2026-09-08T15:41:20.303+01:00 INFO : 1 points above threshold
2026-09-08T15:41:20.308+01:00 INFO : Filtering template 377/384 segment 4/5
2026-09-08T15:41:20.325+01:00 INFO : 2 points above threshold
2026-09-08T15:41:20.330+01:00 INFO : Filtering template 377/384 segment 5/5
2026-09-08T15:41:20.348+01:00 INFO : 377: generating IMRPhenomD from 30.0 Hz
2026-09-08T15:41:20.365+01:00 INFO : Decompressing waveform using inline_linear
2026-09-08T15:41:20.369+01:00 INFO : Filtering template 378/384 segment 1/5
2026-09-08T15:41:20.397+01:00 INFO : 3 points above threshold
2026-09-08T15:41:20.417+01:00 INFO : Filtering template 378/384 segment 2/5
2026-09-08T15:41:20.435+01:00 INFO : 3 points above threshold
2026-09-08T15:41:20.441+01:00 INFO : Filtering template 378/384 segment 3/5
2026-09-08T15:41:20.459+01:00 INFO : Filtering template 378/384 segment 4/5
2026-09-08T15:41:20.476+01:00 INFO : Filtering template 378/384 segment 5/5
2026-09-08T15:41:20.494+01:00 INFO : 1 points above threshold
2026-09-08T15:41:20.499+01:00 INFO : 378: generating IMRPhenomD from 30.0 Hz
2026-09-08T15:41:20.502+01:00 INFO : Decompressing waveform using inline_linear
2026-09-08T15:41:20.507+01:00 INFO : Filtering template 379/384 segment 1/5
2026-09-08T15:41:20.526+01:00 INFO : 2 points above threshold
2026-09-08T15:41:20.543+01:00 INFO : Filtering template 379/384 segment 2/5
2026-09-08T15:41:20.560+01:00 INFO : Filtering template 379/384 segment 3/5
2026-09-08T15:41:20.578+01:00 INFO : 1 points above threshold
2026-09-08T15:41:20.583+01:00 INFO : Filtering template 379/384 segment 4/5
2026-09-08T15:41:20.600+01:00 INFO : 2 points above threshold
2026-09-08T15:41:20.605+01:00 INFO : Filtering template 379/384 segment 5/5
2026-09-08T15:41:20.622+01:00 INFO : 1 points above threshold
2026-09-08T15:41:20.628+01:00 INFO : 379: generating IMRPhenomD from 30.0 Hz
2026-09-08T15:41:20.630+01:00 INFO : Decompressing waveform using inline_linear
2026-09-08T15:41:20.635+01:00 INFO : Filtering template 380/384 segment 1/5
2026-09-08T15:41:20.655+01:00 INFO : Filtering template 380/384 segment 2/5
2026-09-08T15:41:20.672+01:00 INFO : 1 points above threshold
2026-09-08T15:41:20.687+01:00 INFO : Filtering template 380/384 segment 3/5
2026-09-08T15:41:20.704+01:00 INFO : 1 points above threshold
2026-09-08T15:41:20.709+01:00 INFO : Filtering template 380/384 segment 4/5
2026-09-08T15:41:20.727+01:00 INFO : 1 points above threshold
2026-09-08T15:41:20.732+01:00 INFO : Filtering template 380/384 segment 5/5
2026-09-08T15:41:20.750+01:00 INFO : 1 points above threshold
2026-09-08T15:41:20.755+01:00 INFO : 380: generating IMRPhenomD from 30.0 Hz
2026-09-08T15:41:20.758+01:00 INFO : Decompressing waveform using inline_linear
2026-09-08T15:41:20.762+01:00 INFO : Filtering template 381/384 segment 1/5
2026-09-08T15:41:20.782+01:00 INFO : 3 points above threshold
2026-09-08T15:41:20.798+01:00 INFO : Filtering template 381/384 segment 2/5
2026-09-08T15:41:20.816+01:00 INFO : 1 points above threshold
2026-09-08T15:41:20.821+01:00 INFO : Filtering template 381/384 segment 3/5
2026-09-08T15:41:20.838+01:00 INFO : 1 points above threshold
2026-09-08T15:41:20.843+01:00 INFO : Filtering template 381/384 segment 4/5
2026-09-08T15:41:20.861+01:00 INFO : Filtering template 381/384 segment 5/5
2026-09-08T15:41:20.878+01:00 INFO : 2 points above threshold
2026-09-08T15:41:20.883+01:00 INFO : 381: generating IMRPhenomD from 30.0 Hz
2026-09-08T15:41:20.886+01:00 INFO : Decompressing waveform using inline_linear
2026-09-08T15:41:20.891+01:00 INFO : Filtering template 382/384 segment 1/5
2026-09-08T15:41:20.910+01:00 INFO : 4 points above threshold
2026-09-08T15:41:20.925+01:00 INFO : Filtering template 382/384 segment 2/5
2026-09-08T15:41:20.942+01:00 INFO : Filtering template 382/384 segment 3/5
2026-09-08T15:41:20.960+01:00 INFO : 3 points above threshold
2026-09-08T15:41:20.967+01:00 INFO : Filtering template 382/384 segment 4/5
2026-09-08T15:41:20.984+01:00 INFO : 1 points above threshold
2026-09-08T15:41:20.989+01:00 INFO : Filtering template 382/384 segment 5/5
2026-09-08T15:41:21.006+01:00 INFO : 3 points above threshold
2026-09-08T15:41:21.014+01:00 INFO : 382: generating IMRPhenomD from 30.0 Hz
2026-09-08T15:41:21.016+01:00 INFO : Decompressing waveform using inline_linear
2026-09-08T15:41:21.021+01:00 INFO : Filtering template 383/384 segment 1/5
2026-09-08T15:41:21.041+01:00 INFO : 1 points above threshold
2026-09-08T15:41:21.055+01:00 INFO : Filtering template 383/384 segment 2/5
2026-09-08T15:41:21.073+01:00 INFO : 2 points above threshold
2026-09-08T15:41:21.078+01:00 INFO : Filtering template 383/384 segment 3/5
2026-09-08T15:41:21.095+01:00 INFO : Filtering template 383/384 segment 4/5
2026-09-08T15:41:21.113+01:00 INFO : 2 points above threshold
2026-09-08T15:41:21.118+01:00 INFO : Filtering template 383/384 segment 5/5
2026-09-08T15:41:21.135+01:00 INFO : 3 points above threshold
2026-09-08T15:41:21.143+01:00 INFO : 383: generating IMRPhenomD from 30.0 Hz
2026-09-08T15:41:21.146+01:00 INFO : Decompressing waveform using inline_linear
2026-09-08T15:41:21.151+01:00 INFO : Filtering template 384/384 segment 1/5
2026-09-08T15:41:21.170+01:00 INFO : 3 points above threshold
2026-09-08T15:41:21.187+01:00 INFO : Filtering template 384/384 segment 2/5
2026-09-08T15:41:21.204+01:00 INFO : Filtering template 384/384 segment 3/5
2026-09-08T15:41:21.222+01:00 INFO : 2 points above threshold
2026-09-08T15:41:21.227+01:00 INFO : Filtering template 384/384 segment 4/5
2026-09-08T15:41:21.244+01:00 INFO : Filtering template 384/384 segment 5/5
2026-09-08T15:41:21.261+01:00 INFO : 2 points above threshold
2026-09-08T15:41:21.267+01:00 INFO : We currently have 2203 triggers
2026-09-08T15:41:21.267+01:00 INFO : Removing triggers with NewSNR below threshold
2026-09-08T15:41:21.267+01:00 INFO : 1988 remaining triggers
2026-09-08T15:41:21.267+01:00 INFO : Outputting 1988 triggers
2026-09-08T15:41:21.267+01:00 INFO : Writing out triggers
2026-09-08T15:41:21.284+01:00 INFO : Finished
