2026-09-06T17:53:17.708+01:00 INFO : Running with CPU support: 1 threads
2026-09-06T17:53:17.708+01:00 INFO : Reading Frames
2026-09-06T17:53:24.414+01:00 INFO : Highpass Filtering
2026-09-06T17:53:24.865+01:00 INFO : Resampling data
2026-09-06T17:53:24.877+01:00 INFO : Converting to float32
/home/xangma/pycbc-torch-inspiral-reference-20260906/source/pycbc/types/array.py:872: RuntimeWarning: divide by zero encountered in divide
  return self._data.__rtruediv__(other)
2026-09-06T17:53:29.973+01:00 INFO : Highpass Filtering
2026-09-06T17:53:30.428+01:00 INFO : Remove Padding
2026-09-06T17:53:30.451+01:00 INFO : Making frequency-domain data segments
/home/xangma/pycbc-torch-inspiral-reference-20260906/source/pycbc/types/array.py:872: RuntimeWarning: divide by zero encountered in divide
  return self._data.__rtruediv__(other)
2026-09-06T17:53:32.142+01:00 INFO : Overwhitening frequency-domain data segments
2026-09-06T17:53:32.169+01:00 INFO : Read in template bank
2026-09-06T17:53:32.179+01:00 INFO : Full template bank size: 96
2026-09-06T17:53:32.179+01:00 INFO : Template bank size after thinning: 96
2026-09-06T17:53:32.180+01:00 INFO : 0: generating IMRPhenomD from 30.0 Hz
2026-09-06T17:53:32.181+01:00 INFO : Decompressing waveform using inline_linear
2026-09-06T17:53:32.185+01:00 INFO : Filtering template 1/96 segment 1/14
2026-09-06T17:53:32.198+01:00 INFO : Filtering template 1/96 segment 2/14
2026-09-06T17:53:32.206+01:00 INFO : 1 points above threshold
2026-09-06T17:53:32.218+01:00 INFO : Filtering template 1/96 segment 3/14
2026-09-06T17:53:32.226+01:00 INFO : Filtering template 1/96 segment 4/14
2026-09-06T17:53:32.234+01:00 INFO : Filtering template 1/96 segment 5/14
2026-09-06T17:53:32.242+01:00 INFO : Filtering template 1/96 segment 6/14
2026-09-06T17:53:32.251+01:00 INFO : 1 points above threshold
2026-09-06T17:53:32.253+01:00 INFO : Filtering template 1/96 segment 7/14
2026-09-06T17:53:32.262+01:00 INFO : Filtering template 1/96 segment 8/14
2026-09-06T17:53:32.270+01:00 INFO : Filtering template 1/96 segment 9/14
2026-09-06T17:53:32.278+01:00 INFO : Filtering template 1/96 segment 10/14
2026-09-06T17:53:32.286+01:00 INFO : Filtering template 1/96 segment 11/14
2026-09-06T17:53:32.294+01:00 INFO : Filtering template 1/96 segment 12/14
2026-09-06T17:53:32.302+01:00 INFO : 1 points above threshold
2026-09-06T17:53:32.305+01:00 INFO : Filtering template 1/96 segment 13/14
2026-09-06T17:53:32.313+01:00 INFO : Filtering template 1/96 segment 14/14
2026-09-06T17:53:32.321+01:00 INFO : 1: generating IMRPhenomD from 30.0 Hz
2026-09-06T17:53:32.324+01:00 INFO : Decompressing waveform using inline_linear
2026-09-06T17:53:32.326+01:00 INFO : Filtering template 2/96 segment 1/14
2026-09-06T17:53:32.336+01:00 INFO : 1 points above threshold
2026-09-06T17:53:32.345+01:00 INFO : Filtering template 2/96 segment 2/14
2026-09-06T17:53:32.353+01:00 INFO : Filtering template 2/96 segment 3/14
2026-09-06T17:53:32.362+01:00 INFO : Filtering template 2/96 segment 4/14
2026-09-06T17:53:32.370+01:00 INFO : Filtering template 2/96 segment 5/14
2026-09-06T17:53:32.378+01:00 INFO : Filtering template 2/96 segment 6/14
2026-09-06T17:53:32.386+01:00 INFO : 2 points above threshold
2026-09-06T17:53:32.389+01:00 INFO : Filtering template 2/96 segment 7/14
2026-09-06T17:53:32.397+01:00 INFO : Filtering template 2/96 segment 8/14
2026-09-06T17:53:32.405+01:00 INFO : 1 points above threshold
2026-09-06T17:53:32.408+01:00 INFO : Filtering template 2/96 segment 9/14
2026-09-06T17:53:32.416+01:00 INFO : Filtering template 2/96 segment 10/14
2026-09-06T17:53:32.424+01:00 INFO : Filtering template 2/96 segment 11/14
2026-09-06T17:53:32.432+01:00 INFO : Filtering template 2/96 segment 12/14
2026-09-06T17:53:32.440+01:00 INFO : 1 points above threshold
2026-09-06T17:53:32.443+01:00 INFO : Filtering template 2/96 segment 13/14
2026-09-06T17:53:32.451+01:00 INFO : Filtering template 2/96 segment 14/14
2026-09-06T17:53:32.459+01:00 INFO : 2: generating IMRPhenomD from 30.0 Hz
2026-09-06T17:53:32.462+01:00 INFO : Decompressing waveform using inline_linear
2026-09-06T17:53:32.464+01:00 INFO : Filtering template 3/96 segment 1/14
2026-09-06T17:53:32.473+01:00 INFO : 1 points above threshold
2026-09-06T17:53:32.480+01:00 INFO : Filtering template 3/96 segment 2/14
2026-09-06T17:53:32.488+01:00 INFO : 2 points above threshold
2026-09-06T17:53:32.491+01:00 INFO : Filtering template 3/96 segment 3/14
2026-09-06T17:53:32.499+01:00 INFO : Filtering template 3/96 segment 4/14
2026-09-06T17:53:32.507+01:00 INFO : Filtering template 3/96 segment 5/14
2026-09-06T17:53:32.515+01:00 INFO : Filtering template 3/96 segment 6/14
2026-09-06T17:53:32.524+01:00 INFO : Filtering template 3/96 segment 7/14
2026-09-06T17:53:32.532+01:00 INFO : 1 points above threshold
2026-09-06T17:53:32.534+01:00 INFO : Filtering template 3/96 segment 8/14
2026-09-06T17:53:32.542+01:00 INFO : Filtering template 3/96 segment 9/14
2026-09-06T17:53:32.551+01:00 INFO : Filtering template 3/96 segment 10/14
2026-09-06T17:53:32.559+01:00 INFO : 1 points above threshold
2026-09-06T17:53:32.561+01:00 INFO : Filtering template 3/96 segment 11/14
2026-09-06T17:53:32.569+01:00 INFO : Filtering template 3/96 segment 12/14
2026-09-06T17:53:32.578+01:00 INFO : Filtering template 3/96 segment 13/14
2026-09-06T17:53:32.586+01:00 INFO : Filtering template 3/96 segment 14/14
2026-09-06T17:53:32.594+01:00 INFO : 3: generating IMRPhenomD from 30.0 Hz
2026-09-06T17:53:32.596+01:00 INFO : Decompressing waveform using inline_linear
2026-09-06T17:53:32.599+01:00 INFO : Filtering template 4/96 segment 1/14
2026-09-06T17:53:32.608+01:00 INFO : Filtering template 4/96 segment 2/14
2026-09-06T17:53:32.616+01:00 INFO : 1 points above threshold
2026-09-06T17:53:32.623+01:00 INFO : Filtering template 4/96 segment 3/14
2026-09-06T17:53:32.631+01:00 INFO : Filtering template 4/96 segment 4/14
2026-09-06T17:53:32.639+01:00 INFO : Filtering template 4/96 segment 5/14
2026-09-06T17:53:32.647+01:00 INFO : Filtering template 4/96 segment 6/14
2026-09-06T17:53:32.655+01:00 INFO : 1 points above threshold
2026-09-06T17:53:32.658+01:00 INFO : Filtering template 4/96 segment 7/14
2026-09-06T17:53:32.666+01:00 INFO : Filtering template 4/96 segment 8/14
2026-09-06T17:53:32.674+01:00 INFO : Filtering template 4/96 segment 9/14
2026-09-06T17:53:32.682+01:00 INFO : 2 points above threshold
2026-09-06T17:53:32.685+01:00 INFO : Filtering template 4/96 segment 10/14
2026-09-06T17:53:32.693+01:00 INFO : 1 points above threshold
2026-09-06T17:53:32.696+01:00 INFO : Filtering template 4/96 segment 11/14
2026-09-06T17:53:32.704+01:00 INFO : Filtering template 4/96 segment 12/14
2026-09-06T17:53:32.712+01:00 INFO : 2 points above threshold
2026-09-06T17:53:32.715+01:00 INFO : Filtering template 4/96 segment 13/14
2026-09-06T17:53:32.723+01:00 INFO : 1 points above threshold
2026-09-06T17:53:32.726+01:00 INFO : Filtering template 4/96 segment 14/14
2026-09-06T17:53:32.734+01:00 INFO : 4: generating IMRPhenomD from 30.0 Hz
2026-09-06T17:53:32.736+01:00 INFO : Decompressing waveform using inline_linear
2026-09-06T17:53:32.739+01:00 INFO : Filtering template 5/96 segment 1/14
2026-09-06T17:53:32.748+01:00 INFO : Filtering template 5/96 segment 2/14
2026-09-06T17:53:32.756+01:00 INFO : Filtering template 5/96 segment 3/14
2026-09-06T17:53:32.764+01:00 INFO : 1 points above threshold
2026-09-06T17:53:32.772+01:00 INFO : Filtering template 5/96 segment 4/14
2026-09-06T17:53:32.780+01:00 INFO : Filtering template 5/96 segment 5/14
2026-09-06T17:53:32.789+01:00 INFO : Filtering template 5/96 segment 6/14
2026-09-06T17:53:32.797+01:00 INFO : 4 points above threshold
2026-09-06T17:53:32.799+01:00 INFO : Filtering template 5/96 segment 7/14
2026-09-06T17:53:32.808+01:00 INFO : Filtering template 5/96 segment 8/14
2026-09-06T17:53:32.816+01:00 INFO : Filtering template 5/96 segment 9/14
2026-09-06T17:53:32.824+01:00 INFO : Filtering template 5/96 segment 10/14
2026-09-06T17:53:32.832+01:00 INFO : Filtering template 5/96 segment 11/14
2026-09-06T17:53:32.840+01:00 INFO : 2 points above threshold
2026-09-06T17:53:32.843+01:00 INFO : Filtering template 5/96 segment 12/14
2026-09-06T17:53:32.851+01:00 INFO : Filtering template 5/96 segment 13/14
2026-09-06T17:53:32.859+01:00 INFO : Filtering template 5/96 segment 14/14
2026-09-06T17:53:32.867+01:00 INFO : 5: generating IMRPhenomD from 30.0 Hz
2026-09-06T17:53:32.869+01:00 INFO : Decompressing waveform using inline_linear
2026-09-06T17:53:32.872+01:00 INFO : Filtering template 6/96 segment 1/14
2026-09-06T17:53:32.881+01:00 INFO : Filtering template 6/96 segment 2/14
2026-09-06T17:53:32.889+01:00 INFO : 1 points above threshold
2026-09-06T17:53:32.898+01:00 INFO : Filtering template 6/96 segment 3/14
2026-09-06T17:53:32.906+01:00 INFO : Filtering template 6/96 segment 4/14
2026-09-06T17:53:32.914+01:00 INFO : Filtering template 6/96 segment 5/14
2026-09-06T17:53:32.922+01:00 INFO : Filtering template 6/96 segment 6/14
2026-09-06T17:53:32.930+01:00 INFO : Filtering template 6/96 segment 7/14
2026-09-06T17:53:32.938+01:00 INFO : Filtering template 6/96 segment 8/14
2026-09-06T17:53:32.946+01:00 INFO : Filtering template 6/96 segment 9/14
2026-09-06T17:53:32.955+01:00 INFO : Filtering template 6/96 segment 10/14
2026-09-06T17:53:32.963+01:00 INFO : Filtering template 6/96 segment 11/14
2026-09-06T17:53:32.971+01:00 INFO : 1 points above threshold
2026-09-06T17:53:32.974+01:00 INFO : Filtering template 6/96 segment 12/14
2026-09-06T17:53:32.982+01:00 INFO : Filtering template 6/96 segment 13/14
2026-09-06T17:53:32.990+01:00 INFO : 1 points above threshold
2026-09-06T17:53:32.992+01:00 INFO : Filtering template 6/96 segment 14/14
2026-09-06T17:53:33.001+01:00 INFO : 6: generating IMRPhenomD from 30.0 Hz
2026-09-06T17:53:33.003+01:00 INFO : Decompressing waveform using inline_linear
2026-09-06T17:53:33.006+01:00 INFO : Filtering template 7/96 segment 1/14
2026-09-06T17:53:33.015+01:00 INFO : 2 points above threshold
2026-09-06T17:53:33.023+01:00 INFO : Filtering template 7/96 segment 2/14
2026-09-06T17:53:33.031+01:00 INFO : Filtering template 7/96 segment 3/14
2026-09-06T17:53:33.039+01:00 INFO : Filtering template 7/96 segment 4/14
2026-09-06T17:53:33.047+01:00 INFO : Filtering template 7/96 segment 5/14
2026-09-06T17:53:33.056+01:00 INFO : Filtering template 7/96 segment 6/14
2026-09-06T17:53:33.064+01:00 INFO : Filtering template 7/96 segment 7/14
2026-09-06T17:53:33.072+01:00 INFO : Filtering template 7/96 segment 8/14
2026-09-06T17:53:33.080+01:00 INFO : Filtering template 7/96 segment 9/14
2026-09-06T17:53:33.088+01:00 INFO : Filtering template 7/96 segment 10/14
2026-09-06T17:53:33.096+01:00 INFO : Filtering template 7/96 segment 11/14
2026-09-06T17:53:33.104+01:00 INFO : 1 points above threshold
2026-09-06T17:53:33.107+01:00 INFO : Filtering template 7/96 segment 12/14
2026-09-06T17:53:33.115+01:00 INFO : Filtering template 7/96 segment 13/14
2026-09-06T17:53:33.123+01:00 INFO : Filtering template 7/96 segment 14/14
2026-09-06T17:53:33.132+01:00 INFO : 7: generating IMRPhenomD from 30.0 Hz
2026-09-06T17:53:33.134+01:00 INFO : Decompressing waveform using inline_linear
2026-09-06T17:53:33.136+01:00 INFO : Filtering template 8/96 segment 1/14
2026-09-06T17:53:33.146+01:00 INFO : Filtering template 8/96 segment 2/14
2026-09-06T17:53:33.154+01:00 INFO : 1 points above threshold
2026-09-06T17:53:33.162+01:00 INFO : Filtering template 8/96 segment 3/14
2026-09-06T17:53:33.170+01:00 INFO : Filtering template 8/96 segment 4/14
2026-09-06T17:53:33.178+01:00 INFO : Filtering template 8/96 segment 5/14
2026-09-06T17:53:33.186+01:00 INFO : Filtering template 8/96 segment 6/14
2026-09-06T17:53:33.194+01:00 INFO : 2 points above threshold
2026-09-06T17:53:33.197+01:00 INFO : Filtering template 8/96 segment 7/14
2026-09-06T17:53:33.205+01:00 INFO : 1 points above threshold
2026-09-06T17:53:33.208+01:00 INFO : Filtering template 8/96 segment 8/14
2026-09-06T17:53:33.216+01:00 INFO : 2 points above threshold
2026-09-06T17:53:33.219+01:00 INFO : Filtering template 8/96 segment 9/14
2026-09-06T17:53:33.227+01:00 INFO : Filtering template 8/96 segment 10/14
2026-09-06T17:53:33.235+01:00 INFO : Filtering template 8/96 segment 11/14
2026-09-06T17:53:33.243+01:00 INFO : Filtering template 8/96 segment 12/14
2026-09-06T17:53:33.252+01:00 INFO : Filtering template 8/96 segment 13/14
2026-09-06T17:53:33.260+01:00 INFO : Filtering template 8/96 segment 14/14
2026-09-06T17:53:33.268+01:00 INFO : 8: generating IMRPhenomD from 30.0 Hz
2026-09-06T17:53:33.270+01:00 INFO : Decompressing waveform using inline_linear
2026-09-06T17:53:33.273+01:00 INFO : Filtering template 9/96 segment 1/14
2026-09-06T17:53:33.282+01:00 INFO : Filtering template 9/96 segment 2/14
2026-09-06T17:53:33.290+01:00 INFO : Filtering template 9/96 segment 3/14
2026-09-06T17:53:33.298+01:00 INFO : Filtering template 9/96 segment 4/14
2026-09-06T17:53:33.306+01:00 INFO : Filtering template 9/96 segment 5/14
2026-09-06T17:53:33.315+01:00 INFO : 1 points above threshold
2026-09-06T17:53:33.323+01:00 INFO : Filtering template 9/96 segment 6/14
2026-09-06T17:53:33.331+01:00 INFO : Filtering template 9/96 segment 7/14
2026-09-06T17:53:33.339+01:00 INFO : 1 points above threshold
2026-09-06T17:53:33.342+01:00 INFO : Filtering template 9/96 segment 8/14
2026-09-06T17:53:33.350+01:00 INFO : 1 points above threshold
2026-09-06T17:53:33.352+01:00 INFO : Filtering template 9/96 segment 9/14
2026-09-06T17:53:33.361+01:00 INFO : 1 points above threshold
2026-09-06T17:53:33.363+01:00 INFO : Filtering template 9/96 segment 10/14
2026-09-06T17:53:33.371+01:00 INFO : Filtering template 9/96 segment 11/14
2026-09-06T17:53:33.379+01:00 INFO : Filtering template 9/96 segment 12/14
2026-09-06T17:53:33.388+01:00 INFO : 2 points above threshold
2026-09-06T17:53:33.390+01:00 INFO : Filtering template 9/96 segment 13/14
2026-09-06T17:53:33.398+01:00 INFO : 1 points above threshold
2026-09-06T17:53:33.401+01:00 INFO : Filtering template 9/96 segment 14/14
2026-09-06T17:53:33.409+01:00 INFO : 9: generating IMRPhenomD from 30.0 Hz
2026-09-06T17:53:33.411+01:00 INFO : Decompressing waveform using inline_linear
2026-09-06T17:53:33.414+01:00 INFO : Filtering template 10/96 segment 1/14
2026-09-06T17:53:33.423+01:00 INFO : Filtering template 10/96 segment 2/14
2026-09-06T17:53:33.431+01:00 INFO : Filtering template 10/96 segment 3/14
2026-09-06T17:53:33.440+01:00 INFO : 1 points above threshold
2026-09-06T17:53:33.448+01:00 INFO : Filtering template 10/96 segment 4/14
2026-09-06T17:53:33.456+01:00 INFO : 1 points above threshold
2026-09-06T17:53:33.459+01:00 INFO : Filtering template 10/96 segment 5/14
2026-09-06T17:53:33.467+01:00 INFO : Filtering template 10/96 segment 6/14
2026-09-06T17:53:33.475+01:00 INFO : Filtering template 10/96 segment 7/14
2026-09-06T17:53:33.483+01:00 INFO : Filtering template 10/96 segment 8/14
2026-09-06T17:53:33.491+01:00 INFO : Filtering template 10/96 segment 9/14
2026-09-06T17:53:33.499+01:00 INFO : Filtering template 10/96 segment 10/14
2026-09-06T17:53:33.507+01:00 INFO : 1 points above threshold
2026-09-06T17:53:33.510+01:00 INFO : Filtering template 10/96 segment 11/14
2026-09-06T17:53:33.518+01:00 INFO : 1 points above threshold
2026-09-06T17:53:33.521+01:00 INFO : Filtering template 10/96 segment 12/14
2026-09-06T17:53:33.529+01:00 INFO : 1 points above threshold
2026-09-06T17:53:33.532+01:00 INFO : Filtering template 10/96 segment 13/14
2026-09-06T17:53:33.540+01:00 INFO : Filtering template 10/96 segment 14/14
2026-09-06T17:53:33.548+01:00 INFO : 10: generating IMRPhenomD from 30.0 Hz
2026-09-06T17:53:33.550+01:00 INFO : Decompressing waveform using inline_linear
2026-09-06T17:53:33.553+01:00 INFO : Filtering template 11/96 segment 1/14
2026-09-06T17:53:33.562+01:00 INFO : 2 points above threshold
2026-09-06T17:53:33.570+01:00 INFO : Filtering template 11/96 segment 2/14
2026-09-06T17:53:33.578+01:00 INFO : 1 points above threshold
2026-09-06T17:53:33.581+01:00 INFO : Filtering template 11/96 segment 3/14
2026-09-06T17:53:33.589+01:00 INFO : 1 points above threshold
2026-09-06T17:53:33.592+01:00 INFO : Filtering template 11/96 segment 4/14
2026-09-06T17:53:33.600+01:00 INFO : 1 points above threshold
2026-09-06T17:53:33.604+01:00 INFO : Filtering template 11/96 segment 5/14
2026-09-06T17:53:33.612+01:00 INFO : 1 points above threshold
2026-09-06T17:53:33.615+01:00 INFO : Filtering template 11/96 segment 6/14
2026-09-06T17:53:33.623+01:00 INFO : 2 points above threshold
2026-09-06T17:53:33.626+01:00 INFO : Filtering template 11/96 segment 7/14
2026-09-06T17:53:33.634+01:00 INFO : Filtering template 11/96 segment 8/14
2026-09-06T17:53:33.642+01:00 INFO : Filtering template 11/96 segment 9/14
2026-09-06T17:53:33.650+01:00 INFO : Filtering template 11/96 segment 10/14
2026-09-06T17:53:33.658+01:00 INFO : Filtering template 11/96 segment 11/14
2026-09-06T17:53:33.666+01:00 INFO : Filtering template 11/96 segment 12/14
2026-09-06T17:53:33.674+01:00 INFO : Filtering template 11/96 segment 13/14
2026-09-06T17:53:33.682+01:00 INFO : Filtering template 11/96 segment 14/14
2026-09-06T17:53:33.691+01:00 INFO : 11: generating IMRPhenomD from 30.0 Hz
2026-09-06T17:53:33.693+01:00 INFO : Decompressing waveform using inline_linear
2026-09-06T17:53:33.695+01:00 INFO : Filtering template 12/96 segment 1/14
2026-09-06T17:53:33.705+01:00 INFO : 1 points above threshold
2026-09-06T17:53:33.713+01:00 INFO : Filtering template 12/96 segment 2/14
2026-09-06T17:53:33.721+01:00 INFO : Filtering template 12/96 segment 3/14
2026-09-06T17:53:33.729+01:00 INFO : Filtering template 12/96 segment 4/14
2026-09-06T17:53:33.737+01:00 INFO : Filtering template 12/96 segment 5/14
2026-09-06T17:53:33.745+01:00 INFO : Filtering template 12/96 segment 6/14
2026-09-06T17:53:33.753+01:00 INFO : 2 points above threshold
2026-09-06T17:53:33.756+01:00 INFO : Filtering template 12/96 segment 7/14
2026-09-06T17:53:33.764+01:00 INFO : Filtering template 12/96 segment 8/14
2026-09-06T17:53:33.772+01:00 INFO : Filtering template 12/96 segment 9/14
2026-09-06T17:53:33.780+01:00 INFO : 1 points above threshold
2026-09-06T17:53:33.783+01:00 INFO : Filtering template 12/96 segment 10/14
2026-09-06T17:53:33.791+01:00 INFO : 2 points above threshold
2026-09-06T17:53:33.794+01:00 INFO : Filtering template 12/96 segment 11/14
2026-09-06T17:53:33.802+01:00 INFO : Filtering template 12/96 segment 12/14
2026-09-06T17:53:33.810+01:00 INFO : Filtering template 12/96 segment 13/14
2026-09-06T17:53:33.818+01:00 INFO : Filtering template 12/96 segment 14/14
2026-09-06T17:53:33.827+01:00 INFO : 12: generating IMRPhenomD from 30.0 Hz
2026-09-06T17:53:33.829+01:00 INFO : Decompressing waveform using inline_linear
2026-09-06T17:53:33.831+01:00 INFO : Filtering template 13/96 segment 1/14
2026-09-06T17:53:33.841+01:00 INFO : Filtering template 13/96 segment 2/14
2026-09-06T17:53:33.849+01:00 INFO : Filtering template 13/96 segment 3/14
2026-09-06T17:53:33.857+01:00 INFO : Filtering template 13/96 segment 4/14
2026-09-06T17:53:33.865+01:00 INFO : 2 points above threshold
2026-09-06T17:53:33.875+01:00 INFO : Filtering template 13/96 segment 5/14
2026-09-06T17:53:33.883+01:00 INFO : 1 points above threshold
2026-09-06T17:53:33.886+01:00 INFO : Filtering template 13/96 segment 6/14
2026-09-06T17:53:33.894+01:00 INFO : 1 points above threshold
2026-09-06T17:53:33.896+01:00 INFO : Filtering template 13/96 segment 7/14
2026-09-06T17:53:33.905+01:00 INFO : Filtering template 13/96 segment 8/14
2026-09-06T17:53:33.913+01:00 INFO : Filtering template 13/96 segment 9/14
2026-09-06T17:53:33.921+01:00 INFO : Filtering template 13/96 segment 10/14
2026-09-06T17:53:33.929+01:00 INFO : Filtering template 13/96 segment 11/14
2026-09-06T17:53:33.937+01:00 INFO : Filtering template 13/96 segment 12/14
2026-09-06T17:53:33.945+01:00 INFO : Filtering template 13/96 segment 13/14
2026-09-06T17:53:33.953+01:00 INFO : 1 points above threshold
2026-09-06T17:53:33.956+01:00 INFO : Filtering template 13/96 segment 14/14
2026-09-06T17:53:33.964+01:00 INFO : 13: generating IMRPhenomD from 30.0 Hz
2026-09-06T17:53:33.966+01:00 INFO : Decompressing waveform using inline_linear
2026-09-06T17:53:33.969+01:00 INFO : Filtering template 14/96 segment 1/14
2026-09-06T17:53:33.978+01:00 INFO : 1 points above threshold
2026-09-06T17:53:33.986+01:00 INFO : Filtering template 14/96 segment 2/14
2026-09-06T17:53:33.994+01:00 INFO : Filtering template 14/96 segment 3/14
2026-09-06T17:53:34.003+01:00 INFO : Filtering template 14/96 segment 4/14
2026-09-06T17:53:34.011+01:00 INFO : Filtering template 14/96 segment 5/14
2026-09-06T17:53:34.019+01:00 INFO : 1 points above threshold
2026-09-06T17:53:34.022+01:00 INFO : Filtering template 14/96 segment 6/14
2026-09-06T17:53:34.030+01:00 INFO : 2 points above threshold
2026-09-06T17:53:34.033+01:00 INFO : Filtering template 14/96 segment 7/14
2026-09-06T17:53:34.041+01:00 INFO : 2 points above threshold
2026-09-06T17:53:34.043+01:00 INFO : Filtering template 14/96 segment 8/14
2026-09-06T17:53:34.051+01:00 INFO : Filtering template 14/96 segment 9/14
2026-09-06T17:53:34.060+01:00 INFO : Filtering template 14/96 segment 10/14
2026-09-06T17:53:34.068+01:00 INFO : Filtering template 14/96 segment 11/14
2026-09-06T17:53:34.076+01:00 INFO : 2 points above threshold
2026-09-06T17:53:34.079+01:00 INFO : Filtering template 14/96 segment 12/14
2026-09-06T17:53:34.087+01:00 INFO : Filtering template 14/96 segment 13/14
2026-09-06T17:53:34.095+01:00 INFO : Filtering template 14/96 segment 14/14
2026-09-06T17:53:34.103+01:00 INFO : 14: generating IMRPhenomD from 30.0 Hz
2026-09-06T17:53:34.105+01:00 INFO : Decompressing waveform using inline_linear
2026-09-06T17:53:34.108+01:00 INFO : Filtering template 15/96 segment 1/14
2026-09-06T17:53:34.117+01:00 INFO : 1 points above threshold
2026-09-06T17:53:34.126+01:00 INFO : Filtering template 15/96 segment 2/14
2026-09-06T17:53:34.134+01:00 INFO : Filtering template 15/96 segment 3/14
2026-09-06T17:53:34.142+01:00 INFO : Filtering template 15/96 segment 4/14
2026-09-06T17:53:34.150+01:00 INFO : Filtering template 15/96 segment 5/14
2026-09-06T17:53:34.158+01:00 INFO : Filtering template 15/96 segment 6/14
2026-09-06T17:53:34.166+01:00 INFO : 1 points above threshold
2026-09-06T17:53:34.169+01:00 INFO : Filtering template 15/96 segment 7/14
2026-09-06T17:53:34.177+01:00 INFO : Filtering template 15/96 segment 8/14
2026-09-06T17:53:34.185+01:00 INFO : Filtering template 15/96 segment 9/14
2026-09-06T17:53:34.193+01:00 INFO : Filtering template 15/96 segment 10/14
2026-09-06T17:53:34.201+01:00 INFO : 1 points above threshold
2026-09-06T17:53:34.204+01:00 INFO : Filtering template 15/96 segment 11/14
2026-09-06T17:53:34.212+01:00 INFO : Filtering template 15/96 segment 12/14
2026-09-06T17:53:34.220+01:00 INFO : 2 points above threshold
2026-09-06T17:53:34.223+01:00 INFO : Filtering template 15/96 segment 13/14
2026-09-06T17:53:34.231+01:00 INFO : 1 points above threshold
2026-09-06T17:53:34.235+01:00 INFO : Filtering template 15/96 segment 14/14
2026-09-06T17:53:34.244+01:00 INFO : 15: generating IMRPhenomD from 30.0 Hz
2026-09-06T17:53:34.246+01:00 INFO : Decompressing waveform using inline_linear
2026-09-06T17:53:34.248+01:00 INFO : Filtering template 16/96 segment 1/14
2026-09-06T17:53:34.258+01:00 INFO : 1 points above threshold
2026-09-06T17:53:34.266+01:00 INFO : Filtering template 16/96 segment 2/14
2026-09-06T17:53:34.274+01:00 INFO : Filtering template 16/96 segment 3/14
2026-09-06T17:53:34.282+01:00 INFO : Filtering template 16/96 segment 4/14
2026-09-06T17:53:34.290+01:00 INFO : 1 points above threshold
2026-09-06T17:53:34.293+01:00 INFO : Filtering template 16/96 segment 5/14
2026-09-06T17:53:34.301+01:00 INFO : 1 points above threshold
2026-09-06T17:53:34.304+01:00 INFO : Filtering template 16/96 segment 6/14
2026-09-06T17:53:34.312+01:00 INFO : 1 points above threshold
2026-09-06T17:53:34.314+01:00 INFO : Filtering template 16/96 segment 7/14
2026-09-06T17:53:34.323+01:00 INFO : Filtering template 16/96 segment 8/14
2026-09-06T17:53:34.331+01:00 INFO : 1 points above threshold
2026-09-06T17:53:34.333+01:00 INFO : Filtering template 16/96 segment 9/14
2026-09-06T17:53:34.341+01:00 INFO : 1 points above threshold
2026-09-06T17:53:34.344+01:00 INFO : Filtering template 16/96 segment 10/14
2026-09-06T17:53:34.352+01:00 INFO : 2 points above threshold
2026-09-06T17:53:34.355+01:00 INFO : Filtering template 16/96 segment 11/14
2026-09-06T17:53:34.363+01:00 INFO : Filtering template 16/96 segment 12/14
2026-09-06T17:53:34.371+01:00 INFO : Filtering template 16/96 segment 13/14
2026-09-06T17:53:34.379+01:00 INFO : Filtering template 16/96 segment 14/14
2026-09-06T17:53:34.388+01:00 INFO : 16: generating IMRPhenomD from 30.0 Hz
2026-09-06T17:53:34.390+01:00 INFO : Decompressing waveform using inline_linear
2026-09-06T17:53:34.393+01:00 INFO : Filtering template 17/96 segment 1/14
2026-09-06T17:53:34.402+01:00 INFO : Filtering template 17/96 segment 2/14
2026-09-06T17:53:34.410+01:00 INFO : 2 points above threshold
2026-09-06T17:53:34.418+01:00 INFO : Filtering template 17/96 segment 3/14
2026-09-06T17:53:34.426+01:00 INFO : Filtering template 17/96 segment 4/14
2026-09-06T17:53:34.434+01:00 INFO : Filtering template 17/96 segment 5/14
2026-09-06T17:53:34.442+01:00 INFO : 2 points above threshold
2026-09-06T17:53:34.445+01:00 INFO : Filtering template 17/96 segment 6/14
2026-09-06T17:53:34.453+01:00 INFO : 1 points above threshold
2026-09-06T17:53:34.456+01:00 INFO : Filtering template 17/96 segment 7/14
2026-09-06T17:53:34.464+01:00 INFO : Filtering template 17/96 segment 8/14
2026-09-06T17:53:34.472+01:00 INFO : Filtering template 17/96 segment 9/14
2026-09-06T17:53:34.480+01:00 INFO : 1 points above threshold
2026-09-06T17:53:34.483+01:00 INFO : Filtering template 17/96 segment 10/14
2026-09-06T17:53:34.491+01:00 INFO : 1 points above threshold
2026-09-06T17:53:34.494+01:00 INFO : Filtering template 17/96 segment 11/14
2026-09-06T17:53:34.502+01:00 INFO : Filtering template 17/96 segment 12/14
2026-09-06T17:53:34.510+01:00 INFO : 1 points above threshold
2026-09-06T17:53:34.513+01:00 INFO : Filtering template 17/96 segment 13/14
2026-09-06T17:53:34.521+01:00 INFO : 2 points above threshold
2026-09-06T17:53:34.523+01:00 INFO : Filtering template 17/96 segment 14/14
2026-09-06T17:53:34.532+01:00 INFO : 17: generating IMRPhenomD from 30.0 Hz
2026-09-06T17:53:34.534+01:00 INFO : Decompressing waveform using inline_linear
2026-09-06T17:53:34.537+01:00 INFO : Filtering template 18/96 segment 1/14
2026-09-06T17:53:34.546+01:00 INFO : Filtering template 18/96 segment 2/14
2026-09-06T17:53:34.554+01:00 INFO : Filtering template 18/96 segment 3/14
2026-09-06T17:53:34.562+01:00 INFO : Filtering template 18/96 segment 4/14
2026-09-06T17:53:34.570+01:00 INFO : Filtering template 18/96 segment 5/14
2026-09-06T17:53:34.578+01:00 INFO : Filtering template 18/96 segment 6/14
2026-09-06T17:53:34.586+01:00 INFO : Filtering template 18/96 segment 7/14
2026-09-06T17:53:34.594+01:00 INFO : 1 points above threshold
2026-09-06T17:53:34.602+01:00 INFO : Filtering template 18/96 segment 8/14
2026-09-06T17:53:34.611+01:00 INFO : Filtering template 18/96 segment 9/14
2026-09-06T17:53:34.619+01:00 INFO : Filtering template 18/96 segment 10/14
2026-09-06T17:53:34.627+01:00 INFO : Filtering template 18/96 segment 11/14
2026-09-06T17:53:34.635+01:00 INFO : Filtering template 18/96 segment 12/14
2026-09-06T17:53:34.643+01:00 INFO : Filtering template 18/96 segment 13/14
2026-09-06T17:53:34.651+01:00 INFO : 2 points above threshold
2026-09-06T17:53:34.654+01:00 INFO : Filtering template 18/96 segment 14/14
2026-09-06T17:53:34.662+01:00 INFO : 18: generating IMRPhenomD from 30.0 Hz
2026-09-06T17:53:34.664+01:00 INFO : Decompressing waveform using inline_linear
2026-09-06T17:53:34.667+01:00 INFO : Filtering template 19/96 segment 1/14
2026-09-06T17:53:34.676+01:00 INFO : 2 points above threshold
2026-09-06T17:53:34.684+01:00 INFO : Filtering template 19/96 segment 2/14
2026-09-06T17:53:34.692+01:00 INFO : 1 points above threshold
2026-09-06T17:53:34.695+01:00 INFO : Filtering template 19/96 segment 3/14
2026-09-06T17:53:34.703+01:00 INFO : Filtering template 19/96 segment 4/14
2026-09-06T17:53:34.711+01:00 INFO : 1 points above threshold
2026-09-06T17:53:34.714+01:00 INFO : Filtering template 19/96 segment 5/14
2026-09-06T17:53:34.722+01:00 INFO : Filtering template 19/96 segment 6/14
2026-09-06T17:53:34.730+01:00 INFO : Filtering template 19/96 segment 7/14
2026-09-06T17:53:34.738+01:00 INFO : 1 points above threshold
2026-09-06T17:53:34.741+01:00 INFO : Filtering template 19/96 segment 8/14
2026-09-06T17:53:34.749+01:00 INFO : Filtering template 19/96 segment 9/14
2026-09-06T17:53:34.757+01:00 INFO : Filtering template 19/96 segment 10/14
2026-09-06T17:53:34.765+01:00 INFO : 2 points above threshold
2026-09-06T17:53:34.768+01:00 INFO : Filtering template 19/96 segment 11/14
2026-09-06T17:53:34.776+01:00 INFO : 1 points above threshold
2026-09-06T17:53:34.779+01:00 INFO : Filtering template 19/96 segment 12/14
2026-09-06T17:53:34.787+01:00 INFO : Filtering template 19/96 segment 13/14
2026-09-06T17:53:34.795+01:00 INFO : 1 points above threshold
2026-09-06T17:53:34.798+01:00 INFO : Filtering template 19/96 segment 14/14
2026-09-06T17:53:34.806+01:00 INFO : 19: generating IMRPhenomD from 30.0 Hz
2026-09-06T17:53:34.808+01:00 INFO : Decompressing waveform using inline_linear
2026-09-06T17:53:34.811+01:00 INFO : Filtering template 20/96 segment 1/14
2026-09-06T17:53:34.820+01:00 INFO : Filtering template 20/96 segment 2/14
2026-09-06T17:53:34.828+01:00 INFO : 1 points above threshold
2026-09-06T17:53:34.837+01:00 INFO : Filtering template 20/96 segment 3/14
2026-09-06T17:53:34.845+01:00 INFO : Filtering template 20/96 segment 4/14
2026-09-06T17:53:34.853+01:00 INFO : 1 points above threshold
2026-09-06T17:53:34.856+01:00 INFO : Filtering template 20/96 segment 5/14
2026-09-06T17:53:34.864+01:00 INFO : Filtering template 20/96 segment 6/14
2026-09-06T17:53:34.872+01:00 INFO : 2 points above threshold
2026-09-06T17:53:34.875+01:00 INFO : Filtering template 20/96 segment 7/14
2026-09-06T17:53:34.883+01:00 INFO : Filtering template 20/96 segment 8/14
2026-09-06T17:53:34.891+01:00 INFO : Filtering template 20/96 segment 9/14
2026-09-06T17:53:34.899+01:00 INFO : 1 points above threshold
2026-09-06T17:53:34.902+01:00 INFO : Filtering template 20/96 segment 10/14
2026-09-06T17:53:34.910+01:00 INFO : 1 points above threshold
2026-09-06T17:53:34.912+01:00 INFO : Filtering template 20/96 segment 11/14
2026-09-06T17:53:34.921+01:00 INFO : Filtering template 20/96 segment 12/14
2026-09-06T17:53:34.929+01:00 INFO : Filtering template 20/96 segment 13/14
2026-09-06T17:53:34.937+01:00 INFO : Filtering template 20/96 segment 14/14
2026-09-06T17:53:34.945+01:00 INFO : 20: generating IMRPhenomD from 30.0 Hz
2026-09-06T17:53:34.947+01:00 INFO : Decompressing waveform using inline_linear
2026-09-06T17:53:34.950+01:00 INFO : Filtering template 21/96 segment 1/14
2026-09-06T17:53:34.959+01:00 INFO : Filtering template 21/96 segment 2/14
2026-09-06T17:53:34.967+01:00 INFO : Filtering template 21/96 segment 3/14
2026-09-06T17:53:34.976+01:00 INFO : 1 points above threshold
2026-09-06T17:53:34.984+01:00 INFO : Filtering template 21/96 segment 4/14
2026-09-06T17:53:34.992+01:00 INFO : Filtering template 21/96 segment 5/14
2026-09-06T17:53:35.000+01:00 INFO : Filtering template 21/96 segment 6/14
2026-09-06T17:53:35.008+01:00 INFO : 1 points above threshold
2026-09-06T17:53:35.011+01:00 INFO : Filtering template 21/96 segment 7/14
2026-09-06T17:53:35.019+01:00 INFO : 1 points above threshold
2026-09-06T17:53:35.022+01:00 INFO : Filtering template 21/96 segment 8/14
2026-09-06T17:53:35.030+01:00 INFO : Filtering template 21/96 segment 9/14
2026-09-06T17:53:35.038+01:00 INFO : Filtering template 21/96 segment 10/14
2026-09-06T17:53:35.046+01:00 INFO : Filtering template 21/96 segment 11/14
2026-09-06T17:53:35.054+01:00 INFO : Filtering template 21/96 segment 12/14
2026-09-06T17:53:35.062+01:00 INFO : Filtering template 21/96 segment 13/14
2026-09-06T17:53:35.070+01:00 INFO : Filtering template 21/96 segment 14/14
2026-09-06T17:53:35.079+01:00 INFO : 21: generating IMRPhenomD from 30.0 Hz
2026-09-06T17:53:35.081+01:00 INFO : Decompressing waveform using inline_linear
2026-09-06T17:53:35.083+01:00 INFO : Filtering template 22/96 segment 1/14
2026-09-06T17:53:35.093+01:00 INFO : 2 points above threshold
2026-09-06T17:53:35.101+01:00 INFO : Filtering template 22/96 segment 2/14
2026-09-06T17:53:35.109+01:00 INFO : 1 points above threshold
2026-09-06T17:53:35.112+01:00 INFO : Filtering template 22/96 segment 3/14
2026-09-06T17:53:35.120+01:00 INFO : 2 points above threshold
2026-09-06T17:53:35.123+01:00 INFO : Filtering template 22/96 segment 4/14
2026-09-06T17:53:35.131+01:00 INFO : Filtering template 22/96 segment 5/14
2026-09-06T17:53:35.139+01:00 INFO : Filtering template 22/96 segment 6/14
2026-09-06T17:53:35.147+01:00 INFO : Filtering template 22/96 segment 7/14
2026-09-06T17:53:35.155+01:00 INFO : Filtering template 22/96 segment 8/14
2026-09-06T17:53:35.163+01:00 INFO : Filtering template 22/96 segment 9/14
2026-09-06T17:53:35.172+01:00 INFO : Filtering template 22/96 segment 10/14
2026-09-06T17:53:35.180+01:00 INFO : 1 points above threshold
2026-09-06T17:53:35.182+01:00 INFO : Filtering template 22/96 segment 11/14
2026-09-06T17:53:35.190+01:00 INFO : Filtering template 22/96 segment 12/14
2026-09-06T17:53:35.198+01:00 INFO : Filtering template 22/96 segment 13/14
2026-09-06T17:53:35.206+01:00 INFO : 1 points above threshold
2026-09-06T17:53:35.209+01:00 INFO : Filtering template 22/96 segment 14/14
2026-09-06T17:53:35.218+01:00 INFO : 22: generating IMRPhenomD from 30.0 Hz
2026-09-06T17:53:35.220+01:00 INFO : Decompressing waveform using inline_linear
2026-09-06T17:53:35.222+01:00 INFO : Filtering template 23/96 segment 1/14
2026-09-06T17:53:35.232+01:00 INFO : Filtering template 23/96 segment 2/14
2026-09-06T17:53:35.240+01:00 INFO : 1 points above threshold
2026-09-06T17:53:35.248+01:00 INFO : Filtering template 23/96 segment 3/14
2026-09-06T17:53:35.256+01:00 INFO : 1 points above threshold
2026-09-06T17:53:35.259+01:00 INFO : Filtering template 23/96 segment 4/14
2026-09-06T17:53:35.267+01:00 INFO : 1 points above threshold
2026-09-06T17:53:35.269+01:00 INFO : Filtering template 23/96 segment 5/14
2026-09-06T17:53:35.277+01:00 INFO : Filtering template 23/96 segment 6/14
2026-09-06T17:53:35.286+01:00 INFO : Filtering template 23/96 segment 7/14
2026-09-06T17:53:35.294+01:00 INFO : 1 points above threshold
2026-09-06T17:53:35.296+01:00 INFO : Filtering template 23/96 segment 8/14
2026-09-06T17:53:35.304+01:00 INFO : Filtering template 23/96 segment 9/14
2026-09-06T17:53:35.313+01:00 INFO : Filtering template 23/96 segment 10/14
2026-09-06T17:53:35.321+01:00 INFO : Filtering template 23/96 segment 11/14
2026-09-06T17:53:35.329+01:00 INFO : Filtering template 23/96 segment 12/14
2026-09-06T17:53:35.337+01:00 INFO : Filtering template 23/96 segment 13/14
2026-09-06T17:53:35.345+01:00 INFO : Filtering template 23/96 segment 14/14
2026-09-06T17:53:35.354+01:00 INFO : 23: generating IMRPhenomD from 30.0 Hz
2026-09-06T17:53:35.356+01:00 INFO : Decompressing waveform using inline_linear
2026-09-06T17:53:35.358+01:00 INFO : Filtering template 24/96 segment 1/14
2026-09-06T17:53:35.368+01:00 INFO : 1 points above threshold
2026-09-06T17:53:35.376+01:00 INFO : Filtering template 24/96 segment 2/14
2026-09-06T17:53:35.384+01:00 INFO : Filtering template 24/96 segment 3/14
2026-09-06T17:53:35.392+01:00 INFO : Filtering template 24/96 segment 4/14
2026-09-06T17:53:35.400+01:00 INFO : Filtering template 24/96 segment 5/14
2026-09-06T17:53:35.408+01:00 INFO : Filtering template 24/96 segment 6/14
2026-09-06T17:53:35.417+01:00 INFO : 2 points above threshold
2026-09-06T17:53:35.419+01:00 INFO : Filtering template 24/96 segment 7/14
2026-09-06T17:53:35.427+01:00 INFO : 1 points above threshold
2026-09-06T17:53:35.430+01:00 INFO : Filtering template 24/96 segment 8/14
2026-09-06T17:53:35.438+01:00 INFO : Filtering template 24/96 segment 9/14
2026-09-06T17:53:35.446+01:00 INFO : Filtering template 24/96 segment 10/14
2026-09-06T17:53:35.454+01:00 INFO : Filtering template 24/96 segment 11/14
2026-09-06T17:53:35.462+01:00 INFO : Filtering template 24/96 segment 12/14
2026-09-06T17:53:35.471+01:00 INFO : 2 points above threshold
2026-09-06T17:53:35.473+01:00 INFO : Filtering template 24/96 segment 13/14
2026-09-06T17:53:35.481+01:00 INFO : Filtering template 24/96 segment 14/14
2026-09-06T17:53:35.490+01:00 INFO : 24: generating IMRPhenomD from 30.0 Hz
2026-09-06T17:53:35.492+01:00 INFO : Decompressing waveform using inline_linear
2026-09-06T17:53:35.495+01:00 INFO : Filtering template 25/96 segment 1/14
2026-09-06T17:53:35.504+01:00 INFO : 1 points above threshold
2026-09-06T17:53:35.512+01:00 INFO : Filtering template 25/96 segment 2/14
2026-09-06T17:53:35.520+01:00 INFO : 1 points above threshold
2026-09-06T17:53:35.523+01:00 INFO : Filtering template 25/96 segment 3/14
2026-09-06T17:53:35.531+01:00 INFO : Filtering template 25/96 segment 4/14
2026-09-06T17:53:35.539+01:00 INFO : Filtering template 25/96 segment 5/14
2026-09-06T17:53:35.547+01:00 INFO : Filtering template 25/96 segment 6/14
2026-09-06T17:53:35.556+01:00 INFO : Filtering template 25/96 segment 7/14
2026-09-06T17:53:35.564+01:00 INFO : Filtering template 25/96 segment 8/14
2026-09-06T17:53:35.572+01:00 INFO : Filtering template 25/96 segment 9/14
2026-09-06T17:53:35.580+01:00 INFO : Filtering template 25/96 segment 10/14
2026-09-06T17:53:35.588+01:00 INFO : Filtering template 25/96 segment 11/14
2026-09-06T17:53:35.596+01:00 INFO : Filtering template 25/96 segment 12/14
2026-09-06T17:53:35.604+01:00 INFO : Filtering template 25/96 segment 13/14
2026-09-06T17:53:35.612+01:00 INFO : Filtering template 25/96 segment 14/14
2026-09-06T17:53:35.621+01:00 INFO : 25: generating IMRPhenomD from 30.0 Hz
2026-09-06T17:53:35.623+01:00 INFO : Decompressing waveform using inline_linear
2026-09-06T17:53:35.626+01:00 INFO : Filtering template 26/96 segment 1/14
2026-09-06T17:53:35.635+01:00 INFO : Filtering template 26/96 segment 2/14
2026-09-06T17:53:35.643+01:00 INFO : Filtering template 26/96 segment 3/14
2026-09-06T17:53:35.651+01:00 INFO : Filtering template 26/96 segment 4/14
2026-09-06T17:53:35.660+01:00 INFO : Filtering template 26/96 segment 5/14
2026-09-06T17:53:35.668+01:00 INFO : 1 points above threshold
2026-09-06T17:53:35.676+01:00 INFO : Filtering template 26/96 segment 6/14
2026-09-06T17:53:35.684+01:00 INFO : 1 points above threshold
2026-09-06T17:53:35.687+01:00 INFO : Filtering template 26/96 segment 7/14
2026-09-06T17:53:35.695+01:00 INFO : Filtering template 26/96 segment 8/14
2026-09-06T17:53:35.703+01:00 INFO : Filtering template 26/96 segment 9/14
2026-09-06T17:53:35.711+01:00 INFO : Filtering template 26/96 segment 10/14
2026-09-06T17:53:35.719+01:00 INFO : 1 points above threshold
2026-09-06T17:53:35.722+01:00 INFO : Filtering template 26/96 segment 11/14
2026-09-06T17:53:35.730+01:00 INFO : Filtering template 26/96 segment 12/14
2026-09-06T17:53:35.738+01:00 INFO : 3 points above threshold
2026-09-06T17:53:35.742+01:00 INFO : Filtering template 26/96 segment 13/14
2026-09-06T17:53:35.750+01:00 INFO : Filtering template 26/96 segment 14/14
2026-09-06T17:53:35.758+01:00 INFO : 26: generating IMRPhenomD from 30.0 Hz
2026-09-06T17:53:35.761+01:00 INFO : Decompressing waveform using inline_linear
2026-09-06T17:53:35.763+01:00 INFO : Filtering template 27/96 segment 1/14
2026-09-06T17:53:35.772+01:00 INFO : 1 points above threshold
2026-09-06T17:53:35.780+01:00 INFO : Filtering template 27/96 segment 2/14
2026-09-06T17:53:35.789+01:00 INFO : 1 points above threshold
2026-09-06T17:53:35.791+01:00 INFO : Filtering template 27/96 segment 3/14
2026-09-06T17:53:35.799+01:00 INFO : Filtering template 27/96 segment 4/14
2026-09-06T17:53:35.808+01:00 INFO : Filtering template 27/96 segment 5/14
2026-09-06T17:53:35.816+01:00 INFO : Filtering template 27/96 segment 6/14
2026-09-06T17:53:35.824+01:00 INFO : 1 points above threshold
2026-09-06T17:53:35.827+01:00 INFO : Filtering template 27/96 segment 7/14
2026-09-06T17:53:35.835+01:00 INFO : Filtering template 27/96 segment 8/14
2026-09-06T17:53:35.843+01:00 INFO : Filtering template 27/96 segment 9/14
2026-09-06T17:53:35.851+01:00 INFO : Filtering template 27/96 segment 10/14
2026-09-06T17:53:35.859+01:00 INFO : Filtering template 27/96 segment 11/14
2026-09-06T17:53:35.867+01:00 INFO : Filtering template 27/96 segment 12/14
2026-09-06T17:53:35.876+01:00 INFO : Filtering template 27/96 segment 13/14
2026-09-06T17:53:35.884+01:00 INFO : Filtering template 27/96 segment 14/14
2026-09-06T17:53:35.892+01:00 INFO : 27: generating IMRPhenomD from 30.0 Hz
2026-09-06T17:53:35.894+01:00 INFO : Decompressing waveform using inline_linear
2026-09-06T17:53:35.897+01:00 INFO : Filtering template 28/96 segment 1/14
2026-09-06T17:53:35.906+01:00 INFO : 2 points above threshold
2026-09-06T17:53:35.914+01:00 INFO : Filtering template 28/96 segment 2/14
2026-09-06T17:53:35.923+01:00 INFO : 2 points above threshold
2026-09-06T17:53:35.925+01:00 INFO : Filtering template 28/96 segment 3/14
2026-09-06T17:53:35.933+01:00 INFO : Filtering template 28/96 segment 4/14
2026-09-06T17:53:35.942+01:00 INFO : 1 points above threshold
2026-09-06T17:53:35.944+01:00 INFO : Filtering template 28/96 segment 5/14
2026-09-06T17:53:35.952+01:00 INFO : Filtering template 28/96 segment 6/14
2026-09-06T17:53:35.961+01:00 INFO : 1 points above threshold
2026-09-06T17:53:35.963+01:00 INFO : Filtering template 28/96 segment 7/14
2026-09-06T17:53:35.971+01:00 INFO : Filtering template 28/96 segment 8/14
2026-09-06T17:53:35.979+01:00 INFO : 1 points above threshold
2026-09-06T17:53:35.982+01:00 INFO : Filtering template 28/96 segment 9/14
2026-09-06T17:53:35.990+01:00 INFO : Filtering template 28/96 segment 10/14
2026-09-06T17:53:35.998+01:00 INFO : Filtering template 28/96 segment 11/14
2026-09-06T17:53:36.006+01:00 INFO : Filtering template 28/96 segment 12/14
2026-09-06T17:53:36.015+01:00 INFO : Filtering template 28/96 segment 13/14
2026-09-06T17:53:36.023+01:00 INFO : Filtering template 28/96 segment 14/14
2026-09-06T17:53:36.031+01:00 INFO : 28: generating IMRPhenomD from 30.0 Hz
2026-09-06T17:53:36.033+01:00 INFO : Decompressing waveform using inline_linear
2026-09-06T17:53:36.036+01:00 INFO : Filtering template 29/96 segment 1/14
2026-09-06T17:53:36.045+01:00 INFO : 1 points above threshold
2026-09-06T17:53:36.053+01:00 INFO : Filtering template 29/96 segment 2/14
2026-09-06T17:53:36.062+01:00 INFO : Filtering template 29/96 segment 3/14
2026-09-06T17:53:36.070+01:00 INFO : 1 points above threshold
2026-09-06T17:53:36.072+01:00 INFO : Filtering template 29/96 segment 4/14
2026-09-06T17:53:36.081+01:00 INFO : 1 points above threshold
2026-09-06T17:53:36.083+01:00 INFO : Filtering template 29/96 segment 5/14
2026-09-06T17:53:36.091+01:00 INFO : Filtering template 29/96 segment 6/14
2026-09-06T17:53:36.099+01:00 INFO : 2 points above threshold
2026-09-06T17:53:36.102+01:00 INFO : Filtering template 29/96 segment 7/14
2026-09-06T17:53:36.110+01:00 INFO : Filtering template 29/96 segment 8/14
2026-09-06T17:53:36.120+01:00 INFO : Filtering template 29/96 segment 9/14
2026-09-06T17:53:36.128+01:00 INFO : Filtering template 29/96 segment 10/14
2026-09-06T17:53:36.136+01:00 INFO : Filtering template 29/96 segment 11/14
2026-09-06T17:53:36.144+01:00 INFO : 1 points above threshold
2026-09-06T17:53:36.147+01:00 INFO : Filtering template 29/96 segment 12/14
2026-09-06T17:53:36.155+01:00 INFO : 3 points above threshold
2026-09-06T17:53:36.159+01:00 INFO : Filtering template 29/96 segment 13/14
2026-09-06T17:53:36.167+01:00 INFO : 1 points above threshold
2026-09-06T17:53:36.169+01:00 INFO : Filtering template 29/96 segment 14/14
2026-09-06T17:53:36.178+01:00 INFO : 29: generating IMRPhenomD from 30.0 Hz
2026-09-06T17:53:36.180+01:00 INFO : Decompressing waveform using inline_linear
2026-09-06T17:53:36.183+01:00 INFO : Filtering template 30/96 segment 1/14
2026-09-06T17:53:36.192+01:00 INFO : 1 points above threshold
2026-09-06T17:53:36.200+01:00 INFO : Filtering template 30/96 segment 2/14
2026-09-06T17:53:36.208+01:00 INFO : Filtering template 30/96 segment 3/14
2026-09-06T17:53:36.216+01:00 INFO : Filtering template 30/96 segment 4/14
2026-09-06T17:53:36.225+01:00 INFO : 1 points above threshold
2026-09-06T17:53:36.227+01:00 INFO : Filtering template 30/96 segment 5/14
2026-09-06T17:53:36.235+01:00 INFO : Filtering template 30/96 segment 6/14
2026-09-06T17:53:36.243+01:00 INFO : Filtering template 30/96 segment 7/14
2026-09-06T17:53:36.252+01:00 INFO : Filtering template 30/96 segment 8/14
2026-09-06T17:53:36.260+01:00 INFO : 1 points above threshold
2026-09-06T17:53:36.262+01:00 INFO : Filtering template 30/96 segment 9/14
2026-09-06T17:53:36.272+01:00 INFO : Filtering template 30/96 segment 10/14
2026-09-06T17:53:36.281+01:00 INFO : Filtering template 30/96 segment 11/14
2026-09-06T17:53:36.289+01:00 INFO : Filtering template 30/96 segment 12/14
2026-09-06T17:53:36.297+01:00 INFO : Filtering template 30/96 segment 13/14
2026-09-06T17:53:36.307+01:00 INFO : Filtering template 30/96 segment 14/14
2026-09-06T17:53:36.316+01:00 INFO : 30: generating IMRPhenomD from 30.0 Hz
2026-09-06T17:53:36.318+01:00 INFO : Decompressing waveform using inline_linear
2026-09-06T17:53:36.321+01:00 INFO : Filtering template 31/96 segment 1/14
2026-09-06T17:53:36.331+01:00 INFO : Filtering template 31/96 segment 2/14
2026-09-06T17:53:36.340+01:00 INFO : Filtering template 31/96 segment 3/14
2026-09-06T17:53:36.348+01:00 INFO : Filtering template 31/96 segment 4/14
2026-09-06T17:53:36.357+01:00 INFO : Filtering template 31/96 segment 5/14
2026-09-06T17:53:36.367+01:00 INFO : Filtering template 31/96 segment 6/14
2026-09-06T17:53:36.375+01:00 INFO : 1 points above threshold
2026-09-06T17:53:36.384+01:00 INFO : Filtering template 31/96 segment 7/14
2026-09-06T17:53:36.392+01:00 INFO : Filtering template 31/96 segment 8/14
2026-09-06T17:53:36.400+01:00 INFO : Filtering template 31/96 segment 9/14
2026-09-06T17:53:36.408+01:00 INFO : Filtering template 31/96 segment 10/14
2026-09-06T17:53:36.416+01:00 INFO : Filtering template 31/96 segment 11/14
2026-09-06T17:53:36.424+01:00 INFO : 1 points above threshold
2026-09-06T17:53:36.427+01:00 INFO : Filtering template 31/96 segment 12/14
2026-09-06T17:53:36.435+01:00 INFO : Filtering template 31/96 segment 13/14
2026-09-06T17:53:36.444+01:00 INFO : 1 points above threshold
2026-09-06T17:53:36.446+01:00 INFO : Filtering template 31/96 segment 14/14
2026-09-06T17:53:36.455+01:00 INFO : 31: generating IMRPhenomD from 30.0 Hz
2026-09-06T17:53:36.457+01:00 INFO : Decompressing waveform using inline_linear
2026-09-06T17:53:36.459+01:00 INFO : Filtering template 32/96 segment 1/14
2026-09-06T17:53:36.469+01:00 INFO : Filtering template 32/96 segment 2/14
2026-09-06T17:53:36.477+01:00 INFO : Filtering template 32/96 segment 3/14
2026-09-06T17:53:36.485+01:00 INFO : Filtering template 32/96 segment 4/14
2026-09-06T17:53:36.493+01:00 INFO : Filtering template 32/96 segment 5/14
2026-09-06T17:53:36.501+01:00 INFO : Filtering template 32/96 segment 6/14
2026-09-06T17:53:36.509+01:00 INFO : Filtering template 32/96 segment 7/14
2026-09-06T17:53:36.517+01:00 INFO : Filtering template 32/96 segment 8/14
2026-09-06T17:53:36.526+01:00 INFO : Filtering template 32/96 segment 9/14
2026-09-06T17:53:36.534+01:00 INFO : 1 points above threshold
2026-09-06T17:53:36.542+01:00 INFO : Filtering template 32/96 segment 10/14
2026-09-06T17:53:36.550+01:00 INFO : Filtering template 32/96 segment 11/14
2026-09-06T17:53:36.558+01:00 INFO : 2 points above threshold
2026-09-06T17:53:36.561+01:00 INFO : Filtering template 32/96 segment 12/14
2026-09-06T17:53:36.569+01:00 INFO : 1 points above threshold
2026-09-06T17:53:36.572+01:00 INFO : Filtering template 32/96 segment 13/14
2026-09-06T17:53:36.580+01:00 INFO : 1 points above threshold
2026-09-06T17:53:36.582+01:00 INFO : Filtering template 32/96 segment 14/14
2026-09-06T17:53:36.591+01:00 INFO : 32: generating IMRPhenomD from 30.0 Hz
2026-09-06T17:53:36.593+01:00 INFO : Decompressing waveform using inline_linear
2026-09-06T17:53:36.595+01:00 INFO : Filtering template 33/96 segment 1/14
2026-09-06T17:53:36.605+01:00 INFO : Filtering template 33/96 segment 2/14
2026-09-06T17:53:36.613+01:00 INFO : 1 points above threshold
2026-09-06T17:53:36.621+01:00 INFO : Filtering template 33/96 segment 3/14
2026-09-06T17:53:36.629+01:00 INFO : 1 points above threshold
2026-09-06T17:53:36.632+01:00 INFO : Filtering template 33/96 segment 4/14
2026-09-06T17:53:36.640+01:00 INFO : Filtering template 33/96 segment 5/14
2026-09-06T17:53:36.648+01:00 INFO : Filtering template 33/96 segment 6/14
2026-09-06T17:53:36.656+01:00 INFO : Filtering template 33/96 segment 7/14
2026-09-06T17:53:36.664+01:00 INFO : Filtering template 33/96 segment 8/14
2026-09-06T17:53:36.673+01:00 INFO : Filtering template 33/96 segment 9/14
2026-09-06T17:53:36.681+01:00 INFO : Filtering template 33/96 segment 10/14
2026-09-06T17:53:36.689+01:00 INFO : Filtering template 33/96 segment 11/14
2026-09-06T17:53:36.698+01:00 INFO : Filtering template 33/96 segment 12/14
2026-09-06T17:53:36.706+01:00 INFO : 1 points above threshold
2026-09-06T17:53:36.709+01:00 INFO : Filtering template 33/96 segment 13/14
2026-09-06T17:53:36.717+01:00 INFO : Filtering template 33/96 segment 14/14
2026-09-06T17:53:36.725+01:00 INFO : 33: generating IMRPhenomD from 30.0 Hz
2026-09-06T17:53:36.728+01:00 INFO : Decompressing waveform using inline_linear
2026-09-06T17:53:36.730+01:00 INFO : Filtering template 34/96 segment 1/14
2026-09-06T17:53:36.740+01:00 INFO : Filtering template 34/96 segment 2/14
2026-09-06T17:53:36.748+01:00 INFO : Filtering template 34/96 segment 3/14
2026-09-06T17:53:36.756+01:00 INFO : 1 points above threshold
2026-09-06T17:53:36.764+01:00 INFO : Filtering template 34/96 segment 4/14
2026-09-06T17:53:36.772+01:00 INFO : Filtering template 34/96 segment 5/14
2026-09-06T17:53:36.780+01:00 INFO : Filtering template 34/96 segment 6/14
2026-09-06T17:53:36.789+01:00 INFO : Filtering template 34/96 segment 7/14
2026-09-06T17:53:36.797+01:00 INFO : 1 points above threshold
2026-09-06T17:53:36.799+01:00 INFO : Filtering template 34/96 segment 8/14
2026-09-06T17:53:36.808+01:00 INFO : Filtering template 34/96 segment 9/14
2026-09-06T17:53:36.816+01:00 INFO : Filtering template 34/96 segment 10/14
2026-09-06T17:53:36.824+01:00 INFO : Filtering template 34/96 segment 11/14
2026-09-06T17:53:36.833+01:00 INFO : Filtering template 34/96 segment 12/14
2026-09-06T17:53:36.841+01:00 INFO : 1 points above threshold
2026-09-06T17:53:36.844+01:00 INFO : Filtering template 34/96 segment 13/14
2026-09-06T17:53:36.852+01:00 INFO : Filtering template 34/96 segment 14/14
2026-09-06T17:53:36.860+01:00 INFO : 34: generating IMRPhenomD from 30.0 Hz
2026-09-06T17:53:36.862+01:00 INFO : Decompressing waveform using inline_linear
2026-09-06T17:53:36.865+01:00 INFO : Filtering template 35/96 segment 1/14
2026-09-06T17:53:36.874+01:00 INFO : 1 points above threshold
2026-09-06T17:53:36.882+01:00 INFO : Filtering template 35/96 segment 2/14
2026-09-06T17:53:36.891+01:00 INFO : Filtering template 35/96 segment 3/14
2026-09-06T17:53:36.899+01:00 INFO : Filtering template 35/96 segment 4/14
2026-09-06T17:53:36.907+01:00 INFO : 1 points above threshold
2026-09-06T17:53:36.910+01:00 INFO : Filtering template 35/96 segment 5/14
2026-09-06T17:53:36.918+01:00 INFO : Filtering template 35/96 segment 6/14
2026-09-06T17:53:36.926+01:00 INFO : Filtering template 35/96 segment 7/14
2026-09-06T17:53:36.934+01:00 INFO : 1 points above threshold
2026-09-06T17:53:36.937+01:00 INFO : Filtering template 35/96 segment 8/14
2026-09-06T17:53:36.945+01:00 INFO : Filtering template 35/96 segment 9/14
2026-09-06T17:53:36.954+01:00 INFO : Filtering template 35/96 segment 10/14
2026-09-06T17:53:36.962+01:00 INFO : Filtering template 35/96 segment 11/14
2026-09-06T17:53:36.970+01:00 INFO : Filtering template 35/96 segment 12/14
2026-09-06T17:53:36.978+01:00 INFO : Filtering template 35/96 segment 13/14
2026-09-06T17:53:36.987+01:00 INFO : Filtering template 35/96 segment 14/14
2026-09-06T17:53:36.995+01:00 INFO : 35: generating IMRPhenomD from 30.0 Hz
2026-09-06T17:53:36.997+01:00 INFO : Decompressing waveform using inline_linear
2026-09-06T17:53:37.000+01:00 INFO : Filtering template 36/96 segment 1/14
2026-09-06T17:53:37.009+01:00 INFO : 1 points above threshold
2026-09-06T17:53:37.017+01:00 INFO : Filtering template 36/96 segment 2/14
2026-09-06T17:53:37.025+01:00 INFO : 2 points above threshold
2026-09-06T17:53:37.028+01:00 INFO : Filtering template 36/96 segment 3/14
2026-09-06T17:53:37.036+01:00 INFO : Filtering template 36/96 segment 4/14
2026-09-06T17:53:37.044+01:00 INFO : 1 points above threshold
2026-09-06T17:53:37.047+01:00 INFO : Filtering template 36/96 segment 5/14
2026-09-06T17:53:37.055+01:00 INFO : Filtering template 36/96 segment 6/14
2026-09-06T17:53:37.063+01:00 INFO : Filtering template 36/96 segment 7/14
2026-09-06T17:53:37.072+01:00 INFO : Filtering template 36/96 segment 8/14
2026-09-06T17:53:37.080+01:00 INFO : 2 points above threshold
2026-09-06T17:53:37.082+01:00 INFO : Filtering template 36/96 segment 9/14
2026-09-06T17:53:37.091+01:00 INFO : Filtering template 36/96 segment 10/14
2026-09-06T17:53:37.099+01:00 INFO : Filtering template 36/96 segment 11/14
2026-09-06T17:53:37.107+01:00 INFO : Filtering template 36/96 segment 12/14
2026-09-06T17:53:37.115+01:00 INFO : Filtering template 36/96 segment 13/14
2026-09-06T17:53:37.123+01:00 INFO : 1 points above threshold
2026-09-06T17:53:37.126+01:00 INFO : Filtering template 36/96 segment 14/14
2026-09-06T17:53:37.135+01:00 INFO : 36: generating IMRPhenomD from 30.0 Hz
2026-09-06T17:53:37.137+01:00 INFO : Decompressing waveform using inline_linear
2026-09-06T17:53:37.139+01:00 INFO : Filtering template 37/96 segment 1/14
2026-09-06T17:53:37.149+01:00 INFO : 1 points above threshold
2026-09-06T17:53:37.157+01:00 INFO : Filtering template 37/96 segment 2/14
2026-09-06T17:53:37.165+01:00 INFO : 1 points above threshold
2026-09-06T17:53:37.168+01:00 INFO : Filtering template 37/96 segment 3/14
2026-09-06T17:53:37.176+01:00 INFO : Filtering template 37/96 segment 4/14
2026-09-06T17:53:37.184+01:00 INFO : 3 points above threshold
2026-09-06T17:53:37.188+01:00 INFO : Filtering template 37/96 segment 5/14
2026-09-06T17:53:37.196+01:00 INFO : Filtering template 37/96 segment 6/14
2026-09-06T17:53:37.204+01:00 INFO : Filtering template 37/96 segment 7/14
2026-09-06T17:53:37.213+01:00 INFO : 1 points above threshold
2026-09-06T17:53:37.215+01:00 INFO : Filtering template 37/96 segment 8/14
2026-09-06T17:53:37.223+01:00 INFO : Filtering template 37/96 segment 9/14
2026-09-06T17:53:37.232+01:00 INFO : Filtering template 37/96 segment 10/14
2026-09-06T17:53:37.240+01:00 INFO : 1 points above threshold
2026-09-06T17:53:37.242+01:00 INFO : Filtering template 37/96 segment 11/14
2026-09-06T17:53:37.251+01:00 INFO : 2 points above threshold
2026-09-06T17:53:37.253+01:00 INFO : Filtering template 37/96 segment 12/14
2026-09-06T17:53:37.261+01:00 INFO : Filtering template 37/96 segment 13/14
2026-09-06T17:53:37.270+01:00 INFO : Filtering template 37/96 segment 14/14
2026-09-06T17:53:37.278+01:00 INFO : 37: generating IMRPhenomD from 30.0 Hz
2026-09-06T17:53:37.280+01:00 INFO : Decompressing waveform using inline_linear
2026-09-06T17:53:37.283+01:00 INFO : Filtering template 38/96 segment 1/14
2026-09-06T17:53:37.292+01:00 INFO : Filtering template 38/96 segment 2/14
2026-09-06T17:53:37.300+01:00 INFO : Filtering template 38/96 segment 3/14
2026-09-06T17:53:37.308+01:00 INFO : Filtering template 38/96 segment 4/14
2026-09-06T17:53:37.317+01:00 INFO : Filtering template 38/96 segment 5/14
2026-09-06T17:53:37.325+01:00 INFO : Filtering template 38/96 segment 6/14
2026-09-06T17:53:37.333+01:00 INFO : Filtering template 38/96 segment 7/14
2026-09-06T17:53:37.341+01:00 INFO : Filtering template 38/96 segment 8/14
2026-09-06T17:53:37.350+01:00 INFO : 1 points above threshold
2026-09-06T17:53:37.358+01:00 INFO : Filtering template 38/96 segment 9/14
2026-09-06T17:53:37.366+01:00 INFO : Filtering template 38/96 segment 10/14
2026-09-06T17:53:37.374+01:00 INFO : Filtering template 38/96 segment 11/14
2026-09-06T17:53:37.382+01:00 INFO : 1 points above threshold
2026-09-06T17:53:37.385+01:00 INFO : Filtering template 38/96 segment 12/14
2026-09-06T17:53:37.393+01:00 INFO : Filtering template 38/96 segment 13/14
2026-09-06T17:53:37.401+01:00 INFO : 1 points above threshold
2026-09-06T17:53:37.404+01:00 INFO : Filtering template 38/96 segment 14/14
2026-09-06T17:53:37.413+01:00 INFO : 38: generating IMRPhenomD from 30.0 Hz
2026-09-06T17:53:37.415+01:00 INFO : Decompressing waveform using inline_linear
2026-09-06T17:53:37.417+01:00 INFO : Filtering template 39/96 segment 1/14
2026-09-06T17:53:37.427+01:00 INFO : Filtering template 39/96 segment 2/14
2026-09-06T17:53:37.435+01:00 INFO : Filtering template 39/96 segment 3/14
2026-09-06T17:53:37.443+01:00 INFO : Filtering template 39/96 segment 4/14
2026-09-06T17:53:37.451+01:00 INFO : Filtering template 39/96 segment 5/14
2026-09-06T17:53:37.460+01:00 INFO : Filtering template 39/96 segment 6/14
2026-09-06T17:53:37.468+01:00 INFO : 2 points above threshold
2026-09-06T17:53:37.476+01:00 INFO : Filtering template 39/96 segment 7/14
2026-09-06T17:53:37.484+01:00 INFO : Filtering template 39/96 segment 8/14
2026-09-06T17:53:37.492+01:00 INFO : Filtering template 39/96 segment 9/14
2026-09-06T17:53:37.501+01:00 INFO : Filtering template 39/96 segment 10/14
2026-09-06T17:53:37.509+01:00 INFO : 2 points above threshold
2026-09-06T17:53:37.512+01:00 INFO : Filtering template 39/96 segment 11/14
2026-09-06T17:53:37.520+01:00 INFO : Filtering template 39/96 segment 12/14
2026-09-06T17:53:37.528+01:00 INFO : Filtering template 39/96 segment 13/14
2026-09-06T17:53:37.536+01:00 INFO : Filtering template 39/96 segment 14/14
2026-09-06T17:53:37.545+01:00 INFO : 39: generating IMRPhenomD from 30.0 Hz
2026-09-06T17:53:37.547+01:00 INFO : Decompressing waveform using inline_linear
2026-09-06T17:53:37.549+01:00 INFO : Filtering template 40/96 segment 1/14
2026-09-06T17:53:37.559+01:00 INFO : Filtering template 40/96 segment 2/14
2026-09-06T17:53:37.567+01:00 INFO : Filtering template 40/96 segment 3/14
2026-09-06T17:53:37.575+01:00 INFO : Filtering template 40/96 segment 4/14
2026-09-06T17:53:37.583+01:00 INFO : Filtering template 40/96 segment 5/14
2026-09-06T17:53:37.591+01:00 INFO : Filtering template 40/96 segment 6/14
2026-09-06T17:53:37.600+01:00 INFO : Filtering template 40/96 segment 7/14
2026-09-06T17:53:37.608+01:00 INFO : Filtering template 40/96 segment 8/14
2026-09-06T17:53:37.616+01:00 INFO : Filtering template 40/96 segment 9/14
2026-09-06T17:53:37.624+01:00 INFO : Filtering template 40/96 segment 10/14
2026-09-06T17:53:37.632+01:00 INFO : 1 points above threshold
2026-09-06T17:53:37.641+01:00 INFO : Filtering template 40/96 segment 11/14
2026-09-06T17:53:37.649+01:00 INFO : 1 points above threshold
2026-09-06T17:53:37.652+01:00 INFO : Filtering template 40/96 segment 12/14
2026-09-06T17:53:37.660+01:00 INFO : Filtering template 40/96 segment 13/14
2026-09-06T17:53:37.668+01:00 INFO : Filtering template 40/96 segment 14/14
2026-09-06T17:53:37.677+01:00 INFO : 40: generating IMRPhenomD from 30.0 Hz
2026-09-06T17:53:37.679+01:00 INFO : Decompressing waveform using inline_linear
2026-09-06T17:53:37.681+01:00 INFO : Filtering template 41/96 segment 1/14
2026-09-06T17:53:37.690+01:00 INFO : Filtering template 41/96 segment 2/14
2026-09-06T17:53:37.699+01:00 INFO : Filtering template 41/96 segment 3/14
2026-09-06T17:53:37.707+01:00 INFO : Filtering template 41/96 segment 4/14
2026-09-06T17:53:37.715+01:00 INFO : Filtering template 41/96 segment 5/14
2026-09-06T17:53:37.724+01:00 INFO : Filtering template 41/96 segment 6/14
2026-09-06T17:53:37.732+01:00 INFO : 2 points above threshold
2026-09-06T17:53:37.740+01:00 INFO : Filtering template 41/96 segment 7/14
2026-09-06T17:53:37.748+01:00 INFO : Filtering template 41/96 segment 8/14
2026-09-06T17:53:37.757+01:00 INFO : Filtering template 41/96 segment 9/14
2026-09-06T17:53:37.765+01:00 INFO : 2 points above threshold
2026-09-06T17:53:37.767+01:00 INFO : Filtering template 41/96 segment 10/14
2026-09-06T17:53:37.776+01:00 INFO : Filtering template 41/96 segment 11/14
2026-09-06T17:53:37.784+01:00 INFO : Filtering template 41/96 segment 12/14
2026-09-06T17:53:37.792+01:00 INFO : Filtering template 41/96 segment 13/14
2026-09-06T17:53:37.800+01:00 INFO : Filtering template 41/96 segment 14/14
2026-09-06T17:53:37.809+01:00 INFO : 41: generating IMRPhenomD from 30.0 Hz
2026-09-06T17:53:37.824+01:00 INFO : Decompressing waveform using inline_linear
2026-09-06T17:53:37.827+01:00 INFO : Filtering template 42/96 segment 1/14
2026-09-06T17:53:37.838+01:00 INFO : Filtering template 42/96 segment 2/14
2026-09-06T17:53:37.847+01:00 INFO : Filtering template 42/96 segment 3/14
2026-09-06T17:53:37.855+01:00 INFO : Filtering template 42/96 segment 4/14
2026-09-06T17:53:37.863+01:00 INFO : Filtering template 42/96 segment 5/14
2026-09-06T17:53:37.871+01:00 INFO : Filtering template 42/96 segment 6/14
2026-09-06T17:53:37.880+01:00 INFO : 2 points above threshold
2026-09-06T17:53:37.890+01:00 INFO : Filtering template 42/96 segment 7/14
2026-09-06T17:53:37.899+01:00 INFO : Filtering template 42/96 segment 8/14
2026-09-06T17:53:37.907+01:00 INFO : Filtering template 42/96 segment 9/14
2026-09-06T17:53:37.915+01:00 INFO : Filtering template 42/96 segment 10/14
2026-09-06T17:53:37.923+01:00 INFO : Filtering template 42/96 segment 11/14
2026-09-06T17:53:37.932+01:00 INFO : 1 points above threshold
2026-09-06T17:53:37.934+01:00 INFO : Filtering template 42/96 segment 12/14
2026-09-06T17:53:37.942+01:00 INFO : Filtering template 42/96 segment 13/14
2026-09-06T17:53:37.951+01:00 INFO : 1 points above threshold
2026-09-06T17:53:37.953+01:00 INFO : Filtering template 42/96 segment 14/14
2026-09-06T17:53:37.962+01:00 INFO : 42: generating IMRPhenomD from 30.0 Hz
2026-09-06T17:53:37.964+01:00 INFO : Decompressing waveform using inline_linear
2026-09-06T17:53:37.966+01:00 INFO : Filtering template 43/96 segment 1/14
2026-09-06T17:53:37.976+01:00 INFO : Filtering template 43/96 segment 2/14
2026-09-06T17:53:37.984+01:00 INFO : 1 points above threshold
2026-09-06T17:53:37.992+01:00 INFO : Filtering template 43/96 segment 3/14
2026-09-06T17:53:38.000+01:00 INFO : Filtering template 43/96 segment 4/14
2026-09-06T17:53:38.008+01:00 INFO : 1 points above threshold
2026-09-06T17:53:38.011+01:00 INFO : Filtering template 43/96 segment 5/14
2026-09-06T17:53:38.020+01:00 INFO : Filtering template 43/96 segment 6/14
2026-09-06T17:53:38.028+01:00 INFO : 1 points above threshold
2026-09-06T17:53:38.031+01:00 INFO : Filtering template 43/96 segment 7/14
2026-09-06T17:53:38.039+01:00 INFO : 1 points above threshold
2026-09-06T17:53:38.041+01:00 INFO : Filtering template 43/96 segment 8/14
2026-09-06T17:53:38.050+01:00 INFO : Filtering template 43/96 segment 9/14
2026-09-06T17:53:38.058+01:00 INFO : Filtering template 43/96 segment 10/14
2026-09-06T17:53:38.066+01:00 INFO : Filtering template 43/96 segment 11/14
2026-09-06T17:53:38.074+01:00 INFO : Filtering template 43/96 segment 12/14
2026-09-06T17:53:38.082+01:00 INFO : Filtering template 43/96 segment 13/14
2026-09-06T17:53:38.090+01:00 INFO : Filtering template 43/96 segment 14/14
2026-09-06T17:53:38.099+01:00 INFO : 43: generating IMRPhenomD from 30.0 Hz
2026-09-06T17:53:38.101+01:00 INFO : Decompressing waveform using inline_linear
2026-09-06T17:53:38.103+01:00 INFO : Filtering template 44/96 segment 1/14
2026-09-06T17:53:38.113+01:00 INFO : 1 points above threshold
2026-09-06T17:53:38.121+01:00 INFO : Filtering template 44/96 segment 2/14
2026-09-06T17:53:38.129+01:00 INFO : Filtering template 44/96 segment 3/14
2026-09-06T17:53:38.137+01:00 INFO : Filtering template 44/96 segment 4/14
2026-09-06T17:53:38.145+01:00 INFO : Filtering template 44/96 segment 5/14
2026-09-06T17:53:38.154+01:00 INFO : Filtering template 44/96 segment 6/14
2026-09-06T17:53:38.162+01:00 INFO : Filtering template 44/96 segment 7/14
2026-09-06T17:53:38.170+01:00 INFO : Filtering template 44/96 segment 8/14
2026-09-06T17:53:38.178+01:00 INFO : Filtering template 44/96 segment 9/14
2026-09-06T17:53:38.186+01:00 INFO : 1 points above threshold
2026-09-06T17:53:38.189+01:00 INFO : Filtering template 44/96 segment 10/14
2026-09-06T17:53:38.197+01:00 INFO : Filtering template 44/96 segment 11/14
2026-09-06T17:53:38.205+01:00 INFO : Filtering template 44/96 segment 12/14
2026-09-06T17:53:38.214+01:00 INFO : Filtering template 44/96 segment 13/14
2026-09-06T17:53:38.222+01:00 INFO : Filtering template 44/96 segment 14/14
2026-09-06T17:53:38.230+01:00 INFO : 44: generating IMRPhenomD from 30.0 Hz
2026-09-06T17:53:38.232+01:00 INFO : Decompressing waveform using inline_linear
2026-09-06T17:53:38.235+01:00 INFO : Filtering template 45/96 segment 1/14
2026-09-06T17:53:38.244+01:00 INFO : 1 points above threshold
2026-09-06T17:53:38.253+01:00 INFO : Filtering template 45/96 segment 2/14
2026-09-06T17:53:38.261+01:00 INFO : 1 points above threshold
2026-09-06T17:53:38.264+01:00 INFO : Filtering template 45/96 segment 3/14
2026-09-06T17:53:38.272+01:00 INFO : Filtering template 45/96 segment 4/14
2026-09-06T17:53:38.280+01:00 INFO : Filtering template 45/96 segment 5/14
2026-09-06T17:53:38.288+01:00 INFO : 1 points above threshold
2026-09-06T17:53:38.291+01:00 INFO : Filtering template 45/96 segment 6/14
2026-09-06T17:53:38.299+01:00 INFO : Filtering template 45/96 segment 7/14
2026-09-06T17:53:38.307+01:00 INFO : Filtering template 45/96 segment 8/14
2026-09-06T17:53:38.316+01:00 INFO : Filtering template 45/96 segment 9/14
2026-09-06T17:53:38.324+01:00 INFO : 1 points above threshold
2026-09-06T17:53:38.326+01:00 INFO : Filtering template 45/96 segment 10/14
2026-09-06T17:53:38.335+01:00 INFO : Filtering template 45/96 segment 11/14
2026-09-06T17:53:38.343+01:00 INFO : Filtering template 45/96 segment 12/14
2026-09-06T17:53:38.351+01:00 INFO : Filtering template 45/96 segment 13/14
2026-09-06T17:53:38.360+01:00 INFO : Filtering template 45/96 segment 14/14
2026-09-06T17:53:38.368+01:00 INFO : 45: generating IMRPhenomD from 30.0 Hz
2026-09-06T17:53:38.370+01:00 INFO : Decompressing waveform using inline_linear
2026-09-06T17:53:38.373+01:00 INFO : Filtering template 46/96 segment 1/14
2026-09-06T17:53:38.382+01:00 INFO : Filtering template 46/96 segment 2/14
2026-09-06T17:53:38.390+01:00 INFO : Filtering template 46/96 segment 3/14
2026-09-06T17:53:38.398+01:00 INFO : Filtering template 46/96 segment 4/14
2026-09-06T17:53:38.407+01:00 INFO : Filtering template 46/96 segment 5/14
2026-09-06T17:53:38.415+01:00 INFO : Filtering template 46/96 segment 6/14
2026-09-06T17:53:38.423+01:00 INFO : Filtering template 46/96 segment 7/14
2026-09-06T17:53:38.431+01:00 INFO : Filtering template 46/96 segment 8/14
2026-09-06T17:53:38.439+01:00 INFO : 1 points above threshold
2026-09-06T17:53:38.447+01:00 INFO : Filtering template 46/96 segment 9/14
2026-09-06T17:53:38.456+01:00 INFO : Filtering template 46/96 segment 10/14
2026-09-06T17:53:38.464+01:00 INFO : 2 points above threshold
2026-09-06T17:53:38.466+01:00 INFO : Filtering template 46/96 segment 11/14
2026-09-06T17:53:38.475+01:00 INFO : 1 points above threshold
2026-09-06T17:53:38.477+01:00 INFO : Filtering template 46/96 segment 12/14
2026-09-06T17:53:38.485+01:00 INFO : Filtering template 46/96 segment 13/14
2026-09-06T17:53:38.494+01:00 INFO : 1 points above threshold
2026-09-06T17:53:38.496+01:00 INFO : Filtering template 46/96 segment 14/14
2026-09-06T17:53:38.505+01:00 INFO : 46: generating IMRPhenomD from 30.0 Hz
2026-09-06T17:53:38.507+01:00 INFO : Decompressing waveform using inline_linear
2026-09-06T17:53:38.510+01:00 INFO : Filtering template 47/96 segment 1/14
2026-09-06T17:53:38.519+01:00 INFO : 3 points above threshold
2026-09-06T17:53:38.528+01:00 INFO : Filtering template 47/96 segment 2/14
2026-09-06T17:53:38.536+01:00 INFO : Filtering template 47/96 segment 3/14
2026-09-06T17:53:38.545+01:00 INFO : Filtering template 47/96 segment 4/14
2026-09-06T17:53:38.553+01:00 INFO : Filtering template 47/96 segment 5/14
2026-09-06T17:53:38.561+01:00 INFO : Filtering template 47/96 segment 6/14
2026-09-06T17:53:38.569+01:00 INFO : Filtering template 47/96 segment 7/14
2026-09-06T17:53:38.577+01:00 INFO : 1 points above threshold
2026-09-06T17:53:38.580+01:00 INFO : Filtering template 47/96 segment 8/14
2026-09-06T17:53:38.588+01:00 INFO : 1 points above threshold
2026-09-06T17:53:38.591+01:00 INFO : Filtering template 47/96 segment 9/14
2026-09-06T17:53:38.599+01:00 INFO : 1 points above threshold
2026-09-06T17:53:38.602+01:00 INFO : Filtering template 47/96 segment 10/14
2026-09-06T17:53:38.610+01:00 INFO : Filtering template 47/96 segment 11/14
2026-09-06T17:53:38.618+01:00 INFO : Filtering template 47/96 segment 12/14
2026-09-06T17:53:38.626+01:00 INFO : 1 points above threshold
2026-09-06T17:53:38.629+01:00 INFO : Filtering template 47/96 segment 13/14
2026-09-06T17:53:38.637+01:00 INFO : Filtering template 47/96 segment 14/14
2026-09-06T17:53:38.645+01:00 INFO : 47: generating IMRPhenomD from 30.0 Hz
2026-09-06T17:53:38.647+01:00 INFO : Decompressing waveform using inline_linear
2026-09-06T17:53:38.650+01:00 INFO : Filtering template 48/96 segment 1/14
2026-09-06T17:53:38.659+01:00 INFO : 2 points above threshold
2026-09-06T17:53:38.667+01:00 INFO : Filtering template 48/96 segment 2/14
2026-09-06T17:53:38.676+01:00 INFO : Filtering template 48/96 segment 3/14
2026-09-06T17:53:38.684+01:00 INFO : 1 points above threshold
2026-09-06T17:53:38.687+01:00 INFO : Filtering template 48/96 segment 4/14
2026-09-06T17:53:38.695+01:00 INFO : Filtering template 48/96 segment 5/14
2026-09-06T17:53:38.703+01:00 INFO : 1 points above threshold
2026-09-06T17:53:38.706+01:00 INFO : Filtering template 48/96 segment 6/14
2026-09-06T17:53:38.714+01:00 INFO : Filtering template 48/96 segment 7/14
2026-09-06T17:53:38.722+01:00 INFO : 1 points above threshold
2026-09-06T17:53:38.725+01:00 INFO : Filtering template 48/96 segment 8/14
2026-09-06T17:53:38.733+01:00 INFO : Filtering template 48/96 segment 9/14
2026-09-06T17:53:38.741+01:00 INFO : 1 points above threshold
2026-09-06T17:53:38.744+01:00 INFO : Filtering template 48/96 segment 10/14
2026-09-06T17:53:38.752+01:00 INFO : Filtering template 48/96 segment 11/14
2026-09-06T17:53:38.760+01:00 INFO : 1 points above threshold
2026-09-06T17:53:38.763+01:00 INFO : Filtering template 48/96 segment 12/14
2026-09-06T17:53:38.771+01:00 INFO : 1 points above threshold
2026-09-06T17:53:38.774+01:00 INFO : Filtering template 48/96 segment 13/14
2026-09-06T17:53:38.782+01:00 INFO : Filtering template 48/96 segment 14/14
2026-09-06T17:53:38.790+01:00 INFO : 48: generating IMRPhenomD from 30.0 Hz
2026-09-06T17:53:38.793+01:00 INFO : Decompressing waveform using inline_linear
2026-09-06T17:53:38.795+01:00 INFO : Filtering template 49/96 segment 1/14
2026-09-06T17:53:38.805+01:00 INFO : Filtering template 49/96 segment 2/14
2026-09-06T17:53:38.813+01:00 INFO : Filtering template 49/96 segment 3/14
2026-09-06T17:53:38.821+01:00 INFO : 1 points above threshold
2026-09-06T17:53:38.829+01:00 INFO : Filtering template 49/96 segment 4/14
2026-09-06T17:53:38.837+01:00 INFO : Filtering template 49/96 segment 5/14
2026-09-06T17:53:38.845+01:00 INFO : Filtering template 49/96 segment 6/14
2026-09-06T17:53:38.854+01:00 INFO : 1 points above threshold
2026-09-06T17:53:38.856+01:00 INFO : Filtering template 49/96 segment 7/14
2026-09-06T17:53:38.865+01:00 INFO : 1 points above threshold
2026-09-06T17:53:38.867+01:00 INFO : Filtering template 49/96 segment 8/14
2026-09-06T17:53:38.875+01:00 INFO : 1 points above threshold
2026-09-06T17:53:38.878+01:00 INFO : Filtering template 49/96 segment 9/14
2026-09-06T17:53:38.886+01:00 INFO : Filtering template 49/96 segment 10/14
2026-09-06T17:53:38.895+01:00 INFO : Filtering template 49/96 segment 11/14
2026-09-06T17:53:38.903+01:00 INFO : Filtering template 49/96 segment 12/14
2026-09-06T17:53:38.911+01:00 INFO : Filtering template 49/96 segment 13/14
2026-09-06T17:53:38.919+01:00 INFO : Filtering template 49/96 segment 14/14
2026-09-06T17:53:38.928+01:00 INFO : 49: generating IMRPhenomD from 30.0 Hz
2026-09-06T17:53:38.930+01:00 INFO : Decompressing waveform using inline_linear
2026-09-06T17:53:38.933+01:00 INFO : Filtering template 50/96 segment 1/14
2026-09-06T17:53:38.942+01:00 INFO : Filtering template 50/96 segment 2/14
2026-09-06T17:53:38.950+01:00 INFO : Filtering template 50/96 segment 3/14
2026-09-06T17:53:38.958+01:00 INFO : Filtering template 50/96 segment 4/14
2026-09-06T17:53:38.967+01:00 INFO : 1 points above threshold
2026-09-06T17:53:38.975+01:00 INFO : Filtering template 50/96 segment 5/14
2026-09-06T17:53:38.983+01:00 INFO : 1 points above threshold
2026-09-06T17:53:38.985+01:00 INFO : Filtering template 50/96 segment 6/14
2026-09-06T17:53:38.994+01:00 INFO : 1 points above threshold
2026-09-06T17:53:38.996+01:00 INFO : Filtering template 50/96 segment 7/14
2026-09-06T17:53:39.004+01:00 INFO : 1 points above threshold
2026-09-06T17:53:39.007+01:00 INFO : Filtering template 50/96 segment 8/14
2026-09-06T17:53:39.015+01:00 INFO : 1 points above threshold
2026-09-06T17:53:39.018+01:00 INFO : Filtering template 50/96 segment 9/14
2026-09-06T17:53:39.026+01:00 INFO : 2 points above threshold
2026-09-06T17:53:39.029+01:00 INFO : Filtering template 50/96 segment 10/14
2026-09-06T17:53:39.037+01:00 INFO : Filtering template 50/96 segment 11/14
2026-09-06T17:53:39.046+01:00 INFO : 1 points above threshold
2026-09-06T17:53:39.048+01:00 INFO : Filtering template 50/96 segment 12/14
2026-09-06T17:53:39.056+01:00 INFO : Filtering template 50/96 segment 13/14
2026-09-06T17:53:39.065+01:00 INFO : Filtering template 50/96 segment 14/14
2026-09-06T17:53:39.073+01:00 INFO : 50: generating IMRPhenomD from 30.0 Hz
2026-09-06T17:53:39.075+01:00 INFO : Decompressing waveform using inline_linear
2026-09-06T17:53:39.078+01:00 INFO : Filtering template 51/96 segment 1/14
2026-09-06T17:53:39.087+01:00 INFO : Filtering template 51/96 segment 2/14
2026-09-06T17:53:39.095+01:00 INFO : Filtering template 51/96 segment 3/14
2026-09-06T17:53:39.103+01:00 INFO : 1 points above threshold
2026-09-06T17:53:39.113+01:00 INFO : Filtering template 51/96 segment 4/14
2026-09-06T17:53:39.121+01:00 INFO : 1 points above threshold
2026-09-06T17:53:39.125+01:00 INFO : Filtering template 51/96 segment 5/14
2026-09-06T17:53:39.133+01:00 INFO : 1 points above threshold
2026-09-06T17:53:39.136+01:00 INFO : Filtering template 51/96 segment 6/14
2026-09-06T17:53:39.144+01:00 INFO : Filtering template 51/96 segment 7/14
2026-09-06T17:53:39.152+01:00 INFO : Filtering template 51/96 segment 8/14
2026-09-06T17:53:39.160+01:00 INFO : Filtering template 51/96 segment 9/14
2026-09-06T17:53:39.169+01:00 INFO : 1 points above threshold
2026-09-06T17:53:39.171+01:00 INFO : Filtering template 51/96 segment 10/14
2026-09-06T17:53:39.179+01:00 INFO : Filtering template 51/96 segment 11/14
2026-09-06T17:53:39.188+01:00 INFO : Filtering template 51/96 segment 12/14
2026-09-06T17:53:39.196+01:00 INFO : 2 points above threshold
2026-09-06T17:53:39.199+01:00 INFO : Filtering template 51/96 segment 13/14
2026-09-06T17:53:39.207+01:00 INFO : Filtering template 51/96 segment 14/14
2026-09-06T17:53:39.215+01:00 INFO : 51: generating IMRPhenomD from 30.0 Hz
2026-09-06T17:53:39.217+01:00 INFO : Decompressing waveform using inline_linear
2026-09-06T17:53:39.220+01:00 INFO : Filtering template 52/96 segment 1/14
2026-09-06T17:53:39.229+01:00 INFO : Filtering template 52/96 segment 2/14
2026-09-06T17:53:39.237+01:00 INFO : Filtering template 52/96 segment 3/14
2026-09-06T17:53:39.246+01:00 INFO : 1 points above threshold
2026-09-06T17:53:39.254+01:00 INFO : Filtering template 52/96 segment 4/14
2026-09-06T17:53:39.262+01:00 INFO : Filtering template 52/96 segment 5/14
2026-09-06T17:53:39.270+01:00 INFO : Filtering template 52/96 segment 6/14
2026-09-06T17:53:39.278+01:00 INFO : 1 points above threshold
2026-09-06T17:53:39.281+01:00 INFO : Filtering template 52/96 segment 7/14
2026-09-06T17:53:39.289+01:00 INFO : Filtering template 52/96 segment 8/14
2026-09-06T17:53:39.298+01:00 INFO : Filtering template 52/96 segment 9/14
2026-09-06T17:53:39.306+01:00 INFO : 1 points above threshold
2026-09-06T17:53:39.309+01:00 INFO : Filtering template 52/96 segment 10/14
2026-09-06T17:53:39.317+01:00 INFO : Filtering template 52/96 segment 11/14
2026-09-06T17:53:39.325+01:00 INFO : 1 points above threshold
2026-09-06T17:53:39.328+01:00 INFO : Filtering template 52/96 segment 12/14
2026-09-06T17:53:39.336+01:00 INFO : 2 points above threshold
2026-09-06T17:53:39.339+01:00 INFO : Filtering template 52/96 segment 13/14
2026-09-06T17:53:39.347+01:00 INFO : Filtering template 52/96 segment 14/14
2026-09-06T17:53:39.355+01:00 INFO : 52: generating IMRPhenomD from 30.0 Hz
2026-09-06T17:53:39.357+01:00 INFO : Decompressing waveform using inline_linear
2026-09-06T17:53:39.360+01:00 INFO : Filtering template 53/96 segment 1/14
2026-09-06T17:53:39.369+01:00 INFO : 2 points above threshold
2026-09-06T17:53:39.377+01:00 INFO : Filtering template 53/96 segment 2/14
2026-09-06T17:53:39.386+01:00 INFO : Filtering template 53/96 segment 3/14
2026-09-06T17:53:39.394+01:00 INFO : 1 points above threshold
2026-09-06T17:53:39.397+01:00 INFO : Filtering template 53/96 segment 4/14
2026-09-06T17:53:39.405+01:00 INFO : 1 points above threshold
2026-09-06T17:53:39.408+01:00 INFO : Filtering template 53/96 segment 5/14
2026-09-06T17:53:39.416+01:00 INFO : Filtering template 53/96 segment 6/14
2026-09-06T17:53:39.424+01:00 INFO : 2 points above threshold
2026-09-06T17:53:39.427+01:00 INFO : Filtering template 53/96 segment 7/14
2026-09-06T17:53:39.435+01:00 INFO : 1 points above threshold
2026-09-06T17:53:39.437+01:00 INFO : Filtering template 53/96 segment 8/14
2026-09-06T17:53:39.445+01:00 INFO : Filtering template 53/96 segment 9/14
2026-09-06T17:53:39.453+01:00 INFO : Filtering template 53/96 segment 10/14
2026-09-06T17:53:39.462+01:00 INFO : Filtering template 53/96 segment 11/14
2026-09-06T17:53:39.470+01:00 INFO : 1 points above threshold
2026-09-06T17:53:39.472+01:00 INFO : Filtering template 53/96 segment 12/14
2026-09-06T17:53:39.480+01:00 INFO : 1 points above threshold
2026-09-06T17:53:39.483+01:00 INFO : Filtering template 53/96 segment 13/14
2026-09-06T17:53:39.491+01:00 INFO : Filtering template 53/96 segment 14/14
2026-09-06T17:53:39.500+01:00 INFO : 53: generating IMRPhenomD from 30.0 Hz
2026-09-06T17:53:39.502+01:00 INFO : Decompressing waveform using inline_linear
2026-09-06T17:53:39.505+01:00 INFO : Filtering template 54/96 segment 1/14
2026-09-06T17:53:39.514+01:00 INFO : Filtering template 54/96 segment 2/14
2026-09-06T17:53:39.522+01:00 INFO : Filtering template 54/96 segment 3/14
2026-09-06T17:53:39.530+01:00 INFO : Filtering template 54/96 segment 4/14
2026-09-06T17:53:39.538+01:00 INFO : Filtering template 54/96 segment 5/14
2026-09-06T17:53:39.547+01:00 INFO : Filtering template 54/96 segment 6/14
2026-09-06T17:53:39.555+01:00 INFO : Filtering template 54/96 segment 7/14
2026-09-06T17:53:39.563+01:00 INFO : 3 points above threshold
2026-09-06T17:53:39.572+01:00 INFO : Filtering template 54/96 segment 8/14
2026-09-06T17:53:39.580+01:00 INFO : Filtering template 54/96 segment 9/14
2026-09-06T17:53:39.588+01:00 INFO : 1 points above threshold
2026-09-06T17:53:39.591+01:00 INFO : Filtering template 54/96 segment 10/14
2026-09-06T17:53:39.599+01:00 INFO : 2 points above threshold
2026-09-06T17:53:39.602+01:00 INFO : Filtering template 54/96 segment 11/14
2026-09-06T17:53:39.610+01:00 INFO : 2 points above threshold
2026-09-06T17:53:39.613+01:00 INFO : Filtering template 54/96 segment 12/14
2026-09-06T17:53:39.621+01:00 INFO : Filtering template 54/96 segment 13/14
2026-09-06T17:53:39.629+01:00 INFO : Filtering template 54/96 segment 14/14
2026-09-06T17:53:39.637+01:00 INFO : 54: generating IMRPhenomD from 30.0 Hz
2026-09-06T17:53:39.639+01:00 INFO : Decompressing waveform using inline_linear
2026-09-06T17:53:39.642+01:00 INFO : Filtering template 55/96 segment 1/14
2026-09-06T17:53:39.651+01:00 INFO : Filtering template 55/96 segment 2/14
2026-09-06T17:53:39.659+01:00 INFO : Filtering template 55/96 segment 3/14
2026-09-06T17:53:39.667+01:00 INFO : Filtering template 55/96 segment 4/14
2026-09-06T17:53:39.676+01:00 INFO : Filtering template 55/96 segment 5/14
2026-09-06T17:53:39.684+01:00 INFO : 1 points above threshold
2026-09-06T17:53:39.692+01:00 INFO : Filtering template 55/96 segment 6/14
2026-09-06T17:53:39.700+01:00 INFO : 2 points above threshold
2026-09-06T17:53:39.703+01:00 INFO : Filtering template 55/96 segment 7/14
2026-09-06T17:53:39.711+01:00 INFO : Filtering template 55/96 segment 8/14
2026-09-06T17:53:39.719+01:00 INFO : 1 points above threshold
2026-09-06T17:53:39.722+01:00 INFO : Filtering template 55/96 segment 9/14
2026-09-06T17:53:39.730+01:00 INFO : Filtering template 55/96 segment 10/14
2026-09-06T17:53:39.738+01:00 INFO : 1 points above threshold
2026-09-06T17:53:39.741+01:00 INFO : Filtering template 55/96 segment 11/14
2026-09-06T17:53:39.749+01:00 INFO : Filtering template 55/96 segment 12/14
2026-09-06T17:53:39.757+01:00 INFO : 1 points above threshold
2026-09-06T17:53:39.760+01:00 INFO : Filtering template 55/96 segment 13/14
2026-09-06T17:53:39.768+01:00 INFO : Filtering template 55/96 segment 14/14
2026-09-06T17:53:39.776+01:00 INFO : 55: generating IMRPhenomD from 30.0 Hz
2026-09-06T17:53:39.778+01:00 INFO : Decompressing waveform using inline_linear
2026-09-06T17:53:39.781+01:00 INFO : Filtering template 56/96 segment 1/14
2026-09-06T17:53:39.790+01:00 INFO : 1 points above threshold
2026-09-06T17:53:39.798+01:00 INFO : Filtering template 56/96 segment 2/14
2026-09-06T17:53:39.807+01:00 INFO : Filtering template 56/96 segment 3/14
2026-09-06T17:53:39.815+01:00 INFO : Filtering template 56/96 segment 4/14
2026-09-06T17:53:39.823+01:00 INFO : 1 points above threshold
2026-09-06T17:53:39.826+01:00 INFO : Filtering template 56/96 segment 5/14
2026-09-06T17:53:39.834+01:00 INFO : Filtering template 56/96 segment 6/14
2026-09-06T17:53:39.842+01:00 INFO : Filtering template 56/96 segment 7/14
2026-09-06T17:53:39.850+01:00 INFO : 2 points above threshold
2026-09-06T17:53:39.853+01:00 INFO : Filtering template 56/96 segment 8/14
2026-09-06T17:53:39.861+01:00 INFO : 1 points above threshold
2026-09-06T17:53:39.864+01:00 INFO : Filtering template 56/96 segment 9/14
2026-09-06T17:53:39.872+01:00 INFO : Filtering template 56/96 segment 10/14
2026-09-06T17:53:39.880+01:00 INFO : Filtering template 56/96 segment 11/14
2026-09-06T17:53:39.888+01:00 INFO : Filtering template 56/96 segment 12/14
2026-09-06T17:53:39.896+01:00 INFO : 1 points above threshold
2026-09-06T17:53:39.899+01:00 INFO : Filtering template 56/96 segment 13/14
2026-09-06T17:53:39.907+01:00 INFO : Filtering template 56/96 segment 14/14
2026-09-06T17:53:39.916+01:00 INFO : 56: generating IMRPhenomD from 30.0 Hz
2026-09-06T17:53:39.918+01:00 INFO : Decompressing waveform using inline_linear
2026-09-06T17:53:39.920+01:00 INFO : Filtering template 57/96 segment 1/14
2026-09-06T17:53:39.930+01:00 INFO : Filtering template 57/96 segment 2/14
2026-09-06T17:53:39.938+01:00 INFO : 1 points above threshold
2026-09-06T17:53:39.946+01:00 INFO : Filtering template 57/96 segment 3/14
2026-09-06T17:53:39.954+01:00 INFO : Filtering template 57/96 segment 4/14
2026-09-06T17:53:39.962+01:00 INFO : 1 points above threshold
2026-09-06T17:53:39.965+01:00 INFO : Filtering template 57/96 segment 5/14
2026-09-06T17:53:39.973+01:00 INFO : 1 points above threshold
2026-09-06T17:53:39.976+01:00 INFO : Filtering template 57/96 segment 6/14
2026-09-06T17:53:39.984+01:00 INFO : 1 points above threshold
2026-09-06T17:53:39.986+01:00 INFO : Filtering template 57/96 segment 7/14
2026-09-06T17:53:39.995+01:00 INFO : 1 points above threshold
2026-09-06T17:53:39.999+01:00 INFO : Filtering template 57/96 segment 8/14
2026-09-06T17:53:40.007+01:00 INFO : 1 points above threshold
2026-09-06T17:53:40.009+01:00 INFO : Filtering template 57/96 segment 9/14
2026-09-06T17:53:40.017+01:00 INFO : 1 points above threshold
2026-09-06T17:53:40.020+01:00 INFO : Filtering template 57/96 segment 10/14
2026-09-06T17:53:40.028+01:00 INFO : 1 points above threshold
2026-09-06T17:53:40.031+01:00 INFO : Filtering template 57/96 segment 11/14
2026-09-06T17:53:40.039+01:00 INFO : Filtering template 57/96 segment 12/14
2026-09-06T17:53:40.047+01:00 INFO : Filtering template 57/96 segment 13/14
2026-09-06T17:53:40.055+01:00 INFO : Filtering template 57/96 segment 14/14
2026-09-06T17:53:40.064+01:00 INFO : 57: generating IMRPhenomD from 30.0 Hz
2026-09-06T17:53:40.066+01:00 INFO : Decompressing waveform using inline_linear
2026-09-06T17:53:40.069+01:00 INFO : Filtering template 58/96 segment 1/14
2026-09-06T17:53:40.078+01:00 INFO : 1 points above threshold
2026-09-06T17:53:40.086+01:00 INFO : Filtering template 58/96 segment 2/14
2026-09-06T17:53:40.094+01:00 INFO : Filtering template 58/96 segment 3/14
2026-09-06T17:53:40.103+01:00 INFO : Filtering template 58/96 segment 4/14
2026-09-06T17:53:40.111+01:00 INFO : Filtering template 58/96 segment 5/14
2026-09-06T17:53:40.119+01:00 INFO : Filtering template 58/96 segment 6/14
2026-09-06T17:53:40.127+01:00 INFO : 2 points above threshold
2026-09-06T17:53:40.130+01:00 INFO : Filtering template 58/96 segment 7/14
2026-09-06T17:53:40.138+01:00 INFO : 1 points above threshold
2026-09-06T17:53:40.140+01:00 INFO : Filtering template 58/96 segment 8/14
2026-09-06T17:53:40.148+01:00 INFO : Filtering template 58/96 segment 9/14
2026-09-06T17:53:40.157+01:00 INFO : 1 points above threshold
2026-09-06T17:53:40.159+01:00 INFO : Filtering template 58/96 segment 10/14
2026-09-06T17:53:40.167+01:00 INFO : Filtering template 58/96 segment 11/14
2026-09-06T17:53:40.176+01:00 INFO : Filtering template 58/96 segment 12/14
2026-09-06T17:53:40.184+01:00 INFO : 1 points above threshold
2026-09-06T17:53:40.186+01:00 INFO : Filtering template 58/96 segment 13/14
2026-09-06T17:53:40.195+01:00 INFO : 1 points above threshold
2026-09-06T17:53:40.197+01:00 INFO : Filtering template 58/96 segment 14/14
2026-09-06T17:53:40.206+01:00 INFO : 58: generating IMRPhenomD from 30.0 Hz
2026-09-06T17:53:40.208+01:00 INFO : Decompressing waveform using inline_linear
2026-09-06T17:53:40.210+01:00 INFO : Filtering template 59/96 segment 1/14
2026-09-06T17:53:40.220+01:00 INFO : Filtering template 59/96 segment 2/14
2026-09-06T17:53:40.228+01:00 INFO : 1 points above threshold
2026-09-06T17:53:40.236+01:00 INFO : Filtering template 59/96 segment 3/14
2026-09-06T17:53:40.244+01:00 INFO : Filtering template 59/96 segment 4/14
2026-09-06T17:53:40.252+01:00 INFO : 1 points above threshold
2026-09-06T17:53:40.255+01:00 INFO : Filtering template 59/96 segment 5/14
2026-09-06T17:53:40.263+01:00 INFO : Filtering template 59/96 segment 6/14
2026-09-06T17:53:40.271+01:00 INFO : 2 points above threshold
2026-09-06T17:53:40.274+01:00 INFO : Filtering template 59/96 segment 7/14
2026-09-06T17:53:40.282+01:00 INFO : 1 points above threshold
2026-09-06T17:53:40.285+01:00 INFO : Filtering template 59/96 segment 8/14
2026-09-06T17:53:40.293+01:00 INFO : Filtering template 59/96 segment 9/14
2026-09-06T17:53:40.301+01:00 INFO : Filtering template 59/96 segment 10/14
2026-09-06T17:53:40.309+01:00 INFO : 1 points above threshold
2026-09-06T17:53:40.312+01:00 INFO : Filtering template 59/96 segment 11/14
2026-09-06T17:53:40.320+01:00 INFO : Filtering template 59/96 segment 12/14
2026-09-06T17:53:40.328+01:00 INFO : Filtering template 59/96 segment 13/14
2026-09-06T17:53:40.336+01:00 INFO : Filtering template 59/96 segment 14/14
2026-09-06T17:53:40.345+01:00 INFO : 59: generating IMRPhenomD from 30.0 Hz
2026-09-06T17:53:40.347+01:00 INFO : Decompressing waveform using inline_linear
2026-09-06T17:53:40.350+01:00 INFO : Filtering template 60/96 segment 1/14
2026-09-06T17:53:40.359+01:00 INFO : Filtering template 60/96 segment 2/14
2026-09-06T17:53:40.367+01:00 INFO : Filtering template 60/96 segment 3/14
2026-09-06T17:53:40.375+01:00 INFO : Filtering template 60/96 segment 4/14
2026-09-06T17:53:40.383+01:00 INFO : Filtering template 60/96 segment 5/14
2026-09-06T17:53:40.391+01:00 INFO : Filtering template 60/96 segment 6/14
2026-09-06T17:53:40.400+01:00 INFO : Filtering template 60/96 segment 7/14
2026-09-06T17:53:40.408+01:00 INFO : Filtering template 60/96 segment 8/14
2026-09-06T17:53:40.416+01:00 INFO : 1 points above threshold
2026-09-06T17:53:40.424+01:00 INFO : Filtering template 60/96 segment 9/14
2026-09-06T17:53:40.432+01:00 INFO : Filtering template 60/96 segment 10/14
2026-09-06T17:53:40.440+01:00 INFO : 1 points above threshold
2026-09-06T17:53:40.443+01:00 INFO : Filtering template 60/96 segment 11/14
2026-09-06T17:53:40.451+01:00 INFO : 1 points above threshold
2026-09-06T17:53:40.454+01:00 INFO : Filtering template 60/96 segment 12/14
2026-09-06T17:53:40.462+01:00 INFO : Filtering template 60/96 segment 13/14
2026-09-06T17:53:40.470+01:00 INFO : Filtering template 60/96 segment 14/14
2026-09-06T17:53:40.478+01:00 INFO : 60: generating IMRPhenomD from 30.0 Hz
2026-09-06T17:53:40.480+01:00 INFO : Decompressing waveform using inline_linear
2026-09-06T17:53:40.483+01:00 INFO : Filtering template 61/96 segment 1/14
2026-09-06T17:53:40.492+01:00 INFO : Filtering template 61/96 segment 2/14
2026-09-06T17:53:40.501+01:00 INFO : Filtering template 61/96 segment 3/14
2026-09-06T17:53:40.509+01:00 INFO : Filtering template 61/96 segment 4/14
2026-09-06T17:53:40.517+01:00 INFO : 1 points above threshold
2026-09-06T17:53:40.525+01:00 INFO : Filtering template 61/96 segment 5/14
2026-09-06T17:53:40.533+01:00 INFO : Filtering template 61/96 segment 6/14
2026-09-06T17:53:40.541+01:00 INFO : 1 points above threshold
2026-09-06T17:53:40.544+01:00 INFO : Filtering template 61/96 segment 7/14
2026-09-06T17:53:40.552+01:00 INFO : 1 points above threshold
2026-09-06T17:53:40.555+01:00 INFO : Filtering template 61/96 segment 8/14
2026-09-06T17:53:40.563+01:00 INFO : Filtering template 61/96 segment 9/14
2026-09-06T17:53:40.571+01:00 INFO : Filtering template 61/96 segment 10/14
2026-09-06T17:53:40.579+01:00 INFO : 1 points above threshold
2026-09-06T17:53:40.582+01:00 INFO : Filtering template 61/96 segment 11/14
2026-09-06T17:53:40.590+01:00 INFO : Filtering template 61/96 segment 12/14
2026-09-06T17:53:40.598+01:00 INFO : Filtering template 61/96 segment 13/14
2026-09-06T17:53:40.606+01:00 INFO : Filtering template 61/96 segment 14/14
2026-09-06T17:53:40.615+01:00 INFO : 61: generating IMRPhenomD from 30.0 Hz
2026-09-06T17:53:40.617+01:00 INFO : Decompressing waveform using inline_linear
2026-09-06T17:53:40.620+01:00 INFO : Filtering template 62/96 segment 1/14
2026-09-06T17:53:40.629+01:00 INFO : 2 points above threshold
2026-09-06T17:53:40.637+01:00 INFO : Filtering template 62/96 segment 2/14
2026-09-06T17:53:40.645+01:00 INFO : Filtering template 62/96 segment 3/14
2026-09-06T17:53:40.653+01:00 INFO : Filtering template 62/96 segment 4/14
2026-09-06T17:53:40.661+01:00 INFO : Filtering template 62/96 segment 5/14
2026-09-06T17:53:40.670+01:00 INFO : Filtering template 62/96 segment 6/14
2026-09-06T17:53:40.678+01:00 INFO : Filtering template 62/96 segment 7/14
2026-09-06T17:53:40.686+01:00 INFO : Filtering template 62/96 segment 8/14
2026-09-06T17:53:40.694+01:00 INFO : Filtering template 62/96 segment 9/14
2026-09-06T17:53:40.702+01:00 INFO : Filtering template 62/96 segment 10/14
2026-09-06T17:53:40.710+01:00 INFO : 1 points above threshold
2026-09-06T17:53:40.713+01:00 INFO : Filtering template 62/96 segment 11/14
2026-09-06T17:53:40.721+01:00 INFO : 4 points above threshold
2026-09-06T17:53:40.724+01:00 INFO : Filtering template 62/96 segment 12/14
2026-09-06T17:53:40.732+01:00 INFO : Filtering template 62/96 segment 13/14
2026-09-06T17:53:40.740+01:00 INFO : Filtering template 62/96 segment 14/14
2026-09-06T17:53:40.748+01:00 INFO : 62: generating IMRPhenomD from 30.0 Hz
2026-09-06T17:53:40.750+01:00 INFO : Decompressing waveform using inline_linear
2026-09-06T17:53:40.753+01:00 INFO : Filtering template 63/96 segment 1/14
2026-09-06T17:53:40.762+01:00 INFO : Filtering template 63/96 segment 2/14
2026-09-06T17:53:40.770+01:00 INFO : Filtering template 63/96 segment 3/14
2026-09-06T17:53:40.779+01:00 INFO : Filtering template 63/96 segment 4/14
2026-09-06T17:53:40.787+01:00 INFO : 1 points above threshold
2026-09-06T17:53:40.795+01:00 INFO : Filtering template 63/96 segment 5/14
2026-09-06T17:53:40.803+01:00 INFO : Filtering template 63/96 segment 6/14
2026-09-06T17:53:40.811+01:00 INFO : Filtering template 63/96 segment 7/14
2026-09-06T17:53:40.819+01:00 INFO : 2 points above threshold
2026-09-06T17:53:40.822+01:00 INFO : Filtering template 63/96 segment 8/14
2026-09-06T17:53:40.830+01:00 INFO : Filtering template 63/96 segment 9/14
2026-09-06T17:53:40.838+01:00 INFO : 1 points above threshold
2026-09-06T17:53:40.841+01:00 INFO : Filtering template 63/96 segment 10/14
2026-09-06T17:53:40.849+01:00 INFO : Filtering template 63/96 segment 11/14
2026-09-06T17:53:40.857+01:00 INFO : 1 points above threshold
2026-09-06T17:53:40.860+01:00 INFO : Filtering template 63/96 segment 12/14
2026-09-06T17:53:40.868+01:00 INFO : 1 points above threshold
2026-09-06T17:53:40.871+01:00 INFO : Filtering template 63/96 segment 13/14
2026-09-06T17:53:40.879+01:00 INFO : Filtering template 63/96 segment 14/14
2026-09-06T17:53:40.887+01:00 INFO : 63: generating IMRPhenomD from 30.0 Hz
2026-09-06T17:53:40.890+01:00 INFO : Decompressing waveform using inline_linear
2026-09-06T17:53:40.892+01:00 INFO : Filtering template 64/96 segment 1/14
2026-09-06T17:53:40.901+01:00 INFO : Filtering template 64/96 segment 2/14
2026-09-06T17:53:40.910+01:00 INFO : Filtering template 64/96 segment 3/14
2026-09-06T17:53:40.918+01:00 INFO : 2 points above threshold
2026-09-06T17:53:40.926+01:00 INFO : Filtering template 64/96 segment 4/14
2026-09-06T17:53:40.934+01:00 INFO : Filtering template 64/96 segment 5/14
2026-09-06T17:53:40.942+01:00 INFO : Filtering template 64/96 segment 6/14
2026-09-06T17:53:40.950+01:00 INFO : 1 points above threshold
2026-09-06T17:53:40.953+01:00 INFO : Filtering template 64/96 segment 7/14
2026-09-06T17:53:40.961+01:00 INFO : Filtering template 64/96 segment 8/14
2026-09-06T17:53:40.969+01:00 INFO : Filtering template 64/96 segment 9/14
2026-09-06T17:53:40.977+01:00 INFO : Filtering template 64/96 segment 10/14
2026-09-06T17:53:40.985+01:00 INFO : Filtering template 64/96 segment 11/14
2026-09-06T17:53:40.994+01:00 INFO : Filtering template 64/96 segment 12/14
2026-09-06T17:53:41.002+01:00 INFO : Filtering template 64/96 segment 13/14
2026-09-06T17:53:41.010+01:00 INFO : Filtering template 64/96 segment 14/14
2026-09-06T17:53:41.018+01:00 INFO : 64: generating IMRPhenomD from 30.0 Hz
2026-09-06T17:53:41.020+01:00 INFO : Decompressing waveform using inline_linear
2026-09-06T17:53:41.023+01:00 INFO : Filtering template 65/96 segment 1/14
2026-09-06T17:53:41.032+01:00 INFO : 1 points above threshold
2026-09-06T17:53:41.040+01:00 INFO : Filtering template 65/96 segment 2/14
2026-09-06T17:53:41.049+01:00 INFO : Filtering template 65/96 segment 3/14
2026-09-06T17:53:41.057+01:00 INFO : 1 points above threshold
2026-09-06T17:53:41.059+01:00 INFO : Filtering template 65/96 segment 4/14
2026-09-06T17:53:41.067+01:00 INFO : 1 points above threshold
2026-09-06T17:53:41.070+01:00 INFO : Filtering template 65/96 segment 5/14
2026-09-06T17:53:41.078+01:00 INFO : 1 points above threshold
2026-09-06T17:53:41.081+01:00 INFO : Filtering template 65/96 segment 6/14
2026-09-06T17:53:41.089+01:00 INFO : Filtering template 65/96 segment 7/14
2026-09-06T17:53:41.097+01:00 INFO : 1 points above threshold
2026-09-06T17:53:41.100+01:00 INFO : Filtering template 65/96 segment 8/14
2026-09-06T17:53:41.108+01:00 INFO : Filtering template 65/96 segment 9/14
2026-09-06T17:53:41.116+01:00 INFO : Filtering template 65/96 segment 10/14
2026-09-06T17:53:41.124+01:00 INFO : 1 points above threshold
2026-09-06T17:53:41.127+01:00 INFO : Filtering template 65/96 segment 11/14
2026-09-06T17:53:41.135+01:00 INFO : 1 points above threshold
2026-09-06T17:53:41.138+01:00 INFO : Filtering template 65/96 segment 12/14
2026-09-06T17:53:41.146+01:00 INFO : Filtering template 65/96 segment 13/14
2026-09-06T17:53:41.154+01:00 INFO : Filtering template 65/96 segment 14/14
2026-09-06T17:53:41.163+01:00 INFO : 65: generating IMRPhenomD from 30.0 Hz
2026-09-06T17:53:41.165+01:00 INFO : Decompressing waveform using inline_linear
2026-09-06T17:53:41.167+01:00 INFO : Filtering template 66/96 segment 1/14
2026-09-06T17:53:41.177+01:00 INFO : Filtering template 66/96 segment 2/14
2026-09-06T17:53:41.185+01:00 INFO : 1 points above threshold
2026-09-06T17:53:41.193+01:00 INFO : Filtering template 66/96 segment 3/14
2026-09-06T17:53:41.201+01:00 INFO : Filtering template 66/96 segment 4/14
2026-09-06T17:53:41.209+01:00 INFO : 1 points above threshold
2026-09-06T17:53:41.212+01:00 INFO : Filtering template 66/96 segment 5/14
2026-09-06T17:53:41.220+01:00 INFO : Filtering template 66/96 segment 6/14
2026-09-06T17:53:41.228+01:00 INFO : 1 points above threshold
2026-09-06T17:53:41.231+01:00 INFO : Filtering template 66/96 segment 7/14
2026-09-06T17:53:41.239+01:00 INFO : 1 points above threshold
2026-09-06T17:53:41.242+01:00 INFO : Filtering template 66/96 segment 8/14
2026-09-06T17:53:41.250+01:00 INFO : Filtering template 66/96 segment 9/14
2026-09-06T17:53:41.258+01:00 INFO : Filtering template 66/96 segment 10/14
2026-09-06T17:53:41.266+01:00 INFO : 1 points above threshold
2026-09-06T17:53:41.269+01:00 INFO : Filtering template 66/96 segment 11/14
2026-09-06T17:53:41.277+01:00 INFO : Filtering template 66/96 segment 12/14
2026-09-06T17:53:41.285+01:00 INFO : Filtering template 66/96 segment 13/14
2026-09-06T17:53:41.293+01:00 INFO : Filtering template 66/96 segment 14/14
2026-09-06T17:53:41.301+01:00 INFO : 66: generating IMRPhenomD from 30.0 Hz
2026-09-06T17:53:41.303+01:00 INFO : Decompressing waveform using inline_linear
2026-09-06T17:53:41.306+01:00 INFO : Filtering template 67/96 segment 1/14
2026-09-06T17:53:41.315+01:00 INFO : 2 points above threshold
2026-09-06T17:53:41.323+01:00 INFO : Filtering template 67/96 segment 2/14
2026-09-06T17:53:41.332+01:00 INFO : 1 points above threshold
2026-09-06T17:53:41.334+01:00 INFO : Filtering template 67/96 segment 3/14
2026-09-06T17:53:41.342+01:00 INFO : Filtering template 67/96 segment 4/14
2026-09-06T17:53:41.351+01:00 INFO : Filtering template 67/96 segment 5/14
2026-09-06T17:53:41.359+01:00 INFO : Filtering template 67/96 segment 6/14
2026-09-06T17:53:41.368+01:00 INFO : 1 points above threshold
2026-09-06T17:53:41.371+01:00 INFO : Filtering template 67/96 segment 7/14
2026-09-06T17:53:41.381+01:00 INFO : Filtering template 67/96 segment 8/14
2026-09-06T17:53:41.389+01:00 INFO : Filtering template 67/96 segment 9/14
2026-09-06T17:53:41.399+01:00 INFO : Filtering template 67/96 segment 10/14
2026-09-06T17:53:41.408+01:00 INFO : Filtering template 67/96 segment 11/14
2026-09-06T17:53:41.418+01:00 INFO : Filtering template 67/96 segment 12/14
2026-09-06T17:53:41.427+01:00 INFO : Filtering template 67/96 segment 13/14
2026-09-06T17:53:41.437+01:00 INFO : Filtering template 67/96 segment 14/14
2026-09-06T17:53:41.446+01:00 INFO : 67: generating IMRPhenomD from 30.0 Hz
2026-09-06T17:53:41.448+01:00 INFO : Decompressing waveform using inline_linear
2026-09-06T17:53:41.451+01:00 INFO : Filtering template 68/96 segment 1/14
2026-09-06T17:53:41.462+01:00 INFO : 1 points above threshold
2026-09-06T17:53:41.470+01:00 INFO : Filtering template 68/96 segment 2/14
2026-09-06T17:53:41.478+01:00 INFO : Filtering template 68/96 segment 3/14
2026-09-06T17:53:41.487+01:00 INFO : Filtering template 68/96 segment 4/14
2026-09-06T17:53:41.495+01:00 INFO : 1 points above threshold
2026-09-06T17:53:41.498+01:00 INFO : Filtering template 68/96 segment 5/14
2026-09-06T17:53:41.506+01:00 INFO : Filtering template 68/96 segment 6/14
2026-09-06T17:53:41.514+01:00 INFO : Filtering template 68/96 segment 7/14
2026-09-06T17:53:41.522+01:00 INFO : 1 points above threshold
2026-09-06T17:53:41.525+01:00 INFO : Filtering template 68/96 segment 8/14
2026-09-06T17:53:41.533+01:00 INFO : Filtering template 68/96 segment 9/14
2026-09-06T17:53:41.541+01:00 INFO : Filtering template 68/96 segment 10/14
2026-09-06T17:53:41.549+01:00 INFO : Filtering template 68/96 segment 11/14
2026-09-06T17:53:41.557+01:00 INFO : 1 points above threshold
2026-09-06T17:53:41.560+01:00 INFO : Filtering template 68/96 segment 12/14
2026-09-06T17:53:41.568+01:00 INFO : 1 points above threshold
2026-09-06T17:53:41.571+01:00 INFO : Filtering template 68/96 segment 13/14
2026-09-06T17:53:41.579+01:00 INFO : Filtering template 68/96 segment 14/14
2026-09-06T17:53:41.587+01:00 INFO : 68: generating IMRPhenomD from 30.0 Hz
2026-09-06T17:53:41.589+01:00 INFO : Decompressing waveform using inline_linear
2026-09-06T17:53:41.592+01:00 INFO : Filtering template 69/96 segment 1/14
2026-09-06T17:53:41.601+01:00 INFO : Filtering template 69/96 segment 2/14
2026-09-06T17:53:41.609+01:00 INFO : Filtering template 69/96 segment 3/14
2026-09-06T17:53:41.617+01:00 INFO : Filtering template 69/96 segment 4/14
2026-09-06T17:53:41.625+01:00 INFO : Filtering template 69/96 segment 5/14
2026-09-06T17:53:41.634+01:00 INFO : Filtering template 69/96 segment 6/14
2026-09-06T17:53:41.642+01:00 INFO : 1 points above threshold
2026-09-06T17:53:41.650+01:00 INFO : Filtering template 69/96 segment 7/14
2026-09-06T17:53:41.658+01:00 INFO : Filtering template 69/96 segment 8/14
2026-09-06T17:53:41.666+01:00 INFO : Filtering template 69/96 segment 9/14
2026-09-06T17:53:41.674+01:00 INFO : Filtering template 69/96 segment 10/14
2026-09-06T17:53:41.683+01:00 INFO : Filtering template 69/96 segment 11/14
2026-09-06T17:53:41.691+01:00 INFO : 2 points above threshold
2026-09-06T17:53:41.693+01:00 INFO : Filtering template 69/96 segment 12/14
2026-09-06T17:53:41.702+01:00 INFO : Filtering template 69/96 segment 13/14
2026-09-06T17:53:41.710+01:00 INFO : Filtering template 69/96 segment 14/14
2026-09-06T17:53:41.718+01:00 INFO : 69: generating IMRPhenomD from 30.0 Hz
2026-09-06T17:53:41.720+01:00 INFO : Decompressing waveform using inline_linear
2026-09-06T17:53:41.723+01:00 INFO : Filtering template 70/96 segment 1/14
2026-09-06T17:53:41.732+01:00 INFO : 1 points above threshold
2026-09-06T17:53:41.740+01:00 INFO : Filtering template 70/96 segment 2/14
2026-09-06T17:53:41.748+01:00 INFO : Filtering template 70/96 segment 3/14
2026-09-06T17:53:41.756+01:00 INFO : 1 points above threshold
2026-09-06T17:53:41.759+01:00 INFO : Filtering template 70/96 segment 4/14
2026-09-06T17:53:41.767+01:00 INFO : 2 points above threshold
2026-09-06T17:53:41.770+01:00 INFO : Filtering template 70/96 segment 5/14
2026-09-06T17:53:41.778+01:00 INFO : Filtering template 70/96 segment 6/14
2026-09-06T17:53:41.786+01:00 INFO : Filtering template 70/96 segment 7/14
2026-09-06T17:53:41.794+01:00 INFO : Filtering template 70/96 segment 8/14
2026-09-06T17:53:41.803+01:00 INFO : Filtering template 70/96 segment 9/14
2026-09-06T17:53:41.811+01:00 INFO : Filtering template 70/96 segment 10/14
2026-09-06T17:53:41.819+01:00 INFO : 1 points above threshold
2026-09-06T17:53:41.822+01:00 INFO : Filtering template 70/96 segment 11/14
2026-09-06T17:53:41.830+01:00 INFO : 1 points above threshold
2026-09-06T17:53:41.833+01:00 INFO : Filtering template 70/96 segment 12/14
2026-09-06T17:53:41.841+01:00 INFO : 1 points above threshold
2026-09-06T17:53:41.843+01:00 INFO : Filtering template 70/96 segment 13/14
2026-09-06T17:53:41.851+01:00 INFO : 1 points above threshold
2026-09-06T17:53:41.854+01:00 INFO : Filtering template 70/96 segment 14/14
2026-09-06T17:53:41.863+01:00 INFO : 70: generating IMRPhenomD from 30.0 Hz
2026-09-06T17:53:41.865+01:00 INFO : Decompressing waveform using inline_linear
2026-09-06T17:53:41.867+01:00 INFO : Filtering template 71/96 segment 1/14
2026-09-06T17:53:41.877+01:00 INFO : Filtering template 71/96 segment 2/14
2026-09-06T17:53:41.885+01:00 INFO : Filtering template 71/96 segment 3/14
2026-09-06T17:53:41.893+01:00 INFO : Filtering template 71/96 segment 4/14
2026-09-06T17:53:41.901+01:00 INFO : Filtering template 71/96 segment 5/14
2026-09-06T17:53:41.909+01:00 INFO : Filtering template 71/96 segment 6/14
2026-09-06T17:53:41.918+01:00 INFO : 1 points above threshold
2026-09-06T17:53:41.927+01:00 INFO : Filtering template 71/96 segment 7/14
2026-09-06T17:53:41.935+01:00 INFO : Filtering template 71/96 segment 8/14
2026-09-06T17:53:41.943+01:00 INFO : Filtering template 71/96 segment 9/14
2026-09-06T17:53:41.951+01:00 INFO : 1 points above threshold
2026-09-06T17:53:41.954+01:00 INFO : Filtering template 71/96 segment 10/14
2026-09-06T17:53:41.962+01:00 INFO : 1 points above threshold
2026-09-06T17:53:41.965+01:00 INFO : Filtering template 71/96 segment 11/14
2026-09-06T17:53:41.973+01:00 INFO : 1 points above threshold
2026-09-06T17:53:41.976+01:00 INFO : Filtering template 71/96 segment 12/14
2026-09-06T17:53:41.984+01:00 INFO : 2 points above threshold
2026-09-06T17:53:41.986+01:00 INFO : Filtering template 71/96 segment 13/14
2026-09-06T17:53:41.995+01:00 INFO : Filtering template 71/96 segment 14/14
2026-09-06T17:53:42.003+01:00 INFO : 71: generating IMRPhenomD from 30.0 Hz
2026-09-06T17:53:42.005+01:00 INFO : Decompressing waveform using inline_linear
2026-09-06T17:53:42.008+01:00 INFO : Filtering template 72/96 segment 1/14
2026-09-06T17:53:42.017+01:00 INFO : Filtering template 72/96 segment 2/14
2026-09-06T17:53:42.025+01:00 INFO : 1 points above threshold
2026-09-06T17:53:42.033+01:00 INFO : Filtering template 72/96 segment 3/14
2026-09-06T17:53:42.042+01:00 INFO : 1 points above threshold
2026-09-06T17:53:42.044+01:00 INFO : Filtering template 72/96 segment 4/14
2026-09-06T17:53:42.052+01:00 INFO : Filtering template 72/96 segment 5/14
2026-09-06T17:53:42.060+01:00 INFO : Filtering template 72/96 segment 6/14
2026-09-06T17:53:42.069+01:00 INFO : 1 points above threshold
2026-09-06T17:53:42.071+01:00 INFO : Filtering template 72/96 segment 7/14
2026-09-06T17:53:42.079+01:00 INFO : Filtering template 72/96 segment 8/14
2026-09-06T17:53:42.087+01:00 INFO : Filtering template 72/96 segment 9/14
2026-09-06T17:53:42.096+01:00 INFO : 1 points above threshold
2026-09-06T17:53:42.098+01:00 INFO : Filtering template 72/96 segment 10/14
2026-09-06T17:53:42.106+01:00 INFO : 3 points above threshold
2026-09-06T17:53:42.110+01:00 INFO : Filtering template 72/96 segment 11/14
2026-09-06T17:53:42.118+01:00 INFO : 1 points above threshold
2026-09-06T17:53:42.121+01:00 INFO : Filtering template 72/96 segment 12/14
2026-09-06T17:53:42.129+01:00 INFO : 2 points above threshold
2026-09-06T17:53:42.131+01:00 INFO : Filtering template 72/96 segment 13/14
2026-09-06T17:53:42.139+01:00 INFO : 1 points above threshold
2026-09-06T17:53:42.142+01:00 INFO : Filtering template 72/96 segment 14/14
2026-09-06T17:53:42.151+01:00 INFO : 72: generating IMRPhenomD from 30.0 Hz
2026-09-06T17:53:42.153+01:00 INFO : Decompressing waveform using inline_linear
2026-09-06T17:53:42.155+01:00 INFO : Filtering template 73/96 segment 1/14
2026-09-06T17:53:42.165+01:00 INFO : Filtering template 73/96 segment 2/14
2026-09-06T17:53:42.173+01:00 INFO : Filtering template 73/96 segment 3/14
2026-09-06T17:53:42.181+01:00 INFO : 1 points above threshold
2026-09-06T17:53:42.189+01:00 INFO : Filtering template 73/96 segment 4/14
2026-09-06T17:53:42.197+01:00 INFO : Filtering template 73/96 segment 5/14
2026-09-06T17:53:42.205+01:00 INFO : Filtering template 73/96 segment 6/14
2026-09-06T17:53:42.214+01:00 INFO : 1 points above threshold
2026-09-06T17:53:42.216+01:00 INFO : Filtering template 73/96 segment 7/14
2026-09-06T17:53:42.224+01:00 INFO : Filtering template 73/96 segment 8/14
2026-09-06T17:53:42.233+01:00 INFO : Filtering template 73/96 segment 9/14
2026-09-06T17:53:42.241+01:00 INFO : Filtering template 73/96 segment 10/14
2026-09-06T17:53:42.249+01:00 INFO : Filtering template 73/96 segment 11/14
2026-09-06T17:53:42.257+01:00 INFO : Filtering template 73/96 segment 12/14
2026-09-06T17:53:42.265+01:00 INFO : Filtering template 73/96 segment 13/14
2026-09-06T17:53:42.273+01:00 INFO : 1 points above threshold
2026-09-06T17:53:42.276+01:00 INFO : Filtering template 73/96 segment 14/14
2026-09-06T17:53:42.284+01:00 INFO : 73: generating IMRPhenomD from 30.0 Hz
2026-09-06T17:53:42.286+01:00 INFO : Decompressing waveform using inline_linear
2026-09-06T17:53:42.289+01:00 INFO : Filtering template 74/96 segment 1/14
2026-09-06T17:53:42.298+01:00 INFO : 1 points above threshold
2026-09-06T17:53:42.306+01:00 INFO : Filtering template 74/96 segment 2/14
2026-09-06T17:53:42.314+01:00 INFO : Filtering template 74/96 segment 3/14
2026-09-06T17:53:42.323+01:00 INFO : 1 points above threshold
2026-09-06T17:53:42.325+01:00 INFO : Filtering template 74/96 segment 4/14
2026-09-06T17:53:42.333+01:00 INFO : Filtering template 74/96 segment 5/14
2026-09-06T17:53:42.342+01:00 INFO : 2 points above threshold
2026-09-06T17:53:42.344+01:00 INFO : Filtering template 74/96 segment 6/14
2026-09-06T17:53:42.352+01:00 INFO : 1 points above threshold
2026-09-06T17:53:42.355+01:00 INFO : Filtering template 74/96 segment 7/14
2026-09-06T17:53:42.363+01:00 INFO : Filtering template 74/96 segment 8/14
2026-09-06T17:53:42.371+01:00 INFO : Filtering template 74/96 segment 9/14
2026-09-06T17:53:42.380+01:00 INFO : Filtering template 74/96 segment 10/14
2026-09-06T17:53:42.388+01:00 INFO : 1 points above threshold
2026-09-06T17:53:42.390+01:00 INFO : Filtering template 74/96 segment 11/14
2026-09-06T17:53:42.399+01:00 INFO : Filtering template 74/96 segment 12/14
2026-09-06T17:53:42.407+01:00 INFO : Filtering template 74/96 segment 13/14
2026-09-06T17:53:42.415+01:00 INFO : Filtering template 74/96 segment 14/14
2026-09-06T17:53:42.423+01:00 INFO : 74: generating IMRPhenomD from 30.0 Hz
2026-09-06T17:53:42.425+01:00 INFO : Decompressing waveform using inline_linear
2026-09-06T17:53:42.428+01:00 INFO : Filtering template 75/96 segment 1/14
2026-09-06T17:53:42.437+01:00 INFO : Filtering template 75/96 segment 2/14
2026-09-06T17:53:42.445+01:00 INFO : Filtering template 75/96 segment 3/14
2026-09-06T17:53:42.453+01:00 INFO : Filtering template 75/96 segment 4/14
2026-09-06T17:53:42.462+01:00 INFO : Filtering template 75/96 segment 5/14
2026-09-06T17:53:42.470+01:00 INFO : 1 points above threshold
2026-09-06T17:53:42.478+01:00 INFO : Filtering template 75/96 segment 6/14
2026-09-06T17:53:42.486+01:00 INFO : 2 points above threshold
2026-09-06T17:53:42.489+01:00 INFO : Filtering template 75/96 segment 7/14
2026-09-06T17:53:42.497+01:00 INFO : Filtering template 75/96 segment 8/14
2026-09-06T17:53:42.505+01:00 INFO : Filtering template 75/96 segment 9/14
2026-09-06T17:53:42.513+01:00 INFO : Filtering template 75/96 segment 10/14
2026-09-06T17:53:42.521+01:00 INFO : Filtering template 75/96 segment 11/14
2026-09-06T17:53:42.529+01:00 INFO : Filtering template 75/96 segment 12/14
2026-09-06T17:53:42.537+01:00 INFO : 2 points above threshold
2026-09-06T17:53:42.540+01:00 INFO : Filtering template 75/96 segment 13/14
2026-09-06T17:53:42.548+01:00 INFO : Filtering template 75/96 segment 14/14
2026-09-06T17:53:42.556+01:00 INFO : 75: generating IMRPhenomD from 30.0 Hz
2026-09-06T17:53:42.559+01:00 INFO : Decompressing waveform using inline_linear
2026-09-06T17:53:42.561+01:00 INFO : Filtering template 76/96 segment 1/14
2026-09-06T17:53:42.570+01:00 INFO : Filtering template 76/96 segment 2/14
2026-09-06T17:53:42.579+01:00 INFO : 1 points above threshold
2026-09-06T17:53:42.587+01:00 INFO : Filtering template 76/96 segment 3/14
2026-09-06T17:53:42.595+01:00 INFO : Filtering template 76/96 segment 4/14
2026-09-06T17:53:42.603+01:00 INFO : Filtering template 76/96 segment 5/14
2026-09-06T17:53:42.611+01:00 INFO : Filtering template 76/96 segment 6/14
2026-09-06T17:53:42.619+01:00 INFO : 1 points above threshold
2026-09-06T17:53:42.622+01:00 INFO : Filtering template 76/96 segment 7/14
2026-09-06T17:53:42.630+01:00 INFO : Filtering template 76/96 segment 8/14
2026-09-06T17:53:42.638+01:00 INFO : Filtering template 76/96 segment 9/14
2026-09-06T17:53:42.646+01:00 INFO : Filtering template 76/96 segment 10/14
2026-09-06T17:53:42.654+01:00 INFO : Filtering template 76/96 segment 11/14
2026-09-06T17:53:42.663+01:00 INFO : Filtering template 76/96 segment 12/14
2026-09-06T17:53:42.671+01:00 INFO : 2 points above threshold
2026-09-06T17:53:42.673+01:00 INFO : Filtering template 76/96 segment 13/14
2026-09-06T17:53:42.681+01:00 INFO : Filtering template 76/96 segment 14/14
2026-09-06T17:53:42.690+01:00 INFO : 76: generating IMRPhenomD from 30.0 Hz
2026-09-06T17:53:42.692+01:00 INFO : Decompressing waveform using inline_linear
2026-09-06T17:53:42.694+01:00 INFO : Filtering template 77/96 segment 1/14
2026-09-06T17:53:42.704+01:00 INFO : Filtering template 77/96 segment 2/14
2026-09-06T17:53:42.712+01:00 INFO : Filtering template 77/96 segment 3/14
2026-09-06T17:53:42.720+01:00 INFO : Filtering template 77/96 segment 4/14
2026-09-06T17:53:42.728+01:00 INFO : 1 points above threshold
2026-09-06T17:53:42.736+01:00 INFO : Filtering template 77/96 segment 5/14
2026-09-06T17:53:42.745+01:00 INFO : Filtering template 77/96 segment 6/14
2026-09-06T17:53:42.753+01:00 INFO : Filtering template 77/96 segment 7/14
2026-09-06T17:53:42.761+01:00 INFO : Filtering template 77/96 segment 8/14
2026-09-06T17:53:42.769+01:00 INFO : Filtering template 77/96 segment 9/14
2026-09-06T17:53:42.777+01:00 INFO : Filtering template 77/96 segment 10/14
2026-09-06T17:53:42.786+01:00 INFO : Filtering template 77/96 segment 11/14
2026-09-06T17:53:42.794+01:00 INFO : 1 points above threshold
2026-09-06T17:53:42.797+01:00 INFO : Filtering template 77/96 segment 12/14
2026-09-06T17:53:42.805+01:00 INFO : Filtering template 77/96 segment 13/14
2026-09-06T17:53:42.813+01:00 INFO : Filtering template 77/96 segment 14/14
2026-09-06T17:53:42.821+01:00 INFO : 77: generating IMRPhenomD from 30.0 Hz
2026-09-06T17:53:42.823+01:00 INFO : Decompressing waveform using inline_linear
2026-09-06T17:53:42.826+01:00 INFO : Filtering template 78/96 segment 1/14
2026-09-06T17:53:42.835+01:00 INFO : Filtering template 78/96 segment 2/14
2026-09-06T17:53:42.843+01:00 INFO : Filtering template 78/96 segment 3/14
2026-09-06T17:53:42.852+01:00 INFO : Filtering template 78/96 segment 4/14
2026-09-06T17:53:42.860+01:00 INFO : Filtering template 78/96 segment 5/14
2026-09-06T17:53:42.868+01:00 INFO : Filtering template 78/96 segment 6/14
2026-09-06T17:53:42.876+01:00 INFO : Filtering template 78/96 segment 7/14
2026-09-06T17:53:42.884+01:00 INFO : Filtering template 78/96 segment 8/14
2026-09-06T17:53:42.892+01:00 INFO : Filtering template 78/96 segment 9/14
2026-09-06T17:53:42.900+01:00 INFO : Filtering template 78/96 segment 10/14
2026-09-06T17:53:42.909+01:00 INFO : Filtering template 78/96 segment 11/14
2026-09-06T17:53:42.917+01:00 INFO : 1 points above threshold
2026-09-06T17:53:42.925+01:00 INFO : Filtering template 78/96 segment 12/14
2026-09-06T17:53:42.933+01:00 INFO : Filtering template 78/96 segment 13/14
2026-09-06T17:53:42.941+01:00 INFO : Filtering template 78/96 segment 14/14
2026-09-06T17:53:42.949+01:00 INFO : 78: generating IMRPhenomD from 30.0 Hz
2026-09-06T17:53:42.952+01:00 INFO : Decompressing waveform using inline_linear
2026-09-06T17:53:42.954+01:00 INFO : Filtering template 79/96 segment 1/14
2026-09-06T17:53:42.963+01:00 INFO : 1 points above threshold
2026-09-06T17:53:42.972+01:00 INFO : Filtering template 79/96 segment 2/14
2026-09-06T17:53:42.980+01:00 INFO : Filtering template 79/96 segment 3/14
2026-09-06T17:53:42.988+01:00 INFO : 1 points above threshold
2026-09-06T17:53:42.991+01:00 INFO : Filtering template 79/96 segment 4/14
2026-09-06T17:53:42.999+01:00 INFO : Filtering template 79/96 segment 5/14
2026-09-06T17:53:43.007+01:00 INFO : Filtering template 79/96 segment 6/14
2026-09-06T17:53:43.015+01:00 INFO : 1 points above threshold
2026-09-06T17:53:43.018+01:00 INFO : Filtering template 79/96 segment 7/14
2026-09-06T17:53:43.026+01:00 INFO : Filtering template 79/96 segment 8/14
2026-09-06T17:53:43.034+01:00 INFO : Filtering template 79/96 segment 9/14
2026-09-06T17:53:43.042+01:00 INFO : Filtering template 79/96 segment 10/14
2026-09-06T17:53:43.050+01:00 INFO : Filtering template 79/96 segment 11/14
2026-09-06T17:53:43.058+01:00 INFO : 1 points above threshold
2026-09-06T17:53:43.061+01:00 INFO : Filtering template 79/96 segment 12/14
2026-09-06T17:53:43.069+01:00 INFO : 1 points above threshold
2026-09-06T17:53:43.072+01:00 INFO : Filtering template 79/96 segment 13/14
2026-09-06T17:53:43.080+01:00 INFO : 2 points above threshold
2026-09-06T17:53:43.083+01:00 INFO : Filtering template 79/96 segment 14/14
2026-09-06T17:53:43.091+01:00 INFO : 79: generating IMRPhenomD from 30.0 Hz
2026-09-06T17:53:43.093+01:00 INFO : Decompressing waveform using inline_linear
2026-09-06T17:53:43.096+01:00 INFO : Filtering template 80/96 segment 1/14
2026-09-06T17:53:43.105+01:00 INFO : Filtering template 80/96 segment 2/14
2026-09-06T17:53:43.113+01:00 INFO : Filtering template 80/96 segment 3/14
2026-09-06T17:53:43.121+01:00 INFO : 2 points above threshold
2026-09-06T17:53:43.129+01:00 INFO : Filtering template 80/96 segment 4/14
2026-09-06T17:53:43.137+01:00 INFO : Filtering template 80/96 segment 5/14
2026-09-06T17:53:43.146+01:00 INFO : 1 points above threshold
2026-09-06T17:53:43.148+01:00 INFO : Filtering template 80/96 segment 6/14
2026-09-06T17:53:43.156+01:00 INFO : Filtering template 80/96 segment 7/14
2026-09-06T17:53:43.164+01:00 INFO : 1 points above threshold
2026-09-06T17:53:43.167+01:00 INFO : Filtering template 80/96 segment 8/14
2026-09-06T17:53:43.175+01:00 INFO : Filtering template 80/96 segment 9/14
2026-09-06T17:53:43.183+01:00 INFO : Filtering template 80/96 segment 10/14
2026-09-06T17:53:43.192+01:00 INFO : Filtering template 80/96 segment 11/14
2026-09-06T17:53:43.200+01:00 INFO : Filtering template 80/96 segment 12/14
2026-09-06T17:53:43.208+01:00 INFO : Filtering template 80/96 segment 13/14
2026-09-06T17:53:43.216+01:00 INFO : 1 points above threshold
2026-09-06T17:53:43.219+01:00 INFO : Filtering template 80/96 segment 14/14
2026-09-06T17:53:43.227+01:00 INFO : 80: generating IMRPhenomD from 30.0 Hz
2026-09-06T17:53:43.229+01:00 INFO : Decompressing waveform using inline_linear
2026-09-06T17:53:43.232+01:00 INFO : Filtering template 81/96 segment 1/14
2026-09-06T17:53:43.241+01:00 INFO : Filtering template 81/96 segment 2/14
2026-09-06T17:53:43.249+01:00 INFO : 1 points above threshold
2026-09-06T17:53:43.257+01:00 INFO : Filtering template 81/96 segment 3/14
2026-09-06T17:53:43.266+01:00 INFO : Filtering template 81/96 segment 4/14
2026-09-06T17:53:43.274+01:00 INFO : 1 points above threshold
2026-09-06T17:53:43.277+01:00 INFO : Filtering template 81/96 segment 5/14
2026-09-06T17:53:43.285+01:00 INFO : Filtering template 81/96 segment 6/14
2026-09-06T17:53:43.293+01:00 INFO : 2 points above threshold
2026-09-06T17:53:43.295+01:00 INFO : Filtering template 81/96 segment 7/14
2026-09-06T17:53:43.303+01:00 INFO : Filtering template 81/96 segment 8/14
2026-09-06T17:53:43.312+01:00 INFO : Filtering template 81/96 segment 9/14
2026-09-06T17:53:43.320+01:00 INFO : Filtering template 81/96 segment 10/14
2026-09-06T17:53:43.328+01:00 INFO : Filtering template 81/96 segment 11/14
2026-09-06T17:53:43.336+01:00 INFO : Filtering template 81/96 segment 12/14
2026-09-06T17:53:43.344+01:00 INFO : Filtering template 81/96 segment 13/14
2026-09-06T17:53:43.352+01:00 INFO : 1 points above threshold
2026-09-06T17:53:43.355+01:00 INFO : Filtering template 81/96 segment 14/14
2026-09-06T17:53:43.363+01:00 INFO : 81: generating IMRPhenomD from 30.0 Hz
2026-09-06T17:53:43.365+01:00 INFO : Decompressing waveform using inline_linear
2026-09-06T17:53:43.368+01:00 INFO : Filtering template 82/96 segment 1/14
2026-09-06T17:53:43.377+01:00 INFO : Filtering template 82/96 segment 2/14
2026-09-06T17:53:43.385+01:00 INFO : Filtering template 82/96 segment 3/14
2026-09-06T17:53:43.393+01:00 INFO : Filtering template 82/96 segment 4/14
2026-09-06T17:53:43.401+01:00 INFO : Filtering template 82/96 segment 5/14
2026-09-06T17:53:43.410+01:00 INFO : 1 points above threshold
2026-09-06T17:53:43.418+01:00 INFO : Filtering template 82/96 segment 6/14
2026-09-06T17:53:43.426+01:00 INFO : 1 points above threshold
2026-09-06T17:53:43.429+01:00 INFO : Filtering template 82/96 segment 7/14
2026-09-06T17:53:43.437+01:00 INFO : Filtering template 82/96 segment 8/14
2026-09-06T17:53:43.445+01:00 INFO : 1 points above threshold
2026-09-06T17:53:43.448+01:00 INFO : Filtering template 82/96 segment 9/14
2026-09-06T17:53:43.456+01:00 INFO : Filtering template 82/96 segment 10/14
2026-09-06T17:53:43.464+01:00 INFO : Filtering template 82/96 segment 11/14
2026-09-06T17:53:43.472+01:00 INFO : Filtering template 82/96 segment 12/14
2026-09-06T17:53:43.480+01:00 INFO : Filtering template 82/96 segment 13/14
2026-09-06T17:53:43.488+01:00 INFO : Filtering template 82/96 segment 14/14
2026-09-06T17:53:43.496+01:00 INFO : 82: generating IMRPhenomD from 30.0 Hz
2026-09-06T17:53:43.498+01:00 INFO : Decompressing waveform using inline_linear
2026-09-06T17:53:43.501+01:00 INFO : Filtering template 83/96 segment 1/14
2026-09-06T17:53:43.510+01:00 INFO : 1 points above threshold
2026-09-06T17:53:43.519+01:00 INFO : Filtering template 83/96 segment 2/14
2026-09-06T17:53:43.527+01:00 INFO : Filtering template 83/96 segment 3/14
2026-09-06T17:53:43.535+01:00 INFO : Filtering template 83/96 segment 4/14
2026-09-06T17:53:43.543+01:00 INFO : Filtering template 83/96 segment 5/14
2026-09-06T17:53:43.551+01:00 INFO : 1 points above threshold
2026-09-06T17:53:43.554+01:00 INFO : Filtering template 83/96 segment 6/14
2026-09-06T17:53:43.562+01:00 INFO : 2 points above threshold
2026-09-06T17:53:43.565+01:00 INFO : Filtering template 83/96 segment 7/14
2026-09-06T17:53:43.573+01:00 INFO : 1 points above threshold
2026-09-06T17:53:43.576+01:00 INFO : Filtering template 83/96 segment 8/14
2026-09-06T17:53:43.584+01:00 INFO : Filtering template 83/96 segment 9/14
2026-09-06T17:53:43.592+01:00 INFO : 1 points above threshold
2026-09-06T17:53:43.595+01:00 INFO : Filtering template 83/96 segment 10/14
2026-09-06T17:53:43.603+01:00 INFO : 2 points above threshold
2026-09-06T17:53:43.606+01:00 INFO : Filtering template 83/96 segment 11/14
2026-09-06T17:53:43.614+01:00 INFO : Filtering template 83/96 segment 12/14
2026-09-06T17:53:43.622+01:00 INFO : 2 points above threshold
2026-09-06T17:53:43.624+01:00 INFO : Filtering template 83/96 segment 13/14
2026-09-06T17:53:43.632+01:00 INFO : 1 points above threshold
2026-09-06T17:53:43.635+01:00 INFO : Filtering template 83/96 segment 14/14
2026-09-06T17:53:43.644+01:00 INFO : 83: generating IMRPhenomD from 30.0 Hz
2026-09-06T17:53:43.646+01:00 INFO : Decompressing waveform using inline_linear
2026-09-06T17:53:43.648+01:00 INFO : Filtering template 84/96 segment 1/14
2026-09-06T17:53:43.658+01:00 INFO : Filtering template 84/96 segment 2/14
2026-09-06T17:53:43.666+01:00 INFO : Filtering template 84/96 segment 3/14
2026-09-06T17:53:43.674+01:00 INFO : Filtering template 84/96 segment 4/14
2026-09-06T17:53:43.682+01:00 INFO : Filtering template 84/96 segment 5/14
2026-09-06T17:53:43.690+01:00 INFO : Filtering template 84/96 segment 6/14
2026-09-06T17:53:43.698+01:00 INFO : 1 points above threshold
2026-09-06T17:53:43.706+01:00 INFO : Filtering template 84/96 segment 7/14
2026-09-06T17:53:43.715+01:00 INFO : Filtering template 84/96 segment 8/14
2026-09-06T17:53:43.723+01:00 INFO : Filtering template 84/96 segment 9/14
2026-09-06T17:53:43.731+01:00 INFO : 1 points above threshold
2026-09-06T17:53:43.734+01:00 INFO : Filtering template 84/96 segment 10/14
2026-09-06T17:53:43.742+01:00 INFO : 1 points above threshold
2026-09-06T17:53:43.744+01:00 INFO : Filtering template 84/96 segment 11/14
2026-09-06T17:53:43.753+01:00 INFO : 1 points above threshold
2026-09-06T17:53:43.755+01:00 INFO : Filtering template 84/96 segment 12/14
2026-09-06T17:53:43.763+01:00 INFO : Filtering template 84/96 segment 13/14
2026-09-06T17:53:43.772+01:00 INFO : Filtering template 84/96 segment 14/14
2026-09-06T17:53:43.780+01:00 INFO : 84: generating IMRPhenomD from 30.0 Hz
2026-09-06T17:53:43.782+01:00 INFO : Decompressing waveform using inline_linear
2026-09-06T17:53:43.785+01:00 INFO : Filtering template 85/96 segment 1/14
2026-09-06T17:53:43.794+01:00 INFO : Filtering template 85/96 segment 2/14
2026-09-06T17:53:43.802+01:00 INFO : 1 points above threshold
2026-09-06T17:53:43.810+01:00 INFO : Filtering template 85/96 segment 3/14
2026-09-06T17:53:43.818+01:00 INFO : Filtering template 85/96 segment 4/14
2026-09-06T17:53:43.827+01:00 INFO : 1 points above threshold
2026-09-06T17:53:43.829+01:00 INFO : Filtering template 85/96 segment 5/14
2026-09-06T17:53:43.837+01:00 INFO : 1 points above threshold
2026-09-06T17:53:43.840+01:00 INFO : Filtering template 85/96 segment 6/14
2026-09-06T17:53:43.848+01:00 INFO : 1 points above threshold
2026-09-06T17:53:43.851+01:00 INFO : Filtering template 85/96 segment 7/14
2026-09-06T17:53:43.859+01:00 INFO : Filtering template 85/96 segment 8/14
2026-09-06T17:53:43.867+01:00 INFO : Filtering template 85/96 segment 9/14
2026-09-06T17:53:43.876+01:00 INFO : Filtering template 85/96 segment 10/14
2026-09-06T17:53:43.884+01:00 INFO : 1 points above threshold
2026-09-06T17:53:43.887+01:00 INFO : Filtering template 85/96 segment 11/14
2026-09-06T17:53:43.895+01:00 INFO : 1 points above threshold
2026-09-06T17:53:43.898+01:00 INFO : Filtering template 85/96 segment 12/14
2026-09-06T17:53:43.906+01:00 INFO : 3 points above threshold
2026-09-06T17:53:43.909+01:00 INFO : Filtering template 85/96 segment 13/14
2026-09-06T17:53:43.917+01:00 INFO : Filtering template 85/96 segment 14/14
2026-09-06T17:53:43.926+01:00 INFO : 85: generating IMRPhenomD from 30.0 Hz
2026-09-06T17:53:43.928+01:00 INFO : Decompressing waveform using inline_linear
2026-09-06T17:53:43.930+01:00 INFO : Filtering template 86/96 segment 1/14
2026-09-06T17:53:43.940+01:00 INFO : 1 points above threshold
2026-09-06T17:53:43.948+01:00 INFO : Filtering template 86/96 segment 2/14
2026-09-06T17:53:43.956+01:00 INFO : 1 points above threshold
2026-09-06T17:53:43.959+01:00 INFO : Filtering template 86/96 segment 3/14
2026-09-06T17:53:43.967+01:00 INFO : Filtering template 86/96 segment 4/14
2026-09-06T17:53:43.975+01:00 INFO : 1 points above threshold
2026-09-06T17:53:43.978+01:00 INFO : Filtering template 86/96 segment 5/14
2026-09-06T17:53:43.986+01:00 INFO : Filtering template 86/96 segment 6/14
2026-09-06T17:53:43.994+01:00 INFO : Filtering template 86/96 segment 7/14
2026-09-06T17:53:44.002+01:00 INFO : Filtering template 86/96 segment 8/14
2026-09-06T17:53:44.010+01:00 INFO : 1 points above threshold
2026-09-06T17:53:44.013+01:00 INFO : Filtering template 86/96 segment 9/14
2026-09-06T17:53:44.021+01:00 INFO : Filtering template 86/96 segment 10/14
2026-09-06T17:53:44.029+01:00 INFO : 1 points above threshold
2026-09-06T17:53:44.032+01:00 INFO : Filtering template 86/96 segment 11/14
2026-09-06T17:53:44.040+01:00 INFO : Filtering template 86/96 segment 12/14
2026-09-06T17:53:44.048+01:00 INFO : 2 points above threshold
2026-09-06T17:53:44.051+01:00 INFO : Filtering template 86/96 segment 13/14
2026-09-06T17:53:44.059+01:00 INFO : Filtering template 86/96 segment 14/14
2026-09-06T17:53:44.067+01:00 INFO : 86: generating IMRPhenomD from 30.0 Hz
2026-09-06T17:53:44.069+01:00 INFO : Decompressing waveform using inline_linear
2026-09-06T17:53:44.072+01:00 INFO : Filtering template 87/96 segment 1/14
2026-09-06T17:53:44.081+01:00 INFO : 1 points above threshold
2026-09-06T17:53:44.089+01:00 INFO : Filtering template 87/96 segment 2/14
2026-09-06T17:53:44.098+01:00 INFO : Filtering template 87/96 segment 3/14
2026-09-06T17:53:44.106+01:00 INFO : Filtering template 87/96 segment 4/14
2026-09-06T17:53:44.114+01:00 INFO : Filtering template 87/96 segment 5/14
2026-09-06T17:53:44.122+01:00 INFO : 1 points above threshold
2026-09-06T17:53:44.125+01:00 INFO : Filtering template 87/96 segment 6/14
2026-09-06T17:53:44.133+01:00 INFO : 2 points above threshold
2026-09-06T17:53:44.136+01:00 INFO : Filtering template 87/96 segment 7/14
2026-09-06T17:53:44.144+01:00 INFO : Filtering template 87/96 segment 8/14
2026-09-06T17:53:44.152+01:00 INFO : Filtering template 87/96 segment 9/14
2026-09-06T17:53:44.161+01:00 INFO : Filtering template 87/96 segment 10/14
2026-09-06T17:53:44.169+01:00 INFO : Filtering template 87/96 segment 11/14
2026-09-06T17:53:44.177+01:00 INFO : 1 points above threshold
2026-09-06T17:53:44.180+01:00 INFO : Filtering template 87/96 segment 12/14
2026-09-06T17:53:44.188+01:00 INFO : 1 points above threshold
2026-09-06T17:53:44.191+01:00 INFO : Filtering template 87/96 segment 13/14
2026-09-06T17:53:44.199+01:00 INFO : Filtering template 87/96 segment 14/14
2026-09-06T17:53:44.207+01:00 INFO : 87: generating IMRPhenomD from 30.0 Hz
2026-09-06T17:53:44.222+01:00 INFO : Decompressing waveform using inline_linear
2026-09-06T17:53:44.224+01:00 INFO : Filtering template 88/96 segment 1/14
2026-09-06T17:53:44.234+01:00 INFO : Filtering template 88/96 segment 2/14
2026-09-06T17:53:44.242+01:00 INFO : 1 points above threshold
2026-09-06T17:53:44.248+01:00 INFO : Filtering template 88/96 segment 3/14
2026-09-06T17:53:44.257+01:00 INFO : 1 points above threshold
2026-09-06T17:53:44.259+01:00 INFO : Filtering template 88/96 segment 4/14
2026-09-06T17:53:44.267+01:00 INFO : Filtering template 88/96 segment 5/14
2026-09-06T17:53:44.276+01:00 INFO : Filtering template 88/96 segment 6/14
2026-09-06T17:53:44.284+01:00 INFO : 1 points above threshold
2026-09-06T17:53:44.286+01:00 INFO : Filtering template 88/96 segment 7/14
2026-09-06T17:53:44.294+01:00 INFO : Filtering template 88/96 segment 8/14
2026-09-06T17:53:44.303+01:00 INFO : Filtering template 88/96 segment 9/14
2026-09-06T17:53:44.311+01:00 INFO : Filtering template 88/96 segment 10/14
2026-09-06T17:53:44.319+01:00 INFO : Filtering template 88/96 segment 11/14
2026-09-06T17:53:44.327+01:00 INFO : Filtering template 88/96 segment 12/14
2026-09-06T17:53:44.335+01:00 INFO : 2 points above threshold
2026-09-06T17:53:44.338+01:00 INFO : Filtering template 88/96 segment 13/14
2026-09-06T17:53:44.346+01:00 INFO : Filtering template 88/96 segment 14/14
2026-09-06T17:53:44.354+01:00 INFO : 88: generating IMRPhenomD from 30.0 Hz
2026-09-06T17:53:44.356+01:00 INFO : Decompressing waveform using inline_linear
2026-09-06T17:53:44.359+01:00 INFO : Filtering template 89/96 segment 1/14
2026-09-06T17:53:44.368+01:00 INFO : 2 points above threshold
2026-09-06T17:53:44.375+01:00 INFO : Filtering template 89/96 segment 2/14
2026-09-06T17:53:44.383+01:00 INFO : Filtering template 89/96 segment 3/14
2026-09-06T17:53:44.391+01:00 INFO : Filtering template 89/96 segment 4/14
2026-09-06T17:53:44.399+01:00 INFO : Filtering template 89/96 segment 5/14
2026-09-06T17:53:44.408+01:00 INFO : Filtering template 89/96 segment 6/14
2026-09-06T17:53:44.416+01:00 INFO : 2 points above threshold
2026-09-06T17:53:44.418+01:00 INFO : Filtering template 89/96 segment 7/14
2026-09-06T17:53:44.426+01:00 INFO : 1 points above threshold
2026-09-06T17:53:44.429+01:00 INFO : Filtering template 89/96 segment 8/14
2026-09-06T17:53:44.437+01:00 INFO : Filtering template 89/96 segment 9/14
2026-09-06T17:53:44.445+01:00 INFO : Filtering template 89/96 segment 10/14
2026-09-06T17:53:44.454+01:00 INFO : 1 points above threshold
2026-09-06T17:53:44.456+01:00 INFO : Filtering template 89/96 segment 11/14
2026-09-06T17:53:44.465+01:00 INFO : Filtering template 89/96 segment 12/14
2026-09-06T17:53:44.473+01:00 INFO : Filtering template 89/96 segment 13/14
2026-09-06T17:53:44.481+01:00 INFO : Filtering template 89/96 segment 14/14
2026-09-06T17:53:44.489+01:00 INFO : 89: generating IMRPhenomD from 30.0 Hz
2026-09-06T17:53:44.491+01:00 INFO : Decompressing waveform using inline_linear
2026-09-06T17:53:44.494+01:00 INFO : Filtering template 90/96 segment 1/14
2026-09-06T17:53:44.503+01:00 INFO : Filtering template 90/96 segment 2/14
2026-09-06T17:53:44.511+01:00 INFO : Filtering template 90/96 segment 3/14
2026-09-06T17:53:44.520+01:00 INFO : Filtering template 90/96 segment 4/14
2026-09-06T17:53:44.528+01:00 INFO : 1 points above threshold
2026-09-06T17:53:44.537+01:00 INFO : Filtering template 90/96 segment 5/14
2026-09-06T17:53:44.545+01:00 INFO : Filtering template 90/96 segment 6/14
2026-09-06T17:53:44.553+01:00 INFO : 1 points above threshold
2026-09-06T17:53:44.556+01:00 INFO : Filtering template 90/96 segment 7/14
2026-09-06T17:53:44.564+01:00 INFO : 2 points above threshold
2026-09-06T17:53:44.567+01:00 INFO : Filtering template 90/96 segment 8/14
2026-09-06T17:53:44.575+01:00 INFO : Filtering template 90/96 segment 9/14
2026-09-06T17:53:44.583+01:00 INFO : Filtering template 90/96 segment 10/14
2026-09-06T17:53:44.591+01:00 INFO : Filtering template 90/96 segment 11/14
2026-09-06T17:53:44.599+01:00 INFO : Filtering template 90/96 segment 12/14
2026-09-06T17:53:44.607+01:00 INFO : 1 points above threshold
2026-09-06T17:53:44.610+01:00 INFO : Filtering template 90/96 segment 13/14
2026-09-06T17:53:44.618+01:00 INFO : Filtering template 90/96 segment 14/14
2026-09-06T17:53:44.626+01:00 INFO : 90: generating IMRPhenomD from 30.0 Hz
2026-09-06T17:53:44.628+01:00 INFO : Decompressing waveform using inline_linear
2026-09-06T17:53:44.631+01:00 INFO : Filtering template 91/96 segment 1/14
2026-09-06T17:53:44.640+01:00 INFO : Filtering template 91/96 segment 2/14
2026-09-06T17:53:44.648+01:00 INFO : Filtering template 91/96 segment 3/14
2026-09-06T17:53:44.656+01:00 INFO : Filtering template 91/96 segment 4/14
2026-09-06T17:53:44.665+01:00 INFO : Filtering template 91/96 segment 5/14
2026-09-06T17:53:44.673+01:00 INFO : Filtering template 91/96 segment 6/14
2026-09-06T17:53:44.681+01:00 INFO : 2 points above threshold
2026-09-06T17:53:44.688+01:00 INFO : Filtering template 91/96 segment 7/14
2026-09-06T17:53:44.696+01:00 INFO : 1 points above threshold
2026-09-06T17:53:44.698+01:00 INFO : Filtering template 91/96 segment 8/14
2026-09-06T17:53:44.707+01:00 INFO : 2 points above threshold
2026-09-06T17:53:44.709+01:00 INFO : Filtering template 91/96 segment 9/14
2026-09-06T17:53:44.717+01:00 INFO : Filtering template 91/96 segment 10/14
2026-09-06T17:53:44.726+01:00 INFO : Filtering template 91/96 segment 11/14
2026-09-06T17:53:44.734+01:00 INFO : Filtering template 91/96 segment 12/14
2026-09-06T17:53:44.742+01:00 INFO : 1 points above threshold
2026-09-06T17:53:44.745+01:00 INFO : Filtering template 91/96 segment 13/14
2026-09-06T17:53:44.753+01:00 INFO : Filtering template 91/96 segment 14/14
2026-09-06T17:53:44.761+01:00 INFO : 91: generating IMRPhenomD from 30.0 Hz
2026-09-06T17:53:44.763+01:00 INFO : Decompressing waveform using inline_linear
2026-09-06T17:53:44.766+01:00 INFO : Filtering template 92/96 segment 1/14
2026-09-06T17:53:44.775+01:00 INFO : 1 points above threshold
2026-09-06T17:53:44.783+01:00 INFO : Filtering template 92/96 segment 2/14
2026-09-06T17:53:44.792+01:00 INFO : 1 points above threshold
2026-09-06T17:53:44.794+01:00 INFO : Filtering template 92/96 segment 3/14
2026-09-06T17:53:44.802+01:00 INFO : Filtering template 92/96 segment 4/14
2026-09-06T17:53:44.811+01:00 INFO : Filtering template 92/96 segment 5/14
2026-09-06T17:53:44.819+01:00 INFO : Filtering template 92/96 segment 6/14
2026-09-06T17:53:44.827+01:00 INFO : 1 points above threshold
2026-09-06T17:53:44.830+01:00 INFO : Filtering template 92/96 segment 7/14
2026-09-06T17:53:44.838+01:00 INFO : 1 points above threshold
2026-09-06T17:53:44.840+01:00 INFO : Filtering template 92/96 segment 8/14
2026-09-06T17:53:44.848+01:00 INFO : 1 points above threshold
2026-09-06T17:53:44.851+01:00 INFO : Filtering template 92/96 segment 9/14
2026-09-06T17:53:44.859+01:00 INFO : 1 points above threshold
2026-09-06T17:53:44.862+01:00 INFO : Filtering template 92/96 segment 10/14
2026-09-06T17:53:44.870+01:00 INFO : Filtering template 92/96 segment 11/14
2026-09-06T17:53:44.878+01:00 INFO : Filtering template 92/96 segment 12/14
2026-09-06T17:53:44.887+01:00 INFO : Filtering template 92/96 segment 13/14
2026-09-06T17:53:44.895+01:00 INFO : Filtering template 92/96 segment 14/14
2026-09-06T17:53:44.903+01:00 INFO : 92: generating IMRPhenomD from 30.0 Hz
2026-09-06T17:53:44.905+01:00 INFO : Decompressing waveform using inline_linear
2026-09-06T17:53:44.908+01:00 INFO : Filtering template 93/96 segment 1/14
2026-09-06T17:53:44.917+01:00 INFO : Filtering template 93/96 segment 2/14
2026-09-06T17:53:44.925+01:00 INFO : Filtering template 93/96 segment 3/14
2026-09-06T17:53:44.934+01:00 INFO : Filtering template 93/96 segment 4/14
2026-09-06T17:53:44.942+01:00 INFO : 2 points above threshold
2026-09-06T17:53:44.950+01:00 INFO : Filtering template 93/96 segment 5/14
2026-09-06T17:53:44.958+01:00 INFO : 1 points above threshold
2026-09-06T17:53:44.961+01:00 INFO : Filtering template 93/96 segment 6/14
2026-09-06T17:53:44.969+01:00 INFO : 1 points above threshold
2026-09-06T17:53:44.972+01:00 INFO : Filtering template 93/96 segment 7/14
2026-09-06T17:53:44.980+01:00 INFO : Filtering template 93/96 segment 8/14
2026-09-06T17:53:44.988+01:00 INFO : 1 points above threshold
2026-09-06T17:53:44.991+01:00 INFO : Filtering template 93/96 segment 9/14
2026-09-06T17:53:44.999+01:00 INFO : 1 points above threshold
2026-09-06T17:53:45.001+01:00 INFO : Filtering template 93/96 segment 10/14
2026-09-06T17:53:45.009+01:00 INFO : 1 points above threshold
2026-09-06T17:53:45.012+01:00 INFO : Filtering template 93/96 segment 11/14
2026-09-06T17:53:45.021+01:00 INFO : Filtering template 93/96 segment 12/14
2026-09-06T17:53:45.030+01:00 INFO : Filtering template 93/96 segment 13/14
2026-09-06T17:53:45.038+01:00 INFO : 1 points above threshold
2026-09-06T17:53:45.040+01:00 INFO : Filtering template 93/96 segment 14/14
2026-09-06T17:53:45.049+01:00 INFO : 93: generating IMRPhenomD from 30.0 Hz
2026-09-06T17:53:45.051+01:00 INFO : Decompressing waveform using inline_linear
2026-09-06T17:53:45.053+01:00 INFO : Filtering template 94/96 segment 1/14
2026-09-06T17:53:45.063+01:00 INFO : 1 points above threshold
2026-09-06T17:53:45.071+01:00 INFO : Filtering template 94/96 segment 2/14
2026-09-06T17:53:45.079+01:00 INFO : Filtering template 94/96 segment 3/14
2026-09-06T17:53:45.087+01:00 INFO : Filtering template 94/96 segment 4/14
2026-09-06T17:53:45.095+01:00 INFO : Filtering template 94/96 segment 5/14
2026-09-06T17:53:45.103+01:00 INFO : Filtering template 94/96 segment 6/14
2026-09-06T17:53:45.111+01:00 INFO : 1 points above threshold
2026-09-06T17:53:45.114+01:00 INFO : Filtering template 94/96 segment 7/14
2026-09-06T17:53:45.122+01:00 INFO : 2 points above threshold
2026-09-06T17:53:45.125+01:00 INFO : Filtering template 94/96 segment 8/14
2026-09-06T17:53:45.133+01:00 INFO : 2 points above threshold
2026-09-06T17:53:45.136+01:00 INFO : Filtering template 94/96 segment 9/14
2026-09-06T17:53:45.144+01:00 INFO : Filtering template 94/96 segment 10/14
2026-09-06T17:53:45.152+01:00 INFO : Filtering template 94/96 segment 11/14
2026-09-06T17:53:45.160+01:00 INFO : Filtering template 94/96 segment 12/14
2026-09-06T17:53:45.168+01:00 INFO : 1 points above threshold
2026-09-06T17:53:45.171+01:00 INFO : Filtering template 94/96 segment 13/14
2026-09-06T17:53:45.179+01:00 INFO : 1 points above threshold
2026-09-06T17:53:45.182+01:00 INFO : Filtering template 94/96 segment 14/14
2026-09-06T17:53:45.190+01:00 INFO : 94: generating IMRPhenomD from 30.0 Hz
2026-09-06T17:53:45.192+01:00 INFO : Decompressing waveform using inline_linear
2026-09-06T17:53:45.195+01:00 INFO : Filtering template 95/96 segment 1/14
2026-09-06T17:53:45.204+01:00 INFO : 2 points above threshold
2026-09-06T17:53:45.212+01:00 INFO : Filtering template 95/96 segment 2/14
2026-09-06T17:53:45.220+01:00 INFO : 1 points above threshold
2026-09-06T17:53:45.223+01:00 INFO : Filtering template 95/96 segment 3/14
2026-09-06T17:53:45.231+01:00 INFO : Filtering template 95/96 segment 4/14
2026-09-06T17:53:45.239+01:00 INFO : Filtering template 95/96 segment 5/14
2026-09-06T17:53:45.248+01:00 INFO : 2 points above threshold
2026-09-06T17:53:45.250+01:00 INFO : Filtering template 95/96 segment 6/14
2026-09-06T17:53:45.258+01:00 INFO : Filtering template 95/96 segment 7/14
2026-09-06T17:53:45.267+01:00 INFO : Filtering template 95/96 segment 8/14
2026-09-06T17:53:45.275+01:00 INFO : 1 points above threshold
2026-09-06T17:53:45.277+01:00 INFO : Filtering template 95/96 segment 9/14
2026-09-06T17:53:45.286+01:00 INFO : 1 points above threshold
2026-09-06T17:53:45.289+01:00 INFO : Filtering template 95/96 segment 10/14
2026-09-06T17:53:45.297+01:00 INFO : Filtering template 95/96 segment 11/14
2026-09-06T17:53:45.305+01:00 INFO : 1 points above threshold
2026-09-06T17:53:45.308+01:00 INFO : Filtering template 95/96 segment 12/14
2026-09-06T17:53:45.316+01:00 INFO : Filtering template 95/96 segment 13/14
2026-09-06T17:53:45.324+01:00 INFO : Filtering template 95/96 segment 14/14
2026-09-06T17:53:45.332+01:00 INFO : 95: generating IMRPhenomD from 30.0 Hz
2026-09-06T17:53:45.334+01:00 INFO : Decompressing waveform using inline_linear
2026-09-06T17:53:45.337+01:00 INFO : Filtering template 96/96 segment 1/14
2026-09-06T17:53:45.346+01:00 INFO : 1 points above threshold
2026-09-06T17:53:45.354+01:00 INFO : Filtering template 96/96 segment 2/14
2026-09-06T17:53:45.362+01:00 INFO : Filtering template 96/96 segment 3/14
2026-09-06T17:53:45.370+01:00 INFO : 1 points above threshold
2026-09-06T17:53:45.373+01:00 INFO : Filtering template 96/96 segment 4/14
2026-09-06T17:53:45.381+01:00 INFO : Filtering template 96/96 segment 5/14
2026-09-06T17:53:45.389+01:00 INFO : Filtering template 96/96 segment 6/14
2026-09-06T17:53:45.398+01:00 INFO : Filtering template 96/96 segment 7/14
2026-09-06T17:53:45.406+01:00 INFO : Filtering template 96/96 segment 8/14
2026-09-06T17:53:45.414+01:00 INFO : Filtering template 96/96 segment 9/14
2026-09-06T17:53:45.422+01:00 INFO : Filtering template 96/96 segment 10/14
2026-09-06T17:53:45.430+01:00 INFO : Filtering template 96/96 segment 11/14
2026-09-06T17:53:45.438+01:00 INFO : Filtering template 96/96 segment 12/14
2026-09-06T17:53:45.446+01:00 INFO : 1 points above threshold
2026-09-06T17:53:45.449+01:00 INFO : Filtering template 96/96 segment 13/14
2026-09-06T17:53:45.457+01:00 INFO : Filtering template 96/96 segment 14/14
2026-09-06T17:53:45.465+01:00 INFO : We currently have 531 triggers
2026-09-06T17:53:45.465+01:00 INFO : Removing triggers with NewSNR below threshold
2026-09-06T17:53:45.466+01:00 INFO : 478 remaining triggers
2026-09-06T17:53:45.466+01:00 INFO : Outputting 478 triggers
2026-09-06T17:53:45.466+01:00 INFO : Writing out triggers
2026-09-06T17:53:45.476+01:00 INFO : Finished
