2026-09-06T20:00:30.646+01:00 INFO : Running with CPU support: 1 threads
2026-09-06T20:00:30.647+01:00 INFO : Reading Frames
2026-09-06T20:00:37.344+01:00 INFO : Highpass Filtering
2026-09-06T20:00:37.797+01:00 INFO : Resampling data
2026-09-06T20:00:37.809+01:00 INFO : Converting to float32
/home/xangma/pycbc-torch-inspiral-reference-20260906/source-v5/pycbc/types/array.py:872: RuntimeWarning: divide by zero encountered in divide
  return self._data.__rtruediv__(other)
2026-09-06T20:00:42.904+01:00 INFO : Highpass Filtering
2026-09-06T20:00:43.346+01:00 INFO : Remove Padding
2026-09-06T20:00:43.369+01:00 INFO : Making frequency-domain data segments
2026-09-06T20:00:45.968+01:00 INFO : Overwhitening frequency-domain data segments
2026-09-06T20:00:45.997+01:00 INFO : Read in template bank
2026-09-06T20:00:46.007+01:00 INFO : Full template bank size: 96
2026-09-06T20:00:46.008+01:00 INFO : Template bank size after thinning: 96
2026-09-06T20:00:46.008+01:00 INFO : 0: generating IMRPhenomD from 30.0 Hz
2026-09-06T20:00:46.010+01:00 INFO : Decompressing waveform using inline_linear
2026-09-06T20:00:46.014+01:00 INFO : Filtering template 1/96 segment 1/15
2026-09-06T20:00:46.028+01:00 INFO : Filtering template 1/96 segment 2/15
2026-09-06T20:00:46.036+01:00 INFO : 1 points above threshold
2026-09-06T20:00:46.051+01:00 INFO : Filtering template 1/96 segment 3/15
2026-09-06T20:00:46.059+01:00 INFO : Filtering template 1/96 segment 4/15
2026-09-06T20:00:46.068+01:00 INFO : Filtering template 1/96 segment 5/15
2026-09-06T20:00:46.076+01:00 INFO : Filtering template 1/96 segment 6/15
2026-09-06T20:00:46.085+01:00 INFO : Filtering template 1/96 segment 7/15
2026-09-06T20:00:46.094+01:00 INFO : 1 points above threshold
2026-09-06T20:00:46.097+01:00 INFO : Filtering template 1/96 segment 8/15
2026-09-06T20:00:46.105+01:00 INFO : Filtering template 1/96 segment 9/15
2026-09-06T20:00:46.114+01:00 INFO : Filtering template 1/96 segment 10/15
2026-09-06T20:00:46.122+01:00 INFO : Filtering template 1/96 segment 11/15
2026-09-06T20:00:46.131+01:00 INFO : Filtering template 1/96 segment 12/15
2026-09-06T20:00:46.140+01:00 INFO : Filtering template 1/96 segment 13/15
2026-09-06T20:00:46.148+01:00 INFO : 1 points above threshold
2026-09-06T20:00:46.151+01:00 INFO : Filtering template 1/96 segment 14/15
2026-09-06T20:00:46.159+01:00 INFO : Filtering template 1/96 segment 15/15
2026-09-06T20:00:46.168+01:00 INFO : 1: generating IMRPhenomD from 30.0 Hz
2026-09-06T20:00:46.170+01:00 INFO : Decompressing waveform using inline_linear
2026-09-06T20:00:46.173+01:00 INFO : Filtering template 2/96 segment 1/15
2026-09-06T20:00:46.183+01:00 INFO : 1 points above threshold
2026-09-06T20:00:46.192+01:00 INFO : Filtering template 2/96 segment 2/15
2026-09-06T20:00:46.200+01:00 INFO : Filtering template 2/96 segment 3/15
2026-09-06T20:00:46.209+01:00 INFO : Filtering template 2/96 segment 4/15
2026-09-06T20:00:46.217+01:00 INFO : Filtering template 2/96 segment 5/15
2026-09-06T20:00:46.226+01:00 INFO : Filtering template 2/96 segment 6/15
2026-09-06T20:00:46.234+01:00 INFO : 1 points above threshold
2026-09-06T20:00:46.237+01:00 INFO : Filtering template 2/96 segment 7/15
2026-09-06T20:00:46.246+01:00 INFO : 1 points above threshold
2026-09-06T20:00:46.249+01:00 INFO : Filtering template 2/96 segment 8/15
2026-09-06T20:00:46.257+01:00 INFO : 1 points above threshold
2026-09-06T20:00:46.260+01:00 INFO : Filtering template 2/96 segment 9/15
2026-09-06T20:00:46.268+01:00 INFO : Filtering template 2/96 segment 10/15
2026-09-06T20:00:46.277+01:00 INFO : Filtering template 2/96 segment 11/15
2026-09-06T20:00:46.286+01:00 INFO : Filtering template 2/96 segment 12/15
2026-09-06T20:00:46.294+01:00 INFO : 1 points above threshold
2026-09-06T20:00:46.297+01:00 INFO : Filtering template 2/96 segment 13/15
2026-09-06T20:00:46.305+01:00 INFO : 1 points above threshold
2026-09-06T20:00:46.308+01:00 INFO : Filtering template 2/96 segment 14/15
2026-09-06T20:00:46.317+01:00 INFO : Filtering template 2/96 segment 15/15
2026-09-06T20:00:46.326+01:00 INFO : 2: generating IMRPhenomD from 30.0 Hz
2026-09-06T20:00:46.328+01:00 INFO : Decompressing waveform using inline_linear
2026-09-06T20:00:46.330+01:00 INFO : Filtering template 3/96 segment 1/15
2026-09-06T20:00:46.340+01:00 INFO : Filtering template 3/96 segment 2/15
2026-09-06T20:00:46.349+01:00 INFO : 3 points above threshold
2026-09-06T20:00:46.359+01:00 INFO : Filtering template 3/96 segment 3/15
2026-09-06T20:00:46.368+01:00 INFO : Filtering template 3/96 segment 4/15
2026-09-06T20:00:46.376+01:00 INFO : Filtering template 3/96 segment 5/15
2026-09-06T20:00:46.385+01:00 INFO : Filtering template 3/96 segment 6/15
2026-09-06T20:00:46.393+01:00 INFO : Filtering template 3/96 segment 7/15
2026-09-06T20:00:46.402+01:00 INFO : 1 points above threshold
2026-09-06T20:00:46.405+01:00 INFO : Filtering template 3/96 segment 8/15
2026-09-06T20:00:46.413+01:00 INFO : Filtering template 3/96 segment 9/15
2026-09-06T20:00:46.422+01:00 INFO : Filtering template 3/96 segment 10/15
2026-09-06T20:00:46.430+01:00 INFO : Filtering template 3/96 segment 11/15
2026-09-06T20:00:46.439+01:00 INFO : 1 points above threshold
2026-09-06T20:00:46.442+01:00 INFO : Filtering template 3/96 segment 12/15
2026-09-06T20:00:46.450+01:00 INFO : Filtering template 3/96 segment 13/15
2026-09-06T20:00:46.459+01:00 INFO : Filtering template 3/96 segment 14/15
2026-09-06T20:00:46.467+01:00 INFO : Filtering template 3/96 segment 15/15
2026-09-06T20:00:46.476+01:00 INFO : 3: generating IMRPhenomD from 30.0 Hz
2026-09-06T20:00:46.478+01:00 INFO : Decompressing waveform using inline_linear
2026-09-06T20:00:46.481+01:00 INFO : Filtering template 4/96 segment 1/15
2026-09-06T20:00:46.491+01:00 INFO : Filtering template 4/96 segment 2/15
2026-09-06T20:00:46.499+01:00 INFO : 1 points above threshold
2026-09-06T20:00:46.507+01:00 INFO : Filtering template 4/96 segment 3/15
2026-09-06T20:00:46.516+01:00 INFO : Filtering template 4/96 segment 4/15
2026-09-06T20:00:46.525+01:00 INFO : Filtering template 4/96 segment 5/15
2026-09-06T20:00:46.533+01:00 INFO : Filtering template 4/96 segment 6/15
2026-09-06T20:00:46.542+01:00 INFO : 1 points above threshold
2026-09-06T20:00:46.544+01:00 INFO : Filtering template 4/96 segment 7/15
2026-09-06T20:00:46.553+01:00 INFO : Filtering template 4/96 segment 8/15
2026-09-06T20:00:46.562+01:00 INFO : Filtering template 4/96 segment 9/15
2026-09-06T20:00:46.570+01:00 INFO : 2 points above threshold
2026-09-06T20:00:46.574+01:00 INFO : Filtering template 4/96 segment 10/15
2026-09-06T20:00:46.582+01:00 INFO : Filtering template 4/96 segment 11/15
2026-09-06T20:00:46.591+01:00 INFO : 1 points above threshold
2026-09-06T20:00:46.594+01:00 INFO : Filtering template 4/96 segment 12/15
2026-09-06T20:00:46.602+01:00 INFO : 1 points above threshold
2026-09-06T20:00:46.605+01:00 INFO : Filtering template 4/96 segment 13/15
2026-09-06T20:00:46.613+01:00 INFO : 1 points above threshold
2026-09-06T20:00:46.616+01:00 INFO : Filtering template 4/96 segment 14/15
2026-09-06T20:00:46.624+01:00 INFO : 1 points above threshold
2026-09-06T20:00:46.627+01:00 INFO : Filtering template 4/96 segment 15/15
2026-09-06T20:00:46.636+01:00 INFO : 4: generating IMRPhenomD from 30.0 Hz
2026-09-06T20:00:46.638+01:00 INFO : Decompressing waveform using inline_linear
2026-09-06T20:00:46.641+01:00 INFO : Filtering template 5/96 segment 1/15
2026-09-06T20:00:46.650+01:00 INFO : Filtering template 5/96 segment 2/15
2026-09-06T20:00:46.659+01:00 INFO : Filtering template 5/96 segment 3/15
2026-09-06T20:00:46.667+01:00 INFO : 1 points above threshold
2026-09-06T20:00:46.676+01:00 INFO : Filtering template 5/96 segment 4/15
2026-09-06T20:00:46.684+01:00 INFO : Filtering template 5/96 segment 5/15
2026-09-06T20:00:46.693+01:00 INFO : Filtering template 5/96 segment 6/15
2026-09-06T20:00:46.702+01:00 INFO : 2 points above threshold
2026-09-06T20:00:46.705+01:00 INFO : Filtering template 5/96 segment 7/15
2026-09-06T20:00:46.714+01:00 INFO : 2 points above threshold
2026-09-06T20:00:46.718+01:00 INFO : Filtering template 5/96 segment 8/15
2026-09-06T20:00:46.726+01:00 INFO : Filtering template 5/96 segment 9/15
2026-09-06T20:00:46.735+01:00 INFO : Filtering template 5/96 segment 10/15
2026-09-06T20:00:46.743+01:00 INFO : Filtering template 5/96 segment 11/15
2026-09-06T20:00:46.752+01:00 INFO : Filtering template 5/96 segment 12/15
2026-09-06T20:00:46.760+01:00 INFO : 2 points above threshold
2026-09-06T20:00:46.764+01:00 INFO : Filtering template 5/96 segment 13/15
2026-09-06T20:00:46.773+01:00 INFO : Filtering template 5/96 segment 14/15
2026-09-06T20:00:46.781+01:00 INFO : Filtering template 5/96 segment 15/15
2026-09-06T20:00:46.790+01:00 INFO : 5: generating IMRPhenomD from 30.0 Hz
2026-09-06T20:00:46.792+01:00 INFO : Decompressing waveform using inline_linear
2026-09-06T20:00:46.795+01:00 INFO : Filtering template 6/96 segment 1/15
2026-09-06T20:00:46.804+01:00 INFO : Filtering template 6/96 segment 2/15
2026-09-06T20:00:46.813+01:00 INFO : Filtering template 6/96 segment 3/15
2026-09-06T20:00:46.822+01:00 INFO : 1 points above threshold
2026-09-06T20:00:46.830+01:00 INFO : Filtering template 6/96 segment 4/15
2026-09-06T20:00:46.839+01:00 INFO : Filtering template 6/96 segment 5/15
2026-09-06T20:00:46.847+01:00 INFO : Filtering template 6/96 segment 6/15
2026-09-06T20:00:46.856+01:00 INFO : Filtering template 6/96 segment 7/15
2026-09-06T20:00:46.865+01:00 INFO : Filtering template 6/96 segment 8/15
2026-09-06T20:00:46.873+01:00 INFO : Filtering template 6/96 segment 9/15
2026-09-06T20:00:46.882+01:00 INFO : Filtering template 6/96 segment 10/15
2026-09-06T20:00:46.890+01:00 INFO : Filtering template 6/96 segment 11/15
2026-09-06T20:00:46.899+01:00 INFO : Filtering template 6/96 segment 12/15
2026-09-06T20:00:46.908+01:00 INFO : Filtering template 6/96 segment 13/15
2026-09-06T20:00:46.916+01:00 INFO : Filtering template 6/96 segment 14/15
2026-09-06T20:00:46.925+01:00 INFO : 1 points above threshold
2026-09-06T20:00:46.928+01:00 INFO : Filtering template 6/96 segment 15/15
2026-09-06T20:00:46.936+01:00 INFO : 6: generating IMRPhenomD from 30.0 Hz
2026-09-06T20:00:46.938+01:00 INFO : Decompressing waveform using inline_linear
2026-09-06T20:00:46.941+01:00 INFO : Filtering template 7/96 segment 1/15
2026-09-06T20:00:46.951+01:00 INFO : 1 points above threshold
2026-09-06T20:00:46.959+01:00 INFO : Filtering template 7/96 segment 2/15
2026-09-06T20:00:46.968+01:00 INFO : 1 points above threshold
2026-09-06T20:00:46.970+01:00 INFO : Filtering template 7/96 segment 3/15
2026-09-06T20:00:46.979+01:00 INFO : Filtering template 7/96 segment 4/15
2026-09-06T20:00:46.987+01:00 INFO : Filtering template 7/96 segment 5/15
2026-09-06T20:00:46.996+01:00 INFO : Filtering template 7/96 segment 6/15
2026-09-06T20:00:47.004+01:00 INFO : Filtering template 7/96 segment 7/15
2026-09-06T20:00:47.013+01:00 INFO : Filtering template 7/96 segment 8/15
2026-09-06T20:00:47.022+01:00 INFO : Filtering template 7/96 segment 9/15
2026-09-06T20:00:47.030+01:00 INFO : Filtering template 7/96 segment 10/15
2026-09-06T20:00:47.039+01:00 INFO : Filtering template 7/96 segment 11/15
2026-09-06T20:00:47.048+01:00 INFO : Filtering template 7/96 segment 12/15
2026-09-06T20:00:47.056+01:00 INFO : 1 points above threshold
2026-09-06T20:00:47.059+01:00 INFO : Filtering template 7/96 segment 13/15
2026-09-06T20:00:47.067+01:00 INFO : Filtering template 7/96 segment 14/15
2026-09-06T20:00:47.076+01:00 INFO : Filtering template 7/96 segment 15/15
2026-09-06T20:00:47.085+01:00 INFO : 7: generating IMRPhenomD from 30.0 Hz
2026-09-06T20:00:47.087+01:00 INFO : Decompressing waveform using inline_linear
2026-09-06T20:00:47.090+01:00 INFO : Filtering template 8/96 segment 1/15
2026-09-06T20:00:47.101+01:00 INFO : 1 points above threshold
2026-09-06T20:00:47.110+01:00 INFO : Filtering template 8/96 segment 2/15
2026-09-06T20:00:47.120+01:00 INFO : 1 points above threshold
2026-09-06T20:00:47.123+01:00 INFO : Filtering template 8/96 segment 3/15
2026-09-06T20:00:47.132+01:00 INFO : Filtering template 8/96 segment 4/15
2026-09-06T20:00:47.142+01:00 INFO : Filtering template 8/96 segment 5/15
2026-09-06T20:00:47.152+01:00 INFO : Filtering template 8/96 segment 6/15
2026-09-06T20:00:47.162+01:00 INFO : 1 points above threshold
2026-09-06T20:00:47.165+01:00 INFO : Filtering template 8/96 segment 7/15
2026-09-06T20:00:47.175+01:00 INFO : 2 points above threshold
2026-09-06T20:00:47.179+01:00 INFO : Filtering template 8/96 segment 8/15
2026-09-06T20:00:47.188+01:00 INFO : 2 points above threshold
2026-09-06T20:00:47.192+01:00 INFO : Filtering template 8/96 segment 9/15
2026-09-06T20:00:47.200+01:00 INFO : Filtering template 8/96 segment 10/15
2026-09-06T20:00:47.209+01:00 INFO : Filtering template 8/96 segment 11/15
2026-09-06T20:00:47.218+01:00 INFO : Filtering template 8/96 segment 12/15
2026-09-06T20:00:47.226+01:00 INFO : Filtering template 8/96 segment 13/15
2026-09-06T20:00:47.235+01:00 INFO : Filtering template 8/96 segment 14/15
2026-09-06T20:00:47.244+01:00 INFO : Filtering template 8/96 segment 15/15
2026-09-06T20:00:47.253+01:00 INFO : 8: generating IMRPhenomD from 30.0 Hz
2026-09-06T20:00:47.255+01:00 INFO : Decompressing waveform using inline_linear
2026-09-06T20:00:47.258+01:00 INFO : Filtering template 9/96 segment 1/15
2026-09-06T20:00:47.267+01:00 INFO : Filtering template 9/96 segment 2/15
2026-09-06T20:00:47.276+01:00 INFO : Filtering template 9/96 segment 3/15
2026-09-06T20:00:47.284+01:00 INFO : Filtering template 9/96 segment 4/15
2026-09-06T20:00:47.293+01:00 INFO : Filtering template 9/96 segment 5/15
2026-09-06T20:00:47.302+01:00 INFO : Filtering template 9/96 segment 6/15
2026-09-06T20:00:47.310+01:00 INFO : 1 points above threshold
2026-09-06T20:00:47.319+01:00 INFO : Filtering template 9/96 segment 7/15
2026-09-06T20:00:47.327+01:00 INFO : 1 points above threshold
2026-09-06T20:00:47.330+01:00 INFO : Filtering template 9/96 segment 8/15
2026-09-06T20:00:47.338+01:00 INFO : Filtering template 9/96 segment 9/15
2026-09-06T20:00:47.347+01:00 INFO : 1 points above threshold
2026-09-06T20:00:47.350+01:00 INFO : Filtering template 9/96 segment 10/15
2026-09-06T20:00:47.358+01:00 INFO : 1 points above threshold
2026-09-06T20:00:47.361+01:00 INFO : Filtering template 9/96 segment 11/15
2026-09-06T20:00:47.369+01:00 INFO : Filtering template 9/96 segment 12/15
2026-09-06T20:00:47.378+01:00 INFO : Filtering template 9/96 segment 13/15
2026-09-06T20:00:47.386+01:00 INFO : 2 points above threshold
2026-09-06T20:00:47.390+01:00 INFO : Filtering template 9/96 segment 14/15
2026-09-06T20:00:47.399+01:00 INFO : 1 points above threshold
2026-09-06T20:00:47.401+01:00 INFO : Filtering template 9/96 segment 15/15
2026-09-06T20:00:47.410+01:00 INFO : 9: generating IMRPhenomD from 30.0 Hz
2026-09-06T20:00:47.412+01:00 INFO : Decompressing waveform using inline_linear
2026-09-06T20:00:47.415+01:00 INFO : Filtering template 10/96 segment 1/15
2026-09-06T20:00:47.425+01:00 INFO : Filtering template 10/96 segment 2/15
2026-09-06T20:00:47.433+01:00 INFO : Filtering template 10/96 segment 3/15
2026-09-06T20:00:47.442+01:00 INFO : 1 points above threshold
2026-09-06T20:00:47.450+01:00 INFO : Filtering template 10/96 segment 4/15
2026-09-06T20:00:47.458+01:00 INFO : Filtering template 10/96 segment 5/15
2026-09-06T20:00:47.467+01:00 INFO : 1 points above threshold
2026-09-06T20:00:47.470+01:00 INFO : Filtering template 10/96 segment 6/15
2026-09-06T20:00:47.478+01:00 INFO : Filtering template 10/96 segment 7/15
2026-09-06T20:00:47.487+01:00 INFO : Filtering template 10/96 segment 8/15
2026-09-06T20:00:47.495+01:00 INFO : Filtering template 10/96 segment 9/15
2026-09-06T20:00:47.504+01:00 INFO : Filtering template 10/96 segment 10/15
2026-09-06T20:00:47.513+01:00 INFO : Filtering template 10/96 segment 11/15
2026-09-06T20:00:47.521+01:00 INFO : 1 points above threshold
2026-09-06T20:00:47.524+01:00 INFO : Filtering template 10/96 segment 12/15
2026-09-06T20:00:47.532+01:00 INFO : 1 points above threshold
2026-09-06T20:00:47.535+01:00 INFO : Filtering template 10/96 segment 13/15
2026-09-06T20:00:47.543+01:00 INFO : 1 points above threshold
2026-09-06T20:00:47.546+01:00 INFO : Filtering template 10/96 segment 14/15
2026-09-06T20:00:47.555+01:00 INFO : Filtering template 10/96 segment 15/15
2026-09-06T20:00:47.564+01:00 INFO : 10: generating IMRPhenomD from 30.0 Hz
2026-09-06T20:00:47.566+01:00 INFO : Decompressing waveform using inline_linear
2026-09-06T20:00:47.568+01:00 INFO : Filtering template 11/96 segment 1/15
2026-09-06T20:00:47.578+01:00 INFO : 2 points above threshold
2026-09-06T20:00:47.587+01:00 INFO : Filtering template 11/96 segment 2/15
2026-09-06T20:00:47.596+01:00 INFO : 1 points above threshold
2026-09-06T20:00:47.599+01:00 INFO : Filtering template 11/96 segment 3/15
2026-09-06T20:00:47.607+01:00 INFO : 1 points above threshold
2026-09-06T20:00:47.610+01:00 INFO : Filtering template 11/96 segment 4/15
2026-09-06T20:00:47.618+01:00 INFO : 1 points above threshold
2026-09-06T20:00:47.621+01:00 INFO : Filtering template 11/96 segment 5/15
2026-09-06T20:00:47.629+01:00 INFO : Filtering template 11/96 segment 6/15
2026-09-06T20:00:47.638+01:00 INFO : 2 points above threshold
2026-09-06T20:00:47.642+01:00 INFO : Filtering template 11/96 segment 7/15
2026-09-06T20:00:47.650+01:00 INFO : 1 points above threshold
2026-09-06T20:00:47.653+01:00 INFO : Filtering template 11/96 segment 8/15
2026-09-06T20:00:47.661+01:00 INFO : Filtering template 11/96 segment 9/15
2026-09-06T20:00:47.670+01:00 INFO : Filtering template 11/96 segment 10/15
2026-09-06T20:00:47.679+01:00 INFO : Filtering template 11/96 segment 11/15
2026-09-06T20:00:47.687+01:00 INFO : Filtering template 11/96 segment 12/15
2026-09-06T20:00:47.696+01:00 INFO : Filtering template 11/96 segment 13/15
2026-09-06T20:00:47.705+01:00 INFO : Filtering template 11/96 segment 14/15
2026-09-06T20:00:47.713+01:00 INFO : Filtering template 11/96 segment 15/15
2026-09-06T20:00:47.722+01:00 INFO : 11: generating IMRPhenomD from 30.0 Hz
2026-09-06T20:00:47.724+01:00 INFO : Decompressing waveform using inline_linear
2026-09-06T20:00:47.727+01:00 INFO : Filtering template 12/96 segment 1/15
2026-09-06T20:00:47.736+01:00 INFO : 1 points above threshold
2026-09-06T20:00:47.745+01:00 INFO : Filtering template 12/96 segment 2/15
2026-09-06T20:00:47.753+01:00 INFO : Filtering template 12/96 segment 3/15
2026-09-06T20:00:47.762+01:00 INFO : Filtering template 12/96 segment 4/15
2026-09-06T20:00:47.770+01:00 INFO : Filtering template 12/96 segment 5/15
2026-09-06T20:00:47.779+01:00 INFO : Filtering template 12/96 segment 6/15
2026-09-06T20:00:47.787+01:00 INFO : 1 points above threshold
2026-09-06T20:00:47.790+01:00 INFO : Filtering template 12/96 segment 7/15
2026-09-06T20:00:47.799+01:00 INFO : 1 points above threshold
2026-09-06T20:00:47.802+01:00 INFO : Filtering template 12/96 segment 8/15
2026-09-06T20:00:47.810+01:00 INFO : Filtering template 12/96 segment 9/15
2026-09-06T20:00:47.819+01:00 INFO : Filtering template 12/96 segment 10/15
2026-09-06T20:00:47.827+01:00 INFO : 2 points above threshold
2026-09-06T20:00:47.831+01:00 INFO : Filtering template 12/96 segment 11/15
2026-09-06T20:00:47.839+01:00 INFO : 1 points above threshold
2026-09-06T20:00:47.842+01:00 INFO : Filtering template 12/96 segment 12/15
2026-09-06T20:00:47.851+01:00 INFO : Filtering template 12/96 segment 13/15
2026-09-06T20:00:47.859+01:00 INFO : Filtering template 12/96 segment 14/15
2026-09-06T20:00:47.868+01:00 INFO : Filtering template 12/96 segment 15/15
2026-09-06T20:00:47.877+01:00 INFO : 12: generating IMRPhenomD from 30.0 Hz
2026-09-06T20:00:47.879+01:00 INFO : Decompressing waveform using inline_linear
2026-09-06T20:00:47.881+01:00 INFO : Filtering template 13/96 segment 1/15
2026-09-06T20:00:47.891+01:00 INFO : Filtering template 13/96 segment 2/15
2026-09-06T20:00:47.900+01:00 INFO : Filtering template 13/96 segment 3/15
2026-09-06T20:00:47.908+01:00 INFO : Filtering template 13/96 segment 4/15
2026-09-06T20:00:47.917+01:00 INFO : 2 points above threshold
2026-09-06T20:00:47.926+01:00 INFO : Filtering template 13/96 segment 5/15
2026-09-06T20:00:47.935+01:00 INFO : Filtering template 13/96 segment 6/15
2026-09-06T20:00:47.943+01:00 INFO : 2 points above threshold
2026-09-06T20:00:47.947+01:00 INFO : Filtering template 13/96 segment 7/15
2026-09-06T20:00:47.956+01:00 INFO : Filtering template 13/96 segment 8/15
2026-09-06T20:00:47.964+01:00 INFO : Filtering template 13/96 segment 9/15
2026-09-06T20:00:47.973+01:00 INFO : Filtering template 13/96 segment 10/15
2026-09-06T20:00:47.981+01:00 INFO : Filtering template 13/96 segment 11/15
2026-09-06T20:00:47.990+01:00 INFO : Filtering template 13/96 segment 12/15
2026-09-06T20:00:47.998+01:00 INFO : Filtering template 13/96 segment 13/15
2026-09-06T20:00:48.007+01:00 INFO : Filtering template 13/96 segment 14/15
2026-09-06T20:00:48.016+01:00 INFO : 1 points above threshold
2026-09-06T20:00:48.018+01:00 INFO : Filtering template 13/96 segment 15/15
2026-09-06T20:00:48.027+01:00 INFO : 13: generating IMRPhenomD from 30.0 Hz
2026-09-06T20:00:48.029+01:00 INFO : Decompressing waveform using inline_linear
2026-09-06T20:00:48.032+01:00 INFO : Filtering template 14/96 segment 1/15
2026-09-06T20:00:48.042+01:00 INFO : 1 points above threshold
2026-09-06T20:00:48.050+01:00 INFO : Filtering template 14/96 segment 2/15
2026-09-06T20:00:48.058+01:00 INFO : Filtering template 14/96 segment 3/15
2026-09-06T20:00:48.067+01:00 INFO : Filtering template 14/96 segment 4/15
2026-09-06T20:00:48.076+01:00 INFO : Filtering template 14/96 segment 5/15
2026-09-06T20:00:48.084+01:00 INFO : 1 points above threshold
2026-09-06T20:00:48.087+01:00 INFO : Filtering template 14/96 segment 6/15
2026-09-06T20:00:48.095+01:00 INFO : 1 points above threshold
2026-09-06T20:00:48.098+01:00 INFO : Filtering template 14/96 segment 7/15
2026-09-06T20:00:48.107+01:00 INFO : 2 points above threshold
2026-09-06T20:00:48.110+01:00 INFO : Filtering template 14/96 segment 8/15
2026-09-06T20:00:48.119+01:00 INFO : Filtering template 14/96 segment 9/15
2026-09-06T20:00:48.127+01:00 INFO : Filtering template 14/96 segment 10/15
2026-09-06T20:00:48.136+01:00 INFO : Filtering template 14/96 segment 11/15
2026-09-06T20:00:48.145+01:00 INFO : 1 points above threshold
2026-09-06T20:00:48.147+01:00 INFO : Filtering template 14/96 segment 12/15
2026-09-06T20:00:48.156+01:00 INFO : 1 points above threshold
2026-09-06T20:00:48.158+01:00 INFO : Filtering template 14/96 segment 13/15
2026-09-06T20:00:48.167+01:00 INFO : Filtering template 14/96 segment 14/15
2026-09-06T20:00:48.175+01:00 INFO : Filtering template 14/96 segment 15/15
2026-09-06T20:00:48.184+01:00 INFO : 14: generating IMRPhenomD from 30.0 Hz
2026-09-06T20:00:48.186+01:00 INFO : Decompressing waveform using inline_linear
2026-09-06T20:00:48.189+01:00 INFO : Filtering template 15/96 segment 1/15
2026-09-06T20:00:48.199+01:00 INFO : Filtering template 15/96 segment 2/15
2026-09-06T20:00:48.207+01:00 INFO : 1 points above threshold
2026-09-06T20:00:48.216+01:00 INFO : Filtering template 15/96 segment 3/15
2026-09-06T20:00:48.224+01:00 INFO : Filtering template 15/96 segment 4/15
2026-09-06T20:00:48.233+01:00 INFO : Filtering template 15/96 segment 5/15
2026-09-06T20:00:48.241+01:00 INFO : Filtering template 15/96 segment 6/15
2026-09-06T20:00:48.250+01:00 INFO : Filtering template 15/96 segment 7/15
2026-09-06T20:00:48.259+01:00 INFO : 1 points above threshold
2026-09-06T20:00:48.261+01:00 INFO : Filtering template 15/96 segment 8/15
2026-09-06T20:00:48.270+01:00 INFO : Filtering template 15/96 segment 9/15
2026-09-06T20:00:48.279+01:00 INFO : Filtering template 15/96 segment 10/15
2026-09-06T20:00:48.287+01:00 INFO : Filtering template 15/96 segment 11/15
2026-09-06T20:00:48.296+01:00 INFO : 1 points above threshold
2026-09-06T20:00:48.299+01:00 INFO : Filtering template 15/96 segment 12/15
2026-09-06T20:00:48.307+01:00 INFO : 1 points above threshold
2026-09-06T20:00:48.310+01:00 INFO : Filtering template 15/96 segment 13/15
2026-09-06T20:00:48.318+01:00 INFO : 2 points above threshold
2026-09-06T20:00:48.322+01:00 INFO : Filtering template 15/96 segment 14/15
2026-09-06T20:00:48.330+01:00 INFO : 1 points above threshold
2026-09-06T20:00:48.334+01:00 INFO : Filtering template 15/96 segment 15/15
2026-09-06T20:00:48.342+01:00 INFO : 15: generating IMRPhenomD from 30.0 Hz
2026-09-06T20:00:48.345+01:00 INFO : Decompressing waveform using inline_linear
2026-09-06T20:00:48.347+01:00 INFO : Filtering template 16/96 segment 1/15
2026-09-06T20:00:48.357+01:00 INFO : 1 points above threshold
2026-09-06T20:00:48.365+01:00 INFO : Filtering template 16/96 segment 2/15
2026-09-06T20:00:48.374+01:00 INFO : Filtering template 16/96 segment 3/15
2026-09-06T20:00:48.382+01:00 INFO : Filtering template 16/96 segment 4/15
2026-09-06T20:00:48.391+01:00 INFO : 1 points above threshold
2026-09-06T20:00:48.393+01:00 INFO : Filtering template 16/96 segment 5/15
2026-09-06T20:00:48.402+01:00 INFO : 1 points above threshold
2026-09-06T20:00:48.405+01:00 INFO : Filtering template 16/96 segment 6/15
2026-09-06T20:00:48.413+01:00 INFO : Filtering template 16/96 segment 7/15
2026-09-06T20:00:48.422+01:00 INFO : 1 points above threshold
2026-09-06T20:00:48.424+01:00 INFO : Filtering template 16/96 segment 8/15
2026-09-06T20:00:48.433+01:00 INFO : 1 points above threshold
2026-09-06T20:00:48.436+01:00 INFO : Filtering template 16/96 segment 9/15
2026-09-06T20:00:48.444+01:00 INFO : 1 points above threshold
2026-09-06T20:00:48.447+01:00 INFO : Filtering template 16/96 segment 10/15
2026-09-06T20:00:48.455+01:00 INFO : 1 points above threshold
2026-09-06T20:00:48.458+01:00 INFO : Filtering template 16/96 segment 11/15
2026-09-06T20:00:48.467+01:00 INFO : 1 points above threshold
2026-09-06T20:00:48.469+01:00 INFO : Filtering template 16/96 segment 12/15
2026-09-06T20:00:48.478+01:00 INFO : Filtering template 16/96 segment 13/15
2026-09-06T20:00:48.486+01:00 INFO : Filtering template 16/96 segment 14/15
2026-09-06T20:00:48.495+01:00 INFO : Filtering template 16/96 segment 15/15
2026-09-06T20:00:48.504+01:00 INFO : 16: generating IMRPhenomD from 30.0 Hz
2026-09-06T20:00:48.506+01:00 INFO : Decompressing waveform using inline_linear
2026-09-06T20:00:48.509+01:00 INFO : Filtering template 17/96 segment 1/15
2026-09-06T20:00:48.518+01:00 INFO : Filtering template 17/96 segment 2/15
2026-09-06T20:00:48.527+01:00 INFO : 1 points above threshold
2026-09-06T20:00:48.535+01:00 INFO : Filtering template 17/96 segment 3/15
2026-09-06T20:00:48.544+01:00 INFO : 1 points above threshold
2026-09-06T20:00:48.546+01:00 INFO : Filtering template 17/96 segment 4/15
2026-09-06T20:00:48.555+01:00 INFO : Filtering template 17/96 segment 5/15
2026-09-06T20:00:48.564+01:00 INFO : 1 points above threshold
2026-09-06T20:00:48.566+01:00 INFO : Filtering template 17/96 segment 6/15
2026-09-06T20:00:48.575+01:00 INFO : 2 points above threshold
2026-09-06T20:00:48.579+01:00 INFO : Filtering template 17/96 segment 7/15
2026-09-06T20:00:48.587+01:00 INFO : Filtering template 17/96 segment 8/15
2026-09-06T20:00:48.596+01:00 INFO : Filtering template 17/96 segment 9/15
2026-09-06T20:00:48.604+01:00 INFO : Filtering template 17/96 segment 10/15
2026-09-06T20:00:48.613+01:00 INFO : 2 points above threshold
2026-09-06T20:00:48.616+01:00 INFO : Filtering template 17/96 segment 11/15
2026-09-06T20:00:48.625+01:00 INFO : Filtering template 17/96 segment 12/15
2026-09-06T20:00:48.633+01:00 INFO : Filtering template 17/96 segment 13/15
2026-09-06T20:00:48.642+01:00 INFO : 2 points above threshold
2026-09-06T20:00:48.646+01:00 INFO : Filtering template 17/96 segment 14/15
2026-09-06T20:00:48.654+01:00 INFO : 1 points above threshold
2026-09-06T20:00:48.657+01:00 INFO : Filtering template 17/96 segment 15/15
2026-09-06T20:00:48.666+01:00 INFO : 17: generating IMRPhenomD from 30.0 Hz
2026-09-06T20:00:48.668+01:00 INFO : Decompressing waveform using inline_linear
2026-09-06T20:00:48.670+01:00 INFO : Filtering template 18/96 segment 1/15
2026-09-06T20:00:48.680+01:00 INFO : Filtering template 18/96 segment 2/15
2026-09-06T20:00:48.689+01:00 INFO : Filtering template 18/96 segment 3/15
2026-09-06T20:00:48.697+01:00 INFO : Filtering template 18/96 segment 4/15
2026-09-06T20:00:48.706+01:00 INFO : Filtering template 18/96 segment 5/15
2026-09-06T20:00:48.714+01:00 INFO : Filtering template 18/96 segment 6/15
2026-09-06T20:00:48.723+01:00 INFO : Filtering template 18/96 segment 7/15
2026-09-06T20:00:48.731+01:00 INFO : Filtering template 18/96 segment 8/15
2026-09-06T20:00:48.740+01:00 INFO : 1 points above threshold
2026-09-06T20:00:48.749+01:00 INFO : Filtering template 18/96 segment 9/15
2026-09-06T20:00:48.757+01:00 INFO : Filtering template 18/96 segment 10/15
2026-09-06T20:00:48.766+01:00 INFO : Filtering template 18/96 segment 11/15
2026-09-06T20:00:48.774+01:00 INFO : Filtering template 18/96 segment 12/15
2026-09-06T20:00:48.783+01:00 INFO : Filtering template 18/96 segment 13/15
2026-09-06T20:00:48.791+01:00 INFO : Filtering template 18/96 segment 14/15
2026-09-06T20:00:48.800+01:00 INFO : 2 points above threshold
2026-09-06T20:00:48.804+01:00 INFO : Filtering template 18/96 segment 15/15
2026-09-06T20:00:48.812+01:00 INFO : 18: generating IMRPhenomD from 30.0 Hz
2026-09-06T20:00:48.815+01:00 INFO : Decompressing waveform using inline_linear
2026-09-06T20:00:48.817+01:00 INFO : Filtering template 19/96 segment 1/15
2026-09-06T20:00:48.827+01:00 INFO : 2 points above threshold
2026-09-06T20:00:48.836+01:00 INFO : Filtering template 19/96 segment 2/15
2026-09-06T20:00:48.845+01:00 INFO : Filtering template 19/96 segment 3/15
2026-09-06T20:00:48.853+01:00 INFO : 1 points above threshold
2026-09-06T20:00:48.856+01:00 INFO : Filtering template 19/96 segment 4/15
2026-09-06T20:00:48.865+01:00 INFO : Filtering template 19/96 segment 5/15
2026-09-06T20:00:48.873+01:00 INFO : 1 points above threshold
2026-09-06T20:00:48.876+01:00 INFO : Filtering template 19/96 segment 6/15
2026-09-06T20:00:48.884+01:00 INFO : Filtering template 19/96 segment 7/15
2026-09-06T20:00:48.893+01:00 INFO : 1 points above threshold
2026-09-06T20:00:48.896+01:00 INFO : Filtering template 19/96 segment 8/15
2026-09-06T20:00:48.905+01:00 INFO : Filtering template 19/96 segment 9/15
2026-09-06T20:00:48.913+01:00 INFO : Filtering template 19/96 segment 10/15
2026-09-06T20:00:48.922+01:00 INFO : 1 points above threshold
2026-09-06T20:00:48.924+01:00 INFO : Filtering template 19/96 segment 11/15
2026-09-06T20:00:48.933+01:00 INFO : 1 points above threshold
2026-09-06T20:00:48.936+01:00 INFO : Filtering template 19/96 segment 12/15
2026-09-06T20:00:48.944+01:00 INFO : 1 points above threshold
2026-09-06T20:00:48.947+01:00 INFO : Filtering template 19/96 segment 13/15
2026-09-06T20:00:48.955+01:00 INFO : Filtering template 19/96 segment 14/15
2026-09-06T20:00:48.964+01:00 INFO : 1 points above threshold
2026-09-06T20:00:48.967+01:00 INFO : Filtering template 19/96 segment 15/15
2026-09-06T20:00:48.976+01:00 INFO : 19: generating IMRPhenomD from 30.0 Hz
2026-09-06T20:00:48.978+01:00 INFO : Decompressing waveform using inline_linear
2026-09-06T20:00:48.980+01:00 INFO : Filtering template 20/96 segment 1/15
2026-09-06T20:00:48.990+01:00 INFO : Filtering template 20/96 segment 2/15
2026-09-06T20:00:48.999+01:00 INFO : Filtering template 20/96 segment 3/15
2026-09-06T20:00:49.007+01:00 INFO : 1 points above threshold
2026-09-06T20:00:49.015+01:00 INFO : Filtering template 20/96 segment 4/15
2026-09-06T20:00:49.024+01:00 INFO : 1 points above threshold
2026-09-06T20:00:49.027+01:00 INFO : Filtering template 20/96 segment 5/15
2026-09-06T20:00:49.035+01:00 INFO : Filtering template 20/96 segment 6/15
2026-09-06T20:00:49.044+01:00 INFO : 2 points above threshold
2026-09-06T20:00:49.047+01:00 INFO : Filtering template 20/96 segment 7/15
2026-09-06T20:00:49.056+01:00 INFO : Filtering template 20/96 segment 8/15
2026-09-06T20:00:49.065+01:00 INFO : Filtering template 20/96 segment 9/15
2026-09-06T20:00:49.073+01:00 INFO : Filtering template 20/96 segment 10/15
2026-09-06T20:00:49.082+01:00 INFO : 1 points above threshold
2026-09-06T20:00:49.084+01:00 INFO : Filtering template 20/96 segment 11/15
2026-09-06T20:00:49.093+01:00 INFO : 1 points above threshold
2026-09-06T20:00:49.096+01:00 INFO : Filtering template 20/96 segment 12/15
2026-09-06T20:00:49.104+01:00 INFO : Filtering template 20/96 segment 13/15
2026-09-06T20:00:49.113+01:00 INFO : Filtering template 20/96 segment 14/15
2026-09-06T20:00:49.121+01:00 INFO : Filtering template 20/96 segment 15/15
2026-09-06T20:00:49.130+01:00 INFO : 20: generating IMRPhenomD from 30.0 Hz
2026-09-06T20:00:49.132+01:00 INFO : Decompressing waveform using inline_linear
2026-09-06T20:00:49.135+01:00 INFO : Filtering template 21/96 segment 1/15
2026-09-06T20:00:49.145+01:00 INFO : Filtering template 21/96 segment 2/15
2026-09-06T20:00:49.153+01:00 INFO : Filtering template 21/96 segment 3/15
2026-09-06T20:00:49.162+01:00 INFO : 1 points above threshold
2026-09-06T20:00:49.170+01:00 INFO : Filtering template 21/96 segment 4/15
2026-09-06T20:00:49.179+01:00 INFO : Filtering template 21/96 segment 5/15
2026-09-06T20:00:49.187+01:00 INFO : Filtering template 21/96 segment 6/15
2026-09-06T20:00:49.196+01:00 INFO : 1 points above threshold
2026-09-06T20:00:49.199+01:00 INFO : Filtering template 21/96 segment 7/15
2026-09-06T20:00:49.207+01:00 INFO : 1 points above threshold
2026-09-06T20:00:49.210+01:00 INFO : Filtering template 21/96 segment 8/15
2026-09-06T20:00:49.218+01:00 INFO : Filtering template 21/96 segment 9/15
2026-09-06T20:00:49.227+01:00 INFO : Filtering template 21/96 segment 10/15
2026-09-06T20:00:49.235+01:00 INFO : Filtering template 21/96 segment 11/15
2026-09-06T20:00:49.244+01:00 INFO : Filtering template 21/96 segment 12/15
2026-09-06T20:00:49.253+01:00 INFO : Filtering template 21/96 segment 13/15
2026-09-06T20:00:49.261+01:00 INFO : Filtering template 21/96 segment 14/15
2026-09-06T20:00:49.270+01:00 INFO : Filtering template 21/96 segment 15/15
2026-09-06T20:00:49.279+01:00 INFO : 21: generating IMRPhenomD from 30.0 Hz
2026-09-06T20:00:49.281+01:00 INFO : Decompressing waveform using inline_linear
2026-09-06T20:00:49.283+01:00 INFO : Filtering template 22/96 segment 1/15
2026-09-06T20:00:49.293+01:00 INFO : 2 points above threshold
2026-09-06T20:00:49.302+01:00 INFO : Filtering template 22/96 segment 2/15
2026-09-06T20:00:49.311+01:00 INFO : Filtering template 22/96 segment 3/15
2026-09-06T20:00:49.320+01:00 INFO : 3 points above threshold
2026-09-06T20:00:49.324+01:00 INFO : Filtering template 22/96 segment 4/15
2026-09-06T20:00:49.333+01:00 INFO : Filtering template 22/96 segment 5/15
2026-09-06T20:00:49.341+01:00 INFO : Filtering template 22/96 segment 6/15
2026-09-06T20:00:49.350+01:00 INFO : Filtering template 22/96 segment 7/15
2026-09-06T20:00:49.359+01:00 INFO : Filtering template 22/96 segment 8/15
2026-09-06T20:00:49.367+01:00 INFO : Filtering template 22/96 segment 9/15
2026-09-06T20:00:49.376+01:00 INFO : Filtering template 22/96 segment 10/15
2026-09-06T20:00:49.384+01:00 INFO : Filtering template 22/96 segment 11/15
2026-09-06T20:00:49.393+01:00 INFO : 1 points above threshold
2026-09-06T20:00:49.396+01:00 INFO : Filtering template 22/96 segment 12/15
2026-09-06T20:00:49.404+01:00 INFO : Filtering template 22/96 segment 13/15
2026-09-06T20:00:49.413+01:00 INFO : Filtering template 22/96 segment 14/15
2026-09-06T20:00:49.421+01:00 INFO : 1 points above threshold
2026-09-06T20:00:49.424+01:00 INFO : Filtering template 22/96 segment 15/15
2026-09-06T20:00:49.433+01:00 INFO : 22: generating IMRPhenomD from 30.0 Hz
2026-09-06T20:00:49.435+01:00 INFO : Decompressing waveform using inline_linear
2026-09-06T20:00:49.437+01:00 INFO : Filtering template 23/96 segment 1/15
2026-09-06T20:00:49.447+01:00 INFO : Filtering template 23/96 segment 2/15
2026-09-06T20:00:49.456+01:00 INFO : 1 points above threshold
2026-09-06T20:00:49.464+01:00 INFO : Filtering template 23/96 segment 3/15
2026-09-06T20:00:49.473+01:00 INFO : 1 points above threshold
2026-09-06T20:00:49.475+01:00 INFO : Filtering template 23/96 segment 4/15
2026-09-06T20:00:49.484+01:00 INFO : 1 points above threshold
2026-09-06T20:00:49.487+01:00 INFO : Filtering template 23/96 segment 5/15
2026-09-06T20:00:49.495+01:00 INFO : Filtering template 23/96 segment 6/15
2026-09-06T20:00:49.504+01:00 INFO : Filtering template 23/96 segment 7/15
2026-09-06T20:00:49.512+01:00 INFO : 1 points above threshold
2026-09-06T20:00:49.515+01:00 INFO : Filtering template 23/96 segment 8/15
2026-09-06T20:00:49.524+01:00 INFO : Filtering template 23/96 segment 9/15
2026-09-06T20:00:49.532+01:00 INFO : Filtering template 23/96 segment 10/15
2026-09-06T20:00:49.541+01:00 INFO : Filtering template 23/96 segment 11/15
2026-09-06T20:00:49.549+01:00 INFO : Filtering template 23/96 segment 12/15
2026-09-06T20:00:49.558+01:00 INFO : Filtering template 23/96 segment 13/15
2026-09-06T20:00:49.567+01:00 INFO : Filtering template 23/96 segment 14/15
2026-09-06T20:00:49.575+01:00 INFO : Filtering template 23/96 segment 15/15
2026-09-06T20:00:49.584+01:00 INFO : 23: generating IMRPhenomD from 30.0 Hz
2026-09-06T20:00:49.586+01:00 INFO : Decompressing waveform using inline_linear
2026-09-06T20:00:49.589+01:00 INFO : Filtering template 24/96 segment 1/15
2026-09-06T20:00:49.598+01:00 INFO : 1 points above threshold
2026-09-06T20:00:49.607+01:00 INFO : Filtering template 24/96 segment 2/15
2026-09-06T20:00:49.615+01:00 INFO : Filtering template 24/96 segment 3/15
2026-09-06T20:00:49.624+01:00 INFO : Filtering template 24/96 segment 4/15
2026-09-06T20:00:49.632+01:00 INFO : Filtering template 24/96 segment 5/15
2026-09-06T20:00:49.641+01:00 INFO : Filtering template 24/96 segment 6/15
2026-09-06T20:00:49.650+01:00 INFO : 2 points above threshold
2026-09-06T20:00:49.653+01:00 INFO : Filtering template 24/96 segment 7/15
2026-09-06T20:00:49.662+01:00 INFO : 1 points above threshold
2026-09-06T20:00:49.664+01:00 INFO : Filtering template 24/96 segment 8/15
2026-09-06T20:00:49.673+01:00 INFO : Filtering template 24/96 segment 9/15
2026-09-06T20:00:49.682+01:00 INFO : Filtering template 24/96 segment 10/15
2026-09-06T20:00:49.690+01:00 INFO : Filtering template 24/96 segment 11/15
2026-09-06T20:00:49.699+01:00 INFO : Filtering template 24/96 segment 12/15
2026-09-06T20:00:49.707+01:00 INFO : Filtering template 24/96 segment 13/15
2026-09-06T20:00:49.716+01:00 INFO : 2 points above threshold
2026-09-06T20:00:49.720+01:00 INFO : Filtering template 24/96 segment 14/15
2026-09-06T20:00:49.728+01:00 INFO : Filtering template 24/96 segment 15/15
2026-09-06T20:00:49.737+01:00 INFO : 24: generating IMRPhenomD from 30.0 Hz
2026-09-06T20:00:49.739+01:00 INFO : Decompressing waveform using inline_linear
2026-09-06T20:00:49.742+01:00 INFO : Filtering template 25/96 segment 1/15
2026-09-06T20:00:49.751+01:00 INFO : 1 points above threshold
2026-09-06T20:00:49.760+01:00 INFO : Filtering template 25/96 segment 2/15
2026-09-06T20:00:49.768+01:00 INFO : 1 points above threshold
2026-09-06T20:00:49.771+01:00 INFO : Filtering template 25/96 segment 3/15
2026-09-06T20:00:49.780+01:00 INFO : Filtering template 25/96 segment 4/15
2026-09-06T20:00:49.788+01:00 INFO : Filtering template 25/96 segment 5/15
2026-09-06T20:00:49.797+01:00 INFO : Filtering template 25/96 segment 6/15
2026-09-06T20:00:49.805+01:00 INFO : Filtering template 25/96 segment 7/15
2026-09-06T20:00:49.814+01:00 INFO : Filtering template 25/96 segment 8/15
2026-09-06T20:00:49.823+01:00 INFO : Filtering template 25/96 segment 9/15
2026-09-06T20:00:49.831+01:00 INFO : Filtering template 25/96 segment 10/15
2026-09-06T20:00:49.840+01:00 INFO : Filtering template 25/96 segment 11/15
2026-09-06T20:00:49.848+01:00 INFO : Filtering template 25/96 segment 12/15
2026-09-06T20:00:49.857+01:00 INFO : Filtering template 25/96 segment 13/15
2026-09-06T20:00:49.865+01:00 INFO : Filtering template 25/96 segment 14/15
2026-09-06T20:00:49.874+01:00 INFO : Filtering template 25/96 segment 15/15
2026-09-06T20:00:49.883+01:00 INFO : 25: generating IMRPhenomD from 30.0 Hz
2026-09-06T20:00:49.885+01:00 INFO : Decompressing waveform using inline_linear
2026-09-06T20:00:49.888+01:00 INFO : Filtering template 26/96 segment 1/15
2026-09-06T20:00:49.897+01:00 INFO : Filtering template 26/96 segment 2/15
2026-09-06T20:00:49.906+01:00 INFO : Filtering template 26/96 segment 3/15
2026-09-06T20:00:49.915+01:00 INFO : Filtering template 26/96 segment 4/15
2026-09-06T20:00:49.923+01:00 INFO : Filtering template 26/96 segment 5/15
2026-09-06T20:00:49.932+01:00 INFO : Filtering template 26/96 segment 6/15
2026-09-06T20:00:49.940+01:00 INFO : 2 points above threshold
2026-09-06T20:00:49.950+01:00 INFO : Filtering template 26/96 segment 7/15
2026-09-06T20:00:49.958+01:00 INFO : Filtering template 26/96 segment 8/15
2026-09-06T20:00:49.967+01:00 INFO : Filtering template 26/96 segment 9/15
2026-09-06T20:00:49.975+01:00 INFO : Filtering template 26/96 segment 10/15
2026-09-06T20:00:49.984+01:00 INFO : Filtering template 26/96 segment 11/15
2026-09-06T20:00:49.993+01:00 INFO : 1 points above threshold
2026-09-06T20:00:49.995+01:00 INFO : Filtering template 26/96 segment 12/15
2026-09-06T20:00:50.004+01:00 INFO : 1 points above threshold
2026-09-06T20:00:50.006+01:00 INFO : Filtering template 26/96 segment 13/15
2026-09-06T20:00:50.015+01:00 INFO : 2 points above threshold
2026-09-06T20:00:50.019+01:00 INFO : Filtering template 26/96 segment 14/15
2026-09-06T20:00:50.027+01:00 INFO : Filtering template 26/96 segment 15/15
2026-09-06T20:00:50.036+01:00 INFO : 26: generating IMRPhenomD from 30.0 Hz
2026-09-06T20:00:50.038+01:00 INFO : Decompressing waveform using inline_linear
2026-09-06T20:00:50.041+01:00 INFO : Filtering template 27/96 segment 1/15
2026-09-06T20:00:50.051+01:00 INFO : 1 points above threshold
2026-09-06T20:00:50.059+01:00 INFO : Filtering template 27/96 segment 2/15
2026-09-06T20:00:50.068+01:00 INFO : 1 points above threshold
2026-09-06T20:00:50.071+01:00 INFO : Filtering template 27/96 segment 3/15
2026-09-06T20:00:50.079+01:00 INFO : Filtering template 27/96 segment 4/15
2026-09-06T20:00:50.088+01:00 INFO : Filtering template 27/96 segment 5/15
2026-09-06T20:00:50.096+01:00 INFO : Filtering template 27/96 segment 6/15
2026-09-06T20:00:50.105+01:00 INFO : Filtering template 27/96 segment 7/15
2026-09-06T20:00:50.114+01:00 INFO : 1 points above threshold
2026-09-06T20:00:50.117+01:00 INFO : Filtering template 27/96 segment 8/15
2026-09-06T20:00:50.125+01:00 INFO : Filtering template 27/96 segment 9/15
2026-09-06T20:00:50.134+01:00 INFO : Filtering template 27/96 segment 10/15
2026-09-06T20:00:50.142+01:00 INFO : Filtering template 27/96 segment 11/15
2026-09-06T20:00:50.151+01:00 INFO : Filtering template 27/96 segment 12/15
2026-09-06T20:00:50.159+01:00 INFO : Filtering template 27/96 segment 13/15
2026-09-06T20:00:50.168+01:00 INFO : Filtering template 27/96 segment 14/15
2026-09-06T20:00:50.177+01:00 INFO : Filtering template 27/96 segment 15/15
2026-09-06T20:00:50.185+01:00 INFO : 27: generating IMRPhenomD from 30.0 Hz
2026-09-06T20:00:50.187+01:00 INFO : Decompressing waveform using inline_linear
2026-09-06T20:00:50.190+01:00 INFO : Filtering template 28/96 segment 1/15
2026-09-06T20:00:50.200+01:00 INFO : 1 points above threshold
2026-09-06T20:00:50.208+01:00 INFO : Filtering template 28/96 segment 2/15
2026-09-06T20:00:50.217+01:00 INFO : 2 points above threshold
2026-09-06T20:00:50.220+01:00 INFO : Filtering template 28/96 segment 3/15
2026-09-06T20:00:50.229+01:00 INFO : Filtering template 28/96 segment 4/15
2026-09-06T20:00:50.237+01:00 INFO : 1 points above threshold
2026-09-06T20:00:50.240+01:00 INFO : Filtering template 28/96 segment 5/15
2026-09-06T20:00:50.248+01:00 INFO : Filtering template 28/96 segment 6/15
2026-09-06T20:00:50.257+01:00 INFO : Filtering template 28/96 segment 7/15
2026-09-06T20:00:50.266+01:00 INFO : 1 points above threshold
2026-09-06T20:00:50.268+01:00 INFO : Filtering template 28/96 segment 8/15
2026-09-06T20:00:50.277+01:00 INFO : 1 points above threshold
2026-09-06T20:00:50.280+01:00 INFO : Filtering template 28/96 segment 9/15
2026-09-06T20:00:50.288+01:00 INFO : Filtering template 28/96 segment 10/15
2026-09-06T20:00:50.297+01:00 INFO : Filtering template 28/96 segment 11/15
2026-09-06T20:00:50.306+01:00 INFO : 1 points above threshold
2026-09-06T20:00:50.308+01:00 INFO : Filtering template 28/96 segment 12/15
2026-09-06T20:00:50.317+01:00 INFO : Filtering template 28/96 segment 13/15
2026-09-06T20:00:50.325+01:00 INFO : Filtering template 28/96 segment 14/15
2026-09-06T20:00:50.334+01:00 INFO : Filtering template 28/96 segment 15/15
2026-09-06T20:00:50.343+01:00 INFO : 28: generating IMRPhenomD from 30.0 Hz
2026-09-06T20:00:50.345+01:00 INFO : Decompressing waveform using inline_linear
2026-09-06T20:00:50.347+01:00 INFO : Filtering template 29/96 segment 1/15
2026-09-06T20:00:50.357+01:00 INFO : 1 points above threshold
2026-09-06T20:00:50.366+01:00 INFO : Filtering template 29/96 segment 2/15
2026-09-06T20:00:50.374+01:00 INFO : Filtering template 29/96 segment 3/15
2026-09-06T20:00:50.383+01:00 INFO : 1 points above threshold
2026-09-06T20:00:50.386+01:00 INFO : Filtering template 29/96 segment 4/15
2026-09-06T20:00:50.394+01:00 INFO : 1 points above threshold
2026-09-06T20:00:50.397+01:00 INFO : Filtering template 29/96 segment 5/15
2026-09-06T20:00:50.405+01:00 INFO : Filtering template 29/96 segment 6/15
2026-09-06T20:00:50.414+01:00 INFO : 1 points above threshold
2026-09-06T20:00:50.417+01:00 INFO : Filtering template 29/96 segment 7/15
2026-09-06T20:00:50.425+01:00 INFO : 1 points above threshold
2026-09-06T20:00:50.428+01:00 INFO : Filtering template 29/96 segment 8/15
2026-09-06T20:00:50.436+01:00 INFO : Filtering template 29/96 segment 9/15
2026-09-06T20:00:50.445+01:00 INFO : Filtering template 29/96 segment 10/15
2026-09-06T20:00:50.454+01:00 INFO : Filtering template 29/96 segment 11/15
2026-09-06T20:00:50.462+01:00 INFO : Filtering template 29/96 segment 12/15
2026-09-06T20:00:50.471+01:00 INFO : 2 points above threshold
2026-09-06T20:00:50.474+01:00 INFO : Filtering template 29/96 segment 13/15
2026-09-06T20:00:50.483+01:00 INFO : 2 points above threshold
2026-09-06T20:00:50.487+01:00 INFO : Filtering template 29/96 segment 14/15
2026-09-06T20:00:50.495+01:00 INFO : Filtering template 29/96 segment 15/15
2026-09-06T20:00:50.504+01:00 INFO : 29: generating IMRPhenomD from 30.0 Hz
2026-09-06T20:00:50.506+01:00 INFO : Decompressing waveform using inline_linear
2026-09-06T20:00:50.509+01:00 INFO : Filtering template 30/96 segment 1/15
2026-09-06T20:00:50.518+01:00 INFO : 1 points above threshold
2026-09-06T20:00:50.527+01:00 INFO : Filtering template 30/96 segment 2/15
2026-09-06T20:00:50.535+01:00 INFO : Filtering template 30/96 segment 3/15
2026-09-06T20:00:50.544+01:00 INFO : Filtering template 30/96 segment 4/15
2026-09-06T20:00:50.552+01:00 INFO : 1 points above threshold
2026-09-06T20:00:50.555+01:00 INFO : Filtering template 30/96 segment 5/15
2026-09-06T20:00:50.564+01:00 INFO : Filtering template 30/96 segment 6/15
2026-09-06T20:00:50.572+01:00 INFO : Filtering template 30/96 segment 7/15
2026-09-06T20:00:50.581+01:00 INFO : Filtering template 30/96 segment 8/15
2026-09-06T20:00:50.589+01:00 INFO : 1 points above threshold
2026-09-06T20:00:50.592+01:00 INFO : Filtering template 30/96 segment 9/15
2026-09-06T20:00:50.601+01:00 INFO : Filtering template 30/96 segment 10/15
2026-09-06T20:00:50.610+01:00 INFO : Filtering template 30/96 segment 11/15
2026-09-06T20:00:50.618+01:00 INFO : Filtering template 30/96 segment 12/15
2026-09-06T20:00:50.627+01:00 INFO : Filtering template 30/96 segment 13/15
2026-09-06T20:00:50.635+01:00 INFO : 1 points above threshold
2026-09-06T20:00:50.638+01:00 INFO : Filtering template 30/96 segment 14/15
2026-09-06T20:00:50.647+01:00 INFO : Filtering template 30/96 segment 15/15
2026-09-06T20:00:50.655+01:00 INFO : 30: generating IMRPhenomD from 30.0 Hz
2026-09-06T20:00:50.657+01:00 INFO : Decompressing waveform using inline_linear
2026-09-06T20:00:50.660+01:00 INFO : Filtering template 31/96 segment 1/15
2026-09-06T20:00:50.670+01:00 INFO : Filtering template 31/96 segment 2/15
2026-09-06T20:00:50.678+01:00 INFO : Filtering template 31/96 segment 3/15
2026-09-06T20:00:50.687+01:00 INFO : Filtering template 31/96 segment 4/15
2026-09-06T20:00:50.696+01:00 INFO : Filtering template 31/96 segment 5/15
2026-09-06T20:00:50.704+01:00 INFO : Filtering template 31/96 segment 6/15
2026-09-06T20:00:50.713+01:00 INFO : 1 points above threshold
2026-09-06T20:00:50.721+01:00 INFO : Filtering template 31/96 segment 7/15
2026-09-06T20:00:50.730+01:00 INFO : Filtering template 31/96 segment 8/15
2026-09-06T20:00:50.738+01:00 INFO : Filtering template 31/96 segment 9/15
2026-09-06T20:00:50.747+01:00 INFO : Filtering template 31/96 segment 10/15
2026-09-06T20:00:50.755+01:00 INFO : Filtering template 31/96 segment 11/15
2026-09-06T20:00:50.764+01:00 INFO : Filtering template 31/96 segment 12/15
2026-09-06T20:00:50.772+01:00 INFO : 1 points above threshold
2026-09-06T20:00:50.775+01:00 INFO : Filtering template 31/96 segment 13/15
2026-09-06T20:00:50.784+01:00 INFO : Filtering template 31/96 segment 14/15
2026-09-06T20:00:50.792+01:00 INFO : 1 points above threshold
2026-09-06T20:00:50.795+01:00 INFO : Filtering template 31/96 segment 15/15
2026-09-06T20:00:50.804+01:00 INFO : 31: generating IMRPhenomD from 30.0 Hz
2026-09-06T20:00:50.806+01:00 INFO : Decompressing waveform using inline_linear
2026-09-06T20:00:50.809+01:00 INFO : Filtering template 32/96 segment 1/15
2026-09-06T20:00:50.818+01:00 INFO : Filtering template 32/96 segment 2/15
2026-09-06T20:00:50.827+01:00 INFO : Filtering template 32/96 segment 3/15
2026-09-06T20:00:50.835+01:00 INFO : Filtering template 32/96 segment 4/15
2026-09-06T20:00:50.844+01:00 INFO : Filtering template 32/96 segment 5/15
2026-09-06T20:00:50.852+01:00 INFO : Filtering template 32/96 segment 6/15
2026-09-06T20:00:50.861+01:00 INFO : Filtering template 32/96 segment 7/15
2026-09-06T20:00:50.870+01:00 INFO : Filtering template 32/96 segment 8/15
2026-09-06T20:00:50.878+01:00 INFO : Filtering template 32/96 segment 9/15
2026-09-06T20:00:50.887+01:00 INFO : Filtering template 32/96 segment 10/15
2026-09-06T20:00:50.896+01:00 INFO : 1 points above threshold
2026-09-06T20:00:50.904+01:00 INFO : Filtering template 32/96 segment 11/15
2026-09-06T20:00:50.913+01:00 INFO : 1 points above threshold
2026-09-06T20:00:50.915+01:00 INFO : Filtering template 32/96 segment 12/15
2026-09-06T20:00:50.924+01:00 INFO : 1 points above threshold
2026-09-06T20:00:50.926+01:00 INFO : Filtering template 32/96 segment 13/15
2026-09-06T20:00:50.935+01:00 INFO : 1 points above threshold
2026-09-06T20:00:50.938+01:00 INFO : Filtering template 32/96 segment 14/15
2026-09-06T20:00:50.946+01:00 INFO : 1 points above threshold
2026-09-06T20:00:50.949+01:00 INFO : Filtering template 32/96 segment 15/15
2026-09-06T20:00:50.958+01:00 INFO : 32: generating IMRPhenomD from 30.0 Hz
2026-09-06T20:00:50.960+01:00 INFO : Decompressing waveform using inline_linear
2026-09-06T20:00:50.962+01:00 INFO : Filtering template 33/96 segment 1/15
2026-09-06T20:00:50.972+01:00 INFO : Filtering template 33/96 segment 2/15
2026-09-06T20:00:50.981+01:00 INFO : 1 points above threshold
2026-09-06T20:00:50.989+01:00 INFO : Filtering template 33/96 segment 3/15
2026-09-06T20:00:50.998+01:00 INFO : 1 points above threshold
2026-09-06T20:00:51.000+01:00 INFO : Filtering template 33/96 segment 4/15
2026-09-06T20:00:51.009+01:00 INFO : Filtering template 33/96 segment 5/15
2026-09-06T20:00:51.017+01:00 INFO : Filtering template 33/96 segment 6/15
2026-09-06T20:00:51.026+01:00 INFO : Filtering template 33/96 segment 7/15
2026-09-06T20:00:51.035+01:00 INFO : Filtering template 33/96 segment 8/15
2026-09-06T20:00:51.043+01:00 INFO : Filtering template 33/96 segment 9/15
2026-09-06T20:00:51.052+01:00 INFO : Filtering template 33/96 segment 10/15
2026-09-06T20:00:51.060+01:00 INFO : Filtering template 33/96 segment 11/15
2026-09-06T20:00:51.069+01:00 INFO : Filtering template 33/96 segment 12/15
2026-09-06T20:00:51.077+01:00 INFO : 1 points above threshold
2026-09-06T20:00:51.080+01:00 INFO : Filtering template 33/96 segment 13/15
2026-09-06T20:00:51.088+01:00 INFO : Filtering template 33/96 segment 14/15
2026-09-06T20:00:51.097+01:00 INFO : Filtering template 33/96 segment 15/15
2026-09-06T20:00:51.106+01:00 INFO : 33: generating IMRPhenomD from 30.0 Hz
2026-09-06T20:00:51.108+01:00 INFO : Decompressing waveform using inline_linear
2026-09-06T20:00:51.111+01:00 INFO : Filtering template 34/96 segment 1/15
2026-09-06T20:00:51.120+01:00 INFO : Filtering template 34/96 segment 2/15
2026-09-06T20:00:51.129+01:00 INFO : Filtering template 34/96 segment 3/15
2026-09-06T20:00:51.137+01:00 INFO : Filtering template 34/96 segment 4/15
2026-09-06T20:00:51.146+01:00 INFO : 1 points above threshold
2026-09-06T20:00:51.154+01:00 INFO : Filtering template 34/96 segment 5/15
2026-09-06T20:00:51.163+01:00 INFO : Filtering template 34/96 segment 6/15
2026-09-06T20:00:51.171+01:00 INFO : Filtering template 34/96 segment 7/15
2026-09-06T20:00:51.180+01:00 INFO : Filtering template 34/96 segment 8/15
2026-09-06T20:00:51.189+01:00 INFO : 1 points above threshold
2026-09-06T20:00:51.191+01:00 INFO : Filtering template 34/96 segment 9/15
2026-09-06T20:00:51.200+01:00 INFO : Filtering template 34/96 segment 10/15
2026-09-06T20:00:51.209+01:00 INFO : Filtering template 34/96 segment 11/15
2026-09-06T20:00:51.217+01:00 INFO : Filtering template 34/96 segment 12/15
2026-09-06T20:00:51.226+01:00 INFO : Filtering template 34/96 segment 13/15
2026-09-06T20:00:51.234+01:00 INFO : 1 points above threshold
2026-09-06T20:00:51.237+01:00 INFO : Filtering template 34/96 segment 14/15
2026-09-06T20:00:51.245+01:00 INFO : Filtering template 34/96 segment 15/15
2026-09-06T20:00:51.254+01:00 INFO : 34: generating IMRPhenomD from 30.0 Hz
2026-09-06T20:00:51.256+01:00 INFO : Decompressing waveform using inline_linear
2026-09-06T20:00:51.259+01:00 INFO : Filtering template 35/96 segment 1/15
2026-09-06T20:00:51.269+01:00 INFO : 1 points above threshold
2026-09-06T20:00:51.277+01:00 INFO : Filtering template 35/96 segment 2/15
2026-09-06T20:00:51.286+01:00 INFO : Filtering template 35/96 segment 3/15
2026-09-06T20:00:51.294+01:00 INFO : Filtering template 35/96 segment 4/15
2026-09-06T20:00:51.303+01:00 INFO : Filtering template 35/96 segment 5/15
2026-09-06T20:00:51.312+01:00 INFO : 1 points above threshold
2026-09-06T20:00:51.314+01:00 INFO : Filtering template 35/96 segment 6/15
2026-09-06T20:00:51.323+01:00 INFO : Filtering template 35/96 segment 7/15
2026-09-06T20:00:51.331+01:00 INFO : 1 points above threshold
2026-09-06T20:00:51.334+01:00 INFO : Filtering template 35/96 segment 8/15
2026-09-06T20:00:51.342+01:00 INFO : Filtering template 35/96 segment 9/15
2026-09-06T20:00:51.351+01:00 INFO : Filtering template 35/96 segment 10/15
2026-09-06T20:00:51.360+01:00 INFO : Filtering template 35/96 segment 11/15
2026-09-06T20:00:51.368+01:00 INFO : Filtering template 35/96 segment 12/15
2026-09-06T20:00:51.377+01:00 INFO : Filtering template 35/96 segment 13/15
2026-09-06T20:00:51.385+01:00 INFO : Filtering template 35/96 segment 14/15
2026-09-06T20:00:51.394+01:00 INFO : Filtering template 35/96 segment 15/15
2026-09-06T20:00:51.403+01:00 INFO : 35: generating IMRPhenomD from 30.0 Hz
2026-09-06T20:00:51.405+01:00 INFO : Decompressing waveform using inline_linear
2026-09-06T20:00:51.407+01:00 INFO : Filtering template 36/96 segment 1/15
2026-09-06T20:00:51.417+01:00 INFO : 1 points above threshold
2026-09-06T20:00:51.425+01:00 INFO : Filtering template 36/96 segment 2/15
2026-09-06T20:00:51.434+01:00 INFO : 2 points above threshold
2026-09-06T20:00:51.438+01:00 INFO : Filtering template 36/96 segment 3/15
2026-09-06T20:00:51.446+01:00 INFO : Filtering template 36/96 segment 4/15
2026-09-06T20:00:51.455+01:00 INFO : 1 points above threshold
2026-09-06T20:00:51.457+01:00 INFO : Filtering template 36/96 segment 5/15
2026-09-06T20:00:51.466+01:00 INFO : Filtering template 36/96 segment 6/15
2026-09-06T20:00:51.475+01:00 INFO : Filtering template 36/96 segment 7/15
2026-09-06T20:00:51.483+01:00 INFO : Filtering template 36/96 segment 8/15
2026-09-06T20:00:51.492+01:00 INFO : 1 points above threshold
2026-09-06T20:00:51.495+01:00 INFO : Filtering template 36/96 segment 9/15
2026-09-06T20:00:51.503+01:00 INFO : 1 points above threshold
2026-09-06T20:00:51.506+01:00 INFO : Filtering template 36/96 segment 10/15
2026-09-06T20:00:51.514+01:00 INFO : Filtering template 36/96 segment 11/15
2026-09-06T20:00:51.523+01:00 INFO : Filtering template 36/96 segment 12/15
2026-09-06T20:00:51.532+01:00 INFO : Filtering template 36/96 segment 13/15
2026-09-06T20:00:51.540+01:00 INFO : Filtering template 36/96 segment 14/15
2026-09-06T20:00:51.549+01:00 INFO : 1 points above threshold
2026-09-06T20:00:51.551+01:00 INFO : Filtering template 36/96 segment 15/15
2026-09-06T20:00:51.560+01:00 INFO : 36: generating IMRPhenomD from 30.0 Hz
2026-09-06T20:00:51.562+01:00 INFO : Decompressing waveform using inline_linear
2026-09-06T20:00:51.565+01:00 INFO : Filtering template 37/96 segment 1/15
2026-09-06T20:00:51.575+01:00 INFO : 1 points above threshold
2026-09-06T20:00:51.583+01:00 INFO : Filtering template 37/96 segment 2/15
2026-09-06T20:00:51.592+01:00 INFO : 1 points above threshold
2026-09-06T20:00:51.594+01:00 INFO : Filtering template 37/96 segment 3/15
2026-09-06T20:00:51.603+01:00 INFO : Filtering template 37/96 segment 4/15
2026-09-06T20:00:51.612+01:00 INFO : 3 points above threshold
2026-09-06T20:00:51.616+01:00 INFO : Filtering template 37/96 segment 5/15
2026-09-06T20:00:51.625+01:00 INFO : Filtering template 37/96 segment 6/15
2026-09-06T20:00:51.633+01:00 INFO : Filtering template 37/96 segment 7/15
2026-09-06T20:00:51.642+01:00 INFO : Filtering template 37/96 segment 8/15
2026-09-06T20:00:51.650+01:00 INFO : 1 points above threshold
2026-09-06T20:00:51.653+01:00 INFO : Filtering template 37/96 segment 9/15
2026-09-06T20:00:51.662+01:00 INFO : Filtering template 37/96 segment 10/15
2026-09-06T20:00:51.670+01:00 INFO : Filtering template 37/96 segment 11/15
2026-09-06T20:00:51.679+01:00 INFO : 1 points above threshold
2026-09-06T20:00:51.682+01:00 INFO : Filtering template 37/96 segment 12/15
2026-09-06T20:00:51.690+01:00 INFO : 2 points above threshold
2026-09-06T20:00:51.694+01:00 INFO : Filtering template 37/96 segment 13/15
2026-09-06T20:00:51.703+01:00 INFO : Filtering template 37/96 segment 14/15
2026-09-06T20:00:51.711+01:00 INFO : Filtering template 37/96 segment 15/15
2026-09-06T20:00:51.720+01:00 INFO : 37: generating IMRPhenomD from 30.0 Hz
2026-09-06T20:00:51.722+01:00 INFO : Decompressing waveform using inline_linear
2026-09-06T20:00:51.725+01:00 INFO : Filtering template 38/96 segment 1/15
2026-09-06T20:00:51.735+01:00 INFO : Filtering template 38/96 segment 2/15
2026-09-06T20:00:51.743+01:00 INFO : Filtering template 38/96 segment 3/15
2026-09-06T20:00:51.752+01:00 INFO : Filtering template 38/96 segment 4/15
2026-09-06T20:00:51.760+01:00 INFO : Filtering template 38/96 segment 5/15
2026-09-06T20:00:51.769+01:00 INFO : Filtering template 38/96 segment 6/15
2026-09-06T20:00:51.777+01:00 INFO : Filtering template 38/96 segment 7/15
2026-09-06T20:00:51.786+01:00 INFO : Filtering template 38/96 segment 8/15
2026-09-06T20:00:51.794+01:00 INFO : 1 points above threshold
2026-09-06T20:00:51.803+01:00 INFO : Filtering template 38/96 segment 9/15
2026-09-06T20:00:51.812+01:00 INFO : Filtering template 38/96 segment 10/15
2026-09-06T20:00:51.820+01:00 INFO : Filtering template 38/96 segment 11/15
2026-09-06T20:00:51.829+01:00 INFO : Filtering template 38/96 segment 12/15
2026-09-06T20:00:51.837+01:00 INFO : 1 points above threshold
2026-09-06T20:00:51.840+01:00 INFO : Filtering template 38/96 segment 13/15
2026-09-06T20:00:51.848+01:00 INFO : Filtering template 38/96 segment 14/15
2026-09-06T20:00:51.857+01:00 INFO : 1 points above threshold
2026-09-06T20:00:51.860+01:00 INFO : Filtering template 38/96 segment 15/15
2026-09-06T20:00:51.869+01:00 INFO : 38: generating IMRPhenomD from 30.0 Hz
2026-09-06T20:00:51.871+01:00 INFO : Decompressing waveform using inline_linear
2026-09-06T20:00:51.873+01:00 INFO : Filtering template 39/96 segment 1/15
2026-09-06T20:00:51.883+01:00 INFO : Filtering template 39/96 segment 2/15
2026-09-06T20:00:51.892+01:00 INFO : Filtering template 39/96 segment 3/15
2026-09-06T20:00:51.900+01:00 INFO : Filtering template 39/96 segment 4/15
2026-09-06T20:00:51.909+01:00 INFO : Filtering template 39/96 segment 5/15
2026-09-06T20:00:51.917+01:00 INFO : Filtering template 39/96 segment 6/15
2026-09-06T20:00:51.926+01:00 INFO : 2 points above threshold
2026-09-06T20:00:51.935+01:00 INFO : Filtering template 39/96 segment 7/15
2026-09-06T20:00:51.944+01:00 INFO : Filtering template 39/96 segment 8/15
2026-09-06T20:00:51.953+01:00 INFO : Filtering template 39/96 segment 9/15
2026-09-06T20:00:51.961+01:00 INFO : Filtering template 39/96 segment 10/15
2026-09-06T20:00:51.970+01:00 INFO : 1 points above threshold
2026-09-06T20:00:51.973+01:00 INFO : Filtering template 39/96 segment 11/15
2026-09-06T20:00:51.981+01:00 INFO : 1 points above threshold
2026-09-06T20:00:51.984+01:00 INFO : Filtering template 39/96 segment 12/15
2026-09-06T20:00:51.992+01:00 INFO : Filtering template 39/96 segment 13/15
2026-09-06T20:00:52.001+01:00 INFO : Filtering template 39/96 segment 14/15
2026-09-06T20:00:52.009+01:00 INFO : Filtering template 39/96 segment 15/15
2026-09-06T20:00:52.019+01:00 INFO : 39: generating IMRPhenomD from 30.0 Hz
2026-09-06T20:00:52.021+01:00 INFO : Decompressing waveform using inline_linear
2026-09-06T20:00:52.023+01:00 INFO : Filtering template 40/96 segment 1/15
2026-09-06T20:00:52.033+01:00 INFO : Filtering template 40/96 segment 2/15
2026-09-06T20:00:52.042+01:00 INFO : Filtering template 40/96 segment 3/15
2026-09-06T20:00:52.050+01:00 INFO : Filtering template 40/96 segment 4/15
2026-09-06T20:00:52.059+01:00 INFO : Filtering template 40/96 segment 5/15
2026-09-06T20:00:52.067+01:00 INFO : Filtering template 40/96 segment 6/15
2026-09-06T20:00:52.076+01:00 INFO : Filtering template 40/96 segment 7/15
2026-09-06T20:00:52.084+01:00 INFO : Filtering template 40/96 segment 8/15
2026-09-06T20:00:52.093+01:00 INFO : Filtering template 40/96 segment 9/15
2026-09-06T20:00:52.102+01:00 INFO : Filtering template 40/96 segment 10/15
2026-09-06T20:00:52.110+01:00 INFO : 1 points above threshold
2026-09-06T20:00:52.119+01:00 INFO : Filtering template 40/96 segment 11/15
2026-09-06T20:00:52.127+01:00 INFO : 1 points above threshold
2026-09-06T20:00:52.130+01:00 INFO : Filtering template 40/96 segment 12/15
2026-09-06T20:00:52.138+01:00 INFO : Filtering template 40/96 segment 13/15
2026-09-06T20:00:52.147+01:00 INFO : Filtering template 40/96 segment 14/15
2026-09-06T20:00:52.155+01:00 INFO : Filtering template 40/96 segment 15/15
2026-09-06T20:00:52.164+01:00 INFO : 40: generating IMRPhenomD from 30.0 Hz
2026-09-06T20:00:52.179+01:00 INFO : Decompressing waveform using inline_linear
2026-09-06T20:00:52.182+01:00 INFO : Filtering template 41/96 segment 1/15
2026-09-06T20:00:52.194+01:00 INFO : Filtering template 41/96 segment 2/15
2026-09-06T20:00:52.203+01:00 INFO : Filtering template 41/96 segment 3/15
2026-09-06T20:00:52.212+01:00 INFO : Filtering template 41/96 segment 4/15
2026-09-06T20:00:52.222+01:00 INFO : Filtering template 41/96 segment 5/15
2026-09-06T20:00:52.231+01:00 INFO : Filtering template 41/96 segment 6/15
2026-09-06T20:00:52.242+01:00 INFO : Filtering template 41/96 segment 7/15
2026-09-06T20:00:52.252+01:00 INFO : 2 points above threshold
2026-09-06T20:00:52.267+01:00 INFO : Filtering template 41/96 segment 8/15
2026-09-06T20:00:52.276+01:00 INFO : Filtering template 41/96 segment 9/15
2026-09-06T20:00:52.285+01:00 INFO : Filtering template 41/96 segment 10/15
2026-09-06T20:00:52.294+01:00 INFO : 2 points above threshold
2026-09-06T20:00:52.298+01:00 INFO : Filtering template 41/96 segment 11/15
2026-09-06T20:00:52.306+01:00 INFO : Filtering template 41/96 segment 12/15
2026-09-06T20:00:52.315+01:00 INFO : Filtering template 41/96 segment 13/15
2026-09-06T20:00:52.324+01:00 INFO : Filtering template 41/96 segment 14/15
2026-09-06T20:00:52.332+01:00 INFO : Filtering template 41/96 segment 15/15
2026-09-06T20:00:52.341+01:00 INFO : 41: generating IMRPhenomD from 30.0 Hz
2026-09-06T20:00:52.343+01:00 INFO : Decompressing waveform using inline_linear
2026-09-06T20:00:52.346+01:00 INFO : Filtering template 42/96 segment 1/15
2026-09-06T20:00:52.355+01:00 INFO : Filtering template 42/96 segment 2/15
2026-09-06T20:00:52.364+01:00 INFO : Filtering template 42/96 segment 3/15
2026-09-06T20:00:52.372+01:00 INFO : Filtering template 42/96 segment 4/15
2026-09-06T20:00:52.381+01:00 INFO : Filtering template 42/96 segment 5/15
2026-09-06T20:00:52.389+01:00 INFO : Filtering template 42/96 segment 6/15
2026-09-06T20:00:52.398+01:00 INFO : 2 points above threshold
2026-09-06T20:00:52.407+01:00 INFO : Filtering template 42/96 segment 7/15
2026-09-06T20:00:52.416+01:00 INFO : Filtering template 42/96 segment 8/15
2026-09-06T20:00:52.425+01:00 INFO : Filtering template 42/96 segment 9/15
2026-09-06T20:00:52.433+01:00 INFO : Filtering template 42/96 segment 10/15
2026-09-06T20:00:52.442+01:00 INFO : Filtering template 42/96 segment 11/15
2026-09-06T20:00:52.450+01:00 INFO : Filtering template 42/96 segment 12/15
2026-09-06T20:00:52.459+01:00 INFO : 1 points above threshold
2026-09-06T20:00:52.462+01:00 INFO : Filtering template 42/96 segment 13/15
2026-09-06T20:00:52.470+01:00 INFO : Filtering template 42/96 segment 14/15
2026-09-06T20:00:52.479+01:00 INFO : 1 points above threshold
2026-09-06T20:00:52.481+01:00 INFO : Filtering template 42/96 segment 15/15
2026-09-06T20:00:52.490+01:00 INFO : 42: generating IMRPhenomD from 30.0 Hz
2026-09-06T20:00:52.492+01:00 INFO : Decompressing waveform using inline_linear
2026-09-06T20:00:52.495+01:00 INFO : Filtering template 43/96 segment 1/15
2026-09-06T20:00:52.505+01:00 INFO : Filtering template 43/96 segment 2/15
2026-09-06T20:00:52.513+01:00 INFO : Filtering template 43/96 segment 3/15
2026-09-06T20:00:52.522+01:00 INFO : 1 points above threshold
2026-09-06T20:00:52.530+01:00 INFO : Filtering template 43/96 segment 4/15
2026-09-06T20:00:52.539+01:00 INFO : 1 points above threshold
2026-09-06T20:00:52.542+01:00 INFO : Filtering template 43/96 segment 5/15
2026-09-06T20:00:52.550+01:00 INFO : Filtering template 43/96 segment 6/15
2026-09-06T20:00:52.559+01:00 INFO : 1 points above threshold
2026-09-06T20:00:52.561+01:00 INFO : Filtering template 43/96 segment 7/15
2026-09-06T20:00:52.570+01:00 INFO : 1 points above threshold
2026-09-06T20:00:52.573+01:00 INFO : Filtering template 43/96 segment 8/15
2026-09-06T20:00:52.581+01:00 INFO : Filtering template 43/96 segment 9/15
2026-09-06T20:00:52.590+01:00 INFO : Filtering template 43/96 segment 10/15
2026-09-06T20:00:52.598+01:00 INFO : Filtering template 43/96 segment 11/15
2026-09-06T20:00:52.607+01:00 INFO : Filtering template 43/96 segment 12/15
2026-09-06T20:00:52.615+01:00 INFO : Filtering template 43/96 segment 13/15
2026-09-06T20:00:52.624+01:00 INFO : Filtering template 43/96 segment 14/15
2026-09-06T20:00:52.633+01:00 INFO : Filtering template 43/96 segment 15/15
2026-09-06T20:00:52.642+01:00 INFO : 43: generating IMRPhenomD from 30.0 Hz
2026-09-06T20:00:52.644+01:00 INFO : Decompressing waveform using inline_linear
2026-09-06T20:00:52.646+01:00 INFO : Filtering template 44/96 segment 1/15
2026-09-06T20:00:52.656+01:00 INFO : 1 points above threshold
2026-09-06T20:00:52.665+01:00 INFO : Filtering template 44/96 segment 2/15
2026-09-06T20:00:52.673+01:00 INFO : Filtering template 44/96 segment 3/15
2026-09-06T20:00:52.682+01:00 INFO : Filtering template 44/96 segment 4/15
2026-09-06T20:00:52.691+01:00 INFO : Filtering template 44/96 segment 5/15
2026-09-06T20:00:52.699+01:00 INFO : Filtering template 44/96 segment 6/15
2026-09-06T20:00:52.708+01:00 INFO : Filtering template 44/96 segment 7/15
2026-09-06T20:00:52.717+01:00 INFO : Filtering template 44/96 segment 8/15
2026-09-06T20:00:52.725+01:00 INFO : Filtering template 44/96 segment 9/15
2026-09-06T20:00:52.734+01:00 INFO : Filtering template 44/96 segment 10/15
2026-09-06T20:00:52.742+01:00 INFO : 1 points above threshold
2026-09-06T20:00:52.745+01:00 INFO : Filtering template 44/96 segment 11/15
2026-09-06T20:00:52.754+01:00 INFO : Filtering template 44/96 segment 12/15
2026-09-06T20:00:52.762+01:00 INFO : Filtering template 44/96 segment 13/15
2026-09-06T20:00:52.771+01:00 INFO : Filtering template 44/96 segment 14/15
2026-09-06T20:00:52.779+01:00 INFO : Filtering template 44/96 segment 15/15
2026-09-06T20:00:52.788+01:00 INFO : 44: generating IMRPhenomD from 30.0 Hz
2026-09-06T20:00:52.790+01:00 INFO : Decompressing waveform using inline_linear
2026-09-06T20:00:52.793+01:00 INFO : Filtering template 45/96 segment 1/15
2026-09-06T20:00:52.803+01:00 INFO : 1 points above threshold
2026-09-06T20:00:52.811+01:00 INFO : Filtering template 45/96 segment 2/15
2026-09-06T20:00:52.820+01:00 INFO : 1 points above threshold
2026-09-06T20:00:52.823+01:00 INFO : Filtering template 45/96 segment 3/15
2026-09-06T20:00:52.831+01:00 INFO : Filtering template 45/96 segment 4/15
2026-09-06T20:00:52.840+01:00 INFO : Filtering template 45/96 segment 5/15
2026-09-06T20:00:52.848+01:00 INFO : 1 points above threshold
2026-09-06T20:00:52.851+01:00 INFO : Filtering template 45/96 segment 6/15
2026-09-06T20:00:52.859+01:00 INFO : Filtering template 45/96 segment 7/15
2026-09-06T20:00:52.868+01:00 INFO : Filtering template 45/96 segment 8/15
2026-09-06T20:00:52.877+01:00 INFO : Filtering template 45/96 segment 9/15
2026-09-06T20:00:52.885+01:00 INFO : 1 points above threshold
2026-09-06T20:00:52.888+01:00 INFO : Filtering template 45/96 segment 10/15
2026-09-06T20:00:52.897+01:00 INFO : Filtering template 45/96 segment 11/15
2026-09-06T20:00:52.905+01:00 INFO : Filtering template 45/96 segment 12/15
2026-09-06T20:00:52.914+01:00 INFO : Filtering template 45/96 segment 13/15
2026-09-06T20:00:52.923+01:00 INFO : Filtering template 45/96 segment 14/15
2026-09-06T20:00:52.931+01:00 INFO : Filtering template 45/96 segment 15/15
2026-09-06T20:00:52.940+01:00 INFO : 45: generating IMRPhenomD from 30.0 Hz
2026-09-06T20:00:52.942+01:00 INFO : Decompressing waveform using inline_linear
2026-09-06T20:00:52.945+01:00 INFO : Filtering template 46/96 segment 1/15
2026-09-06T20:00:52.955+01:00 INFO : Filtering template 46/96 segment 2/15
2026-09-06T20:00:52.963+01:00 INFO : Filtering template 46/96 segment 3/15
2026-09-06T20:00:52.972+01:00 INFO : Filtering template 46/96 segment 4/15
2026-09-06T20:00:52.980+01:00 INFO : Filtering template 46/96 segment 5/15
2026-09-06T20:00:52.989+01:00 INFO : Filtering template 46/96 segment 6/15
2026-09-06T20:00:52.997+01:00 INFO : Filtering template 46/96 segment 7/15
2026-09-06T20:00:53.006+01:00 INFO : Filtering template 46/96 segment 8/15
2026-09-06T20:00:53.015+01:00 INFO : 1 points above threshold
2026-09-06T20:00:53.023+01:00 INFO : Filtering template 46/96 segment 9/15
2026-09-06T20:00:53.032+01:00 INFO : Filtering template 46/96 segment 10/15
2026-09-06T20:00:53.040+01:00 INFO : Filtering template 46/96 segment 11/15
2026-09-06T20:00:53.049+01:00 INFO : 2 points above threshold
2026-09-06T20:00:53.052+01:00 INFO : Filtering template 46/96 segment 12/15
2026-09-06T20:00:53.061+01:00 INFO : 2 points above threshold
2026-09-06T20:00:53.064+01:00 INFO : Filtering template 46/96 segment 13/15
2026-09-06T20:00:53.073+01:00 INFO : Filtering template 46/96 segment 14/15
2026-09-06T20:00:53.082+01:00 INFO : 1 points above threshold
2026-09-06T20:00:53.084+01:00 INFO : Filtering template 46/96 segment 15/15
2026-09-06T20:00:53.093+01:00 INFO : 46: generating IMRPhenomD from 30.0 Hz
2026-09-06T20:00:53.095+01:00 INFO : Decompressing waveform using inline_linear
2026-09-06T20:00:53.098+01:00 INFO : Filtering template 47/96 segment 1/15
2026-09-06T20:00:53.107+01:00 INFO : 3 points above threshold
2026-09-06T20:00:53.118+01:00 INFO : Filtering template 47/96 segment 2/15
2026-09-06T20:00:53.126+01:00 INFO : Filtering template 47/96 segment 3/15
2026-09-06T20:00:53.135+01:00 INFO : Filtering template 47/96 segment 4/15
2026-09-06T20:00:53.143+01:00 INFO : Filtering template 47/96 segment 5/15
2026-09-06T20:00:53.152+01:00 INFO : Filtering template 47/96 segment 6/15
2026-09-06T20:00:53.160+01:00 INFO : Filtering template 47/96 segment 7/15
2026-09-06T20:00:53.169+01:00 INFO : Filtering template 47/96 segment 8/15
2026-09-06T20:00:53.178+01:00 INFO : 1 points above threshold
2026-09-06T20:00:53.180+01:00 INFO : Filtering template 47/96 segment 9/15
2026-09-06T20:00:53.189+01:00 INFO : 1 points above threshold
2026-09-06T20:00:53.192+01:00 INFO : Filtering template 47/96 segment 10/15
2026-09-06T20:00:53.200+01:00 INFO : 1 points above threshold
2026-09-06T20:00:53.203+01:00 INFO : Filtering template 47/96 segment 11/15
2026-09-06T20:00:53.211+01:00 INFO : Filtering template 47/96 segment 12/15
2026-09-06T20:00:53.220+01:00 INFO : Filtering template 47/96 segment 13/15
2026-09-06T20:00:53.229+01:00 INFO : 1 points above threshold
2026-09-06T20:00:53.231+01:00 INFO : Filtering template 47/96 segment 14/15
2026-09-06T20:00:53.240+01:00 INFO : Filtering template 47/96 segment 15/15
2026-09-06T20:00:53.249+01:00 INFO : 47: generating IMRPhenomD from 30.0 Hz
2026-09-06T20:00:53.251+01:00 INFO : Decompressing waveform using inline_linear
2026-09-06T20:00:53.253+01:00 INFO : Filtering template 48/96 segment 1/15
2026-09-06T20:00:53.263+01:00 INFO : 2 points above threshold
2026-09-06T20:00:53.273+01:00 INFO : Filtering template 48/96 segment 2/15
2026-09-06T20:00:53.281+01:00 INFO : Filtering template 48/96 segment 3/15
2026-09-06T20:00:53.290+01:00 INFO : 1 points above threshold
2026-09-06T20:00:53.292+01:00 INFO : Filtering template 48/96 segment 4/15
2026-09-06T20:00:53.301+01:00 INFO : Filtering template 48/96 segment 5/15
2026-09-06T20:00:53.310+01:00 INFO : 1 points above threshold
2026-09-06T20:00:53.312+01:00 INFO : Filtering template 48/96 segment 6/15
2026-09-06T20:00:53.321+01:00 INFO : Filtering template 48/96 segment 7/15
2026-09-06T20:00:53.329+01:00 INFO : 1 points above threshold
2026-09-06T20:00:53.332+01:00 INFO : Filtering template 48/96 segment 8/15
2026-09-06T20:00:53.341+01:00 INFO : Filtering template 48/96 segment 9/15
2026-09-06T20:00:53.349+01:00 INFO : Filtering template 48/96 segment 10/15
2026-09-06T20:00:53.358+01:00 INFO : 1 points above threshold
2026-09-06T20:00:53.360+01:00 INFO : Filtering template 48/96 segment 11/15
2026-09-06T20:00:53.369+01:00 INFO : Filtering template 48/96 segment 12/15
2026-09-06T20:00:53.378+01:00 INFO : 1 points above threshold
2026-09-06T20:00:53.380+01:00 INFO : Filtering template 48/96 segment 13/15
2026-09-06T20:00:53.389+01:00 INFO : 1 points above threshold
2026-09-06T20:00:53.391+01:00 INFO : Filtering template 48/96 segment 14/15
2026-09-06T20:00:53.400+01:00 INFO : Filtering template 48/96 segment 15/15
2026-09-06T20:00:53.409+01:00 INFO : 48: generating IMRPhenomD from 30.0 Hz
2026-09-06T20:00:53.411+01:00 INFO : Decompressing waveform using inline_linear
2026-09-06T20:00:53.414+01:00 INFO : Filtering template 49/96 segment 1/15
2026-09-06T20:00:53.423+01:00 INFO : Filtering template 49/96 segment 2/15
2026-09-06T20:00:53.432+01:00 INFO : Filtering template 49/96 segment 3/15
2026-09-06T20:00:53.440+01:00 INFO : 1 points above threshold
2026-09-06T20:00:53.449+01:00 INFO : Filtering template 49/96 segment 4/15
2026-09-06T20:00:53.457+01:00 INFO : Filtering template 49/96 segment 5/15
2026-09-06T20:00:53.466+01:00 INFO : Filtering template 49/96 segment 6/15
2026-09-06T20:00:53.474+01:00 INFO : 1 points above threshold
2026-09-06T20:00:53.477+01:00 INFO : Filtering template 49/96 segment 7/15
2026-09-06T20:00:53.486+01:00 INFO : 1 points above threshold
2026-09-06T20:00:53.488+01:00 INFO : Filtering template 49/96 segment 8/15
2026-09-06T20:00:53.497+01:00 INFO : 1 points above threshold
2026-09-06T20:00:53.500+01:00 INFO : Filtering template 49/96 segment 9/15
2026-09-06T20:00:53.508+01:00 INFO : Filtering template 49/96 segment 10/15
2026-09-06T20:00:53.517+01:00 INFO : Filtering template 49/96 segment 11/15
2026-09-06T20:00:53.526+01:00 INFO : Filtering template 49/96 segment 12/15
2026-09-06T20:00:53.534+01:00 INFO : Filtering template 49/96 segment 13/15
2026-09-06T20:00:53.543+01:00 INFO : Filtering template 49/96 segment 14/15
2026-09-06T20:00:53.551+01:00 INFO : Filtering template 49/96 segment 15/15
2026-09-06T20:00:53.560+01:00 INFO : 49: generating IMRPhenomD from 30.0 Hz
2026-09-06T20:00:53.562+01:00 INFO : Decompressing waveform using inline_linear
2026-09-06T20:00:53.565+01:00 INFO : Filtering template 50/96 segment 1/15
2026-09-06T20:00:53.574+01:00 INFO : Filtering template 50/96 segment 2/15
2026-09-06T20:00:53.583+01:00 INFO : Filtering template 50/96 segment 3/15
2026-09-06T20:00:53.592+01:00 INFO : Filtering template 50/96 segment 4/15
2026-09-06T20:00:53.600+01:00 INFO : 1 points above threshold
2026-09-06T20:00:53.608+01:00 INFO : Filtering template 50/96 segment 5/15
2026-09-06T20:00:53.617+01:00 INFO : Filtering template 50/96 segment 6/15
2026-09-06T20:00:53.626+01:00 INFO : 1 points above threshold
2026-09-06T20:00:53.628+01:00 INFO : Filtering template 50/96 segment 7/15
2026-09-06T20:00:53.637+01:00 INFO : 2 points above threshold
2026-09-06T20:00:53.641+01:00 INFO : Filtering template 50/96 segment 8/15
2026-09-06T20:00:53.649+01:00 INFO : Filtering template 50/96 segment 9/15
2026-09-06T20:00:53.658+01:00 INFO : 2 points above threshold
2026-09-06T20:00:53.661+01:00 INFO : Filtering template 50/96 segment 10/15
2026-09-06T20:00:53.670+01:00 INFO : 1 points above threshold
2026-09-06T20:00:53.673+01:00 INFO : Filtering template 50/96 segment 11/15
2026-09-06T20:00:53.681+01:00 INFO : 1 points above threshold
2026-09-06T20:00:53.684+01:00 INFO : Filtering template 50/96 segment 12/15
2026-09-06T20:00:53.692+01:00 INFO : Filtering template 50/96 segment 13/15
2026-09-06T20:00:53.701+01:00 INFO : Filtering template 50/96 segment 14/15
2026-09-06T20:00:53.710+01:00 INFO : Filtering template 50/96 segment 15/15
2026-09-06T20:00:53.718+01:00 INFO : 50: generating IMRPhenomD from 30.0 Hz
2026-09-06T20:00:53.721+01:00 INFO : Decompressing waveform using inline_linear
2026-09-06T20:00:53.723+01:00 INFO : Filtering template 51/96 segment 1/15
2026-09-06T20:00:53.733+01:00 INFO : Filtering template 51/96 segment 2/15
2026-09-06T20:00:53.741+01:00 INFO : Filtering template 51/96 segment 3/15
2026-09-06T20:00:53.750+01:00 INFO : 1 points above threshold
2026-09-06T20:00:53.758+01:00 INFO : Filtering template 51/96 segment 4/15
2026-09-06T20:00:53.767+01:00 INFO : Filtering template 51/96 segment 5/15
2026-09-06T20:00:53.775+01:00 INFO : 1 points above threshold
2026-09-06T20:00:53.778+01:00 INFO : Filtering template 51/96 segment 6/15
2026-09-06T20:00:53.787+01:00 INFO : Filtering template 51/96 segment 7/15
2026-09-06T20:00:53.795+01:00 INFO : Filtering template 51/96 segment 8/15
2026-09-06T20:00:53.804+01:00 INFO : Filtering template 51/96 segment 9/15
2026-09-06T20:00:53.813+01:00 INFO : Filtering template 51/96 segment 10/15
2026-09-06T20:00:53.821+01:00 INFO : 1 points above threshold
2026-09-06T20:00:53.824+01:00 INFO : Filtering template 51/96 segment 11/15
2026-09-06T20:00:53.833+01:00 INFO : Filtering template 51/96 segment 12/15
2026-09-06T20:00:53.841+01:00 INFO : Filtering template 51/96 segment 13/15
2026-09-06T20:00:53.850+01:00 INFO : 2 points above threshold
2026-09-06T20:00:53.853+01:00 INFO : Filtering template 51/96 segment 14/15
2026-09-06T20:00:53.862+01:00 INFO : Filtering template 51/96 segment 15/15
2026-09-06T20:00:53.871+01:00 INFO : 51: generating IMRPhenomD from 30.0 Hz
2026-09-06T20:00:53.873+01:00 INFO : Decompressing waveform using inline_linear
2026-09-06T20:00:53.875+01:00 INFO : Filtering template 52/96 segment 1/15
2026-09-06T20:00:53.885+01:00 INFO : Filtering template 52/96 segment 2/15
2026-09-06T20:00:53.894+01:00 INFO : Filtering template 52/96 segment 3/15
2026-09-06T20:00:53.903+01:00 INFO : 1 points above threshold
2026-09-06T20:00:53.911+01:00 INFO : Filtering template 52/96 segment 4/15
2026-09-06T20:00:53.920+01:00 INFO : Filtering template 52/96 segment 5/15
2026-09-06T20:00:53.928+01:00 INFO : Filtering template 52/96 segment 6/15
2026-09-06T20:00:53.937+01:00 INFO : 1 points above threshold
2026-09-06T20:00:53.940+01:00 INFO : Filtering template 52/96 segment 7/15
2026-09-06T20:00:53.948+01:00 INFO : Filtering template 52/96 segment 8/15
2026-09-06T20:00:53.957+01:00 INFO : Filtering template 52/96 segment 9/15
2026-09-06T20:00:53.965+01:00 INFO : Filtering template 52/96 segment 10/15
2026-09-06T20:00:53.974+01:00 INFO : 1 points above threshold
2026-09-06T20:00:53.977+01:00 INFO : Filtering template 52/96 segment 11/15
2026-09-06T20:00:53.985+01:00 INFO : Filtering template 52/96 segment 12/15
2026-09-06T20:00:53.994+01:00 INFO : 2 points above threshold
2026-09-06T20:00:53.997+01:00 INFO : Filtering template 52/96 segment 13/15
2026-09-06T20:00:54.006+01:00 INFO : 1 points above threshold
2026-09-06T20:00:54.009+01:00 INFO : Filtering template 52/96 segment 14/15
2026-09-06T20:00:54.017+01:00 INFO : Filtering template 52/96 segment 15/15
2026-09-06T20:00:54.026+01:00 INFO : 52: generating IMRPhenomD from 30.0 Hz
2026-09-06T20:00:54.028+01:00 INFO : Decompressing waveform using inline_linear
2026-09-06T20:00:54.031+01:00 INFO : Filtering template 53/96 segment 1/15
2026-09-06T20:00:54.041+01:00 INFO : 2 points above threshold
2026-09-06T20:00:54.050+01:00 INFO : Filtering template 53/96 segment 2/15
2026-09-06T20:00:54.059+01:00 INFO : Filtering template 53/96 segment 3/15
2026-09-06T20:00:54.067+01:00 INFO : 1 points above threshold
2026-09-06T20:00:54.070+01:00 INFO : Filtering template 53/96 segment 4/15
2026-09-06T20:00:54.078+01:00 INFO : 1 points above threshold
2026-09-06T20:00:54.081+01:00 INFO : Filtering template 53/96 segment 5/15
2026-09-06T20:00:54.090+01:00 INFO : Filtering template 53/96 segment 6/15
2026-09-06T20:00:54.098+01:00 INFO : 1 points above threshold
2026-09-06T20:00:54.101+01:00 INFO : Filtering template 53/96 segment 7/15
2026-09-06T20:00:54.109+01:00 INFO : 1 points above threshold
2026-09-06T20:00:54.112+01:00 INFO : Filtering template 53/96 segment 8/15
2026-09-06T20:00:54.121+01:00 INFO : 1 points above threshold
2026-09-06T20:00:54.123+01:00 INFO : Filtering template 53/96 segment 9/15
2026-09-06T20:00:54.132+01:00 INFO : Filtering template 53/96 segment 10/15
2026-09-06T20:00:54.140+01:00 INFO : Filtering template 53/96 segment 11/15
2026-09-06T20:00:54.149+01:00 INFO : Filtering template 53/96 segment 12/15
2026-09-06T20:00:54.157+01:00 INFO : 1 points above threshold
2026-09-06T20:00:54.160+01:00 INFO : Filtering template 53/96 segment 13/15
2026-09-06T20:00:54.169+01:00 INFO : 1 points above threshold
2026-09-06T20:00:54.171+01:00 INFO : Filtering template 53/96 segment 14/15
2026-09-06T20:00:54.180+01:00 INFO : Filtering template 53/96 segment 15/15
2026-09-06T20:00:54.189+01:00 INFO : 53: generating IMRPhenomD from 30.0 Hz
2026-09-06T20:00:54.191+01:00 INFO : Decompressing waveform using inline_linear
2026-09-06T20:00:54.193+01:00 INFO : Filtering template 54/96 segment 1/15
2026-09-06T20:00:54.203+01:00 INFO : Filtering template 54/96 segment 2/15
2026-09-06T20:00:54.211+01:00 INFO : Filtering template 54/96 segment 3/15
2026-09-06T20:00:54.220+01:00 INFO : Filtering template 54/96 segment 4/15
2026-09-06T20:00:54.229+01:00 INFO : Filtering template 54/96 segment 5/15
2026-09-06T20:00:54.237+01:00 INFO : Filtering template 54/96 segment 6/15
2026-09-06T20:00:54.246+01:00 INFO : Filtering template 54/96 segment 7/15
2026-09-06T20:00:54.254+01:00 INFO : 2 points above threshold
2026-09-06T20:00:54.263+01:00 INFO : Filtering template 54/96 segment 8/15
2026-09-06T20:00:54.272+01:00 INFO : Filtering template 54/96 segment 9/15
2026-09-06T20:00:54.281+01:00 INFO : Filtering template 54/96 segment 10/15
2026-09-06T20:00:54.289+01:00 INFO : 2 points above threshold
2026-09-06T20:00:54.293+01:00 INFO : Filtering template 54/96 segment 11/15
2026-09-06T20:00:54.302+01:00 INFO : 2 points above threshold
2026-09-06T20:00:54.305+01:00 INFO : Filtering template 54/96 segment 12/15
2026-09-06T20:00:54.314+01:00 INFO : 1 points above threshold
2026-09-06T20:00:54.316+01:00 INFO : Filtering template 54/96 segment 13/15
2026-09-06T20:00:54.325+01:00 INFO : Filtering template 54/96 segment 14/15
2026-09-06T20:00:54.334+01:00 INFO : Filtering template 54/96 segment 15/15
2026-09-06T20:00:54.342+01:00 INFO : 54: generating IMRPhenomD from 30.0 Hz
2026-09-06T20:00:54.344+01:00 INFO : Decompressing waveform using inline_linear
2026-09-06T20:00:54.347+01:00 INFO : Filtering template 55/96 segment 1/15
2026-09-06T20:00:54.357+01:00 INFO : Filtering template 55/96 segment 2/15
2026-09-06T20:00:54.365+01:00 INFO : Filtering template 55/96 segment 3/15
2026-09-06T20:00:54.374+01:00 INFO : Filtering template 55/96 segment 4/15
2026-09-06T20:00:54.383+01:00 INFO : Filtering template 55/96 segment 5/15
2026-09-06T20:00:54.391+01:00 INFO : 1 points above threshold
2026-09-06T20:00:54.399+01:00 INFO : Filtering template 55/96 segment 6/15
2026-09-06T20:00:54.408+01:00 INFO : Filtering template 55/96 segment 7/15
2026-09-06T20:00:54.417+01:00 INFO : 2 points above threshold
2026-09-06T20:00:54.420+01:00 INFO : Filtering template 55/96 segment 8/15
2026-09-06T20:00:54.429+01:00 INFO : Filtering template 55/96 segment 9/15
2026-09-06T20:00:54.437+01:00 INFO : 1 points above threshold
2026-09-06T20:00:54.440+01:00 INFO : Filtering template 55/96 segment 10/15
2026-09-06T20:00:54.449+01:00 INFO : Filtering template 55/96 segment 11/15
2026-09-06T20:00:54.457+01:00 INFO : 1 points above threshold
2026-09-06T20:00:54.460+01:00 INFO : Filtering template 55/96 segment 12/15
2026-09-06T20:00:54.468+01:00 INFO : Filtering template 55/96 segment 13/15
2026-09-06T20:00:54.477+01:00 INFO : 1 points above threshold
2026-09-06T20:00:54.480+01:00 INFO : Filtering template 55/96 segment 14/15
2026-09-06T20:00:54.488+01:00 INFO : Filtering template 55/96 segment 15/15
2026-09-06T20:00:54.497+01:00 INFO : 55: generating IMRPhenomD from 30.0 Hz
2026-09-06T20:00:54.499+01:00 INFO : Decompressing waveform using inline_linear
2026-09-06T20:00:54.502+01:00 INFO : Filtering template 56/96 segment 1/15
2026-09-06T20:00:54.512+01:00 INFO : 1 points above threshold
2026-09-06T20:00:54.520+01:00 INFO : Filtering template 56/96 segment 2/15
2026-09-06T20:00:54.529+01:00 INFO : Filtering template 56/96 segment 3/15
2026-09-06T20:00:54.537+01:00 INFO : Filtering template 56/96 segment 4/15
2026-09-06T20:00:54.546+01:00 INFO : 1 points above threshold
2026-09-06T20:00:54.549+01:00 INFO : Filtering template 56/96 segment 5/15
2026-09-06T20:00:54.557+01:00 INFO : Filtering template 56/96 segment 6/15
2026-09-06T20:00:54.566+01:00 INFO : Filtering template 56/96 segment 7/15
2026-09-06T20:00:54.575+01:00 INFO : 2 points above threshold
2026-09-06T20:00:54.578+01:00 INFO : Filtering template 56/96 segment 8/15
2026-09-06T20:00:54.587+01:00 INFO : Filtering template 56/96 segment 9/15
2026-09-06T20:00:54.595+01:00 INFO : 1 points above threshold
2026-09-06T20:00:54.599+01:00 INFO : Filtering template 56/96 segment 10/15
2026-09-06T20:00:54.608+01:00 INFO : Filtering template 56/96 segment 11/15
2026-09-06T20:00:54.616+01:00 INFO : Filtering template 56/96 segment 12/15
2026-09-06T20:00:54.625+01:00 INFO : Filtering template 56/96 segment 13/15
2026-09-06T20:00:54.633+01:00 INFO : 1 points above threshold
2026-09-06T20:00:54.636+01:00 INFO : Filtering template 56/96 segment 14/15
2026-09-06T20:00:54.644+01:00 INFO : Filtering template 56/96 segment 15/15
2026-09-06T20:00:54.653+01:00 INFO : 56: generating IMRPhenomD from 30.0 Hz
2026-09-06T20:00:54.655+01:00 INFO : Decompressing waveform using inline_linear
2026-09-06T20:00:54.658+01:00 INFO : Filtering template 57/96 segment 1/15
2026-09-06T20:00:54.668+01:00 INFO : Filtering template 57/96 segment 2/15
2026-09-06T20:00:54.676+01:00 INFO : 1 points above threshold
2026-09-06T20:00:54.685+01:00 INFO : Filtering template 57/96 segment 3/15
2026-09-06T20:00:54.693+01:00 INFO : Filtering template 57/96 segment 4/15
2026-09-06T20:00:54.702+01:00 INFO : 1 points above threshold
2026-09-06T20:00:54.705+01:00 INFO : Filtering template 57/96 segment 5/15
2026-09-06T20:00:54.713+01:00 INFO : Filtering template 57/96 segment 6/15
2026-09-06T20:00:54.722+01:00 INFO : 1 points above threshold
2026-09-06T20:00:54.724+01:00 INFO : Filtering template 57/96 segment 7/15
2026-09-06T20:00:54.733+01:00 INFO : 1 points above threshold
2026-09-06T20:00:54.735+01:00 INFO : Filtering template 57/96 segment 8/15
2026-09-06T20:00:54.744+01:00 INFO : Filtering template 57/96 segment 9/15
2026-09-06T20:00:54.753+01:00 INFO : 1 points above threshold
2026-09-06T20:00:54.755+01:00 INFO : Filtering template 57/96 segment 10/15
2026-09-06T20:00:54.764+01:00 INFO : 1 points above threshold
2026-09-06T20:00:54.767+01:00 INFO : Filtering template 57/96 segment 11/15
2026-09-06T20:00:54.775+01:00 INFO : 1 points above threshold
2026-09-06T20:00:54.778+01:00 INFO : Filtering template 57/96 segment 12/15
2026-09-06T20:00:54.786+01:00 INFO : Filtering template 57/96 segment 13/15
2026-09-06T20:00:54.795+01:00 INFO : Filtering template 57/96 segment 14/15
2026-09-06T20:00:54.803+01:00 INFO : Filtering template 57/96 segment 15/15
2026-09-06T20:00:54.812+01:00 INFO : 57: generating IMRPhenomD from 30.0 Hz
2026-09-06T20:00:54.815+01:00 INFO : Decompressing waveform using inline_linear
2026-09-06T20:00:54.817+01:00 INFO : Filtering template 58/96 segment 1/15
2026-09-06T20:00:54.827+01:00 INFO : 1 points above threshold
2026-09-06T20:00:54.835+01:00 INFO : Filtering template 58/96 segment 2/15
2026-09-06T20:00:54.844+01:00 INFO : Filtering template 58/96 segment 3/15
2026-09-06T20:00:54.852+01:00 INFO : Filtering template 58/96 segment 4/15
2026-09-06T20:00:54.861+01:00 INFO : Filtering template 58/96 segment 5/15
2026-09-06T20:00:54.870+01:00 INFO : Filtering template 58/96 segment 6/15
2026-09-06T20:00:54.878+01:00 INFO : 2 points above threshold
2026-09-06T20:00:54.882+01:00 INFO : Filtering template 58/96 segment 7/15
2026-09-06T20:00:54.890+01:00 INFO : Filtering template 58/96 segment 8/15
2026-09-06T20:00:54.899+01:00 INFO : 1 points above threshold
2026-09-06T20:00:54.902+01:00 INFO : Filtering template 58/96 segment 9/15
2026-09-06T20:00:54.910+01:00 INFO : Filtering template 58/96 segment 10/15
2026-09-06T20:00:54.919+01:00 INFO : 1 points above threshold
2026-09-06T20:00:54.922+01:00 INFO : Filtering template 58/96 segment 11/15
2026-09-06T20:00:54.930+01:00 INFO : Filtering template 58/96 segment 12/15
2026-09-06T20:00:54.939+01:00 INFO : Filtering template 58/96 segment 13/15
2026-09-06T20:00:54.947+01:00 INFO : 1 points above threshold
2026-09-06T20:00:54.950+01:00 INFO : Filtering template 58/96 segment 14/15
2026-09-06T20:00:54.958+01:00 INFO : 1 points above threshold
2026-09-06T20:00:54.961+01:00 INFO : Filtering template 58/96 segment 15/15
2026-09-06T20:00:54.970+01:00 INFO : 58: generating IMRPhenomD from 30.0 Hz
2026-09-06T20:00:54.972+01:00 INFO : Decompressing waveform using inline_linear
2026-09-06T20:00:54.975+01:00 INFO : Filtering template 59/96 segment 1/15
2026-09-06T20:00:54.984+01:00 INFO : Filtering template 59/96 segment 2/15
2026-09-06T20:00:54.993+01:00 INFO : Filtering template 59/96 segment 3/15
2026-09-06T20:00:55.001+01:00 INFO : 1 points above threshold
2026-09-06T20:00:55.010+01:00 INFO : Filtering template 59/96 segment 4/15
2026-09-06T20:00:55.018+01:00 INFO : 1 points above threshold
2026-09-06T20:00:55.021+01:00 INFO : Filtering template 59/96 segment 5/15
2026-09-06T20:00:55.030+01:00 INFO : Filtering template 59/96 segment 6/15
2026-09-06T20:00:55.038+01:00 INFO : 1 points above threshold
2026-09-06T20:00:55.041+01:00 INFO : Filtering template 59/96 segment 7/15
2026-09-06T20:00:55.049+01:00 INFO : 2 points above threshold
2026-09-06T20:00:55.053+01:00 INFO : Filtering template 59/96 segment 8/15
2026-09-06T20:00:55.061+01:00 INFO : Filtering template 59/96 segment 9/15
2026-09-06T20:00:55.070+01:00 INFO : Filtering template 59/96 segment 10/15
2026-09-06T20:00:55.079+01:00 INFO : Filtering template 59/96 segment 11/15
2026-09-06T20:00:55.087+01:00 INFO : 1 points above threshold
2026-09-06T20:00:55.090+01:00 INFO : Filtering template 59/96 segment 12/15
2026-09-06T20:00:55.099+01:00 INFO : Filtering template 59/96 segment 13/15
2026-09-06T20:00:55.108+01:00 INFO : Filtering template 59/96 segment 14/15
2026-09-06T20:00:55.116+01:00 INFO : Filtering template 59/96 segment 15/15
2026-09-06T20:00:55.125+01:00 INFO : 59: generating IMRPhenomD from 30.0 Hz
2026-09-06T20:00:55.127+01:00 INFO : Decompressing waveform using inline_linear
2026-09-06T20:00:55.130+01:00 INFO : Filtering template 60/96 segment 1/15
2026-09-06T20:00:55.139+01:00 INFO : Filtering template 60/96 segment 2/15
2026-09-06T20:00:55.148+01:00 INFO : Filtering template 60/96 segment 3/15
2026-09-06T20:00:55.156+01:00 INFO : Filtering template 60/96 segment 4/15
2026-09-06T20:00:55.165+01:00 INFO : Filtering template 60/96 segment 5/15
2026-09-06T20:00:55.174+01:00 INFO : Filtering template 60/96 segment 6/15
2026-09-06T20:00:55.182+01:00 INFO : Filtering template 60/96 segment 7/15
2026-09-06T20:00:55.191+01:00 INFO : Filtering template 60/96 segment 8/15
2026-09-06T20:00:55.199+01:00 INFO : Filtering template 60/96 segment 9/15
2026-09-06T20:00:55.208+01:00 INFO : 1 points above threshold
2026-09-06T20:00:55.216+01:00 INFO : Filtering template 60/96 segment 10/15
2026-09-06T20:00:55.225+01:00 INFO : Filtering template 60/96 segment 11/15
2026-09-06T20:00:55.234+01:00 INFO : 1 points above threshold
2026-09-06T20:00:55.236+01:00 INFO : Filtering template 60/96 segment 12/15
2026-09-06T20:00:55.245+01:00 INFO : 1 points above threshold
2026-09-06T20:00:55.247+01:00 INFO : Filtering template 60/96 segment 13/15
2026-09-06T20:00:55.256+01:00 INFO : Filtering template 60/96 segment 14/15
2026-09-06T20:00:55.264+01:00 INFO : Filtering template 60/96 segment 15/15
2026-09-06T20:00:55.273+01:00 INFO : 60: generating IMRPhenomD from 30.0 Hz
2026-09-06T20:00:55.275+01:00 INFO : Decompressing waveform using inline_linear
2026-09-06T20:00:55.278+01:00 INFO : Filtering template 61/96 segment 1/15
2026-09-06T20:00:55.288+01:00 INFO : Filtering template 61/96 segment 2/15
2026-09-06T20:00:55.296+01:00 INFO : Filtering template 61/96 segment 3/15
2026-09-06T20:00:55.305+01:00 INFO : Filtering template 61/96 segment 4/15
2026-09-06T20:00:55.313+01:00 INFO : 1 points above threshold
2026-09-06T20:00:55.322+01:00 INFO : Filtering template 61/96 segment 5/15
2026-09-06T20:00:55.330+01:00 INFO : Filtering template 61/96 segment 6/15
2026-09-06T20:00:55.339+01:00 INFO : 1 points above threshold
2026-09-06T20:00:55.342+01:00 INFO : Filtering template 61/96 segment 7/15
2026-09-06T20:00:55.350+01:00 INFO : 1 points above threshold
2026-09-06T20:00:55.353+01:00 INFO : Filtering template 61/96 segment 8/15
2026-09-06T20:00:55.362+01:00 INFO : Filtering template 61/96 segment 9/15
2026-09-06T20:00:55.370+01:00 INFO : Filtering template 61/96 segment 10/15
2026-09-06T20:00:55.379+01:00 INFO : Filtering template 61/96 segment 11/15
2026-09-06T20:00:55.387+01:00 INFO : 1 points above threshold
2026-09-06T20:00:55.390+01:00 INFO : Filtering template 61/96 segment 12/15
2026-09-06T20:00:55.399+01:00 INFO : Filtering template 61/96 segment 13/15
2026-09-06T20:00:55.407+01:00 INFO : Filtering template 61/96 segment 14/15
2026-09-06T20:00:55.416+01:00 INFO : Filtering template 61/96 segment 15/15
2026-09-06T20:00:55.425+01:00 INFO : 61: generating IMRPhenomD from 30.0 Hz
2026-09-06T20:00:55.427+01:00 INFO : Decompressing waveform using inline_linear
2026-09-06T20:00:55.429+01:00 INFO : Filtering template 62/96 segment 1/15
2026-09-06T20:00:55.439+01:00 INFO : 1 points above threshold
2026-09-06T20:00:55.447+01:00 INFO : Filtering template 62/96 segment 2/15
2026-09-06T20:00:55.456+01:00 INFO : 1 points above threshold
2026-09-06T20:00:55.458+01:00 INFO : Filtering template 62/96 segment 3/15
2026-09-06T20:00:55.467+01:00 INFO : Filtering template 62/96 segment 4/15
2026-09-06T20:00:55.476+01:00 INFO : Filtering template 62/96 segment 5/15
2026-09-06T20:00:55.484+01:00 INFO : Filtering template 62/96 segment 6/15
2026-09-06T20:00:55.493+01:00 INFO : Filtering template 62/96 segment 7/15
2026-09-06T20:00:55.501+01:00 INFO : Filtering template 62/96 segment 8/15
2026-09-06T20:00:55.510+01:00 INFO : Filtering template 62/96 segment 9/15
2026-09-06T20:00:55.519+01:00 INFO : Filtering template 62/96 segment 10/15
2026-09-06T20:00:55.527+01:00 INFO : 1 points above threshold
2026-09-06T20:00:55.530+01:00 INFO : Filtering template 62/96 segment 11/15
2026-09-06T20:00:55.538+01:00 INFO : 3 points above threshold
2026-09-06T20:00:55.543+01:00 INFO : Filtering template 62/96 segment 12/15
2026-09-06T20:00:55.552+01:00 INFO : 1 points above threshold
2026-09-06T20:00:55.554+01:00 INFO : Filtering template 62/96 segment 13/15
2026-09-06T20:00:55.563+01:00 INFO : Filtering template 62/96 segment 14/15
2026-09-06T20:00:55.571+01:00 INFO : Filtering template 62/96 segment 15/15
2026-09-06T20:00:55.580+01:00 INFO : 62: generating IMRPhenomD from 30.0 Hz
2026-09-06T20:00:55.582+01:00 INFO : Decompressing waveform using inline_linear
2026-09-06T20:00:55.585+01:00 INFO : Filtering template 63/96 segment 1/15
2026-09-06T20:00:55.595+01:00 INFO : Filtering template 63/96 segment 2/15
2026-09-06T20:00:55.603+01:00 INFO : Filtering template 63/96 segment 3/15
2026-09-06T20:00:55.612+01:00 INFO : Filtering template 63/96 segment 4/15
2026-09-06T20:00:55.620+01:00 INFO : 1 points above threshold
2026-09-06T20:00:55.629+01:00 INFO : Filtering template 63/96 segment 5/15
2026-09-06T20:00:55.637+01:00 INFO : Filtering template 63/96 segment 6/15
2026-09-06T20:00:55.646+01:00 INFO : Filtering template 63/96 segment 7/15
2026-09-06T20:00:55.655+01:00 INFO : Filtering template 63/96 segment 8/15
2026-09-06T20:00:55.663+01:00 INFO : 2 points above threshold
2026-09-06T20:00:55.667+01:00 INFO : Filtering template 63/96 segment 9/15
2026-09-06T20:00:55.675+01:00 INFO : Filtering template 63/96 segment 10/15
2026-09-06T20:00:55.684+01:00 INFO : Filtering template 63/96 segment 11/15
2026-09-06T20:00:55.693+01:00 INFO : Filtering template 63/96 segment 12/15
2026-09-06T20:00:55.701+01:00 INFO : 1 points above threshold
2026-09-06T20:00:55.704+01:00 INFO : Filtering template 63/96 segment 13/15
2026-09-06T20:00:55.712+01:00 INFO : 1 points above threshold
2026-09-06T20:00:55.715+01:00 INFO : Filtering template 63/96 segment 14/15
2026-09-06T20:00:55.724+01:00 INFO : Filtering template 63/96 segment 15/15
2026-09-06T20:00:55.732+01:00 INFO : 63: generating IMRPhenomD from 30.0 Hz
2026-09-06T20:00:55.735+01:00 INFO : Decompressing waveform using inline_linear
2026-09-06T20:00:55.737+01:00 INFO : Filtering template 64/96 segment 1/15
2026-09-06T20:00:55.747+01:00 INFO : Filtering template 64/96 segment 2/15
2026-09-06T20:00:55.755+01:00 INFO : Filtering template 64/96 segment 3/15
2026-09-06T20:00:55.764+01:00 INFO : 2 points above threshold
2026-09-06T20:00:55.773+01:00 INFO : Filtering template 64/96 segment 4/15
2026-09-06T20:00:55.782+01:00 INFO : Filtering template 64/96 segment 5/15
2026-09-06T20:00:55.790+01:00 INFO : Filtering template 64/96 segment 6/15
2026-09-06T20:00:55.799+01:00 INFO : 1 points above threshold
2026-09-06T20:00:55.802+01:00 INFO : Filtering template 64/96 segment 7/15
2026-09-06T20:00:55.810+01:00 INFO : Filtering template 64/96 segment 8/15
2026-09-06T20:00:55.819+01:00 INFO : Filtering template 64/96 segment 9/15
2026-09-06T20:00:55.828+01:00 INFO : Filtering template 64/96 segment 10/15
2026-09-06T20:00:55.836+01:00 INFO : Filtering template 64/96 segment 11/15
2026-09-06T20:00:55.845+01:00 INFO : Filtering template 64/96 segment 12/15
2026-09-06T20:00:55.853+01:00 INFO : Filtering template 64/96 segment 13/15
2026-09-06T20:00:55.862+01:00 INFO : Filtering template 64/96 segment 14/15
2026-09-06T20:00:55.871+01:00 INFO : Filtering template 64/96 segment 15/15
2026-09-06T20:00:55.880+01:00 INFO : 64: generating IMRPhenomD from 30.0 Hz
2026-09-06T20:00:55.882+01:00 INFO : Decompressing waveform using inline_linear
2026-09-06T20:00:55.884+01:00 INFO : Filtering template 65/96 segment 1/15
2026-09-06T20:00:55.894+01:00 INFO : 1 points above threshold
2026-09-06T20:00:55.903+01:00 INFO : Filtering template 65/96 segment 2/15
2026-09-06T20:00:55.912+01:00 INFO : Filtering template 65/96 segment 3/15
2026-09-06T20:00:55.920+01:00 INFO : 1 points above threshold
2026-09-06T20:00:55.923+01:00 INFO : Filtering template 65/96 segment 4/15
2026-09-06T20:00:55.931+01:00 INFO : 1 points above threshold
2026-09-06T20:00:55.934+01:00 INFO : Filtering template 65/96 segment 5/15
2026-09-06T20:00:55.943+01:00 INFO : Filtering template 65/96 segment 6/15
2026-09-06T20:00:55.951+01:00 INFO : 1 points above threshold
2026-09-06T20:00:55.954+01:00 INFO : Filtering template 65/96 segment 7/15
2026-09-06T20:00:55.962+01:00 INFO : 1 points above threshold
2026-09-06T20:00:55.965+01:00 INFO : Filtering template 65/96 segment 8/15
2026-09-06T20:00:55.973+01:00 INFO : Filtering template 65/96 segment 9/15
2026-09-06T20:00:55.982+01:00 INFO : Filtering template 65/96 segment 10/15
2026-09-06T20:00:55.991+01:00 INFO : 1 points above threshold
2026-09-06T20:00:55.993+01:00 INFO : Filtering template 65/96 segment 11/15
2026-09-06T20:00:56.002+01:00 INFO : Filtering template 65/96 segment 12/15
2026-09-06T20:00:56.010+01:00 INFO : 1 points above threshold
2026-09-06T20:00:56.013+01:00 INFO : Filtering template 65/96 segment 13/15
2026-09-06T20:00:56.022+01:00 INFO : Filtering template 65/96 segment 14/15
2026-09-06T20:00:56.030+01:00 INFO : Filtering template 65/96 segment 15/15
2026-09-06T20:00:56.039+01:00 INFO : 65: generating IMRPhenomD from 30.0 Hz
2026-09-06T20:00:56.041+01:00 INFO : Decompressing waveform using inline_linear
2026-09-06T20:00:56.044+01:00 INFO : Filtering template 66/96 segment 1/15
2026-09-06T20:00:56.053+01:00 INFO : Filtering template 66/96 segment 2/15
2026-09-06T20:00:56.062+01:00 INFO : 1 points above threshold
2026-09-06T20:00:56.070+01:00 INFO : Filtering template 66/96 segment 3/15
2026-09-06T20:00:56.079+01:00 INFO : Filtering template 66/96 segment 4/15
2026-09-06T20:00:56.087+01:00 INFO : 1 points above threshold
2026-09-06T20:00:56.090+01:00 INFO : Filtering template 66/96 segment 5/15
2026-09-06T20:00:56.099+01:00 INFO : Filtering template 66/96 segment 6/15
2026-09-06T20:00:56.107+01:00 INFO : Filtering template 66/96 segment 7/15
2026-09-06T20:00:56.116+01:00 INFO : 2 points above threshold
2026-09-06T20:00:56.120+01:00 INFO : Filtering template 66/96 segment 8/15
2026-09-06T20:00:56.128+01:00 INFO : Filtering template 66/96 segment 9/15
2026-09-06T20:00:56.137+01:00 INFO : Filtering template 66/96 segment 10/15
2026-09-06T20:00:56.145+01:00 INFO : Filtering template 66/96 segment 11/15
2026-09-06T20:00:56.154+01:00 INFO : 1 points above threshold
2026-09-06T20:00:56.157+01:00 INFO : Filtering template 66/96 segment 12/15
2026-09-06T20:00:56.165+01:00 INFO : Filtering template 66/96 segment 13/15
2026-09-06T20:00:56.174+01:00 INFO : Filtering template 66/96 segment 14/15
2026-09-06T20:00:56.182+01:00 INFO : Filtering template 66/96 segment 15/15
2026-09-06T20:00:56.191+01:00 INFO : 66: generating IMRPhenomD from 30.0 Hz
2026-09-06T20:00:56.193+01:00 INFO : Decompressing waveform using inline_linear
2026-09-06T20:00:56.196+01:00 INFO : Filtering template 67/96 segment 1/15
2026-09-06T20:00:56.206+01:00 INFO : 2 points above threshold
2026-09-06T20:00:56.215+01:00 INFO : Filtering template 67/96 segment 2/15
2026-09-06T20:00:56.224+01:00 INFO : 1 points above threshold
2026-09-06T20:00:56.226+01:00 INFO : Filtering template 67/96 segment 3/15
2026-09-06T20:00:56.235+01:00 INFO : Filtering template 67/96 segment 4/15
2026-09-06T20:00:56.243+01:00 INFO : Filtering template 67/96 segment 5/15
2026-09-06T20:00:56.252+01:00 INFO : Filtering template 67/96 segment 6/15
2026-09-06T20:00:56.260+01:00 INFO : Filtering template 67/96 segment 7/15
2026-09-06T20:00:56.269+01:00 INFO : 1 points above threshold
2026-09-06T20:00:56.272+01:00 INFO : Filtering template 67/96 segment 8/15
2026-09-06T20:00:56.280+01:00 INFO : Filtering template 67/96 segment 9/15
2026-09-06T20:00:56.289+01:00 INFO : Filtering template 67/96 segment 10/15
2026-09-06T20:00:56.297+01:00 INFO : Filtering template 67/96 segment 11/15
2026-09-06T20:00:56.306+01:00 INFO : Filtering template 67/96 segment 12/15
2026-09-06T20:00:56.315+01:00 INFO : Filtering template 67/96 segment 13/15
2026-09-06T20:00:56.323+01:00 INFO : Filtering template 67/96 segment 14/15
2026-09-06T20:00:56.332+01:00 INFO : Filtering template 67/96 segment 15/15
2026-09-06T20:00:56.340+01:00 INFO : 67: generating IMRPhenomD from 30.0 Hz
2026-09-06T20:00:56.343+01:00 INFO : Decompressing waveform using inline_linear
2026-09-06T20:00:56.345+01:00 INFO : Filtering template 68/96 segment 1/15
2026-09-06T20:00:56.355+01:00 INFO : 2 points above threshold
2026-09-06T20:00:56.364+01:00 INFO : Filtering template 68/96 segment 2/15
2026-09-06T20:00:56.373+01:00 INFO : Filtering template 68/96 segment 3/15
2026-09-06T20:00:56.381+01:00 INFO : Filtering template 68/96 segment 4/15
2026-09-06T20:00:56.390+01:00 INFO : 1 points above threshold
2026-09-06T20:00:56.393+01:00 INFO : Filtering template 68/96 segment 5/15
2026-09-06T20:00:56.401+01:00 INFO : Filtering template 68/96 segment 6/15
2026-09-06T20:00:56.410+01:00 INFO : Filtering template 68/96 segment 7/15
2026-09-06T20:00:56.418+01:00 INFO : 1 points above threshold
2026-09-06T20:00:56.421+01:00 INFO : Filtering template 68/96 segment 8/15
2026-09-06T20:00:56.429+01:00 INFO : Filtering template 68/96 segment 9/15
2026-09-06T20:00:56.438+01:00 INFO : Filtering template 68/96 segment 10/15
2026-09-06T20:00:56.447+01:00 INFO : Filtering template 68/96 segment 11/15
2026-09-06T20:00:56.455+01:00 INFO : Filtering template 68/96 segment 12/15
2026-09-06T20:00:56.464+01:00 INFO : 1 points above threshold
2026-09-06T20:00:56.466+01:00 INFO : Filtering template 68/96 segment 13/15
2026-09-06T20:00:56.475+01:00 INFO : 1 points above threshold
2026-09-06T20:00:56.478+01:00 INFO : Filtering template 68/96 segment 14/15
2026-09-06T20:00:56.486+01:00 INFO : Filtering template 68/96 segment 15/15
2026-09-06T20:00:56.495+01:00 INFO : 68: generating IMRPhenomD from 30.0 Hz
2026-09-06T20:00:56.497+01:00 INFO : Decompressing waveform using inline_linear
2026-09-06T20:00:56.499+01:00 INFO : Filtering template 69/96 segment 1/15
2026-09-06T20:00:56.509+01:00 INFO : Filtering template 69/96 segment 2/15
2026-09-06T20:00:56.518+01:00 INFO : Filtering template 69/96 segment 3/15
2026-09-06T20:00:56.526+01:00 INFO : Filtering template 69/96 segment 4/15
2026-09-06T20:00:56.535+01:00 INFO : Filtering template 69/96 segment 5/15
2026-09-06T20:00:56.543+01:00 INFO : Filtering template 69/96 segment 6/15
2026-09-06T20:00:56.552+01:00 INFO : Filtering template 69/96 segment 7/15
2026-09-06T20:00:56.560+01:00 INFO : 1 points above threshold
2026-09-06T20:00:56.569+01:00 INFO : Filtering template 69/96 segment 8/15
2026-09-06T20:00:56.577+01:00 INFO : Filtering template 69/96 segment 9/15
2026-09-06T20:00:56.586+01:00 INFO : Filtering template 69/96 segment 10/15
2026-09-06T20:00:56.594+01:00 INFO : Filtering template 69/96 segment 11/15
2026-09-06T20:00:56.603+01:00 INFO : 1 points above threshold
2026-09-06T20:00:56.606+01:00 INFO : Filtering template 69/96 segment 12/15
2026-09-06T20:00:56.614+01:00 INFO : Filtering template 69/96 segment 13/15
2026-09-06T20:00:56.623+01:00 INFO : Filtering template 69/96 segment 14/15
2026-09-06T20:00:56.631+01:00 INFO : Filtering template 69/96 segment 15/15
2026-09-06T20:00:56.640+01:00 INFO : 69: generating IMRPhenomD from 30.0 Hz
2026-09-06T20:00:56.642+01:00 INFO : Decompressing waveform using inline_linear
2026-09-06T20:00:56.645+01:00 INFO : Filtering template 70/96 segment 1/15
2026-09-06T20:00:56.655+01:00 INFO : 1 points above threshold
2026-09-06T20:00:56.663+01:00 INFO : Filtering template 70/96 segment 2/15
2026-09-06T20:00:56.672+01:00 INFO : Filtering template 70/96 segment 3/15
2026-09-06T20:00:56.680+01:00 INFO : 1 points above threshold
2026-09-06T20:00:56.683+01:00 INFO : Filtering template 70/96 segment 4/15
2026-09-06T20:00:56.691+01:00 INFO : 2 points above threshold
2026-09-06T20:00:56.695+01:00 INFO : Filtering template 70/96 segment 5/15
2026-09-06T20:00:56.703+01:00 INFO : Filtering template 70/96 segment 6/15
2026-09-06T20:00:56.712+01:00 INFO : Filtering template 70/96 segment 7/15
2026-09-06T20:00:56.721+01:00 INFO : Filtering template 70/96 segment 8/15
2026-09-06T20:00:56.729+01:00 INFO : Filtering template 70/96 segment 9/15
2026-09-06T20:00:56.738+01:00 INFO : Filtering template 70/96 segment 10/15
2026-09-06T20:00:56.746+01:00 INFO : Filtering template 70/96 segment 11/15
2026-09-06T20:00:56.755+01:00 INFO : 2 points above threshold
2026-09-06T20:00:56.758+01:00 INFO : Filtering template 70/96 segment 12/15
2026-09-06T20:00:56.767+01:00 INFO : Filtering template 70/96 segment 13/15
2026-09-06T20:00:56.775+01:00 INFO : 1 points above threshold
2026-09-06T20:00:56.778+01:00 INFO : Filtering template 70/96 segment 14/15
2026-09-06T20:00:56.787+01:00 INFO : 1 points above threshold
2026-09-06T20:00:56.789+01:00 INFO : Filtering template 70/96 segment 15/15
2026-09-06T20:00:56.798+01:00 INFO : 70: generating IMRPhenomD from 30.0 Hz
2026-09-06T20:00:56.800+01:00 INFO : Decompressing waveform using inline_linear
2026-09-06T20:00:56.803+01:00 INFO : Filtering template 71/96 segment 1/15
2026-09-06T20:00:56.813+01:00 INFO : Filtering template 71/96 segment 2/15
2026-09-06T20:00:56.822+01:00 INFO : Filtering template 71/96 segment 3/15
2026-09-06T20:00:56.830+01:00 INFO : Filtering template 71/96 segment 4/15
2026-09-06T20:00:56.839+01:00 INFO : Filtering template 71/96 segment 5/15
2026-09-06T20:00:56.847+01:00 INFO : Filtering template 71/96 segment 6/15
2026-09-06T20:00:56.856+01:00 INFO : 1 points above threshold
2026-09-06T20:00:56.864+01:00 INFO : Filtering template 71/96 segment 7/15
2026-09-06T20:00:56.873+01:00 INFO : Filtering template 71/96 segment 8/15
2026-09-06T20:00:56.882+01:00 INFO : Filtering template 71/96 segment 9/15
2026-09-06T20:00:56.890+01:00 INFO : 1 points above threshold
2026-09-06T20:00:56.893+01:00 INFO : Filtering template 71/96 segment 10/15
2026-09-06T20:00:56.902+01:00 INFO : Filtering template 71/96 segment 11/15
2026-09-06T20:00:56.911+01:00 INFO : 1 points above threshold
2026-09-06T20:00:56.913+01:00 INFO : Filtering template 71/96 segment 12/15
2026-09-06T20:00:56.922+01:00 INFO : 2 points above threshold
2026-09-06T20:00:56.925+01:00 INFO : Filtering template 71/96 segment 13/15
2026-09-06T20:00:56.934+01:00 INFO : Filtering template 71/96 segment 14/15
2026-09-06T20:00:56.942+01:00 INFO : Filtering template 71/96 segment 15/15
2026-09-06T20:00:56.951+01:00 INFO : 71: generating IMRPhenomD from 30.0 Hz
2026-09-06T20:00:56.953+01:00 INFO : Decompressing waveform using inline_linear
2026-09-06T20:00:56.956+01:00 INFO : Filtering template 72/96 segment 1/15
2026-09-06T20:00:56.966+01:00 INFO : Filtering template 72/96 segment 2/15
2026-09-06T20:00:56.974+01:00 INFO : 1 points above threshold
2026-09-06T20:00:56.982+01:00 INFO : Filtering template 72/96 segment 3/15
2026-09-06T20:00:56.991+01:00 INFO : 1 points above threshold
2026-09-06T20:00:56.994+01:00 INFO : Filtering template 72/96 segment 4/15
2026-09-06T20:00:57.002+01:00 INFO : Filtering template 72/96 segment 5/15
2026-09-06T20:00:57.011+01:00 INFO : Filtering template 72/96 segment 6/15
2026-09-06T20:00:57.019+01:00 INFO : 1 points above threshold
2026-09-06T20:00:57.022+01:00 INFO : Filtering template 72/96 segment 7/15
2026-09-06T20:00:57.031+01:00 INFO : Filtering template 72/96 segment 8/15
2026-09-06T20:00:57.039+01:00 INFO : Filtering template 72/96 segment 9/15
2026-09-06T20:00:57.048+01:00 INFO : 1 points above threshold
2026-09-06T20:00:57.051+01:00 INFO : Filtering template 72/96 segment 10/15
2026-09-06T20:00:57.059+01:00 INFO : 1 points above threshold
2026-09-06T20:00:57.062+01:00 INFO : Filtering template 72/96 segment 11/15
2026-09-06T20:00:57.070+01:00 INFO : 1 points above threshold
2026-09-06T20:00:57.073+01:00 INFO : Filtering template 72/96 segment 12/15
2026-09-06T20:00:57.081+01:00 INFO : 1 points above threshold
2026-09-06T20:00:57.084+01:00 INFO : Filtering template 72/96 segment 13/15
2026-09-06T20:00:57.093+01:00 INFO : 2 points above threshold
2026-09-06T20:00:57.096+01:00 INFO : Filtering template 72/96 segment 14/15
2026-09-06T20:00:57.105+01:00 INFO : 1 points above threshold
2026-09-06T20:00:57.108+01:00 INFO : Filtering template 72/96 segment 15/15
2026-09-06T20:00:57.116+01:00 INFO : 72: generating IMRPhenomD from 30.0 Hz
2026-09-06T20:00:57.118+01:00 INFO : Decompressing waveform using inline_linear
2026-09-06T20:00:57.121+01:00 INFO : Filtering template 73/96 segment 1/15
2026-09-06T20:00:57.131+01:00 INFO : Filtering template 73/96 segment 2/15
2026-09-06T20:00:57.139+01:00 INFO : Filtering template 73/96 segment 3/15
2026-09-06T20:00:57.148+01:00 INFO : 1 points above threshold
2026-09-06T20:00:57.156+01:00 INFO : Filtering template 73/96 segment 4/15
2026-09-06T20:00:57.165+01:00 INFO : Filtering template 73/96 segment 5/15
2026-09-06T20:00:57.174+01:00 INFO : Filtering template 73/96 segment 6/15
2026-09-06T20:00:57.182+01:00 INFO : 1 points above threshold
2026-09-06T20:00:57.185+01:00 INFO : Filtering template 73/96 segment 7/15
2026-09-06T20:00:57.193+01:00 INFO : 1 points above threshold
2026-09-06T20:00:57.196+01:00 INFO : Filtering template 73/96 segment 8/15
2026-09-06T20:00:57.205+01:00 INFO : Filtering template 73/96 segment 9/15
2026-09-06T20:00:57.213+01:00 INFO : Filtering template 73/96 segment 10/15
2026-09-06T20:00:57.222+01:00 INFO : Filtering template 73/96 segment 11/15
2026-09-06T20:00:57.231+01:00 INFO : Filtering template 73/96 segment 12/15
2026-09-06T20:00:57.239+01:00 INFO : Filtering template 73/96 segment 13/15
2026-09-06T20:00:57.248+01:00 INFO : Filtering template 73/96 segment 14/15
2026-09-06T20:00:57.256+01:00 INFO : 1 points above threshold
2026-09-06T20:00:57.259+01:00 INFO : Filtering template 73/96 segment 15/15
2026-09-06T20:00:57.268+01:00 INFO : 73: generating IMRPhenomD from 30.0 Hz
2026-09-06T20:00:57.271+01:00 INFO : Decompressing waveform using inline_linear
2026-09-06T20:00:57.273+01:00 INFO : Filtering template 74/96 segment 1/15
2026-09-06T20:00:57.284+01:00 INFO : 2 points above threshold
2026-09-06T20:00:57.293+01:00 INFO : Filtering template 74/96 segment 2/15
2026-09-06T20:00:57.302+01:00 INFO : Filtering template 74/96 segment 3/15
2026-09-06T20:00:57.311+01:00 INFO : 1 points above threshold
2026-09-06T20:00:57.314+01:00 INFO : Filtering template 74/96 segment 4/15
2026-09-06T20:00:57.324+01:00 INFO : Filtering template 74/96 segment 5/15
2026-09-06T20:00:57.333+01:00 INFO : Filtering template 74/96 segment 6/15
2026-09-06T20:00:57.342+01:00 INFO : 3 points above threshold
2026-09-06T20:00:57.348+01:00 INFO : Filtering template 74/96 segment 7/15
2026-09-06T20:00:57.358+01:00 INFO : Filtering template 74/96 segment 8/15
2026-09-06T20:00:57.368+01:00 INFO : Filtering template 74/96 segment 9/15
2026-09-06T20:00:57.377+01:00 INFO : Filtering template 74/96 segment 10/15
2026-09-06T20:00:57.386+01:00 INFO : Filtering template 74/96 segment 11/15
2026-09-06T20:00:57.395+01:00 INFO : 1 points above threshold
2026-09-06T20:00:57.397+01:00 INFO : Filtering template 74/96 segment 12/15
2026-09-06T20:00:57.406+01:00 INFO : Filtering template 74/96 segment 13/15
2026-09-06T20:00:57.415+01:00 INFO : Filtering template 74/96 segment 14/15
2026-09-06T20:00:57.423+01:00 INFO : Filtering template 74/96 segment 15/15
2026-09-06T20:00:57.432+01:00 INFO : 74: generating IMRPhenomD from 30.0 Hz
2026-09-06T20:00:57.434+01:00 INFO : Decompressing waveform using inline_linear
2026-09-06T20:00:57.437+01:00 INFO : Filtering template 75/96 segment 1/15
2026-09-06T20:00:57.446+01:00 INFO : Filtering template 75/96 segment 2/15
2026-09-06T20:00:57.455+01:00 INFO : Filtering template 75/96 segment 3/15
2026-09-06T20:00:57.463+01:00 INFO : Filtering template 75/96 segment 4/15
2026-09-06T20:00:57.472+01:00 INFO : Filtering template 75/96 segment 5/15
2026-09-06T20:00:57.481+01:00 INFO : Filtering template 75/96 segment 6/15
2026-09-06T20:00:57.489+01:00 INFO : 1 points above threshold
2026-09-06T20:00:57.498+01:00 INFO : Filtering template 75/96 segment 7/15
2026-09-06T20:00:57.506+01:00 INFO : 2 points above threshold
2026-09-06T20:00:57.510+01:00 INFO : Filtering template 75/96 segment 8/15
2026-09-06T20:00:57.518+01:00 INFO : Filtering template 75/96 segment 9/15
2026-09-06T20:00:57.527+01:00 INFO : Filtering template 75/96 segment 10/15
2026-09-06T20:00:57.536+01:00 INFO : Filtering template 75/96 segment 11/15
2026-09-06T20:00:57.544+01:00 INFO : Filtering template 75/96 segment 12/15
2026-09-06T20:00:57.553+01:00 INFO : Filtering template 75/96 segment 13/15
2026-09-06T20:00:57.561+01:00 INFO : 2 points above threshold
2026-09-06T20:00:57.565+01:00 INFO : Filtering template 75/96 segment 14/15
2026-09-06T20:00:57.574+01:00 INFO : Filtering template 75/96 segment 15/15
2026-09-06T20:00:57.582+01:00 INFO : 75: generating IMRPhenomD from 30.0 Hz
2026-09-06T20:00:57.584+01:00 INFO : Decompressing waveform using inline_linear
2026-09-06T20:00:57.587+01:00 INFO : Filtering template 76/96 segment 1/15
2026-09-06T20:00:57.597+01:00 INFO : Filtering template 76/96 segment 2/15
2026-09-06T20:00:57.605+01:00 INFO : 1 points above threshold
2026-09-06T20:00:57.613+01:00 INFO : Filtering template 76/96 segment 3/15
2026-09-06T20:00:57.622+01:00 INFO : Filtering template 76/96 segment 4/15
2026-09-06T20:00:57.631+01:00 INFO : Filtering template 76/96 segment 5/15
2026-09-06T20:00:57.639+01:00 INFO : Filtering template 76/96 segment 6/15
2026-09-06T20:00:57.648+01:00 INFO : Filtering template 76/96 segment 7/15
2026-09-06T20:00:57.656+01:00 INFO : 1 points above threshold
2026-09-06T20:00:57.659+01:00 INFO : Filtering template 76/96 segment 8/15
2026-09-06T20:00:57.668+01:00 INFO : Filtering template 76/96 segment 9/15
2026-09-06T20:00:57.676+01:00 INFO : Filtering template 76/96 segment 10/15
2026-09-06T20:00:57.685+01:00 INFO : Filtering template 76/96 segment 11/15
2026-09-06T20:00:57.694+01:00 INFO : Filtering template 76/96 segment 12/15
2026-09-06T20:00:57.702+01:00 INFO : Filtering template 76/96 segment 13/15
2026-09-06T20:00:57.711+01:00 INFO : 2 points above threshold
2026-09-06T20:00:57.714+01:00 INFO : Filtering template 76/96 segment 14/15
2026-09-06T20:00:57.723+01:00 INFO : Filtering template 76/96 segment 15/15
2026-09-06T20:00:57.731+01:00 INFO : 76: generating IMRPhenomD from 30.0 Hz
2026-09-06T20:00:57.734+01:00 INFO : Decompressing waveform using inline_linear
2026-09-06T20:00:57.736+01:00 INFO : Filtering template 77/96 segment 1/15
2026-09-06T20:00:57.746+01:00 INFO : Filtering template 77/96 segment 2/15
2026-09-06T20:00:57.754+01:00 INFO : Filtering template 77/96 segment 3/15
2026-09-06T20:00:57.763+01:00 INFO : Filtering template 77/96 segment 4/15
2026-09-06T20:00:57.772+01:00 INFO : Filtering template 77/96 segment 5/15
2026-09-06T20:00:57.780+01:00 INFO : 1 points above threshold
2026-09-06T20:00:57.788+01:00 INFO : Filtering template 77/96 segment 6/15
2026-09-06T20:00:57.797+01:00 INFO : Filtering template 77/96 segment 7/15
2026-09-06T20:00:57.806+01:00 INFO : Filtering template 77/96 segment 8/15
2026-09-06T20:00:57.814+01:00 INFO : Filtering template 77/96 segment 9/15
2026-09-06T20:00:57.823+01:00 INFO : Filtering template 77/96 segment 10/15
2026-09-06T20:00:57.832+01:00 INFO : Filtering template 77/96 segment 11/15
2026-09-06T20:00:57.840+01:00 INFO : Filtering template 77/96 segment 12/15
2026-09-06T20:00:57.849+01:00 INFO : 1 points above threshold
2026-09-06T20:00:57.851+01:00 INFO : Filtering template 77/96 segment 13/15
2026-09-06T20:00:57.860+01:00 INFO : Filtering template 77/96 segment 14/15
2026-09-06T20:00:57.868+01:00 INFO : Filtering template 77/96 segment 15/15
2026-09-06T20:00:57.877+01:00 INFO : 77: generating IMRPhenomD from 30.0 Hz
2026-09-06T20:00:57.879+01:00 INFO : Decompressing waveform using inline_linear
2026-09-06T20:00:57.882+01:00 INFO : Filtering template 78/96 segment 1/15
2026-09-06T20:00:57.892+01:00 INFO : Filtering template 78/96 segment 2/15
2026-09-06T20:00:57.900+01:00 INFO : Filtering template 78/96 segment 3/15
2026-09-06T20:00:57.909+01:00 INFO : Filtering template 78/96 segment 4/15
2026-09-06T20:00:57.918+01:00 INFO : Filtering template 78/96 segment 5/15
2026-09-06T20:00:57.926+01:00 INFO : Filtering template 78/96 segment 6/15
2026-09-06T20:00:57.935+01:00 INFO : Filtering template 78/96 segment 7/15
2026-09-06T20:00:57.944+01:00 INFO : Filtering template 78/96 segment 8/15
2026-09-06T20:00:57.952+01:00 INFO : Filtering template 78/96 segment 9/15
2026-09-06T20:00:57.961+01:00 INFO : Filtering template 78/96 segment 10/15
2026-09-06T20:00:57.970+01:00 INFO : Filtering template 78/96 segment 11/15
2026-09-06T20:00:57.978+01:00 INFO : Filtering template 78/96 segment 12/15
2026-09-06T20:00:57.987+01:00 INFO : 1 points above threshold
2026-09-06T20:00:57.995+01:00 INFO : Filtering template 78/96 segment 13/15
2026-09-06T20:00:58.004+01:00 INFO : Filtering template 78/96 segment 14/15
2026-09-06T20:00:58.012+01:00 INFO : Filtering template 78/96 segment 15/15
2026-09-06T20:00:58.021+01:00 INFO : 78: generating IMRPhenomD from 30.0 Hz
2026-09-06T20:00:58.023+01:00 INFO : Decompressing waveform using inline_linear
2026-09-06T20:00:58.026+01:00 INFO : Filtering template 79/96 segment 1/15
2026-09-06T20:00:58.035+01:00 INFO : 1 points above threshold
2026-09-06T20:00:58.044+01:00 INFO : Filtering template 79/96 segment 2/15
2026-09-06T20:00:58.053+01:00 INFO : Filtering template 79/96 segment 3/15
2026-09-06T20:00:58.061+01:00 INFO : 1 points above threshold
2026-09-06T20:00:58.064+01:00 INFO : Filtering template 79/96 segment 4/15
2026-09-06T20:00:58.073+01:00 INFO : Filtering template 79/96 segment 5/15
2026-09-06T20:00:58.081+01:00 INFO : Filtering template 79/96 segment 6/15
2026-09-06T20:00:58.090+01:00 INFO : Filtering template 79/96 segment 7/15
2026-09-06T20:00:58.098+01:00 INFO : 1 points above threshold
2026-09-06T20:00:58.101+01:00 INFO : Filtering template 79/96 segment 8/15
2026-09-06T20:00:58.110+01:00 INFO : Filtering template 79/96 segment 9/15
2026-09-06T20:00:58.118+01:00 INFO : Filtering template 79/96 segment 10/15
2026-09-06T20:00:58.127+01:00 INFO : Filtering template 79/96 segment 11/15
2026-09-06T20:00:58.135+01:00 INFO : Filtering template 79/96 segment 12/15
2026-09-06T20:00:58.144+01:00 INFO : 1 points above threshold
2026-09-06T20:00:58.147+01:00 INFO : Filtering template 79/96 segment 13/15
2026-09-06T20:00:58.155+01:00 INFO : 1 points above threshold
2026-09-06T20:00:58.158+01:00 INFO : Filtering template 79/96 segment 14/15
2026-09-06T20:00:58.166+01:00 INFO : 2 points above threshold
2026-09-06T20:00:58.170+01:00 INFO : Filtering template 79/96 segment 15/15
2026-09-06T20:00:58.179+01:00 INFO : 79: generating IMRPhenomD from 30.0 Hz
2026-09-06T20:00:58.181+01:00 INFO : Decompressing waveform using inline_linear
2026-09-06T20:00:58.184+01:00 INFO : Filtering template 80/96 segment 1/15
2026-09-06T20:00:58.193+01:00 INFO : Filtering template 80/96 segment 2/15
2026-09-06T20:00:58.202+01:00 INFO : Filtering template 80/96 segment 3/15
2026-09-06T20:00:58.210+01:00 INFO : 2 points above threshold
2026-09-06T20:00:58.220+01:00 INFO : Filtering template 80/96 segment 4/15
2026-09-06T20:00:58.228+01:00 INFO : Filtering template 80/96 segment 5/15
2026-09-06T20:00:58.237+01:00 INFO : 1 points above threshold
2026-09-06T20:00:58.239+01:00 INFO : Filtering template 80/96 segment 6/15
2026-09-06T20:00:58.248+01:00 INFO : Filtering template 80/96 segment 7/15
2026-09-06T20:00:58.256+01:00 INFO : 1 points above threshold
2026-09-06T20:00:58.259+01:00 INFO : Filtering template 80/96 segment 8/15
2026-09-06T20:00:58.267+01:00 INFO : Filtering template 80/96 segment 9/15
2026-09-06T20:00:58.276+01:00 INFO : Filtering template 80/96 segment 10/15
2026-09-06T20:00:58.285+01:00 INFO : Filtering template 80/96 segment 11/15
2026-09-06T20:00:58.293+01:00 INFO : Filtering template 80/96 segment 12/15
2026-09-06T20:00:58.301+01:00 INFO : Filtering template 80/96 segment 13/15
2026-09-06T20:00:58.310+01:00 INFO : Filtering template 80/96 segment 14/15
2026-09-06T20:00:58.318+01:00 INFO : 1 points above threshold
2026-09-06T20:00:58.321+01:00 INFO : Filtering template 80/96 segment 15/15
2026-09-06T20:00:58.330+01:00 INFO : 80: generating IMRPhenomD from 30.0 Hz
2026-09-06T20:00:58.332+01:00 INFO : Decompressing waveform using inline_linear
2026-09-06T20:00:58.334+01:00 INFO : Filtering template 81/96 segment 1/15
2026-09-06T20:00:58.344+01:00 INFO : Filtering template 81/96 segment 2/15
2026-09-06T20:00:58.353+01:00 INFO : 1 points above threshold
2026-09-06T20:00:58.361+01:00 INFO : Filtering template 81/96 segment 3/15
2026-09-06T20:00:58.369+01:00 INFO : Filtering template 81/96 segment 4/15
2026-09-06T20:00:58.378+01:00 INFO : 1 points above threshold
2026-09-06T20:00:58.381+01:00 INFO : Filtering template 81/96 segment 5/15
2026-09-06T20:00:58.389+01:00 INFO : 1 points above threshold
2026-09-06T20:00:58.392+01:00 INFO : Filtering template 81/96 segment 6/15
2026-09-06T20:00:58.400+01:00 INFO : 1 points above threshold
2026-09-06T20:00:58.403+01:00 INFO : Filtering template 81/96 segment 7/15
2026-09-06T20:00:58.411+01:00 INFO : 1 points above threshold
2026-09-06T20:00:58.414+01:00 INFO : Filtering template 81/96 segment 8/15
2026-09-06T20:00:58.423+01:00 INFO : Filtering template 81/96 segment 9/15
2026-09-06T20:00:58.431+01:00 INFO : Filtering template 81/96 segment 10/15
2026-09-06T20:00:58.440+01:00 INFO : Filtering template 81/96 segment 11/15
2026-09-06T20:00:58.448+01:00 INFO : Filtering template 81/96 segment 12/15
2026-09-06T20:00:58.457+01:00 INFO : Filtering template 81/96 segment 13/15
2026-09-06T20:00:58.465+01:00 INFO : 1 points above threshold
2026-09-06T20:00:58.468+01:00 INFO : Filtering template 81/96 segment 14/15
2026-09-06T20:00:58.476+01:00 INFO : Filtering template 81/96 segment 15/15
2026-09-06T20:00:58.485+01:00 INFO : 81: generating IMRPhenomD from 30.0 Hz
2026-09-06T20:00:58.487+01:00 INFO : Decompressing waveform using inline_linear
2026-09-06T20:00:58.490+01:00 INFO : Filtering template 82/96 segment 1/15
2026-09-06T20:00:58.499+01:00 INFO : Filtering template 82/96 segment 2/15
2026-09-06T20:00:58.508+01:00 INFO : Filtering template 82/96 segment 3/15
2026-09-06T20:00:58.517+01:00 INFO : Filtering template 82/96 segment 4/15
2026-09-06T20:00:58.525+01:00 INFO : Filtering template 82/96 segment 5/15
2026-09-06T20:00:58.534+01:00 INFO : 1 points above threshold
2026-09-06T20:00:58.543+01:00 INFO : Filtering template 82/96 segment 6/15
2026-09-06T20:00:58.552+01:00 INFO : 1 points above threshold
2026-09-06T20:00:58.555+01:00 INFO : Filtering template 82/96 segment 7/15
2026-09-06T20:00:58.563+01:00 INFO : Filtering template 82/96 segment 8/15
2026-09-06T20:00:58.572+01:00 INFO : Filtering template 82/96 segment 9/15
2026-09-06T20:00:58.580+01:00 INFO : 1 points above threshold
2026-09-06T20:00:58.583+01:00 INFO : Filtering template 82/96 segment 10/15
2026-09-06T20:00:58.591+01:00 INFO : Filtering template 82/96 segment 11/15
2026-09-06T20:00:58.600+01:00 INFO : Filtering template 82/96 segment 12/15
2026-09-06T20:00:58.608+01:00 INFO : Filtering template 82/96 segment 13/15
2026-09-06T20:00:58.617+01:00 INFO : Filtering template 82/96 segment 14/15
2026-09-06T20:00:58.625+01:00 INFO : Filtering template 82/96 segment 15/15
2026-09-06T20:00:58.634+01:00 INFO : 82: generating IMRPhenomD from 30.0 Hz
2026-09-06T20:00:58.636+01:00 INFO : Decompressing waveform using inline_linear
2026-09-06T20:00:58.639+01:00 INFO : Filtering template 83/96 segment 1/15
2026-09-06T20:00:58.648+01:00 INFO : 1 points above threshold
2026-09-06T20:00:58.657+01:00 INFO : Filtering template 83/96 segment 2/15
2026-09-06T20:00:58.665+01:00 INFO : Filtering template 83/96 segment 3/15
2026-09-06T20:00:58.674+01:00 INFO : Filtering template 83/96 segment 4/15
2026-09-06T20:00:58.682+01:00 INFO : Filtering template 83/96 segment 5/15
2026-09-06T20:00:58.691+01:00 INFO : 1 points above threshold
2026-09-06T20:00:58.693+01:00 INFO : Filtering template 83/96 segment 6/15
2026-09-06T20:00:58.702+01:00 INFO : 1 points above threshold
2026-09-06T20:00:58.705+01:00 INFO : Filtering template 83/96 segment 7/15
2026-09-06T20:00:58.713+01:00 INFO : 1 points above threshold
2026-09-06T20:00:58.716+01:00 INFO : Filtering template 83/96 segment 8/15
2026-09-06T20:00:58.724+01:00 INFO : 1 points above threshold
2026-09-06T20:00:58.727+01:00 INFO : Filtering template 83/96 segment 9/15
2026-09-06T20:00:58.735+01:00 INFO : Filtering template 83/96 segment 10/15
2026-09-06T20:00:58.744+01:00 INFO : 2 points above threshold
2026-09-06T20:00:58.748+01:00 INFO : Filtering template 83/96 segment 11/15
2026-09-06T20:00:58.756+01:00 INFO : 1 points above threshold
2026-09-06T20:00:58.759+01:00 INFO : Filtering template 83/96 segment 12/15
2026-09-06T20:00:58.767+01:00 INFO : Filtering template 83/96 segment 13/15
2026-09-06T20:00:58.776+01:00 INFO : 3 points above threshold
2026-09-06T20:00:58.780+01:00 INFO : Filtering template 83/96 segment 14/15
2026-09-06T20:00:58.789+01:00 INFO : 1 points above threshold
2026-09-06T20:00:58.792+01:00 INFO : Filtering template 83/96 segment 15/15
2026-09-06T20:00:58.800+01:00 INFO : 83: generating IMRPhenomD from 30.0 Hz
2026-09-06T20:00:58.802+01:00 INFO : Decompressing waveform using inline_linear
2026-09-06T20:00:58.805+01:00 INFO : Filtering template 84/96 segment 1/15
2026-09-06T20:00:58.815+01:00 INFO : Filtering template 84/96 segment 2/15
2026-09-06T20:00:58.823+01:00 INFO : Filtering template 84/96 segment 3/15
2026-09-06T20:00:58.832+01:00 INFO : Filtering template 84/96 segment 4/15
2026-09-06T20:00:58.840+01:00 INFO : Filtering template 84/96 segment 5/15
2026-09-06T20:00:58.849+01:00 INFO : Filtering template 84/96 segment 6/15
2026-09-06T20:00:58.857+01:00 INFO : Filtering template 84/96 segment 7/15
2026-09-06T20:00:58.866+01:00 INFO : 1 points above threshold
2026-09-06T20:00:58.874+01:00 INFO : Filtering template 84/96 segment 8/15
2026-09-06T20:00:58.883+01:00 INFO : Filtering template 84/96 segment 9/15
2026-09-06T20:00:58.891+01:00 INFO : Filtering template 84/96 segment 10/15
2026-09-06T20:00:58.900+01:00 INFO : 1 points above threshold
2026-09-06T20:00:58.903+01:00 INFO : Filtering template 84/96 segment 11/15
2026-09-06T20:00:58.911+01:00 INFO : 1 points above threshold
2026-09-06T20:00:58.914+01:00 INFO : Filtering template 84/96 segment 12/15
2026-09-06T20:00:58.922+01:00 INFO : 1 points above threshold
2026-09-06T20:00:58.925+01:00 INFO : Filtering template 84/96 segment 13/15
2026-09-06T20:00:58.934+01:00 INFO : Filtering template 84/96 segment 14/15
2026-09-06T20:00:58.942+01:00 INFO : Filtering template 84/96 segment 15/15
2026-09-06T20:00:58.951+01:00 INFO : 84: generating IMRPhenomD from 30.0 Hz
2026-09-06T20:00:58.953+01:00 INFO : Decompressing waveform using inline_linear
2026-09-06T20:00:58.956+01:00 INFO : Filtering template 85/96 segment 1/15
2026-09-06T20:00:58.965+01:00 INFO : Filtering template 85/96 segment 2/15
2026-09-06T20:00:58.974+01:00 INFO : 2 points above threshold
2026-09-06T20:00:58.983+01:00 INFO : Filtering template 85/96 segment 3/15
2026-09-06T20:00:58.992+01:00 INFO : Filtering template 85/96 segment 4/15
2026-09-06T20:00:59.000+01:00 INFO : 1 points above threshold
2026-09-06T20:00:59.003+01:00 INFO : Filtering template 85/96 segment 5/15
2026-09-06T20:00:59.012+01:00 INFO : Filtering template 85/96 segment 6/15
2026-09-06T20:00:59.020+01:00 INFO : 1 points above threshold
2026-09-06T20:00:59.023+01:00 INFO : Filtering template 85/96 segment 7/15
2026-09-06T20:00:59.031+01:00 INFO : 1 points above threshold
2026-09-06T20:00:59.034+01:00 INFO : Filtering template 85/96 segment 8/15
2026-09-06T20:00:59.043+01:00 INFO : Filtering template 85/96 segment 9/15
2026-09-06T20:00:59.051+01:00 INFO : Filtering template 85/96 segment 10/15
2026-09-06T20:00:59.060+01:00 INFO : 1 points above threshold
2026-09-06T20:00:59.062+01:00 INFO : Filtering template 85/96 segment 11/15
2026-09-06T20:00:59.071+01:00 INFO : 1 points above threshold
2026-09-06T20:00:59.074+01:00 INFO : Filtering template 85/96 segment 12/15
2026-09-06T20:00:59.082+01:00 INFO : 1 points above threshold
2026-09-06T20:00:59.085+01:00 INFO : Filtering template 85/96 segment 13/15
2026-09-06T20:00:59.093+01:00 INFO : 2 points above threshold
2026-09-06T20:00:59.097+01:00 INFO : Filtering template 85/96 segment 14/15
2026-09-06T20:00:59.105+01:00 INFO : Filtering template 85/96 segment 15/15
2026-09-06T20:00:59.114+01:00 INFO : 85: generating IMRPhenomD from 30.0 Hz
2026-09-06T20:00:59.116+01:00 INFO : Decompressing waveform using inline_linear
2026-09-06T20:00:59.119+01:00 INFO : Filtering template 86/96 segment 1/15
2026-09-06T20:00:59.128+01:00 INFO : 1 points above threshold
2026-09-06T20:00:59.137+01:00 INFO : Filtering template 86/96 segment 2/15
2026-09-06T20:00:59.146+01:00 INFO : 1 points above threshold
2026-09-06T20:00:59.148+01:00 INFO : Filtering template 86/96 segment 3/15
2026-09-06T20:00:59.157+01:00 INFO : Filtering template 86/96 segment 4/15
2026-09-06T20:00:59.165+01:00 INFO : 1 points above threshold
2026-09-06T20:00:59.168+01:00 INFO : Filtering template 86/96 segment 5/15
2026-09-06T20:00:59.176+01:00 INFO : Filtering template 86/96 segment 6/15
2026-09-06T20:00:59.185+01:00 INFO : Filtering template 86/96 segment 7/15
2026-09-06T20:00:59.194+01:00 INFO : Filtering template 86/96 segment 8/15
2026-09-06T20:00:59.202+01:00 INFO : Filtering template 86/96 segment 9/15
2026-09-06T20:00:59.211+01:00 INFO : 1 points above threshold
2026-09-06T20:00:59.213+01:00 INFO : Filtering template 86/96 segment 10/15
2026-09-06T20:00:59.222+01:00 INFO : 1 points above threshold
2026-09-06T20:00:59.225+01:00 INFO : Filtering template 86/96 segment 11/15
2026-09-06T20:00:59.233+01:00 INFO : Filtering template 86/96 segment 12/15
2026-09-06T20:00:59.242+01:00 INFO : Filtering template 86/96 segment 13/15
2026-09-06T20:00:59.250+01:00 INFO : 2 points above threshold
2026-09-06T20:00:59.254+01:00 INFO : Filtering template 86/96 segment 14/15
2026-09-06T20:00:59.262+01:00 INFO : Filtering template 86/96 segment 15/15
2026-09-06T20:00:59.271+01:00 INFO : 86: generating IMRPhenomD from 30.0 Hz
2026-09-06T20:00:59.289+01:00 INFO : Decompressing waveform using inline_linear
2026-09-06T20:00:59.291+01:00 INFO : Filtering template 87/96 segment 1/15
2026-09-06T20:00:59.304+01:00 INFO : 1 points above threshold
2026-09-06T20:00:59.315+01:00 INFO : Filtering template 87/96 segment 2/15
2026-09-06T20:00:59.323+01:00 INFO : Filtering template 87/96 segment 3/15
2026-09-06T20:00:59.332+01:00 INFO : Filtering template 87/96 segment 4/15
2026-09-06T20:00:59.340+01:00 INFO : Filtering template 87/96 segment 5/15
2026-09-06T20:00:59.349+01:00 INFO : Filtering template 87/96 segment 6/15
2026-09-06T20:00:59.357+01:00 INFO : 2 points above threshold
2026-09-06T20:00:59.361+01:00 INFO : Filtering template 87/96 segment 7/15
2026-09-06T20:00:59.369+01:00 INFO : 1 points above threshold
2026-09-06T20:00:59.374+01:00 INFO : Filtering template 87/96 segment 8/15
2026-09-06T20:00:59.382+01:00 INFO : Filtering template 87/96 segment 9/15
2026-09-06T20:00:59.391+01:00 INFO : Filtering template 87/96 segment 10/15
2026-09-06T20:00:59.399+01:00 INFO : Filtering template 87/96 segment 11/15
2026-09-06T20:00:59.408+01:00 INFO : 1 points above threshold
2026-09-06T20:00:59.410+01:00 INFO : Filtering template 87/96 segment 12/15
2026-09-06T20:00:59.419+01:00 INFO : Filtering template 87/96 segment 13/15
2026-09-06T20:00:59.427+01:00 INFO : 1 points above threshold
2026-09-06T20:00:59.430+01:00 INFO : Filtering template 87/96 segment 14/15
2026-09-06T20:00:59.439+01:00 INFO : Filtering template 87/96 segment 15/15
2026-09-06T20:00:59.447+01:00 INFO : 87: generating IMRPhenomD from 30.0 Hz
2026-09-06T20:00:59.450+01:00 INFO : Decompressing waveform using inline_linear
2026-09-06T20:00:59.452+01:00 INFO : Filtering template 88/96 segment 1/15
2026-09-06T20:00:59.462+01:00 INFO : Filtering template 88/96 segment 2/15
2026-09-06T20:00:59.470+01:00 INFO : 1 points above threshold
2026-09-06T20:00:59.480+01:00 INFO : Filtering template 88/96 segment 3/15
2026-09-06T20:00:59.489+01:00 INFO : 1 points above threshold
2026-09-06T20:00:59.491+01:00 INFO : Filtering template 88/96 segment 4/15
2026-09-06T20:00:59.500+01:00 INFO : Filtering template 88/96 segment 5/15
2026-09-06T20:00:59.508+01:00 INFO : Filtering template 88/96 segment 6/15
2026-09-06T20:00:59.517+01:00 INFO : 1 points above threshold
2026-09-06T20:00:59.520+01:00 INFO : Filtering template 88/96 segment 7/15
2026-09-06T20:00:59.528+01:00 INFO : Filtering template 88/96 segment 8/15
2026-09-06T20:00:59.537+01:00 INFO : Filtering template 88/96 segment 9/15
2026-09-06T20:00:59.545+01:00 INFO : Filtering template 88/96 segment 10/15
2026-09-06T20:00:59.554+01:00 INFO : Filtering template 88/96 segment 11/15
2026-09-06T20:00:59.562+01:00 INFO : Filtering template 88/96 segment 12/15
2026-09-06T20:00:59.571+01:00 INFO : Filtering template 88/96 segment 13/15
2026-09-06T20:00:59.580+01:00 INFO : 2 points above threshold
2026-09-06T20:00:59.583+01:00 INFO : Filtering template 88/96 segment 14/15
2026-09-06T20:00:59.592+01:00 INFO : Filtering template 88/96 segment 15/15
2026-09-06T20:00:59.600+01:00 INFO : 88: generating IMRPhenomD from 30.0 Hz
2026-09-06T20:00:59.603+01:00 INFO : Decompressing waveform using inline_linear
2026-09-06T20:00:59.605+01:00 INFO : Filtering template 89/96 segment 1/15
2026-09-06T20:00:59.615+01:00 INFO : 2 points above threshold
2026-09-06T20:00:59.624+01:00 INFO : Filtering template 89/96 segment 2/15
2026-09-06T20:00:59.632+01:00 INFO : Filtering template 89/96 segment 3/15
2026-09-06T20:00:59.641+01:00 INFO : Filtering template 89/96 segment 4/15
2026-09-06T20:00:59.650+01:00 INFO : Filtering template 89/96 segment 5/15
2026-09-06T20:00:59.658+01:00 INFO : Filtering template 89/96 segment 6/15
2026-09-06T20:00:59.667+01:00 INFO : 1 points above threshold
2026-09-06T20:00:59.669+01:00 INFO : Filtering template 89/96 segment 7/15
2026-09-06T20:00:59.678+01:00 INFO : 2 points above threshold
2026-09-06T20:00:59.682+01:00 INFO : Filtering template 89/96 segment 8/15
2026-09-06T20:00:59.690+01:00 INFO : Filtering template 89/96 segment 9/15
2026-09-06T20:00:59.699+01:00 INFO : Filtering template 89/96 segment 10/15
2026-09-06T20:00:59.707+01:00 INFO : Filtering template 89/96 segment 11/15
2026-09-06T20:00:59.716+01:00 INFO : Filtering template 89/96 segment 12/15
2026-09-06T20:00:59.724+01:00 INFO : Filtering template 89/96 segment 13/15
2026-09-06T20:00:59.733+01:00 INFO : Filtering template 89/96 segment 14/15
2026-09-06T20:00:59.741+01:00 INFO : Filtering template 89/96 segment 15/15
2026-09-06T20:00:59.750+01:00 INFO : 89: generating IMRPhenomD from 30.0 Hz
2026-09-06T20:00:59.752+01:00 INFO : Decompressing waveform using inline_linear
2026-09-06T20:00:59.755+01:00 INFO : Filtering template 90/96 segment 1/15
2026-09-06T20:00:59.764+01:00 INFO : Filtering template 90/96 segment 2/15
2026-09-06T20:00:59.773+01:00 INFO : Filtering template 90/96 segment 3/15
2026-09-06T20:00:59.782+01:00 INFO : Filtering template 90/96 segment 4/15
2026-09-06T20:00:59.790+01:00 INFO : 1 points above threshold
2026-09-06T20:00:59.799+01:00 INFO : Filtering template 90/96 segment 5/15
2026-09-06T20:00:59.807+01:00 INFO : Filtering template 90/96 segment 6/15
2026-09-06T20:00:59.816+01:00 INFO : Filtering template 90/96 segment 7/15
2026-09-06T20:00:59.824+01:00 INFO : 2 points above threshold
2026-09-06T20:00:59.828+01:00 INFO : Filtering template 90/96 segment 8/15
2026-09-06T20:00:59.836+01:00 INFO : 1 points above threshold
2026-09-06T20:00:59.839+01:00 INFO : Filtering template 90/96 segment 9/15
2026-09-06T20:00:59.848+01:00 INFO : Filtering template 90/96 segment 10/15
2026-09-06T20:00:59.856+01:00 INFO : Filtering template 90/96 segment 11/15
2026-09-06T20:00:59.865+01:00 INFO : Filtering template 90/96 segment 12/15
2026-09-06T20:00:59.874+01:00 INFO : Filtering template 90/96 segment 13/15
2026-09-06T20:00:59.882+01:00 INFO : 1 points above threshold
2026-09-06T20:00:59.885+01:00 INFO : Filtering template 90/96 segment 14/15
2026-09-06T20:00:59.893+01:00 INFO : Filtering template 90/96 segment 15/15
2026-09-06T20:00:59.902+01:00 INFO : 90: generating IMRPhenomD from 30.0 Hz
2026-09-06T20:00:59.904+01:00 INFO : Decompressing waveform using inline_linear
2026-09-06T20:00:59.907+01:00 INFO : Filtering template 91/96 segment 1/15
2026-09-06T20:00:59.917+01:00 INFO : Filtering template 91/96 segment 2/15
2026-09-06T20:00:59.925+01:00 INFO : Filtering template 91/96 segment 3/15
2026-09-06T20:00:59.934+01:00 INFO : Filtering template 91/96 segment 4/15
2026-09-06T20:00:59.942+01:00 INFO : Filtering template 91/96 segment 5/15
2026-09-06T20:00:59.951+01:00 INFO : Filtering template 91/96 segment 6/15
2026-09-06T20:00:59.959+01:00 INFO : 2 points above threshold
2026-09-06T20:00:59.969+01:00 INFO : Filtering template 91/96 segment 7/15
2026-09-06T20:00:59.977+01:00 INFO : Filtering template 91/96 segment 8/15
2026-09-06T20:00:59.986+01:00 INFO : 3 points above threshold
2026-09-06T20:00:59.990+01:00 INFO : Filtering template 91/96 segment 9/15
2026-09-06T20:00:59.999+01:00 INFO : Filtering template 91/96 segment 10/15
2026-09-06T20:01:00.007+01:00 INFO : Filtering template 91/96 segment 11/15
2026-09-06T20:01:00.016+01:00 INFO : Filtering template 91/96 segment 12/15
2026-09-06T20:01:00.025+01:00 INFO : Filtering template 91/96 segment 13/15
2026-09-06T20:01:00.033+01:00 INFO : 1 points above threshold
2026-09-06T20:01:00.036+01:00 INFO : Filtering template 91/96 segment 14/15
2026-09-06T20:01:00.044+01:00 INFO : Filtering template 91/96 segment 15/15
2026-09-06T20:01:00.053+01:00 INFO : 91: generating IMRPhenomD from 30.0 Hz
2026-09-06T20:01:00.055+01:00 INFO : Decompressing waveform using inline_linear
2026-09-06T20:01:00.058+01:00 INFO : Filtering template 92/96 segment 1/15
2026-09-06T20:01:00.068+01:00 INFO : 1 points above threshold
2026-09-06T20:01:00.076+01:00 INFO : Filtering template 92/96 segment 2/15
2026-09-06T20:01:00.084+01:00 INFO : 1 points above threshold
2026-09-06T20:01:00.088+01:00 INFO : Filtering template 92/96 segment 3/15
2026-09-06T20:01:00.096+01:00 INFO : Filtering template 92/96 segment 4/15
2026-09-06T20:01:00.105+01:00 INFO : Filtering template 92/96 segment 5/15
2026-09-06T20:01:00.113+01:00 INFO : Filtering template 92/96 segment 6/15
2026-09-06T20:01:00.122+01:00 INFO : 1 points above threshold
2026-09-06T20:01:00.125+01:00 INFO : Filtering template 92/96 segment 7/15
2026-09-06T20:01:00.133+01:00 INFO : 1 points above threshold
2026-09-06T20:01:00.136+01:00 INFO : Filtering template 92/96 segment 8/15
2026-09-06T20:01:00.144+01:00 INFO : 1 points above threshold
2026-09-06T20:01:00.147+01:00 INFO : Filtering template 92/96 segment 9/15
2026-09-06T20:01:00.156+01:00 INFO : Filtering template 92/96 segment 10/15
2026-09-06T20:01:00.164+01:00 INFO : 1 points above threshold
2026-09-06T20:01:00.167+01:00 INFO : Filtering template 92/96 segment 11/15
2026-09-06T20:01:00.175+01:00 INFO : Filtering template 92/96 segment 12/15
2026-09-06T20:01:00.184+01:00 INFO : Filtering template 92/96 segment 13/15
2026-09-06T20:01:00.192+01:00 INFO : Filtering template 92/96 segment 14/15
2026-09-06T20:01:00.201+01:00 INFO : 1 points above threshold
2026-09-06T20:01:00.204+01:00 INFO : Filtering template 92/96 segment 15/15
2026-09-06T20:01:00.212+01:00 INFO : 92: generating IMRPhenomD from 30.0 Hz
2026-09-06T20:01:00.214+01:00 INFO : Decompressing waveform using inline_linear
2026-09-06T20:01:00.217+01:00 INFO : Filtering template 93/96 segment 1/15
2026-09-06T20:01:00.227+01:00 INFO : Filtering template 93/96 segment 2/15
2026-09-06T20:01:00.235+01:00 INFO : Filtering template 93/96 segment 3/15
2026-09-06T20:01:00.244+01:00 INFO : Filtering template 93/96 segment 4/15
2026-09-06T20:01:00.252+01:00 INFO : 1 points above threshold
2026-09-06T20:01:00.260+01:00 INFO : Filtering template 93/96 segment 5/15
2026-09-06T20:01:00.269+01:00 INFO : 1 points above threshold
2026-09-06T20:01:00.272+01:00 INFO : Filtering template 93/96 segment 6/15
2026-09-06T20:01:00.280+01:00 INFO : 1 points above threshold
2026-09-06T20:01:00.283+01:00 INFO : Filtering template 93/96 segment 7/15
2026-09-06T20:01:00.292+01:00 INFO : 1 points above threshold
2026-09-06T20:01:00.294+01:00 INFO : Filtering template 93/96 segment 8/15
2026-09-06T20:01:00.303+01:00 INFO : 1 points above threshold
2026-09-06T20:01:00.305+01:00 INFO : Filtering template 93/96 segment 9/15
2026-09-06T20:01:00.314+01:00 INFO : 1 points above threshold
2026-09-06T20:01:00.318+01:00 INFO : Filtering template 93/96 segment 10/15
2026-09-06T20:01:00.327+01:00 INFO : 1 points above threshold
2026-09-06T20:01:00.329+01:00 INFO : Filtering template 93/96 segment 11/15
2026-09-06T20:01:00.338+01:00 INFO : Filtering template 93/96 segment 12/15
2026-09-06T20:01:00.346+01:00 INFO : Filtering template 93/96 segment 13/15
2026-09-06T20:01:00.355+01:00 INFO : 1 points above threshold
2026-09-06T20:01:00.358+01:00 INFO : Filtering template 93/96 segment 14/15
2026-09-06T20:01:00.366+01:00 INFO : Filtering template 93/96 segment 15/15
2026-09-06T20:01:00.375+01:00 INFO : 93: generating IMRPhenomD from 30.0 Hz
2026-09-06T20:01:00.377+01:00 INFO : Decompressing waveform using inline_linear
2026-09-06T20:01:00.379+01:00 INFO : Filtering template 94/96 segment 1/15
2026-09-06T20:01:00.389+01:00 INFO : 1 points above threshold
2026-09-06T20:01:00.398+01:00 INFO : Filtering template 94/96 segment 2/15
2026-09-06T20:01:00.406+01:00 INFO : Filtering template 94/96 segment 3/15
2026-09-06T20:01:00.415+01:00 INFO : Filtering template 94/96 segment 4/15
2026-09-06T20:01:00.423+01:00 INFO : Filtering template 94/96 segment 5/15
2026-09-06T20:01:00.432+01:00 INFO : 1 points above threshold
2026-09-06T20:01:00.434+01:00 INFO : Filtering template 94/96 segment 6/15
2026-09-06T20:01:00.443+01:00 INFO : 1 points above threshold
2026-09-06T20:01:00.446+01:00 INFO : Filtering template 94/96 segment 7/15
2026-09-06T20:01:00.454+01:00 INFO : Filtering template 94/96 segment 8/15
2026-09-06T20:01:00.463+01:00 INFO : 4 points above threshold
2026-09-06T20:01:00.467+01:00 INFO : Filtering template 94/96 segment 9/15
2026-09-06T20:01:00.476+01:00 INFO : Filtering template 94/96 segment 10/15
2026-09-06T20:01:00.484+01:00 INFO : Filtering template 94/96 segment 11/15
2026-09-06T20:01:00.493+01:00 INFO : Filtering template 94/96 segment 12/15
2026-09-06T20:01:00.501+01:00 INFO : Filtering template 94/96 segment 13/15
2026-09-06T20:01:00.510+01:00 INFO : 1 points above threshold
2026-09-06T20:01:00.513+01:00 INFO : Filtering template 94/96 segment 14/15
2026-09-06T20:01:00.521+01:00 INFO : 1 points above threshold
2026-09-06T20:01:00.524+01:00 INFO : Filtering template 94/96 segment 15/15
2026-09-06T20:01:00.533+01:00 INFO : 94: generating IMRPhenomD from 30.0 Hz
2026-09-06T20:01:00.535+01:00 INFO : Decompressing waveform using inline_linear
2026-09-06T20:01:00.537+01:00 INFO : Filtering template 95/96 segment 1/15
2026-09-06T20:01:00.547+01:00 INFO : 2 points above threshold
2026-09-06T20:01:00.556+01:00 INFO : Filtering template 95/96 segment 2/15
2026-09-06T20:01:00.565+01:00 INFO : 1 points above threshold
2026-09-06T20:01:00.568+01:00 INFO : Filtering template 95/96 segment 3/15
2026-09-06T20:01:00.576+01:00 INFO : Filtering template 95/96 segment 4/15
2026-09-06T20:01:00.585+01:00 INFO : Filtering template 95/96 segment 5/15
2026-09-06T20:01:00.593+01:00 INFO : Filtering template 95/96 segment 6/15
2026-09-06T20:01:00.602+01:00 INFO : 2 points above threshold
2026-09-06T20:01:00.605+01:00 INFO : Filtering template 95/96 segment 7/15
2026-09-06T20:01:00.614+01:00 INFO : Filtering template 95/96 segment 8/15
2026-09-06T20:01:00.622+01:00 INFO : Filtering template 95/96 segment 9/15
2026-09-06T20:01:00.631+01:00 INFO : 1 points above threshold
2026-09-06T20:01:00.633+01:00 INFO : Filtering template 95/96 segment 10/15
2026-09-06T20:01:00.642+01:00 INFO : Filtering template 95/96 segment 11/15
2026-09-06T20:01:00.651+01:00 INFO : Filtering template 95/96 segment 12/15
2026-09-06T20:01:00.659+01:00 INFO : 1 points above threshold
2026-09-06T20:01:00.662+01:00 INFO : Filtering template 95/96 segment 13/15
2026-09-06T20:01:00.670+01:00 INFO : Filtering template 95/96 segment 14/15
2026-09-06T20:01:00.679+01:00 INFO : Filtering template 95/96 segment 15/15
2026-09-06T20:01:00.688+01:00 INFO : 95: generating IMRPhenomD from 30.0 Hz
2026-09-06T20:01:00.690+01:00 INFO : Decompressing waveform using inline_linear
2026-09-06T20:01:00.692+01:00 INFO : Filtering template 96/96 segment 1/15
2026-09-06T20:01:00.702+01:00 INFO : 1 points above threshold
2026-09-06T20:01:00.710+01:00 INFO : Filtering template 96/96 segment 2/15
2026-09-06T20:01:00.719+01:00 INFO : Filtering template 96/96 segment 3/15
2026-09-06T20:01:00.727+01:00 INFO : 1 points above threshold
2026-09-06T20:01:00.730+01:00 INFO : Filtering template 96/96 segment 4/15
2026-09-06T20:01:00.738+01:00 INFO : Filtering template 96/96 segment 5/15
2026-09-06T20:01:00.747+01:00 INFO : Filtering template 96/96 segment 6/15
2026-09-06T20:01:00.755+01:00 INFO : Filtering template 96/96 segment 7/15
2026-09-06T20:01:00.764+01:00 INFO : Filtering template 96/96 segment 8/15
2026-09-06T20:01:00.773+01:00 INFO : Filtering template 96/96 segment 9/15
2026-09-06T20:01:00.781+01:00 INFO : Filtering template 96/96 segment 10/15
2026-09-06T20:01:00.790+01:00 INFO : Filtering template 96/96 segment 11/15
2026-09-06T20:01:00.798+01:00 INFO : Filtering template 96/96 segment 12/15
2026-09-06T20:01:00.807+01:00 INFO : 1 points above threshold
2026-09-06T20:01:00.810+01:00 INFO : Filtering template 96/96 segment 13/15
2026-09-06T20:01:00.818+01:00 INFO : Filtering template 96/96 segment 14/15
2026-09-06T20:01:00.827+01:00 INFO : Filtering template 96/96 segment 15/15
2026-09-06T20:01:00.835+01:00 INFO : We currently have 532 triggers
2026-09-06T20:01:00.835+01:00 INFO : Removing triggers with NewSNR below threshold
2026-09-06T20:01:00.836+01:00 INFO : 479 remaining triggers
2026-09-06T20:01:00.836+01:00 INFO : Outputting 479 triggers
2026-09-06T20:01:00.836+01:00 INFO : Writing out triggers
2026-09-06T20:01:00.846+01:00 INFO : Finished
