2026-09-06T20:04:42.221+01:00 INFO : Running with CPU support: 1 threads
2026-09-06T20:04:42.221+01:00 INFO : Reading Frames
2026-09-06T20:04:48.915+01:00 INFO : Highpass Filtering
2026-09-06T20:04:49.368+01:00 INFO : Resampling data
2026-09-06T20:04:49.379+01:00 INFO : Converting to float32
/home/xangma/pycbc-torch-inspiral-reference-20260906/source-v5/pycbc/types/array.py:872: RuntimeWarning: divide by zero encountered in divide
  return self._data.__rtruediv__(other)
2026-09-06T20:04:54.487+01:00 INFO : Highpass Filtering
2026-09-06T20:04:54.930+01:00 INFO : Remove Padding
2026-09-06T20:04:54.953+01:00 INFO : Making frequency-domain data segments
2026-09-06T20:04:57.560+01:00 INFO : Overwhitening frequency-domain data segments
2026-09-06T20:04:57.590+01:00 INFO : Read in template bank
2026-09-06T20:04:57.600+01:00 INFO : Full template bank size: 96
2026-09-06T20:04:57.600+01:00 INFO : Template bank size after thinning: 96
2026-09-06T20:04:57.600+01:00 INFO : 0: generating IMRPhenomD from 30.0 Hz
2026-09-06T20:04:57.602+01:00 INFO : Decompressing waveform using inline_linear
2026-09-06T20:04:57.606+01:00 INFO : Filtering template 1/96 segment 1/15
2026-09-06T20:04:57.620+01:00 INFO : Filtering template 1/96 segment 2/15
2026-09-06T20:04:57.628+01:00 INFO : 1 points above threshold
2026-09-06T20:04:57.643+01:00 INFO : Filtering template 1/96 segment 3/15
2026-09-06T20:04:57.651+01:00 INFO : Filtering template 1/96 segment 4/15
2026-09-06T20:04:57.660+01:00 INFO : Filtering template 1/96 segment 5/15
2026-09-06T20:04:57.668+01:00 INFO : Filtering template 1/96 segment 6/15
2026-09-06T20:04:57.676+01:00 INFO : Filtering template 1/96 segment 7/15
2026-09-06T20:04:57.685+01:00 INFO : 1 points above threshold
2026-09-06T20:04:57.688+01:00 INFO : Filtering template 1/96 segment 8/15
2026-09-06T20:04:57.696+01:00 INFO : Filtering template 1/96 segment 9/15
2026-09-06T20:04:57.704+01:00 INFO : Filtering template 1/96 segment 10/15
2026-09-06T20:04:57.713+01:00 INFO : Filtering template 1/96 segment 11/15
2026-09-06T20:04:57.721+01:00 INFO : Filtering template 1/96 segment 12/15
2026-09-06T20:04:57.730+01:00 INFO : Filtering template 1/96 segment 13/15
2026-09-06T20:04:57.738+01:00 INFO : 1 points above threshold
2026-09-06T20:04:57.741+01:00 INFO : Filtering template 1/96 segment 14/15
2026-09-06T20:04:57.749+01:00 INFO : Filtering template 1/96 segment 15/15
2026-09-06T20:04:57.758+01:00 INFO : 1: generating IMRPhenomD from 30.0 Hz
2026-09-06T20:04:57.760+01:00 INFO : Decompressing waveform using inline_linear
2026-09-06T20:04:57.763+01:00 INFO : Filtering template 2/96 segment 1/15
2026-09-06T20:04:57.772+01:00 INFO : 1 points above threshold
2026-09-06T20:04:57.780+01:00 INFO : Filtering template 2/96 segment 2/15
2026-09-06T20:04:57.788+01:00 INFO : Filtering template 2/96 segment 3/15
2026-09-06T20:04:57.796+01:00 INFO : Filtering template 2/96 segment 4/15
2026-09-06T20:04:57.805+01:00 INFO : Filtering template 2/96 segment 5/15
2026-09-06T20:04:57.813+01:00 INFO : Filtering template 2/96 segment 6/15
2026-09-06T20:04:57.822+01:00 INFO : 1 points above threshold
2026-09-06T20:04:57.824+01:00 INFO : Filtering template 2/96 segment 7/15
2026-09-06T20:04:57.833+01:00 INFO : 1 points above threshold
2026-09-06T20:04:57.836+01:00 INFO : Filtering template 2/96 segment 8/15
2026-09-06T20:04:57.844+01:00 INFO : 1 points above threshold
2026-09-06T20:04:57.847+01:00 INFO : Filtering template 2/96 segment 9/15
2026-09-06T20:04:57.855+01:00 INFO : Filtering template 2/96 segment 10/15
2026-09-06T20:04:57.863+01:00 INFO : Filtering template 2/96 segment 11/15
2026-09-06T20:04:57.872+01:00 INFO : Filtering template 2/96 segment 12/15
2026-09-06T20:04:57.880+01:00 INFO : 1 points above threshold
2026-09-06T20:04:57.883+01:00 INFO : Filtering template 2/96 segment 13/15
2026-09-06T20:04:57.891+01:00 INFO : 1 points above threshold
2026-09-06T20:04:57.894+01:00 INFO : Filtering template 2/96 segment 14/15
2026-09-06T20:04:57.902+01:00 INFO : Filtering template 2/96 segment 15/15
2026-09-06T20:04:57.911+01:00 INFO : 2: generating IMRPhenomD from 30.0 Hz
2026-09-06T20:04:57.913+01:00 INFO : Decompressing waveform using inline_linear
2026-09-06T20:04:57.916+01:00 INFO : Filtering template 3/96 segment 1/15
2026-09-06T20:04:57.926+01:00 INFO : Filtering template 3/96 segment 2/15
2026-09-06T20:04:57.934+01:00 INFO : 3 points above threshold
2026-09-06T20:04:57.944+01:00 INFO : Filtering template 3/96 segment 3/15
2026-09-06T20:04:57.953+01:00 INFO : Filtering template 3/96 segment 4/15
2026-09-06T20:04:57.961+01:00 INFO : Filtering template 3/96 segment 5/15
2026-09-06T20:04:57.969+01:00 INFO : Filtering template 3/96 segment 6/15
2026-09-06T20:04:57.978+01:00 INFO : Filtering template 3/96 segment 7/15
2026-09-06T20:04:57.986+01:00 INFO : 1 points above threshold
2026-09-06T20:04:57.989+01:00 INFO : Filtering template 3/96 segment 8/15
2026-09-06T20:04:57.997+01:00 INFO : Filtering template 3/96 segment 9/15
2026-09-06T20:04:58.006+01:00 INFO : Filtering template 3/96 segment 10/15
2026-09-06T20:04:58.014+01:00 INFO : Filtering template 3/96 segment 11/15
2026-09-06T20:04:58.022+01:00 INFO : 1 points above threshold
2026-09-06T20:04:58.025+01:00 INFO : Filtering template 3/96 segment 12/15
2026-09-06T20:04:58.033+01:00 INFO : Filtering template 3/96 segment 13/15
2026-09-06T20:04:58.043+01:00 INFO : Filtering template 3/96 segment 14/15
2026-09-06T20:04:58.051+01:00 INFO : Filtering template 3/96 segment 15/15
2026-09-06T20:04:58.060+01:00 INFO : 3: generating IMRPhenomD from 30.0 Hz
2026-09-06T20:04:58.062+01:00 INFO : Decompressing waveform using inline_linear
2026-09-06T20:04:58.065+01:00 INFO : Filtering template 4/96 segment 1/15
2026-09-06T20:04:58.074+01:00 INFO : Filtering template 4/96 segment 2/15
2026-09-06T20:04:58.083+01:00 INFO : 1 points above threshold
2026-09-06T20:04:58.091+01:00 INFO : Filtering template 4/96 segment 3/15
2026-09-06T20:04:58.100+01:00 INFO : Filtering template 4/96 segment 4/15
2026-09-06T20:04:58.108+01:00 INFO : Filtering template 4/96 segment 5/15
2026-09-06T20:04:58.117+01:00 INFO : Filtering template 4/96 segment 6/15
2026-09-06T20:04:58.125+01:00 INFO : 1 points above threshold
2026-09-06T20:04:58.128+01:00 INFO : Filtering template 4/96 segment 7/15
2026-09-06T20:04:58.136+01:00 INFO : Filtering template 4/96 segment 8/15
2026-09-06T20:04:58.145+01:00 INFO : Filtering template 4/96 segment 9/15
2026-09-06T20:04:58.154+01:00 INFO : 2 points above threshold
2026-09-06T20:04:58.157+01:00 INFO : Filtering template 4/96 segment 10/15
2026-09-06T20:04:58.166+01:00 INFO : Filtering template 4/96 segment 11/15
2026-09-06T20:04:58.174+01:00 INFO : 1 points above threshold
2026-09-06T20:04:58.177+01:00 INFO : Filtering template 4/96 segment 12/15
2026-09-06T20:04:58.185+01:00 INFO : 1 points above threshold
2026-09-06T20:04:58.188+01:00 INFO : Filtering template 4/96 segment 13/15
2026-09-06T20:04:58.197+01:00 INFO : 1 points above threshold
2026-09-06T20:04:58.199+01:00 INFO : Filtering template 4/96 segment 14/15
2026-09-06T20:04:58.208+01:00 INFO : 1 points above threshold
2026-09-06T20:04:58.210+01:00 INFO : Filtering template 4/96 segment 15/15
2026-09-06T20:04:58.219+01:00 INFO : 4: generating IMRPhenomD from 30.0 Hz
2026-09-06T20:04:58.221+01:00 INFO : Decompressing waveform using inline_linear
2026-09-06T20:04:58.224+01:00 INFO : Filtering template 5/96 segment 1/15
2026-09-06T20:04:58.233+01:00 INFO : Filtering template 5/96 segment 2/15
2026-09-06T20:04:58.242+01:00 INFO : Filtering template 5/96 segment 3/15
2026-09-06T20:04:58.250+01:00 INFO : 1 points above threshold
2026-09-06T20:04:58.259+01:00 INFO : Filtering template 5/96 segment 4/15
2026-09-06T20:04:58.267+01:00 INFO : Filtering template 5/96 segment 5/15
2026-09-06T20:04:58.276+01:00 INFO : Filtering template 5/96 segment 6/15
2026-09-06T20:04:58.284+01:00 INFO : 2 points above threshold
2026-09-06T20:04:58.288+01:00 INFO : Filtering template 5/96 segment 7/15
2026-09-06T20:04:58.296+01:00 INFO : 2 points above threshold
2026-09-06T20:04:58.300+01:00 INFO : Filtering template 5/96 segment 8/15
2026-09-06T20:04:58.308+01:00 INFO : Filtering template 5/96 segment 9/15
2026-09-06T20:04:58.317+01:00 INFO : Filtering template 5/96 segment 10/15
2026-09-06T20:04:58.325+01:00 INFO : Filtering template 5/96 segment 11/15
2026-09-06T20:04:58.334+01:00 INFO : Filtering template 5/96 segment 12/15
2026-09-06T20:04:58.342+01:00 INFO : 2 points above threshold
2026-09-06T20:04:58.346+01:00 INFO : Filtering template 5/96 segment 13/15
2026-09-06T20:04:58.354+01:00 INFO : Filtering template 5/96 segment 14/15
2026-09-06T20:04:58.363+01:00 INFO : Filtering template 5/96 segment 15/15
2026-09-06T20:04:58.371+01:00 INFO : 5: generating IMRPhenomD from 30.0 Hz
2026-09-06T20:04:58.374+01:00 INFO : Decompressing waveform using inline_linear
2026-09-06T20:04:58.376+01:00 INFO : Filtering template 6/96 segment 1/15
2026-09-06T20:04:58.386+01:00 INFO : Filtering template 6/96 segment 2/15
2026-09-06T20:04:58.394+01:00 INFO : Filtering template 6/96 segment 3/15
2026-09-06T20:04:58.403+01:00 INFO : 1 points above threshold
2026-09-06T20:04:58.411+01:00 INFO : Filtering template 6/96 segment 4/15
2026-09-06T20:04:58.419+01:00 INFO : Filtering template 6/96 segment 5/15
2026-09-06T20:04:58.428+01:00 INFO : Filtering template 6/96 segment 6/15
2026-09-06T20:04:58.436+01:00 INFO : Filtering template 6/96 segment 7/15
2026-09-06T20:04:58.445+01:00 INFO : Filtering template 6/96 segment 8/15
2026-09-06T20:04:58.453+01:00 INFO : Filtering template 6/96 segment 9/15
2026-09-06T20:04:58.462+01:00 INFO : Filtering template 6/96 segment 10/15
2026-09-06T20:04:58.470+01:00 INFO : Filtering template 6/96 segment 11/15
2026-09-06T20:04:58.479+01:00 INFO : Filtering template 6/96 segment 12/15
2026-09-06T20:04:58.487+01:00 INFO : Filtering template 6/96 segment 13/15
2026-09-06T20:04:58.495+01:00 INFO : Filtering template 6/96 segment 14/15
2026-09-06T20:04:58.504+01:00 INFO : 1 points above threshold
2026-09-06T20:04:58.506+01:00 INFO : Filtering template 6/96 segment 15/15
2026-09-06T20:04:58.515+01:00 INFO : 6: generating IMRPhenomD from 30.0 Hz
2026-09-06T20:04:58.517+01:00 INFO : Decompressing waveform using inline_linear
2026-09-06T20:04:58.520+01:00 INFO : Filtering template 7/96 segment 1/15
2026-09-06T20:04:58.529+01:00 INFO : 1 points above threshold
2026-09-06T20:04:58.538+01:00 INFO : Filtering template 7/96 segment 2/15
2026-09-06T20:04:58.546+01:00 INFO : 1 points above threshold
2026-09-06T20:04:58.549+01:00 INFO : Filtering template 7/96 segment 3/15
2026-09-06T20:04:58.557+01:00 INFO : Filtering template 7/96 segment 4/15
2026-09-06T20:04:58.566+01:00 INFO : Filtering template 7/96 segment 5/15
2026-09-06T20:04:58.574+01:00 INFO : Filtering template 7/96 segment 6/15
2026-09-06T20:04:58.583+01:00 INFO : Filtering template 7/96 segment 7/15
2026-09-06T20:04:58.591+01:00 INFO : Filtering template 7/96 segment 8/15
2026-09-06T20:04:58.599+01:00 INFO : Filtering template 7/96 segment 9/15
2026-09-06T20:04:58.608+01:00 INFO : Filtering template 7/96 segment 10/15
2026-09-06T20:04:58.616+01:00 INFO : Filtering template 7/96 segment 11/15
2026-09-06T20:04:58.625+01:00 INFO : Filtering template 7/96 segment 12/15
2026-09-06T20:04:58.633+01:00 INFO : 1 points above threshold
2026-09-06T20:04:58.636+01:00 INFO : Filtering template 7/96 segment 13/15
2026-09-06T20:04:58.644+01:00 INFO : Filtering template 7/96 segment 14/15
2026-09-06T20:04:58.653+01:00 INFO : Filtering template 7/96 segment 15/15
2026-09-06T20:04:58.662+01:00 INFO : 7: generating IMRPhenomD from 30.0 Hz
2026-09-06T20:04:58.664+01:00 INFO : Decompressing waveform using inline_linear
2026-09-06T20:04:58.666+01:00 INFO : Filtering template 8/96 segment 1/15
2026-09-06T20:04:58.676+01:00 INFO : 1 points above threshold
2026-09-06T20:04:58.684+01:00 INFO : Filtering template 8/96 segment 2/15
2026-09-06T20:04:58.693+01:00 INFO : 1 points above threshold
2026-09-06T20:04:58.695+01:00 INFO : Filtering template 8/96 segment 3/15
2026-09-06T20:04:58.704+01:00 INFO : Filtering template 8/96 segment 4/15
2026-09-06T20:04:58.712+01:00 INFO : Filtering template 8/96 segment 5/15
2026-09-06T20:04:58.721+01:00 INFO : Filtering template 8/96 segment 6/15
2026-09-06T20:04:58.729+01:00 INFO : 1 points above threshold
2026-09-06T20:04:58.732+01:00 INFO : Filtering template 8/96 segment 7/15
2026-09-06T20:04:58.740+01:00 INFO : 2 points above threshold
2026-09-06T20:04:58.744+01:00 INFO : Filtering template 8/96 segment 8/15
2026-09-06T20:04:58.752+01:00 INFO : 2 points above threshold
2026-09-06T20:04:58.756+01:00 INFO : Filtering template 8/96 segment 9/15
2026-09-06T20:04:58.764+01:00 INFO : Filtering template 8/96 segment 10/15
2026-09-06T20:04:58.773+01:00 INFO : Filtering template 8/96 segment 11/15
2026-09-06T20:04:58.781+01:00 INFO : Filtering template 8/96 segment 12/15
2026-09-06T20:04:58.789+01:00 INFO : Filtering template 8/96 segment 13/15
2026-09-06T20:04:58.798+01:00 INFO : Filtering template 8/96 segment 14/15
2026-09-06T20:04:58.806+01:00 INFO : Filtering template 8/96 segment 15/15
2026-09-06T20:04:58.815+01:00 INFO : 8: generating IMRPhenomD from 30.0 Hz
2026-09-06T20:04:58.817+01:00 INFO : Decompressing waveform using inline_linear
2026-09-06T20:04:58.820+01:00 INFO : Filtering template 9/96 segment 1/15
2026-09-06T20:04:58.829+01:00 INFO : Filtering template 9/96 segment 2/15
2026-09-06T20:04:58.838+01:00 INFO : Filtering template 9/96 segment 3/15
2026-09-06T20:04:58.846+01:00 INFO : Filtering template 9/96 segment 4/15
2026-09-06T20:04:58.855+01:00 INFO : Filtering template 9/96 segment 5/15
2026-09-06T20:04:58.863+01:00 INFO : Filtering template 9/96 segment 6/15
2026-09-06T20:04:58.872+01:00 INFO : 1 points above threshold
2026-09-06T20:04:58.880+01:00 INFO : Filtering template 9/96 segment 7/15
2026-09-06T20:04:58.889+01:00 INFO : 1 points above threshold
2026-09-06T20:04:58.891+01:00 INFO : Filtering template 9/96 segment 8/15
2026-09-06T20:04:58.900+01:00 INFO : Filtering template 9/96 segment 9/15
2026-09-06T20:04:58.908+01:00 INFO : 1 points above threshold
2026-09-06T20:04:58.911+01:00 INFO : Filtering template 9/96 segment 10/15
2026-09-06T20:04:58.919+01:00 INFO : 1 points above threshold
2026-09-06T20:04:58.922+01:00 INFO : Filtering template 9/96 segment 11/15
2026-09-06T20:04:58.930+01:00 INFO : Filtering template 9/96 segment 12/15
2026-09-06T20:04:58.939+01:00 INFO : Filtering template 9/96 segment 13/15
2026-09-06T20:04:58.947+01:00 INFO : 2 points above threshold
2026-09-06T20:04:58.951+01:00 INFO : Filtering template 9/96 segment 14/15
2026-09-06T20:04:58.960+01:00 INFO : 1 points above threshold
2026-09-06T20:04:58.962+01:00 INFO : Filtering template 9/96 segment 15/15
2026-09-06T20:04:58.971+01:00 INFO : 9: generating IMRPhenomD from 30.0 Hz
2026-09-06T20:04:58.973+01:00 INFO : Decompressing waveform using inline_linear
2026-09-06T20:04:58.976+01:00 INFO : Filtering template 10/96 segment 1/15
2026-09-06T20:04:58.986+01:00 INFO : Filtering template 10/96 segment 2/15
2026-09-06T20:04:58.994+01:00 INFO : Filtering template 10/96 segment 3/15
2026-09-06T20:04:59.003+01:00 INFO : 1 points above threshold
2026-09-06T20:04:59.011+01:00 INFO : Filtering template 10/96 segment 4/15
2026-09-06T20:04:59.020+01:00 INFO : Filtering template 10/96 segment 5/15
2026-09-06T20:04:59.028+01:00 INFO : 1 points above threshold
2026-09-06T20:04:59.031+01:00 INFO : Filtering template 10/96 segment 6/15
2026-09-06T20:04:59.039+01:00 INFO : Filtering template 10/96 segment 7/15
2026-09-06T20:04:59.048+01:00 INFO : Filtering template 10/96 segment 8/15
2026-09-06T20:04:59.056+01:00 INFO : Filtering template 10/96 segment 9/15
2026-09-06T20:04:59.064+01:00 INFO : Filtering template 10/96 segment 10/15
2026-09-06T20:04:59.073+01:00 INFO : Filtering template 10/96 segment 11/15
2026-09-06T20:04:59.081+01:00 INFO : 1 points above threshold
2026-09-06T20:04:59.084+01:00 INFO : Filtering template 10/96 segment 12/15
2026-09-06T20:04:59.092+01:00 INFO : 1 points above threshold
2026-09-06T20:04:59.095+01:00 INFO : Filtering template 10/96 segment 13/15
2026-09-06T20:04:59.103+01:00 INFO : 1 points above threshold
2026-09-06T20:04:59.106+01:00 INFO : Filtering template 10/96 segment 14/15
2026-09-06T20:04:59.114+01:00 INFO : Filtering template 10/96 segment 15/15
2026-09-06T20:04:59.123+01:00 INFO : 10: generating IMRPhenomD from 30.0 Hz
2026-09-06T20:04:59.125+01:00 INFO : Decompressing waveform using inline_linear
2026-09-06T20:04:59.128+01:00 INFO : Filtering template 11/96 segment 1/15
2026-09-06T20:04:59.137+01:00 INFO : 2 points above threshold
2026-09-06T20:04:59.147+01:00 INFO : Filtering template 11/96 segment 2/15
2026-09-06T20:04:59.155+01:00 INFO : 1 points above threshold
2026-09-06T20:04:59.158+01:00 INFO : Filtering template 11/96 segment 3/15
2026-09-06T20:04:59.166+01:00 INFO : 1 points above threshold
2026-09-06T20:04:59.169+01:00 INFO : Filtering template 11/96 segment 4/15
2026-09-06T20:04:59.177+01:00 INFO : 1 points above threshold
2026-09-06T20:04:59.180+01:00 INFO : Filtering template 11/96 segment 5/15
2026-09-06T20:04:59.188+01:00 INFO : Filtering template 11/96 segment 6/15
2026-09-06T20:04:59.196+01:00 INFO : 2 points above threshold
2026-09-06T20:04:59.200+01:00 INFO : Filtering template 11/96 segment 7/15
2026-09-06T20:04:59.208+01:00 INFO : 1 points above threshold
2026-09-06T20:04:59.211+01:00 INFO : Filtering template 11/96 segment 8/15
2026-09-06T20:04:59.220+01:00 INFO : Filtering template 11/96 segment 9/15
2026-09-06T20:04:59.228+01:00 INFO : Filtering template 11/96 segment 10/15
2026-09-06T20:04:59.236+01:00 INFO : Filtering template 11/96 segment 11/15
2026-09-06T20:04:59.245+01:00 INFO : Filtering template 11/96 segment 12/15
2026-09-06T20:04:59.253+01:00 INFO : Filtering template 11/96 segment 13/15
2026-09-06T20:04:59.262+01:00 INFO : Filtering template 11/96 segment 14/15
2026-09-06T20:04:59.270+01:00 INFO : Filtering template 11/96 segment 15/15
2026-09-06T20:04:59.279+01:00 INFO : 11: generating IMRPhenomD from 30.0 Hz
2026-09-06T20:04:59.281+01:00 INFO : Decompressing waveform using inline_linear
2026-09-06T20:04:59.284+01:00 INFO : Filtering template 12/96 segment 1/15
2026-09-06T20:04:59.293+01:00 INFO : 1 points above threshold
2026-09-06T20:04:59.302+01:00 INFO : Filtering template 12/96 segment 2/15
2026-09-06T20:04:59.310+01:00 INFO : Filtering template 12/96 segment 3/15
2026-09-06T20:04:59.319+01:00 INFO : Filtering template 12/96 segment 4/15
2026-09-06T20:04:59.327+01:00 INFO : Filtering template 12/96 segment 5/15
2026-09-06T20:04:59.336+01:00 INFO : Filtering template 12/96 segment 6/15
2026-09-06T20:04:59.344+01:00 INFO : 1 points above threshold
2026-09-06T20:04:59.347+01:00 INFO : Filtering template 12/96 segment 7/15
2026-09-06T20:04:59.355+01:00 INFO : 1 points above threshold
2026-09-06T20:04:59.358+01:00 INFO : Filtering template 12/96 segment 8/15
2026-09-06T20:04:59.366+01:00 INFO : Filtering template 12/96 segment 9/15
2026-09-06T20:04:59.375+01:00 INFO : Filtering template 12/96 segment 10/15
2026-09-06T20:04:59.383+01:00 INFO : 2 points above threshold
2026-09-06T20:04:59.387+01:00 INFO : Filtering template 12/96 segment 11/15
2026-09-06T20:04:59.395+01:00 INFO : 1 points above threshold
2026-09-06T20:04:59.398+01:00 INFO : Filtering template 12/96 segment 12/15
2026-09-06T20:04:59.406+01:00 INFO : Filtering template 12/96 segment 13/15
2026-09-06T20:04:59.414+01:00 INFO : Filtering template 12/96 segment 14/15
2026-09-06T20:04:59.423+01:00 INFO : Filtering template 12/96 segment 15/15
2026-09-06T20:04:59.431+01:00 INFO : 12: generating IMRPhenomD from 30.0 Hz
2026-09-06T20:04:59.434+01:00 INFO : Decompressing waveform using inline_linear
2026-09-06T20:04:59.436+01:00 INFO : Filtering template 13/96 segment 1/15
2026-09-06T20:04:59.446+01:00 INFO : Filtering template 13/96 segment 2/15
2026-09-06T20:04:59.454+01:00 INFO : Filtering template 13/96 segment 3/15
2026-09-06T20:04:59.463+01:00 INFO : Filtering template 13/96 segment 4/15
2026-09-06T20:04:59.471+01:00 INFO : 2 points above threshold
2026-09-06T20:04:59.480+01:00 INFO : Filtering template 13/96 segment 5/15
2026-09-06T20:04:59.489+01:00 INFO : Filtering template 13/96 segment 6/15
2026-09-06T20:04:59.497+01:00 INFO : 2 points above threshold
2026-09-06T20:04:59.501+01:00 INFO : Filtering template 13/96 segment 7/15
2026-09-06T20:04:59.509+01:00 INFO : Filtering template 13/96 segment 8/15
2026-09-06T20:04:59.518+01:00 INFO : Filtering template 13/96 segment 9/15
2026-09-06T20:04:59.526+01:00 INFO : Filtering template 13/96 segment 10/15
2026-09-06T20:04:59.534+01:00 INFO : Filtering template 13/96 segment 11/15
2026-09-06T20:04:59.543+01:00 INFO : Filtering template 13/96 segment 12/15
2026-09-06T20:04:59.551+01:00 INFO : Filtering template 13/96 segment 13/15
2026-09-06T20:04:59.560+01:00 INFO : Filtering template 13/96 segment 14/15
2026-09-06T20:04:59.568+01:00 INFO : 1 points above threshold
2026-09-06T20:04:59.571+01:00 INFO : Filtering template 13/96 segment 15/15
2026-09-06T20:04:59.579+01:00 INFO : 13: generating IMRPhenomD from 30.0 Hz
2026-09-06T20:04:59.582+01:00 INFO : Decompressing waveform using inline_linear
2026-09-06T20:04:59.584+01:00 INFO : Filtering template 14/96 segment 1/15
2026-09-06T20:04:59.594+01:00 INFO : 1 points above threshold
2026-09-06T20:04:59.602+01:00 INFO : Filtering template 14/96 segment 2/15
2026-09-06T20:04:59.610+01:00 INFO : Filtering template 14/96 segment 3/15
2026-09-06T20:04:59.619+01:00 INFO : Filtering template 14/96 segment 4/15
2026-09-06T20:04:59.627+01:00 INFO : Filtering template 14/96 segment 5/15
2026-09-06T20:04:59.635+01:00 INFO : 1 points above threshold
2026-09-06T20:04:59.638+01:00 INFO : Filtering template 14/96 segment 6/15
2026-09-06T20:04:59.646+01:00 INFO : 1 points above threshold
2026-09-06T20:04:59.649+01:00 INFO : Filtering template 14/96 segment 7/15
2026-09-06T20:04:59.658+01:00 INFO : 2 points above threshold
2026-09-06T20:04:59.661+01:00 INFO : Filtering template 14/96 segment 8/15
2026-09-06T20:04:59.670+01:00 INFO : Filtering template 14/96 segment 9/15
2026-09-06T20:04:59.678+01:00 INFO : Filtering template 14/96 segment 10/15
2026-09-06T20:04:59.687+01:00 INFO : Filtering template 14/96 segment 11/15
2026-09-06T20:04:59.695+01:00 INFO : 1 points above threshold
2026-09-06T20:04:59.698+01:00 INFO : Filtering template 14/96 segment 12/15
2026-09-06T20:04:59.706+01:00 INFO : 1 points above threshold
2026-09-06T20:04:59.709+01:00 INFO : Filtering template 14/96 segment 13/15
2026-09-06T20:04:59.717+01:00 INFO : Filtering template 14/96 segment 14/15
2026-09-06T20:04:59.725+01:00 INFO : Filtering template 14/96 segment 15/15
2026-09-06T20:04:59.734+01:00 INFO : 14: generating IMRPhenomD from 30.0 Hz
2026-09-06T20:04:59.736+01:00 INFO : Decompressing waveform using inline_linear
2026-09-06T20:04:59.739+01:00 INFO : Filtering template 15/96 segment 1/15
2026-09-06T20:04:59.748+01:00 INFO : Filtering template 15/96 segment 2/15
2026-09-06T20:04:59.757+01:00 INFO : 1 points above threshold
2026-09-06T20:04:59.765+01:00 INFO : Filtering template 15/96 segment 3/15
2026-09-06T20:04:59.774+01:00 INFO : Filtering template 15/96 segment 4/15
2026-09-06T20:04:59.782+01:00 INFO : Filtering template 15/96 segment 5/15
2026-09-06T20:04:59.790+01:00 INFO : Filtering template 15/96 segment 6/15
2026-09-06T20:04:59.799+01:00 INFO : Filtering template 15/96 segment 7/15
2026-09-06T20:04:59.807+01:00 INFO : 1 points above threshold
2026-09-06T20:04:59.810+01:00 INFO : Filtering template 15/96 segment 8/15
2026-09-06T20:04:59.818+01:00 INFO : Filtering template 15/96 segment 9/15
2026-09-06T20:04:59.827+01:00 INFO : Filtering template 15/96 segment 10/15
2026-09-06T20:04:59.835+01:00 INFO : Filtering template 15/96 segment 11/15
2026-09-06T20:04:59.843+01:00 INFO : 1 points above threshold
2026-09-06T20:04:59.846+01:00 INFO : Filtering template 15/96 segment 12/15
2026-09-06T20:04:59.855+01:00 INFO : 1 points above threshold
2026-09-06T20:04:59.857+01:00 INFO : Filtering template 15/96 segment 13/15
2026-09-06T20:04:59.866+01:00 INFO : 2 points above threshold
2026-09-06T20:04:59.869+01:00 INFO : Filtering template 15/96 segment 14/15
2026-09-06T20:04:59.878+01:00 INFO : 1 points above threshold
2026-09-06T20:04:59.881+01:00 INFO : Filtering template 15/96 segment 15/15
2026-09-06T20:04:59.890+01:00 INFO : 15: generating IMRPhenomD from 30.0 Hz
2026-09-06T20:04:59.892+01:00 INFO : Decompressing waveform using inline_linear
2026-09-06T20:04:59.894+01:00 INFO : Filtering template 16/96 segment 1/15
2026-09-06T20:04:59.904+01:00 INFO : 1 points above threshold
2026-09-06T20:04:59.912+01:00 INFO : Filtering template 16/96 segment 2/15
2026-09-06T20:04:59.921+01:00 INFO : Filtering template 16/96 segment 3/15
2026-09-06T20:04:59.929+01:00 INFO : Filtering template 16/96 segment 4/15
2026-09-06T20:04:59.937+01:00 INFO : 1 points above threshold
2026-09-06T20:04:59.940+01:00 INFO : Filtering template 16/96 segment 5/15
2026-09-06T20:04:59.949+01:00 INFO : 1 points above threshold
2026-09-06T20:04:59.951+01:00 INFO : Filtering template 16/96 segment 6/15
2026-09-06T20:04:59.960+01:00 INFO : Filtering template 16/96 segment 7/15
2026-09-06T20:04:59.968+01:00 INFO : 1 points above threshold
2026-09-06T20:04:59.971+01:00 INFO : Filtering template 16/96 segment 8/15
2026-09-06T20:04:59.979+01:00 INFO : 1 points above threshold
2026-09-06T20:04:59.982+01:00 INFO : Filtering template 16/96 segment 9/15
2026-09-06T20:04:59.990+01:00 INFO : 1 points above threshold
2026-09-06T20:04:59.993+01:00 INFO : Filtering template 16/96 segment 10/15
2026-09-06T20:05:00.001+01:00 INFO : 1 points above threshold
2026-09-06T20:05:00.004+01:00 INFO : Filtering template 16/96 segment 11/15
2026-09-06T20:05:00.012+01:00 INFO : 1 points above threshold
2026-09-06T20:05:00.015+01:00 INFO : Filtering template 16/96 segment 12/15
2026-09-06T20:05:00.023+01:00 INFO : Filtering template 16/96 segment 13/15
2026-09-06T20:05:00.032+01:00 INFO : Filtering template 16/96 segment 14/15
2026-09-06T20:05:00.040+01:00 INFO : Filtering template 16/96 segment 15/15
2026-09-06T20:05:00.049+01:00 INFO : 16: generating IMRPhenomD from 30.0 Hz
2026-09-06T20:05:00.051+01:00 INFO : Decompressing waveform using inline_linear
2026-09-06T20:05:00.054+01:00 INFO : Filtering template 17/96 segment 1/15
2026-09-06T20:05:00.063+01:00 INFO : Filtering template 17/96 segment 2/15
2026-09-06T20:05:00.071+01:00 INFO : 1 points above threshold
2026-09-06T20:05:00.080+01:00 INFO : Filtering template 17/96 segment 3/15
2026-09-06T20:05:00.088+01:00 INFO : 1 points above threshold
2026-09-06T20:05:00.091+01:00 INFO : Filtering template 17/96 segment 4/15
2026-09-06T20:05:00.099+01:00 INFO : Filtering template 17/96 segment 5/15
2026-09-06T20:05:00.108+01:00 INFO : 1 points above threshold
2026-09-06T20:05:00.110+01:00 INFO : Filtering template 17/96 segment 6/15
2026-09-06T20:05:00.119+01:00 INFO : 2 points above threshold
2026-09-06T20:05:00.122+01:00 INFO : Filtering template 17/96 segment 7/15
2026-09-06T20:05:00.131+01:00 INFO : Filtering template 17/96 segment 8/15
2026-09-06T20:05:00.139+01:00 INFO : Filtering template 17/96 segment 9/15
2026-09-06T20:05:00.147+01:00 INFO : Filtering template 17/96 segment 10/15
2026-09-06T20:05:00.156+01:00 INFO : 2 points above threshold
2026-09-06T20:05:00.160+01:00 INFO : Filtering template 17/96 segment 11/15
2026-09-06T20:05:00.168+01:00 INFO : Filtering template 17/96 segment 12/15
2026-09-06T20:05:00.176+01:00 INFO : Filtering template 17/96 segment 13/15
2026-09-06T20:05:00.185+01:00 INFO : 2 points above threshold
2026-09-06T20:05:00.188+01:00 INFO : Filtering template 17/96 segment 14/15
2026-09-06T20:05:00.197+01:00 INFO : 1 points above threshold
2026-09-06T20:05:00.199+01:00 INFO : Filtering template 17/96 segment 15/15
2026-09-06T20:05:00.208+01:00 INFO : 17: generating IMRPhenomD from 30.0 Hz
2026-09-06T20:05:00.210+01:00 INFO : Decompressing waveform using inline_linear
2026-09-06T20:05:00.213+01:00 INFO : Filtering template 18/96 segment 1/15
2026-09-06T20:05:00.222+01:00 INFO : Filtering template 18/96 segment 2/15
2026-09-06T20:05:00.231+01:00 INFO : Filtering template 18/96 segment 3/15
2026-09-06T20:05:00.239+01:00 INFO : Filtering template 18/96 segment 4/15
2026-09-06T20:05:00.247+01:00 INFO : Filtering template 18/96 segment 5/15
2026-09-06T20:05:00.256+01:00 INFO : Filtering template 18/96 segment 6/15
2026-09-06T20:05:00.264+01:00 INFO : Filtering template 18/96 segment 7/15
2026-09-06T20:05:00.273+01:00 INFO : Filtering template 18/96 segment 8/15
2026-09-06T20:05:00.281+01:00 INFO : 1 points above threshold
2026-09-06T20:05:00.290+01:00 INFO : Filtering template 18/96 segment 9/15
2026-09-06T20:05:00.298+01:00 INFO : Filtering template 18/96 segment 10/15
2026-09-06T20:05:00.306+01:00 INFO : Filtering template 18/96 segment 11/15
2026-09-06T20:05:00.315+01:00 INFO : Filtering template 18/96 segment 12/15
2026-09-06T20:05:00.323+01:00 INFO : Filtering template 18/96 segment 13/15
2026-09-06T20:05:00.332+01:00 INFO : Filtering template 18/96 segment 14/15
2026-09-06T20:05:00.340+01:00 INFO : 2 points above threshold
2026-09-06T20:05:00.344+01:00 INFO : Filtering template 18/96 segment 15/15
2026-09-06T20:05:00.352+01:00 INFO : 18: generating IMRPhenomD from 30.0 Hz
2026-09-06T20:05:00.354+01:00 INFO : Decompressing waveform using inline_linear
2026-09-06T20:05:00.357+01:00 INFO : Filtering template 19/96 segment 1/15
2026-09-06T20:05:00.366+01:00 INFO : 2 points above threshold
2026-09-06T20:05:00.376+01:00 INFO : Filtering template 19/96 segment 2/15
2026-09-06T20:05:00.384+01:00 INFO : Filtering template 19/96 segment 3/15
2026-09-06T20:05:00.392+01:00 INFO : 1 points above threshold
2026-09-06T20:05:00.395+01:00 INFO : Filtering template 19/96 segment 4/15
2026-09-06T20:05:00.403+01:00 INFO : Filtering template 19/96 segment 5/15
2026-09-06T20:05:00.412+01:00 INFO : 1 points above threshold
2026-09-06T20:05:00.415+01:00 INFO : Filtering template 19/96 segment 6/15
2026-09-06T20:05:00.423+01:00 INFO : Filtering template 19/96 segment 7/15
2026-09-06T20:05:00.431+01:00 INFO : 1 points above threshold
2026-09-06T20:05:00.434+01:00 INFO : Filtering template 19/96 segment 8/15
2026-09-06T20:05:00.442+01:00 INFO : Filtering template 19/96 segment 9/15
2026-09-06T20:05:00.451+01:00 INFO : Filtering template 19/96 segment 10/15
2026-09-06T20:05:00.459+01:00 INFO : 1 points above threshold
2026-09-06T20:05:00.462+01:00 INFO : Filtering template 19/96 segment 11/15
2026-09-06T20:05:00.470+01:00 INFO : 1 points above threshold
2026-09-06T20:05:00.473+01:00 INFO : Filtering template 19/96 segment 12/15
2026-09-06T20:05:00.481+01:00 INFO : 1 points above threshold
2026-09-06T20:05:00.484+01:00 INFO : Filtering template 19/96 segment 13/15
2026-09-06T20:05:00.492+01:00 INFO : Filtering template 19/96 segment 14/15
2026-09-06T20:05:00.501+01:00 INFO : 1 points above threshold
2026-09-06T20:05:00.504+01:00 INFO : Filtering template 19/96 segment 15/15
2026-09-06T20:05:00.512+01:00 INFO : 19: generating IMRPhenomD from 30.0 Hz
2026-09-06T20:05:00.514+01:00 INFO : Decompressing waveform using inline_linear
2026-09-06T20:05:00.517+01:00 INFO : Filtering template 20/96 segment 1/15
2026-09-06T20:05:00.526+01:00 INFO : Filtering template 20/96 segment 2/15
2026-09-06T20:05:00.535+01:00 INFO : Filtering template 20/96 segment 3/15
2026-09-06T20:05:00.543+01:00 INFO : 1 points above threshold
2026-09-06T20:05:00.552+01:00 INFO : Filtering template 20/96 segment 4/15
2026-09-06T20:05:00.560+01:00 INFO : 1 points above threshold
2026-09-06T20:05:00.563+01:00 INFO : Filtering template 20/96 segment 5/15
2026-09-06T20:05:00.571+01:00 INFO : Filtering template 20/96 segment 6/15
2026-09-06T20:05:00.579+01:00 INFO : 2 points above threshold
2026-09-06T20:05:00.583+01:00 INFO : Filtering template 20/96 segment 7/15
2026-09-06T20:05:00.591+01:00 INFO : Filtering template 20/96 segment 8/15
2026-09-06T20:05:00.600+01:00 INFO : Filtering template 20/96 segment 9/15
2026-09-06T20:05:00.608+01:00 INFO : Filtering template 20/96 segment 10/15
2026-09-06T20:05:00.617+01:00 INFO : 1 points above threshold
2026-09-06T20:05:00.619+01:00 INFO : Filtering template 20/96 segment 11/15
2026-09-06T20:05:00.628+01:00 INFO : 1 points above threshold
2026-09-06T20:05:00.630+01:00 INFO : Filtering template 20/96 segment 12/15
2026-09-06T20:05:00.639+01:00 INFO : Filtering template 20/96 segment 13/15
2026-09-06T20:05:00.647+01:00 INFO : Filtering template 20/96 segment 14/15
2026-09-06T20:05:00.655+01:00 INFO : Filtering template 20/96 segment 15/15
2026-09-06T20:05:00.664+01:00 INFO : 20: generating IMRPhenomD from 30.0 Hz
2026-09-06T20:05:00.666+01:00 INFO : Decompressing waveform using inline_linear
2026-09-06T20:05:00.669+01:00 INFO : Filtering template 21/96 segment 1/15
2026-09-06T20:05:00.678+01:00 INFO : Filtering template 21/96 segment 2/15
2026-09-06T20:05:00.687+01:00 INFO : Filtering template 21/96 segment 3/15
2026-09-06T20:05:00.695+01:00 INFO : 1 points above threshold
2026-09-06T20:05:00.704+01:00 INFO : Filtering template 21/96 segment 4/15
2026-09-06T20:05:00.712+01:00 INFO : Filtering template 21/96 segment 5/15
2026-09-06T20:05:00.720+01:00 INFO : Filtering template 21/96 segment 6/15
2026-09-06T20:05:00.729+01:00 INFO : 1 points above threshold
2026-09-06T20:05:00.732+01:00 INFO : Filtering template 21/96 segment 7/15
2026-09-06T20:05:00.740+01:00 INFO : 1 points above threshold
2026-09-06T20:05:00.743+01:00 INFO : Filtering template 21/96 segment 8/15
2026-09-06T20:05:00.751+01:00 INFO : Filtering template 21/96 segment 9/15
2026-09-06T20:05:00.759+01:00 INFO : Filtering template 21/96 segment 10/15
2026-09-06T20:05:00.768+01:00 INFO : Filtering template 21/96 segment 11/15
2026-09-06T20:05:00.776+01:00 INFO : Filtering template 21/96 segment 12/15
2026-09-06T20:05:00.785+01:00 INFO : Filtering template 21/96 segment 13/15
2026-09-06T20:05:00.793+01:00 INFO : Filtering template 21/96 segment 14/15
2026-09-06T20:05:00.802+01:00 INFO : Filtering template 21/96 segment 15/15
2026-09-06T20:05:00.810+01:00 INFO : 21: generating IMRPhenomD from 30.0 Hz
2026-09-06T20:05:00.812+01:00 INFO : Decompressing waveform using inline_linear
2026-09-06T20:05:00.815+01:00 INFO : Filtering template 22/96 segment 1/15
2026-09-06T20:05:00.824+01:00 INFO : 2 points above threshold
2026-09-06T20:05:00.834+01:00 INFO : Filtering template 22/96 segment 2/15
2026-09-06T20:05:00.842+01:00 INFO : Filtering template 22/96 segment 3/15
2026-09-06T20:05:00.851+01:00 INFO : 3 points above threshold
2026-09-06T20:05:00.855+01:00 INFO : Filtering template 22/96 segment 4/15
2026-09-06T20:05:00.864+01:00 INFO : Filtering template 22/96 segment 5/15
2026-09-06T20:05:00.872+01:00 INFO : Filtering template 22/96 segment 6/15
2026-09-06T20:05:00.881+01:00 INFO : Filtering template 22/96 segment 7/15
2026-09-06T20:05:00.889+01:00 INFO : Filtering template 22/96 segment 8/15
2026-09-06T20:05:00.897+01:00 INFO : Filtering template 22/96 segment 9/15
2026-09-06T20:05:00.906+01:00 INFO : Filtering template 22/96 segment 10/15
2026-09-06T20:05:00.914+01:00 INFO : Filtering template 22/96 segment 11/15
2026-09-06T20:05:00.923+01:00 INFO : 1 points above threshold
2026-09-06T20:05:00.925+01:00 INFO : Filtering template 22/96 segment 12/15
2026-09-06T20:05:00.934+01:00 INFO : Filtering template 22/96 segment 13/15
2026-09-06T20:05:00.942+01:00 INFO : Filtering template 22/96 segment 14/15
2026-09-06T20:05:00.951+01:00 INFO : 1 points above threshold
2026-09-06T20:05:00.953+01:00 INFO : Filtering template 22/96 segment 15/15
2026-09-06T20:05:00.962+01:00 INFO : 22: generating IMRPhenomD from 30.0 Hz
2026-09-06T20:05:00.964+01:00 INFO : Decompressing waveform using inline_linear
2026-09-06T20:05:00.966+01:00 INFO : Filtering template 23/96 segment 1/15
2026-09-06T20:05:00.976+01:00 INFO : Filtering template 23/96 segment 2/15
2026-09-06T20:05:00.984+01:00 INFO : 1 points above threshold
2026-09-06T20:05:00.993+01:00 INFO : Filtering template 23/96 segment 3/15
2026-09-06T20:05:01.001+01:00 INFO : 1 points above threshold
2026-09-06T20:05:01.004+01:00 INFO : Filtering template 23/96 segment 4/15
2026-09-06T20:05:01.012+01:00 INFO : 1 points above threshold
2026-09-06T20:05:01.015+01:00 INFO : Filtering template 23/96 segment 5/15
2026-09-06T20:05:01.023+01:00 INFO : Filtering template 23/96 segment 6/15
2026-09-06T20:05:01.032+01:00 INFO : Filtering template 23/96 segment 7/15
2026-09-06T20:05:01.040+01:00 INFO : 1 points above threshold
2026-09-06T20:05:01.043+01:00 INFO : Filtering template 23/96 segment 8/15
2026-09-06T20:05:01.051+01:00 INFO : Filtering template 23/96 segment 9/15
2026-09-06T20:05:01.060+01:00 INFO : Filtering template 23/96 segment 10/15
2026-09-06T20:05:01.068+01:00 INFO : Filtering template 23/96 segment 11/15
2026-09-06T20:05:01.077+01:00 INFO : Filtering template 23/96 segment 12/15
2026-09-06T20:05:01.085+01:00 INFO : Filtering template 23/96 segment 13/15
2026-09-06T20:05:01.093+01:00 INFO : Filtering template 23/96 segment 14/15
2026-09-06T20:05:01.102+01:00 INFO : Filtering template 23/96 segment 15/15
2026-09-06T20:05:01.110+01:00 INFO : 23: generating IMRPhenomD from 30.0 Hz
2026-09-06T20:05:01.112+01:00 INFO : Decompressing waveform using inline_linear
2026-09-06T20:05:01.115+01:00 INFO : Filtering template 24/96 segment 1/15
2026-09-06T20:05:01.125+01:00 INFO : 1 points above threshold
2026-09-06T20:05:01.133+01:00 INFO : Filtering template 24/96 segment 2/15
2026-09-06T20:05:01.141+01:00 INFO : Filtering template 24/96 segment 3/15
2026-09-06T20:05:01.150+01:00 INFO : Filtering template 24/96 segment 4/15
2026-09-06T20:05:01.158+01:00 INFO : Filtering template 24/96 segment 5/15
2026-09-06T20:05:01.167+01:00 INFO : Filtering template 24/96 segment 6/15
2026-09-06T20:05:01.175+01:00 INFO : 2 points above threshold
2026-09-06T20:05:01.179+01:00 INFO : Filtering template 24/96 segment 7/15
2026-09-06T20:05:01.187+01:00 INFO : 1 points above threshold
2026-09-06T20:05:01.190+01:00 INFO : Filtering template 24/96 segment 8/15
2026-09-06T20:05:01.198+01:00 INFO : Filtering template 24/96 segment 9/15
2026-09-06T20:05:01.207+01:00 INFO : Filtering template 24/96 segment 10/15
2026-09-06T20:05:01.215+01:00 INFO : Filtering template 24/96 segment 11/15
2026-09-06T20:05:01.223+01:00 INFO : Filtering template 24/96 segment 12/15
2026-09-06T20:05:01.232+01:00 INFO : Filtering template 24/96 segment 13/15
2026-09-06T20:05:01.240+01:00 INFO : 2 points above threshold
2026-09-06T20:05:01.244+01:00 INFO : Filtering template 24/96 segment 14/15
2026-09-06T20:05:01.252+01:00 INFO : Filtering template 24/96 segment 15/15
2026-09-06T20:05:01.261+01:00 INFO : 24: generating IMRPhenomD from 30.0 Hz
2026-09-06T20:05:01.263+01:00 INFO : Decompressing waveform using inline_linear
2026-09-06T20:05:01.266+01:00 INFO : Filtering template 25/96 segment 1/15
2026-09-06T20:05:01.275+01:00 INFO : 1 points above threshold
2026-09-06T20:05:01.284+01:00 INFO : Filtering template 25/96 segment 2/15
2026-09-06T20:05:01.292+01:00 INFO : 1 points above threshold
2026-09-06T20:05:01.295+01:00 INFO : Filtering template 25/96 segment 3/15
2026-09-06T20:05:01.303+01:00 INFO : Filtering template 25/96 segment 4/15
2026-09-06T20:05:01.313+01:00 INFO : Filtering template 25/96 segment 5/15
2026-09-06T20:05:01.321+01:00 INFO : Filtering template 25/96 segment 6/15
2026-09-06T20:05:01.330+01:00 INFO : Filtering template 25/96 segment 7/15
2026-09-06T20:05:01.338+01:00 INFO : Filtering template 25/96 segment 8/15
2026-09-06T20:05:01.347+01:00 INFO : Filtering template 25/96 segment 9/15
2026-09-06T20:05:01.355+01:00 INFO : Filtering template 25/96 segment 10/15
2026-09-06T20:05:01.364+01:00 INFO : Filtering template 25/96 segment 11/15
2026-09-06T20:05:01.372+01:00 INFO : Filtering template 25/96 segment 12/15
2026-09-06T20:05:01.381+01:00 INFO : Filtering template 25/96 segment 13/15
2026-09-06T20:05:01.389+01:00 INFO : Filtering template 25/96 segment 14/15
2026-09-06T20:05:01.397+01:00 INFO : Filtering template 25/96 segment 15/15
2026-09-06T20:05:01.406+01:00 INFO : 25: generating IMRPhenomD from 30.0 Hz
2026-09-06T20:05:01.408+01:00 INFO : Decompressing waveform using inline_linear
2026-09-06T20:05:01.411+01:00 INFO : Filtering template 26/96 segment 1/15
2026-09-06T20:05:01.420+01:00 INFO : Filtering template 26/96 segment 2/15
2026-09-06T20:05:01.429+01:00 INFO : Filtering template 26/96 segment 3/15
2026-09-06T20:05:01.437+01:00 INFO : Filtering template 26/96 segment 4/15
2026-09-06T20:05:01.445+01:00 INFO : Filtering template 26/96 segment 5/15
2026-09-06T20:05:01.454+01:00 INFO : Filtering template 26/96 segment 6/15
2026-09-06T20:05:01.462+01:00 INFO : 2 points above threshold
2026-09-06T20:05:01.471+01:00 INFO : Filtering template 26/96 segment 7/15
2026-09-06T20:05:01.480+01:00 INFO : Filtering template 26/96 segment 8/15
2026-09-06T20:05:01.488+01:00 INFO : Filtering template 26/96 segment 9/15
2026-09-06T20:05:01.497+01:00 INFO : Filtering template 26/96 segment 10/15
2026-09-06T20:05:01.505+01:00 INFO : Filtering template 26/96 segment 11/15
2026-09-06T20:05:01.513+01:00 INFO : 1 points above threshold
2026-09-06T20:05:01.516+01:00 INFO : Filtering template 26/96 segment 12/15
2026-09-06T20:05:01.524+01:00 INFO : 1 points above threshold
2026-09-06T20:05:01.527+01:00 INFO : Filtering template 26/96 segment 13/15
2026-09-06T20:05:01.536+01:00 INFO : 2 points above threshold
2026-09-06T20:05:01.539+01:00 INFO : Filtering template 26/96 segment 14/15
2026-09-06T20:05:01.548+01:00 INFO : Filtering template 26/96 segment 15/15
2026-09-06T20:05:01.556+01:00 INFO : 26: generating IMRPhenomD from 30.0 Hz
2026-09-06T20:05:01.558+01:00 INFO : Decompressing waveform using inline_linear
2026-09-06T20:05:01.561+01:00 INFO : Filtering template 27/96 segment 1/15
2026-09-06T20:05:01.571+01:00 INFO : 1 points above threshold
2026-09-06T20:05:01.579+01:00 INFO : Filtering template 27/96 segment 2/15
2026-09-06T20:05:01.587+01:00 INFO : 1 points above threshold
2026-09-06T20:05:01.590+01:00 INFO : Filtering template 27/96 segment 3/15
2026-09-06T20:05:01.598+01:00 INFO : Filtering template 27/96 segment 4/15
2026-09-06T20:05:01.607+01:00 INFO : Filtering template 27/96 segment 5/15
2026-09-06T20:05:01.615+01:00 INFO : Filtering template 27/96 segment 6/15
2026-09-06T20:05:01.624+01:00 INFO : Filtering template 27/96 segment 7/15
2026-09-06T20:05:01.632+01:00 INFO : 1 points above threshold
2026-09-06T20:05:01.635+01:00 INFO : Filtering template 27/96 segment 8/15
2026-09-06T20:05:01.643+01:00 INFO : Filtering template 27/96 segment 9/15
2026-09-06T20:05:01.651+01:00 INFO : Filtering template 27/96 segment 10/15
2026-09-06T20:05:01.660+01:00 INFO : Filtering template 27/96 segment 11/15
2026-09-06T20:05:01.668+01:00 INFO : Filtering template 27/96 segment 12/15
2026-09-06T20:05:01.677+01:00 INFO : Filtering template 27/96 segment 13/15
2026-09-06T20:05:01.685+01:00 INFO : Filtering template 27/96 segment 14/15
2026-09-06T20:05:01.694+01:00 INFO : Filtering template 27/96 segment 15/15
2026-09-06T20:05:01.702+01:00 INFO : 27: generating IMRPhenomD from 30.0 Hz
2026-09-06T20:05:01.704+01:00 INFO : Decompressing waveform using inline_linear
2026-09-06T20:05:01.707+01:00 INFO : Filtering template 28/96 segment 1/15
2026-09-06T20:05:01.717+01:00 INFO : 1 points above threshold
2026-09-06T20:05:01.725+01:00 INFO : Filtering template 28/96 segment 2/15
2026-09-06T20:05:01.733+01:00 INFO : 2 points above threshold
2026-09-06T20:05:01.737+01:00 INFO : Filtering template 28/96 segment 3/15
2026-09-06T20:05:01.745+01:00 INFO : Filtering template 28/96 segment 4/15
2026-09-06T20:05:01.754+01:00 INFO : 1 points above threshold
2026-09-06T20:05:01.756+01:00 INFO : Filtering template 28/96 segment 5/15
2026-09-06T20:05:01.765+01:00 INFO : Filtering template 28/96 segment 6/15
2026-09-06T20:05:01.773+01:00 INFO : Filtering template 28/96 segment 7/15
2026-09-06T20:05:01.782+01:00 INFO : 1 points above threshold
2026-09-06T20:05:01.784+01:00 INFO : Filtering template 28/96 segment 8/15
2026-09-06T20:05:01.793+01:00 INFO : 1 points above threshold
2026-09-06T20:05:01.795+01:00 INFO : Filtering template 28/96 segment 9/15
2026-09-06T20:05:01.804+01:00 INFO : Filtering template 28/96 segment 10/15
2026-09-06T20:05:01.812+01:00 INFO : Filtering template 28/96 segment 11/15
2026-09-06T20:05:01.821+01:00 INFO : 1 points above threshold
2026-09-06T20:05:01.823+01:00 INFO : Filtering template 28/96 segment 12/15
2026-09-06T20:05:01.832+01:00 INFO : Filtering template 28/96 segment 13/15
2026-09-06T20:05:01.840+01:00 INFO : Filtering template 28/96 segment 14/15
2026-09-06T20:05:01.848+01:00 INFO : Filtering template 28/96 segment 15/15
2026-09-06T20:05:01.857+01:00 INFO : 28: generating IMRPhenomD from 30.0 Hz
2026-09-06T20:05:01.859+01:00 INFO : Decompressing waveform using inline_linear
2026-09-06T20:05:01.862+01:00 INFO : Filtering template 29/96 segment 1/15
2026-09-06T20:05:01.871+01:00 INFO : 1 points above threshold
2026-09-06T20:05:01.880+01:00 INFO : Filtering template 29/96 segment 2/15
2026-09-06T20:05:01.888+01:00 INFO : Filtering template 29/96 segment 3/15
2026-09-06T20:05:01.897+01:00 INFO : 1 points above threshold
2026-09-06T20:05:01.900+01:00 INFO : Filtering template 29/96 segment 4/15
2026-09-06T20:05:01.908+01:00 INFO : 1 points above threshold
2026-09-06T20:05:01.911+01:00 INFO : Filtering template 29/96 segment 5/15
2026-09-06T20:05:01.919+01:00 INFO : Filtering template 29/96 segment 6/15
2026-09-06T20:05:01.927+01:00 INFO : 1 points above threshold
2026-09-06T20:05:01.930+01:00 INFO : Filtering template 29/96 segment 7/15
2026-09-06T20:05:01.939+01:00 INFO : 1 points above threshold
2026-09-06T20:05:01.941+01:00 INFO : Filtering template 29/96 segment 8/15
2026-09-06T20:05:01.950+01:00 INFO : Filtering template 29/96 segment 9/15
2026-09-06T20:05:01.958+01:00 INFO : Filtering template 29/96 segment 10/15
2026-09-06T20:05:01.968+01:00 INFO : Filtering template 29/96 segment 11/15
2026-09-06T20:05:01.977+01:00 INFO : Filtering template 29/96 segment 12/15
2026-09-06T20:05:01.986+01:00 INFO : 2 points above threshold
2026-09-06T20:05:01.990+01:00 INFO : Filtering template 29/96 segment 13/15
2026-09-06T20:05:01.999+01:00 INFO : 2 points above threshold
2026-09-06T20:05:02.002+01:00 INFO : Filtering template 29/96 segment 14/15
2026-09-06T20:05:02.012+01:00 INFO : Filtering template 29/96 segment 15/15
2026-09-06T20:05:02.022+01:00 INFO : 29: generating IMRPhenomD from 30.0 Hz
2026-09-06T20:05:02.025+01:00 INFO : Decompressing waveform using inline_linear
2026-09-06T20:05:02.027+01:00 INFO : Filtering template 30/96 segment 1/15
2026-09-06T20:05:02.038+01:00 INFO : 1 points above threshold
2026-09-06T20:05:02.047+01:00 INFO : Filtering template 30/96 segment 2/15
2026-09-06T20:05:02.056+01:00 INFO : Filtering template 30/96 segment 3/15
2026-09-06T20:05:02.064+01:00 INFO : Filtering template 30/96 segment 4/15
2026-09-06T20:05:02.073+01:00 INFO : 1 points above threshold
2026-09-06T20:05:02.076+01:00 INFO : Filtering template 30/96 segment 5/15
2026-09-06T20:05:02.084+01:00 INFO : Filtering template 30/96 segment 6/15
2026-09-06T20:05:02.092+01:00 INFO : Filtering template 30/96 segment 7/15
2026-09-06T20:05:02.101+01:00 INFO : Filtering template 30/96 segment 8/15
2026-09-06T20:05:02.109+01:00 INFO : 1 points above threshold
2026-09-06T20:05:02.112+01:00 INFO : Filtering template 30/96 segment 9/15
2026-09-06T20:05:02.120+01:00 INFO : Filtering template 30/96 segment 10/15
2026-09-06T20:05:02.129+01:00 INFO : Filtering template 30/96 segment 11/15
2026-09-06T20:05:02.137+01:00 INFO : Filtering template 30/96 segment 12/15
2026-09-06T20:05:02.146+01:00 INFO : Filtering template 30/96 segment 13/15
2026-09-06T20:05:02.154+01:00 INFO : 1 points above threshold
2026-09-06T20:05:02.157+01:00 INFO : Filtering template 30/96 segment 14/15
2026-09-06T20:05:02.165+01:00 INFO : Filtering template 30/96 segment 15/15
2026-09-06T20:05:02.174+01:00 INFO : 30: generating IMRPhenomD from 30.0 Hz
2026-09-06T20:05:02.176+01:00 INFO : Decompressing waveform using inline_linear
2026-09-06T20:05:02.179+01:00 INFO : Filtering template 31/96 segment 1/15
2026-09-06T20:05:02.188+01:00 INFO : Filtering template 31/96 segment 2/15
2026-09-06T20:05:02.196+01:00 INFO : Filtering template 31/96 segment 3/15
2026-09-06T20:05:02.205+01:00 INFO : Filtering template 31/96 segment 4/15
2026-09-06T20:05:02.213+01:00 INFO : Filtering template 31/96 segment 5/15
2026-09-06T20:05:02.222+01:00 INFO : Filtering template 31/96 segment 6/15
2026-09-06T20:05:02.230+01:00 INFO : 1 points above threshold
2026-09-06T20:05:02.238+01:00 INFO : Filtering template 31/96 segment 7/15
2026-09-06T20:05:02.247+01:00 INFO : Filtering template 31/96 segment 8/15
2026-09-06T20:05:02.255+01:00 INFO : Filtering template 31/96 segment 9/15
2026-09-06T20:05:02.264+01:00 INFO : Filtering template 31/96 segment 10/15
2026-09-06T20:05:02.272+01:00 INFO : Filtering template 31/96 segment 11/15
2026-09-06T20:05:02.281+01:00 INFO : Filtering template 31/96 segment 12/15
2026-09-06T20:05:02.289+01:00 INFO : 1 points above threshold
2026-09-06T20:05:02.292+01:00 INFO : Filtering template 31/96 segment 13/15
2026-09-06T20:05:02.300+01:00 INFO : Filtering template 31/96 segment 14/15
2026-09-06T20:05:02.308+01:00 INFO : 1 points above threshold
2026-09-06T20:05:02.311+01:00 INFO : Filtering template 31/96 segment 15/15
2026-09-06T20:05:02.320+01:00 INFO : 31: generating IMRPhenomD from 30.0 Hz
2026-09-06T20:05:02.322+01:00 INFO : Decompressing waveform using inline_linear
2026-09-06T20:05:02.324+01:00 INFO : Filtering template 32/96 segment 1/15
2026-09-06T20:05:02.334+01:00 INFO : Filtering template 32/96 segment 2/15
2026-09-06T20:05:02.342+01:00 INFO : Filtering template 32/96 segment 3/15
2026-09-06T20:05:02.351+01:00 INFO : Filtering template 32/96 segment 4/15
2026-09-06T20:05:02.359+01:00 INFO : Filtering template 32/96 segment 5/15
2026-09-06T20:05:02.367+01:00 INFO : Filtering template 32/96 segment 6/15
2026-09-06T20:05:02.376+01:00 INFO : Filtering template 32/96 segment 7/15
2026-09-06T20:05:02.384+01:00 INFO : Filtering template 32/96 segment 8/15
2026-09-06T20:05:02.393+01:00 INFO : Filtering template 32/96 segment 9/15
2026-09-06T20:05:02.401+01:00 INFO : Filtering template 32/96 segment 10/15
2026-09-06T20:05:02.409+01:00 INFO : 1 points above threshold
2026-09-06T20:05:02.418+01:00 INFO : Filtering template 32/96 segment 11/15
2026-09-06T20:05:02.426+01:00 INFO : 1 points above threshold
2026-09-06T20:05:02.429+01:00 INFO : Filtering template 32/96 segment 12/15
2026-09-06T20:05:02.437+01:00 INFO : 1 points above threshold
2026-09-06T20:05:02.440+01:00 INFO : Filtering template 32/96 segment 13/15
2026-09-06T20:05:02.448+01:00 INFO : 1 points above threshold
2026-09-06T20:05:02.451+01:00 INFO : Filtering template 32/96 segment 14/15
2026-09-06T20:05:02.459+01:00 INFO : 1 points above threshold
2026-09-06T20:05:02.462+01:00 INFO : Filtering template 32/96 segment 15/15
2026-09-06T20:05:02.471+01:00 INFO : 32: generating IMRPhenomD from 30.0 Hz
2026-09-06T20:05:02.473+01:00 INFO : Decompressing waveform using inline_linear
2026-09-06T20:05:02.475+01:00 INFO : Filtering template 33/96 segment 1/15
2026-09-06T20:05:02.485+01:00 INFO : Filtering template 33/96 segment 2/15
2026-09-06T20:05:02.493+01:00 INFO : 1 points above threshold
2026-09-06T20:05:02.501+01:00 INFO : Filtering template 33/96 segment 3/15
2026-09-06T20:05:02.510+01:00 INFO : 1 points above threshold
2026-09-06T20:05:02.513+01:00 INFO : Filtering template 33/96 segment 4/15
2026-09-06T20:05:02.521+01:00 INFO : Filtering template 33/96 segment 5/15
2026-09-06T20:05:02.529+01:00 INFO : Filtering template 33/96 segment 6/15
2026-09-06T20:05:02.538+01:00 INFO : Filtering template 33/96 segment 7/15
2026-09-06T20:05:02.546+01:00 INFO : Filtering template 33/96 segment 8/15
2026-09-06T20:05:02.555+01:00 INFO : Filtering template 33/96 segment 9/15
2026-09-06T20:05:02.563+01:00 INFO : Filtering template 33/96 segment 10/15
2026-09-06T20:05:02.572+01:00 INFO : Filtering template 33/96 segment 11/15
2026-09-06T20:05:02.580+01:00 INFO : Filtering template 33/96 segment 12/15
2026-09-06T20:05:02.588+01:00 INFO : 1 points above threshold
2026-09-06T20:05:02.591+01:00 INFO : Filtering template 33/96 segment 13/15
2026-09-06T20:05:02.599+01:00 INFO : Filtering template 33/96 segment 14/15
2026-09-06T20:05:02.608+01:00 INFO : Filtering template 33/96 segment 15/15
2026-09-06T20:05:02.616+01:00 INFO : 33: generating IMRPhenomD from 30.0 Hz
2026-09-06T20:05:02.619+01:00 INFO : Decompressing waveform using inline_linear
2026-09-06T20:05:02.621+01:00 INFO : Filtering template 34/96 segment 1/15
2026-09-06T20:05:02.631+01:00 INFO : Filtering template 34/96 segment 2/15
2026-09-06T20:05:02.639+01:00 INFO : Filtering template 34/96 segment 3/15
2026-09-06T20:05:02.648+01:00 INFO : Filtering template 34/96 segment 4/15
2026-09-06T20:05:02.656+01:00 INFO : 1 points above threshold
2026-09-06T20:05:02.664+01:00 INFO : Filtering template 34/96 segment 5/15
2026-09-06T20:05:02.673+01:00 INFO : Filtering template 34/96 segment 6/15
2026-09-06T20:05:02.681+01:00 INFO : Filtering template 34/96 segment 7/15
2026-09-06T20:05:02.690+01:00 INFO : Filtering template 34/96 segment 8/15
2026-09-06T20:05:02.698+01:00 INFO : 1 points above threshold
2026-09-06T20:05:02.701+01:00 INFO : Filtering template 34/96 segment 9/15
2026-09-06T20:05:02.709+01:00 INFO : Filtering template 34/96 segment 10/15
2026-09-06T20:05:02.718+01:00 INFO : Filtering template 34/96 segment 11/15
2026-09-06T20:05:02.726+01:00 INFO : Filtering template 34/96 segment 12/15
2026-09-06T20:05:02.734+01:00 INFO : Filtering template 34/96 segment 13/15
2026-09-06T20:05:02.743+01:00 INFO : 1 points above threshold
2026-09-06T20:05:02.746+01:00 INFO : Filtering template 34/96 segment 14/15
2026-09-06T20:05:02.754+01:00 INFO : Filtering template 34/96 segment 15/15
2026-09-06T20:05:02.762+01:00 INFO : 34: generating IMRPhenomD from 30.0 Hz
2026-09-06T20:05:02.765+01:00 INFO : Decompressing waveform using inline_linear
2026-09-06T20:05:02.767+01:00 INFO : Filtering template 35/96 segment 1/15
2026-09-06T20:05:02.777+01:00 INFO : 1 points above threshold
2026-09-06T20:05:02.785+01:00 INFO : Filtering template 35/96 segment 2/15
2026-09-06T20:05:02.793+01:00 INFO : Filtering template 35/96 segment 3/15
2026-09-06T20:05:02.802+01:00 INFO : Filtering template 35/96 segment 4/15
2026-09-06T20:05:02.810+01:00 INFO : Filtering template 35/96 segment 5/15
2026-09-06T20:05:02.819+01:00 INFO : 1 points above threshold
2026-09-06T20:05:02.822+01:00 INFO : Filtering template 35/96 segment 6/15
2026-09-06T20:05:02.830+01:00 INFO : Filtering template 35/96 segment 7/15
2026-09-06T20:05:02.838+01:00 INFO : 1 points above threshold
2026-09-06T20:05:02.841+01:00 INFO : Filtering template 35/96 segment 8/15
2026-09-06T20:05:02.850+01:00 INFO : Filtering template 35/96 segment 9/15
2026-09-06T20:05:02.858+01:00 INFO : Filtering template 35/96 segment 10/15
2026-09-06T20:05:02.866+01:00 INFO : Filtering template 35/96 segment 11/15
2026-09-06T20:05:02.875+01:00 INFO : Filtering template 35/96 segment 12/15
2026-09-06T20:05:02.883+01:00 INFO : Filtering template 35/96 segment 13/15
2026-09-06T20:05:02.892+01:00 INFO : Filtering template 35/96 segment 14/15
2026-09-06T20:05:02.900+01:00 INFO : Filtering template 35/96 segment 15/15
2026-09-06T20:05:02.909+01:00 INFO : 35: generating IMRPhenomD from 30.0 Hz
2026-09-06T20:05:02.911+01:00 INFO : Decompressing waveform using inline_linear
2026-09-06T20:05:02.913+01:00 INFO : Filtering template 36/96 segment 1/15
2026-09-06T20:05:02.923+01:00 INFO : 1 points above threshold
2026-09-06T20:05:02.931+01:00 INFO : Filtering template 36/96 segment 2/15
2026-09-06T20:05:02.940+01:00 INFO : 2 points above threshold
2026-09-06T20:05:02.943+01:00 INFO : Filtering template 36/96 segment 3/15
2026-09-06T20:05:02.952+01:00 INFO : Filtering template 36/96 segment 4/15
2026-09-06T20:05:02.960+01:00 INFO : 1 points above threshold
2026-09-06T20:05:02.963+01:00 INFO : Filtering template 36/96 segment 5/15
2026-09-06T20:05:02.971+01:00 INFO : Filtering template 36/96 segment 6/15
2026-09-06T20:05:02.980+01:00 INFO : Filtering template 36/96 segment 7/15
2026-09-06T20:05:02.988+01:00 INFO : Filtering template 36/96 segment 8/15
2026-09-06T20:05:02.996+01:00 INFO : 1 points above threshold
2026-09-06T20:05:02.999+01:00 INFO : Filtering template 36/96 segment 9/15
2026-09-06T20:05:03.007+01:00 INFO : 1 points above threshold
2026-09-06T20:05:03.010+01:00 INFO : Filtering template 36/96 segment 10/15
2026-09-06T20:05:03.019+01:00 INFO : Filtering template 36/96 segment 11/15
2026-09-06T20:05:03.027+01:00 INFO : Filtering template 36/96 segment 12/15
2026-09-06T20:05:03.035+01:00 INFO : Filtering template 36/96 segment 13/15
2026-09-06T20:05:03.044+01:00 INFO : Filtering template 36/96 segment 14/15
2026-09-06T20:05:03.052+01:00 INFO : 1 points above threshold
2026-09-06T20:05:03.055+01:00 INFO : Filtering template 36/96 segment 15/15
2026-09-06T20:05:03.064+01:00 INFO : 36: generating IMRPhenomD from 30.0 Hz
2026-09-06T20:05:03.066+01:00 INFO : Decompressing waveform using inline_linear
2026-09-06T20:05:03.069+01:00 INFO : Filtering template 37/96 segment 1/15
2026-09-06T20:05:03.079+01:00 INFO : 1 points above threshold
2026-09-06T20:05:03.087+01:00 INFO : Filtering template 37/96 segment 2/15
2026-09-06T20:05:03.095+01:00 INFO : 1 points above threshold
2026-09-06T20:05:03.098+01:00 INFO : Filtering template 37/96 segment 3/15
2026-09-06T20:05:03.107+01:00 INFO : Filtering template 37/96 segment 4/15
2026-09-06T20:05:03.115+01:00 INFO : 3 points above threshold
2026-09-06T20:05:03.120+01:00 INFO : Filtering template 37/96 segment 5/15
2026-09-06T20:05:03.128+01:00 INFO : Filtering template 37/96 segment 6/15
2026-09-06T20:05:03.136+01:00 INFO : Filtering template 37/96 segment 7/15
2026-09-06T20:05:03.145+01:00 INFO : Filtering template 37/96 segment 8/15
2026-09-06T20:05:03.153+01:00 INFO : 1 points above threshold
2026-09-06T20:05:03.156+01:00 INFO : Filtering template 37/96 segment 9/15
2026-09-06T20:05:03.164+01:00 INFO : Filtering template 37/96 segment 10/15
2026-09-06T20:05:03.173+01:00 INFO : Filtering template 37/96 segment 11/15
2026-09-06T20:05:03.181+01:00 INFO : 1 points above threshold
2026-09-06T20:05:03.184+01:00 INFO : Filtering template 37/96 segment 12/15
2026-09-06T20:05:03.192+01:00 INFO : 2 points above threshold
2026-09-06T20:05:03.196+01:00 INFO : Filtering template 37/96 segment 13/15
2026-09-06T20:05:03.204+01:00 INFO : Filtering template 37/96 segment 14/15
2026-09-06T20:05:03.213+01:00 INFO : Filtering template 37/96 segment 15/15
2026-09-06T20:05:03.221+01:00 INFO : 37: generating IMRPhenomD from 30.0 Hz
2026-09-06T20:05:03.223+01:00 INFO : Decompressing waveform using inline_linear
2026-09-06T20:05:03.226+01:00 INFO : Filtering template 38/96 segment 1/15
2026-09-06T20:05:03.236+01:00 INFO : Filtering template 38/96 segment 2/15
2026-09-06T20:05:03.244+01:00 INFO : Filtering template 38/96 segment 3/15
2026-09-06T20:05:03.252+01:00 INFO : Filtering template 38/96 segment 4/15
2026-09-06T20:05:03.261+01:00 INFO : Filtering template 38/96 segment 5/15
2026-09-06T20:05:03.269+01:00 INFO : Filtering template 38/96 segment 6/15
2026-09-06T20:05:03.278+01:00 INFO : Filtering template 38/96 segment 7/15
2026-09-06T20:05:03.286+01:00 INFO : Filtering template 38/96 segment 8/15
2026-09-06T20:05:03.295+01:00 INFO : 1 points above threshold
2026-09-06T20:05:03.303+01:00 INFO : Filtering template 38/96 segment 9/15
2026-09-06T20:05:03.311+01:00 INFO : Filtering template 38/96 segment 10/15
2026-09-06T20:05:03.320+01:00 INFO : Filtering template 38/96 segment 11/15
2026-09-06T20:05:03.328+01:00 INFO : Filtering template 38/96 segment 12/15
2026-09-06T20:05:03.337+01:00 INFO : 1 points above threshold
2026-09-06T20:05:03.339+01:00 INFO : Filtering template 38/96 segment 13/15
2026-09-06T20:05:03.348+01:00 INFO : Filtering template 38/96 segment 14/15
2026-09-06T20:05:03.356+01:00 INFO : 1 points above threshold
2026-09-06T20:05:03.359+01:00 INFO : Filtering template 38/96 segment 15/15
2026-09-06T20:05:03.367+01:00 INFO : 38: generating IMRPhenomD from 30.0 Hz
2026-09-06T20:05:03.370+01:00 INFO : Decompressing waveform using inline_linear
2026-09-06T20:05:03.372+01:00 INFO : Filtering template 39/96 segment 1/15
2026-09-06T20:05:03.382+01:00 INFO : Filtering template 39/96 segment 2/15
2026-09-06T20:05:03.390+01:00 INFO : Filtering template 39/96 segment 3/15
2026-09-06T20:05:03.398+01:00 INFO : Filtering template 39/96 segment 4/15
2026-09-06T20:05:03.407+01:00 INFO : Filtering template 39/96 segment 5/15
2026-09-06T20:05:03.415+01:00 INFO : Filtering template 39/96 segment 6/15
2026-09-06T20:05:03.424+01:00 INFO : 2 points above threshold
2026-09-06T20:05:03.433+01:00 INFO : Filtering template 39/96 segment 7/15
2026-09-06T20:05:03.441+01:00 INFO : Filtering template 39/96 segment 8/15
2026-09-06T20:05:03.450+01:00 INFO : Filtering template 39/96 segment 9/15
2026-09-06T20:05:03.458+01:00 INFO : Filtering template 39/96 segment 10/15
2026-09-06T20:05:03.467+01:00 INFO : 1 points above threshold
2026-09-06T20:05:03.469+01:00 INFO : Filtering template 39/96 segment 11/15
2026-09-06T20:05:03.478+01:00 INFO : 1 points above threshold
2026-09-06T20:05:03.480+01:00 INFO : Filtering template 39/96 segment 12/15
2026-09-06T20:05:03.489+01:00 INFO : Filtering template 39/96 segment 13/15
2026-09-06T20:05:03.497+01:00 INFO : Filtering template 39/96 segment 14/15
2026-09-06T20:05:03.506+01:00 INFO : Filtering template 39/96 segment 15/15
2026-09-06T20:05:03.514+01:00 INFO : 39: generating IMRPhenomD from 30.0 Hz
2026-09-06T20:05:03.516+01:00 INFO : Decompressing waveform using inline_linear
2026-09-06T20:05:03.519+01:00 INFO : Filtering template 40/96 segment 1/15
2026-09-06T20:05:03.529+01:00 INFO : Filtering template 40/96 segment 2/15
2026-09-06T20:05:03.537+01:00 INFO : Filtering template 40/96 segment 3/15
2026-09-06T20:05:03.545+01:00 INFO : Filtering template 40/96 segment 4/15
2026-09-06T20:05:03.554+01:00 INFO : Filtering template 40/96 segment 5/15
2026-09-06T20:05:03.562+01:00 INFO : Filtering template 40/96 segment 6/15
2026-09-06T20:05:03.571+01:00 INFO : Filtering template 40/96 segment 7/15
2026-09-06T20:05:03.579+01:00 INFO : Filtering template 40/96 segment 8/15
2026-09-06T20:05:03.587+01:00 INFO : Filtering template 40/96 segment 9/15
2026-09-06T20:05:03.596+01:00 INFO : Filtering template 40/96 segment 10/15
2026-09-06T20:05:03.604+01:00 INFO : 1 points above threshold
2026-09-06T20:05:03.613+01:00 INFO : Filtering template 40/96 segment 11/15
2026-09-06T20:05:03.621+01:00 INFO : 1 points above threshold
2026-09-06T20:05:03.624+01:00 INFO : Filtering template 40/96 segment 12/15
2026-09-06T20:05:03.632+01:00 INFO : Filtering template 40/96 segment 13/15
2026-09-06T20:05:03.641+01:00 INFO : Filtering template 40/96 segment 14/15
2026-09-06T20:05:03.649+01:00 INFO : Filtering template 40/96 segment 15/15
2026-09-06T20:05:03.658+01:00 INFO : 40: generating IMRPhenomD from 30.0 Hz
2026-09-06T20:05:03.672+01:00 INFO : Decompressing waveform using inline_linear
2026-09-06T20:05:03.675+01:00 INFO : Filtering template 41/96 segment 1/15
2026-09-06T20:05:03.686+01:00 INFO : Filtering template 41/96 segment 2/15
2026-09-06T20:05:03.694+01:00 INFO : Filtering template 41/96 segment 3/15
2026-09-06T20:05:03.703+01:00 INFO : Filtering template 41/96 segment 4/15
2026-09-06T20:05:03.711+01:00 INFO : Filtering template 41/96 segment 5/15
2026-09-06T20:05:03.719+01:00 INFO : Filtering template 41/96 segment 6/15
2026-09-06T20:05:03.728+01:00 INFO : Filtering template 41/96 segment 7/15
2026-09-06T20:05:03.737+01:00 INFO : 2 points above threshold
2026-09-06T20:05:03.750+01:00 INFO : Filtering template 41/96 segment 8/15
2026-09-06T20:05:03.758+01:00 INFO : Filtering template 41/96 segment 9/15
2026-09-06T20:05:03.767+01:00 INFO : Filtering template 41/96 segment 10/15
2026-09-06T20:05:03.775+01:00 INFO : 2 points above threshold
2026-09-06T20:05:03.779+01:00 INFO : Filtering template 41/96 segment 11/15
2026-09-06T20:05:03.787+01:00 INFO : Filtering template 41/96 segment 12/15
2026-09-06T20:05:03.796+01:00 INFO : Filtering template 41/96 segment 13/15
2026-09-06T20:05:03.804+01:00 INFO : Filtering template 41/96 segment 14/15
2026-09-06T20:05:03.813+01:00 INFO : Filtering template 41/96 segment 15/15
2026-09-06T20:05:03.821+01:00 INFO : 41: generating IMRPhenomD from 30.0 Hz
2026-09-06T20:05:03.823+01:00 INFO : Decompressing waveform using inline_linear
2026-09-06T20:05:03.826+01:00 INFO : Filtering template 42/96 segment 1/15
2026-09-06T20:05:03.835+01:00 INFO : Filtering template 42/96 segment 2/15
2026-09-06T20:05:03.844+01:00 INFO : Filtering template 42/96 segment 3/15
2026-09-06T20:05:03.852+01:00 INFO : Filtering template 42/96 segment 4/15
2026-09-06T20:05:03.861+01:00 INFO : Filtering template 42/96 segment 5/15
2026-09-06T20:05:03.869+01:00 INFO : Filtering template 42/96 segment 6/15
2026-09-06T20:05:03.877+01:00 INFO : 2 points above threshold
2026-09-06T20:05:03.887+01:00 INFO : Filtering template 42/96 segment 7/15
2026-09-06T20:05:03.895+01:00 INFO : Filtering template 42/96 segment 8/15
2026-09-06T20:05:03.904+01:00 INFO : Filtering template 42/96 segment 9/15
2026-09-06T20:05:03.912+01:00 INFO : Filtering template 42/96 segment 10/15
2026-09-06T20:05:03.921+01:00 INFO : Filtering template 42/96 segment 11/15
2026-09-06T20:05:03.929+01:00 INFO : Filtering template 42/96 segment 12/15
2026-09-06T20:05:03.937+01:00 INFO : 1 points above threshold
2026-09-06T20:05:03.940+01:00 INFO : Filtering template 42/96 segment 13/15
2026-09-06T20:05:03.949+01:00 INFO : Filtering template 42/96 segment 14/15
2026-09-06T20:05:03.957+01:00 INFO : 1 points above threshold
2026-09-06T20:05:03.960+01:00 INFO : Filtering template 42/96 segment 15/15
2026-09-06T20:05:03.968+01:00 INFO : 42: generating IMRPhenomD from 30.0 Hz
2026-09-06T20:05:03.970+01:00 INFO : Decompressing waveform using inline_linear
2026-09-06T20:05:03.973+01:00 INFO : Filtering template 43/96 segment 1/15
2026-09-06T20:05:03.982+01:00 INFO : Filtering template 43/96 segment 2/15
2026-09-06T20:05:03.991+01:00 INFO : Filtering template 43/96 segment 3/15
2026-09-06T20:05:03.999+01:00 INFO : 1 points above threshold
2026-09-06T20:05:04.008+01:00 INFO : Filtering template 43/96 segment 4/15
2026-09-06T20:05:04.016+01:00 INFO : 1 points above threshold
2026-09-06T20:05:04.019+01:00 INFO : Filtering template 43/96 segment 5/15
2026-09-06T20:05:04.027+01:00 INFO : Filtering template 43/96 segment 6/15
2026-09-06T20:05:04.036+01:00 INFO : 1 points above threshold
2026-09-06T20:05:04.038+01:00 INFO : Filtering template 43/96 segment 7/15
2026-09-06T20:05:04.047+01:00 INFO : 1 points above threshold
2026-09-06T20:05:04.049+01:00 INFO : Filtering template 43/96 segment 8/15
2026-09-06T20:05:04.058+01:00 INFO : Filtering template 43/96 segment 9/15
2026-09-06T20:05:04.066+01:00 INFO : Filtering template 43/96 segment 10/15
2026-09-06T20:05:04.075+01:00 INFO : Filtering template 43/96 segment 11/15
2026-09-06T20:05:04.083+01:00 INFO : Filtering template 43/96 segment 12/15
2026-09-06T20:05:04.091+01:00 INFO : Filtering template 43/96 segment 13/15
2026-09-06T20:05:04.100+01:00 INFO : Filtering template 43/96 segment 14/15
2026-09-06T20:05:04.108+01:00 INFO : Filtering template 43/96 segment 15/15
2026-09-06T20:05:04.117+01:00 INFO : 43: generating IMRPhenomD from 30.0 Hz
2026-09-06T20:05:04.119+01:00 INFO : Decompressing waveform using inline_linear
2026-09-06T20:05:04.121+01:00 INFO : Filtering template 44/96 segment 1/15
2026-09-06T20:05:04.131+01:00 INFO : 1 points above threshold
2026-09-06T20:05:04.139+01:00 INFO : Filtering template 44/96 segment 2/15
2026-09-06T20:05:04.148+01:00 INFO : Filtering template 44/96 segment 3/15
2026-09-06T20:05:04.156+01:00 INFO : Filtering template 44/96 segment 4/15
2026-09-06T20:05:04.164+01:00 INFO : Filtering template 44/96 segment 5/15
2026-09-06T20:05:04.173+01:00 INFO : Filtering template 44/96 segment 6/15
2026-09-06T20:05:04.181+01:00 INFO : Filtering template 44/96 segment 7/15
2026-09-06T20:05:04.190+01:00 INFO : Filtering template 44/96 segment 8/15
2026-09-06T20:05:04.198+01:00 INFO : Filtering template 44/96 segment 9/15
2026-09-06T20:05:04.206+01:00 INFO : Filtering template 44/96 segment 10/15
2026-09-06T20:05:04.215+01:00 INFO : 1 points above threshold
2026-09-06T20:05:04.217+01:00 INFO : Filtering template 44/96 segment 11/15
2026-09-06T20:05:04.226+01:00 INFO : Filtering template 44/96 segment 12/15
2026-09-06T20:05:04.234+01:00 INFO : Filtering template 44/96 segment 13/15
2026-09-06T20:05:04.243+01:00 INFO : Filtering template 44/96 segment 14/15
2026-09-06T20:05:04.251+01:00 INFO : Filtering template 44/96 segment 15/15
2026-09-06T20:05:04.260+01:00 INFO : 44: generating IMRPhenomD from 30.0 Hz
2026-09-06T20:05:04.262+01:00 INFO : Decompressing waveform using inline_linear
2026-09-06T20:05:04.265+01:00 INFO : Filtering template 45/96 segment 1/15
2026-09-06T20:05:04.274+01:00 INFO : 1 points above threshold
2026-09-06T20:05:04.283+01:00 INFO : Filtering template 45/96 segment 2/15
2026-09-06T20:05:04.291+01:00 INFO : 1 points above threshold
2026-09-06T20:05:04.294+01:00 INFO : Filtering template 45/96 segment 3/15
2026-09-06T20:05:04.302+01:00 INFO : Filtering template 45/96 segment 4/15
2026-09-06T20:05:04.311+01:00 INFO : Filtering template 45/96 segment 5/15
2026-09-06T20:05:04.319+01:00 INFO : 1 points above threshold
2026-09-06T20:05:04.322+01:00 INFO : Filtering template 45/96 segment 6/15
2026-09-06T20:05:04.330+01:00 INFO : Filtering template 45/96 segment 7/15
2026-09-06T20:05:04.339+01:00 INFO : Filtering template 45/96 segment 8/15
2026-09-06T20:05:04.347+01:00 INFO : Filtering template 45/96 segment 9/15
2026-09-06T20:05:04.355+01:00 INFO : 1 points above threshold
2026-09-06T20:05:04.358+01:00 INFO : Filtering template 45/96 segment 10/15
2026-09-06T20:05:04.366+01:00 INFO : Filtering template 45/96 segment 11/15
2026-09-06T20:05:04.375+01:00 INFO : Filtering template 45/96 segment 12/15
2026-09-06T20:05:04.383+01:00 INFO : Filtering template 45/96 segment 13/15
2026-09-06T20:05:04.392+01:00 INFO : Filtering template 45/96 segment 14/15
2026-09-06T20:05:04.400+01:00 INFO : Filtering template 45/96 segment 15/15
2026-09-06T20:05:04.409+01:00 INFO : 45: generating IMRPhenomD from 30.0 Hz
2026-09-06T20:05:04.411+01:00 INFO : Decompressing waveform using inline_linear
2026-09-06T20:05:04.413+01:00 INFO : Filtering template 46/96 segment 1/15
2026-09-06T20:05:04.423+01:00 INFO : Filtering template 46/96 segment 2/15
2026-09-06T20:05:04.431+01:00 INFO : Filtering template 46/96 segment 3/15
2026-09-06T20:05:04.440+01:00 INFO : Filtering template 46/96 segment 4/15
2026-09-06T20:05:04.448+01:00 INFO : Filtering template 46/96 segment 5/15
2026-09-06T20:05:04.456+01:00 INFO : Filtering template 46/96 segment 6/15
2026-09-06T20:05:04.465+01:00 INFO : Filtering template 46/96 segment 7/15
2026-09-06T20:05:04.473+01:00 INFO : Filtering template 46/96 segment 8/15
2026-09-06T20:05:04.482+01:00 INFO : 1 points above threshold
2026-09-06T20:05:04.490+01:00 INFO : Filtering template 46/96 segment 9/15
2026-09-06T20:05:04.498+01:00 INFO : Filtering template 46/96 segment 10/15
2026-09-06T20:05:04.507+01:00 INFO : Filtering template 46/96 segment 11/15
2026-09-06T20:05:04.515+01:00 INFO : 2 points above threshold
2026-09-06T20:05:04.519+01:00 INFO : Filtering template 46/96 segment 12/15
2026-09-06T20:05:04.527+01:00 INFO : 2 points above threshold
2026-09-06T20:05:04.531+01:00 INFO : Filtering template 46/96 segment 13/15
2026-09-06T20:05:04.539+01:00 INFO : Filtering template 46/96 segment 14/15
2026-09-06T20:05:04.548+01:00 INFO : 1 points above threshold
2026-09-06T20:05:04.551+01:00 INFO : Filtering template 46/96 segment 15/15
2026-09-06T20:05:04.559+01:00 INFO : 46: generating IMRPhenomD from 30.0 Hz
2026-09-06T20:05:04.561+01:00 INFO : Decompressing waveform using inline_linear
2026-09-06T20:05:04.564+01:00 INFO : Filtering template 47/96 segment 1/15
2026-09-06T20:05:04.573+01:00 INFO : 3 points above threshold
2026-09-06T20:05:04.584+01:00 INFO : Filtering template 47/96 segment 2/15
2026-09-06T20:05:04.592+01:00 INFO : Filtering template 47/96 segment 3/15
2026-09-06T20:05:04.601+01:00 INFO : Filtering template 47/96 segment 4/15
2026-09-06T20:05:04.609+01:00 INFO : Filtering template 47/96 segment 5/15
2026-09-06T20:05:04.617+01:00 INFO : Filtering template 47/96 segment 6/15
2026-09-06T20:05:04.626+01:00 INFO : Filtering template 47/96 segment 7/15
2026-09-06T20:05:04.634+01:00 INFO : Filtering template 47/96 segment 8/15
2026-09-06T20:05:04.643+01:00 INFO : 1 points above threshold
2026-09-06T20:05:04.645+01:00 INFO : Filtering template 47/96 segment 9/15
2026-09-06T20:05:04.654+01:00 INFO : 1 points above threshold
2026-09-06T20:05:04.657+01:00 INFO : Filtering template 47/96 segment 10/15
2026-09-06T20:05:04.665+01:00 INFO : 1 points above threshold
2026-09-06T20:05:04.668+01:00 INFO : Filtering template 47/96 segment 11/15
2026-09-06T20:05:04.676+01:00 INFO : Filtering template 47/96 segment 12/15
2026-09-06T20:05:04.684+01:00 INFO : Filtering template 47/96 segment 13/15
2026-09-06T20:05:04.693+01:00 INFO : 1 points above threshold
2026-09-06T20:05:04.696+01:00 INFO : Filtering template 47/96 segment 14/15
2026-09-06T20:05:04.704+01:00 INFO : Filtering template 47/96 segment 15/15
2026-09-06T20:05:04.713+01:00 INFO : 47: generating IMRPhenomD from 30.0 Hz
2026-09-06T20:05:04.715+01:00 INFO : Decompressing waveform using inline_linear
2026-09-06T20:05:04.717+01:00 INFO : Filtering template 48/96 segment 1/15
2026-09-06T20:05:04.727+01:00 INFO : 2 points above threshold
2026-09-06T20:05:04.736+01:00 INFO : Filtering template 48/96 segment 2/15
2026-09-06T20:05:04.744+01:00 INFO : Filtering template 48/96 segment 3/15
2026-09-06T20:05:04.753+01:00 INFO : 1 points above threshold
2026-09-06T20:05:04.756+01:00 INFO : Filtering template 48/96 segment 4/15
2026-09-06T20:05:04.764+01:00 INFO : Filtering template 48/96 segment 5/15
2026-09-06T20:05:04.772+01:00 INFO : 1 points above threshold
2026-09-06T20:05:04.775+01:00 INFO : Filtering template 48/96 segment 6/15
2026-09-06T20:05:04.784+01:00 INFO : Filtering template 48/96 segment 7/15
2026-09-06T20:05:04.792+01:00 INFO : 1 points above threshold
2026-09-06T20:05:04.795+01:00 INFO : Filtering template 48/96 segment 8/15
2026-09-06T20:05:04.803+01:00 INFO : Filtering template 48/96 segment 9/15
2026-09-06T20:05:04.812+01:00 INFO : Filtering template 48/96 segment 10/15
2026-09-06T20:05:04.820+01:00 INFO : 1 points above threshold
2026-09-06T20:05:04.823+01:00 INFO : Filtering template 48/96 segment 11/15
2026-09-06T20:05:04.831+01:00 INFO : Filtering template 48/96 segment 12/15
2026-09-06T20:05:04.840+01:00 INFO : 1 points above threshold
2026-09-06T20:05:04.842+01:00 INFO : Filtering template 48/96 segment 13/15
2026-09-06T20:05:04.851+01:00 INFO : 1 points above threshold
2026-09-06T20:05:04.853+01:00 INFO : Filtering template 48/96 segment 14/15
2026-09-06T20:05:04.862+01:00 INFO : Filtering template 48/96 segment 15/15
2026-09-06T20:05:04.870+01:00 INFO : 48: generating IMRPhenomD from 30.0 Hz
2026-09-06T20:05:04.873+01:00 INFO : Decompressing waveform using inline_linear
2026-09-06T20:05:04.875+01:00 INFO : Filtering template 49/96 segment 1/15
2026-09-06T20:05:04.885+01:00 INFO : Filtering template 49/96 segment 2/15
2026-09-06T20:05:04.893+01:00 INFO : Filtering template 49/96 segment 3/15
2026-09-06T20:05:04.901+01:00 INFO : 1 points above threshold
2026-09-06T20:05:04.910+01:00 INFO : Filtering template 49/96 segment 4/15
2026-09-06T20:05:04.918+01:00 INFO : Filtering template 49/96 segment 5/15
2026-09-06T20:05:04.927+01:00 INFO : Filtering template 49/96 segment 6/15
2026-09-06T20:05:04.935+01:00 INFO : 1 points above threshold
2026-09-06T20:05:04.938+01:00 INFO : Filtering template 49/96 segment 7/15
2026-09-06T20:05:04.946+01:00 INFO : 1 points above threshold
2026-09-06T20:05:04.949+01:00 INFO : Filtering template 49/96 segment 8/15
2026-09-06T20:05:04.957+01:00 INFO : 1 points above threshold
2026-09-06T20:05:04.960+01:00 INFO : Filtering template 49/96 segment 9/15
2026-09-06T20:05:04.968+01:00 INFO : Filtering template 49/96 segment 10/15
2026-09-06T20:05:04.999+01:00 INFO : Filtering template 49/96 segment 11/15
2026-09-06T20:05:05.007+01:00 INFO : Filtering template 49/96 segment 12/15
2026-09-06T20:05:05.016+01:00 INFO : Filtering template 49/96 segment 13/15
2026-09-06T20:05:05.024+01:00 INFO : Filtering template 49/96 segment 14/15
2026-09-06T20:05:05.033+01:00 INFO : Filtering template 49/96 segment 15/15
2026-09-06T20:05:05.042+01:00 INFO : 49: generating IMRPhenomD from 30.0 Hz
2026-09-06T20:05:05.044+01:00 INFO : Decompressing waveform using inline_linear
2026-09-06T20:05:05.047+01:00 INFO : Filtering template 50/96 segment 1/15
2026-09-06T20:05:05.056+01:00 INFO : Filtering template 50/96 segment 2/15
2026-09-06T20:05:05.064+01:00 INFO : Filtering template 50/96 segment 3/15
2026-09-06T20:05:05.073+01:00 INFO : Filtering template 50/96 segment 4/15
2026-09-06T20:05:05.081+01:00 INFO : 1 points above threshold
2026-09-06T20:05:05.089+01:00 INFO : Filtering template 50/96 segment 5/15
2026-09-06T20:05:05.098+01:00 INFO : Filtering template 50/96 segment 6/15
2026-09-06T20:05:05.106+01:00 INFO : 1 points above threshold
2026-09-06T20:05:05.109+01:00 INFO : Filtering template 50/96 segment 7/15
2026-09-06T20:05:05.118+01:00 INFO : 2 points above threshold
2026-09-06T20:05:05.121+01:00 INFO : Filtering template 50/96 segment 8/15
2026-09-06T20:05:05.129+01:00 INFO : Filtering template 50/96 segment 9/15
2026-09-06T20:05:05.138+01:00 INFO : 2 points above threshold
2026-09-06T20:05:05.142+01:00 INFO : Filtering template 50/96 segment 10/15
2026-09-06T20:05:05.150+01:00 INFO : 1 points above threshold
2026-09-06T20:05:05.153+01:00 INFO : Filtering template 50/96 segment 11/15
2026-09-06T20:05:05.161+01:00 INFO : 1 points above threshold
2026-09-06T20:05:05.164+01:00 INFO : Filtering template 50/96 segment 12/15
2026-09-06T20:05:05.172+01:00 INFO : Filtering template 50/96 segment 13/15
2026-09-06T20:05:05.180+01:00 INFO : Filtering template 50/96 segment 14/15
2026-09-06T20:05:05.189+01:00 INFO : Filtering template 50/96 segment 15/15
2026-09-06T20:05:05.197+01:00 INFO : 50: generating IMRPhenomD from 30.0 Hz
2026-09-06T20:05:05.200+01:00 INFO : Decompressing waveform using inline_linear
2026-09-06T20:05:05.202+01:00 INFO : Filtering template 51/96 segment 1/15
2026-09-06T20:05:05.212+01:00 INFO : Filtering template 51/96 segment 2/15
2026-09-06T20:05:05.220+01:00 INFO : Filtering template 51/96 segment 3/15
2026-09-06T20:05:05.228+01:00 INFO : 1 points above threshold
2026-09-06T20:05:05.237+01:00 INFO : Filtering template 51/96 segment 4/15
2026-09-06T20:05:05.245+01:00 INFO : Filtering template 51/96 segment 5/15
2026-09-06T20:05:05.254+01:00 INFO : 1 points above threshold
2026-09-06T20:05:05.256+01:00 INFO : Filtering template 51/96 segment 6/15
2026-09-06T20:05:05.265+01:00 INFO : Filtering template 51/96 segment 7/15
2026-09-06T20:05:05.273+01:00 INFO : Filtering template 51/96 segment 8/15
2026-09-06T20:05:05.282+01:00 INFO : Filtering template 51/96 segment 9/15
2026-09-06T20:05:05.290+01:00 INFO : Filtering template 51/96 segment 10/15
2026-09-06T20:05:05.299+01:00 INFO : 1 points above threshold
2026-09-06T20:05:05.301+01:00 INFO : Filtering template 51/96 segment 11/15
2026-09-06T20:05:05.310+01:00 INFO : Filtering template 51/96 segment 12/15
2026-09-06T20:05:05.318+01:00 INFO : Filtering template 51/96 segment 13/15
2026-09-06T20:05:05.326+01:00 INFO : 2 points above threshold
2026-09-06T20:05:05.330+01:00 INFO : Filtering template 51/96 segment 14/15
2026-09-06T20:05:05.338+01:00 INFO : Filtering template 51/96 segment 15/15
2026-09-06T20:05:05.347+01:00 INFO : 51: generating IMRPhenomD from 30.0 Hz
2026-09-06T20:05:05.349+01:00 INFO : Decompressing waveform using inline_linear
2026-09-06T20:05:05.352+01:00 INFO : Filtering template 52/96 segment 1/15
2026-09-06T20:05:05.361+01:00 INFO : Filtering template 52/96 segment 2/15
2026-09-06T20:05:05.370+01:00 INFO : Filtering template 52/96 segment 3/15
2026-09-06T20:05:05.378+01:00 INFO : 1 points above threshold
2026-09-06T20:05:05.387+01:00 INFO : Filtering template 52/96 segment 4/15
2026-09-06T20:05:05.395+01:00 INFO : Filtering template 52/96 segment 5/15
2026-09-06T20:05:05.403+01:00 INFO : Filtering template 52/96 segment 6/15
2026-09-06T20:05:05.412+01:00 INFO : 1 points above threshold
2026-09-06T20:05:05.414+01:00 INFO : Filtering template 52/96 segment 7/15
2026-09-06T20:05:05.423+01:00 INFO : Filtering template 52/96 segment 8/15
2026-09-06T20:05:05.431+01:00 INFO : Filtering template 52/96 segment 9/15
2026-09-06T20:05:05.440+01:00 INFO : Filtering template 52/96 segment 10/15
2026-09-06T20:05:05.448+01:00 INFO : 1 points above threshold
2026-09-06T20:05:05.451+01:00 INFO : Filtering template 52/96 segment 11/15
2026-09-06T20:05:05.459+01:00 INFO : Filtering template 52/96 segment 12/15
2026-09-06T20:05:05.467+01:00 INFO : 2 points above threshold
2026-09-06T20:05:05.471+01:00 INFO : Filtering template 52/96 segment 13/15
2026-09-06T20:05:05.479+01:00 INFO : 1 points above threshold
2026-09-06T20:05:05.482+01:00 INFO : Filtering template 52/96 segment 14/15
2026-09-06T20:05:05.491+01:00 INFO : Filtering template 52/96 segment 15/15
2026-09-06T20:05:05.500+01:00 INFO : 52: generating IMRPhenomD from 30.0 Hz
2026-09-06T20:05:05.502+01:00 INFO : Decompressing waveform using inline_linear
2026-09-06T20:05:05.504+01:00 INFO : Filtering template 53/96 segment 1/15
2026-09-06T20:05:05.514+01:00 INFO : 2 points above threshold
2026-09-06T20:05:05.524+01:00 INFO : Filtering template 53/96 segment 2/15
2026-09-06T20:05:05.532+01:00 INFO : Filtering template 53/96 segment 3/15
2026-09-06T20:05:05.541+01:00 INFO : 1 points above threshold
2026-09-06T20:05:05.543+01:00 INFO : Filtering template 53/96 segment 4/15
2026-09-06T20:05:05.552+01:00 INFO : 1 points above threshold
2026-09-06T20:05:05.554+01:00 INFO : Filtering template 53/96 segment 5/15
2026-09-06T20:05:05.563+01:00 INFO : Filtering template 53/96 segment 6/15
2026-09-06T20:05:05.571+01:00 INFO : 1 points above threshold
2026-09-06T20:05:05.574+01:00 INFO : Filtering template 53/96 segment 7/15
2026-09-06T20:05:05.582+01:00 INFO : 1 points above threshold
2026-09-06T20:05:05.585+01:00 INFO : Filtering template 53/96 segment 8/15
2026-09-06T20:05:05.593+01:00 INFO : 1 points above threshold
2026-09-06T20:05:05.596+01:00 INFO : Filtering template 53/96 segment 9/15
2026-09-06T20:05:05.604+01:00 INFO : Filtering template 53/96 segment 10/15
2026-09-06T20:05:05.613+01:00 INFO : Filtering template 53/96 segment 11/15
2026-09-06T20:05:05.621+01:00 INFO : Filtering template 53/96 segment 12/15
2026-09-06T20:05:05.629+01:00 INFO : 1 points above threshold
2026-09-06T20:05:05.632+01:00 INFO : Filtering template 53/96 segment 13/15
2026-09-06T20:05:05.640+01:00 INFO : 1 points above threshold
2026-09-06T20:05:05.643+01:00 INFO : Filtering template 53/96 segment 14/15
2026-09-06T20:05:05.652+01:00 INFO : Filtering template 53/96 segment 15/15
2026-09-06T20:05:05.660+01:00 INFO : 53: generating IMRPhenomD from 30.0 Hz
2026-09-06T20:05:05.662+01:00 INFO : Decompressing waveform using inline_linear
2026-09-06T20:05:05.665+01:00 INFO : Filtering template 54/96 segment 1/15
2026-09-06T20:05:05.674+01:00 INFO : Filtering template 54/96 segment 2/15
2026-09-06T20:05:05.683+01:00 INFO : Filtering template 54/96 segment 3/15
2026-09-06T20:05:05.691+01:00 INFO : Filtering template 54/96 segment 4/15
2026-09-06T20:05:05.700+01:00 INFO : Filtering template 54/96 segment 5/15
2026-09-06T20:05:05.708+01:00 INFO : Filtering template 54/96 segment 6/15
2026-09-06T20:05:05.716+01:00 INFO : Filtering template 54/96 segment 7/15
2026-09-06T20:05:05.725+01:00 INFO : 2 points above threshold
2026-09-06T20:05:05.734+01:00 INFO : Filtering template 54/96 segment 8/15
2026-09-06T20:05:05.743+01:00 INFO : Filtering template 54/96 segment 9/15
2026-09-06T20:05:05.751+01:00 INFO : Filtering template 54/96 segment 10/15
2026-09-06T20:05:05.760+01:00 INFO : 2 points above threshold
2026-09-06T20:05:05.763+01:00 INFO : Filtering template 54/96 segment 11/15
2026-09-06T20:05:05.772+01:00 INFO : 2 points above threshold
2026-09-06T20:05:05.775+01:00 INFO : Filtering template 54/96 segment 12/15
2026-09-06T20:05:05.784+01:00 INFO : 1 points above threshold
2026-09-06T20:05:05.786+01:00 INFO : Filtering template 54/96 segment 13/15
2026-09-06T20:05:05.795+01:00 INFO : Filtering template 54/96 segment 14/15
2026-09-06T20:05:05.803+01:00 INFO : Filtering template 54/96 segment 15/15
2026-09-06T20:05:05.812+01:00 INFO : 54: generating IMRPhenomD from 30.0 Hz
2026-09-06T20:05:05.814+01:00 INFO : Decompressing waveform using inline_linear
2026-09-06T20:05:05.817+01:00 INFO : Filtering template 55/96 segment 1/15
2026-09-06T20:05:05.826+01:00 INFO : Filtering template 55/96 segment 2/15
2026-09-06T20:05:05.834+01:00 INFO : Filtering template 55/96 segment 3/15
2026-09-06T20:05:05.843+01:00 INFO : Filtering template 55/96 segment 4/15
2026-09-06T20:05:05.851+01:00 INFO : Filtering template 55/96 segment 5/15
2026-09-06T20:05:05.860+01:00 INFO : 1 points above threshold
2026-09-06T20:05:05.868+01:00 INFO : Filtering template 55/96 segment 6/15
2026-09-06T20:05:05.877+01:00 INFO : Filtering template 55/96 segment 7/15
2026-09-06T20:05:05.886+01:00 INFO : 2 points above threshold
2026-09-06T20:05:05.890+01:00 INFO : Filtering template 55/96 segment 8/15
2026-09-06T20:05:05.898+01:00 INFO : Filtering template 55/96 segment 9/15
2026-09-06T20:05:05.907+01:00 INFO : 1 points above threshold
2026-09-06T20:05:05.909+01:00 INFO : Filtering template 55/96 segment 10/15
2026-09-06T20:05:05.918+01:00 INFO : Filtering template 55/96 segment 11/15
2026-09-06T20:05:05.926+01:00 INFO : 1 points above threshold
2026-09-06T20:05:05.929+01:00 INFO : Filtering template 55/96 segment 12/15
2026-09-06T20:05:05.937+01:00 INFO : Filtering template 55/96 segment 13/15
2026-09-06T20:05:05.946+01:00 INFO : 1 points above threshold
2026-09-06T20:05:05.948+01:00 INFO : Filtering template 55/96 segment 14/15
2026-09-06T20:05:05.957+01:00 INFO : Filtering template 55/96 segment 15/15
2026-09-06T20:05:05.965+01:00 INFO : 55: generating IMRPhenomD from 30.0 Hz
2026-09-06T20:05:05.967+01:00 INFO : Decompressing waveform using inline_linear
2026-09-06T20:05:05.970+01:00 INFO : Filtering template 56/96 segment 1/15
2026-09-06T20:05:05.979+01:00 INFO : 1 points above threshold
2026-09-06T20:05:05.988+01:00 INFO : Filtering template 56/96 segment 2/15
2026-09-06T20:05:05.996+01:00 INFO : Filtering template 56/96 segment 3/15
2026-09-06T20:05:06.005+01:00 INFO : Filtering template 56/96 segment 4/15
2026-09-06T20:05:06.013+01:00 INFO : 1 points above threshold
2026-09-06T20:05:06.016+01:00 INFO : Filtering template 56/96 segment 5/15
2026-09-06T20:05:06.024+01:00 INFO : Filtering template 56/96 segment 6/15
2026-09-06T20:05:06.033+01:00 INFO : Filtering template 56/96 segment 7/15
2026-09-06T20:05:06.041+01:00 INFO : 2 points above threshold
2026-09-06T20:05:06.045+01:00 INFO : Filtering template 56/96 segment 8/15
2026-09-06T20:05:06.053+01:00 INFO : Filtering template 56/96 segment 9/15
2026-09-06T20:05:06.062+01:00 INFO : 1 points above threshold
2026-09-06T20:05:06.064+01:00 INFO : Filtering template 56/96 segment 10/15
2026-09-06T20:05:06.073+01:00 INFO : Filtering template 56/96 segment 11/15
2026-09-06T20:05:06.081+01:00 INFO : Filtering template 56/96 segment 12/15
2026-09-06T20:05:06.090+01:00 INFO : Filtering template 56/96 segment 13/15
2026-09-06T20:05:06.098+01:00 INFO : 1 points above threshold
2026-09-06T20:05:06.101+01:00 INFO : Filtering template 56/96 segment 14/15
2026-09-06T20:05:06.109+01:00 INFO : Filtering template 56/96 segment 15/15
2026-09-06T20:05:06.118+01:00 INFO : 56: generating IMRPhenomD from 30.0 Hz
2026-09-06T20:05:06.120+01:00 INFO : Decompressing waveform using inline_linear
2026-09-06T20:05:06.123+01:00 INFO : Filtering template 57/96 segment 1/15
2026-09-06T20:05:06.132+01:00 INFO : Filtering template 57/96 segment 2/15
2026-09-06T20:05:06.141+01:00 INFO : 1 points above threshold
2026-09-06T20:05:06.149+01:00 INFO : Filtering template 57/96 segment 3/15
2026-09-06T20:05:06.157+01:00 INFO : Filtering template 57/96 segment 4/15
2026-09-06T20:05:06.166+01:00 INFO : 1 points above threshold
2026-09-06T20:05:06.168+01:00 INFO : Filtering template 57/96 segment 5/15
2026-09-06T20:05:06.177+01:00 INFO : Filtering template 57/96 segment 6/15
2026-09-06T20:05:06.185+01:00 INFO : 1 points above threshold
2026-09-06T20:05:06.188+01:00 INFO : Filtering template 57/96 segment 7/15
2026-09-06T20:05:06.196+01:00 INFO : 1 points above threshold
2026-09-06T20:05:06.199+01:00 INFO : Filtering template 57/96 segment 8/15
2026-09-06T20:05:06.207+01:00 INFO : Filtering template 57/96 segment 9/15
2026-09-06T20:05:06.216+01:00 INFO : 1 points above threshold
2026-09-06T20:05:06.218+01:00 INFO : Filtering template 57/96 segment 10/15
2026-09-06T20:05:06.227+01:00 INFO : 1 points above threshold
2026-09-06T20:05:06.229+01:00 INFO : Filtering template 57/96 segment 11/15
2026-09-06T20:05:06.238+01:00 INFO : 1 points above threshold
2026-09-06T20:05:06.241+01:00 INFO : Filtering template 57/96 segment 12/15
2026-09-06T20:05:06.249+01:00 INFO : Filtering template 57/96 segment 13/15
2026-09-06T20:05:06.257+01:00 INFO : Filtering template 57/96 segment 14/15
2026-09-06T20:05:06.266+01:00 INFO : Filtering template 57/96 segment 15/15
2026-09-06T20:05:06.274+01:00 INFO : 57: generating IMRPhenomD from 30.0 Hz
2026-09-06T20:05:06.277+01:00 INFO : Decompressing waveform using inline_linear
2026-09-06T20:05:06.279+01:00 INFO : Filtering template 58/96 segment 1/15
2026-09-06T20:05:06.289+01:00 INFO : 1 points above threshold
2026-09-06T20:05:06.297+01:00 INFO : Filtering template 58/96 segment 2/15
2026-09-06T20:05:06.305+01:00 INFO : Filtering template 58/96 segment 3/15
2026-09-06T20:05:06.314+01:00 INFO : Filtering template 58/96 segment 4/15
2026-09-06T20:05:06.322+01:00 INFO : Filtering template 58/96 segment 5/15
2026-09-06T20:05:06.331+01:00 INFO : Filtering template 58/96 segment 6/15
2026-09-06T20:05:06.339+01:00 INFO : 2 points above threshold
2026-09-06T20:05:06.343+01:00 INFO : Filtering template 58/96 segment 7/15
2026-09-06T20:05:06.351+01:00 INFO : Filtering template 58/96 segment 8/15
2026-09-06T20:05:06.359+01:00 INFO : 1 points above threshold
2026-09-06T20:05:06.362+01:00 INFO : Filtering template 58/96 segment 9/15
2026-09-06T20:05:06.370+01:00 INFO : Filtering template 58/96 segment 10/15
2026-09-06T20:05:06.379+01:00 INFO : 1 points above threshold
2026-09-06T20:05:06.382+01:00 INFO : Filtering template 58/96 segment 11/15
2026-09-06T20:05:06.390+01:00 INFO : Filtering template 58/96 segment 12/15
2026-09-06T20:05:06.398+01:00 INFO : Filtering template 58/96 segment 13/15
2026-09-06T20:05:06.407+01:00 INFO : 1 points above threshold
2026-09-06T20:05:06.409+01:00 INFO : Filtering template 58/96 segment 14/15
2026-09-06T20:05:06.418+01:00 INFO : 1 points above threshold
2026-09-06T20:05:06.420+01:00 INFO : Filtering template 58/96 segment 15/15
2026-09-06T20:05:06.429+01:00 INFO : 58: generating IMRPhenomD from 30.0 Hz
2026-09-06T20:05:06.431+01:00 INFO : Decompressing waveform using inline_linear
2026-09-06T20:05:06.434+01:00 INFO : Filtering template 59/96 segment 1/15
2026-09-06T20:05:06.443+01:00 INFO : Filtering template 59/96 segment 2/15
2026-09-06T20:05:06.452+01:00 INFO : Filtering template 59/96 segment 3/15
2026-09-06T20:05:06.460+01:00 INFO : 1 points above threshold
2026-09-06T20:05:06.469+01:00 INFO : Filtering template 59/96 segment 4/15
2026-09-06T20:05:06.477+01:00 INFO : 1 points above threshold
2026-09-06T20:05:06.480+01:00 INFO : Filtering template 59/96 segment 5/15
2026-09-06T20:05:06.488+01:00 INFO : Filtering template 59/96 segment 6/15
2026-09-06T20:05:06.497+01:00 INFO : 1 points above threshold
2026-09-06T20:05:06.499+01:00 INFO : Filtering template 59/96 segment 7/15
2026-09-06T20:05:06.508+01:00 INFO : 2 points above threshold
2026-09-06T20:05:06.511+01:00 INFO : Filtering template 59/96 segment 8/15
2026-09-06T20:05:06.520+01:00 INFO : Filtering template 59/96 segment 9/15
2026-09-06T20:05:06.528+01:00 INFO : Filtering template 59/96 segment 10/15
2026-09-06T20:05:06.537+01:00 INFO : Filtering template 59/96 segment 11/15
2026-09-06T20:05:06.545+01:00 INFO : 1 points above threshold
2026-09-06T20:05:06.548+01:00 INFO : Filtering template 59/96 segment 12/15
2026-09-06T20:05:06.556+01:00 INFO : Filtering template 59/96 segment 13/15
2026-09-06T20:05:06.565+01:00 INFO : Filtering template 59/96 segment 14/15
2026-09-06T20:05:06.573+01:00 INFO : Filtering template 59/96 segment 15/15
2026-09-06T20:05:06.582+01:00 INFO : 59: generating IMRPhenomD from 30.0 Hz
2026-09-06T20:05:06.584+01:00 INFO : Decompressing waveform using inline_linear
2026-09-06T20:05:06.586+01:00 INFO : Filtering template 60/96 segment 1/15
2026-09-06T20:05:06.596+01:00 INFO : Filtering template 60/96 segment 2/15
2026-09-06T20:05:06.604+01:00 INFO : Filtering template 60/96 segment 3/15
2026-09-06T20:05:06.613+01:00 INFO : Filtering template 60/96 segment 4/15
2026-09-06T20:05:06.621+01:00 INFO : Filtering template 60/96 segment 5/15
2026-09-06T20:05:06.630+01:00 INFO : Filtering template 60/96 segment 6/15
2026-09-06T20:05:06.638+01:00 INFO : Filtering template 60/96 segment 7/15
2026-09-06T20:05:06.646+01:00 INFO : Filtering template 60/96 segment 8/15
2026-09-06T20:05:06.655+01:00 INFO : Filtering template 60/96 segment 9/15
2026-09-06T20:05:06.663+01:00 INFO : 1 points above threshold
2026-09-06T20:05:06.672+01:00 INFO : Filtering template 60/96 segment 10/15
2026-09-06T20:05:06.680+01:00 INFO : Filtering template 60/96 segment 11/15
2026-09-06T20:05:06.689+01:00 INFO : 1 points above threshold
2026-09-06T20:05:06.691+01:00 INFO : Filtering template 60/96 segment 12/15
2026-09-06T20:05:06.700+01:00 INFO : 1 points above threshold
2026-09-06T20:05:06.702+01:00 INFO : Filtering template 60/96 segment 13/15
2026-09-06T20:05:06.711+01:00 INFO : Filtering template 60/96 segment 14/15
2026-09-06T20:05:06.719+01:00 INFO : Filtering template 60/96 segment 15/15
2026-09-06T20:05:06.728+01:00 INFO : 60: generating IMRPhenomD from 30.0 Hz
2026-09-06T20:05:06.730+01:00 INFO : Decompressing waveform using inline_linear
2026-09-06T20:05:06.732+01:00 INFO : Filtering template 61/96 segment 1/15
2026-09-06T20:05:06.742+01:00 INFO : Filtering template 61/96 segment 2/15
2026-09-06T20:05:06.750+01:00 INFO : Filtering template 61/96 segment 3/15
2026-09-06T20:05:06.759+01:00 INFO : Filtering template 61/96 segment 4/15
2026-09-06T20:05:06.767+01:00 INFO : 1 points above threshold
2026-09-06T20:05:06.775+01:00 INFO : Filtering template 61/96 segment 5/15
2026-09-06T20:05:06.784+01:00 INFO : Filtering template 61/96 segment 6/15
2026-09-06T20:05:06.792+01:00 INFO : 1 points above threshold
2026-09-06T20:05:06.795+01:00 INFO : Filtering template 61/96 segment 7/15
2026-09-06T20:05:06.803+01:00 INFO : 1 points above threshold
2026-09-06T20:05:06.806+01:00 INFO : Filtering template 61/96 segment 8/15
2026-09-06T20:05:06.814+01:00 INFO : Filtering template 61/96 segment 9/15
2026-09-06T20:05:06.823+01:00 INFO : Filtering template 61/96 segment 10/15
2026-09-06T20:05:06.831+01:00 INFO : Filtering template 61/96 segment 11/15
2026-09-06T20:05:06.840+01:00 INFO : 1 points above threshold
2026-09-06T20:05:06.842+01:00 INFO : Filtering template 61/96 segment 12/15
2026-09-06T20:05:06.851+01:00 INFO : Filtering template 61/96 segment 13/15
2026-09-06T20:05:06.859+01:00 INFO : Filtering template 61/96 segment 14/15
2026-09-06T20:05:06.867+01:00 INFO : Filtering template 61/96 segment 15/15
2026-09-06T20:05:06.876+01:00 INFO : 61: generating IMRPhenomD from 30.0 Hz
2026-09-06T20:05:06.878+01:00 INFO : Decompressing waveform using inline_linear
2026-09-06T20:05:06.881+01:00 INFO : Filtering template 62/96 segment 1/15
2026-09-06T20:05:06.890+01:00 INFO : 1 points above threshold
2026-09-06T20:05:06.899+01:00 INFO : Filtering template 62/96 segment 2/15
2026-09-06T20:05:06.907+01:00 INFO : 1 points above threshold
2026-09-06T20:05:06.910+01:00 INFO : Filtering template 62/96 segment 3/15
2026-09-06T20:05:06.918+01:00 INFO : Filtering template 62/96 segment 4/15
2026-09-06T20:05:06.927+01:00 INFO : Filtering template 62/96 segment 5/15
2026-09-06T20:05:06.935+01:00 INFO : Filtering template 62/96 segment 6/15
2026-09-06T20:05:06.943+01:00 INFO : Filtering template 62/96 segment 7/15
2026-09-06T20:05:06.952+01:00 INFO : Filtering template 62/96 segment 8/15
2026-09-06T20:05:06.960+01:00 INFO : Filtering template 62/96 segment 9/15
2026-09-06T20:05:06.969+01:00 INFO : Filtering template 62/96 segment 10/15
2026-09-06T20:05:06.977+01:00 INFO : 1 points above threshold
2026-09-06T20:05:06.980+01:00 INFO : Filtering template 62/96 segment 11/15
2026-09-06T20:05:06.988+01:00 INFO : 3 points above threshold
2026-09-06T20:05:06.993+01:00 INFO : Filtering template 62/96 segment 12/15
2026-09-06T20:05:07.001+01:00 INFO : 1 points above threshold
2026-09-06T20:05:07.004+01:00 INFO : Filtering template 62/96 segment 13/15
2026-09-06T20:05:07.013+01:00 INFO : Filtering template 62/96 segment 14/15
2026-09-06T20:05:07.021+01:00 INFO : Filtering template 62/96 segment 15/15
2026-09-06T20:05:07.030+01:00 INFO : 62: generating IMRPhenomD from 30.0 Hz
2026-09-06T20:05:07.032+01:00 INFO : Decompressing waveform using inline_linear
2026-09-06T20:05:07.034+01:00 INFO : Filtering template 63/96 segment 1/15
2026-09-06T20:05:07.044+01:00 INFO : Filtering template 63/96 segment 2/15
2026-09-06T20:05:07.052+01:00 INFO : Filtering template 63/96 segment 3/15
2026-09-06T20:05:07.061+01:00 INFO : Filtering template 63/96 segment 4/15
2026-09-06T20:05:07.070+01:00 INFO : 1 points above threshold
2026-09-06T20:05:07.079+01:00 INFO : Filtering template 63/96 segment 5/15
2026-09-06T20:05:07.088+01:00 INFO : Filtering template 63/96 segment 6/15
2026-09-06T20:05:07.098+01:00 INFO : Filtering template 63/96 segment 7/15
2026-09-06T20:05:07.107+01:00 INFO : Filtering template 63/96 segment 8/15
2026-09-06T20:05:07.116+01:00 INFO : 2 points above threshold
2026-09-06T20:05:07.120+01:00 INFO : Filtering template 63/96 segment 9/15
2026-09-06T20:05:07.131+01:00 INFO : Filtering template 63/96 segment 10/15
2026-09-06T20:05:07.141+01:00 INFO : Filtering template 63/96 segment 11/15
2026-09-06T20:05:07.150+01:00 INFO : Filtering template 63/96 segment 12/15
2026-09-06T20:05:07.160+01:00 INFO : 1 points above threshold
2026-09-06T20:05:07.163+01:00 INFO : Filtering template 63/96 segment 13/15
2026-09-06T20:05:07.172+01:00 INFO : 1 points above threshold
2026-09-06T20:05:07.174+01:00 INFO : Filtering template 63/96 segment 14/15
2026-09-06T20:05:07.183+01:00 INFO : Filtering template 63/96 segment 15/15
2026-09-06T20:05:07.192+01:00 INFO : 63: generating IMRPhenomD from 30.0 Hz
2026-09-06T20:05:07.194+01:00 INFO : Decompressing waveform using inline_linear
2026-09-06T20:05:07.196+01:00 INFO : Filtering template 64/96 segment 1/15
2026-09-06T20:05:07.206+01:00 INFO : Filtering template 64/96 segment 2/15
2026-09-06T20:05:07.214+01:00 INFO : Filtering template 64/96 segment 3/15
2026-09-06T20:05:07.223+01:00 INFO : 2 points above threshold
2026-09-06T20:05:07.232+01:00 INFO : Filtering template 64/96 segment 4/15
2026-09-06T20:05:07.240+01:00 INFO : Filtering template 64/96 segment 5/15
2026-09-06T20:05:07.249+01:00 INFO : Filtering template 64/96 segment 6/15
2026-09-06T20:05:07.257+01:00 INFO : 1 points above threshold
2026-09-06T20:05:07.260+01:00 INFO : Filtering template 64/96 segment 7/15
2026-09-06T20:05:07.269+01:00 INFO : Filtering template 64/96 segment 8/15
2026-09-06T20:05:07.277+01:00 INFO : Filtering template 64/96 segment 9/15
2026-09-06T20:05:07.286+01:00 INFO : Filtering template 64/96 segment 10/15
2026-09-06T20:05:07.294+01:00 INFO : Filtering template 64/96 segment 11/15
2026-09-06T20:05:07.302+01:00 INFO : Filtering template 64/96 segment 12/15
2026-09-06T20:05:07.311+01:00 INFO : Filtering template 64/96 segment 13/15
2026-09-06T20:05:07.319+01:00 INFO : Filtering template 64/96 segment 14/15
2026-09-06T20:05:07.328+01:00 INFO : Filtering template 64/96 segment 15/15
2026-09-06T20:05:07.336+01:00 INFO : 64: generating IMRPhenomD from 30.0 Hz
2026-09-06T20:05:07.339+01:00 INFO : Decompressing waveform using inline_linear
2026-09-06T20:05:07.341+01:00 INFO : Filtering template 65/96 segment 1/15
2026-09-06T20:05:07.351+01:00 INFO : 1 points above threshold
2026-09-06T20:05:07.359+01:00 INFO : Filtering template 65/96 segment 2/15
2026-09-06T20:05:07.368+01:00 INFO : Filtering template 65/96 segment 3/15
2026-09-06T20:05:07.376+01:00 INFO : 1 points above threshold
2026-09-06T20:05:07.379+01:00 INFO : Filtering template 65/96 segment 4/15
2026-09-06T20:05:07.387+01:00 INFO : 1 points above threshold
2026-09-06T20:05:07.390+01:00 INFO : Filtering template 65/96 segment 5/15
2026-09-06T20:05:07.398+01:00 INFO : Filtering template 65/96 segment 6/15
2026-09-06T20:05:07.407+01:00 INFO : 1 points above threshold
2026-09-06T20:05:07.409+01:00 INFO : Filtering template 65/96 segment 7/15
2026-09-06T20:05:07.418+01:00 INFO : 1 points above threshold
2026-09-06T20:05:07.420+01:00 INFO : Filtering template 65/96 segment 8/15
2026-09-06T20:05:07.429+01:00 INFO : Filtering template 65/96 segment 9/15
2026-09-06T20:05:07.437+01:00 INFO : Filtering template 65/96 segment 10/15
2026-09-06T20:05:07.445+01:00 INFO : 1 points above threshold
2026-09-06T20:05:07.448+01:00 INFO : Filtering template 65/96 segment 11/15
2026-09-06T20:05:07.457+01:00 INFO : Filtering template 65/96 segment 12/15
2026-09-06T20:05:07.465+01:00 INFO : 1 points above threshold
2026-09-06T20:05:07.468+01:00 INFO : Filtering template 65/96 segment 13/15
2026-09-06T20:05:07.476+01:00 INFO : Filtering template 65/96 segment 14/15
2026-09-06T20:05:07.485+01:00 INFO : Filtering template 65/96 segment 15/15
2026-09-06T20:05:07.493+01:00 INFO : 65: generating IMRPhenomD from 30.0 Hz
2026-09-06T20:05:07.495+01:00 INFO : Decompressing waveform using inline_linear
2026-09-06T20:05:07.498+01:00 INFO : Filtering template 66/96 segment 1/15
2026-09-06T20:05:07.507+01:00 INFO : Filtering template 66/96 segment 2/15
2026-09-06T20:05:07.516+01:00 INFO : 1 points above threshold
2026-09-06T20:05:07.525+01:00 INFO : Filtering template 66/96 segment 3/15
2026-09-06T20:05:07.533+01:00 INFO : Filtering template 66/96 segment 4/15
2026-09-06T20:05:07.541+01:00 INFO : 1 points above threshold
2026-09-06T20:05:07.544+01:00 INFO : Filtering template 66/96 segment 5/15
2026-09-06T20:05:07.553+01:00 INFO : Filtering template 66/96 segment 6/15
2026-09-06T20:05:07.561+01:00 INFO : Filtering template 66/96 segment 7/15
2026-09-06T20:05:07.569+01:00 INFO : 2 points above threshold
2026-09-06T20:05:07.573+01:00 INFO : Filtering template 66/96 segment 8/15
2026-09-06T20:05:07.581+01:00 INFO : Filtering template 66/96 segment 9/15
2026-09-06T20:05:07.590+01:00 INFO : Filtering template 66/96 segment 10/15
2026-09-06T20:05:07.598+01:00 INFO : Filtering template 66/96 segment 11/15
2026-09-06T20:05:07.606+01:00 INFO : 1 points above threshold
2026-09-06T20:05:07.609+01:00 INFO : Filtering template 66/96 segment 12/15
2026-09-06T20:05:07.618+01:00 INFO : Filtering template 66/96 segment 13/15
2026-09-06T20:05:07.626+01:00 INFO : Filtering template 66/96 segment 14/15
2026-09-06T20:05:07.634+01:00 INFO : Filtering template 66/96 segment 15/15
2026-09-06T20:05:07.643+01:00 INFO : 66: generating IMRPhenomD from 30.0 Hz
2026-09-06T20:05:07.645+01:00 INFO : Decompressing waveform using inline_linear
2026-09-06T20:05:07.648+01:00 INFO : Filtering template 67/96 segment 1/15
2026-09-06T20:05:07.657+01:00 INFO : 2 points above threshold
2026-09-06T20:05:07.667+01:00 INFO : Filtering template 67/96 segment 2/15
2026-09-06T20:05:07.675+01:00 INFO : 1 points above threshold
2026-09-06T20:05:07.678+01:00 INFO : Filtering template 67/96 segment 3/15
2026-09-06T20:05:07.686+01:00 INFO : Filtering template 67/96 segment 4/15
2026-09-06T20:05:07.695+01:00 INFO : Filtering template 67/96 segment 5/15
2026-09-06T20:05:07.703+01:00 INFO : Filtering template 67/96 segment 6/15
2026-09-06T20:05:07.711+01:00 INFO : Filtering template 67/96 segment 7/15
2026-09-06T20:05:07.720+01:00 INFO : 1 points above threshold
2026-09-06T20:05:07.723+01:00 INFO : Filtering template 67/96 segment 8/15
2026-09-06T20:05:07.731+01:00 INFO : Filtering template 67/96 segment 9/15
2026-09-06T20:05:07.739+01:00 INFO : Filtering template 67/96 segment 10/15
2026-09-06T20:05:07.748+01:00 INFO : Filtering template 67/96 segment 11/15
2026-09-06T20:05:07.756+01:00 INFO : Filtering template 67/96 segment 12/15
2026-09-06T20:05:07.765+01:00 INFO : Filtering template 67/96 segment 13/15
2026-09-06T20:05:07.773+01:00 INFO : Filtering template 67/96 segment 14/15
2026-09-06T20:05:07.782+01:00 INFO : Filtering template 67/96 segment 15/15
2026-09-06T20:05:07.790+01:00 INFO : 67: generating IMRPhenomD from 30.0 Hz
2026-09-06T20:05:07.792+01:00 INFO : Decompressing waveform using inline_linear
2026-09-06T20:05:07.795+01:00 INFO : Filtering template 68/96 segment 1/15
2026-09-06T20:05:07.804+01:00 INFO : 2 points above threshold
2026-09-06T20:05:07.814+01:00 INFO : Filtering template 68/96 segment 2/15
2026-09-06T20:05:07.822+01:00 INFO : Filtering template 68/96 segment 3/15
2026-09-06T20:05:07.831+01:00 INFO : Filtering template 68/96 segment 4/15
2026-09-06T20:05:07.839+01:00 INFO : 1 points above threshold
2026-09-06T20:05:07.842+01:00 INFO : Filtering template 68/96 segment 5/15
2026-09-06T20:05:07.850+01:00 INFO : Filtering template 68/96 segment 6/15
2026-09-06T20:05:07.859+01:00 INFO : Filtering template 68/96 segment 7/15
2026-09-06T20:05:07.867+01:00 INFO : 1 points above threshold
2026-09-06T20:05:07.870+01:00 INFO : Filtering template 68/96 segment 8/15
2026-09-06T20:05:07.878+01:00 INFO : Filtering template 68/96 segment 9/15
2026-09-06T20:05:07.887+01:00 INFO : Filtering template 68/96 segment 10/15
2026-09-06T20:05:07.895+01:00 INFO : Filtering template 68/96 segment 11/15
2026-09-06T20:05:07.904+01:00 INFO : Filtering template 68/96 segment 12/15
2026-09-06T20:05:07.912+01:00 INFO : 1 points above threshold
2026-09-06T20:05:07.915+01:00 INFO : Filtering template 68/96 segment 13/15
2026-09-06T20:05:07.923+01:00 INFO : 1 points above threshold
2026-09-06T20:05:07.926+01:00 INFO : Filtering template 68/96 segment 14/15
2026-09-06T20:05:07.934+01:00 INFO : Filtering template 68/96 segment 15/15
2026-09-06T20:05:07.943+01:00 INFO : 68: generating IMRPhenomD from 30.0 Hz
2026-09-06T20:05:07.945+01:00 INFO : Decompressing waveform using inline_linear
2026-09-06T20:05:07.948+01:00 INFO : Filtering template 69/96 segment 1/15
2026-09-06T20:05:07.957+01:00 INFO : Filtering template 69/96 segment 2/15
2026-09-06T20:05:07.966+01:00 INFO : Filtering template 69/96 segment 3/15
2026-09-06T20:05:07.974+01:00 INFO : Filtering template 69/96 segment 4/15
2026-09-06T20:05:07.982+01:00 INFO : Filtering template 69/96 segment 5/15
2026-09-06T20:05:07.991+01:00 INFO : Filtering template 69/96 segment 6/15
2026-09-06T20:05:07.999+01:00 INFO : Filtering template 69/96 segment 7/15
2026-09-06T20:05:08.008+01:00 INFO : 1 points above threshold
2026-09-06T20:05:08.016+01:00 INFO : Filtering template 69/96 segment 8/15
2026-09-06T20:05:08.025+01:00 INFO : Filtering template 69/96 segment 9/15
2026-09-06T20:05:08.033+01:00 INFO : Filtering template 69/96 segment 10/15
2026-09-06T20:05:08.041+01:00 INFO : Filtering template 69/96 segment 11/15
2026-09-06T20:05:08.050+01:00 INFO : 1 points above threshold
2026-09-06T20:05:08.053+01:00 INFO : Filtering template 69/96 segment 12/15
2026-09-06T20:05:08.061+01:00 INFO : Filtering template 69/96 segment 13/15
2026-09-06T20:05:08.069+01:00 INFO : Filtering template 69/96 segment 14/15
2026-09-06T20:05:08.078+01:00 INFO : Filtering template 69/96 segment 15/15
2026-09-06T20:05:08.086+01:00 INFO : 69: generating IMRPhenomD from 30.0 Hz
2026-09-06T20:05:08.089+01:00 INFO : Decompressing waveform using inline_linear
2026-09-06T20:05:08.091+01:00 INFO : Filtering template 70/96 segment 1/15
2026-09-06T20:05:08.101+01:00 INFO : 1 points above threshold
2026-09-06T20:05:08.109+01:00 INFO : Filtering template 70/96 segment 2/15
2026-09-06T20:05:08.117+01:00 INFO : Filtering template 70/96 segment 3/15
2026-09-06T20:05:08.126+01:00 INFO : 1 points above threshold
2026-09-06T20:05:08.129+01:00 INFO : Filtering template 70/96 segment 4/15
2026-09-06T20:05:08.137+01:00 INFO : 2 points above threshold
2026-09-06T20:05:08.140+01:00 INFO : Filtering template 70/96 segment 5/15
2026-09-06T20:05:08.149+01:00 INFO : Filtering template 70/96 segment 6/15
2026-09-06T20:05:08.157+01:00 INFO : Filtering template 70/96 segment 7/15
2026-09-06T20:05:08.166+01:00 INFO : Filtering template 70/96 segment 8/15
2026-09-06T20:05:08.174+01:00 INFO : Filtering template 70/96 segment 9/15
2026-09-06T20:05:08.182+01:00 INFO : Filtering template 70/96 segment 10/15
2026-09-06T20:05:08.191+01:00 INFO : Filtering template 70/96 segment 11/15
2026-09-06T20:05:08.199+01:00 INFO : 2 points above threshold
2026-09-06T20:05:08.203+01:00 INFO : Filtering template 70/96 segment 12/15
2026-09-06T20:05:08.211+01:00 INFO : Filtering template 70/96 segment 13/15
2026-09-06T20:05:08.220+01:00 INFO : 1 points above threshold
2026-09-06T20:05:08.222+01:00 INFO : Filtering template 70/96 segment 14/15
2026-09-06T20:05:08.231+01:00 INFO : 1 points above threshold
2026-09-06T20:05:08.233+01:00 INFO : Filtering template 70/96 segment 15/15
2026-09-06T20:05:08.242+01:00 INFO : 70: generating IMRPhenomD from 30.0 Hz
2026-09-06T20:05:08.244+01:00 INFO : Decompressing waveform using inline_linear
2026-09-06T20:05:08.247+01:00 INFO : Filtering template 71/96 segment 1/15
2026-09-06T20:05:08.256+01:00 INFO : Filtering template 71/96 segment 2/15
2026-09-06T20:05:08.265+01:00 INFO : Filtering template 71/96 segment 3/15
2026-09-06T20:05:08.273+01:00 INFO : Filtering template 71/96 segment 4/15
2026-09-06T20:05:08.282+01:00 INFO : Filtering template 71/96 segment 5/15
2026-09-06T20:05:08.290+01:00 INFO : Filtering template 71/96 segment 6/15
2026-09-06T20:05:08.298+01:00 INFO : 1 points above threshold
2026-09-06T20:05:08.307+01:00 INFO : Filtering template 71/96 segment 7/15
2026-09-06T20:05:08.315+01:00 INFO : Filtering template 71/96 segment 8/15
2026-09-06T20:05:08.324+01:00 INFO : Filtering template 71/96 segment 9/15
2026-09-06T20:05:08.332+01:00 INFO : 1 points above threshold
2026-09-06T20:05:08.335+01:00 INFO : Filtering template 71/96 segment 10/15
2026-09-06T20:05:08.343+01:00 INFO : Filtering template 71/96 segment 11/15
2026-09-06T20:05:08.352+01:00 INFO : 1 points above threshold
2026-09-06T20:05:08.355+01:00 INFO : Filtering template 71/96 segment 12/15
2026-09-06T20:05:08.363+01:00 INFO : 2 points above threshold
2026-09-06T20:05:08.367+01:00 INFO : Filtering template 71/96 segment 13/15
2026-09-06T20:05:08.375+01:00 INFO : Filtering template 71/96 segment 14/15
2026-09-06T20:05:08.383+01:00 INFO : Filtering template 71/96 segment 15/15
2026-09-06T20:05:08.392+01:00 INFO : 71: generating IMRPhenomD from 30.0 Hz
2026-09-06T20:05:08.394+01:00 INFO : Decompressing waveform using inline_linear
2026-09-06T20:05:08.397+01:00 INFO : Filtering template 72/96 segment 1/15
2026-09-06T20:05:08.406+01:00 INFO : Filtering template 72/96 segment 2/15
2026-09-06T20:05:08.414+01:00 INFO : 1 points above threshold
2026-09-06T20:05:08.423+01:00 INFO : Filtering template 72/96 segment 3/15
2026-09-06T20:05:08.431+01:00 INFO : 1 points above threshold
2026-09-06T20:05:08.434+01:00 INFO : Filtering template 72/96 segment 4/15
2026-09-06T20:05:08.442+01:00 INFO : Filtering template 72/96 segment 5/15
2026-09-06T20:05:08.451+01:00 INFO : Filtering template 72/96 segment 6/15
2026-09-06T20:05:08.459+01:00 INFO : 1 points above threshold
2026-09-06T20:05:08.462+01:00 INFO : Filtering template 72/96 segment 7/15
2026-09-06T20:05:08.470+01:00 INFO : Filtering template 72/96 segment 8/15
2026-09-06T20:05:08.479+01:00 INFO : Filtering template 72/96 segment 9/15
2026-09-06T20:05:08.487+01:00 INFO : 1 points above threshold
2026-09-06T20:05:08.490+01:00 INFO : Filtering template 72/96 segment 10/15
2026-09-06T20:05:08.498+01:00 INFO : 1 points above threshold
2026-09-06T20:05:08.501+01:00 INFO : Filtering template 72/96 segment 11/15
2026-09-06T20:05:08.509+01:00 INFO : 1 points above threshold
2026-09-06T20:05:08.512+01:00 INFO : Filtering template 72/96 segment 12/15
2026-09-06T20:05:08.520+01:00 INFO : 1 points above threshold
2026-09-06T20:05:08.523+01:00 INFO : Filtering template 72/96 segment 13/15
2026-09-06T20:05:08.531+01:00 INFO : 2 points above threshold
2026-09-06T20:05:08.535+01:00 INFO : Filtering template 72/96 segment 14/15
2026-09-06T20:05:08.543+01:00 INFO : 1 points above threshold
2026-09-06T20:05:08.546+01:00 INFO : Filtering template 72/96 segment 15/15
2026-09-06T20:05:08.555+01:00 INFO : 72: generating IMRPhenomD from 30.0 Hz
2026-09-06T20:05:08.557+01:00 INFO : Decompressing waveform using inline_linear
2026-09-06T20:05:08.559+01:00 INFO : Filtering template 73/96 segment 1/15
2026-09-06T20:05:08.569+01:00 INFO : Filtering template 73/96 segment 2/15
2026-09-06T20:05:08.577+01:00 INFO : Filtering template 73/96 segment 3/15
2026-09-06T20:05:08.586+01:00 INFO : 1 points above threshold
2026-09-06T20:05:08.594+01:00 INFO : Filtering template 73/96 segment 4/15
2026-09-06T20:05:08.602+01:00 INFO : Filtering template 73/96 segment 5/15
2026-09-06T20:05:08.611+01:00 INFO : Filtering template 73/96 segment 6/15
2026-09-06T20:05:08.619+01:00 INFO : 1 points above threshold
2026-09-06T20:05:08.622+01:00 INFO : Filtering template 73/96 segment 7/15
2026-09-06T20:05:08.630+01:00 INFO : 1 points above threshold
2026-09-06T20:05:08.633+01:00 INFO : Filtering template 73/96 segment 8/15
2026-09-06T20:05:08.641+01:00 INFO : Filtering template 73/96 segment 9/15
2026-09-06T20:05:08.650+01:00 INFO : Filtering template 73/96 segment 10/15
2026-09-06T20:05:08.658+01:00 INFO : Filtering template 73/96 segment 11/15
2026-09-06T20:05:08.667+01:00 INFO : Filtering template 73/96 segment 12/15
2026-09-06T20:05:08.675+01:00 INFO : Filtering template 73/96 segment 13/15
2026-09-06T20:05:08.683+01:00 INFO : Filtering template 73/96 segment 14/15
2026-09-06T20:05:08.692+01:00 INFO : 1 points above threshold
2026-09-06T20:05:08.695+01:00 INFO : Filtering template 73/96 segment 15/15
2026-09-06T20:05:08.703+01:00 INFO : 73: generating IMRPhenomD from 30.0 Hz
2026-09-06T20:05:08.705+01:00 INFO : Decompressing waveform using inline_linear
2026-09-06T20:05:08.708+01:00 INFO : Filtering template 74/96 segment 1/15
2026-09-06T20:05:08.717+01:00 INFO : 2 points above threshold
2026-09-06T20:05:08.727+01:00 INFO : Filtering template 74/96 segment 2/15
2026-09-06T20:05:08.735+01:00 INFO : Filtering template 74/96 segment 3/15
2026-09-06T20:05:08.744+01:00 INFO : 1 points above threshold
2026-09-06T20:05:08.746+01:00 INFO : Filtering template 74/96 segment 4/15
2026-09-06T20:05:08.755+01:00 INFO : Filtering template 74/96 segment 5/15
2026-09-06T20:05:08.763+01:00 INFO : Filtering template 74/96 segment 6/15
2026-09-06T20:05:08.772+01:00 INFO : 3 points above threshold
2026-09-06T20:05:08.776+01:00 INFO : Filtering template 74/96 segment 7/15
2026-09-06T20:05:08.785+01:00 INFO : Filtering template 74/96 segment 8/15
2026-09-06T20:05:08.793+01:00 INFO : Filtering template 74/96 segment 9/15
2026-09-06T20:05:08.802+01:00 INFO : Filtering template 74/96 segment 10/15
2026-09-06T20:05:08.810+01:00 INFO : Filtering template 74/96 segment 11/15
2026-09-06T20:05:08.819+01:00 INFO : 1 points above threshold
2026-09-06T20:05:08.821+01:00 INFO : Filtering template 74/96 segment 12/15
2026-09-06T20:05:08.830+01:00 INFO : Filtering template 74/96 segment 13/15
2026-09-06T20:05:08.838+01:00 INFO : Filtering template 74/96 segment 14/15
2026-09-06T20:05:08.847+01:00 INFO : Filtering template 74/96 segment 15/15
2026-09-06T20:05:08.855+01:00 INFO : 74: generating IMRPhenomD from 30.0 Hz
2026-09-06T20:05:08.857+01:00 INFO : Decompressing waveform using inline_linear
2026-09-06T20:05:08.860+01:00 INFO : Filtering template 75/96 segment 1/15
2026-09-06T20:05:08.870+01:00 INFO : Filtering template 75/96 segment 2/15
2026-09-06T20:05:08.878+01:00 INFO : Filtering template 75/96 segment 3/15
2026-09-06T20:05:08.886+01:00 INFO : Filtering template 75/96 segment 4/15
2026-09-06T20:05:08.895+01:00 INFO : Filtering template 75/96 segment 5/15
2026-09-06T20:05:08.903+01:00 INFO : Filtering template 75/96 segment 6/15
2026-09-06T20:05:08.912+01:00 INFO : 1 points above threshold
2026-09-06T20:05:08.920+01:00 INFO : Filtering template 75/96 segment 7/15
2026-09-06T20:05:08.929+01:00 INFO : 2 points above threshold
2026-09-06T20:05:08.932+01:00 INFO : Filtering template 75/96 segment 8/15
2026-09-06T20:05:08.941+01:00 INFO : Filtering template 75/96 segment 9/15
2026-09-06T20:05:08.949+01:00 INFO : Filtering template 75/96 segment 10/15
2026-09-06T20:05:08.958+01:00 INFO : Filtering template 75/96 segment 11/15
2026-09-06T20:05:08.966+01:00 INFO : Filtering template 75/96 segment 12/15
2026-09-06T20:05:08.975+01:00 INFO : Filtering template 75/96 segment 13/15
2026-09-06T20:05:08.983+01:00 INFO : 2 points above threshold
2026-09-06T20:05:08.987+01:00 INFO : Filtering template 75/96 segment 14/15
2026-09-06T20:05:08.995+01:00 INFO : Filtering template 75/96 segment 15/15
2026-09-06T20:05:09.004+01:00 INFO : 75: generating IMRPhenomD from 30.0 Hz
2026-09-06T20:05:09.006+01:00 INFO : Decompressing waveform using inline_linear
2026-09-06T20:05:09.009+01:00 INFO : Filtering template 76/96 segment 1/15
2026-09-06T20:05:09.018+01:00 INFO : Filtering template 76/96 segment 2/15
2026-09-06T20:05:09.027+01:00 INFO : 1 points above threshold
2026-09-06T20:05:09.035+01:00 INFO : Filtering template 76/96 segment 3/15
2026-09-06T20:05:09.043+01:00 INFO : Filtering template 76/96 segment 4/15
2026-09-06T20:05:09.052+01:00 INFO : Filtering template 76/96 segment 5/15
2026-09-06T20:05:09.060+01:00 INFO : Filtering template 76/96 segment 6/15
2026-09-06T20:05:09.069+01:00 INFO : Filtering template 76/96 segment 7/15
2026-09-06T20:05:09.077+01:00 INFO : 1 points above threshold
2026-09-06T20:05:09.080+01:00 INFO : Filtering template 76/96 segment 8/15
2026-09-06T20:05:09.088+01:00 INFO : Filtering template 76/96 segment 9/15
2026-09-06T20:05:09.097+01:00 INFO : Filtering template 76/96 segment 10/15
2026-09-06T20:05:09.105+01:00 INFO : Filtering template 76/96 segment 11/15
2026-09-06T20:05:09.114+01:00 INFO : Filtering template 76/96 segment 12/15
2026-09-06T20:05:09.122+01:00 INFO : Filtering template 76/96 segment 13/15
2026-09-06T20:05:09.130+01:00 INFO : 2 points above threshold
2026-09-06T20:05:09.134+01:00 INFO : Filtering template 76/96 segment 14/15
2026-09-06T20:05:09.142+01:00 INFO : Filtering template 76/96 segment 15/15
2026-09-06T20:05:09.151+01:00 INFO : 76: generating IMRPhenomD from 30.0 Hz
2026-09-06T20:05:09.153+01:00 INFO : Decompressing waveform using inline_linear
2026-09-06T20:05:09.156+01:00 INFO : Filtering template 77/96 segment 1/15
2026-09-06T20:05:09.165+01:00 INFO : Filtering template 77/96 segment 2/15
2026-09-06T20:05:09.174+01:00 INFO : Filtering template 77/96 segment 3/15
2026-09-06T20:05:09.182+01:00 INFO : Filtering template 77/96 segment 4/15
2026-09-06T20:05:09.190+01:00 INFO : Filtering template 77/96 segment 5/15
2026-09-06T20:05:09.199+01:00 INFO : 1 points above threshold
2026-09-06T20:05:09.207+01:00 INFO : Filtering template 77/96 segment 6/15
2026-09-06T20:05:09.216+01:00 INFO : Filtering template 77/96 segment 7/15
2026-09-06T20:05:09.224+01:00 INFO : Filtering template 77/96 segment 8/15
2026-09-06T20:05:09.233+01:00 INFO : Filtering template 77/96 segment 9/15
2026-09-06T20:05:09.241+01:00 INFO : Filtering template 77/96 segment 10/15
2026-09-06T20:05:09.250+01:00 INFO : Filtering template 77/96 segment 11/15
2026-09-06T20:05:09.258+01:00 INFO : Filtering template 77/96 segment 12/15
2026-09-06T20:05:09.266+01:00 INFO : 1 points above threshold
2026-09-06T20:05:09.270+01:00 INFO : Filtering template 77/96 segment 13/15
2026-09-06T20:05:09.278+01:00 INFO : Filtering template 77/96 segment 14/15
2026-09-06T20:05:09.286+01:00 INFO : Filtering template 77/96 segment 15/15
2026-09-06T20:05:09.295+01:00 INFO : 77: generating IMRPhenomD from 30.0 Hz
2026-09-06T20:05:09.297+01:00 INFO : Decompressing waveform using inline_linear
2026-09-06T20:05:09.300+01:00 INFO : Filtering template 78/96 segment 1/15
2026-09-06T20:05:09.309+01:00 INFO : Filtering template 78/96 segment 2/15
2026-09-06T20:05:09.318+01:00 INFO : Filtering template 78/96 segment 3/15
2026-09-06T20:05:09.326+01:00 INFO : Filtering template 78/96 segment 4/15
2026-09-06T20:05:09.334+01:00 INFO : Filtering template 78/96 segment 5/15
2026-09-06T20:05:09.343+01:00 INFO : Filtering template 78/96 segment 6/15
2026-09-06T20:05:09.351+01:00 INFO : Filtering template 78/96 segment 7/15
2026-09-06T20:05:09.360+01:00 INFO : Filtering template 78/96 segment 8/15
2026-09-06T20:05:09.368+01:00 INFO : Filtering template 78/96 segment 9/15
2026-09-06T20:05:09.377+01:00 INFO : Filtering template 78/96 segment 10/15
2026-09-06T20:05:09.385+01:00 INFO : Filtering template 78/96 segment 11/15
2026-09-06T20:05:09.393+01:00 INFO : Filtering template 78/96 segment 12/15
2026-09-06T20:05:09.402+01:00 INFO : 1 points above threshold
2026-09-06T20:05:09.410+01:00 INFO : Filtering template 78/96 segment 13/15
2026-09-06T20:05:09.419+01:00 INFO : Filtering template 78/96 segment 14/15
2026-09-06T20:05:09.427+01:00 INFO : Filtering template 78/96 segment 15/15
2026-09-06T20:05:09.436+01:00 INFO : 78: generating IMRPhenomD from 30.0 Hz
2026-09-06T20:05:09.438+01:00 INFO : Decompressing waveform using inline_linear
2026-09-06T20:05:09.440+01:00 INFO : Filtering template 79/96 segment 1/15
2026-09-06T20:05:09.450+01:00 INFO : 1 points above threshold
2026-09-06T20:05:09.458+01:00 INFO : Filtering template 79/96 segment 2/15
2026-09-06T20:05:09.467+01:00 INFO : Filtering template 79/96 segment 3/15
2026-09-06T20:05:09.475+01:00 INFO : 1 points above threshold
2026-09-06T20:05:09.478+01:00 INFO : Filtering template 79/96 segment 4/15
2026-09-06T20:05:09.486+01:00 INFO : Filtering template 79/96 segment 5/15
2026-09-06T20:05:09.495+01:00 INFO : Filtering template 79/96 segment 6/15
2026-09-06T20:05:09.503+01:00 INFO : Filtering template 79/96 segment 7/15
2026-09-06T20:05:09.511+01:00 INFO : 1 points above threshold
2026-09-06T20:05:09.514+01:00 INFO : Filtering template 79/96 segment 8/15
2026-09-06T20:05:09.522+01:00 INFO : Filtering template 79/96 segment 9/15
2026-09-06T20:05:09.531+01:00 INFO : Filtering template 79/96 segment 10/15
2026-09-06T20:05:09.539+01:00 INFO : Filtering template 79/96 segment 11/15
2026-09-06T20:05:09.548+01:00 INFO : Filtering template 79/96 segment 12/15
2026-09-06T20:05:09.556+01:00 INFO : 1 points above threshold
2026-09-06T20:05:09.559+01:00 INFO : Filtering template 79/96 segment 13/15
2026-09-06T20:05:09.567+01:00 INFO : 1 points above threshold
2026-09-06T20:05:09.570+01:00 INFO : Filtering template 79/96 segment 14/15
2026-09-06T20:05:09.578+01:00 INFO : 2 points above threshold
2026-09-06T20:05:09.582+01:00 INFO : Filtering template 79/96 segment 15/15
2026-09-06T20:05:09.591+01:00 INFO : 79: generating IMRPhenomD from 30.0 Hz
2026-09-06T20:05:09.593+01:00 INFO : Decompressing waveform using inline_linear
2026-09-06T20:05:09.595+01:00 INFO : Filtering template 80/96 segment 1/15
2026-09-06T20:05:09.605+01:00 INFO : Filtering template 80/96 segment 2/15
2026-09-06T20:05:09.613+01:00 INFO : Filtering template 80/96 segment 3/15
2026-09-06T20:05:09.621+01:00 INFO : 2 points above threshold
2026-09-06T20:05:09.631+01:00 INFO : Filtering template 80/96 segment 4/15
2026-09-06T20:05:09.639+01:00 INFO : Filtering template 80/96 segment 5/15
2026-09-06T20:05:09.648+01:00 INFO : 1 points above threshold
2026-09-06T20:05:09.650+01:00 INFO : Filtering template 80/96 segment 6/15
2026-09-06T20:05:09.659+01:00 INFO : Filtering template 80/96 segment 7/15
2026-09-06T20:05:09.667+01:00 INFO : 1 points above threshold
2026-09-06T20:05:09.670+01:00 INFO : Filtering template 80/96 segment 8/15
2026-09-06T20:05:09.678+01:00 INFO : Filtering template 80/96 segment 9/15
2026-09-06T20:05:09.687+01:00 INFO : Filtering template 80/96 segment 10/15
2026-09-06T20:05:09.695+01:00 INFO : Filtering template 80/96 segment 11/15
2026-09-06T20:05:09.703+01:00 INFO : Filtering template 80/96 segment 12/15
2026-09-06T20:05:09.712+01:00 INFO : Filtering template 80/96 segment 13/15
2026-09-06T20:05:09.720+01:00 INFO : Filtering template 80/96 segment 14/15
2026-09-06T20:05:09.728+01:00 INFO : 1 points above threshold
2026-09-06T20:05:09.731+01:00 INFO : Filtering template 80/96 segment 15/15
2026-09-06T20:05:09.740+01:00 INFO : 80: generating IMRPhenomD from 30.0 Hz
2026-09-06T20:05:09.742+01:00 INFO : Decompressing waveform using inline_linear
2026-09-06T20:05:09.744+01:00 INFO : Filtering template 81/96 segment 1/15
2026-09-06T20:05:09.754+01:00 INFO : Filtering template 81/96 segment 2/15
2026-09-06T20:05:09.762+01:00 INFO : 1 points above threshold
2026-09-06T20:05:09.771+01:00 INFO : Filtering template 81/96 segment 3/15
2026-09-06T20:05:09.779+01:00 INFO : Filtering template 81/96 segment 4/15
2026-09-06T20:05:09.788+01:00 INFO : 1 points above threshold
2026-09-06T20:05:09.790+01:00 INFO : Filtering template 81/96 segment 5/15
2026-09-06T20:05:09.799+01:00 INFO : 1 points above threshold
2026-09-06T20:05:09.801+01:00 INFO : Filtering template 81/96 segment 6/15
2026-09-06T20:05:09.810+01:00 INFO : 1 points above threshold
2026-09-06T20:05:09.812+01:00 INFO : Filtering template 81/96 segment 7/15
2026-09-06T20:05:09.821+01:00 INFO : 1 points above threshold
2026-09-06T20:05:09.824+01:00 INFO : Filtering template 81/96 segment 8/15
2026-09-06T20:05:09.832+01:00 INFO : Filtering template 81/96 segment 9/15
2026-09-06T20:05:09.840+01:00 INFO : Filtering template 81/96 segment 10/15
2026-09-06T20:05:09.849+01:00 INFO : Filtering template 81/96 segment 11/15
2026-09-06T20:05:09.857+01:00 INFO : Filtering template 81/96 segment 12/15
2026-09-06T20:05:09.866+01:00 INFO : Filtering template 81/96 segment 13/15
2026-09-06T20:05:09.874+01:00 INFO : 1 points above threshold
2026-09-06T20:05:09.877+01:00 INFO : Filtering template 81/96 segment 14/15
2026-09-06T20:05:09.885+01:00 INFO : Filtering template 81/96 segment 15/15
2026-09-06T20:05:09.894+01:00 INFO : 81: generating IMRPhenomD from 30.0 Hz
2026-09-06T20:05:09.896+01:00 INFO : Decompressing waveform using inline_linear
2026-09-06T20:05:09.899+01:00 INFO : Filtering template 82/96 segment 1/15
2026-09-06T20:05:09.908+01:00 INFO : Filtering template 82/96 segment 2/15
2026-09-06T20:05:09.917+01:00 INFO : Filtering template 82/96 segment 3/15
2026-09-06T20:05:09.925+01:00 INFO : Filtering template 82/96 segment 4/15
2026-09-06T20:05:09.934+01:00 INFO : Filtering template 82/96 segment 5/15
2026-09-06T20:05:09.942+01:00 INFO : 1 points above threshold
2026-09-06T20:05:09.952+01:00 INFO : Filtering template 82/96 segment 6/15
2026-09-06T20:05:09.960+01:00 INFO : 1 points above threshold
2026-09-06T20:05:09.963+01:00 INFO : Filtering template 82/96 segment 7/15
2026-09-06T20:05:09.971+01:00 INFO : Filtering template 82/96 segment 8/15
2026-09-06T20:05:09.980+01:00 INFO : Filtering template 82/96 segment 9/15
2026-09-06T20:05:09.988+01:00 INFO : 1 points above threshold
2026-09-06T20:05:09.991+01:00 INFO : Filtering template 82/96 segment 10/15
2026-09-06T20:05:09.999+01:00 INFO : Filtering template 82/96 segment 11/15
2026-09-06T20:05:10.008+01:00 INFO : Filtering template 82/96 segment 12/15
2026-09-06T20:05:10.016+01:00 INFO : Filtering template 82/96 segment 13/15
2026-09-06T20:05:10.025+01:00 INFO : Filtering template 82/96 segment 14/15
2026-09-06T20:05:10.033+01:00 INFO : Filtering template 82/96 segment 15/15
2026-09-06T20:05:10.042+01:00 INFO : 82: generating IMRPhenomD from 30.0 Hz
2026-09-06T20:05:10.044+01:00 INFO : Decompressing waveform using inline_linear
2026-09-06T20:05:10.047+01:00 INFO : Filtering template 83/96 segment 1/15
2026-09-06T20:05:10.056+01:00 INFO : 1 points above threshold
2026-09-06T20:05:10.065+01:00 INFO : Filtering template 83/96 segment 2/15
2026-09-06T20:05:10.073+01:00 INFO : Filtering template 83/96 segment 3/15
2026-09-06T20:05:10.082+01:00 INFO : Filtering template 83/96 segment 4/15
2026-09-06T20:05:10.119+01:00 INFO : Filtering template 83/96 segment 5/15
2026-09-06T20:05:10.128+01:00 INFO : 1 points above threshold
2026-09-06T20:05:10.131+01:00 INFO : Filtering template 83/96 segment 6/15
2026-09-06T20:05:10.140+01:00 INFO : 1 points above threshold
2026-09-06T20:05:10.142+01:00 INFO : Filtering template 83/96 segment 7/15
2026-09-06T20:05:10.151+01:00 INFO : 1 points above threshold
2026-09-06T20:05:10.155+01:00 INFO : Filtering template 83/96 segment 8/15
2026-09-06T20:05:10.164+01:00 INFO : 1 points above threshold
2026-09-06T20:05:10.167+01:00 INFO : Filtering template 83/96 segment 9/15
2026-09-06T20:05:10.175+01:00 INFO : Filtering template 83/96 segment 10/15
2026-09-06T20:05:10.183+01:00 INFO : 2 points above threshold
2026-09-06T20:05:10.187+01:00 INFO : Filtering template 83/96 segment 11/15
2026-09-06T20:05:10.195+01:00 INFO : 1 points above threshold
2026-09-06T20:05:10.198+01:00 INFO : Filtering template 83/96 segment 12/15
2026-09-06T20:05:10.206+01:00 INFO : Filtering template 83/96 segment 13/15
2026-09-06T20:05:10.215+01:00 INFO : 3 points above threshold
2026-09-06T20:05:10.219+01:00 INFO : Filtering template 83/96 segment 14/15
2026-09-06T20:05:10.228+01:00 INFO : 1 points above threshold
2026-09-06T20:05:10.230+01:00 INFO : Filtering template 83/96 segment 15/15
2026-09-06T20:05:10.239+01:00 INFO : 83: generating IMRPhenomD from 30.0 Hz
2026-09-06T20:05:10.241+01:00 INFO : Decompressing waveform using inline_linear
2026-09-06T20:05:10.244+01:00 INFO : Filtering template 84/96 segment 1/15
2026-09-06T20:05:10.253+01:00 INFO : Filtering template 84/96 segment 2/15
2026-09-06T20:05:10.262+01:00 INFO : Filtering template 84/96 segment 3/15
2026-09-06T20:05:10.270+01:00 INFO : Filtering template 84/96 segment 4/15
2026-09-06T20:05:10.279+01:00 INFO : Filtering template 84/96 segment 5/15
2026-09-06T20:05:10.287+01:00 INFO : Filtering template 84/96 segment 6/15
2026-09-06T20:05:10.295+01:00 INFO : Filtering template 84/96 segment 7/15
2026-09-06T20:05:10.304+01:00 INFO : 1 points above threshold
2026-09-06T20:05:10.312+01:00 INFO : Filtering template 84/96 segment 8/15
2026-09-06T20:05:10.321+01:00 INFO : Filtering template 84/96 segment 9/15
2026-09-06T20:05:10.329+01:00 INFO : Filtering template 84/96 segment 10/15
2026-09-06T20:05:10.337+01:00 INFO : 1 points above threshold
2026-09-06T20:05:10.340+01:00 INFO : Filtering template 84/96 segment 11/15
2026-09-06T20:05:10.348+01:00 INFO : 1 points above threshold
2026-09-06T20:05:10.351+01:00 INFO : Filtering template 84/96 segment 12/15
2026-09-06T20:05:10.360+01:00 INFO : 1 points above threshold
2026-09-06T20:05:10.362+01:00 INFO : Filtering template 84/96 segment 13/15
2026-09-06T20:05:10.371+01:00 INFO : Filtering template 84/96 segment 14/15
2026-09-06T20:05:10.379+01:00 INFO : Filtering template 84/96 segment 15/15
2026-09-06T20:05:10.388+01:00 INFO : 84: generating IMRPhenomD from 30.0 Hz
2026-09-06T20:05:10.390+01:00 INFO : Decompressing waveform using inline_linear
2026-09-06T20:05:10.392+01:00 INFO : Filtering template 85/96 segment 1/15
2026-09-06T20:05:10.402+01:00 INFO : Filtering template 85/96 segment 2/15
2026-09-06T20:05:10.410+01:00 INFO : 2 points above threshold
2026-09-06T20:05:10.419+01:00 INFO : Filtering template 85/96 segment 3/15
2026-09-06T20:05:10.428+01:00 INFO : Filtering template 85/96 segment 4/15
2026-09-06T20:05:10.436+01:00 INFO : 1 points above threshold
2026-09-06T20:05:10.439+01:00 INFO : Filtering template 85/96 segment 5/15
2026-09-06T20:05:10.447+01:00 INFO : Filtering template 85/96 segment 6/15
2026-09-06T20:05:10.456+01:00 INFO : 1 points above threshold
2026-09-06T20:05:10.459+01:00 INFO : Filtering template 85/96 segment 7/15
2026-09-06T20:05:10.467+01:00 INFO : 1 points above threshold
2026-09-06T20:05:10.470+01:00 INFO : Filtering template 85/96 segment 8/15
2026-09-06T20:05:10.478+01:00 INFO : Filtering template 85/96 segment 9/15
2026-09-06T20:05:10.486+01:00 INFO : Filtering template 85/96 segment 10/15
2026-09-06T20:05:10.495+01:00 INFO : 1 points above threshold
2026-09-06T20:05:10.498+01:00 INFO : Filtering template 85/96 segment 11/15
2026-09-06T20:05:10.506+01:00 INFO : 1 points above threshold
2026-09-06T20:05:10.509+01:00 INFO : Filtering template 85/96 segment 12/15
2026-09-06T20:05:10.517+01:00 INFO : 1 points above threshold
2026-09-06T20:05:10.520+01:00 INFO : Filtering template 85/96 segment 13/15
2026-09-06T20:05:10.528+01:00 INFO : 2 points above threshold
2026-09-06T20:05:10.532+01:00 INFO : Filtering template 85/96 segment 14/15
2026-09-06T20:05:10.540+01:00 INFO : Filtering template 85/96 segment 15/15
2026-09-06T20:05:10.549+01:00 INFO : 85: generating IMRPhenomD from 30.0 Hz
2026-09-06T20:05:10.551+01:00 INFO : Decompressing waveform using inline_linear
2026-09-06T20:05:10.553+01:00 INFO : Filtering template 86/96 segment 1/15
2026-09-06T20:05:10.563+01:00 INFO : 1 points above threshold
2026-09-06T20:05:10.571+01:00 INFO : Filtering template 86/96 segment 2/15
2026-09-06T20:05:10.580+01:00 INFO : 1 points above threshold
2026-09-06T20:05:10.582+01:00 INFO : Filtering template 86/96 segment 3/15
2026-09-06T20:05:10.591+01:00 INFO : Filtering template 86/96 segment 4/15
2026-09-06T20:05:10.599+01:00 INFO : 1 points above threshold
2026-09-06T20:05:10.602+01:00 INFO : Filtering template 86/96 segment 5/15
2026-09-06T20:05:10.610+01:00 INFO : Filtering template 86/96 segment 6/15
2026-09-06T20:05:10.619+01:00 INFO : Filtering template 86/96 segment 7/15
2026-09-06T20:05:10.627+01:00 INFO : Filtering template 86/96 segment 8/15
2026-09-06T20:05:10.636+01:00 INFO : Filtering template 86/96 segment 9/15
2026-09-06T20:05:10.644+01:00 INFO : 1 points above threshold
2026-09-06T20:05:10.647+01:00 INFO : Filtering template 86/96 segment 10/15
2026-09-06T20:05:10.655+01:00 INFO : 1 points above threshold
2026-09-06T20:05:10.658+01:00 INFO : Filtering template 86/96 segment 11/15
2026-09-06T20:05:10.666+01:00 INFO : Filtering template 86/96 segment 12/15
2026-09-06T20:05:10.675+01:00 INFO : Filtering template 86/96 segment 13/15
2026-09-06T20:05:10.683+01:00 INFO : 2 points above threshold
2026-09-06T20:05:10.687+01:00 INFO : Filtering template 86/96 segment 14/15
2026-09-06T20:05:10.695+01:00 INFO : Filtering template 86/96 segment 15/15
2026-09-06T20:05:10.704+01:00 INFO : 86: generating IMRPhenomD from 30.0 Hz
2026-09-06T20:05:10.721+01:00 INFO : Decompressing waveform using inline_linear
2026-09-06T20:05:10.723+01:00 INFO : Filtering template 87/96 segment 1/15
2026-09-06T20:05:10.735+01:00 INFO : 1 points above threshold
2026-09-06T20:05:10.746+01:00 INFO : Filtering template 87/96 segment 2/15
2026-09-06T20:05:10.755+01:00 INFO : Filtering template 87/96 segment 3/15
2026-09-06T20:05:10.763+01:00 INFO : Filtering template 87/96 segment 4/15
2026-09-06T20:05:10.772+01:00 INFO : Filtering template 87/96 segment 5/15
2026-09-06T20:05:10.780+01:00 INFO : Filtering template 87/96 segment 6/15
2026-09-06T20:05:10.788+01:00 INFO : 2 points above threshold
2026-09-06T20:05:10.792+01:00 INFO : Filtering template 87/96 segment 7/15
2026-09-06T20:05:10.800+01:00 INFO : 1 points above threshold
2026-09-06T20:05:10.803+01:00 INFO : Filtering template 87/96 segment 8/15
2026-09-06T20:05:10.811+01:00 INFO : Filtering template 87/96 segment 9/15
2026-09-06T20:05:10.820+01:00 INFO : Filtering template 87/96 segment 10/15
2026-09-06T20:05:10.828+01:00 INFO : Filtering template 87/96 segment 11/15
2026-09-06T20:05:10.837+01:00 INFO : 1 points above threshold
2026-09-06T20:05:10.839+01:00 INFO : Filtering template 87/96 segment 12/15
2026-09-06T20:05:10.848+01:00 INFO : Filtering template 87/96 segment 13/15
2026-09-06T20:05:10.856+01:00 INFO : 1 points above threshold
2026-09-06T20:05:10.859+01:00 INFO : Filtering template 87/96 segment 14/15
2026-09-06T20:05:10.867+01:00 INFO : Filtering template 87/96 segment 15/15
2026-09-06T20:05:10.876+01:00 INFO : 87: generating IMRPhenomD from 30.0 Hz
2026-09-06T20:05:10.878+01:00 INFO : Decompressing waveform using inline_linear
2026-09-06T20:05:10.880+01:00 INFO : Filtering template 88/96 segment 1/15
2026-09-06T20:05:10.890+01:00 INFO : Filtering template 88/96 segment 2/15
2026-09-06T20:05:10.898+01:00 INFO : 1 points above threshold
2026-09-06T20:05:10.908+01:00 INFO : Filtering template 88/96 segment 3/15
2026-09-06T20:05:10.916+01:00 INFO : 1 points above threshold
2026-09-06T20:05:10.919+01:00 INFO : Filtering template 88/96 segment 4/15
2026-09-06T20:05:10.927+01:00 INFO : Filtering template 88/96 segment 5/15
2026-09-06T20:05:10.936+01:00 INFO : Filtering template 88/96 segment 6/15
2026-09-06T20:05:10.944+01:00 INFO : 1 points above threshold
2026-09-06T20:05:10.947+01:00 INFO : Filtering template 88/96 segment 7/15
2026-09-06T20:05:10.955+01:00 INFO : Filtering template 88/96 segment 8/15
2026-09-06T20:05:10.964+01:00 INFO : Filtering template 88/96 segment 9/15
2026-09-06T20:05:10.972+01:00 INFO : Filtering template 88/96 segment 10/15
2026-09-06T20:05:10.981+01:00 INFO : Filtering template 88/96 segment 11/15
2026-09-06T20:05:10.989+01:00 INFO : Filtering template 88/96 segment 12/15
2026-09-06T20:05:10.998+01:00 INFO : Filtering template 88/96 segment 13/15
2026-09-06T20:05:11.006+01:00 INFO : 2 points above threshold
2026-09-06T20:05:11.010+01:00 INFO : Filtering template 88/96 segment 14/15
2026-09-06T20:05:11.018+01:00 INFO : Filtering template 88/96 segment 15/15
2026-09-06T20:05:11.027+01:00 INFO : 88: generating IMRPhenomD from 30.0 Hz
2026-09-06T20:05:11.029+01:00 INFO : Decompressing waveform using inline_linear
2026-09-06T20:05:11.031+01:00 INFO : Filtering template 89/96 segment 1/15
2026-09-06T20:05:11.041+01:00 INFO : 2 points above threshold
2026-09-06T20:05:11.050+01:00 INFO : Filtering template 89/96 segment 2/15
2026-09-06T20:05:11.059+01:00 INFO : Filtering template 89/96 segment 3/15
2026-09-06T20:05:11.067+01:00 INFO : Filtering template 89/96 segment 4/15
2026-09-06T20:05:11.076+01:00 INFO : Filtering template 89/96 segment 5/15
2026-09-06T20:05:11.084+01:00 INFO : Filtering template 89/96 segment 6/15
2026-09-06T20:05:11.092+01:00 INFO : 1 points above threshold
2026-09-06T20:05:11.095+01:00 INFO : Filtering template 89/96 segment 7/15
2026-09-06T20:05:11.103+01:00 INFO : 2 points above threshold
2026-09-06T20:05:11.107+01:00 INFO : Filtering template 89/96 segment 8/15
2026-09-06T20:05:11.115+01:00 INFO : Filtering template 89/96 segment 9/15
2026-09-06T20:05:11.124+01:00 INFO : Filtering template 89/96 segment 10/15
2026-09-06T20:05:11.132+01:00 INFO : Filtering template 89/96 segment 11/15
2026-09-06T20:05:11.141+01:00 INFO : Filtering template 89/96 segment 12/15
2026-09-06T20:05:11.149+01:00 INFO : Filtering template 89/96 segment 13/15
2026-09-06T20:05:11.157+01:00 INFO : Filtering template 89/96 segment 14/15
2026-09-06T20:05:11.166+01:00 INFO : Filtering template 89/96 segment 15/15
2026-09-06T20:05:11.175+01:00 INFO : 89: generating IMRPhenomD from 30.0 Hz
2026-09-06T20:05:11.177+01:00 INFO : Decompressing waveform using inline_linear
2026-09-06T20:05:11.179+01:00 INFO : Filtering template 90/96 segment 1/15
2026-09-06T20:05:11.189+01:00 INFO : Filtering template 90/96 segment 2/15
2026-09-06T20:05:11.197+01:00 INFO : Filtering template 90/96 segment 3/15
2026-09-06T20:05:11.206+01:00 INFO : Filtering template 90/96 segment 4/15
2026-09-06T20:05:11.214+01:00 INFO : 1 points above threshold
2026-09-06T20:05:11.222+01:00 INFO : Filtering template 90/96 segment 5/15
2026-09-06T20:05:11.231+01:00 INFO : Filtering template 90/96 segment 6/15
2026-09-06T20:05:11.239+01:00 INFO : Filtering template 90/96 segment 7/15
2026-09-06T20:05:11.247+01:00 INFO : 2 points above threshold
2026-09-06T20:05:11.251+01:00 INFO : Filtering template 90/96 segment 8/15
2026-09-06T20:05:11.259+01:00 INFO : 1 points above threshold
2026-09-06T20:05:11.262+01:00 INFO : Filtering template 90/96 segment 9/15
2026-09-06T20:05:11.271+01:00 INFO : Filtering template 90/96 segment 10/15
2026-09-06T20:05:11.279+01:00 INFO : Filtering template 90/96 segment 11/15
2026-09-06T20:05:11.287+01:00 INFO : Filtering template 90/96 segment 12/15
2026-09-06T20:05:11.296+01:00 INFO : Filtering template 90/96 segment 13/15
2026-09-06T20:05:11.304+01:00 INFO : 1 points above threshold
2026-09-06T20:05:11.307+01:00 INFO : Filtering template 90/96 segment 14/15
2026-09-06T20:05:11.315+01:00 INFO : Filtering template 90/96 segment 15/15
2026-09-06T20:05:11.324+01:00 INFO : 90: generating IMRPhenomD from 30.0 Hz
2026-09-06T20:05:11.326+01:00 INFO : Decompressing waveform using inline_linear
2026-09-06T20:05:11.329+01:00 INFO : Filtering template 91/96 segment 1/15
2026-09-06T20:05:11.338+01:00 INFO : Filtering template 91/96 segment 2/15
2026-09-06T20:05:11.347+01:00 INFO : Filtering template 91/96 segment 3/15
2026-09-06T20:05:11.355+01:00 INFO : Filtering template 91/96 segment 4/15
2026-09-06T20:05:11.363+01:00 INFO : Filtering template 91/96 segment 5/15
2026-09-06T20:05:11.372+01:00 INFO : Filtering template 91/96 segment 6/15
2026-09-06T20:05:11.380+01:00 INFO : 2 points above threshold
2026-09-06T20:05:11.389+01:00 INFO : Filtering template 91/96 segment 7/15
2026-09-06T20:05:11.398+01:00 INFO : Filtering template 91/96 segment 8/15
2026-09-06T20:05:11.406+01:00 INFO : 3 points above threshold
2026-09-06T20:05:11.411+01:00 INFO : Filtering template 91/96 segment 9/15
2026-09-06T20:05:11.419+01:00 INFO : Filtering template 91/96 segment 10/15
2026-09-06T20:05:11.428+01:00 INFO : Filtering template 91/96 segment 11/15
2026-09-06T20:05:11.436+01:00 INFO : Filtering template 91/96 segment 12/15
2026-09-06T20:05:11.444+01:00 INFO : Filtering template 91/96 segment 13/15
2026-09-06T20:05:11.453+01:00 INFO : 1 points above threshold
2026-09-06T20:05:11.456+01:00 INFO : Filtering template 91/96 segment 14/15
2026-09-06T20:05:11.464+01:00 INFO : Filtering template 91/96 segment 15/15
2026-09-06T20:05:11.472+01:00 INFO : 91: generating IMRPhenomD from 30.0 Hz
2026-09-06T20:05:11.475+01:00 INFO : Decompressing waveform using inline_linear
2026-09-06T20:05:11.477+01:00 INFO : Filtering template 92/96 segment 1/15
2026-09-06T20:05:11.487+01:00 INFO : 1 points above threshold
2026-09-06T20:05:11.495+01:00 INFO : Filtering template 92/96 segment 2/15
2026-09-06T20:05:11.503+01:00 INFO : 1 points above threshold
2026-09-06T20:05:11.506+01:00 INFO : Filtering template 92/96 segment 3/15
2026-09-06T20:05:11.514+01:00 INFO : Filtering template 92/96 segment 4/15
2026-09-06T20:05:11.523+01:00 INFO : Filtering template 92/96 segment 5/15
2026-09-06T20:05:11.531+01:00 INFO : Filtering template 92/96 segment 6/15
2026-09-06T20:05:11.539+01:00 INFO : 1 points above threshold
2026-09-06T20:05:11.542+01:00 INFO : Filtering template 92/96 segment 7/15
2026-09-06T20:05:11.551+01:00 INFO : 1 points above threshold
2026-09-06T20:05:11.553+01:00 INFO : Filtering template 92/96 segment 8/15
2026-09-06T20:05:11.562+01:00 INFO : 1 points above threshold
2026-09-06T20:05:11.564+01:00 INFO : Filtering template 92/96 segment 9/15
2026-09-06T20:05:11.573+01:00 INFO : Filtering template 92/96 segment 10/15
2026-09-06T20:05:11.581+01:00 INFO : 1 points above threshold
2026-09-06T20:05:11.584+01:00 INFO : Filtering template 92/96 segment 11/15
2026-09-06T20:05:11.592+01:00 INFO : Filtering template 92/96 segment 12/15
2026-09-06T20:05:11.600+01:00 INFO : Filtering template 92/96 segment 13/15
2026-09-06T20:05:11.609+01:00 INFO : Filtering template 92/96 segment 14/15
2026-09-06T20:05:11.617+01:00 INFO : 1 points above threshold
2026-09-06T20:05:11.620+01:00 INFO : Filtering template 92/96 segment 15/15
2026-09-06T20:05:11.629+01:00 INFO : 92: generating IMRPhenomD from 30.0 Hz
2026-09-06T20:05:11.631+01:00 INFO : Decompressing waveform using inline_linear
2026-09-06T20:05:11.633+01:00 INFO : Filtering template 93/96 segment 1/15
2026-09-06T20:05:11.643+01:00 INFO : Filtering template 93/96 segment 2/15
2026-09-06T20:05:11.651+01:00 INFO : Filtering template 93/96 segment 3/15
2026-09-06T20:05:11.660+01:00 INFO : Filtering template 93/96 segment 4/15
2026-09-06T20:05:11.668+01:00 INFO : 1 points above threshold
2026-09-06T20:05:11.676+01:00 INFO : Filtering template 93/96 segment 5/15
2026-09-06T20:05:11.685+01:00 INFO : 1 points above threshold
2026-09-06T20:05:11.687+01:00 INFO : Filtering template 93/96 segment 6/15
2026-09-06T20:05:11.696+01:00 INFO : 1 points above threshold
2026-09-06T20:05:11.698+01:00 INFO : Filtering template 93/96 segment 7/15
2026-09-06T20:05:11.707+01:00 INFO : 1 points above threshold
2026-09-06T20:05:11.709+01:00 INFO : Filtering template 93/96 segment 8/15
2026-09-06T20:05:11.718+01:00 INFO : 1 points above threshold
2026-09-06T20:05:11.721+01:00 INFO : Filtering template 93/96 segment 9/15
2026-09-06T20:05:11.729+01:00 INFO : 1 points above threshold
2026-09-06T20:05:11.732+01:00 INFO : Filtering template 93/96 segment 10/15
2026-09-06T20:05:11.740+01:00 INFO : 1 points above threshold
2026-09-06T20:05:11.743+01:00 INFO : Filtering template 93/96 segment 11/15
2026-09-06T20:05:11.751+01:00 INFO : Filtering template 93/96 segment 12/15
2026-09-06T20:05:11.760+01:00 INFO : Filtering template 93/96 segment 13/15
2026-09-06T20:05:11.768+01:00 INFO : 1 points above threshold
2026-09-06T20:05:11.771+01:00 INFO : Filtering template 93/96 segment 14/15
2026-09-06T20:05:11.779+01:00 INFO : Filtering template 93/96 segment 15/15
2026-09-06T20:05:11.788+01:00 INFO : 93: generating IMRPhenomD from 30.0 Hz
2026-09-06T20:05:11.790+01:00 INFO : Decompressing waveform using inline_linear
2026-09-06T20:05:11.792+01:00 INFO : Filtering template 94/96 segment 1/15
2026-09-06T20:05:11.802+01:00 INFO : 1 points above threshold
2026-09-06T20:05:11.810+01:00 INFO : Filtering template 94/96 segment 2/15
2026-09-06T20:05:11.818+01:00 INFO : Filtering template 94/96 segment 3/15
2026-09-06T20:05:11.827+01:00 INFO : Filtering template 94/96 segment 4/15
2026-09-06T20:05:11.835+01:00 INFO : Filtering template 94/96 segment 5/15
2026-09-06T20:05:11.844+01:00 INFO : 1 points above threshold
2026-09-06T20:05:11.846+01:00 INFO : Filtering template 94/96 segment 6/15
2026-09-06T20:05:11.855+01:00 INFO : 1 points above threshold
2026-09-06T20:05:11.858+01:00 INFO : Filtering template 94/96 segment 7/15
2026-09-06T20:05:11.866+01:00 INFO : Filtering template 94/96 segment 8/15
2026-09-06T20:05:11.875+01:00 INFO : 4 points above threshold
2026-09-06T20:05:11.879+01:00 INFO : Filtering template 94/96 segment 9/15
2026-09-06T20:05:11.887+01:00 INFO : Filtering template 94/96 segment 10/15
2026-09-06T20:05:11.896+01:00 INFO : Filtering template 94/96 segment 11/15
2026-09-06T20:05:11.904+01:00 INFO : Filtering template 94/96 segment 12/15
2026-09-06T20:05:11.913+01:00 INFO : Filtering template 94/96 segment 13/15
2026-09-06T20:05:11.921+01:00 INFO : 1 points above threshold
2026-09-06T20:05:11.924+01:00 INFO : Filtering template 94/96 segment 14/15
2026-09-06T20:05:11.932+01:00 INFO : 1 points above threshold
2026-09-06T20:05:11.935+01:00 INFO : Filtering template 94/96 segment 15/15
2026-09-06T20:05:11.944+01:00 INFO : 94: generating IMRPhenomD from 30.0 Hz
2026-09-06T20:05:11.946+01:00 INFO : Decompressing waveform using inline_linear
2026-09-06T20:05:11.948+01:00 INFO : Filtering template 95/96 segment 1/15
2026-09-06T20:05:11.958+01:00 INFO : 2 points above threshold
2026-09-06T20:05:11.967+01:00 INFO : Filtering template 95/96 segment 2/15
2026-09-06T20:05:11.976+01:00 INFO : 1 points above threshold
2026-09-06T20:05:11.978+01:00 INFO : Filtering template 95/96 segment 3/15
2026-09-06T20:05:11.987+01:00 INFO : Filtering template 95/96 segment 4/15
2026-09-06T20:05:11.995+01:00 INFO : Filtering template 95/96 segment 5/15
2026-09-06T20:05:12.004+01:00 INFO : Filtering template 95/96 segment 6/15
2026-09-06T20:05:12.012+01:00 INFO : 2 points above threshold
2026-09-06T20:05:12.016+01:00 INFO : Filtering template 95/96 segment 7/15
2026-09-06T20:05:12.024+01:00 INFO : Filtering template 95/96 segment 8/15
2026-09-06T20:05:12.032+01:00 INFO : Filtering template 95/96 segment 9/15
2026-09-06T20:05:12.041+01:00 INFO : 1 points above threshold
2026-09-06T20:05:12.044+01:00 INFO : Filtering template 95/96 segment 10/15
2026-09-06T20:05:12.052+01:00 INFO : Filtering template 95/96 segment 11/15
2026-09-06T20:05:12.060+01:00 INFO : Filtering template 95/96 segment 12/15
2026-09-06T20:05:12.069+01:00 INFO : 1 points above threshold
2026-09-06T20:05:12.072+01:00 INFO : Filtering template 95/96 segment 13/15
2026-09-06T20:05:12.080+01:00 INFO : Filtering template 95/96 segment 14/15
2026-09-06T20:05:12.088+01:00 INFO : Filtering template 95/96 segment 15/15
2026-09-06T20:05:12.097+01:00 INFO : 95: generating IMRPhenomD from 30.0 Hz
2026-09-06T20:05:12.099+01:00 INFO : Decompressing waveform using inline_linear
2026-09-06T20:05:12.102+01:00 INFO : Filtering template 96/96 segment 1/15
2026-09-06T20:05:12.112+01:00 INFO : 1 points above threshold
2026-09-06T20:05:12.120+01:00 INFO : Filtering template 96/96 segment 2/15
2026-09-06T20:05:12.128+01:00 INFO : Filtering template 96/96 segment 3/15
2026-09-06T20:05:12.137+01:00 INFO : 1 points above threshold
2026-09-06T20:05:12.140+01:00 INFO : Filtering template 96/96 segment 4/15
2026-09-06T20:05:12.148+01:00 INFO : Filtering template 96/96 segment 5/15
2026-09-06T20:05:12.156+01:00 INFO : Filtering template 96/96 segment 6/15
2026-09-06T20:05:12.167+01:00 INFO : Filtering template 96/96 segment 7/15
2026-09-06T20:05:12.176+01:00 INFO : Filtering template 96/96 segment 8/15
2026-09-06T20:05:12.185+01:00 INFO : Filtering template 96/96 segment 9/15
2026-09-06T20:05:12.194+01:00 INFO : Filtering template 96/96 segment 10/15
2026-09-06T20:05:12.203+01:00 INFO : Filtering template 96/96 segment 11/15
2026-09-06T20:05:12.214+01:00 INFO : Filtering template 96/96 segment 12/15
2026-09-06T20:05:12.224+01:00 INFO : 1 points above threshold
2026-09-06T20:05:12.227+01:00 INFO : Filtering template 96/96 segment 13/15
2026-09-06T20:05:12.237+01:00 INFO : Filtering template 96/96 segment 14/15
2026-09-06T20:05:12.247+01:00 INFO : Filtering template 96/96 segment 15/15
2026-09-06T20:05:12.256+01:00 INFO : We currently have 532 triggers
2026-09-06T20:05:12.257+01:00 INFO : Removing triggers with NewSNR below threshold
2026-09-06T20:05:12.257+01:00 INFO : 479 remaining triggers
2026-09-06T20:05:12.257+01:00 INFO : Outputting 479 triggers
2026-09-06T20:05:12.257+01:00 INFO : Writing out triggers
2026-09-06T20:05:12.268+01:00 INFO : Finished
