2026-09-08T16:12:13.838+01:00 INFO : Running with Torch support on device cpu
2026-09-08T16:12:13.839+01:00 INFO : Reading Frames
2026-09-08T16:12:17.259+01:00 INFO : Highpass Filtering
2026-09-08T16:12:17.712+01:00 INFO : Resampling data
2026-09-08T16:12:17.724+01:00 INFO : Converting to float32
/home/xangma/pycbc-torch-precision-validation-20260908/corrected-baseline-campaign/proposed/pycbc/types/array.py:872: RuntimeWarning: divide by zero encountered in divide
  return self._data.__rtruediv__(other)
2026-09-08T16:12:21.269+01:00 INFO : Highpass Filtering
2026-09-08T16:12:21.760+01:00 INFO : Remove Padding
2026-09-08T16:12:21.783+01:00 INFO : Making frequency-domain data segments
2026-09-08T16:12:24.087+01:00 INFO : Overwhitening frequency-domain data segments
2026-09-08T16:12:24.111+01:00 INFO : Read in template bank
2026-09-08T16:12:24.121+01:00 INFO : Full template bank size: 384
2026-09-08T16:12:24.121+01:00 INFO : Template bank size after thinning: 384
2026-09-08T16:12:24.125+01:00 INFO : 0: generating IMRPhenomD from 30.0 Hz
2026-09-08T16:12:24.128+01:00 INFO : Decompressing waveform using inline_linear
2026-09-08T16:12:24.136+01:00 INFO : Filtering template 1/384 segment 1/5
2026-09-08T16:12:24.199+01:00 INFO : 1 points above threshold
2026-09-08T16:12:24.230+01:00 INFO : Filtering template 1/384 segment 2/5
2026-09-08T16:12:24.267+01:00 INFO : Filtering template 1/384 segment 3/5
2026-09-08T16:12:24.304+01:00 INFO : 1 points above threshold
2026-09-08T16:12:24.311+01:00 INFO : Filtering template 1/384 segment 4/5
2026-09-08T16:12:24.348+01:00 INFO : Filtering template 1/384 segment 5/5
2026-09-08T16:12:24.385+01:00 INFO : 1 points above threshold
2026-09-08T16:12:24.391+01:00 INFO : 1: generating IMRPhenomD from 30.0 Hz
2026-09-08T16:12:24.394+01:00 INFO : Decompressing waveform using inline_linear
2026-09-08T16:12:24.399+01:00 INFO : Filtering template 2/384 segment 1/5
2026-09-08T16:12:24.439+01:00 INFO : 1 points above threshold
2026-09-08T16:12:24.454+01:00 INFO : Filtering template 2/384 segment 2/5
2026-09-08T16:12:24.491+01:00 INFO : 1 points above threshold
2026-09-08T16:12:24.497+01:00 INFO : Filtering template 2/384 segment 3/5
2026-09-08T16:12:24.534+01:00 INFO : 2 points above threshold
2026-09-08T16:12:24.542+01:00 INFO : Filtering template 2/384 segment 4/5
2026-09-08T16:12:24.579+01:00 INFO : Filtering template 2/384 segment 5/5
2026-09-08T16:12:24.616+01:00 INFO : 1 points above threshold
2026-09-08T16:12:24.622+01:00 INFO : 2: generating IMRPhenomD from 30.0 Hz
2026-09-08T16:12:24.625+01:00 INFO : Decompressing waveform using inline_linear
2026-09-08T16:12:24.630+01:00 INFO : Filtering template 3/384 segment 1/5
2026-09-08T16:12:24.670+01:00 INFO : 3 points above threshold
2026-09-08T16:12:24.690+01:00 INFO : Filtering template 3/384 segment 2/5
2026-09-08T16:12:24.727+01:00 INFO : Filtering template 3/384 segment 3/5
2026-09-08T16:12:24.764+01:00 INFO : 1 points above threshold
2026-09-08T16:12:24.770+01:00 INFO : Filtering template 3/384 segment 4/5
2026-09-08T16:12:24.807+01:00 INFO : 1 points above threshold
2026-09-08T16:12:24.813+01:00 INFO : Filtering template 3/384 segment 5/5
2026-09-08T16:12:24.850+01:00 INFO : 3: generating IMRPhenomD from 30.0 Hz
2026-09-08T16:12:24.853+01:00 INFO : Decompressing waveform using inline_linear
2026-09-08T16:12:24.858+01:00 INFO : Filtering template 4/384 segment 1/5
2026-09-08T16:12:24.898+01:00 INFO : 1 points above threshold
2026-09-08T16:12:24.913+01:00 INFO : Filtering template 4/384 segment 2/5
2026-09-08T16:12:24.950+01:00 INFO : 1 points above threshold
2026-09-08T16:12:24.956+01:00 INFO : Filtering template 4/384 segment 3/5
2026-09-08T16:12:24.993+01:00 INFO : 2 points above threshold
2026-09-08T16:12:25.001+01:00 INFO : Filtering template 4/384 segment 4/5
2026-09-08T16:12:25.038+01:00 INFO : 2 points above threshold
2026-09-08T16:12:25.046+01:00 INFO : Filtering template 4/384 segment 5/5
2026-09-08T16:12:25.083+01:00 INFO : 2 points above threshold
2026-09-08T16:12:25.091+01:00 INFO : 4: generating IMRPhenomD from 30.0 Hz
2026-09-08T16:12:25.094+01:00 INFO : Decompressing waveform using inline_linear
2026-09-08T16:12:25.099+01:00 INFO : Filtering template 5/384 segment 1/5
2026-09-08T16:12:25.139+01:00 INFO : 1 points above threshold
2026-09-08T16:12:25.154+01:00 INFO : Filtering template 5/384 segment 2/5
2026-09-08T16:12:25.191+01:00 INFO : 2 points above threshold
2026-09-08T16:12:25.199+01:00 INFO : Filtering template 5/384 segment 3/5
2026-09-08T16:12:25.236+01:00 INFO : 2 points above threshold
2026-09-08T16:12:25.244+01:00 INFO : Filtering template 5/384 segment 4/5
2026-09-08T16:12:25.281+01:00 INFO : 2 points above threshold
2026-09-08T16:12:25.289+01:00 INFO : Filtering template 5/384 segment 5/5
2026-09-08T16:12:25.327+01:00 INFO : 5: generating IMRPhenomD from 30.0 Hz
2026-09-08T16:12:25.329+01:00 INFO : Decompressing waveform using inline_linear
2026-09-08T16:12:25.334+01:00 INFO : Filtering template 6/384 segment 1/5
2026-09-08T16:12:25.374+01:00 INFO : 1 points above threshold
2026-09-08T16:12:25.389+01:00 INFO : Filtering template 6/384 segment 2/5
2026-09-08T16:12:25.427+01:00 INFO : Filtering template 6/384 segment 3/5
2026-09-08T16:12:25.464+01:00 INFO : Filtering template 6/384 segment 4/5
2026-09-08T16:12:25.501+01:00 INFO : Filtering template 6/384 segment 5/5
2026-09-08T16:12:25.539+01:00 INFO : 1 points above threshold
2026-09-08T16:12:25.545+01:00 INFO : 6: generating IMRPhenomD from 30.0 Hz
2026-09-08T16:12:25.547+01:00 INFO : Decompressing waveform using inline_linear
2026-09-08T16:12:25.552+01:00 INFO : Filtering template 7/384 segment 1/5
2026-09-08T16:12:25.592+01:00 INFO : 2 points above threshold
2026-09-08T16:12:25.609+01:00 INFO : Filtering template 7/384 segment 2/5
2026-09-08T16:12:25.647+01:00 INFO : Filtering template 7/384 segment 3/5
2026-09-08T16:12:25.684+01:00 INFO : Filtering template 7/384 segment 4/5
2026-09-08T16:12:25.721+01:00 INFO : 1 points above threshold
2026-09-08T16:12:25.727+01:00 INFO : Filtering template 7/384 segment 5/5
2026-09-08T16:12:25.767+01:00 INFO : 7: generating IMRPhenomD from 30.0 Hz
2026-09-08T16:12:25.770+01:00 INFO : Decompressing waveform using inline_linear
2026-09-08T16:12:25.775+01:00 INFO : Filtering template 8/384 segment 1/5
2026-09-08T16:12:25.820+01:00 INFO : 2 points above threshold
2026-09-08T16:12:25.837+01:00 INFO : Filtering template 8/384 segment 2/5
2026-09-08T16:12:25.874+01:00 INFO : 1 points above threshold
2026-09-08T16:12:25.880+01:00 INFO : Filtering template 8/384 segment 3/5
2026-09-08T16:12:25.917+01:00 INFO : 4 points above threshold
2026-09-08T16:12:25.927+01:00 INFO : Filtering template 8/384 segment 4/5
2026-09-08T16:12:25.964+01:00 INFO : Filtering template 8/384 segment 5/5
2026-09-08T16:12:26.001+01:00 INFO : 8: generating IMRPhenomD from 30.0 Hz
2026-09-08T16:12:26.004+01:00 INFO : Decompressing waveform using inline_linear
2026-09-08T16:12:26.009+01:00 INFO : Filtering template 9/384 segment 1/5
2026-09-08T16:12:26.050+01:00 INFO : Filtering template 9/384 segment 2/5
2026-09-08T16:12:26.087+01:00 INFO : 1 points above threshold
2026-09-08T16:12:26.099+01:00 INFO : Filtering template 9/384 segment 3/5
2026-09-08T16:12:26.136+01:00 INFO : 2 points above threshold
2026-09-08T16:12:26.144+01:00 INFO : Filtering template 9/384 segment 4/5
2026-09-08T16:12:26.180+01:00 INFO : 1 points above threshold
2026-09-08T16:12:26.186+01:00 INFO : Filtering template 9/384 segment 5/5
2026-09-08T16:12:26.223+01:00 INFO : 3 points above threshold
2026-09-08T16:12:26.233+01:00 INFO : 9: generating IMRPhenomD from 30.0 Hz
2026-09-08T16:12:26.236+01:00 INFO : Decompressing waveform using inline_linear
2026-09-08T16:12:26.241+01:00 INFO : Filtering template 10/384 segment 1/5
2026-09-08T16:12:26.281+01:00 INFO : 1 points above threshold
2026-09-08T16:12:26.293+01:00 INFO : Filtering template 10/384 segment 2/5
2026-09-08T16:12:26.330+01:00 INFO : 1 points above threshold
2026-09-08T16:12:26.336+01:00 INFO : Filtering template 10/384 segment 3/5
2026-09-08T16:12:26.373+01:00 INFO : Filtering template 10/384 segment 4/5
2026-09-08T16:12:26.410+01:00 INFO : 2 points above threshold
2026-09-08T16:12:26.418+01:00 INFO : Filtering template 10/384 segment 5/5
2026-09-08T16:12:26.455+01:00 INFO : 1 points above threshold
2026-09-08T16:12:26.462+01:00 INFO : 10: generating IMRPhenomD from 30.0 Hz
2026-09-08T16:12:26.464+01:00 INFO : Decompressing waveform using inline_linear
2026-09-08T16:12:26.469+01:00 INFO : Filtering template 11/384 segment 1/5
2026-09-08T16:12:26.509+01:00 INFO : 2 points above threshold
2026-09-08T16:12:26.523+01:00 INFO : Filtering template 11/384 segment 2/5
2026-09-08T16:12:26.560+01:00 INFO : Filtering template 11/384 segment 3/5
2026-09-08T16:12:26.597+01:00 INFO : 1 points above threshold
2026-09-08T16:12:26.603+01:00 INFO : Filtering template 11/384 segment 4/5
2026-09-08T16:12:26.640+01:00 INFO : 1 points above threshold
2026-09-08T16:12:26.646+01:00 INFO : Filtering template 11/384 segment 5/5
2026-09-08T16:12:26.683+01:00 INFO : 1 points above threshold
2026-09-08T16:12:26.689+01:00 INFO : 11: generating IMRPhenomD from 30.0 Hz
2026-09-08T16:12:26.692+01:00 INFO : Decompressing waveform using inline_linear
2026-09-08T16:12:26.697+01:00 INFO : Filtering template 12/384 segment 1/5
2026-09-08T16:12:26.737+01:00 INFO : Filtering template 12/384 segment 2/5
2026-09-08T16:12:26.774+01:00 INFO : 1 points above threshold
2026-09-08T16:12:26.789+01:00 INFO : Filtering template 12/384 segment 3/5
2026-09-08T16:12:26.827+01:00 INFO : Filtering template 12/384 segment 4/5
2026-09-08T16:12:26.864+01:00 INFO : 1 points above threshold
2026-09-08T16:12:26.870+01:00 INFO : Filtering template 12/384 segment 5/5
2026-09-08T16:12:26.907+01:00 INFO : 1 points above threshold
2026-09-08T16:12:26.913+01:00 INFO : 12: generating IMRPhenomD from 30.0 Hz
2026-09-08T16:12:26.916+01:00 INFO : Decompressing waveform using inline_linear
2026-09-08T16:12:26.920+01:00 INFO : Filtering template 13/384 segment 1/5
2026-09-08T16:12:26.961+01:00 INFO : 1 points above threshold
2026-09-08T16:12:26.976+01:00 INFO : Filtering template 13/384 segment 2/5
2026-09-08T16:12:27.013+01:00 INFO : Filtering template 13/384 segment 3/5
2026-09-08T16:12:27.050+01:00 INFO : 2 points above threshold
2026-09-08T16:12:27.058+01:00 INFO : Filtering template 13/384 segment 4/5
2026-09-08T16:12:27.095+01:00 INFO : Filtering template 13/384 segment 5/5
2026-09-08T16:12:27.132+01:00 INFO : 2 points above threshold
2026-09-08T16:12:27.140+01:00 INFO : 13: generating IMRPhenomD from 30.0 Hz
2026-09-08T16:12:27.142+01:00 INFO : Decompressing waveform using inline_linear
2026-09-08T16:12:27.147+01:00 INFO : Filtering template 14/384 segment 1/5
2026-09-08T16:12:27.188+01:00 INFO : 2 points above threshold
2026-09-08T16:12:27.205+01:00 INFO : Filtering template 14/384 segment 2/5
2026-09-08T16:12:27.241+01:00 INFO : 1 points above threshold
2026-09-08T16:12:27.247+01:00 INFO : Filtering template 14/384 segment 3/5
2026-09-08T16:12:27.284+01:00 INFO : 2 points above threshold
2026-09-08T16:12:27.292+01:00 INFO : Filtering template 14/384 segment 4/5
2026-09-08T16:12:27.329+01:00 INFO : 2 points above threshold
2026-09-08T16:12:27.337+01:00 INFO : Filtering template 14/384 segment 5/5
2026-09-08T16:12:27.374+01:00 INFO : 3 points above threshold
2026-09-08T16:12:27.384+01:00 INFO : 14: generating IMRPhenomD from 30.0 Hz
2026-09-08T16:12:27.387+01:00 INFO : Decompressing waveform using inline_linear
2026-09-08T16:12:27.391+01:00 INFO : Filtering template 15/384 segment 1/5
2026-09-08T16:12:27.432+01:00 INFO : Filtering template 15/384 segment 2/5
2026-09-08T16:12:27.469+01:00 INFO : 3 points above threshold
2026-09-08T16:12:27.487+01:00 INFO : Filtering template 15/384 segment 3/5
2026-09-08T16:12:27.525+01:00 INFO : 1 points above threshold
2026-09-08T16:12:27.531+01:00 INFO : Filtering template 15/384 segment 4/5
2026-09-08T16:12:27.568+01:00 INFO : Filtering template 15/384 segment 5/5
2026-09-08T16:12:27.605+01:00 INFO : 1 points above threshold
2026-09-08T16:12:27.611+01:00 INFO : 15: generating IMRPhenomD from 30.0 Hz
2026-09-08T16:12:27.613+01:00 INFO : Decompressing waveform using inline_linear
2026-09-08T16:12:27.618+01:00 INFO : Filtering template 16/384 segment 1/5
2026-09-08T16:12:27.659+01:00 INFO : 3 points above threshold
2026-09-08T16:12:27.678+01:00 INFO : Filtering template 16/384 segment 2/5
2026-09-08T16:12:27.715+01:00 INFO : 1 points above threshold
2026-09-08T16:12:27.721+01:00 INFO : Filtering template 16/384 segment 3/5
2026-09-08T16:12:27.758+01:00 INFO : 3 points above threshold
2026-09-08T16:12:27.768+01:00 INFO : Filtering template 16/384 segment 4/5
2026-09-08T16:12:27.805+01:00 INFO : Filtering template 16/384 segment 5/5
2026-09-08T16:12:27.842+01:00 INFO : 16: generating IMRPhenomD from 30.0 Hz
2026-09-08T16:12:27.845+01:00 INFO : Decompressing waveform using inline_linear
2026-09-08T16:12:27.850+01:00 INFO : Filtering template 17/384 segment 1/5
2026-09-08T16:12:27.890+01:00 INFO : 1 points above threshold
2026-09-08T16:12:27.905+01:00 INFO : Filtering template 17/384 segment 2/5
2026-09-08T16:12:27.942+01:00 INFO : 1 points above threshold
2026-09-08T16:12:27.948+01:00 INFO : Filtering template 17/384 segment 3/5
2026-09-08T16:12:27.985+01:00 INFO : 2 points above threshold
2026-09-08T16:12:27.992+01:00 INFO : Filtering template 17/384 segment 4/5
2026-09-08T16:12:28.029+01:00 INFO : 1 points above threshold
2026-09-08T16:12:28.035+01:00 INFO : Filtering template 17/384 segment 5/5
2026-09-08T16:12:28.072+01:00 INFO : 1 points above threshold
2026-09-08T16:12:28.079+01:00 INFO : 17: generating IMRPhenomD from 30.0 Hz
2026-09-08T16:12:28.081+01:00 INFO : Decompressing waveform using inline_linear
2026-09-08T16:12:28.086+01:00 INFO : Filtering template 18/384 segment 1/5
2026-09-08T16:12:28.126+01:00 INFO : 1 points above threshold
2026-09-08T16:12:28.139+01:00 INFO : Filtering template 18/384 segment 2/5
2026-09-08T16:12:28.175+01:00 INFO : 1 points above threshold
2026-09-08T16:12:28.181+01:00 INFO : Filtering template 18/384 segment 3/5
2026-09-08T16:12:28.218+01:00 INFO : 1 points above threshold
2026-09-08T16:12:28.224+01:00 INFO : Filtering template 18/384 segment 4/5
2026-09-08T16:12:28.261+01:00 INFO : 1 points above threshold
2026-09-08T16:12:28.267+01:00 INFO : Filtering template 18/384 segment 5/5
2026-09-08T16:12:28.304+01:00 INFO : 1 points above threshold
2026-09-08T16:12:28.310+01:00 INFO : 18: generating IMRPhenomD from 30.0 Hz
2026-09-08T16:12:28.313+01:00 INFO : Decompressing waveform using inline_linear
2026-09-08T16:12:28.318+01:00 INFO : Filtering template 19/384 segment 1/5
2026-09-08T16:12:28.358+01:00 INFO : 2 points above threshold
2026-09-08T16:12:28.372+01:00 INFO : Filtering template 19/384 segment 2/5
2026-09-08T16:12:28.409+01:00 INFO : 2 points above threshold
2026-09-08T16:12:28.417+01:00 INFO : Filtering template 19/384 segment 3/5
2026-09-08T16:12:28.454+01:00 INFO : 4 points above threshold
2026-09-08T16:12:28.463+01:00 INFO : Filtering template 19/384 segment 4/5
2026-09-08T16:12:28.500+01:00 INFO : Filtering template 19/384 segment 5/5
2026-09-08T16:12:28.537+01:00 INFO : 1 points above threshold
2026-09-08T16:12:28.543+01:00 INFO : 19: generating IMRPhenomD from 30.0 Hz
2026-09-08T16:12:28.546+01:00 INFO : Decompressing waveform using inline_linear
2026-09-08T16:12:28.551+01:00 INFO : Filtering template 20/384 segment 1/5
2026-09-08T16:12:28.591+01:00 INFO : Filtering template 20/384 segment 2/5
2026-09-08T16:12:28.628+01:00 INFO : 1 points above threshold
2026-09-08T16:12:28.640+01:00 INFO : Filtering template 20/384 segment 3/5
2026-09-08T16:12:28.677+01:00 INFO : 1 points above threshold
2026-09-08T16:12:28.683+01:00 INFO : Filtering template 20/384 segment 4/5
2026-09-08T16:12:28.720+01:00 INFO : 1 points above threshold
2026-09-08T16:12:28.726+01:00 INFO : Filtering template 20/384 segment 5/5
2026-09-08T16:12:28.764+01:00 INFO : 20: generating IMRPhenomD from 30.0 Hz
2026-09-08T16:12:28.766+01:00 INFO : Decompressing waveform using inline_linear
2026-09-08T16:12:28.771+01:00 INFO : Filtering template 21/384 segment 1/5
2026-09-08T16:12:28.811+01:00 INFO : Filtering template 21/384 segment 2/5
2026-09-08T16:12:28.848+01:00 INFO : Filtering template 21/384 segment 3/5
2026-09-08T16:12:28.886+01:00 INFO : 3 points above threshold
2026-09-08T16:12:28.902+01:00 INFO : Filtering template 21/384 segment 4/5
2026-09-08T16:12:28.939+01:00 INFO : 1 points above threshold
2026-09-08T16:12:28.945+01:00 INFO : Filtering template 21/384 segment 5/5
2026-09-08T16:12:28.982+01:00 INFO : 1 points above threshold
2026-09-08T16:12:28.988+01:00 INFO : 21: generating IMRPhenomD from 30.0 Hz
2026-09-08T16:12:28.990+01:00 INFO : Decompressing waveform using inline_linear
2026-09-08T16:12:28.995+01:00 INFO : Filtering template 22/384 segment 1/5
2026-09-08T16:12:29.036+01:00 INFO : Filtering template 22/384 segment 2/5
2026-09-08T16:12:29.073+01:00 INFO : 2 points above threshold
2026-09-08T16:12:29.086+01:00 INFO : Filtering template 22/384 segment 3/5
2026-09-08T16:12:29.123+01:00 INFO : 2 points above threshold
2026-09-08T16:12:29.131+01:00 INFO : Filtering template 22/384 segment 4/5
2026-09-08T16:12:29.168+01:00 INFO : 1 points above threshold
2026-09-08T16:12:29.174+01:00 INFO : Filtering template 22/384 segment 5/5
2026-09-08T16:12:29.211+01:00 INFO : 1 points above threshold
2026-09-08T16:12:29.217+01:00 INFO : 22: generating IMRPhenomD from 30.0 Hz
2026-09-08T16:12:29.220+01:00 INFO : Decompressing waveform using inline_linear
2026-09-08T16:12:29.225+01:00 INFO : Filtering template 23/384 segment 1/5
2026-09-08T16:12:29.265+01:00 INFO : Filtering template 23/384 segment 2/5
2026-09-08T16:12:29.302+01:00 INFO : 3 points above threshold
2026-09-08T16:12:29.318+01:00 INFO : Filtering template 23/384 segment 3/5
2026-09-08T16:12:29.355+01:00 INFO : 1 points above threshold
2026-09-08T16:12:29.361+01:00 INFO : Filtering template 23/384 segment 4/5
2026-09-08T16:12:29.398+01:00 INFO : Filtering template 23/384 segment 5/5
2026-09-08T16:12:29.435+01:00 INFO : 23: generating IMRPhenomD from 30.0 Hz
2026-09-08T16:12:29.438+01:00 INFO : Decompressing waveform using inline_linear
2026-09-08T16:12:29.443+01:00 INFO : Filtering template 24/384 segment 1/5
2026-09-08T16:12:29.483+01:00 INFO : 4 points above threshold
2026-09-08T16:12:29.498+01:00 INFO : Filtering template 24/384 segment 2/5
2026-09-08T16:12:29.535+01:00 INFO : 1 points above threshold
2026-09-08T16:12:29.541+01:00 INFO : Filtering template 24/384 segment 3/5
2026-09-08T16:12:29.578+01:00 INFO : 3 points above threshold
2026-09-08T16:12:29.588+01:00 INFO : Filtering template 24/384 segment 4/5
2026-09-08T16:12:29.625+01:00 INFO : 2 points above threshold
2026-09-08T16:12:29.633+01:00 INFO : Filtering template 24/384 segment 5/5
2026-09-08T16:12:29.670+01:00 INFO : 24: generating IMRPhenomD from 30.0 Hz
2026-09-08T16:12:29.673+01:00 INFO : Decompressing waveform using inline_linear
2026-09-08T16:12:29.678+01:00 INFO : Filtering template 25/384 segment 1/5
2026-09-08T16:12:29.718+01:00 INFO : 3 points above threshold
2026-09-08T16:12:29.737+01:00 INFO : Filtering template 25/384 segment 2/5
2026-09-08T16:12:29.774+01:00 INFO : Filtering template 25/384 segment 3/5
2026-09-08T16:12:29.811+01:00 INFO : Filtering template 25/384 segment 4/5
2026-09-08T16:12:29.848+01:00 INFO : 2 points above threshold
2026-09-08T16:12:29.856+01:00 INFO : Filtering template 25/384 segment 5/5
2026-09-08T16:12:29.894+01:00 INFO : 25: generating IMRPhenomD from 30.0 Hz
2026-09-08T16:12:29.896+01:00 INFO : Decompressing waveform using inline_linear
2026-09-08T16:12:29.901+01:00 INFO : Filtering template 26/384 segment 1/5
2026-09-08T16:12:29.941+01:00 INFO : 2 points above threshold
2026-09-08T16:12:29.959+01:00 INFO : Filtering template 26/384 segment 2/5
2026-09-08T16:12:29.996+01:00 INFO : 1 points above threshold
2026-09-08T16:12:30.002+01:00 INFO : Filtering template 26/384 segment 3/5
2026-09-08T16:12:30.039+01:00 INFO : 2 points above threshold
2026-09-08T16:12:30.047+01:00 INFO : Filtering template 26/384 segment 4/5
2026-09-08T16:12:30.084+01:00 INFO : Filtering template 26/384 segment 5/5
2026-09-08T16:12:30.121+01:00 INFO : 1 points above threshold
2026-09-08T16:12:30.127+01:00 INFO : 26: generating IMRPhenomD from 30.0 Hz
2026-09-08T16:12:30.130+01:00 INFO : Decompressing waveform using inline_linear
2026-09-08T16:12:30.135+01:00 INFO : Filtering template 27/384 segment 1/5
2026-09-08T16:12:30.175+01:00 INFO : 1 points above threshold
2026-09-08T16:12:30.190+01:00 INFO : Filtering template 27/384 segment 2/5
2026-09-08T16:12:30.227+01:00 INFO : 4 points above threshold
2026-09-08T16:12:30.236+01:00 INFO : Filtering template 27/384 segment 3/5
2026-09-08T16:12:30.273+01:00 INFO : 1 points above threshold
2026-09-08T16:12:30.279+01:00 INFO : Filtering template 27/384 segment 4/5
2026-09-08T16:12:30.316+01:00 INFO : 1 points above threshold
2026-09-08T16:12:30.322+01:00 INFO : Filtering template 27/384 segment 5/5
2026-09-08T16:12:30.359+01:00 INFO : 27: generating IMRPhenomD from 30.0 Hz
2026-09-08T16:12:30.362+01:00 INFO : Decompressing waveform using inline_linear
2026-09-08T16:12:30.367+01:00 INFO : Filtering template 28/384 segment 1/5
2026-09-08T16:12:30.407+01:00 INFO : 2 points above threshold
2026-09-08T16:12:30.421+01:00 INFO : Filtering template 28/384 segment 2/5
2026-09-08T16:12:30.458+01:00 INFO : 1 points above threshold
2026-09-08T16:12:30.464+01:00 INFO : Filtering template 28/384 segment 3/5
2026-09-08T16:12:30.501+01:00 INFO : 1 points above threshold
2026-09-08T16:12:30.507+01:00 INFO : Filtering template 28/384 segment 4/5
2026-09-08T16:12:30.544+01:00 INFO : 1 points above threshold
2026-09-08T16:12:30.550+01:00 INFO : Filtering template 28/384 segment 5/5
2026-09-08T16:12:30.588+01:00 INFO : 28: generating IMRPhenomD from 30.0 Hz
2026-09-08T16:12:30.590+01:00 INFO : Decompressing waveform using inline_linear
2026-09-08T16:12:30.595+01:00 INFO : Filtering template 29/384 segment 1/5
2026-09-08T16:12:30.635+01:00 INFO : 2 points above threshold
2026-09-08T16:12:30.649+01:00 INFO : Filtering template 29/384 segment 2/5
2026-09-08T16:12:30.686+01:00 INFO : Filtering template 29/384 segment 3/5
2026-09-08T16:12:30.724+01:00 INFO : 2 points above threshold
2026-09-08T16:12:30.731+01:00 INFO : Filtering template 29/384 segment 4/5
2026-09-08T16:12:30.768+01:00 INFO : Filtering template 29/384 segment 5/5
2026-09-08T16:12:30.805+01:00 INFO : 1 points above threshold
2026-09-08T16:12:30.812+01:00 INFO : 29: generating IMRPhenomD from 30.0 Hz
2026-09-08T16:12:30.814+01:00 INFO : Decompressing waveform using inline_linear
2026-09-08T16:12:30.819+01:00 INFO : Filtering template 30/384 segment 1/5
2026-09-08T16:12:30.861+01:00 INFO : 1 points above threshold
2026-09-08T16:12:30.875+01:00 INFO : Filtering template 30/384 segment 2/5
2026-09-08T16:12:30.915+01:00 INFO : 2 points above threshold
2026-09-08T16:12:30.923+01:00 INFO : Filtering template 30/384 segment 3/5
2026-09-08T16:12:30.961+01:00 INFO : Filtering template 30/384 segment 4/5
2026-09-08T16:12:30.998+01:00 INFO : 3 points above threshold
2026-09-08T16:12:31.008+01:00 INFO : Filtering template 30/384 segment 5/5
2026-09-08T16:12:31.045+01:00 INFO : 2 points above threshold
2026-09-08T16:12:31.053+01:00 INFO : 30: generating IMRPhenomD from 30.0 Hz
2026-09-08T16:12:31.055+01:00 INFO : Decompressing waveform using inline_linear
2026-09-08T16:12:31.060+01:00 INFO : Filtering template 31/384 segment 1/5
2026-09-08T16:12:31.101+01:00 INFO : Filtering template 31/384 segment 2/5
2026-09-08T16:12:31.138+01:00 INFO : 1 points above threshold
2026-09-08T16:12:31.150+01:00 INFO : Filtering template 31/384 segment 3/5
2026-09-08T16:12:31.187+01:00 INFO : 2 points above threshold
2026-09-08T16:12:31.195+01:00 INFO : Filtering template 31/384 segment 4/5
2026-09-08T16:12:31.231+01:00 INFO : 1 points above threshold
2026-09-08T16:12:31.237+01:00 INFO : Filtering template 31/384 segment 5/5
2026-09-08T16:12:31.274+01:00 INFO : 2 points above threshold
2026-09-08T16:12:31.282+01:00 INFO : 31: generating IMRPhenomD from 30.0 Hz
2026-09-08T16:12:31.285+01:00 INFO : Decompressing waveform using inline_linear
2026-09-08T16:12:31.290+01:00 INFO : Filtering template 32/384 segment 1/5
2026-09-08T16:12:31.330+01:00 INFO : Filtering template 32/384 segment 2/5
2026-09-08T16:12:31.367+01:00 INFO : Filtering template 32/384 segment 3/5
2026-09-08T16:12:31.404+01:00 INFO : 2 points above threshold
2026-09-08T16:12:31.418+01:00 INFO : Filtering template 32/384 segment 4/5
2026-09-08T16:12:31.455+01:00 INFO : 1 points above threshold
2026-09-08T16:12:31.461+01:00 INFO : Filtering template 32/384 segment 5/5
2026-09-08T16:12:31.498+01:00 INFO : 2 points above threshold
2026-09-08T16:12:31.506+01:00 INFO : 32: generating IMRPhenomD from 30.0 Hz
2026-09-08T16:12:31.508+01:00 INFO : Decompressing waveform using inline_linear
2026-09-08T16:12:31.513+01:00 INFO : Filtering template 33/384 segment 1/5
2026-09-08T16:12:31.554+01:00 INFO : Filtering template 33/384 segment 2/5
2026-09-08T16:12:31.590+01:00 INFO : Filtering template 33/384 segment 3/5
2026-09-08T16:12:31.627+01:00 INFO : 1 points above threshold
2026-09-08T16:12:31.639+01:00 INFO : Filtering template 33/384 segment 4/5
2026-09-08T16:12:31.676+01:00 INFO : 2 points above threshold
2026-09-08T16:12:31.684+01:00 INFO : Filtering template 33/384 segment 5/5
2026-09-08T16:12:31.721+01:00 INFO : 2 points above threshold
2026-09-08T16:12:31.729+01:00 INFO : 33: generating IMRPhenomD from 30.0 Hz
2026-09-08T16:12:31.732+01:00 INFO : Decompressing waveform using inline_linear
2026-09-08T16:12:31.737+01:00 INFO : Filtering template 34/384 segment 1/5
2026-09-08T16:12:31.777+01:00 INFO : 1 points above threshold
2026-09-08T16:12:31.789+01:00 INFO : Filtering template 34/384 segment 2/5
2026-09-08T16:12:31.826+01:00 INFO : 1 points above threshold
2026-09-08T16:12:31.832+01:00 INFO : Filtering template 34/384 segment 3/5
2026-09-08T16:12:31.869+01:00 INFO : 2 points above threshold
2026-09-08T16:12:31.877+01:00 INFO : Filtering template 34/384 segment 4/5
2026-09-08T16:12:31.914+01:00 INFO : 1 points above threshold
2026-09-08T16:12:31.920+01:00 INFO : Filtering template 34/384 segment 5/5
2026-09-08T16:12:31.957+01:00 INFO : 2 points above threshold
2026-09-08T16:12:31.965+01:00 INFO : 34: generating IMRPhenomD from 30.0 Hz
2026-09-08T16:12:31.968+01:00 INFO : Decompressing waveform using inline_linear
2026-09-08T16:12:31.973+01:00 INFO : Filtering template 35/384 segment 1/5
2026-09-08T16:12:32.013+01:00 INFO : 5 points above threshold
2026-09-08T16:12:32.032+01:00 INFO : Filtering template 35/384 segment 2/5
2026-09-08T16:12:32.069+01:00 INFO : 1 points above threshold
2026-09-08T16:12:32.075+01:00 INFO : Filtering template 35/384 segment 3/5
2026-09-08T16:12:32.112+01:00 INFO : Filtering template 35/384 segment 4/5
2026-09-08T16:12:32.149+01:00 INFO : 1 points above threshold
2026-09-08T16:12:32.155+01:00 INFO : Filtering template 35/384 segment 5/5
2026-09-08T16:12:32.192+01:00 INFO : 2 points above threshold
2026-09-08T16:12:32.200+01:00 INFO : 35: generating IMRPhenomD from 30.0 Hz
2026-09-08T16:12:32.202+01:00 INFO : Decompressing waveform using inline_linear
2026-09-08T16:12:32.207+01:00 INFO : Filtering template 36/384 segment 1/5
2026-09-08T16:12:32.247+01:00 INFO : 1 points above threshold
2026-09-08T16:12:32.263+01:00 INFO : Filtering template 36/384 segment 2/5
2026-09-08T16:12:32.300+01:00 INFO : 1 points above threshold
2026-09-08T16:12:32.308+01:00 INFO : Filtering template 36/384 segment 3/5
2026-09-08T16:12:32.345+01:00 INFO : Filtering template 36/384 segment 4/5
2026-09-08T16:12:32.382+01:00 INFO : 1 points above threshold
2026-09-08T16:12:32.388+01:00 INFO : Filtering template 36/384 segment 5/5
2026-09-08T16:12:32.425+01:00 INFO : 1 points above threshold
2026-09-08T16:12:32.431+01:00 INFO : 36: generating IMRPhenomD from 30.0 Hz
2026-09-08T16:12:32.434+01:00 INFO : Decompressing waveform using inline_linear
2026-09-08T16:12:32.439+01:00 INFO : Filtering template 37/384 segment 1/5
2026-09-08T16:12:32.479+01:00 INFO : 1 points above threshold
2026-09-08T16:12:32.494+01:00 INFO : Filtering template 37/384 segment 2/5
2026-09-08T16:12:32.531+01:00 INFO : Filtering template 37/384 segment 3/5
2026-09-08T16:12:32.568+01:00 INFO : 1 points above threshold
2026-09-08T16:12:32.574+01:00 INFO : Filtering template 37/384 segment 4/5
2026-09-08T16:12:32.611+01:00 INFO : Filtering template 37/384 segment 5/5
2026-09-08T16:12:32.648+01:00 INFO : 37: generating IMRPhenomD from 30.0 Hz
2026-09-08T16:12:32.651+01:00 INFO : Decompressing waveform using inline_linear
2026-09-08T16:12:32.656+01:00 INFO : Filtering template 38/384 segment 1/5
2026-09-08T16:12:32.696+01:00 INFO : Filtering template 38/384 segment 2/5
2026-09-08T16:12:32.733+01:00 INFO : Filtering template 38/384 segment 3/5
2026-09-08T16:12:32.770+01:00 INFO : 1 points above threshold
2026-09-08T16:12:32.785+01:00 INFO : Filtering template 38/384 segment 4/5
2026-09-08T16:12:32.822+01:00 INFO : 1 points above threshold
2026-09-08T16:12:32.831+01:00 INFO : Filtering template 38/384 segment 5/5
2026-09-08T16:12:32.868+01:00 INFO : 38: generating IMRPhenomD from 30.0 Hz
2026-09-08T16:12:32.870+01:00 INFO : Decompressing waveform using inline_linear
2026-09-08T16:12:32.875+01:00 INFO : Filtering template 39/384 segment 1/5
2026-09-08T16:12:32.916+01:00 INFO : Filtering template 39/384 segment 2/5
2026-09-08T16:12:32.953+01:00 INFO : Filtering template 39/384 segment 3/5
2026-09-08T16:12:32.990+01:00 INFO : Filtering template 39/384 segment 4/5
2026-09-08T16:12:33.027+01:00 INFO : 3 points above threshold
2026-09-08T16:12:33.044+01:00 INFO : Filtering template 39/384 segment 5/5
2026-09-08T16:12:33.081+01:00 INFO : 2 points above threshold
2026-09-08T16:12:33.089+01:00 INFO : 39: generating IMRPhenomD from 30.0 Hz
2026-09-08T16:12:33.092+01:00 INFO : Decompressing waveform using inline_linear
2026-09-08T16:12:33.097+01:00 INFO : Filtering template 40/384 segment 1/5
2026-09-08T16:12:33.137+01:00 INFO : 3 points above threshold
2026-09-08T16:12:33.153+01:00 INFO : Filtering template 40/384 segment 2/5
2026-09-08T16:12:33.190+01:00 INFO : 1 points above threshold
2026-09-08T16:12:33.196+01:00 INFO : Filtering template 40/384 segment 3/5
2026-09-08T16:12:33.233+01:00 INFO : 1 points above threshold
2026-09-08T16:12:33.239+01:00 INFO : Filtering template 40/384 segment 4/5
2026-09-08T16:12:33.276+01:00 INFO : 2 points above threshold
2026-09-08T16:12:33.284+01:00 INFO : Filtering template 40/384 segment 5/5
2026-09-08T16:12:33.321+01:00 INFO : 1 points above threshold
2026-09-08T16:12:33.327+01:00 INFO : 40: generating IMRPhenomD from 30.0 Hz
2026-09-08T16:12:33.329+01:00 INFO : Decompressing waveform using inline_linear
2026-09-08T16:12:33.334+01:00 INFO : Filtering template 41/384 segment 1/5
2026-09-08T16:12:33.375+01:00 INFO : Filtering template 41/384 segment 2/5
2026-09-08T16:12:33.412+01:00 INFO : 1 points above threshold
2026-09-08T16:12:33.424+01:00 INFO : Filtering template 41/384 segment 3/5
2026-09-08T16:12:33.461+01:00 INFO : Filtering template 41/384 segment 4/5
2026-09-08T16:12:33.497+01:00 INFO : Filtering template 41/384 segment 5/5
2026-09-08T16:12:33.535+01:00 INFO : 41: generating IMRPhenomD from 30.0 Hz
2026-09-08T16:12:33.537+01:00 INFO : Decompressing waveform using inline_linear
2026-09-08T16:12:33.542+01:00 INFO : Filtering template 42/384 segment 1/5
2026-09-08T16:12:33.582+01:00 INFO : 2 points above threshold
2026-09-08T16:12:33.596+01:00 INFO : Filtering template 42/384 segment 2/5
2026-09-08T16:12:33.633+01:00 INFO : Filtering template 42/384 segment 3/5
2026-09-08T16:12:33.670+01:00 INFO : 2 points above threshold
2026-09-08T16:12:33.678+01:00 INFO : Filtering template 42/384 segment 4/5
2026-09-08T16:12:33.715+01:00 INFO : 3 points above threshold
2026-09-08T16:12:33.725+01:00 INFO : Filtering template 42/384 segment 5/5
2026-09-08T16:12:33.762+01:00 INFO : 2 points above threshold
2026-09-08T16:12:33.770+01:00 INFO : 42: generating IMRPhenomD from 30.0 Hz
2026-09-08T16:12:33.772+01:00 INFO : Decompressing waveform using inline_linear
2026-09-08T16:12:33.777+01:00 INFO : Filtering template 43/384 segment 1/5
2026-09-08T16:12:33.818+01:00 INFO : 3 points above threshold
2026-09-08T16:12:33.834+01:00 INFO : Filtering template 43/384 segment 2/5
2026-09-08T16:12:33.871+01:00 INFO : 2 points above threshold
2026-09-08T16:12:33.879+01:00 INFO : Filtering template 43/384 segment 3/5
2026-09-08T16:12:33.916+01:00 INFO : Filtering template 43/384 segment 4/5
2026-09-08T16:12:33.953+01:00 INFO : Filtering template 43/384 segment 5/5
2026-09-08T16:12:33.990+01:00 INFO : 1 points above threshold
2026-09-08T16:12:33.996+01:00 INFO : 43: generating IMRPhenomD from 30.0 Hz
2026-09-08T16:12:33.999+01:00 INFO : Decompressing waveform using inline_linear
2026-09-08T16:12:34.004+01:00 INFO : Filtering template 44/384 segment 1/5
2026-09-08T16:12:34.044+01:00 INFO : Filtering template 44/384 segment 2/5
2026-09-08T16:12:34.081+01:00 INFO : 2 points above threshold
2026-09-08T16:12:34.095+01:00 INFO : Filtering template 44/384 segment 3/5
2026-09-08T16:12:34.132+01:00 INFO : Filtering template 44/384 segment 4/5
2026-09-08T16:12:34.169+01:00 INFO : 1 points above threshold
2026-09-08T16:12:34.175+01:00 INFO : Filtering template 44/384 segment 5/5
2026-09-08T16:12:34.212+01:00 INFO : 2 points above threshold
2026-09-08T16:12:34.220+01:00 INFO : 44: generating IMRPhenomD from 30.0 Hz
2026-09-08T16:12:34.223+01:00 INFO : Decompressing waveform using inline_linear
2026-09-08T16:12:34.227+01:00 INFO : Filtering template 45/384 segment 1/5
2026-09-08T16:12:34.268+01:00 INFO : 1 points above threshold
2026-09-08T16:12:34.280+01:00 INFO : Filtering template 45/384 segment 2/5
2026-09-08T16:12:34.317+01:00 INFO : Filtering template 45/384 segment 3/5
2026-09-08T16:12:34.354+01:00 INFO : 1 points above threshold
2026-09-08T16:12:34.360+01:00 INFO : Filtering template 45/384 segment 4/5
2026-09-08T16:12:34.396+01:00 INFO : Filtering template 45/384 segment 5/5
2026-09-08T16:12:34.433+01:00 INFO : 2 points above threshold
2026-09-08T16:12:34.442+01:00 INFO : 45: generating IMRPhenomD from 30.0 Hz
2026-09-08T16:12:34.444+01:00 INFO : Decompressing waveform using inline_linear
2026-09-08T16:12:34.449+01:00 INFO : Filtering template 46/384 segment 1/5
2026-09-08T16:12:34.489+01:00 INFO : 3 points above threshold
2026-09-08T16:12:34.505+01:00 INFO : Filtering template 46/384 segment 2/5
2026-09-08T16:12:34.542+01:00 INFO : 1 points above threshold
2026-09-08T16:12:34.548+01:00 INFO : Filtering template 46/384 segment 3/5
2026-09-08T16:12:34.585+01:00 INFO : 1 points above threshold
2026-09-08T16:12:34.591+01:00 INFO : Filtering template 46/384 segment 4/5
2026-09-08T16:12:34.628+01:00 INFO : Filtering template 46/384 segment 5/5
2026-09-08T16:12:34.665+01:00 INFO : 1 points above threshold
2026-09-08T16:12:34.671+01:00 INFO : 46: generating IMRPhenomD from 30.0 Hz
2026-09-08T16:12:34.674+01:00 INFO : Decompressing waveform using inline_linear
2026-09-08T16:12:34.679+01:00 INFO : Filtering template 47/384 segment 1/5
2026-09-08T16:12:34.719+01:00 INFO : 1 points above threshold
2026-09-08T16:12:34.731+01:00 INFO : Filtering template 47/384 segment 2/5
2026-09-08T16:12:34.768+01:00 INFO : 1 points above threshold
2026-09-08T16:12:34.774+01:00 INFO : Filtering template 47/384 segment 3/5
2026-09-08T16:12:34.811+01:00 INFO : 1 points above threshold
2026-09-08T16:12:34.816+01:00 INFO : Filtering template 47/384 segment 4/5
2026-09-08T16:12:34.853+01:00 INFO : 1 points above threshold
2026-09-08T16:12:34.859+01:00 INFO : Filtering template 47/384 segment 5/5
2026-09-08T16:12:34.896+01:00 INFO : 1 points above threshold
2026-09-08T16:12:34.903+01:00 INFO : 47: generating IMRPhenomD from 30.0 Hz
2026-09-08T16:12:34.905+01:00 INFO : Decompressing waveform using inline_linear
2026-09-08T16:12:34.910+01:00 INFO : Filtering template 48/384 segment 1/5
2026-09-08T16:12:34.950+01:00 INFO : 3 points above threshold
2026-09-08T16:12:34.967+01:00 INFO : Filtering template 48/384 segment 2/5
2026-09-08T16:12:35.004+01:00 INFO : 3 points above threshold
2026-09-08T16:12:35.014+01:00 INFO : Filtering template 48/384 segment 3/5
2026-09-08T16:12:35.051+01:00 INFO : Filtering template 48/384 segment 4/5
2026-09-08T16:12:35.088+01:00 INFO : 1 points above threshold
2026-09-08T16:12:35.094+01:00 INFO : Filtering template 48/384 segment 5/5
2026-09-08T16:12:35.131+01:00 INFO : 48: generating IMRPhenomD from 30.0 Hz
2026-09-08T16:12:35.134+01:00 INFO : Decompressing waveform using inline_linear
2026-09-08T16:12:35.139+01:00 INFO : Filtering template 49/384 segment 1/5
2026-09-08T16:12:35.179+01:00 INFO : 3 points above threshold
2026-09-08T16:12:35.196+01:00 INFO : Filtering template 49/384 segment 2/5
2026-09-08T16:12:35.233+01:00 INFO : 1 points above threshold
2026-09-08T16:12:35.238+01:00 INFO : Filtering template 49/384 segment 3/5
2026-09-08T16:12:35.275+01:00 INFO : 1 points above threshold
2026-09-08T16:12:35.281+01:00 INFO : Filtering template 49/384 segment 4/5
2026-09-08T16:12:35.318+01:00 INFO : Filtering template 49/384 segment 5/5
2026-09-08T16:12:35.356+01:00 INFO : 49: generating IMRPhenomD from 30.0 Hz
2026-09-08T16:12:35.358+01:00 INFO : Decompressing waveform using inline_linear
2026-09-08T16:12:35.363+01:00 INFO : Filtering template 50/384 segment 1/5
2026-09-08T16:12:35.404+01:00 INFO : Filtering template 50/384 segment 2/5
2026-09-08T16:12:35.441+01:00 INFO : 2 points above threshold
2026-09-08T16:12:35.455+01:00 INFO : Filtering template 50/384 segment 3/5
2026-09-08T16:12:35.492+01:00 INFO : 5 points above threshold
2026-09-08T16:12:35.504+01:00 INFO : Filtering template 50/384 segment 4/5
2026-09-08T16:12:35.541+01:00 INFO : 3 points above threshold
2026-09-08T16:12:35.551+01:00 INFO : Filtering template 50/384 segment 5/5
2026-09-08T16:12:35.588+01:00 INFO : 2 points above threshold
2026-09-08T16:12:35.596+01:00 INFO : 50: generating IMRPhenomD from 30.0 Hz
2026-09-08T16:12:35.599+01:00 INFO : Decompressing waveform using inline_linear
2026-09-08T16:12:35.604+01:00 INFO : Filtering template 51/384 segment 1/5
2026-09-08T16:12:35.644+01:00 INFO : 1 points above threshold
2026-09-08T16:12:35.656+01:00 INFO : Filtering template 51/384 segment 2/5
2026-09-08T16:12:35.693+01:00 INFO : 1 points above threshold
2026-09-08T16:12:35.699+01:00 INFO : Filtering template 51/384 segment 3/5
2026-09-08T16:12:35.736+01:00 INFO : 3 points above threshold
2026-09-08T16:12:35.746+01:00 INFO : Filtering template 51/384 segment 4/5
2026-09-08T16:12:35.783+01:00 INFO : 1 points above threshold
2026-09-08T16:12:35.789+01:00 INFO : Filtering template 51/384 segment 5/5
2026-09-08T16:12:35.826+01:00 INFO : 3 points above threshold
2026-09-08T16:12:35.836+01:00 INFO : 51: generating IMRPhenomD from 30.0 Hz
2026-09-08T16:12:35.839+01:00 INFO : Decompressing waveform using inline_linear
2026-09-08T16:12:35.844+01:00 INFO : Filtering template 52/384 segment 1/5
2026-09-08T16:12:35.884+01:00 INFO : 2 points above threshold
2026-09-08T16:12:35.898+01:00 INFO : Filtering template 52/384 segment 2/5
2026-09-08T16:12:35.937+01:00 INFO : 1 points above threshold
2026-09-08T16:12:35.943+01:00 INFO : Filtering template 52/384 segment 3/5
2026-09-08T16:12:35.982+01:00 INFO : Filtering template 52/384 segment 4/5
2026-09-08T16:12:36.024+01:00 INFO : 1 points above threshold
2026-09-08T16:12:36.031+01:00 INFO : Filtering template 52/384 segment 5/5
2026-09-08T16:12:36.068+01:00 INFO : 2 points above threshold
2026-09-08T16:12:36.076+01:00 INFO : 52: generating IMRPhenomD from 30.0 Hz
2026-09-08T16:12:36.079+01:00 INFO : Decompressing waveform using inline_linear
2026-09-08T16:12:36.084+01:00 INFO : Filtering template 53/384 segment 1/5
2026-09-08T16:12:36.124+01:00 INFO : 1 points above threshold
2026-09-08T16:12:36.137+01:00 INFO : Filtering template 53/384 segment 2/5
2026-09-08T16:12:36.174+01:00 INFO : 3 points above threshold
2026-09-08T16:12:36.184+01:00 INFO : Filtering template 53/384 segment 3/5
2026-09-08T16:12:36.221+01:00 INFO : Filtering template 53/384 segment 4/5
2026-09-08T16:12:36.258+01:00 INFO : 1 points above threshold
2026-09-08T16:12:36.264+01:00 INFO : Filtering template 53/384 segment 5/5
2026-09-08T16:12:36.301+01:00 INFO : 53: generating IMRPhenomD from 30.0 Hz
2026-09-08T16:12:36.304+01:00 INFO : Decompressing waveform using inline_linear
2026-09-08T16:12:36.309+01:00 INFO : Filtering template 54/384 segment 1/5
2026-09-08T16:12:36.349+01:00 INFO : 3 points above threshold
2026-09-08T16:12:36.365+01:00 INFO : Filtering template 54/384 segment 2/5
2026-09-08T16:12:36.402+01:00 INFO : 4 points above threshold
2026-09-08T16:12:36.412+01:00 INFO : Filtering template 54/384 segment 3/5
2026-09-08T16:12:36.449+01:00 INFO : Filtering template 54/384 segment 4/5
2026-09-08T16:12:36.486+01:00 INFO : 2 points above threshold
2026-09-08T16:12:36.493+01:00 INFO : Filtering template 54/384 segment 5/5
2026-09-08T16:12:36.530+01:00 INFO : 2 points above threshold
2026-09-08T16:12:36.538+01:00 INFO : 54: generating IMRPhenomD from 30.0 Hz
2026-09-08T16:12:36.541+01:00 INFO : Decompressing waveform using inline_linear
2026-09-08T16:12:36.546+01:00 INFO : Filtering template 55/384 segment 1/5
2026-09-08T16:12:36.586+01:00 INFO : Filtering template 55/384 segment 2/5
2026-09-08T16:12:36.623+01:00 INFO : 2 points above threshold
2026-09-08T16:12:36.640+01:00 INFO : Filtering template 55/384 segment 3/5
2026-09-08T16:12:36.677+01:00 INFO : Filtering template 55/384 segment 4/5
2026-09-08T16:12:36.714+01:00 INFO : Filtering template 55/384 segment 5/5
2026-09-08T16:12:36.751+01:00 INFO : 1 points above threshold
2026-09-08T16:12:36.757+01:00 INFO : 55: generating IMRPhenomD from 30.0 Hz
2026-09-08T16:12:36.760+01:00 INFO : Decompressing waveform using inline_linear
2026-09-08T16:12:36.765+01:00 INFO : Filtering template 56/384 segment 1/5
2026-09-08T16:12:36.805+01:00 INFO : 1 points above threshold
2026-09-08T16:12:36.820+01:00 INFO : Filtering template 56/384 segment 2/5
2026-09-08T16:12:36.858+01:00 INFO : Filtering template 56/384 segment 3/5
2026-09-08T16:12:36.895+01:00 INFO : 2 points above threshold
2026-09-08T16:12:36.903+01:00 INFO : Filtering template 56/384 segment 4/5
2026-09-08T16:12:36.940+01:00 INFO : 1 points above threshold
2026-09-08T16:12:36.946+01:00 INFO : Filtering template 56/384 segment 5/5
2026-09-08T16:12:36.983+01:00 INFO : 56: generating IMRPhenomD from 30.0 Hz
2026-09-08T16:12:36.986+01:00 INFO : Decompressing waveform using inline_linear
2026-09-08T16:12:36.991+01:00 INFO : Filtering template 57/384 segment 1/5
2026-09-08T16:12:37.031+01:00 INFO : 2 points above threshold
2026-09-08T16:12:37.048+01:00 INFO : Filtering template 57/384 segment 2/5
2026-09-08T16:12:37.085+01:00 INFO : 1 points above threshold
2026-09-08T16:12:37.091+01:00 INFO : Filtering template 57/384 segment 3/5
2026-09-08T16:12:37.128+01:00 INFO : Filtering template 57/384 segment 4/5
2026-09-08T16:12:37.166+01:00 INFO : 1 points above threshold
2026-09-08T16:12:37.172+01:00 INFO : Filtering template 57/384 segment 5/5
2026-09-08T16:12:37.209+01:00 INFO : 57: generating IMRPhenomD from 30.0 Hz
2026-09-08T16:12:37.212+01:00 INFO : Decompressing waveform using inline_linear
2026-09-08T16:12:37.216+01:00 INFO : Filtering template 58/384 segment 1/5
2026-09-08T16:12:37.257+01:00 INFO : 2 points above threshold
2026-09-08T16:12:37.274+01:00 INFO : Filtering template 58/384 segment 2/5
2026-09-08T16:12:37.311+01:00 INFO : 2 points above threshold
2026-09-08T16:12:37.318+01:00 INFO : Filtering template 58/384 segment 3/5
2026-09-08T16:12:37.355+01:00 INFO : Filtering template 58/384 segment 4/5
2026-09-08T16:12:37.392+01:00 INFO : 1 points above threshold
2026-09-08T16:12:37.398+01:00 INFO : Filtering template 58/384 segment 5/5
2026-09-08T16:12:37.436+01:00 INFO : 1 points above threshold
2026-09-08T16:12:37.442+01:00 INFO : 58: generating IMRPhenomD from 30.0 Hz
2026-09-08T16:12:37.445+01:00 INFO : Decompressing waveform using inline_linear
2026-09-08T16:12:37.449+01:00 INFO : Filtering template 59/384 segment 1/5
2026-09-08T16:12:37.490+01:00 INFO : 1 points above threshold
2026-09-08T16:12:37.502+01:00 INFO : Filtering template 59/384 segment 2/5
2026-09-08T16:12:37.539+01:00 INFO : Filtering template 59/384 segment 3/5
2026-09-08T16:12:37.576+01:00 INFO : 1 points above threshold
2026-09-08T16:12:37.582+01:00 INFO : Filtering template 59/384 segment 4/5
2026-09-08T16:12:37.619+01:00 INFO : Filtering template 59/384 segment 5/5
2026-09-08T16:12:37.657+01:00 INFO : 59: generating IMRPhenomD from 30.0 Hz
2026-09-08T16:12:37.659+01:00 INFO : Decompressing waveform using inline_linear
2026-09-08T16:12:37.664+01:00 INFO : Filtering template 60/384 segment 1/5
2026-09-08T16:12:37.704+01:00 INFO : 2 points above threshold
2026-09-08T16:12:37.719+01:00 INFO : Filtering template 60/384 segment 2/5
2026-09-08T16:12:37.756+01:00 INFO : 1 points above threshold
2026-09-08T16:12:37.762+01:00 INFO : Filtering template 60/384 segment 3/5
2026-09-08T16:12:37.799+01:00 INFO : Filtering template 60/384 segment 4/5
2026-09-08T16:12:37.836+01:00 INFO : 1 points above threshold
2026-09-08T16:12:37.842+01:00 INFO : Filtering template 60/384 segment 5/5
2026-09-08T16:12:37.879+01:00 INFO : 1 points above threshold
2026-09-08T16:12:37.885+01:00 INFO : 60: generating IMRPhenomD from 30.0 Hz
2026-09-08T16:12:37.888+01:00 INFO : Decompressing waveform using inline_linear
2026-09-08T16:12:37.893+01:00 INFO : Filtering template 61/384 segment 1/5
2026-09-08T16:12:37.933+01:00 INFO : 2 points above threshold
2026-09-08T16:12:37.947+01:00 INFO : Filtering template 61/384 segment 2/5
2026-09-08T16:12:37.984+01:00 INFO : Filtering template 61/384 segment 3/5
2026-09-08T16:12:38.022+01:00 INFO : Filtering template 61/384 segment 4/5
2026-09-08T16:12:38.059+01:00 INFO : 4 points above threshold
2026-09-08T16:12:38.068+01:00 INFO : Filtering template 61/384 segment 5/5
2026-09-08T16:12:38.105+01:00 INFO : 2 points above threshold
2026-09-08T16:12:38.113+01:00 INFO : 61: generating IMRPhenomD from 30.0 Hz
2026-09-08T16:12:38.115+01:00 INFO : Decompressing waveform using inline_linear
2026-09-08T16:12:38.120+01:00 INFO : Filtering template 62/384 segment 1/5
2026-09-08T16:12:38.161+01:00 INFO : 1 points above threshold
2026-09-08T16:12:38.173+01:00 INFO : Filtering template 62/384 segment 2/5
2026-09-08T16:12:38.210+01:00 INFO : 3 points above threshold
2026-09-08T16:12:38.220+01:00 INFO : Filtering template 62/384 segment 3/5
2026-09-08T16:12:38.257+01:00 INFO : 2 points above threshold
2026-09-08T16:12:38.265+01:00 INFO : Filtering template 62/384 segment 4/5
2026-09-08T16:12:38.302+01:00 INFO : 1 points above threshold
2026-09-08T16:12:38.308+01:00 INFO : Filtering template 62/384 segment 5/5
2026-09-08T16:12:38.345+01:00 INFO : 3 points above threshold
2026-09-08T16:12:38.355+01:00 INFO : 62: generating IMRPhenomD from 30.0 Hz
2026-09-08T16:12:38.358+01:00 INFO : Decompressing waveform using inline_linear
2026-09-08T16:12:38.363+01:00 INFO : Filtering template 63/384 segment 1/5
2026-09-08T16:12:38.403+01:00 INFO : 1 points above threshold
2026-09-08T16:12:38.415+01:00 INFO : Filtering template 63/384 segment 2/5
2026-09-08T16:12:38.452+01:00 INFO : 1 points above threshold
2026-09-08T16:12:38.458+01:00 INFO : Filtering template 63/384 segment 3/5
2026-09-08T16:12:38.495+01:00 INFO : 2 points above threshold
2026-09-08T16:12:38.503+01:00 INFO : Filtering template 63/384 segment 4/5
2026-09-08T16:12:38.540+01:00 INFO : Filtering template 63/384 segment 5/5
2026-09-08T16:12:38.577+01:00 INFO : 1 points above threshold
2026-09-08T16:12:38.583+01:00 INFO : 63: generating IMRPhenomD from 30.0 Hz
2026-09-08T16:12:38.585+01:00 INFO : Decompressing waveform using inline_linear
2026-09-08T16:12:38.590+01:00 INFO : Filtering template 64/384 segment 1/5
2026-09-08T16:12:38.631+01:00 INFO : 2 points above threshold
2026-09-08T16:12:38.645+01:00 INFO : Filtering template 64/384 segment 2/5
2026-09-08T16:12:38.682+01:00 INFO : 2 points above threshold
2026-09-08T16:12:38.690+01:00 INFO : Filtering template 64/384 segment 3/5
2026-09-08T16:12:38.727+01:00 INFO : Filtering template 64/384 segment 4/5
2026-09-08T16:12:38.764+01:00 INFO : 4 points above threshold
2026-09-08T16:12:38.773+01:00 INFO : Filtering template 64/384 segment 5/5
2026-09-08T16:12:38.810+01:00 INFO : 1 points above threshold
2026-09-08T16:12:38.816+01:00 INFO : 64: generating IMRPhenomD from 30.0 Hz
2026-09-08T16:12:38.819+01:00 INFO : Decompressing waveform using inline_linear
2026-09-08T16:12:38.824+01:00 INFO : Filtering template 65/384 segment 1/5
2026-09-08T16:12:38.864+01:00 INFO : 2 points above threshold
2026-09-08T16:12:38.878+01:00 INFO : Filtering template 65/384 segment 2/5
2026-09-08T16:12:38.916+01:00 INFO : 1 points above threshold
2026-09-08T16:12:38.922+01:00 INFO : Filtering template 65/384 segment 3/5
2026-09-08T16:12:38.959+01:00 INFO : 1 points above threshold
2026-09-08T16:12:38.965+01:00 INFO : Filtering template 65/384 segment 4/5
2026-09-08T16:12:39.002+01:00 INFO : 1 points above threshold
2026-09-08T16:12:39.008+01:00 INFO : Filtering template 65/384 segment 5/5
2026-09-08T16:12:39.045+01:00 INFO : 1 points above threshold
2026-09-08T16:12:39.051+01:00 INFO : 65: generating IMRPhenomD from 30.0 Hz
2026-09-08T16:12:39.054+01:00 INFO : Decompressing waveform using inline_linear
2026-09-08T16:12:39.059+01:00 INFO : Filtering template 66/384 segment 1/5
2026-09-08T16:12:39.099+01:00 INFO : Filtering template 66/384 segment 2/5
2026-09-08T16:12:39.136+01:00 INFO : 2 points above threshold
2026-09-08T16:12:39.150+01:00 INFO : Filtering template 66/384 segment 3/5
2026-09-08T16:12:39.187+01:00 INFO : 1 points above threshold
2026-09-08T16:12:39.193+01:00 INFO : Filtering template 66/384 segment 4/5
2026-09-08T16:12:39.230+01:00 INFO : 1 points above threshold
2026-09-08T16:12:39.236+01:00 INFO : Filtering template 66/384 segment 5/5
2026-09-08T16:12:39.273+01:00 INFO : 1 points above threshold
2026-09-08T16:12:39.279+01:00 INFO : 66: generating IMRPhenomD from 30.0 Hz
2026-09-08T16:12:39.282+01:00 INFO : Decompressing waveform using inline_linear
2026-09-08T16:12:39.287+01:00 INFO : Filtering template 67/384 segment 1/5
2026-09-08T16:12:39.327+01:00 INFO : 1 points above threshold
2026-09-08T16:12:39.339+01:00 INFO : Filtering template 67/384 segment 2/5
2026-09-08T16:12:39.376+01:00 INFO : 1 points above threshold
2026-09-08T16:12:39.382+01:00 INFO : Filtering template 67/384 segment 3/5
2026-09-08T16:12:39.419+01:00 INFO : 2 points above threshold
2026-09-08T16:12:39.426+01:00 INFO : Filtering template 67/384 segment 4/5
2026-09-08T16:12:39.463+01:00 INFO : 1 points above threshold
2026-09-08T16:12:39.470+01:00 INFO : Filtering template 67/384 segment 5/5
2026-09-08T16:12:39.507+01:00 INFO : 1 points above threshold
2026-09-08T16:12:39.513+01:00 INFO : 67: generating IMRPhenomD from 30.0 Hz
2026-09-08T16:12:39.515+01:00 INFO : Decompressing waveform using inline_linear
2026-09-08T16:12:39.520+01:00 INFO : Filtering template 68/384 segment 1/5
2026-09-08T16:12:39.561+01:00 INFO : 2 points above threshold
2026-09-08T16:12:39.575+01:00 INFO : Filtering template 68/384 segment 2/5
2026-09-08T16:12:39.612+01:00 INFO : 1 points above threshold
2026-09-08T16:12:39.618+01:00 INFO : Filtering template 68/384 segment 3/5
2026-09-08T16:12:39.655+01:00 INFO : Filtering template 68/384 segment 4/5
2026-09-08T16:12:39.692+01:00 INFO : 2 points above threshold
2026-09-08T16:12:39.700+01:00 INFO : Filtering template 68/384 segment 5/5
2026-09-08T16:12:39.737+01:00 INFO : 1 points above threshold
2026-09-08T16:12:39.743+01:00 INFO : 68: generating IMRPhenomD from 30.0 Hz
2026-09-08T16:12:39.746+01:00 INFO : Decompressing waveform using inline_linear
2026-09-08T16:12:39.750+01:00 INFO : Filtering template 69/384 segment 1/5
2026-09-08T16:12:39.791+01:00 INFO : 1 points above threshold
2026-09-08T16:12:39.803+01:00 INFO : Filtering template 69/384 segment 2/5
2026-09-08T16:12:39.840+01:00 INFO : 1 points above threshold
2026-09-08T16:12:39.846+01:00 INFO : Filtering template 69/384 segment 3/5
2026-09-08T16:12:39.884+01:00 INFO : 1 points above threshold
2026-09-08T16:12:39.889+01:00 INFO : Filtering template 69/384 segment 4/5
2026-09-08T16:12:39.927+01:00 INFO : Filtering template 69/384 segment 5/5
2026-09-08T16:12:39.964+01:00 INFO : 1 points above threshold
2026-09-08T16:12:39.970+01:00 INFO : 69: generating IMRPhenomD from 30.0 Hz
2026-09-08T16:12:39.973+01:00 INFO : Decompressing waveform using inline_linear
2026-09-08T16:12:39.977+01:00 INFO : Filtering template 70/384 segment 1/5
2026-09-08T16:12:40.018+01:00 INFO : Filtering template 70/384 segment 2/5
2026-09-08T16:12:40.055+01:00 INFO : Filtering template 70/384 segment 3/5
2026-09-08T16:12:40.092+01:00 INFO : 1 points above threshold
2026-09-08T16:12:40.104+01:00 INFO : Filtering template 70/384 segment 4/5
2026-09-08T16:12:40.141+01:00 INFO : 1 points above threshold
2026-09-08T16:12:40.147+01:00 INFO : Filtering template 70/384 segment 5/5
2026-09-08T16:12:40.184+01:00 INFO : 1 points above threshold
2026-09-08T16:12:40.190+01:00 INFO : 70: generating IMRPhenomD from 30.0 Hz
2026-09-08T16:12:40.193+01:00 INFO : Decompressing waveform using inline_linear
2026-09-08T16:12:40.198+01:00 INFO : Filtering template 71/384 segment 1/5
2026-09-08T16:12:40.238+01:00 INFO : 1 points above threshold
2026-09-08T16:12:40.250+01:00 INFO : Filtering template 71/384 segment 2/5
2026-09-08T16:12:40.287+01:00 INFO : 1 points above threshold
2026-09-08T16:12:40.293+01:00 INFO : Filtering template 71/384 segment 3/5
2026-09-08T16:12:40.330+01:00 INFO : 1 points above threshold
2026-09-08T16:12:40.336+01:00 INFO : Filtering template 71/384 segment 4/5
2026-09-08T16:12:40.373+01:00 INFO : 3 points above threshold
2026-09-08T16:12:40.383+01:00 INFO : Filtering template 71/384 segment 5/5
2026-09-08T16:12:40.421+01:00 INFO : 71: generating IMRPhenomD from 30.0 Hz
2026-09-08T16:12:40.423+01:00 INFO : Decompressing waveform using inline_linear
2026-09-08T16:12:40.428+01:00 INFO : Filtering template 72/384 segment 1/5
2026-09-08T16:12:40.468+01:00 INFO : 1 points above threshold
2026-09-08T16:12:40.480+01:00 INFO : Filtering template 72/384 segment 2/5
2026-09-08T16:12:40.517+01:00 INFO : 2 points above threshold
2026-09-08T16:12:40.525+01:00 INFO : Filtering template 72/384 segment 3/5
2026-09-08T16:12:40.562+01:00 INFO : 1 points above threshold
2026-09-08T16:12:40.568+01:00 INFO : Filtering template 72/384 segment 4/5
2026-09-08T16:12:40.605+01:00 INFO : Filtering template 72/384 segment 5/5
2026-09-08T16:12:40.642+01:00 INFO : 1 points above threshold
2026-09-08T16:12:40.648+01:00 INFO : 72: generating IMRPhenomD from 30.0 Hz
2026-09-08T16:12:40.651+01:00 INFO : Decompressing waveform using inline_linear
2026-09-08T16:12:40.656+01:00 INFO : Filtering template 73/384 segment 1/5
2026-09-08T16:12:40.696+01:00 INFO : Filtering template 73/384 segment 2/5
2026-09-08T16:12:40.733+01:00 INFO : 1 points above threshold
2026-09-08T16:12:40.745+01:00 INFO : Filtering template 73/384 segment 3/5
2026-09-08T16:12:40.782+01:00 INFO : 2 points above threshold
2026-09-08T16:12:40.790+01:00 INFO : Filtering template 73/384 segment 4/5
2026-09-08T16:12:40.827+01:00 INFO : 1 points above threshold
2026-09-08T16:12:40.833+01:00 INFO : Filtering template 73/384 segment 5/5
2026-09-08T16:12:40.870+01:00 INFO : 2 points above threshold
2026-09-08T16:12:40.878+01:00 INFO : 73: generating IMRPhenomD from 30.0 Hz
2026-09-08T16:12:40.881+01:00 INFO : Decompressing waveform using inline_linear
2026-09-08T16:12:40.886+01:00 INFO : Filtering template 74/384 segment 1/5
2026-09-08T16:12:40.926+01:00 INFO : Filtering template 74/384 segment 2/5
2026-09-08T16:12:40.963+01:00 INFO : Filtering template 74/384 segment 3/5
2026-09-08T16:12:41.000+01:00 INFO : Filtering template 74/384 segment 4/5
2026-09-08T16:12:41.040+01:00 INFO : 1 points above threshold
2026-09-08T16:12:41.053+01:00 INFO : Filtering template 74/384 segment 5/5
2026-09-08T16:12:41.093+01:00 INFO : 1 points above threshold
2026-09-08T16:12:41.100+01:00 INFO : 74: generating IMRPhenomD from 30.0 Hz
2026-09-08T16:12:41.103+01:00 INFO : Decompressing waveform using inline_linear
2026-09-08T16:12:41.108+01:00 INFO : Filtering template 75/384 segment 1/5
2026-09-08T16:12:41.151+01:00 INFO : 3 points above threshold
2026-09-08T16:12:41.171+01:00 INFO : Filtering template 75/384 segment 2/5
2026-09-08T16:12:41.208+01:00 INFO : Filtering template 75/384 segment 3/5
2026-09-08T16:12:41.245+01:00 INFO : 1 points above threshold
2026-09-08T16:12:41.251+01:00 INFO : Filtering template 75/384 segment 4/5
2026-09-08T16:12:41.288+01:00 INFO : 2 points above threshold
2026-09-08T16:12:41.296+01:00 INFO : Filtering template 75/384 segment 5/5
2026-09-08T16:12:41.333+01:00 INFO : 75: generating IMRPhenomD from 30.0 Hz
2026-09-08T16:12:41.335+01:00 INFO : Decompressing waveform using inline_linear
2026-09-08T16:12:41.340+01:00 INFO : Filtering template 76/384 segment 1/5
2026-09-08T16:12:41.381+01:00 INFO : 2 points above threshold
2026-09-08T16:12:41.398+01:00 INFO : Filtering template 76/384 segment 2/5
2026-09-08T16:12:41.435+01:00 INFO : Filtering template 76/384 segment 3/5
2026-09-08T16:12:41.472+01:00 INFO : 1 points above threshold
2026-09-08T16:12:41.478+01:00 INFO : Filtering template 76/384 segment 4/5
2026-09-08T16:12:41.515+01:00 INFO : 2 points above threshold
2026-09-08T16:12:41.523+01:00 INFO : Filtering template 76/384 segment 5/5
2026-09-08T16:12:41.559+01:00 INFO : 2 points above threshold
2026-09-08T16:12:41.568+01:00 INFO : 76: generating IMRPhenomD from 30.0 Hz
2026-09-08T16:12:41.570+01:00 INFO : Decompressing waveform using inline_linear
2026-09-08T16:12:41.575+01:00 INFO : Filtering template 77/384 segment 1/5
2026-09-08T16:12:41.615+01:00 INFO : Filtering template 77/384 segment 2/5
2026-09-08T16:12:41.652+01:00 INFO : Filtering template 77/384 segment 3/5
2026-09-08T16:12:41.690+01:00 INFO : Filtering template 77/384 segment 4/5
2026-09-08T16:12:41.726+01:00 INFO : 2 points above threshold
2026-09-08T16:12:41.743+01:00 INFO : Filtering template 77/384 segment 5/5
2026-09-08T16:12:41.780+01:00 INFO : 77: generating IMRPhenomD from 30.0 Hz
2026-09-08T16:12:41.783+01:00 INFO : Decompressing waveform using inline_linear
2026-09-08T16:12:41.788+01:00 INFO : Filtering template 78/384 segment 1/5
2026-09-08T16:12:41.828+01:00 INFO : Filtering template 78/384 segment 2/5
2026-09-08T16:12:41.865+01:00 INFO : 1 points above threshold
2026-09-08T16:12:41.880+01:00 INFO : Filtering template 78/384 segment 3/5
2026-09-08T16:12:41.917+01:00 INFO : 2 points above threshold
2026-09-08T16:12:41.925+01:00 INFO : Filtering template 78/384 segment 4/5
2026-09-08T16:12:41.962+01:00 INFO : Filtering template 78/384 segment 5/5
2026-09-08T16:12:42.000+01:00 INFO : 2 points above threshold
2026-09-08T16:12:42.008+01:00 INFO : 78: generating IMRPhenomD from 30.0 Hz
2026-09-08T16:12:42.010+01:00 INFO : Decompressing waveform using inline_linear
2026-09-08T16:12:42.015+01:00 INFO : Filtering template 79/384 segment 1/5
2026-09-08T16:12:42.055+01:00 INFO : 4 points above threshold
2026-09-08T16:12:42.074+01:00 INFO : Filtering template 79/384 segment 2/5
2026-09-08T16:12:42.111+01:00 INFO : 1 points above threshold
2026-09-08T16:12:42.117+01:00 INFO : Filtering template 79/384 segment 3/5
2026-09-08T16:12:42.154+01:00 INFO : 1 points above threshold
2026-09-08T16:12:42.160+01:00 INFO : Filtering template 79/384 segment 4/5
2026-09-08T16:12:42.197+01:00 INFO : 1 points above threshold
2026-09-08T16:12:42.202+01:00 INFO : Filtering template 79/384 segment 5/5
2026-09-08T16:12:42.240+01:00 INFO : 79: generating IMRPhenomD from 30.0 Hz
2026-09-08T16:12:42.242+01:00 INFO : Decompressing waveform using inline_linear
2026-09-08T16:12:42.247+01:00 INFO : Filtering template 80/384 segment 1/5
2026-09-08T16:12:42.287+01:00 INFO : 1 points above threshold
2026-09-08T16:12:42.303+01:00 INFO : Filtering template 80/384 segment 2/5
2026-09-08T16:12:42.339+01:00 INFO : 1 points above threshold
2026-09-08T16:12:42.345+01:00 INFO : Filtering template 80/384 segment 3/5
2026-09-08T16:12:42.382+01:00 INFO : 1 points above threshold
2026-09-08T16:12:42.388+01:00 INFO : Filtering template 80/384 segment 4/5
2026-09-08T16:12:42.425+01:00 INFO : Filtering template 80/384 segment 5/5
2026-09-08T16:12:42.462+01:00 INFO : 1 points above threshold
2026-09-08T16:12:42.468+01:00 INFO : 80: generating IMRPhenomD from 30.0 Hz
2026-09-08T16:12:42.471+01:00 INFO : Decompressing waveform using inline_linear
2026-09-08T16:12:42.475+01:00 INFO : Filtering template 81/384 segment 1/5
2026-09-08T16:12:42.516+01:00 INFO : Filtering template 81/384 segment 2/5
2026-09-08T16:12:42.553+01:00 INFO : Filtering template 81/384 segment 3/5
2026-09-08T16:12:42.590+01:00 INFO : 1 points above threshold
2026-09-08T16:12:42.605+01:00 INFO : Filtering template 81/384 segment 4/5
2026-09-08T16:12:42.642+01:00 INFO : 1 points above threshold
2026-09-08T16:12:42.648+01:00 INFO : Filtering template 81/384 segment 5/5
2026-09-08T16:12:42.685+01:00 INFO : 81: generating IMRPhenomD from 30.0 Hz
2026-09-08T16:12:42.687+01:00 INFO : Decompressing waveform using inline_linear
2026-09-08T16:12:42.692+01:00 INFO : Filtering template 82/384 segment 1/5
2026-09-08T16:12:42.732+01:00 INFO : 1 points above threshold
2026-09-08T16:12:42.748+01:00 INFO : Filtering template 82/384 segment 2/5
2026-09-08T16:12:42.785+01:00 INFO : Filtering template 82/384 segment 3/5
2026-09-08T16:12:42.821+01:00 INFO : 1 points above threshold
2026-09-08T16:12:42.827+01:00 INFO : Filtering template 82/384 segment 4/5
2026-09-08T16:12:42.864+01:00 INFO : 2 points above threshold
2026-09-08T16:12:42.872+01:00 INFO : Filtering template 82/384 segment 5/5
2026-09-08T16:12:42.910+01:00 INFO : 82: generating IMRPhenomD from 30.0 Hz
2026-09-08T16:12:42.912+01:00 INFO : Decompressing waveform using inline_linear
2026-09-08T16:12:42.917+01:00 INFO : Filtering template 83/384 segment 1/5
2026-09-08T16:12:42.957+01:00 INFO : 2 points above threshold
2026-09-08T16:12:42.974+01:00 INFO : Filtering template 83/384 segment 2/5
2026-09-08T16:12:43.011+01:00 INFO : 1 points above threshold
2026-09-08T16:12:43.017+01:00 INFO : Filtering template 83/384 segment 3/5
2026-09-08T16:12:43.053+01:00 INFO : Filtering template 83/384 segment 4/5
2026-09-08T16:12:43.090+01:00 INFO : 3 points above threshold
2026-09-08T16:12:43.101+01:00 INFO : Filtering template 83/384 segment 5/5
2026-09-08T16:12:43.137+01:00 INFO : 3 points above threshold
2026-09-08T16:12:43.148+01:00 INFO : 83: generating IMRPhenomD from 30.0 Hz
2026-09-08T16:12:43.150+01:00 INFO : Decompressing waveform using inline_linear
2026-09-08T16:12:43.155+01:00 INFO : Filtering template 84/384 segment 1/5
2026-09-08T16:12:43.195+01:00 INFO : 1 points above threshold
2026-09-08T16:12:43.208+01:00 INFO : Filtering template 84/384 segment 2/5
2026-09-08T16:12:43.245+01:00 INFO : Filtering template 84/384 segment 3/5
2026-09-08T16:12:43.281+01:00 INFO : Filtering template 84/384 segment 4/5
2026-09-08T16:12:43.318+01:00 INFO : 2 points above threshold
2026-09-08T16:12:43.326+01:00 INFO : Filtering template 84/384 segment 5/5
2026-09-08T16:12:43.363+01:00 INFO : 1 points above threshold
2026-09-08T16:12:43.369+01:00 INFO : 84: generating IMRPhenomD from 30.0 Hz
2026-09-08T16:12:43.372+01:00 INFO : Decompressing waveform using inline_linear
2026-09-08T16:12:43.377+01:00 INFO : Filtering template 85/384 segment 1/5
2026-09-08T16:12:43.417+01:00 INFO : 1 points above threshold
2026-09-08T16:12:43.429+01:00 INFO : Filtering template 85/384 segment 2/5
2026-09-08T16:12:43.466+01:00 INFO : 2 points above threshold
2026-09-08T16:12:43.474+01:00 INFO : Filtering template 85/384 segment 3/5
2026-09-08T16:12:43.511+01:00 INFO : Filtering template 85/384 segment 4/5
2026-09-08T16:12:43.548+01:00 INFO : 1 points above threshold
2026-09-08T16:12:43.554+01:00 INFO : Filtering template 85/384 segment 5/5
2026-09-08T16:12:43.591+01:00 INFO : 2 points above threshold
2026-09-08T16:12:43.599+01:00 INFO : 85: generating IMRPhenomD from 30.0 Hz
2026-09-08T16:12:43.602+01:00 INFO : Decompressing waveform using inline_linear
2026-09-08T16:12:43.606+01:00 INFO : Filtering template 86/384 segment 1/5
2026-09-08T16:12:43.647+01:00 INFO : 3 points above threshold
2026-09-08T16:12:43.663+01:00 INFO : Filtering template 86/384 segment 2/5
2026-09-08T16:12:43.700+01:00 INFO : 2 points above threshold
2026-09-08T16:12:43.708+01:00 INFO : Filtering template 86/384 segment 3/5
2026-09-08T16:12:43.745+01:00 INFO : Filtering template 86/384 segment 4/5
2026-09-08T16:12:43.782+01:00 INFO : Filtering template 86/384 segment 5/5
2026-09-08T16:12:43.819+01:00 INFO : 86: generating IMRPhenomD from 30.0 Hz
2026-09-08T16:12:43.822+01:00 INFO : Decompressing waveform using inline_linear
2026-09-08T16:12:43.827+01:00 INFO : Filtering template 87/384 segment 1/5
2026-09-08T16:12:43.867+01:00 INFO : 3 points above threshold
2026-09-08T16:12:43.883+01:00 INFO : Filtering template 87/384 segment 2/5
2026-09-08T16:12:43.920+01:00 INFO : 2 points above threshold
2026-09-08T16:12:43.928+01:00 INFO : Filtering template 87/384 segment 3/5
2026-09-08T16:12:43.965+01:00 INFO : 2 points above threshold
2026-09-08T16:12:43.973+01:00 INFO : Filtering template 87/384 segment 4/5
2026-09-08T16:12:44.010+01:00 INFO : 4 points above threshold
2026-09-08T16:12:44.019+01:00 INFO : Filtering template 87/384 segment 5/5
2026-09-08T16:12:44.056+01:00 INFO : 1 points above threshold
2026-09-08T16:12:44.062+01:00 INFO : 87: generating IMRPhenomD from 30.0 Hz
2026-09-08T16:12:44.065+01:00 INFO : Decompressing waveform using inline_linear
2026-09-08T16:12:44.069+01:00 INFO : Filtering template 88/384 segment 1/5
2026-09-08T16:12:44.110+01:00 INFO : 1 points above threshold
2026-09-08T16:12:44.122+01:00 INFO : Filtering template 88/384 segment 2/5
2026-09-08T16:12:44.159+01:00 INFO : 2 points above threshold
2026-09-08T16:12:44.167+01:00 INFO : Filtering template 88/384 segment 3/5
2026-09-08T16:12:44.204+01:00 INFO : Filtering template 88/384 segment 4/5
2026-09-08T16:12:44.241+01:00 INFO : Filtering template 88/384 segment 5/5
2026-09-08T16:12:44.278+01:00 INFO : 88: generating IMRPhenomD from 30.0 Hz
2026-09-08T16:12:44.281+01:00 INFO : Decompressing waveform using inline_linear
2026-09-08T16:12:44.286+01:00 INFO : Filtering template 89/384 segment 1/5
2026-09-08T16:12:44.326+01:00 INFO : 5 points above threshold
2026-09-08T16:12:44.344+01:00 INFO : Filtering template 89/384 segment 2/5
2026-09-08T16:12:44.381+01:00 INFO : 1 points above threshold
2026-09-08T16:12:44.387+01:00 INFO : Filtering template 89/384 segment 3/5
2026-09-08T16:12:44.424+01:00 INFO : 1 points above threshold
2026-09-08T16:12:44.430+01:00 INFO : Filtering template 89/384 segment 4/5
2026-09-08T16:12:44.467+01:00 INFO : 2 points above threshold
2026-09-08T16:12:44.475+01:00 INFO : Filtering template 89/384 segment 5/5
2026-09-08T16:12:44.512+01:00 INFO : 89: generating IMRPhenomD from 30.0 Hz
2026-09-08T16:12:44.515+01:00 INFO : Decompressing waveform using inline_linear
2026-09-08T16:12:44.520+01:00 INFO : Filtering template 90/384 segment 1/5
2026-09-08T16:12:44.560+01:00 INFO : Filtering template 90/384 segment 2/5
2026-09-08T16:12:44.597+01:00 INFO : 1 points above threshold
2026-09-08T16:12:44.609+01:00 INFO : Filtering template 90/384 segment 3/5
2026-09-08T16:12:44.646+01:00 INFO : Filtering template 90/384 segment 4/5
2026-09-08T16:12:44.683+01:00 INFO : 1 points above threshold
2026-09-08T16:12:44.689+01:00 INFO : Filtering template 90/384 segment 5/5
2026-09-08T16:12:44.726+01:00 INFO : 90: generating IMRPhenomD from 30.0 Hz
2026-09-08T16:12:44.729+01:00 INFO : Decompressing waveform using inline_linear
2026-09-08T16:12:44.734+01:00 INFO : Filtering template 91/384 segment 1/5
2026-09-08T16:12:44.774+01:00 INFO : Filtering template 91/384 segment 2/5
2026-09-08T16:12:44.812+01:00 INFO : 1 points above threshold
2026-09-08T16:12:44.824+01:00 INFO : Filtering template 91/384 segment 3/5
2026-09-08T16:12:44.861+01:00 INFO : 2 points above threshold
2026-09-08T16:12:44.869+01:00 INFO : Filtering template 91/384 segment 4/5
2026-09-08T16:12:44.906+01:00 INFO : 2 points above threshold
2026-09-08T16:12:44.913+01:00 INFO : Filtering template 91/384 segment 5/5
2026-09-08T16:12:44.950+01:00 INFO : 91: generating IMRPhenomD from 30.0 Hz
2026-09-08T16:12:44.953+01:00 INFO : Decompressing waveform using inline_linear
2026-09-08T16:12:44.958+01:00 INFO : Filtering template 92/384 segment 1/5
2026-09-08T16:12:44.998+01:00 INFO : Filtering template 92/384 segment 2/5
2026-09-08T16:12:45.035+01:00 INFO : Filtering template 92/384 segment 3/5
2026-09-08T16:12:45.072+01:00 INFO : Filtering template 92/384 segment 4/5
2026-09-08T16:12:45.109+01:00 INFO : Filtering template 92/384 segment 5/5
2026-09-08T16:12:45.146+01:00 INFO : 92: generating IMRPhenomD from 30.0 Hz
2026-09-08T16:12:45.148+01:00 INFO : Decompressing waveform using inline_linear
2026-09-08T16:12:45.153+01:00 INFO : Filtering template 93/384 segment 1/5
2026-09-08T16:12:45.194+01:00 INFO : 2 points above threshold
2026-09-08T16:12:45.208+01:00 INFO : Filtering template 93/384 segment 2/5
2026-09-08T16:12:45.245+01:00 INFO : 2 points above threshold
2026-09-08T16:12:45.254+01:00 INFO : Filtering template 93/384 segment 3/5
2026-09-08T16:12:45.291+01:00 INFO : Filtering template 93/384 segment 4/5
2026-09-08T16:12:45.328+01:00 INFO : Filtering template 93/384 segment 5/5
2026-09-08T16:12:45.364+01:00 INFO : 1 points above threshold
2026-09-08T16:12:45.371+01:00 INFO : 93: generating IMRPhenomD from 30.0 Hz
2026-09-08T16:12:45.373+01:00 INFO : Decompressing waveform using inline_linear
2026-09-08T16:12:45.378+01:00 INFO : Filtering template 94/384 segment 1/5
2026-09-08T16:12:45.418+01:00 INFO : 2 points above threshold
2026-09-08T16:12:45.432+01:00 INFO : Filtering template 94/384 segment 2/5
2026-09-08T16:12:45.469+01:00 INFO : 3 points above threshold
2026-09-08T16:12:45.479+01:00 INFO : Filtering template 94/384 segment 3/5
2026-09-08T16:12:45.516+01:00 INFO : 1 points above threshold
2026-09-08T16:12:45.522+01:00 INFO : Filtering template 94/384 segment 4/5
2026-09-08T16:12:45.559+01:00 INFO : 1 points above threshold
2026-09-08T16:12:45.565+01:00 INFO : Filtering template 94/384 segment 5/5
2026-09-08T16:12:45.602+01:00 INFO : 1 points above threshold
2026-09-08T16:12:45.608+01:00 INFO : 94: generating IMRPhenomD from 30.0 Hz
2026-09-08T16:12:45.610+01:00 INFO : Decompressing waveform using inline_linear
2026-09-08T16:12:45.615+01:00 INFO : Filtering template 95/384 segment 1/5
2026-09-08T16:12:45.656+01:00 INFO : 4 points above threshold
2026-09-08T16:12:45.671+01:00 INFO : Filtering template 95/384 segment 2/5
2026-09-08T16:12:45.708+01:00 INFO : 1 points above threshold
2026-09-08T16:12:45.714+01:00 INFO : Filtering template 95/384 segment 3/5
2026-09-08T16:12:45.751+01:00 INFO : Filtering template 95/384 segment 4/5
2026-09-08T16:12:45.788+01:00 INFO : Filtering template 95/384 segment 5/5
2026-09-08T16:12:45.825+01:00 INFO : 1 points above threshold
2026-09-08T16:12:45.831+01:00 INFO : 95: generating IMRPhenomD from 30.0 Hz
2026-09-08T16:12:45.834+01:00 INFO : Decompressing waveform using inline_linear
2026-09-08T16:12:45.839+01:00 INFO : Filtering template 96/384 segment 1/5
2026-09-08T16:12:45.879+01:00 INFO : Filtering template 96/384 segment 2/5
2026-09-08T16:12:45.916+01:00 INFO : Filtering template 96/384 segment 3/5
2026-09-08T16:12:45.953+01:00 INFO : Filtering template 96/384 segment 4/5
2026-09-08T16:12:45.990+01:00 INFO : Filtering template 96/384 segment 5/5
2026-09-08T16:12:46.027+01:00 INFO : 96: generating IMRPhenomD from 30.0 Hz
2026-09-08T16:12:46.030+01:00 INFO : Decompressing waveform using inline_linear
2026-09-08T16:12:46.034+01:00 INFO : Filtering template 97/384 segment 1/5
2026-09-08T16:12:46.075+01:00 INFO : 2 points above threshold
2026-09-08T16:12:46.089+01:00 INFO : Filtering template 97/384 segment 2/5
2026-09-08T16:12:46.127+01:00 INFO : Filtering template 97/384 segment 3/5
2026-09-08T16:12:46.168+01:00 INFO : Filtering template 97/384 segment 4/5
2026-09-08T16:12:46.211+01:00 INFO : 1 points above threshold
2026-09-08T16:12:46.217+01:00 INFO : Filtering template 97/384 segment 5/5
2026-09-08T16:12:46.255+01:00 INFO : 97: generating IMRPhenomD from 30.0 Hz
2026-09-08T16:12:46.257+01:00 INFO : Decompressing waveform using inline_linear
2026-09-08T16:12:46.262+01:00 INFO : Filtering template 98/384 segment 1/5
2026-09-08T16:12:46.304+01:00 INFO : 1 points above threshold
2026-09-08T16:12:46.319+01:00 INFO : Filtering template 98/384 segment 2/5
2026-09-08T16:12:46.356+01:00 INFO : 1 points above threshold
2026-09-08T16:12:46.362+01:00 INFO : Filtering template 98/384 segment 3/5
2026-09-08T16:12:46.399+01:00 INFO : 4 points above threshold
2026-09-08T16:12:46.408+01:00 INFO : Filtering template 98/384 segment 4/5
2026-09-08T16:12:46.445+01:00 INFO : 1 points above threshold
2026-09-08T16:12:46.451+01:00 INFO : Filtering template 98/384 segment 5/5
2026-09-08T16:12:46.488+01:00 INFO : 98: generating IMRPhenomD from 30.0 Hz
2026-09-08T16:12:46.491+01:00 INFO : Decompressing waveform using inline_linear
2026-09-08T16:12:46.496+01:00 INFO : Filtering template 99/384 segment 1/5
2026-09-08T16:12:46.536+01:00 INFO : 2 points above threshold
2026-09-08T16:12:46.553+01:00 INFO : Filtering template 99/384 segment 2/5
2026-09-08T16:12:46.590+01:00 INFO : 2 points above threshold
2026-09-08T16:12:46.598+01:00 INFO : Filtering template 99/384 segment 3/5
2026-09-08T16:12:46.635+01:00 INFO : 2 points above threshold
2026-09-08T16:12:46.643+01:00 INFO : Filtering template 99/384 segment 4/5
2026-09-08T16:12:46.679+01:00 INFO : 2 points above threshold
2026-09-08T16:12:46.687+01:00 INFO : Filtering template 99/384 segment 5/5
2026-09-08T16:12:46.724+01:00 INFO : 1 points above threshold
2026-09-08T16:12:46.730+01:00 INFO : 99: generating IMRPhenomD from 30.0 Hz
2026-09-08T16:12:46.733+01:00 INFO : Decompressing waveform using inline_linear
2026-09-08T16:12:46.738+01:00 INFO : Filtering template 100/384 segment 1/5
2026-09-08T16:12:46.778+01:00 INFO : 1 points above threshold
2026-09-08T16:12:46.793+01:00 INFO : Filtering template 100/384 segment 2/5
2026-09-08T16:12:46.830+01:00 INFO : 2 points above threshold
2026-09-08T16:12:46.838+01:00 INFO : Filtering template 100/384 segment 3/5
2026-09-08T16:12:46.875+01:00 INFO : Filtering template 100/384 segment 4/5
2026-09-08T16:12:46.912+01:00 INFO : Filtering template 100/384 segment 5/5
2026-09-08T16:12:46.949+01:00 INFO : 100: generating IMRPhenomD from 30.0 Hz
2026-09-08T16:12:46.952+01:00 INFO : Decompressing waveform using inline_linear
2026-09-08T16:12:46.957+01:00 INFO : Filtering template 101/384 segment 1/5
2026-09-08T16:12:46.997+01:00 INFO : Filtering template 101/384 segment 2/5
2026-09-08T16:12:47.034+01:00 INFO : 1 points above threshold
2026-09-08T16:12:47.049+01:00 INFO : Filtering template 101/384 segment 3/5
2026-09-08T16:12:47.086+01:00 INFO : Filtering template 101/384 segment 4/5
2026-09-08T16:12:47.123+01:00 INFO : 1 points above threshold
2026-09-08T16:12:47.129+01:00 INFO : Filtering template 101/384 segment 5/5
2026-09-08T16:12:47.166+01:00 INFO : 101: generating IMRPhenomD from 30.0 Hz
2026-09-08T16:12:47.168+01:00 INFO : Decompressing waveform using inline_linear
2026-09-08T16:12:47.173+01:00 INFO : Filtering template 102/384 segment 1/5
2026-09-08T16:12:47.214+01:00 INFO : 2 points above threshold
2026-09-08T16:12:47.230+01:00 INFO : Filtering template 102/384 segment 2/5
2026-09-08T16:12:47.267+01:00 INFO : 1 points above threshold
2026-09-08T16:12:47.273+01:00 INFO : Filtering template 102/384 segment 3/5
2026-09-08T16:12:47.310+01:00 INFO : Filtering template 102/384 segment 4/5
2026-09-08T16:12:47.347+01:00 INFO : 2 points above threshold
2026-09-08T16:12:47.355+01:00 INFO : Filtering template 102/384 segment 5/5
2026-09-08T16:12:47.392+01:00 INFO : 1 points above threshold
2026-09-08T16:12:47.398+01:00 INFO : 102: generating IMRPhenomD from 30.0 Hz
2026-09-08T16:12:47.400+01:00 INFO : Decompressing waveform using inline_linear
2026-09-08T16:12:47.405+01:00 INFO : Filtering template 103/384 segment 1/5
2026-09-08T16:12:47.445+01:00 INFO : Filtering template 103/384 segment 2/5
2026-09-08T16:12:47.482+01:00 INFO : 1 points above threshold
2026-09-08T16:12:47.497+01:00 INFO : Filtering template 103/384 segment 3/5
2026-09-08T16:12:47.534+01:00 INFO : 2 points above threshold
2026-09-08T16:12:47.543+01:00 INFO : Filtering template 103/384 segment 4/5
2026-09-08T16:12:47.580+01:00 INFO : Filtering template 103/384 segment 5/5
2026-09-08T16:12:47.617+01:00 INFO : 103: generating IMRPhenomD from 30.0 Hz
2026-09-08T16:12:47.619+01:00 INFO : Decompressing waveform using inline_linear
2026-09-08T16:12:47.624+01:00 INFO : Filtering template 104/384 segment 1/5
2026-09-08T16:12:47.665+01:00 INFO : 1 points above threshold
2026-09-08T16:12:47.677+01:00 INFO : Filtering template 104/384 segment 2/5
2026-09-08T16:12:47.714+01:00 INFO : Filtering template 104/384 segment 3/5
2026-09-08T16:12:47.751+01:00 INFO : 2 points above threshold
2026-09-08T16:12:47.759+01:00 INFO : Filtering template 104/384 segment 4/5
2026-09-08T16:12:47.796+01:00 INFO : 1 points above threshold
2026-09-08T16:12:47.802+01:00 INFO : Filtering template 104/384 segment 5/5
2026-09-08T16:12:47.839+01:00 INFO : 104: generating IMRPhenomD from 30.0 Hz
2026-09-08T16:12:47.842+01:00 INFO : Decompressing waveform using inline_linear
2026-09-08T16:12:47.847+01:00 INFO : Filtering template 105/384 segment 1/5
2026-09-08T16:12:47.887+01:00 INFO : Filtering template 105/384 segment 2/5
2026-09-08T16:12:47.925+01:00 INFO : 2 points above threshold
2026-09-08T16:12:47.939+01:00 INFO : Filtering template 105/384 segment 3/5
2026-09-08T16:12:47.976+01:00 INFO : 1 points above threshold
2026-09-08T16:12:47.982+01:00 INFO : Filtering template 105/384 segment 4/5
2026-09-08T16:12:48.019+01:00 INFO : 7 points above threshold
2026-09-08T16:12:48.036+01:00 INFO : Filtering template 105/384 segment 5/5
2026-09-08T16:12:48.073+01:00 INFO : 105: generating IMRPhenomD from 30.0 Hz
2026-09-08T16:12:48.076+01:00 INFO : Decompressing waveform using inline_linear
2026-09-08T16:12:48.081+01:00 INFO : Filtering template 106/384 segment 1/5
2026-09-08T16:12:48.121+01:00 INFO : 2 points above threshold
2026-09-08T16:12:48.135+01:00 INFO : Filtering template 106/384 segment 2/5
2026-09-08T16:12:48.172+01:00 INFO : Filtering template 106/384 segment 3/5
2026-09-08T16:12:48.209+01:00 INFO : 1 points above threshold
2026-09-08T16:12:48.215+01:00 INFO : Filtering template 106/384 segment 4/5
2026-09-08T16:12:48.252+01:00 INFO : 1 points above threshold
2026-09-08T16:12:48.258+01:00 INFO : Filtering template 106/384 segment 5/5
2026-09-08T16:12:48.295+01:00 INFO : 1 points above threshold
2026-09-08T16:12:48.301+01:00 INFO : 106: generating IMRPhenomD from 30.0 Hz
2026-09-08T16:12:48.304+01:00 INFO : Decompressing waveform using inline_linear
2026-09-08T16:12:48.309+01:00 INFO : Filtering template 107/384 segment 1/5
2026-09-08T16:12:48.349+01:00 INFO : 2 points above threshold
2026-09-08T16:12:48.363+01:00 INFO : Filtering template 107/384 segment 2/5
2026-09-08T16:12:48.400+01:00 INFO : 1 points above threshold
2026-09-08T16:12:48.406+01:00 INFO : Filtering template 107/384 segment 3/5
2026-09-08T16:12:48.443+01:00 INFO : Filtering template 107/384 segment 4/5
2026-09-08T16:12:48.480+01:00 INFO : Filtering template 107/384 segment 5/5
2026-09-08T16:12:48.517+01:00 INFO : 107: generating IMRPhenomD from 30.0 Hz
2026-09-08T16:12:48.520+01:00 INFO : Decompressing waveform using inline_linear
2026-09-08T16:12:48.525+01:00 INFO : Filtering template 108/384 segment 1/5
2026-09-08T16:12:48.565+01:00 INFO : 1 points above threshold
2026-09-08T16:12:48.578+01:00 INFO : Filtering template 108/384 segment 2/5
2026-09-08T16:12:48.615+01:00 INFO : 1 points above threshold
2026-09-08T16:12:48.621+01:00 INFO : Filtering template 108/384 segment 3/5
2026-09-08T16:12:48.657+01:00 INFO : Filtering template 108/384 segment 4/5
2026-09-08T16:12:48.694+01:00 INFO : 4 points above threshold
2026-09-08T16:12:48.704+01:00 INFO : Filtering template 108/384 segment 5/5
2026-09-08T16:12:48.741+01:00 INFO : 108: generating IMRPhenomD from 30.0 Hz
2026-09-08T16:12:48.744+01:00 INFO : Decompressing waveform using inline_linear
2026-09-08T16:12:48.748+01:00 INFO : Filtering template 109/384 segment 1/5
2026-09-08T16:12:48.789+01:00 INFO : 2 points above threshold
2026-09-08T16:12:48.803+01:00 INFO : Filtering template 109/384 segment 2/5
2026-09-08T16:12:48.840+01:00 INFO : Filtering template 109/384 segment 3/5
2026-09-08T16:12:48.877+01:00 INFO : Filtering template 109/384 segment 4/5
2026-09-08T16:12:48.915+01:00 INFO : Filtering template 109/384 segment 5/5
2026-09-08T16:12:48.952+01:00 INFO : 3 points above threshold
2026-09-08T16:12:48.962+01:00 INFO : 109: generating IMRPhenomD from 30.0 Hz
2026-09-08T16:12:48.965+01:00 INFO : Decompressing waveform using inline_linear
2026-09-08T16:12:48.970+01:00 INFO : Filtering template 110/384 segment 1/5
2026-09-08T16:12:49.010+01:00 INFO : 1 points above threshold
2026-09-08T16:12:49.022+01:00 INFO : Filtering template 110/384 segment 2/5
2026-09-08T16:12:49.059+01:00 INFO : Filtering template 110/384 segment 3/5
2026-09-08T16:12:49.096+01:00 INFO : 1 points above threshold
2026-09-08T16:12:49.102+01:00 INFO : Filtering template 110/384 segment 4/5
2026-09-08T16:12:49.139+01:00 INFO : 2 points above threshold
2026-09-08T16:12:49.147+01:00 INFO : Filtering template 110/384 segment 5/5
2026-09-08T16:12:49.184+01:00 INFO : 110: generating IMRPhenomD from 30.0 Hz
2026-09-08T16:12:49.187+01:00 INFO : Decompressing waveform using inline_linear
2026-09-08T16:12:49.192+01:00 INFO : Filtering template 111/384 segment 1/5
2026-09-08T16:12:49.232+01:00 INFO : Filtering template 111/384 segment 2/5
2026-09-08T16:12:49.269+01:00 INFO : 1 points above threshold
2026-09-08T16:12:49.281+01:00 INFO : Filtering template 111/384 segment 3/5
2026-09-08T16:12:49.318+01:00 INFO : 1 points above threshold
2026-09-08T16:12:49.324+01:00 INFO : Filtering template 111/384 segment 4/5
2026-09-08T16:12:49.361+01:00 INFO : Filtering template 111/384 segment 5/5
2026-09-08T16:12:49.398+01:00 INFO : 111: generating IMRPhenomD from 30.0 Hz
2026-09-08T16:12:49.401+01:00 INFO : Decompressing waveform using inline_linear
2026-09-08T16:12:49.406+01:00 INFO : Filtering template 112/384 segment 1/5
2026-09-08T16:12:49.446+01:00 INFO : 4 points above threshold
2026-09-08T16:12:49.462+01:00 INFO : Filtering template 112/384 segment 2/5
2026-09-08T16:12:49.499+01:00 INFO : Filtering template 112/384 segment 3/5
2026-09-08T16:12:49.536+01:00 INFO : 1 points above threshold
2026-09-08T16:12:49.542+01:00 INFO : Filtering template 112/384 segment 4/5
2026-09-08T16:12:49.579+01:00 INFO : 2 points above threshold
2026-09-08T16:12:49.586+01:00 INFO : Filtering template 112/384 segment 5/5
2026-09-08T16:12:49.623+01:00 INFO : 2 points above threshold
2026-09-08T16:12:49.632+01:00 INFO : 112: generating IMRPhenomD from 30.0 Hz
2026-09-08T16:12:49.634+01:00 INFO : Decompressing waveform using inline_linear
2026-09-08T16:12:49.639+01:00 INFO : Filtering template 113/384 segment 1/5
2026-09-08T16:12:49.679+01:00 INFO : 2 points above threshold
2026-09-08T16:12:49.693+01:00 INFO : Filtering template 113/384 segment 2/5
2026-09-08T16:12:49.730+01:00 INFO : 3 points above threshold
2026-09-08T16:12:49.740+01:00 INFO : Filtering template 113/384 segment 3/5
2026-09-08T16:12:49.778+01:00 INFO : Filtering template 113/384 segment 4/5
2026-09-08T16:12:49.815+01:00 INFO : Filtering template 113/384 segment 5/5
2026-09-08T16:12:49.852+01:00 INFO : 113: generating IMRPhenomD from 30.0 Hz
2026-09-08T16:12:49.855+01:00 INFO : Decompressing waveform using inline_linear
2026-09-08T16:12:49.860+01:00 INFO : Filtering template 114/384 segment 1/5
2026-09-08T16:12:49.900+01:00 INFO : 1 points above threshold
2026-09-08T16:12:49.912+01:00 INFO : Filtering template 114/384 segment 2/5
2026-09-08T16:12:49.949+01:00 INFO : Filtering template 114/384 segment 3/5
2026-09-08T16:12:49.986+01:00 INFO : 1 points above threshold
2026-09-08T16:12:49.992+01:00 INFO : Filtering template 114/384 segment 4/5
2026-09-08T16:12:50.029+01:00 INFO : 1 points above threshold
2026-09-08T16:12:50.035+01:00 INFO : Filtering template 114/384 segment 5/5
2026-09-08T16:12:50.073+01:00 INFO : 1 points above threshold
2026-09-08T16:12:50.079+01:00 INFO : 114: generating IMRPhenomD from 30.0 Hz
2026-09-08T16:12:50.081+01:00 INFO : Decompressing waveform using inline_linear
2026-09-08T16:12:50.087+01:00 INFO : Filtering template 115/384 segment 1/5
2026-09-08T16:12:50.127+01:00 INFO : 4 points above threshold
2026-09-08T16:12:50.143+01:00 INFO : Filtering template 115/384 segment 2/5
2026-09-08T16:12:50.180+01:00 INFO : 1 points above threshold
2026-09-08T16:12:50.186+01:00 INFO : Filtering template 115/384 segment 3/5
2026-09-08T16:12:50.223+01:00 INFO : Filtering template 115/384 segment 4/5
2026-09-08T16:12:50.260+01:00 INFO : 2 points above threshold
2026-09-08T16:12:50.268+01:00 INFO : Filtering template 115/384 segment 5/5
2026-09-08T16:12:50.305+01:00 INFO : 115: generating IMRPhenomD from 30.0 Hz
2026-09-08T16:12:50.307+01:00 INFO : Decompressing waveform using inline_linear
2026-09-08T16:12:50.312+01:00 INFO : Filtering template 116/384 segment 1/5
2026-09-08T16:12:50.353+01:00 INFO : Filtering template 116/384 segment 2/5
2026-09-08T16:12:50.390+01:00 INFO : 2 points above threshold
2026-09-08T16:12:50.404+01:00 INFO : Filtering template 116/384 segment 3/5
2026-09-08T16:12:50.441+01:00 INFO : 1 points above threshold
2026-09-08T16:12:50.446+01:00 INFO : Filtering template 116/384 segment 4/5
2026-09-08T16:12:50.483+01:00 INFO : 2 points above threshold
2026-09-08T16:12:50.491+01:00 INFO : Filtering template 116/384 segment 5/5
2026-09-08T16:12:50.528+01:00 INFO : 1 points above threshold
2026-09-08T16:12:50.534+01:00 INFO : 116: generating IMRPhenomD from 30.0 Hz
2026-09-08T16:12:50.537+01:00 INFO : Decompressing waveform using inline_linear
2026-09-08T16:12:50.542+01:00 INFO : Filtering template 117/384 segment 1/5
2026-09-08T16:12:50.582+01:00 INFO : Filtering template 117/384 segment 2/5
2026-09-08T16:12:50.619+01:00 INFO : Filtering template 117/384 segment 3/5
2026-09-08T16:12:50.656+01:00 INFO : 3 points above threshold
2026-09-08T16:12:50.672+01:00 INFO : Filtering template 117/384 segment 4/5
2026-09-08T16:12:50.709+01:00 INFO : 2 points above threshold
2026-09-08T16:12:50.717+01:00 INFO : Filtering template 117/384 segment 5/5
2026-09-08T16:12:50.754+01:00 INFO : 1 points above threshold
2026-09-08T16:12:50.760+01:00 INFO : 117: generating IMRPhenomD from 30.0 Hz
2026-09-08T16:12:50.762+01:00 INFO : Decompressing waveform using inline_linear
2026-09-08T16:12:50.767+01:00 INFO : Filtering template 118/384 segment 1/5
2026-09-08T16:12:50.807+01:00 INFO : 1 points above threshold
2026-09-08T16:12:50.819+01:00 INFO : Filtering template 118/384 segment 2/5
2026-09-08T16:12:50.856+01:00 INFO : Filtering template 118/384 segment 3/5
2026-09-08T16:12:50.894+01:00 INFO : 3 points above threshold
2026-09-08T16:12:50.904+01:00 INFO : Filtering template 118/384 segment 4/5
2026-09-08T16:12:50.941+01:00 INFO : 2 points above threshold
2026-09-08T16:12:50.949+01:00 INFO : Filtering template 118/384 segment 5/5
2026-09-08T16:12:50.986+01:00 INFO : 3 points above threshold
2026-09-08T16:12:50.996+01:00 INFO : 118: generating IMRPhenomD from 30.0 Hz
2026-09-08T16:12:50.999+01:00 INFO : Decompressing waveform using inline_linear
2026-09-08T16:12:51.004+01:00 INFO : Filtering template 119/384 segment 1/5
2026-09-08T16:12:51.044+01:00 INFO : 1 points above threshold
2026-09-08T16:12:51.056+01:00 INFO : Filtering template 119/384 segment 2/5
2026-09-08T16:12:51.093+01:00 INFO : Filtering template 119/384 segment 3/5
2026-09-08T16:12:51.130+01:00 INFO : Filtering template 119/384 segment 4/5
2026-09-08T16:12:51.167+01:00 INFO : 3 points above threshold
2026-09-08T16:12:51.177+01:00 INFO : Filtering template 119/384 segment 5/5
2026-09-08T16:12:51.215+01:00 INFO : 1 points above threshold
2026-09-08T16:12:51.221+01:00 INFO : 119: generating IMRPhenomD from 30.0 Hz
2026-09-08T16:12:51.224+01:00 INFO : Decompressing waveform using inline_linear
2026-09-08T16:12:51.229+01:00 INFO : Filtering template 120/384 segment 1/5
2026-09-08T16:12:51.273+01:00 INFO : Filtering template 120/384 segment 2/5
2026-09-08T16:12:51.315+01:00 INFO : 1 points above threshold
2026-09-08T16:12:51.328+01:00 INFO : Filtering template 120/384 segment 3/5
2026-09-08T16:12:51.365+01:00 INFO : 1 points above threshold
2026-09-08T16:12:51.371+01:00 INFO : Filtering template 120/384 segment 4/5
2026-09-08T16:12:51.409+01:00 INFO : Filtering template 120/384 segment 5/5
2026-09-08T16:12:51.446+01:00 INFO : 120: generating IMRPhenomD from 30.0 Hz
2026-09-08T16:12:51.449+01:00 INFO : Decompressing waveform using inline_linear
2026-09-08T16:12:51.454+01:00 INFO : Filtering template 121/384 segment 1/5
2026-09-08T16:12:51.494+01:00 INFO : 4 points above threshold
2026-09-08T16:12:51.509+01:00 INFO : Filtering template 121/384 segment 2/5
2026-09-08T16:12:51.546+01:00 INFO : 2 points above threshold
2026-09-08T16:12:51.554+01:00 INFO : Filtering template 121/384 segment 3/5
2026-09-08T16:12:51.591+01:00 INFO : Filtering template 121/384 segment 4/5
2026-09-08T16:12:51.628+01:00 INFO : Filtering template 121/384 segment 5/5
2026-09-08T16:12:51.665+01:00 INFO : 121: generating IMRPhenomD from 30.0 Hz
2026-09-08T16:12:51.668+01:00 INFO : Decompressing waveform using inline_linear
2026-09-08T16:12:51.672+01:00 INFO : Filtering template 122/384 segment 1/5
2026-09-08T16:12:51.713+01:00 INFO : 1 points above threshold
2026-09-08T16:12:51.725+01:00 INFO : Filtering template 122/384 segment 2/5
2026-09-08T16:12:51.762+01:00 INFO : 1 points above threshold
2026-09-08T16:12:51.768+01:00 INFO : Filtering template 122/384 segment 3/5
2026-09-08T16:12:51.804+01:00 INFO : Filtering template 122/384 segment 4/5
2026-09-08T16:12:51.841+01:00 INFO : 1 points above threshold
2026-09-08T16:12:51.847+01:00 INFO : Filtering template 122/384 segment 5/5
2026-09-08T16:12:51.884+01:00 INFO : 1 points above threshold
2026-09-08T16:12:51.891+01:00 INFO : 122: generating IMRPhenomD from 30.0 Hz
2026-09-08T16:12:51.893+01:00 INFO : Decompressing waveform using inline_linear
2026-09-08T16:12:51.898+01:00 INFO : Filtering template 123/384 segment 1/5
2026-09-08T16:12:51.939+01:00 INFO : 5 points above threshold
2026-09-08T16:12:51.958+01:00 INFO : Filtering template 123/384 segment 2/5
2026-09-08T16:12:51.995+01:00 INFO : 4 points above threshold
2026-09-08T16:12:52.004+01:00 INFO : Filtering template 123/384 segment 3/5
2026-09-08T16:12:52.041+01:00 INFO : 2 points above threshold
2026-09-08T16:12:52.049+01:00 INFO : Filtering template 123/384 segment 4/5
2026-09-08T16:12:52.086+01:00 INFO : Filtering template 123/384 segment 5/5
2026-09-08T16:12:52.123+01:00 INFO : 1 points above threshold
2026-09-08T16:12:52.130+01:00 INFO : 123: generating IMRPhenomD from 30.0 Hz
2026-09-08T16:12:52.133+01:00 INFO : Decompressing waveform using inline_linear
2026-09-08T16:12:52.138+01:00 INFO : Filtering template 124/384 segment 1/5
2026-09-08T16:12:52.178+01:00 INFO : 4 points above threshold
2026-09-08T16:12:52.194+01:00 INFO : Filtering template 124/384 segment 2/5
2026-09-08T16:12:52.231+01:00 INFO : 2 points above threshold
2026-09-08T16:12:52.239+01:00 INFO : Filtering template 124/384 segment 3/5
2026-09-08T16:12:52.276+01:00 INFO : 1 points above threshold
2026-09-08T16:12:52.282+01:00 INFO : Filtering template 124/384 segment 4/5
2026-09-08T16:12:52.318+01:00 INFO : 1 points above threshold
2026-09-08T16:12:52.324+01:00 INFO : Filtering template 124/384 segment 5/5
2026-09-08T16:12:52.361+01:00 INFO : 2 points above threshold
2026-09-08T16:12:52.370+01:00 INFO : 124: generating IMRPhenomD from 30.0 Hz
2026-09-08T16:12:52.372+01:00 INFO : Decompressing waveform using inline_linear
2026-09-08T16:12:52.377+01:00 INFO : Filtering template 125/384 segment 1/5
2026-09-08T16:12:52.417+01:00 INFO : 3 points above threshold
2026-09-08T16:12:52.433+01:00 INFO : Filtering template 125/384 segment 2/5
2026-09-08T16:12:52.470+01:00 INFO : Filtering template 125/384 segment 3/5
2026-09-08T16:12:52.507+01:00 INFO : 1 points above threshold
2026-09-08T16:12:52.513+01:00 INFO : Filtering template 125/384 segment 4/5
2026-09-08T16:12:52.550+01:00 INFO : 2 points above threshold
2026-09-08T16:12:52.558+01:00 INFO : Filtering template 125/384 segment 5/5
2026-09-08T16:12:52.595+01:00 INFO : 125: generating IMRPhenomD from 30.0 Hz
2026-09-08T16:12:52.598+01:00 INFO : Decompressing waveform using inline_linear
2026-09-08T16:12:52.603+01:00 INFO : Filtering template 126/384 segment 1/5
2026-09-08T16:12:52.643+01:00 INFO : 1 points above threshold
2026-09-08T16:12:52.655+01:00 INFO : Filtering template 126/384 segment 2/5
2026-09-08T16:12:52.692+01:00 INFO : Filtering template 126/384 segment 3/5
2026-09-08T16:12:52.729+01:00 INFO : 2 points above threshold
2026-09-08T16:12:52.737+01:00 INFO : Filtering template 126/384 segment 4/5
2026-09-08T16:12:52.774+01:00 INFO : Filtering template 126/384 segment 5/5
2026-09-08T16:12:52.811+01:00 INFO : 126: generating IMRPhenomD from 30.0 Hz
2026-09-08T16:12:52.814+01:00 INFO : Decompressing waveform using inline_linear
2026-09-08T16:12:52.819+01:00 INFO : Filtering template 127/384 segment 1/5
2026-09-08T16:12:52.859+01:00 INFO : 1 points above threshold
2026-09-08T16:12:52.871+01:00 INFO : Filtering template 127/384 segment 2/5
2026-09-08T16:12:52.909+01:00 INFO : 2 points above threshold
2026-09-08T16:12:52.916+01:00 INFO : Filtering template 127/384 segment 3/5
2026-09-08T16:12:52.953+01:00 INFO : 2 points above threshold
2026-09-08T16:12:52.961+01:00 INFO : Filtering template 127/384 segment 4/5
2026-09-08T16:12:52.998+01:00 INFO : 1 points above threshold
2026-09-08T16:12:53.004+01:00 INFO : Filtering template 127/384 segment 5/5
2026-09-08T16:12:53.041+01:00 INFO : 127: generating IMRPhenomD from 30.0 Hz
2026-09-08T16:12:53.044+01:00 INFO : Decompressing waveform using inline_linear
2026-09-08T16:12:53.049+01:00 INFO : Filtering template 128/384 segment 1/5
2026-09-08T16:12:53.089+01:00 INFO : 1 points above threshold
2026-09-08T16:12:53.101+01:00 INFO : Filtering template 128/384 segment 2/5
2026-09-08T16:12:53.138+01:00 INFO : 3 points above threshold
2026-09-08T16:12:53.148+01:00 INFO : Filtering template 128/384 segment 3/5
2026-09-08T16:12:53.185+01:00 INFO : 2 points above threshold
2026-09-08T16:12:53.193+01:00 INFO : Filtering template 128/384 segment 4/5
2026-09-08T16:12:53.230+01:00 INFO : Filtering template 128/384 segment 5/5
2026-09-08T16:12:53.267+01:00 INFO : 2 points above threshold
2026-09-08T16:12:53.275+01:00 INFO : 128: generating IMRPhenomD from 30.0 Hz
2026-09-08T16:12:53.277+01:00 INFO : Decompressing waveform using inline_linear
2026-09-08T16:12:53.282+01:00 INFO : Filtering template 129/384 segment 1/5
2026-09-08T16:12:53.323+01:00 INFO : 1 points above threshold
2026-09-08T16:12:53.335+01:00 INFO : Filtering template 129/384 segment 2/5
2026-09-08T16:12:53.372+01:00 INFO : Filtering template 129/384 segment 3/5
2026-09-08T16:12:53.409+01:00 INFO : 2 points above threshold
2026-09-08T16:12:53.417+01:00 INFO : Filtering template 129/384 segment 4/5
2026-09-08T16:12:53.454+01:00 INFO : Filtering template 129/384 segment 5/5
2026-09-08T16:12:53.491+01:00 INFO : 1 points above threshold
2026-09-08T16:12:53.497+01:00 INFO : 129: generating IMRPhenomD from 30.0 Hz
2026-09-08T16:12:53.500+01:00 INFO : Decompressing waveform using inline_linear
2026-09-08T16:12:53.505+01:00 INFO : Filtering template 130/384 segment 1/5
2026-09-08T16:12:53.545+01:00 INFO : 1 points above threshold
2026-09-08T16:12:53.557+01:00 INFO : Filtering template 130/384 segment 2/5
2026-09-08T16:12:53.594+01:00 INFO : 2 points above threshold
2026-09-08T16:12:53.602+01:00 INFO : Filtering template 130/384 segment 3/5
2026-09-08T16:12:53.639+01:00 INFO : 1 points above threshold
2026-09-08T16:12:53.645+01:00 INFO : Filtering template 130/384 segment 4/5
2026-09-08T16:12:53.682+01:00 INFO : 1 points above threshold
2026-09-08T16:12:53.688+01:00 INFO : Filtering template 130/384 segment 5/5
2026-09-08T16:12:53.725+01:00 INFO : 1 points above threshold
2026-09-08T16:12:53.731+01:00 INFO : 130: generating IMRPhenomD from 30.0 Hz
2026-09-08T16:12:53.734+01:00 INFO : Decompressing waveform using inline_linear
2026-09-08T16:12:53.738+01:00 INFO : Filtering template 131/384 segment 1/5
2026-09-08T16:12:53.779+01:00 INFO : 1 points above threshold
2026-09-08T16:12:53.791+01:00 INFO : Filtering template 131/384 segment 2/5
2026-09-08T16:12:53.828+01:00 INFO : 2 points above threshold
2026-09-08T16:12:53.835+01:00 INFO : Filtering template 131/384 segment 3/5
2026-09-08T16:12:53.872+01:00 INFO : Filtering template 131/384 segment 4/5
2026-09-08T16:12:53.910+01:00 INFO : 2 points above threshold
2026-09-08T16:12:53.918+01:00 INFO : Filtering template 131/384 segment 5/5
2026-09-08T16:12:53.955+01:00 INFO : 131: generating IMRPhenomD from 30.0 Hz
2026-09-08T16:12:53.958+01:00 INFO : Decompressing waveform using inline_linear
2026-09-08T16:12:53.963+01:00 INFO : Filtering template 132/384 segment 1/5
2026-09-08T16:12:54.003+01:00 INFO : 1 points above threshold
2026-09-08T16:12:54.015+01:00 INFO : Filtering template 132/384 segment 2/5
2026-09-08T16:12:54.053+01:00 INFO : Filtering template 132/384 segment 3/5
2026-09-08T16:12:54.090+01:00 INFO : Filtering template 132/384 segment 4/5
2026-09-08T16:12:54.127+01:00 INFO : 1 points above threshold
2026-09-08T16:12:54.133+01:00 INFO : Filtering template 132/384 segment 5/5
2026-09-08T16:12:54.170+01:00 INFO : 1 points above threshold
2026-09-08T16:12:54.176+01:00 INFO : 132: generating IMRPhenomD from 30.0 Hz
2026-09-08T16:12:54.178+01:00 INFO : Decompressing waveform using inline_linear
2026-09-08T16:12:54.183+01:00 INFO : Filtering template 133/384 segment 1/5
2026-09-08T16:12:54.224+01:00 INFO : 2 points above threshold
2026-09-08T16:12:54.239+01:00 INFO : Filtering template 133/384 segment 2/5
2026-09-08T16:12:54.275+01:00 INFO : Filtering template 133/384 segment 3/5
2026-09-08T16:12:54.312+01:00 INFO : 4 points above threshold
2026-09-08T16:12:54.322+01:00 INFO : Filtering template 133/384 segment 4/5
2026-09-08T16:12:54.359+01:00 INFO : 1 points above threshold
2026-09-08T16:12:54.365+01:00 INFO : Filtering template 133/384 segment 5/5
2026-09-08T16:12:54.402+01:00 INFO : 1 points above threshold
2026-09-08T16:12:54.408+01:00 INFO : 133: generating IMRPhenomD from 30.0 Hz
2026-09-08T16:12:54.411+01:00 INFO : Decompressing waveform using inline_linear
2026-09-08T16:12:54.416+01:00 INFO : Filtering template 134/384 segment 1/5
2026-09-08T16:12:54.456+01:00 INFO : 1 points above threshold
2026-09-08T16:12:54.468+01:00 INFO : Filtering template 134/384 segment 2/5
2026-09-08T16:12:54.505+01:00 INFO : Filtering template 134/384 segment 3/5
2026-09-08T16:12:54.542+01:00 INFO : 1 points above threshold
2026-09-08T16:12:54.548+01:00 INFO : Filtering template 134/384 segment 4/5
2026-09-08T16:12:54.585+01:00 INFO : 1 points above threshold
2026-09-08T16:12:54.591+01:00 INFO : Filtering template 134/384 segment 5/5
2026-09-08T16:12:54.628+01:00 INFO : 134: generating IMRPhenomD from 30.0 Hz
2026-09-08T16:12:54.630+01:00 INFO : Decompressing waveform using inline_linear
2026-09-08T16:12:54.635+01:00 INFO : Filtering template 135/384 segment 1/5
2026-09-08T16:12:54.676+01:00 INFO : 2 points above threshold
2026-09-08T16:12:54.690+01:00 INFO : Filtering template 135/384 segment 2/5
2026-09-08T16:12:54.727+01:00 INFO : 1 points above threshold
2026-09-08T16:12:54.733+01:00 INFO : Filtering template 135/384 segment 3/5
2026-09-08T16:12:54.770+01:00 INFO : Filtering template 135/384 segment 4/5
2026-09-08T16:12:54.807+01:00 INFO : 2 points above threshold
2026-09-08T16:12:54.815+01:00 INFO : Filtering template 135/384 segment 5/5
2026-09-08T16:12:54.852+01:00 INFO : 4 points above threshold
2026-09-08T16:12:54.863+01:00 INFO : 135: generating IMRPhenomD from 30.0 Hz
2026-09-08T16:12:54.865+01:00 INFO : Decompressing waveform using inline_linear
2026-09-08T16:12:54.870+01:00 INFO : Filtering template 136/384 segment 1/5
2026-09-08T16:12:54.910+01:00 INFO : 1 points above threshold
2026-09-08T16:12:54.923+01:00 INFO : Filtering template 136/384 segment 2/5
2026-09-08T16:12:54.960+01:00 INFO : 1 points above threshold
2026-09-08T16:12:54.965+01:00 INFO : Filtering template 136/384 segment 3/5
2026-09-08T16:12:55.002+01:00 INFO : 3 points above threshold
2026-09-08T16:12:55.012+01:00 INFO : Filtering template 136/384 segment 4/5
2026-09-08T16:12:55.049+01:00 INFO : Filtering template 136/384 segment 5/5
2026-09-08T16:12:55.086+01:00 INFO : 1 points above threshold
2026-09-08T16:12:55.093+01:00 INFO : 136: generating IMRPhenomD from 30.0 Hz
2026-09-08T16:12:55.095+01:00 INFO : Decompressing waveform using inline_linear
2026-09-08T16:12:55.100+01:00 INFO : Filtering template 137/384 segment 1/5
2026-09-08T16:12:55.140+01:00 INFO : 1 points above threshold
2026-09-08T16:12:55.153+01:00 INFO : Filtering template 137/384 segment 2/5
2026-09-08T16:12:55.190+01:00 INFO : Filtering template 137/384 segment 3/5
2026-09-08T16:12:55.227+01:00 INFO : 3 points above threshold
2026-09-08T16:12:55.237+01:00 INFO : Filtering template 137/384 segment 4/5
2026-09-08T16:12:55.274+01:00 INFO : Filtering template 137/384 segment 5/5
2026-09-08T16:12:55.311+01:00 INFO : 1 points above threshold
2026-09-08T16:12:55.317+01:00 INFO : 137: generating IMRPhenomD from 30.0 Hz
2026-09-08T16:12:55.319+01:00 INFO : Decompressing waveform using inline_linear
2026-09-08T16:12:55.324+01:00 INFO : Filtering template 138/384 segment 1/5
2026-09-08T16:12:55.365+01:00 INFO : 2 points above threshold
2026-09-08T16:12:55.379+01:00 INFO : Filtering template 138/384 segment 2/5
2026-09-08T16:12:55.416+01:00 INFO : 1 points above threshold
2026-09-08T16:12:55.422+01:00 INFO : Filtering template 138/384 segment 3/5
2026-09-08T16:12:55.459+01:00 INFO : Filtering template 138/384 segment 4/5
2026-09-08T16:12:55.496+01:00 INFO : Filtering template 138/384 segment 5/5
2026-09-08T16:12:55.533+01:00 INFO : 2 points above threshold
2026-09-08T16:12:55.541+01:00 INFO : 138: generating IMRPhenomD from 30.0 Hz
2026-09-08T16:12:55.544+01:00 INFO : Decompressing waveform using inline_linear
2026-09-08T16:12:55.549+01:00 INFO : Filtering template 139/384 segment 1/5
2026-09-08T16:12:55.589+01:00 INFO : Filtering template 139/384 segment 2/5
2026-09-08T16:12:55.626+01:00 INFO : Filtering template 139/384 segment 3/5
2026-09-08T16:12:55.663+01:00 INFO : 2 points above threshold
2026-09-08T16:12:55.677+01:00 INFO : Filtering template 139/384 segment 4/5
2026-09-08T16:12:55.714+01:00 INFO : Filtering template 139/384 segment 5/5
2026-09-08T16:12:55.751+01:00 INFO : 1 points above threshold
2026-09-08T16:12:55.757+01:00 INFO : 139: generating IMRPhenomD from 30.0 Hz
2026-09-08T16:12:55.759+01:00 INFO : Decompressing waveform using inline_linear
2026-09-08T16:12:55.764+01:00 INFO : Filtering template 140/384 segment 1/5
2026-09-08T16:12:55.805+01:00 INFO : 2 points above threshold
2026-09-08T16:12:55.819+01:00 INFO : Filtering template 140/384 segment 2/5
2026-09-08T16:12:55.856+01:00 INFO : 3 points above threshold
2026-09-08T16:12:55.866+01:00 INFO : Filtering template 140/384 segment 3/5
2026-09-08T16:12:55.903+01:00 INFO : 2 points above threshold
2026-09-08T16:12:55.911+01:00 INFO : Filtering template 140/384 segment 4/5
2026-09-08T16:12:55.947+01:00 INFO : 1 points above threshold
2026-09-08T16:12:55.953+01:00 INFO : Filtering template 140/384 segment 5/5
2026-09-08T16:12:55.990+01:00 INFO : 2 points above threshold
2026-09-08T16:12:55.999+01:00 INFO : 140: generating IMRPhenomD from 30.0 Hz
2026-09-08T16:12:56.001+01:00 INFO : Decompressing waveform using inline_linear
2026-09-08T16:12:56.006+01:00 INFO : Filtering template 141/384 segment 1/5
2026-09-08T16:12:56.047+01:00 INFO : 1 points above threshold
2026-09-08T16:12:56.059+01:00 INFO : Filtering template 141/384 segment 2/5
2026-09-08T16:12:56.096+01:00 INFO : 3 points above threshold
2026-09-08T16:12:56.106+01:00 INFO : Filtering template 141/384 segment 3/5
2026-09-08T16:12:56.143+01:00 INFO : Filtering template 141/384 segment 4/5
2026-09-08T16:12:56.179+01:00 INFO : 2 points above threshold
2026-09-08T16:12:56.187+01:00 INFO : Filtering template 141/384 segment 5/5
2026-09-08T16:12:56.225+01:00 INFO : 141: generating IMRPhenomD from 30.0 Hz
2026-09-08T16:12:56.227+01:00 INFO : Decompressing waveform using inline_linear
2026-09-08T16:12:56.232+01:00 INFO : Filtering template 142/384 segment 1/5
2026-09-08T16:12:56.272+01:00 INFO : 1 points above threshold
2026-09-08T16:12:56.285+01:00 INFO : Filtering template 142/384 segment 2/5
2026-09-08T16:12:56.323+01:00 INFO : 1 points above threshold
2026-09-08T16:12:56.329+01:00 INFO : Filtering template 142/384 segment 3/5
2026-09-08T16:12:56.368+01:00 INFO : 2 points above threshold
2026-09-08T16:12:56.377+01:00 INFO : Filtering template 142/384 segment 4/5
2026-09-08T16:12:56.420+01:00 INFO : 3 points above threshold
2026-09-08T16:12:56.430+01:00 INFO : Filtering template 142/384 segment 5/5
2026-09-08T16:12:56.467+01:00 INFO : 1 points above threshold
2026-09-08T16:12:56.473+01:00 INFO : 142: generating IMRPhenomD from 30.0 Hz
2026-09-08T16:12:56.476+01:00 INFO : Decompressing waveform using inline_linear
2026-09-08T16:12:56.481+01:00 INFO : Filtering template 143/384 segment 1/5
2026-09-08T16:12:56.522+01:00 INFO : 2 points above threshold
2026-09-08T16:12:56.536+01:00 INFO : Filtering template 143/384 segment 2/5
2026-09-08T16:12:56.573+01:00 INFO : Filtering template 143/384 segment 3/5
2026-09-08T16:12:56.610+01:00 INFO : Filtering template 143/384 segment 4/5
2026-09-08T16:12:56.647+01:00 INFO : 2 points above threshold
2026-09-08T16:12:56.655+01:00 INFO : Filtering template 143/384 segment 5/5
2026-09-08T16:12:56.693+01:00 INFO : 143: generating IMRPhenomD from 30.0 Hz
2026-09-08T16:12:56.695+01:00 INFO : Decompressing waveform using inline_linear
2026-09-08T16:12:56.700+01:00 INFO : Filtering template 144/384 segment 1/5
2026-09-08T16:12:56.741+01:00 INFO : 2 points above threshold
2026-09-08T16:12:56.755+01:00 INFO : Filtering template 144/384 segment 2/5
2026-09-08T16:12:56.792+01:00 INFO : 1 points above threshold
2026-09-08T16:12:56.798+01:00 INFO : Filtering template 144/384 segment 3/5
2026-09-08T16:12:56.835+01:00 INFO : 1 points above threshold
2026-09-08T16:12:56.841+01:00 INFO : Filtering template 144/384 segment 4/5
2026-09-08T16:12:56.878+01:00 INFO : 1 points above threshold
2026-09-08T16:12:56.884+01:00 INFO : Filtering template 144/384 segment 5/5
2026-09-08T16:12:56.921+01:00 INFO : 1 points above threshold
2026-09-08T16:12:56.927+01:00 INFO : 144: generating IMRPhenomD from 30.0 Hz
2026-09-08T16:12:56.930+01:00 INFO : Decompressing waveform using inline_linear
2026-09-08T16:12:56.935+01:00 INFO : Filtering template 145/384 segment 1/5
2026-09-08T16:12:56.975+01:00 INFO : 2 points above threshold
2026-09-08T16:12:56.989+01:00 INFO : Filtering template 145/384 segment 2/5
2026-09-08T16:12:57.026+01:00 INFO : 3 points above threshold
2026-09-08T16:12:57.036+01:00 INFO : Filtering template 145/384 segment 3/5
2026-09-08T16:12:57.073+01:00 INFO : 1 points above threshold
2026-09-08T16:12:57.079+01:00 INFO : Filtering template 145/384 segment 4/5
2026-09-08T16:12:57.116+01:00 INFO : Filtering template 145/384 segment 5/5
2026-09-08T16:12:57.154+01:00 INFO : 145: generating IMRPhenomD from 30.0 Hz
2026-09-08T16:12:57.156+01:00 INFO : Decompressing waveform using inline_linear
2026-09-08T16:12:57.161+01:00 INFO : Filtering template 146/384 segment 1/5
2026-09-08T16:12:57.201+01:00 INFO : 4 points above threshold
2026-09-08T16:12:57.217+01:00 INFO : Filtering template 146/384 segment 2/5
2026-09-08T16:12:57.254+01:00 INFO : Filtering template 146/384 segment 3/5
2026-09-08T16:12:57.291+01:00 INFO : 1 points above threshold
2026-09-08T16:12:57.297+01:00 INFO : Filtering template 146/384 segment 4/5
2026-09-08T16:12:57.334+01:00 INFO : 3 points above threshold
2026-09-08T16:12:57.344+01:00 INFO : Filtering template 146/384 segment 5/5
2026-09-08T16:12:57.381+01:00 INFO : 2 points above threshold
2026-09-08T16:12:57.389+01:00 INFO : 146: generating IMRPhenomD from 30.0 Hz
2026-09-08T16:12:57.392+01:00 INFO : Decompressing waveform using inline_linear
2026-09-08T16:12:57.397+01:00 INFO : Filtering template 147/384 segment 1/5
2026-09-08T16:12:57.437+01:00 INFO : 1 points above threshold
2026-09-08T16:12:57.449+01:00 INFO : Filtering template 147/384 segment 2/5
2026-09-08T16:12:57.486+01:00 INFO : Filtering template 147/384 segment 3/5
2026-09-08T16:12:57.523+01:00 INFO : 1 points above threshold
2026-09-08T16:12:57.529+01:00 INFO : Filtering template 147/384 segment 4/5
2026-09-08T16:12:57.566+01:00 INFO : Filtering template 147/384 segment 5/5
2026-09-08T16:12:57.604+01:00 INFO : 3 points above threshold
2026-09-08T16:12:57.614+01:00 INFO : 147: generating IMRPhenomD from 30.0 Hz
2026-09-08T16:12:57.617+01:00 INFO : Decompressing waveform using inline_linear
2026-09-08T16:12:57.621+01:00 INFO : Filtering template 148/384 segment 1/5
2026-09-08T16:12:57.662+01:00 INFO : 2 points above threshold
2026-09-08T16:12:57.676+01:00 INFO : Filtering template 148/384 segment 2/5
2026-09-08T16:12:57.712+01:00 INFO : 2 points above threshold
2026-09-08T16:12:57.720+01:00 INFO : Filtering template 148/384 segment 3/5
2026-09-08T16:12:57.757+01:00 INFO : 1 points above threshold
2026-09-08T16:12:57.763+01:00 INFO : Filtering template 148/384 segment 4/5
2026-09-08T16:12:57.800+01:00 INFO : Filtering template 148/384 segment 5/5
2026-09-08T16:12:57.838+01:00 INFO : 148: generating IMRPhenomD from 30.0 Hz
2026-09-08T16:12:57.840+01:00 INFO : Decompressing waveform using inline_linear
2026-09-08T16:12:57.845+01:00 INFO : Filtering template 149/384 segment 1/5
2026-09-08T16:12:57.886+01:00 INFO : Filtering template 149/384 segment 2/5
2026-09-08T16:12:57.923+01:00 INFO : 3 points above threshold
2026-09-08T16:12:57.939+01:00 INFO : Filtering template 149/384 segment 3/5
2026-09-08T16:12:57.976+01:00 INFO : 1 points above threshold
2026-09-08T16:12:57.982+01:00 INFO : Filtering template 149/384 segment 4/5
2026-09-08T16:12:58.019+01:00 INFO : Filtering template 149/384 segment 5/5
2026-09-08T16:12:58.056+01:00 INFO : 1 points above threshold
2026-09-08T16:12:58.062+01:00 INFO : 149: generating IMRPhenomD from 30.0 Hz
2026-09-08T16:12:58.065+01:00 INFO : Decompressing waveform using inline_linear
2026-09-08T16:12:58.070+01:00 INFO : Filtering template 150/384 segment 1/5
2026-09-08T16:12:58.110+01:00 INFO : 1 points above threshold
2026-09-08T16:12:58.122+01:00 INFO : Filtering template 150/384 segment 2/5
2026-09-08T16:12:58.159+01:00 INFO : Filtering template 150/384 segment 3/5
2026-09-08T16:12:58.196+01:00 INFO : 1 points above threshold
2026-09-08T16:12:58.202+01:00 INFO : Filtering template 150/384 segment 4/5
2026-09-08T16:12:58.239+01:00 INFO : 3 points above threshold
2026-09-08T16:12:58.249+01:00 INFO : Filtering template 150/384 segment 5/5
2026-09-08T16:12:58.286+01:00 INFO : 2 points above threshold
2026-09-08T16:12:58.294+01:00 INFO : 150: generating IMRPhenomD from 30.0 Hz
2026-09-08T16:12:58.297+01:00 INFO : Decompressing waveform using inline_linear
2026-09-08T16:12:58.302+01:00 INFO : Filtering template 151/384 segment 1/5
2026-09-08T16:12:58.342+01:00 INFO : 1 points above threshold
2026-09-08T16:12:58.354+01:00 INFO : Filtering template 151/384 segment 2/5
2026-09-08T16:12:58.391+01:00 INFO : 2 points above threshold
2026-09-08T16:12:58.399+01:00 INFO : Filtering template 151/384 segment 3/5
2026-09-08T16:12:58.436+01:00 INFO : Filtering template 151/384 segment 4/5
2026-09-08T16:12:58.473+01:00 INFO : Filtering template 151/384 segment 5/5
2026-09-08T16:12:58.510+01:00 INFO : 151: generating IMRPhenomD from 30.0 Hz
2026-09-08T16:12:58.513+01:00 INFO : Decompressing waveform using inline_linear
2026-09-08T16:12:58.518+01:00 INFO : Filtering template 152/384 segment 1/5
2026-09-08T16:12:58.558+01:00 INFO : 1 points above threshold
2026-09-08T16:12:58.570+01:00 INFO : Filtering template 152/384 segment 2/5
2026-09-08T16:12:58.607+01:00 INFO : 2 points above threshold
2026-09-08T16:12:58.615+01:00 INFO : Filtering template 152/384 segment 3/5
2026-09-08T16:12:58.652+01:00 INFO : 1 points above threshold
2026-09-08T16:12:58.658+01:00 INFO : Filtering template 152/384 segment 4/5
2026-09-08T16:12:58.695+01:00 INFO : Filtering template 152/384 segment 5/5
2026-09-08T16:12:58.732+01:00 INFO : 1 points above threshold
2026-09-08T16:12:58.738+01:00 INFO : 152: generating IMRPhenomD from 30.0 Hz
2026-09-08T16:12:58.741+01:00 INFO : Decompressing waveform using inline_linear
2026-09-08T16:12:58.746+01:00 INFO : Filtering template 153/384 segment 1/5
2026-09-08T16:12:58.786+01:00 INFO : 1 points above threshold
2026-09-08T16:12:58.798+01:00 INFO : Filtering template 153/384 segment 2/5
2026-09-08T16:12:58.835+01:00 INFO : 4 points above threshold
2026-09-08T16:12:58.845+01:00 INFO : Filtering template 153/384 segment 3/5
2026-09-08T16:12:58.881+01:00 INFO : 1 points above threshold
2026-09-08T16:12:58.887+01:00 INFO : Filtering template 153/384 segment 4/5
2026-09-08T16:12:58.925+01:00 INFO : Filtering template 153/384 segment 5/5
2026-09-08T16:12:58.962+01:00 INFO : 153: generating IMRPhenomD from 30.0 Hz
2026-09-08T16:12:58.965+01:00 INFO : Decompressing waveform using inline_linear
2026-09-08T16:12:58.970+01:00 INFO : Filtering template 154/384 segment 1/5
2026-09-08T16:12:59.010+01:00 INFO : 2 points above threshold
2026-09-08T16:12:59.024+01:00 INFO : Filtering template 154/384 segment 2/5
2026-09-08T16:12:59.061+01:00 INFO : 2 points above threshold
2026-09-08T16:12:59.069+01:00 INFO : Filtering template 154/384 segment 3/5
2026-09-08T16:12:59.106+01:00 INFO : Filtering template 154/384 segment 4/5
2026-09-08T16:12:59.142+01:00 INFO : 2 points above threshold
2026-09-08T16:12:59.150+01:00 INFO : Filtering template 154/384 segment 5/5
2026-09-08T16:12:59.188+01:00 INFO : 154: generating IMRPhenomD from 30.0 Hz
2026-09-08T16:12:59.190+01:00 INFO : Decompressing waveform using inline_linear
2026-09-08T16:12:59.195+01:00 INFO : Filtering template 155/384 segment 1/5
2026-09-08T16:12:59.235+01:00 INFO : Filtering template 155/384 segment 2/5
2026-09-08T16:12:59.272+01:00 INFO : 1 points above threshold
2026-09-08T16:12:59.284+01:00 INFO : Filtering template 155/384 segment 3/5
2026-09-08T16:12:59.321+01:00 INFO : 1 points above threshold
2026-09-08T16:12:59.328+01:00 INFO : Filtering template 155/384 segment 4/5
2026-09-08T16:12:59.364+01:00 INFO : 3 points above threshold
2026-09-08T16:12:59.374+01:00 INFO : Filtering template 155/384 segment 5/5
2026-09-08T16:12:59.411+01:00 INFO : 155: generating IMRPhenomD from 30.0 Hz
2026-09-08T16:12:59.414+01:00 INFO : Decompressing waveform using inline_linear
2026-09-08T16:12:59.419+01:00 INFO : Filtering template 156/384 segment 1/5
2026-09-08T16:12:59.459+01:00 INFO : 1 points above threshold
2026-09-08T16:12:59.471+01:00 INFO : Filtering template 156/384 segment 2/5
2026-09-08T16:12:59.508+01:00 INFO : Filtering template 156/384 segment 3/5
2026-09-08T16:12:59.545+01:00 INFO : Filtering template 156/384 segment 4/5
2026-09-08T16:12:59.582+01:00 INFO : 3 points above threshold
2026-09-08T16:12:59.592+01:00 INFO : Filtering template 156/384 segment 5/5
2026-09-08T16:12:59.630+01:00 INFO : 156: generating IMRPhenomD from 30.0 Hz
2026-09-08T16:12:59.632+01:00 INFO : Decompressing waveform using inline_linear
2026-09-08T16:12:59.637+01:00 INFO : Filtering template 157/384 segment 1/5
2026-09-08T16:12:59.677+01:00 INFO : 1 points above threshold
2026-09-08T16:12:59.692+01:00 INFO : Filtering template 157/384 segment 2/5
2026-09-08T16:12:59.729+01:00 INFO : 1 points above threshold
2026-09-08T16:12:59.735+01:00 INFO : Filtering template 157/384 segment 3/5
2026-09-08T16:12:59.772+01:00 INFO : Filtering template 157/384 segment 4/5
2026-09-08T16:12:59.809+01:00 INFO : 2 points above threshold
2026-09-08T16:12:59.817+01:00 INFO : Filtering template 157/384 segment 5/5
2026-09-08T16:12:59.854+01:00 INFO : 3 points above threshold
2026-09-08T16:12:59.864+01:00 INFO : 157: generating IMRPhenomD from 30.0 Hz
2026-09-08T16:12:59.867+01:00 INFO : Decompressing waveform using inline_linear
2026-09-08T16:12:59.872+01:00 INFO : Filtering template 158/384 segment 1/5
2026-09-08T16:12:59.912+01:00 INFO : 1 points above threshold
2026-09-08T16:12:59.925+01:00 INFO : Filtering template 158/384 segment 2/5
2026-09-08T16:12:59.961+01:00 INFO : 1 points above threshold
2026-09-08T16:12:59.967+01:00 INFO : Filtering template 158/384 segment 3/5
2026-09-08T16:13:00.004+01:00 INFO : 1 points above threshold
2026-09-08T16:13:00.011+01:00 INFO : Filtering template 158/384 segment 4/5
2026-09-08T16:13:00.048+01:00 INFO : Filtering template 158/384 segment 5/5
2026-09-08T16:13:00.086+01:00 INFO : 158: generating IMRPhenomD from 30.0 Hz
2026-09-08T16:13:00.088+01:00 INFO : Decompressing waveform using inline_linear
2026-09-08T16:13:00.093+01:00 INFO : Filtering template 159/384 segment 1/5
2026-09-08T16:13:00.134+01:00 INFO : Filtering template 159/384 segment 2/5
2026-09-08T16:13:00.170+01:00 INFO : 2 points above threshold
2026-09-08T16:13:00.184+01:00 INFO : Filtering template 159/384 segment 3/5
2026-09-08T16:13:00.221+01:00 INFO : 1 points above threshold
2026-09-08T16:13:00.227+01:00 INFO : Filtering template 159/384 segment 4/5
2026-09-08T16:13:00.264+01:00 INFO : 2 points above threshold
2026-09-08T16:13:00.272+01:00 INFO : Filtering template 159/384 segment 5/5
2026-09-08T16:13:00.309+01:00 INFO : 1 points above threshold
2026-09-08T16:13:00.316+01:00 INFO : 159: generating IMRPhenomD from 30.0 Hz
2026-09-08T16:13:00.318+01:00 INFO : Decompressing waveform using inline_linear
2026-09-08T16:13:00.323+01:00 INFO : Filtering template 160/384 segment 1/5
2026-09-08T16:13:00.364+01:00 INFO : 1 points above threshold
2026-09-08T16:13:00.376+01:00 INFO : Filtering template 160/384 segment 2/5
2026-09-08T16:13:00.413+01:00 INFO : 1 points above threshold
2026-09-08T16:13:00.419+01:00 INFO : Filtering template 160/384 segment 3/5
2026-09-08T16:13:00.456+01:00 INFO : 1 points above threshold
2026-09-08T16:13:00.461+01:00 INFO : Filtering template 160/384 segment 4/5
2026-09-08T16:13:00.499+01:00 INFO : Filtering template 160/384 segment 5/5
2026-09-08T16:13:00.536+01:00 INFO : 1 points above threshold
2026-09-08T16:13:00.542+01:00 INFO : 160: generating IMRPhenomD from 30.0 Hz
2026-09-08T16:13:00.544+01:00 INFO : Decompressing waveform using inline_linear
2026-09-08T16:13:00.549+01:00 INFO : Filtering template 161/384 segment 1/5
2026-09-08T16:13:00.590+01:00 INFO : 1 points above threshold
2026-09-08T16:13:00.602+01:00 INFO : Filtering template 161/384 segment 2/5
2026-09-08T16:13:00.639+01:00 INFO : 2 points above threshold
2026-09-08T16:13:00.647+01:00 INFO : Filtering template 161/384 segment 3/5
2026-09-08T16:13:00.684+01:00 INFO : 1 points above threshold
2026-09-08T16:13:00.692+01:00 INFO : Filtering template 161/384 segment 4/5
2026-09-08T16:13:00.729+01:00 INFO : 1 points above threshold
2026-09-08T16:13:00.735+01:00 INFO : Filtering template 161/384 segment 5/5
2026-09-08T16:13:00.772+01:00 INFO : 3 points above threshold
2026-09-08T16:13:00.783+01:00 INFO : 161: generating IMRPhenomD from 30.0 Hz
2026-09-08T16:13:00.785+01:00 INFO : Decompressing waveform using inline_linear
2026-09-08T16:13:00.790+01:00 INFO : Filtering template 162/384 segment 1/5
2026-09-08T16:13:00.831+01:00 INFO : Filtering template 162/384 segment 2/5
2026-09-08T16:13:00.868+01:00 INFO : 2 points above threshold
2026-09-08T16:13:00.882+01:00 INFO : Filtering template 162/384 segment 3/5
2026-09-08T16:13:00.919+01:00 INFO : 1 points above threshold
2026-09-08T16:13:00.925+01:00 INFO : Filtering template 162/384 segment 4/5
2026-09-08T16:13:00.962+01:00 INFO : 1 points above threshold
2026-09-08T16:13:00.968+01:00 INFO : Filtering template 162/384 segment 5/5
2026-09-08T16:13:01.005+01:00 INFO : 1 points above threshold
2026-09-08T16:13:01.011+01:00 INFO : 162: generating IMRPhenomD from 30.0 Hz
2026-09-08T16:13:01.014+01:00 INFO : Decompressing waveform using inline_linear
2026-09-08T16:13:01.019+01:00 INFO : Filtering template 163/384 segment 1/5
2026-09-08T16:13:01.059+01:00 INFO : 2 points above threshold
2026-09-08T16:13:01.073+01:00 INFO : Filtering template 163/384 segment 2/5
2026-09-08T16:13:01.110+01:00 INFO : 3 points above threshold
2026-09-08T16:13:01.120+01:00 INFO : Filtering template 163/384 segment 3/5
2026-09-08T16:13:01.157+01:00 INFO : Filtering template 163/384 segment 4/5
2026-09-08T16:13:01.194+01:00 INFO : 3 points above threshold
2026-09-08T16:13:01.204+01:00 INFO : Filtering template 163/384 segment 5/5
2026-09-08T16:13:01.241+01:00 INFO : 2 points above threshold
2026-09-08T16:13:01.249+01:00 INFO : 163: generating IMRPhenomD from 30.0 Hz
2026-09-08T16:13:01.252+01:00 INFO : Decompressing waveform using inline_linear
2026-09-08T16:13:01.257+01:00 INFO : Filtering template 164/384 segment 1/5
2026-09-08T16:13:01.297+01:00 INFO : 2 points above threshold
2026-09-08T16:13:01.311+01:00 INFO : Filtering template 164/384 segment 2/5
2026-09-08T16:13:01.348+01:00 INFO : 1 points above threshold
2026-09-08T16:13:01.354+01:00 INFO : Filtering template 164/384 segment 3/5
2026-09-08T16:13:01.391+01:00 INFO : 1 points above threshold
2026-09-08T16:13:01.397+01:00 INFO : Filtering template 164/384 segment 4/5
2026-09-08T16:13:01.436+01:00 INFO : Filtering template 164/384 segment 5/5
2026-09-08T16:13:01.474+01:00 INFO : 1 points above threshold
2026-09-08T16:13:01.481+01:00 INFO : 164: generating IMRPhenomD from 30.0 Hz
2026-09-08T16:13:01.484+01:00 INFO : Decompressing waveform using inline_linear
2026-09-08T16:13:01.489+01:00 INFO : Filtering template 165/384 segment 1/5
2026-09-08T16:13:01.535+01:00 INFO : 1 points above threshold
2026-09-08T16:13:01.547+01:00 INFO : Filtering template 165/384 segment 2/5
2026-09-08T16:13:01.584+01:00 INFO : Filtering template 165/384 segment 3/5
2026-09-08T16:13:01.621+01:00 INFO : 2 points above threshold
2026-09-08T16:13:01.629+01:00 INFO : Filtering template 165/384 segment 4/5
2026-09-08T16:13:01.667+01:00 INFO : 1 points above threshold
2026-09-08T16:13:01.673+01:00 INFO : Filtering template 165/384 segment 5/5
2026-09-08T16:13:01.710+01:00 INFO : 1 points above threshold
2026-09-08T16:13:01.717+01:00 INFO : 165: generating IMRPhenomD from 30.0 Hz
2026-09-08T16:13:01.719+01:00 INFO : Decompressing waveform using inline_linear
2026-09-08T16:13:01.724+01:00 INFO : Filtering template 166/384 segment 1/5
2026-09-08T16:13:01.764+01:00 INFO : 2 points above threshold
2026-09-08T16:13:01.778+01:00 INFO : Filtering template 166/384 segment 2/5
2026-09-08T16:13:01.815+01:00 INFO : Filtering template 166/384 segment 3/5
2026-09-08T16:13:01.853+01:00 INFO : Filtering template 166/384 segment 4/5
2026-09-08T16:13:01.890+01:00 INFO : 3 points above threshold
2026-09-08T16:13:01.900+01:00 INFO : Filtering template 166/384 segment 5/5
2026-09-08T16:13:01.937+01:00 INFO : 3 points above threshold
2026-09-08T16:13:01.948+01:00 INFO : 166: generating IMRPhenomD from 30.0 Hz
2026-09-08T16:13:01.950+01:00 INFO : Decompressing waveform using inline_linear
2026-09-08T16:13:01.955+01:00 INFO : Filtering template 167/384 segment 1/5
2026-09-08T16:13:01.995+01:00 INFO : 1 points above threshold
2026-09-08T16:13:02.007+01:00 INFO : Filtering template 167/384 segment 2/5
2026-09-08T16:13:02.044+01:00 INFO : Filtering template 167/384 segment 3/5
2026-09-08T16:13:02.081+01:00 INFO : 1 points above threshold
2026-09-08T16:13:02.087+01:00 INFO : Filtering template 167/384 segment 4/5
2026-09-08T16:13:02.125+01:00 INFO : Filtering template 167/384 segment 5/5
2026-09-08T16:13:02.162+01:00 INFO : 167: generating IMRPhenomD from 30.0 Hz
2026-09-08T16:13:02.165+01:00 INFO : Decompressing waveform using inline_linear
2026-09-08T16:13:02.170+01:00 INFO : Filtering template 168/384 segment 1/5
2026-09-08T16:13:02.210+01:00 INFO : 4 points above threshold
2026-09-08T16:13:02.225+01:00 INFO : Filtering template 168/384 segment 2/5
2026-09-08T16:13:02.262+01:00 INFO : 1 points above threshold
2026-09-08T16:13:02.268+01:00 INFO : Filtering template 168/384 segment 3/5
2026-09-08T16:13:02.305+01:00 INFO : 1 points above threshold
2026-09-08T16:13:02.311+01:00 INFO : Filtering template 168/384 segment 4/5
2026-09-08T16:13:02.348+01:00 INFO : 1 points above threshold
2026-09-08T16:13:02.354+01:00 INFO : Filtering template 168/384 segment 5/5
2026-09-08T16:13:02.391+01:00 INFO : 1 points above threshold
2026-09-08T16:13:02.397+01:00 INFO : 168: generating IMRPhenomD from 30.0 Hz
2026-09-08T16:13:02.400+01:00 INFO : Decompressing waveform using inline_linear
2026-09-08T16:13:02.405+01:00 INFO : Filtering template 169/384 segment 1/5
2026-09-08T16:13:02.445+01:00 INFO : 5 points above threshold
2026-09-08T16:13:02.464+01:00 INFO : Filtering template 169/384 segment 2/5
2026-09-08T16:13:02.501+01:00 INFO : 1 points above threshold
2026-09-08T16:13:02.507+01:00 INFO : Filtering template 169/384 segment 3/5
2026-09-08T16:13:02.544+01:00 INFO : 3 points above threshold
2026-09-08T16:13:02.554+01:00 INFO : Filtering template 169/384 segment 4/5
2026-09-08T16:13:02.591+01:00 INFO : 1 points above threshold
2026-09-08T16:13:02.597+01:00 INFO : Filtering template 169/384 segment 5/5
2026-09-08T16:13:02.634+01:00 INFO : 169: generating IMRPhenomD from 30.0 Hz
2026-09-08T16:13:02.637+01:00 INFO : Decompressing waveform using inline_linear
2026-09-08T16:13:02.642+01:00 INFO : Filtering template 170/384 segment 1/5
2026-09-08T16:13:02.682+01:00 INFO : Filtering template 170/384 segment 2/5
2026-09-08T16:13:02.719+01:00 INFO : 2 points above threshold
2026-09-08T16:13:02.734+01:00 INFO : Filtering template 170/384 segment 3/5
2026-09-08T16:13:02.771+01:00 INFO : 2 points above threshold
2026-09-08T16:13:02.779+01:00 INFO : Filtering template 170/384 segment 4/5
2026-09-08T16:13:02.816+01:00 INFO : Filtering template 170/384 segment 5/5
2026-09-08T16:13:02.853+01:00 INFO : 170: generating IMRPhenomD from 30.0 Hz
2026-09-08T16:13:02.856+01:00 INFO : Decompressing waveform using inline_linear
2026-09-08T16:13:02.861+01:00 INFO : Filtering template 171/384 segment 1/5
2026-09-08T16:13:02.901+01:00 INFO : 2 points above threshold
2026-09-08T16:13:02.916+01:00 INFO : Filtering template 171/384 segment 2/5
2026-09-08T16:13:02.953+01:00 INFO : 1 points above threshold
2026-09-08T16:13:02.961+01:00 INFO : Filtering template 171/384 segment 3/5
2026-09-08T16:13:02.998+01:00 INFO : 3 points above threshold
2026-09-08T16:13:03.008+01:00 INFO : Filtering template 171/384 segment 4/5
2026-09-08T16:13:03.045+01:00 INFO : 1 points above threshold
2026-09-08T16:13:03.054+01:00 INFO : Filtering template 171/384 segment 5/5
2026-09-08T16:13:03.091+01:00 INFO : 1 points above threshold
2026-09-08T16:13:03.097+01:00 INFO : 171: generating IMRPhenomD from 30.0 Hz
2026-09-08T16:13:03.100+01:00 INFO : Decompressing waveform using inline_linear
2026-09-08T16:13:03.105+01:00 INFO : Filtering template 172/384 segment 1/5
2026-09-08T16:13:03.145+01:00 INFO : 4 points above threshold
2026-09-08T16:13:03.160+01:00 INFO : Filtering template 172/384 segment 2/5
2026-09-08T16:13:03.198+01:00 INFO : 1 points above threshold
2026-09-08T16:13:03.204+01:00 INFO : Filtering template 172/384 segment 3/5
2026-09-08T16:13:03.241+01:00 INFO : Filtering template 172/384 segment 4/5
2026-09-08T16:13:03.278+01:00 INFO : 2 points above threshold
2026-09-08T16:13:03.286+01:00 INFO : Filtering template 172/384 segment 5/5
2026-09-08T16:13:03.323+01:00 INFO : 1 points above threshold
2026-09-08T16:13:03.329+01:00 INFO : 172: generating IMRPhenomD from 30.0 Hz
2026-09-08T16:13:03.332+01:00 INFO : Decompressing waveform using inline_linear
2026-09-08T16:13:03.337+01:00 INFO : Filtering template 173/384 segment 1/5
2026-09-08T16:13:03.377+01:00 INFO : 1 points above threshold
2026-09-08T16:13:03.389+01:00 INFO : Filtering template 173/384 segment 2/5
2026-09-08T16:13:03.426+01:00 INFO : 1 points above threshold
2026-09-08T16:13:03.432+01:00 INFO : Filtering template 173/384 segment 3/5
2026-09-08T16:13:03.469+01:00 INFO : 1 points above threshold
2026-09-08T16:13:03.475+01:00 INFO : Filtering template 173/384 segment 4/5
2026-09-08T16:13:03.512+01:00 INFO : 1 points above threshold
2026-09-08T16:13:03.518+01:00 INFO : Filtering template 173/384 segment 5/5
2026-09-08T16:13:03.555+01:00 INFO : 1 points above threshold
2026-09-08T16:13:03.561+01:00 INFO : 173: generating IMRPhenomD from 30.0 Hz
2026-09-08T16:13:03.564+01:00 INFO : Decompressing waveform using inline_linear
2026-09-08T16:13:03.569+01:00 INFO : Filtering template 174/384 segment 1/5
2026-09-08T16:13:03.609+01:00 INFO : 3 points above threshold
2026-09-08T16:13:03.625+01:00 INFO : Filtering template 174/384 segment 2/5
2026-09-08T16:13:03.662+01:00 INFO : 1 points above threshold
2026-09-08T16:13:03.668+01:00 INFO : Filtering template 174/384 segment 3/5
2026-09-08T16:13:03.705+01:00 INFO : 3 points above threshold
2026-09-08T16:13:03.715+01:00 INFO : Filtering template 174/384 segment 4/5
2026-09-08T16:13:03.752+01:00 INFO : 1 points above threshold
2026-09-08T16:13:03.758+01:00 INFO : Filtering template 174/384 segment 5/5
2026-09-08T16:13:03.795+01:00 INFO : 174: generating IMRPhenomD from 30.0 Hz
2026-09-08T16:13:03.798+01:00 INFO : Decompressing waveform using inline_linear
2026-09-08T16:13:03.803+01:00 INFO : Filtering template 175/384 segment 1/5
2026-09-08T16:13:03.843+01:00 INFO : 2 points above threshold
2026-09-08T16:13:03.857+01:00 INFO : Filtering template 175/384 segment 2/5
2026-09-08T16:13:03.895+01:00 INFO : 2 points above threshold
2026-09-08T16:13:03.903+01:00 INFO : Filtering template 175/384 segment 3/5
2026-09-08T16:13:03.939+01:00 INFO : 4 points above threshold
2026-09-08T16:13:03.949+01:00 INFO : Filtering template 175/384 segment 4/5
2026-09-08T16:13:03.986+01:00 INFO : 1 points above threshold
2026-09-08T16:13:03.992+01:00 INFO : Filtering template 175/384 segment 5/5
2026-09-08T16:13:04.029+01:00 INFO : 175: generating IMRPhenomD from 30.0 Hz
2026-09-08T16:13:04.032+01:00 INFO : Decompressing waveform using inline_linear
2026-09-08T16:13:04.037+01:00 INFO : Filtering template 176/384 segment 1/5
2026-09-08T16:13:04.077+01:00 INFO : 1 points above threshold
2026-09-08T16:13:04.090+01:00 INFO : Filtering template 176/384 segment 2/5
2026-09-08T16:13:04.127+01:00 INFO : 3 points above threshold
2026-09-08T16:13:04.137+01:00 INFO : Filtering template 176/384 segment 3/5
2026-09-08T16:13:04.174+01:00 INFO : 1 points above threshold
2026-09-08T16:13:04.180+01:00 INFO : Filtering template 176/384 segment 4/5
2026-09-08T16:13:04.217+01:00 INFO : 1 points above threshold
2026-09-08T16:13:04.223+01:00 INFO : Filtering template 176/384 segment 5/5
2026-09-08T16:13:04.260+01:00 INFO : 1 points above threshold
2026-09-08T16:13:04.266+01:00 INFO : 176: generating IMRPhenomD from 30.0 Hz
2026-09-08T16:13:04.268+01:00 INFO : Decompressing waveform using inline_linear
2026-09-08T16:13:04.273+01:00 INFO : Filtering template 177/384 segment 1/5
2026-09-08T16:13:04.314+01:00 INFO : 3 points above threshold
2026-09-08T16:13:04.330+01:00 INFO : Filtering template 177/384 segment 2/5
2026-09-08T16:13:04.367+01:00 INFO : Filtering template 177/384 segment 3/5
2026-09-08T16:13:04.404+01:00 INFO : 3 points above threshold
2026-09-08T16:13:04.414+01:00 INFO : Filtering template 177/384 segment 4/5
2026-09-08T16:13:04.451+01:00 INFO : 1 points above threshold
2026-09-08T16:13:04.457+01:00 INFO : Filtering template 177/384 segment 5/5
2026-09-08T16:13:04.495+01:00 INFO : 2 points above threshold
2026-09-08T16:13:04.504+01:00 INFO : 177: generating IMRPhenomD from 30.0 Hz
2026-09-08T16:13:04.507+01:00 INFO : Decompressing waveform using inline_linear
2026-09-08T16:13:04.512+01:00 INFO : Filtering template 178/384 segment 1/5
2026-09-08T16:13:04.555+01:00 INFO : Filtering template 178/384 segment 2/5
2026-09-08T16:13:04.594+01:00 INFO : 1 points above threshold
2026-09-08T16:13:04.610+01:00 INFO : Filtering template 178/384 segment 3/5
2026-09-08T16:13:04.647+01:00 INFO : Filtering template 178/384 segment 4/5
2026-09-08T16:13:04.684+01:00 INFO : 1 points above threshold
2026-09-08T16:13:04.690+01:00 INFO : Filtering template 178/384 segment 5/5
2026-09-08T16:13:04.727+01:00 INFO : 178: generating IMRPhenomD from 30.0 Hz
2026-09-08T16:13:04.730+01:00 INFO : Decompressing waveform using inline_linear
2026-09-08T16:13:04.735+01:00 INFO : Filtering template 179/384 segment 1/5
2026-09-08T16:13:04.775+01:00 INFO : 2 points above threshold
2026-09-08T16:13:04.789+01:00 INFO : Filtering template 179/384 segment 2/5
2026-09-08T16:13:04.826+01:00 INFO : 3 points above threshold
2026-09-08T16:13:04.836+01:00 INFO : Filtering template 179/384 segment 3/5
2026-09-08T16:13:04.873+01:00 INFO : 1 points above threshold
2026-09-08T16:13:04.879+01:00 INFO : Filtering template 179/384 segment 4/5
2026-09-08T16:13:04.916+01:00 INFO : 1 points above threshold
2026-09-08T16:13:04.922+01:00 INFO : Filtering template 179/384 segment 5/5
2026-09-08T16:13:04.959+01:00 INFO : 179: generating IMRPhenomD from 30.0 Hz
2026-09-08T16:13:04.962+01:00 INFO : Decompressing waveform using inline_linear
2026-09-08T16:13:04.967+01:00 INFO : Filtering template 180/384 segment 1/5
2026-09-08T16:13:05.007+01:00 INFO : 2 points above threshold
2026-09-08T16:13:05.021+01:00 INFO : Filtering template 180/384 segment 2/5
2026-09-08T16:13:05.058+01:00 INFO : Filtering template 180/384 segment 3/5
2026-09-08T16:13:05.095+01:00 INFO : 1 points above threshold
2026-09-08T16:13:05.101+01:00 INFO : Filtering template 180/384 segment 4/5
2026-09-08T16:13:05.138+01:00 INFO : 1 points above threshold
2026-09-08T16:13:05.145+01:00 INFO : Filtering template 180/384 segment 5/5
2026-09-08T16:13:05.183+01:00 INFO : 4 points above threshold
2026-09-08T16:13:05.193+01:00 INFO : 180: generating IMRPhenomD from 30.0 Hz
2026-09-08T16:13:05.195+01:00 INFO : Decompressing waveform using inline_linear
2026-09-08T16:13:05.200+01:00 INFO : Filtering template 181/384 segment 1/5
2026-09-08T16:13:05.240+01:00 INFO : 1 points above threshold
2026-09-08T16:13:05.252+01:00 INFO : Filtering template 181/384 segment 2/5
2026-09-08T16:13:05.289+01:00 INFO : 1 points above threshold
2026-09-08T16:13:05.295+01:00 INFO : Filtering template 181/384 segment 3/5
2026-09-08T16:13:05.332+01:00 INFO : Filtering template 181/384 segment 4/5
2026-09-08T16:13:05.369+01:00 INFO : 3 points above threshold
2026-09-08T16:13:05.379+01:00 INFO : Filtering template 181/384 segment 5/5
2026-09-08T16:13:05.416+01:00 INFO : 181: generating IMRPhenomD from 30.0 Hz
2026-09-08T16:13:05.419+01:00 INFO : Decompressing waveform using inline_linear
2026-09-08T16:13:05.424+01:00 INFO : Filtering template 182/384 segment 1/5
2026-09-08T16:13:05.464+01:00 INFO : 1 points above threshold
2026-09-08T16:13:05.476+01:00 INFO : Filtering template 182/384 segment 2/5
2026-09-08T16:13:05.513+01:00 INFO : 3 points above threshold
2026-09-08T16:13:05.523+01:00 INFO : Filtering template 182/384 segment 3/5
2026-09-08T16:13:05.560+01:00 INFO : 1 points above threshold
2026-09-08T16:13:05.566+01:00 INFO : Filtering template 182/384 segment 4/5
2026-09-08T16:13:05.603+01:00 INFO : 2 points above threshold
2026-09-08T16:13:05.611+01:00 INFO : Filtering template 182/384 segment 5/5
2026-09-08T16:13:05.647+01:00 INFO : 1 points above threshold
2026-09-08T16:13:05.654+01:00 INFO : 182: generating IMRPhenomD from 30.0 Hz
2026-09-08T16:13:05.656+01:00 INFO : Decompressing waveform using inline_linear
2026-09-08T16:13:05.661+01:00 INFO : Filtering template 183/384 segment 1/5
2026-09-08T16:13:05.702+01:00 INFO : 2 points above threshold
2026-09-08T16:13:05.716+01:00 INFO : Filtering template 183/384 segment 2/5
2026-09-08T16:13:05.753+01:00 INFO : 3 points above threshold
2026-09-08T16:13:05.763+01:00 INFO : Filtering template 183/384 segment 3/5
2026-09-08T16:13:05.800+01:00 INFO : 1 points above threshold
2026-09-08T16:13:05.806+01:00 INFO : Filtering template 183/384 segment 4/5
2026-09-08T16:13:05.843+01:00 INFO : 4 points above threshold
2026-09-08T16:13:05.852+01:00 INFO : Filtering template 183/384 segment 5/5
2026-09-08T16:13:05.891+01:00 INFO : 183: generating IMRPhenomD from 30.0 Hz
2026-09-08T16:13:05.893+01:00 INFO : Decompressing waveform using inline_linear
2026-09-08T16:13:05.898+01:00 INFO : Filtering template 184/384 segment 1/5
2026-09-08T16:13:05.939+01:00 INFO : 2 points above threshold
2026-09-08T16:13:05.953+01:00 INFO : Filtering template 184/384 segment 2/5
2026-09-08T16:13:05.990+01:00 INFO : 1 points above threshold
2026-09-08T16:13:05.997+01:00 INFO : Filtering template 184/384 segment 3/5
2026-09-08T16:13:06.035+01:00 INFO : 1 points above threshold
2026-09-08T16:13:06.041+01:00 INFO : Filtering template 184/384 segment 4/5
2026-09-08T16:13:06.078+01:00 INFO : 2 points above threshold
2026-09-08T16:13:06.086+01:00 INFO : Filtering template 184/384 segment 5/5
2026-09-08T16:13:06.124+01:00 INFO : 184: generating IMRPhenomD from 30.0 Hz
2026-09-08T16:13:06.127+01:00 INFO : Decompressing waveform using inline_linear
2026-09-08T16:13:06.132+01:00 INFO : Filtering template 185/384 segment 1/5
2026-09-08T16:13:06.174+01:00 INFO : Filtering template 185/384 segment 2/5
2026-09-08T16:13:06.211+01:00 INFO : 2 points above threshold
2026-09-08T16:13:06.225+01:00 INFO : Filtering template 185/384 segment 3/5
2026-09-08T16:13:06.262+01:00 INFO : 2 points above threshold
2026-09-08T16:13:06.270+01:00 INFO : Filtering template 185/384 segment 4/5
2026-09-08T16:13:06.307+01:00 INFO : 4 points above threshold
2026-09-08T16:13:06.317+01:00 INFO : Filtering template 185/384 segment 5/5
2026-09-08T16:13:06.354+01:00 INFO : 2 points above threshold
2026-09-08T16:13:06.362+01:00 INFO : 185: generating IMRPhenomD from 30.0 Hz
2026-09-08T16:13:06.365+01:00 INFO : Decompressing waveform using inline_linear
2026-09-08T16:13:06.370+01:00 INFO : Filtering template 186/384 segment 1/5
2026-09-08T16:13:06.410+01:00 INFO : Filtering template 186/384 segment 2/5
2026-09-08T16:13:06.447+01:00 INFO : Filtering template 186/384 segment 3/5
2026-09-08T16:13:06.484+01:00 INFO : 2 points above threshold
2026-09-08T16:13:06.498+01:00 INFO : Filtering template 186/384 segment 4/5
2026-09-08T16:13:06.538+01:00 INFO : 1 points above threshold
2026-09-08T16:13:06.544+01:00 INFO : Filtering template 186/384 segment 5/5
2026-09-08T16:13:06.583+01:00 INFO : 186: generating IMRPhenomD from 30.0 Hz
2026-09-08T16:13:06.586+01:00 INFO : Decompressing waveform using inline_linear
2026-09-08T16:13:06.591+01:00 INFO : Filtering template 187/384 segment 1/5
2026-09-08T16:13:06.637+01:00 INFO : 2 points above threshold
2026-09-08T16:13:06.651+01:00 INFO : Filtering template 187/384 segment 2/5
2026-09-08T16:13:06.688+01:00 INFO : 1 points above threshold
2026-09-08T16:13:06.694+01:00 INFO : Filtering template 187/384 segment 3/5
2026-09-08T16:13:06.732+01:00 INFO : 3 points above threshold
2026-09-08T16:13:06.742+01:00 INFO : Filtering template 187/384 segment 4/5
2026-09-08T16:13:06.780+01:00 INFO : Filtering template 187/384 segment 5/5
2026-09-08T16:13:06.817+01:00 INFO : 1 points above threshold
2026-09-08T16:13:06.823+01:00 INFO : 187: generating IMRPhenomD from 30.0 Hz
2026-09-08T16:13:06.826+01:00 INFO : Decompressing waveform using inline_linear
2026-09-08T16:13:06.831+01:00 INFO : Filtering template 188/384 segment 1/5
2026-09-08T16:13:06.871+01:00 INFO : 1 points above threshold
2026-09-08T16:13:06.883+01:00 INFO : Filtering template 188/384 segment 2/5
2026-09-08T16:13:06.920+01:00 INFO : 1 points above threshold
2026-09-08T16:13:06.926+01:00 INFO : Filtering template 188/384 segment 3/5
2026-09-08T16:13:06.963+01:00 INFO : 3 points above threshold
2026-09-08T16:13:06.973+01:00 INFO : Filtering template 188/384 segment 4/5
2026-09-08T16:13:07.010+01:00 INFO : Filtering template 188/384 segment 5/5
2026-09-08T16:13:07.048+01:00 INFO : 188: generating IMRPhenomD from 30.0 Hz
2026-09-08T16:13:07.050+01:00 INFO : Decompressing waveform using inline_linear
2026-09-08T16:13:07.055+01:00 INFO : Filtering template 189/384 segment 1/5
2026-09-08T16:13:07.095+01:00 INFO : 1 points above threshold
2026-09-08T16:13:07.108+01:00 INFO : Filtering template 189/384 segment 2/5
2026-09-08T16:13:07.145+01:00 INFO : 1 points above threshold
2026-09-08T16:13:07.151+01:00 INFO : Filtering template 189/384 segment 3/5
2026-09-08T16:13:07.187+01:00 INFO : 2 points above threshold
2026-09-08T16:13:07.195+01:00 INFO : Filtering template 189/384 segment 4/5
2026-09-08T16:13:07.232+01:00 INFO : 2 points above threshold
2026-09-08T16:13:07.240+01:00 INFO : Filtering template 189/384 segment 5/5
2026-09-08T16:13:07.277+01:00 INFO : 1 points above threshold
2026-09-08T16:13:07.284+01:00 INFO : 189: generating IMRPhenomD from 30.0 Hz
2026-09-08T16:13:07.286+01:00 INFO : Decompressing waveform using inline_linear
2026-09-08T16:13:07.291+01:00 INFO : Filtering template 190/384 segment 1/5
2026-09-08T16:13:07.331+01:00 INFO : 1 points above threshold
2026-09-08T16:13:07.343+01:00 INFO : Filtering template 190/384 segment 2/5
2026-09-08T16:13:07.380+01:00 INFO : 2 points above threshold
2026-09-08T16:13:07.388+01:00 INFO : Filtering template 190/384 segment 3/5
2026-09-08T16:13:07.425+01:00 INFO : 1 points above threshold
2026-09-08T16:13:07.431+01:00 INFO : Filtering template 190/384 segment 4/5
2026-09-08T16:13:07.468+01:00 INFO : 1 points above threshold
2026-09-08T16:13:07.474+01:00 INFO : Filtering template 190/384 segment 5/5
2026-09-08T16:13:07.511+01:00 INFO : 1 points above threshold
2026-09-08T16:13:07.517+01:00 INFO : 190: generating IMRPhenomD from 30.0 Hz
2026-09-08T16:13:07.520+01:00 INFO : Decompressing waveform using inline_linear
2026-09-08T16:13:07.525+01:00 INFO : Filtering template 191/384 segment 1/5
2026-09-08T16:13:07.565+01:00 INFO : Filtering template 191/384 segment 2/5
2026-09-08T16:13:07.602+01:00 INFO : 1 points above threshold
2026-09-08T16:13:07.614+01:00 INFO : Filtering template 191/384 segment 3/5
2026-09-08T16:13:07.651+01:00 INFO : Filtering template 191/384 segment 4/5
2026-09-08T16:13:07.688+01:00 INFO : 1 points above threshold
2026-09-08T16:13:07.694+01:00 INFO : Filtering template 191/384 segment 5/5
2026-09-08T16:13:07.731+01:00 INFO : 1 points above threshold
2026-09-08T16:13:07.737+01:00 INFO : 191: generating IMRPhenomD from 30.0 Hz
2026-09-08T16:13:07.740+01:00 INFO : Decompressing waveform using inline_linear
2026-09-08T16:13:07.745+01:00 INFO : Filtering template 192/384 segment 1/5
2026-09-08T16:13:07.785+01:00 INFO : 2 points above threshold
2026-09-08T16:13:07.799+01:00 INFO : Filtering template 192/384 segment 2/5
2026-09-08T16:13:07.836+01:00 INFO : 3 points above threshold
2026-09-08T16:13:07.846+01:00 INFO : Filtering template 192/384 segment 3/5
2026-09-08T16:13:07.883+01:00 INFO : Filtering template 192/384 segment 4/5
2026-09-08T16:13:07.921+01:00 INFO : Filtering template 192/384 segment 5/5
2026-09-08T16:13:07.958+01:00 INFO : 192: generating IMRPhenomD from 30.0 Hz
2026-09-08T16:13:07.961+01:00 INFO : Decompressing waveform using inline_linear
2026-09-08T16:13:07.965+01:00 INFO : Filtering template 193/384 segment 1/5
2026-09-08T16:13:08.006+01:00 INFO : 1 points above threshold
2026-09-08T16:13:08.018+01:00 INFO : Filtering template 193/384 segment 2/5
2026-09-08T16:13:08.055+01:00 INFO : 4 points above threshold
2026-09-08T16:13:08.065+01:00 INFO : Filtering template 193/384 segment 3/5
2026-09-08T16:13:08.101+01:00 INFO : Filtering template 193/384 segment 4/5
2026-09-08T16:13:08.141+01:00 INFO : 1 points above threshold
2026-09-08T16:13:08.148+01:00 INFO : Filtering template 193/384 segment 5/5
2026-09-08T16:13:08.187+01:00 INFO : 3 points above threshold
2026-09-08T16:13:08.199+01:00 INFO : 193: generating IMRPhenomD from 30.0 Hz
2026-09-08T16:13:08.201+01:00 INFO : Decompressing waveform using inline_linear
2026-09-08T16:13:08.206+01:00 INFO : Filtering template 194/384 segment 1/5
2026-09-08T16:13:08.251+01:00 INFO : 2 points above threshold
2026-09-08T16:13:08.265+01:00 INFO : Filtering template 194/384 segment 2/5
2026-09-08T16:13:08.306+01:00 INFO : 1 points above threshold
2026-09-08T16:13:08.312+01:00 INFO : Filtering template 194/384 segment 3/5
2026-09-08T16:13:08.354+01:00 INFO : 1 points above threshold
2026-09-08T16:13:08.359+01:00 INFO : Filtering template 194/384 segment 4/5
2026-09-08T16:13:08.401+01:00 INFO : 2 points above threshold
2026-09-08T16:13:08.409+01:00 INFO : Filtering template 194/384 segment 5/5
2026-09-08T16:13:08.450+01:00 INFO : 1 points above threshold
2026-09-08T16:13:08.457+01:00 INFO : 194: generating IMRPhenomD from 30.0 Hz
2026-09-08T16:13:08.459+01:00 INFO : Decompressing waveform using inline_linear
2026-09-08T16:13:08.464+01:00 INFO : Filtering template 195/384 segment 1/5
2026-09-08T16:13:08.508+01:00 INFO : Filtering template 195/384 segment 2/5
2026-09-08T16:13:08.549+01:00 INFO : Filtering template 195/384 segment 3/5
2026-09-08T16:13:08.590+01:00 INFO : 1 points above threshold
2026-09-08T16:13:08.606+01:00 INFO : Filtering template 195/384 segment 4/5
2026-09-08T16:13:08.648+01:00 INFO : 2 points above threshold
2026-09-08T16:13:08.655+01:00 INFO : Filtering template 195/384 segment 5/5
2026-09-08T16:13:08.697+01:00 INFO : 195: generating IMRPhenomD from 30.0 Hz
2026-09-08T16:13:08.699+01:00 INFO : Decompressing waveform using inline_linear
2026-09-08T16:13:08.704+01:00 INFO : Filtering template 196/384 segment 1/5
2026-09-08T16:13:08.749+01:00 INFO : 2 points above threshold
2026-09-08T16:13:08.767+01:00 INFO : Filtering template 196/384 segment 2/5
2026-09-08T16:13:08.806+01:00 INFO : 3 points above threshold
2026-09-08T16:13:08.817+01:00 INFO : Filtering template 196/384 segment 3/5
2026-09-08T16:13:08.857+01:00 INFO : 1 points above threshold
2026-09-08T16:13:08.864+01:00 INFO : Filtering template 196/384 segment 4/5
2026-09-08T16:13:08.904+01:00 INFO : 1 points above threshold
2026-09-08T16:13:08.910+01:00 INFO : Filtering template 196/384 segment 5/5
2026-09-08T16:13:08.951+01:00 INFO : 2 points above threshold
2026-09-08T16:13:08.959+01:00 INFO : 196: generating IMRPhenomD from 30.0 Hz
2026-09-08T16:13:08.962+01:00 INFO : Decompressing waveform using inline_linear
2026-09-08T16:13:08.967+01:00 INFO : Filtering template 197/384 segment 1/5
2026-09-08T16:13:09.011+01:00 INFO : Filtering template 197/384 segment 2/5
2026-09-08T16:13:09.052+01:00 INFO : 1 points above threshold
2026-09-08T16:13:09.068+01:00 INFO : Filtering template 197/384 segment 3/5
2026-09-08T16:13:09.109+01:00 INFO : 4 points above threshold
2026-09-08T16:13:09.119+01:00 INFO : Filtering template 197/384 segment 4/5
2026-09-08T16:13:09.159+01:00 INFO : 1 points above threshold
2026-09-08T16:13:09.166+01:00 INFO : Filtering template 197/384 segment 5/5
2026-09-08T16:13:09.206+01:00 INFO : 197: generating IMRPhenomD from 30.0 Hz
2026-09-08T16:13:09.209+01:00 INFO : Decompressing waveform using inline_linear
2026-09-08T16:13:09.214+01:00 INFO : Filtering template 198/384 segment 1/5
2026-09-08T16:13:09.258+01:00 INFO : Filtering template 198/384 segment 2/5
2026-09-08T16:13:09.298+01:00 INFO : 4 points above threshold
2026-09-08T16:13:09.319+01:00 INFO : Filtering template 198/384 segment 3/5
2026-09-08T16:13:09.358+01:00 INFO : 3 points above threshold
2026-09-08T16:13:09.369+01:00 INFO : Filtering template 198/384 segment 4/5
2026-09-08T16:13:09.410+01:00 INFO : 1 points above threshold
2026-09-08T16:13:09.417+01:00 INFO : Filtering template 198/384 segment 5/5
2026-09-08T16:13:09.456+01:00 INFO : 1 points above threshold
2026-09-08T16:13:09.463+01:00 INFO : 198: generating IMRPhenomD from 30.0 Hz
2026-09-08T16:13:09.466+01:00 INFO : Decompressing waveform using inline_linear
2026-09-08T16:13:09.471+01:00 INFO : Filtering template 199/384 segment 1/5
2026-09-08T16:13:09.516+01:00 INFO : 1 points above threshold
2026-09-08T16:13:09.532+01:00 INFO : Filtering template 199/384 segment 2/5
2026-09-08T16:13:09.572+01:00 INFO : 1 points above threshold
2026-09-08T16:13:09.578+01:00 INFO : Filtering template 199/384 segment 3/5
2026-09-08T16:13:09.618+01:00 INFO : Filtering template 199/384 segment 4/5
2026-09-08T16:13:09.659+01:00 INFO : 2 points above threshold
2026-09-08T16:13:09.668+01:00 INFO : Filtering template 199/384 segment 5/5
2026-09-08T16:13:09.708+01:00 INFO : 199: generating IMRPhenomD from 30.0 Hz
2026-09-08T16:13:09.711+01:00 INFO : Decompressing waveform using inline_linear
2026-09-08T16:13:09.716+01:00 INFO : Filtering template 200/384 segment 1/5
2026-09-08T16:13:09.761+01:00 INFO : Filtering template 200/384 segment 2/5
2026-09-08T16:13:09.800+01:00 INFO : Filtering template 200/384 segment 3/5
2026-09-08T16:13:09.841+01:00 INFO : Filtering template 200/384 segment 4/5
2026-09-08T16:13:09.881+01:00 INFO : 1 points above threshold
2026-09-08T16:13:09.897+01:00 INFO : Filtering template 200/384 segment 5/5
2026-09-08T16:13:09.938+01:00 INFO : 1 points above threshold
2026-09-08T16:13:09.945+01:00 INFO : 200: generating IMRPhenomD from 30.0 Hz
2026-09-08T16:13:09.947+01:00 INFO : Decompressing waveform using inline_linear
2026-09-08T16:13:09.952+01:00 INFO : Filtering template 201/384 segment 1/5
2026-09-08T16:13:09.997+01:00 INFO : Filtering template 201/384 segment 2/5
2026-09-08T16:13:10.037+01:00 INFO : 1 points above threshold
2026-09-08T16:13:10.054+01:00 INFO : Filtering template 201/384 segment 3/5
2026-09-08T16:13:10.094+01:00 INFO : 1 points above threshold
2026-09-08T16:13:10.100+01:00 INFO : Filtering template 201/384 segment 4/5
2026-09-08T16:13:10.141+01:00 INFO : Filtering template 201/384 segment 5/5
2026-09-08T16:13:10.182+01:00 INFO : 1 points above threshold
2026-09-08T16:13:10.188+01:00 INFO : 201: generating IMRPhenomD from 30.0 Hz
2026-09-08T16:13:10.191+01:00 INFO : Decompressing waveform using inline_linear
2026-09-08T16:13:10.196+01:00 INFO : Filtering template 202/384 segment 1/5
2026-09-08T16:13:10.240+01:00 INFO : 2 points above threshold
2026-09-08T16:13:10.256+01:00 INFO : Filtering template 202/384 segment 2/5
2026-09-08T16:13:10.296+01:00 INFO : 2 points above threshold
2026-09-08T16:13:10.304+01:00 INFO : Filtering template 202/384 segment 3/5
2026-09-08T16:13:10.345+01:00 INFO : 3 points above threshold
2026-09-08T16:13:10.355+01:00 INFO : Filtering template 202/384 segment 4/5
2026-09-08T16:13:10.396+01:00 INFO : 1 points above threshold
2026-09-08T16:13:10.402+01:00 INFO : Filtering template 202/384 segment 5/5
2026-09-08T16:13:10.442+01:00 INFO : 202: generating IMRPhenomD from 30.0 Hz
2026-09-08T16:13:10.445+01:00 INFO : Decompressing waveform using inline_linear
2026-09-08T16:13:10.450+01:00 INFO : Filtering template 203/384 segment 1/5
2026-09-08T16:13:10.494+01:00 INFO : 1 points above threshold
2026-09-08T16:13:10.510+01:00 INFO : Filtering template 203/384 segment 2/5
2026-09-08T16:13:10.550+01:00 INFO : 2 points above threshold
2026-09-08T16:13:10.559+01:00 INFO : Filtering template 203/384 segment 3/5
2026-09-08T16:13:10.599+01:00 INFO : 2 points above threshold
2026-09-08T16:13:10.608+01:00 INFO : Filtering template 203/384 segment 4/5
2026-09-08T16:13:10.648+01:00 INFO : 3 points above threshold
2026-09-08T16:13:10.659+01:00 INFO : Filtering template 203/384 segment 5/5
2026-09-08T16:13:10.699+01:00 INFO : 2 points above threshold
2026-09-08T16:13:10.708+01:00 INFO : 203: generating IMRPhenomD from 30.0 Hz
2026-09-08T16:13:10.711+01:00 INFO : Decompressing waveform using inline_linear
2026-09-08T16:13:10.716+01:00 INFO : Filtering template 204/384 segment 1/5
2026-09-08T16:13:10.760+01:00 INFO : 1 points above threshold
2026-09-08T16:13:10.773+01:00 INFO : Filtering template 204/384 segment 2/5
2026-09-08T16:13:10.814+01:00 INFO : 1 points above threshold
2026-09-08T16:13:10.820+01:00 INFO : Filtering template 204/384 segment 3/5
2026-09-08T16:13:10.861+01:00 INFO : Filtering template 204/384 segment 4/5
2026-09-08T16:13:10.901+01:00 INFO : Filtering template 204/384 segment 5/5
2026-09-08T16:13:10.942+01:00 INFO : 1 points above threshold
2026-09-08T16:13:10.948+01:00 INFO : 204: generating IMRPhenomD from 30.0 Hz
2026-09-08T16:13:10.951+01:00 INFO : Decompressing waveform using inline_linear
2026-09-08T16:13:10.956+01:00 INFO : Filtering template 205/384 segment 1/5
2026-09-08T16:13:11.000+01:00 INFO : 2 points above threshold
2026-09-08T16:13:11.015+01:00 INFO : Filtering template 205/384 segment 2/5
2026-09-08T16:13:11.056+01:00 INFO : Filtering template 205/384 segment 3/5
2026-09-08T16:13:11.096+01:00 INFO : 1 points above threshold
2026-09-08T16:13:11.103+01:00 INFO : Filtering template 205/384 segment 4/5
2026-09-08T16:13:11.143+01:00 INFO : Filtering template 205/384 segment 5/5
2026-09-08T16:13:11.184+01:00 INFO : 2 points above threshold
2026-09-08T16:13:11.192+01:00 INFO : 205: generating IMRPhenomD from 30.0 Hz
2026-09-08T16:13:11.195+01:00 INFO : Decompressing waveform using inline_linear
2026-09-08T16:13:11.200+01:00 INFO : Filtering template 206/384 segment 1/5
2026-09-08T16:13:11.244+01:00 INFO : 2 points above threshold
2026-09-08T16:13:11.260+01:00 INFO : Filtering template 206/384 segment 2/5
2026-09-08T16:13:11.301+01:00 INFO : Filtering template 206/384 segment 3/5
2026-09-08T16:13:11.341+01:00 INFO : 2 points above threshold
2026-09-08T16:13:11.350+01:00 INFO : Filtering template 206/384 segment 4/5
2026-09-08T16:13:11.390+01:00 INFO : 4 points above threshold
2026-09-08T16:13:11.400+01:00 INFO : Filtering template 206/384 segment 5/5
2026-09-08T16:13:11.440+01:00 INFO : 206: generating IMRPhenomD from 30.0 Hz
2026-09-08T16:13:11.443+01:00 INFO : Decompressing waveform using inline_linear
2026-09-08T16:13:11.448+01:00 INFO : Filtering template 207/384 segment 1/5
2026-09-08T16:13:11.492+01:00 INFO : 3 points above threshold
2026-09-08T16:13:11.510+01:00 INFO : Filtering template 207/384 segment 2/5
2026-09-08T16:13:11.550+01:00 INFO : Filtering template 207/384 segment 3/5
2026-09-08T16:13:11.591+01:00 INFO : 1 points above threshold
2026-09-08T16:13:11.597+01:00 INFO : Filtering template 207/384 segment 4/5
2026-09-08T16:13:11.641+01:00 INFO : 3 points above threshold
2026-09-08T16:13:11.653+01:00 INFO : Filtering template 207/384 segment 5/5
2026-09-08T16:13:11.695+01:00 INFO : 207: generating IMRPhenomD from 30.0 Hz
2026-09-08T16:13:11.698+01:00 INFO : Decompressing waveform using inline_linear
2026-09-08T16:13:11.703+01:00 INFO : Filtering template 208/384 segment 1/5
2026-09-08T16:13:11.746+01:00 INFO : 2 points above threshold
2026-09-08T16:13:11.760+01:00 INFO : Filtering template 208/384 segment 2/5
2026-09-08T16:13:11.797+01:00 INFO : 1 points above threshold
2026-09-08T16:13:11.803+01:00 INFO : Filtering template 208/384 segment 3/5
2026-09-08T16:13:11.840+01:00 INFO : Filtering template 208/384 segment 4/5
2026-09-08T16:13:11.877+01:00 INFO : 3 points above threshold
2026-09-08T16:13:11.887+01:00 INFO : Filtering template 208/384 segment 5/5
2026-09-08T16:13:11.924+01:00 INFO : 1 points above threshold
2026-09-08T16:13:11.930+01:00 INFO : 208: generating IMRPhenomD from 30.0 Hz
2026-09-08T16:13:11.933+01:00 INFO : Decompressing waveform using inline_linear
2026-09-08T16:13:11.938+01:00 INFO : Filtering template 209/384 segment 1/5
2026-09-08T16:13:11.978+01:00 INFO : 2 points above threshold
2026-09-08T16:13:11.992+01:00 INFO : Filtering template 209/384 segment 2/5
2026-09-08T16:13:12.029+01:00 INFO : 1 points above threshold
2026-09-08T16:13:12.035+01:00 INFO : Filtering template 209/384 segment 3/5
2026-09-08T16:13:12.072+01:00 INFO : 3 points above threshold
2026-09-08T16:13:12.082+01:00 INFO : Filtering template 209/384 segment 4/5
2026-09-08T16:13:12.119+01:00 INFO : 1 points above threshold
2026-09-08T16:13:12.125+01:00 INFO : Filtering template 209/384 segment 5/5
2026-09-08T16:13:12.162+01:00 INFO : 1 points above threshold
2026-09-08T16:13:12.169+01:00 INFO : 209: generating IMRPhenomD from 30.0 Hz
2026-09-08T16:13:12.172+01:00 INFO : Decompressing waveform using inline_linear
2026-09-08T16:13:12.177+01:00 INFO : Filtering template 210/384 segment 1/5
2026-09-08T16:13:12.217+01:00 INFO : 2 points above threshold
2026-09-08T16:13:12.231+01:00 INFO : Filtering template 210/384 segment 2/5
2026-09-08T16:13:12.268+01:00 INFO : Filtering template 210/384 segment 3/5
2026-09-08T16:13:12.305+01:00 INFO : 1 points above threshold
2026-09-08T16:13:12.311+01:00 INFO : Filtering template 210/384 segment 4/5
2026-09-08T16:13:12.348+01:00 INFO : Filtering template 210/384 segment 5/5
2026-09-08T16:13:12.385+01:00 INFO : 210: generating IMRPhenomD from 30.0 Hz
2026-09-08T16:13:12.388+01:00 INFO : Decompressing waveform using inline_linear
2026-09-08T16:13:12.393+01:00 INFO : Filtering template 211/384 segment 1/5
2026-09-08T16:13:12.433+01:00 INFO : 1 points above threshold
2026-09-08T16:13:12.445+01:00 INFO : Filtering template 211/384 segment 2/5
2026-09-08T16:13:12.482+01:00 INFO : 1 points above threshold
2026-09-08T16:13:12.488+01:00 INFO : Filtering template 211/384 segment 3/5
2026-09-08T16:13:12.525+01:00 INFO : Filtering template 211/384 segment 4/5
2026-09-08T16:13:12.563+01:00 INFO : 2 points above threshold
2026-09-08T16:13:12.571+01:00 INFO : Filtering template 211/384 segment 5/5
2026-09-08T16:13:12.607+01:00 INFO : 1 points above threshold
2026-09-08T16:13:12.614+01:00 INFO : 211: generating IMRPhenomD from 30.0 Hz
2026-09-08T16:13:12.616+01:00 INFO : Decompressing waveform using inline_linear
2026-09-08T16:13:12.621+01:00 INFO : Filtering template 212/384 segment 1/5
2026-09-08T16:13:12.662+01:00 INFO : 1 points above threshold
2026-09-08T16:13:12.674+01:00 INFO : Filtering template 212/384 segment 2/5
2026-09-08T16:13:12.711+01:00 INFO : 1 points above threshold
2026-09-08T16:13:12.717+01:00 INFO : Filtering template 212/384 segment 3/5
2026-09-08T16:13:12.753+01:00 INFO : 1 points above threshold
2026-09-08T16:13:12.759+01:00 INFO : Filtering template 212/384 segment 4/5
2026-09-08T16:13:12.796+01:00 INFO : 1 points above threshold
2026-09-08T16:13:12.802+01:00 INFO : Filtering template 212/384 segment 5/5
2026-09-08T16:13:12.840+01:00 INFO : 212: generating IMRPhenomD from 30.0 Hz
2026-09-08T16:13:12.842+01:00 INFO : Decompressing waveform using inline_linear
2026-09-08T16:13:12.847+01:00 INFO : Filtering template 213/384 segment 1/5
2026-09-08T16:13:12.887+01:00 INFO : 2 points above threshold
2026-09-08T16:13:12.901+01:00 INFO : Filtering template 213/384 segment 2/5
2026-09-08T16:13:12.938+01:00 INFO : 2 points above threshold
2026-09-08T16:13:12.946+01:00 INFO : Filtering template 213/384 segment 3/5
2026-09-08T16:13:12.983+01:00 INFO : 1 points above threshold
2026-09-08T16:13:12.989+01:00 INFO : Filtering template 213/384 segment 4/5
2026-09-08T16:13:13.026+01:00 INFO : Filtering template 213/384 segment 5/5
2026-09-08T16:13:13.063+01:00 INFO : 213: generating IMRPhenomD from 30.0 Hz
2026-09-08T16:13:13.066+01:00 INFO : Decompressing waveform using inline_linear
2026-09-08T16:13:13.071+01:00 INFO : Filtering template 214/384 segment 1/5
2026-09-08T16:13:13.111+01:00 INFO : 1 points above threshold
2026-09-08T16:13:13.123+01:00 INFO : Filtering template 214/384 segment 2/5
2026-09-08T16:13:13.160+01:00 INFO : 1 points above threshold
2026-09-08T16:13:13.166+01:00 INFO : Filtering template 214/384 segment 3/5
2026-09-08T16:13:13.203+01:00 INFO : 1 points above threshold
2026-09-08T16:13:13.209+01:00 INFO : Filtering template 214/384 segment 4/5
2026-09-08T16:13:13.245+01:00 INFO : Filtering template 214/384 segment 5/5
2026-09-08T16:13:13.283+01:00 INFO : 214: generating IMRPhenomD from 30.0 Hz
2026-09-08T16:13:13.285+01:00 INFO : Decompressing waveform using inline_linear
2026-09-08T16:13:13.290+01:00 INFO : Filtering template 215/384 segment 1/5
2026-09-08T16:13:13.331+01:00 INFO : Filtering template 215/384 segment 2/5
2026-09-08T16:13:13.368+01:00 INFO : 2 points above threshold
2026-09-08T16:13:13.382+01:00 INFO : Filtering template 215/384 segment 3/5
2026-09-08T16:13:13.419+01:00 INFO : Filtering template 215/384 segment 4/5
2026-09-08T16:13:13.456+01:00 INFO : 1 points above threshold
2026-09-08T16:13:13.462+01:00 INFO : Filtering template 215/384 segment 5/5
2026-09-08T16:13:13.498+01:00 INFO : 1 points above threshold
2026-09-08T16:13:13.505+01:00 INFO : 215: generating IMRPhenomD from 30.0 Hz
2026-09-08T16:13:13.507+01:00 INFO : Decompressing waveform using inline_linear
2026-09-08T16:13:13.512+01:00 INFO : Filtering template 216/384 segment 1/5
2026-09-08T16:13:13.552+01:00 INFO : 1 points above threshold
2026-09-08T16:13:13.564+01:00 INFO : Filtering template 216/384 segment 2/5
2026-09-08T16:13:13.601+01:00 INFO : 1 points above threshold
2026-09-08T16:13:13.607+01:00 INFO : Filtering template 216/384 segment 3/5
2026-09-08T16:13:13.644+01:00 INFO : Filtering template 216/384 segment 4/5
2026-09-08T16:13:13.681+01:00 INFO : 3 points above threshold
2026-09-08T16:13:13.691+01:00 INFO : Filtering template 216/384 segment 5/5
2026-09-08T16:13:13.728+01:00 INFO : 216: generating IMRPhenomD from 30.0 Hz
2026-09-08T16:13:13.731+01:00 INFO : Decompressing waveform using inline_linear
2026-09-08T16:13:13.736+01:00 INFO : Filtering template 217/384 segment 1/5
2026-09-08T16:13:13.776+01:00 INFO : Filtering template 217/384 segment 2/5
2026-09-08T16:13:13.813+01:00 INFO : 1 points above threshold
2026-09-08T16:13:13.825+01:00 INFO : Filtering template 217/384 segment 3/5
2026-09-08T16:13:13.862+01:00 INFO : Filtering template 217/384 segment 4/5
2026-09-08T16:13:13.899+01:00 INFO : Filtering template 217/384 segment 5/5
2026-09-08T16:13:13.936+01:00 INFO : 217: generating IMRPhenomD from 30.0 Hz
2026-09-08T16:13:13.939+01:00 INFO : Decompressing waveform using inline_linear
2026-09-08T16:13:13.944+01:00 INFO : Filtering template 218/384 segment 1/5
2026-09-08T16:13:13.984+01:00 INFO : 2 points above threshold
2026-09-08T16:13:13.998+01:00 INFO : Filtering template 218/384 segment 2/5
2026-09-08T16:13:14.035+01:00 INFO : 2 points above threshold
2026-09-08T16:13:14.043+01:00 INFO : Filtering template 218/384 segment 3/5
2026-09-08T16:13:14.080+01:00 INFO : 2 points above threshold
2026-09-08T16:13:14.088+01:00 INFO : Filtering template 218/384 segment 4/5
2026-09-08T16:13:14.125+01:00 INFO : 2 points above threshold
2026-09-08T16:13:14.132+01:00 INFO : Filtering template 218/384 segment 5/5
2026-09-08T16:13:14.169+01:00 INFO : 1 points above threshold
2026-09-08T16:13:14.176+01:00 INFO : 218: generating IMRPhenomD from 30.0 Hz
2026-09-08T16:13:14.178+01:00 INFO : Decompressing waveform using inline_linear
2026-09-08T16:13:14.183+01:00 INFO : Filtering template 219/384 segment 1/5
2026-09-08T16:13:14.223+01:00 INFO : 2 points above threshold
2026-09-08T16:13:14.237+01:00 INFO : Filtering template 219/384 segment 2/5
2026-09-08T16:13:14.274+01:00 INFO : 1 points above threshold
2026-09-08T16:13:14.280+01:00 INFO : Filtering template 219/384 segment 3/5
2026-09-08T16:13:14.317+01:00 INFO : Filtering template 219/384 segment 4/5
2026-09-08T16:13:14.354+01:00 INFO : 1 points above threshold
2026-09-08T16:13:14.360+01:00 INFO : Filtering template 219/384 segment 5/5
2026-09-08T16:13:14.397+01:00 INFO : 219: generating IMRPhenomD from 30.0 Hz
2026-09-08T16:13:14.400+01:00 INFO : Decompressing waveform using inline_linear
2026-09-08T16:13:14.405+01:00 INFO : Filtering template 220/384 segment 1/5
2026-09-08T16:13:14.445+01:00 INFO : 3 points above threshold
2026-09-08T16:13:14.461+01:00 INFO : Filtering template 220/384 segment 2/5
2026-09-08T16:13:14.498+01:00 INFO : 2 points above threshold
2026-09-08T16:13:14.506+01:00 INFO : Filtering template 220/384 segment 3/5
2026-09-08T16:13:14.543+01:00 INFO : 3 points above threshold
2026-09-08T16:13:14.553+01:00 INFO : Filtering template 220/384 segment 4/5
2026-09-08T16:13:14.590+01:00 INFO : 2 points above threshold
2026-09-08T16:13:14.598+01:00 INFO : Filtering template 220/384 segment 5/5
2026-09-08T16:13:14.635+01:00 INFO : 220: generating IMRPhenomD from 30.0 Hz
2026-09-08T16:13:14.637+01:00 INFO : Decompressing waveform using inline_linear
2026-09-08T16:13:14.642+01:00 INFO : Filtering template 221/384 segment 1/5
2026-09-08T16:13:14.683+01:00 INFO : 1 points above threshold
2026-09-08T16:13:14.695+01:00 INFO : Filtering template 221/384 segment 2/5
2026-09-08T16:13:14.732+01:00 INFO : 1 points above threshold
2026-09-08T16:13:14.738+01:00 INFO : Filtering template 221/384 segment 3/5
2026-09-08T16:13:14.775+01:00 INFO : 1 points above threshold
2026-09-08T16:13:14.781+01:00 INFO : Filtering template 221/384 segment 4/5
2026-09-08T16:13:14.818+01:00 INFO : Filtering template 221/384 segment 5/5
2026-09-08T16:13:14.855+01:00 INFO : 2 points above threshold
2026-09-08T16:13:14.863+01:00 INFO : 221: generating IMRPhenomD from 30.0 Hz
2026-09-08T16:13:14.865+01:00 INFO : Decompressing waveform using inline_linear
2026-09-08T16:13:14.870+01:00 INFO : Filtering template 222/384 segment 1/5
2026-09-08T16:13:14.910+01:00 INFO : Filtering template 222/384 segment 2/5
2026-09-08T16:13:14.947+01:00 INFO : 2 points above threshold
2026-09-08T16:13:14.961+01:00 INFO : Filtering template 222/384 segment 3/5
2026-09-08T16:13:14.998+01:00 INFO : 1 points above threshold
2026-09-08T16:13:15.004+01:00 INFO : Filtering template 222/384 segment 4/5
2026-09-08T16:13:15.041+01:00 INFO : Filtering template 222/384 segment 5/5
2026-09-08T16:13:15.078+01:00 INFO : 222: generating IMRPhenomD from 30.0 Hz
2026-09-08T16:13:15.081+01:00 INFO : Decompressing waveform using inline_linear
2026-09-08T16:13:15.086+01:00 INFO : Filtering template 223/384 segment 1/5
2026-09-08T16:13:15.126+01:00 INFO : 1 points above threshold
2026-09-08T16:13:15.138+01:00 INFO : Filtering template 223/384 segment 2/5
2026-09-08T16:13:15.175+01:00 INFO : Filtering template 223/384 segment 3/5
2026-09-08T16:13:15.212+01:00 INFO : 5 points above threshold
2026-09-08T16:13:15.224+01:00 INFO : Filtering template 223/384 segment 4/5
2026-09-08T16:13:15.261+01:00 INFO : Filtering template 223/384 segment 5/5
2026-09-08T16:13:15.298+01:00 INFO : 223: generating IMRPhenomD from 30.0 Hz
2026-09-08T16:13:15.301+01:00 INFO : Decompressing waveform using inline_linear
2026-09-08T16:13:15.306+01:00 INFO : Filtering template 224/384 segment 1/5
2026-09-08T16:13:15.346+01:00 INFO : 1 points above threshold
2026-09-08T16:13:15.358+01:00 INFO : Filtering template 224/384 segment 2/5
2026-09-08T16:13:15.395+01:00 INFO : 2 points above threshold
2026-09-08T16:13:15.403+01:00 INFO : Filtering template 224/384 segment 3/5
2026-09-08T16:13:15.440+01:00 INFO : 1 points above threshold
2026-09-08T16:13:15.446+01:00 INFO : Filtering template 224/384 segment 4/5
2026-09-08T16:13:15.483+01:00 INFO : 2 points above threshold
2026-09-08T16:13:15.491+01:00 INFO : Filtering template 224/384 segment 5/5
2026-09-08T16:13:15.528+01:00 INFO : 224: generating IMRPhenomD from 30.0 Hz
2026-09-08T16:13:15.531+01:00 INFO : Decompressing waveform using inline_linear
2026-09-08T16:13:15.536+01:00 INFO : Filtering template 225/384 segment 1/5
2026-09-08T16:13:15.576+01:00 INFO : 1 points above threshold
2026-09-08T16:13:15.591+01:00 INFO : Filtering template 225/384 segment 2/5
2026-09-08T16:13:15.628+01:00 INFO : Filtering template 225/384 segment 3/5
2026-09-08T16:13:15.665+01:00 INFO : Filtering template 225/384 segment 4/5
2026-09-08T16:13:15.702+01:00 INFO : 1 points above threshold
2026-09-08T16:13:15.708+01:00 INFO : Filtering template 225/384 segment 5/5
2026-09-08T16:13:15.745+01:00 INFO : 1 points above threshold
2026-09-08T16:13:15.751+01:00 INFO : 225: generating IMRPhenomD from 30.0 Hz
2026-09-08T16:13:15.754+01:00 INFO : Decompressing waveform using inline_linear
2026-09-08T16:13:15.759+01:00 INFO : Filtering template 226/384 segment 1/5
2026-09-08T16:13:15.799+01:00 INFO : 1 points above threshold
2026-09-08T16:13:15.814+01:00 INFO : Filtering template 226/384 segment 2/5
2026-09-08T16:13:15.851+01:00 INFO : Filtering template 226/384 segment 3/5
2026-09-08T16:13:15.888+01:00 INFO : Filtering template 226/384 segment 4/5
2026-09-08T16:13:15.925+01:00 INFO : 2 points above threshold
2026-09-08T16:13:15.933+01:00 INFO : Filtering template 226/384 segment 5/5
2026-09-08T16:13:15.970+01:00 INFO : 1 points above threshold
2026-09-08T16:13:15.976+01:00 INFO : 226: generating IMRPhenomD from 30.0 Hz
2026-09-08T16:13:15.978+01:00 INFO : Decompressing waveform using inline_linear
2026-09-08T16:13:15.983+01:00 INFO : Filtering template 227/384 segment 1/5
2026-09-08T16:13:16.024+01:00 INFO : Filtering template 227/384 segment 2/5
2026-09-08T16:13:16.060+01:00 INFO : Filtering template 227/384 segment 3/5
2026-09-08T16:13:16.098+01:00 INFO : 3 points above threshold
2026-09-08T16:13:16.117+01:00 INFO : Filtering template 227/384 segment 4/5
2026-09-08T16:13:16.154+01:00 INFO : 2 points above threshold
2026-09-08T16:13:16.162+01:00 INFO : Filtering template 227/384 segment 5/5
2026-09-08T16:13:16.199+01:00 INFO : 4 points above threshold
2026-09-08T16:13:16.208+01:00 INFO : 227: generating IMRPhenomD from 30.0 Hz
2026-09-08T16:13:16.211+01:00 INFO : Decompressing waveform using inline_linear
2026-09-08T16:13:16.216+01:00 INFO : Filtering template 228/384 segment 1/5
2026-09-08T16:13:16.256+01:00 INFO : 4 points above threshold
2026-09-08T16:13:16.274+01:00 INFO : Filtering template 228/384 segment 2/5
2026-09-08T16:13:16.311+01:00 INFO : 1 points above threshold
2026-09-08T16:13:16.317+01:00 INFO : Filtering template 228/384 segment 3/5
2026-09-08T16:13:16.354+01:00 INFO : Filtering template 228/384 segment 4/5
2026-09-08T16:13:16.391+01:00 INFO : 3 points above threshold
2026-09-08T16:13:16.401+01:00 INFO : Filtering template 228/384 segment 5/5
2026-09-08T16:13:16.438+01:00 INFO : 3 points above threshold
2026-09-08T16:13:16.448+01:00 INFO : 228: generating IMRPhenomD from 30.0 Hz
2026-09-08T16:13:16.450+01:00 INFO : Decompressing waveform using inline_linear
2026-09-08T16:13:16.455+01:00 INFO : Filtering template 229/384 segment 1/5
2026-09-08T16:13:16.496+01:00 INFO : Filtering template 229/384 segment 2/5
2026-09-08T16:13:16.533+01:00 INFO : Filtering template 229/384 segment 3/5
2026-09-08T16:13:16.570+01:00 INFO : 1 points above threshold
2026-09-08T16:13:16.582+01:00 INFO : Filtering template 229/384 segment 4/5
2026-09-08T16:13:16.619+01:00 INFO : Filtering template 229/384 segment 5/5
2026-09-08T16:13:16.656+01:00 INFO : 4 points above threshold
2026-09-08T16:13:16.666+01:00 INFO : 229: generating IMRPhenomD from 30.0 Hz
2026-09-08T16:13:16.668+01:00 INFO : Decompressing waveform using inline_linear
2026-09-08T16:13:16.673+01:00 INFO : Filtering template 230/384 segment 1/5
2026-09-08T16:13:16.713+01:00 INFO : 1 points above threshold
2026-09-08T16:13:16.727+01:00 INFO : Filtering template 230/384 segment 2/5
2026-09-08T16:13:16.766+01:00 INFO : Filtering template 230/384 segment 3/5
2026-09-08T16:13:16.806+01:00 INFO : 3 points above threshold
2026-09-08T16:13:16.817+01:00 INFO : Filtering template 230/384 segment 4/5
2026-09-08T16:13:16.855+01:00 INFO : 3 points above threshold
2026-09-08T16:13:16.865+01:00 INFO : Filtering template 230/384 segment 5/5
2026-09-08T16:13:16.902+01:00 INFO : 1 points above threshold
2026-09-08T16:13:16.908+01:00 INFO : 230: generating IMRPhenomD from 30.0 Hz
2026-09-08T16:13:16.911+01:00 INFO : Decompressing waveform using inline_linear
2026-09-08T16:13:16.916+01:00 INFO : Filtering template 231/384 segment 1/5
2026-09-08T16:13:16.956+01:00 INFO : 2 points above threshold
2026-09-08T16:13:16.970+01:00 INFO : Filtering template 231/384 segment 2/5
2026-09-08T16:13:17.007+01:00 INFO : 1 points above threshold
2026-09-08T16:13:17.013+01:00 INFO : Filtering template 231/384 segment 3/5
2026-09-08T16:13:17.050+01:00 INFO : 1 points above threshold
2026-09-08T16:13:17.056+01:00 INFO : Filtering template 231/384 segment 4/5
2026-09-08T16:13:17.093+01:00 INFO : 1 points above threshold
2026-09-08T16:13:17.099+01:00 INFO : Filtering template 231/384 segment 5/5
2026-09-08T16:13:17.136+01:00 INFO : 231: generating IMRPhenomD from 30.0 Hz
2026-09-08T16:13:17.139+01:00 INFO : Decompressing waveform using inline_linear
2026-09-08T16:13:17.144+01:00 INFO : Filtering template 232/384 segment 1/5
2026-09-08T16:13:17.184+01:00 INFO : 2 points above threshold
2026-09-08T16:13:17.198+01:00 INFO : Filtering template 232/384 segment 2/5
2026-09-08T16:13:17.235+01:00 INFO : 2 points above threshold
2026-09-08T16:13:17.243+01:00 INFO : Filtering template 232/384 segment 3/5
2026-09-08T16:13:17.280+01:00 INFO : 2 points above threshold
2026-09-08T16:13:17.288+01:00 INFO : Filtering template 232/384 segment 4/5
2026-09-08T16:13:17.325+01:00 INFO : 2 points above threshold
2026-09-08T16:13:17.332+01:00 INFO : Filtering template 232/384 segment 5/5
2026-09-08T16:13:17.370+01:00 INFO : 1 points above threshold
2026-09-08T16:13:17.376+01:00 INFO : 232: generating IMRPhenomD from 30.0 Hz
2026-09-08T16:13:17.379+01:00 INFO : Decompressing waveform using inline_linear
2026-09-08T16:13:17.384+01:00 INFO : Filtering template 233/384 segment 1/5
2026-09-08T16:13:17.424+01:00 INFO : Filtering template 233/384 segment 2/5
2026-09-08T16:13:17.461+01:00 INFO : 1 points above threshold
2026-09-08T16:13:17.473+01:00 INFO : Filtering template 233/384 segment 3/5
2026-09-08T16:13:17.510+01:00 INFO : Filtering template 233/384 segment 4/5
2026-09-08T16:13:17.547+01:00 INFO : 1 points above threshold
2026-09-08T16:13:17.553+01:00 INFO : Filtering template 233/384 segment 5/5
2026-09-08T16:13:17.590+01:00 INFO : 233: generating IMRPhenomD from 30.0 Hz
2026-09-08T16:13:17.593+01:00 INFO : Decompressing waveform using inline_linear
2026-09-08T16:13:17.598+01:00 INFO : Filtering template 234/384 segment 1/5
2026-09-08T16:13:17.638+01:00 INFO : 2 points above threshold
2026-09-08T16:13:17.652+01:00 INFO : Filtering template 234/384 segment 2/5
2026-09-08T16:13:17.689+01:00 INFO : 1 points above threshold
2026-09-08T16:13:17.695+01:00 INFO : Filtering template 234/384 segment 3/5
2026-09-08T16:13:17.732+01:00 INFO : 1 points above threshold
2026-09-08T16:13:17.738+01:00 INFO : Filtering template 234/384 segment 4/5
2026-09-08T16:13:17.775+01:00 INFO : 1 points above threshold
2026-09-08T16:13:17.781+01:00 INFO : Filtering template 234/384 segment 5/5
2026-09-08T16:13:17.818+01:00 INFO : 1 points above threshold
2026-09-08T16:13:17.825+01:00 INFO : 234: generating IMRPhenomD from 30.0 Hz
2026-09-08T16:13:17.828+01:00 INFO : Decompressing waveform using inline_linear
2026-09-08T16:13:17.833+01:00 INFO : Filtering template 235/384 segment 1/5
2026-09-08T16:13:17.873+01:00 INFO : Filtering template 235/384 segment 2/5
2026-09-08T16:13:17.910+01:00 INFO : 2 points above threshold
2026-09-08T16:13:17.924+01:00 INFO : Filtering template 235/384 segment 3/5
2026-09-08T16:13:17.961+01:00 INFO : Filtering template 235/384 segment 4/5
2026-09-08T16:13:17.998+01:00 INFO : 1 points above threshold
2026-09-08T16:13:18.004+01:00 INFO : Filtering template 235/384 segment 5/5
2026-09-08T16:13:18.042+01:00 INFO : 235: generating IMRPhenomD from 30.0 Hz
2026-09-08T16:13:18.044+01:00 INFO : Decompressing waveform using inline_linear
2026-09-08T16:13:18.049+01:00 INFO : Filtering template 236/384 segment 1/5
2026-09-08T16:13:18.090+01:00 INFO : 1 points above threshold
2026-09-08T16:13:18.102+01:00 INFO : Filtering template 236/384 segment 2/5
2026-09-08T16:13:18.139+01:00 INFO : 2 points above threshold
2026-09-08T16:13:18.147+01:00 INFO : Filtering template 236/384 segment 3/5
2026-09-08T16:13:18.184+01:00 INFO : Filtering template 236/384 segment 4/5
2026-09-08T16:13:18.221+01:00 INFO : 1 points above threshold
2026-09-08T16:13:18.227+01:00 INFO : Filtering template 236/384 segment 5/5
2026-09-08T16:13:18.264+01:00 INFO : 1 points above threshold
2026-09-08T16:13:18.270+01:00 INFO : 236: generating IMRPhenomD from 30.0 Hz
2026-09-08T16:13:18.273+01:00 INFO : Decompressing waveform using inline_linear
2026-09-08T16:13:18.278+01:00 INFO : Filtering template 237/384 segment 1/5
2026-09-08T16:13:18.318+01:00 INFO : Filtering template 237/384 segment 2/5
2026-09-08T16:13:18.355+01:00 INFO : 1 points above threshold
2026-09-08T16:13:18.367+01:00 INFO : Filtering template 237/384 segment 3/5
2026-09-08T16:13:18.404+01:00 INFO : 1 points above threshold
2026-09-08T16:13:18.410+01:00 INFO : Filtering template 237/384 segment 4/5
2026-09-08T16:13:18.447+01:00 INFO : 1 points above threshold
2026-09-08T16:13:18.453+01:00 INFO : Filtering template 237/384 segment 5/5
2026-09-08T16:13:18.490+01:00 INFO : 237: generating IMRPhenomD from 30.0 Hz
2026-09-08T16:13:18.493+01:00 INFO : Decompressing waveform using inline_linear
2026-09-08T16:13:18.498+01:00 INFO : Filtering template 238/384 segment 1/5
2026-09-08T16:13:18.538+01:00 INFO : Filtering template 238/384 segment 2/5
2026-09-08T16:13:18.575+01:00 INFO : 2 points above threshold
2026-09-08T16:13:18.589+01:00 INFO : Filtering template 238/384 segment 3/5
2026-09-08T16:13:18.626+01:00 INFO : 1 points above threshold
2026-09-08T16:13:18.632+01:00 INFO : Filtering template 238/384 segment 4/5
2026-09-08T16:13:18.669+01:00 INFO : Filtering template 238/384 segment 5/5
2026-09-08T16:13:18.706+01:00 INFO : 2 points above threshold
2026-09-08T16:13:18.714+01:00 INFO : 238: generating IMRPhenomD from 30.0 Hz
2026-09-08T16:13:18.717+01:00 INFO : Decompressing waveform using inline_linear
2026-09-08T16:13:18.722+01:00 INFO : Filtering template 239/384 segment 1/5
2026-09-08T16:13:18.762+01:00 INFO : Filtering template 239/384 segment 2/5
2026-09-08T16:13:18.799+01:00 INFO : Filtering template 239/384 segment 3/5
2026-09-08T16:13:18.836+01:00 INFO : 2 points above threshold
2026-09-08T16:13:18.850+01:00 INFO : Filtering template 239/384 segment 4/5
2026-09-08T16:13:18.887+01:00 INFO : 1 points above threshold
2026-09-08T16:13:18.893+01:00 INFO : Filtering template 239/384 segment 5/5
2026-09-08T16:13:18.931+01:00 INFO : 239: generating IMRPhenomD from 30.0 Hz
2026-09-08T16:13:18.933+01:00 INFO : Decompressing waveform using inline_linear
2026-09-08T16:13:18.938+01:00 INFO : Filtering template 240/384 segment 1/5
2026-09-08T16:13:18.978+01:00 INFO : 1 points above threshold
2026-09-08T16:13:18.991+01:00 INFO : Filtering template 240/384 segment 2/5
2026-09-08T16:13:19.027+01:00 INFO : 1 points above threshold
2026-09-08T16:13:19.033+01:00 INFO : Filtering template 240/384 segment 3/5
2026-09-08T16:13:19.070+01:00 INFO : 2 points above threshold
2026-09-08T16:13:19.078+01:00 INFO : Filtering template 240/384 segment 4/5
2026-09-08T16:13:19.115+01:00 INFO : Filtering template 240/384 segment 5/5
2026-09-08T16:13:19.153+01:00 INFO : 240: generating IMRPhenomD from 30.0 Hz
2026-09-08T16:13:19.155+01:00 INFO : Decompressing waveform using inline_linear
2026-09-08T16:13:19.160+01:00 INFO : Filtering template 241/384 segment 1/5
2026-09-08T16:13:19.200+01:00 INFO : 1 points above threshold
2026-09-08T16:13:19.213+01:00 INFO : Filtering template 241/384 segment 2/5
2026-09-08T16:13:19.250+01:00 INFO : 2 points above threshold
2026-09-08T16:13:19.258+01:00 INFO : Filtering template 241/384 segment 3/5
2026-09-08T16:13:19.295+01:00 INFO : 1 points above threshold
2026-09-08T16:13:19.301+01:00 INFO : Filtering template 241/384 segment 4/5
2026-09-08T16:13:19.338+01:00 INFO : 1 points above threshold
2026-09-08T16:13:19.344+01:00 INFO : Filtering template 241/384 segment 5/5
2026-09-08T16:13:19.382+01:00 INFO : 241: generating IMRPhenomD from 30.0 Hz
2026-09-08T16:13:19.384+01:00 INFO : Decompressing waveform using inline_linear
2026-09-08T16:13:19.389+01:00 INFO : Filtering template 242/384 segment 1/5
2026-09-08T16:13:19.429+01:00 INFO : 1 points above threshold
2026-09-08T16:13:19.441+01:00 INFO : Filtering template 242/384 segment 2/5
2026-09-08T16:13:19.479+01:00 INFO : Filtering template 242/384 segment 3/5
2026-09-08T16:13:19.515+01:00 INFO : 1 points above threshold
2026-09-08T16:13:19.521+01:00 INFO : Filtering template 242/384 segment 4/5
2026-09-08T16:13:19.558+01:00 INFO : Filtering template 242/384 segment 5/5
2026-09-08T16:13:19.595+01:00 INFO : 1 points above threshold
2026-09-08T16:13:19.602+01:00 INFO : 242: generating IMRPhenomD from 30.0 Hz
2026-09-08T16:13:19.604+01:00 INFO : Decompressing waveform using inline_linear
2026-09-08T16:13:19.609+01:00 INFO : Filtering template 243/384 segment 1/5
2026-09-08T16:13:19.649+01:00 INFO : 1 points above threshold
2026-09-08T16:13:19.661+01:00 INFO : Filtering template 243/384 segment 2/5
2026-09-08T16:13:19.698+01:00 INFO : 1 points above threshold
2026-09-08T16:13:19.704+01:00 INFO : Filtering template 243/384 segment 3/5
2026-09-08T16:13:19.741+01:00 INFO : 2 points above threshold
2026-09-08T16:13:19.749+01:00 INFO : Filtering template 243/384 segment 4/5
2026-09-08T16:13:19.786+01:00 INFO : 1 points above threshold
2026-09-08T16:13:19.792+01:00 INFO : Filtering template 243/384 segment 5/5
2026-09-08T16:13:19.829+01:00 INFO : 1 points above threshold
2026-09-08T16:13:19.836+01:00 INFO : 243: generating IMRPhenomD from 30.0 Hz
2026-09-08T16:13:19.838+01:00 INFO : Decompressing waveform using inline_linear
2026-09-08T16:13:19.843+01:00 INFO : Filtering template 244/384 segment 1/5
2026-09-08T16:13:19.884+01:00 INFO : 1 points above threshold
2026-09-08T16:13:19.896+01:00 INFO : Filtering template 244/384 segment 2/5
2026-09-08T16:13:19.933+01:00 INFO : 3 points above threshold
2026-09-08T16:13:19.943+01:00 INFO : Filtering template 244/384 segment 3/5
2026-09-08T16:13:19.980+01:00 INFO : 3 points above threshold
2026-09-08T16:13:19.990+01:00 INFO : Filtering template 244/384 segment 4/5
2026-09-08T16:13:20.027+01:00 INFO : 1 points above threshold
2026-09-08T16:13:20.033+01:00 INFO : Filtering template 244/384 segment 5/5
2026-09-08T16:13:20.070+01:00 INFO : 1 points above threshold
2026-09-08T16:13:20.076+01:00 INFO : 244: generating IMRPhenomD from 30.0 Hz
2026-09-08T16:13:20.079+01:00 INFO : Decompressing waveform using inline_linear
2026-09-08T16:13:20.084+01:00 INFO : Filtering template 245/384 segment 1/5
2026-09-08T16:13:20.124+01:00 INFO : Filtering template 245/384 segment 2/5
2026-09-08T16:13:20.161+01:00 INFO : 2 points above threshold
2026-09-08T16:13:20.175+01:00 INFO : Filtering template 245/384 segment 3/5
2026-09-08T16:13:20.212+01:00 INFO : 2 points above threshold
2026-09-08T16:13:20.220+01:00 INFO : Filtering template 245/384 segment 4/5
2026-09-08T16:13:20.257+01:00 INFO : 1 points above threshold
2026-09-08T16:13:20.263+01:00 INFO : Filtering template 245/384 segment 5/5
2026-09-08T16:13:20.300+01:00 INFO : 245: generating IMRPhenomD from 30.0 Hz
2026-09-08T16:13:20.303+01:00 INFO : Decompressing waveform using inline_linear
2026-09-08T16:13:20.308+01:00 INFO : Filtering template 246/384 segment 1/5
2026-09-08T16:13:20.348+01:00 INFO : Filtering template 246/384 segment 2/5
2026-09-08T16:13:20.385+01:00 INFO : Filtering template 246/384 segment 3/5
2026-09-08T16:13:20.422+01:00 INFO : 1 points above threshold
2026-09-08T16:13:20.435+01:00 INFO : Filtering template 246/384 segment 4/5
2026-09-08T16:13:20.472+01:00 INFO : Filtering template 246/384 segment 5/5
2026-09-08T16:13:20.509+01:00 INFO : 246: generating IMRPhenomD from 30.0 Hz
2026-09-08T16:13:20.512+01:00 INFO : Decompressing waveform using inline_linear
2026-09-08T16:13:20.517+01:00 INFO : Filtering template 247/384 segment 1/5
2026-09-08T16:13:20.557+01:00 INFO : Filtering template 247/384 segment 2/5
2026-09-08T16:13:20.594+01:00 INFO : Filtering template 247/384 segment 3/5
2026-09-08T16:13:20.631+01:00 INFO : Filtering template 247/384 segment 4/5
2026-09-08T16:13:20.668+01:00 INFO : Filtering template 247/384 segment 5/5
2026-09-08T16:13:20.705+01:00 INFO : 247: generating IMRPhenomD from 30.0 Hz
2026-09-08T16:13:20.708+01:00 INFO : Decompressing waveform using inline_linear
2026-09-08T16:13:20.713+01:00 INFO : Filtering template 248/384 segment 1/5
2026-09-08T16:13:20.753+01:00 INFO : 2 points above threshold
2026-09-08T16:13:20.767+01:00 INFO : Filtering template 248/384 segment 2/5
2026-09-08T16:13:20.804+01:00 INFO : 1 points above threshold
2026-09-08T16:13:20.810+01:00 INFO : Filtering template 248/384 segment 3/5
2026-09-08T16:13:20.847+01:00 INFO : 2 points above threshold
2026-09-08T16:13:20.855+01:00 INFO : Filtering template 248/384 segment 4/5
2026-09-08T16:13:20.892+01:00 INFO : Filtering template 248/384 segment 5/5
2026-09-08T16:13:20.930+01:00 INFO : 248: generating IMRPhenomD from 30.0 Hz
2026-09-08T16:13:20.932+01:00 INFO : Decompressing waveform using inline_linear
2026-09-08T16:13:20.937+01:00 INFO : Filtering template 249/384 segment 1/5
2026-09-08T16:13:20.977+01:00 INFO : 1 points above threshold
2026-09-08T16:13:20.990+01:00 INFO : Filtering template 249/384 segment 2/5
2026-09-08T16:13:21.027+01:00 INFO : 1 points above threshold
2026-09-08T16:13:21.033+01:00 INFO : Filtering template 249/384 segment 3/5
2026-09-08T16:13:21.070+01:00 INFO : 2 points above threshold
2026-09-08T16:13:21.077+01:00 INFO : Filtering template 249/384 segment 4/5
2026-09-08T16:13:21.114+01:00 INFO : 2 points above threshold
2026-09-08T16:13:21.122+01:00 INFO : Filtering template 249/384 segment 5/5
2026-09-08T16:13:21.159+01:00 INFO : 1 points above threshold
2026-09-08T16:13:21.166+01:00 INFO : 249: generating IMRPhenomD from 30.0 Hz
2026-09-08T16:13:21.168+01:00 INFO : Decompressing waveform using inline_linear
2026-09-08T16:13:21.173+01:00 INFO : Filtering template 250/384 segment 1/5
2026-09-08T16:13:21.214+01:00 INFO : Filtering template 250/384 segment 2/5
2026-09-08T16:13:21.251+01:00 INFO : 1 points above threshold
2026-09-08T16:13:21.263+01:00 INFO : Filtering template 250/384 segment 3/5
2026-09-08T16:13:21.300+01:00 INFO : 2 points above threshold
2026-09-08T16:13:21.308+01:00 INFO : Filtering template 250/384 segment 4/5
2026-09-08T16:13:21.345+01:00 INFO : 2 points above threshold
2026-09-08T16:13:21.352+01:00 INFO : Filtering template 250/384 segment 5/5
2026-09-08T16:13:21.390+01:00 INFO : 250: generating IMRPhenomD from 30.0 Hz
2026-09-08T16:13:21.392+01:00 INFO : Decompressing waveform using inline_linear
2026-09-08T16:13:21.397+01:00 INFO : Filtering template 251/384 segment 1/5
2026-09-08T16:13:21.437+01:00 INFO : 3 points above threshold
2026-09-08T16:13:21.454+01:00 INFO : Filtering template 251/384 segment 2/5
2026-09-08T16:13:21.491+01:00 INFO : Filtering template 251/384 segment 3/5
2026-09-08T16:13:21.528+01:00 INFO : Filtering template 251/384 segment 4/5
2026-09-08T16:13:21.565+01:00 INFO : 2 points above threshold
2026-09-08T16:13:21.573+01:00 INFO : Filtering template 251/384 segment 5/5
2026-09-08T16:13:21.610+01:00 INFO : 1 points above threshold
2026-09-08T16:13:21.616+01:00 INFO : 251: generating IMRPhenomD from 30.0 Hz
2026-09-08T16:13:21.619+01:00 INFO : Decompressing waveform using inline_linear
2026-09-08T16:13:21.623+01:00 INFO : Filtering template 252/384 segment 1/5
2026-09-08T16:13:21.664+01:00 INFO : 3 points above threshold
2026-09-08T16:13:21.680+01:00 INFO : Filtering template 252/384 segment 2/5
2026-09-08T16:13:21.717+01:00 INFO : 2 points above threshold
2026-09-08T16:13:21.725+01:00 INFO : Filtering template 252/384 segment 3/5
2026-09-08T16:13:21.762+01:00 INFO : 3 points above threshold
2026-09-08T16:13:21.772+01:00 INFO : Filtering template 252/384 segment 4/5
2026-09-08T16:13:21.809+01:00 INFO : 3 points above threshold
2026-09-08T16:13:21.820+01:00 INFO : Filtering template 252/384 segment 5/5
2026-09-08T16:13:21.862+01:00 INFO : 252: generating IMRPhenomD from 30.0 Hz
2026-09-08T16:13:21.865+01:00 INFO : Decompressing waveform using inline_linear
2026-09-08T16:13:21.870+01:00 INFO : Filtering template 253/384 segment 1/5
2026-09-08T16:13:21.916+01:00 INFO : 4 points above threshold
2026-09-08T16:13:21.936+01:00 INFO : Filtering template 253/384 segment 2/5
2026-09-08T16:13:21.973+01:00 INFO : Filtering template 253/384 segment 3/5
2026-09-08T16:13:22.010+01:00 INFO : 1 points above threshold
2026-09-08T16:13:22.016+01:00 INFO : Filtering template 253/384 segment 4/5
2026-09-08T16:13:22.053+01:00 INFO : 2 points above threshold
2026-09-08T16:13:22.061+01:00 INFO : Filtering template 253/384 segment 5/5
2026-09-08T16:13:22.098+01:00 INFO : 253: generating IMRPhenomD from 30.0 Hz
2026-09-08T16:13:22.101+01:00 INFO : Decompressing waveform using inline_linear
2026-09-08T16:13:22.106+01:00 INFO : Filtering template 254/384 segment 1/5
2026-09-08T16:13:22.146+01:00 INFO : 3 points above threshold
2026-09-08T16:13:22.165+01:00 INFO : Filtering template 254/384 segment 2/5
2026-09-08T16:13:22.202+01:00 INFO : 2 points above threshold
2026-09-08T16:13:22.210+01:00 INFO : Filtering template 254/384 segment 3/5
2026-09-08T16:13:22.247+01:00 INFO : 2 points above threshold
2026-09-08T16:13:22.255+01:00 INFO : Filtering template 254/384 segment 4/5
2026-09-08T16:13:22.292+01:00 INFO : 4 points above threshold
2026-09-08T16:13:22.302+01:00 INFO : Filtering template 254/384 segment 5/5
2026-09-08T16:13:22.338+01:00 INFO : 1 points above threshold
2026-09-08T16:13:22.345+01:00 INFO : 254: generating IMRPhenomD from 30.0 Hz
2026-09-08T16:13:22.347+01:00 INFO : Decompressing waveform using inline_linear
2026-09-08T16:13:22.352+01:00 INFO : Filtering template 255/384 segment 1/5
2026-09-08T16:13:22.393+01:00 INFO : 3 points above threshold
2026-09-08T16:13:22.409+01:00 INFO : Filtering template 255/384 segment 2/5
2026-09-08T16:13:22.446+01:00 INFO : 3 points above threshold
2026-09-08T16:13:22.456+01:00 INFO : Filtering template 255/384 segment 3/5
2026-09-08T16:13:22.493+01:00 INFO : Filtering template 255/384 segment 4/5
2026-09-08T16:13:22.530+01:00 INFO : Filtering template 255/384 segment 5/5
2026-09-08T16:13:22.567+01:00 INFO : 1 points above threshold
2026-09-08T16:13:22.574+01:00 INFO : 255: generating IMRPhenomD from 30.0 Hz
2026-09-08T16:13:22.576+01:00 INFO : Decompressing waveform using inline_linear
2026-09-08T16:13:22.581+01:00 INFO : Filtering template 256/384 segment 1/5
2026-09-08T16:13:22.621+01:00 INFO : 2 points above threshold
2026-09-08T16:13:22.635+01:00 INFO : Filtering template 256/384 segment 2/5
2026-09-08T16:13:22.672+01:00 INFO : 1 points above threshold
2026-09-08T16:13:22.678+01:00 INFO : Filtering template 256/384 segment 3/5
2026-09-08T16:13:22.715+01:00 INFO : 1 points above threshold
2026-09-08T16:13:22.721+01:00 INFO : Filtering template 256/384 segment 4/5
2026-09-08T16:13:22.758+01:00 INFO : 1 points above threshold
2026-09-08T16:13:22.764+01:00 INFO : Filtering template 256/384 segment 5/5
2026-09-08T16:13:22.801+01:00 INFO : 256: generating IMRPhenomD from 30.0 Hz
2026-09-08T16:13:22.804+01:00 INFO : Decompressing waveform using inline_linear
2026-09-08T16:13:22.809+01:00 INFO : Filtering template 257/384 segment 1/5
2026-09-08T16:13:22.849+01:00 INFO : 2 points above threshold
2026-09-08T16:13:22.863+01:00 INFO : Filtering template 257/384 segment 2/5
2026-09-08T16:13:22.900+01:00 INFO : 2 points above threshold
2026-09-08T16:13:22.908+01:00 INFO : Filtering template 257/384 segment 3/5
2026-09-08T16:13:22.945+01:00 INFO : 1 points above threshold
2026-09-08T16:13:22.951+01:00 INFO : Filtering template 257/384 segment 4/5
2026-09-08T16:13:22.988+01:00 INFO : 2 points above threshold
2026-09-08T16:13:22.995+01:00 INFO : Filtering template 257/384 segment 5/5
2026-09-08T16:13:23.033+01:00 INFO : 257: generating IMRPhenomD from 30.0 Hz
2026-09-08T16:13:23.035+01:00 INFO : Decompressing waveform using inline_linear
2026-09-08T16:13:23.040+01:00 INFO : Filtering template 258/384 segment 1/5
2026-09-08T16:13:23.080+01:00 INFO : 1 points above threshold
2026-09-08T16:13:23.093+01:00 INFO : Filtering template 258/384 segment 2/5
2026-09-08T16:13:23.130+01:00 INFO : 1 points above threshold
2026-09-08T16:13:23.136+01:00 INFO : Filtering template 258/384 segment 3/5
2026-09-08T16:13:23.173+01:00 INFO : 2 points above threshold
2026-09-08T16:13:23.180+01:00 INFO : Filtering template 258/384 segment 4/5
2026-09-08T16:13:23.217+01:00 INFO : 1 points above threshold
2026-09-08T16:13:23.223+01:00 INFO : Filtering template 258/384 segment 5/5
2026-09-08T16:13:23.260+01:00 INFO : 258: generating IMRPhenomD from 30.0 Hz
2026-09-08T16:13:23.263+01:00 INFO : Decompressing waveform using inline_linear
2026-09-08T16:13:23.268+01:00 INFO : Filtering template 259/384 segment 1/5
2026-09-08T16:13:23.308+01:00 INFO : 3 points above threshold
2026-09-08T16:13:23.325+01:00 INFO : Filtering template 259/384 segment 2/5
2026-09-08T16:13:23.362+01:00 INFO : Filtering template 259/384 segment 3/5
2026-09-08T16:13:23.399+01:00 INFO : 1 points above threshold
2026-09-08T16:13:23.406+01:00 INFO : Filtering template 259/384 segment 4/5
2026-09-08T16:13:23.443+01:00 INFO : Filtering template 259/384 segment 5/5
2026-09-08T16:13:23.480+01:00 INFO : 259: generating IMRPhenomD from 30.0 Hz
2026-09-08T16:13:23.483+01:00 INFO : Decompressing waveform using inline_linear
2026-09-08T16:13:23.488+01:00 INFO : Filtering template 260/384 segment 1/5
2026-09-08T16:13:23.528+01:00 INFO : 1 points above threshold
2026-09-08T16:13:23.540+01:00 INFO : Filtering template 260/384 segment 2/5
2026-09-08T16:13:23.577+01:00 INFO : 1 points above threshold
2026-09-08T16:13:23.583+01:00 INFO : Filtering template 260/384 segment 3/5
2026-09-08T16:13:23.620+01:00 INFO : 1 points above threshold
2026-09-08T16:13:23.626+01:00 INFO : Filtering template 260/384 segment 4/5
2026-09-08T16:13:23.663+01:00 INFO : 1 points above threshold
2026-09-08T16:13:23.669+01:00 INFO : Filtering template 260/384 segment 5/5
2026-09-08T16:13:23.706+01:00 INFO : 1 points above threshold
2026-09-08T16:13:23.712+01:00 INFO : 260: generating IMRPhenomD from 30.0 Hz
2026-09-08T16:13:23.714+01:00 INFO : Decompressing waveform using inline_linear
2026-09-08T16:13:23.719+01:00 INFO : Filtering template 261/384 segment 1/5
2026-09-08T16:13:23.759+01:00 INFO : Filtering template 261/384 segment 2/5
2026-09-08T16:13:23.796+01:00 INFO : Filtering template 261/384 segment 3/5
2026-09-08T16:13:23.833+01:00 INFO : 1 points above threshold
2026-09-08T16:13:23.845+01:00 INFO : Filtering template 261/384 segment 4/5
2026-09-08T16:13:23.883+01:00 INFO : 2 points above threshold
2026-09-08T16:13:23.890+01:00 INFO : Filtering template 261/384 segment 5/5
2026-09-08T16:13:23.928+01:00 INFO : 261: generating IMRPhenomD from 30.0 Hz
2026-09-08T16:13:23.930+01:00 INFO : Decompressing waveform using inline_linear
2026-09-08T16:13:23.935+01:00 INFO : Filtering template 262/384 segment 1/5
2026-09-08T16:13:23.976+01:00 INFO : 2 points above threshold
2026-09-08T16:13:23.991+01:00 INFO : Filtering template 262/384 segment 2/5
2026-09-08T16:13:24.028+01:00 INFO : 2 points above threshold
2026-09-08T16:13:24.036+01:00 INFO : Filtering template 262/384 segment 3/5
2026-09-08T16:13:24.074+01:00 INFO : Filtering template 262/384 segment 4/5
2026-09-08T16:13:24.111+01:00 INFO : 2 points above threshold
2026-09-08T16:13:24.118+01:00 INFO : Filtering template 262/384 segment 5/5
2026-09-08T16:13:24.155+01:00 INFO : 2 points above threshold
2026-09-08T16:13:24.164+01:00 INFO : 262: generating IMRPhenomD from 30.0 Hz
2026-09-08T16:13:24.166+01:00 INFO : Decompressing waveform using inline_linear
2026-09-08T16:13:24.171+01:00 INFO : Filtering template 263/384 segment 1/5
2026-09-08T16:13:24.211+01:00 INFO : Filtering template 263/384 segment 2/5
2026-09-08T16:13:24.248+01:00 INFO : 1 points above threshold
2026-09-08T16:13:24.260+01:00 INFO : Filtering template 263/384 segment 3/5
2026-09-08T16:13:24.297+01:00 INFO : 1 points above threshold
2026-09-08T16:13:24.303+01:00 INFO : Filtering template 263/384 segment 4/5
2026-09-08T16:13:24.340+01:00 INFO : 3 points above threshold
2026-09-08T16:13:24.350+01:00 INFO : Filtering template 263/384 segment 5/5
2026-09-08T16:13:24.387+01:00 INFO : 263: generating IMRPhenomD from 30.0 Hz
2026-09-08T16:13:24.390+01:00 INFO : Decompressing waveform using inline_linear
2026-09-08T16:13:24.395+01:00 INFO : Filtering template 264/384 segment 1/5
2026-09-08T16:13:24.435+01:00 INFO : 2 points above threshold
2026-09-08T16:13:24.449+01:00 INFO : Filtering template 264/384 segment 2/5
2026-09-08T16:13:24.486+01:00 INFO : 1 points above threshold
2026-09-08T16:13:24.492+01:00 INFO : Filtering template 264/384 segment 3/5
2026-09-08T16:13:24.529+01:00 INFO : 1 points above threshold
2026-09-08T16:13:24.535+01:00 INFO : Filtering template 264/384 segment 4/5
2026-09-08T16:13:24.572+01:00 INFO : 3 points above threshold
2026-09-08T16:13:24.582+01:00 INFO : Filtering template 264/384 segment 5/5
2026-09-08T16:13:24.619+01:00 INFO : 3 points above threshold
2026-09-08T16:13:24.630+01:00 INFO : 264: generating IMRPhenomD from 30.0 Hz
2026-09-08T16:13:24.632+01:00 INFO : Decompressing waveform using inline_linear
2026-09-08T16:13:24.637+01:00 INFO : Filtering template 265/384 segment 1/5
2026-09-08T16:13:24.677+01:00 INFO : 1 points above threshold
2026-09-08T16:13:24.690+01:00 INFO : Filtering template 265/384 segment 2/5
2026-09-08T16:13:24.726+01:00 INFO : 1 points above threshold
2026-09-08T16:13:24.732+01:00 INFO : Filtering template 265/384 segment 3/5
2026-09-08T16:13:24.770+01:00 INFO : 1 points above threshold
2026-09-08T16:13:24.776+01:00 INFO : Filtering template 265/384 segment 4/5
2026-09-08T16:13:24.813+01:00 INFO : Filtering template 265/384 segment 5/5
2026-09-08T16:13:24.850+01:00 INFO : 1 points above threshold
2026-09-08T16:13:24.856+01:00 INFO : 265: generating IMRPhenomD from 30.0 Hz
2026-09-08T16:13:24.859+01:00 INFO : Decompressing waveform using inline_linear
2026-09-08T16:13:24.864+01:00 INFO : Filtering template 266/384 segment 1/5
2026-09-08T16:13:24.904+01:00 INFO : 3 points above threshold
2026-09-08T16:13:24.920+01:00 INFO : Filtering template 266/384 segment 2/5
2026-09-08T16:13:24.957+01:00 INFO : 3 points above threshold
2026-09-08T16:13:24.967+01:00 INFO : Filtering template 266/384 segment 3/5
2026-09-08T16:13:25.004+01:00 INFO : Filtering template 266/384 segment 4/5
2026-09-08T16:13:25.041+01:00 INFO : 1 points above threshold
2026-09-08T16:13:25.047+01:00 INFO : Filtering template 266/384 segment 5/5
2026-09-08T16:13:25.085+01:00 INFO : 266: generating IMRPhenomD from 30.0 Hz
2026-09-08T16:13:25.087+01:00 INFO : Decompressing waveform using inline_linear
2026-09-08T16:13:25.092+01:00 INFO : Filtering template 267/384 segment 1/5
2026-09-08T16:13:25.133+01:00 INFO : Filtering template 267/384 segment 2/5
2026-09-08T16:13:25.170+01:00 INFO : 1 points above threshold
2026-09-08T16:13:25.184+01:00 INFO : Filtering template 267/384 segment 3/5
2026-09-08T16:13:25.222+01:00 INFO : 2 points above threshold
2026-09-08T16:13:25.229+01:00 INFO : Filtering template 267/384 segment 4/5
2026-09-08T16:13:25.267+01:00 INFO : Filtering template 267/384 segment 5/5
2026-09-08T16:13:25.303+01:00 INFO : 2 points above threshold
2026-09-08T16:13:25.312+01:00 INFO : 267: generating IMRPhenomD from 30.0 Hz
2026-09-08T16:13:25.314+01:00 INFO : Decompressing waveform using inline_linear
2026-09-08T16:13:25.319+01:00 INFO : Filtering template 268/384 segment 1/5
2026-09-08T16:13:25.359+01:00 INFO : 1 points above threshold
2026-09-08T16:13:25.371+01:00 INFO : Filtering template 268/384 segment 2/5
2026-09-08T16:13:25.408+01:00 INFO : Filtering template 268/384 segment 3/5
2026-09-08T16:13:25.445+01:00 INFO : 1 points above threshold
2026-09-08T16:13:25.451+01:00 INFO : Filtering template 268/384 segment 4/5
2026-09-08T16:13:25.488+01:00 INFO : Filtering template 268/384 segment 5/5
2026-09-08T16:13:25.526+01:00 INFO : 2 points above threshold
2026-09-08T16:13:25.534+01:00 INFO : 268: generating IMRPhenomD from 30.0 Hz
2026-09-08T16:13:25.537+01:00 INFO : Decompressing waveform using inline_linear
2026-09-08T16:13:25.541+01:00 INFO : Filtering template 269/384 segment 1/5
2026-09-08T16:13:25.582+01:00 INFO : Filtering template 269/384 segment 2/5
2026-09-08T16:13:25.619+01:00 INFO : 1 points above threshold
2026-09-08T16:13:25.631+01:00 INFO : Filtering template 269/384 segment 3/5
2026-09-08T16:13:25.668+01:00 INFO : Filtering template 269/384 segment 4/5
2026-09-08T16:13:25.705+01:00 INFO : 1 points above threshold
2026-09-08T16:13:25.711+01:00 INFO : Filtering template 269/384 segment 5/5
2026-09-08T16:13:25.748+01:00 INFO : 269: generating IMRPhenomD from 30.0 Hz
2026-09-08T16:13:25.751+01:00 INFO : Decompressing waveform using inline_linear
2026-09-08T16:13:25.756+01:00 INFO : Filtering template 270/384 segment 1/5
2026-09-08T16:13:25.796+01:00 INFO : Filtering template 270/384 segment 2/5
2026-09-08T16:13:25.833+01:00 INFO : Filtering template 270/384 segment 3/5
2026-09-08T16:13:25.870+01:00 INFO : Filtering template 270/384 segment 4/5
2026-09-08T16:13:25.907+01:00 INFO : 1 points above threshold
2026-09-08T16:13:25.919+01:00 INFO : Filtering template 270/384 segment 5/5
2026-09-08T16:13:25.957+01:00 INFO : 270: generating IMRPhenomD from 30.0 Hz
2026-09-08T16:13:25.959+01:00 INFO : Decompressing waveform using inline_linear
2026-09-08T16:13:25.964+01:00 INFO : Filtering template 271/384 segment 1/5
2026-09-08T16:13:26.005+01:00 INFO : 2 points above threshold
2026-09-08T16:13:26.019+01:00 INFO : Filtering template 271/384 segment 2/5
2026-09-08T16:13:26.056+01:00 INFO : Filtering template 271/384 segment 3/5
2026-09-08T16:13:26.093+01:00 INFO : 1 points above threshold
2026-09-08T16:13:26.099+01:00 INFO : Filtering template 271/384 segment 4/5
2026-09-08T16:13:26.136+01:00 INFO : 1 points above threshold
2026-09-08T16:13:26.142+01:00 INFO : Filtering template 271/384 segment 5/5
2026-09-08T16:13:26.179+01:00 INFO : 3 points above threshold
2026-09-08T16:13:26.189+01:00 INFO : 271: generating IMRPhenomD from 30.0 Hz
2026-09-08T16:13:26.191+01:00 INFO : Decompressing waveform using inline_linear
2026-09-08T16:13:26.196+01:00 INFO : Filtering template 272/384 segment 1/5
2026-09-08T16:13:26.237+01:00 INFO : 2 points above threshold
2026-09-08T16:13:26.251+01:00 INFO : Filtering template 272/384 segment 2/5
2026-09-08T16:13:26.288+01:00 INFO : 1 points above threshold
2026-09-08T16:13:26.295+01:00 INFO : Filtering template 272/384 segment 3/5
2026-09-08T16:13:26.332+01:00 INFO : 1 points above threshold
2026-09-08T16:13:26.338+01:00 INFO : Filtering template 272/384 segment 4/5
2026-09-08T16:13:26.375+01:00 INFO : Filtering template 272/384 segment 5/5
2026-09-08T16:13:26.411+01:00 INFO : 1 points above threshold
2026-09-08T16:13:26.418+01:00 INFO : 272: generating IMRPhenomD from 30.0 Hz
2026-09-08T16:13:26.420+01:00 INFO : Decompressing waveform using inline_linear
2026-09-08T16:13:26.425+01:00 INFO : Filtering template 273/384 segment 1/5
2026-09-08T16:13:26.465+01:00 INFO : 1 points above threshold
2026-09-08T16:13:26.477+01:00 INFO : Filtering template 273/384 segment 2/5
2026-09-08T16:13:26.514+01:00 INFO : Filtering template 273/384 segment 3/5
2026-09-08T16:13:26.552+01:00 INFO : 1 points above threshold
2026-09-08T16:13:26.557+01:00 INFO : Filtering template 273/384 segment 4/5
2026-09-08T16:13:26.595+01:00 INFO : 2 points above threshold
2026-09-08T16:13:26.602+01:00 INFO : Filtering template 273/384 segment 5/5
2026-09-08T16:13:26.640+01:00 INFO : 273: generating IMRPhenomD from 30.0 Hz
2026-09-08T16:13:26.642+01:00 INFO : Decompressing waveform using inline_linear
2026-09-08T16:13:26.647+01:00 INFO : Filtering template 274/384 segment 1/5
2026-09-08T16:13:26.688+01:00 INFO : 1 points above threshold
2026-09-08T16:13:26.700+01:00 INFO : Filtering template 274/384 segment 2/5
2026-09-08T16:13:26.737+01:00 INFO : 2 points above threshold
2026-09-08T16:13:26.745+01:00 INFO : Filtering template 274/384 segment 3/5
2026-09-08T16:13:26.782+01:00 INFO : 3 points above threshold
2026-09-08T16:13:26.792+01:00 INFO : Filtering template 274/384 segment 4/5
2026-09-08T16:13:26.829+01:00 INFO : 1 points above threshold
2026-09-08T16:13:26.835+01:00 INFO : Filtering template 274/384 segment 5/5
2026-09-08T16:13:26.872+01:00 INFO : 3 points above threshold
2026-09-08T16:13:26.882+01:00 INFO : 274: generating IMRPhenomD from 30.0 Hz
2026-09-08T16:13:26.885+01:00 INFO : Decompressing waveform using inline_linear
2026-09-08T16:13:26.890+01:00 INFO : Filtering template 275/384 segment 1/5
2026-09-08T16:13:26.932+01:00 INFO : 1 points above threshold
2026-09-08T16:13:26.946+01:00 INFO : Filtering template 275/384 segment 2/5
2026-09-08T16:13:26.986+01:00 INFO : 1 points above threshold
2026-09-08T16:13:26.993+01:00 INFO : Filtering template 275/384 segment 3/5
2026-09-08T16:13:27.030+01:00 INFO : Filtering template 275/384 segment 4/5
2026-09-08T16:13:27.067+01:00 INFO : 2 points above threshold
2026-09-08T16:13:27.075+01:00 INFO : Filtering template 275/384 segment 5/5
2026-09-08T16:13:27.112+01:00 INFO : 1 points above threshold
2026-09-08T16:13:27.118+01:00 INFO : 275: generating IMRPhenomD from 30.0 Hz
2026-09-08T16:13:27.120+01:00 INFO : Decompressing waveform using inline_linear
2026-09-08T16:13:27.126+01:00 INFO : Filtering template 276/384 segment 1/5
2026-09-08T16:13:27.166+01:00 INFO : 2 points above threshold
2026-09-08T16:13:27.180+01:00 INFO : Filtering template 276/384 segment 2/5
2026-09-08T16:13:27.217+01:00 INFO : 2 points above threshold
2026-09-08T16:13:27.225+01:00 INFO : Filtering template 276/384 segment 3/5
2026-09-08T16:13:27.263+01:00 INFO : 2 points above threshold
2026-09-08T16:13:27.270+01:00 INFO : Filtering template 276/384 segment 4/5
2026-09-08T16:13:27.307+01:00 INFO : 4 points above threshold
2026-09-08T16:13:27.317+01:00 INFO : Filtering template 276/384 segment 5/5
2026-09-08T16:13:27.354+01:00 INFO : 1 points above threshold
2026-09-08T16:13:27.360+01:00 INFO : 276: generating IMRPhenomD from 30.0 Hz
2026-09-08T16:13:27.363+01:00 INFO : Decompressing waveform using inline_linear
2026-09-08T16:13:27.368+01:00 INFO : Filtering template 277/384 segment 1/5
2026-09-08T16:13:27.408+01:00 INFO : 2 points above threshold
2026-09-08T16:13:27.425+01:00 INFO : Filtering template 277/384 segment 2/5
2026-09-08T16:13:27.462+01:00 INFO : Filtering template 277/384 segment 3/5
2026-09-08T16:13:27.499+01:00 INFO : Filtering template 277/384 segment 4/5
2026-09-08T16:13:27.536+01:00 INFO : 1 points above threshold
2026-09-08T16:13:27.542+01:00 INFO : Filtering template 277/384 segment 5/5
2026-09-08T16:13:27.579+01:00 INFO : 277: generating IMRPhenomD from 30.0 Hz
2026-09-08T16:13:27.582+01:00 INFO : Decompressing waveform using inline_linear
2026-09-08T16:13:27.587+01:00 INFO : Filtering template 278/384 segment 1/5
2026-09-08T16:13:27.627+01:00 INFO : Filtering template 278/384 segment 2/5
2026-09-08T16:13:27.664+01:00 INFO : 2 points above threshold
2026-09-08T16:13:27.678+01:00 INFO : Filtering template 278/384 segment 3/5
2026-09-08T16:13:27.715+01:00 INFO : Filtering template 278/384 segment 4/5
2026-09-08T16:13:27.752+01:00 INFO : 1 points above threshold
2026-09-08T16:13:27.758+01:00 INFO : Filtering template 278/384 segment 5/5
2026-09-08T16:13:27.795+01:00 INFO : 1 points above threshold
2026-09-08T16:13:27.802+01:00 INFO : 278: generating IMRPhenomD from 30.0 Hz
2026-09-08T16:13:27.804+01:00 INFO : Decompressing waveform using inline_linear
2026-09-08T16:13:27.809+01:00 INFO : Filtering template 279/384 segment 1/5
2026-09-08T16:13:27.849+01:00 INFO : 2 points above threshold
2026-09-08T16:13:27.863+01:00 INFO : Filtering template 279/384 segment 2/5
2026-09-08T16:13:27.901+01:00 INFO : 1 points above threshold
2026-09-08T16:13:27.906+01:00 INFO : Filtering template 279/384 segment 3/5
2026-09-08T16:13:27.943+01:00 INFO : 1 points above threshold
2026-09-08T16:13:27.949+01:00 INFO : Filtering template 279/384 segment 4/5
2026-09-08T16:13:27.986+01:00 INFO : 3 points above threshold
2026-09-08T16:13:27.996+01:00 INFO : Filtering template 279/384 segment 5/5
2026-09-08T16:13:28.034+01:00 INFO : 279: generating IMRPhenomD from 30.0 Hz
2026-09-08T16:13:28.036+01:00 INFO : Decompressing waveform using inline_linear
2026-09-08T16:13:28.041+01:00 INFO : Filtering template 280/384 segment 1/5
2026-09-08T16:13:28.081+01:00 INFO : 2 points above threshold
2026-09-08T16:13:28.099+01:00 INFO : Filtering template 280/384 segment 2/5
2026-09-08T16:13:28.135+01:00 INFO : 1 points above threshold
2026-09-08T16:13:28.141+01:00 INFO : Filtering template 280/384 segment 3/5
2026-09-08T16:13:28.178+01:00 INFO : 1 points above threshold
2026-09-08T16:13:28.185+01:00 INFO : Filtering template 280/384 segment 4/5
2026-09-08T16:13:28.221+01:00 INFO : 1 points above threshold
2026-09-08T16:13:28.227+01:00 INFO : Filtering template 280/384 segment 5/5
2026-09-08T16:13:28.265+01:00 INFO : 280: generating IMRPhenomD from 30.0 Hz
2026-09-08T16:13:28.267+01:00 INFO : Decompressing waveform using inline_linear
2026-09-08T16:13:28.272+01:00 INFO : Filtering template 281/384 segment 1/5
2026-09-08T16:13:28.313+01:00 INFO : 2 points above threshold
2026-09-08T16:13:28.327+01:00 INFO : Filtering template 281/384 segment 2/5
2026-09-08T16:13:28.364+01:00 INFO : Filtering template 281/384 segment 3/5
2026-09-08T16:13:28.401+01:00 INFO : Filtering template 281/384 segment 4/5
2026-09-08T16:13:28.438+01:00 INFO : 3 points above threshold
2026-09-08T16:13:28.448+01:00 INFO : Filtering template 281/384 segment 5/5
2026-09-08T16:13:28.484+01:00 INFO : 3 points above threshold
2026-09-08T16:13:28.495+01:00 INFO : 281: generating IMRPhenomD from 30.0 Hz
2026-09-08T16:13:28.497+01:00 INFO : Decompressing waveform using inline_linear
2026-09-08T16:13:28.502+01:00 INFO : Filtering template 282/384 segment 1/5
2026-09-08T16:13:28.542+01:00 INFO : Filtering template 282/384 segment 2/5
2026-09-08T16:13:28.580+01:00 INFO : 1 points above threshold
2026-09-08T16:13:28.592+01:00 INFO : Filtering template 282/384 segment 3/5
2026-09-08T16:13:28.629+01:00 INFO : Filtering template 282/384 segment 4/5
2026-09-08T16:13:28.666+01:00 INFO : 2 points above threshold
2026-09-08T16:13:28.674+01:00 INFO : Filtering template 282/384 segment 5/5
2026-09-08T16:13:28.711+01:00 INFO : 3 points above threshold
2026-09-08T16:13:28.721+01:00 INFO : 282: generating IMRPhenomD from 30.0 Hz
2026-09-08T16:13:28.723+01:00 INFO : Decompressing waveform using inline_linear
2026-09-08T16:13:28.728+01:00 INFO : Filtering template 283/384 segment 1/5
2026-09-08T16:13:28.768+01:00 INFO : Filtering template 283/384 segment 2/5
2026-09-08T16:13:28.805+01:00 INFO : 1 points above threshold
2026-09-08T16:13:28.818+01:00 INFO : Filtering template 283/384 segment 3/5
2026-09-08T16:13:28.854+01:00 INFO : Filtering template 283/384 segment 4/5
2026-09-08T16:13:28.891+01:00 INFO : 5 points above threshold
2026-09-08T16:13:28.904+01:00 INFO : Filtering template 283/384 segment 5/5
2026-09-08T16:13:28.941+01:00 INFO : 3 points above threshold
2026-09-08T16:13:28.951+01:00 INFO : 283: generating IMRPhenomD from 30.0 Hz
2026-09-08T16:13:28.954+01:00 INFO : Decompressing waveform using inline_linear
2026-09-08T16:13:28.958+01:00 INFO : Filtering template 284/384 segment 1/5
2026-09-08T16:13:28.999+01:00 INFO : 2 points above threshold
2026-09-08T16:13:29.013+01:00 INFO : Filtering template 284/384 segment 2/5
2026-09-08T16:13:29.050+01:00 INFO : 1 points above threshold
2026-09-08T16:13:29.056+01:00 INFO : Filtering template 284/384 segment 3/5
2026-09-08T16:13:29.093+01:00 INFO : 2 points above threshold
2026-09-08T16:13:29.101+01:00 INFO : Filtering template 284/384 segment 4/5
2026-09-08T16:13:29.138+01:00 INFO : 1 points above threshold
2026-09-08T16:13:29.144+01:00 INFO : Filtering template 284/384 segment 5/5
2026-09-08T16:13:29.181+01:00 INFO : 284: generating IMRPhenomD from 30.0 Hz
2026-09-08T16:13:29.183+01:00 INFO : Decompressing waveform using inline_linear
2026-09-08T16:13:29.188+01:00 INFO : Filtering template 285/384 segment 1/5
2026-09-08T16:13:29.229+01:00 INFO : 1 points above threshold
2026-09-08T16:13:29.242+01:00 INFO : Filtering template 285/384 segment 2/5
2026-09-08T16:13:29.279+01:00 INFO : 1 points above threshold
2026-09-08T16:13:29.285+01:00 INFO : Filtering template 285/384 segment 3/5
2026-09-08T16:13:29.322+01:00 INFO : 1 points above threshold
2026-09-08T16:13:29.328+01:00 INFO : Filtering template 285/384 segment 4/5
2026-09-08T16:13:29.365+01:00 INFO : 3 points above threshold
2026-09-08T16:13:29.375+01:00 INFO : Filtering template 285/384 segment 5/5
2026-09-08T16:13:29.412+01:00 INFO : 285: generating IMRPhenomD from 30.0 Hz
2026-09-08T16:13:29.415+01:00 INFO : Decompressing waveform using inline_linear
2026-09-08T16:13:29.420+01:00 INFO : Filtering template 286/384 segment 1/5
2026-09-08T16:13:29.460+01:00 INFO : 3 points above threshold
2026-09-08T16:13:29.476+01:00 INFO : Filtering template 286/384 segment 2/5
2026-09-08T16:13:29.513+01:00 INFO : 1 points above threshold
2026-09-08T16:13:29.519+01:00 INFO : Filtering template 286/384 segment 3/5
2026-09-08T16:13:29.556+01:00 INFO : Filtering template 286/384 segment 4/5
2026-09-08T16:13:29.593+01:00 INFO : Filtering template 286/384 segment 5/5
2026-09-08T16:13:29.631+01:00 INFO : 286: generating IMRPhenomD from 30.0 Hz
2026-09-08T16:13:29.633+01:00 INFO : Decompressing waveform using inline_linear
2026-09-08T16:13:29.638+01:00 INFO : Filtering template 287/384 segment 1/5
2026-09-08T16:13:29.678+01:00 INFO : 2 points above threshold
2026-09-08T16:13:29.693+01:00 INFO : Filtering template 287/384 segment 2/5
2026-09-08T16:13:29.729+01:00 INFO : 4 points above threshold
2026-09-08T16:13:29.739+01:00 INFO : Filtering template 287/384 segment 3/5
2026-09-08T16:13:29.776+01:00 INFO : 1 points above threshold
2026-09-08T16:13:29.782+01:00 INFO : Filtering template 287/384 segment 4/5
2026-09-08T16:13:29.819+01:00 INFO : 3 points above threshold
2026-09-08T16:13:29.829+01:00 INFO : Filtering template 287/384 segment 5/5
2026-09-08T16:13:29.866+01:00 INFO : 2 points above threshold
2026-09-08T16:13:29.874+01:00 INFO : 287: generating IMRPhenomD from 30.0 Hz
2026-09-08T16:13:29.876+01:00 INFO : Decompressing waveform using inline_linear
2026-09-08T16:13:29.881+01:00 INFO : Filtering template 288/384 segment 1/5
2026-09-08T16:13:29.922+01:00 INFO : 1 points above threshold
2026-09-08T16:13:29.934+01:00 INFO : Filtering template 288/384 segment 2/5
2026-09-08T16:13:29.971+01:00 INFO : 2 points above threshold
2026-09-08T16:13:29.979+01:00 INFO : Filtering template 288/384 segment 3/5
2026-09-08T16:13:30.016+01:00 INFO : 2 points above threshold
2026-09-08T16:13:30.024+01:00 INFO : Filtering template 288/384 segment 4/5
2026-09-08T16:13:30.061+01:00 INFO : 1 points above threshold
2026-09-08T16:13:30.067+01:00 INFO : Filtering template 288/384 segment 5/5
2026-09-08T16:13:30.104+01:00 INFO : 3 points above threshold
2026-09-08T16:13:30.114+01:00 INFO : 288: generating IMRPhenomD from 30.0 Hz
2026-09-08T16:13:30.117+01:00 INFO : Decompressing waveform using inline_linear
2026-09-08T16:13:30.122+01:00 INFO : Filtering template 289/384 segment 1/5
2026-09-08T16:13:30.162+01:00 INFO : Filtering template 289/384 segment 2/5
2026-09-08T16:13:30.199+01:00 INFO : 2 points above threshold
2026-09-08T16:13:30.213+01:00 INFO : Filtering template 289/384 segment 3/5
2026-09-08T16:13:30.250+01:00 INFO : 1 points above threshold
2026-09-08T16:13:30.256+01:00 INFO : Filtering template 289/384 segment 4/5
2026-09-08T16:13:30.293+01:00 INFO : 1 points above threshold
2026-09-08T16:13:30.299+01:00 INFO : Filtering template 289/384 segment 5/5
2026-09-08T16:13:30.336+01:00 INFO : 2 points above threshold
2026-09-08T16:13:30.344+01:00 INFO : 289: generating IMRPhenomD from 30.0 Hz
2026-09-08T16:13:30.346+01:00 INFO : Decompressing waveform using inline_linear
2026-09-08T16:13:30.351+01:00 INFO : Filtering template 290/384 segment 1/5
2026-09-08T16:13:30.391+01:00 INFO : 3 points above threshold
2026-09-08T16:13:30.408+01:00 INFO : Filtering template 290/384 segment 2/5
2026-09-08T16:13:30.445+01:00 INFO : Filtering template 290/384 segment 3/5
2026-09-08T16:13:30.482+01:00 INFO : 1 points above threshold
2026-09-08T16:13:30.488+01:00 INFO : Filtering template 290/384 segment 4/5
2026-09-08T16:13:30.525+01:00 INFO : 2 points above threshold
2026-09-08T16:13:30.533+01:00 INFO : Filtering template 290/384 segment 5/5
2026-09-08T16:13:30.570+01:00 INFO : 290: generating IMRPhenomD from 30.0 Hz
2026-09-08T16:13:30.573+01:00 INFO : Decompressing waveform using inline_linear
2026-09-08T16:13:30.577+01:00 INFO : Filtering template 291/384 segment 1/5
2026-09-08T16:13:30.618+01:00 INFO : 5 points above threshold
2026-09-08T16:13:30.636+01:00 INFO : Filtering template 291/384 segment 2/5
2026-09-08T16:13:30.673+01:00 INFO : 3 points above threshold
2026-09-08T16:13:30.683+01:00 INFO : Filtering template 291/384 segment 3/5
2026-09-08T16:13:30.720+01:00 INFO : 1 points above threshold
2026-09-08T16:13:30.726+01:00 INFO : Filtering template 291/384 segment 4/5
2026-09-08T16:13:30.763+01:00 INFO : 1 points above threshold
2026-09-08T16:13:30.769+01:00 INFO : Filtering template 291/384 segment 5/5
2026-09-08T16:13:30.807+01:00 INFO : 291: generating IMRPhenomD from 30.0 Hz
2026-09-08T16:13:30.809+01:00 INFO : Decompressing waveform using inline_linear
2026-09-08T16:13:30.814+01:00 INFO : Filtering template 292/384 segment 1/5
2026-09-08T16:13:30.854+01:00 INFO : 1 points above threshold
2026-09-08T16:13:30.867+01:00 INFO : Filtering template 292/384 segment 2/5
2026-09-08T16:13:30.904+01:00 INFO : 1 points above threshold
2026-09-08T16:13:30.910+01:00 INFO : Filtering template 292/384 segment 3/5
2026-09-08T16:13:30.947+01:00 INFO : 1 points above threshold
2026-09-08T16:13:30.953+01:00 INFO : Filtering template 292/384 segment 4/5
2026-09-08T16:13:30.990+01:00 INFO : 2 points above threshold
2026-09-08T16:13:30.997+01:00 INFO : Filtering template 292/384 segment 5/5
2026-09-08T16:13:31.034+01:00 INFO : 1 points above threshold
2026-09-08T16:13:31.041+01:00 INFO : 292: generating IMRPhenomD from 30.0 Hz
2026-09-08T16:13:31.043+01:00 INFO : Decompressing waveform using inline_linear
2026-09-08T16:13:31.048+01:00 INFO : Filtering template 293/384 segment 1/5
2026-09-08T16:13:31.089+01:00 INFO : 2 points above threshold
2026-09-08T16:13:31.103+01:00 INFO : Filtering template 293/384 segment 2/5
2026-09-08T16:13:31.140+01:00 INFO : 3 points above threshold
2026-09-08T16:13:31.150+01:00 INFO : Filtering template 293/384 segment 3/5
2026-09-08T16:13:31.187+01:00 INFO : 3 points above threshold
2026-09-08T16:13:31.197+01:00 INFO : Filtering template 293/384 segment 4/5
2026-09-08T16:13:31.234+01:00 INFO : 3 points above threshold
2026-09-08T16:13:31.244+01:00 INFO : Filtering template 293/384 segment 5/5
2026-09-08T16:13:31.281+01:00 INFO : 3 points above threshold
2026-09-08T16:13:31.292+01:00 INFO : 293: generating IMRPhenomD from 30.0 Hz
2026-09-08T16:13:31.294+01:00 INFO : Decompressing waveform using inline_linear
2026-09-08T16:13:31.299+01:00 INFO : Filtering template 294/384 segment 1/5
2026-09-08T16:13:31.339+01:00 INFO : Filtering template 294/384 segment 2/5
2026-09-08T16:13:31.376+01:00 INFO : 1 points above threshold
2026-09-08T16:13:31.388+01:00 INFO : Filtering template 294/384 segment 3/5
2026-09-08T16:13:31.425+01:00 INFO : 2 points above threshold
2026-09-08T16:13:31.433+01:00 INFO : Filtering template 294/384 segment 4/5
2026-09-08T16:13:31.470+01:00 INFO : 1 points above threshold
2026-09-08T16:13:31.476+01:00 INFO : Filtering template 294/384 segment 5/5
2026-09-08T16:13:31.513+01:00 INFO : 3 points above threshold
2026-09-08T16:13:31.523+01:00 INFO : 294: generating IMRPhenomD from 30.0 Hz
2026-09-08T16:13:31.525+01:00 INFO : Decompressing waveform using inline_linear
2026-09-08T16:13:31.530+01:00 INFO : Filtering template 295/384 segment 1/5
2026-09-08T16:13:31.571+01:00 INFO : 1 points above threshold
2026-09-08T16:13:31.583+01:00 INFO : Filtering template 295/384 segment 2/5
2026-09-08T16:13:31.620+01:00 INFO : 2 points above threshold
2026-09-08T16:13:31.628+01:00 INFO : Filtering template 295/384 segment 3/5
2026-09-08T16:13:31.665+01:00 INFO : 3 points above threshold
2026-09-08T16:13:31.675+01:00 INFO : Filtering template 295/384 segment 4/5
2026-09-08T16:13:31.712+01:00 INFO : 3 points above threshold
2026-09-08T16:13:31.721+01:00 INFO : Filtering template 295/384 segment 5/5
2026-09-08T16:13:31.758+01:00 INFO : 1 points above threshold
2026-09-08T16:13:31.765+01:00 INFO : 295: generating IMRPhenomD from 30.0 Hz
2026-09-08T16:13:31.767+01:00 INFO : Decompressing waveform using inline_linear
2026-09-08T16:13:31.772+01:00 INFO : Filtering template 296/384 segment 1/5
2026-09-08T16:13:31.812+01:00 INFO : 5 points above threshold
2026-09-08T16:13:31.831+01:00 INFO : Filtering template 296/384 segment 2/5
2026-09-08T16:13:31.868+01:00 INFO : 1 points above threshold
2026-09-08T16:13:31.874+01:00 INFO : Filtering template 296/384 segment 3/5
2026-09-08T16:13:31.911+01:00 INFO : 2 points above threshold
2026-09-08T16:13:31.919+01:00 INFO : Filtering template 296/384 segment 4/5
2026-09-08T16:13:31.956+01:00 INFO : Filtering template 296/384 segment 5/5
2026-09-08T16:13:31.993+01:00 INFO : 1 points above threshold
2026-09-08T16:13:32.001+01:00 INFO : 296: generating IMRPhenomD from 30.0 Hz
2026-09-08T16:13:32.004+01:00 INFO : Decompressing waveform using inline_linear
2026-09-08T16:13:32.009+01:00 INFO : Filtering template 297/384 segment 1/5
2026-09-08T16:13:32.055+01:00 INFO : 1 points above threshold
2026-09-08T16:13:32.069+01:00 INFO : Filtering template 297/384 segment 2/5
2026-09-08T16:13:32.112+01:00 INFO : 4 points above threshold
2026-09-08T16:13:32.121+01:00 INFO : Filtering template 297/384 segment 3/5
2026-09-08T16:13:32.159+01:00 INFO : Filtering template 297/384 segment 4/5
2026-09-08T16:13:32.195+01:00 INFO : Filtering template 297/384 segment 5/5
2026-09-08T16:13:32.233+01:00 INFO : 1 points above threshold
2026-09-08T16:13:32.239+01:00 INFO : 297: generating IMRPhenomD from 30.0 Hz
2026-09-08T16:13:32.241+01:00 INFO : Decompressing waveform using inline_linear
2026-09-08T16:13:32.246+01:00 INFO : Filtering template 298/384 segment 1/5
2026-09-08T16:13:32.287+01:00 INFO : 1 points above threshold
2026-09-08T16:13:32.299+01:00 INFO : Filtering template 298/384 segment 2/5
2026-09-08T16:13:32.336+01:00 INFO : 1 points above threshold
2026-09-08T16:13:32.342+01:00 INFO : Filtering template 298/384 segment 3/5
2026-09-08T16:13:32.379+01:00 INFO : 1 points above threshold
2026-09-08T16:13:32.386+01:00 INFO : Filtering template 298/384 segment 4/5
2026-09-08T16:13:32.423+01:00 INFO : 1 points above threshold
2026-09-08T16:13:32.429+01:00 INFO : Filtering template 298/384 segment 5/5
2026-09-08T16:13:32.466+01:00 INFO : 4 points above threshold
2026-09-08T16:13:32.475+01:00 INFO : 298: generating IMRPhenomD from 30.0 Hz
2026-09-08T16:13:32.478+01:00 INFO : Decompressing waveform using inline_linear
2026-09-08T16:13:32.483+01:00 INFO : Filtering template 299/384 segment 1/5
2026-09-08T16:13:32.523+01:00 INFO : 1 points above threshold
2026-09-08T16:13:32.535+01:00 INFO : Filtering template 299/384 segment 2/5
2026-09-08T16:13:32.572+01:00 INFO : 1 points above threshold
2026-09-08T16:13:32.578+01:00 INFO : Filtering template 299/384 segment 3/5
2026-09-08T16:13:32.615+01:00 INFO : Filtering template 299/384 segment 4/5
2026-09-08T16:13:32.652+01:00 INFO : 2 points above threshold
2026-09-08T16:13:32.660+01:00 INFO : Filtering template 299/384 segment 5/5
2026-09-08T16:13:32.697+01:00 INFO : 1 points above threshold
2026-09-08T16:13:32.703+01:00 INFO : 299: generating IMRPhenomD from 30.0 Hz
2026-09-08T16:13:32.705+01:00 INFO : Decompressing waveform using inline_linear
2026-09-08T16:13:32.710+01:00 INFO : Filtering template 300/384 segment 1/5
2026-09-08T16:13:32.750+01:00 INFO : 1 points above threshold
2026-09-08T16:13:32.763+01:00 INFO : Filtering template 300/384 segment 2/5
2026-09-08T16:13:32.800+01:00 INFO : Filtering template 300/384 segment 3/5
2026-09-08T16:13:32.836+01:00 INFO : 1 points above threshold
2026-09-08T16:13:32.842+01:00 INFO : Filtering template 300/384 segment 4/5
2026-09-08T16:13:32.879+01:00 INFO : Filtering template 300/384 segment 5/5
2026-09-08T16:13:32.916+01:00 INFO : 1 points above threshold
2026-09-08T16:13:32.923+01:00 INFO : 300: generating IMRPhenomD from 30.0 Hz
2026-09-08T16:13:32.925+01:00 INFO : Decompressing waveform using inline_linear
2026-09-08T16:13:32.930+01:00 INFO : Filtering template 301/384 segment 1/5
2026-09-08T16:13:32.970+01:00 INFO : 2 points above threshold
2026-09-08T16:13:32.984+01:00 INFO : Filtering template 301/384 segment 2/5
2026-09-08T16:13:33.021+01:00 INFO : Filtering template 301/384 segment 3/5
2026-09-08T16:13:33.058+01:00 INFO : 1 points above threshold
2026-09-08T16:13:33.064+01:00 INFO : Filtering template 301/384 segment 4/5
2026-09-08T16:13:33.101+01:00 INFO : Filtering template 301/384 segment 5/5
2026-09-08T16:13:33.138+01:00 INFO : 1 points above threshold
2026-09-08T16:13:33.144+01:00 INFO : 301: generating IMRPhenomD from 30.0 Hz
2026-09-08T16:13:33.146+01:00 INFO : Decompressing waveform using inline_linear
2026-09-08T16:13:33.151+01:00 INFO : Filtering template 302/384 segment 1/5
2026-09-08T16:13:33.192+01:00 INFO : 3 points above threshold
2026-09-08T16:13:33.208+01:00 INFO : Filtering template 302/384 segment 2/5
2026-09-08T16:13:33.245+01:00 INFO : 1 points above threshold
2026-09-08T16:13:33.251+01:00 INFO : Filtering template 302/384 segment 3/5
2026-09-08T16:13:33.288+01:00 INFO : Filtering template 302/384 segment 4/5
2026-09-08T16:13:33.324+01:00 INFO : 2 points above threshold
2026-09-08T16:13:33.332+01:00 INFO : Filtering template 302/384 segment 5/5
2026-09-08T16:13:33.370+01:00 INFO : 302: generating IMRPhenomD from 30.0 Hz
2026-09-08T16:13:33.372+01:00 INFO : Decompressing waveform using inline_linear
2026-09-08T16:13:33.377+01:00 INFO : Filtering template 303/384 segment 1/5
2026-09-08T16:13:33.418+01:00 INFO : Filtering template 303/384 segment 2/5
2026-09-08T16:13:33.454+01:00 INFO : 1 points above threshold
2026-09-08T16:13:33.470+01:00 INFO : Filtering template 303/384 segment 3/5
2026-09-08T16:13:33.507+01:00 INFO : 2 points above threshold
2026-09-08T16:13:33.515+01:00 INFO : Filtering template 303/384 segment 4/5
2026-09-08T16:13:33.552+01:00 INFO : 1 points above threshold
2026-09-08T16:13:33.558+01:00 INFO : Filtering template 303/384 segment 5/5
2026-09-08T16:13:33.595+01:00 INFO : 1 points above threshold
2026-09-08T16:13:33.601+01:00 INFO : 303: generating IMRPhenomD from 30.0 Hz
2026-09-08T16:13:33.603+01:00 INFO : Decompressing waveform using inline_linear
2026-09-08T16:13:33.608+01:00 INFO : Filtering template 304/384 segment 1/5
2026-09-08T16:13:33.648+01:00 INFO : 2 points above threshold
2026-09-08T16:13:33.662+01:00 INFO : Filtering template 304/384 segment 2/5
2026-09-08T16:13:33.699+01:00 INFO : 1 points above threshold
2026-09-08T16:13:33.705+01:00 INFO : Filtering template 304/384 segment 3/5
2026-09-08T16:13:33.742+01:00 INFO : Filtering template 304/384 segment 4/5
2026-09-08T16:13:33.779+01:00 INFO : Filtering template 304/384 segment 5/5
2026-09-08T16:13:33.816+01:00 INFO : 1 points above threshold
2026-09-08T16:13:33.822+01:00 INFO : 304: generating IMRPhenomD from 30.0 Hz
2026-09-08T16:13:33.825+01:00 INFO : Decompressing waveform using inline_linear
2026-09-08T16:13:33.830+01:00 INFO : Filtering template 305/384 segment 1/5
2026-09-08T16:13:33.870+01:00 INFO : Filtering template 305/384 segment 2/5
2026-09-08T16:13:33.907+01:00 INFO : 2 points above threshold
2026-09-08T16:13:33.921+01:00 INFO : Filtering template 305/384 segment 3/5
2026-09-08T16:13:33.958+01:00 INFO : 1 points above threshold
2026-09-08T16:13:33.964+01:00 INFO : Filtering template 305/384 segment 4/5
2026-09-08T16:13:34.001+01:00 INFO : 1 points above threshold
2026-09-08T16:13:34.007+01:00 INFO : Filtering template 305/384 segment 5/5
2026-09-08T16:13:34.044+01:00 INFO : 2 points above threshold
2026-09-08T16:13:34.052+01:00 INFO : 305: generating IMRPhenomD from 30.0 Hz
2026-09-08T16:13:34.055+01:00 INFO : Decompressing waveform using inline_linear
2026-09-08T16:13:34.060+01:00 INFO : Filtering template 306/384 segment 1/5
2026-09-08T16:13:34.100+01:00 INFO : 3 points above threshold
2026-09-08T16:13:34.119+01:00 INFO : Filtering template 306/384 segment 2/5
2026-09-08T16:13:34.156+01:00 INFO : 1 points above threshold
2026-09-08T16:13:34.163+01:00 INFO : Filtering template 306/384 segment 3/5
2026-09-08T16:13:34.200+01:00 INFO : 2 points above threshold
2026-09-08T16:13:34.208+01:00 INFO : Filtering template 306/384 segment 4/5
2026-09-08T16:13:34.245+01:00 INFO : 1 points above threshold
2026-09-08T16:13:34.251+01:00 INFO : Filtering template 306/384 segment 5/5
2026-09-08T16:13:34.287+01:00 INFO : 2 points above threshold
2026-09-08T16:13:34.296+01:00 INFO : 306: generating IMRPhenomD from 30.0 Hz
2026-09-08T16:13:34.298+01:00 INFO : Decompressing waveform using inline_linear
2026-09-08T16:13:34.303+01:00 INFO : Filtering template 307/384 segment 1/5
2026-09-08T16:13:34.343+01:00 INFO : Filtering template 307/384 segment 2/5
2026-09-08T16:13:34.380+01:00 INFO : 1 points above threshold
2026-09-08T16:13:34.393+01:00 INFO : Filtering template 307/384 segment 3/5
2026-09-08T16:13:34.430+01:00 INFO : 1 points above threshold
2026-09-08T16:13:34.436+01:00 INFO : Filtering template 307/384 segment 4/5
2026-09-08T16:13:34.473+01:00 INFO : 3 points above threshold
2026-09-08T16:13:34.483+01:00 INFO : Filtering template 307/384 segment 5/5
2026-09-08T16:13:34.519+01:00 INFO : 1 points above threshold
2026-09-08T16:13:34.526+01:00 INFO : 307: generating IMRPhenomD from 30.0 Hz
2026-09-08T16:13:34.528+01:00 INFO : Decompressing waveform using inline_linear
2026-09-08T16:13:34.533+01:00 INFO : Filtering template 308/384 segment 1/5
2026-09-08T16:13:34.573+01:00 INFO : 1 points above threshold
2026-09-08T16:13:34.586+01:00 INFO : Filtering template 308/384 segment 2/5
2026-09-08T16:13:34.623+01:00 INFO : Filtering template 308/384 segment 3/5
2026-09-08T16:13:34.660+01:00 INFO : 2 points above threshold
2026-09-08T16:13:34.668+01:00 INFO : Filtering template 308/384 segment 4/5
2026-09-08T16:13:34.705+01:00 INFO : 1 points above threshold
2026-09-08T16:13:34.711+01:00 INFO : Filtering template 308/384 segment 5/5
2026-09-08T16:13:34.748+01:00 INFO : 308: generating IMRPhenomD from 30.0 Hz
2026-09-08T16:13:34.750+01:00 INFO : Decompressing waveform using inline_linear
2026-09-08T16:13:34.755+01:00 INFO : Filtering template 309/384 segment 1/5
2026-09-08T16:13:34.796+01:00 INFO : 1 points above threshold
2026-09-08T16:13:34.808+01:00 INFO : Filtering template 309/384 segment 2/5
2026-09-08T16:13:34.845+01:00 INFO : Filtering template 309/384 segment 3/5
2026-09-08T16:13:34.882+01:00 INFO : Filtering template 309/384 segment 4/5
2026-09-08T16:13:34.919+01:00 INFO : Filtering template 309/384 segment 5/5
2026-09-08T16:13:34.956+01:00 INFO : 1 points above threshold
2026-09-08T16:13:34.962+01:00 INFO : 309: generating IMRPhenomD from 30.0 Hz
2026-09-08T16:13:34.965+01:00 INFO : Decompressing waveform using inline_linear
2026-09-08T16:13:34.970+01:00 INFO : Filtering template 310/384 segment 1/5
2026-09-08T16:13:35.010+01:00 INFO : 1 points above threshold
2026-09-08T16:13:35.023+01:00 INFO : Filtering template 310/384 segment 2/5
2026-09-08T16:13:35.060+01:00 INFO : 1 points above threshold
2026-09-08T16:13:35.066+01:00 INFO : Filtering template 310/384 segment 3/5
2026-09-08T16:13:35.102+01:00 INFO : 1 points above threshold
2026-09-08T16:13:35.108+01:00 INFO : Filtering template 310/384 segment 4/5
2026-09-08T16:13:35.145+01:00 INFO : Filtering template 310/384 segment 5/5
2026-09-08T16:13:35.182+01:00 INFO : 1 points above threshold
2026-09-08T16:13:35.189+01:00 INFO : 310: generating IMRPhenomD from 30.0 Hz
2026-09-08T16:13:35.191+01:00 INFO : Decompressing waveform using inline_linear
2026-09-08T16:13:35.196+01:00 INFO : Filtering template 311/384 segment 1/5
2026-09-08T16:13:35.236+01:00 INFO : Filtering template 311/384 segment 2/5
2026-09-08T16:13:35.273+01:00 INFO : 1 points above threshold
2026-09-08T16:13:35.286+01:00 INFO : Filtering template 311/384 segment 3/5
2026-09-08T16:13:35.323+01:00 INFO : Filtering template 311/384 segment 4/5
2026-09-08T16:13:35.360+01:00 INFO : 1 points above threshold
2026-09-08T16:13:35.366+01:00 INFO : Filtering template 311/384 segment 5/5
2026-09-08T16:13:35.403+01:00 INFO : 4 points above threshold
2026-09-08T16:13:35.413+01:00 INFO : 311: generating IMRPhenomD from 30.0 Hz
2026-09-08T16:13:35.415+01:00 INFO : Decompressing waveform using inline_linear
2026-09-08T16:13:35.420+01:00 INFO : Filtering template 312/384 segment 1/5
2026-09-08T16:13:35.460+01:00 INFO : 3 points above threshold
2026-09-08T16:13:35.476+01:00 INFO : Filtering template 312/384 segment 2/5
2026-09-08T16:13:35.514+01:00 INFO : Filtering template 312/384 segment 3/5
2026-09-08T16:13:35.551+01:00 INFO : 1 points above threshold
2026-09-08T16:13:35.557+01:00 INFO : Filtering template 312/384 segment 4/5
2026-09-08T16:13:35.594+01:00 INFO : Filtering template 312/384 segment 5/5
2026-09-08T16:13:35.631+01:00 INFO : 312: generating IMRPhenomD from 30.0 Hz
2026-09-08T16:13:35.634+01:00 INFO : Decompressing waveform using inline_linear
2026-09-08T16:13:35.639+01:00 INFO : Filtering template 313/384 segment 1/5
2026-09-08T16:13:35.679+01:00 INFO : Filtering template 313/384 segment 2/5
2026-09-08T16:13:35.716+01:00 INFO : 1 points above threshold
2026-09-08T16:13:35.728+01:00 INFO : Filtering template 313/384 segment 3/5
2026-09-08T16:13:35.765+01:00 INFO : Filtering template 313/384 segment 4/5
2026-09-08T16:13:35.802+01:00 INFO : 2 points above threshold
2026-09-08T16:13:35.810+01:00 INFO : Filtering template 313/384 segment 5/5
2026-09-08T16:13:35.847+01:00 INFO : 1 points above threshold
2026-09-08T16:13:35.853+01:00 INFO : 313: generating IMRPhenomD from 30.0 Hz
2026-09-08T16:13:35.856+01:00 INFO : Decompressing waveform using inline_linear
2026-09-08T16:13:35.860+01:00 INFO : Filtering template 314/384 segment 1/5
2026-09-08T16:13:35.901+01:00 INFO : 1 points above threshold
2026-09-08T16:13:35.913+01:00 INFO : Filtering template 314/384 segment 2/5
2026-09-08T16:13:35.950+01:00 INFO : Filtering template 314/384 segment 3/5
2026-09-08T16:13:35.987+01:00 INFO : 2 points above threshold
2026-09-08T16:13:35.995+01:00 INFO : Filtering template 314/384 segment 4/5
2026-09-08T16:13:36.032+01:00 INFO : Filtering template 314/384 segment 5/5
2026-09-08T16:13:36.069+01:00 INFO : 2 points above threshold
2026-09-08T16:13:36.077+01:00 INFO : 314: generating IMRPhenomD from 30.0 Hz
2026-09-08T16:13:36.079+01:00 INFO : Decompressing waveform using inline_linear
2026-09-08T16:13:36.084+01:00 INFO : Filtering template 315/384 segment 1/5
2026-09-08T16:13:36.124+01:00 INFO : 1 points above threshold
2026-09-08T16:13:36.137+01:00 INFO : Filtering template 315/384 segment 2/5
2026-09-08T16:13:36.173+01:00 INFO : 1 points above threshold
2026-09-08T16:13:36.179+01:00 INFO : Filtering template 315/384 segment 3/5
2026-09-08T16:13:36.217+01:00 INFO : 1 points above threshold
2026-09-08T16:13:36.222+01:00 INFO : Filtering template 315/384 segment 4/5
2026-09-08T16:13:36.259+01:00 INFO : Filtering template 315/384 segment 5/5
2026-09-08T16:13:36.297+01:00 INFO : 315: generating IMRPhenomD from 30.0 Hz
2026-09-08T16:13:36.300+01:00 INFO : Decompressing waveform using inline_linear
2026-09-08T16:13:36.305+01:00 INFO : Filtering template 316/384 segment 1/5
2026-09-08T16:13:36.347+01:00 INFO : Filtering template 316/384 segment 2/5
2026-09-08T16:13:36.384+01:00 INFO : Filtering template 316/384 segment 3/5
2026-09-08T16:13:36.421+01:00 INFO : Filtering template 316/384 segment 4/5
2026-09-08T16:13:36.458+01:00 INFO : 3 points above threshold
2026-09-08T16:13:36.474+01:00 INFO : Filtering template 316/384 segment 5/5
2026-09-08T16:13:36.512+01:00 INFO : 316: generating IMRPhenomD from 30.0 Hz
2026-09-08T16:13:36.514+01:00 INFO : Decompressing waveform using inline_linear
2026-09-08T16:13:36.519+01:00 INFO : Filtering template 317/384 segment 1/5
2026-09-08T16:13:36.559+01:00 INFO : Filtering template 317/384 segment 2/5
2026-09-08T16:13:36.597+01:00 INFO : Filtering template 317/384 segment 3/5
2026-09-08T16:13:36.634+01:00 INFO : 1 points above threshold
2026-09-08T16:13:36.646+01:00 INFO : Filtering template 317/384 segment 4/5
2026-09-08T16:13:36.683+01:00 INFO : Filtering template 317/384 segment 5/5
2026-09-08T16:13:36.720+01:00 INFO : 2 points above threshold
2026-09-08T16:13:36.728+01:00 INFO : 317: generating IMRPhenomD from 30.0 Hz
2026-09-08T16:13:36.730+01:00 INFO : Decompressing waveform using inline_linear
2026-09-08T16:13:36.735+01:00 INFO : Filtering template 318/384 segment 1/5
2026-09-08T16:13:36.776+01:00 INFO : 3 points above threshold
2026-09-08T16:13:36.792+01:00 INFO : Filtering template 318/384 segment 2/5
2026-09-08T16:13:36.829+01:00 INFO : 2 points above threshold
2026-09-08T16:13:36.837+01:00 INFO : Filtering template 318/384 segment 3/5
2026-09-08T16:13:36.874+01:00 INFO : Filtering template 318/384 segment 4/5
2026-09-08T16:13:36.911+01:00 INFO : 3 points above threshold
2026-09-08T16:13:36.921+01:00 INFO : Filtering template 318/384 segment 5/5
2026-09-08T16:13:36.958+01:00 INFO : 1 points above threshold
2026-09-08T16:13:36.965+01:00 INFO : 318: generating IMRPhenomD from 30.0 Hz
2026-09-08T16:13:36.967+01:00 INFO : Decompressing waveform using inline_linear
2026-09-08T16:13:36.972+01:00 INFO : Filtering template 319/384 segment 1/5
2026-09-08T16:13:37.013+01:00 INFO : 3 points above threshold
2026-09-08T16:13:37.029+01:00 INFO : Filtering template 319/384 segment 2/5
2026-09-08T16:13:37.066+01:00 INFO : 2 points above threshold
2026-09-08T16:13:37.074+01:00 INFO : Filtering template 319/384 segment 3/5
2026-09-08T16:13:37.113+01:00 INFO : 2 points above threshold
2026-09-08T16:13:37.121+01:00 INFO : Filtering template 319/384 segment 4/5
2026-09-08T16:13:37.159+01:00 INFO : Filtering template 319/384 segment 5/5
2026-09-08T16:13:37.201+01:00 INFO : 319: generating IMRPhenomD from 30.0 Hz
2026-09-08T16:13:37.204+01:00 INFO : Decompressing waveform using inline_linear
2026-09-08T16:13:37.209+01:00 INFO : Filtering template 320/384 segment 1/5
2026-09-08T16:13:37.249+01:00 INFO : 2 points above threshold
2026-09-08T16:13:37.263+01:00 INFO : Filtering template 320/384 segment 2/5
2026-09-08T16:13:37.300+01:00 INFO : 1 points above threshold
2026-09-08T16:13:37.306+01:00 INFO : Filtering template 320/384 segment 3/5
2026-09-08T16:13:37.343+01:00 INFO : 2 points above threshold
2026-09-08T16:13:37.351+01:00 INFO : Filtering template 320/384 segment 4/5
2026-09-08T16:13:37.388+01:00 INFO : Filtering template 320/384 segment 5/5
2026-09-08T16:13:37.425+01:00 INFO : 2 points above threshold
2026-09-08T16:13:37.433+01:00 INFO : 320: generating IMRPhenomD from 30.0 Hz
2026-09-08T16:13:37.436+01:00 INFO : Decompressing waveform using inline_linear
2026-09-08T16:13:37.440+01:00 INFO : Filtering template 321/384 segment 1/5
2026-09-08T16:13:37.481+01:00 INFO : Filtering template 321/384 segment 2/5
2026-09-08T16:13:37.518+01:00 INFO : Filtering template 321/384 segment 3/5
2026-09-08T16:13:37.555+01:00 INFO : 1 points above threshold
2026-09-08T16:13:37.567+01:00 INFO : Filtering template 321/384 segment 4/5
2026-09-08T16:13:37.604+01:00 INFO : Filtering template 321/384 segment 5/5
2026-09-08T16:13:37.641+01:00 INFO : 321: generating IMRPhenomD from 30.0 Hz
2026-09-08T16:13:37.644+01:00 INFO : Decompressing waveform using inline_linear
2026-09-08T16:13:37.649+01:00 INFO : Filtering template 322/384 segment 1/5
2026-09-08T16:13:37.689+01:00 INFO : Filtering template 322/384 segment 2/5
2026-09-08T16:13:37.726+01:00 INFO : 3 points above threshold
2026-09-08T16:13:37.742+01:00 INFO : Filtering template 322/384 segment 3/5
2026-09-08T16:13:37.779+01:00 INFO : 1 points above threshold
2026-09-08T16:13:37.785+01:00 INFO : Filtering template 322/384 segment 4/5
2026-09-08T16:13:37.822+01:00 INFO : 1 points above threshold
2026-09-08T16:13:37.827+01:00 INFO : Filtering template 322/384 segment 5/5
2026-09-08T16:13:37.864+01:00 INFO : 1 points above threshold
2026-09-08T16:13:37.871+01:00 INFO : 322: generating IMRPhenomD from 30.0 Hz
2026-09-08T16:13:37.873+01:00 INFO : Decompressing waveform using inline_linear
2026-09-08T16:13:37.878+01:00 INFO : Filtering template 323/384 segment 1/5
2026-09-08T16:13:37.919+01:00 INFO : Filtering template 323/384 segment 2/5
2026-09-08T16:13:37.956+01:00 INFO : 2 points above threshold
2026-09-08T16:13:37.970+01:00 INFO : Filtering template 323/384 segment 3/5
2026-09-08T16:13:38.007+01:00 INFO : 2 points above threshold
2026-09-08T16:13:38.014+01:00 INFO : Filtering template 323/384 segment 4/5
2026-09-08T16:13:38.052+01:00 INFO : Filtering template 323/384 segment 5/5
2026-09-08T16:13:38.089+01:00 INFO : 1 points above threshold
2026-09-08T16:13:38.095+01:00 INFO : 323: generating IMRPhenomD from 30.0 Hz
2026-09-08T16:13:38.097+01:00 INFO : Decompressing waveform using inline_linear
2026-09-08T16:13:38.102+01:00 INFO : Filtering template 324/384 segment 1/5
2026-09-08T16:13:38.143+01:00 INFO : Filtering template 324/384 segment 2/5
2026-09-08T16:13:38.180+01:00 INFO : Filtering template 324/384 segment 3/5
2026-09-08T16:13:38.217+01:00 INFO : 1 points above threshold
2026-09-08T16:13:38.229+01:00 INFO : Filtering template 324/384 segment 4/5
2026-09-08T16:13:38.266+01:00 INFO : Filtering template 324/384 segment 5/5
2026-09-08T16:13:38.303+01:00 INFO : 4 points above threshold
2026-09-08T16:13:38.313+01:00 INFO : 324: generating IMRPhenomD from 30.0 Hz
2026-09-08T16:13:38.316+01:00 INFO : Decompressing waveform using inline_linear
2026-09-08T16:13:38.320+01:00 INFO : Filtering template 325/384 segment 1/5
2026-09-08T16:13:38.361+01:00 INFO : 2 points above threshold
2026-09-08T16:13:38.375+01:00 INFO : Filtering template 325/384 segment 2/5
2026-09-08T16:13:38.412+01:00 INFO : 3 points above threshold
2026-09-08T16:13:38.422+01:00 INFO : Filtering template 325/384 segment 3/5
2026-09-08T16:13:38.459+01:00 INFO : 2 points above threshold
2026-09-08T16:13:38.466+01:00 INFO : Filtering template 325/384 segment 4/5
2026-09-08T16:13:38.503+01:00 INFO : 1 points above threshold
2026-09-08T16:13:38.509+01:00 INFO : Filtering template 325/384 segment 5/5
2026-09-08T16:13:38.546+01:00 INFO : 1 points above threshold
2026-09-08T16:13:38.553+01:00 INFO : 325: generating IMRPhenomD from 30.0 Hz
2026-09-08T16:13:38.555+01:00 INFO : Decompressing waveform using inline_linear
2026-09-08T16:13:38.560+01:00 INFO : Filtering template 326/384 segment 1/5
2026-09-08T16:13:38.600+01:00 INFO : 2 points above threshold
2026-09-08T16:13:38.614+01:00 INFO : Filtering template 326/384 segment 2/5
2026-09-08T16:13:38.651+01:00 INFO : 2 points above threshold
2026-09-08T16:13:38.659+01:00 INFO : Filtering template 326/384 segment 3/5
2026-09-08T16:13:38.696+01:00 INFO : Filtering template 326/384 segment 4/5
2026-09-08T16:13:38.733+01:00 INFO : Filtering template 326/384 segment 5/5
2026-09-08T16:13:38.770+01:00 INFO : 2 points above threshold
2026-09-08T16:13:38.778+01:00 INFO : 326: generating IMRPhenomD from 30.0 Hz
2026-09-08T16:13:38.780+01:00 INFO : Decompressing waveform using inline_linear
2026-09-08T16:13:38.785+01:00 INFO : Filtering template 327/384 segment 1/5
2026-09-08T16:13:38.825+01:00 INFO : 2 points above threshold
2026-09-08T16:13:38.839+01:00 INFO : Filtering template 327/384 segment 2/5
2026-09-08T16:13:38.876+01:00 INFO : 1 points above threshold
2026-09-08T16:13:38.883+01:00 INFO : Filtering template 327/384 segment 3/5
2026-09-08T16:13:38.919+01:00 INFO : 3 points above threshold
2026-09-08T16:13:38.929+01:00 INFO : Filtering template 327/384 segment 4/5
2026-09-08T16:13:38.966+01:00 INFO : 2 points above threshold
2026-09-08T16:13:38.974+01:00 INFO : Filtering template 327/384 segment 5/5
2026-09-08T16:13:39.011+01:00 INFO : 1 points above threshold
2026-09-08T16:13:39.018+01:00 INFO : 327: generating IMRPhenomD from 30.0 Hz
2026-09-08T16:13:39.020+01:00 INFO : Decompressing waveform using inline_linear
2026-09-08T16:13:39.025+01:00 INFO : Filtering template 328/384 segment 1/5
2026-09-08T16:13:39.065+01:00 INFO : 1 points above threshold
2026-09-08T16:13:39.077+01:00 INFO : Filtering template 328/384 segment 2/5
2026-09-08T16:13:39.114+01:00 INFO : 1 points above threshold
2026-09-08T16:13:39.120+01:00 INFO : Filtering template 328/384 segment 3/5
2026-09-08T16:13:39.157+01:00 INFO : 4 points above threshold
2026-09-08T16:13:39.167+01:00 INFO : Filtering template 328/384 segment 4/5
2026-09-08T16:13:39.203+01:00 INFO : 1 points above threshold
2026-09-08T16:13:39.209+01:00 INFO : Filtering template 328/384 segment 5/5
2026-09-08T16:13:39.246+01:00 INFO : 2 points above threshold
2026-09-08T16:13:39.254+01:00 INFO : 328: generating IMRPhenomD from 30.0 Hz
2026-09-08T16:13:39.257+01:00 INFO : Decompressing waveform using inline_linear
2026-09-08T16:13:39.262+01:00 INFO : Filtering template 329/384 segment 1/5
2026-09-08T16:13:39.302+01:00 INFO : Filtering template 329/384 segment 2/5
2026-09-08T16:13:39.339+01:00 INFO : Filtering template 329/384 segment 3/5
2026-09-08T16:13:39.376+01:00 INFO : 2 points above threshold
2026-09-08T16:13:39.393+01:00 INFO : Filtering template 329/384 segment 4/5
2026-09-08T16:13:39.430+01:00 INFO : 1 points above threshold
2026-09-08T16:13:39.436+01:00 INFO : Filtering template 329/384 segment 5/5
2026-09-08T16:13:39.473+01:00 INFO : 2 points above threshold
2026-09-08T16:13:39.481+01:00 INFO : 329: generating IMRPhenomD from 30.0 Hz
2026-09-08T16:13:39.484+01:00 INFO : Decompressing waveform using inline_linear
2026-09-08T16:13:39.489+01:00 INFO : Filtering template 330/384 segment 1/5
2026-09-08T16:13:39.529+01:00 INFO : 1 points above threshold
2026-09-08T16:13:39.541+01:00 INFO : Filtering template 330/384 segment 2/5
2026-09-08T16:13:39.578+01:00 INFO : 2 points above threshold
2026-09-08T16:13:39.586+01:00 INFO : Filtering template 330/384 segment 3/5
2026-09-08T16:13:39.623+01:00 INFO : 2 points above threshold
2026-09-08T16:13:39.631+01:00 INFO : Filtering template 330/384 segment 4/5
2026-09-08T16:13:39.668+01:00 INFO : 1 points above threshold
2026-09-08T16:13:39.674+01:00 INFO : Filtering template 330/384 segment 5/5
2026-09-08T16:13:39.711+01:00 INFO : 330: generating IMRPhenomD from 30.0 Hz
2026-09-08T16:13:39.713+01:00 INFO : Decompressing waveform using inline_linear
2026-09-08T16:13:39.718+01:00 INFO : Filtering template 331/384 segment 1/5
2026-09-08T16:13:39.759+01:00 INFO : 2 points above threshold
2026-09-08T16:13:39.773+01:00 INFO : Filtering template 331/384 segment 2/5
2026-09-08T16:13:39.809+01:00 INFO : 1 points above threshold
2026-09-08T16:13:39.815+01:00 INFO : Filtering template 331/384 segment 3/5
2026-09-08T16:13:39.852+01:00 INFO : 3 points above threshold
2026-09-08T16:13:39.862+01:00 INFO : Filtering template 331/384 segment 4/5
2026-09-08T16:13:39.899+01:00 INFO : 4 points above threshold
2026-09-08T16:13:39.909+01:00 INFO : Filtering template 331/384 segment 5/5
2026-09-08T16:13:39.946+01:00 INFO : 331: generating IMRPhenomD from 30.0 Hz
2026-09-08T16:13:39.949+01:00 INFO : Decompressing waveform using inline_linear
2026-09-08T16:13:39.954+01:00 INFO : Filtering template 332/384 segment 1/5
2026-09-08T16:13:39.994+01:00 INFO : 2 points above threshold
2026-09-08T16:13:40.011+01:00 INFO : Filtering template 332/384 segment 2/5
2026-09-08T16:13:40.048+01:00 INFO : Filtering template 332/384 segment 3/5
2026-09-08T16:13:40.085+01:00 INFO : 1 points above threshold
2026-09-08T16:13:40.091+01:00 INFO : Filtering template 332/384 segment 4/5
2026-09-08T16:13:40.128+01:00 INFO : Filtering template 332/384 segment 5/5
2026-09-08T16:13:40.165+01:00 INFO : 1 points above threshold
2026-09-08T16:13:40.171+01:00 INFO : 332: generating IMRPhenomD from 30.0 Hz
2026-09-08T16:13:40.174+01:00 INFO : Decompressing waveform using inline_linear
2026-09-08T16:13:40.179+01:00 INFO : Filtering template 333/384 segment 1/5
2026-09-08T16:13:40.219+01:00 INFO : 2 points above threshold
2026-09-08T16:13:40.236+01:00 INFO : Filtering template 333/384 segment 2/5
2026-09-08T16:13:40.272+01:00 INFO : Filtering template 333/384 segment 3/5
2026-09-08T16:13:40.309+01:00 INFO : 1 points above threshold
2026-09-08T16:13:40.315+01:00 INFO : Filtering template 333/384 segment 4/5
2026-09-08T16:13:40.352+01:00 INFO : 1 points above threshold
2026-09-08T16:13:40.358+01:00 INFO : Filtering template 333/384 segment 5/5
2026-09-08T16:13:40.395+01:00 INFO : 333: generating IMRPhenomD from 30.0 Hz
2026-09-08T16:13:40.398+01:00 INFO : Decompressing waveform using inline_linear
2026-09-08T16:13:40.403+01:00 INFO : Filtering template 334/384 segment 1/5
2026-09-08T16:13:40.443+01:00 INFO : 3 points above threshold
2026-09-08T16:13:40.462+01:00 INFO : Filtering template 334/384 segment 2/5
2026-09-08T16:13:40.499+01:00 INFO : Filtering template 334/384 segment 3/5
2026-09-08T16:13:40.536+01:00 INFO : Filtering template 334/384 segment 4/5
2026-09-08T16:13:40.573+01:00 INFO : 2 points above threshold
2026-09-08T16:13:40.581+01:00 INFO : Filtering template 334/384 segment 5/5
2026-09-08T16:13:40.618+01:00 INFO : 334: generating IMRPhenomD from 30.0 Hz
2026-09-08T16:13:40.621+01:00 INFO : Decompressing waveform using inline_linear
2026-09-08T16:13:40.626+01:00 INFO : Filtering template 335/384 segment 1/5
2026-09-08T16:13:40.666+01:00 INFO : 1 points above threshold
2026-09-08T16:13:40.681+01:00 INFO : Filtering template 335/384 segment 2/5
2026-09-08T16:13:40.718+01:00 INFO : Filtering template 335/384 segment 3/5
2026-09-08T16:13:40.755+01:00 INFO : 3 points above threshold
2026-09-08T16:13:40.765+01:00 INFO : Filtering template 335/384 segment 4/5
2026-09-08T16:13:40.802+01:00 INFO : Filtering template 335/384 segment 5/5
2026-09-08T16:13:40.839+01:00 INFO : 1 points above threshold
2026-09-08T16:13:40.845+01:00 INFO : 335: generating IMRPhenomD from 30.0 Hz
2026-09-08T16:13:40.848+01:00 INFO : Decompressing waveform using inline_linear
2026-09-08T16:13:40.853+01:00 INFO : Filtering template 336/384 segment 1/5
2026-09-08T16:13:40.893+01:00 INFO : 3 points above threshold
2026-09-08T16:13:40.909+01:00 INFO : Filtering template 336/384 segment 2/5
2026-09-08T16:13:40.946+01:00 INFO : Filtering template 336/384 segment 3/5
2026-09-08T16:13:40.983+01:00 INFO : Filtering template 336/384 segment 4/5
2026-09-08T16:13:41.020+01:00 INFO : 1 points above threshold
2026-09-08T16:13:41.026+01:00 INFO : Filtering template 336/384 segment 5/5
2026-09-08T16:13:41.064+01:00 INFO : 336: generating IMRPhenomD from 30.0 Hz
2026-09-08T16:13:41.066+01:00 INFO : Decompressing waveform using inline_linear
2026-09-08T16:13:41.071+01:00 INFO : Filtering template 337/384 segment 1/5
2026-09-08T16:13:41.112+01:00 INFO : Filtering template 337/384 segment 2/5
2026-09-08T16:13:41.149+01:00 INFO : 1 points above threshold
2026-09-08T16:13:41.161+01:00 INFO : Filtering template 337/384 segment 3/5
2026-09-08T16:13:41.198+01:00 INFO : Filtering template 337/384 segment 4/5
2026-09-08T16:13:41.235+01:00 INFO : 2 points above threshold
2026-09-08T16:13:41.243+01:00 INFO : Filtering template 337/384 segment 5/5
2026-09-08T16:13:41.280+01:00 INFO : 337: generating IMRPhenomD from 30.0 Hz
2026-09-08T16:13:41.282+01:00 INFO : Decompressing waveform using inline_linear
2026-09-08T16:13:41.287+01:00 INFO : Filtering template 338/384 segment 1/5
2026-09-08T16:13:41.328+01:00 INFO : 1 points above threshold
2026-09-08T16:13:41.340+01:00 INFO : Filtering template 338/384 segment 2/5
2026-09-08T16:13:41.377+01:00 INFO : 2 points above threshold
2026-09-08T16:13:41.385+01:00 INFO : Filtering template 338/384 segment 3/5
2026-09-08T16:13:41.422+01:00 INFO : 1 points above threshold
2026-09-08T16:13:41.428+01:00 INFO : Filtering template 338/384 segment 4/5
2026-09-08T16:13:41.465+01:00 INFO : Filtering template 338/384 segment 5/5
2026-09-08T16:13:41.501+01:00 INFO : 2 points above threshold
2026-09-08T16:13:41.510+01:00 INFO : 338: generating IMRPhenomD from 30.0 Hz
2026-09-08T16:13:41.512+01:00 INFO : Decompressing waveform using inline_linear
2026-09-08T16:13:41.517+01:00 INFO : Filtering template 339/384 segment 1/5
2026-09-08T16:13:41.558+01:00 INFO : 1 points above threshold
2026-09-08T16:13:41.570+01:00 INFO : Filtering template 339/384 segment 2/5
2026-09-08T16:13:41.607+01:00 INFO : 1 points above threshold
2026-09-08T16:13:41.613+01:00 INFO : Filtering template 339/384 segment 3/5
2026-09-08T16:13:41.650+01:00 INFO : 1 points above threshold
2026-09-08T16:13:41.656+01:00 INFO : Filtering template 339/384 segment 4/5
2026-09-08T16:13:41.693+01:00 INFO : Filtering template 339/384 segment 5/5
2026-09-08T16:13:41.730+01:00 INFO : 2 points above threshold
2026-09-08T16:13:41.738+01:00 INFO : 339: generating IMRPhenomD from 30.0 Hz
2026-09-08T16:13:41.740+01:00 INFO : Decompressing waveform using inline_linear
2026-09-08T16:13:41.745+01:00 INFO : Filtering template 340/384 segment 1/5
2026-09-08T16:13:41.785+01:00 INFO : 1 points above threshold
2026-09-08T16:13:41.798+01:00 INFO : Filtering template 340/384 segment 2/5
2026-09-08T16:13:41.835+01:00 INFO : Filtering template 340/384 segment 3/5
2026-09-08T16:13:41.872+01:00 INFO : Filtering template 340/384 segment 4/5
2026-09-08T16:13:41.909+01:00 INFO : Filtering template 340/384 segment 5/5
2026-09-08T16:13:41.946+01:00 INFO : 1 points above threshold
2026-09-08T16:13:41.953+01:00 INFO : 340: generating IMRPhenomD from 30.0 Hz
2026-09-08T16:13:41.955+01:00 INFO : Decompressing waveform using inline_linear
2026-09-08T16:13:41.960+01:00 INFO : Filtering template 341/384 segment 1/5
2026-09-08T16:13:42.000+01:00 INFO : 2 points above threshold
2026-09-08T16:13:42.015+01:00 INFO : Filtering template 341/384 segment 2/5
2026-09-08T16:13:42.052+01:00 INFO : 1 points above threshold
2026-09-08T16:13:42.058+01:00 INFO : Filtering template 341/384 segment 3/5
2026-09-08T16:13:42.095+01:00 INFO : 2 points above threshold
2026-09-08T16:13:42.103+01:00 INFO : Filtering template 341/384 segment 4/5
2026-09-08T16:13:42.140+01:00 INFO : 1 points above threshold
2026-09-08T16:13:42.146+01:00 INFO : Filtering template 341/384 segment 5/5
2026-09-08T16:13:42.183+01:00 INFO : 2 points above threshold
2026-09-08T16:13:42.191+01:00 INFO : 341: generating IMRPhenomD from 30.0 Hz
2026-09-08T16:13:42.194+01:00 INFO : Decompressing waveform using inline_linear
2026-09-08T16:13:42.199+01:00 INFO : Filtering template 342/384 segment 1/5
2026-09-08T16:13:42.245+01:00 INFO : 2 points above threshold
2026-09-08T16:13:42.261+01:00 INFO : Filtering template 342/384 segment 2/5
2026-09-08T16:13:42.299+01:00 INFO : 2 points above threshold
2026-09-08T16:13:42.307+01:00 INFO : Filtering template 342/384 segment 3/5
2026-09-08T16:13:42.344+01:00 INFO : 1 points above threshold
2026-09-08T16:13:42.350+01:00 INFO : Filtering template 342/384 segment 4/5
2026-09-08T16:13:42.387+01:00 INFO : 2 points above threshold
2026-09-08T16:13:42.395+01:00 INFO : Filtering template 342/384 segment 5/5
2026-09-08T16:13:42.431+01:00 INFO : 1 points above threshold
2026-09-08T16:13:42.438+01:00 INFO : 342: generating IMRPhenomD from 30.0 Hz
2026-09-08T16:13:42.440+01:00 INFO : Decompressing waveform using inline_linear
2026-09-08T16:13:42.445+01:00 INFO : Filtering template 343/384 segment 1/5
2026-09-08T16:13:42.485+01:00 INFO : Filtering template 343/384 segment 2/5
2026-09-08T16:13:42.522+01:00 INFO : 1 points above threshold
2026-09-08T16:13:42.538+01:00 INFO : Filtering template 343/384 segment 3/5
2026-09-08T16:13:42.575+01:00 INFO : Filtering template 343/384 segment 4/5
2026-09-08T16:13:42.612+01:00 INFO : Filtering template 343/384 segment 5/5
2026-09-08T16:13:42.649+01:00 INFO : 343: generating IMRPhenomD from 30.0 Hz
2026-09-08T16:13:42.652+01:00 INFO : Decompressing waveform using inline_linear
2026-09-08T16:13:42.657+01:00 INFO : Filtering template 344/384 segment 1/5
2026-09-08T16:13:42.697+01:00 INFO : 1 points above threshold
2026-09-08T16:13:42.709+01:00 INFO : Filtering template 344/384 segment 2/5
2026-09-08T16:13:42.746+01:00 INFO : 1 points above threshold
2026-09-08T16:13:42.752+01:00 INFO : Filtering template 344/384 segment 3/5
2026-09-08T16:13:42.789+01:00 INFO : 1 points above threshold
2026-09-08T16:13:42.795+01:00 INFO : Filtering template 344/384 segment 4/5
2026-09-08T16:13:42.832+01:00 INFO : 1 points above threshold
2026-09-08T16:13:42.838+01:00 INFO : Filtering template 344/384 segment 5/5
2026-09-08T16:13:42.875+01:00 INFO : 1 points above threshold
2026-09-08T16:13:42.881+01:00 INFO : 344: generating IMRPhenomD from 30.0 Hz
2026-09-08T16:13:42.884+01:00 INFO : Decompressing waveform using inline_linear
2026-09-08T16:13:42.889+01:00 INFO : Filtering template 345/384 segment 1/5
2026-09-08T16:13:42.929+01:00 INFO : 1 points above threshold
2026-09-08T16:13:42.941+01:00 INFO : Filtering template 345/384 segment 2/5
2026-09-08T16:13:42.978+01:00 INFO : 2 points above threshold
2026-09-08T16:13:42.986+01:00 INFO : Filtering template 345/384 segment 3/5
2026-09-08T16:13:43.023+01:00 INFO : 4 points above threshold
2026-09-08T16:13:43.032+01:00 INFO : Filtering template 345/384 segment 4/5
2026-09-08T16:13:43.069+01:00 INFO : 1 points above threshold
2026-09-08T16:13:43.075+01:00 INFO : Filtering template 345/384 segment 5/5
2026-09-08T16:13:43.112+01:00 INFO : 1 points above threshold
2026-09-08T16:13:43.122+01:00 INFO : 345: generating IMRPhenomD from 30.0 Hz
2026-09-08T16:13:43.124+01:00 INFO : Decompressing waveform using inline_linear
2026-09-08T16:13:43.129+01:00 INFO : Filtering template 346/384 segment 1/5
2026-09-08T16:13:43.169+01:00 INFO : 1 points above threshold
2026-09-08T16:13:43.181+01:00 INFO : Filtering template 346/384 segment 2/5
2026-09-08T16:13:43.219+01:00 INFO : Filtering template 346/384 segment 3/5
2026-09-08T16:13:43.256+01:00 INFO : 1 points above threshold
2026-09-08T16:13:43.262+01:00 INFO : Filtering template 346/384 segment 4/5
2026-09-08T16:13:43.299+01:00 INFO : 3 points above threshold
2026-09-08T16:13:43.309+01:00 INFO : Filtering template 346/384 segment 5/5
2026-09-08T16:13:43.346+01:00 INFO : 1 points above threshold
2026-09-08T16:13:43.352+01:00 INFO : 346: generating IMRPhenomD from 30.0 Hz
2026-09-08T16:13:43.355+01:00 INFO : Decompressing waveform using inline_linear
2026-09-08T16:13:43.359+01:00 INFO : Filtering template 347/384 segment 1/5
2026-09-08T16:13:43.400+01:00 INFO : 2 points above threshold
2026-09-08T16:13:43.414+01:00 INFO : Filtering template 347/384 segment 2/5
2026-09-08T16:13:43.451+01:00 INFO : Filtering template 347/384 segment 3/5
2026-09-08T16:13:43.488+01:00 INFO : 2 points above threshold
2026-09-08T16:13:43.496+01:00 INFO : Filtering template 347/384 segment 4/5
2026-09-08T16:13:43.533+01:00 INFO : 4 points above threshold
2026-09-08T16:13:43.542+01:00 INFO : Filtering template 347/384 segment 5/5
2026-09-08T16:13:43.579+01:00 INFO : 347: generating IMRPhenomD from 30.0 Hz
2026-09-08T16:13:43.582+01:00 INFO : Decompressing waveform using inline_linear
2026-09-08T16:13:43.587+01:00 INFO : Filtering template 348/384 segment 1/5
2026-09-08T16:13:43.627+01:00 INFO : 2 points above threshold
2026-09-08T16:13:43.641+01:00 INFO : Filtering template 348/384 segment 2/5
2026-09-08T16:13:43.678+01:00 INFO : Filtering template 348/384 segment 3/5
2026-09-08T16:13:43.715+01:00 INFO : 3 points above threshold
2026-09-08T16:13:43.725+01:00 INFO : Filtering template 348/384 segment 4/5
2026-09-08T16:13:43.762+01:00 INFO : 4 points above threshold
2026-09-08T16:13:43.771+01:00 INFO : Filtering template 348/384 segment 5/5
2026-09-08T16:13:43.809+01:00 INFO : 348: generating IMRPhenomD from 30.0 Hz
2026-09-08T16:13:43.811+01:00 INFO : Decompressing waveform using inline_linear
2026-09-08T16:13:43.816+01:00 INFO : Filtering template 349/384 segment 1/5
2026-09-08T16:13:43.856+01:00 INFO : 2 points above threshold
2026-09-08T16:13:43.870+01:00 INFO : Filtering template 349/384 segment 2/5
2026-09-08T16:13:43.907+01:00 INFO : 1 points above threshold
2026-09-08T16:13:43.913+01:00 INFO : Filtering template 349/384 segment 3/5
2026-09-08T16:13:43.950+01:00 INFO : Filtering template 349/384 segment 4/5
2026-09-08T16:13:43.987+01:00 INFO : 5 points above threshold
2026-09-08T16:13:44.000+01:00 INFO : Filtering template 349/384 segment 5/5
2026-09-08T16:13:44.037+01:00 INFO : 1 points above threshold
2026-09-08T16:13:44.043+01:00 INFO : 349: generating IMRPhenomD from 30.0 Hz
2026-09-08T16:13:44.046+01:00 INFO : Decompressing waveform using inline_linear
2026-09-08T16:13:44.051+01:00 INFO : Filtering template 350/384 segment 1/5
2026-09-08T16:13:44.091+01:00 INFO : 2 points above threshold
2026-09-08T16:13:44.105+01:00 INFO : Filtering template 350/384 segment 2/5
2026-09-08T16:13:44.142+01:00 INFO : 1 points above threshold
2026-09-08T16:13:44.148+01:00 INFO : Filtering template 350/384 segment 3/5
2026-09-08T16:13:44.185+01:00 INFO : 1 points above threshold
2026-09-08T16:13:44.191+01:00 INFO : Filtering template 350/384 segment 4/5
2026-09-08T16:13:44.228+01:00 INFO : Filtering template 350/384 segment 5/5
2026-09-08T16:13:44.265+01:00 INFO : 5 points above threshold
2026-09-08T16:13:44.278+01:00 INFO : 350: generating IMRPhenomD from 30.0 Hz
2026-09-08T16:13:44.280+01:00 INFO : Decompressing waveform using inline_linear
2026-09-08T16:13:44.285+01:00 INFO : Filtering template 351/384 segment 1/5
2026-09-08T16:13:44.325+01:00 INFO : 1 points above threshold
2026-09-08T16:13:44.338+01:00 INFO : Filtering template 351/384 segment 2/5
2026-09-08T16:13:44.374+01:00 INFO : Filtering template 351/384 segment 3/5
2026-09-08T16:13:44.411+01:00 INFO : Filtering template 351/384 segment 4/5
2026-09-08T16:13:44.448+01:00 INFO : 2 points above threshold
2026-09-08T16:13:44.456+01:00 INFO : Filtering template 351/384 segment 5/5
2026-09-08T16:13:44.493+01:00 INFO : 351: generating IMRPhenomD from 30.0 Hz
2026-09-08T16:13:44.496+01:00 INFO : Decompressing waveform using inline_linear
2026-09-08T16:13:44.501+01:00 INFO : Filtering template 352/384 segment 1/5
2026-09-08T16:13:44.541+01:00 INFO : Filtering template 352/384 segment 2/5
2026-09-08T16:13:44.578+01:00 INFO : Filtering template 352/384 segment 3/5
2026-09-08T16:13:44.615+01:00 INFO : Filtering template 352/384 segment 4/5
2026-09-08T16:13:44.652+01:00 INFO : 1 points above threshold
2026-09-08T16:13:44.664+01:00 INFO : Filtering template 352/384 segment 5/5
2026-09-08T16:13:44.701+01:00 INFO : 1 points above threshold
2026-09-08T16:13:44.707+01:00 INFO : 352: generating IMRPhenomD from 30.0 Hz
2026-09-08T16:13:44.710+01:00 INFO : Decompressing waveform using inline_linear
2026-09-08T16:13:44.715+01:00 INFO : Filtering template 353/384 segment 1/5
2026-09-08T16:13:44.755+01:00 INFO : 1 points above threshold
2026-09-08T16:13:44.767+01:00 INFO : Filtering template 353/384 segment 2/5
2026-09-08T16:13:44.804+01:00 INFO : 2 points above threshold
2026-09-08T16:13:44.812+01:00 INFO : Filtering template 353/384 segment 3/5
2026-09-08T16:13:44.849+01:00 INFO : 2 points above threshold
2026-09-08T16:13:44.857+01:00 INFO : Filtering template 353/384 segment 4/5
2026-09-08T16:13:44.894+01:00 INFO : 1 points above threshold
2026-09-08T16:13:44.900+01:00 INFO : Filtering template 353/384 segment 5/5
2026-09-08T16:13:44.937+01:00 INFO : 353: generating IMRPhenomD from 30.0 Hz
2026-09-08T16:13:44.939+01:00 INFO : Decompressing waveform using inline_linear
2026-09-08T16:13:44.944+01:00 INFO : Filtering template 354/384 segment 1/5
2026-09-08T16:13:44.984+01:00 INFO : 4 points above threshold
2026-09-08T16:13:45.000+01:00 INFO : Filtering template 354/384 segment 2/5
2026-09-08T16:13:45.037+01:00 INFO : 1 points above threshold
2026-09-08T16:13:45.043+01:00 INFO : Filtering template 354/384 segment 3/5
2026-09-08T16:13:45.079+01:00 INFO : Filtering template 354/384 segment 4/5
2026-09-08T16:13:45.117+01:00 INFO : Filtering template 354/384 segment 5/5
2026-09-08T16:13:45.154+01:00 INFO : 1 points above threshold
2026-09-08T16:13:45.160+01:00 INFO : 354: generating IMRPhenomD from 30.0 Hz
2026-09-08T16:13:45.162+01:00 INFO : Decompressing waveform using inline_linear
2026-09-08T16:13:45.167+01:00 INFO : Filtering template 355/384 segment 1/5
2026-09-08T16:13:45.207+01:00 INFO : Filtering template 355/384 segment 2/5
2026-09-08T16:13:45.244+01:00 INFO : Filtering template 355/384 segment 3/5
2026-09-08T16:13:45.281+01:00 INFO : 1 points above threshold
2026-09-08T16:13:45.293+01:00 INFO : Filtering template 355/384 segment 4/5
2026-09-08T16:13:45.331+01:00 INFO : Filtering template 355/384 segment 5/5
2026-09-08T16:13:45.368+01:00 INFO : 2 points above threshold
2026-09-08T16:13:45.376+01:00 INFO : 355: generating IMRPhenomD from 30.0 Hz
2026-09-08T16:13:45.378+01:00 INFO : Decompressing waveform using inline_linear
2026-09-08T16:13:45.383+01:00 INFO : Filtering template 356/384 segment 1/5
2026-09-08T16:13:45.424+01:00 INFO : 1 points above threshold
2026-09-08T16:13:45.436+01:00 INFO : Filtering template 356/384 segment 2/5
2026-09-08T16:13:45.473+01:00 INFO : 2 points above threshold
2026-09-08T16:13:45.480+01:00 INFO : Filtering template 356/384 segment 3/5
2026-09-08T16:13:45.517+01:00 INFO : 2 points above threshold
2026-09-08T16:13:45.525+01:00 INFO : Filtering template 356/384 segment 4/5
2026-09-08T16:13:45.562+01:00 INFO : 2 points above threshold
2026-09-08T16:13:45.570+01:00 INFO : Filtering template 356/384 segment 5/5
2026-09-08T16:13:45.607+01:00 INFO : 1 points above threshold
2026-09-08T16:13:45.613+01:00 INFO : 356: generating IMRPhenomD from 30.0 Hz
2026-09-08T16:13:45.615+01:00 INFO : Decompressing waveform using inline_linear
2026-09-08T16:13:45.620+01:00 INFO : Filtering template 357/384 segment 1/5
2026-09-08T16:13:45.661+01:00 INFO : 2 points above threshold
2026-09-08T16:13:45.675+01:00 INFO : Filtering template 357/384 segment 2/5
2026-09-08T16:13:45.711+01:00 INFO : Filtering template 357/384 segment 3/5
2026-09-08T16:13:45.749+01:00 INFO : 4 points above threshold
2026-09-08T16:13:45.758+01:00 INFO : Filtering template 357/384 segment 4/5
2026-09-08T16:13:45.795+01:00 INFO : 1 points above threshold
2026-09-08T16:13:45.801+01:00 INFO : Filtering template 357/384 segment 5/5
2026-09-08T16:13:45.838+01:00 INFO : 357: generating IMRPhenomD from 30.0 Hz
2026-09-08T16:13:45.841+01:00 INFO : Decompressing waveform using inline_linear
2026-09-08T16:13:45.845+01:00 INFO : Filtering template 358/384 segment 1/5
2026-09-08T16:13:45.886+01:00 INFO : 2 points above threshold
2026-09-08T16:13:45.900+01:00 INFO : Filtering template 358/384 segment 2/5
2026-09-08T16:13:45.937+01:00 INFO : 2 points above threshold
2026-09-08T16:13:45.945+01:00 INFO : Filtering template 358/384 segment 3/5
2026-09-08T16:13:45.982+01:00 INFO : Filtering template 358/384 segment 4/5
2026-09-08T16:13:46.019+01:00 INFO : 1 points above threshold
2026-09-08T16:13:46.025+01:00 INFO : Filtering template 358/384 segment 5/5
2026-09-08T16:13:46.062+01:00 INFO : 358: generating IMRPhenomD from 30.0 Hz
2026-09-08T16:13:46.065+01:00 INFO : Decompressing waveform using inline_linear
2026-09-08T16:13:46.070+01:00 INFO : Filtering template 359/384 segment 1/5
2026-09-08T16:13:46.110+01:00 INFO : 2 points above threshold
2026-09-08T16:13:46.124+01:00 INFO : Filtering template 359/384 segment 2/5
2026-09-08T16:13:46.161+01:00 INFO : 2 points above threshold
2026-09-08T16:13:46.169+01:00 INFO : Filtering template 359/384 segment 3/5
2026-09-08T16:13:46.206+01:00 INFO : Filtering template 359/384 segment 4/5
2026-09-08T16:13:46.243+01:00 INFO : 1 points above threshold
2026-09-08T16:13:46.249+01:00 INFO : Filtering template 359/384 segment 5/5
2026-09-08T16:13:46.286+01:00 INFO : 2 points above threshold
2026-09-08T16:13:46.294+01:00 INFO : 359: generating IMRPhenomD from 30.0 Hz
2026-09-08T16:13:46.296+01:00 INFO : Decompressing waveform using inline_linear
2026-09-08T16:13:46.301+01:00 INFO : Filtering template 360/384 segment 1/5
2026-09-08T16:13:46.342+01:00 INFO : Filtering template 360/384 segment 2/5
2026-09-08T16:13:46.379+01:00 INFO : Filtering template 360/384 segment 3/5
2026-09-08T16:13:46.416+01:00 INFO : 2 points above threshold
2026-09-08T16:13:46.433+01:00 INFO : Filtering template 360/384 segment 4/5
2026-09-08T16:13:46.470+01:00 INFO : Filtering template 360/384 segment 5/5
2026-09-08T16:13:46.507+01:00 INFO : 2 points above threshold
2026-09-08T16:13:46.515+01:00 INFO : 360: generating IMRPhenomD from 30.0 Hz
2026-09-08T16:13:46.518+01:00 INFO : Decompressing waveform using inline_linear
2026-09-08T16:13:46.523+01:00 INFO : Filtering template 361/384 segment 1/5
2026-09-08T16:13:46.563+01:00 INFO : 1 points above threshold
2026-09-08T16:13:46.575+01:00 INFO : Filtering template 361/384 segment 2/5
2026-09-08T16:13:46.612+01:00 INFO : 1 points above threshold
2026-09-08T16:13:46.618+01:00 INFO : Filtering template 361/384 segment 3/5
2026-09-08T16:13:46.655+01:00 INFO : 1 points above threshold
2026-09-08T16:13:46.661+01:00 INFO : Filtering template 361/384 segment 4/5
2026-09-08T16:13:46.698+01:00 INFO : 1 points above threshold
2026-09-08T16:13:46.704+01:00 INFO : Filtering template 361/384 segment 5/5
2026-09-08T16:13:46.741+01:00 INFO : 361: generating IMRPhenomD from 30.0 Hz
2026-09-08T16:13:46.744+01:00 INFO : Decompressing waveform using inline_linear
2026-09-08T16:13:46.749+01:00 INFO : Filtering template 362/384 segment 1/5
2026-09-08T16:13:46.789+01:00 INFO : 1 points above threshold
2026-09-08T16:13:46.801+01:00 INFO : Filtering template 362/384 segment 2/5
2026-09-08T16:13:46.839+01:00 INFO : 2 points above threshold
2026-09-08T16:13:46.846+01:00 INFO : Filtering template 362/384 segment 3/5
2026-09-08T16:13:46.883+01:00 INFO : 1 points above threshold
2026-09-08T16:13:46.889+01:00 INFO : Filtering template 362/384 segment 4/5
2026-09-08T16:13:46.926+01:00 INFO : Filtering template 362/384 segment 5/5
2026-09-08T16:13:46.963+01:00 INFO : 1 points above threshold
2026-09-08T16:13:46.969+01:00 INFO : 362: generating IMRPhenomD from 30.0 Hz
2026-09-08T16:13:46.972+01:00 INFO : Decompressing waveform using inline_linear
2026-09-08T16:13:46.977+01:00 INFO : Filtering template 363/384 segment 1/5
2026-09-08T16:13:47.017+01:00 INFO : 3 points above threshold
2026-09-08T16:13:47.034+01:00 INFO : Filtering template 363/384 segment 2/5
2026-09-08T16:13:47.071+01:00 INFO : Filtering template 363/384 segment 3/5
2026-09-08T16:13:47.108+01:00 INFO : 1 points above threshold
2026-09-08T16:13:47.114+01:00 INFO : Filtering template 363/384 segment 4/5
2026-09-08T16:13:47.151+01:00 INFO : 1 points above threshold
2026-09-08T16:13:47.160+01:00 INFO : Filtering template 363/384 segment 5/5
2026-09-08T16:13:47.196+01:00 INFO : 1 points above threshold
2026-09-08T16:13:47.203+01:00 INFO : 363: generating IMRPhenomD from 30.0 Hz
2026-09-08T16:13:47.205+01:00 INFO : Decompressing waveform using inline_linear
2026-09-08T16:13:47.210+01:00 INFO : Filtering template 364/384 segment 1/5
2026-09-08T16:13:47.250+01:00 INFO : Filtering template 364/384 segment 2/5
2026-09-08T16:13:47.287+01:00 INFO : 1 points above threshold
2026-09-08T16:13:47.300+01:00 INFO : Filtering template 364/384 segment 3/5
2026-09-08T16:13:47.339+01:00 INFO : Filtering template 364/384 segment 4/5
2026-09-08T16:13:47.381+01:00 INFO : 2 points above threshold
2026-09-08T16:13:47.389+01:00 INFO : Filtering template 364/384 segment 5/5
2026-09-08T16:13:47.426+01:00 INFO : 1 points above threshold
2026-09-08T16:13:47.432+01:00 INFO : 364: generating IMRPhenomD from 30.0 Hz
2026-09-08T16:13:47.435+01:00 INFO : Decompressing waveform using inline_linear
2026-09-08T16:13:47.440+01:00 INFO : Filtering template 365/384 segment 1/5
2026-09-08T16:13:47.480+01:00 INFO : Filtering template 365/384 segment 2/5
2026-09-08T16:13:47.517+01:00 INFO : 2 points above threshold
2026-09-08T16:13:47.532+01:00 INFO : Filtering template 365/384 segment 3/5
2026-09-08T16:13:47.569+01:00 INFO : Filtering template 365/384 segment 4/5
2026-09-08T16:13:47.606+01:00 INFO : 2 points above threshold
2026-09-08T16:13:47.613+01:00 INFO : Filtering template 365/384 segment 5/5
2026-09-08T16:13:47.650+01:00 INFO : 1 points above threshold
2026-09-08T16:13:47.657+01:00 INFO : 365: generating IMRPhenomD from 30.0 Hz
2026-09-08T16:13:47.659+01:00 INFO : Decompressing waveform using inline_linear
2026-09-08T16:13:47.664+01:00 INFO : Filtering template 366/384 segment 1/5
2026-09-08T16:13:47.704+01:00 INFO : 1 points above threshold
2026-09-08T16:13:47.717+01:00 INFO : Filtering template 366/384 segment 2/5
2026-09-08T16:13:47.754+01:00 INFO : 1 points above threshold
2026-09-08T16:13:47.760+01:00 INFO : Filtering template 366/384 segment 3/5
2026-09-08T16:13:47.797+01:00 INFO : 1 points above threshold
2026-09-08T16:13:47.802+01:00 INFO : Filtering template 366/384 segment 4/5
2026-09-08T16:13:47.840+01:00 INFO : 2 points above threshold
2026-09-08T16:13:47.847+01:00 INFO : Filtering template 366/384 segment 5/5
2026-09-08T16:13:47.885+01:00 INFO : 366: generating IMRPhenomD from 30.0 Hz
2026-09-08T16:13:47.887+01:00 INFO : Decompressing waveform using inline_linear
2026-09-08T16:13:47.892+01:00 INFO : Filtering template 367/384 segment 1/5
2026-09-08T16:13:47.932+01:00 INFO : 2 points above threshold
2026-09-08T16:13:47.947+01:00 INFO : Filtering template 367/384 segment 2/5
2026-09-08T16:13:47.984+01:00 INFO : Filtering template 367/384 segment 3/5
2026-09-08T16:13:48.021+01:00 INFO : Filtering template 367/384 segment 4/5
2026-09-08T16:13:48.058+01:00 INFO : 1 points above threshold
2026-09-08T16:13:48.064+01:00 INFO : Filtering template 367/384 segment 5/5
2026-09-08T16:13:48.101+01:00 INFO : 3 points above threshold
2026-09-08T16:13:48.111+01:00 INFO : 367: generating IMRPhenomD from 30.0 Hz
2026-09-08T16:13:48.114+01:00 INFO : Decompressing waveform using inline_linear
2026-09-08T16:13:48.118+01:00 INFO : Filtering template 368/384 segment 1/5
2026-09-08T16:13:48.159+01:00 INFO : 2 points above threshold
2026-09-08T16:13:48.173+01:00 INFO : Filtering template 368/384 segment 2/5
2026-09-08T16:13:48.210+01:00 INFO : Filtering template 368/384 segment 3/5
2026-09-08T16:13:48.247+01:00 INFO : Filtering template 368/384 segment 4/5
2026-09-08T16:13:48.284+01:00 INFO : 1 points above threshold
2026-09-08T16:13:48.290+01:00 INFO : Filtering template 368/384 segment 5/5
2026-09-08T16:13:48.327+01:00 INFO : 368: generating IMRPhenomD from 30.0 Hz
2026-09-08T16:13:48.330+01:00 INFO : Decompressing waveform using inline_linear
2026-09-08T16:13:48.335+01:00 INFO : Filtering template 369/384 segment 1/5
2026-09-08T16:13:48.375+01:00 INFO : 1 points above threshold
2026-09-08T16:13:48.387+01:00 INFO : Filtering template 369/384 segment 2/5
2026-09-08T16:13:48.424+01:00 INFO : Filtering template 369/384 segment 3/5
2026-09-08T16:13:48.461+01:00 INFO : 1 points above threshold
2026-09-08T16:13:48.467+01:00 INFO : Filtering template 369/384 segment 4/5
2026-09-08T16:13:48.504+01:00 INFO : 2 points above threshold
2026-09-08T16:13:48.511+01:00 INFO : Filtering template 369/384 segment 5/5
2026-09-08T16:13:48.549+01:00 INFO : 2 points above threshold
2026-09-08T16:13:48.557+01:00 INFO : 369: generating IMRPhenomD from 30.0 Hz
2026-09-08T16:13:48.559+01:00 INFO : Decompressing waveform using inline_linear
2026-09-08T16:13:48.564+01:00 INFO : Filtering template 370/384 segment 1/5
2026-09-08T16:13:48.604+01:00 INFO : Filtering template 370/384 segment 2/5
2026-09-08T16:13:48.641+01:00 INFO : 2 points above threshold
2026-09-08T16:13:48.656+01:00 INFO : Filtering template 370/384 segment 3/5
2026-09-08T16:13:48.693+01:00 INFO : 2 points above threshold
2026-09-08T16:13:48.700+01:00 INFO : Filtering template 370/384 segment 4/5
2026-09-08T16:13:48.737+01:00 INFO : 2 points above threshold
2026-09-08T16:13:48.745+01:00 INFO : Filtering template 370/384 segment 5/5
2026-09-08T16:13:48.783+01:00 INFO : 370: generating IMRPhenomD from 30.0 Hz
2026-09-08T16:13:48.785+01:00 INFO : Decompressing waveform using inline_linear
2026-09-08T16:13:48.790+01:00 INFO : Filtering template 371/384 segment 1/5
2026-09-08T16:13:48.830+01:00 INFO : 1 points above threshold
2026-09-08T16:13:48.843+01:00 INFO : Filtering template 371/384 segment 2/5
2026-09-08T16:13:48.880+01:00 INFO : Filtering template 371/384 segment 3/5
2026-09-08T16:13:48.917+01:00 INFO : 1 points above threshold
2026-09-08T16:13:48.923+01:00 INFO : Filtering template 371/384 segment 4/5
2026-09-08T16:13:48.959+01:00 INFO : Filtering template 371/384 segment 5/5
2026-09-08T16:13:48.996+01:00 INFO : 1 points above threshold
2026-09-08T16:13:49.003+01:00 INFO : 371: generating IMRPhenomD from 30.0 Hz
2026-09-08T16:13:49.005+01:00 INFO : Decompressing waveform using inline_linear
2026-09-08T16:13:49.010+01:00 INFO : Filtering template 372/384 segment 1/5
2026-09-08T16:13:49.050+01:00 INFO : 1 points above threshold
2026-09-08T16:13:49.063+01:00 INFO : Filtering template 372/384 segment 2/5
2026-09-08T16:13:49.100+01:00 INFO : 3 points above threshold
2026-09-08T16:13:49.110+01:00 INFO : Filtering template 372/384 segment 3/5
2026-09-08T16:13:49.147+01:00 INFO : 1 points above threshold
2026-09-08T16:13:49.153+01:00 INFO : Filtering template 372/384 segment 4/5
2026-09-08T16:13:49.190+01:00 INFO : Filtering template 372/384 segment 5/5
2026-09-08T16:13:49.227+01:00 INFO : 372: generating IMRPhenomD from 30.0 Hz
2026-09-08T16:13:49.230+01:00 INFO : Decompressing waveform using inline_linear
2026-09-08T16:13:49.235+01:00 INFO : Filtering template 373/384 segment 1/5
2026-09-08T16:13:49.275+01:00 INFO : 3 points above threshold
2026-09-08T16:13:49.291+01:00 INFO : Filtering template 373/384 segment 2/5
2026-09-08T16:13:49.328+01:00 INFO : 1 points above threshold
2026-09-08T16:13:49.334+01:00 INFO : Filtering template 373/384 segment 3/5
2026-09-08T16:13:49.371+01:00 INFO : 2 points above threshold
2026-09-08T16:13:49.379+01:00 INFO : Filtering template 373/384 segment 4/5
2026-09-08T16:13:49.416+01:00 INFO : Filtering template 373/384 segment 5/5
2026-09-08T16:13:49.453+01:00 INFO : 1 points above threshold
2026-09-08T16:13:49.459+01:00 INFO : 373: generating IMRPhenomD from 30.0 Hz
2026-09-08T16:13:49.461+01:00 INFO : Decompressing waveform using inline_linear
2026-09-08T16:13:49.466+01:00 INFO : Filtering template 374/384 segment 1/5
2026-09-08T16:13:49.507+01:00 INFO : Filtering template 374/384 segment 2/5
2026-09-08T16:13:49.544+01:00 INFO : Filtering template 374/384 segment 3/5
2026-09-08T16:13:49.581+01:00 INFO : 2 points above threshold
2026-09-08T16:13:49.594+01:00 INFO : Filtering template 374/384 segment 4/5
2026-09-08T16:13:49.632+01:00 INFO : Filtering template 374/384 segment 5/5
2026-09-08T16:13:49.668+01:00 INFO : 1 points above threshold
2026-09-08T16:13:49.675+01:00 INFO : 374: generating IMRPhenomD from 30.0 Hz
2026-09-08T16:13:49.677+01:00 INFO : Decompressing waveform using inline_linear
2026-09-08T16:13:49.682+01:00 INFO : Filtering template 375/384 segment 1/5
2026-09-08T16:13:49.722+01:00 INFO : 1 points above threshold
2026-09-08T16:13:49.734+01:00 INFO : Filtering template 375/384 segment 2/5
2026-09-08T16:13:49.771+01:00 INFO : Filtering template 375/384 segment 3/5
2026-09-08T16:13:49.808+01:00 INFO : 1 points above threshold
2026-09-08T16:13:49.814+01:00 INFO : Filtering template 375/384 segment 4/5
2026-09-08T16:13:49.851+01:00 INFO : 3 points above threshold
2026-09-08T16:13:49.861+01:00 INFO : Filtering template 375/384 segment 5/5
2026-09-08T16:13:49.898+01:00 INFO : 1 points above threshold
2026-09-08T16:13:49.904+01:00 INFO : 375: generating IMRPhenomD from 30.0 Hz
2026-09-08T16:13:49.907+01:00 INFO : Decompressing waveform using inline_linear
2026-09-08T16:13:49.912+01:00 INFO : Filtering template 376/384 segment 1/5
2026-09-08T16:13:49.952+01:00 INFO : Filtering template 376/384 segment 2/5
2026-09-08T16:13:49.989+01:00 INFO : Filtering template 376/384 segment 3/5
2026-09-08T16:13:50.026+01:00 INFO : Filtering template 376/384 segment 4/5
2026-09-08T16:13:50.063+01:00 INFO : 1 points above threshold
2026-09-08T16:13:50.075+01:00 INFO : Filtering template 376/384 segment 5/5
2026-09-08T16:13:50.112+01:00 INFO : 1 points above threshold
2026-09-08T16:13:50.118+01:00 INFO : 376: generating IMRPhenomD from 30.0 Hz
2026-09-08T16:13:50.121+01:00 INFO : Decompressing waveform using inline_linear
2026-09-08T16:13:50.126+01:00 INFO : Filtering template 377/384 segment 1/5
2026-09-08T16:13:50.166+01:00 INFO : 2 points above threshold
2026-09-08T16:13:50.180+01:00 INFO : Filtering template 377/384 segment 2/5
2026-09-08T16:13:50.217+01:00 INFO : Filtering template 377/384 segment 3/5
2026-09-08T16:13:50.255+01:00 INFO : 1 points above threshold
2026-09-08T16:13:50.261+01:00 INFO : Filtering template 377/384 segment 4/5
2026-09-08T16:13:50.297+01:00 INFO : 2 points above threshold
2026-09-08T16:13:50.305+01:00 INFO : Filtering template 377/384 segment 5/5
2026-09-08T16:13:50.343+01:00 INFO : 377: generating IMRPhenomD from 30.0 Hz
2026-09-08T16:13:50.345+01:00 INFO : Decompressing waveform using inline_linear
2026-09-08T16:13:50.350+01:00 INFO : Filtering template 378/384 segment 1/5
2026-09-08T16:13:50.390+01:00 INFO : 3 points above threshold
2026-09-08T16:13:50.406+01:00 INFO : Filtering template 378/384 segment 2/5
2026-09-08T16:13:50.443+01:00 INFO : 3 points above threshold
2026-09-08T16:13:50.453+01:00 INFO : Filtering template 378/384 segment 3/5
2026-09-08T16:13:50.490+01:00 INFO : Filtering template 378/384 segment 4/5
2026-09-08T16:13:50.527+01:00 INFO : Filtering template 378/384 segment 5/5
2026-09-08T16:13:50.564+01:00 INFO : 1 points above threshold
2026-09-08T16:13:50.570+01:00 INFO : 378: generating IMRPhenomD from 30.0 Hz
2026-09-08T16:13:50.573+01:00 INFO : Decompressing waveform using inline_linear
2026-09-08T16:13:50.578+01:00 INFO : Filtering template 379/384 segment 1/5
2026-09-08T16:13:50.618+01:00 INFO : 2 points above threshold
2026-09-08T16:13:50.632+01:00 INFO : Filtering template 379/384 segment 2/5
2026-09-08T16:13:50.670+01:00 INFO : Filtering template 379/384 segment 3/5
2026-09-08T16:13:50.706+01:00 INFO : 1 points above threshold
2026-09-08T16:13:50.712+01:00 INFO : Filtering template 379/384 segment 4/5
2026-09-08T16:13:50.749+01:00 INFO : 2 points above threshold
2026-09-08T16:13:50.757+01:00 INFO : Filtering template 379/384 segment 5/5
2026-09-08T16:13:50.794+01:00 INFO : 1 points above threshold
2026-09-08T16:13:50.800+01:00 INFO : 379: generating IMRPhenomD from 30.0 Hz
2026-09-08T16:13:50.803+01:00 INFO : Decompressing waveform using inline_linear
2026-09-08T16:13:50.808+01:00 INFO : Filtering template 380/384 segment 1/5
2026-09-08T16:13:50.848+01:00 INFO : Filtering template 380/384 segment 2/5
2026-09-08T16:13:50.885+01:00 INFO : 1 points above threshold
2026-09-08T16:13:50.897+01:00 INFO : Filtering template 380/384 segment 3/5
2026-09-08T16:13:50.934+01:00 INFO : 1 points above threshold
2026-09-08T16:13:50.940+01:00 INFO : Filtering template 380/384 segment 4/5
2026-09-08T16:13:50.977+01:00 INFO : 1 points above threshold
2026-09-08T16:13:50.983+01:00 INFO : Filtering template 380/384 segment 5/5
2026-09-08T16:13:51.020+01:00 INFO : 1 points above threshold
2026-09-08T16:13:51.029+01:00 INFO : 380: generating IMRPhenomD from 30.0 Hz
2026-09-08T16:13:51.031+01:00 INFO : Decompressing waveform using inline_linear
2026-09-08T16:13:51.036+01:00 INFO : Filtering template 381/384 segment 1/5
2026-09-08T16:13:51.076+01:00 INFO : 3 points above threshold
2026-09-08T16:13:51.092+01:00 INFO : Filtering template 381/384 segment 2/5
2026-09-08T16:13:51.130+01:00 INFO : 1 points above threshold
2026-09-08T16:13:51.136+01:00 INFO : Filtering template 381/384 segment 3/5
2026-09-08T16:13:51.172+01:00 INFO : 1 points above threshold
2026-09-08T16:13:51.178+01:00 INFO : Filtering template 381/384 segment 4/5
2026-09-08T16:13:51.215+01:00 INFO : Filtering template 381/384 segment 5/5
2026-09-08T16:13:51.252+01:00 INFO : 2 points above threshold
2026-09-08T16:13:51.261+01:00 INFO : 381: generating IMRPhenomD from 30.0 Hz
2026-09-08T16:13:51.263+01:00 INFO : Decompressing waveform using inline_linear
2026-09-08T16:13:51.268+01:00 INFO : Filtering template 382/384 segment 1/5
2026-09-08T16:13:51.308+01:00 INFO : 4 points above threshold
2026-09-08T16:13:51.324+01:00 INFO : Filtering template 382/384 segment 2/5
2026-09-08T16:13:51.361+01:00 INFO : Filtering template 382/384 segment 3/5
2026-09-08T16:13:51.398+01:00 INFO : 3 points above threshold
2026-09-08T16:13:51.408+01:00 INFO : Filtering template 382/384 segment 4/5
2026-09-08T16:13:51.445+01:00 INFO : 1 points above threshold
2026-09-08T16:13:51.451+01:00 INFO : Filtering template 382/384 segment 5/5
2026-09-08T16:13:51.488+01:00 INFO : 3 points above threshold
2026-09-08T16:13:51.498+01:00 INFO : 382: generating IMRPhenomD from 30.0 Hz
2026-09-08T16:13:51.501+01:00 INFO : Decompressing waveform using inline_linear
2026-09-08T16:13:51.505+01:00 INFO : Filtering template 383/384 segment 1/5
2026-09-08T16:13:51.546+01:00 INFO : 1 points above threshold
2026-09-08T16:13:51.558+01:00 INFO : Filtering template 383/384 segment 2/5
2026-09-08T16:13:51.595+01:00 INFO : 2 points above threshold
2026-09-08T16:13:51.602+01:00 INFO : Filtering template 383/384 segment 3/5
2026-09-08T16:13:51.639+01:00 INFO : Filtering template 383/384 segment 4/5
2026-09-08T16:13:51.676+01:00 INFO : 2 points above threshold
2026-09-08T16:13:51.684+01:00 INFO : Filtering template 383/384 segment 5/5
2026-09-08T16:13:51.721+01:00 INFO : 3 points above threshold
2026-09-08T16:13:51.731+01:00 INFO : 383: generating IMRPhenomD from 30.0 Hz
2026-09-08T16:13:51.734+01:00 INFO : Decompressing waveform using inline_linear
2026-09-08T16:13:51.739+01:00 INFO : Filtering template 384/384 segment 1/5
2026-09-08T16:13:51.779+01:00 INFO : 3 points above threshold
2026-09-08T16:13:51.795+01:00 INFO : Filtering template 384/384 segment 2/5
2026-09-08T16:13:51.832+01:00 INFO : Filtering template 384/384 segment 3/5
2026-09-08T16:13:51.869+01:00 INFO : 2 points above threshold
2026-09-08T16:13:51.877+01:00 INFO : Filtering template 384/384 segment 4/5
2026-09-08T16:13:51.913+01:00 INFO : Filtering template 384/384 segment 5/5
2026-09-08T16:13:51.951+01:00 INFO : 2 points above threshold
2026-09-08T16:13:51.959+01:00 INFO : We currently have 2205 triggers
2026-09-08T16:13:51.959+01:00 INFO : Removing triggers with NewSNR below threshold
2026-09-08T16:13:51.959+01:00 INFO : 1991 remaining triggers
2026-09-08T16:13:51.959+01:00 INFO : Outputting 1991 triggers
2026-09-08T16:13:51.959+01:00 INFO : Writing out triggers
2026-09-08T16:13:51.977+01:00 INFO : Finished
