2026-09-07T04:37:50.164+01:00 INFO : Running with Torch support on device cuda:0
2026-09-07T04:37:50.164+01:00 INFO : Reading Frames
2026-09-07T04:37:56.936+01:00 INFO : Highpass Filtering
2026-09-07T04:37:57.398+01:00 INFO : Resampling data
2026-09-07T04:37:57.410+01:00 INFO : Converting to float32
/home/xangma/pycbc-torch-inspiral-reference-20260906/source-v6/pycbc/types/array.py:872: RuntimeWarning: divide by zero encountered in divide
  return self._data.__rtruediv__(other)
2026-09-07T04:38:02.561+01:00 INFO : Highpass Filtering
2026-09-07T04:38:03.009+01:00 INFO : Remove Padding
2026-09-07T04:38:03.009+01:00 INFO : Making frequency-domain data segments
2026-09-07T04:38:03.685+01:00 INFO : Overwhitening frequency-domain data segments
2026-09-07T04:38:03.685+01:00 INFO : Read in template bank
2026-09-07T04:38:03.696+01:00 INFO : Full template bank size: 384
2026-09-07T04:38:03.696+01:00 INFO : Template bank size after thinning: 384
2026-09-07T04:38:03.697+01:00 INFO : 0: generating IMRPhenomD from 30.0 Hz
2026-09-07T04:38:03.698+01:00 INFO : Decompressing waveform using inline_linear
2026-09-07T04:38:03.887+01:00 INFO : Filtering template 1/384 segment 1/5
2026-09-07T04:38:04.383+01:00 INFO : 1 points above threshold
2026-09-07T04:38:04.402+01:00 INFO : Filtering template 1/384 segment 2/5
2026-09-07T04:38:04.402+01:00 INFO : Filtering template 1/384 segment 3/5
2026-09-07T04:38:04.403+01:00 INFO : 1 points above threshold
2026-09-07T04:38:04.405+01:00 INFO : Filtering template 1/384 segment 4/5
2026-09-07T04:38:04.406+01:00 INFO : Filtering template 1/384 segment 5/5
2026-09-07T04:38:04.406+01:00 INFO : 1 points above threshold
2026-09-07T04:38:04.409+01:00 INFO : 1: generating IMRPhenomD from 30.0 Hz
2026-09-07T04:38:04.411+01:00 INFO : Decompressing waveform using inline_linear
2026-09-07T04:38:04.413+01:00 INFO : Filtering template 2/384 segment 1/5
2026-09-07T04:38:04.414+01:00 INFO : 1 points above threshold
2026-09-07T04:38:04.417+01:00 INFO : Filtering template 2/384 segment 2/5
2026-09-07T04:38:04.417+01:00 INFO : 1 points above threshold
2026-09-07T04:38:04.420+01:00 INFO : Filtering template 2/384 segment 3/5
2026-09-07T04:38:04.420+01:00 INFO : 2 points above threshold
2026-09-07T04:38:04.427+01:00 INFO : Filtering template 2/384 segment 4/5
2026-09-07T04:38:04.427+01:00 INFO : Filtering template 2/384 segment 5/5
2026-09-07T04:38:04.428+01:00 INFO : 1 points above threshold
2026-09-07T04:38:04.431+01:00 INFO : 2: generating IMRPhenomD from 30.0 Hz
2026-09-07T04:38:04.432+01:00 INFO : Decompressing waveform using inline_linear
2026-09-07T04:38:04.434+01:00 INFO : Filtering template 3/384 segment 1/5
2026-09-07T04:38:04.435+01:00 INFO : 3 points above threshold
2026-09-07T04:38:04.439+01:00 INFO : Filtering template 3/384 segment 2/5
2026-09-07T04:38:04.439+01:00 INFO : Filtering template 3/384 segment 3/5
2026-09-07T04:38:04.440+01:00 INFO : 1 points above threshold
2026-09-07T04:38:04.442+01:00 INFO : Filtering template 3/384 segment 4/5
2026-09-07T04:38:04.443+01:00 INFO : 1 points above threshold
2026-09-07T04:38:04.445+01:00 INFO : Filtering template 3/384 segment 5/5
2026-09-07T04:38:04.446+01:00 INFO : 3: generating IMRPhenomD from 30.0 Hz
2026-09-07T04:38:04.447+01:00 INFO : Decompressing waveform using inline_linear
2026-09-07T04:38:04.449+01:00 INFO : Filtering template 4/384 segment 1/5
2026-09-07T04:38:04.450+01:00 INFO : 1 points above threshold
2026-09-07T04:38:04.453+01:00 INFO : Filtering template 4/384 segment 2/5
2026-09-07T04:38:04.454+01:00 INFO : 1 points above threshold
2026-09-07T04:38:04.456+01:00 INFO : Filtering template 4/384 segment 3/5
2026-09-07T04:38:04.457+01:00 INFO : 2 points above threshold
2026-09-07T04:38:04.460+01:00 INFO : Filtering template 4/384 segment 4/5
2026-09-07T04:38:04.461+01:00 INFO : 2 points above threshold
2026-09-07T04:38:04.464+01:00 INFO : Filtering template 4/384 segment 5/5
2026-09-07T04:38:04.465+01:00 INFO : 2 points above threshold
2026-09-07T04:38:04.469+01:00 INFO : 4: generating IMRPhenomD from 30.0 Hz
2026-09-07T04:38:04.470+01:00 INFO : Decompressing waveform using inline_linear
2026-09-07T04:38:04.472+01:00 INFO : Filtering template 5/384 segment 1/5
2026-09-07T04:38:04.473+01:00 INFO : 1 points above threshold
2026-09-07T04:38:04.476+01:00 INFO : Filtering template 5/384 segment 2/5
2026-09-07T04:38:04.476+01:00 INFO : 2 points above threshold
2026-09-07T04:38:04.479+01:00 INFO : Filtering template 5/384 segment 3/5
2026-09-07T04:38:04.480+01:00 INFO : 2 points above threshold
2026-09-07T04:38:04.483+01:00 INFO : Filtering template 5/384 segment 4/5
2026-09-07T04:38:04.484+01:00 INFO : 2 points above threshold
2026-09-07T04:38:04.487+01:00 INFO : Filtering template 5/384 segment 5/5
2026-09-07T04:38:04.488+01:00 INFO : 5: generating IMRPhenomD from 30.0 Hz
2026-09-07T04:38:04.489+01:00 INFO : Decompressing waveform using inline_linear
2026-09-07T04:38:04.491+01:00 INFO : Filtering template 6/384 segment 1/5
2026-09-07T04:38:04.492+01:00 INFO : 1 points above threshold
2026-09-07T04:38:04.495+01:00 INFO : Filtering template 6/384 segment 2/5
2026-09-07T04:38:04.495+01:00 INFO : Filtering template 6/384 segment 3/5
2026-09-07T04:38:04.496+01:00 INFO : Filtering template 6/384 segment 4/5
2026-09-07T04:38:04.496+01:00 INFO : Filtering template 6/384 segment 5/5
2026-09-07T04:38:04.497+01:00 INFO : 1 points above threshold
2026-09-07T04:38:04.500+01:00 INFO : 6: generating IMRPhenomD from 30.0 Hz
2026-09-07T04:38:04.501+01:00 INFO : Decompressing waveform using inline_linear
2026-09-07T04:38:04.503+01:00 INFO : Filtering template 7/384 segment 1/5
2026-09-07T04:38:04.503+01:00 INFO : 2 points above threshold
2026-09-07T04:38:04.508+01:00 INFO : Filtering template 7/384 segment 2/5
2026-09-07T04:38:04.508+01:00 INFO : Filtering template 7/384 segment 3/5
2026-09-07T04:38:04.509+01:00 INFO : Filtering template 7/384 segment 4/5
2026-09-07T04:38:04.509+01:00 INFO : 1 points above threshold
2026-09-07T04:38:04.511+01:00 INFO : Filtering template 7/384 segment 5/5
2026-09-07T04:38:04.512+01:00 INFO : 7: generating IMRPhenomD from 30.0 Hz
2026-09-07T04:38:04.513+01:00 INFO : Decompressing waveform using inline_linear
2026-09-07T04:38:04.515+01:00 INFO : Filtering template 8/384 segment 1/5
2026-09-07T04:38:04.516+01:00 INFO : 2 points above threshold
2026-09-07T04:38:04.520+01:00 INFO : Filtering template 8/384 segment 2/5
2026-09-07T04:38:04.521+01:00 INFO : 1 points above threshold
2026-09-07T04:38:04.523+01:00 INFO : Filtering template 8/384 segment 3/5
2026-09-07T04:38:04.524+01:00 INFO : 4 points above threshold
2026-09-07T04:38:04.527+01:00 INFO : Filtering template 8/384 segment 4/5
2026-09-07T04:38:04.528+01:00 INFO : Filtering template 8/384 segment 5/5
2026-09-07T04:38:04.529+01:00 INFO : 8: generating IMRPhenomD from 30.0 Hz
2026-09-07T04:38:04.530+01:00 INFO : Decompressing waveform using inline_linear
2026-09-07T04:38:04.532+01:00 INFO : Filtering template 9/384 segment 1/5
2026-09-07T04:38:04.533+01:00 INFO : Filtering template 9/384 segment 2/5
2026-09-07T04:38:04.533+01:00 INFO : 1 points above threshold
2026-09-07T04:38:04.536+01:00 INFO : Filtering template 9/384 segment 3/5
2026-09-07T04:38:04.537+01:00 INFO : 2 points above threshold
2026-09-07T04:38:04.540+01:00 INFO : Filtering template 9/384 segment 4/5
2026-09-07T04:38:04.541+01:00 INFO : 1 points above threshold
2026-09-07T04:38:04.543+01:00 INFO : Filtering template 9/384 segment 5/5
2026-09-07T04:38:04.544+01:00 INFO : 3 points above threshold
2026-09-07T04:38:04.548+01:00 INFO : 9: generating IMRPhenomD from 30.0 Hz
2026-09-07T04:38:04.549+01:00 INFO : Decompressing waveform using inline_linear
2026-09-07T04:38:04.551+01:00 INFO : Filtering template 10/384 segment 1/5
2026-09-07T04:38:04.552+01:00 INFO : 1 points above threshold
2026-09-07T04:38:04.555+01:00 INFO : Filtering template 10/384 segment 2/5
2026-09-07T04:38:04.555+01:00 INFO : 1 points above threshold
2026-09-07T04:38:04.558+01:00 INFO : Filtering template 10/384 segment 3/5
2026-09-07T04:38:04.558+01:00 INFO : Filtering template 10/384 segment 4/5
2026-09-07T04:38:04.559+01:00 INFO : 2 points above threshold
2026-09-07T04:38:04.563+01:00 INFO : Filtering template 10/384 segment 5/5
2026-09-07T04:38:04.564+01:00 INFO : 1 points above threshold
2026-09-07T04:38:04.567+01:00 INFO : 10: generating IMRPhenomD from 30.0 Hz
2026-09-07T04:38:04.568+01:00 INFO : Decompressing waveform using inline_linear
2026-09-07T04:38:04.570+01:00 INFO : Filtering template 11/384 segment 1/5
2026-09-07T04:38:04.571+01:00 INFO : 2 points above threshold
2026-09-07T04:38:04.575+01:00 INFO : Filtering template 11/384 segment 2/5
2026-09-07T04:38:04.576+01:00 INFO : Filtering template 11/384 segment 3/5
2026-09-07T04:38:04.576+01:00 INFO : 1 points above threshold
2026-09-07T04:38:04.578+01:00 INFO : Filtering template 11/384 segment 4/5
2026-09-07T04:38:04.579+01:00 INFO : 1 points above threshold
2026-09-07T04:38:04.581+01:00 INFO : Filtering template 11/384 segment 5/5
2026-09-07T04:38:04.582+01:00 INFO : 1 points above threshold
2026-09-07T04:38:04.585+01:00 INFO : 11: generating IMRPhenomD from 30.0 Hz
2026-09-07T04:38:04.586+01:00 INFO : Decompressing waveform using inline_linear
2026-09-07T04:38:04.588+01:00 INFO : Filtering template 12/384 segment 1/5
2026-09-07T04:38:04.589+01:00 INFO : Filtering template 12/384 segment 2/5
2026-09-07T04:38:04.589+01:00 INFO : 1 points above threshold
2026-09-07T04:38:04.592+01:00 INFO : Filtering template 12/384 segment 3/5
2026-09-07T04:38:04.593+01:00 INFO : Filtering template 12/384 segment 4/5
2026-09-07T04:38:04.593+01:00 INFO : 1 points above threshold
2026-09-07T04:38:04.596+01:00 INFO : Filtering template 12/384 segment 5/5
2026-09-07T04:38:04.596+01:00 INFO : 1 points above threshold
2026-09-07T04:38:04.599+01:00 INFO : 12: generating IMRPhenomD from 30.0 Hz
2026-09-07T04:38:04.600+01:00 INFO : Decompressing waveform using inline_linear
2026-09-07T04:38:04.602+01:00 INFO : Filtering template 13/384 segment 1/5
2026-09-07T04:38:04.603+01:00 INFO : 1 points above threshold
2026-09-07T04:38:04.606+01:00 INFO : Filtering template 13/384 segment 2/5
2026-09-07T04:38:04.607+01:00 INFO : Filtering template 13/384 segment 3/5
2026-09-07T04:38:04.607+01:00 INFO : 2 points above threshold
2026-09-07T04:38:04.610+01:00 INFO : Filtering template 13/384 segment 4/5
2026-09-07T04:38:04.611+01:00 INFO : Filtering template 13/384 segment 5/5
2026-09-07T04:38:04.611+01:00 INFO : 2 points above threshold
2026-09-07T04:38:04.615+01:00 INFO : 13: generating IMRPhenomD from 30.0 Hz
2026-09-07T04:38:04.617+01:00 INFO : Decompressing waveform using inline_linear
2026-09-07T04:38:04.619+01:00 INFO : Filtering template 14/384 segment 1/5
2026-09-07T04:38:04.619+01:00 INFO : 2 points above threshold
2026-09-07T04:38:04.623+01:00 INFO : Filtering template 14/384 segment 2/5
2026-09-07T04:38:04.624+01:00 INFO : 1 points above threshold
2026-09-07T04:38:04.626+01:00 INFO : Filtering template 14/384 segment 3/5
2026-09-07T04:38:04.627+01:00 INFO : 2 points above threshold
2026-09-07T04:38:04.630+01:00 INFO : Filtering template 14/384 segment 4/5
2026-09-07T04:38:04.631+01:00 INFO : 2 points above threshold
2026-09-07T04:38:04.634+01:00 INFO : Filtering template 14/384 segment 5/5
2026-09-07T04:38:04.634+01:00 INFO : 3 points above threshold
2026-09-07T04:38:04.638+01:00 INFO : 14: generating IMRPhenomD from 30.0 Hz
2026-09-07T04:38:04.640+01:00 INFO : Decompressing waveform using inline_linear
2026-09-07T04:38:04.642+01:00 INFO : Filtering template 15/384 segment 1/5
2026-09-07T04:38:04.643+01:00 INFO : Filtering template 15/384 segment 2/5
2026-09-07T04:38:04.643+01:00 INFO : 3 points above threshold
2026-09-07T04:38:04.648+01:00 INFO : Filtering template 15/384 segment 3/5
2026-09-07T04:38:04.648+01:00 INFO : 1 points above threshold
2026-09-07T04:38:04.651+01:00 INFO : Filtering template 15/384 segment 4/5
2026-09-07T04:38:04.651+01:00 INFO : Filtering template 15/384 segment 5/5
2026-09-07T04:38:04.652+01:00 INFO : 1 points above threshold
2026-09-07T04:38:04.655+01:00 INFO : 15: generating IMRPhenomD from 30.0 Hz
2026-09-07T04:38:04.657+01:00 INFO : Decompressing waveform using inline_linear
2026-09-07T04:38:04.659+01:00 INFO : Filtering template 16/384 segment 1/5
2026-09-07T04:38:04.660+01:00 INFO : 3 points above threshold
2026-09-07T04:38:04.664+01:00 INFO : Filtering template 16/384 segment 2/5
2026-09-07T04:38:04.665+01:00 INFO : 1 points above threshold
2026-09-07T04:38:04.667+01:00 INFO : Filtering template 16/384 segment 3/5
2026-09-07T04:38:04.668+01:00 INFO : 3 points above threshold
2026-09-07T04:38:04.671+01:00 INFO : Filtering template 16/384 segment 4/5
2026-09-07T04:38:04.672+01:00 INFO : Filtering template 16/384 segment 5/5
2026-09-07T04:38:04.673+01:00 INFO : 16: generating IMRPhenomD from 30.0 Hz
2026-09-07T04:38:04.674+01:00 INFO : Decompressing waveform using inline_linear
2026-09-07T04:38:04.677+01:00 INFO : Filtering template 17/384 segment 1/5
2026-09-07T04:38:04.678+01:00 INFO : 1 points above threshold
2026-09-07T04:38:04.682+01:00 INFO : Filtering template 17/384 segment 2/5
2026-09-07T04:38:04.683+01:00 INFO : 1 points above threshold
2026-09-07T04:38:04.685+01:00 INFO : Filtering template 17/384 segment 3/5
2026-09-07T04:38:04.686+01:00 INFO : 2 points above threshold
2026-09-07T04:38:04.689+01:00 INFO : Filtering template 17/384 segment 4/5
2026-09-07T04:38:04.690+01:00 INFO : 1 points above threshold
2026-09-07T04:38:04.692+01:00 INFO : Filtering template 17/384 segment 5/5
2026-09-07T04:38:04.693+01:00 INFO : 1 points above threshold
2026-09-07T04:38:04.696+01:00 INFO : 17: generating IMRPhenomD from 30.0 Hz
2026-09-07T04:38:04.698+01:00 INFO : Decompressing waveform using inline_linear
2026-09-07T04:38:04.700+01:00 INFO : Filtering template 18/384 segment 1/5
2026-09-07T04:38:04.702+01:00 INFO : 1 points above threshold
2026-09-07T04:38:04.705+01:00 INFO : Filtering template 18/384 segment 2/5
2026-09-07T04:38:04.706+01:00 INFO : 1 points above threshold
2026-09-07T04:38:04.708+01:00 INFO : Filtering template 18/384 segment 3/5
2026-09-07T04:38:04.709+01:00 INFO : 1 points above threshold
2026-09-07T04:38:04.712+01:00 INFO : Filtering template 18/384 segment 4/5
2026-09-07T04:38:04.713+01:00 INFO : 1 points above threshold
2026-09-07T04:38:04.715+01:00 INFO : Filtering template 18/384 segment 5/5
2026-09-07T04:38:04.716+01:00 INFO : 1 points above threshold
2026-09-07T04:38:04.720+01:00 INFO : 18: generating IMRPhenomD from 30.0 Hz
2026-09-07T04:38:04.721+01:00 INFO : Decompressing waveform using inline_linear
2026-09-07T04:38:04.724+01:00 INFO : Filtering template 19/384 segment 1/5
2026-09-07T04:38:04.725+01:00 INFO : 2 points above threshold
2026-09-07T04:38:04.729+01:00 INFO : Filtering template 19/384 segment 2/5
2026-09-07T04:38:04.730+01:00 INFO : 2 points above threshold
2026-09-07T04:38:04.733+01:00 INFO : Filtering template 19/384 segment 3/5
2026-09-07T04:38:04.734+01:00 INFO : 4 points above threshold
2026-09-07T04:38:04.738+01:00 INFO : Filtering template 19/384 segment 4/5
2026-09-07T04:38:04.738+01:00 INFO : Filtering template 19/384 segment 5/5
2026-09-07T04:38:04.739+01:00 INFO : 1 points above threshold
2026-09-07T04:38:04.742+01:00 INFO : 19: generating IMRPhenomD from 30.0 Hz
2026-09-07T04:38:04.744+01:00 INFO : Decompressing waveform using inline_linear
2026-09-07T04:38:04.746+01:00 INFO : Filtering template 20/384 segment 1/5
2026-09-07T04:38:04.747+01:00 INFO : Filtering template 20/384 segment 2/5
2026-09-07T04:38:04.747+01:00 INFO : 1 points above threshold
2026-09-07T04:38:04.750+01:00 INFO : Filtering template 20/384 segment 3/5
2026-09-07T04:38:04.751+01:00 INFO : 1 points above threshold
2026-09-07T04:38:04.753+01:00 INFO : Filtering template 20/384 segment 4/5
2026-09-07T04:38:04.754+01:00 INFO : 1 points above threshold
2026-09-07T04:38:04.756+01:00 INFO : Filtering template 20/384 segment 5/5
2026-09-07T04:38:04.757+01:00 INFO : 20: generating IMRPhenomD from 30.0 Hz
2026-09-07T04:38:04.758+01:00 INFO : Decompressing waveform using inline_linear
2026-09-07T04:38:04.760+01:00 INFO : Filtering template 21/384 segment 1/5
2026-09-07T04:38:04.761+01:00 INFO : Filtering template 21/384 segment 2/5
2026-09-07T04:38:04.762+01:00 INFO : Filtering template 21/384 segment 3/5
2026-09-07T04:38:04.762+01:00 INFO : 3 points above threshold
2026-09-07T04:38:04.766+01:00 INFO : Filtering template 21/384 segment 4/5
2026-09-07T04:38:04.767+01:00 INFO : 1 points above threshold
2026-09-07T04:38:04.769+01:00 INFO : Filtering template 21/384 segment 5/5
2026-09-07T04:38:04.769+01:00 INFO : 1 points above threshold
2026-09-07T04:38:04.772+01:00 INFO : 21: generating IMRPhenomD from 30.0 Hz
2026-09-07T04:38:04.774+01:00 INFO : Decompressing waveform using inline_linear
2026-09-07T04:38:04.775+01:00 INFO : Filtering template 22/384 segment 1/5
2026-09-07T04:38:04.776+01:00 INFO : Filtering template 22/384 segment 2/5
2026-09-07T04:38:04.777+01:00 INFO : 2 points above threshold
2026-09-07T04:38:04.781+01:00 INFO : Filtering template 22/384 segment 3/5
2026-09-07T04:38:04.781+01:00 INFO : 2 points above threshold
2026-09-07T04:38:04.784+01:00 INFO : Filtering template 22/384 segment 4/5
2026-09-07T04:38:04.785+01:00 INFO : 1 points above threshold
2026-09-07T04:38:04.787+01:00 INFO : Filtering template 22/384 segment 5/5
2026-09-07T04:38:04.788+01:00 INFO : 1 points above threshold
2026-09-07T04:38:04.791+01:00 INFO : 22: generating IMRPhenomD from 30.0 Hz
2026-09-07T04:38:04.792+01:00 INFO : Decompressing waveform using inline_linear
2026-09-07T04:38:04.794+01:00 INFO : Filtering template 23/384 segment 1/5
2026-09-07T04:38:04.795+01:00 INFO : Filtering template 23/384 segment 2/5
2026-09-07T04:38:04.795+01:00 INFO : 3 points above threshold
2026-09-07T04:38:04.799+01:00 INFO : Filtering template 23/384 segment 3/5
2026-09-07T04:38:04.799+01:00 INFO : 1 points above threshold
2026-09-07T04:38:04.802+01:00 INFO : Filtering template 23/384 segment 4/5
2026-09-07T04:38:04.802+01:00 INFO : Filtering template 23/384 segment 5/5
2026-09-07T04:38:04.803+01:00 INFO : 23: generating IMRPhenomD from 30.0 Hz
2026-09-07T04:38:04.804+01:00 INFO : Decompressing waveform using inline_linear
2026-09-07T04:38:04.806+01:00 INFO : Filtering template 24/384 segment 1/5
2026-09-07T04:38:04.807+01:00 INFO : 4 points above threshold
2026-09-07T04:38:04.810+01:00 INFO : Filtering template 24/384 segment 2/5
2026-09-07T04:38:04.811+01:00 INFO : 1 points above threshold
2026-09-07T04:38:04.813+01:00 INFO : Filtering template 24/384 segment 3/5
2026-09-07T04:38:04.814+01:00 INFO : 3 points above threshold
2026-09-07T04:38:04.816+01:00 INFO : Filtering template 24/384 segment 4/5
2026-09-07T04:38:04.817+01:00 INFO : 2 points above threshold
2026-09-07T04:38:04.819+01:00 INFO : Filtering template 24/384 segment 5/5
2026-09-07T04:38:04.820+01:00 INFO : 24: generating IMRPhenomD from 30.0 Hz
2026-09-07T04:38:04.822+01:00 INFO : Decompressing waveform using inline_linear
2026-09-07T04:38:04.824+01:00 INFO : Filtering template 25/384 segment 1/5
2026-09-07T04:38:04.824+01:00 INFO : 3 points above threshold
2026-09-07T04:38:04.828+01:00 INFO : Filtering template 25/384 segment 2/5
2026-09-07T04:38:04.829+01:00 INFO : Filtering template 25/384 segment 3/5
2026-09-07T04:38:04.829+01:00 INFO : Filtering template 25/384 segment 4/5
2026-09-07T04:38:04.830+01:00 INFO : 2 points above threshold
2026-09-07T04:38:04.833+01:00 INFO : Filtering template 25/384 segment 5/5
2026-09-07T04:38:04.834+01:00 INFO : 25: generating IMRPhenomD from 30.0 Hz
2026-09-07T04:38:04.835+01:00 INFO : Decompressing waveform using inline_linear
2026-09-07T04:38:04.837+01:00 INFO : Filtering template 26/384 segment 1/5
2026-09-07T04:38:04.838+01:00 INFO : 2 points above threshold
2026-09-07T04:38:04.842+01:00 INFO : Filtering template 26/384 segment 2/5
2026-09-07T04:38:04.842+01:00 INFO : 1 points above threshold
2026-09-07T04:38:04.845+01:00 INFO : Filtering template 26/384 segment 3/5
2026-09-07T04:38:04.845+01:00 INFO : 2 points above threshold
2026-09-07T04:38:04.848+01:00 INFO : Filtering template 26/384 segment 4/5
2026-09-07T04:38:04.849+01:00 INFO : Filtering template 26/384 segment 5/5
2026-09-07T04:38:04.849+01:00 INFO : 1 points above threshold
2026-09-07T04:38:04.852+01:00 INFO : 26: generating IMRPhenomD from 30.0 Hz
2026-09-07T04:38:04.854+01:00 INFO : Decompressing waveform using inline_linear
2026-09-07T04:38:04.856+01:00 INFO : Filtering template 27/384 segment 1/5
2026-09-07T04:38:04.857+01:00 INFO : 1 points above threshold
2026-09-07T04:38:04.860+01:00 INFO : Filtering template 27/384 segment 2/5
2026-09-07T04:38:04.861+01:00 INFO : 4 points above threshold
2026-09-07T04:38:04.864+01:00 INFO : Filtering template 27/384 segment 3/5
2026-09-07T04:38:04.864+01:00 INFO : 1 points above threshold
2026-09-07T04:38:04.867+01:00 INFO : Filtering template 27/384 segment 4/5
2026-09-07T04:38:04.867+01:00 INFO : 1 points above threshold
2026-09-07T04:38:04.870+01:00 INFO : Filtering template 27/384 segment 5/5
2026-09-07T04:38:04.871+01:00 INFO : 27: generating IMRPhenomD from 30.0 Hz
2026-09-07T04:38:04.872+01:00 INFO : Decompressing waveform using inline_linear
2026-09-07T04:38:04.874+01:00 INFO : Filtering template 28/384 segment 1/5
2026-09-07T04:38:04.875+01:00 INFO : 2 points above threshold
2026-09-07T04:38:04.879+01:00 INFO : Filtering template 28/384 segment 2/5
2026-09-07T04:38:04.879+01:00 INFO : 1 points above threshold
2026-09-07T04:38:04.881+01:00 INFO : Filtering template 28/384 segment 3/5
2026-09-07T04:38:04.882+01:00 INFO : 1 points above threshold
2026-09-07T04:38:04.884+01:00 INFO : Filtering template 28/384 segment 4/5
2026-09-07T04:38:04.885+01:00 INFO : 1 points above threshold
2026-09-07T04:38:04.887+01:00 INFO : Filtering template 28/384 segment 5/5
2026-09-07T04:38:04.888+01:00 INFO : 28: generating IMRPhenomD from 30.0 Hz
2026-09-07T04:38:04.890+01:00 INFO : Decompressing waveform using inline_linear
2026-09-07T04:38:04.892+01:00 INFO : Filtering template 29/384 segment 1/5
2026-09-07T04:38:04.892+01:00 INFO : 2 points above threshold
2026-09-07T04:38:04.896+01:00 INFO : Filtering template 29/384 segment 2/5
2026-09-07T04:38:04.897+01:00 INFO : Filtering template 29/384 segment 3/5
2026-09-07T04:38:04.897+01:00 INFO : 2 points above threshold
2026-09-07T04:38:04.900+01:00 INFO : Filtering template 29/384 segment 4/5
2026-09-07T04:38:04.901+01:00 INFO : Filtering template 29/384 segment 5/5
2026-09-07T04:38:04.901+01:00 INFO : 1 points above threshold
2026-09-07T04:38:04.904+01:00 INFO : 29: generating IMRPhenomD from 30.0 Hz
2026-09-07T04:38:04.905+01:00 INFO : Decompressing waveform using inline_linear
2026-09-07T04:38:04.907+01:00 INFO : Filtering template 30/384 segment 1/5
2026-09-07T04:38:04.908+01:00 INFO : 1 points above threshold
2026-09-07T04:38:04.911+01:00 INFO : Filtering template 30/384 segment 2/5
2026-09-07T04:38:04.911+01:00 INFO : 2 points above threshold
2026-09-07T04:38:04.915+01:00 INFO : Filtering template 30/384 segment 3/5
2026-09-07T04:38:04.915+01:00 INFO : Filtering template 30/384 segment 4/5
2026-09-07T04:38:04.916+01:00 INFO : 3 points above threshold
2026-09-07T04:38:04.919+01:00 INFO : Filtering template 30/384 segment 5/5
2026-09-07T04:38:04.919+01:00 INFO : 2 points above threshold
2026-09-07T04:38:04.923+01:00 INFO : 30: generating IMRPhenomD from 30.0 Hz
2026-09-07T04:38:04.925+01:00 INFO : Decompressing waveform using inline_linear
2026-09-07T04:38:04.926+01:00 INFO : Filtering template 31/384 segment 1/5
2026-09-07T04:38:04.927+01:00 INFO : Filtering template 31/384 segment 2/5
2026-09-07T04:38:04.928+01:00 INFO : 1 points above threshold
2026-09-07T04:38:04.931+01:00 INFO : Filtering template 31/384 segment 3/5
2026-09-07T04:38:04.931+01:00 INFO : 2 points above threshold
2026-09-07T04:38:04.935+01:00 INFO : Filtering template 31/384 segment 4/5
2026-09-07T04:38:04.935+01:00 INFO : 1 points above threshold
2026-09-07T04:38:04.938+01:00 INFO : Filtering template 31/384 segment 5/5
2026-09-07T04:38:04.938+01:00 INFO : 2 points above threshold
2026-09-07T04:38:04.942+01:00 INFO : 31: generating IMRPhenomD from 30.0 Hz
2026-09-07T04:38:04.943+01:00 INFO : Decompressing waveform using inline_linear
2026-09-07T04:38:04.945+01:00 INFO : Filtering template 32/384 segment 1/5
2026-09-07T04:38:04.946+01:00 INFO : Filtering template 32/384 segment 2/5
2026-09-07T04:38:04.947+01:00 INFO : Filtering template 32/384 segment 3/5
2026-09-07T04:38:04.947+01:00 INFO : 2 points above threshold
2026-09-07T04:38:04.951+01:00 INFO : Filtering template 32/384 segment 4/5
2026-09-07T04:38:04.952+01:00 INFO : 1 points above threshold
2026-09-07T04:38:04.954+01:00 INFO : Filtering template 32/384 segment 5/5
2026-09-07T04:38:04.954+01:00 INFO : 2 points above threshold
2026-09-07T04:38:04.958+01:00 INFO : 32: generating IMRPhenomD from 30.0 Hz
2026-09-07T04:38:04.959+01:00 INFO : Decompressing waveform using inline_linear
2026-09-07T04:38:04.961+01:00 INFO : Filtering template 33/384 segment 1/5
2026-09-07T04:38:04.962+01:00 INFO : Filtering template 33/384 segment 2/5
2026-09-07T04:38:04.963+01:00 INFO : Filtering template 33/384 segment 3/5
2026-09-07T04:38:04.963+01:00 INFO : 1 points above threshold
2026-09-07T04:38:04.966+01:00 INFO : Filtering template 33/384 segment 4/5
2026-09-07T04:38:04.967+01:00 INFO : 2 points above threshold
2026-09-07T04:38:04.970+01:00 INFO : Filtering template 33/384 segment 5/5
2026-09-07T04:38:04.970+01:00 INFO : 2 points above threshold
2026-09-07T04:38:04.974+01:00 INFO : 33: generating IMRPhenomD from 30.0 Hz
2026-09-07T04:38:04.975+01:00 INFO : Decompressing waveform using inline_linear
2026-09-07T04:38:04.977+01:00 INFO : Filtering template 34/384 segment 1/5
2026-09-07T04:38:04.978+01:00 INFO : 1 points above threshold
2026-09-07T04:38:04.981+01:00 INFO : Filtering template 34/384 segment 2/5
2026-09-07T04:38:04.982+01:00 INFO : 1 points above threshold
2026-09-07T04:38:04.984+01:00 INFO : Filtering template 34/384 segment 3/5
2026-09-07T04:38:04.985+01:00 INFO : 2 points above threshold
2026-09-07T04:38:04.988+01:00 INFO : Filtering template 34/384 segment 4/5
2026-09-07T04:38:04.988+01:00 INFO : 1 points above threshold
2026-09-07T04:38:04.991+01:00 INFO : Filtering template 34/384 segment 5/5
2026-09-07T04:38:04.991+01:00 INFO : 2 points above threshold
2026-09-07T04:38:04.995+01:00 INFO : 34: generating IMRPhenomD from 30.0 Hz
2026-09-07T04:38:04.996+01:00 INFO : Decompressing waveform using inline_linear
2026-09-07T04:38:04.998+01:00 INFO : Filtering template 35/384 segment 1/5
2026-09-07T04:38:04.999+01:00 INFO : 5 points above threshold
2026-09-07T04:38:05.003+01:00 INFO : Filtering template 35/384 segment 2/5
2026-09-07T04:38:05.003+01:00 INFO : 1 points above threshold
2026-09-07T04:38:05.006+01:00 INFO : Filtering template 35/384 segment 3/5
2026-09-07T04:38:05.006+01:00 INFO : Filtering template 35/384 segment 4/5
2026-09-07T04:38:05.007+01:00 INFO : 1 points above threshold
2026-09-07T04:38:05.009+01:00 INFO : Filtering template 35/384 segment 5/5
2026-09-07T04:38:05.010+01:00 INFO : 2 points above threshold
2026-09-07T04:38:05.013+01:00 INFO : 35: generating IMRPhenomD from 30.0 Hz
2026-09-07T04:38:05.015+01:00 INFO : Decompressing waveform using inline_linear
2026-09-07T04:38:05.017+01:00 INFO : Filtering template 36/384 segment 1/5
2026-09-07T04:38:05.018+01:00 INFO : 1 points above threshold
2026-09-07T04:38:05.021+01:00 INFO : Filtering template 36/384 segment 2/5
2026-09-07T04:38:05.021+01:00 INFO : 1 points above threshold
2026-09-07T04:38:05.024+01:00 INFO : Filtering template 36/384 segment 3/5
2026-09-07T04:38:05.024+01:00 INFO : Filtering template 36/384 segment 4/5
2026-09-07T04:38:05.025+01:00 INFO : 1 points above threshold
2026-09-07T04:38:05.027+01:00 INFO : Filtering template 36/384 segment 5/5
2026-09-07T04:38:05.028+01:00 INFO : 1 points above threshold
2026-09-07T04:38:05.031+01:00 INFO : 36: generating IMRPhenomD from 30.0 Hz
2026-09-07T04:38:05.032+01:00 INFO : Decompressing waveform using inline_linear
2026-09-07T04:38:05.034+01:00 INFO : Filtering template 37/384 segment 1/5
2026-09-07T04:38:05.034+01:00 INFO : 1 points above threshold
2026-09-07T04:38:05.038+01:00 INFO : Filtering template 37/384 segment 2/5
2026-09-07T04:38:05.038+01:00 INFO : Filtering template 37/384 segment 3/5
2026-09-07T04:38:05.039+01:00 INFO : 1 points above threshold
2026-09-07T04:38:05.041+01:00 INFO : Filtering template 37/384 segment 4/5
2026-09-07T04:38:05.041+01:00 INFO : Filtering template 37/384 segment 5/5
2026-09-07T04:38:05.042+01:00 INFO : 37: generating IMRPhenomD from 30.0 Hz
2026-09-07T04:38:05.044+01:00 INFO : Decompressing waveform using inline_linear
2026-09-07T04:38:05.045+01:00 INFO : Filtering template 38/384 segment 1/5
2026-09-07T04:38:05.046+01:00 INFO : Filtering template 38/384 segment 2/5
2026-09-07T04:38:05.047+01:00 INFO : Filtering template 38/384 segment 3/5
2026-09-07T04:38:05.047+01:00 INFO : 1 points above threshold
2026-09-07T04:38:05.050+01:00 INFO : Filtering template 38/384 segment 4/5
2026-09-07T04:38:05.051+01:00 INFO : 1 points above threshold
2026-09-07T04:38:05.053+01:00 INFO : Filtering template 38/384 segment 5/5
2026-09-07T04:38:05.054+01:00 INFO : 38: generating IMRPhenomD from 30.0 Hz
2026-09-07T04:38:05.055+01:00 INFO : Decompressing waveform using inline_linear
2026-09-07T04:38:05.057+01:00 INFO : Filtering template 39/384 segment 1/5
2026-09-07T04:38:05.058+01:00 INFO : Filtering template 39/384 segment 2/5
2026-09-07T04:38:05.058+01:00 INFO : Filtering template 39/384 segment 3/5
2026-09-07T04:38:05.059+01:00 INFO : Filtering template 39/384 segment 4/5
2026-09-07T04:38:05.059+01:00 INFO : 3 points above threshold
2026-09-07T04:38:05.063+01:00 INFO : Filtering template 39/384 segment 5/5
2026-09-07T04:38:05.064+01:00 INFO : 2 points above threshold
2026-09-07T04:38:05.067+01:00 INFO : 39: generating IMRPhenomD from 30.0 Hz
2026-09-07T04:38:05.068+01:00 INFO : Decompressing waveform using inline_linear
2026-09-07T04:38:05.070+01:00 INFO : Filtering template 40/384 segment 1/5
2026-09-07T04:38:05.071+01:00 INFO : 3 points above threshold
2026-09-07T04:38:05.075+01:00 INFO : Filtering template 40/384 segment 2/5
2026-09-07T04:38:05.075+01:00 INFO : 1 points above threshold
2026-09-07T04:38:05.078+01:00 INFO : Filtering template 40/384 segment 3/5
2026-09-07T04:38:05.078+01:00 INFO : 1 points above threshold
2026-09-07T04:38:05.080+01:00 INFO : Filtering template 40/384 segment 4/5
2026-09-07T04:38:05.081+01:00 INFO : 2 points above threshold
2026-09-07T04:38:05.084+01:00 INFO : Filtering template 40/384 segment 5/5
2026-09-07T04:38:05.085+01:00 INFO : 1 points above threshold
2026-09-07T04:38:05.088+01:00 INFO : 40: generating IMRPhenomD from 30.0 Hz
2026-09-07T04:38:05.089+01:00 INFO : Decompressing waveform using inline_linear
2026-09-07T04:38:05.091+01:00 INFO : Filtering template 41/384 segment 1/5
2026-09-07T04:38:05.092+01:00 INFO : Filtering template 41/384 segment 2/5
2026-09-07T04:38:05.092+01:00 INFO : 1 points above threshold
2026-09-07T04:38:05.096+01:00 INFO : Filtering template 41/384 segment 3/5
2026-09-07T04:38:05.096+01:00 INFO : Filtering template 41/384 segment 4/5
2026-09-07T04:38:05.096+01:00 INFO : Filtering template 41/384 segment 5/5
2026-09-07T04:38:05.097+01:00 INFO : 41: generating IMRPhenomD from 30.0 Hz
2026-09-07T04:38:05.098+01:00 INFO : Decompressing waveform using inline_linear
2026-09-07T04:38:05.100+01:00 INFO : Filtering template 42/384 segment 1/5
2026-09-07T04:38:05.101+01:00 INFO : 2 points above threshold
2026-09-07T04:38:05.105+01:00 INFO : Filtering template 42/384 segment 2/5
2026-09-07T04:38:05.106+01:00 INFO : Filtering template 42/384 segment 3/5
2026-09-07T04:38:05.106+01:00 INFO : 2 points above threshold
2026-09-07T04:38:05.109+01:00 INFO : Filtering template 42/384 segment 4/5
2026-09-07T04:38:05.110+01:00 INFO : 3 points above threshold
2026-09-07T04:38:05.113+01:00 INFO : Filtering template 42/384 segment 5/5
2026-09-07T04:38:05.113+01:00 INFO : 2 points above threshold
2026-09-07T04:38:05.117+01:00 INFO : 42: generating IMRPhenomD from 30.0 Hz
2026-09-07T04:38:05.118+01:00 INFO : Decompressing waveform using inline_linear
2026-09-07T04:38:05.120+01:00 INFO : Filtering template 43/384 segment 1/5
2026-09-07T04:38:05.121+01:00 INFO : 3 points above threshold
2026-09-07T04:38:05.125+01:00 INFO : Filtering template 43/384 segment 2/5
2026-09-07T04:38:05.125+01:00 INFO : 2 points above threshold
2026-09-07T04:38:05.128+01:00 INFO : Filtering template 43/384 segment 3/5
2026-09-07T04:38:05.129+01:00 INFO : Filtering template 43/384 segment 4/5
2026-09-07T04:38:05.129+01:00 INFO : Filtering template 43/384 segment 5/5
2026-09-07T04:38:05.130+01:00 INFO : 1 points above threshold
2026-09-07T04:38:05.133+01:00 INFO : 43: generating IMRPhenomD from 30.0 Hz
2026-09-07T04:38:05.134+01:00 INFO : Decompressing waveform using inline_linear
2026-09-07T04:38:05.136+01:00 INFO : Filtering template 44/384 segment 1/5
2026-09-07T04:38:05.136+01:00 INFO : Filtering template 44/384 segment 2/5
2026-09-07T04:38:05.137+01:00 INFO : 2 points above threshold
2026-09-07T04:38:05.141+01:00 INFO : Filtering template 44/384 segment 3/5
2026-09-07T04:38:05.141+01:00 INFO : Filtering template 44/384 segment 4/5
2026-09-07T04:38:05.142+01:00 INFO : 1 points above threshold
2026-09-07T04:38:05.144+01:00 INFO : Filtering template 44/384 segment 5/5
2026-09-07T04:38:05.144+01:00 INFO : 2 points above threshold
2026-09-07T04:38:05.148+01:00 INFO : 44: generating IMRPhenomD from 30.0 Hz
2026-09-07T04:38:05.149+01:00 INFO : Decompressing waveform using inline_linear
2026-09-07T04:38:05.151+01:00 INFO : Filtering template 45/384 segment 1/5
2026-09-07T04:38:05.152+01:00 INFO : 1 points above threshold
2026-09-07T04:38:05.155+01:00 INFO : Filtering template 45/384 segment 2/5
2026-09-07T04:38:05.155+01:00 INFO : Filtering template 45/384 segment 3/5
2026-09-07T04:38:05.156+01:00 INFO : 1 points above threshold
2026-09-07T04:38:05.158+01:00 INFO : Filtering template 45/384 segment 4/5
2026-09-07T04:38:05.159+01:00 INFO : Filtering template 45/384 segment 5/5
2026-09-07T04:38:05.159+01:00 INFO : 2 points above threshold
2026-09-07T04:38:05.162+01:00 INFO : 45: generating IMRPhenomD from 30.0 Hz
2026-09-07T04:38:05.163+01:00 INFO : Decompressing waveform using inline_linear
2026-09-07T04:38:05.165+01:00 INFO : Filtering template 46/384 segment 1/5
2026-09-07T04:38:05.166+01:00 INFO : 3 points above threshold
2026-09-07T04:38:05.170+01:00 INFO : Filtering template 46/384 segment 2/5
2026-09-07T04:38:05.171+01:00 INFO : 1 points above threshold
2026-09-07T04:38:05.174+01:00 INFO : Filtering template 46/384 segment 3/5
2026-09-07T04:38:05.174+01:00 INFO : 1 points above threshold
2026-09-07T04:38:05.177+01:00 INFO : Filtering template 46/384 segment 4/5
2026-09-07T04:38:05.177+01:00 INFO : Filtering template 46/384 segment 5/5
2026-09-07T04:38:05.177+01:00 INFO : 1 points above threshold
2026-09-07T04:38:05.180+01:00 INFO : 46: generating IMRPhenomD from 30.0 Hz
2026-09-07T04:38:05.182+01:00 INFO : Decompressing waveform using inline_linear
2026-09-07T04:38:05.184+01:00 INFO : Filtering template 47/384 segment 1/5
2026-09-07T04:38:05.184+01:00 INFO : 1 points above threshold
2026-09-07T04:38:05.187+01:00 INFO : Filtering template 47/384 segment 2/5
2026-09-07T04:38:05.188+01:00 INFO : 1 points above threshold
2026-09-07T04:38:05.190+01:00 INFO : Filtering template 47/384 segment 3/5
2026-09-07T04:38:05.191+01:00 INFO : 1 points above threshold
2026-09-07T04:38:05.193+01:00 INFO : Filtering template 47/384 segment 4/5
2026-09-07T04:38:05.194+01:00 INFO : 1 points above threshold
2026-09-07T04:38:05.196+01:00 INFO : Filtering template 47/384 segment 5/5
2026-09-07T04:38:05.197+01:00 INFO : 1 points above threshold
2026-09-07T04:38:05.200+01:00 INFO : 47: generating IMRPhenomD from 30.0 Hz
2026-09-07T04:38:05.201+01:00 INFO : Decompressing waveform using inline_linear
2026-09-07T04:38:05.203+01:00 INFO : Filtering template 48/384 segment 1/5
2026-09-07T04:38:05.204+01:00 INFO : 3 points above threshold
2026-09-07T04:38:05.208+01:00 INFO : Filtering template 48/384 segment 2/5
2026-09-07T04:38:05.208+01:00 INFO : 3 points above threshold
2026-09-07T04:38:05.212+01:00 INFO : Filtering template 48/384 segment 3/5
2026-09-07T04:38:05.212+01:00 INFO : Filtering template 48/384 segment 4/5
2026-09-07T04:38:05.213+01:00 INFO : 1 points above threshold
2026-09-07T04:38:05.215+01:00 INFO : Filtering template 48/384 segment 5/5
2026-09-07T04:38:05.216+01:00 INFO : 48: generating IMRPhenomD from 30.0 Hz
2026-09-07T04:38:05.217+01:00 INFO : Decompressing waveform using inline_linear
2026-09-07T04:38:05.219+01:00 INFO : Filtering template 49/384 segment 1/5
2026-09-07T04:38:05.220+01:00 INFO : 3 points above threshold
2026-09-07T04:38:05.224+01:00 INFO : Filtering template 49/384 segment 2/5
2026-09-07T04:38:05.224+01:00 INFO : 1 points above threshold
2026-09-07T04:38:05.227+01:00 INFO : Filtering template 49/384 segment 3/5
2026-09-07T04:38:05.227+01:00 INFO : 1 points above threshold
2026-09-07T04:38:05.230+01:00 INFO : Filtering template 49/384 segment 4/5
2026-09-07T04:38:05.230+01:00 INFO : Filtering template 49/384 segment 5/5
2026-09-07T04:38:05.231+01:00 INFO : 49: generating IMRPhenomD from 30.0 Hz
2026-09-07T04:38:05.232+01:00 INFO : Decompressing waveform using inline_linear
2026-09-07T04:38:05.234+01:00 INFO : Filtering template 50/384 segment 1/5
2026-09-07T04:38:05.235+01:00 INFO : Filtering template 50/384 segment 2/5
2026-09-07T04:38:05.235+01:00 INFO : 2 points above threshold
2026-09-07T04:38:05.239+01:00 INFO : Filtering template 50/384 segment 3/5
2026-09-07T04:38:05.240+01:00 INFO : 5 points above threshold
2026-09-07T04:38:05.243+01:00 INFO : Filtering template 50/384 segment 4/5
2026-09-07T04:38:05.243+01:00 INFO : 3 points above threshold
2026-09-07T04:38:05.246+01:00 INFO : Filtering template 50/384 segment 5/5
2026-09-07T04:38:05.247+01:00 INFO : 2 points above threshold
2026-09-07T04:38:05.250+01:00 INFO : 50: generating IMRPhenomD from 30.0 Hz
2026-09-07T04:38:05.251+01:00 INFO : Decompressing waveform using inline_linear
2026-09-07T04:38:05.254+01:00 INFO : Filtering template 51/384 segment 1/5
2026-09-07T04:38:05.255+01:00 INFO : 1 points above threshold
2026-09-07T04:38:05.258+01:00 INFO : Filtering template 51/384 segment 2/5
2026-09-07T04:38:05.258+01:00 INFO : 1 points above threshold
2026-09-07T04:38:05.261+01:00 INFO : Filtering template 51/384 segment 3/5
2026-09-07T04:38:05.261+01:00 INFO : 3 points above threshold
2026-09-07T04:38:05.264+01:00 INFO : Filtering template 51/384 segment 4/5
2026-09-07T04:38:05.265+01:00 INFO : 1 points above threshold
2026-09-07T04:38:05.267+01:00 INFO : Filtering template 51/384 segment 5/5
2026-09-07T04:38:05.267+01:00 INFO : 3 points above threshold
2026-09-07T04:38:05.271+01:00 INFO : 51: generating IMRPhenomD from 30.0 Hz
2026-09-07T04:38:05.272+01:00 INFO : Decompressing waveform using inline_linear
2026-09-07T04:38:05.274+01:00 INFO : Filtering template 52/384 segment 1/5
2026-09-07T04:38:05.275+01:00 INFO : 2 points above threshold
2026-09-07T04:38:05.279+01:00 INFO : Filtering template 52/384 segment 2/5
2026-09-07T04:38:05.279+01:00 INFO : 1 points above threshold
2026-09-07T04:38:05.282+01:00 INFO : Filtering template 52/384 segment 3/5
2026-09-07T04:38:05.282+01:00 INFO : Filtering template 52/384 segment 4/5
2026-09-07T04:38:05.283+01:00 INFO : 1 points above threshold
2026-09-07T04:38:05.285+01:00 INFO : Filtering template 52/384 segment 5/5
2026-09-07T04:38:05.285+01:00 INFO : 2 points above threshold
2026-09-07T04:38:05.289+01:00 INFO : 52: generating IMRPhenomD from 30.0 Hz
2026-09-07T04:38:05.290+01:00 INFO : Decompressing waveform using inline_linear
2026-09-07T04:38:05.292+01:00 INFO : Filtering template 53/384 segment 1/5
2026-09-07T04:38:05.293+01:00 INFO : 1 points above threshold
2026-09-07T04:38:05.296+01:00 INFO : Filtering template 53/384 segment 2/5
2026-09-07T04:38:05.296+01:00 INFO : 3 points above threshold
2026-09-07T04:38:05.300+01:00 INFO : Filtering template 53/384 segment 3/5
2026-09-07T04:38:05.300+01:00 INFO : Filtering template 53/384 segment 4/5
2026-09-07T04:38:05.301+01:00 INFO : 1 points above threshold
2026-09-07T04:38:05.303+01:00 INFO : Filtering template 53/384 segment 5/5
2026-09-07T04:38:05.304+01:00 INFO : 53: generating IMRPhenomD from 30.0 Hz
2026-09-07T04:38:05.305+01:00 INFO : Decompressing waveform using inline_linear
2026-09-07T04:38:05.307+01:00 INFO : Filtering template 54/384 segment 1/5
2026-09-07T04:38:05.308+01:00 INFO : 3 points above threshold
2026-09-07T04:38:05.312+01:00 INFO : Filtering template 54/384 segment 2/5
2026-09-07T04:38:05.312+01:00 INFO : 4 points above threshold
2026-09-07T04:38:05.316+01:00 INFO : Filtering template 54/384 segment 3/5
2026-09-07T04:38:05.316+01:00 INFO : Filtering template 54/384 segment 4/5
2026-09-07T04:38:05.317+01:00 INFO : 2 points above threshold
2026-09-07T04:38:05.320+01:00 INFO : Filtering template 54/384 segment 5/5
2026-09-07T04:38:05.320+01:00 INFO : 2 points above threshold
2026-09-07T04:38:05.324+01:00 INFO : 54: generating IMRPhenomD from 30.0 Hz
2026-09-07T04:38:05.325+01:00 INFO : Decompressing waveform using inline_linear
2026-09-07T04:38:05.327+01:00 INFO : Filtering template 55/384 segment 1/5
2026-09-07T04:38:05.328+01:00 INFO : Filtering template 55/384 segment 2/5
2026-09-07T04:38:05.328+01:00 INFO : 2 points above threshold
2026-09-07T04:38:05.332+01:00 INFO : Filtering template 55/384 segment 3/5
2026-09-07T04:38:05.332+01:00 INFO : Filtering template 55/384 segment 4/5
2026-09-07T04:38:05.333+01:00 INFO : Filtering template 55/384 segment 5/5
2026-09-07T04:38:05.333+01:00 INFO : 1 points above threshold
2026-09-07T04:38:05.337+01:00 INFO : 55: generating IMRPhenomD from 30.0 Hz
2026-09-07T04:38:05.338+01:00 INFO : Decompressing waveform using inline_linear
2026-09-07T04:38:05.340+01:00 INFO : Filtering template 56/384 segment 1/5
2026-09-07T04:38:05.340+01:00 INFO : 1 points above threshold
2026-09-07T04:38:05.344+01:00 INFO : Filtering template 56/384 segment 2/5
2026-09-07T04:38:05.344+01:00 INFO : Filtering template 56/384 segment 3/5
2026-09-07T04:38:05.345+01:00 INFO : 2 points above threshold
2026-09-07T04:38:05.348+01:00 INFO : Filtering template 56/384 segment 4/5
2026-09-07T04:38:05.348+01:00 INFO : 1 points above threshold
2026-09-07T04:38:05.350+01:00 INFO : Filtering template 56/384 segment 5/5
2026-09-07T04:38:05.351+01:00 INFO : 56: generating IMRPhenomD from 30.0 Hz
2026-09-07T04:38:05.353+01:00 INFO : Decompressing waveform using inline_linear
2026-09-07T04:38:05.354+01:00 INFO : Filtering template 57/384 segment 1/5
2026-09-07T04:38:05.355+01:00 INFO : 2 points above threshold
2026-09-07T04:38:05.359+01:00 INFO : Filtering template 57/384 segment 2/5
2026-09-07T04:38:05.359+01:00 INFO : 1 points above threshold
2026-09-07T04:38:05.362+01:00 INFO : Filtering template 57/384 segment 3/5
2026-09-07T04:38:05.362+01:00 INFO : Filtering template 57/384 segment 4/5
2026-09-07T04:38:05.363+01:00 INFO : 1 points above threshold
2026-09-07T04:38:05.366+01:00 INFO : Filtering template 57/384 segment 5/5
2026-09-07T04:38:05.367+01:00 INFO : 57: generating IMRPhenomD from 30.0 Hz
2026-09-07T04:38:05.368+01:00 INFO : Decompressing waveform using inline_linear
2026-09-07T04:38:05.370+01:00 INFO : Filtering template 58/384 segment 1/5
2026-09-07T04:38:05.371+01:00 INFO : 2 points above threshold
2026-09-07T04:38:05.374+01:00 INFO : Filtering template 58/384 segment 2/5
2026-09-07T04:38:05.375+01:00 INFO : 2 points above threshold
2026-09-07T04:38:05.378+01:00 INFO : Filtering template 58/384 segment 3/5
2026-09-07T04:38:05.378+01:00 INFO : Filtering template 58/384 segment 4/5
2026-09-07T04:38:05.379+01:00 INFO : 1 points above threshold
2026-09-07T04:38:05.381+01:00 INFO : Filtering template 58/384 segment 5/5
2026-09-07T04:38:05.381+01:00 INFO : 1 points above threshold
2026-09-07T04:38:05.384+01:00 INFO : 58: generating IMRPhenomD from 30.0 Hz
2026-09-07T04:38:05.386+01:00 INFO : Decompressing waveform using inline_linear
2026-09-07T04:38:05.388+01:00 INFO : Filtering template 59/384 segment 1/5
2026-09-07T04:38:05.388+01:00 INFO : 1 points above threshold
2026-09-07T04:38:05.391+01:00 INFO : Filtering template 59/384 segment 2/5
2026-09-07T04:38:05.392+01:00 INFO : Filtering template 59/384 segment 3/5
2026-09-07T04:38:05.392+01:00 INFO : 1 points above threshold
2026-09-07T04:38:05.395+01:00 INFO : Filtering template 59/384 segment 4/5
2026-09-07T04:38:05.395+01:00 INFO : Filtering template 59/384 segment 5/5
2026-09-07T04:38:05.396+01:00 INFO : 59: generating IMRPhenomD from 30.0 Hz
2026-09-07T04:38:05.397+01:00 INFO : Decompressing waveform using inline_linear
2026-09-07T04:38:05.399+01:00 INFO : Filtering template 60/384 segment 1/5
2026-09-07T04:38:05.400+01:00 INFO : 2 points above threshold
2026-09-07T04:38:05.404+01:00 INFO : Filtering template 60/384 segment 2/5
2026-09-07T04:38:05.404+01:00 INFO : 1 points above threshold
2026-09-07T04:38:05.407+01:00 INFO : Filtering template 60/384 segment 3/5
2026-09-07T04:38:05.407+01:00 INFO : Filtering template 60/384 segment 4/5
2026-09-07T04:38:05.408+01:00 INFO : 1 points above threshold
2026-09-07T04:38:05.411+01:00 INFO : Filtering template 60/384 segment 5/5
2026-09-07T04:38:05.411+01:00 INFO : 1 points above threshold
2026-09-07T04:38:05.414+01:00 INFO : 60: generating IMRPhenomD from 30.0 Hz
2026-09-07T04:38:05.415+01:00 INFO : Decompressing waveform using inline_linear
2026-09-07T04:38:05.417+01:00 INFO : Filtering template 61/384 segment 1/5
2026-09-07T04:38:05.418+01:00 INFO : 2 points above threshold
2026-09-07T04:38:05.422+01:00 INFO : Filtering template 61/384 segment 2/5
2026-09-07T04:38:05.422+01:00 INFO : Filtering template 61/384 segment 3/5
2026-09-07T04:38:05.423+01:00 INFO : Filtering template 61/384 segment 4/5
2026-09-07T04:38:05.423+01:00 INFO : 4 points above threshold
2026-09-07T04:38:05.426+01:00 INFO : Filtering template 61/384 segment 5/5
2026-09-07T04:38:05.427+01:00 INFO : 2 points above threshold
2026-09-07T04:38:05.431+01:00 INFO : 61: generating IMRPhenomD from 30.0 Hz
2026-09-07T04:38:05.432+01:00 INFO : Decompressing waveform using inline_linear
2026-09-07T04:38:05.434+01:00 INFO : Filtering template 62/384 segment 1/5
2026-09-07T04:38:05.434+01:00 INFO : 1 points above threshold
2026-09-07T04:38:05.438+01:00 INFO : Filtering template 62/384 segment 2/5
2026-09-07T04:38:05.438+01:00 INFO : 3 points above threshold
2026-09-07T04:38:05.441+01:00 INFO : Filtering template 62/384 segment 3/5
2026-09-07T04:38:05.442+01:00 INFO : 2 points above threshold
2026-09-07T04:38:05.445+01:00 INFO : Filtering template 62/384 segment 4/5
2026-09-07T04:38:05.445+01:00 INFO : 1 points above threshold
2026-09-07T04:38:05.448+01:00 INFO : Filtering template 62/384 segment 5/5
2026-09-07T04:38:05.448+01:00 INFO : 3 points above threshold
2026-09-07T04:38:05.452+01:00 INFO : 62: generating IMRPhenomD from 30.0 Hz
2026-09-07T04:38:05.453+01:00 INFO : Decompressing waveform using inline_linear
2026-09-07T04:38:05.455+01:00 INFO : Filtering template 63/384 segment 1/5
2026-09-07T04:38:05.456+01:00 INFO : 1 points above threshold
2026-09-07T04:38:05.459+01:00 INFO : Filtering template 63/384 segment 2/5
2026-09-07T04:38:05.459+01:00 INFO : 1 points above threshold
2026-09-07T04:38:05.462+01:00 INFO : Filtering template 63/384 segment 3/5
2026-09-07T04:38:05.462+01:00 INFO : 2 points above threshold
2026-09-07T04:38:05.466+01:00 INFO : Filtering template 63/384 segment 4/5
2026-09-07T04:38:05.466+01:00 INFO : Filtering template 63/384 segment 5/5
2026-09-07T04:38:05.467+01:00 INFO : 1 points above threshold
2026-09-07T04:38:05.470+01:00 INFO : 63: generating IMRPhenomD from 30.0 Hz
2026-09-07T04:38:05.471+01:00 INFO : Decompressing waveform using inline_linear
2026-09-07T04:38:05.473+01:00 INFO : Filtering template 64/384 segment 1/5
2026-09-07T04:38:05.474+01:00 INFO : 2 points above threshold
2026-09-07T04:38:05.477+01:00 INFO : Filtering template 64/384 segment 2/5
2026-09-07T04:38:05.478+01:00 INFO : 2 points above threshold
2026-09-07T04:38:05.481+01:00 INFO : Filtering template 64/384 segment 3/5
2026-09-07T04:38:05.481+01:00 INFO : Filtering template 64/384 segment 4/5
2026-09-07T04:38:05.482+01:00 INFO : 4 points above threshold
2026-09-07T04:38:05.485+01:00 INFO : Filtering template 64/384 segment 5/5
2026-09-07T04:38:05.485+01:00 INFO : 1 points above threshold
2026-09-07T04:38:05.488+01:00 INFO : 64: generating IMRPhenomD from 30.0 Hz
2026-09-07T04:38:05.489+01:00 INFO : Decompressing waveform using inline_linear
2026-09-07T04:38:05.491+01:00 INFO : Filtering template 65/384 segment 1/5
2026-09-07T04:38:05.492+01:00 INFO : 2 points above threshold
2026-09-07T04:38:05.496+01:00 INFO : Filtering template 65/384 segment 2/5
2026-09-07T04:38:05.496+01:00 INFO : 1 points above threshold
2026-09-07T04:38:05.499+01:00 INFO : Filtering template 65/384 segment 3/5
2026-09-07T04:38:05.499+01:00 INFO : 1 points above threshold
2026-09-07T04:38:05.502+01:00 INFO : Filtering template 65/384 segment 4/5
2026-09-07T04:38:05.502+01:00 INFO : 1 points above threshold
2026-09-07T04:38:05.505+01:00 INFO : Filtering template 65/384 segment 5/5
2026-09-07T04:38:05.505+01:00 INFO : 1 points above threshold
2026-09-07T04:38:05.508+01:00 INFO : 65: generating IMRPhenomD from 30.0 Hz
2026-09-07T04:38:05.510+01:00 INFO : Decompressing waveform using inline_linear
2026-09-07T04:38:05.512+01:00 INFO : Filtering template 66/384 segment 1/5
2026-09-07T04:38:05.513+01:00 INFO : Filtering template 66/384 segment 2/5
2026-09-07T04:38:05.513+01:00 INFO : 2 points above threshold
2026-09-07T04:38:05.517+01:00 INFO : Filtering template 66/384 segment 3/5
2026-09-07T04:38:05.518+01:00 INFO : 1 points above threshold
2026-09-07T04:38:05.520+01:00 INFO : Filtering template 66/384 segment 4/5
2026-09-07T04:38:05.521+01:00 INFO : 1 points above threshold
2026-09-07T04:38:05.523+01:00 INFO : Filtering template 66/384 segment 5/5
2026-09-07T04:38:05.523+01:00 INFO : 1 points above threshold
2026-09-07T04:38:05.527+01:00 INFO : 66: generating IMRPhenomD from 30.0 Hz
2026-09-07T04:38:05.528+01:00 INFO : Decompressing waveform using inline_linear
2026-09-07T04:38:05.530+01:00 INFO : Filtering template 67/384 segment 1/5
2026-09-07T04:38:05.531+01:00 INFO : 1 points above threshold
2026-09-07T04:38:05.534+01:00 INFO : Filtering template 67/384 segment 2/5
2026-09-07T04:38:05.534+01:00 INFO : 1 points above threshold
2026-09-07T04:38:05.537+01:00 INFO : Filtering template 67/384 segment 3/5
2026-09-07T04:38:05.537+01:00 INFO : 2 points above threshold
2026-09-07T04:38:05.541+01:00 INFO : Filtering template 67/384 segment 4/5
2026-09-07T04:38:05.541+01:00 INFO : 1 points above threshold
2026-09-07T04:38:05.544+01:00 INFO : Filtering template 67/384 segment 5/5
2026-09-07T04:38:05.544+01:00 INFO : 1 points above threshold
2026-09-07T04:38:05.547+01:00 INFO : 67: generating IMRPhenomD from 30.0 Hz
2026-09-07T04:38:05.549+01:00 INFO : Decompressing waveform using inline_linear
2026-09-07T04:38:05.550+01:00 INFO : Filtering template 68/384 segment 1/5
2026-09-07T04:38:05.551+01:00 INFO : 2 points above threshold
2026-09-07T04:38:05.555+01:00 INFO : Filtering template 68/384 segment 2/5
2026-09-07T04:38:05.556+01:00 INFO : 1 points above threshold
2026-09-07T04:38:05.558+01:00 INFO : Filtering template 68/384 segment 3/5
2026-09-07T04:38:05.559+01:00 INFO : Filtering template 68/384 segment 4/5
2026-09-07T04:38:05.559+01:00 INFO : 2 points above threshold
2026-09-07T04:38:05.562+01:00 INFO : Filtering template 68/384 segment 5/5
2026-09-07T04:38:05.563+01:00 INFO : 1 points above threshold
2026-09-07T04:38:05.566+01:00 INFO : 68: generating IMRPhenomD from 30.0 Hz
2026-09-07T04:38:05.567+01:00 INFO : Decompressing waveform using inline_linear
2026-09-07T04:38:05.569+01:00 INFO : Filtering template 69/384 segment 1/5
2026-09-07T04:38:05.570+01:00 INFO : 1 points above threshold
2026-09-07T04:38:05.573+01:00 INFO : Filtering template 69/384 segment 2/5
2026-09-07T04:38:05.574+01:00 INFO : 1 points above threshold
2026-09-07T04:38:05.576+01:00 INFO : Filtering template 69/384 segment 3/5
2026-09-07T04:38:05.577+01:00 INFO : 1 points above threshold
2026-09-07T04:38:05.579+01:00 INFO : Filtering template 69/384 segment 4/5
2026-09-07T04:38:05.579+01:00 INFO : Filtering template 69/384 segment 5/5
2026-09-07T04:38:05.580+01:00 INFO : 1 points above threshold
2026-09-07T04:38:05.583+01:00 INFO : 69: generating IMRPhenomD from 30.0 Hz
2026-09-07T04:38:05.584+01:00 INFO : Decompressing waveform using inline_linear
2026-09-07T04:38:05.586+01:00 INFO : Filtering template 70/384 segment 1/5
2026-09-07T04:38:05.587+01:00 INFO : Filtering template 70/384 segment 2/5
2026-09-07T04:38:05.587+01:00 INFO : Filtering template 70/384 segment 3/5
2026-09-07T04:38:05.588+01:00 INFO : 1 points above threshold
2026-09-07T04:38:05.591+01:00 INFO : Filtering template 70/384 segment 4/5
2026-09-07T04:38:05.591+01:00 INFO : 1 points above threshold
2026-09-07T04:38:05.594+01:00 INFO : Filtering template 70/384 segment 5/5
2026-09-07T04:38:05.594+01:00 INFO : 1 points above threshold
2026-09-07T04:38:05.597+01:00 INFO : 70: generating IMRPhenomD from 30.0 Hz
2026-09-07T04:38:05.598+01:00 INFO : Decompressing waveform using inline_linear
2026-09-07T04:38:05.600+01:00 INFO : Filtering template 71/384 segment 1/5
2026-09-07T04:38:05.601+01:00 INFO : 1 points above threshold
2026-09-07T04:38:05.604+01:00 INFO : Filtering template 71/384 segment 2/5
2026-09-07T04:38:05.605+01:00 INFO : 1 points above threshold
2026-09-07T04:38:05.607+01:00 INFO : Filtering template 71/384 segment 3/5
2026-09-07T04:38:05.607+01:00 INFO : 1 points above threshold
2026-09-07T04:38:05.610+01:00 INFO : Filtering template 71/384 segment 4/5
2026-09-07T04:38:05.610+01:00 INFO : 3 points above threshold
2026-09-07T04:38:05.614+01:00 INFO : Filtering template 71/384 segment 5/5
2026-09-07T04:38:05.615+01:00 INFO : 71: generating IMRPhenomD from 30.0 Hz
2026-09-07T04:38:05.616+01:00 INFO : Decompressing waveform using inline_linear
2026-09-07T04:38:05.618+01:00 INFO : Filtering template 72/384 segment 1/5
2026-09-07T04:38:05.619+01:00 INFO : 1 points above threshold
2026-09-07T04:38:05.622+01:00 INFO : Filtering template 72/384 segment 2/5
2026-09-07T04:38:05.622+01:00 INFO : 2 points above threshold
2026-09-07T04:38:05.625+01:00 INFO : Filtering template 72/384 segment 3/5
2026-09-07T04:38:05.626+01:00 INFO : 1 points above threshold
2026-09-07T04:38:05.628+01:00 INFO : Filtering template 72/384 segment 4/5
2026-09-07T04:38:05.629+01:00 INFO : Filtering template 72/384 segment 5/5
2026-09-07T04:38:05.629+01:00 INFO : 1 points above threshold
2026-09-07T04:38:05.632+01:00 INFO : 72: generating IMRPhenomD from 30.0 Hz
2026-09-07T04:38:05.634+01:00 INFO : Decompressing waveform using inline_linear
2026-09-07T04:38:05.636+01:00 INFO : Filtering template 73/384 segment 1/5
2026-09-07T04:38:05.636+01:00 INFO : Filtering template 73/384 segment 2/5
2026-09-07T04:38:05.637+01:00 INFO : 1 points above threshold
2026-09-07T04:38:05.640+01:00 INFO : Filtering template 73/384 segment 3/5
2026-09-07T04:38:05.640+01:00 INFO : 2 points above threshold
2026-09-07T04:38:05.644+01:00 INFO : Filtering template 73/384 segment 4/5
2026-09-07T04:38:05.644+01:00 INFO : 1 points above threshold
2026-09-07T04:38:05.647+01:00 INFO : Filtering template 73/384 segment 5/5
2026-09-07T04:38:05.647+01:00 INFO : 2 points above threshold
2026-09-07T04:38:05.651+01:00 INFO : 73: generating IMRPhenomD from 30.0 Hz
2026-09-07T04:38:05.653+01:00 INFO : Decompressing waveform using inline_linear
2026-09-07T04:38:05.654+01:00 INFO : Filtering template 74/384 segment 1/5
2026-09-07T04:38:05.655+01:00 INFO : Filtering template 74/384 segment 2/5
2026-09-07T04:38:05.656+01:00 INFO : Filtering template 74/384 segment 3/5
2026-09-07T04:38:05.656+01:00 INFO : Filtering template 74/384 segment 4/5
2026-09-07T04:38:05.657+01:00 INFO : 1 points above threshold
2026-09-07T04:38:05.660+01:00 INFO : Filtering template 74/384 segment 5/5
2026-09-07T04:38:05.660+01:00 INFO : 1 points above threshold
2026-09-07T04:38:05.663+01:00 INFO : 74: generating IMRPhenomD from 30.0 Hz
2026-09-07T04:38:05.664+01:00 INFO : Decompressing waveform using inline_linear
2026-09-07T04:38:05.666+01:00 INFO : Filtering template 75/384 segment 1/5
2026-09-07T04:38:05.667+01:00 INFO : 3 points above threshold
2026-09-07T04:38:05.671+01:00 INFO : Filtering template 75/384 segment 2/5
2026-09-07T04:38:05.671+01:00 INFO : Filtering template 75/384 segment 3/5
2026-09-07T04:38:05.672+01:00 INFO : 1 points above threshold
2026-09-07T04:38:05.674+01:00 INFO : Filtering template 75/384 segment 4/5
2026-09-07T04:38:05.675+01:00 INFO : 2 points above threshold
2026-09-07T04:38:05.678+01:00 INFO : Filtering template 75/384 segment 5/5
2026-09-07T04:38:05.679+01:00 INFO : 75: generating IMRPhenomD from 30.0 Hz
2026-09-07T04:38:05.680+01:00 INFO : Decompressing waveform using inline_linear
2026-09-07T04:38:05.682+01:00 INFO : Filtering template 76/384 segment 1/5
2026-09-07T04:38:05.683+01:00 INFO : 2 points above threshold
2026-09-07T04:38:05.687+01:00 INFO : Filtering template 76/384 segment 2/5
2026-09-07T04:38:05.687+01:00 INFO : Filtering template 76/384 segment 3/5
2026-09-07T04:38:05.688+01:00 INFO : 1 points above threshold
2026-09-07T04:38:05.690+01:00 INFO : Filtering template 76/384 segment 4/5
2026-09-07T04:38:05.691+01:00 INFO : 2 points above threshold
2026-09-07T04:38:05.694+01:00 INFO : Filtering template 76/384 segment 5/5
2026-09-07T04:38:05.694+01:00 INFO : 2 points above threshold
2026-09-07T04:38:05.698+01:00 INFO : 76: generating IMRPhenomD from 30.0 Hz
2026-09-07T04:38:05.699+01:00 INFO : Decompressing waveform using inline_linear
2026-09-07T04:38:05.701+01:00 INFO : Filtering template 77/384 segment 1/5
2026-09-07T04:38:05.702+01:00 INFO : Filtering template 77/384 segment 2/5
2026-09-07T04:38:05.702+01:00 INFO : Filtering template 77/384 segment 3/5
2026-09-07T04:38:05.703+01:00 INFO : Filtering template 77/384 segment 4/5
2026-09-07T04:38:05.703+01:00 INFO : 2 points above threshold
2026-09-07T04:38:05.707+01:00 INFO : Filtering template 77/384 segment 5/5
2026-09-07T04:38:05.708+01:00 INFO : 77: generating IMRPhenomD from 30.0 Hz
2026-09-07T04:38:05.709+01:00 INFO : Decompressing waveform using inline_linear
2026-09-07T04:38:05.711+01:00 INFO : Filtering template 78/384 segment 1/5
2026-09-07T04:38:05.711+01:00 INFO : Filtering template 78/384 segment 2/5
2026-09-07T04:38:05.712+01:00 INFO : 1 points above threshold
2026-09-07T04:38:05.715+01:00 INFO : Filtering template 78/384 segment 3/5
2026-09-07T04:38:05.715+01:00 INFO : 2 points above threshold
2026-09-07T04:38:05.718+01:00 INFO : Filtering template 78/384 segment 4/5
2026-09-07T04:38:05.719+01:00 INFO : Filtering template 78/384 segment 5/5
2026-09-07T04:38:05.719+01:00 INFO : 2 points above threshold
2026-09-07T04:38:05.722+01:00 INFO : 78: generating IMRPhenomD from 30.0 Hz
2026-09-07T04:38:05.723+01:00 INFO : Decompressing waveform using inline_linear
2026-09-07T04:38:05.725+01:00 INFO : Filtering template 79/384 segment 1/5
2026-09-07T04:38:05.726+01:00 INFO : 4 points above threshold
2026-09-07T04:38:05.730+01:00 INFO : Filtering template 79/384 segment 2/5
2026-09-07T04:38:05.731+01:00 INFO : 1 points above threshold
2026-09-07T04:38:05.733+01:00 INFO : Filtering template 79/384 segment 3/5
2026-09-07T04:38:05.733+01:00 INFO : 1 points above threshold
2026-09-07T04:38:05.736+01:00 INFO : Filtering template 79/384 segment 4/5
2026-09-07T04:38:05.736+01:00 INFO : 1 points above threshold
2026-09-07T04:38:05.739+01:00 INFO : Filtering template 79/384 segment 5/5
2026-09-07T04:38:05.740+01:00 INFO : 79: generating IMRPhenomD from 30.0 Hz
2026-09-07T04:38:05.741+01:00 INFO : Decompressing waveform using inline_linear
2026-09-07T04:38:05.743+01:00 INFO : Filtering template 80/384 segment 1/5
2026-09-07T04:38:05.744+01:00 INFO : 1 points above threshold
2026-09-07T04:38:05.747+01:00 INFO : Filtering template 80/384 segment 2/5
2026-09-07T04:38:05.747+01:00 INFO : 1 points above threshold
2026-09-07T04:38:05.750+01:00 INFO : Filtering template 80/384 segment 3/5
2026-09-07T04:38:05.750+01:00 INFO : 1 points above threshold
2026-09-07T04:38:05.753+01:00 INFO : Filtering template 80/384 segment 4/5
2026-09-07T04:38:05.753+01:00 INFO : Filtering template 80/384 segment 5/5
2026-09-07T04:38:05.754+01:00 INFO : 1 points above threshold
2026-09-07T04:38:05.757+01:00 INFO : 80: generating IMRPhenomD from 30.0 Hz
2026-09-07T04:38:05.758+01:00 INFO : Decompressing waveform using inline_linear
2026-09-07T04:38:05.760+01:00 INFO : Filtering template 81/384 segment 1/5
2026-09-07T04:38:05.761+01:00 INFO : Filtering template 81/384 segment 2/5
2026-09-07T04:38:05.761+01:00 INFO : Filtering template 81/384 segment 3/5
2026-09-07T04:38:05.762+01:00 INFO : 1 points above threshold
2026-09-07T04:38:05.765+01:00 INFO : Filtering template 81/384 segment 4/5
2026-09-07T04:38:05.765+01:00 INFO : 1 points above threshold
2026-09-07T04:38:05.768+01:00 INFO : Filtering template 81/384 segment 5/5
2026-09-07T04:38:05.768+01:00 INFO : 81: generating IMRPhenomD from 30.0 Hz
2026-09-07T04:38:05.770+01:00 INFO : Decompressing waveform using inline_linear
2026-09-07T04:38:05.772+01:00 INFO : Filtering template 82/384 segment 1/5
2026-09-07T04:38:05.772+01:00 INFO : 1 points above threshold
2026-09-07T04:38:05.775+01:00 INFO : Filtering template 82/384 segment 2/5
2026-09-07T04:38:05.776+01:00 INFO : Filtering template 82/384 segment 3/5
2026-09-07T04:38:05.776+01:00 INFO : 1 points above threshold
2026-09-07T04:38:05.779+01:00 INFO : Filtering template 82/384 segment 4/5
2026-09-07T04:38:05.779+01:00 INFO : 2 points above threshold
2026-09-07T04:38:05.783+01:00 INFO : Filtering template 82/384 segment 5/5
2026-09-07T04:38:05.784+01:00 INFO : 82: generating IMRPhenomD from 30.0 Hz
2026-09-07T04:38:05.785+01:00 INFO : Decompressing waveform using inline_linear
2026-09-07T04:38:05.787+01:00 INFO : Filtering template 83/384 segment 1/5
2026-09-07T04:38:05.788+01:00 INFO : 2 points above threshold
2026-09-07T04:38:05.792+01:00 INFO : Filtering template 83/384 segment 2/5
2026-09-07T04:38:05.792+01:00 INFO : 1 points above threshold
2026-09-07T04:38:05.794+01:00 INFO : Filtering template 83/384 segment 3/5
2026-09-07T04:38:05.795+01:00 INFO : Filtering template 83/384 segment 4/5
2026-09-07T04:38:05.795+01:00 INFO : 3 points above threshold
2026-09-07T04:38:05.798+01:00 INFO : Filtering template 83/384 segment 5/5
2026-09-07T04:38:05.799+01:00 INFO : 3 points above threshold
2026-09-07T04:38:05.802+01:00 INFO : 83: generating IMRPhenomD from 30.0 Hz
2026-09-07T04:38:05.803+01:00 INFO : Decompressing waveform using inline_linear
2026-09-07T04:38:05.805+01:00 INFO : Filtering template 84/384 segment 1/5
2026-09-07T04:38:05.806+01:00 INFO : 1 points above threshold
2026-09-07T04:38:05.810+01:00 INFO : Filtering template 84/384 segment 2/5
2026-09-07T04:38:05.810+01:00 INFO : Filtering template 84/384 segment 3/5
2026-09-07T04:38:05.810+01:00 INFO : Filtering template 84/384 segment 4/5
2026-09-07T04:38:05.811+01:00 INFO : 2 points above threshold
2026-09-07T04:38:05.814+01:00 INFO : Filtering template 84/384 segment 5/5
2026-09-07T04:38:05.815+01:00 INFO : 1 points above threshold
2026-09-07T04:38:05.818+01:00 INFO : 84: generating IMRPhenomD from 30.0 Hz
2026-09-07T04:38:05.819+01:00 INFO : Decompressing waveform using inline_linear
2026-09-07T04:38:05.821+01:00 INFO : Filtering template 85/384 segment 1/5
2026-09-07T04:38:05.822+01:00 INFO : 1 points above threshold
2026-09-07T04:38:05.825+01:00 INFO : Filtering template 85/384 segment 2/5
2026-09-07T04:38:05.825+01:00 INFO : 2 points above threshold
2026-09-07T04:38:05.829+01:00 INFO : Filtering template 85/384 segment 3/5
2026-09-07T04:38:05.829+01:00 INFO : Filtering template 85/384 segment 4/5
2026-09-07T04:38:05.830+01:00 INFO : 1 points above threshold
2026-09-07T04:38:05.832+01:00 INFO : Filtering template 85/384 segment 5/5
2026-09-07T04:38:05.833+01:00 INFO : 2 points above threshold
2026-09-07T04:38:05.837+01:00 INFO : 85: generating IMRPhenomD from 30.0 Hz
2026-09-07T04:38:05.838+01:00 INFO : Decompressing waveform using inline_linear
2026-09-07T04:38:05.840+01:00 INFO : Filtering template 86/384 segment 1/5
2026-09-07T04:38:05.840+01:00 INFO : 3 points above threshold
2026-09-07T04:38:05.845+01:00 INFO : Filtering template 86/384 segment 2/5
2026-09-07T04:38:05.845+01:00 INFO : 2 points above threshold
2026-09-07T04:38:05.849+01:00 INFO : Filtering template 86/384 segment 3/5
2026-09-07T04:38:05.849+01:00 INFO : Filtering template 86/384 segment 4/5
2026-09-07T04:38:05.850+01:00 INFO : Filtering template 86/384 segment 5/5
2026-09-07T04:38:05.850+01:00 INFO : 86: generating IMRPhenomD from 30.0 Hz
2026-09-07T04:38:05.852+01:00 INFO : Decompressing waveform using inline_linear
2026-09-07T04:38:05.853+01:00 INFO : Filtering template 87/384 segment 1/5
2026-09-07T04:38:05.854+01:00 INFO : 3 points above threshold
2026-09-07T04:38:05.858+01:00 INFO : Filtering template 87/384 segment 2/5
2026-09-07T04:38:05.859+01:00 INFO : 2 points above threshold
2026-09-07T04:38:05.862+01:00 INFO : Filtering template 87/384 segment 3/5
2026-09-07T04:38:05.862+01:00 INFO : 2 points above threshold
2026-09-07T04:38:05.865+01:00 INFO : Filtering template 87/384 segment 4/5
2026-09-07T04:38:05.866+01:00 INFO : 4 points above threshold
2026-09-07T04:38:05.869+01:00 INFO : Filtering template 87/384 segment 5/5
2026-09-07T04:38:05.870+01:00 INFO : 1 points above threshold
2026-09-07T04:38:05.873+01:00 INFO : 87: generating IMRPhenomD from 30.0 Hz
2026-09-07T04:38:05.874+01:00 INFO : Decompressing waveform using inline_linear
2026-09-07T04:38:05.876+01:00 INFO : Filtering template 88/384 segment 1/5
2026-09-07T04:38:05.877+01:00 INFO : 1 points above threshold
2026-09-07T04:38:05.880+01:00 INFO : Filtering template 88/384 segment 2/5
2026-09-07T04:38:05.880+01:00 INFO : 2 points above threshold
2026-09-07T04:38:05.884+01:00 INFO : Filtering template 88/384 segment 3/5
2026-09-07T04:38:05.884+01:00 INFO : Filtering template 88/384 segment 4/5
2026-09-07T04:38:05.885+01:00 INFO : Filtering template 88/384 segment 5/5
2026-09-07T04:38:05.885+01:00 INFO : 88: generating IMRPhenomD from 30.0 Hz
2026-09-07T04:38:05.887+01:00 INFO : Decompressing waveform using inline_linear
2026-09-07T04:38:05.889+01:00 INFO : Filtering template 89/384 segment 1/5
2026-09-07T04:38:05.890+01:00 INFO : 5 points above threshold
2026-09-07T04:38:05.894+01:00 INFO : Filtering template 89/384 segment 2/5
2026-09-07T04:38:05.894+01:00 INFO : 1 points above threshold
2026-09-07T04:38:05.897+01:00 INFO : Filtering template 89/384 segment 3/5
2026-09-07T04:38:05.897+01:00 INFO : 1 points above threshold
2026-09-07T04:38:05.899+01:00 INFO : Filtering template 89/384 segment 4/5
2026-09-07T04:38:05.900+01:00 INFO : 2 points above threshold
2026-09-07T04:38:05.903+01:00 INFO : Filtering template 89/384 segment 5/5
2026-09-07T04:38:05.904+01:00 INFO : 89: generating IMRPhenomD from 30.0 Hz
2026-09-07T04:38:05.905+01:00 INFO : Decompressing waveform using inline_linear
2026-09-07T04:38:05.907+01:00 INFO : Filtering template 90/384 segment 1/5
2026-09-07T04:38:05.908+01:00 INFO : Filtering template 90/384 segment 2/5
2026-09-07T04:38:05.908+01:00 INFO : 1 points above threshold
2026-09-07T04:38:05.911+01:00 INFO : Filtering template 90/384 segment 3/5
2026-09-07T04:38:05.912+01:00 INFO : Filtering template 90/384 segment 4/5
2026-09-07T04:38:05.912+01:00 INFO : 1 points above threshold
2026-09-07T04:38:05.915+01:00 INFO : Filtering template 90/384 segment 5/5
2026-09-07T04:38:05.915+01:00 INFO : 90: generating IMRPhenomD from 30.0 Hz
2026-09-07T04:38:05.917+01:00 INFO : Decompressing waveform using inline_linear
2026-09-07T04:38:05.918+01:00 INFO : Filtering template 91/384 segment 1/5
2026-09-07T04:38:05.919+01:00 INFO : Filtering template 91/384 segment 2/5
2026-09-07T04:38:05.920+01:00 INFO : 1 points above threshold
2026-09-07T04:38:05.923+01:00 INFO : Filtering template 91/384 segment 3/5
2026-09-07T04:38:05.923+01:00 INFO : 2 points above threshold
2026-09-07T04:38:05.927+01:00 INFO : Filtering template 91/384 segment 4/5
2026-09-07T04:38:05.927+01:00 INFO : 2 points above threshold
2026-09-07T04:38:05.931+01:00 INFO : Filtering template 91/384 segment 5/5
2026-09-07T04:38:05.932+01:00 INFO : 91: generating IMRPhenomD from 30.0 Hz
2026-09-07T04:38:05.933+01:00 INFO : Decompressing waveform using inline_linear
2026-09-07T04:38:05.935+01:00 INFO : Filtering template 92/384 segment 1/5
2026-09-07T04:38:05.936+01:00 INFO : Filtering template 92/384 segment 2/5
2026-09-07T04:38:05.936+01:00 INFO : Filtering template 92/384 segment 3/5
2026-09-07T04:38:05.936+01:00 INFO : Filtering template 92/384 segment 4/5
2026-09-07T04:38:05.937+01:00 INFO : Filtering template 92/384 segment 5/5
2026-09-07T04:38:05.937+01:00 INFO : 92: generating IMRPhenomD from 30.0 Hz
2026-09-07T04:38:05.939+01:00 INFO : Decompressing waveform using inline_linear
2026-09-07T04:38:05.940+01:00 INFO : Filtering template 93/384 segment 1/5
2026-09-07T04:38:05.941+01:00 INFO : 2 points above threshold
2026-09-07T04:38:05.945+01:00 INFO : Filtering template 93/384 segment 2/5
2026-09-07T04:38:05.946+01:00 INFO : 2 points above threshold
2026-09-07T04:38:05.949+01:00 INFO : Filtering template 93/384 segment 3/5
2026-09-07T04:38:05.950+01:00 INFO : Filtering template 93/384 segment 4/5
2026-09-07T04:38:05.950+01:00 INFO : Filtering template 93/384 segment 5/5
2026-09-07T04:38:05.951+01:00 INFO : 1 points above threshold
2026-09-07T04:38:05.954+01:00 INFO : 93: generating IMRPhenomD from 30.0 Hz
2026-09-07T04:38:05.955+01:00 INFO : Decompressing waveform using inline_linear
2026-09-07T04:38:05.957+01:00 INFO : Filtering template 94/384 segment 1/5
2026-09-07T04:38:05.958+01:00 INFO : 2 points above threshold
2026-09-07T04:38:05.962+01:00 INFO : Filtering template 94/384 segment 2/5
2026-09-07T04:38:05.962+01:00 INFO : 3 points above threshold
2026-09-07T04:38:05.966+01:00 INFO : Filtering template 94/384 segment 3/5
2026-09-07T04:38:05.966+01:00 INFO : 1 points above threshold
2026-09-07T04:38:05.969+01:00 INFO : Filtering template 94/384 segment 4/5
2026-09-07T04:38:05.969+01:00 INFO : 1 points above threshold
2026-09-07T04:38:05.972+01:00 INFO : Filtering template 94/384 segment 5/5
2026-09-07T04:38:05.973+01:00 INFO : 1 points above threshold
2026-09-07T04:38:05.976+01:00 INFO : 94: generating IMRPhenomD from 30.0 Hz
2026-09-07T04:38:05.977+01:00 INFO : Decompressing waveform using inline_linear
2026-09-07T04:38:05.979+01:00 INFO : Filtering template 95/384 segment 1/5
2026-09-07T04:38:05.980+01:00 INFO : 4 points above threshold
2026-09-07T04:38:05.984+01:00 INFO : Filtering template 95/384 segment 2/5
2026-09-07T04:38:05.984+01:00 INFO : 1 points above threshold
2026-09-07T04:38:05.987+01:00 INFO : Filtering template 95/384 segment 3/5
2026-09-07T04:38:05.987+01:00 INFO : Filtering template 95/384 segment 4/5
2026-09-07T04:38:05.988+01:00 INFO : Filtering template 95/384 segment 5/5
2026-09-07T04:38:05.988+01:00 INFO : 1 points above threshold
2026-09-07T04:38:05.991+01:00 INFO : 95: generating IMRPhenomD from 30.0 Hz
2026-09-07T04:38:05.992+01:00 INFO : Decompressing waveform using inline_linear
2026-09-07T04:38:05.994+01:00 INFO : Filtering template 96/384 segment 1/5
2026-09-07T04:38:05.995+01:00 INFO : Filtering template 96/384 segment 2/5
2026-09-07T04:38:05.995+01:00 INFO : Filtering template 96/384 segment 3/5
2026-09-07T04:38:05.996+01:00 INFO : Filtering template 96/384 segment 4/5
2026-09-07T04:38:05.996+01:00 INFO : Filtering template 96/384 segment 5/5
2026-09-07T04:38:05.997+01:00 INFO : 96: generating IMRPhenomD from 30.0 Hz
2026-09-07T04:38:05.998+01:00 INFO : Decompressing waveform using inline_linear
2026-09-07T04:38:06.000+01:00 INFO : Filtering template 97/384 segment 1/5
2026-09-07T04:38:06.001+01:00 INFO : 2 points above threshold
2026-09-07T04:38:06.005+01:00 INFO : Filtering template 97/384 segment 2/5
2026-09-07T04:38:06.005+01:00 INFO : Filtering template 97/384 segment 3/5
2026-09-07T04:38:06.006+01:00 INFO : Filtering template 97/384 segment 4/5
2026-09-07T04:38:06.006+01:00 INFO : 1 points above threshold
2026-09-07T04:38:06.009+01:00 INFO : Filtering template 97/384 segment 5/5
2026-09-07T04:38:06.009+01:00 INFO : 97: generating IMRPhenomD from 30.0 Hz
2026-09-07T04:38:06.011+01:00 INFO : Decompressing waveform using inline_linear
2026-09-07T04:38:06.013+01:00 INFO : Filtering template 98/384 segment 1/5
2026-09-07T04:38:06.013+01:00 INFO : 1 points above threshold
2026-09-07T04:38:06.016+01:00 INFO : Filtering template 98/384 segment 2/5
2026-09-07T04:38:06.017+01:00 INFO : 1 points above threshold
2026-09-07T04:38:06.019+01:00 INFO : Filtering template 98/384 segment 3/5
2026-09-07T04:38:06.020+01:00 INFO : 4 points above threshold
2026-09-07T04:38:06.023+01:00 INFO : Filtering template 98/384 segment 4/5
2026-09-07T04:38:06.024+01:00 INFO : 1 points above threshold
2026-09-07T04:38:06.026+01:00 INFO : Filtering template 98/384 segment 5/5
2026-09-07T04:38:06.027+01:00 INFO : 98: generating IMRPhenomD from 30.0 Hz
2026-09-07T04:38:06.029+01:00 INFO : Decompressing waveform using inline_linear
2026-09-07T04:38:06.030+01:00 INFO : Filtering template 99/384 segment 1/5
2026-09-07T04:38:06.031+01:00 INFO : 2 points above threshold
2026-09-07T04:38:06.036+01:00 INFO : Filtering template 99/384 segment 2/5
2026-09-07T04:38:06.036+01:00 INFO : 2 points above threshold
2026-09-07T04:38:06.040+01:00 INFO : Filtering template 99/384 segment 3/5
2026-09-07T04:38:06.040+01:00 INFO : 2 points above threshold
2026-09-07T04:38:06.044+01:00 INFO : Filtering template 99/384 segment 4/5
2026-09-07T04:38:06.044+01:00 INFO : 2 points above threshold
2026-09-07T04:38:06.048+01:00 INFO : Filtering template 99/384 segment 5/5
2026-09-07T04:38:06.048+01:00 INFO : 1 points above threshold
2026-09-07T04:38:06.051+01:00 INFO : 99: generating IMRPhenomD from 30.0 Hz
2026-09-07T04:38:06.053+01:00 INFO : Decompressing waveform using inline_linear
2026-09-07T04:38:06.054+01:00 INFO : Filtering template 100/384 segment 1/5
2026-09-07T04:38:06.055+01:00 INFO : 1 points above threshold
2026-09-07T04:38:06.058+01:00 INFO : Filtering template 100/384 segment 2/5
2026-09-07T04:38:06.059+01:00 INFO : 2 points above threshold
2026-09-07T04:38:06.062+01:00 INFO : Filtering template 100/384 segment 3/5
2026-09-07T04:38:06.063+01:00 INFO : Filtering template 100/384 segment 4/5
2026-09-07T04:38:06.063+01:00 INFO : Filtering template 100/384 segment 5/5
2026-09-07T04:38:06.064+01:00 INFO : 100: generating IMRPhenomD from 30.0 Hz
2026-09-07T04:38:06.065+01:00 INFO : Decompressing waveform using inline_linear
2026-09-07T04:38:06.067+01:00 INFO : Filtering template 101/384 segment 1/5
2026-09-07T04:38:06.068+01:00 INFO : Filtering template 101/384 segment 2/5
2026-09-07T04:38:06.069+01:00 INFO : 1 points above threshold
2026-09-07T04:38:06.072+01:00 INFO : Filtering template 101/384 segment 3/5
2026-09-07T04:38:06.072+01:00 INFO : Filtering template 101/384 segment 4/5
2026-09-07T04:38:06.073+01:00 INFO : 1 points above threshold
2026-09-07T04:38:06.075+01:00 INFO : Filtering template 101/384 segment 5/5
2026-09-07T04:38:06.076+01:00 INFO : 101: generating IMRPhenomD from 30.0 Hz
2026-09-07T04:38:06.077+01:00 INFO : Decompressing waveform using inline_linear
2026-09-07T04:38:06.079+01:00 INFO : Filtering template 102/384 segment 1/5
2026-09-07T04:38:06.080+01:00 INFO : 2 points above threshold
2026-09-07T04:38:06.084+01:00 INFO : Filtering template 102/384 segment 2/5
2026-09-07T04:38:06.084+01:00 INFO : 1 points above threshold
2026-09-07T04:38:06.087+01:00 INFO : Filtering template 102/384 segment 3/5
2026-09-07T04:38:06.087+01:00 INFO : Filtering template 102/384 segment 4/5
2026-09-07T04:38:06.088+01:00 INFO : 2 points above threshold
2026-09-07T04:38:06.091+01:00 INFO : Filtering template 102/384 segment 5/5
2026-09-07T04:38:06.092+01:00 INFO : 1 points above threshold
2026-09-07T04:38:06.095+01:00 INFO : 102: generating IMRPhenomD from 30.0 Hz
2026-09-07T04:38:06.096+01:00 INFO : Decompressing waveform using inline_linear
2026-09-07T04:38:06.098+01:00 INFO : Filtering template 103/384 segment 1/5
2026-09-07T04:38:06.099+01:00 INFO : Filtering template 103/384 segment 2/5
2026-09-07T04:38:06.099+01:00 INFO : 1 points above threshold
2026-09-07T04:38:06.102+01:00 INFO : Filtering template 103/384 segment 3/5
2026-09-07T04:38:06.103+01:00 INFO : 2 points above threshold
2026-09-07T04:38:06.106+01:00 INFO : Filtering template 103/384 segment 4/5
2026-09-07T04:38:06.107+01:00 INFO : Filtering template 103/384 segment 5/5
2026-09-07T04:38:06.107+01:00 INFO : 103: generating IMRPhenomD from 30.0 Hz
2026-09-07T04:38:06.109+01:00 INFO : Decompressing waveform using inline_linear
2026-09-07T04:38:06.111+01:00 INFO : Filtering template 104/384 segment 1/5
2026-09-07T04:38:06.111+01:00 INFO : 1 points above threshold
2026-09-07T04:38:06.115+01:00 INFO : Filtering template 104/384 segment 2/5
2026-09-07T04:38:06.115+01:00 INFO : Filtering template 104/384 segment 3/5
2026-09-07T04:38:06.115+01:00 INFO : 2 points above threshold
2026-09-07T04:38:06.119+01:00 INFO : Filtering template 104/384 segment 4/5
2026-09-07T04:38:06.119+01:00 INFO : 1 points above threshold
2026-09-07T04:38:06.122+01:00 INFO : Filtering template 104/384 segment 5/5
2026-09-07T04:38:06.123+01:00 INFO : 104: generating IMRPhenomD from 30.0 Hz
2026-09-07T04:38:06.124+01:00 INFO : Decompressing waveform using inline_linear
2026-09-07T04:38:06.126+01:00 INFO : Filtering template 105/384 segment 1/5
2026-09-07T04:38:06.127+01:00 INFO : Filtering template 105/384 segment 2/5
2026-09-07T04:38:06.127+01:00 INFO : 2 points above threshold
2026-09-07T04:38:06.132+01:00 INFO : Filtering template 105/384 segment 3/5
2026-09-07T04:38:06.132+01:00 INFO : 1 points above threshold
2026-09-07T04:38:06.135+01:00 INFO : Filtering template 105/384 segment 4/5
2026-09-07T04:38:06.135+01:00 INFO : 7 points above threshold
2026-09-07T04:38:06.139+01:00 INFO : Filtering template 105/384 segment 5/5
2026-09-07T04:38:06.140+01:00 INFO : 105: generating IMRPhenomD from 30.0 Hz
2026-09-07T04:38:06.141+01:00 INFO : Decompressing waveform using inline_linear
2026-09-07T04:38:06.143+01:00 INFO : Filtering template 106/384 segment 1/5
2026-09-07T04:38:06.144+01:00 INFO : 2 points above threshold
2026-09-07T04:38:06.148+01:00 INFO : Filtering template 106/384 segment 2/5
2026-09-07T04:38:06.148+01:00 INFO : Filtering template 106/384 segment 3/5
2026-09-07T04:38:06.149+01:00 INFO : 1 points above threshold
2026-09-07T04:38:06.151+01:00 INFO : Filtering template 106/384 segment 4/5
2026-09-07T04:38:06.152+01:00 INFO : 1 points above threshold
2026-09-07T04:38:06.154+01:00 INFO : Filtering template 106/384 segment 5/5
2026-09-07T04:38:06.155+01:00 INFO : 1 points above threshold
2026-09-07T04:38:06.158+01:00 INFO : 106: generating IMRPhenomD from 30.0 Hz
2026-09-07T04:38:06.159+01:00 INFO : Decompressing waveform using inline_linear
2026-09-07T04:38:06.161+01:00 INFO : Filtering template 107/384 segment 1/5
2026-09-07T04:38:06.162+01:00 INFO : 2 points above threshold
2026-09-07T04:38:06.166+01:00 INFO : Filtering template 107/384 segment 2/5
2026-09-07T04:38:06.167+01:00 INFO : 1 points above threshold
2026-09-07T04:38:06.169+01:00 INFO : Filtering template 107/384 segment 3/5
2026-09-07T04:38:06.170+01:00 INFO : Filtering template 107/384 segment 4/5
2026-09-07T04:38:06.170+01:00 INFO : Filtering template 107/384 segment 5/5
2026-09-07T04:38:06.171+01:00 INFO : 107: generating IMRPhenomD from 30.0 Hz
2026-09-07T04:38:06.172+01:00 INFO : Decompressing waveform using inline_linear
2026-09-07T04:38:06.174+01:00 INFO : Filtering template 108/384 segment 1/5
2026-09-07T04:38:06.175+01:00 INFO : 1 points above threshold
2026-09-07T04:38:06.178+01:00 INFO : Filtering template 108/384 segment 2/5
2026-09-07T04:38:06.179+01:00 INFO : 1 points above threshold
2026-09-07T04:38:06.181+01:00 INFO : Filtering template 108/384 segment 3/5
2026-09-07T04:38:06.181+01:00 INFO : Filtering template 108/384 segment 4/5
2026-09-07T04:38:06.182+01:00 INFO : 4 points above threshold
2026-09-07T04:38:06.185+01:00 INFO : Filtering template 108/384 segment 5/5
2026-09-07T04:38:06.186+01:00 INFO : 108: generating IMRPhenomD from 30.0 Hz
2026-09-07T04:38:06.188+01:00 INFO : Decompressing waveform using inline_linear
2026-09-07T04:38:06.189+01:00 INFO : Filtering template 109/384 segment 1/5
2026-09-07T04:38:06.190+01:00 INFO : 2 points above threshold
2026-09-07T04:38:06.194+01:00 INFO : Filtering template 109/384 segment 2/5
2026-09-07T04:38:06.195+01:00 INFO : Filtering template 109/384 segment 3/5
2026-09-07T04:38:06.195+01:00 INFO : Filtering template 109/384 segment 4/5
2026-09-07T04:38:06.196+01:00 INFO : Filtering template 109/384 segment 5/5
2026-09-07T04:38:06.196+01:00 INFO : 3 points above threshold
2026-09-07T04:38:06.200+01:00 INFO : 109: generating IMRPhenomD from 30.0 Hz
2026-09-07T04:38:06.201+01:00 INFO : Decompressing waveform using inline_linear
2026-09-07T04:38:06.203+01:00 INFO : Filtering template 110/384 segment 1/5
2026-09-07T04:38:06.204+01:00 INFO : 1 points above threshold
2026-09-07T04:38:06.207+01:00 INFO : Filtering template 110/384 segment 2/5
2026-09-07T04:38:06.208+01:00 INFO : Filtering template 110/384 segment 3/5
2026-09-07T04:38:06.208+01:00 INFO : 1 points above threshold
2026-09-07T04:38:06.210+01:00 INFO : Filtering template 110/384 segment 4/5
2026-09-07T04:38:06.211+01:00 INFO : 2 points above threshold
2026-09-07T04:38:06.214+01:00 INFO : Filtering template 110/384 segment 5/5
2026-09-07T04:38:06.215+01:00 INFO : 110: generating IMRPhenomD from 30.0 Hz
2026-09-07T04:38:06.216+01:00 INFO : Decompressing waveform using inline_linear
2026-09-07T04:38:06.218+01:00 INFO : Filtering template 111/384 segment 1/5
2026-09-07T04:38:06.219+01:00 INFO : Filtering template 111/384 segment 2/5
2026-09-07T04:38:06.220+01:00 INFO : 1 points above threshold
2026-09-07T04:38:06.223+01:00 INFO : Filtering template 111/384 segment 3/5
2026-09-07T04:38:06.223+01:00 INFO : 1 points above threshold
2026-09-07T04:38:06.226+01:00 INFO : Filtering template 111/384 segment 4/5
2026-09-07T04:38:06.226+01:00 INFO : Filtering template 111/384 segment 5/5
2026-09-07T04:38:06.227+01:00 INFO : 111: generating IMRPhenomD from 30.0 Hz
2026-09-07T04:38:06.228+01:00 INFO : Decompressing waveform using inline_linear
2026-09-07T04:38:06.230+01:00 INFO : Filtering template 112/384 segment 1/5
2026-09-07T04:38:06.231+01:00 INFO : 4 points above threshold
2026-09-07T04:38:06.235+01:00 INFO : Filtering template 112/384 segment 2/5
2026-09-07T04:38:06.235+01:00 INFO : Filtering template 112/384 segment 3/5
2026-09-07T04:38:06.236+01:00 INFO : 1 points above threshold
2026-09-07T04:38:06.238+01:00 INFO : Filtering template 112/384 segment 4/5
2026-09-07T04:38:06.239+01:00 INFO : 2 points above threshold
2026-09-07T04:38:06.242+01:00 INFO : Filtering template 112/384 segment 5/5
2026-09-07T04:38:06.242+01:00 INFO : 2 points above threshold
2026-09-07T04:38:06.246+01:00 INFO : 112: generating IMRPhenomD from 30.0 Hz
2026-09-07T04:38:06.248+01:00 INFO : Decompressing waveform using inline_linear
2026-09-07T04:38:06.249+01:00 INFO : Filtering template 113/384 segment 1/5
2026-09-07T04:38:06.250+01:00 INFO : 2 points above threshold
2026-09-07T04:38:06.254+01:00 INFO : Filtering template 113/384 segment 2/5
2026-09-07T04:38:06.255+01:00 INFO : 3 points above threshold
2026-09-07T04:38:06.258+01:00 INFO : Filtering template 113/384 segment 3/5
2026-09-07T04:38:06.258+01:00 INFO : Filtering template 113/384 segment 4/5
2026-09-07T04:38:06.259+01:00 INFO : Filtering template 113/384 segment 5/5
2026-09-07T04:38:06.260+01:00 INFO : 113: generating IMRPhenomD from 30.0 Hz
2026-09-07T04:38:06.261+01:00 INFO : Decompressing waveform using inline_linear
2026-09-07T04:38:06.263+01:00 INFO : Filtering template 114/384 segment 1/5
2026-09-07T04:38:06.264+01:00 INFO : 1 points above threshold
2026-09-07T04:38:06.267+01:00 INFO : Filtering template 114/384 segment 2/5
2026-09-07T04:38:06.267+01:00 INFO : Filtering template 114/384 segment 3/5
2026-09-07T04:38:06.268+01:00 INFO : 1 points above threshold
2026-09-07T04:38:06.270+01:00 INFO : Filtering template 114/384 segment 4/5
2026-09-07T04:38:06.271+01:00 INFO : 1 points above threshold
2026-09-07T04:38:06.273+01:00 INFO : Filtering template 114/384 segment 5/5
2026-09-07T04:38:06.274+01:00 INFO : 1 points above threshold
2026-09-07T04:38:06.277+01:00 INFO : 114: generating IMRPhenomD from 30.0 Hz
2026-09-07T04:38:06.278+01:00 INFO : Decompressing waveform using inline_linear
2026-09-07T04:38:06.280+01:00 INFO : Filtering template 115/384 segment 1/5
2026-09-07T04:38:06.281+01:00 INFO : 4 points above threshold
2026-09-07T04:38:06.284+01:00 INFO : Filtering template 115/384 segment 2/5
2026-09-07T04:38:06.285+01:00 INFO : 1 points above threshold
2026-09-07T04:38:06.288+01:00 INFO : Filtering template 115/384 segment 3/5
2026-09-07T04:38:06.288+01:00 INFO : Filtering template 115/384 segment 4/5
2026-09-07T04:38:06.289+01:00 INFO : 2 points above threshold
2026-09-07T04:38:06.292+01:00 INFO : Filtering template 115/384 segment 5/5
2026-09-07T04:38:06.293+01:00 INFO : 115: generating IMRPhenomD from 30.0 Hz
2026-09-07T04:38:06.294+01:00 INFO : Decompressing waveform using inline_linear
2026-09-07T04:38:06.296+01:00 INFO : Filtering template 116/384 segment 1/5
2026-09-07T04:38:06.297+01:00 INFO : Filtering template 116/384 segment 2/5
2026-09-07T04:38:06.297+01:00 INFO : 2 points above threshold
2026-09-07T04:38:06.301+01:00 INFO : Filtering template 116/384 segment 3/5
2026-09-07T04:38:06.302+01:00 INFO : 1 points above threshold
2026-09-07T04:38:06.304+01:00 INFO : Filtering template 116/384 segment 4/5
2026-09-07T04:38:06.305+01:00 INFO : 2 points above threshold
2026-09-07T04:38:06.308+01:00 INFO : Filtering template 116/384 segment 5/5
2026-09-07T04:38:06.308+01:00 INFO : 1 points above threshold
2026-09-07T04:38:06.311+01:00 INFO : 116: generating IMRPhenomD from 30.0 Hz
2026-09-07T04:38:06.313+01:00 INFO : Decompressing waveform using inline_linear
2026-09-07T04:38:06.314+01:00 INFO : Filtering template 117/384 segment 1/5
2026-09-07T04:38:06.315+01:00 INFO : Filtering template 117/384 segment 2/5
2026-09-07T04:38:06.316+01:00 INFO : Filtering template 117/384 segment 3/5
2026-09-07T04:38:06.316+01:00 INFO : 3 points above threshold
2026-09-07T04:38:06.320+01:00 INFO : Filtering template 117/384 segment 4/5
2026-09-07T04:38:06.320+01:00 INFO : 2 points above threshold
2026-09-07T04:38:06.324+01:00 INFO : Filtering template 117/384 segment 5/5
2026-09-07T04:38:06.324+01:00 INFO : 1 points above threshold
2026-09-07T04:38:06.327+01:00 INFO : 117: generating IMRPhenomD from 30.0 Hz
2026-09-07T04:38:06.328+01:00 INFO : Decompressing waveform using inline_linear
2026-09-07T04:38:06.330+01:00 INFO : Filtering template 118/384 segment 1/5
2026-09-07T04:38:06.331+01:00 INFO : 1 points above threshold
2026-09-07T04:38:06.334+01:00 INFO : Filtering template 118/384 segment 2/5
2026-09-07T04:38:06.334+01:00 INFO : Filtering template 118/384 segment 3/5
2026-09-07T04:38:06.335+01:00 INFO : 3 points above threshold
2026-09-07T04:38:06.338+01:00 INFO : Filtering template 118/384 segment 4/5
2026-09-07T04:38:06.338+01:00 INFO : 2 points above threshold
2026-09-07T04:38:06.341+01:00 INFO : Filtering template 118/384 segment 5/5
2026-09-07T04:38:06.342+01:00 INFO : 3 points above threshold
2026-09-07T04:38:06.345+01:00 INFO : 118: generating IMRPhenomD from 30.0 Hz
2026-09-07T04:38:06.347+01:00 INFO : Decompressing waveform using inline_linear
2026-09-07T04:38:06.348+01:00 INFO : Filtering template 119/384 segment 1/5
2026-09-07T04:38:06.349+01:00 INFO : 1 points above threshold
2026-09-07T04:38:06.352+01:00 INFO : Filtering template 119/384 segment 2/5
2026-09-07T04:38:06.353+01:00 INFO : Filtering template 119/384 segment 3/5
2026-09-07T04:38:06.353+01:00 INFO : Filtering template 119/384 segment 4/5
2026-09-07T04:38:06.354+01:00 INFO : 3 points above threshold
2026-09-07T04:38:06.357+01:00 INFO : Filtering template 119/384 segment 5/5
2026-09-07T04:38:06.357+01:00 INFO : 1 points above threshold
2026-09-07T04:38:06.360+01:00 INFO : 119: generating IMRPhenomD from 30.0 Hz
2026-09-07T04:38:06.361+01:00 INFO : Decompressing waveform using inline_linear
2026-09-07T04:38:06.363+01:00 INFO : Filtering template 120/384 segment 1/5
2026-09-07T04:38:06.364+01:00 INFO : Filtering template 120/384 segment 2/5
2026-09-07T04:38:06.365+01:00 INFO : 1 points above threshold
2026-09-07T04:38:06.368+01:00 INFO : Filtering template 120/384 segment 3/5
2026-09-07T04:38:06.368+01:00 INFO : 1 points above threshold
2026-09-07T04:38:06.371+01:00 INFO : Filtering template 120/384 segment 4/5
2026-09-07T04:38:06.371+01:00 INFO : Filtering template 120/384 segment 5/5
2026-09-07T04:38:06.372+01:00 INFO : 120: generating IMRPhenomD from 30.0 Hz
2026-09-07T04:38:06.373+01:00 INFO : Decompressing waveform using inline_linear
2026-09-07T04:38:06.375+01:00 INFO : Filtering template 121/384 segment 1/5
2026-09-07T04:38:06.376+01:00 INFO : 4 points above threshold
2026-09-07T04:38:06.380+01:00 INFO : Filtering template 121/384 segment 2/5
2026-09-07T04:38:06.381+01:00 INFO : 2 points above threshold
2026-09-07T04:38:06.384+01:00 INFO : Filtering template 121/384 segment 3/5
2026-09-07T04:38:06.385+01:00 INFO : Filtering template 121/384 segment 4/5
2026-09-07T04:38:06.385+01:00 INFO : Filtering template 121/384 segment 5/5
2026-09-07T04:38:06.386+01:00 INFO : 121: generating IMRPhenomD from 30.0 Hz
2026-09-07T04:38:06.387+01:00 INFO : Decompressing waveform using inline_linear
2026-09-07T04:38:06.389+01:00 INFO : Filtering template 122/384 segment 1/5
2026-09-07T04:38:06.390+01:00 INFO : 1 points above threshold
2026-09-07T04:38:06.393+01:00 INFO : Filtering template 122/384 segment 2/5
2026-09-07T04:38:06.393+01:00 INFO : 1 points above threshold
2026-09-07T04:38:06.396+01:00 INFO : Filtering template 122/384 segment 3/5
2026-09-07T04:38:06.396+01:00 INFO : Filtering template 122/384 segment 4/5
2026-09-07T04:38:06.397+01:00 INFO : 1 points above threshold
2026-09-07T04:38:06.399+01:00 INFO : Filtering template 122/384 segment 5/5
2026-09-07T04:38:06.400+01:00 INFO : 1 points above threshold
2026-09-07T04:38:06.403+01:00 INFO : 122: generating IMRPhenomD from 30.0 Hz
2026-09-07T04:38:06.404+01:00 INFO : Decompressing waveform using inline_linear
2026-09-07T04:38:06.406+01:00 INFO : Filtering template 123/384 segment 1/5
2026-09-07T04:38:06.407+01:00 INFO : 5 points above threshold
2026-09-07T04:38:06.411+01:00 INFO : Filtering template 123/384 segment 2/5
2026-09-07T04:38:06.411+01:00 INFO : 4 points above threshold
2026-09-07T04:38:06.415+01:00 INFO : Filtering template 123/384 segment 3/5
2026-09-07T04:38:06.415+01:00 INFO : 2 points above threshold
2026-09-07T04:38:06.419+01:00 INFO : Filtering template 123/384 segment 4/5
2026-09-07T04:38:06.419+01:00 INFO : Filtering template 123/384 segment 5/5
2026-09-07T04:38:06.420+01:00 INFO : 1 points above threshold
2026-09-07T04:38:06.423+01:00 INFO : 123: generating IMRPhenomD from 30.0 Hz
2026-09-07T04:38:06.424+01:00 INFO : Decompressing waveform using inline_linear
2026-09-07T04:38:06.426+01:00 INFO : Filtering template 124/384 segment 1/5
2026-09-07T04:38:06.427+01:00 INFO : 4 points above threshold
2026-09-07T04:38:06.431+01:00 INFO : Filtering template 124/384 segment 2/5
2026-09-07T04:38:06.431+01:00 INFO : 2 points above threshold
2026-09-07T04:38:06.434+01:00 INFO : Filtering template 124/384 segment 3/5
2026-09-07T04:38:06.435+01:00 INFO : 1 points above threshold
2026-09-07T04:38:06.437+01:00 INFO : Filtering template 124/384 segment 4/5
2026-09-07T04:38:06.437+01:00 INFO : 1 points above threshold
2026-09-07T04:38:06.440+01:00 INFO : Filtering template 124/384 segment 5/5
2026-09-07T04:38:06.440+01:00 INFO : 2 points above threshold
2026-09-07T04:38:06.444+01:00 INFO : 124: generating IMRPhenomD from 30.0 Hz
2026-09-07T04:38:06.449+01:00 INFO : Decompressing waveform using inline_linear
2026-09-07T04:38:06.454+01:00 INFO : Filtering template 125/384 segment 1/5
2026-09-07T04:38:06.455+01:00 INFO : 3 points above threshold
2026-09-07T04:38:06.460+01:00 INFO : Filtering template 125/384 segment 2/5
2026-09-07T04:38:06.460+01:00 INFO : Filtering template 125/384 segment 3/5
2026-09-07T04:38:06.462+01:00 INFO : 1 points above threshold
2026-09-07T04:38:06.466+01:00 INFO : Filtering template 125/384 segment 4/5
2026-09-07T04:38:06.466+01:00 INFO : 2 points above threshold
2026-09-07T04:38:06.469+01:00 INFO : Filtering template 125/384 segment 5/5
2026-09-07T04:38:06.470+01:00 INFO : 125: generating IMRPhenomD from 30.0 Hz
2026-09-07T04:38:06.472+01:00 INFO : Decompressing waveform using inline_linear
2026-09-07T04:38:06.473+01:00 INFO : Filtering template 126/384 segment 1/5
2026-09-07T04:38:06.474+01:00 INFO : 1 points above threshold
2026-09-07T04:38:06.477+01:00 INFO : Filtering template 126/384 segment 2/5
2026-09-07T04:38:06.478+01:00 INFO : Filtering template 126/384 segment 3/5
2026-09-07T04:38:06.478+01:00 INFO : 2 points above threshold
2026-09-07T04:38:06.482+01:00 INFO : Filtering template 126/384 segment 4/5
2026-09-07T04:38:06.482+01:00 INFO : Filtering template 126/384 segment 5/5
2026-09-07T04:38:06.483+01:00 INFO : 126: generating IMRPhenomD from 30.0 Hz
2026-09-07T04:38:06.485+01:00 INFO : Decompressing waveform using inline_linear
2026-09-07T04:38:06.486+01:00 INFO : Filtering template 127/384 segment 1/5
2026-09-07T04:38:06.487+01:00 INFO : 1 points above threshold
2026-09-07T04:38:06.490+01:00 INFO : Filtering template 127/384 segment 2/5
2026-09-07T04:38:06.491+01:00 INFO : 2 points above threshold
2026-09-07T04:38:06.494+01:00 INFO : Filtering template 127/384 segment 3/5
2026-09-07T04:38:06.495+01:00 INFO : 2 points above threshold
2026-09-07T04:38:06.498+01:00 INFO : Filtering template 127/384 segment 4/5
2026-09-07T04:38:06.498+01:00 INFO : 1 points above threshold
2026-09-07T04:38:06.501+01:00 INFO : Filtering template 127/384 segment 5/5
2026-09-07T04:38:06.502+01:00 INFO : 127: generating IMRPhenomD from 30.0 Hz
2026-09-07T04:38:06.503+01:00 INFO : Decompressing waveform using inline_linear
2026-09-07T04:38:06.505+01:00 INFO : Filtering template 128/384 segment 1/5
2026-09-07T04:38:06.506+01:00 INFO : 1 points above threshold
2026-09-07T04:38:06.509+01:00 INFO : Filtering template 128/384 segment 2/5
2026-09-07T04:38:06.509+01:00 INFO : 3 points above threshold
2026-09-07T04:38:06.512+01:00 INFO : Filtering template 128/384 segment 3/5
2026-09-07T04:38:06.513+01:00 INFO : 2 points above threshold
2026-09-07T04:38:06.516+01:00 INFO : Filtering template 128/384 segment 4/5
2026-09-07T04:38:06.516+01:00 INFO : Filtering template 128/384 segment 5/5
2026-09-07T04:38:06.517+01:00 INFO : 2 points above threshold
2026-09-07T04:38:06.520+01:00 INFO : 128: generating IMRPhenomD from 30.0 Hz
2026-09-07T04:38:06.522+01:00 INFO : Decompressing waveform using inline_linear
2026-09-07T04:38:06.523+01:00 INFO : Filtering template 129/384 segment 1/5
2026-09-07T04:38:06.524+01:00 INFO : 1 points above threshold
2026-09-07T04:38:06.527+01:00 INFO : Filtering template 129/384 segment 2/5
2026-09-07T04:38:06.528+01:00 INFO : Filtering template 129/384 segment 3/5
2026-09-07T04:38:06.528+01:00 INFO : 2 points above threshold
2026-09-07T04:38:06.531+01:00 INFO : Filtering template 129/384 segment 4/5
2026-09-07T04:38:06.532+01:00 INFO : Filtering template 129/384 segment 5/5
2026-09-07T04:38:06.532+01:00 INFO : 1 points above threshold
2026-09-07T04:38:06.535+01:00 INFO : 129: generating IMRPhenomD from 30.0 Hz
2026-09-07T04:38:06.537+01:00 INFO : Decompressing waveform using inline_linear
2026-09-07T04:38:06.538+01:00 INFO : Filtering template 130/384 segment 1/5
2026-09-07T04:38:06.539+01:00 INFO : 1 points above threshold
2026-09-07T04:38:06.542+01:00 INFO : Filtering template 130/384 segment 2/5
2026-09-07T04:38:06.543+01:00 INFO : 2 points above threshold
2026-09-07T04:38:06.546+01:00 INFO : Filtering template 130/384 segment 3/5
2026-09-07T04:38:06.547+01:00 INFO : 1 points above threshold
2026-09-07T04:38:06.549+01:00 INFO : Filtering template 130/384 segment 4/5
2026-09-07T04:38:06.550+01:00 INFO : 1 points above threshold
2026-09-07T04:38:06.552+01:00 INFO : Filtering template 130/384 segment 5/5
2026-09-07T04:38:06.553+01:00 INFO : 1 points above threshold
2026-09-07T04:38:06.556+01:00 INFO : 130: generating IMRPhenomD from 30.0 Hz
2026-09-07T04:38:06.557+01:00 INFO : Decompressing waveform using inline_linear
2026-09-07T04:38:06.559+01:00 INFO : Filtering template 131/384 segment 1/5
2026-09-07T04:38:06.560+01:00 INFO : 1 points above threshold
2026-09-07T04:38:06.563+01:00 INFO : Filtering template 131/384 segment 2/5
2026-09-07T04:38:06.563+01:00 INFO : 2 points above threshold
2026-09-07T04:38:06.567+01:00 INFO : Filtering template 131/384 segment 3/5
2026-09-07T04:38:06.567+01:00 INFO : Filtering template 131/384 segment 4/5
2026-09-07T04:38:06.568+01:00 INFO : 2 points above threshold
2026-09-07T04:38:06.571+01:00 INFO : Filtering template 131/384 segment 5/5
2026-09-07T04:38:06.572+01:00 INFO : 131: generating IMRPhenomD from 30.0 Hz
2026-09-07T04:38:06.573+01:00 INFO : Decompressing waveform using inline_linear
2026-09-07T04:38:06.575+01:00 INFO : Filtering template 132/384 segment 1/5
2026-09-07T04:38:06.576+01:00 INFO : 1 points above threshold
2026-09-07T04:38:06.579+01:00 INFO : Filtering template 132/384 segment 2/5
2026-09-07T04:38:06.579+01:00 INFO : Filtering template 132/384 segment 3/5
2026-09-07T04:38:06.580+01:00 INFO : Filtering template 132/384 segment 4/5
2026-09-07T04:38:06.580+01:00 INFO : 1 points above threshold
2026-09-07T04:38:06.583+01:00 INFO : Filtering template 132/384 segment 5/5
2026-09-07T04:38:06.583+01:00 INFO : 1 points above threshold
2026-09-07T04:38:06.586+01:00 INFO : 132: generating IMRPhenomD from 30.0 Hz
2026-09-07T04:38:06.587+01:00 INFO : Decompressing waveform using inline_linear
2026-09-07T04:38:06.589+01:00 INFO : Filtering template 133/384 segment 1/5
2026-09-07T04:38:06.590+01:00 INFO : 2 points above threshold
2026-09-07T04:38:06.594+01:00 INFO : Filtering template 133/384 segment 2/5
2026-09-07T04:38:06.595+01:00 INFO : Filtering template 133/384 segment 3/5
2026-09-07T04:38:06.595+01:00 INFO : 4 points above threshold
2026-09-07T04:38:06.599+01:00 INFO : Filtering template 133/384 segment 4/5
2026-09-07T04:38:06.599+01:00 INFO : 1 points above threshold
2026-09-07T04:38:06.602+01:00 INFO : Filtering template 133/384 segment 5/5
2026-09-07T04:38:06.602+01:00 INFO : 1 points above threshold
2026-09-07T04:38:06.605+01:00 INFO : 133: generating IMRPhenomD from 30.0 Hz
2026-09-07T04:38:06.606+01:00 INFO : Decompressing waveform using inline_linear
2026-09-07T04:38:06.608+01:00 INFO : Filtering template 134/384 segment 1/5
2026-09-07T04:38:06.609+01:00 INFO : 1 points above threshold
2026-09-07T04:38:06.612+01:00 INFO : Filtering template 134/384 segment 2/5
2026-09-07T04:38:06.613+01:00 INFO : Filtering template 134/384 segment 3/5
2026-09-07T04:38:06.613+01:00 INFO : 1 points above threshold
2026-09-07T04:38:06.616+01:00 INFO : Filtering template 134/384 segment 4/5
2026-09-07T04:38:06.616+01:00 INFO : 1 points above threshold
2026-09-07T04:38:06.619+01:00 INFO : Filtering template 134/384 segment 5/5
2026-09-07T04:38:06.620+01:00 INFO : 134: generating IMRPhenomD from 30.0 Hz
2026-09-07T04:38:06.621+01:00 INFO : Decompressing waveform using inline_linear
2026-09-07T04:38:06.623+01:00 INFO : Filtering template 135/384 segment 1/5
2026-09-07T04:38:06.624+01:00 INFO : 2 points above threshold
2026-09-07T04:38:06.628+01:00 INFO : Filtering template 135/384 segment 2/5
2026-09-07T04:38:06.628+01:00 INFO : 1 points above threshold
2026-09-07T04:38:06.631+01:00 INFO : Filtering template 135/384 segment 3/5
2026-09-07T04:38:06.631+01:00 INFO : Filtering template 135/384 segment 4/5
2026-09-07T04:38:06.632+01:00 INFO : 2 points above threshold
2026-09-07T04:38:06.635+01:00 INFO : Filtering template 135/384 segment 5/5
2026-09-07T04:38:06.636+01:00 INFO : 4 points above threshold
2026-09-07T04:38:06.640+01:00 INFO : 135: generating IMRPhenomD from 30.0 Hz
2026-09-07T04:38:06.641+01:00 INFO : Decompressing waveform using inline_linear
2026-09-07T04:38:06.643+01:00 INFO : Filtering template 136/384 segment 1/5
2026-09-07T04:38:06.644+01:00 INFO : 1 points above threshold
2026-09-07T04:38:06.647+01:00 INFO : Filtering template 136/384 segment 2/5
2026-09-07T04:38:06.647+01:00 INFO : 1 points above threshold
2026-09-07T04:38:06.650+01:00 INFO : Filtering template 136/384 segment 3/5
2026-09-07T04:38:06.650+01:00 INFO : 3 points above threshold
2026-09-07T04:38:06.654+01:00 INFO : Filtering template 136/384 segment 4/5
2026-09-07T04:38:06.654+01:00 INFO : Filtering template 136/384 segment 5/5
2026-09-07T04:38:06.655+01:00 INFO : 1 points above threshold
2026-09-07T04:38:06.658+01:00 INFO : 136: generating IMRPhenomD from 30.0 Hz
2026-09-07T04:38:06.659+01:00 INFO : Decompressing waveform using inline_linear
2026-09-07T04:38:06.661+01:00 INFO : Filtering template 137/384 segment 1/5
2026-09-07T04:38:06.662+01:00 INFO : 1 points above threshold
2026-09-07T04:38:06.665+01:00 INFO : Filtering template 137/384 segment 2/5
2026-09-07T04:38:06.665+01:00 INFO : Filtering template 137/384 segment 3/5
2026-09-07T04:38:06.666+01:00 INFO : 3 points above threshold
2026-09-07T04:38:06.669+01:00 INFO : Filtering template 137/384 segment 4/5
2026-09-07T04:38:06.670+01:00 INFO : Filtering template 137/384 segment 5/5
2026-09-07T04:38:06.670+01:00 INFO : 1 points above threshold
2026-09-07T04:38:06.673+01:00 INFO : 137: generating IMRPhenomD from 30.0 Hz
2026-09-07T04:38:06.674+01:00 INFO : Decompressing waveform using inline_linear
2026-09-07T04:38:06.676+01:00 INFO : Filtering template 138/384 segment 1/5
2026-09-07T04:38:06.677+01:00 INFO : 2 points above threshold
2026-09-07T04:38:06.681+01:00 INFO : Filtering template 138/384 segment 2/5
2026-09-07T04:38:06.682+01:00 INFO : 1 points above threshold
2026-09-07T04:38:06.684+01:00 INFO : Filtering template 138/384 segment 3/5
2026-09-07T04:38:06.685+01:00 INFO : Filtering template 138/384 segment 4/5
2026-09-07T04:38:06.685+01:00 INFO : Filtering template 138/384 segment 5/5
2026-09-07T04:38:06.686+01:00 INFO : 2 points above threshold
2026-09-07T04:38:06.690+01:00 INFO : 138: generating IMRPhenomD from 30.0 Hz
2026-09-07T04:38:06.691+01:00 INFO : Decompressing waveform using inline_linear
2026-09-07T04:38:06.693+01:00 INFO : Filtering template 139/384 segment 1/5
2026-09-07T04:38:06.694+01:00 INFO : Filtering template 139/384 segment 2/5
2026-09-07T04:38:06.695+01:00 INFO : Filtering template 139/384 segment 3/5
2026-09-07T04:38:06.695+01:00 INFO : 2 points above threshold
2026-09-07T04:38:06.699+01:00 INFO : Filtering template 139/384 segment 4/5
2026-09-07T04:38:06.700+01:00 INFO : Filtering template 139/384 segment 5/5
2026-09-07T04:38:06.700+01:00 INFO : 1 points above threshold
2026-09-07T04:38:06.703+01:00 INFO : 139: generating IMRPhenomD from 30.0 Hz
2026-09-07T04:38:06.704+01:00 INFO : Decompressing waveform using inline_linear
2026-09-07T04:38:06.706+01:00 INFO : Filtering template 140/384 segment 1/5
2026-09-07T04:38:06.707+01:00 INFO : 2 points above threshold
2026-09-07T04:38:06.711+01:00 INFO : Filtering template 140/384 segment 2/5
2026-09-07T04:38:06.712+01:00 INFO : 3 points above threshold
2026-09-07T04:38:06.715+01:00 INFO : Filtering template 140/384 segment 3/5
2026-09-07T04:38:06.716+01:00 INFO : 2 points above threshold
2026-09-07T04:38:06.719+01:00 INFO : Filtering template 140/384 segment 4/5
2026-09-07T04:38:06.720+01:00 INFO : 1 points above threshold
2026-09-07T04:38:06.722+01:00 INFO : Filtering template 140/384 segment 5/5
2026-09-07T04:38:06.723+01:00 INFO : 2 points above threshold
2026-09-07T04:38:06.727+01:00 INFO : 140: generating IMRPhenomD from 30.0 Hz
2026-09-07T04:38:06.728+01:00 INFO : Decompressing waveform using inline_linear
2026-09-07T04:38:06.730+01:00 INFO : Filtering template 141/384 segment 1/5
2026-09-07T04:38:06.731+01:00 INFO : 1 points above threshold
2026-09-07T04:38:06.734+01:00 INFO : Filtering template 141/384 segment 2/5
2026-09-07T04:38:06.735+01:00 INFO : 3 points above threshold
2026-09-07T04:38:06.738+01:00 INFO : Filtering template 141/384 segment 3/5
2026-09-07T04:38:06.739+01:00 INFO : Filtering template 141/384 segment 4/5
2026-09-07T04:38:06.739+01:00 INFO : 2 points above threshold
2026-09-07T04:38:06.743+01:00 INFO : Filtering template 141/384 segment 5/5
2026-09-07T04:38:06.744+01:00 INFO : 141: generating IMRPhenomD from 30.0 Hz
2026-09-07T04:38:06.745+01:00 INFO : Decompressing waveform using inline_linear
2026-09-07T04:38:06.747+01:00 INFO : Filtering template 142/384 segment 1/5
2026-09-07T04:38:06.747+01:00 INFO : 1 points above threshold
2026-09-07T04:38:06.751+01:00 INFO : Filtering template 142/384 segment 2/5
2026-09-07T04:38:06.751+01:00 INFO : 1 points above threshold
2026-09-07T04:38:06.753+01:00 INFO : Filtering template 142/384 segment 3/5
2026-09-07T04:38:06.754+01:00 INFO : 2 points above threshold
2026-09-07T04:38:06.757+01:00 INFO : Filtering template 142/384 segment 4/5
2026-09-07T04:38:06.758+01:00 INFO : 3 points above threshold
2026-09-07T04:38:06.761+01:00 INFO : Filtering template 142/384 segment 5/5
2026-09-07T04:38:06.762+01:00 INFO : 1 points above threshold
2026-09-07T04:38:06.765+01:00 INFO : 142: generating IMRPhenomD from 30.0 Hz
2026-09-07T04:38:06.766+01:00 INFO : Decompressing waveform using inline_linear
2026-09-07T04:38:06.768+01:00 INFO : Filtering template 143/384 segment 1/5
2026-09-07T04:38:06.769+01:00 INFO : 2 points above threshold
2026-09-07T04:38:06.773+01:00 INFO : Filtering template 143/384 segment 2/5
2026-09-07T04:38:06.774+01:00 INFO : Filtering template 143/384 segment 3/5
2026-09-07T04:38:06.774+01:00 INFO : Filtering template 143/384 segment 4/5
2026-09-07T04:38:06.775+01:00 INFO : 2 points above threshold
2026-09-07T04:38:06.778+01:00 INFO : Filtering template 143/384 segment 5/5
2026-09-07T04:38:06.779+01:00 INFO : 143: generating IMRPhenomD from 30.0 Hz
2026-09-07T04:38:06.780+01:00 INFO : Decompressing waveform using inline_linear
2026-09-07T04:38:06.782+01:00 INFO : Filtering template 144/384 segment 1/5
2026-09-07T04:38:06.783+01:00 INFO : 2 points above threshold
2026-09-07T04:38:06.787+01:00 INFO : Filtering template 144/384 segment 2/5
2026-09-07T04:38:06.788+01:00 INFO : 1 points above threshold
2026-09-07T04:38:06.790+01:00 INFO : Filtering template 144/384 segment 3/5
2026-09-07T04:38:06.791+01:00 INFO : 1 points above threshold
2026-09-07T04:38:06.793+01:00 INFO : Filtering template 144/384 segment 4/5
2026-09-07T04:38:06.794+01:00 INFO : 1 points above threshold
2026-09-07T04:38:06.796+01:00 INFO : Filtering template 144/384 segment 5/5
2026-09-07T04:38:06.796+01:00 INFO : 1 points above threshold
2026-09-07T04:38:06.799+01:00 INFO : 144: generating IMRPhenomD from 30.0 Hz
2026-09-07T04:38:06.801+01:00 INFO : Decompressing waveform using inline_linear
2026-09-07T04:38:06.803+01:00 INFO : Filtering template 145/384 segment 1/5
2026-09-07T04:38:06.803+01:00 INFO : 2 points above threshold
2026-09-07T04:38:06.808+01:00 INFO : Filtering template 145/384 segment 2/5
2026-09-07T04:38:06.808+01:00 INFO : 3 points above threshold
2026-09-07T04:38:06.812+01:00 INFO : Filtering template 145/384 segment 3/5
2026-09-07T04:38:06.812+01:00 INFO : 1 points above threshold
2026-09-07T04:38:06.815+01:00 INFO : Filtering template 145/384 segment 4/5
2026-09-07T04:38:06.815+01:00 INFO : Filtering template 145/384 segment 5/5
2026-09-07T04:38:06.816+01:00 INFO : 145: generating IMRPhenomD from 30.0 Hz
2026-09-07T04:38:06.817+01:00 INFO : Decompressing waveform using inline_linear
2026-09-07T04:38:06.819+01:00 INFO : Filtering template 146/384 segment 1/5
2026-09-07T04:38:06.820+01:00 INFO : 4 points above threshold
2026-09-07T04:38:06.824+01:00 INFO : Filtering template 146/384 segment 2/5
2026-09-07T04:38:06.825+01:00 INFO : Filtering template 146/384 segment 3/5
2026-09-07T04:38:06.825+01:00 INFO : 1 points above threshold
2026-09-07T04:38:06.827+01:00 INFO : Filtering template 146/384 segment 4/5
2026-09-07T04:38:06.828+01:00 INFO : 3 points above threshold
2026-09-07T04:38:06.831+01:00 INFO : Filtering template 146/384 segment 5/5
2026-09-07T04:38:06.832+01:00 INFO : 2 points above threshold
2026-09-07T04:38:06.836+01:00 INFO : 146: generating IMRPhenomD from 30.0 Hz
2026-09-07T04:38:06.837+01:00 INFO : Decompressing waveform using inline_linear
2026-09-07T04:38:06.839+01:00 INFO : Filtering template 147/384 segment 1/5
2026-09-07T04:38:06.840+01:00 INFO : 1 points above threshold
2026-09-07T04:38:06.843+01:00 INFO : Filtering template 147/384 segment 2/5
2026-09-07T04:38:06.843+01:00 INFO : Filtering template 147/384 segment 3/5
2026-09-07T04:38:06.844+01:00 INFO : 1 points above threshold
2026-09-07T04:38:06.846+01:00 INFO : Filtering template 147/384 segment 4/5
2026-09-07T04:38:06.847+01:00 INFO : Filtering template 147/384 segment 5/5
2026-09-07T04:38:06.847+01:00 INFO : 3 points above threshold
2026-09-07T04:38:06.851+01:00 INFO : 147: generating IMRPhenomD from 30.0 Hz
2026-09-07T04:38:06.853+01:00 INFO : Decompressing waveform using inline_linear
2026-09-07T04:38:06.855+01:00 INFO : Filtering template 148/384 segment 1/5
2026-09-07T04:38:06.856+01:00 INFO : 2 points above threshold
2026-09-07T04:38:06.860+01:00 INFO : Filtering template 148/384 segment 2/5
2026-09-07T04:38:06.860+01:00 INFO : 2 points above threshold
2026-09-07T04:38:06.864+01:00 INFO : Filtering template 148/384 segment 3/5
2026-09-07T04:38:06.864+01:00 INFO : 1 points above threshold
2026-09-07T04:38:06.867+01:00 INFO : Filtering template 148/384 segment 4/5
2026-09-07T04:38:06.867+01:00 INFO : Filtering template 148/384 segment 5/5
2026-09-07T04:38:06.868+01:00 INFO : 148: generating IMRPhenomD from 30.0 Hz
2026-09-07T04:38:06.869+01:00 INFO : Decompressing waveform using inline_linear
2026-09-07T04:38:06.871+01:00 INFO : Filtering template 149/384 segment 1/5
2026-09-07T04:38:06.872+01:00 INFO : Filtering template 149/384 segment 2/5
2026-09-07T04:38:06.873+01:00 INFO : 3 points above threshold
2026-09-07T04:38:06.877+01:00 INFO : Filtering template 149/384 segment 3/5
2026-09-07T04:38:06.877+01:00 INFO : 1 points above threshold
2026-09-07T04:38:06.880+01:00 INFO : Filtering template 149/384 segment 4/5
2026-09-07T04:38:06.880+01:00 INFO : Filtering template 149/384 segment 5/5
2026-09-07T04:38:06.881+01:00 INFO : 1 points above threshold
2026-09-07T04:38:06.883+01:00 INFO : 149: generating IMRPhenomD from 30.0 Hz
2026-09-07T04:38:06.885+01:00 INFO : Decompressing waveform using inline_linear
2026-09-07T04:38:06.887+01:00 INFO : Filtering template 150/384 segment 1/5
2026-09-07T04:38:06.888+01:00 INFO : 1 points above threshold
2026-09-07T04:38:06.891+01:00 INFO : Filtering template 150/384 segment 2/5
2026-09-07T04:38:06.891+01:00 INFO : Filtering template 150/384 segment 3/5
2026-09-07T04:38:06.892+01:00 INFO : 1 points above threshold
2026-09-07T04:38:06.894+01:00 INFO : Filtering template 150/384 segment 4/5
2026-09-07T04:38:06.895+01:00 INFO : 3 points above threshold
2026-09-07T04:38:06.898+01:00 INFO : Filtering template 150/384 segment 5/5
2026-09-07T04:38:06.899+01:00 INFO : 2 points above threshold
2026-09-07T04:38:06.903+01:00 INFO : 150: generating IMRPhenomD from 30.0 Hz
2026-09-07T04:38:06.904+01:00 INFO : Decompressing waveform using inline_linear
2026-09-07T04:38:06.906+01:00 INFO : Filtering template 151/384 segment 1/5
2026-09-07T04:38:06.907+01:00 INFO : 1 points above threshold
2026-09-07T04:38:06.910+01:00 INFO : Filtering template 151/384 segment 2/5
2026-09-07T04:38:06.910+01:00 INFO : 2 points above threshold
2026-09-07T04:38:06.914+01:00 INFO : Filtering template 151/384 segment 3/5
2026-09-07T04:38:06.914+01:00 INFO : Filtering template 151/384 segment 4/5
2026-09-07T04:38:06.915+01:00 INFO : Filtering template 151/384 segment 5/5
2026-09-07T04:38:06.916+01:00 INFO : 151: generating IMRPhenomD from 30.0 Hz
2026-09-07T04:38:06.917+01:00 INFO : Decompressing waveform using inline_linear
2026-09-07T04:38:06.919+01:00 INFO : Filtering template 152/384 segment 1/5
2026-09-07T04:38:06.920+01:00 INFO : 1 points above threshold
2026-09-07T04:38:06.923+01:00 INFO : Filtering template 152/384 segment 2/5
2026-09-07T04:38:06.923+01:00 INFO : 2 points above threshold
2026-09-07T04:38:06.927+01:00 INFO : Filtering template 152/384 segment 3/5
2026-09-07T04:38:06.927+01:00 INFO : 1 points above threshold
2026-09-07T04:38:06.930+01:00 INFO : Filtering template 152/384 segment 4/5
2026-09-07T04:38:06.930+01:00 INFO : Filtering template 152/384 segment 5/5
2026-09-07T04:38:06.931+01:00 INFO : 1 points above threshold
2026-09-07T04:38:06.934+01:00 INFO : 152: generating IMRPhenomD from 30.0 Hz
2026-09-07T04:38:06.935+01:00 INFO : Decompressing waveform using inline_linear
2026-09-07T04:38:06.937+01:00 INFO : Filtering template 153/384 segment 1/5
2026-09-07T04:38:06.938+01:00 INFO : 1 points above threshold
2026-09-07T04:38:06.941+01:00 INFO : Filtering template 153/384 segment 2/5
2026-09-07T04:38:06.942+01:00 INFO : 4 points above threshold
2026-09-07T04:38:06.945+01:00 INFO : Filtering template 153/384 segment 3/5
2026-09-07T04:38:06.946+01:00 INFO : 1 points above threshold
2026-09-07T04:38:06.948+01:00 INFO : Filtering template 153/384 segment 4/5
2026-09-07T04:38:06.949+01:00 INFO : Filtering template 153/384 segment 5/5
2026-09-07T04:38:06.950+01:00 INFO : 153: generating IMRPhenomD from 30.0 Hz
2026-09-07T04:38:06.951+01:00 INFO : Decompressing waveform using inline_linear
2026-09-07T04:38:06.953+01:00 INFO : Filtering template 154/384 segment 1/5
2026-09-07T04:38:06.954+01:00 INFO : 2 points above threshold
2026-09-07T04:38:06.958+01:00 INFO : Filtering template 154/384 segment 2/5
2026-09-07T04:38:06.958+01:00 INFO : 2 points above threshold
2026-09-07T04:38:06.962+01:00 INFO : Filtering template 154/384 segment 3/5
2026-09-07T04:38:06.962+01:00 INFO : Filtering template 154/384 segment 4/5
2026-09-07T04:38:06.963+01:00 INFO : 2 points above threshold
2026-09-07T04:38:06.966+01:00 INFO : Filtering template 154/384 segment 5/5
2026-09-07T04:38:06.967+01:00 INFO : 154: generating IMRPhenomD from 30.0 Hz
2026-09-07T04:38:06.968+01:00 INFO : Decompressing waveform using inline_linear
2026-09-07T04:38:06.970+01:00 INFO : Filtering template 155/384 segment 1/5
2026-09-07T04:38:06.971+01:00 INFO : Filtering template 155/384 segment 2/5
2026-09-07T04:38:06.972+01:00 INFO : 1 points above threshold
2026-09-07T04:38:06.975+01:00 INFO : Filtering template 155/384 segment 3/5
2026-09-07T04:38:06.975+01:00 INFO : 1 points above threshold
2026-09-07T04:38:06.978+01:00 INFO : Filtering template 155/384 segment 4/5
2026-09-07T04:38:06.978+01:00 INFO : 3 points above threshold
2026-09-07T04:38:06.982+01:00 INFO : Filtering template 155/384 segment 5/5
2026-09-07T04:38:06.982+01:00 INFO : 155: generating IMRPhenomD from 30.0 Hz
2026-09-07T04:38:06.984+01:00 INFO : Decompressing waveform using inline_linear
2026-09-07T04:38:06.986+01:00 INFO : Filtering template 156/384 segment 1/5
2026-09-07T04:38:06.986+01:00 INFO : 1 points above threshold
2026-09-07T04:38:06.989+01:00 INFO : Filtering template 156/384 segment 2/5
2026-09-07T04:38:06.990+01:00 INFO : Filtering template 156/384 segment 3/5
2026-09-07T04:38:06.990+01:00 INFO : Filtering template 156/384 segment 4/5
2026-09-07T04:38:06.991+01:00 INFO : 3 points above threshold
2026-09-07T04:38:06.995+01:00 INFO : Filtering template 156/384 segment 5/5
2026-09-07T04:38:06.995+01:00 INFO : 156: generating IMRPhenomD from 30.0 Hz
2026-09-07T04:38:06.997+01:00 INFO : Decompressing waveform using inline_linear
2026-09-07T04:38:06.998+01:00 INFO : Filtering template 157/384 segment 1/5
2026-09-07T04:38:06.999+01:00 INFO : 1 points above threshold
2026-09-07T04:38:07.002+01:00 INFO : Filtering template 157/384 segment 2/5
2026-09-07T04:38:07.003+01:00 INFO : 1 points above threshold
2026-09-07T04:38:07.005+01:00 INFO : Filtering template 157/384 segment 3/5
2026-09-07T04:38:07.006+01:00 INFO : Filtering template 157/384 segment 4/5
2026-09-07T04:38:07.006+01:00 INFO : 2 points above threshold
2026-09-07T04:38:07.010+01:00 INFO : Filtering template 157/384 segment 5/5
2026-09-07T04:38:07.011+01:00 INFO : 3 points above threshold
2026-09-07T04:38:07.015+01:00 INFO : 157: generating IMRPhenomD from 30.0 Hz
2026-09-07T04:38:07.016+01:00 INFO : Decompressing waveform using inline_linear
2026-09-07T04:38:07.018+01:00 INFO : Filtering template 158/384 segment 1/5
2026-09-07T04:38:07.019+01:00 INFO : 1 points above threshold
2026-09-07T04:38:07.022+01:00 INFO : Filtering template 158/384 segment 2/5
2026-09-07T04:38:07.022+01:00 INFO : 1 points above threshold
2026-09-07T04:38:07.025+01:00 INFO : Filtering template 158/384 segment 3/5
2026-09-07T04:38:07.025+01:00 INFO : 1 points above threshold
2026-09-07T04:38:07.028+01:00 INFO : Filtering template 158/384 segment 4/5
2026-09-07T04:38:07.028+01:00 INFO : Filtering template 158/384 segment 5/5
2026-09-07T04:38:07.029+01:00 INFO : 158: generating IMRPhenomD from 30.0 Hz
2026-09-07T04:38:07.030+01:00 INFO : Decompressing waveform using inline_linear
2026-09-07T04:38:07.032+01:00 INFO : Filtering template 159/384 segment 1/5
2026-09-07T04:38:07.033+01:00 INFO : Filtering template 159/384 segment 2/5
2026-09-07T04:38:07.034+01:00 INFO : 2 points above threshold
2026-09-07T04:38:07.037+01:00 INFO : Filtering template 159/384 segment 3/5
2026-09-07T04:38:07.038+01:00 INFO : 1 points above threshold
2026-09-07T04:38:07.040+01:00 INFO : Filtering template 159/384 segment 4/5
2026-09-07T04:38:07.041+01:00 INFO : 2 points above threshold
2026-09-07T04:38:07.044+01:00 INFO : Filtering template 159/384 segment 5/5
2026-09-07T04:38:07.045+01:00 INFO : 1 points above threshold
2026-09-07T04:38:07.048+01:00 INFO : 159: generating IMRPhenomD from 30.0 Hz
2026-09-07T04:38:07.049+01:00 INFO : Decompressing waveform using inline_linear
2026-09-07T04:38:07.051+01:00 INFO : Filtering template 160/384 segment 1/5
2026-09-07T04:38:07.052+01:00 INFO : 1 points above threshold
2026-09-07T04:38:07.055+01:00 INFO : Filtering template 160/384 segment 2/5
2026-09-07T04:38:07.055+01:00 INFO : 1 points above threshold
2026-09-07T04:38:07.057+01:00 INFO : Filtering template 160/384 segment 3/5
2026-09-07T04:38:07.058+01:00 INFO : 1 points above threshold
2026-09-07T04:38:07.060+01:00 INFO : Filtering template 160/384 segment 4/5
2026-09-07T04:38:07.061+01:00 INFO : Filtering template 160/384 segment 5/5
2026-09-07T04:38:07.061+01:00 INFO : 1 points above threshold
2026-09-07T04:38:07.064+01:00 INFO : 160: generating IMRPhenomD from 30.0 Hz
2026-09-07T04:38:07.066+01:00 INFO : Decompressing waveform using inline_linear
2026-09-07T04:38:07.067+01:00 INFO : Filtering template 161/384 segment 1/5
2026-09-07T04:38:07.068+01:00 INFO : 1 points above threshold
2026-09-07T04:38:07.071+01:00 INFO : Filtering template 161/384 segment 2/5
2026-09-07T04:38:07.072+01:00 INFO : 2 points above threshold
2026-09-07T04:38:07.075+01:00 INFO : Filtering template 161/384 segment 3/5
2026-09-07T04:38:07.075+01:00 INFO : 1 points above threshold
2026-09-07T04:38:07.078+01:00 INFO : Filtering template 161/384 segment 4/5
2026-09-07T04:38:07.078+01:00 INFO : 1 points above threshold
2026-09-07T04:38:07.081+01:00 INFO : Filtering template 161/384 segment 5/5
2026-09-07T04:38:07.081+01:00 INFO : 3 points above threshold
2026-09-07T04:38:07.085+01:00 INFO : 161: generating IMRPhenomD from 30.0 Hz
2026-09-07T04:38:07.086+01:00 INFO : Decompressing waveform using inline_linear
2026-09-07T04:38:07.088+01:00 INFO : Filtering template 162/384 segment 1/5
2026-09-07T04:38:07.089+01:00 INFO : Filtering template 162/384 segment 2/5
2026-09-07T04:38:07.089+01:00 INFO : 2 points above threshold
2026-09-07T04:38:07.093+01:00 INFO : Filtering template 162/384 segment 3/5
2026-09-07T04:38:07.094+01:00 INFO : 1 points above threshold
2026-09-07T04:38:07.096+01:00 INFO : Filtering template 162/384 segment 4/5
2026-09-07T04:38:07.097+01:00 INFO : 1 points above threshold
2026-09-07T04:38:07.099+01:00 INFO : Filtering template 162/384 segment 5/5
2026-09-07T04:38:07.100+01:00 INFO : 1 points above threshold
2026-09-07T04:38:07.103+01:00 INFO : 162: generating IMRPhenomD from 30.0 Hz
2026-09-07T04:38:07.104+01:00 INFO : Decompressing waveform using inline_linear
2026-09-07T04:38:07.106+01:00 INFO : Filtering template 163/384 segment 1/5
2026-09-07T04:38:07.107+01:00 INFO : 2 points above threshold
2026-09-07T04:38:07.110+01:00 INFO : Filtering template 163/384 segment 2/5
2026-09-07T04:38:07.111+01:00 INFO : 3 points above threshold
2026-09-07T04:38:07.114+01:00 INFO : Filtering template 163/384 segment 3/5
2026-09-07T04:38:07.115+01:00 INFO : Filtering template 163/384 segment 4/5
2026-09-07T04:38:07.115+01:00 INFO : 3 points above threshold
2026-09-07T04:38:07.118+01:00 INFO : Filtering template 163/384 segment 5/5
2026-09-07T04:38:07.119+01:00 INFO : 2 points above threshold
2026-09-07T04:38:07.123+01:00 INFO : 163: generating IMRPhenomD from 30.0 Hz
2026-09-07T04:38:07.124+01:00 INFO : Decompressing waveform using inline_linear
2026-09-07T04:38:07.126+01:00 INFO : Filtering template 164/384 segment 1/5
2026-09-07T04:38:07.127+01:00 INFO : 2 points above threshold
2026-09-07T04:38:07.130+01:00 INFO : Filtering template 164/384 segment 2/5
2026-09-07T04:38:07.131+01:00 INFO : 1 points above threshold
2026-09-07T04:38:07.133+01:00 INFO : Filtering template 164/384 segment 3/5
2026-09-07T04:38:07.134+01:00 INFO : 1 points above threshold
2026-09-07T04:38:07.136+01:00 INFO : Filtering template 164/384 segment 4/5
2026-09-07T04:38:07.137+01:00 INFO : Filtering template 164/384 segment 5/5
2026-09-07T04:38:07.137+01:00 INFO : 1 points above threshold
2026-09-07T04:38:07.140+01:00 INFO : 164: generating IMRPhenomD from 30.0 Hz
2026-09-07T04:38:07.142+01:00 INFO : Decompressing waveform using inline_linear
2026-09-07T04:38:07.143+01:00 INFO : Filtering template 165/384 segment 1/5
2026-09-07T04:38:07.144+01:00 INFO : 1 points above threshold
2026-09-07T04:38:07.147+01:00 INFO : Filtering template 165/384 segment 2/5
2026-09-07T04:38:07.148+01:00 INFO : Filtering template 165/384 segment 3/5
2026-09-07T04:38:07.148+01:00 INFO : 2 points above threshold
2026-09-07T04:38:07.152+01:00 INFO : Filtering template 165/384 segment 4/5
2026-09-07T04:38:07.152+01:00 INFO : 1 points above threshold
2026-09-07T04:38:07.154+01:00 INFO : Filtering template 165/384 segment 5/5
2026-09-07T04:38:07.155+01:00 INFO : 1 points above threshold
2026-09-07T04:38:07.158+01:00 INFO : 165: generating IMRPhenomD from 30.0 Hz
2026-09-07T04:38:07.159+01:00 INFO : Decompressing waveform using inline_linear
2026-09-07T04:38:07.161+01:00 INFO : Filtering template 166/384 segment 1/5
2026-09-07T04:38:07.162+01:00 INFO : 2 points above threshold
2026-09-07T04:38:07.166+01:00 INFO : Filtering template 166/384 segment 2/5
2026-09-07T04:38:07.166+01:00 INFO : Filtering template 166/384 segment 3/5
2026-09-07T04:38:07.167+01:00 INFO : Filtering template 166/384 segment 4/5
2026-09-07T04:38:07.167+01:00 INFO : 3 points above threshold
2026-09-07T04:38:07.170+01:00 INFO : Filtering template 166/384 segment 5/5
2026-09-07T04:38:07.171+01:00 INFO : 3 points above threshold
2026-09-07T04:38:07.174+01:00 INFO : 166: generating IMRPhenomD from 30.0 Hz
2026-09-07T04:38:07.176+01:00 INFO : Decompressing waveform using inline_linear
2026-09-07T04:38:07.177+01:00 INFO : Filtering template 167/384 segment 1/5
2026-09-07T04:38:07.178+01:00 INFO : 1 points above threshold
2026-09-07T04:38:07.181+01:00 INFO : Filtering template 167/384 segment 2/5
2026-09-07T04:38:07.182+01:00 INFO : Filtering template 167/384 segment 3/5
2026-09-07T04:38:07.182+01:00 INFO : 1 points above threshold
2026-09-07T04:38:07.185+01:00 INFO : Filtering template 167/384 segment 4/5
2026-09-07T04:38:07.185+01:00 INFO : Filtering template 167/384 segment 5/5
2026-09-07T04:38:07.186+01:00 INFO : 167: generating IMRPhenomD from 30.0 Hz
2026-09-07T04:38:07.187+01:00 INFO : Decompressing waveform using inline_linear
2026-09-07T04:38:07.189+01:00 INFO : Filtering template 168/384 segment 1/5
2026-09-07T04:38:07.190+01:00 INFO : 4 points above threshold
2026-09-07T04:38:07.194+01:00 INFO : Filtering template 168/384 segment 2/5
2026-09-07T04:38:07.195+01:00 INFO : 1 points above threshold
2026-09-07T04:38:07.197+01:00 INFO : Filtering template 168/384 segment 3/5
2026-09-07T04:38:07.198+01:00 INFO : 1 points above threshold
2026-09-07T04:38:07.200+01:00 INFO : Filtering template 168/384 segment 4/5
2026-09-07T04:38:07.200+01:00 INFO : 1 points above threshold
2026-09-07T04:38:07.203+01:00 INFO : Filtering template 168/384 segment 5/5
2026-09-07T04:38:07.203+01:00 INFO : 1 points above threshold
2026-09-07T04:38:07.207+01:00 INFO : 168: generating IMRPhenomD from 30.0 Hz
2026-09-07T04:38:07.208+01:00 INFO : Decompressing waveform using inline_linear
2026-09-07T04:38:07.210+01:00 INFO : Filtering template 169/384 segment 1/5
2026-09-07T04:38:07.211+01:00 INFO : 5 points above threshold
2026-09-07T04:38:07.215+01:00 INFO : Filtering template 169/384 segment 2/5
2026-09-07T04:38:07.215+01:00 INFO : 1 points above threshold
2026-09-07T04:38:07.218+01:00 INFO : Filtering template 169/384 segment 3/5
2026-09-07T04:38:07.219+01:00 INFO : 3 points above threshold
2026-09-07T04:38:07.222+01:00 INFO : Filtering template 169/384 segment 4/5
2026-09-07T04:38:07.222+01:00 INFO : 1 points above threshold
2026-09-07T04:38:07.225+01:00 INFO : Filtering template 169/384 segment 5/5
2026-09-07T04:38:07.226+01:00 INFO : 169: generating IMRPhenomD from 30.0 Hz
2026-09-07T04:38:07.227+01:00 INFO : Decompressing waveform using inline_linear
2026-09-07T04:38:07.229+01:00 INFO : Filtering template 170/384 segment 1/5
2026-09-07T04:38:07.230+01:00 INFO : Filtering template 170/384 segment 2/5
2026-09-07T04:38:07.230+01:00 INFO : 2 points above threshold
2026-09-07T04:38:07.234+01:00 INFO : Filtering template 170/384 segment 3/5
2026-09-07T04:38:07.234+01:00 INFO : 2 points above threshold
2026-09-07T04:38:07.237+01:00 INFO : Filtering template 170/384 segment 4/5
2026-09-07T04:38:07.238+01:00 INFO : Filtering template 170/384 segment 5/5
2026-09-07T04:38:07.239+01:00 INFO : 170: generating IMRPhenomD from 30.0 Hz
2026-09-07T04:38:07.240+01:00 INFO : Decompressing waveform using inline_linear
2026-09-07T04:38:07.242+01:00 INFO : Filtering template 171/384 segment 1/5
2026-09-07T04:38:07.243+01:00 INFO : 2 points above threshold
2026-09-07T04:38:07.246+01:00 INFO : Filtering template 171/384 segment 2/5
2026-09-07T04:38:07.247+01:00 INFO : 1 points above threshold
2026-09-07T04:38:07.249+01:00 INFO : Filtering template 171/384 segment 3/5
2026-09-07T04:38:07.250+01:00 INFO : 3 points above threshold
2026-09-07T04:38:07.253+01:00 INFO : Filtering template 171/384 segment 4/5
2026-09-07T04:38:07.253+01:00 INFO : 1 points above threshold
2026-09-07T04:38:07.256+01:00 INFO : Filtering template 171/384 segment 5/5
2026-09-07T04:38:07.256+01:00 INFO : 1 points above threshold
2026-09-07T04:38:07.259+01:00 INFO : 171: generating IMRPhenomD from 30.0 Hz
2026-09-07T04:38:07.261+01:00 INFO : Decompressing waveform using inline_linear
2026-09-07T04:38:07.263+01:00 INFO : Filtering template 172/384 segment 1/5
2026-09-07T04:38:07.264+01:00 INFO : 4 points above threshold
2026-09-07T04:38:07.268+01:00 INFO : Filtering template 172/384 segment 2/5
2026-09-07T04:38:07.268+01:00 INFO : 1 points above threshold
2026-09-07T04:38:07.271+01:00 INFO : Filtering template 172/384 segment 3/5
2026-09-07T04:38:07.271+01:00 INFO : Filtering template 172/384 segment 4/5
2026-09-07T04:38:07.272+01:00 INFO : 2 points above threshold
2026-09-07T04:38:07.275+01:00 INFO : Filtering template 172/384 segment 5/5
2026-09-07T04:38:07.275+01:00 INFO : 1 points above threshold
2026-09-07T04:38:07.278+01:00 INFO : 172: generating IMRPhenomD from 30.0 Hz
2026-09-07T04:38:07.280+01:00 INFO : Decompressing waveform using inline_linear
2026-09-07T04:38:07.281+01:00 INFO : Filtering template 173/384 segment 1/5
2026-09-07T04:38:07.282+01:00 INFO : 1 points above threshold
2026-09-07T04:38:07.285+01:00 INFO : Filtering template 173/384 segment 2/5
2026-09-07T04:38:07.286+01:00 INFO : 1 points above threshold
2026-09-07T04:38:07.288+01:00 INFO : Filtering template 173/384 segment 3/5
2026-09-07T04:38:07.289+01:00 INFO : 1 points above threshold
2026-09-07T04:38:07.291+01:00 INFO : Filtering template 173/384 segment 4/5
2026-09-07T04:38:07.292+01:00 INFO : 1 points above threshold
2026-09-07T04:38:07.294+01:00 INFO : Filtering template 173/384 segment 5/5
2026-09-07T04:38:07.295+01:00 INFO : 1 points above threshold
2026-09-07T04:38:07.298+01:00 INFO : 173: generating IMRPhenomD from 30.0 Hz
2026-09-07T04:38:07.299+01:00 INFO : Decompressing waveform using inline_linear
2026-09-07T04:38:07.301+01:00 INFO : Filtering template 174/384 segment 1/5
2026-09-07T04:38:07.302+01:00 INFO : 3 points above threshold
2026-09-07T04:38:07.306+01:00 INFO : Filtering template 174/384 segment 2/5
2026-09-07T04:38:07.306+01:00 INFO : 1 points above threshold
2026-09-07T04:38:07.309+01:00 INFO : Filtering template 174/384 segment 3/5
2026-09-07T04:38:07.309+01:00 INFO : 3 points above threshold
2026-09-07T04:38:07.313+01:00 INFO : Filtering template 174/384 segment 4/5
2026-09-07T04:38:07.313+01:00 INFO : 1 points above threshold
2026-09-07T04:38:07.316+01:00 INFO : Filtering template 174/384 segment 5/5
2026-09-07T04:38:07.317+01:00 INFO : 174: generating IMRPhenomD from 30.0 Hz
2026-09-07T04:38:07.318+01:00 INFO : Decompressing waveform using inline_linear
2026-09-07T04:38:07.320+01:00 INFO : Filtering template 175/384 segment 1/5
2026-09-07T04:38:07.321+01:00 INFO : 2 points above threshold
2026-09-07T04:38:07.325+01:00 INFO : Filtering template 175/384 segment 2/5
2026-09-07T04:38:07.325+01:00 INFO : 2 points above threshold
2026-09-07T04:38:07.329+01:00 INFO : Filtering template 175/384 segment 3/5
2026-09-07T04:38:07.330+01:00 INFO : 4 points above threshold
2026-09-07T04:38:07.333+01:00 INFO : Filtering template 175/384 segment 4/5
2026-09-07T04:38:07.334+01:00 INFO : 1 points above threshold
2026-09-07T04:38:07.336+01:00 INFO : Filtering template 175/384 segment 5/5
2026-09-07T04:38:07.337+01:00 INFO : 175: generating IMRPhenomD from 30.0 Hz
2026-09-07T04:38:07.338+01:00 INFO : Decompressing waveform using inline_linear
2026-09-07T04:38:07.340+01:00 INFO : Filtering template 176/384 segment 1/5
2026-09-07T04:38:07.341+01:00 INFO : 1 points above threshold
2026-09-07T04:38:07.344+01:00 INFO : Filtering template 176/384 segment 2/5
2026-09-07T04:38:07.345+01:00 INFO : 3 points above threshold
2026-09-07T04:38:07.348+01:00 INFO : Filtering template 176/384 segment 3/5
2026-09-07T04:38:07.349+01:00 INFO : 1 points above threshold
2026-09-07T04:38:07.351+01:00 INFO : Filtering template 176/384 segment 4/5
2026-09-07T04:38:07.352+01:00 INFO : 1 points above threshold
2026-09-07T04:38:07.354+01:00 INFO : Filtering template 176/384 segment 5/5
2026-09-07T04:38:07.355+01:00 INFO : 1 points above threshold
2026-09-07T04:38:07.358+01:00 INFO : 176: generating IMRPhenomD from 30.0 Hz
2026-09-07T04:38:07.359+01:00 INFO : Decompressing waveform using inline_linear
2026-09-07T04:38:07.361+01:00 INFO : Filtering template 177/384 segment 1/5
2026-09-07T04:38:07.362+01:00 INFO : 3 points above threshold
2026-09-07T04:38:07.366+01:00 INFO : Filtering template 177/384 segment 2/5
2026-09-07T04:38:07.366+01:00 INFO : Filtering template 177/384 segment 3/5
2026-09-07T04:38:07.367+01:00 INFO : 3 points above threshold
2026-09-07T04:38:07.370+01:00 INFO : Filtering template 177/384 segment 4/5
2026-09-07T04:38:07.371+01:00 INFO : 1 points above threshold
2026-09-07T04:38:07.373+01:00 INFO : Filtering template 177/384 segment 5/5
2026-09-07T04:38:07.374+01:00 INFO : 2 points above threshold
2026-09-07T04:38:07.378+01:00 INFO : 177: generating IMRPhenomD from 30.0 Hz
2026-09-07T04:38:07.379+01:00 INFO : Decompressing waveform using inline_linear
2026-09-07T04:38:07.381+01:00 INFO : Filtering template 178/384 segment 1/5
2026-09-07T04:38:07.382+01:00 INFO : Filtering template 178/384 segment 2/5
2026-09-07T04:38:07.382+01:00 INFO : 1 points above threshold
2026-09-07T04:38:07.385+01:00 INFO : Filtering template 178/384 segment 3/5
2026-09-07T04:38:07.386+01:00 INFO : Filtering template 178/384 segment 4/5
2026-09-07T04:38:07.386+01:00 INFO : 1 points above threshold
2026-09-07T04:38:07.389+01:00 INFO : Filtering template 178/384 segment 5/5
2026-09-07T04:38:07.390+01:00 INFO : 178: generating IMRPhenomD from 30.0 Hz
2026-09-07T04:38:07.391+01:00 INFO : Decompressing waveform using inline_linear
2026-09-07T04:38:07.393+01:00 INFO : Filtering template 179/384 segment 1/5
2026-09-07T04:38:07.393+01:00 INFO : 2 points above threshold
2026-09-07T04:38:07.398+01:00 INFO : Filtering template 179/384 segment 2/5
2026-09-07T04:38:07.398+01:00 INFO : 3 points above threshold
2026-09-07T04:38:07.402+01:00 INFO : Filtering template 179/384 segment 3/5
2026-09-07T04:38:07.402+01:00 INFO : 1 points above threshold
2026-09-07T04:38:07.405+01:00 INFO : Filtering template 179/384 segment 4/5
2026-09-07T04:38:07.405+01:00 INFO : 1 points above threshold
2026-09-07T04:38:07.407+01:00 INFO : Filtering template 179/384 segment 5/5
2026-09-07T04:38:07.409+01:00 INFO : 179: generating IMRPhenomD from 30.0 Hz
2026-09-07T04:38:07.410+01:00 INFO : Decompressing waveform using inline_linear
2026-09-07T04:38:07.412+01:00 INFO : Filtering template 180/384 segment 1/5
2026-09-07T04:38:07.413+01:00 INFO : 2 points above threshold
2026-09-07T04:38:07.417+01:00 INFO : Filtering template 180/384 segment 2/5
2026-09-07T04:38:07.418+01:00 INFO : Filtering template 180/384 segment 3/5
2026-09-07T04:38:07.418+01:00 INFO : 1 points above threshold
2026-09-07T04:38:07.420+01:00 INFO : Filtering template 180/384 segment 4/5
2026-09-07T04:38:07.421+01:00 INFO : 1 points above threshold
2026-09-07T04:38:07.423+01:00 INFO : Filtering template 180/384 segment 5/5
2026-09-07T04:38:07.424+01:00 INFO : 4 points above threshold
2026-09-07T04:38:07.428+01:00 INFO : 180: generating IMRPhenomD from 30.0 Hz
2026-09-07T04:38:07.429+01:00 INFO : Decompressing waveform using inline_linear
2026-09-07T04:38:07.431+01:00 INFO : Filtering template 181/384 segment 1/5
2026-09-07T04:38:07.432+01:00 INFO : 1 points above threshold
2026-09-07T04:38:07.435+01:00 INFO : Filtering template 181/384 segment 2/5
2026-09-07T04:38:07.435+01:00 INFO : 1 points above threshold
2026-09-07T04:38:07.438+01:00 INFO : Filtering template 181/384 segment 3/5
2026-09-07T04:38:07.438+01:00 INFO : Filtering template 181/384 segment 4/5
2026-09-07T04:38:07.439+01:00 INFO : 3 points above threshold
2026-09-07T04:38:07.442+01:00 INFO : Filtering template 181/384 segment 5/5
2026-09-07T04:38:07.443+01:00 INFO : 181: generating IMRPhenomD from 30.0 Hz
2026-09-07T04:38:07.445+01:00 INFO : Decompressing waveform using inline_linear
2026-09-07T04:38:07.446+01:00 INFO : Filtering template 182/384 segment 1/5
2026-09-07T04:38:07.447+01:00 INFO : 1 points above threshold
2026-09-07T04:38:07.450+01:00 INFO : Filtering template 182/384 segment 2/5
2026-09-07T04:38:07.451+01:00 INFO : 3 points above threshold
2026-09-07T04:38:07.454+01:00 INFO : Filtering template 182/384 segment 3/5
2026-09-07T04:38:07.455+01:00 INFO : 1 points above threshold
2026-09-07T04:38:07.457+01:00 INFO : Filtering template 182/384 segment 4/5
2026-09-07T04:38:07.458+01:00 INFO : 2 points above threshold
2026-09-07T04:38:07.461+01:00 INFO : Filtering template 182/384 segment 5/5
2026-09-07T04:38:07.462+01:00 INFO : 1 points above threshold
2026-09-07T04:38:07.465+01:00 INFO : 182: generating IMRPhenomD from 30.0 Hz
2026-09-07T04:38:07.466+01:00 INFO : Decompressing waveform using inline_linear
2026-09-07T04:38:07.468+01:00 INFO : Filtering template 183/384 segment 1/5
2026-09-07T04:38:07.469+01:00 INFO : 2 points above threshold
2026-09-07T04:38:07.473+01:00 INFO : Filtering template 183/384 segment 2/5
2026-09-07T04:38:07.474+01:00 INFO : 3 points above threshold
2026-09-07T04:38:07.477+01:00 INFO : Filtering template 183/384 segment 3/5
2026-09-07T04:38:07.478+01:00 INFO : 1 points above threshold
2026-09-07T04:38:07.480+01:00 INFO : Filtering template 183/384 segment 4/5
2026-09-07T04:38:07.481+01:00 INFO : 4 points above threshold
2026-09-07T04:38:07.484+01:00 INFO : Filtering template 183/384 segment 5/5
2026-09-07T04:38:07.485+01:00 INFO : 183: generating IMRPhenomD from 30.0 Hz
2026-09-07T04:38:07.486+01:00 INFO : Decompressing waveform using inline_linear
2026-09-07T04:38:07.488+01:00 INFO : Filtering template 184/384 segment 1/5
2026-09-07T04:38:07.490+01:00 INFO : 2 points above threshold
2026-09-07T04:38:07.494+01:00 INFO : Filtering template 184/384 segment 2/5
2026-09-07T04:38:07.494+01:00 INFO : 1 points above threshold
2026-09-07T04:38:07.497+01:00 INFO : Filtering template 184/384 segment 3/5
2026-09-07T04:38:07.497+01:00 INFO : 1 points above threshold
2026-09-07T04:38:07.500+01:00 INFO : Filtering template 184/384 segment 4/5
2026-09-07T04:38:07.500+01:00 INFO : 2 points above threshold
2026-09-07T04:38:07.504+01:00 INFO : Filtering template 184/384 segment 5/5
2026-09-07T04:38:07.505+01:00 INFO : 184: generating IMRPhenomD from 30.0 Hz
2026-09-07T04:38:07.506+01:00 INFO : Decompressing waveform using inline_linear
2026-09-07T04:38:07.508+01:00 INFO : Filtering template 185/384 segment 1/5
2026-09-07T04:38:07.509+01:00 INFO : Filtering template 185/384 segment 2/5
2026-09-07T04:38:07.509+01:00 INFO : 2 points above threshold
2026-09-07T04:38:07.513+01:00 INFO : Filtering template 185/384 segment 3/5
2026-09-07T04:38:07.514+01:00 INFO : 2 points above threshold
2026-09-07T04:38:07.517+01:00 INFO : Filtering template 185/384 segment 4/5
2026-09-07T04:38:07.518+01:00 INFO : 4 points above threshold
2026-09-07T04:38:07.521+01:00 INFO : Filtering template 185/384 segment 5/5
2026-09-07T04:38:07.522+01:00 INFO : 2 points above threshold
2026-09-07T04:38:07.526+01:00 INFO : 185: generating IMRPhenomD from 30.0 Hz
2026-09-07T04:38:07.527+01:00 INFO : Decompressing waveform using inline_linear
2026-09-07T04:38:07.529+01:00 INFO : Filtering template 186/384 segment 1/5
2026-09-07T04:38:07.530+01:00 INFO : Filtering template 186/384 segment 2/5
2026-09-07T04:38:07.530+01:00 INFO : Filtering template 186/384 segment 3/5
2026-09-07T04:38:07.531+01:00 INFO : 2 points above threshold
2026-09-07T04:38:07.535+01:00 INFO : Filtering template 186/384 segment 4/5
2026-09-07T04:38:07.536+01:00 INFO : 1 points above threshold
2026-09-07T04:38:07.538+01:00 INFO : Filtering template 186/384 segment 5/5
2026-09-07T04:38:07.539+01:00 INFO : 186: generating IMRPhenomD from 30.0 Hz
2026-09-07T04:38:07.540+01:00 INFO : Decompressing waveform using inline_linear
2026-09-07T04:38:07.542+01:00 INFO : Filtering template 187/384 segment 1/5
2026-09-07T04:38:07.543+01:00 INFO : 2 points above threshold
2026-09-07T04:38:07.547+01:00 INFO : Filtering template 187/384 segment 2/5
2026-09-07T04:38:07.547+01:00 INFO : 1 points above threshold
2026-09-07T04:38:07.550+01:00 INFO : Filtering template 187/384 segment 3/5
2026-09-07T04:38:07.550+01:00 INFO : 3 points above threshold
2026-09-07T04:38:07.554+01:00 INFO : Filtering template 187/384 segment 4/5
2026-09-07T04:38:07.554+01:00 INFO : Filtering template 187/384 segment 5/5
2026-09-07T04:38:07.555+01:00 INFO : 1 points above threshold
2026-09-07T04:38:07.558+01:00 INFO : 187: generating IMRPhenomD from 30.0 Hz
2026-09-07T04:38:07.559+01:00 INFO : Decompressing waveform using inline_linear
2026-09-07T04:38:07.561+01:00 INFO : Filtering template 188/384 segment 1/5
2026-09-07T04:38:07.562+01:00 INFO : 1 points above threshold
2026-09-07T04:38:07.565+01:00 INFO : Filtering template 188/384 segment 2/5
2026-09-07T04:38:07.566+01:00 INFO : 1 points above threshold
2026-09-07T04:38:07.568+01:00 INFO : Filtering template 188/384 segment 3/5
2026-09-07T04:38:07.569+01:00 INFO : 3 points above threshold
2026-09-07T04:38:07.572+01:00 INFO : Filtering template 188/384 segment 4/5
2026-09-07T04:38:07.573+01:00 INFO : Filtering template 188/384 segment 5/5
2026-09-07T04:38:07.574+01:00 INFO : 188: generating IMRPhenomD from 30.0 Hz
2026-09-07T04:38:07.575+01:00 INFO : Decompressing waveform using inline_linear
2026-09-07T04:38:07.577+01:00 INFO : Filtering template 189/384 segment 1/5
2026-09-07T04:38:07.578+01:00 INFO : 1 points above threshold
2026-09-07T04:38:07.581+01:00 INFO : Filtering template 189/384 segment 2/5
2026-09-07T04:38:07.581+01:00 INFO : 1 points above threshold
2026-09-07T04:38:07.584+01:00 INFO : Filtering template 189/384 segment 3/5
2026-09-07T04:38:07.584+01:00 INFO : 2 points above threshold
2026-09-07T04:38:07.588+01:00 INFO : Filtering template 189/384 segment 4/5
2026-09-07T04:38:07.588+01:00 INFO : 2 points above threshold
2026-09-07T04:38:07.592+01:00 INFO : Filtering template 189/384 segment 5/5
2026-09-07T04:38:07.592+01:00 INFO : 1 points above threshold
2026-09-07T04:38:07.595+01:00 INFO : 189: generating IMRPhenomD from 30.0 Hz
2026-09-07T04:38:07.596+01:00 INFO : Decompressing waveform using inline_linear
2026-09-07T04:38:07.598+01:00 INFO : Filtering template 190/384 segment 1/5
2026-09-07T04:38:07.599+01:00 INFO : 1 points above threshold
2026-09-07T04:38:07.602+01:00 INFO : Filtering template 190/384 segment 2/5
2026-09-07T04:38:07.603+01:00 INFO : 2 points above threshold
2026-09-07T04:38:07.606+01:00 INFO : Filtering template 190/384 segment 3/5
2026-09-07T04:38:07.607+01:00 INFO : 1 points above threshold
2026-09-07T04:38:07.609+01:00 INFO : Filtering template 190/384 segment 4/5
2026-09-07T04:38:07.609+01:00 INFO : 1 points above threshold
2026-09-07T04:38:07.612+01:00 INFO : Filtering template 190/384 segment 5/5
2026-09-07T04:38:07.612+01:00 INFO : 1 points above threshold
2026-09-07T04:38:07.615+01:00 INFO : 190: generating IMRPhenomD from 30.0 Hz
2026-09-07T04:38:07.617+01:00 INFO : Decompressing waveform using inline_linear
2026-09-07T04:38:07.619+01:00 INFO : Filtering template 191/384 segment 1/5
2026-09-07T04:38:07.620+01:00 INFO : Filtering template 191/384 segment 2/5
2026-09-07T04:38:07.620+01:00 INFO : 1 points above threshold
2026-09-07T04:38:07.623+01:00 INFO : Filtering template 191/384 segment 3/5
2026-09-07T04:38:07.624+01:00 INFO : Filtering template 191/384 segment 4/5
2026-09-07T04:38:07.624+01:00 INFO : 1 points above threshold
2026-09-07T04:38:07.626+01:00 INFO : Filtering template 191/384 segment 5/5
2026-09-07T04:38:07.627+01:00 INFO : 1 points above threshold
2026-09-07T04:38:07.630+01:00 INFO : 191: generating IMRPhenomD from 30.0 Hz
2026-09-07T04:38:07.631+01:00 INFO : Decompressing waveform using inline_linear
2026-09-07T04:38:07.633+01:00 INFO : Filtering template 192/384 segment 1/5
2026-09-07T04:38:07.634+01:00 INFO : 2 points above threshold
2026-09-07T04:38:07.638+01:00 INFO : Filtering template 192/384 segment 2/5
2026-09-07T04:38:07.638+01:00 INFO : 3 points above threshold
2026-09-07T04:38:07.642+01:00 INFO : Filtering template 192/384 segment 3/5
2026-09-07T04:38:07.642+01:00 INFO : Filtering template 192/384 segment 4/5
2026-09-07T04:38:07.643+01:00 INFO : Filtering template 192/384 segment 5/5
2026-09-07T04:38:07.644+01:00 INFO : 192: generating IMRPhenomD from 30.0 Hz
2026-09-07T04:38:07.645+01:00 INFO : Decompressing waveform using inline_linear
2026-09-07T04:38:07.647+01:00 INFO : Filtering template 193/384 segment 1/5
2026-09-07T04:38:07.648+01:00 INFO : 1 points above threshold
2026-09-07T04:38:07.651+01:00 INFO : Filtering template 193/384 segment 2/5
2026-09-07T04:38:07.652+01:00 INFO : 4 points above threshold
2026-09-07T04:38:07.655+01:00 INFO : Filtering template 193/384 segment 3/5
2026-09-07T04:38:07.656+01:00 INFO : Filtering template 193/384 segment 4/5
2026-09-07T04:38:07.656+01:00 INFO : 1 points above threshold
2026-09-07T04:38:07.658+01:00 INFO : Filtering template 193/384 segment 5/5
2026-09-07T04:38:07.659+01:00 INFO : 3 points above threshold
2026-09-07T04:38:07.663+01:00 INFO : 193: generating IMRPhenomD from 30.0 Hz
2026-09-07T04:38:07.664+01:00 INFO : Decompressing waveform using inline_linear
2026-09-07T04:38:07.666+01:00 INFO : Filtering template 194/384 segment 1/5
2026-09-07T04:38:07.667+01:00 INFO : 2 points above threshold
2026-09-07T04:38:07.671+01:00 INFO : Filtering template 194/384 segment 2/5
2026-09-07T04:38:07.672+01:00 INFO : 1 points above threshold
2026-09-07T04:38:07.674+01:00 INFO : Filtering template 194/384 segment 3/5
2026-09-07T04:38:07.675+01:00 INFO : 1 points above threshold
2026-09-07T04:38:07.677+01:00 INFO : Filtering template 194/384 segment 4/5
2026-09-07T04:38:07.678+01:00 INFO : 2 points above threshold
2026-09-07T04:38:07.681+01:00 INFO : Filtering template 194/384 segment 5/5
2026-09-07T04:38:07.682+01:00 INFO : 1 points above threshold
2026-09-07T04:38:07.685+01:00 INFO : 194: generating IMRPhenomD from 30.0 Hz
2026-09-07T04:38:07.686+01:00 INFO : Decompressing waveform using inline_linear
2026-09-07T04:38:07.688+01:00 INFO : Filtering template 195/384 segment 1/5
2026-09-07T04:38:07.689+01:00 INFO : Filtering template 195/384 segment 2/5
2026-09-07T04:38:07.689+01:00 INFO : Filtering template 195/384 segment 3/5
2026-09-07T04:38:07.690+01:00 INFO : 1 points above threshold
2026-09-07T04:38:07.693+01:00 INFO : Filtering template 195/384 segment 4/5
2026-09-07T04:38:07.693+01:00 INFO : 2 points above threshold
2026-09-07T04:38:07.697+01:00 INFO : Filtering template 195/384 segment 5/5
2026-09-07T04:38:07.698+01:00 INFO : 195: generating IMRPhenomD from 30.0 Hz
2026-09-07T04:38:07.699+01:00 INFO : Decompressing waveform using inline_linear
2026-09-07T04:38:07.701+01:00 INFO : Filtering template 196/384 segment 1/5
2026-09-07T04:38:07.702+01:00 INFO : 2 points above threshold
2026-09-07T04:38:07.706+01:00 INFO : Filtering template 196/384 segment 2/5
2026-09-07T04:38:07.706+01:00 INFO : 3 points above threshold
2026-09-07T04:38:07.710+01:00 INFO : Filtering template 196/384 segment 3/5
2026-09-07T04:38:07.710+01:00 INFO : 1 points above threshold
2026-09-07T04:38:07.713+01:00 INFO : Filtering template 196/384 segment 4/5
2026-09-07T04:38:07.713+01:00 INFO : 1 points above threshold
2026-09-07T04:38:07.716+01:00 INFO : Filtering template 196/384 segment 5/5
2026-09-07T04:38:07.716+01:00 INFO : 2 points above threshold
2026-09-07T04:38:07.720+01:00 INFO : 196: generating IMRPhenomD from 30.0 Hz
2026-09-07T04:38:07.722+01:00 INFO : Decompressing waveform using inline_linear
2026-09-07T04:38:07.723+01:00 INFO : Filtering template 197/384 segment 1/5
2026-09-07T04:38:07.724+01:00 INFO : Filtering template 197/384 segment 2/5
2026-09-07T04:38:07.725+01:00 INFO : 1 points above threshold
2026-09-07T04:38:07.728+01:00 INFO : Filtering template 197/384 segment 3/5
2026-09-07T04:38:07.729+01:00 INFO : 4 points above threshold
2026-09-07T04:38:07.732+01:00 INFO : Filtering template 197/384 segment 4/5
2026-09-07T04:38:07.733+01:00 INFO : 1 points above threshold
2026-09-07T04:38:07.735+01:00 INFO : Filtering template 197/384 segment 5/5
2026-09-07T04:38:07.736+01:00 INFO : 197: generating IMRPhenomD from 30.0 Hz
2026-09-07T04:38:07.737+01:00 INFO : Decompressing waveform using inline_linear
2026-09-07T04:38:07.739+01:00 INFO : Filtering template 198/384 segment 1/5
2026-09-07T04:38:07.740+01:00 INFO : Filtering template 198/384 segment 2/5
2026-09-07T04:38:07.740+01:00 INFO : 4 points above threshold
2026-09-07T04:38:07.745+01:00 INFO : Filtering template 198/384 segment 3/5
2026-09-07T04:38:07.745+01:00 INFO : 3 points above threshold
2026-09-07T04:38:07.749+01:00 INFO : Filtering template 198/384 segment 4/5
2026-09-07T04:38:07.749+01:00 INFO : 1 points above threshold
2026-09-07T04:38:07.752+01:00 INFO : Filtering template 198/384 segment 5/5
2026-09-07T04:38:07.752+01:00 INFO : 1 points above threshold
2026-09-07T04:38:07.755+01:00 INFO : 198: generating IMRPhenomD from 30.0 Hz
2026-09-07T04:38:07.756+01:00 INFO : Decompressing waveform using inline_linear
2026-09-07T04:38:07.758+01:00 INFO : Filtering template 199/384 segment 1/5
2026-09-07T04:38:07.759+01:00 INFO : 1 points above threshold
2026-09-07T04:38:07.762+01:00 INFO : Filtering template 199/384 segment 2/5
2026-09-07T04:38:07.763+01:00 INFO : 1 points above threshold
2026-09-07T04:38:07.765+01:00 INFO : Filtering template 199/384 segment 3/5
2026-09-07T04:38:07.765+01:00 INFO : Filtering template 199/384 segment 4/5
2026-09-07T04:38:07.766+01:00 INFO : 2 points above threshold
2026-09-07T04:38:07.770+01:00 INFO : Filtering template 199/384 segment 5/5
2026-09-07T04:38:07.770+01:00 INFO : 199: generating IMRPhenomD from 30.0 Hz
2026-09-07T04:38:07.772+01:00 INFO : Decompressing waveform using inline_linear
2026-09-07T04:38:07.774+01:00 INFO : Filtering template 200/384 segment 1/5
2026-09-07T04:38:07.774+01:00 INFO : Filtering template 200/384 segment 2/5
2026-09-07T04:38:07.775+01:00 INFO : Filtering template 200/384 segment 3/5
2026-09-07T04:38:07.775+01:00 INFO : Filtering template 200/384 segment 4/5
2026-09-07T04:38:07.776+01:00 INFO : 1 points above threshold
2026-09-07T04:38:07.779+01:00 INFO : Filtering template 200/384 segment 5/5
2026-09-07T04:38:07.779+01:00 INFO : 1 points above threshold
2026-09-07T04:38:07.782+01:00 INFO : 200: generating IMRPhenomD from 30.0 Hz
2026-09-07T04:38:07.783+01:00 INFO : Decompressing waveform using inline_linear
2026-09-07T04:38:07.785+01:00 INFO : Filtering template 201/384 segment 1/5
2026-09-07T04:38:07.786+01:00 INFO : Filtering template 201/384 segment 2/5
2026-09-07T04:38:07.786+01:00 INFO : 1 points above threshold
2026-09-07T04:38:07.789+01:00 INFO : Filtering template 201/384 segment 3/5
2026-09-07T04:38:07.790+01:00 INFO : 1 points above threshold
2026-09-07T04:38:07.792+01:00 INFO : Filtering template 201/384 segment 4/5
2026-09-07T04:38:07.793+01:00 INFO : Filtering template 201/384 segment 5/5
2026-09-07T04:38:07.793+01:00 INFO : 1 points above threshold
2026-09-07T04:38:07.796+01:00 INFO : 201: generating IMRPhenomD from 30.0 Hz
2026-09-07T04:38:07.797+01:00 INFO : Decompressing waveform using inline_linear
2026-09-07T04:38:07.799+01:00 INFO : Filtering template 202/384 segment 1/5
2026-09-07T04:38:07.800+01:00 INFO : 2 points above threshold
2026-09-07T04:38:07.804+01:00 INFO : Filtering template 202/384 segment 2/5
2026-09-07T04:38:07.805+01:00 INFO : 2 points above threshold
2026-09-07T04:38:07.808+01:00 INFO : Filtering template 202/384 segment 3/5
2026-09-07T04:38:07.809+01:00 INFO : 3 points above threshold
2026-09-07T04:38:07.812+01:00 INFO : Filtering template 202/384 segment 4/5
2026-09-07T04:38:07.813+01:00 INFO : 1 points above threshold
2026-09-07T04:38:07.815+01:00 INFO : Filtering template 202/384 segment 5/5
2026-09-07T04:38:07.816+01:00 INFO : 202: generating IMRPhenomD from 30.0 Hz
2026-09-07T04:38:07.818+01:00 INFO : Decompressing waveform using inline_linear
2026-09-07T04:38:07.820+01:00 INFO : Filtering template 203/384 segment 1/5
2026-09-07T04:38:07.820+01:00 INFO : 1 points above threshold
2026-09-07T04:38:07.824+01:00 INFO : Filtering template 203/384 segment 2/5
2026-09-07T04:38:07.824+01:00 INFO : 2 points above threshold
2026-09-07T04:38:07.828+01:00 INFO : Filtering template 203/384 segment 3/5
2026-09-07T04:38:07.828+01:00 INFO : 2 points above threshold
2026-09-07T04:38:07.832+01:00 INFO : Filtering template 203/384 segment 4/5
2026-09-07T04:38:07.832+01:00 INFO : 3 points above threshold
2026-09-07T04:38:07.836+01:00 INFO : Filtering template 203/384 segment 5/5
2026-09-07T04:38:07.836+01:00 INFO : 2 points above threshold
2026-09-07T04:38:07.840+01:00 INFO : 203: generating IMRPhenomD from 30.0 Hz
2026-09-07T04:38:07.841+01:00 INFO : Decompressing waveform using inline_linear
2026-09-07T04:38:07.843+01:00 INFO : Filtering template 204/384 segment 1/5
2026-09-07T04:38:07.844+01:00 INFO : 1 points above threshold
2026-09-07T04:38:07.847+01:00 INFO : Filtering template 204/384 segment 2/5
2026-09-07T04:38:07.848+01:00 INFO : 1 points above threshold
2026-09-07T04:38:07.850+01:00 INFO : Filtering template 204/384 segment 3/5
2026-09-07T04:38:07.851+01:00 INFO : Filtering template 204/384 segment 4/5
2026-09-07T04:38:07.851+01:00 INFO : Filtering template 204/384 segment 5/5
2026-09-07T04:38:07.852+01:00 INFO : 1 points above threshold
2026-09-07T04:38:07.854+01:00 INFO : 204: generating IMRPhenomD from 30.0 Hz
2026-09-07T04:38:07.856+01:00 INFO : Decompressing waveform using inline_linear
2026-09-07T04:38:07.858+01:00 INFO : Filtering template 205/384 segment 1/5
2026-09-07T04:38:07.858+01:00 INFO : 2 points above threshold
2026-09-07T04:38:07.863+01:00 INFO : Filtering template 205/384 segment 2/5
2026-09-07T04:38:07.863+01:00 INFO : Filtering template 205/384 segment 3/5
2026-09-07T04:38:07.864+01:00 INFO : 1 points above threshold
2026-09-07T04:38:07.866+01:00 INFO : Filtering template 205/384 segment 4/5
2026-09-07T04:38:07.867+01:00 INFO : Filtering template 205/384 segment 5/5
2026-09-07T04:38:07.867+01:00 INFO : 2 points above threshold
2026-09-07T04:38:07.871+01:00 INFO : 205: generating IMRPhenomD from 30.0 Hz
2026-09-07T04:38:07.873+01:00 INFO : Decompressing waveform using inline_linear
2026-09-07T04:38:07.875+01:00 INFO : Filtering template 206/384 segment 1/5
2026-09-07T04:38:07.876+01:00 INFO : 2 points above threshold
2026-09-07T04:38:07.880+01:00 INFO : Filtering template 206/384 segment 2/5
2026-09-07T04:38:07.880+01:00 INFO : Filtering template 206/384 segment 3/5
2026-09-07T04:38:07.881+01:00 INFO : 2 points above threshold
2026-09-07T04:38:07.884+01:00 INFO : Filtering template 206/384 segment 4/5
2026-09-07T04:38:07.885+01:00 INFO : 4 points above threshold
2026-09-07T04:38:07.888+01:00 INFO : Filtering template 206/384 segment 5/5
2026-09-07T04:38:07.889+01:00 INFO : 206: generating IMRPhenomD from 30.0 Hz
2026-09-07T04:38:07.890+01:00 INFO : Decompressing waveform using inline_linear
2026-09-07T04:38:07.892+01:00 INFO : Filtering template 207/384 segment 1/5
2026-09-07T04:38:07.893+01:00 INFO : 3 points above threshold
2026-09-07T04:38:07.897+01:00 INFO : Filtering template 207/384 segment 2/5
2026-09-07T04:38:07.898+01:00 INFO : Filtering template 207/384 segment 3/5
2026-09-07T04:38:07.898+01:00 INFO : 1 points above threshold
2026-09-07T04:38:07.901+01:00 INFO : Filtering template 207/384 segment 4/5
2026-09-07T04:38:07.901+01:00 INFO : 3 points above threshold
2026-09-07T04:38:07.905+01:00 INFO : Filtering template 207/384 segment 5/5
2026-09-07T04:38:07.906+01:00 INFO : 207: generating IMRPhenomD from 30.0 Hz
2026-09-07T04:38:07.907+01:00 INFO : Decompressing waveform using inline_linear
2026-09-07T04:38:07.909+01:00 INFO : Filtering template 208/384 segment 1/5
2026-09-07T04:38:07.910+01:00 INFO : 2 points above threshold
2026-09-07T04:38:07.914+01:00 INFO : Filtering template 208/384 segment 2/5
2026-09-07T04:38:07.914+01:00 INFO : 1 points above threshold
2026-09-07T04:38:07.917+01:00 INFO : Filtering template 208/384 segment 3/5
2026-09-07T04:38:07.917+01:00 INFO : Filtering template 208/384 segment 4/5
2026-09-07T04:38:07.917+01:00 INFO : 3 points above threshold
2026-09-07T04:38:07.921+01:00 INFO : Filtering template 208/384 segment 5/5
2026-09-07T04:38:07.921+01:00 INFO : 1 points above threshold
2026-09-07T04:38:07.924+01:00 INFO : 208: generating IMRPhenomD from 30.0 Hz
2026-09-07T04:38:07.925+01:00 INFO : Decompressing waveform using inline_linear
2026-09-07T04:38:07.927+01:00 INFO : Filtering template 209/384 segment 1/5
2026-09-07T04:38:07.928+01:00 INFO : 2 points above threshold
2026-09-07T04:38:07.932+01:00 INFO : Filtering template 209/384 segment 2/5
2026-09-07T04:38:07.932+01:00 INFO : 1 points above threshold
2026-09-07T04:38:07.935+01:00 INFO : Filtering template 209/384 segment 3/5
2026-09-07T04:38:07.935+01:00 INFO : 3 points above threshold
2026-09-07T04:38:07.938+01:00 INFO : Filtering template 209/384 segment 4/5
2026-09-07T04:38:07.939+01:00 INFO : 1 points above threshold
2026-09-07T04:38:07.941+01:00 INFO : Filtering template 209/384 segment 5/5
2026-09-07T04:38:07.942+01:00 INFO : 1 points above threshold
2026-09-07T04:38:07.945+01:00 INFO : 209: generating IMRPhenomD from 30.0 Hz
2026-09-07T04:38:07.946+01:00 INFO : Decompressing waveform using inline_linear
2026-09-07T04:38:07.948+01:00 INFO : Filtering template 210/384 segment 1/5
2026-09-07T04:38:07.949+01:00 INFO : 2 points above threshold
2026-09-07T04:38:07.953+01:00 INFO : Filtering template 210/384 segment 2/5
2026-09-07T04:38:07.953+01:00 INFO : Filtering template 210/384 segment 3/5
2026-09-07T04:38:07.954+01:00 INFO : 1 points above threshold
2026-09-07T04:38:07.956+01:00 INFO : Filtering template 210/384 segment 4/5
2026-09-07T04:38:07.956+01:00 INFO : Filtering template 210/384 segment 5/5
2026-09-07T04:38:07.957+01:00 INFO : 210: generating IMRPhenomD from 30.0 Hz
2026-09-07T04:38:07.958+01:00 INFO : Decompressing waveform using inline_linear
2026-09-07T04:38:07.960+01:00 INFO : Filtering template 211/384 segment 1/5
2026-09-07T04:38:07.961+01:00 INFO : 1 points above threshold
2026-09-07T04:38:07.965+01:00 INFO : Filtering template 211/384 segment 2/5
2026-09-07T04:38:07.965+01:00 INFO : 1 points above threshold
2026-09-07T04:38:07.968+01:00 INFO : Filtering template 211/384 segment 3/5
2026-09-07T04:38:07.968+01:00 INFO : Filtering template 211/384 segment 4/5
2026-09-07T04:38:07.969+01:00 INFO : 2 points above threshold
2026-09-07T04:38:07.971+01:00 INFO : Filtering template 211/384 segment 5/5
2026-09-07T04:38:07.972+01:00 INFO : 1 points above threshold
2026-09-07T04:38:07.975+01:00 INFO : 211: generating IMRPhenomD from 30.0 Hz
2026-09-07T04:38:07.976+01:00 INFO : Decompressing waveform using inline_linear
2026-09-07T04:38:07.978+01:00 INFO : Filtering template 212/384 segment 1/5
2026-09-07T04:38:07.979+01:00 INFO : 1 points above threshold
2026-09-07T04:38:07.982+01:00 INFO : Filtering template 212/384 segment 2/5
2026-09-07T04:38:07.983+01:00 INFO : 1 points above threshold
2026-09-07T04:38:07.985+01:00 INFO : Filtering template 212/384 segment 3/5
2026-09-07T04:38:07.985+01:00 INFO : 1 points above threshold
2026-09-07T04:38:07.988+01:00 INFO : Filtering template 212/384 segment 4/5
2026-09-07T04:38:07.988+01:00 INFO : 1 points above threshold
2026-09-07T04:38:07.991+01:00 INFO : Filtering template 212/384 segment 5/5
2026-09-07T04:38:07.992+01:00 INFO : 212: generating IMRPhenomD from 30.0 Hz
2026-09-07T04:38:07.993+01:00 INFO : Decompressing waveform using inline_linear
2026-09-07T04:38:07.995+01:00 INFO : Filtering template 213/384 segment 1/5
2026-09-07T04:38:07.996+01:00 INFO : 2 points above threshold
2026-09-07T04:38:08.000+01:00 INFO : Filtering template 213/384 segment 2/5
2026-09-07T04:38:08.000+01:00 INFO : 2 points above threshold
2026-09-07T04:38:08.003+01:00 INFO : Filtering template 213/384 segment 3/5
2026-09-07T04:38:08.004+01:00 INFO : 1 points above threshold
2026-09-07T04:38:08.006+01:00 INFO : Filtering template 213/384 segment 4/5
2026-09-07T04:38:08.007+01:00 INFO : Filtering template 213/384 segment 5/5
2026-09-07T04:38:08.008+01:00 INFO : 213: generating IMRPhenomD from 30.0 Hz
2026-09-07T04:38:08.009+01:00 INFO : Decompressing waveform using inline_linear
2026-09-07T04:38:08.011+01:00 INFO : Filtering template 214/384 segment 1/5
2026-09-07T04:38:08.012+01:00 INFO : 1 points above threshold
2026-09-07T04:38:08.015+01:00 INFO : Filtering template 214/384 segment 2/5
2026-09-07T04:38:08.015+01:00 INFO : 1 points above threshold
2026-09-07T04:38:08.018+01:00 INFO : Filtering template 214/384 segment 3/5
2026-09-07T04:38:08.018+01:00 INFO : 1 points above threshold
2026-09-07T04:38:08.020+01:00 INFO : Filtering template 214/384 segment 4/5
2026-09-07T04:38:08.021+01:00 INFO : Filtering template 214/384 segment 5/5
2026-09-07T04:38:08.022+01:00 INFO : 214: generating IMRPhenomD from 30.0 Hz
2026-09-07T04:38:08.023+01:00 INFO : Decompressing waveform using inline_linear
2026-09-07T04:38:08.025+01:00 INFO : Filtering template 215/384 segment 1/5
2026-09-07T04:38:08.026+01:00 INFO : Filtering template 215/384 segment 2/5
2026-09-07T04:38:08.026+01:00 INFO : 2 points above threshold
2026-09-07T04:38:08.030+01:00 INFO : Filtering template 215/384 segment 3/5
2026-09-07T04:38:08.031+01:00 INFO : Filtering template 215/384 segment 4/5
2026-09-07T04:38:08.031+01:00 INFO : 1 points above threshold
2026-09-07T04:38:08.034+01:00 INFO : Filtering template 215/384 segment 5/5
2026-09-07T04:38:08.034+01:00 INFO : 1 points above threshold
2026-09-07T04:38:08.037+01:00 INFO : 215: generating IMRPhenomD from 30.0 Hz
2026-09-07T04:38:08.038+01:00 INFO : Decompressing waveform using inline_linear
2026-09-07T04:38:08.040+01:00 INFO : Filtering template 216/384 segment 1/5
2026-09-07T04:38:08.041+01:00 INFO : 1 points above threshold
2026-09-07T04:38:08.044+01:00 INFO : Filtering template 216/384 segment 2/5
2026-09-07T04:38:08.045+01:00 INFO : 1 points above threshold
2026-09-07T04:38:08.047+01:00 INFO : Filtering template 216/384 segment 3/5
2026-09-07T04:38:08.048+01:00 INFO : Filtering template 216/384 segment 4/5
2026-09-07T04:38:08.048+01:00 INFO : 3 points above threshold
2026-09-07T04:38:08.052+01:00 INFO : Filtering template 216/384 segment 5/5
2026-09-07T04:38:08.053+01:00 INFO : 216: generating IMRPhenomD from 30.0 Hz
2026-09-07T04:38:08.054+01:00 INFO : Decompressing waveform using inline_linear
2026-09-07T04:38:08.056+01:00 INFO : Filtering template 217/384 segment 1/5
2026-09-07T04:38:08.057+01:00 INFO : Filtering template 217/384 segment 2/5
2026-09-07T04:38:08.057+01:00 INFO : 1 points above threshold
2026-09-07T04:38:08.060+01:00 INFO : Filtering template 217/384 segment 3/5
2026-09-07T04:38:08.061+01:00 INFO : Filtering template 217/384 segment 4/5
2026-09-07T04:38:08.061+01:00 INFO : Filtering template 217/384 segment 5/5
2026-09-07T04:38:08.062+01:00 INFO : 217: generating IMRPhenomD from 30.0 Hz
2026-09-07T04:38:08.063+01:00 INFO : Decompressing waveform using inline_linear
2026-09-07T04:38:08.065+01:00 INFO : Filtering template 218/384 segment 1/5
2026-09-07T04:38:08.066+01:00 INFO : 2 points above threshold
2026-09-07T04:38:08.070+01:00 INFO : Filtering template 218/384 segment 2/5
2026-09-07T04:38:08.071+01:00 INFO : 2 points above threshold
2026-09-07T04:38:08.074+01:00 INFO : Filtering template 218/384 segment 3/5
2026-09-07T04:38:08.075+01:00 INFO : 2 points above threshold
2026-09-07T04:38:08.078+01:00 INFO : Filtering template 218/384 segment 4/5
2026-09-07T04:38:08.078+01:00 INFO : 2 points above threshold
2026-09-07T04:38:08.082+01:00 INFO : Filtering template 218/384 segment 5/5
2026-09-07T04:38:08.082+01:00 INFO : 1 points above threshold
2026-09-07T04:38:08.085+01:00 INFO : 218: generating IMRPhenomD from 30.0 Hz
2026-09-07T04:38:08.087+01:00 INFO : Decompressing waveform using inline_linear
2026-09-07T04:38:08.088+01:00 INFO : Filtering template 219/384 segment 1/5
2026-09-07T04:38:08.089+01:00 INFO : 2 points above threshold
2026-09-07T04:38:08.093+01:00 INFO : Filtering template 219/384 segment 2/5
2026-09-07T04:38:08.093+01:00 INFO : 1 points above threshold
2026-09-07T04:38:08.096+01:00 INFO : Filtering template 219/384 segment 3/5
2026-09-07T04:38:08.096+01:00 INFO : Filtering template 219/384 segment 4/5
2026-09-07T04:38:08.097+01:00 INFO : 1 points above threshold
2026-09-07T04:38:08.099+01:00 INFO : Filtering template 219/384 segment 5/5
2026-09-07T04:38:08.100+01:00 INFO : 219: generating IMRPhenomD from 30.0 Hz
2026-09-07T04:38:08.101+01:00 INFO : Decompressing waveform using inline_linear
2026-09-07T04:38:08.103+01:00 INFO : Filtering template 220/384 segment 1/5
2026-09-07T04:38:08.104+01:00 INFO : 3 points above threshold
2026-09-07T04:38:08.108+01:00 INFO : Filtering template 220/384 segment 2/5
2026-09-07T04:38:08.109+01:00 INFO : 2 points above threshold
2026-09-07T04:38:08.112+01:00 INFO : Filtering template 220/384 segment 3/5
2026-09-07T04:38:08.113+01:00 INFO : 3 points above threshold
2026-09-07T04:38:08.116+01:00 INFO : Filtering template 220/384 segment 4/5
2026-09-07T04:38:08.116+01:00 INFO : 2 points above threshold
2026-09-07T04:38:08.120+01:00 INFO : Filtering template 220/384 segment 5/5
2026-09-07T04:38:08.121+01:00 INFO : 220: generating IMRPhenomD from 30.0 Hz
2026-09-07T04:38:08.122+01:00 INFO : Decompressing waveform using inline_linear
2026-09-07T04:38:08.124+01:00 INFO : Filtering template 221/384 segment 1/5
2026-09-07T04:38:08.125+01:00 INFO : 1 points above threshold
2026-09-07T04:38:08.128+01:00 INFO : Filtering template 221/384 segment 2/5
2026-09-07T04:38:08.129+01:00 INFO : 1 points above threshold
2026-09-07T04:38:08.131+01:00 INFO : Filtering template 221/384 segment 3/5
2026-09-07T04:38:08.132+01:00 INFO : 1 points above threshold
2026-09-07T04:38:08.134+01:00 INFO : Filtering template 221/384 segment 4/5
2026-09-07T04:38:08.134+01:00 INFO : Filtering template 221/384 segment 5/5
2026-09-07T04:38:08.135+01:00 INFO : 2 points above threshold
2026-09-07T04:38:08.139+01:00 INFO : 221: generating IMRPhenomD from 30.0 Hz
2026-09-07T04:38:08.140+01:00 INFO : Decompressing waveform using inline_linear
2026-09-07T04:38:08.142+01:00 INFO : Filtering template 222/384 segment 1/5
2026-09-07T04:38:08.143+01:00 INFO : Filtering template 222/384 segment 2/5
2026-09-07T04:38:08.143+01:00 INFO : 2 points above threshold
2026-09-07T04:38:08.148+01:00 INFO : Filtering template 222/384 segment 3/5
2026-09-07T04:38:08.148+01:00 INFO : 1 points above threshold
2026-09-07T04:38:08.150+01:00 INFO : Filtering template 222/384 segment 4/5
2026-09-07T04:38:08.151+01:00 INFO : Filtering template 222/384 segment 5/5
2026-09-07T04:38:08.152+01:00 INFO : 222: generating IMRPhenomD from 30.0 Hz
2026-09-07T04:38:08.153+01:00 INFO : Decompressing waveform using inline_linear
2026-09-07T04:38:08.155+01:00 INFO : Filtering template 223/384 segment 1/5
2026-09-07T04:38:08.156+01:00 INFO : 1 points above threshold
2026-09-07T04:38:08.159+01:00 INFO : Filtering template 223/384 segment 2/5
2026-09-07T04:38:08.159+01:00 INFO : Filtering template 223/384 segment 3/5
2026-09-07T04:38:08.160+01:00 INFO : 5 points above threshold
2026-09-07T04:38:08.163+01:00 INFO : Filtering template 223/384 segment 4/5
2026-09-07T04:38:08.164+01:00 INFO : Filtering template 223/384 segment 5/5
2026-09-07T04:38:08.165+01:00 INFO : 223: generating IMRPhenomD from 30.0 Hz
2026-09-07T04:38:08.166+01:00 INFO : Decompressing waveform using inline_linear
2026-09-07T04:38:08.168+01:00 INFO : Filtering template 224/384 segment 1/5
2026-09-07T04:38:08.169+01:00 INFO : 1 points above threshold
2026-09-07T04:38:08.172+01:00 INFO : Filtering template 224/384 segment 2/5
2026-09-07T04:38:08.172+01:00 INFO : 2 points above threshold
2026-09-07T04:38:08.176+01:00 INFO : Filtering template 224/384 segment 3/5
2026-09-07T04:38:08.176+01:00 INFO : 1 points above threshold
2026-09-07T04:38:08.179+01:00 INFO : Filtering template 224/384 segment 4/5
2026-09-07T04:38:08.179+01:00 INFO : 2 points above threshold
2026-09-07T04:38:08.183+01:00 INFO : Filtering template 224/384 segment 5/5
2026-09-07T04:38:08.184+01:00 INFO : 224: generating IMRPhenomD from 30.0 Hz
2026-09-07T04:38:08.185+01:00 INFO : Decompressing waveform using inline_linear
2026-09-07T04:38:08.187+01:00 INFO : Filtering template 225/384 segment 1/5
2026-09-07T04:38:08.188+01:00 INFO : 1 points above threshold
2026-09-07T04:38:08.191+01:00 INFO : Filtering template 225/384 segment 2/5
2026-09-07T04:38:08.191+01:00 INFO : Filtering template 225/384 segment 3/5
2026-09-07T04:38:08.192+01:00 INFO : Filtering template 225/384 segment 4/5
2026-09-07T04:38:08.192+01:00 INFO : 1 points above threshold
2026-09-07T04:38:08.195+01:00 INFO : Filtering template 225/384 segment 5/5
2026-09-07T04:38:08.195+01:00 INFO : 1 points above threshold
2026-09-07T04:38:08.198+01:00 INFO : 225: generating IMRPhenomD from 30.0 Hz
2026-09-07T04:38:08.199+01:00 INFO : Decompressing waveform using inline_linear
2026-09-07T04:38:08.201+01:00 INFO : Filtering template 226/384 segment 1/5
2026-09-07T04:38:08.202+01:00 INFO : 1 points above threshold
2026-09-07T04:38:08.205+01:00 INFO : Filtering template 226/384 segment 2/5
2026-09-07T04:38:08.206+01:00 INFO : Filtering template 226/384 segment 3/5
2026-09-07T04:38:08.206+01:00 INFO : Filtering template 226/384 segment 4/5
2026-09-07T04:38:08.207+01:00 INFO : 2 points above threshold
2026-09-07T04:38:08.210+01:00 INFO : Filtering template 226/384 segment 5/5
2026-09-07T04:38:08.211+01:00 INFO : 1 points above threshold
2026-09-07T04:38:08.214+01:00 INFO : 226: generating IMRPhenomD from 30.0 Hz
2026-09-07T04:38:08.215+01:00 INFO : Decompressing waveform using inline_linear
2026-09-07T04:38:08.217+01:00 INFO : Filtering template 227/384 segment 1/5
2026-09-07T04:38:08.218+01:00 INFO : Filtering template 227/384 segment 2/5
2026-09-07T04:38:08.218+01:00 INFO : Filtering template 227/384 segment 3/5
2026-09-07T04:38:08.219+01:00 INFO : 3 points above threshold
2026-09-07T04:38:08.223+01:00 INFO : Filtering template 227/384 segment 4/5
2026-09-07T04:38:08.223+01:00 INFO : 2 points above threshold
2026-09-07T04:38:08.227+01:00 INFO : Filtering template 227/384 segment 5/5
2026-09-07T04:38:08.227+01:00 INFO : 4 points above threshold
2026-09-07T04:38:08.231+01:00 INFO : 227: generating IMRPhenomD from 30.0 Hz
2026-09-07T04:38:08.233+01:00 INFO : Decompressing waveform using inline_linear
2026-09-07T04:38:08.234+01:00 INFO : Filtering template 228/384 segment 1/5
2026-09-07T04:38:08.235+01:00 INFO : 4 points above threshold
2026-09-07T04:38:08.240+01:00 INFO : Filtering template 228/384 segment 2/5
2026-09-07T04:38:08.240+01:00 INFO : 1 points above threshold
2026-09-07T04:38:08.242+01:00 INFO : Filtering template 228/384 segment 3/5
2026-09-07T04:38:08.243+01:00 INFO : Filtering template 228/384 segment 4/5
2026-09-07T04:38:08.243+01:00 INFO : 3 points above threshold
2026-09-07T04:38:08.247+01:00 INFO : Filtering template 228/384 segment 5/5
2026-09-07T04:38:08.247+01:00 INFO : 3 points above threshold
2026-09-07T04:38:08.251+01:00 INFO : 228: generating IMRPhenomD from 30.0 Hz
2026-09-07T04:38:08.253+01:00 INFO : Decompressing waveform using inline_linear
2026-09-07T04:38:08.254+01:00 INFO : Filtering template 229/384 segment 1/5
2026-09-07T04:38:08.255+01:00 INFO : Filtering template 229/384 segment 2/5
2026-09-07T04:38:08.256+01:00 INFO : Filtering template 229/384 segment 3/5
2026-09-07T04:38:08.256+01:00 INFO : 1 points above threshold
2026-09-07T04:38:08.259+01:00 INFO : Filtering template 229/384 segment 4/5
2026-09-07T04:38:08.260+01:00 INFO : Filtering template 229/384 segment 5/5
2026-09-07T04:38:08.260+01:00 INFO : 4 points above threshold
2026-09-07T04:38:08.264+01:00 INFO : 229: generating IMRPhenomD from 30.0 Hz
2026-09-07T04:38:08.266+01:00 INFO : Decompressing waveform using inline_linear
2026-09-07T04:38:08.267+01:00 INFO : Filtering template 230/384 segment 1/5
2026-09-07T04:38:08.268+01:00 INFO : 1 points above threshold
2026-09-07T04:38:08.271+01:00 INFO : Filtering template 230/384 segment 2/5
2026-09-07T04:38:08.272+01:00 INFO : Filtering template 230/384 segment 3/5
2026-09-07T04:38:08.272+01:00 INFO : 3 points above threshold
2026-09-07T04:38:08.276+01:00 INFO : Filtering template 230/384 segment 4/5
2026-09-07T04:38:08.276+01:00 INFO : 3 points above threshold
2026-09-07T04:38:08.280+01:00 INFO : Filtering template 230/384 segment 5/5
2026-09-07T04:38:08.280+01:00 INFO : 1 points above threshold
2026-09-07T04:38:08.284+01:00 INFO : 230: generating IMRPhenomD from 30.0 Hz
2026-09-07T04:38:08.285+01:00 INFO : Decompressing waveform using inline_linear
2026-09-07T04:38:08.287+01:00 INFO : Filtering template 231/384 segment 1/5
2026-09-07T04:38:08.288+01:00 INFO : 2 points above threshold
2026-09-07T04:38:08.292+01:00 INFO : Filtering template 231/384 segment 2/5
2026-09-07T04:38:08.292+01:00 INFO : 1 points above threshold
2026-09-07T04:38:08.295+01:00 INFO : Filtering template 231/384 segment 3/5
2026-09-07T04:38:08.295+01:00 INFO : 1 points above threshold
2026-09-07T04:38:08.298+01:00 INFO : Filtering template 231/384 segment 4/5
2026-09-07T04:38:08.298+01:00 INFO : 1 points above threshold
2026-09-07T04:38:08.300+01:00 INFO : Filtering template 231/384 segment 5/5
2026-09-07T04:38:08.302+01:00 INFO : 231: generating IMRPhenomD from 30.0 Hz
2026-09-07T04:38:08.303+01:00 INFO : Decompressing waveform using inline_linear
2026-09-07T04:38:08.305+01:00 INFO : Filtering template 232/384 segment 1/5
2026-09-07T04:38:08.305+01:00 INFO : 2 points above threshold
2026-09-07T04:38:08.310+01:00 INFO : Filtering template 232/384 segment 2/5
2026-09-07T04:38:08.310+01:00 INFO : 2 points above threshold
2026-09-07T04:38:08.314+01:00 INFO : Filtering template 232/384 segment 3/5
2026-09-07T04:38:08.314+01:00 INFO : 2 points above threshold
2026-09-07T04:38:08.318+01:00 INFO : Filtering template 232/384 segment 4/5
2026-09-07T04:38:08.318+01:00 INFO : 2 points above threshold
2026-09-07T04:38:08.322+01:00 INFO : Filtering template 232/384 segment 5/5
2026-09-07T04:38:08.322+01:00 INFO : 1 points above threshold
2026-09-07T04:38:08.325+01:00 INFO : 232: generating IMRPhenomD from 30.0 Hz
2026-09-07T04:38:08.326+01:00 INFO : Decompressing waveform using inline_linear
2026-09-07T04:38:08.328+01:00 INFO : Filtering template 233/384 segment 1/5
2026-09-07T04:38:08.329+01:00 INFO : Filtering template 233/384 segment 2/5
2026-09-07T04:38:08.330+01:00 INFO : 1 points above threshold
2026-09-07T04:38:08.333+01:00 INFO : Filtering template 233/384 segment 3/5
2026-09-07T04:38:08.333+01:00 INFO : Filtering template 233/384 segment 4/5
2026-09-07T04:38:08.334+01:00 INFO : 1 points above threshold
2026-09-07T04:38:08.336+01:00 INFO : Filtering template 233/384 segment 5/5
2026-09-07T04:38:08.337+01:00 INFO : 233: generating IMRPhenomD from 30.0 Hz
2026-09-07T04:38:08.338+01:00 INFO : Decompressing waveform using inline_linear
2026-09-07T04:38:08.340+01:00 INFO : Filtering template 234/384 segment 1/5
2026-09-07T04:38:08.341+01:00 INFO : 2 points above threshold
2026-09-07T04:38:08.345+01:00 INFO : Filtering template 234/384 segment 2/5
2026-09-07T04:38:08.345+01:00 INFO : 1 points above threshold
2026-09-07T04:38:08.348+01:00 INFO : Filtering template 234/384 segment 3/5
2026-09-07T04:38:08.348+01:00 INFO : 1 points above threshold
2026-09-07T04:38:08.351+01:00 INFO : Filtering template 234/384 segment 4/5
2026-09-07T04:38:08.351+01:00 INFO : 1 points above threshold
2026-09-07T04:38:08.354+01:00 INFO : Filtering template 234/384 segment 5/5
2026-09-07T04:38:08.354+01:00 INFO : 1 points above threshold
2026-09-07T04:38:08.357+01:00 INFO : 234: generating IMRPhenomD from 30.0 Hz
2026-09-07T04:38:08.358+01:00 INFO : Decompressing waveform using inline_linear
2026-09-07T04:38:08.360+01:00 INFO : Filtering template 235/384 segment 1/5
2026-09-07T04:38:08.361+01:00 INFO : Filtering template 235/384 segment 2/5
2026-09-07T04:38:08.362+01:00 INFO : 2 points above threshold
2026-09-07T04:38:08.366+01:00 INFO : Filtering template 235/384 segment 3/5
2026-09-07T04:38:08.366+01:00 INFO : Filtering template 235/384 segment 4/5
2026-09-07T04:38:08.367+01:00 INFO : 1 points above threshold
2026-09-07T04:38:08.369+01:00 INFO : Filtering template 235/384 segment 5/5
2026-09-07T04:38:08.370+01:00 INFO : 235: generating IMRPhenomD from 30.0 Hz
2026-09-07T04:38:08.371+01:00 INFO : Decompressing waveform using inline_linear
2026-09-07T04:38:08.373+01:00 INFO : Filtering template 236/384 segment 1/5
2026-09-07T04:38:08.374+01:00 INFO : 1 points above threshold
2026-09-07T04:38:08.377+01:00 INFO : Filtering template 236/384 segment 2/5
2026-09-07T04:38:08.377+01:00 INFO : 2 points above threshold
2026-09-07T04:38:08.381+01:00 INFO : Filtering template 236/384 segment 3/5
2026-09-07T04:38:08.382+01:00 INFO : Filtering template 236/384 segment 4/5
2026-09-07T04:38:08.382+01:00 INFO : 1 points above threshold
2026-09-07T04:38:08.385+01:00 INFO : Filtering template 236/384 segment 5/5
2026-09-07T04:38:08.385+01:00 INFO : 1 points above threshold
2026-09-07T04:38:08.388+01:00 INFO : 236: generating IMRPhenomD from 30.0 Hz
2026-09-07T04:38:08.389+01:00 INFO : Decompressing waveform using inline_linear
2026-09-07T04:38:08.391+01:00 INFO : Filtering template 237/384 segment 1/5
2026-09-07T04:38:08.392+01:00 INFO : Filtering template 237/384 segment 2/5
2026-09-07T04:38:08.392+01:00 INFO : 1 points above threshold
2026-09-07T04:38:08.395+01:00 INFO : Filtering template 237/384 segment 3/5
2026-09-07T04:38:08.396+01:00 INFO : 1 points above threshold
2026-09-07T04:38:08.398+01:00 INFO : Filtering template 237/384 segment 4/5
2026-09-07T04:38:08.399+01:00 INFO : 1 points above threshold
2026-09-07T04:38:08.401+01:00 INFO : Filtering template 237/384 segment 5/5
2026-09-07T04:38:08.402+01:00 INFO : 237: generating IMRPhenomD from 30.0 Hz
2026-09-07T04:38:08.403+01:00 INFO : Decompressing waveform using inline_linear
2026-09-07T04:38:08.405+01:00 INFO : Filtering template 238/384 segment 1/5
2026-09-07T04:38:08.406+01:00 INFO : Filtering template 238/384 segment 2/5
2026-09-07T04:38:08.406+01:00 INFO : 2 points above threshold
2026-09-07T04:38:08.411+01:00 INFO : Filtering template 238/384 segment 3/5
2026-09-07T04:38:08.411+01:00 INFO : 1 points above threshold
2026-09-07T04:38:08.414+01:00 INFO : Filtering template 238/384 segment 4/5
2026-09-07T04:38:08.414+01:00 INFO : Filtering template 238/384 segment 5/5
2026-09-07T04:38:08.414+01:00 INFO : 2 points above threshold
2026-09-07T04:38:08.418+01:00 INFO : 238: generating IMRPhenomD from 30.0 Hz
2026-09-07T04:38:08.420+01:00 INFO : Decompressing waveform using inline_linear
2026-09-07T04:38:08.421+01:00 INFO : Filtering template 239/384 segment 1/5
2026-09-07T04:38:08.422+01:00 INFO : Filtering template 239/384 segment 2/5
2026-09-07T04:38:08.423+01:00 INFO : Filtering template 239/384 segment 3/5
2026-09-07T04:38:08.423+01:00 INFO : 2 points above threshold
2026-09-07T04:38:08.427+01:00 INFO : Filtering template 239/384 segment 4/5
2026-09-07T04:38:08.428+01:00 INFO : 1 points above threshold
2026-09-07T04:38:08.430+01:00 INFO : Filtering template 239/384 segment 5/5
2026-09-07T04:38:08.431+01:00 INFO : 239: generating IMRPhenomD from 30.0 Hz
2026-09-07T04:38:08.432+01:00 INFO : Decompressing waveform using inline_linear
2026-09-07T04:38:08.434+01:00 INFO : Filtering template 240/384 segment 1/5
2026-09-07T04:38:08.435+01:00 INFO : 1 points above threshold
2026-09-07T04:38:08.438+01:00 INFO : Filtering template 240/384 segment 2/5
2026-09-07T04:38:08.439+01:00 INFO : 1 points above threshold
2026-09-07T04:38:08.441+01:00 INFO : Filtering template 240/384 segment 3/5
2026-09-07T04:38:08.441+01:00 INFO : 2 points above threshold
2026-09-07T04:38:08.445+01:00 INFO : Filtering template 240/384 segment 4/5
2026-09-07T04:38:08.446+01:00 INFO : Filtering template 240/384 segment 5/5
2026-09-07T04:38:08.447+01:00 INFO : 240: generating IMRPhenomD from 30.0 Hz
2026-09-07T04:38:08.448+01:00 INFO : Decompressing waveform using inline_linear
2026-09-07T04:38:08.450+01:00 INFO : Filtering template 241/384 segment 1/5
2026-09-07T04:38:08.451+01:00 INFO : 1 points above threshold
2026-09-07T04:38:08.454+01:00 INFO : Filtering template 241/384 segment 2/5
2026-09-07T04:38:08.454+01:00 INFO : 2 points above threshold
2026-09-07T04:38:08.458+01:00 INFO : Filtering template 241/384 segment 3/5
2026-09-07T04:38:08.458+01:00 INFO : 1 points above threshold
2026-09-07T04:38:08.461+01:00 INFO : Filtering template 241/384 segment 4/5
2026-09-07T04:38:08.461+01:00 INFO : 1 points above threshold
2026-09-07T04:38:08.464+01:00 INFO : Filtering template 241/384 segment 5/5
2026-09-07T04:38:08.465+01:00 INFO : 241: generating IMRPhenomD from 30.0 Hz
2026-09-07T04:38:08.466+01:00 INFO : Decompressing waveform using inline_linear
2026-09-07T04:38:08.468+01:00 INFO : Filtering template 242/384 segment 1/5
2026-09-07T04:38:08.469+01:00 INFO : 1 points above threshold
2026-09-07T04:38:08.472+01:00 INFO : Filtering template 242/384 segment 2/5
2026-09-07T04:38:08.472+01:00 INFO : Filtering template 242/384 segment 3/5
2026-09-07T04:38:08.473+01:00 INFO : 1 points above threshold
2026-09-07T04:38:08.475+01:00 INFO : Filtering template 242/384 segment 4/5
2026-09-07T04:38:08.475+01:00 INFO : Filtering template 242/384 segment 5/5
2026-09-07T04:38:08.476+01:00 INFO : 1 points above threshold
2026-09-07T04:38:08.479+01:00 INFO : 242: generating IMRPhenomD from 30.0 Hz
2026-09-07T04:38:08.480+01:00 INFO : Decompressing waveform using inline_linear
2026-09-07T04:38:08.482+01:00 INFO : Filtering template 243/384 segment 1/5
2026-09-07T04:38:08.483+01:00 INFO : 1 points above threshold
2026-09-07T04:38:08.486+01:00 INFO : Filtering template 243/384 segment 2/5
2026-09-07T04:38:08.486+01:00 INFO : 1 points above threshold
2026-09-07T04:38:08.489+01:00 INFO : Filtering template 243/384 segment 3/5
2026-09-07T04:38:08.489+01:00 INFO : 2 points above threshold
2026-09-07T04:38:08.493+01:00 INFO : Filtering template 243/384 segment 4/5
2026-09-07T04:38:08.493+01:00 INFO : 1 points above threshold
2026-09-07T04:38:08.496+01:00 INFO : Filtering template 243/384 segment 5/5
2026-09-07T04:38:08.496+01:00 INFO : 1 points above threshold
2026-09-07T04:38:08.499+01:00 INFO : 243: generating IMRPhenomD from 30.0 Hz
2026-09-07T04:38:08.500+01:00 INFO : Decompressing waveform using inline_linear
2026-09-07T04:38:08.502+01:00 INFO : Filtering template 244/384 segment 1/5
2026-09-07T04:38:08.503+01:00 INFO : 1 points above threshold
2026-09-07T04:38:08.506+01:00 INFO : Filtering template 244/384 segment 2/5
2026-09-07T04:38:08.507+01:00 INFO : 3 points above threshold
2026-09-07T04:38:08.510+01:00 INFO : Filtering template 244/384 segment 3/5
2026-09-07T04:38:08.511+01:00 INFO : 3 points above threshold
2026-09-07T04:38:08.514+01:00 INFO : Filtering template 244/384 segment 4/5
2026-09-07T04:38:08.515+01:00 INFO : 1 points above threshold
2026-09-07T04:38:08.517+01:00 INFO : Filtering template 244/384 segment 5/5
2026-09-07T04:38:08.518+01:00 INFO : 1 points above threshold
2026-09-07T04:38:08.521+01:00 INFO : 244: generating IMRPhenomD from 30.0 Hz
2026-09-07T04:38:08.522+01:00 INFO : Decompressing waveform using inline_linear
2026-09-07T04:38:08.524+01:00 INFO : Filtering template 245/384 segment 1/5
2026-09-07T04:38:08.525+01:00 INFO : Filtering template 245/384 segment 2/5
2026-09-07T04:38:08.526+01:00 INFO : 2 points above threshold
2026-09-07T04:38:08.530+01:00 INFO : Filtering template 245/384 segment 3/5
2026-09-07T04:38:08.530+01:00 INFO : 2 points above threshold
2026-09-07T04:38:08.534+01:00 INFO : Filtering template 245/384 segment 4/5
2026-09-07T04:38:08.534+01:00 INFO : 1 points above threshold
2026-09-07T04:38:08.537+01:00 INFO : Filtering template 245/384 segment 5/5
2026-09-07T04:38:08.538+01:00 INFO : 245: generating IMRPhenomD from 30.0 Hz
2026-09-07T04:38:08.539+01:00 INFO : Decompressing waveform using inline_linear
2026-09-07T04:38:08.541+01:00 INFO : Filtering template 246/384 segment 1/5
2026-09-07T04:38:08.541+01:00 INFO : Filtering template 246/384 segment 2/5
2026-09-07T04:38:08.542+01:00 INFO : Filtering template 246/384 segment 3/5
2026-09-07T04:38:08.542+01:00 INFO : 1 points above threshold
2026-09-07T04:38:08.545+01:00 INFO : Filtering template 246/384 segment 4/5
2026-09-07T04:38:08.546+01:00 INFO : Filtering template 246/384 segment 5/5
2026-09-07T04:38:08.547+01:00 INFO : 246: generating IMRPhenomD from 30.0 Hz
2026-09-07T04:38:08.548+01:00 INFO : Decompressing waveform using inline_linear
2026-09-07T04:38:08.550+01:00 INFO : Filtering template 247/384 segment 1/5
2026-09-07T04:38:08.551+01:00 INFO : Filtering template 247/384 segment 2/5
2026-09-07T04:38:08.551+01:00 INFO : Filtering template 247/384 segment 3/5
2026-09-07T04:38:08.551+01:00 INFO : Filtering template 247/384 segment 4/5
2026-09-07T04:38:08.552+01:00 INFO : Filtering template 247/384 segment 5/5
2026-09-07T04:38:08.552+01:00 INFO : 247: generating IMRPhenomD from 30.0 Hz
2026-09-07T04:38:08.553+01:00 INFO : Decompressing waveform using inline_linear
2026-09-07T04:38:08.555+01:00 INFO : Filtering template 248/384 segment 1/5
2026-09-07T04:38:08.556+01:00 INFO : 2 points above threshold
2026-09-07T04:38:08.560+01:00 INFO : Filtering template 248/384 segment 2/5
2026-09-07T04:38:08.561+01:00 INFO : 1 points above threshold
2026-09-07T04:38:08.563+01:00 INFO : Filtering template 248/384 segment 3/5
2026-09-07T04:38:08.564+01:00 INFO : 2 points above threshold
2026-09-07T04:38:08.567+01:00 INFO : Filtering template 248/384 segment 4/5
2026-09-07T04:38:08.568+01:00 INFO : Filtering template 248/384 segment 5/5
2026-09-07T04:38:08.569+01:00 INFO : 248: generating IMRPhenomD from 30.0 Hz
2026-09-07T04:38:08.570+01:00 INFO : Decompressing waveform using inline_linear
2026-09-07T04:38:08.572+01:00 INFO : Filtering template 249/384 segment 1/5
2026-09-07T04:38:08.572+01:00 INFO : 1 points above threshold
2026-09-07T04:38:08.576+01:00 INFO : Filtering template 249/384 segment 2/5
2026-09-07T04:38:08.576+01:00 INFO : 1 points above threshold
2026-09-07T04:38:08.578+01:00 INFO : Filtering template 249/384 segment 3/5
2026-09-07T04:38:08.579+01:00 INFO : 2 points above threshold
2026-09-07T04:38:08.583+01:00 INFO : Filtering template 249/384 segment 4/5
2026-09-07T04:38:08.583+01:00 INFO : 2 points above threshold
2026-09-07T04:38:08.586+01:00 INFO : Filtering template 249/384 segment 5/5
2026-09-07T04:38:08.587+01:00 INFO : 1 points above threshold
2026-09-07T04:38:08.590+01:00 INFO : 249: generating IMRPhenomD from 30.0 Hz
2026-09-07T04:38:08.591+01:00 INFO : Decompressing waveform using inline_linear
2026-09-07T04:38:08.593+01:00 INFO : Filtering template 250/384 segment 1/5
2026-09-07T04:38:08.594+01:00 INFO : Filtering template 250/384 segment 2/5
2026-09-07T04:38:08.594+01:00 INFO : 1 points above threshold
2026-09-07T04:38:08.597+01:00 INFO : Filtering template 250/384 segment 3/5
2026-09-07T04:38:08.598+01:00 INFO : 2 points above threshold
2026-09-07T04:38:08.601+01:00 INFO : Filtering template 250/384 segment 4/5
2026-09-07T04:38:08.602+01:00 INFO : 2 points above threshold
2026-09-07T04:38:08.606+01:00 INFO : Filtering template 250/384 segment 5/5
2026-09-07T04:38:08.607+01:00 INFO : 250: generating IMRPhenomD from 30.0 Hz
2026-09-07T04:38:08.608+01:00 INFO : Decompressing waveform using inline_linear
2026-09-07T04:38:08.610+01:00 INFO : Filtering template 251/384 segment 1/5
2026-09-07T04:38:08.611+01:00 INFO : 3 points above threshold
2026-09-07T04:38:08.615+01:00 INFO : Filtering template 251/384 segment 2/5
2026-09-07T04:38:08.616+01:00 INFO : Filtering template 251/384 segment 3/5
2026-09-07T04:38:08.616+01:00 INFO : Filtering template 251/384 segment 4/5
2026-09-07T04:38:08.616+01:00 INFO : 2 points above threshold
2026-09-07T04:38:08.620+01:00 INFO : Filtering template 251/384 segment 5/5
2026-09-07T04:38:08.620+01:00 INFO : 1 points above threshold
2026-09-07T04:38:08.623+01:00 INFO : 251: generating IMRPhenomD from 30.0 Hz
2026-09-07T04:38:08.624+01:00 INFO : Decompressing waveform using inline_linear
2026-09-07T04:38:08.626+01:00 INFO : Filtering template 252/384 segment 1/5
2026-09-07T04:38:08.627+01:00 INFO : 3 points above threshold
2026-09-07T04:38:08.631+01:00 INFO : Filtering template 252/384 segment 2/5
2026-09-07T04:38:08.632+01:00 INFO : 2 points above threshold
2026-09-07T04:38:08.635+01:00 INFO : Filtering template 252/384 segment 3/5
2026-09-07T04:38:08.636+01:00 INFO : 3 points above threshold
2026-09-07T04:38:08.639+01:00 INFO : Filtering template 252/384 segment 4/5
2026-09-07T04:38:08.640+01:00 INFO : 3 points above threshold
2026-09-07T04:38:08.643+01:00 INFO : Filtering template 252/384 segment 5/5
2026-09-07T04:38:08.644+01:00 INFO : 252: generating IMRPhenomD from 30.0 Hz
2026-09-07T04:38:08.645+01:00 INFO : Decompressing waveform using inline_linear
2026-09-07T04:38:08.647+01:00 INFO : Filtering template 253/384 segment 1/5
2026-09-07T04:38:08.648+01:00 INFO : 4 points above threshold
2026-09-07T04:38:08.652+01:00 INFO : Filtering template 253/384 segment 2/5
2026-09-07T04:38:08.653+01:00 INFO : Filtering template 253/384 segment 3/5
2026-09-07T04:38:08.653+01:00 INFO : 1 points above threshold
2026-09-07T04:38:08.656+01:00 INFO : Filtering template 253/384 segment 4/5
2026-09-07T04:38:08.656+01:00 INFO : 2 points above threshold
2026-09-07T04:38:08.660+01:00 INFO : Filtering template 253/384 segment 5/5
2026-09-07T04:38:08.661+01:00 INFO : 253: generating IMRPhenomD from 30.0 Hz
2026-09-07T04:38:08.662+01:00 INFO : Decompressing waveform using inline_linear
2026-09-07T04:38:08.664+01:00 INFO : Filtering template 254/384 segment 1/5
2026-09-07T04:38:08.665+01:00 INFO : 3 points above threshold
2026-09-07T04:38:08.669+01:00 INFO : Filtering template 254/384 segment 2/5
2026-09-07T04:38:08.669+01:00 INFO : 2 points above threshold
2026-09-07T04:38:08.673+01:00 INFO : Filtering template 254/384 segment 3/5
2026-09-07T04:38:08.673+01:00 INFO : 2 points above threshold
2026-09-07T04:38:08.677+01:00 INFO : Filtering template 254/384 segment 4/5
2026-09-07T04:38:08.677+01:00 INFO : 4 points above threshold
2026-09-07T04:38:08.681+01:00 INFO : Filtering template 254/384 segment 5/5
2026-09-07T04:38:08.681+01:00 INFO : 1 points above threshold
2026-09-07T04:38:08.684+01:00 INFO : 254: generating IMRPhenomD from 30.0 Hz
2026-09-07T04:38:08.686+01:00 INFO : Decompressing waveform using inline_linear
2026-09-07T04:38:08.688+01:00 INFO : Filtering template 255/384 segment 1/5
2026-09-07T04:38:08.688+01:00 INFO : 3 points above threshold
2026-09-07T04:38:08.693+01:00 INFO : Filtering template 255/384 segment 2/5
2026-09-07T04:38:08.693+01:00 INFO : 3 points above threshold
2026-09-07T04:38:08.697+01:00 INFO : Filtering template 255/384 segment 3/5
2026-09-07T04:38:08.697+01:00 INFO : Filtering template 255/384 segment 4/5
2026-09-07T04:38:08.697+01:00 INFO : Filtering template 255/384 segment 5/5
2026-09-07T04:38:08.698+01:00 INFO : 1 points above threshold
2026-09-07T04:38:08.701+01:00 INFO : 255: generating IMRPhenomD from 30.0 Hz
2026-09-07T04:38:08.702+01:00 INFO : Decompressing waveform using inline_linear
2026-09-07T04:38:08.704+01:00 INFO : Filtering template 256/384 segment 1/5
2026-09-07T04:38:08.705+01:00 INFO : 2 points above threshold
2026-09-07T04:38:08.709+01:00 INFO : Filtering template 256/384 segment 2/5
2026-09-07T04:38:08.710+01:00 INFO : 1 points above threshold
2026-09-07T04:38:08.712+01:00 INFO : Filtering template 256/384 segment 3/5
2026-09-07T04:38:08.713+01:00 INFO : 1 points above threshold
2026-09-07T04:38:08.715+01:00 INFO : Filtering template 256/384 segment 4/5
2026-09-07T04:38:08.716+01:00 INFO : 1 points above threshold
2026-09-07T04:38:08.718+01:00 INFO : Filtering template 256/384 segment 5/5
2026-09-07T04:38:08.719+01:00 INFO : 256: generating IMRPhenomD from 30.0 Hz
2026-09-07T04:38:08.720+01:00 INFO : Decompressing waveform using inline_linear
2026-09-07T04:38:08.722+01:00 INFO : Filtering template 257/384 segment 1/5
2026-09-07T04:38:08.723+01:00 INFO : 2 points above threshold
2026-09-07T04:38:08.727+01:00 INFO : Filtering template 257/384 segment 2/5
2026-09-07T04:38:08.727+01:00 INFO : 2 points above threshold
2026-09-07T04:38:08.731+01:00 INFO : Filtering template 257/384 segment 3/5
2026-09-07T04:38:08.731+01:00 INFO : 1 points above threshold
2026-09-07T04:38:08.734+01:00 INFO : Filtering template 257/384 segment 4/5
2026-09-07T04:38:08.734+01:00 INFO : 2 points above threshold
2026-09-07T04:38:08.738+01:00 INFO : Filtering template 257/384 segment 5/5
2026-09-07T04:38:08.739+01:00 INFO : 257: generating IMRPhenomD from 30.0 Hz
2026-09-07T04:38:08.740+01:00 INFO : Decompressing waveform using inline_linear
2026-09-07T04:38:08.742+01:00 INFO : Filtering template 258/384 segment 1/5
2026-09-07T04:38:08.743+01:00 INFO : 1 points above threshold
2026-09-07T04:38:08.746+01:00 INFO : Filtering template 258/384 segment 2/5
2026-09-07T04:38:08.746+01:00 INFO : 1 points above threshold
2026-09-07T04:38:08.749+01:00 INFO : Filtering template 258/384 segment 3/5
2026-09-07T04:38:08.749+01:00 INFO : 2 points above threshold
2026-09-07T04:38:08.752+01:00 INFO : Filtering template 258/384 segment 4/5
2026-09-07T04:38:08.753+01:00 INFO : 1 points above threshold
2026-09-07T04:38:08.755+01:00 INFO : Filtering template 258/384 segment 5/5
2026-09-07T04:38:08.756+01:00 INFO : 258: generating IMRPhenomD from 30.0 Hz
2026-09-07T04:38:08.758+01:00 INFO : Decompressing waveform using inline_linear
2026-09-07T04:38:08.759+01:00 INFO : Filtering template 259/384 segment 1/5
2026-09-07T04:38:08.760+01:00 INFO : 3 points above threshold
2026-09-07T04:38:08.764+01:00 INFO : Filtering template 259/384 segment 2/5
2026-09-07T04:38:08.765+01:00 INFO : Filtering template 259/384 segment 3/5
2026-09-07T04:38:08.765+01:00 INFO : 1 points above threshold
2026-09-07T04:38:08.768+01:00 INFO : Filtering template 259/384 segment 4/5
2026-09-07T04:38:08.768+01:00 INFO : Filtering template 259/384 segment 5/5
2026-09-07T04:38:08.769+01:00 INFO : 259: generating IMRPhenomD from 30.0 Hz
2026-09-07T04:38:08.770+01:00 INFO : Decompressing waveform using inline_linear
2026-09-07T04:38:08.772+01:00 INFO : Filtering template 260/384 segment 1/5
2026-09-07T04:38:08.773+01:00 INFO : 1 points above threshold
2026-09-07T04:38:08.776+01:00 INFO : Filtering template 260/384 segment 2/5
2026-09-07T04:38:08.777+01:00 INFO : 1 points above threshold
2026-09-07T04:38:08.779+01:00 INFO : Filtering template 260/384 segment 3/5
2026-09-07T04:38:08.780+01:00 INFO : 1 points above threshold
2026-09-07T04:38:08.782+01:00 INFO : Filtering template 260/384 segment 4/5
2026-09-07T04:38:08.782+01:00 INFO : 1 points above threshold
2026-09-07T04:38:08.785+01:00 INFO : Filtering template 260/384 segment 5/5
2026-09-07T04:38:08.785+01:00 INFO : 1 points above threshold
2026-09-07T04:38:08.788+01:00 INFO : 260: generating IMRPhenomD from 30.0 Hz
2026-09-07T04:38:08.790+01:00 INFO : Decompressing waveform using inline_linear
2026-09-07T04:38:08.791+01:00 INFO : Filtering template 261/384 segment 1/5
2026-09-07T04:38:08.792+01:00 INFO : Filtering template 261/384 segment 2/5
2026-09-07T04:38:08.793+01:00 INFO : Filtering template 261/384 segment 3/5
2026-09-07T04:38:08.793+01:00 INFO : 1 points above threshold
2026-09-07T04:38:08.796+01:00 INFO : Filtering template 261/384 segment 4/5
2026-09-07T04:38:08.797+01:00 INFO : 2 points above threshold
2026-09-07T04:38:08.800+01:00 INFO : Filtering template 261/384 segment 5/5
2026-09-07T04:38:08.801+01:00 INFO : 261: generating IMRPhenomD from 30.0 Hz
2026-09-07T04:38:08.802+01:00 INFO : Decompressing waveform using inline_linear
2026-09-07T04:38:08.804+01:00 INFO : Filtering template 262/384 segment 1/5
2026-09-07T04:38:08.805+01:00 INFO : 2 points above threshold
2026-09-07T04:38:08.809+01:00 INFO : Filtering template 262/384 segment 2/5
2026-09-07T04:38:08.810+01:00 INFO : 2 points above threshold
2026-09-07T04:38:08.813+01:00 INFO : Filtering template 262/384 segment 3/5
2026-09-07T04:38:08.814+01:00 INFO : Filtering template 262/384 segment 4/5
2026-09-07T04:38:08.814+01:00 INFO : 2 points above threshold
2026-09-07T04:38:08.818+01:00 INFO : Filtering template 262/384 segment 5/5
2026-09-07T04:38:08.818+01:00 INFO : 2 points above threshold
2026-09-07T04:38:08.822+01:00 INFO : 262: generating IMRPhenomD from 30.0 Hz
2026-09-07T04:38:08.824+01:00 INFO : Decompressing waveform using inline_linear
2026-09-07T04:38:08.826+01:00 INFO : Filtering template 263/384 segment 1/5
2026-09-07T04:38:08.826+01:00 INFO : Filtering template 263/384 segment 2/5
2026-09-07T04:38:08.827+01:00 INFO : 1 points above threshold
2026-09-07T04:38:08.830+01:00 INFO : Filtering template 263/384 segment 3/5
2026-09-07T04:38:08.830+01:00 INFO : 1 points above threshold
2026-09-07T04:38:08.833+01:00 INFO : Filtering template 263/384 segment 4/5
2026-09-07T04:38:08.834+01:00 INFO : 3 points above threshold
2026-09-07T04:38:08.837+01:00 INFO : Filtering template 263/384 segment 5/5
2026-09-07T04:38:08.838+01:00 INFO : 263: generating IMRPhenomD from 30.0 Hz
2026-09-07T04:38:08.840+01:00 INFO : Decompressing waveform using inline_linear
2026-09-07T04:38:08.841+01:00 INFO : Filtering template 264/384 segment 1/5
2026-09-07T04:38:08.842+01:00 INFO : 2 points above threshold
2026-09-07T04:38:08.847+01:00 INFO : Filtering template 264/384 segment 2/5
2026-09-07T04:38:08.847+01:00 INFO : 1 points above threshold
2026-09-07T04:38:08.849+01:00 INFO : Filtering template 264/384 segment 3/5
2026-09-07T04:38:08.850+01:00 INFO : 1 points above threshold
2026-09-07T04:38:08.852+01:00 INFO : Filtering template 264/384 segment 4/5
2026-09-07T04:38:08.853+01:00 INFO : 3 points above threshold
2026-09-07T04:38:08.856+01:00 INFO : Filtering template 264/384 segment 5/5
2026-09-07T04:38:08.857+01:00 INFO : 3 points above threshold
2026-09-07T04:38:08.861+01:00 INFO : 264: generating IMRPhenomD from 30.0 Hz
2026-09-07T04:38:08.862+01:00 INFO : Decompressing waveform using inline_linear
2026-09-07T04:38:08.864+01:00 INFO : Filtering template 265/384 segment 1/5
2026-09-07T04:38:08.865+01:00 INFO : 1 points above threshold
2026-09-07T04:38:08.868+01:00 INFO : Filtering template 265/384 segment 2/5
2026-09-07T04:38:08.868+01:00 INFO : 1 points above threshold
2026-09-07T04:38:08.871+01:00 INFO : Filtering template 265/384 segment 3/5
2026-09-07T04:38:08.871+01:00 INFO : 1 points above threshold
2026-09-07T04:38:08.873+01:00 INFO : Filtering template 265/384 segment 4/5
2026-09-07T04:38:08.874+01:00 INFO : Filtering template 265/384 segment 5/5
2026-09-07T04:38:08.874+01:00 INFO : 1 points above threshold
2026-09-07T04:38:08.877+01:00 INFO : 265: generating IMRPhenomD from 30.0 Hz
2026-09-07T04:38:08.879+01:00 INFO : Decompressing waveform using inline_linear
2026-09-07T04:38:08.880+01:00 INFO : Filtering template 266/384 segment 1/5
2026-09-07T04:38:08.881+01:00 INFO : 3 points above threshold
2026-09-07T04:38:08.886+01:00 INFO : Filtering template 266/384 segment 2/5
2026-09-07T04:38:08.886+01:00 INFO : 3 points above threshold
2026-09-07T04:38:08.890+01:00 INFO : Filtering template 266/384 segment 3/5
2026-09-07T04:38:08.890+01:00 INFO : Filtering template 266/384 segment 4/5
2026-09-07T04:38:08.891+01:00 INFO : 1 points above threshold
2026-09-07T04:38:08.893+01:00 INFO : Filtering template 266/384 segment 5/5
2026-09-07T04:38:08.894+01:00 INFO : 266: generating IMRPhenomD from 30.0 Hz
2026-09-07T04:38:08.895+01:00 INFO : Decompressing waveform using inline_linear
2026-09-07T04:38:08.897+01:00 INFO : Filtering template 267/384 segment 1/5
2026-09-07T04:38:08.898+01:00 INFO : Filtering template 267/384 segment 2/5
2026-09-07T04:38:08.899+01:00 INFO : 1 points above threshold
2026-09-07T04:38:08.902+01:00 INFO : Filtering template 267/384 segment 3/5
2026-09-07T04:38:08.902+01:00 INFO : 2 points above threshold
2026-09-07T04:38:08.906+01:00 INFO : Filtering template 267/384 segment 4/5
2026-09-07T04:38:08.906+01:00 INFO : Filtering template 267/384 segment 5/5
2026-09-07T04:38:08.907+01:00 INFO : 2 points above threshold
2026-09-07T04:38:08.911+01:00 INFO : 267: generating IMRPhenomD from 30.0 Hz
2026-09-07T04:38:08.912+01:00 INFO : Decompressing waveform using inline_linear
2026-09-07T04:38:08.914+01:00 INFO : Filtering template 268/384 segment 1/5
2026-09-07T04:38:08.914+01:00 INFO : 1 points above threshold
2026-09-07T04:38:08.918+01:00 INFO : Filtering template 268/384 segment 2/5
2026-09-07T04:38:08.918+01:00 INFO : Filtering template 268/384 segment 3/5
2026-09-07T04:38:08.918+01:00 INFO : 1 points above threshold
2026-09-07T04:38:08.921+01:00 INFO : Filtering template 268/384 segment 4/5
2026-09-07T04:38:08.922+01:00 INFO : Filtering template 268/384 segment 5/5
2026-09-07T04:38:08.922+01:00 INFO : 2 points above threshold
2026-09-07T04:38:08.926+01:00 INFO : 268: generating IMRPhenomD from 30.0 Hz
2026-09-07T04:38:08.927+01:00 INFO : Decompressing waveform using inline_linear
2026-09-07T04:38:08.929+01:00 INFO : Filtering template 269/384 segment 1/5
2026-09-07T04:38:08.930+01:00 INFO : Filtering template 269/384 segment 2/5
2026-09-07T04:38:08.931+01:00 INFO : 1 points above threshold
2026-09-07T04:38:08.934+01:00 INFO : Filtering template 269/384 segment 3/5
2026-09-07T04:38:08.934+01:00 INFO : Filtering template 269/384 segment 4/5
2026-09-07T04:38:08.935+01:00 INFO : 1 points above threshold
2026-09-07T04:38:08.937+01:00 INFO : Filtering template 269/384 segment 5/5
2026-09-07T04:38:08.938+01:00 INFO : 269: generating IMRPhenomD from 30.0 Hz
2026-09-07T04:38:08.939+01:00 INFO : Decompressing waveform using inline_linear
2026-09-07T04:38:08.941+01:00 INFO : Filtering template 270/384 segment 1/5
2026-09-07T04:38:08.942+01:00 INFO : Filtering template 270/384 segment 2/5
2026-09-07T04:38:08.942+01:00 INFO : Filtering template 270/384 segment 3/5
2026-09-07T04:38:08.942+01:00 INFO : Filtering template 270/384 segment 4/5
2026-09-07T04:38:08.943+01:00 INFO : 1 points above threshold
2026-09-07T04:38:08.946+01:00 INFO : Filtering template 270/384 segment 5/5
2026-09-07T04:38:08.947+01:00 INFO : 270: generating IMRPhenomD from 30.0 Hz
2026-09-07T04:38:08.948+01:00 INFO : Decompressing waveform using inline_linear
2026-09-07T04:38:08.950+01:00 INFO : Filtering template 271/384 segment 1/5
2026-09-07T04:38:08.950+01:00 INFO : 2 points above threshold
2026-09-07T04:38:08.954+01:00 INFO : Filtering template 271/384 segment 2/5
2026-09-07T04:38:08.955+01:00 INFO : Filtering template 271/384 segment 3/5
2026-09-07T04:38:08.955+01:00 INFO : 1 points above threshold
2026-09-07T04:38:08.958+01:00 INFO : Filtering template 271/384 segment 4/5
2026-09-07T04:38:08.958+01:00 INFO : 1 points above threshold
2026-09-07T04:38:08.961+01:00 INFO : Filtering template 271/384 segment 5/5
2026-09-07T04:38:08.961+01:00 INFO : 3 points above threshold
2026-09-07T04:38:08.965+01:00 INFO : 271: generating IMRPhenomD from 30.0 Hz
2026-09-07T04:38:08.966+01:00 INFO : Decompressing waveform using inline_linear
2026-09-07T04:38:08.968+01:00 INFO : Filtering template 272/384 segment 1/5
2026-09-07T04:38:08.969+01:00 INFO : 2 points above threshold
2026-09-07T04:38:08.973+01:00 INFO : Filtering template 272/384 segment 2/5
2026-09-07T04:38:08.973+01:00 INFO : 1 points above threshold
2026-09-07T04:38:08.976+01:00 INFO : Filtering template 272/384 segment 3/5
2026-09-07T04:38:08.976+01:00 INFO : 1 points above threshold
2026-09-07T04:38:08.978+01:00 INFO : Filtering template 272/384 segment 4/5
2026-09-07T04:38:08.979+01:00 INFO : Filtering template 272/384 segment 5/5
2026-09-07T04:38:08.979+01:00 INFO : 1 points above threshold
2026-09-07T04:38:08.982+01:00 INFO : 272: generating IMRPhenomD from 30.0 Hz
2026-09-07T04:38:08.984+01:00 INFO : Decompressing waveform using inline_linear
2026-09-07T04:38:08.985+01:00 INFO : Filtering template 273/384 segment 1/5
2026-09-07T04:38:08.986+01:00 INFO : 1 points above threshold
2026-09-07T04:38:08.989+01:00 INFO : Filtering template 273/384 segment 2/5
2026-09-07T04:38:08.990+01:00 INFO : Filtering template 273/384 segment 3/5
2026-09-07T04:38:08.990+01:00 INFO : 1 points above threshold
2026-09-07T04:38:08.993+01:00 INFO : Filtering template 273/384 segment 4/5
2026-09-07T04:38:08.993+01:00 INFO : 2 points above threshold
2026-09-07T04:38:08.997+01:00 INFO : Filtering template 273/384 segment 5/5
2026-09-07T04:38:08.998+01:00 INFO : 273: generating IMRPhenomD from 30.0 Hz
2026-09-07T04:38:08.999+01:00 INFO : Decompressing waveform using inline_linear
2026-09-07T04:38:09.001+01:00 INFO : Filtering template 274/384 segment 1/5
2026-09-07T04:38:09.002+01:00 INFO : 1 points above threshold
2026-09-07T04:38:09.005+01:00 INFO : Filtering template 274/384 segment 2/5
2026-09-07T04:38:09.006+01:00 INFO : 2 points above threshold
2026-09-07T04:38:09.009+01:00 INFO : Filtering template 274/384 segment 3/5
2026-09-07T04:38:09.010+01:00 INFO : 3 points above threshold
2026-09-07T04:38:09.013+01:00 INFO : Filtering template 274/384 segment 4/5
2026-09-07T04:38:09.014+01:00 INFO : 1 points above threshold
2026-09-07T04:38:09.016+01:00 INFO : Filtering template 274/384 segment 5/5
2026-09-07T04:38:09.017+01:00 INFO : 3 points above threshold
2026-09-07T04:38:09.021+01:00 INFO : 274: generating IMRPhenomD from 30.0 Hz
2026-09-07T04:38:09.022+01:00 INFO : Decompressing waveform using inline_linear
2026-09-07T04:38:09.024+01:00 INFO : Filtering template 275/384 segment 1/5
2026-09-07T04:38:09.025+01:00 INFO : 1 points above threshold
2026-09-07T04:38:09.028+01:00 INFO : Filtering template 275/384 segment 2/5
2026-09-07T04:38:09.028+01:00 INFO : 1 points above threshold
2026-09-07T04:38:09.031+01:00 INFO : Filtering template 275/384 segment 3/5
2026-09-07T04:38:09.031+01:00 INFO : Filtering template 275/384 segment 4/5
2026-09-07T04:38:09.032+01:00 INFO : 2 points above threshold
2026-09-07T04:38:09.035+01:00 INFO : Filtering template 275/384 segment 5/5
2026-09-07T04:38:09.036+01:00 INFO : 1 points above threshold
2026-09-07T04:38:09.039+01:00 INFO : 275: generating IMRPhenomD from 30.0 Hz
2026-09-07T04:38:09.040+01:00 INFO : Decompressing waveform using inline_linear
2026-09-07T04:38:09.042+01:00 INFO : Filtering template 276/384 segment 1/5
2026-09-07T04:38:09.043+01:00 INFO : 2 points above threshold
2026-09-07T04:38:09.047+01:00 INFO : Filtering template 276/384 segment 2/5
2026-09-07T04:38:09.047+01:00 INFO : 2 points above threshold
2026-09-07T04:38:09.051+01:00 INFO : Filtering template 276/384 segment 3/5
2026-09-07T04:38:09.051+01:00 INFO : 2 points above threshold
2026-09-07T04:38:09.055+01:00 INFO : Filtering template 276/384 segment 4/5
2026-09-07T04:38:09.055+01:00 INFO : 4 points above threshold
2026-09-07T04:38:09.059+01:00 INFO : Filtering template 276/384 segment 5/5
2026-09-07T04:38:09.059+01:00 INFO : 1 points above threshold
2026-09-07T04:38:09.062+01:00 INFO : 276: generating IMRPhenomD from 30.0 Hz
2026-09-07T04:38:09.064+01:00 INFO : Decompressing waveform using inline_linear
2026-09-07T04:38:09.065+01:00 INFO : Filtering template 277/384 segment 1/5
2026-09-07T04:38:09.066+01:00 INFO : 2 points above threshold
2026-09-07T04:38:09.071+01:00 INFO : Filtering template 277/384 segment 2/5
2026-09-07T04:38:09.071+01:00 INFO : Filtering template 277/384 segment 3/5
2026-09-07T04:38:09.071+01:00 INFO : Filtering template 277/384 segment 4/5
2026-09-07T04:38:09.072+01:00 INFO : 1 points above threshold
2026-09-07T04:38:09.074+01:00 INFO : Filtering template 277/384 segment 5/5
2026-09-07T04:38:09.075+01:00 INFO : 277: generating IMRPhenomD from 30.0 Hz
2026-09-07T04:38:09.076+01:00 INFO : Decompressing waveform using inline_linear
2026-09-07T04:38:09.078+01:00 INFO : Filtering template 278/384 segment 1/5
2026-09-07T04:38:09.079+01:00 INFO : Filtering template 278/384 segment 2/5
2026-09-07T04:38:09.079+01:00 INFO : 2 points above threshold
2026-09-07T04:38:09.084+01:00 INFO : Filtering template 278/384 segment 3/5
2026-09-07T04:38:09.084+01:00 INFO : Filtering template 278/384 segment 4/5
2026-09-07T04:38:09.085+01:00 INFO : 1 points above threshold
2026-09-07T04:38:09.087+01:00 INFO : Filtering template 278/384 segment 5/5
2026-09-07T04:38:09.088+01:00 INFO : 1 points above threshold
2026-09-07T04:38:09.091+01:00 INFO : 278: generating IMRPhenomD from 30.0 Hz
2026-09-07T04:38:09.092+01:00 INFO : Decompressing waveform using inline_linear
2026-09-07T04:38:09.094+01:00 INFO : Filtering template 279/384 segment 1/5
2026-09-07T04:38:09.095+01:00 INFO : 2 points above threshold
2026-09-07T04:38:09.098+01:00 INFO : Filtering template 279/384 segment 2/5
2026-09-07T04:38:09.099+01:00 INFO : 1 points above threshold
2026-09-07T04:38:09.101+01:00 INFO : Filtering template 279/384 segment 3/5
2026-09-07T04:38:09.102+01:00 INFO : 1 points above threshold
2026-09-07T04:38:09.104+01:00 INFO : Filtering template 279/384 segment 4/5
2026-09-07T04:38:09.105+01:00 INFO : 3 points above threshold
2026-09-07T04:38:09.108+01:00 INFO : Filtering template 279/384 segment 5/5
2026-09-07T04:38:09.109+01:00 INFO : 279: generating IMRPhenomD from 30.0 Hz
2026-09-07T04:38:09.110+01:00 INFO : Decompressing waveform using inline_linear
2026-09-07T04:38:09.112+01:00 INFO : Filtering template 280/384 segment 1/5
2026-09-07T04:38:09.113+01:00 INFO : 2 points above threshold
2026-09-07T04:38:09.117+01:00 INFO : Filtering template 280/384 segment 2/5
2026-09-07T04:38:09.117+01:00 INFO : 1 points above threshold
2026-09-07T04:38:09.120+01:00 INFO : Filtering template 280/384 segment 3/5
2026-09-07T04:38:09.120+01:00 INFO : 1 points above threshold
2026-09-07T04:38:09.123+01:00 INFO : Filtering template 280/384 segment 4/5
2026-09-07T04:38:09.123+01:00 INFO : 1 points above threshold
2026-09-07T04:38:09.125+01:00 INFO : Filtering template 280/384 segment 5/5
2026-09-07T04:38:09.127+01:00 INFO : 280: generating IMRPhenomD from 30.0 Hz
2026-09-07T04:38:09.128+01:00 INFO : Decompressing waveform using inline_linear
2026-09-07T04:38:09.130+01:00 INFO : Filtering template 281/384 segment 1/5
2026-09-07T04:38:09.130+01:00 INFO : 2 points above threshold
2026-09-07T04:38:09.135+01:00 INFO : Filtering template 281/384 segment 2/5
2026-09-07T04:38:09.135+01:00 INFO : Filtering template 281/384 segment 3/5
2026-09-07T04:38:09.136+01:00 INFO : Filtering template 281/384 segment 4/5
2026-09-07T04:38:09.136+01:00 INFO : 3 points above threshold
2026-09-07T04:38:09.140+01:00 INFO : Filtering template 281/384 segment 5/5
2026-09-07T04:38:09.140+01:00 INFO : 3 points above threshold
2026-09-07T04:38:09.144+01:00 INFO : 281: generating IMRPhenomD from 30.0 Hz
2026-09-07T04:38:09.145+01:00 INFO : Decompressing waveform using inline_linear
2026-09-07T04:38:09.147+01:00 INFO : Filtering template 282/384 segment 1/5
2026-09-07T04:38:09.148+01:00 INFO : Filtering template 282/384 segment 2/5
2026-09-07T04:38:09.148+01:00 INFO : 1 points above threshold
2026-09-07T04:38:09.152+01:00 INFO : Filtering template 282/384 segment 3/5
2026-09-07T04:38:09.152+01:00 INFO : Filtering template 282/384 segment 4/5
2026-09-07T04:38:09.152+01:00 INFO : 2 points above threshold
2026-09-07T04:38:09.156+01:00 INFO : Filtering template 282/384 segment 5/5
2026-09-07T04:38:09.157+01:00 INFO : 3 points above threshold
2026-09-07T04:38:09.161+01:00 INFO : 282: generating IMRPhenomD from 30.0 Hz
2026-09-07T04:38:09.162+01:00 INFO : Decompressing waveform using inline_linear
2026-09-07T04:38:09.164+01:00 INFO : Filtering template 283/384 segment 1/5
2026-09-07T04:38:09.165+01:00 INFO : Filtering template 283/384 segment 2/5
2026-09-07T04:38:09.165+01:00 INFO : 1 points above threshold
2026-09-07T04:38:09.168+01:00 INFO : Filtering template 283/384 segment 3/5
2026-09-07T04:38:09.169+01:00 INFO : Filtering template 283/384 segment 4/5
2026-09-07T04:38:09.169+01:00 INFO : 5 points above threshold
2026-09-07T04:38:09.173+01:00 INFO : Filtering template 283/384 segment 5/5
2026-09-07T04:38:09.173+01:00 INFO : 3 points above threshold
2026-09-07T04:38:09.177+01:00 INFO : 283: generating IMRPhenomD from 30.0 Hz
2026-09-07T04:38:09.178+01:00 INFO : Decompressing waveform using inline_linear
2026-09-07T04:38:09.180+01:00 INFO : Filtering template 284/384 segment 1/5
2026-09-07T04:38:09.181+01:00 INFO : 2 points above threshold
2026-09-07T04:38:09.185+01:00 INFO : Filtering template 284/384 segment 2/5
2026-09-07T04:38:09.186+01:00 INFO : 1 points above threshold
2026-09-07T04:38:09.188+01:00 INFO : Filtering template 284/384 segment 3/5
2026-09-07T04:38:09.189+01:00 INFO : 2 points above threshold
2026-09-07T04:38:09.192+01:00 INFO : Filtering template 284/384 segment 4/5
2026-09-07T04:38:09.193+01:00 INFO : 1 points above threshold
2026-09-07T04:38:09.195+01:00 INFO : Filtering template 284/384 segment 5/5
2026-09-07T04:38:09.196+01:00 INFO : 284: generating IMRPhenomD from 30.0 Hz
2026-09-07T04:38:09.197+01:00 INFO : Decompressing waveform using inline_linear
2026-09-07T04:38:09.199+01:00 INFO : Filtering template 285/384 segment 1/5
2026-09-07T04:38:09.200+01:00 INFO : 1 points above threshold
2026-09-07T04:38:09.203+01:00 INFO : Filtering template 285/384 segment 2/5
2026-09-07T04:38:09.204+01:00 INFO : 1 points above threshold
2026-09-07T04:38:09.206+01:00 INFO : Filtering template 285/384 segment 3/5
2026-09-07T04:38:09.206+01:00 INFO : 1 points above threshold
2026-09-07T04:38:09.209+01:00 INFO : Filtering template 285/384 segment 4/5
2026-09-07T04:38:09.209+01:00 INFO : 3 points above threshold
2026-09-07T04:38:09.213+01:00 INFO : Filtering template 285/384 segment 5/5
2026-09-07T04:38:09.214+01:00 INFO : 285: generating IMRPhenomD from 30.0 Hz
2026-09-07T04:38:09.215+01:00 INFO : Decompressing waveform using inline_linear
2026-09-07T04:38:09.217+01:00 INFO : Filtering template 286/384 segment 1/5
2026-09-07T04:38:09.218+01:00 INFO : 3 points above threshold
2026-09-07T04:38:09.222+01:00 INFO : Filtering template 286/384 segment 2/5
2026-09-07T04:38:09.223+01:00 INFO : 1 points above threshold
2026-09-07T04:38:09.225+01:00 INFO : Filtering template 286/384 segment 3/5
2026-09-07T04:38:09.226+01:00 INFO : Filtering template 286/384 segment 4/5
2026-09-07T04:38:09.226+01:00 INFO : Filtering template 286/384 segment 5/5
2026-09-07T04:38:09.227+01:00 INFO : 286: generating IMRPhenomD from 30.0 Hz
2026-09-07T04:38:09.228+01:00 INFO : Decompressing waveform using inline_linear
2026-09-07T04:38:09.230+01:00 INFO : Filtering template 287/384 segment 1/5
2026-09-07T04:38:09.231+01:00 INFO : 2 points above threshold
2026-09-07T04:38:09.235+01:00 INFO : Filtering template 287/384 segment 2/5
2026-09-07T04:38:09.236+01:00 INFO : 4 points above threshold
2026-09-07T04:38:09.239+01:00 INFO : Filtering template 287/384 segment 3/5
2026-09-07T04:38:09.240+01:00 INFO : 1 points above threshold
2026-09-07T04:38:09.242+01:00 INFO : Filtering template 287/384 segment 4/5
2026-09-07T04:38:09.242+01:00 INFO : 3 points above threshold
2026-09-07T04:38:09.246+01:00 INFO : Filtering template 287/384 segment 5/5
2026-09-07T04:38:09.246+01:00 INFO : 2 points above threshold
2026-09-07T04:38:09.251+01:00 INFO : 287: generating IMRPhenomD from 30.0 Hz
2026-09-07T04:38:09.252+01:00 INFO : Decompressing waveform using inline_linear
2026-09-07T04:38:09.254+01:00 INFO : Filtering template 288/384 segment 1/5
2026-09-07T04:38:09.254+01:00 INFO : 1 points above threshold
2026-09-07T04:38:09.258+01:00 INFO : Filtering template 288/384 segment 2/5
2026-09-07T04:38:09.258+01:00 INFO : 2 points above threshold
2026-09-07T04:38:09.262+01:00 INFO : Filtering template 288/384 segment 3/5
2026-09-07T04:38:09.262+01:00 INFO : 2 points above threshold
2026-09-07T04:38:09.266+01:00 INFO : Filtering template 288/384 segment 4/5
2026-09-07T04:38:09.266+01:00 INFO : 1 points above threshold
2026-09-07T04:38:09.268+01:00 INFO : Filtering template 288/384 segment 5/5
2026-09-07T04:38:09.269+01:00 INFO : 3 points above threshold
2026-09-07T04:38:09.273+01:00 INFO : 288: generating IMRPhenomD from 30.0 Hz
2026-09-07T04:38:09.274+01:00 INFO : Decompressing waveform using inline_linear
2026-09-07T04:38:09.276+01:00 INFO : Filtering template 289/384 segment 1/5
2026-09-07T04:38:09.277+01:00 INFO : Filtering template 289/384 segment 2/5
2026-09-07T04:38:09.277+01:00 INFO : 2 points above threshold
2026-09-07T04:38:09.281+01:00 INFO : Filtering template 289/384 segment 3/5
2026-09-07T04:38:09.282+01:00 INFO : 1 points above threshold
2026-09-07T04:38:09.284+01:00 INFO : Filtering template 289/384 segment 4/5
2026-09-07T04:38:09.285+01:00 INFO : 1 points above threshold
2026-09-07T04:38:09.287+01:00 INFO : Filtering template 289/384 segment 5/5
2026-09-07T04:38:09.288+01:00 INFO : 2 points above threshold
2026-09-07T04:38:09.292+01:00 INFO : 289: generating IMRPhenomD from 30.0 Hz
2026-09-07T04:38:09.293+01:00 INFO : Decompressing waveform using inline_linear
2026-09-07T04:38:09.295+01:00 INFO : Filtering template 290/384 segment 1/5
2026-09-07T04:38:09.295+01:00 INFO : 3 points above threshold
2026-09-07T04:38:09.300+01:00 INFO : Filtering template 290/384 segment 2/5
2026-09-07T04:38:09.300+01:00 INFO : Filtering template 290/384 segment 3/5
2026-09-07T04:38:09.301+01:00 INFO : 1 points above threshold
2026-09-07T04:38:09.303+01:00 INFO : Filtering template 290/384 segment 4/5
2026-09-07T04:38:09.303+01:00 INFO : 2 points above threshold
2026-09-07T04:38:09.307+01:00 INFO : Filtering template 290/384 segment 5/5
2026-09-07T04:38:09.308+01:00 INFO : 290: generating IMRPhenomD from 30.0 Hz
2026-09-07T04:38:09.309+01:00 INFO : Decompressing waveform using inline_linear
2026-09-07T04:38:09.311+01:00 INFO : Filtering template 291/384 segment 1/5
2026-09-07T04:38:09.312+01:00 INFO : 5 points above threshold
2026-09-07T04:38:09.316+01:00 INFO : Filtering template 291/384 segment 2/5
2026-09-07T04:38:09.316+01:00 INFO : 3 points above threshold
2026-09-07T04:38:09.320+01:00 INFO : Filtering template 291/384 segment 3/5
2026-09-07T04:38:09.320+01:00 INFO : 1 points above threshold
2026-09-07T04:38:09.323+01:00 INFO : Filtering template 291/384 segment 4/5
2026-09-07T04:38:09.323+01:00 INFO : 1 points above threshold
2026-09-07T04:38:09.325+01:00 INFO : Filtering template 291/384 segment 5/5
2026-09-07T04:38:09.327+01:00 INFO : 291: generating IMRPhenomD from 30.0 Hz
2026-09-07T04:38:09.328+01:00 INFO : Decompressing waveform using inline_linear
2026-09-07T04:38:09.330+01:00 INFO : Filtering template 292/384 segment 1/5
2026-09-07T04:38:09.330+01:00 INFO : 1 points above threshold
2026-09-07T04:38:09.333+01:00 INFO : Filtering template 292/384 segment 2/5
2026-09-07T04:38:09.334+01:00 INFO : 1 points above threshold
2026-09-07T04:38:09.336+01:00 INFO : Filtering template 292/384 segment 3/5
2026-09-07T04:38:09.337+01:00 INFO : 1 points above threshold
2026-09-07T04:38:09.339+01:00 INFO : Filtering template 292/384 segment 4/5
2026-09-07T04:38:09.340+01:00 INFO : 2 points above threshold
2026-09-07T04:38:09.343+01:00 INFO : Filtering template 292/384 segment 5/5
2026-09-07T04:38:09.344+01:00 INFO : 1 points above threshold
2026-09-07T04:38:09.347+01:00 INFO : 292: generating IMRPhenomD from 30.0 Hz
2026-09-07T04:38:09.348+01:00 INFO : Decompressing waveform using inline_linear
2026-09-07T04:38:09.350+01:00 INFO : Filtering template 293/384 segment 1/5
2026-09-07T04:38:09.351+01:00 INFO : 2 points above threshold
2026-09-07T04:38:09.355+01:00 INFO : Filtering template 293/384 segment 2/5
2026-09-07T04:38:09.355+01:00 INFO : 3 points above threshold
2026-09-07T04:38:09.359+01:00 INFO : Filtering template 293/384 segment 3/5
2026-09-07T04:38:09.359+01:00 INFO : 3 points above threshold
2026-09-07T04:38:09.363+01:00 INFO : Filtering template 293/384 segment 4/5
2026-09-07T04:38:09.363+01:00 INFO : 3 points above threshold
2026-09-07T04:38:09.367+01:00 INFO : Filtering template 293/384 segment 5/5
2026-09-07T04:38:09.367+01:00 INFO : 3 points above threshold
2026-09-07T04:38:09.371+01:00 INFO : 293: generating IMRPhenomD from 30.0 Hz
2026-09-07T04:38:09.372+01:00 INFO : Decompressing waveform using inline_linear
2026-09-07T04:38:09.374+01:00 INFO : Filtering template 294/384 segment 1/5
2026-09-07T04:38:09.375+01:00 INFO : Filtering template 294/384 segment 2/5
2026-09-07T04:38:09.376+01:00 INFO : 1 points above threshold
2026-09-07T04:38:09.379+01:00 INFO : Filtering template 294/384 segment 3/5
2026-09-07T04:38:09.379+01:00 INFO : 2 points above threshold
2026-09-07T04:38:09.383+01:00 INFO : Filtering template 294/384 segment 4/5
2026-09-07T04:38:09.383+01:00 INFO : 1 points above threshold
2026-09-07T04:38:09.386+01:00 INFO : Filtering template 294/384 segment 5/5
2026-09-07T04:38:09.386+01:00 INFO : 3 points above threshold
2026-09-07T04:38:09.390+01:00 INFO : 294: generating IMRPhenomD from 30.0 Hz
2026-09-07T04:38:09.391+01:00 INFO : Decompressing waveform using inline_linear
2026-09-07T04:38:09.393+01:00 INFO : Filtering template 295/384 segment 1/5
2026-09-07T04:38:09.394+01:00 INFO : 1 points above threshold
2026-09-07T04:38:09.397+01:00 INFO : Filtering template 295/384 segment 2/5
2026-09-07T04:38:09.398+01:00 INFO : 2 points above threshold
2026-09-07T04:38:09.401+01:00 INFO : Filtering template 295/384 segment 3/5
2026-09-07T04:38:09.402+01:00 INFO : 3 points above threshold
2026-09-07T04:38:09.405+01:00 INFO : Filtering template 295/384 segment 4/5
2026-09-07T04:38:09.406+01:00 INFO : 3 points above threshold
2026-09-07T04:38:09.409+01:00 INFO : Filtering template 295/384 segment 5/5
2026-09-07T04:38:09.409+01:00 INFO : 1 points above threshold
2026-09-07T04:38:09.413+01:00 INFO : 295: generating IMRPhenomD from 30.0 Hz
2026-09-07T04:38:09.414+01:00 INFO : Decompressing waveform using inline_linear
2026-09-07T04:38:09.416+01:00 INFO : Filtering template 296/384 segment 1/5
2026-09-07T04:38:09.416+01:00 INFO : 5 points above threshold
2026-09-07T04:38:09.420+01:00 INFO : Filtering template 296/384 segment 2/5
2026-09-07T04:38:09.421+01:00 INFO : 1 points above threshold
2026-09-07T04:38:09.423+01:00 INFO : Filtering template 296/384 segment 3/5
2026-09-07T04:38:09.424+01:00 INFO : 2 points above threshold
2026-09-07T04:38:09.427+01:00 INFO : Filtering template 296/384 segment 4/5
2026-09-07T04:38:09.427+01:00 INFO : Filtering template 296/384 segment 5/5
2026-09-07T04:38:09.428+01:00 INFO : 1 points above threshold
2026-09-07T04:38:09.431+01:00 INFO : 296: generating IMRPhenomD from 30.0 Hz
2026-09-07T04:38:09.432+01:00 INFO : Decompressing waveform using inline_linear
2026-09-07T04:38:09.434+01:00 INFO : Filtering template 297/384 segment 1/5
2026-09-07T04:38:09.435+01:00 INFO : 1 points above threshold
2026-09-07T04:38:09.438+01:00 INFO : Filtering template 297/384 segment 2/5
2026-09-07T04:38:09.438+01:00 INFO : 4 points above threshold
2026-09-07T04:38:09.442+01:00 INFO : Filtering template 297/384 segment 3/5
2026-09-07T04:38:09.442+01:00 INFO : Filtering template 297/384 segment 4/5
2026-09-07T04:38:09.443+01:00 INFO : Filtering template 297/384 segment 5/5
2026-09-07T04:38:09.443+01:00 INFO : 1 points above threshold
2026-09-07T04:38:09.446+01:00 INFO : 297: generating IMRPhenomD from 30.0 Hz
2026-09-07T04:38:09.447+01:00 INFO : Decompressing waveform using inline_linear
2026-09-07T04:38:09.449+01:00 INFO : Filtering template 298/384 segment 1/5
2026-09-07T04:38:09.450+01:00 INFO : 1 points above threshold
2026-09-07T04:38:09.453+01:00 INFO : Filtering template 298/384 segment 2/5
2026-09-07T04:38:09.454+01:00 INFO : 1 points above threshold
2026-09-07T04:38:09.456+01:00 INFO : Filtering template 298/384 segment 3/5
2026-09-07T04:38:09.457+01:00 INFO : 1 points above threshold
2026-09-07T04:38:09.459+01:00 INFO : Filtering template 298/384 segment 4/5
2026-09-07T04:38:09.459+01:00 INFO : 1 points above threshold
2026-09-07T04:38:09.462+01:00 INFO : Filtering template 298/384 segment 5/5
2026-09-07T04:38:09.462+01:00 INFO : 4 points above threshold
2026-09-07T04:38:09.467+01:00 INFO : 298: generating IMRPhenomD from 30.0 Hz
2026-09-07T04:38:09.468+01:00 INFO : Decompressing waveform using inline_linear
2026-09-07T04:38:09.469+01:00 INFO : Filtering template 299/384 segment 1/5
2026-09-07T04:38:09.470+01:00 INFO : 1 points above threshold
2026-09-07T04:38:09.473+01:00 INFO : Filtering template 299/384 segment 2/5
2026-09-07T04:38:09.474+01:00 INFO : 1 points above threshold
2026-09-07T04:38:09.476+01:00 INFO : Filtering template 299/384 segment 3/5
2026-09-07T04:38:09.477+01:00 INFO : Filtering template 299/384 segment 4/5
2026-09-07T04:38:09.477+01:00 INFO : 2 points above threshold
2026-09-07T04:38:09.481+01:00 INFO : Filtering template 299/384 segment 5/5
2026-09-07T04:38:09.482+01:00 INFO : 1 points above threshold
2026-09-07T04:38:09.485+01:00 INFO : 299: generating IMRPhenomD from 30.0 Hz
2026-09-07T04:38:09.486+01:00 INFO : Decompressing waveform using inline_linear
2026-09-07T04:38:09.488+01:00 INFO : Filtering template 300/384 segment 1/5
2026-09-07T04:38:09.488+01:00 INFO : 1 points above threshold
2026-09-07T04:38:09.492+01:00 INFO : Filtering template 300/384 segment 2/5
2026-09-07T04:38:09.492+01:00 INFO : Filtering template 300/384 segment 3/5
2026-09-07T04:38:09.493+01:00 INFO : 1 points above threshold
2026-09-07T04:38:09.495+01:00 INFO : Filtering template 300/384 segment 4/5
2026-09-07T04:38:09.495+01:00 INFO : Filtering template 300/384 segment 5/5
2026-09-07T04:38:09.496+01:00 INFO : 1 points above threshold
2026-09-07T04:38:09.499+01:00 INFO : 300: generating IMRPhenomD from 30.0 Hz
2026-09-07T04:38:09.500+01:00 INFO : Decompressing waveform using inline_linear
2026-09-07T04:38:09.502+01:00 INFO : Filtering template 301/384 segment 1/5
2026-09-07T04:38:09.503+01:00 INFO : 2 points above threshold
2026-09-07T04:38:09.507+01:00 INFO : Filtering template 301/384 segment 2/5
2026-09-07T04:38:09.508+01:00 INFO : Filtering template 301/384 segment 3/5
2026-09-07T04:38:09.508+01:00 INFO : 1 points above threshold
2026-09-07T04:38:09.510+01:00 INFO : Filtering template 301/384 segment 4/5
2026-09-07T04:38:09.511+01:00 INFO : Filtering template 301/384 segment 5/5
2026-09-07T04:38:09.511+01:00 INFO : 1 points above threshold
2026-09-07T04:38:09.514+01:00 INFO : 301: generating IMRPhenomD from 30.0 Hz
2026-09-07T04:38:09.515+01:00 INFO : Decompressing waveform using inline_linear
2026-09-07T04:38:09.517+01:00 INFO : Filtering template 302/384 segment 1/5
2026-09-07T04:38:09.518+01:00 INFO : 3 points above threshold
2026-09-07T04:38:09.522+01:00 INFO : Filtering template 302/384 segment 2/5
2026-09-07T04:38:09.523+01:00 INFO : 1 points above threshold
2026-09-07T04:38:09.525+01:00 INFO : Filtering template 302/384 segment 3/5
2026-09-07T04:38:09.526+01:00 INFO : Filtering template 302/384 segment 4/5
2026-09-07T04:38:09.526+01:00 INFO : 2 points above threshold
2026-09-07T04:38:09.530+01:00 INFO : Filtering template 302/384 segment 5/5
2026-09-07T04:38:09.531+01:00 INFO : 302: generating IMRPhenomD from 30.0 Hz
2026-09-07T04:38:09.532+01:00 INFO : Decompressing waveform using inline_linear
2026-09-07T04:38:09.534+01:00 INFO : Filtering template 303/384 segment 1/5
2026-09-07T04:38:09.535+01:00 INFO : Filtering template 303/384 segment 2/5
2026-09-07T04:38:09.535+01:00 INFO : 1 points above threshold
2026-09-07T04:38:09.538+01:00 INFO : Filtering template 303/384 segment 3/5
2026-09-07T04:38:09.539+01:00 INFO : 2 points above threshold
2026-09-07T04:38:09.542+01:00 INFO : Filtering template 303/384 segment 4/5
2026-09-07T04:38:09.543+01:00 INFO : 1 points above threshold
2026-09-07T04:38:09.545+01:00 INFO : Filtering template 303/384 segment 5/5
2026-09-07T04:38:09.546+01:00 INFO : 1 points above threshold
2026-09-07T04:38:09.549+01:00 INFO : 303: generating IMRPhenomD from 30.0 Hz
2026-09-07T04:38:09.550+01:00 INFO : Decompressing waveform using inline_linear
2026-09-07T04:38:09.552+01:00 INFO : Filtering template 304/384 segment 1/5
2026-09-07T04:38:09.552+01:00 INFO : 2 points above threshold
2026-09-07T04:38:09.557+01:00 INFO : Filtering template 304/384 segment 2/5
2026-09-07T04:38:09.558+01:00 INFO : 1 points above threshold
2026-09-07T04:38:09.560+01:00 INFO : Filtering template 304/384 segment 3/5
2026-09-07T04:38:09.560+01:00 INFO : Filtering template 304/384 segment 4/5
2026-09-07T04:38:09.561+01:00 INFO : Filtering template 304/384 segment 5/5
2026-09-07T04:38:09.561+01:00 INFO : 1 points above threshold
2026-09-07T04:38:09.564+01:00 INFO : 304: generating IMRPhenomD from 30.0 Hz
2026-09-07T04:38:09.565+01:00 INFO : Decompressing waveform using inline_linear
2026-09-07T04:38:09.567+01:00 INFO : Filtering template 305/384 segment 1/5
2026-09-07T04:38:09.568+01:00 INFO : Filtering template 305/384 segment 2/5
2026-09-07T04:38:09.569+01:00 INFO : 2 points above threshold
2026-09-07T04:38:09.573+01:00 INFO : Filtering template 305/384 segment 3/5
2026-09-07T04:38:09.573+01:00 INFO : 1 points above threshold
2026-09-07T04:38:09.576+01:00 INFO : Filtering template 305/384 segment 4/5
2026-09-07T04:38:09.576+01:00 INFO : 1 points above threshold
2026-09-07T04:38:09.578+01:00 INFO : Filtering template 305/384 segment 5/5
2026-09-07T04:38:09.579+01:00 INFO : 2 points above threshold
2026-09-07T04:38:09.583+01:00 INFO : 305: generating IMRPhenomD from 30.0 Hz
2026-09-07T04:38:09.584+01:00 INFO : Decompressing waveform using inline_linear
2026-09-07T04:38:09.586+01:00 INFO : Filtering template 306/384 segment 1/5
2026-09-07T04:38:09.587+01:00 INFO : 3 points above threshold
2026-09-07T04:38:09.591+01:00 INFO : Filtering template 306/384 segment 2/5
2026-09-07T04:38:09.591+01:00 INFO : 1 points above threshold
2026-09-07T04:38:09.594+01:00 INFO : Filtering template 306/384 segment 3/5
2026-09-07T04:38:09.594+01:00 INFO : 2 points above threshold
2026-09-07T04:38:09.597+01:00 INFO : Filtering template 306/384 segment 4/5
2026-09-07T04:38:09.598+01:00 INFO : 1 points above threshold
2026-09-07T04:38:09.600+01:00 INFO : Filtering template 306/384 segment 5/5
2026-09-07T04:38:09.600+01:00 INFO : 2 points above threshold
2026-09-07T04:38:09.604+01:00 INFO : 306: generating IMRPhenomD from 30.0 Hz
2026-09-07T04:38:09.605+01:00 INFO : Decompressing waveform using inline_linear
2026-09-07T04:38:09.607+01:00 INFO : Filtering template 307/384 segment 1/5
2026-09-07T04:38:09.608+01:00 INFO : Filtering template 307/384 segment 2/5
2026-09-07T04:38:09.609+01:00 INFO : 1 points above threshold
2026-09-07T04:38:09.612+01:00 INFO : Filtering template 307/384 segment 3/5
2026-09-07T04:38:09.612+01:00 INFO : 1 points above threshold
2026-09-07T04:38:09.615+01:00 INFO : Filtering template 307/384 segment 4/5
2026-09-07T04:38:09.615+01:00 INFO : 3 points above threshold
2026-09-07T04:38:09.619+01:00 INFO : Filtering template 307/384 segment 5/5
2026-09-07T04:38:09.619+01:00 INFO : 1 points above threshold
2026-09-07T04:38:09.622+01:00 INFO : 307: generating IMRPhenomD from 30.0 Hz
2026-09-07T04:38:09.623+01:00 INFO : Decompressing waveform using inline_linear
2026-09-07T04:38:09.625+01:00 INFO : Filtering template 308/384 segment 1/5
2026-09-07T04:38:09.626+01:00 INFO : 1 points above threshold
2026-09-07T04:38:09.629+01:00 INFO : Filtering template 308/384 segment 2/5
2026-09-07T04:38:09.630+01:00 INFO : Filtering template 308/384 segment 3/5
2026-09-07T04:38:09.630+01:00 INFO : 2 points above threshold
2026-09-07T04:38:09.634+01:00 INFO : Filtering template 308/384 segment 4/5
2026-09-07T04:38:09.634+01:00 INFO : 1 points above threshold
2026-09-07T04:38:09.636+01:00 INFO : Filtering template 308/384 segment 5/5
2026-09-07T04:38:09.638+01:00 INFO : 308: generating IMRPhenomD from 30.0 Hz
2026-09-07T04:38:09.639+01:00 INFO : Decompressing waveform using inline_linear
2026-09-07T04:38:09.641+01:00 INFO : Filtering template 309/384 segment 1/5
2026-09-07T04:38:09.642+01:00 INFO : 1 points above threshold
2026-09-07T04:38:09.645+01:00 INFO : Filtering template 309/384 segment 2/5
2026-09-07T04:38:09.645+01:00 INFO : Filtering template 309/384 segment 3/5
2026-09-07T04:38:09.646+01:00 INFO : Filtering template 309/384 segment 4/5
2026-09-07T04:38:09.646+01:00 INFO : Filtering template 309/384 segment 5/5
2026-09-07T04:38:09.647+01:00 INFO : 1 points above threshold
2026-09-07T04:38:09.649+01:00 INFO : 309: generating IMRPhenomD from 30.0 Hz
2026-09-07T04:38:09.651+01:00 INFO : Decompressing waveform using inline_linear
2026-09-07T04:38:09.652+01:00 INFO : Filtering template 310/384 segment 1/5
2026-09-07T04:38:09.653+01:00 INFO : 1 points above threshold
2026-09-07T04:38:09.656+01:00 INFO : Filtering template 310/384 segment 2/5
2026-09-07T04:38:09.657+01:00 INFO : 1 points above threshold
2026-09-07T04:38:09.659+01:00 INFO : Filtering template 310/384 segment 3/5
2026-09-07T04:38:09.660+01:00 INFO : 1 points above threshold
2026-09-07T04:38:09.662+01:00 INFO : Filtering template 310/384 segment 4/5
2026-09-07T04:38:09.663+01:00 INFO : Filtering template 310/384 segment 5/5
2026-09-07T04:38:09.663+01:00 INFO : 1 points above threshold
2026-09-07T04:38:09.666+01:00 INFO : 310: generating IMRPhenomD from 30.0 Hz
2026-09-07T04:38:09.667+01:00 INFO : Decompressing waveform using inline_linear
2026-09-07T04:38:09.669+01:00 INFO : Filtering template 311/384 segment 1/5
2026-09-07T04:38:09.670+01:00 INFO : Filtering template 311/384 segment 2/5
2026-09-07T04:38:09.670+01:00 INFO : 1 points above threshold
2026-09-07T04:38:09.674+01:00 INFO : Filtering template 311/384 segment 3/5
2026-09-07T04:38:09.674+01:00 INFO : Filtering template 311/384 segment 4/5
2026-09-07T04:38:09.674+01:00 INFO : 1 points above threshold
2026-09-07T04:38:09.677+01:00 INFO : Filtering template 311/384 segment 5/5
2026-09-07T04:38:09.677+01:00 INFO : 4 points above threshold
2026-09-07T04:38:09.682+01:00 INFO : 311: generating IMRPhenomD from 30.0 Hz
2026-09-07T04:38:09.683+01:00 INFO : Decompressing waveform using inline_linear
2026-09-07T04:38:09.685+01:00 INFO : Filtering template 312/384 segment 1/5
2026-09-07T04:38:09.685+01:00 INFO : 3 points above threshold
2026-09-07T04:38:09.690+01:00 INFO : Filtering template 312/384 segment 2/5
2026-09-07T04:38:09.690+01:00 INFO : Filtering template 312/384 segment 3/5
2026-09-07T04:38:09.691+01:00 INFO : 1 points above threshold
2026-09-07T04:38:09.693+01:00 INFO : Filtering template 312/384 segment 4/5
2026-09-07T04:38:09.694+01:00 INFO : Filtering template 312/384 segment 5/5
2026-09-07T04:38:09.695+01:00 INFO : 312: generating IMRPhenomD from 30.0 Hz
2026-09-07T04:38:09.696+01:00 INFO : Decompressing waveform using inline_linear
2026-09-07T04:38:09.698+01:00 INFO : Filtering template 313/384 segment 1/5
2026-09-07T04:38:09.699+01:00 INFO : Filtering template 313/384 segment 2/5
2026-09-07T04:38:09.699+01:00 INFO : 1 points above threshold
2026-09-07T04:38:09.702+01:00 INFO : Filtering template 313/384 segment 3/5
2026-09-07T04:38:09.703+01:00 INFO : Filtering template 313/384 segment 4/5
2026-09-07T04:38:09.703+01:00 INFO : 2 points above threshold
2026-09-07T04:38:09.707+01:00 INFO : Filtering template 313/384 segment 5/5
2026-09-07T04:38:09.707+01:00 INFO : 1 points above threshold
2026-09-07T04:38:09.710+01:00 INFO : 313: generating IMRPhenomD from 30.0 Hz
2026-09-07T04:38:09.711+01:00 INFO : Decompressing waveform using inline_linear
2026-09-07T04:38:09.713+01:00 INFO : Filtering template 314/384 segment 1/5
2026-09-07T04:38:09.714+01:00 INFO : 1 points above threshold
2026-09-07T04:38:09.717+01:00 INFO : Filtering template 314/384 segment 2/5
2026-09-07T04:38:09.717+01:00 INFO : Filtering template 314/384 segment 3/5
2026-09-07T04:38:09.718+01:00 INFO : 2 points above threshold
2026-09-07T04:38:09.722+01:00 INFO : Filtering template 314/384 segment 4/5
2026-09-07T04:38:09.722+01:00 INFO : Filtering template 314/384 segment 5/5
2026-09-07T04:38:09.723+01:00 INFO : 2 points above threshold
2026-09-07T04:38:09.727+01:00 INFO : 314: generating IMRPhenomD from 30.0 Hz
2026-09-07T04:38:09.728+01:00 INFO : Decompressing waveform using inline_linear
2026-09-07T04:38:09.730+01:00 INFO : Filtering template 315/384 segment 1/5
2026-09-07T04:38:09.731+01:00 INFO : 1 points above threshold
2026-09-07T04:38:09.734+01:00 INFO : Filtering template 315/384 segment 2/5
2026-09-07T04:38:09.734+01:00 INFO : 1 points above threshold
2026-09-07T04:38:09.737+01:00 INFO : Filtering template 315/384 segment 3/5
2026-09-07T04:38:09.738+01:00 INFO : 1 points above threshold
2026-09-07T04:38:09.741+01:00 INFO : Filtering template 315/384 segment 4/5
2026-09-07T04:38:09.742+01:00 INFO : Filtering template 315/384 segment 5/5
2026-09-07T04:38:09.743+01:00 INFO : 315: generating IMRPhenomD from 30.0 Hz
2026-09-07T04:38:09.745+01:00 INFO : Decompressing waveform using inline_linear
2026-09-07T04:38:09.747+01:00 INFO : Filtering template 316/384 segment 1/5
2026-09-07T04:38:09.748+01:00 INFO : Filtering template 316/384 segment 2/5
2026-09-07T04:38:09.748+01:00 INFO : Filtering template 316/384 segment 3/5
2026-09-07T04:38:09.749+01:00 INFO : Filtering template 316/384 segment 4/5
2026-09-07T04:38:09.749+01:00 INFO : 3 points above threshold
2026-09-07T04:38:09.754+01:00 INFO : Filtering template 316/384 segment 5/5
2026-09-07T04:38:09.755+01:00 INFO : 316: generating IMRPhenomD from 30.0 Hz
2026-09-07T04:38:09.756+01:00 INFO : Decompressing waveform using inline_linear
2026-09-07T04:38:09.758+01:00 INFO : Filtering template 317/384 segment 1/5
2026-09-07T04:38:09.759+01:00 INFO : Filtering template 317/384 segment 2/5
2026-09-07T04:38:09.759+01:00 INFO : Filtering template 317/384 segment 3/5
2026-09-07T04:38:09.760+01:00 INFO : 1 points above threshold
2026-09-07T04:38:09.763+01:00 INFO : Filtering template 317/384 segment 4/5
2026-09-07T04:38:09.764+01:00 INFO : Filtering template 317/384 segment 5/5
2026-09-07T04:38:09.764+01:00 INFO : 2 points above threshold
2026-09-07T04:38:09.768+01:00 INFO : 317: generating IMRPhenomD from 30.0 Hz
2026-09-07T04:38:09.770+01:00 INFO : Decompressing waveform using inline_linear
2026-09-07T04:38:09.772+01:00 INFO : Filtering template 318/384 segment 1/5
2026-09-07T04:38:09.773+01:00 INFO : 3 points above threshold
2026-09-07T04:38:09.777+01:00 INFO : Filtering template 318/384 segment 2/5
2026-09-07T04:38:09.778+01:00 INFO : 2 points above threshold
2026-09-07T04:38:09.782+01:00 INFO : Filtering template 318/384 segment 3/5
2026-09-07T04:38:09.782+01:00 INFO : Filtering template 318/384 segment 4/5
2026-09-07T04:38:09.783+01:00 INFO : 3 points above threshold
2026-09-07T04:38:09.787+01:00 INFO : Filtering template 318/384 segment 5/5
2026-09-07T04:38:09.787+01:00 INFO : 1 points above threshold
2026-09-07T04:38:09.791+01:00 INFO : 318: generating IMRPhenomD from 30.0 Hz
2026-09-07T04:38:09.792+01:00 INFO : Decompressing waveform using inline_linear
2026-09-07T04:38:09.795+01:00 INFO : Filtering template 319/384 segment 1/5
2026-09-07T04:38:09.796+01:00 INFO : 3 points above threshold
2026-09-07T04:38:09.801+01:00 INFO : Filtering template 319/384 segment 2/5
2026-09-07T04:38:09.801+01:00 INFO : 2 points above threshold
2026-09-07T04:38:09.805+01:00 INFO : Filtering template 319/384 segment 3/5
2026-09-07T04:38:09.806+01:00 INFO : 2 points above threshold
2026-09-07T04:38:09.809+01:00 INFO : Filtering template 319/384 segment 4/5
2026-09-07T04:38:09.810+01:00 INFO : Filtering template 319/384 segment 5/5
2026-09-07T04:38:09.811+01:00 INFO : 319: generating IMRPhenomD from 30.0 Hz
2026-09-07T04:38:09.812+01:00 INFO : Decompressing waveform using inline_linear
2026-09-07T04:38:09.815+01:00 INFO : Filtering template 320/384 segment 1/5
2026-09-07T04:38:09.816+01:00 INFO : 2 points above threshold
2026-09-07T04:38:09.821+01:00 INFO : Filtering template 320/384 segment 2/5
2026-09-07T04:38:09.821+01:00 INFO : 1 points above threshold
2026-09-07T04:38:09.824+01:00 INFO : Filtering template 320/384 segment 3/5
2026-09-07T04:38:09.825+01:00 INFO : 2 points above threshold
2026-09-07T04:38:09.829+01:00 INFO : Filtering template 320/384 segment 4/5
2026-09-07T04:38:09.829+01:00 INFO : Filtering template 320/384 segment 5/5
2026-09-07T04:38:09.830+01:00 INFO : 2 points above threshold
2026-09-07T04:38:09.834+01:00 INFO : 320: generating IMRPhenomD from 30.0 Hz
2026-09-07T04:38:09.835+01:00 INFO : Decompressing waveform using inline_linear
2026-09-07T04:38:09.838+01:00 INFO : Filtering template 321/384 segment 1/5
2026-09-07T04:38:09.838+01:00 INFO : Filtering template 321/384 segment 2/5
2026-09-07T04:38:09.839+01:00 INFO : Filtering template 321/384 segment 3/5
2026-09-07T04:38:09.839+01:00 INFO : 1 points above threshold
2026-09-07T04:38:09.843+01:00 INFO : Filtering template 321/384 segment 4/5
2026-09-07T04:38:09.843+01:00 INFO : Filtering template 321/384 segment 5/5
2026-09-07T04:38:09.844+01:00 INFO : 321: generating IMRPhenomD from 30.0 Hz
2026-09-07T04:38:09.845+01:00 INFO : Decompressing waveform using inline_linear
2026-09-07T04:38:09.847+01:00 INFO : Filtering template 322/384 segment 1/5
2026-09-07T04:38:09.848+01:00 INFO : Filtering template 322/384 segment 2/5
2026-09-07T04:38:09.848+01:00 INFO : 3 points above threshold
2026-09-07T04:38:09.852+01:00 INFO : Filtering template 322/384 segment 3/5
2026-09-07T04:38:09.853+01:00 INFO : 1 points above threshold
2026-09-07T04:38:09.855+01:00 INFO : Filtering template 322/384 segment 4/5
2026-09-07T04:38:09.856+01:00 INFO : 1 points above threshold
2026-09-07T04:38:09.858+01:00 INFO : Filtering template 322/384 segment 5/5
2026-09-07T04:38:09.859+01:00 INFO : 1 points above threshold
2026-09-07T04:38:09.862+01:00 INFO : 322: generating IMRPhenomD from 30.0 Hz
2026-09-07T04:38:09.863+01:00 INFO : Decompressing waveform using inline_linear
2026-09-07T04:38:09.865+01:00 INFO : Filtering template 323/384 segment 1/5
2026-09-07T04:38:09.866+01:00 INFO : Filtering template 323/384 segment 2/5
2026-09-07T04:38:09.866+01:00 INFO : 2 points above threshold
2026-09-07T04:38:09.870+01:00 INFO : Filtering template 323/384 segment 3/5
2026-09-07T04:38:09.871+01:00 INFO : 2 points above threshold
2026-09-07T04:38:09.875+01:00 INFO : Filtering template 323/384 segment 4/5
2026-09-07T04:38:09.875+01:00 INFO : Filtering template 323/384 segment 5/5
2026-09-07T04:38:09.875+01:00 INFO : 1 points above threshold
2026-09-07T04:38:09.878+01:00 INFO : 323: generating IMRPhenomD from 30.0 Hz
2026-09-07T04:38:09.880+01:00 INFO : Decompressing waveform using inline_linear
2026-09-07T04:38:09.881+01:00 INFO : Filtering template 324/384 segment 1/5
2026-09-07T04:38:09.882+01:00 INFO : Filtering template 324/384 segment 2/5
2026-09-07T04:38:09.883+01:00 INFO : Filtering template 324/384 segment 3/5
2026-09-07T04:38:09.883+01:00 INFO : 1 points above threshold
2026-09-07T04:38:09.887+01:00 INFO : Filtering template 324/384 segment 4/5
2026-09-07T04:38:09.887+01:00 INFO : Filtering template 324/384 segment 5/5
2026-09-07T04:38:09.888+01:00 INFO : 4 points above threshold
2026-09-07T04:38:09.891+01:00 INFO : 324: generating IMRPhenomD from 30.0 Hz
2026-09-07T04:38:09.892+01:00 INFO : Decompressing waveform using inline_linear
2026-09-07T04:38:09.894+01:00 INFO : Filtering template 325/384 segment 1/5
2026-09-07T04:38:09.895+01:00 INFO : 2 points above threshold
2026-09-07T04:38:09.899+01:00 INFO : Filtering template 325/384 segment 2/5
2026-09-07T04:38:09.900+01:00 INFO : 3 points above threshold
2026-09-07T04:38:09.903+01:00 INFO : Filtering template 325/384 segment 3/5
2026-09-07T04:38:09.904+01:00 INFO : 2 points above threshold
2026-09-07T04:38:09.907+01:00 INFO : Filtering template 325/384 segment 4/5
2026-09-07T04:38:09.908+01:00 INFO : 1 points above threshold
2026-09-07T04:38:09.910+01:00 INFO : Filtering template 325/384 segment 5/5
2026-09-07T04:38:09.911+01:00 INFO : 1 points above threshold
2026-09-07T04:38:09.914+01:00 INFO : 325: generating IMRPhenomD from 30.0 Hz
2026-09-07T04:38:09.915+01:00 INFO : Decompressing waveform using inline_linear
2026-09-07T04:38:09.917+01:00 INFO : Filtering template 326/384 segment 1/5
2026-09-07T04:38:09.918+01:00 INFO : 2 points above threshold
2026-09-07T04:38:09.922+01:00 INFO : Filtering template 326/384 segment 2/5
2026-09-07T04:38:09.922+01:00 INFO : 2 points above threshold
2026-09-07T04:38:09.926+01:00 INFO : Filtering template 326/384 segment 3/5
2026-09-07T04:38:09.927+01:00 INFO : Filtering template 326/384 segment 4/5
2026-09-07T04:38:09.927+01:00 INFO : Filtering template 326/384 segment 5/5
2026-09-07T04:38:09.927+01:00 INFO : 2 points above threshold
2026-09-07T04:38:09.931+01:00 INFO : 326: generating IMRPhenomD from 30.0 Hz
2026-09-07T04:38:09.933+01:00 INFO : Decompressing waveform using inline_linear
2026-09-07T04:38:09.934+01:00 INFO : Filtering template 327/384 segment 1/5
2026-09-07T04:38:09.935+01:00 INFO : 2 points above threshold
2026-09-07T04:38:09.940+01:00 INFO : Filtering template 327/384 segment 2/5
2026-09-07T04:38:09.940+01:00 INFO : 1 points above threshold
2026-09-07T04:38:09.942+01:00 INFO : Filtering template 327/384 segment 3/5
2026-09-07T04:38:09.943+01:00 INFO : 3 points above threshold
2026-09-07T04:38:09.946+01:00 INFO : Filtering template 327/384 segment 4/5
2026-09-07T04:38:09.947+01:00 INFO : 2 points above threshold
2026-09-07T04:38:09.950+01:00 INFO : Filtering template 327/384 segment 5/5
2026-09-07T04:38:09.951+01:00 INFO : 1 points above threshold
2026-09-07T04:38:09.954+01:00 INFO : 327: generating IMRPhenomD from 30.0 Hz
2026-09-07T04:38:09.955+01:00 INFO : Decompressing waveform using inline_linear
2026-09-07T04:38:09.957+01:00 INFO : Filtering template 328/384 segment 1/5
2026-09-07T04:38:09.958+01:00 INFO : 1 points above threshold
2026-09-07T04:38:09.961+01:00 INFO : Filtering template 328/384 segment 2/5
2026-09-07T04:38:09.962+01:00 INFO : 1 points above threshold
2026-09-07T04:38:09.964+01:00 INFO : Filtering template 328/384 segment 3/5
2026-09-07T04:38:09.965+01:00 INFO : 4 points above threshold
2026-09-07T04:38:09.968+01:00 INFO : Filtering template 328/384 segment 4/5
2026-09-07T04:38:09.969+01:00 INFO : 1 points above threshold
2026-09-07T04:38:09.971+01:00 INFO : Filtering template 328/384 segment 5/5
2026-09-07T04:38:09.972+01:00 INFO : 2 points above threshold
2026-09-07T04:38:09.976+01:00 INFO : 328: generating IMRPhenomD from 30.0 Hz
2026-09-07T04:38:09.977+01:00 INFO : Decompressing waveform using inline_linear
2026-09-07T04:38:09.979+01:00 INFO : Filtering template 329/384 segment 1/5
2026-09-07T04:38:09.980+01:00 INFO : Filtering template 329/384 segment 2/5
2026-09-07T04:38:09.980+01:00 INFO : Filtering template 329/384 segment 3/5
2026-09-07T04:38:09.981+01:00 INFO : 2 points above threshold
2026-09-07T04:38:09.985+01:00 INFO : Filtering template 329/384 segment 4/5
2026-09-07T04:38:09.985+01:00 INFO : 1 points above threshold
2026-09-07T04:38:09.988+01:00 INFO : Filtering template 329/384 segment 5/5
2026-09-07T04:38:09.988+01:00 INFO : 2 points above threshold
2026-09-07T04:38:09.992+01:00 INFO : 329: generating IMRPhenomD from 30.0 Hz
2026-09-07T04:38:09.993+01:00 INFO : Decompressing waveform using inline_linear
2026-09-07T04:38:09.995+01:00 INFO : Filtering template 330/384 segment 1/5
2026-09-07T04:38:09.996+01:00 INFO : 1 points above threshold
2026-09-07T04:38:09.999+01:00 INFO : Filtering template 330/384 segment 2/5
2026-09-07T04:38:10.000+01:00 INFO : 2 points above threshold
2026-09-07T04:38:10.003+01:00 INFO : Filtering template 330/384 segment 3/5
2026-09-07T04:38:10.004+01:00 INFO : 2 points above threshold
2026-09-07T04:38:10.007+01:00 INFO : Filtering template 330/384 segment 4/5
2026-09-07T04:38:10.007+01:00 INFO : 1 points above threshold
2026-09-07T04:38:10.010+01:00 INFO : Filtering template 330/384 segment 5/5
2026-09-07T04:38:10.011+01:00 INFO : 330: generating IMRPhenomD from 30.0 Hz
2026-09-07T04:38:10.012+01:00 INFO : Decompressing waveform using inline_linear
2026-09-07T04:38:10.014+01:00 INFO : Filtering template 331/384 segment 1/5
2026-09-07T04:38:10.015+01:00 INFO : 2 points above threshold
2026-09-07T04:38:10.019+01:00 INFO : Filtering template 331/384 segment 2/5
2026-09-07T04:38:10.019+01:00 INFO : 1 points above threshold
2026-09-07T04:38:10.022+01:00 INFO : Filtering template 331/384 segment 3/5
2026-09-07T04:38:10.022+01:00 INFO : 3 points above threshold
2026-09-07T04:38:10.026+01:00 INFO : Filtering template 331/384 segment 4/5
2026-09-07T04:38:10.026+01:00 INFO : 4 points above threshold
2026-09-07T04:38:10.030+01:00 INFO : Filtering template 331/384 segment 5/5
2026-09-07T04:38:10.031+01:00 INFO : 331: generating IMRPhenomD from 30.0 Hz
2026-09-07T04:38:10.032+01:00 INFO : Decompressing waveform using inline_linear
2026-09-07T04:38:10.034+01:00 INFO : Filtering template 332/384 segment 1/5
2026-09-07T04:38:10.035+01:00 INFO : 2 points above threshold
2026-09-07T04:38:10.039+01:00 INFO : Filtering template 332/384 segment 2/5
2026-09-07T04:38:10.039+01:00 INFO : Filtering template 332/384 segment 3/5
2026-09-07T04:38:10.040+01:00 INFO : 1 points above threshold
2026-09-07T04:38:10.042+01:00 INFO : Filtering template 332/384 segment 4/5
2026-09-07T04:38:10.043+01:00 INFO : Filtering template 332/384 segment 5/5
2026-09-07T04:38:10.043+01:00 INFO : 1 points above threshold
2026-09-07T04:38:10.046+01:00 INFO : 332: generating IMRPhenomD from 30.0 Hz
2026-09-07T04:38:10.047+01:00 INFO : Decompressing waveform using inline_linear
2026-09-07T04:38:10.049+01:00 INFO : Filtering template 333/384 segment 1/5
2026-09-07T04:38:10.050+01:00 INFO : 2 points above threshold
2026-09-07T04:38:10.054+01:00 INFO : Filtering template 333/384 segment 2/5
2026-09-07T04:38:10.055+01:00 INFO : Filtering template 333/384 segment 3/5
2026-09-07T04:38:10.055+01:00 INFO : 1 points above threshold
2026-09-07T04:38:10.058+01:00 INFO : Filtering template 333/384 segment 4/5
2026-09-07T04:38:10.058+01:00 INFO : 1 points above threshold
2026-09-07T04:38:10.061+01:00 INFO : Filtering template 333/384 segment 5/5
2026-09-07T04:38:10.062+01:00 INFO : 333: generating IMRPhenomD from 30.0 Hz
2026-09-07T04:38:10.063+01:00 INFO : Decompressing waveform using inline_linear
2026-09-07T04:38:10.065+01:00 INFO : Filtering template 334/384 segment 1/5
2026-09-07T04:38:10.065+01:00 INFO : 3 points above threshold
2026-09-07T04:38:10.070+01:00 INFO : Filtering template 334/384 segment 2/5
2026-09-07T04:38:10.070+01:00 INFO : Filtering template 334/384 segment 3/5
2026-09-07T04:38:10.071+01:00 INFO : Filtering template 334/384 segment 4/5
2026-09-07T04:38:10.071+01:00 INFO : 2 points above threshold
2026-09-07T04:38:10.075+01:00 INFO : Filtering template 334/384 segment 5/5
2026-09-07T04:38:10.075+01:00 INFO : 334: generating IMRPhenomD from 30.0 Hz
2026-09-07T04:38:10.077+01:00 INFO : Decompressing waveform using inline_linear
2026-09-07T04:38:10.078+01:00 INFO : Filtering template 335/384 segment 1/5
2026-09-07T04:38:10.079+01:00 INFO : 1 points above threshold
2026-09-07T04:38:10.082+01:00 INFO : Filtering template 335/384 segment 2/5
2026-09-07T04:38:10.083+01:00 INFO : Filtering template 335/384 segment 3/5
2026-09-07T04:38:10.083+01:00 INFO : 3 points above threshold
2026-09-07T04:38:10.087+01:00 INFO : Filtering template 335/384 segment 4/5
2026-09-07T04:38:10.087+01:00 INFO : Filtering template 335/384 segment 5/5
2026-09-07T04:38:10.088+01:00 INFO : 1 points above threshold
2026-09-07T04:38:10.091+01:00 INFO : 335: generating IMRPhenomD from 30.0 Hz
2026-09-07T04:38:10.092+01:00 INFO : Decompressing waveform using inline_linear
2026-09-07T04:38:10.094+01:00 INFO : Filtering template 336/384 segment 1/5
2026-09-07T04:38:10.095+01:00 INFO : 3 points above threshold
2026-09-07T04:38:10.099+01:00 INFO : Filtering template 336/384 segment 2/5
2026-09-07T04:38:10.099+01:00 INFO : Filtering template 336/384 segment 3/5
2026-09-07T04:38:10.100+01:00 INFO : Filtering template 336/384 segment 4/5
2026-09-07T04:38:10.100+01:00 INFO : 1 points above threshold
2026-09-07T04:38:10.103+01:00 INFO : Filtering template 336/384 segment 5/5
2026-09-07T04:38:10.103+01:00 INFO : 336: generating IMRPhenomD from 30.0 Hz
2026-09-07T04:38:10.104+01:00 INFO : Decompressing waveform using inline_linear
2026-09-07T04:38:10.106+01:00 INFO : Filtering template 337/384 segment 1/5
2026-09-07T04:38:10.107+01:00 INFO : Filtering template 337/384 segment 2/5
2026-09-07T04:38:10.108+01:00 INFO : 1 points above threshold
2026-09-07T04:38:10.111+01:00 INFO : Filtering template 337/384 segment 3/5
2026-09-07T04:38:10.111+01:00 INFO : Filtering template 337/384 segment 4/5
2026-09-07T04:38:10.112+01:00 INFO : 2 points above threshold
2026-09-07T04:38:10.115+01:00 INFO : Filtering template 337/384 segment 5/5
2026-09-07T04:38:10.116+01:00 INFO : 337: generating IMRPhenomD from 30.0 Hz
2026-09-07T04:38:10.118+01:00 INFO : Decompressing waveform using inline_linear
2026-09-07T04:38:10.119+01:00 INFO : Filtering template 338/384 segment 1/5
2026-09-07T04:38:10.120+01:00 INFO : 1 points above threshold
2026-09-07T04:38:10.123+01:00 INFO : Filtering template 338/384 segment 2/5
2026-09-07T04:38:10.124+01:00 INFO : 2 points above threshold
2026-09-07T04:38:10.127+01:00 INFO : Filtering template 338/384 segment 3/5
2026-09-07T04:38:10.128+01:00 INFO : 1 points above threshold
2026-09-07T04:38:10.130+01:00 INFO : Filtering template 338/384 segment 4/5
2026-09-07T04:38:10.131+01:00 INFO : Filtering template 338/384 segment 5/5
2026-09-07T04:38:10.131+01:00 INFO : 2 points above threshold
2026-09-07T04:38:10.135+01:00 INFO : 338: generating IMRPhenomD from 30.0 Hz
2026-09-07T04:38:10.137+01:00 INFO : Decompressing waveform using inline_linear
2026-09-07T04:38:10.138+01:00 INFO : Filtering template 339/384 segment 1/5
2026-09-07T04:38:10.139+01:00 INFO : 1 points above threshold
2026-09-07T04:38:10.142+01:00 INFO : Filtering template 339/384 segment 2/5
2026-09-07T04:38:10.143+01:00 INFO : 1 points above threshold
2026-09-07T04:38:10.145+01:00 INFO : Filtering template 339/384 segment 3/5
2026-09-07T04:38:10.146+01:00 INFO : 1 points above threshold
2026-09-07T04:38:10.148+01:00 INFO : Filtering template 339/384 segment 4/5
2026-09-07T04:38:10.149+01:00 INFO : Filtering template 339/384 segment 5/5
2026-09-07T04:38:10.149+01:00 INFO : 2 points above threshold
2026-09-07T04:38:10.153+01:00 INFO : 339: generating IMRPhenomD from 30.0 Hz
2026-09-07T04:38:10.154+01:00 INFO : Decompressing waveform using inline_linear
2026-09-07T04:38:10.156+01:00 INFO : Filtering template 340/384 segment 1/5
2026-09-07T04:38:10.157+01:00 INFO : 1 points above threshold
2026-09-07T04:38:10.160+01:00 INFO : Filtering template 340/384 segment 2/5
2026-09-07T04:38:10.160+01:00 INFO : Filtering template 340/384 segment 3/5
2026-09-07T04:38:10.161+01:00 INFO : Filtering template 340/384 segment 4/5
2026-09-07T04:38:10.161+01:00 INFO : Filtering template 340/384 segment 5/5
2026-09-07T04:38:10.162+01:00 INFO : 1 points above threshold
2026-09-07T04:38:10.165+01:00 INFO : 340: generating IMRPhenomD from 30.0 Hz
2026-09-07T04:38:10.166+01:00 INFO : Decompressing waveform using inline_linear
2026-09-07T04:38:10.168+01:00 INFO : Filtering template 341/384 segment 1/5
2026-09-07T04:38:10.169+01:00 INFO : 2 points above threshold
2026-09-07T04:38:10.173+01:00 INFO : Filtering template 341/384 segment 2/5
2026-09-07T04:38:10.173+01:00 INFO : 1 points above threshold
2026-09-07T04:38:10.176+01:00 INFO : Filtering template 341/384 segment 3/5
2026-09-07T04:38:10.176+01:00 INFO : 2 points above threshold
2026-09-07T04:38:10.180+01:00 INFO : Filtering template 341/384 segment 4/5
2026-09-07T04:38:10.180+01:00 INFO : 1 points above threshold
2026-09-07T04:38:10.183+01:00 INFO : Filtering template 341/384 segment 5/5
2026-09-07T04:38:10.183+01:00 INFO : 2 points above threshold
2026-09-07T04:38:10.187+01:00 INFO : 341: generating IMRPhenomD from 30.0 Hz
2026-09-07T04:38:10.188+01:00 INFO : Decompressing waveform using inline_linear
2026-09-07T04:38:10.190+01:00 INFO : Filtering template 342/384 segment 1/5
2026-09-07T04:38:10.191+01:00 INFO : 2 points above threshold
2026-09-07T04:38:10.195+01:00 INFO : Filtering template 342/384 segment 2/5
2026-09-07T04:38:10.196+01:00 INFO : 2 points above threshold
2026-09-07T04:38:10.199+01:00 INFO : Filtering template 342/384 segment 3/5
2026-09-07T04:38:10.200+01:00 INFO : 1 points above threshold
2026-09-07T04:38:10.202+01:00 INFO : Filtering template 342/384 segment 4/5
2026-09-07T04:38:10.203+01:00 INFO : 2 points above threshold
2026-09-07T04:38:10.206+01:00 INFO : Filtering template 342/384 segment 5/5
2026-09-07T04:38:10.207+01:00 INFO : 1 points above threshold
2026-09-07T04:38:10.210+01:00 INFO : 342: generating IMRPhenomD from 30.0 Hz
2026-09-07T04:38:10.211+01:00 INFO : Decompressing waveform using inline_linear
2026-09-07T04:38:10.213+01:00 INFO : Filtering template 343/384 segment 1/5
2026-09-07T04:38:10.214+01:00 INFO : Filtering template 343/384 segment 2/5
2026-09-07T04:38:10.214+01:00 INFO : 1 points above threshold
2026-09-07T04:38:10.217+01:00 INFO : Filtering template 343/384 segment 3/5
2026-09-07T04:38:10.218+01:00 INFO : Filtering template 343/384 segment 4/5
2026-09-07T04:38:10.218+01:00 INFO : Filtering template 343/384 segment 5/5
2026-09-07T04:38:10.219+01:00 INFO : 343: generating IMRPhenomD from 30.0 Hz
2026-09-07T04:38:10.220+01:00 INFO : Decompressing waveform using inline_linear
2026-09-07T04:38:10.222+01:00 INFO : Filtering template 344/384 segment 1/5
2026-09-07T04:38:10.223+01:00 INFO : 1 points above threshold
2026-09-07T04:38:10.226+01:00 INFO : Filtering template 344/384 segment 2/5
2026-09-07T04:38:10.226+01:00 INFO : 1 points above threshold
2026-09-07T04:38:10.229+01:00 INFO : Filtering template 344/384 segment 3/5
2026-09-07T04:38:10.229+01:00 INFO : 1 points above threshold
2026-09-07T04:38:10.232+01:00 INFO : Filtering template 344/384 segment 4/5
2026-09-07T04:38:10.232+01:00 INFO : 1 points above threshold
2026-09-07T04:38:10.234+01:00 INFO : Filtering template 344/384 segment 5/5
2026-09-07T04:38:10.235+01:00 INFO : 1 points above threshold
2026-09-07T04:38:10.238+01:00 INFO : 344: generating IMRPhenomD from 30.0 Hz
2026-09-07T04:38:10.239+01:00 INFO : Decompressing waveform using inline_linear
2026-09-07T04:38:10.241+01:00 INFO : Filtering template 345/384 segment 1/5
2026-09-07T04:38:10.242+01:00 INFO : 1 points above threshold
2026-09-07T04:38:10.245+01:00 INFO : Filtering template 345/384 segment 2/5
2026-09-07T04:38:10.245+01:00 INFO : 2 points above threshold
2026-09-07T04:38:10.249+01:00 INFO : Filtering template 345/384 segment 3/5
2026-09-07T04:38:10.249+01:00 INFO : 4 points above threshold
2026-09-07T04:38:10.253+01:00 INFO : Filtering template 345/384 segment 4/5
2026-09-07T04:38:10.253+01:00 INFO : 1 points above threshold
2026-09-07T04:38:10.256+01:00 INFO : Filtering template 345/384 segment 5/5
2026-09-07T04:38:10.256+01:00 INFO : 1 points above threshold
2026-09-07T04:38:10.259+01:00 INFO : 345: generating IMRPhenomD from 30.0 Hz
2026-09-07T04:38:10.260+01:00 INFO : Decompressing waveform using inline_linear
2026-09-07T04:38:10.262+01:00 INFO : Filtering template 346/384 segment 1/5
2026-09-07T04:38:10.263+01:00 INFO : 1 points above threshold
2026-09-07T04:38:10.266+01:00 INFO : Filtering template 346/384 segment 2/5
2026-09-07T04:38:10.267+01:00 INFO : Filtering template 346/384 segment 3/5
2026-09-07T04:38:10.267+01:00 INFO : 1 points above threshold
2026-09-07T04:38:10.270+01:00 INFO : Filtering template 346/384 segment 4/5
2026-09-07T04:38:10.270+01:00 INFO : 3 points above threshold
2026-09-07T04:38:10.274+01:00 INFO : Filtering template 346/384 segment 5/5
2026-09-07T04:38:10.274+01:00 INFO : 1 points above threshold
2026-09-07T04:38:10.278+01:00 INFO : 346: generating IMRPhenomD from 30.0 Hz
2026-09-07T04:38:10.279+01:00 INFO : Decompressing waveform using inline_linear
2026-09-07T04:38:10.281+01:00 INFO : Filtering template 347/384 segment 1/5
2026-09-07T04:38:10.282+01:00 INFO : 2 points above threshold
2026-09-07T04:38:10.286+01:00 INFO : Filtering template 347/384 segment 2/5
2026-09-07T04:38:10.286+01:00 INFO : Filtering template 347/384 segment 3/5
2026-09-07T04:38:10.287+01:00 INFO : 2 points above threshold
2026-09-07T04:38:10.290+01:00 INFO : Filtering template 347/384 segment 4/5
2026-09-07T04:38:10.291+01:00 INFO : 4 points above threshold
2026-09-07T04:38:10.294+01:00 INFO : Filtering template 347/384 segment 5/5
2026-09-07T04:38:10.295+01:00 INFO : 347: generating IMRPhenomD from 30.0 Hz
2026-09-07T04:38:10.296+01:00 INFO : Decompressing waveform using inline_linear
2026-09-07T04:38:10.298+01:00 INFO : Filtering template 348/384 segment 1/5
2026-09-07T04:38:10.299+01:00 INFO : 2 points above threshold
2026-09-07T04:38:10.303+01:00 INFO : Filtering template 348/384 segment 2/5
2026-09-07T04:38:10.303+01:00 INFO : Filtering template 348/384 segment 3/5
2026-09-07T04:38:10.304+01:00 INFO : 3 points above threshold
2026-09-07T04:38:10.307+01:00 INFO : Filtering template 348/384 segment 4/5
2026-09-07T04:38:10.308+01:00 INFO : 4 points above threshold
2026-09-07T04:38:10.311+01:00 INFO : Filtering template 348/384 segment 5/5
2026-09-07T04:38:10.312+01:00 INFO : 348: generating IMRPhenomD from 30.0 Hz
2026-09-07T04:38:10.313+01:00 INFO : Decompressing waveform using inline_linear
2026-09-07T04:38:10.315+01:00 INFO : Filtering template 349/384 segment 1/5
2026-09-07T04:38:10.316+01:00 INFO : 2 points above threshold
2026-09-07T04:38:10.320+01:00 INFO : Filtering template 349/384 segment 2/5
2026-09-07T04:38:10.321+01:00 INFO : 1 points above threshold
2026-09-07T04:38:10.323+01:00 INFO : Filtering template 349/384 segment 3/5
2026-09-07T04:38:10.324+01:00 INFO : Filtering template 349/384 segment 4/5
2026-09-07T04:38:10.324+01:00 INFO : 5 points above threshold
2026-09-07T04:38:10.328+01:00 INFO : Filtering template 349/384 segment 5/5
2026-09-07T04:38:10.328+01:00 INFO : 1 points above threshold
2026-09-07T04:38:10.331+01:00 INFO : 349: generating IMRPhenomD from 30.0 Hz
2026-09-07T04:38:10.332+01:00 INFO : Decompressing waveform using inline_linear
2026-09-07T04:38:10.334+01:00 INFO : Filtering template 350/384 segment 1/5
2026-09-07T04:38:10.335+01:00 INFO : 2 points above threshold
2026-09-07T04:38:10.339+01:00 INFO : Filtering template 350/384 segment 2/5
2026-09-07T04:38:10.340+01:00 INFO : 1 points above threshold
2026-09-07T04:38:10.342+01:00 INFO : Filtering template 350/384 segment 3/5
2026-09-07T04:38:10.342+01:00 INFO : 1 points above threshold
2026-09-07T04:38:10.345+01:00 INFO : Filtering template 350/384 segment 4/5
2026-09-07T04:38:10.345+01:00 INFO : Filtering template 350/384 segment 5/5
2026-09-07T04:38:10.346+01:00 INFO : 5 points above threshold
2026-09-07T04:38:10.350+01:00 INFO : 350: generating IMRPhenomD from 30.0 Hz
2026-09-07T04:38:10.351+01:00 INFO : Decompressing waveform using inline_linear
2026-09-07T04:38:10.353+01:00 INFO : Filtering template 351/384 segment 1/5
2026-09-07T04:38:10.354+01:00 INFO : 1 points above threshold
2026-09-07T04:38:10.358+01:00 INFO : Filtering template 351/384 segment 2/5
2026-09-07T04:38:10.358+01:00 INFO : Filtering template 351/384 segment 3/5
2026-09-07T04:38:10.358+01:00 INFO : Filtering template 351/384 segment 4/5
2026-09-07T04:38:10.359+01:00 INFO : 2 points above threshold
2026-09-07T04:38:10.362+01:00 INFO : Filtering template 351/384 segment 5/5
2026-09-07T04:38:10.363+01:00 INFO : 351: generating IMRPhenomD from 30.0 Hz
2026-09-07T04:38:10.365+01:00 INFO : Decompressing waveform using inline_linear
2026-09-07T04:38:10.366+01:00 INFO : Filtering template 352/384 segment 1/5
2026-09-07T04:38:10.367+01:00 INFO : Filtering template 352/384 segment 2/5
2026-09-07T04:38:10.368+01:00 INFO : Filtering template 352/384 segment 3/5
2026-09-07T04:38:10.368+01:00 INFO : Filtering template 352/384 segment 4/5
2026-09-07T04:38:10.369+01:00 INFO : 1 points above threshold
2026-09-07T04:38:10.372+01:00 INFO : Filtering template 352/384 segment 5/5
2026-09-07T04:38:10.372+01:00 INFO : 1 points above threshold
2026-09-07T04:38:10.375+01:00 INFO : 352: generating IMRPhenomD from 30.0 Hz
2026-09-07T04:38:10.376+01:00 INFO : Decompressing waveform using inline_linear
2026-09-07T04:38:10.378+01:00 INFO : Filtering template 353/384 segment 1/5
2026-09-07T04:38:10.379+01:00 INFO : 1 points above threshold
2026-09-07T04:38:10.382+01:00 INFO : Filtering template 353/384 segment 2/5
2026-09-07T04:38:10.382+01:00 INFO : 2 points above threshold
2026-09-07T04:38:10.386+01:00 INFO : Filtering template 353/384 segment 3/5
2026-09-07T04:38:10.386+01:00 INFO : 2 points above threshold
2026-09-07T04:38:10.390+01:00 INFO : Filtering template 353/384 segment 4/5
2026-09-07T04:38:10.390+01:00 INFO : 1 points above threshold
2026-09-07T04:38:10.393+01:00 INFO : Filtering template 353/384 segment 5/5
2026-09-07T04:38:10.394+01:00 INFO : 353: generating IMRPhenomD from 30.0 Hz
2026-09-07T04:38:10.395+01:00 INFO : Decompressing waveform using inline_linear
2026-09-07T04:38:10.397+01:00 INFO : Filtering template 354/384 segment 1/5
2026-09-07T04:38:10.398+01:00 INFO : 4 points above threshold
2026-09-07T04:38:10.402+01:00 INFO : Filtering template 354/384 segment 2/5
2026-09-07T04:38:10.402+01:00 INFO : 1 points above threshold
2026-09-07T04:38:10.405+01:00 INFO : Filtering template 354/384 segment 3/5
2026-09-07T04:38:10.405+01:00 INFO : Filtering template 354/384 segment 4/5
2026-09-07T04:38:10.406+01:00 INFO : Filtering template 354/384 segment 5/5
2026-09-07T04:38:10.406+01:00 INFO : 1 points above threshold
2026-09-07T04:38:10.409+01:00 INFO : 354: generating IMRPhenomD from 30.0 Hz
2026-09-07T04:38:10.410+01:00 INFO : Decompressing waveform using inline_linear
2026-09-07T04:38:10.412+01:00 INFO : Filtering template 355/384 segment 1/5
2026-09-07T04:38:10.413+01:00 INFO : Filtering template 355/384 segment 2/5
2026-09-07T04:38:10.413+01:00 INFO : Filtering template 355/384 segment 3/5
2026-09-07T04:38:10.414+01:00 INFO : 1 points above threshold
2026-09-07T04:38:10.417+01:00 INFO : Filtering template 355/384 segment 4/5
2026-09-07T04:38:10.417+01:00 INFO : Filtering template 355/384 segment 5/5
2026-09-07T04:38:10.418+01:00 INFO : 2 points above threshold
2026-09-07T04:38:10.422+01:00 INFO : 355: generating IMRPhenomD from 30.0 Hz
2026-09-07T04:38:10.423+01:00 INFO : Decompressing waveform using inline_linear
2026-09-07T04:38:10.425+01:00 INFO : Filtering template 356/384 segment 1/5
2026-09-07T04:38:10.426+01:00 INFO : 1 points above threshold
2026-09-07T04:38:10.429+01:00 INFO : Filtering template 356/384 segment 2/5
2026-09-07T04:38:10.429+01:00 INFO : 2 points above threshold
2026-09-07T04:38:10.433+01:00 INFO : Filtering template 356/384 segment 3/5
2026-09-07T04:38:10.433+01:00 INFO : 2 points above threshold
2026-09-07T04:38:10.437+01:00 INFO : Filtering template 356/384 segment 4/5
2026-09-07T04:38:10.437+01:00 INFO : 2 points above threshold
2026-09-07T04:38:10.441+01:00 INFO : Filtering template 356/384 segment 5/5
2026-09-07T04:38:10.441+01:00 INFO : 1 points above threshold
2026-09-07T04:38:10.444+01:00 INFO : 356: generating IMRPhenomD from 30.0 Hz
2026-09-07T04:38:10.445+01:00 INFO : Decompressing waveform using inline_linear
2026-09-07T04:38:10.447+01:00 INFO : Filtering template 357/384 segment 1/5
2026-09-07T04:38:10.448+01:00 INFO : 2 points above threshold
2026-09-07T04:38:10.452+01:00 INFO : Filtering template 357/384 segment 2/5
2026-09-07T04:38:10.453+01:00 INFO : Filtering template 357/384 segment 3/5
2026-09-07T04:38:10.453+01:00 INFO : 4 points above threshold
2026-09-07T04:38:10.456+01:00 INFO : Filtering template 357/384 segment 4/5
2026-09-07T04:38:10.457+01:00 INFO : 1 points above threshold
2026-09-07T04:38:10.459+01:00 INFO : Filtering template 357/384 segment 5/5
2026-09-07T04:38:10.460+01:00 INFO : 357: generating IMRPhenomD from 30.0 Hz
2026-09-07T04:38:10.462+01:00 INFO : Decompressing waveform using inline_linear
2026-09-07T04:38:10.463+01:00 INFO : Filtering template 358/384 segment 1/5
2026-09-07T04:38:10.464+01:00 INFO : 2 points above threshold
2026-09-07T04:38:10.469+01:00 INFO : Filtering template 358/384 segment 2/5
2026-09-07T04:38:10.469+01:00 INFO : 2 points above threshold
2026-09-07T04:38:10.473+01:00 INFO : Filtering template 358/384 segment 3/5
2026-09-07T04:38:10.473+01:00 INFO : Filtering template 358/384 segment 4/5
2026-09-07T04:38:10.473+01:00 INFO : 1 points above threshold
2026-09-07T04:38:10.476+01:00 INFO : Filtering template 358/384 segment 5/5
2026-09-07T04:38:10.477+01:00 INFO : 358: generating IMRPhenomD from 30.0 Hz
2026-09-07T04:38:10.478+01:00 INFO : Decompressing waveform using inline_linear
2026-09-07T04:38:10.480+01:00 INFO : Filtering template 359/384 segment 1/5
2026-09-07T04:38:10.481+01:00 INFO : 2 points above threshold
2026-09-07T04:38:10.485+01:00 INFO : Filtering template 359/384 segment 2/5
2026-09-07T04:38:10.485+01:00 INFO : 2 points above threshold
2026-09-07T04:38:10.489+01:00 INFO : Filtering template 359/384 segment 3/5
2026-09-07T04:38:10.489+01:00 INFO : Filtering template 359/384 segment 4/5
2026-09-07T04:38:10.490+01:00 INFO : 1 points above threshold
2026-09-07T04:38:10.492+01:00 INFO : Filtering template 359/384 segment 5/5
2026-09-07T04:38:10.493+01:00 INFO : 2 points above threshold
2026-09-07T04:38:10.497+01:00 INFO : 359: generating IMRPhenomD from 30.0 Hz
2026-09-07T04:38:10.498+01:00 INFO : Decompressing waveform using inline_linear
2026-09-07T04:38:10.500+01:00 INFO : Filtering template 360/384 segment 1/5
2026-09-07T04:38:10.501+01:00 INFO : Filtering template 360/384 segment 2/5
2026-09-07T04:38:10.501+01:00 INFO : Filtering template 360/384 segment 3/5
2026-09-07T04:38:10.502+01:00 INFO : 2 points above threshold
2026-09-07T04:38:10.506+01:00 INFO : Filtering template 360/384 segment 4/5
2026-09-07T04:38:10.506+01:00 INFO : Filtering template 360/384 segment 5/5
2026-09-07T04:38:10.507+01:00 INFO : 2 points above threshold
2026-09-07T04:38:10.511+01:00 INFO : 360: generating IMRPhenomD from 30.0 Hz
2026-09-07T04:38:10.512+01:00 INFO : Decompressing waveform using inline_linear
2026-09-07T04:38:10.514+01:00 INFO : Filtering template 361/384 segment 1/5
2026-09-07T04:38:10.515+01:00 INFO : 1 points above threshold
2026-09-07T04:38:10.518+01:00 INFO : Filtering template 361/384 segment 2/5
2026-09-07T04:38:10.519+01:00 INFO : 1 points above threshold
2026-09-07T04:38:10.521+01:00 INFO : Filtering template 361/384 segment 3/5
2026-09-07T04:38:10.521+01:00 INFO : 1 points above threshold
2026-09-07T04:38:10.524+01:00 INFO : Filtering template 361/384 segment 4/5
2026-09-07T04:38:10.524+01:00 INFO : 1 points above threshold
2026-09-07T04:38:10.527+01:00 INFO : Filtering template 361/384 segment 5/5
2026-09-07T04:38:10.528+01:00 INFO : 361: generating IMRPhenomD from 30.0 Hz
2026-09-07T04:38:10.529+01:00 INFO : Decompressing waveform using inline_linear
2026-09-07T04:38:10.531+01:00 INFO : Filtering template 362/384 segment 1/5
2026-09-07T04:38:10.532+01:00 INFO : 1 points above threshold
2026-09-07T04:38:10.535+01:00 INFO : Filtering template 362/384 segment 2/5
2026-09-07T04:38:10.535+01:00 INFO : 2 points above threshold
2026-09-07T04:38:10.539+01:00 INFO : Filtering template 362/384 segment 3/5
2026-09-07T04:38:10.539+01:00 INFO : 1 points above threshold
2026-09-07T04:38:10.542+01:00 INFO : Filtering template 362/384 segment 4/5
2026-09-07T04:38:10.542+01:00 INFO : Filtering template 362/384 segment 5/5
2026-09-07T04:38:10.543+01:00 INFO : 1 points above threshold
2026-09-07T04:38:10.546+01:00 INFO : 362: generating IMRPhenomD from 30.0 Hz
2026-09-07T04:38:10.547+01:00 INFO : Decompressing waveform using inline_linear
2026-09-07T04:38:10.549+01:00 INFO : Filtering template 363/384 segment 1/5
2026-09-07T04:38:10.549+01:00 INFO : 3 points above threshold
2026-09-07T04:38:10.554+01:00 INFO : Filtering template 363/384 segment 2/5
2026-09-07T04:38:10.554+01:00 INFO : Filtering template 363/384 segment 3/5
2026-09-07T04:38:10.555+01:00 INFO : 1 points above threshold
2026-09-07T04:38:10.557+01:00 INFO : Filtering template 363/384 segment 4/5
2026-09-07T04:38:10.557+01:00 INFO : 1 points above threshold
2026-09-07T04:38:10.560+01:00 INFO : Filtering template 363/384 segment 5/5
2026-09-07T04:38:10.560+01:00 INFO : 1 points above threshold
2026-09-07T04:38:10.563+01:00 INFO : 363: generating IMRPhenomD from 30.0 Hz
2026-09-07T04:38:10.565+01:00 INFO : Decompressing waveform using inline_linear
2026-09-07T04:38:10.566+01:00 INFO : Filtering template 364/384 segment 1/5
2026-09-07T04:38:10.567+01:00 INFO : Filtering template 364/384 segment 2/5
2026-09-07T04:38:10.568+01:00 INFO : 1 points above threshold
2026-09-07T04:38:10.571+01:00 INFO : Filtering template 364/384 segment 3/5
2026-09-07T04:38:10.571+01:00 INFO : Filtering template 364/384 segment 4/5
2026-09-07T04:38:10.572+01:00 INFO : 2 points above threshold
2026-09-07T04:38:10.575+01:00 INFO : Filtering template 364/384 segment 5/5
2026-09-07T04:38:10.576+01:00 INFO : 1 points above threshold
2026-09-07T04:38:10.579+01:00 INFO : 364: generating IMRPhenomD from 30.0 Hz
2026-09-07T04:38:10.580+01:00 INFO : Decompressing waveform using inline_linear
2026-09-07T04:38:10.582+01:00 INFO : Filtering template 365/384 segment 1/5
2026-09-07T04:38:10.582+01:00 INFO : Filtering template 365/384 segment 2/5
2026-09-07T04:38:10.583+01:00 INFO : 2 points above threshold
2026-09-07T04:38:10.587+01:00 INFO : Filtering template 365/384 segment 3/5
2026-09-07T04:38:10.588+01:00 INFO : Filtering template 365/384 segment 4/5
2026-09-07T04:38:10.588+01:00 INFO : 2 points above threshold
2026-09-07T04:38:10.591+01:00 INFO : Filtering template 365/384 segment 5/5
2026-09-07T04:38:10.592+01:00 INFO : 1 points above threshold
2026-09-07T04:38:10.595+01:00 INFO : 365: generating IMRPhenomD from 30.0 Hz
2026-09-07T04:38:10.596+01:00 INFO : Decompressing waveform using inline_linear
2026-09-07T04:38:10.598+01:00 INFO : Filtering template 366/384 segment 1/5
2026-09-07T04:38:10.599+01:00 INFO : 1 points above threshold
2026-09-07T04:38:10.602+01:00 INFO : Filtering template 366/384 segment 2/5
2026-09-07T04:38:10.603+01:00 INFO : 1 points above threshold
2026-09-07T04:38:10.605+01:00 INFO : Filtering template 366/384 segment 3/5
2026-09-07T04:38:10.606+01:00 INFO : 1 points above threshold
2026-09-07T04:38:10.608+01:00 INFO : Filtering template 366/384 segment 4/5
2026-09-07T04:38:10.608+01:00 INFO : 2 points above threshold
2026-09-07T04:38:10.612+01:00 INFO : Filtering template 366/384 segment 5/5
2026-09-07T04:38:10.613+01:00 INFO : 366: generating IMRPhenomD from 30.0 Hz
2026-09-07T04:38:10.614+01:00 INFO : Decompressing waveform using inline_linear
2026-09-07T04:38:10.616+01:00 INFO : Filtering template 367/384 segment 1/5
2026-09-07T04:38:10.617+01:00 INFO : 2 points above threshold
2026-09-07T04:38:10.621+01:00 INFO : Filtering template 367/384 segment 2/5
2026-09-07T04:38:10.622+01:00 INFO : Filtering template 367/384 segment 3/5
2026-09-07T04:38:10.622+01:00 INFO : Filtering template 367/384 segment 4/5
2026-09-07T04:38:10.622+01:00 INFO : 1 points above threshold
2026-09-07T04:38:10.625+01:00 INFO : Filtering template 367/384 segment 5/5
2026-09-07T04:38:10.625+01:00 INFO : 3 points above threshold
2026-09-07T04:38:10.629+01:00 INFO : 367: generating IMRPhenomD from 30.0 Hz
2026-09-07T04:38:10.630+01:00 INFO : Decompressing waveform using inline_linear
2026-09-07T04:38:10.632+01:00 INFO : Filtering template 368/384 segment 1/5
2026-09-07T04:38:10.633+01:00 INFO : 2 points above threshold
2026-09-07T04:38:10.637+01:00 INFO : Filtering template 368/384 segment 2/5
2026-09-07T04:38:10.638+01:00 INFO : Filtering template 368/384 segment 3/5
2026-09-07T04:38:10.638+01:00 INFO : Filtering template 368/384 segment 4/5
2026-09-07T04:38:10.639+01:00 INFO : 1 points above threshold
2026-09-07T04:38:10.641+01:00 INFO : Filtering template 368/384 segment 5/5
2026-09-07T04:38:10.642+01:00 INFO : 368: generating IMRPhenomD from 30.0 Hz
2026-09-07T04:38:10.643+01:00 INFO : Decompressing waveform using inline_linear
2026-09-07T04:38:10.645+01:00 INFO : Filtering template 369/384 segment 1/5
2026-09-07T04:38:10.646+01:00 INFO : 1 points above threshold
2026-09-07T04:38:10.649+01:00 INFO : Filtering template 369/384 segment 2/5
2026-09-07T04:38:10.649+01:00 INFO : Filtering template 369/384 segment 3/5
2026-09-07T04:38:10.650+01:00 INFO : 1 points above threshold
2026-09-07T04:38:10.652+01:00 INFO : Filtering template 369/384 segment 4/5
2026-09-07T04:38:10.653+01:00 INFO : 2 points above threshold
2026-09-07T04:38:10.657+01:00 INFO : Filtering template 369/384 segment 5/5
2026-09-07T04:38:10.657+01:00 INFO : 2 points above threshold
2026-09-07T04:38:10.661+01:00 INFO : 369: generating IMRPhenomD from 30.0 Hz
2026-09-07T04:38:10.662+01:00 INFO : Decompressing waveform using inline_linear
2026-09-07T04:38:10.664+01:00 INFO : Filtering template 370/384 segment 1/5
2026-09-07T04:38:10.665+01:00 INFO : Filtering template 370/384 segment 2/5
2026-09-07T04:38:10.666+01:00 INFO : 2 points above threshold
2026-09-07T04:38:10.670+01:00 INFO : Filtering template 370/384 segment 3/5
2026-09-07T04:38:10.670+01:00 INFO : 2 points above threshold
2026-09-07T04:38:10.674+01:00 INFO : Filtering template 370/384 segment 4/5
2026-09-07T04:38:10.674+01:00 INFO : 2 points above threshold
2026-09-07T04:38:10.678+01:00 INFO : Filtering template 370/384 segment 5/5
2026-09-07T04:38:10.679+01:00 INFO : 370: generating IMRPhenomD from 30.0 Hz
2026-09-07T04:38:10.680+01:00 INFO : Decompressing waveform using inline_linear
2026-09-07T04:38:10.682+01:00 INFO : Filtering template 371/384 segment 1/5
2026-09-07T04:38:10.683+01:00 INFO : 1 points above threshold
2026-09-07T04:38:10.686+01:00 INFO : Filtering template 371/384 segment 2/5
2026-09-07T04:38:10.686+01:00 INFO : Filtering template 371/384 segment 3/5
2026-09-07T04:38:10.687+01:00 INFO : 1 points above threshold
2026-09-07T04:38:10.689+01:00 INFO : Filtering template 371/384 segment 4/5
2026-09-07T04:38:10.690+01:00 INFO : Filtering template 371/384 segment 5/5
2026-09-07T04:38:10.690+01:00 INFO : 1 points above threshold
2026-09-07T04:38:10.693+01:00 INFO : 371: generating IMRPhenomD from 30.0 Hz
2026-09-07T04:38:10.694+01:00 INFO : Decompressing waveform using inline_linear
2026-09-07T04:38:10.696+01:00 INFO : Filtering template 372/384 segment 1/5
2026-09-07T04:38:10.697+01:00 INFO : 1 points above threshold
2026-09-07T04:38:10.700+01:00 INFO : Filtering template 372/384 segment 2/5
2026-09-07T04:38:10.701+01:00 INFO : 3 points above threshold
2026-09-07T04:38:10.704+01:00 INFO : Filtering template 372/384 segment 3/5
2026-09-07T04:38:10.705+01:00 INFO : 1 points above threshold
2026-09-07T04:38:10.707+01:00 INFO : Filtering template 372/384 segment 4/5
2026-09-07T04:38:10.708+01:00 INFO : Filtering template 372/384 segment 5/5
2026-09-07T04:38:10.708+01:00 INFO : 372: generating IMRPhenomD from 30.0 Hz
2026-09-07T04:38:10.710+01:00 INFO : Decompressing waveform using inline_linear
2026-09-07T04:38:10.711+01:00 INFO : Filtering template 373/384 segment 1/5
2026-09-07T04:38:10.712+01:00 INFO : 3 points above threshold
2026-09-07T04:38:10.717+01:00 INFO : Filtering template 373/384 segment 2/5
2026-09-07T04:38:10.717+01:00 INFO : 1 points above threshold
2026-09-07T04:38:10.719+01:00 INFO : Filtering template 373/384 segment 3/5
2026-09-07T04:38:10.720+01:00 INFO : 2 points above threshold
2026-09-07T04:38:10.723+01:00 INFO : Filtering template 373/384 segment 4/5
2026-09-07T04:38:10.724+01:00 INFO : Filtering template 373/384 segment 5/5
2026-09-07T04:38:10.724+01:00 INFO : 1 points above threshold
2026-09-07T04:38:10.727+01:00 INFO : 373: generating IMRPhenomD from 30.0 Hz
2026-09-07T04:38:10.728+01:00 INFO : Decompressing waveform using inline_linear
2026-09-07T04:38:10.730+01:00 INFO : Filtering template 374/384 segment 1/5
2026-09-07T04:38:10.731+01:00 INFO : Filtering template 374/384 segment 2/5
2026-09-07T04:38:10.732+01:00 INFO : Filtering template 374/384 segment 3/5
2026-09-07T04:38:10.732+01:00 INFO : 2 points above threshold
2026-09-07T04:38:10.736+01:00 INFO : Filtering template 374/384 segment 4/5
2026-09-07T04:38:10.737+01:00 INFO : Filtering template 374/384 segment 5/5
2026-09-07T04:38:10.737+01:00 INFO : 1 points above threshold
2026-09-07T04:38:10.740+01:00 INFO : 374: generating IMRPhenomD from 30.0 Hz
2026-09-07T04:38:10.741+01:00 INFO : Decompressing waveform using inline_linear
2026-09-07T04:38:10.743+01:00 INFO : Filtering template 375/384 segment 1/5
2026-09-07T04:38:10.744+01:00 INFO : 1 points above threshold
2026-09-07T04:38:10.747+01:00 INFO : Filtering template 375/384 segment 2/5
2026-09-07T04:38:10.747+01:00 INFO : Filtering template 375/384 segment 3/5
2026-09-07T04:38:10.748+01:00 INFO : 1 points above threshold
2026-09-07T04:38:10.750+01:00 INFO : Filtering template 375/384 segment 4/5
2026-09-07T04:38:10.751+01:00 INFO : 3 points above threshold
2026-09-07T04:38:10.754+01:00 INFO : Filtering template 375/384 segment 5/5
2026-09-07T04:38:10.755+01:00 INFO : 1 points above threshold
2026-09-07T04:38:10.758+01:00 INFO : 375: generating IMRPhenomD from 30.0 Hz
2026-09-07T04:38:10.759+01:00 INFO : Decompressing waveform using inline_linear
2026-09-07T04:38:10.761+01:00 INFO : Filtering template 376/384 segment 1/5
2026-09-07T04:38:10.762+01:00 INFO : Filtering template 376/384 segment 2/5
2026-09-07T04:38:10.762+01:00 INFO : Filtering template 376/384 segment 3/5
2026-09-07T04:38:10.763+01:00 INFO : Filtering template 376/384 segment 4/5
2026-09-07T04:38:10.763+01:00 INFO : 1 points above threshold
2026-09-07T04:38:10.766+01:00 INFO : Filtering template 376/384 segment 5/5
2026-09-07T04:38:10.767+01:00 INFO : 1 points above threshold
2026-09-07T04:38:10.769+01:00 INFO : 376: generating IMRPhenomD from 30.0 Hz
2026-09-07T04:38:10.771+01:00 INFO : Decompressing waveform using inline_linear
2026-09-07T04:38:10.772+01:00 INFO : Filtering template 377/384 segment 1/5
2026-09-07T04:38:10.773+01:00 INFO : 2 points above threshold
2026-09-07T04:38:10.778+01:00 INFO : Filtering template 377/384 segment 2/5
2026-09-07T04:38:10.778+01:00 INFO : Filtering template 377/384 segment 3/5
2026-09-07T04:38:10.779+01:00 INFO : 1 points above threshold
2026-09-07T04:38:10.781+01:00 INFO : Filtering template 377/384 segment 4/5
2026-09-07T04:38:10.781+01:00 INFO : 2 points above threshold
2026-09-07T04:38:10.785+01:00 INFO : Filtering template 377/384 segment 5/5
2026-09-07T04:38:10.786+01:00 INFO : 377: generating IMRPhenomD from 30.0 Hz
2026-09-07T04:38:10.787+01:00 INFO : Decompressing waveform using inline_linear
2026-09-07T04:38:10.789+01:00 INFO : Filtering template 378/384 segment 1/5
2026-09-07T04:38:10.790+01:00 INFO : 3 points above threshold
2026-09-07T04:38:10.794+01:00 INFO : Filtering template 378/384 segment 2/5
2026-09-07T04:38:10.795+01:00 INFO : 3 points above threshold
2026-09-07T04:38:10.799+01:00 INFO : Filtering template 378/384 segment 3/5
2026-09-07T04:38:10.799+01:00 INFO : Filtering template 378/384 segment 4/5
2026-09-07T04:38:10.800+01:00 INFO : Filtering template 378/384 segment 5/5
2026-09-07T04:38:10.800+01:00 INFO : 1 points above threshold
2026-09-07T04:38:10.803+01:00 INFO : 378: generating IMRPhenomD from 30.0 Hz
2026-09-07T04:38:10.804+01:00 INFO : Decompressing waveform using inline_linear
2026-09-07T04:38:10.806+01:00 INFO : Filtering template 379/384 segment 1/5
2026-09-07T04:38:10.807+01:00 INFO : 2 points above threshold
2026-09-07T04:38:10.811+01:00 INFO : Filtering template 379/384 segment 2/5
2026-09-07T04:38:10.812+01:00 INFO : Filtering template 379/384 segment 3/5
2026-09-07T04:38:10.812+01:00 INFO : 1 points above threshold
2026-09-07T04:38:10.815+01:00 INFO : Filtering template 379/384 segment 4/5
2026-09-07T04:38:10.816+01:00 INFO : 2 points above threshold
2026-09-07T04:38:10.819+01:00 INFO : Filtering template 379/384 segment 5/5
2026-09-07T04:38:10.820+01:00 INFO : 1 points above threshold
2026-09-07T04:38:10.823+01:00 INFO : 379: generating IMRPhenomD from 30.0 Hz
2026-09-07T04:38:10.824+01:00 INFO : Decompressing waveform using inline_linear
2026-09-07T04:38:10.826+01:00 INFO : Filtering template 380/384 segment 1/5
2026-09-07T04:38:10.827+01:00 INFO : Filtering template 380/384 segment 2/5
2026-09-07T04:38:10.827+01:00 INFO : 1 points above threshold
2026-09-07T04:38:10.831+01:00 INFO : Filtering template 380/384 segment 3/5
2026-09-07T04:38:10.831+01:00 INFO : 1 points above threshold
2026-09-07T04:38:10.833+01:00 INFO : Filtering template 380/384 segment 4/5
2026-09-07T04:38:10.834+01:00 INFO : 1 points above threshold
2026-09-07T04:38:10.836+01:00 INFO : Filtering template 380/384 segment 5/5
2026-09-07T04:38:10.837+01:00 INFO : 1 points above threshold
2026-09-07T04:38:10.840+01:00 INFO : 380: generating IMRPhenomD from 30.0 Hz
2026-09-07T04:38:10.841+01:00 INFO : Decompressing waveform using inline_linear
2026-09-07T04:38:10.843+01:00 INFO : Filtering template 381/384 segment 1/5
2026-09-07T04:38:10.844+01:00 INFO : 3 points above threshold
2026-09-07T04:38:10.848+01:00 INFO : Filtering template 381/384 segment 2/5
2026-09-07T04:38:10.849+01:00 INFO : 1 points above threshold
2026-09-07T04:38:10.851+01:00 INFO : Filtering template 381/384 segment 3/5
2026-09-07T04:38:10.851+01:00 INFO : 1 points above threshold
2026-09-07T04:38:10.854+01:00 INFO : Filtering template 381/384 segment 4/5
2026-09-07T04:38:10.854+01:00 INFO : Filtering template 381/384 segment 5/5
2026-09-07T04:38:10.855+01:00 INFO : 2 points above threshold
2026-09-07T04:38:10.859+01:00 INFO : 381: generating IMRPhenomD from 30.0 Hz
2026-09-07T04:38:10.860+01:00 INFO : Decompressing waveform using inline_linear
2026-09-07T04:38:10.862+01:00 INFO : Filtering template 382/384 segment 1/5
2026-09-07T04:38:10.863+01:00 INFO : 4 points above threshold
2026-09-07T04:38:10.867+01:00 INFO : Filtering template 382/384 segment 2/5
2026-09-07T04:38:10.867+01:00 INFO : Filtering template 382/384 segment 3/5
2026-09-07T04:38:10.868+01:00 INFO : 3 points above threshold
2026-09-07T04:38:10.871+01:00 INFO : Filtering template 382/384 segment 4/5
2026-09-07T04:38:10.872+01:00 INFO : 1 points above threshold
2026-09-07T04:38:10.874+01:00 INFO : Filtering template 382/384 segment 5/5
2026-09-07T04:38:10.875+01:00 INFO : 3 points above threshold
2026-09-07T04:38:10.879+01:00 INFO : 382: generating IMRPhenomD from 30.0 Hz
2026-09-07T04:38:10.880+01:00 INFO : Decompressing waveform using inline_linear
2026-09-07T04:38:10.882+01:00 INFO : Filtering template 383/384 segment 1/5
2026-09-07T04:38:10.883+01:00 INFO : 1 points above threshold
2026-09-07T04:38:10.886+01:00 INFO : Filtering template 383/384 segment 2/5
2026-09-07T04:38:10.887+01:00 INFO : 2 points above threshold
2026-09-07T04:38:10.890+01:00 INFO : Filtering template 383/384 segment 3/5
2026-09-07T04:38:10.891+01:00 INFO : Filtering template 383/384 segment 4/5
2026-09-07T04:38:10.891+01:00 INFO : 2 points above threshold
2026-09-07T04:38:10.895+01:00 INFO : Filtering template 383/384 segment 5/5
2026-09-07T04:38:10.895+01:00 INFO : 3 points above threshold
2026-09-07T04:38:10.899+01:00 INFO : 383: generating IMRPhenomD from 30.0 Hz
2026-09-07T04:38:10.901+01:00 INFO : Decompressing waveform using inline_linear
2026-09-07T04:38:10.902+01:00 INFO : Filtering template 384/384 segment 1/5
2026-09-07T04:38:10.903+01:00 INFO : 3 points above threshold
2026-09-07T04:38:10.908+01:00 INFO : Filtering template 384/384 segment 2/5
2026-09-07T04:38:10.908+01:00 INFO : Filtering template 384/384 segment 3/5
2026-09-07T04:38:10.908+01:00 INFO : 2 points above threshold
2026-09-07T04:38:10.912+01:00 INFO : Filtering template 384/384 segment 4/5
2026-09-07T04:38:10.912+01:00 INFO : Filtering template 384/384 segment 5/5
2026-09-07T04:38:10.913+01:00 INFO : 2 points above threshold
2026-09-07T04:38:10.917+01:00 INFO : We currently have 2205 triggers
2026-09-07T04:38:10.917+01:00 INFO : Removing triggers with NewSNR below threshold
2026-09-07T04:38:10.917+01:00 INFO : 1991 remaining triggers
2026-09-07T04:38:10.918+01:00 INFO : Outputting 1991 triggers
2026-09-07T04:38:10.918+01:00 INFO : Writing out triggers
2026-09-07T04:38:10.935+01:00 INFO : Finished
[ perf record: Woken up 376 times to write data ]
[ perf record: Captured and wrote 78.655 MB /home/xangma/pycbc-torch-reference-protocol-20260907/runs/profile-torch-cuda-filter-perf/perf.data (4855 samples) ]
