2026-09-08T15:57:44.900+01:00 INFO : Running with CPU support: 1 threads
2026-09-08T15:57:44.900+01:00 INFO : Reading Frames
2026-09-08T15:57:48.313+01:00 INFO : Highpass Filtering
2026-09-08T15:57:48.772+01:00 INFO : Resampling data
2026-09-08T15:57:48.785+01:00 INFO : Converting to float32
/home/xangma/pycbc-torch-precision-validation-20260908/corrected-baseline-campaign/proposed/pycbc/types/array.py:872: RuntimeWarning: divide by zero encountered in divide
  return self._data.__rtruediv__(other)
2026-09-08T15:57:52.331+01:00 INFO : Highpass Filtering
2026-09-08T15:57:52.784+01:00 INFO : Remove Padding
2026-09-08T15:57:52.807+01:00 INFO : Making frequency-domain data segments
2026-09-08T15:57:55.333+01:00 INFO : Overwhitening frequency-domain data segments
2026-09-08T15:57:55.354+01:00 INFO : Read in template bank
2026-09-08T15:57:55.364+01:00 INFO : Full template bank size: 384
2026-09-08T15:57:55.364+01:00 INFO : Template bank size after thinning: 384
2026-09-08T15:57:55.368+01:00 INFO : 0: generating IMRPhenomD from 30.0 Hz
2026-09-08T15:57:55.371+01:00 INFO : Decompressing waveform using inline_linear
2026-09-08T15:57:55.377+01:00 INFO : Filtering template 1/384 segment 1/5
2026-09-08T15:57:55.425+01:00 INFO : 1 points above threshold
2026-09-08T15:57:55.449+01:00 INFO : Filtering template 1/384 segment 2/5
2026-09-08T15:57:55.467+01:00 INFO : Filtering template 1/384 segment 3/5
2026-09-08T15:57:55.485+01:00 INFO : 1 points above threshold
2026-09-08T15:57:55.490+01:00 INFO : Filtering template 1/384 segment 4/5
2026-09-08T15:57:55.508+01:00 INFO : Filtering template 1/384 segment 5/5
2026-09-08T15:57:55.526+01:00 INFO : 1 points above threshold
2026-09-08T15:57:55.531+01:00 INFO : 1: generating IMRPhenomD from 30.0 Hz
2026-09-08T15:57:55.534+01:00 INFO : Decompressing waveform using inline_linear
2026-09-08T15:57:55.539+01:00 INFO : Filtering template 2/384 segment 1/5
2026-09-08T15:57:55.559+01:00 INFO : 1 points above threshold
2026-09-08T15:57:55.576+01:00 INFO : Filtering template 2/384 segment 2/5
2026-09-08T15:57:55.593+01:00 INFO : 1 points above threshold
2026-09-08T15:57:55.599+01:00 INFO : Filtering template 2/384 segment 3/5
2026-09-08T15:57:55.616+01:00 INFO : 2 points above threshold
2026-09-08T15:57:55.623+01:00 INFO : Filtering template 2/384 segment 4/5
2026-09-08T15:57:55.641+01:00 INFO : Filtering template 2/384 segment 5/5
2026-09-08T15:57:55.659+01:00 INFO : 1 points above threshold
2026-09-08T15:57:55.664+01:00 INFO : 2: generating IMRPhenomD from 30.0 Hz
2026-09-08T15:57:55.667+01:00 INFO : Decompressing waveform using inline_linear
2026-09-08T15:57:55.672+01:00 INFO : Filtering template 3/384 segment 1/5
2026-09-08T15:57:55.691+01:00 INFO : 3 points above threshold
2026-09-08T15:57:55.712+01:00 INFO : Filtering template 3/384 segment 2/5
2026-09-08T15:57:55.730+01:00 INFO : Filtering template 3/384 segment 3/5
2026-09-08T15:57:55.747+01:00 INFO : 1 points above threshold
2026-09-08T15:57:55.752+01:00 INFO : Filtering template 3/384 segment 4/5
2026-09-08T15:57:55.770+01:00 INFO : 1 points above threshold
2026-09-08T15:57:55.775+01:00 INFO : Filtering template 3/384 segment 5/5
2026-09-08T15:57:55.793+01:00 INFO : 3: generating IMRPhenomD from 30.0 Hz
2026-09-08T15:57:55.796+01:00 INFO : Decompressing waveform using inline_linear
2026-09-08T15:57:55.801+01:00 INFO : Filtering template 4/384 segment 1/5
2026-09-08T15:57:55.821+01:00 INFO : 1 points above threshold
2026-09-08T15:57:55.838+01:00 INFO : Filtering template 4/384 segment 2/5
2026-09-08T15:57:55.855+01:00 INFO : 1 points above threshold
2026-09-08T15:57:55.860+01:00 INFO : Filtering template 4/384 segment 3/5
2026-09-08T15:57:55.878+01:00 INFO : 2 points above threshold
2026-09-08T15:57:55.885+01:00 INFO : Filtering template 4/384 segment 4/5
2026-09-08T15:57:55.903+01:00 INFO : 2 points above threshold
2026-09-08T15:57:55.910+01:00 INFO : Filtering template 4/384 segment 5/5
2026-09-08T15:57:55.927+01:00 INFO : 2 points above threshold
2026-09-08T15:57:55.935+01:00 INFO : 4: generating IMRPhenomD from 30.0 Hz
2026-09-08T15:57:55.937+01:00 INFO : Decompressing waveform using inline_linear
2026-09-08T15:57:55.942+01:00 INFO : Filtering template 5/384 segment 1/5
2026-09-08T15:57:55.962+01:00 INFO : 1 points above threshold
2026-09-08T15:57:55.978+01:00 INFO : Filtering template 5/384 segment 2/5
2026-09-08T15:57:55.995+01:00 INFO : 2 points above threshold
2026-09-08T15:57:56.002+01:00 INFO : Filtering template 5/384 segment 3/5
2026-09-08T15:57:56.020+01:00 INFO : 2 points above threshold
2026-09-08T15:57:56.027+01:00 INFO : Filtering template 5/384 segment 4/5
2026-09-08T15:57:56.044+01:00 INFO : 2 points above threshold
2026-09-08T15:57:56.051+01:00 INFO : Filtering template 5/384 segment 5/5
2026-09-08T15:57:56.069+01:00 INFO : 5: generating IMRPhenomD from 30.0 Hz
2026-09-08T15:57:56.072+01:00 INFO : Decompressing waveform using inline_linear
2026-09-08T15:57:56.077+01:00 INFO : Filtering template 6/384 segment 1/5
2026-09-08T15:57:56.097+01:00 INFO : 1 points above threshold
2026-09-08T15:57:56.112+01:00 INFO : Filtering template 6/384 segment 2/5
2026-09-08T15:57:56.130+01:00 INFO : Filtering template 6/384 segment 3/5
2026-09-08T15:57:56.148+01:00 INFO : Filtering template 6/384 segment 4/5
2026-09-08T15:57:56.166+01:00 INFO : Filtering template 6/384 segment 5/5
2026-09-08T15:57:56.183+01:00 INFO : 1 points above threshold
2026-09-08T15:57:56.188+01:00 INFO : 6: generating IMRPhenomD from 30.0 Hz
2026-09-08T15:57:56.191+01:00 INFO : Decompressing waveform using inline_linear
2026-09-08T15:57:56.196+01:00 INFO : Filtering template 7/384 segment 1/5
2026-09-08T15:57:56.216+01:00 INFO : 2 points above threshold
2026-09-08T15:57:56.233+01:00 INFO : Filtering template 7/384 segment 2/5
2026-09-08T15:57:56.251+01:00 INFO : Filtering template 7/384 segment 3/5
2026-09-08T15:57:56.269+01:00 INFO : Filtering template 7/384 segment 4/5
2026-09-08T15:57:56.287+01:00 INFO : 1 points above threshold
2026-09-08T15:57:56.292+01:00 INFO : Filtering template 7/384 segment 5/5
2026-09-08T15:57:56.309+01:00 INFO : 7: generating IMRPhenomD from 30.0 Hz
2026-09-08T15:57:56.312+01:00 INFO : Decompressing waveform using inline_linear
2026-09-08T15:57:56.317+01:00 INFO : Filtering template 8/384 segment 1/5
2026-09-08T15:57:56.337+01:00 INFO : 2 points above threshold
2026-09-08T15:57:56.354+01:00 INFO : Filtering template 8/384 segment 2/5
2026-09-08T15:57:56.372+01:00 INFO : 1 points above threshold
2026-09-08T15:57:56.377+01:00 INFO : Filtering template 8/384 segment 3/5
2026-09-08T15:57:56.395+01:00 INFO : 4 points above threshold
2026-09-08T15:57:56.403+01:00 INFO : Filtering template 8/384 segment 4/5
2026-09-08T15:57:56.421+01:00 INFO : Filtering template 8/384 segment 5/5
2026-09-08T15:57:56.439+01:00 INFO : 8: generating IMRPhenomD from 30.0 Hz
2026-09-08T15:57:56.442+01:00 INFO : Decompressing waveform using inline_linear
2026-09-08T15:57:56.447+01:00 INFO : Filtering template 9/384 segment 1/5
2026-09-08T15:57:56.466+01:00 INFO : Filtering template 9/384 segment 2/5
2026-09-08T15:57:56.484+01:00 INFO : 1 points above threshold
2026-09-08T15:57:56.499+01:00 INFO : Filtering template 9/384 segment 3/5
2026-09-08T15:57:56.518+01:00 INFO : 2 points above threshold
2026-09-08T15:57:56.525+01:00 INFO : Filtering template 9/384 segment 4/5
2026-09-08T15:57:56.542+01:00 INFO : 1 points above threshold
2026-09-08T15:57:56.547+01:00 INFO : Filtering template 9/384 segment 5/5
2026-09-08T15:57:56.565+01:00 INFO : 3 points above threshold
2026-09-08T15:57:56.574+01:00 INFO : 9: generating IMRPhenomD from 30.0 Hz
2026-09-08T15:57:56.577+01:00 INFO : Decompressing waveform using inline_linear
2026-09-08T15:57:56.582+01:00 INFO : Filtering template 10/384 segment 1/5
2026-09-08T15:57:56.602+01:00 INFO : 1 points above threshold
2026-09-08T15:57:56.617+01:00 INFO : Filtering template 10/384 segment 2/5
2026-09-08T15:57:56.635+01:00 INFO : 1 points above threshold
2026-09-08T15:57:56.640+01:00 INFO : Filtering template 10/384 segment 3/5
2026-09-08T15:57:56.658+01:00 INFO : Filtering template 10/384 segment 4/5
2026-09-08T15:57:56.675+01:00 INFO : 2 points above threshold
2026-09-08T15:57:56.682+01:00 INFO : Filtering template 10/384 segment 5/5
2026-09-08T15:57:56.700+01:00 INFO : 1 points above threshold
2026-09-08T15:57:56.705+01:00 INFO : 10: generating IMRPhenomD from 30.0 Hz
2026-09-08T15:57:56.708+01:00 INFO : Decompressing waveform using inline_linear
2026-09-08T15:57:56.713+01:00 INFO : Filtering template 11/384 segment 1/5
2026-09-08T15:57:56.733+01:00 INFO : 2 points above threshold
2026-09-08T15:57:56.750+01:00 INFO : Filtering template 11/384 segment 2/5
2026-09-08T15:57:56.767+01:00 INFO : Filtering template 11/384 segment 3/5
2026-09-08T15:57:56.785+01:00 INFO : 1 points above threshold
2026-09-08T15:57:56.790+01:00 INFO : Filtering template 11/384 segment 4/5
2026-09-08T15:57:56.808+01:00 INFO : 1 points above threshold
2026-09-08T15:57:56.813+01:00 INFO : Filtering template 11/384 segment 5/5
2026-09-08T15:57:56.831+01:00 INFO : 1 points above threshold
2026-09-08T15:57:56.836+01:00 INFO : 11: generating IMRPhenomD from 30.0 Hz
2026-09-08T15:57:56.839+01:00 INFO : Decompressing waveform using inline_linear
2026-09-08T15:57:56.844+01:00 INFO : Filtering template 12/384 segment 1/5
2026-09-08T15:57:56.864+01:00 INFO : Filtering template 12/384 segment 2/5
2026-09-08T15:57:56.881+01:00 INFO : 1 points above threshold
2026-09-08T15:57:56.897+01:00 INFO : Filtering template 12/384 segment 3/5
2026-09-08T15:57:56.914+01:00 INFO : Filtering template 12/384 segment 4/5
2026-09-08T15:57:56.932+01:00 INFO : 1 points above threshold
2026-09-08T15:57:56.937+01:00 INFO : Filtering template 12/384 segment 5/5
2026-09-08T15:57:56.955+01:00 INFO : 1 points above threshold
2026-09-08T15:57:56.960+01:00 INFO : 12: generating IMRPhenomD from 30.0 Hz
2026-09-08T15:57:56.963+01:00 INFO : Decompressing waveform using inline_linear
2026-09-08T15:57:56.968+01:00 INFO : Filtering template 13/384 segment 1/5
2026-09-08T15:57:56.987+01:00 INFO : 1 points above threshold
2026-09-08T15:57:57.003+01:00 INFO : Filtering template 13/384 segment 2/5
2026-09-08T15:57:57.020+01:00 INFO : Filtering template 13/384 segment 3/5
2026-09-08T15:57:57.038+01:00 INFO : 2 points above threshold
2026-09-08T15:57:57.045+01:00 INFO : Filtering template 13/384 segment 4/5
2026-09-08T15:57:57.063+01:00 INFO : Filtering template 13/384 segment 5/5
2026-09-08T15:57:57.080+01:00 INFO : 2 points above threshold
2026-09-08T15:57:57.088+01:00 INFO : 13: generating IMRPhenomD from 30.0 Hz
2026-09-08T15:57:57.090+01:00 INFO : Decompressing waveform using inline_linear
2026-09-08T15:57:57.095+01:00 INFO : Filtering template 14/384 segment 1/5
2026-09-08T15:57:57.115+01:00 INFO : 2 points above threshold
2026-09-08T15:57:57.132+01:00 INFO : Filtering template 14/384 segment 2/5
2026-09-08T15:57:57.150+01:00 INFO : 1 points above threshold
2026-09-08T15:57:57.155+01:00 INFO : Filtering template 14/384 segment 3/5
2026-09-08T15:57:57.173+01:00 INFO : 2 points above threshold
2026-09-08T15:57:57.180+01:00 INFO : Filtering template 14/384 segment 4/5
2026-09-08T15:57:57.197+01:00 INFO : 2 points above threshold
2026-09-08T15:57:57.204+01:00 INFO : Filtering template 14/384 segment 5/5
2026-09-08T15:57:57.222+01:00 INFO : 3 points above threshold
2026-09-08T15:57:57.231+01:00 INFO : 14: generating IMRPhenomD from 30.0 Hz
2026-09-08T15:57:57.234+01:00 INFO : Decompressing waveform using inline_linear
2026-09-08T15:57:57.239+01:00 INFO : Filtering template 15/384 segment 1/5
2026-09-08T15:57:57.258+01:00 INFO : Filtering template 15/384 segment 2/5
2026-09-08T15:57:57.276+01:00 INFO : 3 points above threshold
2026-09-08T15:57:57.295+01:00 INFO : Filtering template 15/384 segment 3/5
2026-09-08T15:57:57.313+01:00 INFO : 1 points above threshold
2026-09-08T15:57:57.318+01:00 INFO : Filtering template 15/384 segment 4/5
2026-09-08T15:57:57.335+01:00 INFO : Filtering template 15/384 segment 5/5
2026-09-08T15:57:57.353+01:00 INFO : 1 points above threshold
2026-09-08T15:57:57.358+01:00 INFO : 15: generating IMRPhenomD from 30.0 Hz
2026-09-08T15:57:57.361+01:00 INFO : Decompressing waveform using inline_linear
2026-09-08T15:57:57.366+01:00 INFO : Filtering template 16/384 segment 1/5
2026-09-08T15:57:57.386+01:00 INFO : 3 points above threshold
2026-09-08T15:57:57.405+01:00 INFO : Filtering template 16/384 segment 2/5
2026-09-08T15:57:57.423+01:00 INFO : 1 points above threshold
2026-09-08T15:57:57.428+01:00 INFO : Filtering template 16/384 segment 3/5
2026-09-08T15:57:57.446+01:00 INFO : 3 points above threshold
2026-09-08T15:57:57.455+01:00 INFO : Filtering template 16/384 segment 4/5
2026-09-08T15:57:57.472+01:00 INFO : Filtering template 16/384 segment 5/5
2026-09-08T15:57:57.490+01:00 INFO : 16: generating IMRPhenomD from 30.0 Hz
2026-09-08T15:57:57.493+01:00 INFO : Decompressing waveform using inline_linear
2026-09-08T15:57:57.498+01:00 INFO : Filtering template 17/384 segment 1/5
2026-09-08T15:57:57.518+01:00 INFO : 1 points above threshold
2026-09-08T15:57:57.533+01:00 INFO : Filtering template 17/384 segment 2/5
2026-09-08T15:57:57.551+01:00 INFO : 1 points above threshold
2026-09-08T15:57:57.556+01:00 INFO : Filtering template 17/384 segment 3/5
2026-09-08T15:57:57.573+01:00 INFO : 2 points above threshold
2026-09-08T15:57:57.580+01:00 INFO : Filtering template 17/384 segment 4/5
2026-09-08T15:57:57.598+01:00 INFO : 1 points above threshold
2026-09-08T15:57:57.603+01:00 INFO : Filtering template 17/384 segment 5/5
2026-09-08T15:57:57.621+01:00 INFO : 1 points above threshold
2026-09-08T15:57:57.626+01:00 INFO : 17: generating IMRPhenomD from 30.0 Hz
2026-09-08T15:57:57.629+01:00 INFO : Decompressing waveform using inline_linear
2026-09-08T15:57:57.634+01:00 INFO : Filtering template 18/384 segment 1/5
2026-09-08T15:57:57.654+01:00 INFO : 1 points above threshold
2026-09-08T15:57:57.669+01:00 INFO : Filtering template 18/384 segment 2/5
2026-09-08T15:57:57.687+01:00 INFO : 1 points above threshold
2026-09-08T15:57:57.692+01:00 INFO : Filtering template 18/384 segment 3/5
2026-09-08T15:57:57.709+01:00 INFO : 1 points above threshold
2026-09-08T15:57:57.715+01:00 INFO : Filtering template 18/384 segment 4/5
2026-09-08T15:57:57.732+01:00 INFO : 1 points above threshold
2026-09-08T15:57:57.737+01:00 INFO : Filtering template 18/384 segment 5/5
2026-09-08T15:57:57.755+01:00 INFO : 1 points above threshold
2026-09-08T15:57:57.760+01:00 INFO : 18: generating IMRPhenomD from 30.0 Hz
2026-09-08T15:57:57.763+01:00 INFO : Decompressing waveform using inline_linear
2026-09-08T15:57:57.768+01:00 INFO : Filtering template 19/384 segment 1/5
2026-09-08T15:57:57.788+01:00 INFO : 2 points above threshold
2026-09-08T15:57:57.805+01:00 INFO : Filtering template 19/384 segment 2/5
2026-09-08T15:57:57.822+01:00 INFO : 2 points above threshold
2026-09-08T15:57:57.829+01:00 INFO : Filtering template 19/384 segment 3/5
2026-09-08T15:57:57.847+01:00 INFO : 4 points above threshold
2026-09-08T15:57:57.856+01:00 INFO : Filtering template 19/384 segment 4/5
2026-09-08T15:57:57.873+01:00 INFO : Filtering template 19/384 segment 5/5
2026-09-08T15:57:57.891+01:00 INFO : 1 points above threshold
2026-09-08T15:57:57.896+01:00 INFO : 19: generating IMRPhenomD from 30.0 Hz
2026-09-08T15:57:57.899+01:00 INFO : Decompressing waveform using inline_linear
2026-09-08T15:57:57.904+01:00 INFO : Filtering template 20/384 segment 1/5
2026-09-08T15:57:57.924+01:00 INFO : Filtering template 20/384 segment 2/5
2026-09-08T15:57:57.942+01:00 INFO : 1 points above threshold
2026-09-08T15:57:57.957+01:00 INFO : Filtering template 20/384 segment 3/5
2026-09-08T15:57:57.975+01:00 INFO : 1 points above threshold
2026-09-08T15:57:57.980+01:00 INFO : Filtering template 20/384 segment 4/5
2026-09-08T15:57:57.997+01:00 INFO : 1 points above threshold
2026-09-08T15:57:58.003+01:00 INFO : Filtering template 20/384 segment 5/5
2026-09-08T15:57:58.020+01:00 INFO : 20: generating IMRPhenomD from 30.0 Hz
2026-09-08T15:57:58.023+01:00 INFO : Decompressing waveform using inline_linear
2026-09-08T15:57:58.028+01:00 INFO : Filtering template 21/384 segment 1/5
2026-09-08T15:57:58.048+01:00 INFO : Filtering template 21/384 segment 2/5
2026-09-08T15:57:58.066+01:00 INFO : Filtering template 21/384 segment 3/5
2026-09-08T15:57:58.084+01:00 INFO : 3 points above threshold
2026-09-08T15:57:58.103+01:00 INFO : Filtering template 21/384 segment 4/5
2026-09-08T15:57:58.121+01:00 INFO : 1 points above threshold
2026-09-08T15:57:58.126+01:00 INFO : Filtering template 21/384 segment 5/5
2026-09-08T15:57:58.143+01:00 INFO : 1 points above threshold
2026-09-08T15:57:58.149+01:00 INFO : 21: generating IMRPhenomD from 30.0 Hz
2026-09-08T15:57:58.151+01:00 INFO : Decompressing waveform using inline_linear
2026-09-08T15:57:58.156+01:00 INFO : Filtering template 22/384 segment 1/5
2026-09-08T15:57:58.176+01:00 INFO : Filtering template 22/384 segment 2/5
2026-09-08T15:57:58.194+01:00 INFO : 2 points above threshold
2026-09-08T15:57:58.211+01:00 INFO : Filtering template 22/384 segment 3/5
2026-09-08T15:57:58.228+01:00 INFO : 2 points above threshold
2026-09-08T15:57:58.235+01:00 INFO : Filtering template 22/384 segment 4/5
2026-09-08T15:57:58.253+01:00 INFO : 1 points above threshold
2026-09-08T15:57:58.258+01:00 INFO : Filtering template 22/384 segment 5/5
2026-09-08T15:57:58.276+01:00 INFO : 1 points above threshold
2026-09-08T15:57:58.281+01:00 INFO : 22: generating IMRPhenomD from 30.0 Hz
2026-09-08T15:57:58.284+01:00 INFO : Decompressing waveform using inline_linear
2026-09-08T15:57:58.289+01:00 INFO : Filtering template 23/384 segment 1/5
2026-09-08T15:57:58.309+01:00 INFO : Filtering template 23/384 segment 2/5
2026-09-08T15:57:58.327+01:00 INFO : 3 points above threshold
2026-09-08T15:57:58.346+01:00 INFO : Filtering template 23/384 segment 3/5
2026-09-08T15:57:58.363+01:00 INFO : 1 points above threshold
2026-09-08T15:57:58.369+01:00 INFO : Filtering template 23/384 segment 4/5
2026-09-08T15:57:58.386+01:00 INFO : Filtering template 23/384 segment 5/5
2026-09-08T15:57:58.404+01:00 INFO : 23: generating IMRPhenomD from 30.0 Hz
2026-09-08T15:57:58.416+01:00 INFO : Decompressing waveform using inline_linear
2026-09-08T15:57:58.421+01:00 INFO : Filtering template 24/384 segment 1/5
2026-09-08T15:57:58.443+01:00 INFO : 4 points above threshold
2026-09-08T15:57:58.468+01:00 INFO : Filtering template 24/384 segment 2/5
2026-09-08T15:57:58.485+01:00 INFO : 1 points above threshold
2026-09-08T15:57:58.491+01:00 INFO : Filtering template 24/384 segment 3/5
2026-09-08T15:57:58.508+01:00 INFO : 3 points above threshold
2026-09-08T15:57:58.517+01:00 INFO : Filtering template 24/384 segment 4/5
2026-09-08T15:57:58.535+01:00 INFO : 2 points above threshold
2026-09-08T15:57:58.542+01:00 INFO : Filtering template 24/384 segment 5/5
2026-09-08T15:57:58.560+01:00 INFO : 24: generating IMRPhenomD from 30.0 Hz
2026-09-08T15:57:58.563+01:00 INFO : Decompressing waveform using inline_linear
2026-09-08T15:57:58.567+01:00 INFO : Filtering template 25/384 segment 1/5
2026-09-08T15:57:58.587+01:00 INFO : 3 points above threshold
2026-09-08T15:57:58.608+01:00 INFO : Filtering template 25/384 segment 2/5
2026-09-08T15:57:58.625+01:00 INFO : Filtering template 25/384 segment 3/5
2026-09-08T15:57:58.643+01:00 INFO : Filtering template 25/384 segment 4/5
2026-09-08T15:57:58.661+01:00 INFO : 2 points above threshold
2026-09-08T15:57:58.668+01:00 INFO : Filtering template 25/384 segment 5/5
2026-09-08T15:57:58.686+01:00 INFO : 25: generating IMRPhenomD from 30.0 Hz
2026-09-08T15:57:58.689+01:00 INFO : Decompressing waveform using inline_linear
2026-09-08T15:57:58.693+01:00 INFO : Filtering template 26/384 segment 1/5
2026-09-08T15:57:58.713+01:00 INFO : 2 points above threshold
2026-09-08T15:57:58.732+01:00 INFO : Filtering template 26/384 segment 2/5
2026-09-08T15:57:58.749+01:00 INFO : 1 points above threshold
2026-09-08T15:57:58.754+01:00 INFO : Filtering template 26/384 segment 3/5
2026-09-08T15:57:58.772+01:00 INFO : 2 points above threshold
2026-09-08T15:57:58.779+01:00 INFO : Filtering template 26/384 segment 4/5
2026-09-08T15:57:58.796+01:00 INFO : Filtering template 26/384 segment 5/5
2026-09-08T15:57:58.814+01:00 INFO : 1 points above threshold
2026-09-08T15:57:58.820+01:00 INFO : 26: generating IMRPhenomD from 30.0 Hz
2026-09-08T15:57:58.823+01:00 INFO : Decompressing waveform using inline_linear
2026-09-08T15:57:58.828+01:00 INFO : Filtering template 27/384 segment 1/5
2026-09-08T15:57:58.848+01:00 INFO : 1 points above threshold
2026-09-08T15:57:58.865+01:00 INFO : Filtering template 27/384 segment 2/5
2026-09-08T15:57:58.882+01:00 INFO : 4 points above threshold
2026-09-08T15:57:58.891+01:00 INFO : Filtering template 27/384 segment 3/5
2026-09-08T15:57:58.913+01:00 INFO : 1 points above threshold
2026-09-08T15:57:58.919+01:00 INFO : Filtering template 27/384 segment 4/5
2026-09-08T15:57:58.937+01:00 INFO : 1 points above threshold
2026-09-08T15:57:58.942+01:00 INFO : Filtering template 27/384 segment 5/5
2026-09-08T15:57:58.962+01:00 INFO : 27: generating IMRPhenomD from 30.0 Hz
2026-09-08T15:57:58.965+01:00 INFO : Decompressing waveform using inline_linear
2026-09-08T15:57:58.970+01:00 INFO : Filtering template 28/384 segment 1/5
2026-09-08T15:57:58.990+01:00 INFO : 2 points above threshold
2026-09-08T15:57:59.009+01:00 INFO : Filtering template 28/384 segment 2/5
2026-09-08T15:57:59.026+01:00 INFO : 1 points above threshold
2026-09-08T15:57:59.032+01:00 INFO : Filtering template 28/384 segment 3/5
2026-09-08T15:57:59.049+01:00 INFO : 1 points above threshold
2026-09-08T15:57:59.054+01:00 INFO : Filtering template 28/384 segment 4/5
2026-09-08T15:57:59.072+01:00 INFO : 1 points above threshold
2026-09-08T15:57:59.077+01:00 INFO : Filtering template 28/384 segment 5/5
2026-09-08T15:57:59.095+01:00 INFO : 28: generating IMRPhenomD from 30.0 Hz
2026-09-08T15:57:59.098+01:00 INFO : Decompressing waveform using inline_linear
2026-09-08T15:57:59.102+01:00 INFO : Filtering template 29/384 segment 1/5
2026-09-08T15:57:59.122+01:00 INFO : 2 points above threshold
2026-09-08T15:57:59.140+01:00 INFO : Filtering template 29/384 segment 2/5
2026-09-08T15:57:59.157+01:00 INFO : Filtering template 29/384 segment 3/5
2026-09-08T15:57:59.175+01:00 INFO : 2 points above threshold
2026-09-08T15:57:59.182+01:00 INFO : Filtering template 29/384 segment 4/5
2026-09-08T15:57:59.199+01:00 INFO : Filtering template 29/384 segment 5/5
2026-09-08T15:57:59.217+01:00 INFO : 1 points above threshold
2026-09-08T15:57:59.222+01:00 INFO : 29: generating IMRPhenomD from 30.0 Hz
2026-09-08T15:57:59.225+01:00 INFO : Decompressing waveform using inline_linear
2026-09-08T15:57:59.230+01:00 INFO : Filtering template 30/384 segment 1/5
2026-09-08T15:57:59.250+01:00 INFO : 1 points above threshold
2026-09-08T15:57:59.265+01:00 INFO : Filtering template 30/384 segment 2/5
2026-09-08T15:57:59.283+01:00 INFO : 2 points above threshold
2026-09-08T15:57:59.290+01:00 INFO : Filtering template 30/384 segment 3/5
2026-09-08T15:57:59.307+01:00 INFO : Filtering template 30/384 segment 4/5
2026-09-08T15:57:59.325+01:00 INFO : 3 points above threshold
2026-09-08T15:57:59.334+01:00 INFO : Filtering template 30/384 segment 5/5
2026-09-08T15:57:59.352+01:00 INFO : 2 points above threshold
2026-09-08T15:57:59.359+01:00 INFO : 30: generating IMRPhenomD from 30.0 Hz
2026-09-08T15:57:59.362+01:00 INFO : Decompressing waveform using inline_linear
2026-09-08T15:57:59.366+01:00 INFO : Filtering template 31/384 segment 1/5
2026-09-08T15:57:59.386+01:00 INFO : Filtering template 31/384 segment 2/5
2026-09-08T15:57:59.404+01:00 INFO : 1 points above threshold
2026-09-08T15:57:59.419+01:00 INFO : Filtering template 31/384 segment 3/5
2026-09-08T15:57:59.437+01:00 INFO : 2 points above threshold
2026-09-08T15:57:59.444+01:00 INFO : Filtering template 31/384 segment 4/5
2026-09-08T15:57:59.461+01:00 INFO : 1 points above threshold
2026-09-08T15:57:59.466+01:00 INFO : Filtering template 31/384 segment 5/5
2026-09-08T15:57:59.484+01:00 INFO : 2 points above threshold
2026-09-08T15:57:59.491+01:00 INFO : 31: generating IMRPhenomD from 30.0 Hz
2026-09-08T15:57:59.494+01:00 INFO : Decompressing waveform using inline_linear
2026-09-08T15:57:59.499+01:00 INFO : Filtering template 32/384 segment 1/5
2026-09-08T15:57:59.519+01:00 INFO : Filtering template 32/384 segment 2/5
2026-09-08T15:57:59.536+01:00 INFO : Filtering template 32/384 segment 3/5
2026-09-08T15:57:59.554+01:00 INFO : 2 points above threshold
2026-09-08T15:57:59.571+01:00 INFO : Filtering template 32/384 segment 4/5
2026-09-08T15:57:59.589+01:00 INFO : 1 points above threshold
2026-09-08T15:57:59.594+01:00 INFO : Filtering template 32/384 segment 5/5
2026-09-08T15:57:59.612+01:00 INFO : 2 points above threshold
2026-09-08T15:57:59.619+01:00 INFO : 32: generating IMRPhenomD from 30.0 Hz
2026-09-08T15:57:59.622+01:00 INFO : Decompressing waveform using inline_linear
2026-09-08T15:57:59.626+01:00 INFO : Filtering template 33/384 segment 1/5
2026-09-08T15:57:59.646+01:00 INFO : Filtering template 33/384 segment 2/5
2026-09-08T15:57:59.664+01:00 INFO : Filtering template 33/384 segment 3/5
2026-09-08T15:57:59.681+01:00 INFO : 1 points above threshold
2026-09-08T15:57:59.697+01:00 INFO : Filtering template 33/384 segment 4/5
2026-09-08T15:57:59.714+01:00 INFO : 2 points above threshold
2026-09-08T15:57:59.721+01:00 INFO : Filtering template 33/384 segment 5/5
2026-09-08T15:57:59.739+01:00 INFO : 2 points above threshold
2026-09-08T15:57:59.746+01:00 INFO : 33: generating IMRPhenomD from 30.0 Hz
2026-09-08T15:57:59.749+01:00 INFO : Decompressing waveform using inline_linear
2026-09-08T15:57:59.754+01:00 INFO : Filtering template 34/384 segment 1/5
2026-09-08T15:57:59.774+01:00 INFO : 1 points above threshold
2026-09-08T15:57:59.789+01:00 INFO : Filtering template 34/384 segment 2/5
2026-09-08T15:57:59.807+01:00 INFO : 1 points above threshold
2026-09-08T15:57:59.812+01:00 INFO : Filtering template 34/384 segment 3/5
2026-09-08T15:57:59.829+01:00 INFO : 2 points above threshold
2026-09-08T15:57:59.836+01:00 INFO : Filtering template 34/384 segment 4/5
2026-09-08T15:57:59.854+01:00 INFO : 1 points above threshold
2026-09-08T15:57:59.859+01:00 INFO : Filtering template 34/384 segment 5/5
2026-09-08T15:57:59.877+01:00 INFO : 2 points above threshold
2026-09-08T15:57:59.884+01:00 INFO : 34: generating IMRPhenomD from 30.0 Hz
2026-09-08T15:57:59.887+01:00 INFO : Decompressing waveform using inline_linear
2026-09-08T15:57:59.891+01:00 INFO : Filtering template 35/384 segment 1/5
2026-09-08T15:57:59.911+01:00 INFO : 5 points above threshold
2026-09-08T15:57:59.933+01:00 INFO : Filtering template 35/384 segment 2/5
2026-09-08T15:57:59.950+01:00 INFO : 1 points above threshold
2026-09-08T15:57:59.956+01:00 INFO : Filtering template 35/384 segment 3/5
2026-09-08T15:57:59.973+01:00 INFO : Filtering template 35/384 segment 4/5
2026-09-08T15:57:59.991+01:00 INFO : 1 points above threshold
2026-09-08T15:57:59.996+01:00 INFO : Filtering template 35/384 segment 5/5
2026-09-08T15:58:00.013+01:00 INFO : 2 points above threshold
2026-09-08T15:58:00.021+01:00 INFO : 35: generating IMRPhenomD from 30.0 Hz
2026-09-08T15:58:00.023+01:00 INFO : Decompressing waveform using inline_linear
2026-09-08T15:58:00.028+01:00 INFO : Filtering template 36/384 segment 1/5
2026-09-08T15:58:00.048+01:00 INFO : 1 points above threshold
2026-09-08T15:58:00.063+01:00 INFO : Filtering template 36/384 segment 2/5
2026-09-08T15:58:00.081+01:00 INFO : 1 points above threshold
2026-09-08T15:58:00.086+01:00 INFO : Filtering template 36/384 segment 3/5
2026-09-08T15:58:00.104+01:00 INFO : Filtering template 36/384 segment 4/5
2026-09-08T15:58:00.122+01:00 INFO : 1 points above threshold
2026-09-08T15:58:00.127+01:00 INFO : Filtering template 36/384 segment 5/5
2026-09-08T15:58:00.144+01:00 INFO : 1 points above threshold
2026-09-08T15:58:00.150+01:00 INFO : 36: generating IMRPhenomD from 30.0 Hz
2026-09-08T15:58:00.153+01:00 INFO : Decompressing waveform using inline_linear
2026-09-08T15:58:00.157+01:00 INFO : Filtering template 37/384 segment 1/5
2026-09-08T15:58:00.177+01:00 INFO : 1 points above threshold
2026-09-08T15:58:00.192+01:00 INFO : Filtering template 37/384 segment 2/5
2026-09-08T15:58:00.210+01:00 INFO : Filtering template 37/384 segment 3/5
2026-09-08T15:58:00.228+01:00 INFO : 1 points above threshold
2026-09-08T15:58:00.233+01:00 INFO : Filtering template 37/384 segment 4/5
2026-09-08T15:58:00.250+01:00 INFO : Filtering template 37/384 segment 5/5
2026-09-08T15:58:00.268+01:00 INFO : 37: generating IMRPhenomD from 30.0 Hz
2026-09-08T15:58:00.271+01:00 INFO : Decompressing waveform using inline_linear
2026-09-08T15:58:00.276+01:00 INFO : Filtering template 38/384 segment 1/5
2026-09-08T15:58:00.296+01:00 INFO : Filtering template 38/384 segment 2/5
2026-09-08T15:58:00.313+01:00 INFO : Filtering template 38/384 segment 3/5
2026-09-08T15:58:00.331+01:00 INFO : 1 points above threshold
2026-09-08T15:58:00.346+01:00 INFO : Filtering template 38/384 segment 4/5
2026-09-08T15:58:00.364+01:00 INFO : 1 points above threshold
2026-09-08T15:58:00.369+01:00 INFO : Filtering template 38/384 segment 5/5
2026-09-08T15:58:00.387+01:00 INFO : 38: generating IMRPhenomD from 30.0 Hz
2026-09-08T15:58:00.389+01:00 INFO : Decompressing waveform using inline_linear
2026-09-08T15:58:00.394+01:00 INFO : Filtering template 39/384 segment 1/5
2026-09-08T15:58:00.414+01:00 INFO : Filtering template 39/384 segment 2/5
2026-09-08T15:58:00.432+01:00 INFO : Filtering template 39/384 segment 3/5
2026-09-08T15:58:00.449+01:00 INFO : Filtering template 39/384 segment 4/5
2026-09-08T15:58:00.467+01:00 INFO : 3 points above threshold
2026-09-08T15:58:00.486+01:00 INFO : Filtering template 39/384 segment 5/5
2026-09-08T15:58:00.504+01:00 INFO : 2 points above threshold
2026-09-08T15:58:00.511+01:00 INFO : 39: generating IMRPhenomD from 30.0 Hz
2026-09-08T15:58:00.514+01:00 INFO : Decompressing waveform using inline_linear
2026-09-08T15:58:00.518+01:00 INFO : Filtering template 40/384 segment 1/5
2026-09-08T15:58:00.538+01:00 INFO : 3 points above threshold
2026-09-08T15:58:00.557+01:00 INFO : Filtering template 40/384 segment 2/5
2026-09-08T15:58:00.575+01:00 INFO : 1 points above threshold
2026-09-08T15:58:00.580+01:00 INFO : Filtering template 40/384 segment 3/5
2026-09-08T15:58:00.598+01:00 INFO : 1 points above threshold
2026-09-08T15:58:00.603+01:00 INFO : Filtering template 40/384 segment 4/5
2026-09-08T15:58:00.620+01:00 INFO : 2 points above threshold
2026-09-08T15:58:00.627+01:00 INFO : Filtering template 40/384 segment 5/5
2026-09-08T15:58:00.645+01:00 INFO : 1 points above threshold
2026-09-08T15:58:00.650+01:00 INFO : 40: generating IMRPhenomD from 30.0 Hz
2026-09-08T15:58:00.653+01:00 INFO : Decompressing waveform using inline_linear
2026-09-08T15:58:00.658+01:00 INFO : Filtering template 41/384 segment 1/5
2026-09-08T15:58:00.678+01:00 INFO : Filtering template 41/384 segment 2/5
2026-09-08T15:58:00.695+01:00 INFO : 1 points above threshold
2026-09-08T15:58:00.710+01:00 INFO : Filtering template 41/384 segment 3/5
2026-09-08T15:58:00.728+01:00 INFO : Filtering template 41/384 segment 4/5
2026-09-08T15:58:00.746+01:00 INFO : Filtering template 41/384 segment 5/5
2026-09-08T15:58:00.764+01:00 INFO : 41: generating IMRPhenomD from 30.0 Hz
2026-09-08T15:58:00.766+01:00 INFO : Decompressing waveform using inline_linear
2026-09-08T15:58:00.771+01:00 INFO : Filtering template 42/384 segment 1/5
2026-09-08T15:58:00.791+01:00 INFO : 2 points above threshold
2026-09-08T15:58:00.808+01:00 INFO : Filtering template 42/384 segment 2/5
2026-09-08T15:58:00.826+01:00 INFO : Filtering template 42/384 segment 3/5
2026-09-08T15:58:00.843+01:00 INFO : 2 points above threshold
2026-09-08T15:58:00.850+01:00 INFO : Filtering template 42/384 segment 4/5
2026-09-08T15:58:00.868+01:00 INFO : 3 points above threshold
2026-09-08T15:58:00.877+01:00 INFO : Filtering template 42/384 segment 5/5
2026-09-08T15:58:00.895+01:00 INFO : 2 points above threshold
2026-09-08T15:58:00.902+01:00 INFO : 42: generating IMRPhenomD from 30.0 Hz
2026-09-08T15:58:00.905+01:00 INFO : Decompressing waveform using inline_linear
2026-09-08T15:58:00.909+01:00 INFO : Filtering template 43/384 segment 1/5
2026-09-08T15:58:00.929+01:00 INFO : 3 points above threshold
2026-09-08T15:58:00.948+01:00 INFO : Filtering template 43/384 segment 2/5
2026-09-08T15:58:00.966+01:00 INFO : 2 points above threshold
2026-09-08T15:58:00.973+01:00 INFO : Filtering template 43/384 segment 3/5
2026-09-08T15:58:00.990+01:00 INFO : Filtering template 43/384 segment 4/5
2026-09-08T15:58:01.008+01:00 INFO : Filtering template 43/384 segment 5/5
2026-09-08T15:58:01.026+01:00 INFO : 1 points above threshold
2026-09-08T15:58:01.031+01:00 INFO : 43: generating IMRPhenomD from 30.0 Hz
2026-09-08T15:58:01.034+01:00 INFO : Decompressing waveform using inline_linear
2026-09-08T15:58:01.039+01:00 INFO : Filtering template 44/384 segment 1/5
2026-09-08T15:58:01.058+01:00 INFO : Filtering template 44/384 segment 2/5
2026-09-08T15:58:01.076+01:00 INFO : 2 points above threshold
2026-09-08T15:58:01.093+01:00 INFO : Filtering template 44/384 segment 3/5
2026-09-08T15:58:01.111+01:00 INFO : Filtering template 44/384 segment 4/5
2026-09-08T15:58:01.128+01:00 INFO : 1 points above threshold
2026-09-08T15:58:01.133+01:00 INFO : Filtering template 44/384 segment 5/5
2026-09-08T15:58:01.151+01:00 INFO : 2 points above threshold
2026-09-08T15:58:01.158+01:00 INFO : 44: generating IMRPhenomD from 30.0 Hz
2026-09-08T15:58:01.161+01:00 INFO : Decompressing waveform using inline_linear
2026-09-08T15:58:01.166+01:00 INFO : Filtering template 45/384 segment 1/5
2026-09-08T15:58:01.185+01:00 INFO : 1 points above threshold
2026-09-08T15:58:01.200+01:00 INFO : Filtering template 45/384 segment 2/5
2026-09-08T15:58:01.218+01:00 INFO : Filtering template 45/384 segment 3/5
2026-09-08T15:58:01.236+01:00 INFO : 1 points above threshold
2026-09-08T15:58:01.241+01:00 INFO : Filtering template 45/384 segment 4/5
2026-09-08T15:58:01.258+01:00 INFO : Filtering template 45/384 segment 5/5
2026-09-08T15:58:01.276+01:00 INFO : 2 points above threshold
2026-09-08T15:58:01.283+01:00 INFO : 45: generating IMRPhenomD from 30.0 Hz
2026-09-08T15:58:01.286+01:00 INFO : Decompressing waveform using inline_linear
2026-09-08T15:58:01.291+01:00 INFO : Filtering template 46/384 segment 1/5
2026-09-08T15:58:01.310+01:00 INFO : 3 points above threshold
2026-09-08T15:58:01.330+01:00 INFO : Filtering template 46/384 segment 2/5
2026-09-08T15:58:01.347+01:00 INFO : 1 points above threshold
2026-09-08T15:58:01.352+01:00 INFO : Filtering template 46/384 segment 3/5
2026-09-08T15:58:01.370+01:00 INFO : 1 points above threshold
2026-09-08T15:58:01.375+01:00 INFO : Filtering template 46/384 segment 4/5
2026-09-08T15:58:01.393+01:00 INFO : Filtering template 46/384 segment 5/5
2026-09-08T15:58:01.410+01:00 INFO : 1 points above threshold
2026-09-08T15:58:01.416+01:00 INFO : 46: generating IMRPhenomD from 30.0 Hz
2026-09-08T15:58:01.418+01:00 INFO : Decompressing waveform using inline_linear
2026-09-08T15:58:01.423+01:00 INFO : Filtering template 47/384 segment 1/5
2026-09-08T15:58:01.443+01:00 INFO : 1 points above threshold
2026-09-08T15:58:01.458+01:00 INFO : Filtering template 47/384 segment 2/5
2026-09-08T15:58:01.476+01:00 INFO : 1 points above threshold
2026-09-08T15:58:01.481+01:00 INFO : Filtering template 47/384 segment 3/5
2026-09-08T15:58:01.498+01:00 INFO : 1 points above threshold
2026-09-08T15:58:01.503+01:00 INFO : Filtering template 47/384 segment 4/5
2026-09-08T15:58:01.521+01:00 INFO : 1 points above threshold
2026-09-08T15:58:01.526+01:00 INFO : Filtering template 47/384 segment 5/5
2026-09-08T15:58:01.544+01:00 INFO : 1 points above threshold
2026-09-08T15:58:01.549+01:00 INFO : 47: generating IMRPhenomD from 30.0 Hz
2026-09-08T15:58:01.552+01:00 INFO : Decompressing waveform using inline_linear
2026-09-08T15:58:01.557+01:00 INFO : Filtering template 48/384 segment 1/5
2026-09-08T15:58:01.576+01:00 INFO : 3 points above threshold
2026-09-08T15:58:01.596+01:00 INFO : Filtering template 48/384 segment 2/5
2026-09-08T15:58:01.613+01:00 INFO : 3 points above threshold
2026-09-08T15:58:01.623+01:00 INFO : Filtering template 48/384 segment 3/5
2026-09-08T15:58:01.640+01:00 INFO : Filtering template 48/384 segment 4/5
2026-09-08T15:58:01.658+01:00 INFO : 1 points above threshold
2026-09-08T15:58:01.663+01:00 INFO : Filtering template 48/384 segment 5/5
2026-09-08T15:58:01.681+01:00 INFO : 48: generating IMRPhenomD from 30.0 Hz
2026-09-08T15:58:01.684+01:00 INFO : Decompressing waveform using inline_linear
2026-09-08T15:58:01.688+01:00 INFO : Filtering template 49/384 segment 1/5
2026-09-08T15:58:01.708+01:00 INFO : 3 points above threshold
2026-09-08T15:58:01.727+01:00 INFO : Filtering template 49/384 segment 2/5
2026-09-08T15:58:01.745+01:00 INFO : 1 points above threshold
2026-09-08T15:58:01.750+01:00 INFO : Filtering template 49/384 segment 3/5
2026-09-08T15:58:01.768+01:00 INFO : 1 points above threshold
2026-09-08T15:58:01.773+01:00 INFO : Filtering template 49/384 segment 4/5
2026-09-08T15:58:01.790+01:00 INFO : Filtering template 49/384 segment 5/5
2026-09-08T15:58:01.808+01:00 INFO : 49: generating IMRPhenomD from 30.0 Hz
2026-09-08T15:58:01.811+01:00 INFO : Decompressing waveform using inline_linear
2026-09-08T15:58:01.816+01:00 INFO : Filtering template 50/384 segment 1/5
2026-09-08T15:58:01.836+01:00 INFO : Filtering template 50/384 segment 2/5
2026-09-08T15:58:01.853+01:00 INFO : 2 points above threshold
2026-09-08T15:58:01.870+01:00 INFO : Filtering template 50/384 segment 3/5
2026-09-08T15:58:01.888+01:00 INFO : 5 points above threshold
2026-09-08T15:58:01.900+01:00 INFO : Filtering template 50/384 segment 4/5
2026-09-08T15:58:01.917+01:00 INFO : 3 points above threshold
2026-09-08T15:58:01.926+01:00 INFO : Filtering template 50/384 segment 5/5
2026-09-08T15:58:01.944+01:00 INFO : 2 points above threshold
2026-09-08T15:58:01.951+01:00 INFO : 50: generating IMRPhenomD from 30.0 Hz
2026-09-08T15:58:01.954+01:00 INFO : Decompressing waveform using inline_linear
2026-09-08T15:58:01.959+01:00 INFO : Filtering template 51/384 segment 1/5
2026-09-08T15:58:01.978+01:00 INFO : 1 points above threshold
2026-09-08T15:58:01.994+01:00 INFO : Filtering template 51/384 segment 2/5
2026-09-08T15:58:02.011+01:00 INFO : 1 points above threshold
2026-09-08T15:58:02.016+01:00 INFO : Filtering template 51/384 segment 3/5
2026-09-08T15:58:02.034+01:00 INFO : 3 points above threshold
2026-09-08T15:58:02.043+01:00 INFO : Filtering template 51/384 segment 4/5
2026-09-08T15:58:02.061+01:00 INFO : 1 points above threshold
2026-09-08T15:58:02.066+01:00 INFO : Filtering template 51/384 segment 5/5
2026-09-08T15:58:02.084+01:00 INFO : 3 points above threshold
2026-09-08T15:58:02.093+01:00 INFO : 51: generating IMRPhenomD from 30.0 Hz
2026-09-08T15:58:02.096+01:00 INFO : Decompressing waveform using inline_linear
2026-09-08T15:58:02.100+01:00 INFO : Filtering template 52/384 segment 1/5
2026-09-08T15:58:02.120+01:00 INFO : 2 points above threshold
2026-09-08T15:58:02.137+01:00 INFO : Filtering template 52/384 segment 2/5
2026-09-08T15:58:02.155+01:00 INFO : 1 points above threshold
2026-09-08T15:58:02.160+01:00 INFO : Filtering template 52/384 segment 3/5
2026-09-08T15:58:02.178+01:00 INFO : Filtering template 52/384 segment 4/5
2026-09-08T15:58:02.195+01:00 INFO : 1 points above threshold
2026-09-08T15:58:02.200+01:00 INFO : Filtering template 52/384 segment 5/5
2026-09-08T15:58:02.218+01:00 INFO : 2 points above threshold
2026-09-08T15:58:02.225+01:00 INFO : 52: generating IMRPhenomD from 30.0 Hz
2026-09-08T15:58:02.228+01:00 INFO : Decompressing waveform using inline_linear
2026-09-08T15:58:02.232+01:00 INFO : Filtering template 53/384 segment 1/5
2026-09-08T15:58:02.252+01:00 INFO : 1 points above threshold
2026-09-08T15:58:02.267+01:00 INFO : Filtering template 53/384 segment 2/5
2026-09-08T15:58:02.285+01:00 INFO : 3 points above threshold
2026-09-08T15:58:02.294+01:00 INFO : Filtering template 53/384 segment 3/5
2026-09-08T15:58:02.312+01:00 INFO : Filtering template 53/384 segment 4/5
2026-09-08T15:58:02.329+01:00 INFO : 1 points above threshold
2026-09-08T15:58:02.334+01:00 INFO : Filtering template 53/384 segment 5/5
2026-09-08T15:58:02.352+01:00 INFO : 53: generating IMRPhenomD from 30.0 Hz
2026-09-08T15:58:02.355+01:00 INFO : Decompressing waveform using inline_linear
2026-09-08T15:58:02.360+01:00 INFO : Filtering template 54/384 segment 1/5
2026-09-08T15:58:02.380+01:00 INFO : 3 points above threshold
2026-09-08T15:58:02.399+01:00 INFO : Filtering template 54/384 segment 2/5
2026-09-08T15:58:02.416+01:00 INFO : 4 points above threshold
2026-09-08T15:58:02.425+01:00 INFO : Filtering template 54/384 segment 3/5
2026-09-08T15:58:02.443+01:00 INFO : Filtering template 54/384 segment 4/5
2026-09-08T15:58:02.460+01:00 INFO : 2 points above threshold
2026-09-08T15:58:02.467+01:00 INFO : Filtering template 54/384 segment 5/5
2026-09-08T15:58:02.485+01:00 INFO : 2 points above threshold
2026-09-08T15:58:02.492+01:00 INFO : 54: generating IMRPhenomD from 30.0 Hz
2026-09-08T15:58:02.495+01:00 INFO : Decompressing waveform using inline_linear
2026-09-08T15:58:02.500+01:00 INFO : Filtering template 55/384 segment 1/5
2026-09-08T15:58:02.519+01:00 INFO : Filtering template 55/384 segment 2/5
2026-09-08T15:58:02.537+01:00 INFO : 2 points above threshold
2026-09-08T15:58:02.554+01:00 INFO : Filtering template 55/384 segment 3/5
2026-09-08T15:58:02.572+01:00 INFO : Filtering template 55/384 segment 4/5
2026-09-08T15:58:02.590+01:00 INFO : Filtering template 55/384 segment 5/5
2026-09-08T15:58:02.607+01:00 INFO : 1 points above threshold
2026-09-08T15:58:02.613+01:00 INFO : 55: generating IMRPhenomD from 30.0 Hz
2026-09-08T15:58:02.615+01:00 INFO : Decompressing waveform using inline_linear
2026-09-08T15:58:02.620+01:00 INFO : Filtering template 56/384 segment 1/5
2026-09-08T15:58:02.640+01:00 INFO : 1 points above threshold
2026-09-08T15:58:02.655+01:00 INFO : Filtering template 56/384 segment 2/5
2026-09-08T15:58:02.673+01:00 INFO : Filtering template 56/384 segment 3/5
2026-09-08T15:58:02.690+01:00 INFO : 2 points above threshold
2026-09-08T15:58:02.697+01:00 INFO : Filtering template 56/384 segment 4/5
2026-09-08T15:58:02.715+01:00 INFO : 1 points above threshold
2026-09-08T15:58:02.720+01:00 INFO : Filtering template 56/384 segment 5/5
2026-09-08T15:58:02.738+01:00 INFO : 56: generating IMRPhenomD from 30.0 Hz
2026-09-08T15:58:02.740+01:00 INFO : Decompressing waveform using inline_linear
2026-09-08T15:58:02.745+01:00 INFO : Filtering template 57/384 segment 1/5
2026-09-08T15:58:02.765+01:00 INFO : 2 points above threshold
2026-09-08T15:58:02.782+01:00 INFO : Filtering template 57/384 segment 2/5
2026-09-08T15:58:02.799+01:00 INFO : 1 points above threshold
2026-09-08T15:58:02.805+01:00 INFO : Filtering template 57/384 segment 3/5
2026-09-08T15:58:02.822+01:00 INFO : Filtering template 57/384 segment 4/5
2026-09-08T15:58:02.840+01:00 INFO : 1 points above threshold
2026-09-08T15:58:02.845+01:00 INFO : Filtering template 57/384 segment 5/5
2026-09-08T15:58:02.863+01:00 INFO : 57: generating IMRPhenomD from 30.0 Hz
2026-09-08T15:58:02.865+01:00 INFO : Decompressing waveform using inline_linear
2026-09-08T15:58:02.870+01:00 INFO : Filtering template 58/384 segment 1/5
2026-09-08T15:58:02.890+01:00 INFO : 2 points above threshold
2026-09-08T15:58:02.908+01:00 INFO : Filtering template 58/384 segment 2/5
2026-09-08T15:58:02.926+01:00 INFO : 2 points above threshold
2026-09-08T15:58:02.933+01:00 INFO : Filtering template 58/384 segment 3/5
2026-09-08T15:58:02.951+01:00 INFO : Filtering template 58/384 segment 4/5
2026-09-08T15:58:02.968+01:00 INFO : 1 points above threshold
2026-09-08T15:58:02.973+01:00 INFO : Filtering template 58/384 segment 5/5
2026-09-08T15:58:02.991+01:00 INFO : 1 points above threshold
2026-09-08T15:58:02.996+01:00 INFO : 58: generating IMRPhenomD from 30.0 Hz
2026-09-08T15:58:02.999+01:00 INFO : Decompressing waveform using inline_linear
2026-09-08T15:58:03.004+01:00 INFO : Filtering template 59/384 segment 1/5
2026-09-08T15:58:03.023+01:00 INFO : 1 points above threshold
2026-09-08T15:58:03.040+01:00 INFO : Filtering template 59/384 segment 2/5
2026-09-08T15:58:03.057+01:00 INFO : Filtering template 59/384 segment 3/5
2026-09-08T15:58:03.075+01:00 INFO : 1 points above threshold
2026-09-08T15:58:03.080+01:00 INFO : Filtering template 59/384 segment 4/5
2026-09-08T15:58:03.098+01:00 INFO : Filtering template 59/384 segment 5/5
2026-09-08T15:58:03.116+01:00 INFO : 59: generating IMRPhenomD from 30.0 Hz
2026-09-08T15:58:03.119+01:00 INFO : Decompressing waveform using inline_linear
2026-09-08T15:58:03.123+01:00 INFO : Filtering template 60/384 segment 1/5
2026-09-08T15:58:03.143+01:00 INFO : 2 points above threshold
2026-09-08T15:58:03.162+01:00 INFO : Filtering template 60/384 segment 2/5
2026-09-08T15:58:03.179+01:00 INFO : 1 points above threshold
2026-09-08T15:58:03.185+01:00 INFO : Filtering template 60/384 segment 3/5
2026-09-08T15:58:03.202+01:00 INFO : Filtering template 60/384 segment 4/5
2026-09-08T15:58:03.220+01:00 INFO : 1 points above threshold
2026-09-08T15:58:03.225+01:00 INFO : Filtering template 60/384 segment 5/5
2026-09-08T15:58:03.242+01:00 INFO : 1 points above threshold
2026-09-08T15:58:03.248+01:00 INFO : 60: generating IMRPhenomD from 30.0 Hz
2026-09-08T15:58:03.250+01:00 INFO : Decompressing waveform using inline_linear
2026-09-08T15:58:03.255+01:00 INFO : Filtering template 61/384 segment 1/5
2026-09-08T15:58:03.275+01:00 INFO : 2 points above threshold
2026-09-08T15:58:03.293+01:00 INFO : Filtering template 61/384 segment 2/5
2026-09-08T15:58:03.311+01:00 INFO : Filtering template 61/384 segment 3/5
2026-09-08T15:58:03.328+01:00 INFO : Filtering template 61/384 segment 4/5
2026-09-08T15:58:03.346+01:00 INFO : 4 points above threshold
2026-09-08T15:58:03.355+01:00 INFO : Filtering template 61/384 segment 5/5
2026-09-08T15:58:03.372+01:00 INFO : 2 points above threshold
2026-09-08T15:58:03.379+01:00 INFO : 61: generating IMRPhenomD from 30.0 Hz
2026-09-08T15:58:03.382+01:00 INFO : Decompressing waveform using inline_linear
2026-09-08T15:58:03.387+01:00 INFO : Filtering template 62/384 segment 1/5
2026-09-08T15:58:03.407+01:00 INFO : 1 points above threshold
2026-09-08T15:58:03.422+01:00 INFO : Filtering template 62/384 segment 2/5
2026-09-08T15:58:03.440+01:00 INFO : 3 points above threshold
2026-09-08T15:58:03.449+01:00 INFO : Filtering template 62/384 segment 3/5
2026-09-08T15:58:03.466+01:00 INFO : 2 points above threshold
2026-09-08T15:58:03.473+01:00 INFO : Filtering template 62/384 segment 4/5
2026-09-08T15:58:03.491+01:00 INFO : 1 points above threshold
2026-09-08T15:58:03.496+01:00 INFO : Filtering template 62/384 segment 5/5
2026-09-08T15:58:03.513+01:00 INFO : 3 points above threshold
2026-09-08T15:58:03.523+01:00 INFO : 62: generating IMRPhenomD from 30.0 Hz
2026-09-08T15:58:03.526+01:00 INFO : Decompressing waveform using inline_linear
2026-09-08T15:58:03.530+01:00 INFO : Filtering template 63/384 segment 1/5
2026-09-08T15:58:03.550+01:00 INFO : 1 points above threshold
2026-09-08T15:58:03.565+01:00 INFO : Filtering template 63/384 segment 2/5
2026-09-08T15:58:03.583+01:00 INFO : 1 points above threshold
2026-09-08T15:58:03.588+01:00 INFO : Filtering template 63/384 segment 3/5
2026-09-08T15:58:03.606+01:00 INFO : 2 points above threshold
2026-09-08T15:58:03.613+01:00 INFO : Filtering template 63/384 segment 4/5
2026-09-08T15:58:03.630+01:00 INFO : Filtering template 63/384 segment 5/5
2026-09-08T15:58:03.648+01:00 INFO : 1 points above threshold
2026-09-08T15:58:03.653+01:00 INFO : 63: generating IMRPhenomD from 30.0 Hz
2026-09-08T15:58:03.656+01:00 INFO : Decompressing waveform using inline_linear
2026-09-08T15:58:03.661+01:00 INFO : Filtering template 64/384 segment 1/5
2026-09-08T15:58:03.681+01:00 INFO : 2 points above threshold
2026-09-08T15:58:03.698+01:00 INFO : Filtering template 64/384 segment 2/5
2026-09-08T15:58:03.716+01:00 INFO : 2 points above threshold
2026-09-08T15:58:03.723+01:00 INFO : Filtering template 64/384 segment 3/5
2026-09-08T15:58:03.740+01:00 INFO : Filtering template 64/384 segment 4/5
2026-09-08T15:58:03.758+01:00 INFO : 4 points above threshold
2026-09-08T15:58:03.766+01:00 INFO : Filtering template 64/384 segment 5/5
2026-09-08T15:58:03.784+01:00 INFO : 1 points above threshold
2026-09-08T15:58:03.789+01:00 INFO : 64: generating IMRPhenomD from 30.0 Hz
2026-09-08T15:58:03.792+01:00 INFO : Decompressing waveform using inline_linear
2026-09-08T15:58:03.797+01:00 INFO : Filtering template 65/384 segment 1/5
2026-09-08T15:58:03.816+01:00 INFO : 2 points above threshold
2026-09-08T15:58:03.833+01:00 INFO : Filtering template 65/384 segment 2/5
2026-09-08T15:58:03.851+01:00 INFO : 1 points above threshold
2026-09-08T15:58:03.856+01:00 INFO : Filtering template 65/384 segment 3/5
2026-09-08T15:58:03.874+01:00 INFO : 1 points above threshold
2026-09-08T15:58:03.879+01:00 INFO : Filtering template 65/384 segment 4/5
2026-09-08T15:58:03.896+01:00 INFO : 1 points above threshold
2026-09-08T15:58:03.901+01:00 INFO : Filtering template 65/384 segment 5/5
2026-09-08T15:58:03.919+01:00 INFO : 1 points above threshold
2026-09-08T15:58:03.924+01:00 INFO : 65: generating IMRPhenomD from 30.0 Hz
2026-09-08T15:58:03.927+01:00 INFO : Decompressing waveform using inline_linear
2026-09-08T15:58:03.932+01:00 INFO : Filtering template 66/384 segment 1/5
2026-09-08T15:58:03.952+01:00 INFO : Filtering template 66/384 segment 2/5
2026-09-08T15:58:03.969+01:00 INFO : 2 points above threshold
2026-09-08T15:58:03.986+01:00 INFO : Filtering template 66/384 segment 3/5
2026-09-08T15:58:04.004+01:00 INFO : 1 points above threshold
2026-09-08T15:58:04.010+01:00 INFO : Filtering template 66/384 segment 4/5
2026-09-08T15:58:04.029+01:00 INFO : 1 points above threshold
2026-09-08T15:58:04.034+01:00 INFO : Filtering template 66/384 segment 5/5
2026-09-08T15:58:04.052+01:00 INFO : 1 points above threshold
2026-09-08T15:58:04.058+01:00 INFO : 66: generating IMRPhenomD from 30.0 Hz
2026-09-08T15:58:04.061+01:00 INFO : Decompressing waveform using inline_linear
2026-09-08T15:58:04.066+01:00 INFO : Filtering template 67/384 segment 1/5
2026-09-08T15:58:04.087+01:00 INFO : 1 points above threshold
2026-09-08T15:58:04.103+01:00 INFO : Filtering template 67/384 segment 2/5
2026-09-08T15:58:04.122+01:00 INFO : 1 points above threshold
2026-09-08T15:58:04.128+01:00 INFO : Filtering template 67/384 segment 3/5
2026-09-08T15:58:04.146+01:00 INFO : 2 points above threshold
2026-09-08T15:58:04.153+01:00 INFO : Filtering template 67/384 segment 4/5
2026-09-08T15:58:04.170+01:00 INFO : 1 points above threshold
2026-09-08T15:58:04.176+01:00 INFO : Filtering template 67/384 segment 5/5
2026-09-08T15:58:04.193+01:00 INFO : 1 points above threshold
2026-09-08T15:58:04.199+01:00 INFO : 67: generating IMRPhenomD from 30.0 Hz
2026-09-08T15:58:04.202+01:00 INFO : Decompressing waveform using inline_linear
2026-09-08T15:58:04.206+01:00 INFO : Filtering template 68/384 segment 1/5
2026-09-08T15:58:04.226+01:00 INFO : 2 points above threshold
2026-09-08T15:58:04.243+01:00 INFO : Filtering template 68/384 segment 2/5
2026-09-08T15:58:04.261+01:00 INFO : 1 points above threshold
2026-09-08T15:58:04.266+01:00 INFO : Filtering template 68/384 segment 3/5
2026-09-08T15:58:04.283+01:00 INFO : Filtering template 68/384 segment 4/5
2026-09-08T15:58:04.301+01:00 INFO : 2 points above threshold
2026-09-08T15:58:04.308+01:00 INFO : Filtering template 68/384 segment 5/5
2026-09-08T15:58:04.326+01:00 INFO : 1 points above threshold
2026-09-08T15:58:04.331+01:00 INFO : 68: generating IMRPhenomD from 30.0 Hz
2026-09-08T15:58:04.334+01:00 INFO : Decompressing waveform using inline_linear
2026-09-08T15:58:04.339+01:00 INFO : Filtering template 69/384 segment 1/5
2026-09-08T15:58:04.358+01:00 INFO : 1 points above threshold
2026-09-08T15:58:04.373+01:00 INFO : Filtering template 69/384 segment 2/5
2026-09-08T15:58:04.391+01:00 INFO : 1 points above threshold
2026-09-08T15:58:04.396+01:00 INFO : Filtering template 69/384 segment 3/5
2026-09-08T15:58:04.414+01:00 INFO : 1 points above threshold
2026-09-08T15:58:04.419+01:00 INFO : Filtering template 69/384 segment 4/5
2026-09-08T15:58:04.437+01:00 INFO : Filtering template 69/384 segment 5/5
2026-09-08T15:58:04.454+01:00 INFO : 1 points above threshold
2026-09-08T15:58:04.459+01:00 INFO : 69: generating IMRPhenomD from 30.0 Hz
2026-09-08T15:58:04.480+01:00 INFO : Decompressing waveform using inline_linear
2026-09-08T15:58:04.485+01:00 INFO : Filtering template 70/384 segment 1/5
2026-09-08T15:58:04.508+01:00 INFO : Filtering template 70/384 segment 2/5
2026-09-08T15:58:04.526+01:00 INFO : Filtering template 70/384 segment 3/5
2026-09-08T15:58:04.543+01:00 INFO : 1 points above threshold
2026-09-08T15:58:04.564+01:00 INFO : Filtering template 70/384 segment 4/5
2026-09-08T15:58:04.582+01:00 INFO : 1 points above threshold
2026-09-08T15:58:04.587+01:00 INFO : Filtering template 70/384 segment 5/5
2026-09-08T15:58:04.605+01:00 INFO : 1 points above threshold
2026-09-08T15:58:04.610+01:00 INFO : 70: generating IMRPhenomD from 30.0 Hz
2026-09-08T15:58:04.613+01:00 INFO : Decompressing waveform using inline_linear
2026-09-08T15:58:04.618+01:00 INFO : Filtering template 71/384 segment 1/5
2026-09-08T15:58:04.637+01:00 INFO : 1 points above threshold
2026-09-08T15:58:04.654+01:00 INFO : Filtering template 71/384 segment 2/5
2026-09-08T15:58:04.671+01:00 INFO : 1 points above threshold
2026-09-08T15:58:04.677+01:00 INFO : Filtering template 71/384 segment 3/5
2026-09-08T15:58:04.694+01:00 INFO : 1 points above threshold
2026-09-08T15:58:04.699+01:00 INFO : Filtering template 71/384 segment 4/5
2026-09-08T15:58:04.717+01:00 INFO : 3 points above threshold
2026-09-08T15:58:04.726+01:00 INFO : Filtering template 71/384 segment 5/5
2026-09-08T15:58:04.744+01:00 INFO : 71: generating IMRPhenomD from 30.0 Hz
2026-09-08T15:58:04.747+01:00 INFO : Decompressing waveform using inline_linear
2026-09-08T15:58:04.752+01:00 INFO : Filtering template 72/384 segment 1/5
2026-09-08T15:58:04.771+01:00 INFO : 1 points above threshold
2026-09-08T15:58:04.788+01:00 INFO : Filtering template 72/384 segment 2/5
2026-09-08T15:58:04.805+01:00 INFO : 2 points above threshold
2026-09-08T15:58:04.812+01:00 INFO : Filtering template 72/384 segment 3/5
2026-09-08T15:58:04.830+01:00 INFO : 1 points above threshold
2026-09-08T15:58:04.835+01:00 INFO : Filtering template 72/384 segment 4/5
2026-09-08T15:58:04.853+01:00 INFO : Filtering template 72/384 segment 5/5
2026-09-08T15:58:04.870+01:00 INFO : 1 points above threshold
2026-09-08T15:58:04.876+01:00 INFO : 72: generating IMRPhenomD from 30.0 Hz
2026-09-08T15:58:04.879+01:00 INFO : Decompressing waveform using inline_linear
2026-09-08T15:58:04.883+01:00 INFO : Filtering template 73/384 segment 1/5
2026-09-08T15:58:04.903+01:00 INFO : Filtering template 73/384 segment 2/5
2026-09-08T15:58:04.921+01:00 INFO : 1 points above threshold
2026-09-08T15:58:04.937+01:00 INFO : Filtering template 73/384 segment 3/5
2026-09-08T15:58:04.955+01:00 INFO : 2 points above threshold
2026-09-08T15:58:04.962+01:00 INFO : Filtering template 73/384 segment 4/5
2026-09-08T15:58:04.979+01:00 INFO : 1 points above threshold
2026-09-08T15:58:04.985+01:00 INFO : Filtering template 73/384 segment 5/5
2026-09-08T15:58:05.002+01:00 INFO : 2 points above threshold
2026-09-08T15:58:05.009+01:00 INFO : 73: generating IMRPhenomD from 30.0 Hz
2026-09-08T15:58:05.012+01:00 INFO : Decompressing waveform using inline_linear
2026-09-08T15:58:05.017+01:00 INFO : Filtering template 74/384 segment 1/5
2026-09-08T15:58:05.037+01:00 INFO : Filtering template 74/384 segment 2/5
2026-09-08T15:58:05.054+01:00 INFO : Filtering template 74/384 segment 3/5
2026-09-08T15:58:05.072+01:00 INFO : Filtering template 74/384 segment 4/5
2026-09-08T15:58:05.090+01:00 INFO : 1 points above threshold
2026-09-08T15:58:05.105+01:00 INFO : Filtering template 74/384 segment 5/5
2026-09-08T15:58:05.123+01:00 INFO : 1 points above threshold
2026-09-08T15:58:05.128+01:00 INFO : 74: generating IMRPhenomD from 30.0 Hz
2026-09-08T15:58:05.131+01:00 INFO : Decompressing waveform using inline_linear
2026-09-08T15:58:05.136+01:00 INFO : Filtering template 75/384 segment 1/5
2026-09-08T15:58:05.156+01:00 INFO : 3 points above threshold
2026-09-08T15:58:05.175+01:00 INFO : Filtering template 75/384 segment 2/5
2026-09-08T15:58:05.193+01:00 INFO : Filtering template 75/384 segment 3/5
2026-09-08T15:58:05.210+01:00 INFO : 1 points above threshold
2026-09-08T15:58:05.215+01:00 INFO : Filtering template 75/384 segment 4/5
2026-09-08T15:58:05.233+01:00 INFO : 2 points above threshold
2026-09-08T15:58:05.240+01:00 INFO : Filtering template 75/384 segment 5/5
2026-09-08T15:58:05.258+01:00 INFO : 75: generating IMRPhenomD from 30.0 Hz
2026-09-08T15:58:05.261+01:00 INFO : Decompressing waveform using inline_linear
2026-09-08T15:58:05.265+01:00 INFO : Filtering template 76/384 segment 1/5
2026-09-08T15:58:05.285+01:00 INFO : 2 points above threshold
2026-09-08T15:58:05.303+01:00 INFO : Filtering template 76/384 segment 2/5
2026-09-08T15:58:05.320+01:00 INFO : Filtering template 76/384 segment 3/5
2026-09-08T15:58:05.338+01:00 INFO : 1 points above threshold
2026-09-08T15:58:05.343+01:00 INFO : Filtering template 76/384 segment 4/5
2026-09-08T15:58:05.360+01:00 INFO : 2 points above threshold
2026-09-08T15:58:05.367+01:00 INFO : Filtering template 76/384 segment 5/5
2026-09-08T15:58:05.385+01:00 INFO : 2 points above threshold
2026-09-08T15:58:05.392+01:00 INFO : 76: generating IMRPhenomD from 30.0 Hz
2026-09-08T15:58:05.395+01:00 INFO : Decompressing waveform using inline_linear
2026-09-08T15:58:05.400+01:00 INFO : Filtering template 77/384 segment 1/5
2026-09-08T15:58:05.420+01:00 INFO : Filtering template 77/384 segment 2/5
2026-09-08T15:58:05.437+01:00 INFO : Filtering template 77/384 segment 3/5
2026-09-08T15:58:05.455+01:00 INFO : Filtering template 77/384 segment 4/5
2026-09-08T15:58:05.473+01:00 INFO : 2 points above threshold
2026-09-08T15:58:05.490+01:00 INFO : Filtering template 77/384 segment 5/5
2026-09-08T15:58:05.508+01:00 INFO : 77: generating IMRPhenomD from 30.0 Hz
2026-09-08T15:58:05.511+01:00 INFO : Decompressing waveform using inline_linear
2026-09-08T15:58:05.515+01:00 INFO : Filtering template 78/384 segment 1/5
2026-09-08T15:58:05.535+01:00 INFO : Filtering template 78/384 segment 2/5
2026-09-08T15:58:05.553+01:00 INFO : 1 points above threshold
2026-09-08T15:58:05.568+01:00 INFO : Filtering template 78/384 segment 3/5
2026-09-08T15:58:05.586+01:00 INFO : 2 points above threshold
2026-09-08T15:58:05.593+01:00 INFO : Filtering template 78/384 segment 4/5
2026-09-08T15:58:05.611+01:00 INFO : Filtering template 78/384 segment 5/5
2026-09-08T15:58:05.628+01:00 INFO : 2 points above threshold
2026-09-08T15:58:05.635+01:00 INFO : 78: generating IMRPhenomD from 30.0 Hz
2026-09-08T15:58:05.638+01:00 INFO : Decompressing waveform using inline_linear
2026-09-08T15:58:05.643+01:00 INFO : Filtering template 79/384 segment 1/5
2026-09-08T15:58:05.663+01:00 INFO : 4 points above threshold
2026-09-08T15:58:05.681+01:00 INFO : Filtering template 79/384 segment 2/5
2026-09-08T15:58:05.699+01:00 INFO : 1 points above threshold
2026-09-08T15:58:05.704+01:00 INFO : Filtering template 79/384 segment 3/5
2026-09-08T15:58:05.722+01:00 INFO : 1 points above threshold
2026-09-08T15:58:05.727+01:00 INFO : Filtering template 79/384 segment 4/5
2026-09-08T15:58:05.744+01:00 INFO : 1 points above threshold
2026-09-08T15:58:05.750+01:00 INFO : Filtering template 79/384 segment 5/5
2026-09-08T15:58:05.767+01:00 INFO : 79: generating IMRPhenomD from 30.0 Hz
2026-09-08T15:58:05.770+01:00 INFO : Decompressing waveform using inline_linear
2026-09-08T15:58:05.775+01:00 INFO : Filtering template 80/384 segment 1/5
2026-09-08T15:58:05.795+01:00 INFO : 1 points above threshold
2026-09-08T15:58:05.810+01:00 INFO : Filtering template 80/384 segment 2/5
2026-09-08T15:58:05.828+01:00 INFO : 1 points above threshold
2026-09-08T15:58:05.833+01:00 INFO : Filtering template 80/384 segment 3/5
2026-09-08T15:58:05.851+01:00 INFO : 1 points above threshold
2026-09-08T15:58:05.856+01:00 INFO : Filtering template 80/384 segment 4/5
2026-09-08T15:58:05.873+01:00 INFO : Filtering template 80/384 segment 5/5
2026-09-08T15:58:05.891+01:00 INFO : 1 points above threshold
2026-09-08T15:58:05.896+01:00 INFO : 80: generating IMRPhenomD from 30.0 Hz
2026-09-08T15:58:05.899+01:00 INFO : Decompressing waveform using inline_linear
2026-09-08T15:58:05.904+01:00 INFO : Filtering template 81/384 segment 1/5
2026-09-08T15:58:05.924+01:00 INFO : Filtering template 81/384 segment 2/5
2026-09-08T15:58:05.941+01:00 INFO : Filtering template 81/384 segment 3/5
2026-09-08T15:58:05.959+01:00 INFO : 1 points above threshold
2026-09-08T15:58:05.974+01:00 INFO : Filtering template 81/384 segment 4/5
2026-09-08T15:58:05.992+01:00 INFO : 1 points above threshold
2026-09-08T15:58:05.997+01:00 INFO : Filtering template 81/384 segment 5/5
2026-09-08T15:58:06.014+01:00 INFO : 81: generating IMRPhenomD from 30.0 Hz
2026-09-08T15:58:06.017+01:00 INFO : Decompressing waveform using inline_linear
2026-09-08T15:58:06.022+01:00 INFO : Filtering template 82/384 segment 1/5
2026-09-08T15:58:06.042+01:00 INFO : 1 points above threshold
2026-09-08T15:58:06.057+01:00 INFO : Filtering template 82/384 segment 2/5
2026-09-08T15:58:06.075+01:00 INFO : Filtering template 82/384 segment 3/5
2026-09-08T15:58:06.093+01:00 INFO : 1 points above threshold
2026-09-08T15:58:06.098+01:00 INFO : Filtering template 82/384 segment 4/5
2026-09-08T15:58:06.115+01:00 INFO : 2 points above threshold
2026-09-08T15:58:06.123+01:00 INFO : Filtering template 82/384 segment 5/5
2026-09-08T15:58:06.140+01:00 INFO : 82: generating IMRPhenomD from 30.0 Hz
2026-09-08T15:58:06.143+01:00 INFO : Decompressing waveform using inline_linear
2026-09-08T15:58:06.148+01:00 INFO : Filtering template 83/384 segment 1/5
2026-09-08T15:58:06.168+01:00 INFO : 2 points above threshold
2026-09-08T15:58:06.185+01:00 INFO : Filtering template 83/384 segment 2/5
2026-09-08T15:58:06.203+01:00 INFO : 1 points above threshold
2026-09-08T15:58:06.208+01:00 INFO : Filtering template 83/384 segment 3/5
2026-09-08T15:58:06.225+01:00 INFO : Filtering template 83/384 segment 4/5
2026-09-08T15:58:06.243+01:00 INFO : 3 points above threshold
2026-09-08T15:58:06.252+01:00 INFO : Filtering template 83/384 segment 5/5
2026-09-08T15:58:06.270+01:00 INFO : 3 points above threshold
2026-09-08T15:58:06.279+01:00 INFO : 83: generating IMRPhenomD from 30.0 Hz
2026-09-08T15:58:06.282+01:00 INFO : Decompressing waveform using inline_linear
2026-09-08T15:58:06.286+01:00 INFO : Filtering template 84/384 segment 1/5
2026-09-08T15:58:06.306+01:00 INFO : 1 points above threshold
2026-09-08T15:58:06.322+01:00 INFO : Filtering template 84/384 segment 2/5
2026-09-08T15:58:06.339+01:00 INFO : Filtering template 84/384 segment 3/5
2026-09-08T15:58:06.357+01:00 INFO : Filtering template 84/384 segment 4/5
2026-09-08T15:58:06.374+01:00 INFO : 2 points above threshold
2026-09-08T15:58:06.381+01:00 INFO : Filtering template 84/384 segment 5/5
2026-09-08T15:58:06.399+01:00 INFO : 1 points above threshold
2026-09-08T15:58:06.404+01:00 INFO : 84: generating IMRPhenomD from 30.0 Hz
2026-09-08T15:58:06.407+01:00 INFO : Decompressing waveform using inline_linear
2026-09-08T15:58:06.412+01:00 INFO : Filtering template 85/384 segment 1/5
2026-09-08T15:58:06.432+01:00 INFO : 1 points above threshold
2026-09-08T15:58:06.447+01:00 INFO : Filtering template 85/384 segment 2/5
2026-09-08T15:58:06.464+01:00 INFO : 2 points above threshold
2026-09-08T15:58:06.471+01:00 INFO : Filtering template 85/384 segment 3/5
2026-09-08T15:58:06.489+01:00 INFO : Filtering template 85/384 segment 4/5
2026-09-08T15:58:06.507+01:00 INFO : 1 points above threshold
2026-09-08T15:58:06.512+01:00 INFO : Filtering template 85/384 segment 5/5
2026-09-08T15:58:06.529+01:00 INFO : 2 points above threshold
2026-09-08T15:58:06.536+01:00 INFO : 85: generating IMRPhenomD from 30.0 Hz
2026-09-08T15:58:06.539+01:00 INFO : Decompressing waveform using inline_linear
2026-09-08T15:58:06.544+01:00 INFO : Filtering template 86/384 segment 1/5
2026-09-08T15:58:06.564+01:00 INFO : 3 points above threshold
2026-09-08T15:58:06.583+01:00 INFO : Filtering template 86/384 segment 2/5
2026-09-08T15:58:06.600+01:00 INFO : 2 points above threshold
2026-09-08T15:58:06.607+01:00 INFO : Filtering template 86/384 segment 3/5
2026-09-08T15:58:06.625+01:00 INFO : Filtering template 86/384 segment 4/5
2026-09-08T15:58:06.643+01:00 INFO : Filtering template 86/384 segment 5/5
2026-09-08T15:58:06.661+01:00 INFO : 86: generating IMRPhenomD from 30.0 Hz
2026-09-08T15:58:06.664+01:00 INFO : Decompressing waveform using inline_linear
2026-09-08T15:58:06.668+01:00 INFO : Filtering template 87/384 segment 1/5
2026-09-08T15:58:06.688+01:00 INFO : 3 points above threshold
2026-09-08T15:58:06.708+01:00 INFO : Filtering template 87/384 segment 2/5
2026-09-08T15:58:06.725+01:00 INFO : 2 points above threshold
2026-09-08T15:58:06.732+01:00 INFO : Filtering template 87/384 segment 3/5
2026-09-08T15:58:06.750+01:00 INFO : 2 points above threshold
2026-09-08T15:58:06.757+01:00 INFO : Filtering template 87/384 segment 4/5
2026-09-08T15:58:06.774+01:00 INFO : 4 points above threshold
2026-09-08T15:58:06.783+01:00 INFO : Filtering template 87/384 segment 5/5
2026-09-08T15:58:06.801+01:00 INFO : 1 points above threshold
2026-09-08T15:58:06.806+01:00 INFO : 87: generating IMRPhenomD from 30.0 Hz
2026-09-08T15:58:06.809+01:00 INFO : Decompressing waveform using inline_linear
2026-09-08T15:58:06.813+01:00 INFO : Filtering template 88/384 segment 1/5
2026-09-08T15:58:06.833+01:00 INFO : 1 points above threshold
2026-09-08T15:58:06.849+01:00 INFO : Filtering template 88/384 segment 2/5
2026-09-08T15:58:06.866+01:00 INFO : 2 points above threshold
2026-09-08T15:58:06.873+01:00 INFO : Filtering template 88/384 segment 3/5
2026-09-08T15:58:06.891+01:00 INFO : Filtering template 88/384 segment 4/5
2026-09-08T15:58:06.909+01:00 INFO : Filtering template 88/384 segment 5/5
2026-09-08T15:58:06.926+01:00 INFO : 88: generating IMRPhenomD from 30.0 Hz
2026-09-08T15:58:06.929+01:00 INFO : Decompressing waveform using inline_linear
2026-09-08T15:58:06.934+01:00 INFO : Filtering template 89/384 segment 1/5
2026-09-08T15:58:06.954+01:00 INFO : 5 points above threshold
2026-09-08T15:58:06.975+01:00 INFO : Filtering template 89/384 segment 2/5
2026-09-08T15:58:06.993+01:00 INFO : 1 points above threshold
2026-09-08T15:58:06.998+01:00 INFO : Filtering template 89/384 segment 3/5
2026-09-08T15:58:07.016+01:00 INFO : 1 points above threshold
2026-09-08T15:58:07.021+01:00 INFO : Filtering template 89/384 segment 4/5
2026-09-08T15:58:07.038+01:00 INFO : 2 points above threshold
2026-09-08T15:58:07.045+01:00 INFO : Filtering template 89/384 segment 5/5
2026-09-08T15:58:07.063+01:00 INFO : 89: generating IMRPhenomD from 30.0 Hz
2026-09-08T15:58:07.066+01:00 INFO : Decompressing waveform using inline_linear
2026-09-08T15:58:07.071+01:00 INFO : Filtering template 90/384 segment 1/5
2026-09-08T15:58:07.090+01:00 INFO : Filtering template 90/384 segment 2/5
2026-09-08T15:58:07.108+01:00 INFO : 1 points above threshold
2026-09-08T15:58:07.123+01:00 INFO : Filtering template 90/384 segment 3/5
2026-09-08T15:58:07.141+01:00 INFO : Filtering template 90/384 segment 4/5
2026-09-08T15:58:07.158+01:00 INFO : 1 points above threshold
2026-09-08T15:58:07.163+01:00 INFO : Filtering template 90/384 segment 5/5
2026-09-08T15:58:07.181+01:00 INFO : 90: generating IMRPhenomD from 30.0 Hz
2026-09-08T15:58:07.184+01:00 INFO : Decompressing waveform using inline_linear
2026-09-08T15:58:07.189+01:00 INFO : Filtering template 91/384 segment 1/5
2026-09-08T15:58:07.209+01:00 INFO : Filtering template 91/384 segment 2/5
2026-09-08T15:58:07.227+01:00 INFO : 1 points above threshold
2026-09-08T15:58:07.242+01:00 INFO : Filtering template 91/384 segment 3/5
2026-09-08T15:58:07.259+01:00 INFO : 2 points above threshold
2026-09-08T15:58:07.266+01:00 INFO : Filtering template 91/384 segment 4/5
2026-09-08T15:58:07.284+01:00 INFO : 2 points above threshold
2026-09-08T15:58:07.291+01:00 INFO : Filtering template 91/384 segment 5/5
2026-09-08T15:58:07.309+01:00 INFO : 91: generating IMRPhenomD from 30.0 Hz
2026-09-08T15:58:07.311+01:00 INFO : Decompressing waveform using inline_linear
2026-09-08T15:58:07.316+01:00 INFO : Filtering template 92/384 segment 1/5
2026-09-08T15:58:07.336+01:00 INFO : Filtering template 92/384 segment 2/5
2026-09-08T15:58:07.354+01:00 INFO : Filtering template 92/384 segment 3/5
2026-09-08T15:58:07.371+01:00 INFO : Filtering template 92/384 segment 4/5
2026-09-08T15:58:07.389+01:00 INFO : Filtering template 92/384 segment 5/5
2026-09-08T15:58:07.407+01:00 INFO : 92: generating IMRPhenomD from 30.0 Hz
2026-09-08T15:58:07.409+01:00 INFO : Decompressing waveform using inline_linear
2026-09-08T15:58:07.414+01:00 INFO : Filtering template 93/384 segment 1/5
2026-09-08T15:58:07.434+01:00 INFO : 2 points above threshold
2026-09-08T15:58:07.453+01:00 INFO : Filtering template 93/384 segment 2/5
2026-09-08T15:58:07.470+01:00 INFO : 2 points above threshold
2026-09-08T15:58:07.477+01:00 INFO : Filtering template 93/384 segment 3/5
2026-09-08T15:58:07.495+01:00 INFO : Filtering template 93/384 segment 4/5
2026-09-08T15:58:07.513+01:00 INFO : Filtering template 93/384 segment 5/5
2026-09-08T15:58:07.530+01:00 INFO : 1 points above threshold
2026-09-08T15:58:07.535+01:00 INFO : 93: generating IMRPhenomD from 30.0 Hz
2026-09-08T15:58:07.538+01:00 INFO : Decompressing waveform using inline_linear
2026-09-08T15:58:07.543+01:00 INFO : Filtering template 94/384 segment 1/5
2026-09-08T15:58:07.563+01:00 INFO : 2 points above threshold
2026-09-08T15:58:07.580+01:00 INFO : Filtering template 94/384 segment 2/5
2026-09-08T15:58:07.597+01:00 INFO : 3 points above threshold
2026-09-08T15:58:07.606+01:00 INFO : Filtering template 94/384 segment 3/5
2026-09-08T15:58:07.624+01:00 INFO : 1 points above threshold
2026-09-08T15:58:07.629+01:00 INFO : Filtering template 94/384 segment 4/5
2026-09-08T15:58:07.647+01:00 INFO : 1 points above threshold
2026-09-08T15:58:07.652+01:00 INFO : Filtering template 94/384 segment 5/5
2026-09-08T15:58:07.669+01:00 INFO : 1 points above threshold
2026-09-08T15:58:07.675+01:00 INFO : 94: generating IMRPhenomD from 30.0 Hz
2026-09-08T15:58:07.677+01:00 INFO : Decompressing waveform using inline_linear
2026-09-08T15:58:07.682+01:00 INFO : Filtering template 95/384 segment 1/5
2026-09-08T15:58:07.702+01:00 INFO : 4 points above threshold
2026-09-08T15:58:07.721+01:00 INFO : Filtering template 95/384 segment 2/5
2026-09-08T15:58:07.738+01:00 INFO : 1 points above threshold
2026-09-08T15:58:07.743+01:00 INFO : Filtering template 95/384 segment 3/5
2026-09-08T15:58:07.761+01:00 INFO : Filtering template 95/384 segment 4/5
2026-09-08T15:58:07.778+01:00 INFO : Filtering template 95/384 segment 5/5
2026-09-08T15:58:07.796+01:00 INFO : 1 points above threshold
2026-09-08T15:58:07.801+01:00 INFO : 95: generating IMRPhenomD from 30.0 Hz
2026-09-08T15:58:07.804+01:00 INFO : Decompressing waveform using inline_linear
2026-09-08T15:58:07.809+01:00 INFO : Filtering template 96/384 segment 1/5
2026-09-08T15:58:07.829+01:00 INFO : Filtering template 96/384 segment 2/5
2026-09-08T15:58:07.846+01:00 INFO : Filtering template 96/384 segment 3/5
2026-09-08T15:58:07.864+01:00 INFO : Filtering template 96/384 segment 4/5
2026-09-08T15:58:07.882+01:00 INFO : Filtering template 96/384 segment 5/5
2026-09-08T15:58:07.900+01:00 INFO : 96: generating IMRPhenomD from 30.0 Hz
2026-09-08T15:58:07.902+01:00 INFO : Decompressing waveform using inline_linear
2026-09-08T15:58:07.907+01:00 INFO : Filtering template 97/384 segment 1/5
2026-09-08T15:58:07.927+01:00 INFO : 2 points above threshold
2026-09-08T15:58:07.946+01:00 INFO : Filtering template 97/384 segment 2/5
2026-09-08T15:58:07.964+01:00 INFO : Filtering template 97/384 segment 3/5
2026-09-08T15:58:07.981+01:00 INFO : Filtering template 97/384 segment 4/5
2026-09-08T15:58:07.999+01:00 INFO : 1 points above threshold
2026-09-08T15:58:08.004+01:00 INFO : Filtering template 97/384 segment 5/5
2026-09-08T15:58:08.022+01:00 INFO : 97: generating IMRPhenomD from 30.0 Hz
2026-09-08T15:58:08.025+01:00 INFO : Decompressing waveform using inline_linear
2026-09-08T15:58:08.029+01:00 INFO : Filtering template 98/384 segment 1/5
2026-09-08T15:58:08.049+01:00 INFO : 1 points above threshold
2026-09-08T15:58:08.064+01:00 INFO : Filtering template 98/384 segment 2/5
2026-09-08T15:58:08.082+01:00 INFO : 1 points above threshold
2026-09-08T15:58:08.087+01:00 INFO : Filtering template 98/384 segment 3/5
2026-09-08T15:58:08.105+01:00 INFO : 4 points above threshold
2026-09-08T15:58:08.113+01:00 INFO : Filtering template 98/384 segment 4/5
2026-09-08T15:58:08.131+01:00 INFO : 1 points above threshold
2026-09-08T15:58:08.136+01:00 INFO : Filtering template 98/384 segment 5/5
2026-09-08T15:58:08.154+01:00 INFO : 98: generating IMRPhenomD from 30.0 Hz
2026-09-08T15:58:08.157+01:00 INFO : Decompressing waveform using inline_linear
2026-09-08T15:58:08.162+01:00 INFO : Filtering template 99/384 segment 1/5
2026-09-08T15:58:08.181+01:00 INFO : 2 points above threshold
2026-09-08T15:58:08.200+01:00 INFO : Filtering template 99/384 segment 2/5
2026-09-08T15:58:08.218+01:00 INFO : 2 points above threshold
2026-09-08T15:58:08.225+01:00 INFO : Filtering template 99/384 segment 3/5
2026-09-08T15:58:08.242+01:00 INFO : 2 points above threshold
2026-09-08T15:58:08.249+01:00 INFO : Filtering template 99/384 segment 4/5
2026-09-08T15:58:08.267+01:00 INFO : 2 points above threshold
2026-09-08T15:58:08.274+01:00 INFO : Filtering template 99/384 segment 5/5
2026-09-08T15:58:08.291+01:00 INFO : 1 points above threshold
2026-09-08T15:58:08.297+01:00 INFO : 99: generating IMRPhenomD from 30.0 Hz
2026-09-08T15:58:08.300+01:00 INFO : Decompressing waveform using inline_linear
2026-09-08T15:58:08.304+01:00 INFO : Filtering template 100/384 segment 1/5
2026-09-08T15:58:08.324+01:00 INFO : 1 points above threshold
2026-09-08T15:58:08.339+01:00 INFO : Filtering template 100/384 segment 2/5
2026-09-08T15:58:08.357+01:00 INFO : 2 points above threshold
2026-09-08T15:58:08.364+01:00 INFO : Filtering template 100/384 segment 3/5
2026-09-08T15:58:08.381+01:00 INFO : Filtering template 100/384 segment 4/5
2026-09-08T15:58:08.399+01:00 INFO : Filtering template 100/384 segment 5/5
2026-09-08T15:58:08.417+01:00 INFO : 100: generating IMRPhenomD from 30.0 Hz
2026-09-08T15:58:08.420+01:00 INFO : Decompressing waveform using inline_linear
2026-09-08T15:58:08.424+01:00 INFO : Filtering template 101/384 segment 1/5
2026-09-08T15:58:08.444+01:00 INFO : Filtering template 101/384 segment 2/5
2026-09-08T15:58:08.462+01:00 INFO : 1 points above threshold
2026-09-08T15:58:08.477+01:00 INFO : Filtering template 101/384 segment 3/5
2026-09-08T15:58:08.495+01:00 INFO : Filtering template 101/384 segment 4/5
2026-09-08T15:58:08.512+01:00 INFO : 1 points above threshold
2026-09-08T15:58:08.517+01:00 INFO : Filtering template 101/384 segment 5/5
2026-09-08T15:58:08.535+01:00 INFO : 101: generating IMRPhenomD from 30.0 Hz
2026-09-08T15:58:08.538+01:00 INFO : Decompressing waveform using inline_linear
2026-09-08T15:58:08.543+01:00 INFO : Filtering template 102/384 segment 1/5
2026-09-08T15:58:08.563+01:00 INFO : 2 points above threshold
2026-09-08T15:58:08.580+01:00 INFO : Filtering template 102/384 segment 2/5
2026-09-08T15:58:08.597+01:00 INFO : 1 points above threshold
2026-09-08T15:58:08.602+01:00 INFO : Filtering template 102/384 segment 3/5
2026-09-08T15:58:08.620+01:00 INFO : Filtering template 102/384 segment 4/5
2026-09-08T15:58:08.638+01:00 INFO : 2 points above threshold
2026-09-08T15:58:08.645+01:00 INFO : Filtering template 102/384 segment 5/5
2026-09-08T15:58:08.662+01:00 INFO : 1 points above threshold
2026-09-08T15:58:08.668+01:00 INFO : 102: generating IMRPhenomD from 30.0 Hz
2026-09-08T15:58:08.670+01:00 INFO : Decompressing waveform using inline_linear
2026-09-08T15:58:08.675+01:00 INFO : Filtering template 103/384 segment 1/5
2026-09-08T15:58:08.695+01:00 INFO : Filtering template 103/384 segment 2/5
2026-09-08T15:58:08.713+01:00 INFO : 1 points above threshold
2026-09-08T15:58:08.729+01:00 INFO : Filtering template 103/384 segment 3/5
2026-09-08T15:58:08.747+01:00 INFO : 2 points above threshold
2026-09-08T15:58:08.754+01:00 INFO : Filtering template 103/384 segment 4/5
2026-09-08T15:58:08.771+01:00 INFO : Filtering template 103/384 segment 5/5
2026-09-08T15:58:08.789+01:00 INFO : 103: generating IMRPhenomD from 30.0 Hz
2026-09-08T15:58:08.792+01:00 INFO : Decompressing waveform using inline_linear
2026-09-08T15:58:08.797+01:00 INFO : Filtering template 104/384 segment 1/5
2026-09-08T15:58:08.817+01:00 INFO : 1 points above threshold
2026-09-08T15:58:08.833+01:00 INFO : Filtering template 104/384 segment 2/5
2026-09-08T15:58:08.851+01:00 INFO : Filtering template 104/384 segment 3/5
2026-09-08T15:58:08.868+01:00 INFO : 2 points above threshold
2026-09-08T15:58:08.875+01:00 INFO : Filtering template 104/384 segment 4/5
2026-09-08T15:58:08.893+01:00 INFO : 1 points above threshold
2026-09-08T15:58:08.898+01:00 INFO : Filtering template 104/384 segment 5/5
2026-09-08T15:58:08.916+01:00 INFO : 104: generating IMRPhenomD from 30.0 Hz
2026-09-08T15:58:08.919+01:00 INFO : Decompressing waveform using inline_linear
2026-09-08T15:58:08.924+01:00 INFO : Filtering template 105/384 segment 1/5
2026-09-08T15:58:08.943+01:00 INFO : Filtering template 105/384 segment 2/5
2026-09-08T15:58:08.961+01:00 INFO : 2 points above threshold
2026-09-08T15:58:08.980+01:00 INFO : Filtering template 105/384 segment 3/5
2026-09-08T15:58:08.997+01:00 INFO : 1 points above threshold
2026-09-08T15:58:09.002+01:00 INFO : Filtering template 105/384 segment 4/5
2026-09-08T15:58:09.020+01:00 INFO : 7 points above threshold
2026-09-08T15:58:09.036+01:00 INFO : Filtering template 105/384 segment 5/5
2026-09-08T15:58:09.054+01:00 INFO : 105: generating IMRPhenomD from 30.0 Hz
2026-09-08T15:58:09.057+01:00 INFO : Decompressing waveform using inline_linear
2026-09-08T15:58:09.062+01:00 INFO : Filtering template 106/384 segment 1/5
2026-09-08T15:58:09.081+01:00 INFO : 2 points above threshold
2026-09-08T15:58:09.100+01:00 INFO : Filtering template 106/384 segment 2/5
2026-09-08T15:58:09.118+01:00 INFO : Filtering template 106/384 segment 3/5
2026-09-08T15:58:09.137+01:00 INFO : 1 points above threshold
2026-09-08T15:58:09.142+01:00 INFO : Filtering template 106/384 segment 4/5
2026-09-08T15:58:09.162+01:00 INFO : 1 points above threshold
2026-09-08T15:58:09.167+01:00 INFO : Filtering template 106/384 segment 5/5
2026-09-08T15:58:09.187+01:00 INFO : 1 points above threshold
2026-09-08T15:58:09.193+01:00 INFO : 106: generating IMRPhenomD from 30.0 Hz
2026-09-08T15:58:09.196+01:00 INFO : Decompressing waveform using inline_linear
2026-09-08T15:58:09.201+01:00 INFO : Filtering template 107/384 segment 1/5
2026-09-08T15:58:09.222+01:00 INFO : 2 points above threshold
2026-09-08T15:58:09.239+01:00 INFO : Filtering template 107/384 segment 2/5
2026-09-08T15:58:09.257+01:00 INFO : 1 points above threshold
2026-09-08T15:58:09.263+01:00 INFO : Filtering template 107/384 segment 3/5
2026-09-08T15:58:09.281+01:00 INFO : Filtering template 107/384 segment 4/5
2026-09-08T15:58:09.298+01:00 INFO : Filtering template 107/384 segment 5/5
2026-09-08T15:58:09.316+01:00 INFO : 107: generating IMRPhenomD from 30.0 Hz
2026-09-08T15:58:09.319+01:00 INFO : Decompressing waveform using inline_linear
2026-09-08T15:58:09.324+01:00 INFO : Filtering template 108/384 segment 1/5
2026-09-08T15:58:09.344+01:00 INFO : 1 points above threshold
2026-09-08T15:58:09.359+01:00 INFO : Filtering template 108/384 segment 2/5
2026-09-08T15:58:09.377+01:00 INFO : 1 points above threshold
2026-09-08T15:58:09.382+01:00 INFO : Filtering template 108/384 segment 3/5
2026-09-08T15:58:09.399+01:00 INFO : Filtering template 108/384 segment 4/5
2026-09-08T15:58:09.417+01:00 INFO : 4 points above threshold
2026-09-08T15:58:09.426+01:00 INFO : Filtering template 108/384 segment 5/5
2026-09-08T15:58:09.443+01:00 INFO : 108: generating IMRPhenomD from 30.0 Hz
2026-09-08T15:58:09.446+01:00 INFO : Decompressing waveform using inline_linear
2026-09-08T15:58:09.451+01:00 INFO : Filtering template 109/384 segment 1/5
2026-09-08T15:58:09.471+01:00 INFO : 2 points above threshold
2026-09-08T15:58:09.488+01:00 INFO : Filtering template 109/384 segment 2/5
2026-09-08T15:58:09.505+01:00 INFO : Filtering template 109/384 segment 3/5
2026-09-08T15:58:09.523+01:00 INFO : Filtering template 109/384 segment 4/5
2026-09-08T15:58:09.541+01:00 INFO : Filtering template 109/384 segment 5/5
2026-09-08T15:58:09.559+01:00 INFO : 3 points above threshold
2026-09-08T15:58:09.568+01:00 INFO : 109: generating IMRPhenomD from 30.0 Hz
2026-09-08T15:58:09.571+01:00 INFO : Decompressing waveform using inline_linear
2026-09-08T15:58:09.575+01:00 INFO : Filtering template 110/384 segment 1/5
2026-09-08T15:58:09.595+01:00 INFO : 1 points above threshold
2026-09-08T15:58:09.610+01:00 INFO : Filtering template 110/384 segment 2/5
2026-09-08T15:58:09.628+01:00 INFO : Filtering template 110/384 segment 3/5
2026-09-08T15:58:09.646+01:00 INFO : 1 points above threshold
2026-09-08T15:58:09.651+01:00 INFO : Filtering template 110/384 segment 4/5
2026-09-08T15:58:09.668+01:00 INFO : 2 points above threshold
2026-09-08T15:58:09.675+01:00 INFO : Filtering template 110/384 segment 5/5
2026-09-08T15:58:09.693+01:00 INFO : 110: generating IMRPhenomD from 30.0 Hz
2026-09-08T15:58:09.696+01:00 INFO : Decompressing waveform using inline_linear
2026-09-08T15:58:09.701+01:00 INFO : Filtering template 111/384 segment 1/5
2026-09-08T15:58:09.721+01:00 INFO : Filtering template 111/384 segment 2/5
2026-09-08T15:58:09.738+01:00 INFO : 1 points above threshold
2026-09-08T15:58:09.754+01:00 INFO : Filtering template 111/384 segment 3/5
2026-09-08T15:58:09.771+01:00 INFO : 1 points above threshold
2026-09-08T15:58:09.776+01:00 INFO : Filtering template 111/384 segment 4/5
2026-09-08T15:58:09.794+01:00 INFO : Filtering template 111/384 segment 5/5
2026-09-08T15:58:09.812+01:00 INFO : 111: generating IMRPhenomD from 30.0 Hz
2026-09-08T15:58:09.815+01:00 INFO : Decompressing waveform using inline_linear
2026-09-08T15:58:09.819+01:00 INFO : Filtering template 112/384 segment 1/5
2026-09-08T15:58:09.839+01:00 INFO : 4 points above threshold
2026-09-08T15:58:09.858+01:00 INFO : Filtering template 112/384 segment 2/5
2026-09-08T15:58:09.876+01:00 INFO : Filtering template 112/384 segment 3/5
2026-09-08T15:58:09.893+01:00 INFO : 1 points above threshold
2026-09-08T15:58:09.899+01:00 INFO : Filtering template 112/384 segment 4/5
2026-09-08T15:58:09.916+01:00 INFO : 2 points above threshold
2026-09-08T15:58:09.923+01:00 INFO : Filtering template 112/384 segment 5/5
2026-09-08T15:58:09.941+01:00 INFO : 2 points above threshold
2026-09-08T15:58:09.948+01:00 INFO : 112: generating IMRPhenomD from 30.0 Hz
2026-09-08T15:58:09.951+01:00 INFO : Decompressing waveform using inline_linear
2026-09-08T15:58:09.955+01:00 INFO : Filtering template 113/384 segment 1/5
2026-09-08T15:58:09.975+01:00 INFO : 2 points above threshold
2026-09-08T15:58:09.992+01:00 INFO : Filtering template 113/384 segment 2/5
2026-09-08T15:58:10.010+01:00 INFO : 3 points above threshold
2026-09-08T15:58:10.019+01:00 INFO : Filtering template 113/384 segment 3/5
2026-09-08T15:58:10.036+01:00 INFO : Filtering template 113/384 segment 4/5
2026-09-08T15:58:10.054+01:00 INFO : Filtering template 113/384 segment 5/5
2026-09-08T15:58:10.072+01:00 INFO : 113: generating IMRPhenomD from 30.0 Hz
2026-09-08T15:58:10.075+01:00 INFO : Decompressing waveform using inline_linear
2026-09-08T15:58:10.080+01:00 INFO : Filtering template 114/384 segment 1/5
2026-09-08T15:58:10.100+01:00 INFO : 1 points above threshold
2026-09-08T15:58:10.115+01:00 INFO : Filtering template 114/384 segment 2/5
2026-09-08T15:58:10.133+01:00 INFO : Filtering template 114/384 segment 3/5
2026-09-08T15:58:10.150+01:00 INFO : 1 points above threshold
2026-09-08T15:58:10.156+01:00 INFO : Filtering template 114/384 segment 4/5
2026-09-08T15:58:10.173+01:00 INFO : 1 points above threshold
2026-09-08T15:58:10.178+01:00 INFO : Filtering template 114/384 segment 5/5
2026-09-08T15:58:10.196+01:00 INFO : 1 points above threshold
2026-09-08T15:58:10.201+01:00 INFO : 114: generating IMRPhenomD from 30.0 Hz
2026-09-08T15:58:10.204+01:00 INFO : Decompressing waveform using inline_linear
2026-09-08T15:58:10.209+01:00 INFO : Filtering template 115/384 segment 1/5
2026-09-08T15:58:10.228+01:00 INFO : 4 points above threshold
2026-09-08T15:58:10.247+01:00 INFO : Filtering template 115/384 segment 2/5
2026-09-08T15:58:10.265+01:00 INFO : 1 points above threshold
2026-09-08T15:58:10.270+01:00 INFO : Filtering template 115/384 segment 3/5
2026-09-08T15:58:10.288+01:00 INFO : Filtering template 115/384 segment 4/5
2026-09-08T15:58:10.305+01:00 INFO : 2 points above threshold
2026-09-08T15:58:10.312+01:00 INFO : Filtering template 115/384 segment 5/5
2026-09-08T15:58:10.330+01:00 INFO : 115: generating IMRPhenomD from 30.0 Hz
2026-09-08T15:58:10.333+01:00 INFO : Decompressing waveform using inline_linear
2026-09-08T15:58:10.338+01:00 INFO : Filtering template 116/384 segment 1/5
2026-09-08T15:58:10.357+01:00 INFO : Filtering template 116/384 segment 2/5
2026-09-08T15:58:10.375+01:00 INFO : 2 points above threshold
2026-09-08T15:58:10.392+01:00 INFO : Filtering template 116/384 segment 3/5
2026-09-08T15:58:10.410+01:00 INFO : 1 points above threshold
2026-09-08T15:58:10.415+01:00 INFO : Filtering template 116/384 segment 4/5
2026-09-08T15:58:10.433+01:00 INFO : 2 points above threshold
2026-09-08T15:58:10.440+01:00 INFO : Filtering template 116/384 segment 5/5
2026-09-08T15:58:10.457+01:00 INFO : 1 points above threshold
2026-09-08T15:58:10.462+01:00 INFO : 116: generating IMRPhenomD from 30.0 Hz
2026-09-08T15:58:10.483+01:00 INFO : Decompressing waveform using inline_linear
2026-09-08T15:58:10.488+01:00 INFO : Filtering template 117/384 segment 1/5
2026-09-08T15:58:10.513+01:00 INFO : Filtering template 117/384 segment 2/5
2026-09-08T15:58:10.531+01:00 INFO : Filtering template 117/384 segment 3/5
2026-09-08T15:58:10.549+01:00 INFO : 3 points above threshold
2026-09-08T15:58:10.572+01:00 INFO : Filtering template 117/384 segment 4/5
2026-09-08T15:58:10.590+01:00 INFO : 2 points above threshold
2026-09-08T15:58:10.597+01:00 INFO : Filtering template 117/384 segment 5/5
2026-09-08T15:58:10.615+01:00 INFO : 1 points above threshold
2026-09-08T15:58:10.620+01:00 INFO : 117: generating IMRPhenomD from 30.0 Hz
2026-09-08T15:58:10.623+01:00 INFO : Decompressing waveform using inline_linear
2026-09-08T15:58:10.627+01:00 INFO : Filtering template 118/384 segment 1/5
2026-09-08T15:58:10.647+01:00 INFO : 1 points above threshold
2026-09-08T15:58:10.665+01:00 INFO : Filtering template 118/384 segment 2/5
2026-09-08T15:58:10.683+01:00 INFO : Filtering template 118/384 segment 3/5
2026-09-08T15:58:10.701+01:00 INFO : 3 points above threshold
2026-09-08T15:58:10.710+01:00 INFO : Filtering template 118/384 segment 4/5
2026-09-08T15:58:10.727+01:00 INFO : 2 points above threshold
2026-09-08T15:58:10.734+01:00 INFO : Filtering template 118/384 segment 5/5
2026-09-08T15:58:10.752+01:00 INFO : 3 points above threshold
2026-09-08T15:58:10.761+01:00 INFO : 118: generating IMRPhenomD from 30.0 Hz
2026-09-08T15:58:10.764+01:00 INFO : Decompressing waveform using inline_linear
2026-09-08T15:58:10.769+01:00 INFO : Filtering template 119/384 segment 1/5
2026-09-08T15:58:10.789+01:00 INFO : 1 points above threshold
2026-09-08T15:58:10.805+01:00 INFO : Filtering template 119/384 segment 2/5
2026-09-08T15:58:10.823+01:00 INFO : Filtering template 119/384 segment 3/5
2026-09-08T15:58:10.841+01:00 INFO : Filtering template 119/384 segment 4/5
2026-09-08T15:58:10.859+01:00 INFO : 3 points above threshold
2026-09-08T15:58:10.868+01:00 INFO : Filtering template 119/384 segment 5/5
2026-09-08T15:58:10.885+01:00 INFO : 1 points above threshold
2026-09-08T15:58:10.890+01:00 INFO : 119: generating IMRPhenomD from 30.0 Hz
2026-09-08T15:58:10.893+01:00 INFO : Decompressing waveform using inline_linear
2026-09-08T15:58:10.898+01:00 INFO : Filtering template 120/384 segment 1/5
2026-09-08T15:58:10.918+01:00 INFO : Filtering template 120/384 segment 2/5
2026-09-08T15:58:10.936+01:00 INFO : 1 points above threshold
2026-09-08T15:58:10.951+01:00 INFO : Filtering template 120/384 segment 3/5
2026-09-08T15:58:10.969+01:00 INFO : 1 points above threshold
2026-09-08T15:58:10.974+01:00 INFO : Filtering template 120/384 segment 4/5
2026-09-08T15:58:10.991+01:00 INFO : Filtering template 120/384 segment 5/5
2026-09-08T15:58:11.009+01:00 INFO : 120: generating IMRPhenomD from 30.0 Hz
2026-09-08T15:58:11.012+01:00 INFO : Decompressing waveform using inline_linear
2026-09-08T15:58:11.017+01:00 INFO : Filtering template 121/384 segment 1/5
2026-09-08T15:58:11.037+01:00 INFO : 4 points above threshold
2026-09-08T15:58:11.055+01:00 INFO : Filtering template 121/384 segment 2/5
2026-09-08T15:58:11.073+01:00 INFO : 2 points above threshold
2026-09-08T15:58:11.080+01:00 INFO : Filtering template 121/384 segment 3/5
2026-09-08T15:58:11.098+01:00 INFO : Filtering template 121/384 segment 4/5
2026-09-08T15:58:11.115+01:00 INFO : Filtering template 121/384 segment 5/5
2026-09-08T15:58:11.133+01:00 INFO : 121: generating IMRPhenomD from 30.0 Hz
2026-09-08T15:58:11.136+01:00 INFO : Decompressing waveform using inline_linear
2026-09-08T15:58:11.141+01:00 INFO : Filtering template 122/384 segment 1/5
2026-09-08T15:58:11.161+01:00 INFO : 1 points above threshold
2026-09-08T15:58:11.176+01:00 INFO : Filtering template 122/384 segment 2/5
2026-09-08T15:58:11.194+01:00 INFO : 1 points above threshold
2026-09-08T15:58:11.199+01:00 INFO : Filtering template 122/384 segment 3/5
2026-09-08T15:58:11.216+01:00 INFO : Filtering template 122/384 segment 4/5
2026-09-08T15:58:11.234+01:00 INFO : 1 points above threshold
2026-09-08T15:58:11.239+01:00 INFO : Filtering template 122/384 segment 5/5
2026-09-08T15:58:11.257+01:00 INFO : 1 points above threshold
2026-09-08T15:58:11.262+01:00 INFO : 122: generating IMRPhenomD from 30.0 Hz
2026-09-08T15:58:11.265+01:00 INFO : Decompressing waveform using inline_linear
2026-09-08T15:58:11.270+01:00 INFO : Filtering template 123/384 segment 1/5
2026-09-08T15:58:11.290+01:00 INFO : 5 points above threshold
2026-09-08T15:58:11.311+01:00 INFO : Filtering template 123/384 segment 2/5
2026-09-08T15:58:11.329+01:00 INFO : 4 points above threshold
2026-09-08T15:58:11.338+01:00 INFO : Filtering template 123/384 segment 3/5
2026-09-08T15:58:11.355+01:00 INFO : 2 points above threshold
2026-09-08T15:58:11.362+01:00 INFO : Filtering template 123/384 segment 4/5
2026-09-08T15:58:11.380+01:00 INFO : Filtering template 123/384 segment 5/5
2026-09-08T15:58:11.397+01:00 INFO : 1 points above threshold
2026-09-08T15:58:11.402+01:00 INFO : 123: generating IMRPhenomD from 30.0 Hz
2026-09-08T15:58:11.405+01:00 INFO : Decompressing waveform using inline_linear
2026-09-08T15:58:11.410+01:00 INFO : Filtering template 124/384 segment 1/5
2026-09-08T15:58:11.430+01:00 INFO : 4 points above threshold
2026-09-08T15:58:11.449+01:00 INFO : Filtering template 124/384 segment 2/5
2026-09-08T15:58:11.466+01:00 INFO : 2 points above threshold
2026-09-08T15:58:11.473+01:00 INFO : Filtering template 124/384 segment 3/5
2026-09-08T15:58:11.491+01:00 INFO : 1 points above threshold
2026-09-08T15:58:11.496+01:00 INFO : Filtering template 124/384 segment 4/5
2026-09-08T15:58:11.513+01:00 INFO : 1 points above threshold
2026-09-08T15:58:11.519+01:00 INFO : Filtering template 124/384 segment 5/5
2026-09-08T15:58:11.536+01:00 INFO : 2 points above threshold
2026-09-08T15:58:11.543+01:00 INFO : 124: generating IMRPhenomD from 30.0 Hz
2026-09-08T15:58:11.546+01:00 INFO : Decompressing waveform using inline_linear
2026-09-08T15:58:11.551+01:00 INFO : Filtering template 125/384 segment 1/5
2026-09-08T15:58:11.571+01:00 INFO : 3 points above threshold
2026-09-08T15:58:11.590+01:00 INFO : Filtering template 125/384 segment 2/5
2026-09-08T15:58:11.607+01:00 INFO : Filtering template 125/384 segment 3/5
2026-09-08T15:58:11.625+01:00 INFO : 1 points above threshold
2026-09-08T15:58:11.630+01:00 INFO : Filtering template 125/384 segment 4/5
2026-09-08T15:58:11.648+01:00 INFO : 2 points above threshold
2026-09-08T15:58:11.655+01:00 INFO : Filtering template 125/384 segment 5/5
2026-09-08T15:58:11.673+01:00 INFO : 125: generating IMRPhenomD from 30.0 Hz
2026-09-08T15:58:11.676+01:00 INFO : Decompressing waveform using inline_linear
2026-09-08T15:58:11.680+01:00 INFO : Filtering template 126/384 segment 1/5
2026-09-08T15:58:11.700+01:00 INFO : 1 points above threshold
2026-09-08T15:58:11.715+01:00 INFO : Filtering template 126/384 segment 2/5
2026-09-08T15:58:11.733+01:00 INFO : Filtering template 126/384 segment 3/5
2026-09-08T15:58:11.751+01:00 INFO : 2 points above threshold
2026-09-08T15:58:11.758+01:00 INFO : Filtering template 126/384 segment 4/5
2026-09-08T15:58:11.775+01:00 INFO : Filtering template 126/384 segment 5/5
2026-09-08T15:58:11.793+01:00 INFO : 126: generating IMRPhenomD from 30.0 Hz
2026-09-08T15:58:11.796+01:00 INFO : Decompressing waveform using inline_linear
2026-09-08T15:58:11.801+01:00 INFO : Filtering template 127/384 segment 1/5
2026-09-08T15:58:11.821+01:00 INFO : 1 points above threshold
2026-09-08T15:58:11.837+01:00 INFO : Filtering template 127/384 segment 2/5
2026-09-08T15:58:11.854+01:00 INFO : 2 points above threshold
2026-09-08T15:58:11.861+01:00 INFO : Filtering template 127/384 segment 3/5
2026-09-08T15:58:11.879+01:00 INFO : 2 points above threshold
2026-09-08T15:58:11.886+01:00 INFO : Filtering template 127/384 segment 4/5
2026-09-08T15:58:11.903+01:00 INFO : 1 points above threshold
2026-09-08T15:58:11.909+01:00 INFO : Filtering template 127/384 segment 5/5
2026-09-08T15:58:11.926+01:00 INFO : 127: generating IMRPhenomD from 30.0 Hz
2026-09-08T15:58:11.929+01:00 INFO : Decompressing waveform using inline_linear
2026-09-08T15:58:11.934+01:00 INFO : Filtering template 128/384 segment 1/5
2026-09-08T15:58:11.954+01:00 INFO : 1 points above threshold
2026-09-08T15:58:11.969+01:00 INFO : Filtering template 128/384 segment 2/5
2026-09-08T15:58:11.987+01:00 INFO : 3 points above threshold
2026-09-08T15:58:11.996+01:00 INFO : Filtering template 128/384 segment 3/5
2026-09-08T15:58:12.014+01:00 INFO : 2 points above threshold
2026-09-08T15:58:12.021+01:00 INFO : Filtering template 128/384 segment 4/5
2026-09-08T15:58:12.038+01:00 INFO : Filtering template 128/384 segment 5/5
2026-09-08T15:58:12.056+01:00 INFO : 2 points above threshold
2026-09-08T15:58:12.063+01:00 INFO : 128: generating IMRPhenomD from 30.0 Hz
2026-09-08T15:58:12.066+01:00 INFO : Decompressing waveform using inline_linear
2026-09-08T15:58:12.071+01:00 INFO : Filtering template 129/384 segment 1/5
2026-09-08T15:58:12.090+01:00 INFO : 1 points above threshold
2026-09-08T15:58:12.105+01:00 INFO : Filtering template 129/384 segment 2/5
2026-09-08T15:58:12.123+01:00 INFO : Filtering template 129/384 segment 3/5
2026-09-08T15:58:12.141+01:00 INFO : 2 points above threshold
2026-09-08T15:58:12.148+01:00 INFO : Filtering template 129/384 segment 4/5
2026-09-08T15:58:12.166+01:00 INFO : Filtering template 129/384 segment 5/5
2026-09-08T15:58:12.183+01:00 INFO : 1 points above threshold
2026-09-08T15:58:12.189+01:00 INFO : 129: generating IMRPhenomD from 30.0 Hz
2026-09-08T15:58:12.191+01:00 INFO : Decompressing waveform using inline_linear
2026-09-08T15:58:12.196+01:00 INFO : Filtering template 130/384 segment 1/5
2026-09-08T15:58:12.216+01:00 INFO : 1 points above threshold
2026-09-08T15:58:12.231+01:00 INFO : Filtering template 130/384 segment 2/5
2026-09-08T15:58:12.249+01:00 INFO : 2 points above threshold
2026-09-08T15:58:12.256+01:00 INFO : Filtering template 130/384 segment 3/5
2026-09-08T15:58:12.274+01:00 INFO : 1 points above threshold
2026-09-08T15:58:12.279+01:00 INFO : Filtering template 130/384 segment 4/5
2026-09-08T15:58:12.296+01:00 INFO : 1 points above threshold
2026-09-08T15:58:12.301+01:00 INFO : Filtering template 130/384 segment 5/5
2026-09-08T15:58:12.319+01:00 INFO : 1 points above threshold
2026-09-08T15:58:12.325+01:00 INFO : 130: generating IMRPhenomD from 30.0 Hz
2026-09-08T15:58:12.328+01:00 INFO : Decompressing waveform using inline_linear
2026-09-08T15:58:12.333+01:00 INFO : Filtering template 131/384 segment 1/5
2026-09-08T15:58:12.353+01:00 INFO : 1 points above threshold
2026-09-08T15:58:12.368+01:00 INFO : Filtering template 131/384 segment 2/5
2026-09-08T15:58:12.385+01:00 INFO : 2 points above threshold
2026-09-08T15:58:12.392+01:00 INFO : Filtering template 131/384 segment 3/5
2026-09-08T15:58:12.410+01:00 INFO : Filtering template 131/384 segment 4/5
2026-09-08T15:58:12.428+01:00 INFO : 2 points above threshold
2026-09-08T15:58:12.435+01:00 INFO : Filtering template 131/384 segment 5/5
2026-09-08T15:58:12.452+01:00 INFO : 131: generating IMRPhenomD from 30.0 Hz
2026-09-08T15:58:12.455+01:00 INFO : Decompressing waveform using inline_linear
2026-09-08T15:58:12.460+01:00 INFO : Filtering template 132/384 segment 1/5
2026-09-08T15:58:12.480+01:00 INFO : 1 points above threshold
2026-09-08T15:58:12.495+01:00 INFO : Filtering template 132/384 segment 2/5
2026-09-08T15:58:12.513+01:00 INFO : Filtering template 132/384 segment 3/5
2026-09-08T15:58:12.530+01:00 INFO : Filtering template 132/384 segment 4/5
2026-09-08T15:58:12.548+01:00 INFO : 1 points above threshold
2026-09-08T15:58:12.553+01:00 INFO : Filtering template 132/384 segment 5/5
2026-09-08T15:58:12.571+01:00 INFO : 1 points above threshold
2026-09-08T15:58:12.576+01:00 INFO : 132: generating IMRPhenomD from 30.0 Hz
2026-09-08T15:58:12.579+01:00 INFO : Decompressing waveform using inline_linear
2026-09-08T15:58:12.583+01:00 INFO : Filtering template 133/384 segment 1/5
2026-09-08T15:58:12.603+01:00 INFO : 2 points above threshold
2026-09-08T15:58:12.620+01:00 INFO : Filtering template 133/384 segment 2/5
2026-09-08T15:58:12.638+01:00 INFO : Filtering template 133/384 segment 3/5
2026-09-08T15:58:12.656+01:00 INFO : 4 points above threshold
2026-09-08T15:58:12.664+01:00 INFO : Filtering template 133/384 segment 4/5
2026-09-08T15:58:12.682+01:00 INFO : 1 points above threshold
2026-09-08T15:58:12.687+01:00 INFO : Filtering template 133/384 segment 5/5
2026-09-08T15:58:12.704+01:00 INFO : 1 points above threshold
2026-09-08T15:58:12.710+01:00 INFO : 133: generating IMRPhenomD from 30.0 Hz
2026-09-08T15:58:12.712+01:00 INFO : Decompressing waveform using inline_linear
2026-09-08T15:58:12.717+01:00 INFO : Filtering template 134/384 segment 1/5
2026-09-08T15:58:12.737+01:00 INFO : 1 points above threshold
2026-09-08T15:58:12.753+01:00 INFO : Filtering template 134/384 segment 2/5
2026-09-08T15:58:12.770+01:00 INFO : Filtering template 134/384 segment 3/5
2026-09-08T15:58:12.788+01:00 INFO : 1 points above threshold
2026-09-08T15:58:12.793+01:00 INFO : Filtering template 134/384 segment 4/5
2026-09-08T15:58:12.811+01:00 INFO : 1 points above threshold
2026-09-08T15:58:12.816+01:00 INFO : Filtering template 134/384 segment 5/5
2026-09-08T15:58:12.834+01:00 INFO : 134: generating IMRPhenomD from 30.0 Hz
2026-09-08T15:58:12.836+01:00 INFO : Decompressing waveform using inline_linear
2026-09-08T15:58:12.841+01:00 INFO : Filtering template 135/384 segment 1/5
2026-09-08T15:58:12.861+01:00 INFO : 2 points above threshold
2026-09-08T15:58:12.878+01:00 INFO : Filtering template 135/384 segment 2/5
2026-09-08T15:58:12.896+01:00 INFO : 1 points above threshold
2026-09-08T15:58:12.901+01:00 INFO : Filtering template 135/384 segment 3/5
2026-09-08T15:58:12.918+01:00 INFO : Filtering template 135/384 segment 4/5
2026-09-08T15:58:12.936+01:00 INFO : 2 points above threshold
2026-09-08T15:58:12.943+01:00 INFO : Filtering template 135/384 segment 5/5
2026-09-08T15:58:12.961+01:00 INFO : 4 points above threshold
2026-09-08T15:58:12.969+01:00 INFO : 135: generating IMRPhenomD from 30.0 Hz
2026-09-08T15:58:12.972+01:00 INFO : Decompressing waveform using inline_linear
2026-09-08T15:58:12.977+01:00 INFO : Filtering template 136/384 segment 1/5
2026-09-08T15:58:12.997+01:00 INFO : 1 points above threshold
2026-09-08T15:58:13.012+01:00 INFO : Filtering template 136/384 segment 2/5
2026-09-08T15:58:13.029+01:00 INFO : 1 points above threshold
2026-09-08T15:58:13.035+01:00 INFO : Filtering template 136/384 segment 3/5
2026-09-08T15:58:13.052+01:00 INFO : 3 points above threshold
2026-09-08T15:58:13.061+01:00 INFO : Filtering template 136/384 segment 4/5
2026-09-08T15:58:13.079+01:00 INFO : Filtering template 136/384 segment 5/5
2026-09-08T15:58:13.097+01:00 INFO : 1 points above threshold
2026-09-08T15:58:13.102+01:00 INFO : 136: generating IMRPhenomD from 30.0 Hz
2026-09-08T15:58:13.105+01:00 INFO : Decompressing waveform using inline_linear
2026-09-08T15:58:13.109+01:00 INFO : Filtering template 137/384 segment 1/5
2026-09-08T15:58:13.129+01:00 INFO : 1 points above threshold
2026-09-08T15:58:13.144+01:00 INFO : Filtering template 137/384 segment 2/5
2026-09-08T15:58:13.162+01:00 INFO : Filtering template 137/384 segment 3/5
2026-09-08T15:58:13.180+01:00 INFO : 3 points above threshold
2026-09-08T15:58:13.189+01:00 INFO : Filtering template 137/384 segment 4/5
2026-09-08T15:58:13.206+01:00 INFO : Filtering template 137/384 segment 5/5
2026-09-08T15:58:13.224+01:00 INFO : 1 points above threshold
2026-09-08T15:58:13.229+01:00 INFO : 137: generating IMRPhenomD from 30.0 Hz
2026-09-08T15:58:13.232+01:00 INFO : Decompressing waveform using inline_linear
2026-09-08T15:58:13.237+01:00 INFO : Filtering template 138/384 segment 1/5
2026-09-08T15:58:13.257+01:00 INFO : 2 points above threshold
2026-09-08T15:58:13.274+01:00 INFO : Filtering template 138/384 segment 2/5
2026-09-08T15:58:13.292+01:00 INFO : 1 points above threshold
2026-09-08T15:58:13.297+01:00 INFO : Filtering template 138/384 segment 3/5
2026-09-08T15:58:13.314+01:00 INFO : Filtering template 138/384 segment 4/5
2026-09-08T15:58:13.332+01:00 INFO : Filtering template 138/384 segment 5/5
2026-09-08T15:58:13.350+01:00 INFO : 2 points above threshold
2026-09-08T15:58:13.357+01:00 INFO : 138: generating IMRPhenomD from 30.0 Hz
2026-09-08T15:58:13.360+01:00 INFO : Decompressing waveform using inline_linear
2026-09-08T15:58:13.364+01:00 INFO : Filtering template 139/384 segment 1/5
2026-09-08T15:58:13.384+01:00 INFO : Filtering template 139/384 segment 2/5
2026-09-08T15:58:13.402+01:00 INFO : Filtering template 139/384 segment 3/5
2026-09-08T15:58:13.420+01:00 INFO : 2 points above threshold
2026-09-08T15:58:13.438+01:00 INFO : Filtering template 139/384 segment 4/5
2026-09-08T15:58:13.456+01:00 INFO : Filtering template 139/384 segment 5/5
2026-09-08T15:58:13.473+01:00 INFO : 1 points above threshold
2026-09-08T15:58:13.479+01:00 INFO : 139: generating IMRPhenomD from 30.0 Hz
2026-09-08T15:58:13.481+01:00 INFO : Decompressing waveform using inline_linear
2026-09-08T15:58:13.486+01:00 INFO : Filtering template 140/384 segment 1/5
2026-09-08T15:58:13.506+01:00 INFO : 2 points above threshold
2026-09-08T15:58:13.523+01:00 INFO : Filtering template 140/384 segment 2/5
2026-09-08T15:58:13.541+01:00 INFO : 3 points above threshold
2026-09-08T15:58:13.550+01:00 INFO : Filtering template 140/384 segment 3/5
2026-09-08T15:58:13.567+01:00 INFO : 2 points above threshold
2026-09-08T15:58:13.574+01:00 INFO : Filtering template 140/384 segment 4/5
2026-09-08T15:58:13.592+01:00 INFO : 1 points above threshold
2026-09-08T15:58:13.597+01:00 INFO : Filtering template 140/384 segment 5/5
2026-09-08T15:58:13.615+01:00 INFO : 2 points above threshold
2026-09-08T15:58:13.622+01:00 INFO : 140: generating IMRPhenomD from 30.0 Hz
2026-09-08T15:58:13.625+01:00 INFO : Decompressing waveform using inline_linear
2026-09-08T15:58:13.630+01:00 INFO : Filtering template 141/384 segment 1/5
2026-09-08T15:58:13.650+01:00 INFO : 1 points above threshold
2026-09-08T15:58:13.665+01:00 INFO : Filtering template 141/384 segment 2/5
2026-09-08T15:58:13.683+01:00 INFO : 3 points above threshold
2026-09-08T15:58:13.692+01:00 INFO : Filtering template 141/384 segment 3/5
2026-09-08T15:58:13.710+01:00 INFO : Filtering template 141/384 segment 4/5
2026-09-08T15:58:13.727+01:00 INFO : 2 points above threshold
2026-09-08T15:58:13.734+01:00 INFO : Filtering template 141/384 segment 5/5
2026-09-08T15:58:13.752+01:00 INFO : 141: generating IMRPhenomD from 30.0 Hz
2026-09-08T15:58:13.755+01:00 INFO : Decompressing waveform using inline_linear
2026-09-08T15:58:13.760+01:00 INFO : Filtering template 142/384 segment 1/5
2026-09-08T15:58:13.779+01:00 INFO : 1 points above threshold
2026-09-08T15:58:13.795+01:00 INFO : Filtering template 142/384 segment 2/5
2026-09-08T15:58:13.812+01:00 INFO : 1 points above threshold
2026-09-08T15:58:13.817+01:00 INFO : Filtering template 142/384 segment 3/5
2026-09-08T15:58:13.835+01:00 INFO : 2 points above threshold
2026-09-08T15:58:13.842+01:00 INFO : Filtering template 142/384 segment 4/5
2026-09-08T15:58:13.860+01:00 INFO : 3 points above threshold
2026-09-08T15:58:13.869+01:00 INFO : Filtering template 142/384 segment 5/5
2026-09-08T15:58:13.886+01:00 INFO : 1 points above threshold
2026-09-08T15:58:13.892+01:00 INFO : 142: generating IMRPhenomD from 30.0 Hz
2026-09-08T15:58:13.894+01:00 INFO : Decompressing waveform using inline_linear
2026-09-08T15:58:13.899+01:00 INFO : Filtering template 143/384 segment 1/5
2026-09-08T15:58:13.919+01:00 INFO : 2 points above threshold
2026-09-08T15:58:13.936+01:00 INFO : Filtering template 143/384 segment 2/5
2026-09-08T15:58:13.954+01:00 INFO : Filtering template 143/384 segment 3/5
2026-09-08T15:58:13.971+01:00 INFO : Filtering template 143/384 segment 4/5
2026-09-08T15:58:13.989+01:00 INFO : 2 points above threshold
2026-09-08T15:58:13.996+01:00 INFO : Filtering template 143/384 segment 5/5
2026-09-08T15:58:14.014+01:00 INFO : 143: generating IMRPhenomD from 30.0 Hz
2026-09-08T15:58:14.017+01:00 INFO : Decompressing waveform using inline_linear
2026-09-08T15:58:14.021+01:00 INFO : Filtering template 144/384 segment 1/5
2026-09-08T15:58:14.041+01:00 INFO : 2 points above threshold
2026-09-08T15:58:14.058+01:00 INFO : Filtering template 144/384 segment 2/5
2026-09-08T15:58:14.076+01:00 INFO : 1 points above threshold
2026-09-08T15:58:14.081+01:00 INFO : Filtering template 144/384 segment 3/5
2026-09-08T15:58:14.099+01:00 INFO : 1 points above threshold
2026-09-08T15:58:14.104+01:00 INFO : Filtering template 144/384 segment 4/5
2026-09-08T15:58:14.121+01:00 INFO : 1 points above threshold
2026-09-08T15:58:14.127+01:00 INFO : Filtering template 144/384 segment 5/5
2026-09-08T15:58:14.144+01:00 INFO : 1 points above threshold
2026-09-08T15:58:14.150+01:00 INFO : 144: generating IMRPhenomD from 30.0 Hz
2026-09-08T15:58:14.153+01:00 INFO : Decompressing waveform using inline_linear
2026-09-08T15:58:14.157+01:00 INFO : Filtering template 145/384 segment 1/5
2026-09-08T15:58:14.177+01:00 INFO : 2 points above threshold
2026-09-08T15:58:14.194+01:00 INFO : Filtering template 145/384 segment 2/5
2026-09-08T15:58:14.212+01:00 INFO : 3 points above threshold
2026-09-08T15:58:14.221+01:00 INFO : Filtering template 145/384 segment 3/5
2026-09-08T15:58:14.241+01:00 INFO : 1 points above threshold
2026-09-08T15:58:14.246+01:00 INFO : Filtering template 145/384 segment 4/5
2026-09-08T15:58:14.264+01:00 INFO : Filtering template 145/384 segment 5/5
2026-09-08T15:58:14.284+01:00 INFO : 145: generating IMRPhenomD from 30.0 Hz
2026-09-08T15:58:14.287+01:00 INFO : Decompressing waveform using inline_linear
2026-09-08T15:58:14.292+01:00 INFO : Filtering template 146/384 segment 1/5
2026-09-08T15:58:14.315+01:00 INFO : 4 points above threshold
2026-09-08T15:58:14.334+01:00 INFO : Filtering template 146/384 segment 2/5
2026-09-08T15:58:14.352+01:00 INFO : Filtering template 146/384 segment 3/5
2026-09-08T15:58:14.369+01:00 INFO : 1 points above threshold
2026-09-08T15:58:14.374+01:00 INFO : Filtering template 146/384 segment 4/5
2026-09-08T15:58:14.392+01:00 INFO : 3 points above threshold
2026-09-08T15:58:14.401+01:00 INFO : Filtering template 146/384 segment 5/5
2026-09-08T15:58:14.419+01:00 INFO : 2 points above threshold
2026-09-08T15:58:14.426+01:00 INFO : 146: generating IMRPhenomD from 30.0 Hz
2026-09-08T15:58:14.429+01:00 INFO : Decompressing waveform using inline_linear
2026-09-08T15:58:14.433+01:00 INFO : Filtering template 147/384 segment 1/5
2026-09-08T15:58:14.453+01:00 INFO : 1 points above threshold
2026-09-08T15:58:14.468+01:00 INFO : Filtering template 147/384 segment 2/5
2026-09-08T15:58:14.486+01:00 INFO : Filtering template 147/384 segment 3/5
2026-09-08T15:58:14.504+01:00 INFO : 1 points above threshold
2026-09-08T15:58:14.509+01:00 INFO : Filtering template 147/384 segment 4/5
2026-09-08T15:58:14.526+01:00 INFO : Filtering template 147/384 segment 5/5
2026-09-08T15:58:14.544+01:00 INFO : 3 points above threshold
2026-09-08T15:58:14.553+01:00 INFO : 147: generating IMRPhenomD from 30.0 Hz
2026-09-08T15:58:14.556+01:00 INFO : Decompressing waveform using inline_linear
2026-09-08T15:58:14.561+01:00 INFO : Filtering template 148/384 segment 1/5
2026-09-08T15:58:14.581+01:00 INFO : 2 points above threshold
2026-09-08T15:58:14.598+01:00 INFO : Filtering template 148/384 segment 2/5
2026-09-08T15:58:14.615+01:00 INFO : 2 points above threshold
2026-09-08T15:58:14.622+01:00 INFO : Filtering template 148/384 segment 3/5
2026-09-08T15:58:14.640+01:00 INFO : 1 points above threshold
2026-09-08T15:58:14.645+01:00 INFO : Filtering template 148/384 segment 4/5
2026-09-08T15:58:14.663+01:00 INFO : Filtering template 148/384 segment 5/5
2026-09-08T15:58:14.681+01:00 INFO : 148: generating IMRPhenomD from 30.0 Hz
2026-09-08T15:58:14.683+01:00 INFO : Decompressing waveform using inline_linear
2026-09-08T15:58:14.688+01:00 INFO : Filtering template 149/384 segment 1/5
2026-09-08T15:58:14.708+01:00 INFO : Filtering template 149/384 segment 2/5
2026-09-08T15:58:14.726+01:00 INFO : 3 points above threshold
2026-09-08T15:58:14.746+01:00 INFO : Filtering template 149/384 segment 3/5
2026-09-08T15:58:14.764+01:00 INFO : 1 points above threshold
2026-09-08T15:58:14.769+01:00 INFO : Filtering template 149/384 segment 4/5
2026-09-08T15:58:14.787+01:00 INFO : Filtering template 149/384 segment 5/5
2026-09-08T15:58:14.804+01:00 INFO : 1 points above threshold
2026-09-08T15:58:14.809+01:00 INFO : 149: generating IMRPhenomD from 30.0 Hz
2026-09-08T15:58:14.812+01:00 INFO : Decompressing waveform using inline_linear
2026-09-08T15:58:14.817+01:00 INFO : Filtering template 150/384 segment 1/5
2026-09-08T15:58:14.837+01:00 INFO : 1 points above threshold
2026-09-08T15:58:14.853+01:00 INFO : Filtering template 150/384 segment 2/5
2026-09-08T15:58:14.871+01:00 INFO : Filtering template 150/384 segment 3/5
2026-09-08T15:58:14.888+01:00 INFO : 1 points above threshold
2026-09-08T15:58:14.894+01:00 INFO : Filtering template 150/384 segment 4/5
2026-09-08T15:58:14.911+01:00 INFO : 3 points above threshold
2026-09-08T15:58:14.920+01:00 INFO : Filtering template 150/384 segment 5/5
2026-09-08T15:58:14.938+01:00 INFO : 2 points above threshold
2026-09-08T15:58:14.945+01:00 INFO : 150: generating IMRPhenomD from 30.0 Hz
2026-09-08T15:58:14.948+01:00 INFO : Decompressing waveform using inline_linear
2026-09-08T15:58:14.952+01:00 INFO : Filtering template 151/384 segment 1/5
2026-09-08T15:58:14.972+01:00 INFO : 1 points above threshold
2026-09-08T15:58:14.989+01:00 INFO : Filtering template 151/384 segment 2/5
2026-09-08T15:58:15.006+01:00 INFO : 2 points above threshold
2026-09-08T15:58:15.013+01:00 INFO : Filtering template 151/384 segment 3/5
2026-09-08T15:58:15.031+01:00 INFO : Filtering template 151/384 segment 4/5
2026-09-08T15:58:15.049+01:00 INFO : Filtering template 151/384 segment 5/5
2026-09-08T15:58:15.067+01:00 INFO : 151: generating IMRPhenomD from 30.0 Hz
2026-09-08T15:58:15.069+01:00 INFO : Decompressing waveform using inline_linear
2026-09-08T15:58:15.074+01:00 INFO : Filtering template 152/384 segment 1/5
2026-09-08T15:58:15.094+01:00 INFO : 1 points above threshold
2026-09-08T15:58:15.110+01:00 INFO : Filtering template 152/384 segment 2/5
2026-09-08T15:58:15.128+01:00 INFO : 2 points above threshold
2026-09-08T15:58:15.135+01:00 INFO : Filtering template 152/384 segment 3/5
2026-09-08T15:58:15.152+01:00 INFO : 1 points above threshold
2026-09-08T15:58:15.158+01:00 INFO : Filtering template 152/384 segment 4/5
2026-09-08T15:58:15.175+01:00 INFO : Filtering template 152/384 segment 5/5
2026-09-08T15:58:15.193+01:00 INFO : 1 points above threshold
2026-09-08T15:58:15.198+01:00 INFO : 152: generating IMRPhenomD from 30.0 Hz
2026-09-08T15:58:15.201+01:00 INFO : Decompressing waveform using inline_linear
2026-09-08T15:58:15.206+01:00 INFO : Filtering template 153/384 segment 1/5
2026-09-08T15:58:15.225+01:00 INFO : 1 points above threshold
2026-09-08T15:58:15.241+01:00 INFO : Filtering template 153/384 segment 2/5
2026-09-08T15:58:15.259+01:00 INFO : 4 points above threshold
2026-09-08T15:58:15.267+01:00 INFO : Filtering template 153/384 segment 3/5
2026-09-08T15:58:15.285+01:00 INFO : 1 points above threshold
2026-09-08T15:58:15.290+01:00 INFO : Filtering template 153/384 segment 4/5
2026-09-08T15:58:15.307+01:00 INFO : Filtering template 153/384 segment 5/5
2026-09-08T15:58:15.325+01:00 INFO : 153: generating IMRPhenomD from 30.0 Hz
2026-09-08T15:58:15.328+01:00 INFO : Decompressing waveform using inline_linear
2026-09-08T15:58:15.333+01:00 INFO : Filtering template 154/384 segment 1/5
2026-09-08T15:58:15.353+01:00 INFO : 2 points above threshold
2026-09-08T15:58:15.370+01:00 INFO : Filtering template 154/384 segment 2/5
2026-09-08T15:58:15.387+01:00 INFO : 2 points above threshold
2026-09-08T15:58:15.394+01:00 INFO : Filtering template 154/384 segment 3/5
2026-09-08T15:58:15.412+01:00 INFO : Filtering template 154/384 segment 4/5
2026-09-08T15:58:15.430+01:00 INFO : 2 points above threshold
2026-09-08T15:58:15.437+01:00 INFO : Filtering template 154/384 segment 5/5
2026-09-08T15:58:15.454+01:00 INFO : 154: generating IMRPhenomD from 30.0 Hz
2026-09-08T15:58:15.457+01:00 INFO : Decompressing waveform using inline_linear
2026-09-08T15:58:15.462+01:00 INFO : Filtering template 155/384 segment 1/5
2026-09-08T15:58:15.482+01:00 INFO : Filtering template 155/384 segment 2/5
2026-09-08T15:58:15.499+01:00 INFO : 1 points above threshold
2026-09-08T15:58:15.515+01:00 INFO : Filtering template 155/384 segment 3/5
2026-09-08T15:58:15.532+01:00 INFO : 1 points above threshold
2026-09-08T15:58:15.537+01:00 INFO : Filtering template 155/384 segment 4/5
2026-09-08T15:58:15.555+01:00 INFO : 3 points above threshold
2026-09-08T15:58:15.564+01:00 INFO : Filtering template 155/384 segment 5/5
2026-09-08T15:58:15.582+01:00 INFO : 155: generating IMRPhenomD from 30.0 Hz
2026-09-08T15:58:15.584+01:00 INFO : Decompressing waveform using inline_linear
2026-09-08T15:58:15.589+01:00 INFO : Filtering template 156/384 segment 1/5
2026-09-08T15:58:15.609+01:00 INFO : 1 points above threshold
2026-09-08T15:58:15.624+01:00 INFO : Filtering template 156/384 segment 2/5
2026-09-08T15:58:15.642+01:00 INFO : Filtering template 156/384 segment 3/5
2026-09-08T15:58:15.660+01:00 INFO : Filtering template 156/384 segment 4/5
2026-09-08T15:58:15.677+01:00 INFO : 3 points above threshold
2026-09-08T15:58:15.686+01:00 INFO : Filtering template 156/384 segment 5/5
2026-09-08T15:58:15.704+01:00 INFO : 156: generating IMRPhenomD from 30.0 Hz
2026-09-08T15:58:15.707+01:00 INFO : Decompressing waveform using inline_linear
2026-09-08T15:58:15.712+01:00 INFO : Filtering template 157/384 segment 1/5
2026-09-08T15:58:15.732+01:00 INFO : 1 points above threshold
2026-09-08T15:58:15.747+01:00 INFO : Filtering template 157/384 segment 2/5
2026-09-08T15:58:15.765+01:00 INFO : 1 points above threshold
2026-09-08T15:58:15.770+01:00 INFO : Filtering template 157/384 segment 3/5
2026-09-08T15:58:15.787+01:00 INFO : Filtering template 157/384 segment 4/5
2026-09-08T15:58:15.805+01:00 INFO : 2 points above threshold
2026-09-08T15:58:15.812+01:00 INFO : Filtering template 157/384 segment 5/5
2026-09-08T15:58:15.830+01:00 INFO : 3 points above threshold
2026-09-08T15:58:15.839+01:00 INFO : 157: generating IMRPhenomD from 30.0 Hz
2026-09-08T15:58:15.842+01:00 INFO : Decompressing waveform using inline_linear
2026-09-08T15:58:15.846+01:00 INFO : Filtering template 158/384 segment 1/5
2026-09-08T15:58:15.866+01:00 INFO : 1 points above threshold
2026-09-08T15:58:15.881+01:00 INFO : Filtering template 158/384 segment 2/5
2026-09-08T15:58:15.899+01:00 INFO : 1 points above threshold
2026-09-08T15:58:15.904+01:00 INFO : Filtering template 158/384 segment 3/5
2026-09-08T15:58:15.922+01:00 INFO : 1 points above threshold
2026-09-08T15:58:15.927+01:00 INFO : Filtering template 158/384 segment 4/5
2026-09-08T15:58:15.944+01:00 INFO : Filtering template 158/384 segment 5/5
2026-09-08T15:58:15.962+01:00 INFO : 158: generating IMRPhenomD from 30.0 Hz
2026-09-08T15:58:15.965+01:00 INFO : Decompressing waveform using inline_linear
2026-09-08T15:58:15.970+01:00 INFO : Filtering template 159/384 segment 1/5
2026-09-08T15:58:15.990+01:00 INFO : Filtering template 159/384 segment 2/5
2026-09-08T15:58:16.007+01:00 INFO : 2 points above threshold
2026-09-08T15:58:16.024+01:00 INFO : Filtering template 159/384 segment 3/5
2026-09-08T15:58:16.042+01:00 INFO : 1 points above threshold
2026-09-08T15:58:16.047+01:00 INFO : Filtering template 159/384 segment 4/5
2026-09-08T15:58:16.064+01:00 INFO : 2 points above threshold
2026-09-08T15:58:16.071+01:00 INFO : Filtering template 159/384 segment 5/5
2026-09-08T15:58:16.089+01:00 INFO : 1 points above threshold
2026-09-08T15:58:16.094+01:00 INFO : 159: generating IMRPhenomD from 30.0 Hz
2026-09-08T15:58:16.097+01:00 INFO : Decompressing waveform using inline_linear
2026-09-08T15:58:16.102+01:00 INFO : Filtering template 160/384 segment 1/5
2026-09-08T15:58:16.122+01:00 INFO : 1 points above threshold
2026-09-08T15:58:16.137+01:00 INFO : Filtering template 160/384 segment 2/5
2026-09-08T15:58:16.155+01:00 INFO : 1 points above threshold
2026-09-08T15:58:16.160+01:00 INFO : Filtering template 160/384 segment 3/5
2026-09-08T15:58:16.177+01:00 INFO : 1 points above threshold
2026-09-08T15:58:16.183+01:00 INFO : Filtering template 160/384 segment 4/5
2026-09-08T15:58:16.200+01:00 INFO : Filtering template 160/384 segment 5/5
2026-09-08T15:58:16.218+01:00 INFO : 1 points above threshold
2026-09-08T15:58:16.223+01:00 INFO : 160: generating IMRPhenomD from 30.0 Hz
2026-09-08T15:58:16.226+01:00 INFO : Decompressing waveform using inline_linear
2026-09-08T15:58:16.231+01:00 INFO : Filtering template 161/384 segment 1/5
2026-09-08T15:58:16.250+01:00 INFO : 1 points above threshold
2026-09-08T15:58:16.266+01:00 INFO : Filtering template 161/384 segment 2/5
2026-09-08T15:58:16.284+01:00 INFO : 2 points above threshold
2026-09-08T15:58:16.291+01:00 INFO : Filtering template 161/384 segment 3/5
2026-09-08T15:58:16.308+01:00 INFO : 1 points above threshold
2026-09-08T15:58:16.313+01:00 INFO : Filtering template 161/384 segment 4/5
2026-09-08T15:58:16.331+01:00 INFO : 1 points above threshold
2026-09-08T15:58:16.336+01:00 INFO : Filtering template 161/384 segment 5/5
2026-09-08T15:58:16.353+01:00 INFO : 3 points above threshold
2026-09-08T15:58:16.363+01:00 INFO : 161: generating IMRPhenomD from 30.0 Hz
2026-09-08T15:58:16.366+01:00 INFO : Decompressing waveform using inline_linear
2026-09-08T15:58:16.370+01:00 INFO : Filtering template 162/384 segment 1/5
2026-09-08T15:58:16.390+01:00 INFO : Filtering template 162/384 segment 2/5
2026-09-08T15:58:16.408+01:00 INFO : 2 points above threshold
2026-09-08T15:58:16.425+01:00 INFO : Filtering template 162/384 segment 3/5
2026-09-08T15:58:16.442+01:00 INFO : 1 points above threshold
2026-09-08T15:58:16.448+01:00 INFO : Filtering template 162/384 segment 4/5
2026-09-08T15:58:16.465+01:00 INFO : 1 points above threshold
2026-09-08T15:58:16.470+01:00 INFO : Filtering template 162/384 segment 5/5
2026-09-08T15:58:16.488+01:00 INFO : 1 points above threshold
2026-09-08T15:58:16.493+01:00 INFO : 162: generating IMRPhenomD from 30.0 Hz
2026-09-08T15:58:16.514+01:00 INFO : Decompressing waveform using inline_linear
2026-09-08T15:58:16.519+01:00 INFO : Filtering template 163/384 segment 1/5
2026-09-08T15:58:16.547+01:00 INFO : 2 points above threshold
2026-09-08T15:58:16.569+01:00 INFO : Filtering template 163/384 segment 2/5
2026-09-08T15:58:16.586+01:00 INFO : 3 points above threshold
2026-09-08T15:58:16.595+01:00 INFO : Filtering template 163/384 segment 3/5
2026-09-08T15:58:16.613+01:00 INFO : Filtering template 163/384 segment 4/5
2026-09-08T15:58:16.631+01:00 INFO : 3 points above threshold
2026-09-08T15:58:16.640+01:00 INFO : Filtering template 163/384 segment 5/5
2026-09-08T15:58:16.657+01:00 INFO : 2 points above threshold
2026-09-08T15:58:16.664+01:00 INFO : 163: generating IMRPhenomD from 30.0 Hz
2026-09-08T15:58:16.667+01:00 INFO : Decompressing waveform using inline_linear
2026-09-08T15:58:16.672+01:00 INFO : Filtering template 164/384 segment 1/5
2026-09-08T15:58:16.692+01:00 INFO : 2 points above threshold
2026-09-08T15:58:16.709+01:00 INFO : Filtering template 164/384 segment 2/5
2026-09-08T15:58:16.726+01:00 INFO : 1 points above threshold
2026-09-08T15:58:16.731+01:00 INFO : Filtering template 164/384 segment 3/5
2026-09-08T15:58:16.749+01:00 INFO : 1 points above threshold
2026-09-08T15:58:16.754+01:00 INFO : Filtering template 164/384 segment 4/5
2026-09-08T15:58:16.772+01:00 INFO : Filtering template 164/384 segment 5/5
2026-09-08T15:58:16.789+01:00 INFO : 1 points above threshold
2026-09-08T15:58:16.795+01:00 INFO : 164: generating IMRPhenomD from 30.0 Hz
2026-09-08T15:58:16.797+01:00 INFO : Decompressing waveform using inline_linear
2026-09-08T15:58:16.802+01:00 INFO : Filtering template 165/384 segment 1/5
2026-09-08T15:58:16.822+01:00 INFO : 1 points above threshold
2026-09-08T15:58:16.837+01:00 INFO : Filtering template 165/384 segment 2/5
2026-09-08T15:58:16.855+01:00 INFO : Filtering template 165/384 segment 3/5
2026-09-08T15:58:16.873+01:00 INFO : 2 points above threshold
2026-09-08T15:58:16.880+01:00 INFO : Filtering template 165/384 segment 4/5
2026-09-08T15:58:16.897+01:00 INFO : 1 points above threshold
2026-09-08T15:58:16.908+01:00 INFO : Filtering template 165/384 segment 5/5
2026-09-08T15:58:16.925+01:00 INFO : 1 points above threshold
2026-09-08T15:58:16.930+01:00 INFO : 165: generating IMRPhenomD from 30.0 Hz
2026-09-08T15:58:16.933+01:00 INFO : Decompressing waveform using inline_linear
2026-09-08T15:58:16.938+01:00 INFO : Filtering template 166/384 segment 1/5
2026-09-08T15:58:16.958+01:00 INFO : 2 points above threshold
2026-09-08T15:58:16.975+01:00 INFO : Filtering template 166/384 segment 2/5
2026-09-08T15:58:16.992+01:00 INFO : Filtering template 166/384 segment 3/5
2026-09-08T15:58:17.010+01:00 INFO : Filtering template 166/384 segment 4/5
2026-09-08T15:58:17.027+01:00 INFO : 3 points above threshold
2026-09-08T15:58:17.036+01:00 INFO : Filtering template 166/384 segment 5/5
2026-09-08T15:58:17.054+01:00 INFO : 3 points above threshold
2026-09-08T15:58:17.063+01:00 INFO : 166: generating IMRPhenomD from 30.0 Hz
2026-09-08T15:58:17.066+01:00 INFO : Decompressing waveform using inline_linear
2026-09-08T15:58:17.071+01:00 INFO : Filtering template 167/384 segment 1/5
2026-09-08T15:58:17.090+01:00 INFO : 1 points above threshold
2026-09-08T15:58:17.105+01:00 INFO : Filtering template 167/384 segment 2/5
2026-09-08T15:58:17.123+01:00 INFO : Filtering template 167/384 segment 3/5
2026-09-08T15:58:17.140+01:00 INFO : 1 points above threshold
2026-09-08T15:58:17.146+01:00 INFO : Filtering template 167/384 segment 4/5
2026-09-08T15:58:17.163+01:00 INFO : Filtering template 167/384 segment 5/5
2026-09-08T15:58:17.181+01:00 INFO : 167: generating IMRPhenomD from 30.0 Hz
2026-09-08T15:58:17.184+01:00 INFO : Decompressing waveform using inline_linear
2026-09-08T15:58:17.188+01:00 INFO : Filtering template 168/384 segment 1/5
2026-09-08T15:58:17.208+01:00 INFO : 4 points above threshold
2026-09-08T15:58:17.228+01:00 INFO : Filtering template 168/384 segment 2/5
2026-09-08T15:58:17.245+01:00 INFO : 1 points above threshold
2026-09-08T15:58:17.250+01:00 INFO : Filtering template 168/384 segment 3/5
2026-09-08T15:58:17.268+01:00 INFO : 1 points above threshold
2026-09-08T15:58:17.273+01:00 INFO : Filtering template 168/384 segment 4/5
2026-09-08T15:58:17.290+01:00 INFO : 1 points above threshold
2026-09-08T15:58:17.296+01:00 INFO : Filtering template 168/384 segment 5/5
2026-09-08T15:58:17.313+01:00 INFO : 1 points above threshold
2026-09-08T15:58:17.318+01:00 INFO : 168: generating IMRPhenomD from 30.0 Hz
2026-09-08T15:58:17.321+01:00 INFO : Decompressing waveform using inline_linear
2026-09-08T15:58:17.326+01:00 INFO : Filtering template 169/384 segment 1/5
2026-09-08T15:58:17.346+01:00 INFO : 5 points above threshold
2026-09-08T15:58:17.369+01:00 INFO : Filtering template 169/384 segment 2/5
2026-09-08T15:58:17.386+01:00 INFO : 1 points above threshold
2026-09-08T15:58:17.391+01:00 INFO : Filtering template 169/384 segment 3/5
2026-09-08T15:58:17.409+01:00 INFO : 3 points above threshold
2026-09-08T15:58:17.418+01:00 INFO : Filtering template 169/384 segment 4/5
2026-09-08T15:58:17.435+01:00 INFO : 1 points above threshold
2026-09-08T15:58:17.440+01:00 INFO : Filtering template 169/384 segment 5/5
2026-09-08T15:58:17.458+01:00 INFO : 169: generating IMRPhenomD from 30.0 Hz
2026-09-08T15:58:17.461+01:00 INFO : Decompressing waveform using inline_linear
2026-09-08T15:58:17.466+01:00 INFO : Filtering template 170/384 segment 1/5
2026-09-08T15:58:17.485+01:00 INFO : Filtering template 170/384 segment 2/5
2026-09-08T15:58:17.503+01:00 INFO : 2 points above threshold
2026-09-08T15:58:17.522+01:00 INFO : Filtering template 170/384 segment 3/5
2026-09-08T15:58:17.539+01:00 INFO : 2 points above threshold
2026-09-08T15:58:17.546+01:00 INFO : Filtering template 170/384 segment 4/5
2026-09-08T15:58:17.564+01:00 INFO : Filtering template 170/384 segment 5/5
2026-09-08T15:58:17.581+01:00 INFO : 170: generating IMRPhenomD from 30.0 Hz
2026-09-08T15:58:17.584+01:00 INFO : Decompressing waveform using inline_linear
2026-09-08T15:58:17.589+01:00 INFO : Filtering template 171/384 segment 1/5
2026-09-08T15:58:17.609+01:00 INFO : 2 points above threshold
2026-09-08T15:58:17.627+01:00 INFO : Filtering template 171/384 segment 2/5
2026-09-08T15:58:17.645+01:00 INFO : 1 points above threshold
2026-09-08T15:58:17.650+01:00 INFO : Filtering template 171/384 segment 3/5
2026-09-08T15:58:17.667+01:00 INFO : 3 points above threshold
2026-09-08T15:58:17.676+01:00 INFO : Filtering template 171/384 segment 4/5
2026-09-08T15:58:17.694+01:00 INFO : 1 points above threshold
2026-09-08T15:58:17.699+01:00 INFO : Filtering template 171/384 segment 5/5
2026-09-08T15:58:17.716+01:00 INFO : 1 points above threshold
2026-09-08T15:58:17.722+01:00 INFO : 171: generating IMRPhenomD from 30.0 Hz
2026-09-08T15:58:17.725+01:00 INFO : Decompressing waveform using inline_linear
2026-09-08T15:58:17.729+01:00 INFO : Filtering template 172/384 segment 1/5
2026-09-08T15:58:17.749+01:00 INFO : 4 points above threshold
2026-09-08T15:58:17.768+01:00 INFO : Filtering template 172/384 segment 2/5
2026-09-08T15:58:17.785+01:00 INFO : 1 points above threshold
2026-09-08T15:58:17.790+01:00 INFO : Filtering template 172/384 segment 3/5
2026-09-08T15:58:17.808+01:00 INFO : Filtering template 172/384 segment 4/5
2026-09-08T15:58:17.825+01:00 INFO : 2 points above threshold
2026-09-08T15:58:17.832+01:00 INFO : Filtering template 172/384 segment 5/5
2026-09-08T15:58:17.850+01:00 INFO : 1 points above threshold
2026-09-08T15:58:17.855+01:00 INFO : 172: generating IMRPhenomD from 30.0 Hz
2026-09-08T15:58:17.858+01:00 INFO : Decompressing waveform using inline_linear
2026-09-08T15:58:17.863+01:00 INFO : Filtering template 173/384 segment 1/5
2026-09-08T15:58:17.882+01:00 INFO : 1 points above threshold
2026-09-08T15:58:17.898+01:00 INFO : Filtering template 173/384 segment 2/5
2026-09-08T15:58:17.915+01:00 INFO : 1 points above threshold
2026-09-08T15:58:17.920+01:00 INFO : Filtering template 173/384 segment 3/5
2026-09-08T15:58:17.938+01:00 INFO : 1 points above threshold
2026-09-08T15:58:17.943+01:00 INFO : Filtering template 173/384 segment 4/5
2026-09-08T15:58:17.961+01:00 INFO : 1 points above threshold
2026-09-08T15:58:17.966+01:00 INFO : Filtering template 173/384 segment 5/5
2026-09-08T15:58:17.983+01:00 INFO : 1 points above threshold
2026-09-08T15:58:17.988+01:00 INFO : 173: generating IMRPhenomD from 30.0 Hz
2026-09-08T15:58:17.991+01:00 INFO : Decompressing waveform using inline_linear
2026-09-08T15:58:17.996+01:00 INFO : Filtering template 174/384 segment 1/5
2026-09-08T15:58:18.016+01:00 INFO : 3 points above threshold
2026-09-08T15:58:18.035+01:00 INFO : Filtering template 174/384 segment 2/5
2026-09-08T15:58:18.053+01:00 INFO : 1 points above threshold
2026-09-08T15:58:18.058+01:00 INFO : Filtering template 174/384 segment 3/5
2026-09-08T15:58:18.075+01:00 INFO : 3 points above threshold
2026-09-08T15:58:18.084+01:00 INFO : Filtering template 174/384 segment 4/5
2026-09-08T15:58:18.102+01:00 INFO : 1 points above threshold
2026-09-08T15:58:18.107+01:00 INFO : Filtering template 174/384 segment 5/5
2026-09-08T15:58:18.125+01:00 INFO : 174: generating IMRPhenomD from 30.0 Hz
2026-09-08T15:58:18.128+01:00 INFO : Decompressing waveform using inline_linear
2026-09-08T15:58:18.133+01:00 INFO : Filtering template 175/384 segment 1/5
2026-09-08T15:58:18.152+01:00 INFO : 2 points above threshold
2026-09-08T15:58:18.170+01:00 INFO : Filtering template 175/384 segment 2/5
2026-09-08T15:58:18.187+01:00 INFO : 2 points above threshold
2026-09-08T15:58:18.194+01:00 INFO : Filtering template 175/384 segment 3/5
2026-09-08T15:58:18.212+01:00 INFO : 4 points above threshold
2026-09-08T15:58:18.220+01:00 INFO : Filtering template 175/384 segment 4/5
2026-09-08T15:58:18.238+01:00 INFO : 1 points above threshold
2026-09-08T15:58:18.243+01:00 INFO : Filtering template 175/384 segment 5/5
2026-09-08T15:58:18.261+01:00 INFO : 175: generating IMRPhenomD from 30.0 Hz
2026-09-08T15:58:18.264+01:00 INFO : Decompressing waveform using inline_linear
2026-09-08T15:58:18.268+01:00 INFO : Filtering template 176/384 segment 1/5
2026-09-08T15:58:18.288+01:00 INFO : 1 points above threshold
2026-09-08T15:58:18.303+01:00 INFO : Filtering template 176/384 segment 2/5
2026-09-08T15:58:18.321+01:00 INFO : 3 points above threshold
2026-09-08T15:58:18.330+01:00 INFO : Filtering template 176/384 segment 3/5
2026-09-08T15:58:18.347+01:00 INFO : 1 points above threshold
2026-09-08T15:58:18.353+01:00 INFO : Filtering template 176/384 segment 4/5
2026-09-08T15:58:18.370+01:00 INFO : 1 points above threshold
2026-09-08T15:58:18.375+01:00 INFO : Filtering template 176/384 segment 5/5
2026-09-08T15:58:18.393+01:00 INFO : 1 points above threshold
2026-09-08T15:58:18.398+01:00 INFO : 176: generating IMRPhenomD from 30.0 Hz
2026-09-08T15:58:18.401+01:00 INFO : Decompressing waveform using inline_linear
2026-09-08T15:58:18.405+01:00 INFO : Filtering template 177/384 segment 1/5
2026-09-08T15:58:18.425+01:00 INFO : 3 points above threshold
2026-09-08T15:58:18.445+01:00 INFO : Filtering template 177/384 segment 2/5
2026-09-08T15:58:18.462+01:00 INFO : Filtering template 177/384 segment 3/5
2026-09-08T15:58:18.480+01:00 INFO : 3 points above threshold
2026-09-08T15:58:18.489+01:00 INFO : Filtering template 177/384 segment 4/5
2026-09-08T15:58:18.506+01:00 INFO : 1 points above threshold
2026-09-08T15:58:18.512+01:00 INFO : Filtering template 177/384 segment 5/5
2026-09-08T15:58:18.529+01:00 INFO : 2 points above threshold
2026-09-08T15:58:18.536+01:00 INFO : 177: generating IMRPhenomD from 30.0 Hz
2026-09-08T15:58:18.539+01:00 INFO : Decompressing waveform using inline_linear
2026-09-08T15:58:18.544+01:00 INFO : Filtering template 178/384 segment 1/5
2026-09-08T15:58:18.564+01:00 INFO : Filtering template 178/384 segment 2/5
2026-09-08T15:58:18.581+01:00 INFO : 1 points above threshold
2026-09-08T15:58:18.596+01:00 INFO : Filtering template 178/384 segment 3/5
2026-09-08T15:58:18.614+01:00 INFO : Filtering template 178/384 segment 4/5
2026-09-08T15:58:18.632+01:00 INFO : 1 points above threshold
2026-09-08T15:58:18.637+01:00 INFO : Filtering template 178/384 segment 5/5
2026-09-08T15:58:18.655+01:00 INFO : 178: generating IMRPhenomD from 30.0 Hz
2026-09-08T15:58:18.657+01:00 INFO : Decompressing waveform using inline_linear
2026-09-08T15:58:18.662+01:00 INFO : Filtering template 179/384 segment 1/5
2026-09-08T15:58:18.682+01:00 INFO : 2 points above threshold
2026-09-08T15:58:18.699+01:00 INFO : Filtering template 179/384 segment 2/5
2026-09-08T15:58:18.717+01:00 INFO : 3 points above threshold
2026-09-08T15:58:18.726+01:00 INFO : Filtering template 179/384 segment 3/5
2026-09-08T15:58:18.743+01:00 INFO : 1 points above threshold
2026-09-08T15:58:18.748+01:00 INFO : Filtering template 179/384 segment 4/5
2026-09-08T15:58:18.766+01:00 INFO : 1 points above threshold
2026-09-08T15:58:18.771+01:00 INFO : Filtering template 179/384 segment 5/5
2026-09-08T15:58:18.789+01:00 INFO : 179: generating IMRPhenomD from 30.0 Hz
2026-09-08T15:58:18.792+01:00 INFO : Decompressing waveform using inline_linear
2026-09-08T15:58:18.797+01:00 INFO : Filtering template 180/384 segment 1/5
2026-09-08T15:58:18.816+01:00 INFO : 2 points above threshold
2026-09-08T15:58:18.833+01:00 INFO : Filtering template 180/384 segment 2/5
2026-09-08T15:58:18.851+01:00 INFO : Filtering template 180/384 segment 3/5
2026-09-08T15:58:18.869+01:00 INFO : 1 points above threshold
2026-09-08T15:58:18.874+01:00 INFO : Filtering template 180/384 segment 4/5
2026-09-08T15:58:18.891+01:00 INFO : 1 points above threshold
2026-09-08T15:58:18.897+01:00 INFO : Filtering template 180/384 segment 5/5
2026-09-08T15:58:18.914+01:00 INFO : 4 points above threshold
2026-09-08T15:58:18.923+01:00 INFO : 180: generating IMRPhenomD from 30.0 Hz
2026-09-08T15:58:18.926+01:00 INFO : Decompressing waveform using inline_linear
2026-09-08T15:58:18.931+01:00 INFO : Filtering template 181/384 segment 1/5
2026-09-08T15:58:18.951+01:00 INFO : 1 points above threshold
2026-09-08T15:58:18.966+01:00 INFO : Filtering template 181/384 segment 2/5
2026-09-08T15:58:18.983+01:00 INFO : 1 points above threshold
2026-09-08T15:58:18.988+01:00 INFO : Filtering template 181/384 segment 3/5
2026-09-08T15:58:19.006+01:00 INFO : Filtering template 181/384 segment 4/5
2026-09-08T15:58:19.024+01:00 INFO : 3 points above threshold
2026-09-08T15:58:19.033+01:00 INFO : Filtering template 181/384 segment 5/5
2026-09-08T15:58:19.051+01:00 INFO : 181: generating IMRPhenomD from 30.0 Hz
2026-09-08T15:58:19.054+01:00 INFO : Decompressing waveform using inline_linear
2026-09-08T15:58:19.058+01:00 INFO : Filtering template 182/384 segment 1/5
2026-09-08T15:58:19.078+01:00 INFO : 1 points above threshold
2026-09-08T15:58:19.093+01:00 INFO : Filtering template 182/384 segment 2/5
2026-09-08T15:58:19.111+01:00 INFO : 3 points above threshold
2026-09-08T15:58:19.120+01:00 INFO : Filtering template 182/384 segment 3/5
2026-09-08T15:58:19.137+01:00 INFO : 1 points above threshold
2026-09-08T15:58:19.143+01:00 INFO : Filtering template 182/384 segment 4/5
2026-09-08T15:58:19.160+01:00 INFO : 2 points above threshold
2026-09-08T15:58:19.167+01:00 INFO : Filtering template 182/384 segment 5/5
2026-09-08T15:58:19.185+01:00 INFO : 1 points above threshold
2026-09-08T15:58:19.190+01:00 INFO : 182: generating IMRPhenomD from 30.0 Hz
2026-09-08T15:58:19.193+01:00 INFO : Decompressing waveform using inline_linear
2026-09-08T15:58:19.197+01:00 INFO : Filtering template 183/384 segment 1/5
2026-09-08T15:58:19.217+01:00 INFO : 2 points above threshold
2026-09-08T15:58:19.234+01:00 INFO : Filtering template 183/384 segment 2/5
2026-09-08T15:58:19.252+01:00 INFO : 3 points above threshold
2026-09-08T15:58:19.261+01:00 INFO : Filtering template 183/384 segment 3/5
2026-09-08T15:58:19.279+01:00 INFO : 1 points above threshold
2026-09-08T15:58:19.284+01:00 INFO : Filtering template 183/384 segment 4/5
2026-09-08T15:58:19.301+01:00 INFO : 4 points above threshold
2026-09-08T15:58:19.310+01:00 INFO : Filtering template 183/384 segment 5/5
2026-09-08T15:58:19.328+01:00 INFO : 183: generating IMRPhenomD from 30.0 Hz
2026-09-08T15:58:19.331+01:00 INFO : Decompressing waveform using inline_linear
2026-09-08T15:58:19.336+01:00 INFO : Filtering template 184/384 segment 1/5
2026-09-08T15:58:19.359+01:00 INFO : 2 points above threshold
2026-09-08T15:58:19.377+01:00 INFO : Filtering template 184/384 segment 2/5
2026-09-08T15:58:19.400+01:00 INFO : 1 points above threshold
2026-09-08T15:58:19.406+01:00 INFO : Filtering template 184/384 segment 3/5
2026-09-08T15:58:19.425+01:00 INFO : 1 points above threshold
2026-09-08T15:58:19.430+01:00 INFO : Filtering template 184/384 segment 4/5
2026-09-08T15:58:19.448+01:00 INFO : 2 points above threshold
2026-09-08T15:58:19.455+01:00 INFO : Filtering template 184/384 segment 5/5
2026-09-08T15:58:19.473+01:00 INFO : 184: generating IMRPhenomD from 30.0 Hz
2026-09-08T15:58:19.476+01:00 INFO : Decompressing waveform using inline_linear
2026-09-08T15:58:19.480+01:00 INFO : Filtering template 185/384 segment 1/5
2026-09-08T15:58:19.500+01:00 INFO : Filtering template 185/384 segment 2/5
2026-09-08T15:58:19.518+01:00 INFO : 2 points above threshold
2026-09-08T15:58:19.535+01:00 INFO : Filtering template 185/384 segment 3/5
2026-09-08T15:58:19.553+01:00 INFO : 2 points above threshold
2026-09-08T15:58:19.560+01:00 INFO : Filtering template 185/384 segment 4/5
2026-09-08T15:58:19.577+01:00 INFO : 4 points above threshold
2026-09-08T15:58:19.586+01:00 INFO : Filtering template 185/384 segment 5/5
2026-09-08T15:58:19.603+01:00 INFO : 2 points above threshold
2026-09-08T15:58:19.610+01:00 INFO : 185: generating IMRPhenomD from 30.0 Hz
2026-09-08T15:58:19.613+01:00 INFO : Decompressing waveform using inline_linear
2026-09-08T15:58:19.618+01:00 INFO : Filtering template 186/384 segment 1/5
2026-09-08T15:58:19.638+01:00 INFO : Filtering template 186/384 segment 2/5
2026-09-08T15:58:19.655+01:00 INFO : Filtering template 186/384 segment 3/5
2026-09-08T15:58:19.673+01:00 INFO : 2 points above threshold
2026-09-08T15:58:19.690+01:00 INFO : Filtering template 186/384 segment 4/5
2026-09-08T15:58:19.708+01:00 INFO : 1 points above threshold
2026-09-08T15:58:19.713+01:00 INFO : Filtering template 186/384 segment 5/5
2026-09-08T15:58:19.730+01:00 INFO : 186: generating IMRPhenomD from 30.0 Hz
2026-09-08T15:58:19.733+01:00 INFO : Decompressing waveform using inline_linear
2026-09-08T15:58:19.738+01:00 INFO : Filtering template 187/384 segment 1/5
2026-09-08T15:58:19.758+01:00 INFO : 2 points above threshold
2026-09-08T15:58:19.775+01:00 INFO : Filtering template 187/384 segment 2/5
2026-09-08T15:58:19.793+01:00 INFO : 1 points above threshold
2026-09-08T15:58:19.798+01:00 INFO : Filtering template 187/384 segment 3/5
2026-09-08T15:58:19.815+01:00 INFO : 3 points above threshold
2026-09-08T15:58:19.825+01:00 INFO : Filtering template 187/384 segment 4/5
2026-09-08T15:58:19.842+01:00 INFO : Filtering template 187/384 segment 5/5
2026-09-08T15:58:19.860+01:00 INFO : 1 points above threshold
2026-09-08T15:58:19.865+01:00 INFO : 187: generating IMRPhenomD from 30.0 Hz
2026-09-08T15:58:19.868+01:00 INFO : Decompressing waveform using inline_linear
2026-09-08T15:58:19.873+01:00 INFO : Filtering template 188/384 segment 1/5
2026-09-08T15:58:19.893+01:00 INFO : 1 points above threshold
2026-09-08T15:58:19.908+01:00 INFO : Filtering template 188/384 segment 2/5
2026-09-08T15:58:19.926+01:00 INFO : 1 points above threshold
2026-09-08T15:58:19.931+01:00 INFO : Filtering template 188/384 segment 3/5
2026-09-08T15:58:19.948+01:00 INFO : 3 points above threshold
2026-09-08T15:58:19.958+01:00 INFO : Filtering template 188/384 segment 4/5
2026-09-08T15:58:19.975+01:00 INFO : Filtering template 188/384 segment 5/5
2026-09-08T15:58:19.993+01:00 INFO : 188: generating IMRPhenomD from 30.0 Hz
2026-09-08T15:58:19.996+01:00 INFO : Decompressing waveform using inline_linear
2026-09-08T15:58:20.001+01:00 INFO : Filtering template 189/384 segment 1/5
2026-09-08T15:58:20.021+01:00 INFO : 1 points above threshold
2026-09-08T15:58:20.036+01:00 INFO : Filtering template 189/384 segment 2/5
2026-09-08T15:58:20.053+01:00 INFO : 1 points above threshold
2026-09-08T15:58:20.059+01:00 INFO : Filtering template 189/384 segment 3/5
2026-09-08T15:58:20.076+01:00 INFO : 2 points above threshold
2026-09-08T15:58:20.083+01:00 INFO : Filtering template 189/384 segment 4/5
2026-09-08T15:58:20.101+01:00 INFO : 2 points above threshold
2026-09-08T15:58:20.108+01:00 INFO : Filtering template 189/384 segment 5/5
2026-09-08T15:58:20.126+01:00 INFO : 1 points above threshold
2026-09-08T15:58:20.131+01:00 INFO : 189: generating IMRPhenomD from 30.0 Hz
2026-09-08T15:58:20.134+01:00 INFO : Decompressing waveform using inline_linear
2026-09-08T15:58:20.138+01:00 INFO : Filtering template 190/384 segment 1/5
2026-09-08T15:58:20.158+01:00 INFO : 1 points above threshold
2026-09-08T15:58:20.173+01:00 INFO : Filtering template 190/384 segment 2/5
2026-09-08T15:58:20.191+01:00 INFO : 2 points above threshold
2026-09-08T15:58:20.198+01:00 INFO : Filtering template 190/384 segment 3/5
2026-09-08T15:58:20.215+01:00 INFO : 1 points above threshold
2026-09-08T15:58:20.221+01:00 INFO : Filtering template 190/384 segment 4/5
2026-09-08T15:58:20.238+01:00 INFO : 1 points above threshold
2026-09-08T15:58:20.243+01:00 INFO : Filtering template 190/384 segment 5/5
2026-09-08T15:58:20.261+01:00 INFO : 1 points above threshold
2026-09-08T15:58:20.266+01:00 INFO : 190: generating IMRPhenomD from 30.0 Hz
2026-09-08T15:58:20.269+01:00 INFO : Decompressing waveform using inline_linear
2026-09-08T15:58:20.274+01:00 INFO : Filtering template 191/384 segment 1/5
2026-09-08T15:58:20.293+01:00 INFO : Filtering template 191/384 segment 2/5
2026-09-08T15:58:20.311+01:00 INFO : 1 points above threshold
2026-09-08T15:58:20.326+01:00 INFO : Filtering template 191/384 segment 3/5
2026-09-08T15:58:20.344+01:00 INFO : Filtering template 191/384 segment 4/5
2026-09-08T15:58:20.362+01:00 INFO : 1 points above threshold
2026-09-08T15:58:20.367+01:00 INFO : Filtering template 191/384 segment 5/5
2026-09-08T15:58:20.385+01:00 INFO : 1 points above threshold
2026-09-08T15:58:20.390+01:00 INFO : 191: generating IMRPhenomD from 30.0 Hz
2026-09-08T15:58:20.393+01:00 INFO : Decompressing waveform using inline_linear
2026-09-08T15:58:20.397+01:00 INFO : Filtering template 192/384 segment 1/5
2026-09-08T15:58:20.417+01:00 INFO : 2 points above threshold
2026-09-08T15:58:20.434+01:00 INFO : Filtering template 192/384 segment 2/5
2026-09-08T15:58:20.452+01:00 INFO : 3 points above threshold
2026-09-08T15:58:20.461+01:00 INFO : Filtering template 192/384 segment 3/5
2026-09-08T15:58:20.479+01:00 INFO : Filtering template 192/384 segment 4/5
2026-09-08T15:58:20.496+01:00 INFO : Filtering template 192/384 segment 5/5
2026-09-08T15:58:20.514+01:00 INFO : 192: generating IMRPhenomD from 30.0 Hz
2026-09-08T15:58:20.517+01:00 INFO : Decompressing waveform using inline_linear
2026-09-08T15:58:20.522+01:00 INFO : Filtering template 193/384 segment 1/5
2026-09-08T15:58:20.541+01:00 INFO : 1 points above threshold
2026-09-08T15:58:20.556+01:00 INFO : Filtering template 193/384 segment 2/5
2026-09-08T15:58:20.574+01:00 INFO : 4 points above threshold
2026-09-08T15:58:20.583+01:00 INFO : Filtering template 193/384 segment 3/5
2026-09-08T15:58:20.600+01:00 INFO : Filtering template 193/384 segment 4/5
2026-09-08T15:58:20.618+01:00 INFO : 1 points above threshold
2026-09-08T15:58:20.623+01:00 INFO : Filtering template 193/384 segment 5/5
2026-09-08T15:58:20.641+01:00 INFO : 3 points above threshold
2026-09-08T15:58:20.650+01:00 INFO : 193: generating IMRPhenomD from 30.0 Hz
2026-09-08T15:58:20.653+01:00 INFO : Decompressing waveform using inline_linear
2026-09-08T15:58:20.657+01:00 INFO : Filtering template 194/384 segment 1/5
2026-09-08T15:58:20.677+01:00 INFO : 2 points above threshold
2026-09-08T15:58:20.694+01:00 INFO : Filtering template 194/384 segment 2/5
2026-09-08T15:58:20.712+01:00 INFO : 1 points above threshold
2026-09-08T15:58:20.717+01:00 INFO : Filtering template 194/384 segment 3/5
2026-09-08T15:58:20.734+01:00 INFO : 1 points above threshold
2026-09-08T15:58:20.740+01:00 INFO : Filtering template 194/384 segment 4/5
2026-09-08T15:58:20.757+01:00 INFO : 2 points above threshold
2026-09-08T15:58:20.764+01:00 INFO : Filtering template 194/384 segment 5/5
2026-09-08T15:58:20.782+01:00 INFO : 1 points above threshold
2026-09-08T15:58:20.787+01:00 INFO : 194: generating IMRPhenomD from 30.0 Hz
2026-09-08T15:58:20.790+01:00 INFO : Decompressing waveform using inline_linear
2026-09-08T15:58:20.794+01:00 INFO : Filtering template 195/384 segment 1/5
2026-09-08T15:58:20.814+01:00 INFO : Filtering template 195/384 segment 2/5
2026-09-08T15:58:20.832+01:00 INFO : Filtering template 195/384 segment 3/5
2026-09-08T15:58:20.850+01:00 INFO : 1 points above threshold
2026-09-08T15:58:20.865+01:00 INFO : Filtering template 195/384 segment 4/5
2026-09-08T15:58:20.883+01:00 INFO : 2 points above threshold
2026-09-08T15:58:20.890+01:00 INFO : Filtering template 195/384 segment 5/5
2026-09-08T15:58:20.907+01:00 INFO : 195: generating IMRPhenomD from 30.0 Hz
2026-09-08T15:58:20.910+01:00 INFO : Decompressing waveform using inline_linear
2026-09-08T15:58:20.915+01:00 INFO : Filtering template 196/384 segment 1/5
2026-09-08T15:58:20.935+01:00 INFO : 2 points above threshold
2026-09-08T15:58:20.952+01:00 INFO : Filtering template 196/384 segment 2/5
2026-09-08T15:58:20.969+01:00 INFO : 3 points above threshold
2026-09-08T15:58:20.979+01:00 INFO : Filtering template 196/384 segment 3/5
2026-09-08T15:58:20.996+01:00 INFO : 1 points above threshold
2026-09-08T15:58:21.001+01:00 INFO : Filtering template 196/384 segment 4/5
2026-09-08T15:58:21.019+01:00 INFO : 1 points above threshold
2026-09-08T15:58:21.024+01:00 INFO : Filtering template 196/384 segment 5/5
2026-09-08T15:58:21.042+01:00 INFO : 2 points above threshold
2026-09-08T15:58:21.049+01:00 INFO : 196: generating IMRPhenomD from 30.0 Hz
2026-09-08T15:58:21.052+01:00 INFO : Decompressing waveform using inline_linear
2026-09-08T15:58:21.056+01:00 INFO : Filtering template 197/384 segment 1/5
2026-09-08T15:58:21.076+01:00 INFO : Filtering template 197/384 segment 2/5
2026-09-08T15:58:21.094+01:00 INFO : 1 points above threshold
2026-09-08T15:58:21.109+01:00 INFO : Filtering template 197/384 segment 3/5
2026-09-08T15:58:21.127+01:00 INFO : 4 points above threshold
2026-09-08T15:58:21.135+01:00 INFO : Filtering template 197/384 segment 4/5
2026-09-08T15:58:21.153+01:00 INFO : 1 points above threshold
2026-09-08T15:58:21.158+01:00 INFO : Filtering template 197/384 segment 5/5
2026-09-08T15:58:21.176+01:00 INFO : 197: generating IMRPhenomD from 30.0 Hz
2026-09-08T15:58:21.178+01:00 INFO : Decompressing waveform using inline_linear
2026-09-08T15:58:21.183+01:00 INFO : Filtering template 198/384 segment 1/5
2026-09-08T15:58:21.203+01:00 INFO : Filtering template 198/384 segment 2/5
2026-09-08T15:58:21.221+01:00 INFO : 4 points above threshold
2026-09-08T15:58:21.239+01:00 INFO : Filtering template 198/384 segment 3/5
2026-09-08T15:58:21.257+01:00 INFO : 3 points above threshold
2026-09-08T15:58:21.266+01:00 INFO : Filtering template 198/384 segment 4/5
2026-09-08T15:58:21.284+01:00 INFO : 1 points above threshold
2026-09-08T15:58:21.289+01:00 INFO : Filtering template 198/384 segment 5/5
2026-09-08T15:58:21.306+01:00 INFO : 1 points above threshold
2026-09-08T15:58:21.311+01:00 INFO : 198: generating IMRPhenomD from 30.0 Hz
2026-09-08T15:58:21.314+01:00 INFO : Decompressing waveform using inline_linear
2026-09-08T15:58:21.319+01:00 INFO : Filtering template 199/384 segment 1/5
2026-09-08T15:58:21.339+01:00 INFO : 1 points above threshold
2026-09-08T15:58:21.354+01:00 INFO : Filtering template 199/384 segment 2/5
2026-09-08T15:58:21.372+01:00 INFO : 1 points above threshold
2026-09-08T15:58:21.377+01:00 INFO : Filtering template 199/384 segment 3/5
2026-09-08T15:58:21.395+01:00 INFO : Filtering template 199/384 segment 4/5
2026-09-08T15:58:21.412+01:00 INFO : 2 points above threshold
2026-09-08T15:58:21.419+01:00 INFO : Filtering template 199/384 segment 5/5
2026-09-08T15:58:21.437+01:00 INFO : 199: generating IMRPhenomD from 30.0 Hz
2026-09-08T15:58:21.440+01:00 INFO : Decompressing waveform using inline_linear
2026-09-08T15:58:21.445+01:00 INFO : Filtering template 200/384 segment 1/5
2026-09-08T15:58:21.464+01:00 INFO : Filtering template 200/384 segment 2/5
2026-09-08T15:58:21.482+01:00 INFO : Filtering template 200/384 segment 3/5
2026-09-08T15:58:21.500+01:00 INFO : Filtering template 200/384 segment 4/5
2026-09-08T15:58:21.517+01:00 INFO : 1 points above threshold
2026-09-08T15:58:21.533+01:00 INFO : Filtering template 200/384 segment 5/5
2026-09-08T15:58:21.550+01:00 INFO : 1 points above threshold
2026-09-08T15:58:21.556+01:00 INFO : 200: generating IMRPhenomD from 30.0 Hz
2026-09-08T15:58:21.558+01:00 INFO : Decompressing waveform using inline_linear
2026-09-08T15:58:21.563+01:00 INFO : Filtering template 201/384 segment 1/5
2026-09-08T15:58:21.583+01:00 INFO : Filtering template 201/384 segment 2/5
2026-09-08T15:58:21.600+01:00 INFO : 1 points above threshold
2026-09-08T15:58:21.616+01:00 INFO : Filtering template 201/384 segment 3/5
2026-09-08T15:58:21.633+01:00 INFO : 1 points above threshold
2026-09-08T15:58:21.639+01:00 INFO : Filtering template 201/384 segment 4/5
2026-09-08T15:58:21.656+01:00 INFO : Filtering template 201/384 segment 5/5
2026-09-08T15:58:21.674+01:00 INFO : 1 points above threshold
2026-09-08T15:58:21.679+01:00 INFO : 201: generating IMRPhenomD from 30.0 Hz
2026-09-08T15:58:21.682+01:00 INFO : Decompressing waveform using inline_linear
2026-09-08T15:58:21.687+01:00 INFO : Filtering template 202/384 segment 1/5
2026-09-08T15:58:21.706+01:00 INFO : 2 points above threshold
2026-09-08T15:58:21.725+01:00 INFO : Filtering template 202/384 segment 2/5
2026-09-08T15:58:21.742+01:00 INFO : 2 points above threshold
2026-09-08T15:58:21.749+01:00 INFO : Filtering template 202/384 segment 3/5
2026-09-08T15:58:21.767+01:00 INFO : 3 points above threshold
2026-09-08T15:58:21.776+01:00 INFO : Filtering template 202/384 segment 4/5
2026-09-08T15:58:21.794+01:00 INFO : 1 points above threshold
2026-09-08T15:58:21.799+01:00 INFO : Filtering template 202/384 segment 5/5
2026-09-08T15:58:21.817+01:00 INFO : 202: generating IMRPhenomD from 30.0 Hz
2026-09-08T15:58:21.819+01:00 INFO : Decompressing waveform using inline_linear
2026-09-08T15:58:21.824+01:00 INFO : Filtering template 203/384 segment 1/5
2026-09-08T15:58:21.844+01:00 INFO : 1 points above threshold
2026-09-08T15:58:21.862+01:00 INFO : Filtering template 203/384 segment 2/5
2026-09-08T15:58:21.880+01:00 INFO : 2 points above threshold
2026-09-08T15:58:21.887+01:00 INFO : Filtering template 203/384 segment 3/5
2026-09-08T15:58:21.904+01:00 INFO : 2 points above threshold
2026-09-08T15:58:21.911+01:00 INFO : Filtering template 203/384 segment 4/5
2026-09-08T15:58:21.929+01:00 INFO : 3 points above threshold
2026-09-08T15:58:21.938+01:00 INFO : Filtering template 203/384 segment 5/5
2026-09-08T15:58:21.956+01:00 INFO : 2 points above threshold
2026-09-08T15:58:21.963+01:00 INFO : 203: generating IMRPhenomD from 30.0 Hz
2026-09-08T15:58:21.966+01:00 INFO : Decompressing waveform using inline_linear
2026-09-08T15:58:21.971+01:00 INFO : Filtering template 204/384 segment 1/5
2026-09-08T15:58:21.990+01:00 INFO : 1 points above threshold
2026-09-08T15:58:22.007+01:00 INFO : Filtering template 204/384 segment 2/5
2026-09-08T15:58:22.025+01:00 INFO : 1 points above threshold
2026-09-08T15:58:22.030+01:00 INFO : Filtering template 204/384 segment 3/5
2026-09-08T15:58:22.048+01:00 INFO : Filtering template 204/384 segment 4/5
2026-09-08T15:58:22.066+01:00 INFO : Filtering template 204/384 segment 5/5
2026-09-08T15:58:22.083+01:00 INFO : 1 points above threshold
2026-09-08T15:58:22.089+01:00 INFO : 204: generating IMRPhenomD from 30.0 Hz
2026-09-08T15:58:22.091+01:00 INFO : Decompressing waveform using inline_linear
2026-09-08T15:58:22.096+01:00 INFO : Filtering template 205/384 segment 1/5
2026-09-08T15:58:22.116+01:00 INFO : 2 points above threshold
2026-09-08T15:58:22.133+01:00 INFO : Filtering template 205/384 segment 2/5
2026-09-08T15:58:22.151+01:00 INFO : Filtering template 205/384 segment 3/5
2026-09-08T15:58:22.169+01:00 INFO : 1 points above threshold
2026-09-08T15:58:22.174+01:00 INFO : Filtering template 205/384 segment 4/5
2026-09-08T15:58:22.191+01:00 INFO : Filtering template 205/384 segment 5/5
2026-09-08T15:58:22.209+01:00 INFO : 2 points above threshold
2026-09-08T15:58:22.216+01:00 INFO : 205: generating IMRPhenomD from 30.0 Hz
2026-09-08T15:58:22.219+01:00 INFO : Decompressing waveform using inline_linear
2026-09-08T15:58:22.224+01:00 INFO : Filtering template 206/384 segment 1/5
2026-09-08T15:58:22.244+01:00 INFO : 2 points above threshold
2026-09-08T15:58:22.261+01:00 INFO : Filtering template 206/384 segment 2/5
2026-09-08T15:58:22.278+01:00 INFO : Filtering template 206/384 segment 3/5
2026-09-08T15:58:22.296+01:00 INFO : 2 points above threshold
2026-09-08T15:58:22.303+01:00 INFO : Filtering template 206/384 segment 4/5
2026-09-08T15:58:22.320+01:00 INFO : 4 points above threshold
2026-09-08T15:58:22.329+01:00 INFO : Filtering template 206/384 segment 5/5
2026-09-08T15:58:22.347+01:00 INFO : 206: generating IMRPhenomD from 30.0 Hz
2026-09-08T15:58:22.350+01:00 INFO : Decompressing waveform using inline_linear
2026-09-08T15:58:22.354+01:00 INFO : Filtering template 207/384 segment 1/5
2026-09-08T15:58:22.374+01:00 INFO : 3 points above threshold
2026-09-08T15:58:22.393+01:00 INFO : Filtering template 207/384 segment 2/5
2026-09-08T15:58:22.411+01:00 INFO : Filtering template 207/384 segment 3/5
2026-09-08T15:58:22.429+01:00 INFO : 1 points above threshold
2026-09-08T15:58:22.434+01:00 INFO : Filtering template 207/384 segment 4/5
2026-09-08T15:58:22.452+01:00 INFO : 3 points above threshold
2026-09-08T15:58:22.461+01:00 INFO : Filtering template 207/384 segment 5/5
2026-09-08T15:58:22.478+01:00 INFO : 207: generating IMRPhenomD from 30.0 Hz
2026-09-08T15:58:22.481+01:00 INFO : Decompressing waveform using inline_linear
2026-09-08T15:58:22.486+01:00 INFO : Filtering template 208/384 segment 1/5
2026-09-08T15:58:22.506+01:00 INFO : 2 points above threshold
2026-09-08T15:58:22.523+01:00 INFO : Filtering template 208/384 segment 2/5
2026-09-08T15:58:22.541+01:00 INFO : 1 points above threshold
2026-09-08T15:58:22.546+01:00 INFO : Filtering template 208/384 segment 3/5
2026-09-08T15:58:22.563+01:00 INFO : Filtering template 208/384 segment 4/5
2026-09-08T15:58:22.581+01:00 INFO : 3 points above threshold
2026-09-08T15:58:22.590+01:00 INFO : Filtering template 208/384 segment 5/5
2026-09-08T15:58:22.607+01:00 INFO : 1 points above threshold
2026-09-08T15:58:22.613+01:00 INFO : 208: generating IMRPhenomD from 30.0 Hz
2026-09-08T15:58:22.633+01:00 INFO : Decompressing waveform using inline_linear
2026-09-08T15:58:22.638+01:00 INFO : Filtering template 209/384 segment 1/5
2026-09-08T15:58:22.666+01:00 INFO : 2 points above threshold
2026-09-08T15:58:22.688+01:00 INFO : Filtering template 209/384 segment 2/5
2026-09-08T15:58:22.706+01:00 INFO : 1 points above threshold
2026-09-08T15:58:22.711+01:00 INFO : Filtering template 209/384 segment 3/5
2026-09-08T15:58:22.728+01:00 INFO : 3 points above threshold
2026-09-08T15:58:22.737+01:00 INFO : Filtering template 209/384 segment 4/5
2026-09-08T15:58:22.755+01:00 INFO : 1 points above threshold
2026-09-08T15:58:22.760+01:00 INFO : Filtering template 209/384 segment 5/5
2026-09-08T15:58:22.778+01:00 INFO : 1 points above threshold
2026-09-08T15:58:22.783+01:00 INFO : 209: generating IMRPhenomD from 30.0 Hz
2026-09-08T15:58:22.786+01:00 INFO : Decompressing waveform using inline_linear
2026-09-08T15:58:22.790+01:00 INFO : Filtering template 210/384 segment 1/5
2026-09-08T15:58:22.810+01:00 INFO : 2 points above threshold
2026-09-08T15:58:22.829+01:00 INFO : Filtering template 210/384 segment 2/5
2026-09-08T15:58:22.846+01:00 INFO : Filtering template 210/384 segment 3/5
2026-09-08T15:58:22.864+01:00 INFO : 1 points above threshold
2026-09-08T15:58:22.869+01:00 INFO : Filtering template 210/384 segment 4/5
2026-09-08T15:58:22.887+01:00 INFO : Filtering template 210/384 segment 5/5
2026-09-08T15:58:22.905+01:00 INFO : 210: generating IMRPhenomD from 30.0 Hz
2026-09-08T15:58:22.907+01:00 INFO : Decompressing waveform using inline_linear
2026-09-08T15:58:22.912+01:00 INFO : Filtering template 211/384 segment 1/5
2026-09-08T15:58:22.932+01:00 INFO : 1 points above threshold
2026-09-08T15:58:22.947+01:00 INFO : Filtering template 211/384 segment 2/5
2026-09-08T15:58:22.965+01:00 INFO : 1 points above threshold
2026-09-08T15:58:22.970+01:00 INFO : Filtering template 211/384 segment 3/5
2026-09-08T15:58:22.988+01:00 INFO : Filtering template 211/384 segment 4/5
2026-09-08T15:58:23.005+01:00 INFO : 2 points above threshold
2026-09-08T15:58:23.012+01:00 INFO : Filtering template 211/384 segment 5/5
2026-09-08T15:58:23.030+01:00 INFO : 1 points above threshold
2026-09-08T15:58:23.036+01:00 INFO : 211: generating IMRPhenomD from 30.0 Hz
2026-09-08T15:58:23.039+01:00 INFO : Decompressing waveform using inline_linear
2026-09-08T15:58:23.044+01:00 INFO : Filtering template 212/384 segment 1/5
2026-09-08T15:58:23.063+01:00 INFO : 1 points above threshold
2026-09-08T15:58:23.079+01:00 INFO : Filtering template 212/384 segment 2/5
2026-09-08T15:58:23.096+01:00 INFO : 1 points above threshold
2026-09-08T15:58:23.101+01:00 INFO : Filtering template 212/384 segment 3/5
2026-09-08T15:58:23.119+01:00 INFO : 1 points above threshold
2026-09-08T15:58:23.124+01:00 INFO : Filtering template 212/384 segment 4/5
2026-09-08T15:58:23.142+01:00 INFO : 1 points above threshold
2026-09-08T15:58:23.147+01:00 INFO : Filtering template 212/384 segment 5/5
2026-09-08T15:58:23.164+01:00 INFO : 212: generating IMRPhenomD from 30.0 Hz
2026-09-08T15:58:23.167+01:00 INFO : Decompressing waveform using inline_linear
2026-09-08T15:58:23.172+01:00 INFO : Filtering template 213/384 segment 1/5
2026-09-08T15:58:23.192+01:00 INFO : 2 points above threshold
2026-09-08T15:58:23.209+01:00 INFO : Filtering template 213/384 segment 2/5
2026-09-08T15:58:23.227+01:00 INFO : 2 points above threshold
2026-09-08T15:58:23.234+01:00 INFO : Filtering template 213/384 segment 3/5
2026-09-08T15:58:23.251+01:00 INFO : 1 points above threshold
2026-09-08T15:58:23.256+01:00 INFO : Filtering template 213/384 segment 4/5
2026-09-08T15:58:23.274+01:00 INFO : Filtering template 213/384 segment 5/5
2026-09-08T15:58:23.292+01:00 INFO : 213: generating IMRPhenomD from 30.0 Hz
2026-09-08T15:58:23.295+01:00 INFO : Decompressing waveform using inline_linear
2026-09-08T15:58:23.299+01:00 INFO : Filtering template 214/384 segment 1/5
2026-09-08T15:58:23.319+01:00 INFO : 1 points above threshold
2026-09-08T15:58:23.334+01:00 INFO : Filtering template 214/384 segment 2/5
2026-09-08T15:58:23.352+01:00 INFO : 1 points above threshold
2026-09-08T15:58:23.357+01:00 INFO : Filtering template 214/384 segment 3/5
2026-09-08T15:58:23.375+01:00 INFO : 1 points above threshold
2026-09-08T15:58:23.380+01:00 INFO : Filtering template 214/384 segment 4/5
2026-09-08T15:58:23.397+01:00 INFO : Filtering template 214/384 segment 5/5
2026-09-08T15:58:23.415+01:00 INFO : 214: generating IMRPhenomD from 30.0 Hz
2026-09-08T15:58:23.418+01:00 INFO : Decompressing waveform using inline_linear
2026-09-08T15:58:23.423+01:00 INFO : Filtering template 215/384 segment 1/5
2026-09-08T15:58:23.443+01:00 INFO : Filtering template 215/384 segment 2/5
2026-09-08T15:58:23.460+01:00 INFO : 2 points above threshold
2026-09-08T15:58:23.477+01:00 INFO : Filtering template 215/384 segment 3/5
2026-09-08T15:58:23.495+01:00 INFO : Filtering template 215/384 segment 4/5
2026-09-08T15:58:23.513+01:00 INFO : 1 points above threshold
2026-09-08T15:58:23.518+01:00 INFO : Filtering template 215/384 segment 5/5
2026-09-08T15:58:23.535+01:00 INFO : 1 points above threshold
2026-09-08T15:58:23.541+01:00 INFO : 215: generating IMRPhenomD from 30.0 Hz
2026-09-08T15:58:23.543+01:00 INFO : Decompressing waveform using inline_linear
2026-09-08T15:58:23.548+01:00 INFO : Filtering template 216/384 segment 1/5
2026-09-08T15:58:23.568+01:00 INFO : 1 points above threshold
2026-09-08T15:58:23.583+01:00 INFO : Filtering template 216/384 segment 2/5
2026-09-08T15:58:23.601+01:00 INFO : 1 points above threshold
2026-09-08T15:58:23.606+01:00 INFO : Filtering template 216/384 segment 3/5
2026-09-08T15:58:23.623+01:00 INFO : Filtering template 216/384 segment 4/5
2026-09-08T15:58:23.641+01:00 INFO : 3 points above threshold
2026-09-08T15:58:23.650+01:00 INFO : Filtering template 216/384 segment 5/5
2026-09-08T15:58:23.668+01:00 INFO : 216: generating IMRPhenomD from 30.0 Hz
2026-09-08T15:58:23.671+01:00 INFO : Decompressing waveform using inline_linear
2026-09-08T15:58:23.676+01:00 INFO : Filtering template 217/384 segment 1/5
2026-09-08T15:58:23.695+01:00 INFO : Filtering template 217/384 segment 2/5
2026-09-08T15:58:23.713+01:00 INFO : 1 points above threshold
2026-09-08T15:58:23.728+01:00 INFO : Filtering template 217/384 segment 3/5
2026-09-08T15:58:23.746+01:00 INFO : Filtering template 217/384 segment 4/5
2026-09-08T15:58:23.763+01:00 INFO : Filtering template 217/384 segment 5/5
2026-09-08T15:58:23.781+01:00 INFO : 217: generating IMRPhenomD from 30.0 Hz
2026-09-08T15:58:23.784+01:00 INFO : Decompressing waveform using inline_linear
2026-09-08T15:58:23.789+01:00 INFO : Filtering template 218/384 segment 1/5
2026-09-08T15:58:23.809+01:00 INFO : 2 points above threshold
2026-09-08T15:58:23.826+01:00 INFO : Filtering template 218/384 segment 2/5
2026-09-08T15:58:23.843+01:00 INFO : 2 points above threshold
2026-09-08T15:58:23.850+01:00 INFO : Filtering template 218/384 segment 3/5
2026-09-08T15:58:23.868+01:00 INFO : 2 points above threshold
2026-09-08T15:58:23.875+01:00 INFO : Filtering template 218/384 segment 4/5
2026-09-08T15:58:23.893+01:00 INFO : 2 points above threshold
2026-09-08T15:58:23.900+01:00 INFO : Filtering template 218/384 segment 5/5
2026-09-08T15:58:23.917+01:00 INFO : 1 points above threshold
2026-09-08T15:58:23.923+01:00 INFO : 218: generating IMRPhenomD from 30.0 Hz
2026-09-08T15:58:23.925+01:00 INFO : Decompressing waveform using inline_linear
2026-09-08T15:58:23.930+01:00 INFO : Filtering template 219/384 segment 1/5
2026-09-08T15:58:23.950+01:00 INFO : 2 points above threshold
2026-09-08T15:58:23.967+01:00 INFO : Filtering template 219/384 segment 2/5
2026-09-08T15:58:23.985+01:00 INFO : 1 points above threshold
2026-09-08T15:58:23.990+01:00 INFO : Filtering template 219/384 segment 3/5
2026-09-08T15:58:24.008+01:00 INFO : Filtering template 219/384 segment 4/5
2026-09-08T15:58:24.025+01:00 INFO : 1 points above threshold
2026-09-08T15:58:24.030+01:00 INFO : Filtering template 219/384 segment 5/5
2026-09-08T15:58:24.048+01:00 INFO : 219: generating IMRPhenomD from 30.0 Hz
2026-09-08T15:58:24.051+01:00 INFO : Decompressing waveform using inline_linear
2026-09-08T15:58:24.056+01:00 INFO : Filtering template 220/384 segment 1/5
2026-09-08T15:58:24.076+01:00 INFO : 3 points above threshold
2026-09-08T15:58:24.095+01:00 INFO : Filtering template 220/384 segment 2/5
2026-09-08T15:58:24.112+01:00 INFO : 2 points above threshold
2026-09-08T15:58:24.119+01:00 INFO : Filtering template 220/384 segment 3/5
2026-09-08T15:58:24.137+01:00 INFO : 3 points above threshold
2026-09-08T15:58:24.146+01:00 INFO : Filtering template 220/384 segment 4/5
2026-09-08T15:58:24.164+01:00 INFO : 2 points above threshold
2026-09-08T15:58:24.171+01:00 INFO : Filtering template 220/384 segment 5/5
2026-09-08T15:58:24.189+01:00 INFO : 220: generating IMRPhenomD from 30.0 Hz
2026-09-08T15:58:24.192+01:00 INFO : Decompressing waveform using inline_linear
2026-09-08T15:58:24.196+01:00 INFO : Filtering template 221/384 segment 1/5
2026-09-08T15:58:24.216+01:00 INFO : 1 points above threshold
2026-09-08T15:58:24.231+01:00 INFO : Filtering template 221/384 segment 2/5
2026-09-08T15:58:24.249+01:00 INFO : 1 points above threshold
2026-09-08T15:58:24.254+01:00 INFO : Filtering template 221/384 segment 3/5
2026-09-08T15:58:24.272+01:00 INFO : 1 points above threshold
2026-09-08T15:58:24.277+01:00 INFO : Filtering template 221/384 segment 4/5
2026-09-08T15:58:24.294+01:00 INFO : Filtering template 221/384 segment 5/5
2026-09-08T15:58:24.312+01:00 INFO : 2 points above threshold
2026-09-08T15:58:24.319+01:00 INFO : 221: generating IMRPhenomD from 30.0 Hz
2026-09-08T15:58:24.322+01:00 INFO : Decompressing waveform using inline_linear
2026-09-08T15:58:24.327+01:00 INFO : Filtering template 222/384 segment 1/5
2026-09-08T15:58:24.347+01:00 INFO : Filtering template 222/384 segment 2/5
2026-09-08T15:58:24.364+01:00 INFO : 2 points above threshold
2026-09-08T15:58:24.381+01:00 INFO : Filtering template 222/384 segment 3/5
2026-09-08T15:58:24.399+01:00 INFO : 1 points above threshold
2026-09-08T15:58:24.405+01:00 INFO : Filtering template 222/384 segment 4/5
2026-09-08T15:58:24.423+01:00 INFO : Filtering template 222/384 segment 5/5
2026-09-08T15:58:24.442+01:00 INFO : 222: generating IMRPhenomD from 30.0 Hz
2026-09-08T15:58:24.445+01:00 INFO : Decompressing waveform using inline_linear
2026-09-08T15:58:24.450+01:00 INFO : Filtering template 223/384 segment 1/5
2026-09-08T15:58:24.472+01:00 INFO : 1 points above threshold
2026-09-08T15:58:24.488+01:00 INFO : Filtering template 223/384 segment 2/5
2026-09-08T15:58:24.509+01:00 INFO : Filtering template 223/384 segment 3/5
2026-09-08T15:58:24.530+01:00 INFO : 5 points above threshold
2026-09-08T15:58:24.542+01:00 INFO : Filtering template 223/384 segment 4/5
2026-09-08T15:58:24.559+01:00 INFO : Filtering template 223/384 segment 5/5
2026-09-08T15:58:24.577+01:00 INFO : 223: generating IMRPhenomD from 30.0 Hz
2026-09-08T15:58:24.580+01:00 INFO : Decompressing waveform using inline_linear
2026-09-08T15:58:24.585+01:00 INFO : Filtering template 224/384 segment 1/5
2026-09-08T15:58:24.605+01:00 INFO : 1 points above threshold
2026-09-08T15:58:24.621+01:00 INFO : Filtering template 224/384 segment 2/5
2026-09-08T15:58:24.639+01:00 INFO : 2 points above threshold
2026-09-08T15:58:24.646+01:00 INFO : Filtering template 224/384 segment 3/5
2026-09-08T15:58:24.663+01:00 INFO : 1 points above threshold
2026-09-08T15:58:24.668+01:00 INFO : Filtering template 224/384 segment 4/5
2026-09-08T15:58:24.686+01:00 INFO : 2 points above threshold
2026-09-08T15:58:24.693+01:00 INFO : Filtering template 224/384 segment 5/5
2026-09-08T15:58:24.711+01:00 INFO : 224: generating IMRPhenomD from 30.0 Hz
2026-09-08T15:58:24.714+01:00 INFO : Decompressing waveform using inline_linear
2026-09-08T15:58:24.718+01:00 INFO : Filtering template 225/384 segment 1/5
2026-09-08T15:58:24.738+01:00 INFO : 1 points above threshold
2026-09-08T15:58:24.754+01:00 INFO : Filtering template 225/384 segment 2/5
2026-09-08T15:58:24.772+01:00 INFO : Filtering template 225/384 segment 3/5
2026-09-08T15:58:24.790+01:00 INFO : Filtering template 225/384 segment 4/5
2026-09-08T15:58:24.808+01:00 INFO : 1 points above threshold
2026-09-08T15:58:24.813+01:00 INFO : Filtering template 225/384 segment 5/5
2026-09-08T15:58:24.830+01:00 INFO : 1 points above threshold
2026-09-08T15:58:24.836+01:00 INFO : 225: generating IMRPhenomD from 30.0 Hz
2026-09-08T15:58:24.838+01:00 INFO : Decompressing waveform using inline_linear
2026-09-08T15:58:24.843+01:00 INFO : Filtering template 226/384 segment 1/5
2026-09-08T15:58:24.863+01:00 INFO : 1 points above threshold
2026-09-08T15:58:24.879+01:00 INFO : Filtering template 226/384 segment 2/5
2026-09-08T15:58:24.897+01:00 INFO : Filtering template 226/384 segment 3/5
2026-09-08T15:58:24.915+01:00 INFO : Filtering template 226/384 segment 4/5
2026-09-08T15:58:24.932+01:00 INFO : 2 points above threshold
2026-09-08T15:58:24.939+01:00 INFO : Filtering template 226/384 segment 5/5
2026-09-08T15:58:24.957+01:00 INFO : 1 points above threshold
2026-09-08T15:58:24.962+01:00 INFO : 226: generating IMRPhenomD from 30.0 Hz
2026-09-08T15:58:24.965+01:00 INFO : Decompressing waveform using inline_linear
2026-09-08T15:58:24.970+01:00 INFO : Filtering template 227/384 segment 1/5
2026-09-08T15:58:24.989+01:00 INFO : Filtering template 227/384 segment 2/5
2026-09-08T15:58:25.007+01:00 INFO : Filtering template 227/384 segment 3/5
2026-09-08T15:58:25.025+01:00 INFO : 3 points above threshold
2026-09-08T15:58:25.045+01:00 INFO : Filtering template 227/384 segment 4/5
2026-09-08T15:58:25.063+01:00 INFO : 2 points above threshold
2026-09-08T15:58:25.070+01:00 INFO : Filtering template 227/384 segment 5/5
2026-09-08T15:58:25.087+01:00 INFO : 4 points above threshold
2026-09-08T15:58:25.096+01:00 INFO : 227: generating IMRPhenomD from 30.0 Hz
2026-09-08T15:58:25.099+01:00 INFO : Decompressing waveform using inline_linear
2026-09-08T15:58:25.103+01:00 INFO : Filtering template 228/384 segment 1/5
2026-09-08T15:58:25.123+01:00 INFO : 4 points above threshold
2026-09-08T15:58:25.142+01:00 INFO : Filtering template 228/384 segment 2/5
2026-09-08T15:58:25.159+01:00 INFO : 1 points above threshold
2026-09-08T15:58:25.165+01:00 INFO : Filtering template 228/384 segment 3/5
2026-09-08T15:58:25.182+01:00 INFO : Filtering template 228/384 segment 4/5
2026-09-08T15:58:25.200+01:00 INFO : 3 points above threshold
2026-09-08T15:58:25.209+01:00 INFO : Filtering template 228/384 segment 5/5
2026-09-08T15:58:25.226+01:00 INFO : 3 points above threshold
2026-09-08T15:58:25.236+01:00 INFO : 228: generating IMRPhenomD from 30.0 Hz
2026-09-08T15:58:25.239+01:00 INFO : Decompressing waveform using inline_linear
2026-09-08T15:58:25.243+01:00 INFO : Filtering template 229/384 segment 1/5
2026-09-08T15:58:25.263+01:00 INFO : Filtering template 229/384 segment 2/5
2026-09-08T15:58:25.281+01:00 INFO : Filtering template 229/384 segment 3/5
2026-09-08T15:58:25.299+01:00 INFO : 1 points above threshold
2026-09-08T15:58:25.314+01:00 INFO : Filtering template 229/384 segment 4/5
2026-09-08T15:58:25.331+01:00 INFO : Filtering template 229/384 segment 5/5
2026-09-08T15:58:25.349+01:00 INFO : 4 points above threshold
2026-09-08T15:58:25.358+01:00 INFO : 229: generating IMRPhenomD from 30.0 Hz
2026-09-08T15:58:25.360+01:00 INFO : Decompressing waveform using inline_linear
2026-09-08T15:58:25.365+01:00 INFO : Filtering template 230/384 segment 1/5
2026-09-08T15:58:25.385+01:00 INFO : 1 points above threshold
2026-09-08T15:58:25.400+01:00 INFO : Filtering template 230/384 segment 2/5
2026-09-08T15:58:25.418+01:00 INFO : Filtering template 230/384 segment 3/5
2026-09-08T15:58:25.435+01:00 INFO : 3 points above threshold
2026-09-08T15:58:25.445+01:00 INFO : Filtering template 230/384 segment 4/5
2026-09-08T15:58:25.462+01:00 INFO : 3 points above threshold
2026-09-08T15:58:25.471+01:00 INFO : Filtering template 230/384 segment 5/5
2026-09-08T15:58:25.489+01:00 INFO : 1 points above threshold
2026-09-08T15:58:25.494+01:00 INFO : 230: generating IMRPhenomD from 30.0 Hz
2026-09-08T15:58:25.497+01:00 INFO : Decompressing waveform using inline_linear
2026-09-08T15:58:25.502+01:00 INFO : Filtering template 231/384 segment 1/5
2026-09-08T15:58:25.522+01:00 INFO : 2 points above threshold
2026-09-08T15:58:25.539+01:00 INFO : Filtering template 231/384 segment 2/5
2026-09-08T15:58:25.556+01:00 INFO : 1 points above threshold
2026-09-08T15:58:25.561+01:00 INFO : Filtering template 231/384 segment 3/5
2026-09-08T15:58:25.579+01:00 INFO : 1 points above threshold
2026-09-08T15:58:25.584+01:00 INFO : Filtering template 231/384 segment 4/5
2026-09-08T15:58:25.601+01:00 INFO : 1 points above threshold
2026-09-08T15:58:25.607+01:00 INFO : Filtering template 231/384 segment 5/5
2026-09-08T15:58:25.624+01:00 INFO : 231: generating IMRPhenomD from 30.0 Hz
2026-09-08T15:58:25.627+01:00 INFO : Decompressing waveform using inline_linear
2026-09-08T15:58:25.632+01:00 INFO : Filtering template 232/384 segment 1/5
2026-09-08T15:58:25.652+01:00 INFO : 2 points above threshold
2026-09-08T15:58:25.669+01:00 INFO : Filtering template 232/384 segment 2/5
2026-09-08T15:58:25.686+01:00 INFO : 2 points above threshold
2026-09-08T15:58:25.693+01:00 INFO : Filtering template 232/384 segment 3/5
2026-09-08T15:58:25.711+01:00 INFO : 2 points above threshold
2026-09-08T15:58:25.718+01:00 INFO : Filtering template 232/384 segment 4/5
2026-09-08T15:58:25.735+01:00 INFO : 2 points above threshold
2026-09-08T15:58:25.742+01:00 INFO : Filtering template 232/384 segment 5/5
2026-09-08T15:58:25.760+01:00 INFO : 1 points above threshold
2026-09-08T15:58:25.765+01:00 INFO : 232: generating IMRPhenomD from 30.0 Hz
2026-09-08T15:58:25.768+01:00 INFO : Decompressing waveform using inline_linear
2026-09-08T15:58:25.773+01:00 INFO : Filtering template 233/384 segment 1/5
2026-09-08T15:58:25.792+01:00 INFO : Filtering template 233/384 segment 2/5
2026-09-08T15:58:25.810+01:00 INFO : 1 points above threshold
2026-09-08T15:58:25.825+01:00 INFO : Filtering template 233/384 segment 3/5
2026-09-08T15:58:25.843+01:00 INFO : Filtering template 233/384 segment 4/5
2026-09-08T15:58:25.861+01:00 INFO : 1 points above threshold
2026-09-08T15:58:25.866+01:00 INFO : Filtering template 233/384 segment 5/5
2026-09-08T15:58:25.883+01:00 INFO : 233: generating IMRPhenomD from 30.0 Hz
2026-09-08T15:58:25.886+01:00 INFO : Decompressing waveform using inline_linear
2026-09-08T15:58:25.891+01:00 INFO : Filtering template 234/384 segment 1/5
2026-09-08T15:58:25.911+01:00 INFO : 2 points above threshold
2026-09-08T15:58:25.928+01:00 INFO : Filtering template 234/384 segment 2/5
2026-09-08T15:58:25.945+01:00 INFO : 1 points above threshold
2026-09-08T15:58:25.950+01:00 INFO : Filtering template 234/384 segment 3/5
2026-09-08T15:58:25.968+01:00 INFO : 1 points above threshold
2026-09-08T15:58:25.973+01:00 INFO : Filtering template 234/384 segment 4/5
2026-09-08T15:58:25.991+01:00 INFO : 1 points above threshold
2026-09-08T15:58:25.996+01:00 INFO : Filtering template 234/384 segment 5/5
2026-09-08T15:58:26.013+01:00 INFO : 1 points above threshold
2026-09-08T15:58:26.019+01:00 INFO : 234: generating IMRPhenomD from 30.0 Hz
2026-09-08T15:58:26.021+01:00 INFO : Decompressing waveform using inline_linear
2026-09-08T15:58:26.026+01:00 INFO : Filtering template 235/384 segment 1/5
2026-09-08T15:58:26.046+01:00 INFO : Filtering template 235/384 segment 2/5
2026-09-08T15:58:26.064+01:00 INFO : 2 points above threshold
2026-09-08T15:58:26.081+01:00 INFO : Filtering template 235/384 segment 3/5
2026-09-08T15:58:26.098+01:00 INFO : Filtering template 235/384 segment 4/5
2026-09-08T15:58:26.116+01:00 INFO : 1 points above threshold
2026-09-08T15:58:26.121+01:00 INFO : Filtering template 235/384 segment 5/5
2026-09-08T15:58:26.139+01:00 INFO : 235: generating IMRPhenomD from 30.0 Hz
2026-09-08T15:58:26.142+01:00 INFO : Decompressing waveform using inline_linear
2026-09-08T15:58:26.147+01:00 INFO : Filtering template 236/384 segment 1/5
2026-09-08T15:58:26.166+01:00 INFO : 1 points above threshold
2026-09-08T15:58:26.182+01:00 INFO : Filtering template 236/384 segment 2/5
2026-09-08T15:58:26.199+01:00 INFO : 2 points above threshold
2026-09-08T15:58:26.206+01:00 INFO : Filtering template 236/384 segment 3/5
2026-09-08T15:58:26.224+01:00 INFO : Filtering template 236/384 segment 4/5
2026-09-08T15:58:26.241+01:00 INFO : 1 points above threshold
2026-09-08T15:58:26.246+01:00 INFO : Filtering template 236/384 segment 5/5
2026-09-08T15:58:26.264+01:00 INFO : 1 points above threshold
2026-09-08T15:58:26.269+01:00 INFO : 236: generating IMRPhenomD from 30.0 Hz
2026-09-08T15:58:26.272+01:00 INFO : Decompressing waveform using inline_linear
2026-09-08T15:58:26.277+01:00 INFO : Filtering template 237/384 segment 1/5
2026-09-08T15:58:26.297+01:00 INFO : Filtering template 237/384 segment 2/5
2026-09-08T15:58:26.314+01:00 INFO : 1 points above threshold
2026-09-08T15:58:26.329+01:00 INFO : Filtering template 237/384 segment 3/5
2026-09-08T15:58:26.347+01:00 INFO : 1 points above threshold
2026-09-08T15:58:26.352+01:00 INFO : Filtering template 237/384 segment 4/5
2026-09-08T15:58:26.370+01:00 INFO : 1 points above threshold
2026-09-08T15:58:26.375+01:00 INFO : Filtering template 237/384 segment 5/5
2026-09-08T15:58:26.393+01:00 INFO : 237: generating IMRPhenomD from 30.0 Hz
2026-09-08T15:58:26.396+01:00 INFO : Decompressing waveform using inline_linear
2026-09-08T15:58:26.401+01:00 INFO : Filtering template 238/384 segment 1/5
2026-09-08T15:58:26.420+01:00 INFO : Filtering template 238/384 segment 2/5
2026-09-08T15:58:26.438+01:00 INFO : 2 points above threshold
2026-09-08T15:58:26.455+01:00 INFO : Filtering template 238/384 segment 3/5
2026-09-08T15:58:26.473+01:00 INFO : 1 points above threshold
2026-09-08T15:58:26.478+01:00 INFO : Filtering template 238/384 segment 4/5
2026-09-08T15:58:26.495+01:00 INFO : Filtering template 238/384 segment 5/5
2026-09-08T15:58:26.513+01:00 INFO : 2 points above threshold
2026-09-08T15:58:26.520+01:00 INFO : 238: generating IMRPhenomD from 30.0 Hz
2026-09-08T15:58:26.523+01:00 INFO : Decompressing waveform using inline_linear
2026-09-08T15:58:26.528+01:00 INFO : Filtering template 239/384 segment 1/5
2026-09-08T15:58:26.548+01:00 INFO : Filtering template 239/384 segment 2/5
2026-09-08T15:58:26.565+01:00 INFO : Filtering template 239/384 segment 3/5
2026-09-08T15:58:26.583+01:00 INFO : 2 points above threshold
2026-09-08T15:58:26.600+01:00 INFO : Filtering template 239/384 segment 4/5
2026-09-08T15:58:26.617+01:00 INFO : 1 points above threshold
2026-09-08T15:58:26.623+01:00 INFO : Filtering template 239/384 segment 5/5
2026-09-08T15:58:26.640+01:00 INFO : 239: generating IMRPhenomD from 30.0 Hz
2026-09-08T15:58:26.643+01:00 INFO : Decompressing waveform using inline_linear
2026-09-08T15:58:26.648+01:00 INFO : Filtering template 240/384 segment 1/5
2026-09-08T15:58:26.668+01:00 INFO : 1 points above threshold
2026-09-08T15:58:26.683+01:00 INFO : Filtering template 240/384 segment 2/5
2026-09-08T15:58:26.700+01:00 INFO : 1 points above threshold
2026-09-08T15:58:26.705+01:00 INFO : Filtering template 240/384 segment 3/5
2026-09-08T15:58:26.723+01:00 INFO : 2 points above threshold
2026-09-08T15:58:26.730+01:00 INFO : Filtering template 240/384 segment 4/5
2026-09-08T15:58:26.748+01:00 INFO : Filtering template 240/384 segment 5/5
2026-09-08T15:58:26.765+01:00 INFO : 240: generating IMRPhenomD from 30.0 Hz
2026-09-08T15:58:26.768+01:00 INFO : Decompressing waveform using inline_linear
2026-09-08T15:58:26.773+01:00 INFO : Filtering template 241/384 segment 1/5
2026-09-08T15:58:26.793+01:00 INFO : 1 points above threshold
2026-09-08T15:58:26.808+01:00 INFO : Filtering template 241/384 segment 2/5
2026-09-08T15:58:26.826+01:00 INFO : 2 points above threshold
2026-09-08T15:58:26.833+01:00 INFO : Filtering template 241/384 segment 3/5
2026-09-08T15:58:26.850+01:00 INFO : 1 points above threshold
2026-09-08T15:58:26.855+01:00 INFO : Filtering template 241/384 segment 4/5
2026-09-08T15:58:26.873+01:00 INFO : 1 points above threshold
2026-09-08T15:58:26.878+01:00 INFO : Filtering template 241/384 segment 5/5
2026-09-08T15:58:26.896+01:00 INFO : 241: generating IMRPhenomD from 30.0 Hz
2026-09-08T15:58:26.899+01:00 INFO : Decompressing waveform using inline_linear
2026-09-08T15:58:26.903+01:00 INFO : Filtering template 242/384 segment 1/5
2026-09-08T15:58:26.923+01:00 INFO : 1 points above threshold
2026-09-08T15:58:26.938+01:00 INFO : Filtering template 242/384 segment 2/5
2026-09-08T15:58:26.956+01:00 INFO : Filtering template 242/384 segment 3/5
2026-09-08T15:58:26.974+01:00 INFO : 1 points above threshold
2026-09-08T15:58:26.979+01:00 INFO : Filtering template 242/384 segment 4/5
2026-09-08T15:58:26.996+01:00 INFO : Filtering template 242/384 segment 5/5
2026-09-08T15:58:27.014+01:00 INFO : 1 points above threshold
2026-09-08T15:58:27.019+01:00 INFO : 242: generating IMRPhenomD from 30.0 Hz
2026-09-08T15:58:27.022+01:00 INFO : Decompressing waveform using inline_linear
2026-09-08T15:58:27.027+01:00 INFO : Filtering template 243/384 segment 1/5
2026-09-08T15:58:27.047+01:00 INFO : 1 points above threshold
2026-09-08T15:58:27.062+01:00 INFO : Filtering template 243/384 segment 2/5
2026-09-08T15:58:27.080+01:00 INFO : 1 points above threshold
2026-09-08T15:58:27.085+01:00 INFO : Filtering template 243/384 segment 3/5
2026-09-08T15:58:27.102+01:00 INFO : 2 points above threshold
2026-09-08T15:58:27.109+01:00 INFO : Filtering template 243/384 segment 4/5
2026-09-08T15:58:27.127+01:00 INFO : 1 points above threshold
2026-09-08T15:58:27.132+01:00 INFO : Filtering template 243/384 segment 5/5
2026-09-08T15:58:27.150+01:00 INFO : 1 points above threshold
2026-09-08T15:58:27.156+01:00 INFO : 243: generating IMRPhenomD from 30.0 Hz
2026-09-08T15:58:27.158+01:00 INFO : Decompressing waveform using inline_linear
2026-09-08T15:58:27.163+01:00 INFO : Filtering template 244/384 segment 1/5
2026-09-08T15:58:27.183+01:00 INFO : 1 points above threshold
2026-09-08T15:58:27.198+01:00 INFO : Filtering template 244/384 segment 2/5
2026-09-08T15:58:27.216+01:00 INFO : 3 points above threshold
2026-09-08T15:58:27.225+01:00 INFO : Filtering template 244/384 segment 3/5
2026-09-08T15:58:27.242+01:00 INFO : 3 points above threshold
2026-09-08T15:58:27.252+01:00 INFO : Filtering template 244/384 segment 4/5
2026-09-08T15:58:27.269+01:00 INFO : 1 points above threshold
2026-09-08T15:58:27.274+01:00 INFO : Filtering template 244/384 segment 5/5
2026-09-08T15:58:27.292+01:00 INFO : 1 points above threshold
2026-09-08T15:58:27.297+01:00 INFO : 244: generating IMRPhenomD from 30.0 Hz
2026-09-08T15:58:27.300+01:00 INFO : Decompressing waveform using inline_linear
2026-09-08T15:58:27.304+01:00 INFO : Filtering template 245/384 segment 1/5
2026-09-08T15:58:27.324+01:00 INFO : Filtering template 245/384 segment 2/5
2026-09-08T15:58:27.342+01:00 INFO : 2 points above threshold
2026-09-08T15:58:27.359+01:00 INFO : Filtering template 245/384 segment 3/5
2026-09-08T15:58:27.377+01:00 INFO : 2 points above threshold
2026-09-08T15:58:27.384+01:00 INFO : Filtering template 245/384 segment 4/5
2026-09-08T15:58:27.401+01:00 INFO : 1 points above threshold
2026-09-08T15:58:27.406+01:00 INFO : Filtering template 245/384 segment 5/5
2026-09-08T15:58:27.424+01:00 INFO : 245: generating IMRPhenomD from 30.0 Hz
2026-09-08T15:58:27.427+01:00 INFO : Decompressing waveform using inline_linear
2026-09-08T15:58:27.432+01:00 INFO : Filtering template 246/384 segment 1/5
2026-09-08T15:58:27.452+01:00 INFO : Filtering template 246/384 segment 2/5
2026-09-08T15:58:27.469+01:00 INFO : Filtering template 246/384 segment 3/5
2026-09-08T15:58:27.487+01:00 INFO : 1 points above threshold
2026-09-08T15:58:27.502+01:00 INFO : Filtering template 246/384 segment 4/5
2026-09-08T15:58:27.520+01:00 INFO : Filtering template 246/384 segment 5/5
2026-09-08T15:58:27.538+01:00 INFO : 246: generating IMRPhenomD from 30.0 Hz
2026-09-08T15:58:27.540+01:00 INFO : Decompressing waveform using inline_linear
2026-09-08T15:58:27.545+01:00 INFO : Filtering template 247/384 segment 1/5
2026-09-08T15:58:27.565+01:00 INFO : Filtering template 247/384 segment 2/5
2026-09-08T15:58:27.583+01:00 INFO : Filtering template 247/384 segment 3/5
2026-09-08T15:58:27.600+01:00 INFO : Filtering template 247/384 segment 4/5
2026-09-08T15:58:27.618+01:00 INFO : Filtering template 247/384 segment 5/5
2026-09-08T15:58:27.635+01:00 INFO : 247: generating IMRPhenomD from 30.0 Hz
2026-09-08T15:58:27.638+01:00 INFO : Decompressing waveform using inline_linear
2026-09-08T15:58:27.643+01:00 INFO : Filtering template 248/384 segment 1/5
2026-09-08T15:58:27.663+01:00 INFO : 2 points above threshold
2026-09-08T15:58:27.682+01:00 INFO : Filtering template 248/384 segment 2/5
2026-09-08T15:58:27.699+01:00 INFO : 1 points above threshold
2026-09-08T15:58:27.704+01:00 INFO : Filtering template 248/384 segment 3/5
2026-09-08T15:58:27.722+01:00 INFO : 2 points above threshold
2026-09-08T15:58:27.729+01:00 INFO : Filtering template 248/384 segment 4/5
2026-09-08T15:58:27.747+01:00 INFO : Filtering template 248/384 segment 5/5
2026-09-08T15:58:27.764+01:00 INFO : 248: generating IMRPhenomD from 30.0 Hz
2026-09-08T15:58:27.767+01:00 INFO : Decompressing waveform using inline_linear
2026-09-08T15:58:27.772+01:00 INFO : Filtering template 249/384 segment 1/5
2026-09-08T15:58:27.792+01:00 INFO : 1 points above threshold
2026-09-08T15:58:27.807+01:00 INFO : Filtering template 249/384 segment 2/5
2026-09-08T15:58:27.824+01:00 INFO : 1 points above threshold
2026-09-08T15:58:27.830+01:00 INFO : Filtering template 249/384 segment 3/5
2026-09-08T15:58:27.847+01:00 INFO : 2 points above threshold
2026-09-08T15:58:27.854+01:00 INFO : Filtering template 249/384 segment 4/5
2026-09-08T15:58:27.872+01:00 INFO : 2 points above threshold
2026-09-08T15:58:27.879+01:00 INFO : Filtering template 249/384 segment 5/5
2026-09-08T15:58:27.896+01:00 INFO : 1 points above threshold
2026-09-08T15:58:27.902+01:00 INFO : 249: generating IMRPhenomD from 30.0 Hz
2026-09-08T15:58:27.904+01:00 INFO : Decompressing waveform using inline_linear
2026-09-08T15:58:27.909+01:00 INFO : Filtering template 250/384 segment 1/5
2026-09-08T15:58:27.929+01:00 INFO : Filtering template 250/384 segment 2/5
2026-09-08T15:58:27.947+01:00 INFO : 1 points above threshold
2026-09-08T15:58:27.962+01:00 INFO : Filtering template 250/384 segment 3/5
2026-09-08T15:58:27.979+01:00 INFO : 2 points above threshold
2026-09-08T15:58:27.986+01:00 INFO : Filtering template 250/384 segment 4/5
2026-09-08T15:58:28.004+01:00 INFO : 2 points above threshold
2026-09-08T15:58:28.011+01:00 INFO : Filtering template 250/384 segment 5/5
2026-09-08T15:58:28.028+01:00 INFO : 250: generating IMRPhenomD from 30.0 Hz
2026-09-08T15:58:28.031+01:00 INFO : Decompressing waveform using inline_linear
2026-09-08T15:58:28.036+01:00 INFO : Filtering template 251/384 segment 1/5
2026-09-08T15:58:28.056+01:00 INFO : 3 points above threshold
2026-09-08T15:58:28.075+01:00 INFO : Filtering template 251/384 segment 2/5
2026-09-08T15:58:28.093+01:00 INFO : Filtering template 251/384 segment 3/5
2026-09-08T15:58:28.110+01:00 INFO : Filtering template 251/384 segment 4/5
2026-09-08T15:58:28.128+01:00 INFO : 2 points above threshold
2026-09-08T15:58:28.135+01:00 INFO : Filtering template 251/384 segment 5/5
2026-09-08T15:58:28.153+01:00 INFO : 1 points above threshold
2026-09-08T15:58:28.158+01:00 INFO : 251: generating IMRPhenomD from 30.0 Hz
2026-09-08T15:58:28.161+01:00 INFO : Decompressing waveform using inline_linear
2026-09-08T15:58:28.165+01:00 INFO : Filtering template 252/384 segment 1/5
2026-09-08T15:58:28.185+01:00 INFO : 3 points above threshold
2026-09-08T15:58:28.205+01:00 INFO : Filtering template 252/384 segment 2/5
2026-09-08T15:58:28.222+01:00 INFO : 2 points above threshold
2026-09-08T15:58:28.229+01:00 INFO : Filtering template 252/384 segment 3/5
2026-09-08T15:58:28.247+01:00 INFO : 3 points above threshold
2026-09-08T15:58:28.256+01:00 INFO : Filtering template 252/384 segment 4/5
2026-09-08T15:58:28.273+01:00 INFO : 3 points above threshold
2026-09-08T15:58:28.283+01:00 INFO : Filtering template 252/384 segment 5/5
2026-09-08T15:58:28.300+01:00 INFO : 252: generating IMRPhenomD from 30.0 Hz
2026-09-08T15:58:28.303+01:00 INFO : Decompressing waveform using inline_linear
2026-09-08T15:58:28.308+01:00 INFO : Filtering template 253/384 segment 1/5
2026-09-08T15:58:28.328+01:00 INFO : 4 points above threshold
2026-09-08T15:58:28.346+01:00 INFO : Filtering template 253/384 segment 2/5
2026-09-08T15:58:28.364+01:00 INFO : Filtering template 253/384 segment 3/5
2026-09-08T15:58:28.381+01:00 INFO : 1 points above threshold
2026-09-08T15:58:28.386+01:00 INFO : Filtering template 253/384 segment 4/5
2026-09-08T15:58:28.404+01:00 INFO : 2 points above threshold
2026-09-08T15:58:28.411+01:00 INFO : Filtering template 253/384 segment 5/5
2026-09-08T15:58:28.429+01:00 INFO : 253: generating IMRPhenomD from 30.0 Hz
2026-09-08T15:58:28.432+01:00 INFO : Decompressing waveform using inline_linear
2026-09-08T15:58:28.436+01:00 INFO : Filtering template 254/384 segment 1/5
2026-09-08T15:58:28.456+01:00 INFO : 3 points above threshold
2026-09-08T15:58:28.475+01:00 INFO : Filtering template 254/384 segment 2/5
2026-09-08T15:58:28.493+01:00 INFO : 2 points above threshold
2026-09-08T15:58:28.500+01:00 INFO : Filtering template 254/384 segment 3/5
2026-09-08T15:58:28.518+01:00 INFO : 2 points above threshold
2026-09-08T15:58:28.524+01:00 INFO : Filtering template 254/384 segment 4/5
2026-09-08T15:58:28.542+01:00 INFO : 4 points above threshold
2026-09-08T15:58:28.551+01:00 INFO : Filtering template 254/384 segment 5/5
2026-09-08T15:58:28.568+01:00 INFO : 1 points above threshold
2026-09-08T15:58:28.574+01:00 INFO : 254: generating IMRPhenomD from 30.0 Hz
2026-09-08T15:58:28.593+01:00 INFO : Decompressing waveform using inline_linear
2026-09-08T15:58:28.598+01:00 INFO : Filtering template 255/384 segment 1/5
2026-09-08T15:58:28.626+01:00 INFO : 3 points above threshold
2026-09-08T15:58:28.650+01:00 INFO : Filtering template 255/384 segment 2/5
2026-09-08T15:58:28.668+01:00 INFO : 3 points above threshold
2026-09-08T15:58:28.677+01:00 INFO : Filtering template 255/384 segment 3/5
2026-09-08T15:58:28.694+01:00 INFO : Filtering template 255/384 segment 4/5
2026-09-08T15:58:28.712+01:00 INFO : Filtering template 255/384 segment 5/5
2026-09-08T15:58:28.730+01:00 INFO : 1 points above threshold
2026-09-08T15:58:28.735+01:00 INFO : 255: generating IMRPhenomD from 30.0 Hz
2026-09-08T15:58:28.738+01:00 INFO : Decompressing waveform using inline_linear
2026-09-08T15:58:28.743+01:00 INFO : Filtering template 256/384 segment 1/5
2026-09-08T15:58:28.762+01:00 INFO : 2 points above threshold
2026-09-08T15:58:28.781+01:00 INFO : Filtering template 256/384 segment 2/5
2026-09-08T15:58:28.798+01:00 INFO : 1 points above threshold
2026-09-08T15:58:28.804+01:00 INFO : Filtering template 256/384 segment 3/5
2026-09-08T15:58:28.821+01:00 INFO : 1 points above threshold
2026-09-08T15:58:28.827+01:00 INFO : Filtering template 256/384 segment 4/5
2026-09-08T15:58:28.844+01:00 INFO : 1 points above threshold
2026-09-08T15:58:28.849+01:00 INFO : Filtering template 256/384 segment 5/5
2026-09-08T15:58:28.867+01:00 INFO : 256: generating IMRPhenomD from 30.0 Hz
2026-09-08T15:58:28.870+01:00 INFO : Decompressing waveform using inline_linear
2026-09-08T15:58:28.875+01:00 INFO : Filtering template 257/384 segment 1/5
2026-09-08T15:58:28.895+01:00 INFO : 2 points above threshold
2026-09-08T15:58:28.912+01:00 INFO : Filtering template 257/384 segment 2/5
2026-09-08T15:58:28.929+01:00 INFO : 2 points above threshold
2026-09-08T15:58:28.936+01:00 INFO : Filtering template 257/384 segment 3/5
2026-09-08T15:58:28.954+01:00 INFO : 1 points above threshold
2026-09-08T15:58:28.962+01:00 INFO : Filtering template 257/384 segment 4/5
2026-09-08T15:58:28.979+01:00 INFO : 2 points above threshold
2026-09-08T15:58:28.986+01:00 INFO : Filtering template 257/384 segment 5/5
2026-09-08T15:58:29.004+01:00 INFO : 257: generating IMRPhenomD from 30.0 Hz
2026-09-08T15:58:29.007+01:00 INFO : Decompressing waveform using inline_linear
2026-09-08T15:58:29.012+01:00 INFO : Filtering template 258/384 segment 1/5
2026-09-08T15:58:29.031+01:00 INFO : 1 points above threshold
2026-09-08T15:58:29.047+01:00 INFO : Filtering template 258/384 segment 2/5
2026-09-08T15:58:29.064+01:00 INFO : 1 points above threshold
2026-09-08T15:58:29.069+01:00 INFO : Filtering template 258/384 segment 3/5
2026-09-08T15:58:29.087+01:00 INFO : 2 points above threshold
2026-09-08T15:58:29.094+01:00 INFO : Filtering template 258/384 segment 4/5
2026-09-08T15:58:29.111+01:00 INFO : 1 points above threshold
2026-09-08T15:58:29.117+01:00 INFO : Filtering template 258/384 segment 5/5
2026-09-08T15:58:29.134+01:00 INFO : 258: generating IMRPhenomD from 30.0 Hz
2026-09-08T15:58:29.137+01:00 INFO : Decompressing waveform using inline_linear
2026-09-08T15:58:29.142+01:00 INFO : Filtering template 259/384 segment 1/5
2026-09-08T15:58:29.162+01:00 INFO : 3 points above threshold
2026-09-08T15:58:29.181+01:00 INFO : Filtering template 259/384 segment 2/5
2026-09-08T15:58:29.199+01:00 INFO : Filtering template 259/384 segment 3/5
2026-09-08T15:58:29.216+01:00 INFO : 1 points above threshold
2026-09-08T15:58:29.222+01:00 INFO : Filtering template 259/384 segment 4/5
2026-09-08T15:58:29.239+01:00 INFO : Filtering template 259/384 segment 5/5
2026-09-08T15:58:29.257+01:00 INFO : 259: generating IMRPhenomD from 30.0 Hz
2026-09-08T15:58:29.260+01:00 INFO : Decompressing waveform using inline_linear
2026-09-08T15:58:29.265+01:00 INFO : Filtering template 260/384 segment 1/5
2026-09-08T15:58:29.284+01:00 INFO : 1 points above threshold
2026-09-08T15:58:29.300+01:00 INFO : Filtering template 260/384 segment 2/5
2026-09-08T15:58:29.317+01:00 INFO : 1 points above threshold
2026-09-08T15:58:29.322+01:00 INFO : Filtering template 260/384 segment 3/5
2026-09-08T15:58:29.340+01:00 INFO : 1 points above threshold
2026-09-08T15:58:29.345+01:00 INFO : Filtering template 260/384 segment 4/5
2026-09-08T15:58:29.363+01:00 INFO : 1 points above threshold
2026-09-08T15:58:29.368+01:00 INFO : Filtering template 260/384 segment 5/5
2026-09-08T15:58:29.385+01:00 INFO : 1 points above threshold
2026-09-08T15:58:29.391+01:00 INFO : 260: generating IMRPhenomD from 30.0 Hz
2026-09-08T15:58:29.393+01:00 INFO : Decompressing waveform using inline_linear
2026-09-08T15:58:29.398+01:00 INFO : Filtering template 261/384 segment 1/5
2026-09-08T15:58:29.418+01:00 INFO : Filtering template 261/384 segment 2/5
2026-09-08T15:58:29.436+01:00 INFO : Filtering template 261/384 segment 3/5
2026-09-08T15:58:29.453+01:00 INFO : 1 points above threshold
2026-09-08T15:58:29.468+01:00 INFO : Filtering template 261/384 segment 4/5
2026-09-08T15:58:29.486+01:00 INFO : 2 points above threshold
2026-09-08T15:58:29.493+01:00 INFO : Filtering template 261/384 segment 5/5
2026-09-08T15:58:29.511+01:00 INFO : 261: generating IMRPhenomD from 30.0 Hz
2026-09-08T15:58:29.514+01:00 INFO : Decompressing waveform using inline_linear
2026-09-08T15:58:29.518+01:00 INFO : Filtering template 262/384 segment 1/5
2026-09-08T15:58:29.541+01:00 INFO : 2 points above threshold
2026-09-08T15:58:29.561+01:00 INFO : Filtering template 262/384 segment 2/5
2026-09-08T15:58:29.582+01:00 INFO : 2 points above threshold
2026-09-08T15:58:29.589+01:00 INFO : Filtering template 262/384 segment 3/5
2026-09-08T15:58:29.609+01:00 INFO : Filtering template 262/384 segment 4/5
2026-09-08T15:58:29.629+01:00 INFO : 2 points above threshold
2026-09-08T15:58:29.636+01:00 INFO : Filtering template 262/384 segment 5/5
2026-09-08T15:58:29.653+01:00 INFO : 2 points above threshold
2026-09-08T15:58:29.661+01:00 INFO : 262: generating IMRPhenomD from 30.0 Hz
2026-09-08T15:58:29.663+01:00 INFO : Decompressing waveform using inline_linear
2026-09-08T15:58:29.668+01:00 INFO : Filtering template 263/384 segment 1/5
2026-09-08T15:58:29.688+01:00 INFO : Filtering template 263/384 segment 2/5
2026-09-08T15:58:29.706+01:00 INFO : 1 points above threshold
2026-09-08T15:58:29.721+01:00 INFO : Filtering template 263/384 segment 3/5
2026-09-08T15:58:29.738+01:00 INFO : 1 points above threshold
2026-09-08T15:58:29.744+01:00 INFO : Filtering template 263/384 segment 4/5
2026-09-08T15:58:29.761+01:00 INFO : 3 points above threshold
2026-09-08T15:58:29.770+01:00 INFO : Filtering template 263/384 segment 5/5
2026-09-08T15:58:29.788+01:00 INFO : 263: generating IMRPhenomD from 30.0 Hz
2026-09-08T15:58:29.791+01:00 INFO : Decompressing waveform using inline_linear
2026-09-08T15:58:29.796+01:00 INFO : Filtering template 264/384 segment 1/5
2026-09-08T15:58:29.815+01:00 INFO : 2 points above threshold
2026-09-08T15:58:29.832+01:00 INFO : Filtering template 264/384 segment 2/5
2026-09-08T15:58:29.850+01:00 INFO : 1 points above threshold
2026-09-08T15:58:29.855+01:00 INFO : Filtering template 264/384 segment 3/5
2026-09-08T15:58:29.873+01:00 INFO : 1 points above threshold
2026-09-08T15:58:29.878+01:00 INFO : Filtering template 264/384 segment 4/5
2026-09-08T15:58:29.896+01:00 INFO : 3 points above threshold
2026-09-08T15:58:29.905+01:00 INFO : Filtering template 264/384 segment 5/5
2026-09-08T15:58:29.922+01:00 INFO : 3 points above threshold
2026-09-08T15:58:29.932+01:00 INFO : 264: generating IMRPhenomD from 30.0 Hz
2026-09-08T15:58:29.934+01:00 INFO : Decompressing waveform using inline_linear
2026-09-08T15:58:29.939+01:00 INFO : Filtering template 265/384 segment 1/5
2026-09-08T15:58:29.959+01:00 INFO : 1 points above threshold
2026-09-08T15:58:29.974+01:00 INFO : Filtering template 265/384 segment 2/5
2026-09-08T15:58:29.992+01:00 INFO : 1 points above threshold
2026-09-08T15:58:29.997+01:00 INFO : Filtering template 265/384 segment 3/5
2026-09-08T15:58:30.014+01:00 INFO : 1 points above threshold
2026-09-08T15:58:30.019+01:00 INFO : Filtering template 265/384 segment 4/5
2026-09-08T15:58:30.037+01:00 INFO : Filtering template 265/384 segment 5/5
2026-09-08T15:58:30.055+01:00 INFO : 1 points above threshold
2026-09-08T15:58:30.060+01:00 INFO : 265: generating IMRPhenomD from 30.0 Hz
2026-09-08T15:58:30.063+01:00 INFO : Decompressing waveform using inline_linear
2026-09-08T15:58:30.068+01:00 INFO : Filtering template 266/384 segment 1/5
2026-09-08T15:58:30.088+01:00 INFO : 3 points above threshold
2026-09-08T15:58:30.107+01:00 INFO : Filtering template 266/384 segment 2/5
2026-09-08T15:58:30.124+01:00 INFO : 3 points above threshold
2026-09-08T15:58:30.134+01:00 INFO : Filtering template 266/384 segment 3/5
2026-09-08T15:58:30.151+01:00 INFO : Filtering template 266/384 segment 4/5
2026-09-08T15:58:30.169+01:00 INFO : 1 points above threshold
2026-09-08T15:58:30.174+01:00 INFO : Filtering template 266/384 segment 5/5
2026-09-08T15:58:30.192+01:00 INFO : 266: generating IMRPhenomD from 30.0 Hz
2026-09-08T15:58:30.195+01:00 INFO : Decompressing waveform using inline_linear
2026-09-08T15:58:30.199+01:00 INFO : Filtering template 267/384 segment 1/5
2026-09-08T15:58:30.219+01:00 INFO : Filtering template 267/384 segment 2/5
2026-09-08T15:58:30.237+01:00 INFO : 1 points above threshold
2026-09-08T15:58:30.252+01:00 INFO : Filtering template 267/384 segment 3/5
2026-09-08T15:58:30.269+01:00 INFO : 2 points above threshold
2026-09-08T15:58:30.276+01:00 INFO : Filtering template 267/384 segment 4/5
2026-09-08T15:58:30.294+01:00 INFO : Filtering template 267/384 segment 5/5
2026-09-08T15:58:30.312+01:00 INFO : 2 points above threshold
2026-09-08T15:58:30.319+01:00 INFO : 267: generating IMRPhenomD from 30.0 Hz
2026-09-08T15:58:30.322+01:00 INFO : Decompressing waveform using inline_linear
2026-09-08T15:58:30.326+01:00 INFO : Filtering template 268/384 segment 1/5
2026-09-08T15:58:30.346+01:00 INFO : 1 points above threshold
2026-09-08T15:58:30.361+01:00 INFO : Filtering template 268/384 segment 2/5
2026-09-08T15:58:30.379+01:00 INFO : Filtering template 268/384 segment 3/5
2026-09-08T15:58:30.397+01:00 INFO : 1 points above threshold
2026-09-08T15:58:30.402+01:00 INFO : Filtering template 268/384 segment 4/5
2026-09-08T15:58:30.419+01:00 INFO : Filtering template 268/384 segment 5/5
2026-09-08T15:58:30.437+01:00 INFO : 2 points above threshold
2026-09-08T15:58:30.444+01:00 INFO : 268: generating IMRPhenomD from 30.0 Hz
2026-09-08T15:58:30.447+01:00 INFO : Decompressing waveform using inline_linear
2026-09-08T15:58:30.452+01:00 INFO : Filtering template 269/384 segment 1/5
2026-09-08T15:58:30.471+01:00 INFO : Filtering template 269/384 segment 2/5
2026-09-08T15:58:30.489+01:00 INFO : 1 points above threshold
2026-09-08T15:58:30.504+01:00 INFO : Filtering template 269/384 segment 3/5
2026-09-08T15:58:30.522+01:00 INFO : Filtering template 269/384 segment 4/5
2026-09-08T15:58:30.539+01:00 INFO : 1 points above threshold
2026-09-08T15:58:30.545+01:00 INFO : Filtering template 269/384 segment 5/5
2026-09-08T15:58:30.563+01:00 INFO : 269: generating IMRPhenomD from 30.0 Hz
2026-09-08T15:58:30.565+01:00 INFO : Decompressing waveform using inline_linear
2026-09-08T15:58:30.570+01:00 INFO : Filtering template 270/384 segment 1/5
2026-09-08T15:58:30.590+01:00 INFO : Filtering template 270/384 segment 2/5
2026-09-08T15:58:30.608+01:00 INFO : Filtering template 270/384 segment 3/5
2026-09-08T15:58:30.625+01:00 INFO : Filtering template 270/384 segment 4/5
2026-09-08T15:58:30.643+01:00 INFO : 1 points above threshold
2026-09-08T15:58:30.658+01:00 INFO : Filtering template 270/384 segment 5/5
2026-09-08T15:58:30.676+01:00 INFO : 270: generating IMRPhenomD from 30.0 Hz
2026-09-08T15:58:30.679+01:00 INFO : Decompressing waveform using inline_linear
2026-09-08T15:58:30.684+01:00 INFO : Filtering template 271/384 segment 1/5
2026-09-08T15:58:30.703+01:00 INFO : 2 points above threshold
2026-09-08T15:58:30.721+01:00 INFO : Filtering template 271/384 segment 2/5
2026-09-08T15:58:30.739+01:00 INFO : Filtering template 271/384 segment 3/5
2026-09-08T15:58:30.757+01:00 INFO : 1 points above threshold
2026-09-08T15:58:30.762+01:00 INFO : Filtering template 271/384 segment 4/5
2026-09-08T15:58:30.779+01:00 INFO : 1 points above threshold
2026-09-08T15:58:30.784+01:00 INFO : Filtering template 271/384 segment 5/5
2026-09-08T15:58:30.802+01:00 INFO : 3 points above threshold
2026-09-08T15:58:30.811+01:00 INFO : 271: generating IMRPhenomD from 30.0 Hz
2026-09-08T15:58:30.814+01:00 INFO : Decompressing waveform using inline_linear
2026-09-08T15:58:30.819+01:00 INFO : Filtering template 272/384 segment 1/5
2026-09-08T15:58:30.839+01:00 INFO : 2 points above threshold
2026-09-08T15:58:30.856+01:00 INFO : Filtering template 272/384 segment 2/5
2026-09-08T15:58:30.873+01:00 INFO : 1 points above threshold
2026-09-08T15:58:30.878+01:00 INFO : Filtering template 272/384 segment 3/5
2026-09-08T15:58:30.896+01:00 INFO : 1 points above threshold
2026-09-08T15:58:30.901+01:00 INFO : Filtering template 272/384 segment 4/5
2026-09-08T15:58:30.919+01:00 INFO : Filtering template 272/384 segment 5/5
2026-09-08T15:58:30.936+01:00 INFO : 1 points above threshold
2026-09-08T15:58:30.941+01:00 INFO : 272: generating IMRPhenomD from 30.0 Hz
2026-09-08T15:58:30.944+01:00 INFO : Decompressing waveform using inline_linear
2026-09-08T15:58:30.949+01:00 INFO : Filtering template 273/384 segment 1/5
2026-09-08T15:58:30.969+01:00 INFO : 1 points above threshold
2026-09-08T15:58:30.984+01:00 INFO : Filtering template 273/384 segment 2/5
2026-09-08T15:58:31.001+01:00 INFO : Filtering template 273/384 segment 3/5
2026-09-08T15:58:31.019+01:00 INFO : 1 points above threshold
2026-09-08T15:58:31.024+01:00 INFO : Filtering template 273/384 segment 4/5
2026-09-08T15:58:31.042+01:00 INFO : 2 points above threshold
2026-09-08T15:58:31.049+01:00 INFO : Filtering template 273/384 segment 5/5
2026-09-08T15:58:31.067+01:00 INFO : 273: generating IMRPhenomD from 30.0 Hz
2026-09-08T15:58:31.069+01:00 INFO : Decompressing waveform using inline_linear
2026-09-08T15:58:31.074+01:00 INFO : Filtering template 274/384 segment 1/5
2026-09-08T15:58:31.094+01:00 INFO : 1 points above threshold
2026-09-08T15:58:31.109+01:00 INFO : Filtering template 274/384 segment 2/5
2026-09-08T15:58:31.127+01:00 INFO : 2 points above threshold
2026-09-08T15:58:31.134+01:00 INFO : Filtering template 274/384 segment 3/5
2026-09-08T15:58:31.151+01:00 INFO : 3 points above threshold
2026-09-08T15:58:31.160+01:00 INFO : Filtering template 274/384 segment 4/5
2026-09-08T15:58:31.178+01:00 INFO : 1 points above threshold
2026-09-08T15:58:31.183+01:00 INFO : Filtering template 274/384 segment 5/5
2026-09-08T15:58:31.200+01:00 INFO : 3 points above threshold
2026-09-08T15:58:31.210+01:00 INFO : 274: generating IMRPhenomD from 30.0 Hz
2026-09-08T15:58:31.213+01:00 INFO : Decompressing waveform using inline_linear
2026-09-08T15:58:31.217+01:00 INFO : Filtering template 275/384 segment 1/5
2026-09-08T15:58:31.237+01:00 INFO : 1 points above threshold
2026-09-08T15:58:31.252+01:00 INFO : Filtering template 275/384 segment 2/5
2026-09-08T15:58:31.270+01:00 INFO : 1 points above threshold
2026-09-08T15:58:31.275+01:00 INFO : Filtering template 275/384 segment 3/5
2026-09-08T15:58:31.293+01:00 INFO : Filtering template 275/384 segment 4/5
2026-09-08T15:58:31.310+01:00 INFO : 2 points above threshold
2026-09-08T15:58:31.318+01:00 INFO : Filtering template 275/384 segment 5/5
2026-09-08T15:58:31.336+01:00 INFO : 1 points above threshold
2026-09-08T15:58:31.341+01:00 INFO : 275: generating IMRPhenomD from 30.0 Hz
2026-09-08T15:58:31.344+01:00 INFO : Decompressing waveform using inline_linear
2026-09-08T15:58:31.348+01:00 INFO : Filtering template 276/384 segment 1/5
2026-09-08T15:58:31.368+01:00 INFO : 2 points above threshold
2026-09-08T15:58:31.385+01:00 INFO : Filtering template 276/384 segment 2/5
2026-09-08T15:58:31.403+01:00 INFO : 2 points above threshold
2026-09-08T15:58:31.410+01:00 INFO : Filtering template 276/384 segment 3/5
2026-09-08T15:58:31.427+01:00 INFO : 2 points above threshold
2026-09-08T15:58:31.434+01:00 INFO : Filtering template 276/384 segment 4/5
2026-09-08T15:58:31.452+01:00 INFO : 4 points above threshold
2026-09-08T15:58:31.461+01:00 INFO : Filtering template 276/384 segment 5/5
2026-09-08T15:58:31.478+01:00 INFO : 1 points above threshold
2026-09-08T15:58:31.483+01:00 INFO : 276: generating IMRPhenomD from 30.0 Hz
2026-09-08T15:58:31.486+01:00 INFO : Decompressing waveform using inline_linear
2026-09-08T15:58:31.491+01:00 INFO : Filtering template 277/384 segment 1/5
2026-09-08T15:58:31.511+01:00 INFO : 2 points above threshold
2026-09-08T15:58:31.528+01:00 INFO : Filtering template 277/384 segment 2/5
2026-09-08T15:58:31.545+01:00 INFO : Filtering template 277/384 segment 3/5
2026-09-08T15:58:31.563+01:00 INFO : Filtering template 277/384 segment 4/5
2026-09-08T15:58:31.581+01:00 INFO : 1 points above threshold
2026-09-08T15:58:31.586+01:00 INFO : Filtering template 277/384 segment 5/5
2026-09-08T15:58:31.604+01:00 INFO : 277: generating IMRPhenomD from 30.0 Hz
2026-09-08T15:58:31.607+01:00 INFO : Decompressing waveform using inline_linear
2026-09-08T15:58:31.611+01:00 INFO : Filtering template 278/384 segment 1/5
2026-09-08T15:58:31.631+01:00 INFO : Filtering template 278/384 segment 2/5
2026-09-08T15:58:31.649+01:00 INFO : 2 points above threshold
2026-09-08T15:58:31.666+01:00 INFO : Filtering template 278/384 segment 3/5
2026-09-08T15:58:31.684+01:00 INFO : Filtering template 278/384 segment 4/5
2026-09-08T15:58:31.701+01:00 INFO : 1 points above threshold
2026-09-08T15:58:31.706+01:00 INFO : Filtering template 278/384 segment 5/5
2026-09-08T15:58:31.724+01:00 INFO : 1 points above threshold
2026-09-08T15:58:31.729+01:00 INFO : 278: generating IMRPhenomD from 30.0 Hz
2026-09-08T15:58:31.732+01:00 INFO : Decompressing waveform using inline_linear
2026-09-08T15:58:31.737+01:00 INFO : Filtering template 279/384 segment 1/5
2026-09-08T15:58:31.757+01:00 INFO : 2 points above threshold
2026-09-08T15:58:31.774+01:00 INFO : Filtering template 279/384 segment 2/5
2026-09-08T15:58:31.791+01:00 INFO : 1 points above threshold
2026-09-08T15:58:31.796+01:00 INFO : Filtering template 279/384 segment 3/5
2026-09-08T15:58:31.814+01:00 INFO : 1 points above threshold
2026-09-08T15:58:31.819+01:00 INFO : Filtering template 279/384 segment 4/5
2026-09-08T15:58:31.837+01:00 INFO : 3 points above threshold
2026-09-08T15:58:31.846+01:00 INFO : Filtering template 279/384 segment 5/5
2026-09-08T15:58:31.864+01:00 INFO : 279: generating IMRPhenomD from 30.0 Hz
2026-09-08T15:58:31.866+01:00 INFO : Decompressing waveform using inline_linear
2026-09-08T15:58:31.871+01:00 INFO : Filtering template 280/384 segment 1/5
2026-09-08T15:58:31.891+01:00 INFO : 2 points above threshold
2026-09-08T15:58:31.908+01:00 INFO : Filtering template 280/384 segment 2/5
2026-09-08T15:58:31.926+01:00 INFO : 1 points above threshold
2026-09-08T15:58:31.931+01:00 INFO : Filtering template 280/384 segment 3/5
2026-09-08T15:58:31.949+01:00 INFO : 1 points above threshold
2026-09-08T15:58:31.954+01:00 INFO : Filtering template 280/384 segment 4/5
2026-09-08T15:58:31.971+01:00 INFO : 1 points above threshold
2026-09-08T15:58:31.976+01:00 INFO : Filtering template 280/384 segment 5/5
2026-09-08T15:58:31.994+01:00 INFO : 280: generating IMRPhenomD from 30.0 Hz
2026-09-08T15:58:31.997+01:00 INFO : Decompressing waveform using inline_linear
2026-09-08T15:58:32.002+01:00 INFO : Filtering template 281/384 segment 1/5
2026-09-08T15:58:32.022+01:00 INFO : 2 points above threshold
2026-09-08T15:58:32.039+01:00 INFO : Filtering template 281/384 segment 2/5
2026-09-08T15:58:32.056+01:00 INFO : Filtering template 281/384 segment 3/5
2026-09-08T15:58:32.074+01:00 INFO : Filtering template 281/384 segment 4/5
2026-09-08T15:58:32.092+01:00 INFO : 3 points above threshold
2026-09-08T15:58:32.101+01:00 INFO : Filtering template 281/384 segment 5/5
2026-09-08T15:58:32.119+01:00 INFO : 3 points above threshold
2026-09-08T15:58:32.128+01:00 INFO : 281: generating IMRPhenomD from 30.0 Hz
2026-09-08T15:58:32.131+01:00 INFO : Decompressing waveform using inline_linear
2026-09-08T15:58:32.135+01:00 INFO : Filtering template 282/384 segment 1/5
2026-09-08T15:58:32.155+01:00 INFO : Filtering template 282/384 segment 2/5
2026-09-08T15:58:32.173+01:00 INFO : 1 points above threshold
2026-09-08T15:58:32.189+01:00 INFO : Filtering template 282/384 segment 3/5
2026-09-08T15:58:32.207+01:00 INFO : Filtering template 282/384 segment 4/5
2026-09-08T15:58:32.225+01:00 INFO : 2 points above threshold
2026-09-08T15:58:32.232+01:00 INFO : Filtering template 282/384 segment 5/5
2026-09-08T15:58:32.249+01:00 INFO : 3 points above threshold
2026-09-08T15:58:32.259+01:00 INFO : 282: generating IMRPhenomD from 30.0 Hz
2026-09-08T15:58:32.262+01:00 INFO : Decompressing waveform using inline_linear
2026-09-08T15:58:32.267+01:00 INFO : Filtering template 283/384 segment 1/5
2026-09-08T15:58:32.287+01:00 INFO : Filtering template 283/384 segment 2/5
2026-09-08T15:58:32.304+01:00 INFO : 1 points above threshold
2026-09-08T15:58:32.321+01:00 INFO : Filtering template 283/384 segment 3/5
2026-09-08T15:58:32.339+01:00 INFO : Filtering template 283/384 segment 4/5
2026-09-08T15:58:32.356+01:00 INFO : 5 points above threshold
2026-09-08T15:58:32.368+01:00 INFO : Filtering template 283/384 segment 5/5
2026-09-08T15:58:32.385+01:00 INFO : 3 points above threshold
2026-09-08T15:58:32.395+01:00 INFO : 283: generating IMRPhenomD from 30.0 Hz
2026-09-08T15:58:32.397+01:00 INFO : Decompressing waveform using inline_linear
2026-09-08T15:58:32.402+01:00 INFO : Filtering template 284/384 segment 1/5
2026-09-08T15:58:32.422+01:00 INFO : 2 points above threshold
2026-09-08T15:58:32.440+01:00 INFO : Filtering template 284/384 segment 2/5
2026-09-08T15:58:32.458+01:00 INFO : 1 points above threshold
2026-09-08T15:58:32.465+01:00 INFO : Filtering template 284/384 segment 3/5
2026-09-08T15:58:32.483+01:00 INFO : 2 points above threshold
2026-09-08T15:58:32.490+01:00 INFO : Filtering template 284/384 segment 4/5
2026-09-08T15:58:32.507+01:00 INFO : 1 points above threshold
2026-09-08T15:58:32.512+01:00 INFO : Filtering template 284/384 segment 5/5
2026-09-08T15:58:32.530+01:00 INFO : 284: generating IMRPhenomD from 30.0 Hz
2026-09-08T15:58:32.533+01:00 INFO : Decompressing waveform using inline_linear
2026-09-08T15:58:32.538+01:00 INFO : Filtering template 285/384 segment 1/5
2026-09-08T15:58:32.557+01:00 INFO : 1 points above threshold
2026-09-08T15:58:32.574+01:00 INFO : Filtering template 285/384 segment 2/5
2026-09-08T15:58:32.592+01:00 INFO : 1 points above threshold
2026-09-08T15:58:32.597+01:00 INFO : Filtering template 285/384 segment 3/5
2026-09-08T15:58:32.614+01:00 INFO : 1 points above threshold
2026-09-08T15:58:32.619+01:00 INFO : Filtering template 285/384 segment 4/5
2026-09-08T15:58:32.637+01:00 INFO : 3 points above threshold
2026-09-08T15:58:32.646+01:00 INFO : Filtering template 285/384 segment 5/5
2026-09-08T15:58:32.664+01:00 INFO : 285: generating IMRPhenomD from 30.0 Hz
2026-09-08T15:58:32.666+01:00 INFO : Decompressing waveform using inline_linear
2026-09-08T15:58:32.671+01:00 INFO : Filtering template 286/384 segment 1/5
2026-09-08T15:58:32.691+01:00 INFO : 3 points above threshold
2026-09-08T15:58:32.710+01:00 INFO : Filtering template 286/384 segment 2/5
2026-09-08T15:58:32.728+01:00 INFO : 1 points above threshold
2026-09-08T15:58:32.733+01:00 INFO : Filtering template 286/384 segment 3/5
2026-09-08T15:58:32.750+01:00 INFO : Filtering template 286/384 segment 4/5
2026-09-08T15:58:32.768+01:00 INFO : Filtering template 286/384 segment 5/5
2026-09-08T15:58:32.786+01:00 INFO : 286: generating IMRPhenomD from 30.0 Hz
2026-09-08T15:58:32.789+01:00 INFO : Decompressing waveform using inline_linear
2026-09-08T15:58:32.793+01:00 INFO : Filtering template 287/384 segment 1/5
2026-09-08T15:58:32.813+01:00 INFO : 2 points above threshold
2026-09-08T15:58:32.830+01:00 INFO : Filtering template 287/384 segment 2/5
2026-09-08T15:58:32.848+01:00 INFO : 4 points above threshold
2026-09-08T15:58:32.857+01:00 INFO : Filtering template 287/384 segment 3/5
2026-09-08T15:58:32.874+01:00 INFO : 1 points above threshold
2026-09-08T15:58:32.879+01:00 INFO : Filtering template 287/384 segment 4/5
2026-09-08T15:58:32.897+01:00 INFO : 3 points above threshold
2026-09-08T15:58:32.906+01:00 INFO : Filtering template 287/384 segment 5/5
2026-09-08T15:58:32.923+01:00 INFO : 2 points above threshold
2026-09-08T15:58:32.931+01:00 INFO : 287: generating IMRPhenomD from 30.0 Hz
2026-09-08T15:58:32.933+01:00 INFO : Decompressing waveform using inline_linear
2026-09-08T15:58:32.938+01:00 INFO : Filtering template 288/384 segment 1/5
2026-09-08T15:58:32.958+01:00 INFO : 1 points above threshold
2026-09-08T15:58:32.973+01:00 INFO : Filtering template 288/384 segment 2/5
2026-09-08T15:58:32.991+01:00 INFO : 2 points above threshold
2026-09-08T15:58:32.998+01:00 INFO : Filtering template 288/384 segment 3/5
2026-09-08T15:58:33.015+01:00 INFO : 2 points above threshold
2026-09-08T15:58:33.022+01:00 INFO : Filtering template 288/384 segment 4/5
2026-09-08T15:58:33.040+01:00 INFO : 1 points above threshold
2026-09-08T15:58:33.045+01:00 INFO : Filtering template 288/384 segment 5/5
2026-09-08T15:58:33.063+01:00 INFO : 3 points above threshold
2026-09-08T15:58:33.072+01:00 INFO : 288: generating IMRPhenomD from 30.0 Hz
2026-09-08T15:58:33.075+01:00 INFO : Decompressing waveform using inline_linear
2026-09-08T15:58:33.079+01:00 INFO : Filtering template 289/384 segment 1/5
2026-09-08T15:58:33.099+01:00 INFO : Filtering template 289/384 segment 2/5
2026-09-08T15:58:33.117+01:00 INFO : 2 points above threshold
2026-09-08T15:58:33.134+01:00 INFO : Filtering template 289/384 segment 3/5
2026-09-08T15:58:33.152+01:00 INFO : 1 points above threshold
2026-09-08T15:58:33.157+01:00 INFO : Filtering template 289/384 segment 4/5
2026-09-08T15:58:33.174+01:00 INFO : 1 points above threshold
2026-09-08T15:58:33.179+01:00 INFO : Filtering template 289/384 segment 5/5
2026-09-08T15:58:33.197+01:00 INFO : 2 points above threshold
2026-09-08T15:58:33.204+01:00 INFO : 289: generating IMRPhenomD from 30.0 Hz
2026-09-08T15:58:33.207+01:00 INFO : Decompressing waveform using inline_linear
2026-09-08T15:58:33.212+01:00 INFO : Filtering template 290/384 segment 1/5
2026-09-08T15:58:33.231+01:00 INFO : 3 points above threshold
2026-09-08T15:58:33.251+01:00 INFO : Filtering template 290/384 segment 2/5
2026-09-08T15:58:33.268+01:00 INFO : Filtering template 290/384 segment 3/5
2026-09-08T15:58:33.286+01:00 INFO : 1 points above threshold
2026-09-08T15:58:33.292+01:00 INFO : Filtering template 290/384 segment 4/5
2026-09-08T15:58:33.310+01:00 INFO : 2 points above threshold
2026-09-08T15:58:33.317+01:00 INFO : Filtering template 290/384 segment 5/5
2026-09-08T15:58:33.334+01:00 INFO : 290: generating IMRPhenomD from 30.0 Hz
2026-09-08T15:58:33.337+01:00 INFO : Decompressing waveform using inline_linear
2026-09-08T15:58:33.342+01:00 INFO : Filtering template 291/384 segment 1/5
2026-09-08T15:58:33.362+01:00 INFO : 5 points above threshold
2026-09-08T15:58:33.383+01:00 INFO : Filtering template 291/384 segment 2/5
2026-09-08T15:58:33.401+01:00 INFO : 3 points above threshold
2026-09-08T15:58:33.410+01:00 INFO : Filtering template 291/384 segment 3/5
2026-09-08T15:58:33.427+01:00 INFO : 1 points above threshold
2026-09-08T15:58:33.433+01:00 INFO : Filtering template 291/384 segment 4/5
2026-09-08T15:58:33.450+01:00 INFO : 1 points above threshold
2026-09-08T15:58:33.455+01:00 INFO : Filtering template 291/384 segment 5/5
2026-09-08T15:58:33.473+01:00 INFO : 291: generating IMRPhenomD from 30.0 Hz
2026-09-08T15:58:33.476+01:00 INFO : Decompressing waveform using inline_linear
2026-09-08T15:58:33.481+01:00 INFO : Filtering template 292/384 segment 1/5
2026-09-08T15:58:33.501+01:00 INFO : 1 points above threshold
2026-09-08T15:58:33.516+01:00 INFO : Filtering template 292/384 segment 2/5
2026-09-08T15:58:33.533+01:00 INFO : 1 points above threshold
2026-09-08T15:58:33.541+01:00 INFO : Filtering template 292/384 segment 3/5
2026-09-08T15:58:33.559+01:00 INFO : 1 points above threshold
2026-09-08T15:58:33.564+01:00 INFO : Filtering template 292/384 segment 4/5
2026-09-08T15:58:33.581+01:00 INFO : 2 points above threshold
2026-09-08T15:58:33.588+01:00 INFO : Filtering template 292/384 segment 5/5
2026-09-08T15:58:33.606+01:00 INFO : 1 points above threshold
2026-09-08T15:58:33.611+01:00 INFO : 292: generating IMRPhenomD from 30.0 Hz
2026-09-08T15:58:33.614+01:00 INFO : Decompressing waveform using inline_linear
2026-09-08T15:58:33.619+01:00 INFO : Filtering template 293/384 segment 1/5
2026-09-08T15:58:33.639+01:00 INFO : 2 points above threshold
2026-09-08T15:58:33.656+01:00 INFO : Filtering template 293/384 segment 2/5
2026-09-08T15:58:33.673+01:00 INFO : 3 points above threshold
2026-09-08T15:58:33.682+01:00 INFO : Filtering template 293/384 segment 3/5
2026-09-08T15:58:33.700+01:00 INFO : 3 points above threshold
2026-09-08T15:58:33.709+01:00 INFO : Filtering template 293/384 segment 4/5
2026-09-08T15:58:33.726+01:00 INFO : 3 points above threshold
2026-09-08T15:58:33.735+01:00 INFO : Filtering template 293/384 segment 5/5
2026-09-08T15:58:33.753+01:00 INFO : 3 points above threshold
2026-09-08T15:58:33.762+01:00 INFO : 293: generating IMRPhenomD from 30.0 Hz
2026-09-08T15:58:33.765+01:00 INFO : Decompressing waveform using inline_linear
2026-09-08T15:58:33.770+01:00 INFO : Filtering template 294/384 segment 1/5
2026-09-08T15:58:33.790+01:00 INFO : Filtering template 294/384 segment 2/5
2026-09-08T15:58:33.807+01:00 INFO : 1 points above threshold
2026-09-08T15:58:33.822+01:00 INFO : Filtering template 294/384 segment 3/5
2026-09-08T15:58:33.840+01:00 INFO : 2 points above threshold
2026-09-08T15:58:33.847+01:00 INFO : Filtering template 294/384 segment 4/5
2026-09-08T15:58:33.865+01:00 INFO : 1 points above threshold
2026-09-08T15:58:33.870+01:00 INFO : Filtering template 294/384 segment 5/5
2026-09-08T15:58:33.887+01:00 INFO : 3 points above threshold
2026-09-08T15:58:33.897+01:00 INFO : 294: generating IMRPhenomD from 30.0 Hz
2026-09-08T15:58:33.899+01:00 INFO : Decompressing waveform using inline_linear
2026-09-08T15:58:33.904+01:00 INFO : Filtering template 295/384 segment 1/5
2026-09-08T15:58:33.924+01:00 INFO : 1 points above threshold
2026-09-08T15:58:33.939+01:00 INFO : Filtering template 295/384 segment 2/5
2026-09-08T15:58:33.957+01:00 INFO : 2 points above threshold
2026-09-08T15:58:33.964+01:00 INFO : Filtering template 295/384 segment 3/5
2026-09-08T15:58:33.981+01:00 INFO : 3 points above threshold
2026-09-08T15:58:33.990+01:00 INFO : Filtering template 295/384 segment 4/5
2026-09-08T15:58:34.008+01:00 INFO : 3 points above threshold
2026-09-08T15:58:34.017+01:00 INFO : Filtering template 295/384 segment 5/5
2026-09-08T15:58:34.035+01:00 INFO : 1 points above threshold
2026-09-08T15:58:34.040+01:00 INFO : 295: generating IMRPhenomD from 30.0 Hz
2026-09-08T15:58:34.043+01:00 INFO : Decompressing waveform using inline_linear
2026-09-08T15:58:34.048+01:00 INFO : Filtering template 296/384 segment 1/5
2026-09-08T15:58:34.067+01:00 INFO : 5 points above threshold
2026-09-08T15:58:34.089+01:00 INFO : Filtering template 296/384 segment 2/5
2026-09-08T15:58:34.107+01:00 INFO : 1 points above threshold
2026-09-08T15:58:34.112+01:00 INFO : Filtering template 296/384 segment 3/5
2026-09-08T15:58:34.130+01:00 INFO : 2 points above threshold
2026-09-08T15:58:34.137+01:00 INFO : Filtering template 296/384 segment 4/5
2026-09-08T15:58:34.155+01:00 INFO : Filtering template 296/384 segment 5/5
2026-09-08T15:58:34.172+01:00 INFO : 1 points above threshold
2026-09-08T15:58:34.179+01:00 INFO : 296: generating IMRPhenomD from 30.0 Hz
2026-09-08T15:58:34.181+01:00 INFO : Decompressing waveform using inline_linear
2026-09-08T15:58:34.186+01:00 INFO : Filtering template 297/384 segment 1/5
2026-09-08T15:58:34.206+01:00 INFO : 1 points above threshold
2026-09-08T15:58:34.221+01:00 INFO : Filtering template 297/384 segment 2/5
2026-09-08T15:58:34.239+01:00 INFO : 4 points above threshold
2026-09-08T15:58:34.247+01:00 INFO : Filtering template 297/384 segment 3/5
2026-09-08T15:58:34.265+01:00 INFO : Filtering template 297/384 segment 4/5
2026-09-08T15:58:34.282+01:00 INFO : Filtering template 297/384 segment 5/5
2026-09-08T15:58:34.300+01:00 INFO : 1 points above threshold
2026-09-08T15:58:34.305+01:00 INFO : 297: generating IMRPhenomD from 30.0 Hz
2026-09-08T15:58:34.308+01:00 INFO : Decompressing waveform using inline_linear
2026-09-08T15:58:34.313+01:00 INFO : Filtering template 298/384 segment 1/5
2026-09-08T15:58:34.332+01:00 INFO : 1 points above threshold
2026-09-08T15:58:34.348+01:00 INFO : Filtering template 298/384 segment 2/5
2026-09-08T15:58:34.365+01:00 INFO : 1 points above threshold
2026-09-08T15:58:34.370+01:00 INFO : Filtering template 298/384 segment 3/5
2026-09-08T15:58:34.388+01:00 INFO : 1 points above threshold
2026-09-08T15:58:34.393+01:00 INFO : Filtering template 298/384 segment 4/5
2026-09-08T15:58:34.410+01:00 INFO : 1 points above threshold
2026-09-08T15:58:34.416+01:00 INFO : Filtering template 298/384 segment 5/5
2026-09-08T15:58:34.433+01:00 INFO : 4 points above threshold
2026-09-08T15:58:34.442+01:00 INFO : 298: generating IMRPhenomD from 30.0 Hz
2026-09-08T15:58:34.445+01:00 INFO : Decompressing waveform using inline_linear
2026-09-08T15:58:34.449+01:00 INFO : Filtering template 299/384 segment 1/5
2026-09-08T15:58:34.469+01:00 INFO : 1 points above threshold
2026-09-08T15:58:34.484+01:00 INFO : Filtering template 299/384 segment 2/5
2026-09-08T15:58:34.502+01:00 INFO : 1 points above threshold
2026-09-08T15:58:34.507+01:00 INFO : Filtering template 299/384 segment 3/5
2026-09-08T15:58:34.524+01:00 INFO : Filtering template 299/384 segment 4/5
2026-09-08T15:58:34.542+01:00 INFO : 2 points above threshold
2026-09-08T15:58:34.549+01:00 INFO : Filtering template 299/384 segment 5/5
2026-09-08T15:58:34.567+01:00 INFO : 1 points above threshold
2026-09-08T15:58:34.572+01:00 INFO : 299: generating IMRPhenomD from 30.0 Hz
2026-09-08T15:58:34.575+01:00 INFO : Decompressing waveform using inline_linear
2026-09-08T15:58:34.579+01:00 INFO : Filtering template 300/384 segment 1/5
2026-09-08T15:58:34.599+01:00 INFO : 1 points above threshold
2026-09-08T15:58:34.614+01:00 INFO : Filtering template 300/384 segment 2/5
2026-09-08T15:58:34.633+01:00 INFO : Filtering template 300/384 segment 3/5
2026-09-08T15:58:34.652+01:00 INFO : 1 points above threshold
2026-09-08T15:58:34.657+01:00 INFO : Filtering template 300/384 segment 4/5
2026-09-08T15:58:34.676+01:00 INFO : Filtering template 300/384 segment 5/5
2026-09-08T15:58:34.695+01:00 INFO : 1 points above threshold
2026-09-08T15:58:34.701+01:00 INFO : 300: generating IMRPhenomD from 30.0 Hz
2026-09-08T15:58:34.722+01:00 INFO : Decompressing waveform using inline_linear
2026-09-08T15:58:34.727+01:00 INFO : Filtering template 301/384 segment 1/5
2026-09-08T15:58:34.755+01:00 INFO : 2 points above threshold
2026-09-08T15:58:34.778+01:00 INFO : Filtering template 301/384 segment 2/5
2026-09-08T15:58:34.796+01:00 INFO : Filtering template 301/384 segment 3/5
2026-09-08T15:58:34.813+01:00 INFO : 1 points above threshold
2026-09-08T15:58:34.819+01:00 INFO : Filtering template 301/384 segment 4/5
2026-09-08T15:58:34.837+01:00 INFO : Filtering template 301/384 segment 5/5
2026-09-08T15:58:34.854+01:00 INFO : 1 points above threshold
2026-09-08T15:58:34.860+01:00 INFO : 301: generating IMRPhenomD from 30.0 Hz
2026-09-08T15:58:34.862+01:00 INFO : Decompressing waveform using inline_linear
2026-09-08T15:58:34.867+01:00 INFO : Filtering template 302/384 segment 1/5
2026-09-08T15:58:34.887+01:00 INFO : 3 points above threshold
2026-09-08T15:58:34.909+01:00 INFO : Filtering template 302/384 segment 2/5
2026-09-08T15:58:34.927+01:00 INFO : 1 points above threshold
2026-09-08T15:58:34.932+01:00 INFO : Filtering template 302/384 segment 3/5
2026-09-08T15:58:34.949+01:00 INFO : Filtering template 302/384 segment 4/5
2026-09-08T15:58:34.967+01:00 INFO : 2 points above threshold
2026-09-08T15:58:34.974+01:00 INFO : Filtering template 302/384 segment 5/5
2026-09-08T15:58:34.992+01:00 INFO : 302: generating IMRPhenomD from 30.0 Hz
2026-09-08T15:58:34.994+01:00 INFO : Decompressing waveform using inline_linear
2026-09-08T15:58:34.999+01:00 INFO : Filtering template 303/384 segment 1/5
2026-09-08T15:58:35.019+01:00 INFO : Filtering template 303/384 segment 2/5
2026-09-08T15:58:35.037+01:00 INFO : 1 points above threshold
2026-09-08T15:58:35.053+01:00 INFO : Filtering template 303/384 segment 3/5
2026-09-08T15:58:35.071+01:00 INFO : 2 points above threshold
2026-09-08T15:58:35.078+01:00 INFO : Filtering template 303/384 segment 4/5
2026-09-08T15:58:35.095+01:00 INFO : 1 points above threshold
2026-09-08T15:58:35.100+01:00 INFO : Filtering template 303/384 segment 5/5
2026-09-08T15:58:35.118+01:00 INFO : 1 points above threshold
2026-09-08T15:58:35.123+01:00 INFO : 303: generating IMRPhenomD from 30.0 Hz
2026-09-08T15:58:35.126+01:00 INFO : Decompressing waveform using inline_linear
2026-09-08T15:58:35.131+01:00 INFO : Filtering template 304/384 segment 1/5
2026-09-08T15:58:35.150+01:00 INFO : 2 points above threshold
2026-09-08T15:58:35.167+01:00 INFO : Filtering template 304/384 segment 2/5
2026-09-08T15:58:35.185+01:00 INFO : 1 points above threshold
2026-09-08T15:58:35.190+01:00 INFO : Filtering template 304/384 segment 3/5
2026-09-08T15:58:35.208+01:00 INFO : Filtering template 304/384 segment 4/5
2026-09-08T15:58:35.225+01:00 INFO : Filtering template 304/384 segment 5/5
2026-09-08T15:58:35.243+01:00 INFO : 1 points above threshold
2026-09-08T15:58:35.248+01:00 INFO : 304: generating IMRPhenomD from 30.0 Hz
2026-09-08T15:58:35.251+01:00 INFO : Decompressing waveform using inline_linear
2026-09-08T15:58:35.256+01:00 INFO : Filtering template 305/384 segment 1/5
2026-09-08T15:58:35.276+01:00 INFO : Filtering template 305/384 segment 2/5
2026-09-08T15:58:35.293+01:00 INFO : 2 points above threshold
2026-09-08T15:58:35.310+01:00 INFO : Filtering template 305/384 segment 3/5
2026-09-08T15:58:35.328+01:00 INFO : 1 points above threshold
2026-09-08T15:58:35.333+01:00 INFO : Filtering template 305/384 segment 4/5
2026-09-08T15:58:35.351+01:00 INFO : 1 points above threshold
2026-09-08T15:58:35.356+01:00 INFO : Filtering template 305/384 segment 5/5
2026-09-08T15:58:35.373+01:00 INFO : 2 points above threshold
2026-09-08T15:58:35.381+01:00 INFO : 305: generating IMRPhenomD from 30.0 Hz
2026-09-08T15:58:35.383+01:00 INFO : Decompressing waveform using inline_linear
2026-09-08T15:58:35.388+01:00 INFO : Filtering template 306/384 segment 1/5
2026-09-08T15:58:35.408+01:00 INFO : 3 points above threshold
2026-09-08T15:58:35.427+01:00 INFO : Filtering template 306/384 segment 2/5
2026-09-08T15:58:35.445+01:00 INFO : 1 points above threshold
2026-09-08T15:58:35.450+01:00 INFO : Filtering template 306/384 segment 3/5
2026-09-08T15:58:35.467+01:00 INFO : 2 points above threshold
2026-09-08T15:58:35.474+01:00 INFO : Filtering template 306/384 segment 4/5
2026-09-08T15:58:35.492+01:00 INFO : 1 points above threshold
2026-09-08T15:58:35.497+01:00 INFO : Filtering template 306/384 segment 5/5
2026-09-08T15:58:35.514+01:00 INFO : 2 points above threshold
2026-09-08T15:58:35.522+01:00 INFO : 306: generating IMRPhenomD from 30.0 Hz
2026-09-08T15:58:35.524+01:00 INFO : Decompressing waveform using inline_linear
2026-09-08T15:58:35.529+01:00 INFO : Filtering template 307/384 segment 1/5
2026-09-08T15:58:35.549+01:00 INFO : Filtering template 307/384 segment 2/5
2026-09-08T15:58:35.567+01:00 INFO : 1 points above threshold
2026-09-08T15:58:35.582+01:00 INFO : Filtering template 307/384 segment 3/5
2026-09-08T15:58:35.599+01:00 INFO : 1 points above threshold
2026-09-08T15:58:35.605+01:00 INFO : Filtering template 307/384 segment 4/5
2026-09-08T15:58:35.622+01:00 INFO : 3 points above threshold
2026-09-08T15:58:35.631+01:00 INFO : Filtering template 307/384 segment 5/5
2026-09-08T15:58:35.649+01:00 INFO : 1 points above threshold
2026-09-08T15:58:35.654+01:00 INFO : 307: generating IMRPhenomD from 30.0 Hz
2026-09-08T15:58:35.657+01:00 INFO : Decompressing waveform using inline_linear
2026-09-08T15:58:35.662+01:00 INFO : Filtering template 308/384 segment 1/5
2026-09-08T15:58:35.682+01:00 INFO : 1 points above threshold
2026-09-08T15:58:35.697+01:00 INFO : Filtering template 308/384 segment 2/5
2026-09-08T15:58:35.714+01:00 INFO : Filtering template 308/384 segment 3/5
2026-09-08T15:58:35.732+01:00 INFO : 2 points above threshold
2026-09-08T15:58:35.739+01:00 INFO : Filtering template 308/384 segment 4/5
2026-09-08T15:58:35.756+01:00 INFO : 1 points above threshold
2026-09-08T15:58:35.761+01:00 INFO : Filtering template 308/384 segment 5/5
2026-09-08T15:58:35.779+01:00 INFO : 308: generating IMRPhenomD from 30.0 Hz
2026-09-08T15:58:35.782+01:00 INFO : Decompressing waveform using inline_linear
2026-09-08T15:58:35.787+01:00 INFO : Filtering template 309/384 segment 1/5
2026-09-08T15:58:35.807+01:00 INFO : 1 points above threshold
2026-09-08T15:58:35.822+01:00 INFO : Filtering template 309/384 segment 2/5
2026-09-08T15:58:35.840+01:00 INFO : Filtering template 309/384 segment 3/5
2026-09-08T15:58:35.857+01:00 INFO : Filtering template 309/384 segment 4/5
2026-09-08T15:58:35.875+01:00 INFO : Filtering template 309/384 segment 5/5
2026-09-08T15:58:35.892+01:00 INFO : 1 points above threshold
2026-09-08T15:58:35.898+01:00 INFO : 309: generating IMRPhenomD from 30.0 Hz
2026-09-08T15:58:35.901+01:00 INFO : Decompressing waveform using inline_linear
2026-09-08T15:58:35.905+01:00 INFO : Filtering template 310/384 segment 1/5
2026-09-08T15:58:35.925+01:00 INFO : 1 points above threshold
2026-09-08T15:58:35.940+01:00 INFO : Filtering template 310/384 segment 2/5
2026-09-08T15:58:35.958+01:00 INFO : 1 points above threshold
2026-09-08T15:58:35.964+01:00 INFO : Filtering template 310/384 segment 3/5
2026-09-08T15:58:35.982+01:00 INFO : 1 points above threshold
2026-09-08T15:58:35.987+01:00 INFO : Filtering template 310/384 segment 4/5
2026-09-08T15:58:36.004+01:00 INFO : Filtering template 310/384 segment 5/5
2026-09-08T15:58:36.022+01:00 INFO : 1 points above threshold
2026-09-08T15:58:36.027+01:00 INFO : 310: generating IMRPhenomD from 30.0 Hz
2026-09-08T15:58:36.030+01:00 INFO : Decompressing waveform using inline_linear
2026-09-08T15:58:36.035+01:00 INFO : Filtering template 311/384 segment 1/5
2026-09-08T15:58:36.055+01:00 INFO : Filtering template 311/384 segment 2/5
2026-09-08T15:58:36.072+01:00 INFO : 1 points above threshold
2026-09-08T15:58:36.087+01:00 INFO : Filtering template 311/384 segment 3/5
2026-09-08T15:58:36.105+01:00 INFO : Filtering template 311/384 segment 4/5
2026-09-08T15:58:36.123+01:00 INFO : 1 points above threshold
2026-09-08T15:58:36.128+01:00 INFO : Filtering template 311/384 segment 5/5
2026-09-08T15:58:36.145+01:00 INFO : 4 points above threshold
2026-09-08T15:58:36.154+01:00 INFO : 311: generating IMRPhenomD from 30.0 Hz
2026-09-08T15:58:36.157+01:00 INFO : Decompressing waveform using inline_linear
2026-09-08T15:58:36.162+01:00 INFO : Filtering template 312/384 segment 1/5
2026-09-08T15:58:36.181+01:00 INFO : 3 points above threshold
2026-09-08T15:58:36.200+01:00 INFO : Filtering template 312/384 segment 2/5
2026-09-08T15:58:36.218+01:00 INFO : Filtering template 312/384 segment 3/5
2026-09-08T15:58:36.236+01:00 INFO : 1 points above threshold
2026-09-08T15:58:36.241+01:00 INFO : Filtering template 312/384 segment 4/5
2026-09-08T15:58:36.259+01:00 INFO : Filtering template 312/384 segment 5/5
2026-09-08T15:58:36.276+01:00 INFO : 312: generating IMRPhenomD from 30.0 Hz
2026-09-08T15:58:36.279+01:00 INFO : Decompressing waveform using inline_linear
2026-09-08T15:58:36.284+01:00 INFO : Filtering template 313/384 segment 1/5
2026-09-08T15:58:36.304+01:00 INFO : Filtering template 313/384 segment 2/5
2026-09-08T15:58:36.321+01:00 INFO : 1 points above threshold
2026-09-08T15:58:36.336+01:00 INFO : Filtering template 313/384 segment 3/5
2026-09-08T15:58:36.354+01:00 INFO : Filtering template 313/384 segment 4/5
2026-09-08T15:58:36.372+01:00 INFO : 2 points above threshold
2026-09-08T15:58:36.379+01:00 INFO : Filtering template 313/384 segment 5/5
2026-09-08T15:58:36.396+01:00 INFO : 1 points above threshold
2026-09-08T15:58:36.402+01:00 INFO : 313: generating IMRPhenomD from 30.0 Hz
2026-09-08T15:58:36.404+01:00 INFO : Decompressing waveform using inline_linear
2026-09-08T15:58:36.409+01:00 INFO : Filtering template 314/384 segment 1/5
2026-09-08T15:58:36.429+01:00 INFO : 1 points above threshold
2026-09-08T15:58:36.444+01:00 INFO : Filtering template 314/384 segment 2/5
2026-09-08T15:58:36.462+01:00 INFO : Filtering template 314/384 segment 3/5
2026-09-08T15:58:36.479+01:00 INFO : 2 points above threshold
2026-09-08T15:58:36.486+01:00 INFO : Filtering template 314/384 segment 4/5
2026-09-08T15:58:36.504+01:00 INFO : Filtering template 314/384 segment 5/5
2026-09-08T15:58:36.521+01:00 INFO : 2 points above threshold
2026-09-08T15:58:36.528+01:00 INFO : 314: generating IMRPhenomD from 30.0 Hz
2026-09-08T15:58:36.531+01:00 INFO : Decompressing waveform using inline_linear
2026-09-08T15:58:36.536+01:00 INFO : Filtering template 315/384 segment 1/5
2026-09-08T15:58:36.556+01:00 INFO : 1 points above threshold
2026-09-08T15:58:36.571+01:00 INFO : Filtering template 315/384 segment 2/5
2026-09-08T15:58:36.588+01:00 INFO : 1 points above threshold
2026-09-08T15:58:36.594+01:00 INFO : Filtering template 315/384 segment 3/5
2026-09-08T15:58:36.611+01:00 INFO : 1 points above threshold
2026-09-08T15:58:36.616+01:00 INFO : Filtering template 315/384 segment 4/5
2026-09-08T15:58:36.634+01:00 INFO : Filtering template 315/384 segment 5/5
2026-09-08T15:58:36.652+01:00 INFO : 315: generating IMRPhenomD from 30.0 Hz
2026-09-08T15:58:36.655+01:00 INFO : Decompressing waveform using inline_linear
2026-09-08T15:58:36.659+01:00 INFO : Filtering template 316/384 segment 1/5
2026-09-08T15:58:36.679+01:00 INFO : Filtering template 316/384 segment 2/5
2026-09-08T15:58:36.697+01:00 INFO : Filtering template 316/384 segment 3/5
2026-09-08T15:58:36.715+01:00 INFO : Filtering template 316/384 segment 4/5
2026-09-08T15:58:36.732+01:00 INFO : 3 points above threshold
2026-09-08T15:58:36.752+01:00 INFO : Filtering template 316/384 segment 5/5
2026-09-08T15:58:36.769+01:00 INFO : 316: generating IMRPhenomD from 30.0 Hz
2026-09-08T15:58:36.772+01:00 INFO : Decompressing waveform using inline_linear
2026-09-08T15:58:36.777+01:00 INFO : Filtering template 317/384 segment 1/5
2026-09-08T15:58:36.797+01:00 INFO : Filtering template 317/384 segment 2/5
2026-09-08T15:58:36.814+01:00 INFO : Filtering template 317/384 segment 3/5
2026-09-08T15:58:36.832+01:00 INFO : 1 points above threshold
2026-09-08T15:58:36.847+01:00 INFO : Filtering template 317/384 segment 4/5
2026-09-08T15:58:36.865+01:00 INFO : Filtering template 317/384 segment 5/5
2026-09-08T15:58:36.883+01:00 INFO : 2 points above threshold
2026-09-08T15:58:36.890+01:00 INFO : 317: generating IMRPhenomD from 30.0 Hz
2026-09-08T15:58:36.893+01:00 INFO : Decompressing waveform using inline_linear
2026-09-08T15:58:36.897+01:00 INFO : Filtering template 318/384 segment 1/5
2026-09-08T15:58:36.917+01:00 INFO : 3 points above threshold
2026-09-08T15:58:36.936+01:00 INFO : Filtering template 318/384 segment 2/5
2026-09-08T15:58:36.954+01:00 INFO : 2 points above threshold
2026-09-08T15:58:36.961+01:00 INFO : Filtering template 318/384 segment 3/5
2026-09-08T15:58:36.979+01:00 INFO : Filtering template 318/384 segment 4/5
2026-09-08T15:58:36.996+01:00 INFO : 3 points above threshold
2026-09-08T15:58:37.005+01:00 INFO : Filtering template 318/384 segment 5/5
2026-09-08T15:58:37.023+01:00 INFO : 1 points above threshold
2026-09-08T15:58:37.028+01:00 INFO : 318: generating IMRPhenomD from 30.0 Hz
2026-09-08T15:58:37.031+01:00 INFO : Decompressing waveform using inline_linear
2026-09-08T15:58:37.036+01:00 INFO : Filtering template 319/384 segment 1/5
2026-09-08T15:58:37.056+01:00 INFO : 3 points above threshold
2026-09-08T15:58:37.075+01:00 INFO : Filtering template 319/384 segment 2/5
2026-09-08T15:58:37.092+01:00 INFO : 2 points above threshold
2026-09-08T15:58:37.099+01:00 INFO : Filtering template 319/384 segment 3/5
2026-09-08T15:58:37.117+01:00 INFO : 2 points above threshold
2026-09-08T15:58:37.124+01:00 INFO : Filtering template 319/384 segment 4/5
2026-09-08T15:58:37.141+01:00 INFO : Filtering template 319/384 segment 5/5
2026-09-08T15:58:37.159+01:00 INFO : 319: generating IMRPhenomD from 30.0 Hz
2026-09-08T15:58:37.162+01:00 INFO : Decompressing waveform using inline_linear
2026-09-08T15:58:37.167+01:00 INFO : Filtering template 320/384 segment 1/5
2026-09-08T15:58:37.187+01:00 INFO : 2 points above threshold
2026-09-08T15:58:37.204+01:00 INFO : Filtering template 320/384 segment 2/5
2026-09-08T15:58:37.221+01:00 INFO : 1 points above threshold
2026-09-08T15:58:37.226+01:00 INFO : Filtering template 320/384 segment 3/5
2026-09-08T15:58:37.244+01:00 INFO : 2 points above threshold
2026-09-08T15:58:37.251+01:00 INFO : Filtering template 320/384 segment 4/5
2026-09-08T15:58:37.268+01:00 INFO : Filtering template 320/384 segment 5/5
2026-09-08T15:58:37.286+01:00 INFO : 2 points above threshold
2026-09-08T15:58:37.294+01:00 INFO : 320: generating IMRPhenomD from 30.0 Hz
2026-09-08T15:58:37.297+01:00 INFO : Decompressing waveform using inline_linear
2026-09-08T15:58:37.302+01:00 INFO : Filtering template 321/384 segment 1/5
2026-09-08T15:58:37.321+01:00 INFO : Filtering template 321/384 segment 2/5
2026-09-08T15:58:37.339+01:00 INFO : Filtering template 321/384 segment 3/5
2026-09-08T15:58:37.357+01:00 INFO : 1 points above threshold
2026-09-08T15:58:37.372+01:00 INFO : Filtering template 321/384 segment 4/5
2026-09-08T15:58:37.390+01:00 INFO : Filtering template 321/384 segment 5/5
2026-09-08T15:58:37.408+01:00 INFO : 321: generating IMRPhenomD from 30.0 Hz
2026-09-08T15:58:37.410+01:00 INFO : Decompressing waveform using inline_linear
2026-09-08T15:58:37.415+01:00 INFO : Filtering template 322/384 segment 1/5
2026-09-08T15:58:37.435+01:00 INFO : Filtering template 322/384 segment 2/5
2026-09-08T15:58:37.453+01:00 INFO : 3 points above threshold
2026-09-08T15:58:37.472+01:00 INFO : Filtering template 322/384 segment 3/5
2026-09-08T15:58:37.489+01:00 INFO : 1 points above threshold
2026-09-08T15:58:37.494+01:00 INFO : Filtering template 322/384 segment 4/5
2026-09-08T15:58:37.512+01:00 INFO : 1 points above threshold
2026-09-08T15:58:37.517+01:00 INFO : Filtering template 322/384 segment 5/5
2026-09-08T15:58:37.535+01:00 INFO : 1 points above threshold
2026-09-08T15:58:37.540+01:00 INFO : 322: generating IMRPhenomD from 30.0 Hz
2026-09-08T15:58:37.543+01:00 INFO : Decompressing waveform using inline_linear
2026-09-08T15:58:37.548+01:00 INFO : Filtering template 323/384 segment 1/5
2026-09-08T15:58:37.568+01:00 INFO : Filtering template 323/384 segment 2/5
2026-09-08T15:58:37.585+01:00 INFO : 2 points above threshold
2026-09-08T15:58:37.603+01:00 INFO : Filtering template 323/384 segment 3/5
2026-09-08T15:58:37.621+01:00 INFO : 2 points above threshold
2026-09-08T15:58:37.628+01:00 INFO : Filtering template 323/384 segment 4/5
2026-09-08T15:58:37.645+01:00 INFO : Filtering template 323/384 segment 5/5
2026-09-08T15:58:37.663+01:00 INFO : 1 points above threshold
2026-09-08T15:58:37.668+01:00 INFO : 323: generating IMRPhenomD from 30.0 Hz
2026-09-08T15:58:37.671+01:00 INFO : Decompressing waveform using inline_linear
2026-09-08T15:58:37.676+01:00 INFO : Filtering template 324/384 segment 1/5
2026-09-08T15:58:37.696+01:00 INFO : Filtering template 324/384 segment 2/5
2026-09-08T15:58:37.713+01:00 INFO : Filtering template 324/384 segment 3/5
2026-09-08T15:58:37.731+01:00 INFO : 1 points above threshold
2026-09-08T15:58:37.746+01:00 INFO : Filtering template 324/384 segment 4/5
2026-09-08T15:58:37.764+01:00 INFO : Filtering template 324/384 segment 5/5
2026-09-08T15:58:37.781+01:00 INFO : 4 points above threshold
2026-09-08T15:58:37.790+01:00 INFO : 324: generating IMRPhenomD from 30.0 Hz
2026-09-08T15:58:37.793+01:00 INFO : Decompressing waveform using inline_linear
2026-09-08T15:58:37.798+01:00 INFO : Filtering template 325/384 segment 1/5
2026-09-08T15:58:37.817+01:00 INFO : 2 points above threshold
2026-09-08T15:58:37.834+01:00 INFO : Filtering template 325/384 segment 2/5
2026-09-08T15:58:37.852+01:00 INFO : 3 points above threshold
2026-09-08T15:58:37.861+01:00 INFO : Filtering template 325/384 segment 3/5
2026-09-08T15:58:37.879+01:00 INFO : 2 points above threshold
2026-09-08T15:58:37.886+01:00 INFO : Filtering template 325/384 segment 4/5
2026-09-08T15:58:37.904+01:00 INFO : 1 points above threshold
2026-09-08T15:58:37.909+01:00 INFO : Filtering template 325/384 segment 5/5
2026-09-08T15:58:37.926+01:00 INFO : 1 points above threshold
2026-09-08T15:58:37.932+01:00 INFO : 325: generating IMRPhenomD from 30.0 Hz
2026-09-08T15:58:37.934+01:00 INFO : Decompressing waveform using inline_linear
2026-09-08T15:58:37.939+01:00 INFO : Filtering template 326/384 segment 1/5
2026-09-08T15:58:37.959+01:00 INFO : 2 points above threshold
2026-09-08T15:58:37.976+01:00 INFO : Filtering template 326/384 segment 2/5
2026-09-08T15:58:37.993+01:00 INFO : 2 points above threshold
2026-09-08T15:58:38.000+01:00 INFO : Filtering template 326/384 segment 3/5
2026-09-08T15:58:38.018+01:00 INFO : Filtering template 326/384 segment 4/5
2026-09-08T15:58:38.036+01:00 INFO : Filtering template 326/384 segment 5/5
2026-09-08T15:58:38.054+01:00 INFO : 2 points above threshold
2026-09-08T15:58:38.061+01:00 INFO : 326: generating IMRPhenomD from 30.0 Hz
2026-09-08T15:58:38.063+01:00 INFO : Decompressing waveform using inline_linear
2026-09-08T15:58:38.068+01:00 INFO : Filtering template 327/384 segment 1/5
2026-09-08T15:58:38.088+01:00 INFO : 2 points above threshold
2026-09-08T15:58:38.105+01:00 INFO : Filtering template 327/384 segment 2/5
2026-09-08T15:58:38.123+01:00 INFO : 1 points above threshold
2026-09-08T15:58:38.128+01:00 INFO : Filtering template 327/384 segment 3/5
2026-09-08T15:58:38.146+01:00 INFO : 3 points above threshold
2026-09-08T15:58:38.155+01:00 INFO : Filtering template 327/384 segment 4/5
2026-09-08T15:58:38.172+01:00 INFO : 2 points above threshold
2026-09-08T15:58:38.179+01:00 INFO : Filtering template 327/384 segment 5/5
2026-09-08T15:58:38.197+01:00 INFO : 1 points above threshold
2026-09-08T15:58:38.203+01:00 INFO : 327: generating IMRPhenomD from 30.0 Hz
2026-09-08T15:58:38.205+01:00 INFO : Decompressing waveform using inline_linear
2026-09-08T15:58:38.210+01:00 INFO : Filtering template 328/384 segment 1/5
2026-09-08T15:58:38.230+01:00 INFO : 1 points above threshold
2026-09-08T15:58:38.245+01:00 INFO : Filtering template 328/384 segment 2/5
2026-09-08T15:58:38.263+01:00 INFO : 1 points above threshold
2026-09-08T15:58:38.268+01:00 INFO : Filtering template 328/384 segment 3/5
2026-09-08T15:58:38.286+01:00 INFO : 4 points above threshold
2026-09-08T15:58:38.294+01:00 INFO : Filtering template 328/384 segment 4/5
2026-09-08T15:58:38.312+01:00 INFO : 1 points above threshold
2026-09-08T15:58:38.317+01:00 INFO : Filtering template 328/384 segment 5/5
2026-09-08T15:58:38.335+01:00 INFO : 2 points above threshold
2026-09-08T15:58:38.342+01:00 INFO : 328: generating IMRPhenomD from 30.0 Hz
2026-09-08T15:58:38.344+01:00 INFO : Decompressing waveform using inline_linear
2026-09-08T15:58:38.349+01:00 INFO : Filtering template 329/384 segment 1/5
2026-09-08T15:58:38.369+01:00 INFO : Filtering template 329/384 segment 2/5
2026-09-08T15:58:38.387+01:00 INFO : Filtering template 329/384 segment 3/5
2026-09-08T15:58:38.405+01:00 INFO : 2 points above threshold
2026-09-08T15:58:38.422+01:00 INFO : Filtering template 329/384 segment 4/5
2026-09-08T15:58:38.439+01:00 INFO : 1 points above threshold
2026-09-08T15:58:38.445+01:00 INFO : Filtering template 329/384 segment 5/5
2026-09-08T15:58:38.462+01:00 INFO : 2 points above threshold
2026-09-08T15:58:38.470+01:00 INFO : 329: generating IMRPhenomD from 30.0 Hz
2026-09-08T15:58:38.472+01:00 INFO : Decompressing waveform using inline_linear
2026-09-08T15:58:38.477+01:00 INFO : Filtering template 330/384 segment 1/5
2026-09-08T15:58:38.497+01:00 INFO : 1 points above threshold
2026-09-08T15:58:38.515+01:00 INFO : Filtering template 330/384 segment 2/5
2026-09-08T15:58:38.532+01:00 INFO : 2 points above threshold
2026-09-08T15:58:38.539+01:00 INFO : Filtering template 330/384 segment 3/5
2026-09-08T15:58:38.557+01:00 INFO : 2 points above threshold
2026-09-08T15:58:38.564+01:00 INFO : Filtering template 330/384 segment 4/5
2026-09-08T15:58:38.581+01:00 INFO : 1 points above threshold
2026-09-08T15:58:38.587+01:00 INFO : Filtering template 330/384 segment 5/5
2026-09-08T15:58:38.605+01:00 INFO : 330: generating IMRPhenomD from 30.0 Hz
2026-09-08T15:58:38.608+01:00 INFO : Decompressing waveform using inline_linear
2026-09-08T15:58:38.613+01:00 INFO : Filtering template 331/384 segment 1/5
2026-09-08T15:58:38.633+01:00 INFO : 2 points above threshold
2026-09-08T15:58:38.650+01:00 INFO : Filtering template 331/384 segment 2/5
2026-09-08T15:58:38.667+01:00 INFO : 1 points above threshold
2026-09-08T15:58:38.673+01:00 INFO : Filtering template 331/384 segment 3/5
2026-09-08T15:58:38.690+01:00 INFO : 3 points above threshold
2026-09-08T15:58:38.699+01:00 INFO : Filtering template 331/384 segment 4/5
2026-09-08T15:58:38.717+01:00 INFO : 4 points above threshold
2026-09-08T15:58:38.725+01:00 INFO : Filtering template 331/384 segment 5/5
2026-09-08T15:58:38.743+01:00 INFO : 331: generating IMRPhenomD from 30.0 Hz
2026-09-08T15:58:38.746+01:00 INFO : Decompressing waveform using inline_linear
2026-09-08T15:58:38.751+01:00 INFO : Filtering template 332/384 segment 1/5
2026-09-08T15:58:38.770+01:00 INFO : 2 points above threshold
2026-09-08T15:58:38.787+01:00 INFO : Filtering template 332/384 segment 2/5
2026-09-08T15:58:38.805+01:00 INFO : Filtering template 332/384 segment 3/5
2026-09-08T15:58:38.823+01:00 INFO : 1 points above threshold
2026-09-08T15:58:38.828+01:00 INFO : Filtering template 332/384 segment 4/5
2026-09-08T15:58:38.845+01:00 INFO : Filtering template 332/384 segment 5/5
2026-09-08T15:58:38.863+01:00 INFO : 1 points above threshold
2026-09-08T15:58:38.868+01:00 INFO : 332: generating IMRPhenomD from 30.0 Hz
2026-09-08T15:58:38.871+01:00 INFO : Decompressing waveform using inline_linear
2026-09-08T15:58:38.876+01:00 INFO : Filtering template 333/384 segment 1/5
2026-09-08T15:58:38.896+01:00 INFO : 2 points above threshold
2026-09-08T15:58:38.913+01:00 INFO : Filtering template 333/384 segment 2/5
2026-09-08T15:58:38.931+01:00 INFO : Filtering template 333/384 segment 3/5
2026-09-08T15:58:38.949+01:00 INFO : 1 points above threshold
2026-09-08T15:58:38.954+01:00 INFO : Filtering template 333/384 segment 4/5
2026-09-08T15:58:38.971+01:00 INFO : 1 points above threshold
2026-09-08T15:58:38.976+01:00 INFO : Filtering template 333/384 segment 5/5
2026-09-08T15:58:38.994+01:00 INFO : 333: generating IMRPhenomD from 30.0 Hz
2026-09-08T15:58:38.997+01:00 INFO : Decompressing waveform using inline_linear
2026-09-08T15:58:39.002+01:00 INFO : Filtering template 334/384 segment 1/5
2026-09-08T15:58:39.022+01:00 INFO : 3 points above threshold
2026-09-08T15:58:39.042+01:00 INFO : Filtering template 334/384 segment 2/5
2026-09-08T15:58:39.060+01:00 INFO : Filtering template 334/384 segment 3/5
2026-09-08T15:58:39.077+01:00 INFO : Filtering template 334/384 segment 4/5
2026-09-08T15:58:39.095+01:00 INFO : 2 points above threshold
2026-09-08T15:58:39.102+01:00 INFO : Filtering template 334/384 segment 5/5
2026-09-08T15:58:39.120+01:00 INFO : 334: generating IMRPhenomD from 30.0 Hz
2026-09-08T15:58:39.123+01:00 INFO : Decompressing waveform using inline_linear
2026-09-08T15:58:39.128+01:00 INFO : Filtering template 335/384 segment 1/5
2026-09-08T15:58:39.147+01:00 INFO : 1 points above threshold
2026-09-08T15:58:39.164+01:00 INFO : Filtering template 335/384 segment 2/5
2026-09-08T15:58:39.181+01:00 INFO : Filtering template 335/384 segment 3/5
2026-09-08T15:58:39.199+01:00 INFO : 3 points above threshold
2026-09-08T15:58:39.208+01:00 INFO : Filtering template 335/384 segment 4/5
2026-09-08T15:58:39.226+01:00 INFO : Filtering template 335/384 segment 5/5
2026-09-08T15:58:39.243+01:00 INFO : 1 points above threshold
2026-09-08T15:58:39.249+01:00 INFO : 335: generating IMRPhenomD from 30.0 Hz
2026-09-08T15:58:39.251+01:00 INFO : Decompressing waveform using inline_linear
2026-09-08T15:58:39.256+01:00 INFO : Filtering template 336/384 segment 1/5
2026-09-08T15:58:39.276+01:00 INFO : 3 points above threshold
2026-09-08T15:58:39.297+01:00 INFO : Filtering template 336/384 segment 2/5
2026-09-08T15:58:39.314+01:00 INFO : Filtering template 336/384 segment 3/5
2026-09-08T15:58:39.332+01:00 INFO : Filtering template 336/384 segment 4/5
2026-09-08T15:58:39.350+01:00 INFO : 1 points above threshold
2026-09-08T15:58:39.355+01:00 INFO : Filtering template 336/384 segment 5/5
2026-09-08T15:58:39.373+01:00 INFO : 336: generating IMRPhenomD from 30.0 Hz
2026-09-08T15:58:39.375+01:00 INFO : Decompressing waveform using inline_linear
2026-09-08T15:58:39.380+01:00 INFO : Filtering template 337/384 segment 1/5
2026-09-08T15:58:39.400+01:00 INFO : Filtering template 337/384 segment 2/5
2026-09-08T15:58:39.417+01:00 INFO : 1 points above threshold
2026-09-08T15:58:39.434+01:00 INFO : Filtering template 337/384 segment 3/5
2026-09-08T15:58:39.452+01:00 INFO : Filtering template 337/384 segment 4/5
2026-09-08T15:58:39.469+01:00 INFO : 2 points above threshold
2026-09-08T15:58:39.476+01:00 INFO : Filtering template 337/384 segment 5/5
2026-09-08T15:58:39.494+01:00 INFO : 337: generating IMRPhenomD from 30.0 Hz
2026-09-08T15:58:39.497+01:00 INFO : Decompressing waveform using inline_linear
2026-09-08T15:58:39.502+01:00 INFO : Filtering template 338/384 segment 1/5
2026-09-08T15:58:39.521+01:00 INFO : 1 points above threshold
2026-09-08T15:58:39.536+01:00 INFO : Filtering template 338/384 segment 2/5
2026-09-08T15:58:39.554+01:00 INFO : 2 points above threshold
2026-09-08T15:58:39.561+01:00 INFO : Filtering template 338/384 segment 3/5
2026-09-08T15:58:39.579+01:00 INFO : 1 points above threshold
2026-09-08T15:58:39.585+01:00 INFO : Filtering template 338/384 segment 4/5
2026-09-08T15:58:39.602+01:00 INFO : Filtering template 338/384 segment 5/5
2026-09-08T15:58:39.620+01:00 INFO : 2 points above threshold
2026-09-08T15:58:39.627+01:00 INFO : 338: generating IMRPhenomD from 30.0 Hz
2026-09-08T15:58:39.630+01:00 INFO : Decompressing waveform using inline_linear
2026-09-08T15:58:39.635+01:00 INFO : Filtering template 339/384 segment 1/5
2026-09-08T15:58:39.654+01:00 INFO : 1 points above threshold
2026-09-08T15:58:39.670+01:00 INFO : Filtering template 339/384 segment 2/5
2026-09-08T15:58:39.688+01:00 INFO : 1 points above threshold
2026-09-08T15:58:39.693+01:00 INFO : Filtering template 339/384 segment 3/5
2026-09-08T15:58:39.710+01:00 INFO : 1 points above threshold
2026-09-08T15:58:39.716+01:00 INFO : Filtering template 339/384 segment 4/5
2026-09-08T15:58:39.734+01:00 INFO : Filtering template 339/384 segment 5/5
2026-09-08T15:58:39.753+01:00 INFO : 2 points above threshold
2026-09-08T15:58:39.761+01:00 INFO : 339: generating IMRPhenomD from 30.0 Hz
2026-09-08T15:58:39.764+01:00 INFO : Decompressing waveform using inline_linear
2026-09-08T15:58:39.768+01:00 INFO : Filtering template 340/384 segment 1/5
2026-09-08T15:58:39.790+01:00 INFO : 1 points above threshold
2026-09-08T15:58:39.806+01:00 INFO : Filtering template 340/384 segment 2/5
2026-09-08T15:58:39.826+01:00 INFO : Filtering template 340/384 segment 3/5
2026-09-08T15:58:39.844+01:00 INFO : Filtering template 340/384 segment 4/5
2026-09-08T15:58:39.862+01:00 INFO : Filtering template 340/384 segment 5/5
2026-09-08T15:58:39.880+01:00 INFO : 1 points above threshold
2026-09-08T15:58:39.885+01:00 INFO : 340: generating IMRPhenomD from 30.0 Hz
2026-09-08T15:58:39.888+01:00 INFO : Decompressing waveform using inline_linear
2026-09-08T15:58:39.893+01:00 INFO : Filtering template 341/384 segment 1/5
2026-09-08T15:58:39.912+01:00 INFO : 2 points above threshold
2026-09-08T15:58:39.930+01:00 INFO : Filtering template 341/384 segment 2/5
2026-09-08T15:58:39.947+01:00 INFO : 1 points above threshold
2026-09-08T15:58:39.952+01:00 INFO : Filtering template 341/384 segment 3/5
2026-09-08T15:58:39.970+01:00 INFO : 2 points above threshold
2026-09-08T15:58:39.977+01:00 INFO : Filtering template 341/384 segment 4/5
2026-09-08T15:58:39.994+01:00 INFO : 1 points above threshold
2026-09-08T15:58:40.000+01:00 INFO : Filtering template 341/384 segment 5/5
2026-09-08T15:58:40.018+01:00 INFO : 2 points above threshold
2026-09-08T15:58:40.025+01:00 INFO : 341: generating IMRPhenomD from 30.0 Hz
2026-09-08T15:58:40.028+01:00 INFO : Decompressing waveform using inline_linear
2026-09-08T15:58:40.033+01:00 INFO : Filtering template 342/384 segment 1/5
2026-09-08T15:58:40.053+01:00 INFO : 2 points above threshold
2026-09-08T15:58:40.070+01:00 INFO : Filtering template 342/384 segment 2/5
2026-09-08T15:58:40.087+01:00 INFO : 2 points above threshold
2026-09-08T15:58:40.094+01:00 INFO : Filtering template 342/384 segment 3/5
2026-09-08T15:58:40.112+01:00 INFO : 1 points above threshold
2026-09-08T15:58:40.117+01:00 INFO : Filtering template 342/384 segment 4/5
2026-09-08T15:58:40.135+01:00 INFO : 2 points above threshold
2026-09-08T15:58:40.142+01:00 INFO : Filtering template 342/384 segment 5/5
2026-09-08T15:58:40.159+01:00 INFO : 1 points above threshold
2026-09-08T15:58:40.168+01:00 INFO : 342: generating IMRPhenomD from 30.0 Hz
2026-09-08T15:58:40.170+01:00 INFO : Decompressing waveform using inline_linear
2026-09-08T15:58:40.175+01:00 INFO : Filtering template 343/384 segment 1/5
2026-09-08T15:58:40.195+01:00 INFO : Filtering template 343/384 segment 2/5
2026-09-08T15:58:40.213+01:00 INFO : 1 points above threshold
2026-09-08T15:58:40.228+01:00 INFO : Filtering template 343/384 segment 3/5
2026-09-08T15:58:40.246+01:00 INFO : Filtering template 343/384 segment 4/5
2026-09-08T15:58:40.263+01:00 INFO : Filtering template 343/384 segment 5/5
2026-09-08T15:58:40.281+01:00 INFO : 343: generating IMRPhenomD from 30.0 Hz
2026-09-08T15:58:40.284+01:00 INFO : Decompressing waveform using inline_linear
2026-09-08T15:58:40.289+01:00 INFO : Filtering template 344/384 segment 1/5
2026-09-08T15:58:40.309+01:00 INFO : 1 points above threshold
2026-09-08T15:58:40.324+01:00 INFO : Filtering template 344/384 segment 2/5
2026-09-08T15:58:40.341+01:00 INFO : 1 points above threshold
2026-09-08T15:58:40.347+01:00 INFO : Filtering template 344/384 segment 3/5
2026-09-08T15:58:40.364+01:00 INFO : 1 points above threshold
2026-09-08T15:58:40.369+01:00 INFO : Filtering template 344/384 segment 4/5
2026-09-08T15:58:40.387+01:00 INFO : 1 points above threshold
2026-09-08T15:58:40.392+01:00 INFO : Filtering template 344/384 segment 5/5
2026-09-08T15:58:40.409+01:00 INFO : 1 points above threshold
2026-09-08T15:58:40.415+01:00 INFO : 344: generating IMRPhenomD from 30.0 Hz
2026-09-08T15:58:40.417+01:00 INFO : Decompressing waveform using inline_linear
2026-09-08T15:58:40.422+01:00 INFO : Filtering template 345/384 segment 1/5
2026-09-08T15:58:40.442+01:00 INFO : 1 points above threshold
2026-09-08T15:58:40.457+01:00 INFO : Filtering template 345/384 segment 2/5
2026-09-08T15:58:40.475+01:00 INFO : 2 points above threshold
2026-09-08T15:58:40.482+01:00 INFO : Filtering template 345/384 segment 3/5
2026-09-08T15:58:40.499+01:00 INFO : 4 points above threshold
2026-09-08T15:58:40.508+01:00 INFO : Filtering template 345/384 segment 4/5
2026-09-08T15:58:40.526+01:00 INFO : 1 points above threshold
2026-09-08T15:58:40.531+01:00 INFO : Filtering template 345/384 segment 5/5
2026-09-08T15:58:40.548+01:00 INFO : 1 points above threshold
2026-09-08T15:58:40.554+01:00 INFO : 345: generating IMRPhenomD from 30.0 Hz
2026-09-08T15:58:40.556+01:00 INFO : Decompressing waveform using inline_linear
2026-09-08T15:58:40.561+01:00 INFO : Filtering template 346/384 segment 1/5
2026-09-08T15:58:40.581+01:00 INFO : 1 points above threshold
2026-09-08T15:58:40.596+01:00 INFO : Filtering template 346/384 segment 2/5
2026-09-08T15:58:40.613+01:00 INFO : Filtering template 346/384 segment 3/5
2026-09-08T15:58:40.631+01:00 INFO : 1 points above threshold
2026-09-08T15:58:40.636+01:00 INFO : Filtering template 346/384 segment 4/5
2026-09-08T15:58:40.654+01:00 INFO : 3 points above threshold
2026-09-08T15:58:40.663+01:00 INFO : Filtering template 346/384 segment 5/5
2026-09-08T15:58:40.681+01:00 INFO : 1 points above threshold
2026-09-08T15:58:40.686+01:00 INFO : 346: generating IMRPhenomD from 30.0 Hz
2026-09-08T15:58:40.707+01:00 INFO : Decompressing waveform using inline_linear
2026-09-08T15:58:40.712+01:00 INFO : Filtering template 347/384 segment 1/5
2026-09-08T15:58:40.740+01:00 INFO : 2 points above threshold
2026-09-08T15:58:40.761+01:00 INFO : Filtering template 347/384 segment 2/5
2026-09-08T15:58:40.779+01:00 INFO : Filtering template 347/384 segment 3/5
2026-09-08T15:58:40.797+01:00 INFO : 2 points above threshold
2026-09-08T15:58:40.804+01:00 INFO : Filtering template 347/384 segment 4/5
2026-09-08T15:58:40.821+01:00 INFO : 4 points above threshold
2026-09-08T15:58:40.830+01:00 INFO : Filtering template 347/384 segment 5/5
2026-09-08T15:58:40.848+01:00 INFO : 347: generating IMRPhenomD from 30.0 Hz
2026-09-08T15:58:40.851+01:00 INFO : Decompressing waveform using inline_linear
2026-09-08T15:58:40.856+01:00 INFO : Filtering template 348/384 segment 1/5
2026-09-08T15:58:40.875+01:00 INFO : 2 points above threshold
2026-09-08T15:58:40.894+01:00 INFO : Filtering template 348/384 segment 2/5
2026-09-08T15:58:40.912+01:00 INFO : Filtering template 348/384 segment 3/5
2026-09-08T15:58:40.929+01:00 INFO : 3 points above threshold
2026-09-08T15:58:40.938+01:00 INFO : Filtering template 348/384 segment 4/5
2026-09-08T15:58:40.956+01:00 INFO : 4 points above threshold
2026-09-08T15:58:40.964+01:00 INFO : Filtering template 348/384 segment 5/5
2026-09-08T15:58:40.982+01:00 INFO : 348: generating IMRPhenomD from 30.0 Hz
2026-09-08T15:58:40.985+01:00 INFO : Decompressing waveform using inline_linear
2026-09-08T15:58:40.990+01:00 INFO : Filtering template 349/384 segment 1/5
2026-09-08T15:58:41.010+01:00 INFO : 2 points above threshold
2026-09-08T15:58:41.027+01:00 INFO : Filtering template 349/384 segment 2/5
2026-09-08T15:58:41.045+01:00 INFO : 1 points above threshold
2026-09-08T15:58:41.050+01:00 INFO : Filtering template 349/384 segment 3/5
2026-09-08T15:58:41.067+01:00 INFO : Filtering template 349/384 segment 4/5
2026-09-08T15:58:41.085+01:00 INFO : 5 points above threshold
2026-09-08T15:58:41.097+01:00 INFO : Filtering template 349/384 segment 5/5
2026-09-08T15:58:41.114+01:00 INFO : 1 points above threshold
2026-09-08T15:58:41.119+01:00 INFO : 349: generating IMRPhenomD from 30.0 Hz
2026-09-08T15:58:41.122+01:00 INFO : Decompressing waveform using inline_linear
2026-09-08T15:58:41.127+01:00 INFO : Filtering template 350/384 segment 1/5
2026-09-08T15:58:41.147+01:00 INFO : 2 points above threshold
2026-09-08T15:58:41.164+01:00 INFO : Filtering template 350/384 segment 2/5
2026-09-08T15:58:41.181+01:00 INFO : 1 points above threshold
2026-09-08T15:58:41.186+01:00 INFO : Filtering template 350/384 segment 3/5
2026-09-08T15:58:41.204+01:00 INFO : 1 points above threshold
2026-09-08T15:58:41.209+01:00 INFO : Filtering template 350/384 segment 4/5
2026-09-08T15:58:41.227+01:00 INFO : Filtering template 350/384 segment 5/5
2026-09-08T15:58:41.245+01:00 INFO : 5 points above threshold
2026-09-08T15:58:41.256+01:00 INFO : 350: generating IMRPhenomD from 30.0 Hz
2026-09-08T15:58:41.259+01:00 INFO : Decompressing waveform using inline_linear
2026-09-08T15:58:41.264+01:00 INFO : Filtering template 351/384 segment 1/5
2026-09-08T15:58:41.284+01:00 INFO : 1 points above threshold
2026-09-08T15:58:41.299+01:00 INFO : Filtering template 351/384 segment 2/5
2026-09-08T15:58:41.316+01:00 INFO : Filtering template 351/384 segment 3/5
2026-09-08T15:58:41.334+01:00 INFO : Filtering template 351/384 segment 4/5
2026-09-08T15:58:41.352+01:00 INFO : 2 points above threshold
2026-09-08T15:58:41.359+01:00 INFO : Filtering template 351/384 segment 5/5
2026-09-08T15:58:41.377+01:00 INFO : 351: generating IMRPhenomD from 30.0 Hz
2026-09-08T15:58:41.379+01:00 INFO : Decompressing waveform using inline_linear
2026-09-08T15:58:41.384+01:00 INFO : Filtering template 352/384 segment 1/5
2026-09-08T15:58:41.404+01:00 INFO : Filtering template 352/384 segment 2/5
2026-09-08T15:58:41.422+01:00 INFO : Filtering template 352/384 segment 3/5
2026-09-08T15:58:41.439+01:00 INFO : Filtering template 352/384 segment 4/5
2026-09-08T15:58:41.457+01:00 INFO : 1 points above threshold
2026-09-08T15:58:41.472+01:00 INFO : Filtering template 352/384 segment 5/5
2026-09-08T15:58:41.490+01:00 INFO : 1 points above threshold
2026-09-08T15:58:41.495+01:00 INFO : 352: generating IMRPhenomD from 30.0 Hz
2026-09-08T15:58:41.498+01:00 INFO : Decompressing waveform using inline_linear
2026-09-08T15:58:41.502+01:00 INFO : Filtering template 353/384 segment 1/5
2026-09-08T15:58:41.522+01:00 INFO : 1 points above threshold
2026-09-08T15:58:41.539+01:00 INFO : Filtering template 353/384 segment 2/5
2026-09-08T15:58:41.556+01:00 INFO : 2 points above threshold
2026-09-08T15:58:41.563+01:00 INFO : Filtering template 353/384 segment 3/5
2026-09-08T15:58:41.581+01:00 INFO : 2 points above threshold
2026-09-08T15:58:41.588+01:00 INFO : Filtering template 353/384 segment 4/5
2026-09-08T15:58:41.606+01:00 INFO : 1 points above threshold
2026-09-08T15:58:41.611+01:00 INFO : Filtering template 353/384 segment 5/5
2026-09-08T15:58:41.629+01:00 INFO : 353: generating IMRPhenomD from 30.0 Hz
2026-09-08T15:58:41.631+01:00 INFO : Decompressing waveform using inline_linear
2026-09-08T15:58:41.636+01:00 INFO : Filtering template 354/384 segment 1/5
2026-09-08T15:58:41.656+01:00 INFO : 4 points above threshold
2026-09-08T15:58:41.676+01:00 INFO : Filtering template 354/384 segment 2/5
2026-09-08T15:58:41.693+01:00 INFO : 1 points above threshold
2026-09-08T15:58:41.699+01:00 INFO : Filtering template 354/384 segment 3/5
2026-09-08T15:58:41.716+01:00 INFO : Filtering template 354/384 segment 4/5
2026-09-08T15:58:41.734+01:00 INFO : Filtering template 354/384 segment 5/5
2026-09-08T15:58:41.751+01:00 INFO : 1 points above threshold
2026-09-08T15:58:41.757+01:00 INFO : 354: generating IMRPhenomD from 30.0 Hz
2026-09-08T15:58:41.759+01:00 INFO : Decompressing waveform using inline_linear
2026-09-08T15:58:41.764+01:00 INFO : Filtering template 355/384 segment 1/5
2026-09-08T15:58:41.784+01:00 INFO : Filtering template 355/384 segment 2/5
2026-09-08T15:58:41.802+01:00 INFO : Filtering template 355/384 segment 3/5
2026-09-08T15:58:41.819+01:00 INFO : 1 points above threshold
2026-09-08T15:58:41.836+01:00 INFO : Filtering template 355/384 segment 4/5
2026-09-08T15:58:41.853+01:00 INFO : Filtering template 355/384 segment 5/5
2026-09-08T15:58:41.871+01:00 INFO : 2 points above threshold
2026-09-08T15:58:41.878+01:00 INFO : 355: generating IMRPhenomD from 30.0 Hz
2026-09-08T15:58:41.881+01:00 INFO : Decompressing waveform using inline_linear
2026-09-08T15:58:41.886+01:00 INFO : Filtering template 356/384 segment 1/5
2026-09-08T15:58:41.906+01:00 INFO : 1 points above threshold
2026-09-08T15:58:41.922+01:00 INFO : Filtering template 356/384 segment 2/5
2026-09-08T15:58:41.940+01:00 INFO : 2 points above threshold
2026-09-08T15:58:41.947+01:00 INFO : Filtering template 356/384 segment 3/5
2026-09-08T15:58:41.964+01:00 INFO : 2 points above threshold
2026-09-08T15:58:41.972+01:00 INFO : Filtering template 356/384 segment 4/5
2026-09-08T15:58:41.989+01:00 INFO : 2 points above threshold
2026-09-08T15:58:41.996+01:00 INFO : Filtering template 356/384 segment 5/5
2026-09-08T15:58:42.014+01:00 INFO : 1 points above threshold
2026-09-08T15:58:42.019+01:00 INFO : 356: generating IMRPhenomD from 30.0 Hz
2026-09-08T15:58:42.022+01:00 INFO : Decompressing waveform using inline_linear
2026-09-08T15:58:42.026+01:00 INFO : Filtering template 357/384 segment 1/5
2026-09-08T15:58:42.046+01:00 INFO : 2 points above threshold
2026-09-08T15:58:42.064+01:00 INFO : Filtering template 357/384 segment 2/5
2026-09-08T15:58:42.081+01:00 INFO : Filtering template 357/384 segment 3/5
2026-09-08T15:58:42.099+01:00 INFO : 4 points above threshold
2026-09-08T15:58:42.107+01:00 INFO : Filtering template 357/384 segment 4/5
2026-09-08T15:58:42.125+01:00 INFO : 1 points above threshold
2026-09-08T15:58:42.131+01:00 INFO : Filtering template 357/384 segment 5/5
2026-09-08T15:58:42.148+01:00 INFO : 357: generating IMRPhenomD from 30.0 Hz
2026-09-08T15:58:42.151+01:00 INFO : Decompressing waveform using inline_linear
2026-09-08T15:58:42.156+01:00 INFO : Filtering template 358/384 segment 1/5
2026-09-08T15:58:42.176+01:00 INFO : 2 points above threshold
2026-09-08T15:58:42.193+01:00 INFO : Filtering template 358/384 segment 2/5
2026-09-08T15:58:42.210+01:00 INFO : 2 points above threshold
2026-09-08T15:58:42.217+01:00 INFO : Filtering template 358/384 segment 3/5
2026-09-08T15:58:42.235+01:00 INFO : Filtering template 358/384 segment 4/5
2026-09-08T15:58:42.253+01:00 INFO : 1 points above threshold
2026-09-08T15:58:42.258+01:00 INFO : Filtering template 358/384 segment 5/5
2026-09-08T15:58:42.276+01:00 INFO : 358: generating IMRPhenomD from 30.0 Hz
2026-09-08T15:58:42.279+01:00 INFO : Decompressing waveform using inline_linear
2026-09-08T15:58:42.283+01:00 INFO : Filtering template 359/384 segment 1/5
2026-09-08T15:58:42.303+01:00 INFO : 2 points above threshold
2026-09-08T15:58:42.320+01:00 INFO : Filtering template 359/384 segment 2/5
2026-09-08T15:58:42.338+01:00 INFO : 2 points above threshold
2026-09-08T15:58:42.345+01:00 INFO : Filtering template 359/384 segment 3/5
2026-09-08T15:58:42.363+01:00 INFO : Filtering template 359/384 segment 4/5
2026-09-08T15:58:42.380+01:00 INFO : 1 points above threshold
2026-09-08T15:58:42.385+01:00 INFO : Filtering template 359/384 segment 5/5
2026-09-08T15:58:42.403+01:00 INFO : 2 points above threshold
2026-09-08T15:58:42.410+01:00 INFO : 359: generating IMRPhenomD from 30.0 Hz
2026-09-08T15:58:42.413+01:00 INFO : Decompressing waveform using inline_linear
2026-09-08T15:58:42.418+01:00 INFO : Filtering template 360/384 segment 1/5
2026-09-08T15:58:42.438+01:00 INFO : Filtering template 360/384 segment 2/5
2026-09-08T15:58:42.455+01:00 INFO : Filtering template 360/384 segment 3/5
2026-09-08T15:58:42.473+01:00 INFO : 2 points above threshold
2026-09-08T15:58:42.490+01:00 INFO : Filtering template 360/384 segment 4/5
2026-09-08T15:58:42.508+01:00 INFO : Filtering template 360/384 segment 5/5
2026-09-08T15:58:42.526+01:00 INFO : 2 points above threshold
2026-09-08T15:58:42.533+01:00 INFO : 360: generating IMRPhenomD from 30.0 Hz
2026-09-08T15:58:42.536+01:00 INFO : Decompressing waveform using inline_linear
2026-09-08T15:58:42.540+01:00 INFO : Filtering template 361/384 segment 1/5
2026-09-08T15:58:42.560+01:00 INFO : 1 points above threshold
2026-09-08T15:58:42.575+01:00 INFO : Filtering template 361/384 segment 2/5
2026-09-08T15:58:42.593+01:00 INFO : 1 points above threshold
2026-09-08T15:58:42.598+01:00 INFO : Filtering template 361/384 segment 3/5
2026-09-08T15:58:42.616+01:00 INFO : 1 points above threshold
2026-09-08T15:58:42.621+01:00 INFO : Filtering template 361/384 segment 4/5
2026-09-08T15:58:42.638+01:00 INFO : 1 points above threshold
2026-09-08T15:58:42.644+01:00 INFO : Filtering template 361/384 segment 5/5
2026-09-08T15:58:42.661+01:00 INFO : 361: generating IMRPhenomD from 30.0 Hz
2026-09-08T15:58:42.664+01:00 INFO : Decompressing waveform using inline_linear
2026-09-08T15:58:42.669+01:00 INFO : Filtering template 362/384 segment 1/5
2026-09-08T15:58:42.689+01:00 INFO : 1 points above threshold
2026-09-08T15:58:42.704+01:00 INFO : Filtering template 362/384 segment 2/5
2026-09-08T15:58:42.722+01:00 INFO : 2 points above threshold
2026-09-08T15:58:42.729+01:00 INFO : Filtering template 362/384 segment 3/5
2026-09-08T15:58:42.746+01:00 INFO : 1 points above threshold
2026-09-08T15:58:42.751+01:00 INFO : Filtering template 362/384 segment 4/5
2026-09-08T15:58:42.769+01:00 INFO : Filtering template 362/384 segment 5/5
2026-09-08T15:58:42.786+01:00 INFO : 1 points above threshold
2026-09-08T15:58:42.792+01:00 INFO : 362: generating IMRPhenomD from 30.0 Hz
2026-09-08T15:58:42.794+01:00 INFO : Decompressing waveform using inline_linear
2026-09-08T15:58:42.799+01:00 INFO : Filtering template 363/384 segment 1/5
2026-09-08T15:58:42.819+01:00 INFO : 3 points above threshold
2026-09-08T15:58:42.838+01:00 INFO : Filtering template 363/384 segment 2/5
2026-09-08T15:58:42.856+01:00 INFO : Filtering template 363/384 segment 3/5
2026-09-08T15:58:42.873+01:00 INFO : 1 points above threshold
2026-09-08T15:58:42.879+01:00 INFO : Filtering template 363/384 segment 4/5
2026-09-08T15:58:42.896+01:00 INFO : 1 points above threshold
2026-09-08T15:58:42.901+01:00 INFO : Filtering template 363/384 segment 5/5
2026-09-08T15:58:42.919+01:00 INFO : 1 points above threshold
2026-09-08T15:58:42.924+01:00 INFO : 363: generating IMRPhenomD from 30.0 Hz
2026-09-08T15:58:42.927+01:00 INFO : Decompressing waveform using inline_linear
2026-09-08T15:58:42.932+01:00 INFO : Filtering template 364/384 segment 1/5
2026-09-08T15:58:42.951+01:00 INFO : Filtering template 364/384 segment 2/5
2026-09-08T15:58:42.969+01:00 INFO : 1 points above threshold
2026-09-08T15:58:42.984+01:00 INFO : Filtering template 364/384 segment 3/5
2026-09-08T15:58:43.002+01:00 INFO : Filtering template 364/384 segment 4/5
2026-09-08T15:58:43.020+01:00 INFO : 2 points above threshold
2026-09-08T15:58:43.027+01:00 INFO : Filtering template 364/384 segment 5/5
2026-09-08T15:58:43.044+01:00 INFO : 1 points above threshold
2026-09-08T15:58:43.049+01:00 INFO : 364: generating IMRPhenomD from 30.0 Hz
2026-09-08T15:58:43.052+01:00 INFO : Decompressing waveform using inline_linear
2026-09-08T15:58:43.057+01:00 INFO : Filtering template 365/384 segment 1/5
2026-09-08T15:58:43.077+01:00 INFO : Filtering template 365/384 segment 2/5
2026-09-08T15:58:43.095+01:00 INFO : 2 points above threshold
2026-09-08T15:58:43.112+01:00 INFO : Filtering template 365/384 segment 3/5
2026-09-08T15:58:43.129+01:00 INFO : Filtering template 365/384 segment 4/5
2026-09-08T15:58:43.147+01:00 INFO : 2 points above threshold
2026-09-08T15:58:43.154+01:00 INFO : Filtering template 365/384 segment 5/5
2026-09-08T15:58:43.172+01:00 INFO : 1 points above threshold
2026-09-08T15:58:43.177+01:00 INFO : 365: generating IMRPhenomD from 30.0 Hz
2026-09-08T15:58:43.180+01:00 INFO : Decompressing waveform using inline_linear
2026-09-08T15:58:43.184+01:00 INFO : Filtering template 366/384 segment 1/5
2026-09-08T15:58:43.204+01:00 INFO : 1 points above threshold
2026-09-08T15:58:43.219+01:00 INFO : Filtering template 366/384 segment 2/5
2026-09-08T15:58:43.237+01:00 INFO : 1 points above threshold
2026-09-08T15:58:43.242+01:00 INFO : Filtering template 366/384 segment 3/5
2026-09-08T15:58:43.259+01:00 INFO : 1 points above threshold
2026-09-08T15:58:43.265+01:00 INFO : Filtering template 366/384 segment 4/5
2026-09-08T15:58:43.282+01:00 INFO : 2 points above threshold
2026-09-08T15:58:43.289+01:00 INFO : Filtering template 366/384 segment 5/5
2026-09-08T15:58:43.307+01:00 INFO : 366: generating IMRPhenomD from 30.0 Hz
2026-09-08T15:58:43.310+01:00 INFO : Decompressing waveform using inline_linear
2026-09-08T15:58:43.314+01:00 INFO : Filtering template 367/384 segment 1/5
2026-09-08T15:58:43.334+01:00 INFO : 2 points above threshold
2026-09-08T15:58:43.351+01:00 INFO : Filtering template 367/384 segment 2/5
2026-09-08T15:58:43.369+01:00 INFO : Filtering template 367/384 segment 3/5
2026-09-08T15:58:43.387+01:00 INFO : Filtering template 367/384 segment 4/5
2026-09-08T15:58:43.404+01:00 INFO : 1 points above threshold
2026-09-08T15:58:43.409+01:00 INFO : Filtering template 367/384 segment 5/5
2026-09-08T15:58:43.427+01:00 INFO : 3 points above threshold
2026-09-08T15:58:43.436+01:00 INFO : 367: generating IMRPhenomD from 30.0 Hz
2026-09-08T15:58:43.439+01:00 INFO : Decompressing waveform using inline_linear
2026-09-08T15:58:43.444+01:00 INFO : Filtering template 368/384 segment 1/5
2026-09-08T15:58:43.464+01:00 INFO : 2 points above threshold
2026-09-08T15:58:43.481+01:00 INFO : Filtering template 368/384 segment 2/5
2026-09-08T15:58:43.498+01:00 INFO : Filtering template 368/384 segment 3/5
2026-09-08T15:58:43.516+01:00 INFO : Filtering template 368/384 segment 4/5
2026-09-08T15:58:43.534+01:00 INFO : 1 points above threshold
2026-09-08T15:58:43.539+01:00 INFO : Filtering template 368/384 segment 5/5
2026-09-08T15:58:43.557+01:00 INFO : 368: generating IMRPhenomD from 30.0 Hz
2026-09-08T15:58:43.560+01:00 INFO : Decompressing waveform using inline_linear
2026-09-08T15:58:43.564+01:00 INFO : Filtering template 369/384 segment 1/5
2026-09-08T15:58:43.584+01:00 INFO : 1 points above threshold
2026-09-08T15:58:43.599+01:00 INFO : Filtering template 369/384 segment 2/5
2026-09-08T15:58:43.617+01:00 INFO : Filtering template 369/384 segment 3/5
2026-09-08T15:58:43.635+01:00 INFO : 1 points above threshold
2026-09-08T15:58:43.640+01:00 INFO : Filtering template 369/384 segment 4/5
2026-09-08T15:58:43.657+01:00 INFO : 2 points above threshold
2026-09-08T15:58:43.664+01:00 INFO : Filtering template 369/384 segment 5/5
2026-09-08T15:58:43.682+01:00 INFO : 2 points above threshold
2026-09-08T15:58:43.689+01:00 INFO : 369: generating IMRPhenomD from 30.0 Hz
2026-09-08T15:58:43.692+01:00 INFO : Decompressing waveform using inline_linear
2026-09-08T15:58:43.697+01:00 INFO : Filtering template 370/384 segment 1/5
2026-09-08T15:58:43.716+01:00 INFO : Filtering template 370/384 segment 2/5
2026-09-08T15:58:43.734+01:00 INFO : 2 points above threshold
2026-09-08T15:58:43.751+01:00 INFO : Filtering template 370/384 segment 3/5
2026-09-08T15:58:43.769+01:00 INFO : 2 points above threshold
2026-09-08T15:58:43.776+01:00 INFO : Filtering template 370/384 segment 4/5
2026-09-08T15:58:43.793+01:00 INFO : 2 points above threshold
2026-09-08T15:58:43.800+01:00 INFO : Filtering template 370/384 segment 5/5
2026-09-08T15:58:43.818+01:00 INFO : 370: generating IMRPhenomD from 30.0 Hz
2026-09-08T15:58:43.821+01:00 INFO : Decompressing waveform using inline_linear
2026-09-08T15:58:43.826+01:00 INFO : Filtering template 371/384 segment 1/5
2026-09-08T15:58:43.845+01:00 INFO : 1 points above threshold
2026-09-08T15:58:43.861+01:00 INFO : Filtering template 371/384 segment 2/5
2026-09-08T15:58:43.879+01:00 INFO : Filtering template 371/384 segment 3/5
2026-09-08T15:58:43.896+01:00 INFO : 1 points above threshold
2026-09-08T15:58:43.902+01:00 INFO : Filtering template 371/384 segment 4/5
2026-09-08T15:58:43.919+01:00 INFO : Filtering template 371/384 segment 5/5
2026-09-08T15:58:43.937+01:00 INFO : 1 points above threshold
2026-09-08T15:58:43.942+01:00 INFO : 371: generating IMRPhenomD from 30.0 Hz
2026-09-08T15:58:43.945+01:00 INFO : Decompressing waveform using inline_linear
2026-09-08T15:58:43.950+01:00 INFO : Filtering template 372/384 segment 1/5
2026-09-08T15:58:43.970+01:00 INFO : 1 points above threshold
2026-09-08T15:58:43.985+01:00 INFO : Filtering template 372/384 segment 2/5
2026-09-08T15:58:44.003+01:00 INFO : 3 points above threshold
2026-09-08T15:58:44.012+01:00 INFO : Filtering template 372/384 segment 3/5
2026-09-08T15:58:44.029+01:00 INFO : 1 points above threshold
2026-09-08T15:58:44.035+01:00 INFO : Filtering template 372/384 segment 4/5
2026-09-08T15:58:44.052+01:00 INFO : Filtering template 372/384 segment 5/5
2026-09-08T15:58:44.070+01:00 INFO : 372: generating IMRPhenomD from 30.0 Hz
2026-09-08T15:58:44.073+01:00 INFO : Decompressing waveform using inline_linear
2026-09-08T15:58:44.078+01:00 INFO : Filtering template 373/384 segment 1/5
2026-09-08T15:58:44.098+01:00 INFO : 3 points above threshold
2026-09-08T15:58:44.118+01:00 INFO : Filtering template 373/384 segment 2/5
2026-09-08T15:58:44.135+01:00 INFO : 1 points above threshold
2026-09-08T15:58:44.141+01:00 INFO : Filtering template 373/384 segment 3/5
2026-09-08T15:58:44.158+01:00 INFO : 2 points above threshold
2026-09-08T15:58:44.165+01:00 INFO : Filtering template 373/384 segment 4/5
2026-09-08T15:58:44.183+01:00 INFO : Filtering template 373/384 segment 5/5
2026-09-08T15:58:44.201+01:00 INFO : 1 points above threshold
2026-09-08T15:58:44.206+01:00 INFO : 373: generating IMRPhenomD from 30.0 Hz
2026-09-08T15:58:44.209+01:00 INFO : Decompressing waveform using inline_linear
2026-09-08T15:58:44.213+01:00 INFO : Filtering template 374/384 segment 1/5
2026-09-08T15:58:44.233+01:00 INFO : Filtering template 374/384 segment 2/5
2026-09-08T15:58:44.251+01:00 INFO : Filtering template 374/384 segment 3/5
2026-09-08T15:58:44.269+01:00 INFO : 2 points above threshold
2026-09-08T15:58:44.286+01:00 INFO : Filtering template 374/384 segment 4/5
2026-09-08T15:58:44.303+01:00 INFO : Filtering template 374/384 segment 5/5
2026-09-08T15:58:44.321+01:00 INFO : 1 points above threshold
2026-09-08T15:58:44.326+01:00 INFO : 374: generating IMRPhenomD from 30.0 Hz
2026-09-08T15:58:44.329+01:00 INFO : Decompressing waveform using inline_linear
2026-09-08T15:58:44.334+01:00 INFO : Filtering template 375/384 segment 1/5
2026-09-08T15:58:44.354+01:00 INFO : 1 points above threshold
2026-09-08T15:58:44.369+01:00 INFO : Filtering template 375/384 segment 2/5
2026-09-08T15:58:44.387+01:00 INFO : Filtering template 375/384 segment 3/5
2026-09-08T15:58:44.405+01:00 INFO : 1 points above threshold
2026-09-08T15:58:44.410+01:00 INFO : Filtering template 375/384 segment 4/5
2026-09-08T15:58:44.427+01:00 INFO : 3 points above threshold
2026-09-08T15:58:44.437+01:00 INFO : Filtering template 375/384 segment 5/5
2026-09-08T15:58:44.454+01:00 INFO : 1 points above threshold
2026-09-08T15:58:44.460+01:00 INFO : 375: generating IMRPhenomD from 30.0 Hz
2026-09-08T15:58:44.462+01:00 INFO : Decompressing waveform using inline_linear
2026-09-08T15:58:44.467+01:00 INFO : Filtering template 376/384 segment 1/5
2026-09-08T15:58:44.487+01:00 INFO : Filtering template 376/384 segment 2/5
2026-09-08T15:58:44.505+01:00 INFO : Filtering template 376/384 segment 3/5
2026-09-08T15:58:44.523+01:00 INFO : Filtering template 376/384 segment 4/5
2026-09-08T15:58:44.540+01:00 INFO : 1 points above threshold
2026-09-08T15:58:44.555+01:00 INFO : Filtering template 376/384 segment 5/5
2026-09-08T15:58:44.573+01:00 INFO : 1 points above threshold
2026-09-08T15:58:44.578+01:00 INFO : 376: generating IMRPhenomD from 30.0 Hz
2026-09-08T15:58:44.581+01:00 INFO : Decompressing waveform using inline_linear
2026-09-08T15:58:44.586+01:00 INFO : Filtering template 377/384 segment 1/5
2026-09-08T15:58:44.606+01:00 INFO : 2 points above threshold
2026-09-08T15:58:44.623+01:00 INFO : Filtering template 377/384 segment 2/5
2026-09-08T15:58:44.640+01:00 INFO : Filtering template 377/384 segment 3/5
2026-09-08T15:58:44.658+01:00 INFO : 1 points above threshold
2026-09-08T15:58:44.663+01:00 INFO : Filtering template 377/384 segment 4/5
2026-09-08T15:58:44.681+01:00 INFO : 2 points above threshold
2026-09-08T15:58:44.688+01:00 INFO : Filtering template 377/384 segment 5/5
2026-09-08T15:58:44.706+01:00 INFO : 377: generating IMRPhenomD from 30.0 Hz
2026-09-08T15:58:44.709+01:00 INFO : Decompressing waveform using inline_linear
2026-09-08T15:58:44.713+01:00 INFO : Filtering template 378/384 segment 1/5
2026-09-08T15:58:44.733+01:00 INFO : 3 points above threshold
2026-09-08T15:58:44.752+01:00 INFO : Filtering template 378/384 segment 2/5
2026-09-08T15:58:44.770+01:00 INFO : 3 points above threshold
2026-09-08T15:58:44.779+01:00 INFO : Filtering template 378/384 segment 3/5
2026-09-08T15:58:44.797+01:00 INFO : Filtering template 378/384 segment 4/5
2026-09-08T15:58:44.814+01:00 INFO : Filtering template 378/384 segment 5/5
2026-09-08T15:58:44.833+01:00 INFO : 1 points above threshold
2026-09-08T15:58:44.839+01:00 INFO : 378: generating IMRPhenomD from 30.0 Hz
2026-09-08T15:58:44.842+01:00 INFO : Decompressing waveform using inline_linear
2026-09-08T15:58:44.846+01:00 INFO : Filtering template 379/384 segment 1/5
2026-09-08T15:58:44.867+01:00 INFO : 2 points above threshold
2026-09-08T15:58:44.885+01:00 INFO : Filtering template 379/384 segment 2/5
2026-09-08T15:58:44.904+01:00 INFO : Filtering template 379/384 segment 3/5
2026-09-08T15:58:44.924+01:00 INFO : 1 points above threshold
2026-09-08T15:58:44.929+01:00 INFO : Filtering template 379/384 segment 4/5
2026-09-08T15:58:44.947+01:00 INFO : 2 points above threshold
2026-09-08T15:58:44.954+01:00 INFO : Filtering template 379/384 segment 5/5
2026-09-08T15:58:44.972+01:00 INFO : 1 points above threshold
2026-09-08T15:58:44.977+01:00 INFO : 379: generating IMRPhenomD from 30.0 Hz
2026-09-08T15:58:44.980+01:00 INFO : Decompressing waveform using inline_linear
2026-09-08T15:58:44.985+01:00 INFO : Filtering template 380/384 segment 1/5
2026-09-08T15:58:45.005+01:00 INFO : Filtering template 380/384 segment 2/5
2026-09-08T15:58:45.022+01:00 INFO : 1 points above threshold
2026-09-08T15:58:45.037+01:00 INFO : Filtering template 380/384 segment 3/5
2026-09-08T15:58:45.055+01:00 INFO : 1 points above threshold
2026-09-08T15:58:45.060+01:00 INFO : Filtering template 380/384 segment 4/5
2026-09-08T15:58:45.078+01:00 INFO : 1 points above threshold
2026-09-08T15:58:45.083+01:00 INFO : Filtering template 380/384 segment 5/5
2026-09-08T15:58:45.101+01:00 INFO : 1 points above threshold
2026-09-08T15:58:45.106+01:00 INFO : 380: generating IMRPhenomD from 30.0 Hz
2026-09-08T15:58:45.109+01:00 INFO : Decompressing waveform using inline_linear
2026-09-08T15:58:45.113+01:00 INFO : Filtering template 381/384 segment 1/5
2026-09-08T15:58:45.133+01:00 INFO : 3 points above threshold
2026-09-08T15:58:45.152+01:00 INFO : Filtering template 381/384 segment 2/5
2026-09-08T15:58:45.170+01:00 INFO : 1 points above threshold
2026-09-08T15:58:45.175+01:00 INFO : Filtering template 381/384 segment 3/5
2026-09-08T15:58:45.193+01:00 INFO : 1 points above threshold
2026-09-08T15:58:45.198+01:00 INFO : Filtering template 381/384 segment 4/5
2026-09-08T15:58:45.215+01:00 INFO : Filtering template 381/384 segment 5/5
2026-09-08T15:58:45.233+01:00 INFO : 2 points above threshold
2026-09-08T15:58:45.240+01:00 INFO : 381: generating IMRPhenomD from 30.0 Hz
2026-09-08T15:58:45.243+01:00 INFO : Decompressing waveform using inline_linear
2026-09-08T15:58:45.248+01:00 INFO : Filtering template 382/384 segment 1/5
2026-09-08T15:58:45.267+01:00 INFO : 4 points above threshold
2026-09-08T15:58:45.286+01:00 INFO : Filtering template 382/384 segment 2/5
2026-09-08T15:58:45.304+01:00 INFO : Filtering template 382/384 segment 3/5
2026-09-08T15:58:45.321+01:00 INFO : 3 points above threshold
2026-09-08T15:58:45.331+01:00 INFO : Filtering template 382/384 segment 4/5
2026-09-08T15:58:45.348+01:00 INFO : 1 points above threshold
2026-09-08T15:58:45.353+01:00 INFO : Filtering template 382/384 segment 5/5
2026-09-08T15:58:45.371+01:00 INFO : 3 points above threshold
2026-09-08T15:58:45.380+01:00 INFO : 382: generating IMRPhenomD from 30.0 Hz
2026-09-08T15:58:45.383+01:00 INFO : Decompressing waveform using inline_linear
2026-09-08T15:58:45.388+01:00 INFO : Filtering template 383/384 segment 1/5
2026-09-08T15:58:45.407+01:00 INFO : 1 points above threshold
2026-09-08T15:58:45.423+01:00 INFO : Filtering template 383/384 segment 2/5
2026-09-08T15:58:45.440+01:00 INFO : 2 points above threshold
2026-09-08T15:58:45.447+01:00 INFO : Filtering template 383/384 segment 3/5
2026-09-08T15:58:45.465+01:00 INFO : Filtering template 383/384 segment 4/5
2026-09-08T15:58:45.483+01:00 INFO : 2 points above threshold
2026-09-08T15:58:45.490+01:00 INFO : Filtering template 383/384 segment 5/5
2026-09-08T15:58:45.507+01:00 INFO : 3 points above threshold
2026-09-08T15:58:45.517+01:00 INFO : 383: generating IMRPhenomD from 30.0 Hz
2026-09-08T15:58:45.519+01:00 INFO : Decompressing waveform using inline_linear
2026-09-08T15:58:45.524+01:00 INFO : Filtering template 384/384 segment 1/5
2026-09-08T15:58:45.544+01:00 INFO : 3 points above threshold
2026-09-08T15:58:45.563+01:00 INFO : Filtering template 384/384 segment 2/5
2026-09-08T15:58:45.581+01:00 INFO : Filtering template 384/384 segment 3/5
2026-09-08T15:58:45.598+01:00 INFO : 2 points above threshold
2026-09-08T15:58:45.605+01:00 INFO : Filtering template 384/384 segment 4/5
2026-09-08T15:58:45.623+01:00 INFO : Filtering template 384/384 segment 5/5
2026-09-08T15:58:45.640+01:00 INFO : 2 points above threshold
2026-09-08T15:58:45.648+01:00 INFO : We currently have 2205 triggers
2026-09-08T15:58:45.648+01:00 INFO : Removing triggers with NewSNR below threshold
2026-09-08T15:58:45.648+01:00 INFO : 1991 remaining triggers
2026-09-08T15:58:45.648+01:00 INFO : Outputting 1991 triggers
2026-09-08T15:58:45.648+01:00 INFO : Writing out triggers
2026-09-08T15:58:45.665+01:00 INFO : Finished
